datetime,open,high,low,close,volume,iv,oi,spot,strike
2025-07-01 09:15:00,149.9,152.5,146.85,149.95,4800,27.111787,104250,4390.2,4400.0
2025-07-01 09:16:00,149.95,149.95,147.1,149.15,1950,26.821328,104250,4391.4,4400.0
2025-07-01 09:17:00,149.15,152.15,148.65,151.6,6000,26.583381,104250,4398.0,4400.0
2025-07-01 09:18:00,152.35,155.7,151.0,154.1,6600,26.502386,104100,4403.2,4400.0
2025-07-01 09:19:00,154.55,162.6,154.0,160.55,14850,26.449694,104100,4415.0,4400.0
2025-07-01 09:20:00,161.95,164.5,160.0,161.0,7650,26.771115,104100,4413.0,4400.0
2025-07-01 09:21:00,161.35,163.7,158.55,162.0,7350,26.995145,111450,4412.8,4400.0
2025-07-01 09:22:00,162.0,163.35,161.0,161.55,6600,26.824752,111450,4413.5,4400.0
2025-07-01 09:23:00,161.55,161.55,154.0,156.0,7050,26.772071,111450,4404.2,4400.0
2025-07-01 09:24:00,157.9,158.65,155.05,155.05,2850,27.053278,114450,4400.0,4400.0
2025-07-01 09:25:00,155.05,156.85,153.55,154.5,2700,27.055118,114450,4399.0,4400.0
2025-07-01 09:26:00,154.5,155.7,154.05,155.7,1950,26.960467,114450,4402.0,4400.0
2025-07-01 09:27:00,155.1,157.3,155.0,155.0,1950,26.820809,115950,4402.0,4400.0
2025-07-01 09:28:00,155.0,155.05,153.7,154.35,1500,26.914876,115950,4400.0,4400.0
2025-07-01 09:29:00,154.35,154.35,150.25,150.25,2250,26.837773,115950,4393.3,4400.0
2025-07-01 09:30:00,150.25,152.55,150.25,151.0,2400,27.009968,117150,4393.1,4400.0
2025-07-01 09:31:00,151.0,151.0,150.25,150.25,600,26.706467,117150,4394.5,4400.0
2025-07-01 09:32:00,150.25,150.25,148.55,148.65,3000,26.749649,117150,4391.2,4400.0
2025-07-01 09:33:00,148.65,151.35,148.05,151.35,1050,26.88295,117150,4394.9,4400.0
2025-07-01 09:34:00,151.35,151.85,151.0,151.0,450,26.603294,117150,4396.8,4400.0
2025-07-01 09:35:00,151.0,156.75,151.0,155.0,3450,26.54276,117150,4404.5,4400.0
2025-07-01 09:36:00,155.35,156.7,155.2,156.0,2700,26.483181,118350,4406.8,4400.0
2025-07-01 09:37:00,156.0,157.0,154.9,156.05,2550,26.652167,118350,4405.4,4400.0
2025-07-01 09:38:00,156.05,156.15,154.7,156.15,750,26.411775,118350,4407.7,4400.0
2025-07-01 09:39:00,156.15,156.95,156.15,156.95,150,26.53839,118350,4408.0,4400.0
2025-07-01 09:40:00,157.25,158.0,157.25,158.0,2550,26.107583,118200,4413.6,4400.0
2025-07-01 09:41:00,160.0,165.0,159.2,164.6,9600,26.220337,118200,4424.0,4400.0
2025-07-01 09:42:00,139.05,147.55,139.05,147.0,4200,26.973379,24000,4432.9,4450.0
2025-07-01 09:43:00,147.0,147.0,144.0,145.1,3900,26.969173,24000,4429.4,4450.0
2025-07-01 09:44:00,169.0,169.0,167.15,168.0,3300,26.788715,117600,4425.0,4400.0
2025-07-01 09:45:00,168.0,168.0,163.6,164.0,6750,26.100914,115950,4424.0,4400.0
2025-07-01 09:46:00,140.1,144.05,140.1,144.05,2400,26.382097,24150,4433.0,4450.0
2025-07-01 09:47:00,146.7,150.1,146.7,150.1,2700,26.174921,24150,4446.0,4450.0
2025-07-01 09:48:00,153.7,160.9,153.7,160.65,7650,27.367993,21450,4454.1,4450.0
2025-07-01 09:49:00,161.0,161.2,156.5,158.35,5700,27.146386,21450,4452.0,4450.0
2025-07-01 09:50:00,158.35,164.65,158.35,164.0,2700,27.574052,21450,4458.2,4450.0
2025-07-01 09:51:00,164.3,164.35,152.75,155.0,5550,27.254253,22350,4445.0,4450.0
2025-07-01 09:52:00,153.55,156.9,153.55,156.0,4950,27.408626,22350,4445.4,4450.0
2025-07-01 09:53:00,156.55,160.95,155.0,159.0,5100,27.607666,22350,4449.0,4450.0
2025-07-01 09:54:00,159.75,160.05,158.0,158.95,3900,27.499113,27300,4449.9,4450.0
2025-07-01 09:55:00,159.2,159.2,154.2,155.0,2550,27.299456,27300,4444.6,4450.0
2025-07-01 09:56:00,155.0,158.3,155.0,158.3,1800,27.766483,27300,4446.3,4450.0
2025-07-01 09:57:00,158.3,160.0,158.3,160.0,1350,26.750496,30000,4458.5,4450.0
2025-07-01 09:58:00,161.4,165.0,161.0,164.95,5400,27.450345,30000,4461.0,4450.0
2025-07-01 09:59:00,164.95,165.85,164.0,165.85,4200,27.402815,30000,4463.0,4450.0
2025-07-01 10:00:00,165.85,170.0,165.85,167.15,5550,27.090435,29400,4468.0,4450.0
2025-07-01 10:01:00,167.35,169.1,167.0,169.1,2400,27.70723,29400,4466.0,4450.0
2025-07-01 10:02:00,169.1,169.5,167.3,167.3,2850,27.475736,29400,4464.9,4450.0
2025-07-01 10:03:00,167.3,167.3,164.0,166.0,4050,27.366057,30300,4463.6,4450.0
2025-07-01 10:04:00,166.0,166.0,164.75,165.55,1350,27.117697,30300,4465.0,4450.0
2025-07-01 10:05:00,165.55,171.4,165.55,171.0,3300,27.627713,30300,4470.0,4450.0
2025-07-01 10:06:00,171.0,171.1,167.7,168.4,3150,27.570282,31050,4466.0,4450.0
2025-07-01 10:07:00,168.0,171.95,167.8,170.3,3150,27.776524,31050,4467.5,4450.0
2025-07-01 10:08:00,169.9,170.3,165.25,165.25,2100,27.116762,31050,4464.5,4450.0
2025-07-01 10:09:00,165.25,167.6,163.35,167.6,3000,27.275306,32100,4467.2,4450.0
2025-07-01 10:10:00,167.6,169.2,166.35,168.95,1500,27.348814,32100,4468.9,4450.0
2025-07-01 10:11:00,168.95,168.95,164.95,164.95,750,27.001354,32100,4465.0,4450.0
2025-07-01 10:12:00,164.95,164.95,159.65,162.3,2700,26.326359,31650,4466.3,4450.0
2025-07-01 10:13:00,162.3,166.65,162.3,165.6,2100,26.741454,31650,4468.4,4450.0
2025-07-01 10:14:00,165.6,169.55,165.6,169.45,1950,27.103439,31650,4471.9,4450.0
2025-07-01 10:15:00,144.25,150.0,143.45,149.45,14250,27.561474,177150,4478.7,4500.0
2025-07-01 10:16:00,149.9,151.95,148.7,149.85,25950,27.660782,177150,4478.5,4500.0
2025-07-01 10:17:00,149.85,149.95,144.85,147.0,23550,27.354081,177150,4476.1,4500.0
2025-07-01 10:18:00,147.0,150.8,146.0,149.65,13200,27.705761,182550,4477.7,4500.0
2025-07-01 10:19:00,148.1,149.9,146.7,148.9,3750,27.559755,182550,4477.7,4500.0
2025-07-01 10:20:00,148.9,149.0,147.0,148.5,5100,27.440476,182550,4478.1,4500.0
2025-07-01 10:21:00,148.5,149.25,147.0,147.9,7050,27.354944,183900,4477.8,4500.0
2025-07-01 10:22:00,172.0,174.0,170.0,170.0,1950,27.169775,34350,4472.3,4450.0
2025-07-01 10:23:00,170.0,170.0,164.0,164.15,2400,26.732851,34350,4466.0,4450.0
2025-07-01 10:24:00,164.15,164.15,155.35,157.0,4350,27.136453,32100,4449.8,4450.0
2025-07-01 10:25:00,157.0,157.0,154.2,154.4,1800,26.930466,32100,4447.0,4450.0
2025-07-01 10:26:00,154.4,156.9,154.4,155.5,750,27.225057,32100,4446.3,4450.0
2025-07-01 10:27:00,155.5,158.1,155.5,158.1,1350,27.728583,32100,4446.4,4450.0
2025-07-01 10:28:00,158.1,159.7,157.6,158.45,600,27.743484,32550,4446.9,4450.0
2025-07-01 10:29:00,158.45,158.45,156.05,156.05,600,27.258362,32550,4447.0,4450.0
2025-07-01 10:30:00,156.1,156.1,155.1,155.1,1350,27.070889,32850,4447.0,4450.0
2025-07-01 10:31:00,155.05,155.05,151.55,151.55,1650,27.033745,32850,4440.9,4450.0
2025-07-01 10:32:00,151.0,151.0,143.75,143.75,3900,26.869324,32850,4428.0,4450.0
2025-07-01 10:33:00,145.7,149.7,145.55,149.7,2400,27.345679,32400,4434.6,4450.0
2025-07-01 10:34:00,149.7,152.15,149.55,150.0,4200,27.041353,32400,4438.0,4450.0
2025-07-01 10:35:00,176.45,176.45,171.0,171.0,2100,27.414096,98250,4425.0,4400.0
2025-07-01 10:36:00,171.0,171.15,164.75,164.75,1650,27.657485,100350,4412.1,4400.0
2025-07-01 10:37:00,164.75,165.45,162.0,162.0,2400,27.460188,100350,4409.0,4400.0
2025-07-01 10:38:00,162.0,162.0,158.55,159.5,3600,27.615321,100350,4403.2,4400.0
2025-07-01 10:39:00,158.65,161.9,158.65,160.0,3000,27.355146,99900,4406.4,4400.0
2025-07-01 10:40:00,161.05,161.9,159.0,159.0,4350,27.302095,99900,4405.1,4400.0
2025-07-01 10:41:00,159.0,159.0,157.55,157.6,2100,27.8833,99900,4397.4,4400.0
2025-07-01 10:42:00,157.6,159.0,157.6,158.7,1650,27.714389,103200,4400.9,4400.0
2025-07-01 10:43:00,158.7,159.55,158.7,159.55,300,27.672256,103200,4402.8,4400.0
2025-07-01 10:44:00,159.55,160.0,157.75,157.75,1350,27.446766,103200,4401.6,4400.0
2025-07-01 10:45:00,157.75,158.0,155.0,155.9,1350,27.222193,103200,4400.3,4400.0
2025-07-01 10:46:00,156.7,158.15,155.9,157.1,3150,27.58539,103800,4399.2,4400.0
2025-07-01 10:47:00,157.1,158.55,157.1,158.55,300,27.675224,103800,4401.0,4400.0
2025-07-01 10:48:00,158.55,158.55,157.25,157.5,300,27.688492,103650,4399.0,4400.0
2025-07-01 10:49:00,157.5,157.5,154.05,156.0,1050,27.422133,103650,4398.7,4400.0
2025-07-01 10:50:00,156.0,156.0,156.0,156.0,750,27.433658,103650,4398.6,4400.0
2025-07-01 10:51:00,156.0,156.0,155.0,155.0,750,27.478053,103650,4396.4,4400.0
2025-07-01 10:52:00,155.0,155.0,151.85,152.1,900,27.536331,104400,4390.6,4400.0
2025-07-01 10:53:00,152.1,153.8,152.1,153.3,750,27.304587,104400,4394.9,4400.0
2025-07-01 10:54:00,153.95,153.95,153.0,153.0,900,27.651435,104550,4391.2,4400.0
2025-07-01 10:55:00,153.0,155.4,152.35,155.4,1350,27.681225,104550,4395.3,4400.0
2025-07-01 10:56:00,155.75,157.55,155.75,156.25,750,27.563875,104550,4397.9,4400.0
2025-07-01 10:57:00,156.25,157.0,155.4,157.0,600,27.502978,105900,4399.8,4400.0
2025-07-01 10:58:00,157.0,157.5,157.0,157.0,1050,27.481077,105900,4400.0,4400.0
2025-07-01 10:59:00,157.0,158.4,157.0,157.7,750,27.353149,105900,4402.4,4400.0
2025-07-01 11:00:00,157.7,159.15,155.0,155.0,2250,27.636351,108000,4395.0,4400.0
2025-07-01 11:01:00,155.0,155.0,154.0,154.0,600,27.45882,108000,4394.8,4400.0
2025-07-01 11:02:00,154.0,156.05,154.0,156.05,1050,27.913259,108000,4394.4,4400.0
2025-07-01 11:03:00,154.0,155.05,154.0,155.05,900,27.492888,109800,4396.4,4400.0
2025-07-01 11:04:00,155.85,155.85,155.05,155.05,1500,27.692066,109800,4394.6,4400.0
2025-07-01 11:05:00,154.9,155.4,154.9,155.0,600,27.461552,109800,4396.6,4400.0
2025-07-01 11:06:00,155.0,155.9,154.7,154.7,1650,27.556707,110550,4395.2,4400.0
2025-07-01 11:07:00,154.7,154.95,154.1,154.6,1350,27.293653,110550,4397.4,4400.0
2025-07-01 11:08:00,154.6,155.65,154.6,155.65,150,27.769587,110550,4395.0,4400.0
2025-07-01 11:09:00,155.65,155.65,155.0,155.0,150,27.662045,111750,4394.8,4400.0
2025-07-01 11:10:00,155.0,155.0,152.25,152.25,1200,27.628154,111750,4390.1,4400.0
2025-07-01 11:11:00,152.25,152.75,149.4,149.95,2700,27.905503,111750,4383.3,4400.0
2025-07-01 11:12:00,149.95,149.95,147.35,147.35,2100,27.45093,114300,4382.7,4400.0
2025-07-01 11:13:00,147.35,150.15,147.35,150.15,5400,27.438297,114300,4388.0,4400.0
2025-07-01 11:14:00,150.15,152.0,150.15,152.0,600,27.393885,114300,4391.8,4400.0
2025-07-01 11:15:00,152.0,152.1,151.65,152.1,750,27.447141,115350,4391.5,4400.0
2025-07-01 11:16:00,152.1,152.6,150.9,151.35,1950,27.461572,115350,4390.0,4400.0
2025-07-01 11:17:00,151.35,153.0,151.35,151.8,1200,27.333175,115350,4392.0,4400.0
2025-07-01 11:18:00,151.8,153.3,151.8,152.5,1950,27.604902,115800,4390.8,4400.0
2025-07-01 11:19:00,152.5,152.5,152.5,152.5,300,27.517775,115800,4391.6,4400.0
2025-07-01 11:20:00,152.5,155.0,152.5,154.25,1500,27.262104,115800,4397.1,4400.0
2025-07-01 11:21:00,154.25,154.25,154.25,154.25,0,27.262104,115800,4395.4,4400.0
2025-07-01 11:22:00,154.25,154.25,153.75,154.0,1650,27.566434,117300,4393.9,4400.0
2025-07-01 11:23:00,154.0,154.25,153.95,154.25,450,27.085508,117300,4398.7,4400.0
2025-07-01 11:24:00,154.25,155.65,154.25,155.65,1050,27.443999,117300,4398.0,4400.0
2025-07-01 11:25:00,155.65,157.35,155.65,156.0,2100,27.403238,118500,4399.0,4400.0
2025-07-01 11:26:00,156.0,160.0,155.4,160.0,2700,27.408067,118500,4406.1,4400.0
2025-07-01 11:27:00,160.5,163.0,160.0,162.0,3000,27.297907,119850,4410.6,4400.0
2025-07-01 11:28:00,162.0,163.6,161.4,161.4,4800,27.235012,119850,4410.1,4400.0
2025-07-01 11:29:00,161.4,162.95,160.95,160.95,1500,27.156512,119850,4410.0,4400.0
2025-07-01 11:30:00,160.95,161.8,160.45,160.45,900,27.170658,120750,4409.0,4400.0
2025-07-01 11:31:00,160.45,161.7,160.45,161.15,1800,27.208882,120750,4409.9,4400.0
2025-07-01 11:32:00,161.15,163.95,160.65,163.15,3300,27.04824,120750,4414.8,4400.0
2025-07-01 11:33:00,163.15,167.1,163.0,165.9,5700,27.242419,120750,4417.9,4400.0
2025-07-01 11:34:00,165.9,165.9,165.0,165.05,2250,27.326996,118050,4415.7,4400.0
2025-07-01 11:35:00,165.15,166.9,164.15,164.15,2100,27.100116,118050,4416.1,4400.0
2025-07-01 11:36:00,164.15,165.0,163.75,163.75,1500,27.147366,118050,4415.0,4400.0
2025-07-01 11:37:00,163.75,164.0,162.0,162.0,600,26.980607,117150,4413.4,4400.0
2025-07-01 11:38:00,162.0,162.0,161.0,161.75,1650,27.091763,117150,4412.0,4400.0
2025-07-01 11:39:00,161.75,161.75,161.75,161.75,0,27.091763,117150,4417.0,4400.0
2025-07-01 11:40:00,161.75,165.5,161.75,165.4,1950,27.016473,116550,4419.0,4400.0
2025-07-01 11:41:00,165.4,165.8,165.0,165.0,450,26.831145,116550,4419.9,4400.0
2025-07-01 11:42:00,165.0,165.85,164.7,165.85,600,26.991072,116550,4420.0,4400.0
2025-07-01 11:43:00,141.7,145.6,141.7,144.4,3750,27.036144,38850,4427.9,4450.0
2025-07-01 11:44:00,144.4,147.45,144.4,146.0,1350,27.342169,38850,4428.0,4450.0
2025-07-01 11:45:00,146.45,147.0,146.45,147.0,450,27.424303,38850,4429.1,4450.0
2025-07-01 11:46:00,146.0,146.65,144.45,144.45,1500,27.194243,39300,4426.5,4450.0
2025-07-01 11:47:00,144.45,146.7,143.0,145.55,2250,27.11748,39300,4429.3,4450.0
2025-07-01 11:48:00,145.55,146.6,145.55,146.35,1500,27.4024,39300,4428.1,4450.0
2025-07-01 11:49:00,170.75,170.75,167.0,167.0,1650,26.979373,115050,4422.1,4400.0
2025-07-01 11:50:00,167.0,167.0,162.6,165.0,3150,26.916597,115050,4419.2,4400.0
2025-07-01 11:51:00,165.0,165.0,164.95,165.0,1050,26.717955,113250,4420.9,4400.0
2025-07-01 11:52:00,165.0,165.0,164.0,164.0,450,26.856017,113250,4418.0,4400.0
2025-07-01 11:53:00,164.0,164.0,162.5,162.5,750,26.902848,113250,4415.0,4400.0
2025-07-01 11:54:00,162.5,162.5,159.5,159.5,1650,26.554011,113100,4412.8,4400.0
2025-07-01 11:55:00,159.5,161.5,159.5,161.5,600,27.013912,113100,4412.3,4400.0
2025-07-01 11:56:00,161.5,161.5,161.5,161.5,150,26.933798,113100,4413.0,4400.0
2025-07-01 11:57:00,161.15,161.15,160.5,160.5,600,26.905653,113100,4411.5,4400.0
2025-07-01 11:58:00,160.5,160.5,160.5,160.5,300,26.641316,113100,4413.8,4400.0
2025-07-01 11:59:00,160.5,162.3,160.5,162.3,150,26.84188,113100,4415.2,4400.0
2025-07-01 12:00:00,162.3,162.3,161.9,161.9,300,26.923618,113100,4413.8,4400.0
2025-07-01 12:01:00,161.9,161.9,161.65,161.65,300,26.74665,113400,4414.9,4400.0
2025-07-01 12:02:00,161.65,162.0,161.65,162.0,150,26.689995,113400,4416.0,4400.0
2025-07-01 12:03:00,162.0,162.0,162.0,162.0,150,26.875661,113400,4414.4,4400.0
2025-07-01 12:04:00,162.0,162.0,160.35,160.35,300,26.694297,113550,4413.1,4400.0
2025-07-01 12:05:00,160.35,162.0,156.85,158.9,1500,26.679137,113550,4410.7,4400.0
2025-07-01 12:06:00,158.9,160.2,158.9,160.2,450,27.260193,113550,4407.9,4400.0
2025-07-01 12:07:00,160.2,160.2,157.55,160.05,600,27.116646,113400,4408.9,4400.0
2025-07-01 12:08:00,160.05,160.05,158.7,159.7,450,26.93261,113400,4409.9,4400.0
2025-07-01 12:09:00,159.7,159.7,159.7,159.7,0,26.93261,113400,4409.1,4400.0
2025-07-01 12:10:00,159.7,162.0,159.7,162.0,600,27.269515,113700,4411.0,4400.0
2025-07-01 12:11:00,162.0,162.0,161.85,161.85,150,26.266845,113700,4419.4,4400.0
2025-07-01 12:12:00,161.85,161.85,161.85,161.85,0,26.266845,113700,4418.0,4400.0
2025-07-01 12:13:00,161.85,164.9,161.85,164.9,150,26.929057,113400,4419.0,4400.0
2025-07-01 12:14:00,165.0,165.75,165.0,165.75,1350,27.100671,113400,4419.0,4400.0
2025-07-01 12:15:00,166.0,166.35,165.65,165.65,750,26.97577,113400,4419.9,4400.0
2025-07-01 12:16:00,165.65,168.0,165.65,168.0,750,26.968073,113550,4424.0,4400.0
2025-07-01 12:17:00,168.0,168.7,168.0,168.5,300,27.187292,113550,4423.0,4400.0
2025-07-01 12:18:00,168.5,168.5,166.35,167.35,900,27.132129,113550,4421.5,4400.0
2025-07-01 12:19:00,167.35,167.35,165.3,165.95,600,27.072909,113700,4419.6,4400.0
2025-07-01 12:20:00,165.95,165.95,165.9,165.95,450,27.014835,113700,4420.1,4400.0
2025-07-01 12:21:00,165.95,165.95,165.95,165.95,0,27.014835,113700,4421.2,4400.0
2025-07-01 12:22:00,165.95,165.95,165.95,165.95,0,27.014835,113700,4421.2,4400.0
2025-07-01 12:23:00,142.8,144.55,142.8,144.55,300,27.333462,39000,4425.5,4450.0
2025-07-01 12:24:00,144.55,145.0,144.55,144.6,450,27.049757,39000,4428.3,4450.0
2025-07-01 12:25:00,144.6,144.6,144.0,144.0,300,27.120739,39000,4426.5,4450.0
2025-07-01 12:26:00,144.0,144.5,144.0,144.5,750,27.177997,39000,4426.9,4450.0
2025-07-01 12:27:00,144.5,144.5,144.5,144.5,0,27.177997,39000,4425.1,4450.0
2025-07-01 12:28:00,167.5,167.5,167.5,167.5,150,26.777322,113100,4424.8,4400.0
2025-07-01 12:29:00,167.5,167.5,167.5,167.5,0,26.777322,113100,4425.0,4450.0
2025-07-01 12:30:00,167.5,167.5,167.5,167.5,0,26.777322,113100,4425.1,4450.0
2025-07-01 12:31:00,167.5,167.5,165.85,165.85,3000,26.504504,112950,4424.3,4400.0
2025-07-01 12:32:00,165.85,165.85,165.85,165.85,0,26.504504,112950,4425.1,4450.0
2025-07-01 12:33:00,165.85,165.85,165.85,165.85,0,26.504504,112950,4425.2,4450.0
2025-07-01 12:34:00,141.15,144.0,141.15,144.0,450,27.145277,39600,4426.3,4450.0
2025-07-01 12:35:00,144.0,146.8,144.0,146.8,150,27.277962,39600,4430.3,4450.0
2025-07-01 12:36:00,146.8,146.8,145.2,145.2,300,26.972587,39600,4430.2,4450.0
2025-07-01 12:37:00,145.2,145.2,144.8,144.8,150,26.756189,39300,4431.5,4450.0
2025-07-01 12:38:00,144.8,147.5,144.8,147.5,1650,26.649779,39300,4437.5,4450.0
2025-07-01 12:39:00,148.0,149.1,148.0,149.1,1350,26.697174,39300,4440.0,4450.0
2025-07-01 12:40:00,149.0,149.8,149.0,149.0,1050,26.666966,36750,4440.1,4450.0
2025-07-01 12:41:00,149.0,149.0,148.35,148.9,600,26.658385,36750,4440.0,4450.0
2025-07-01 12:42:00,148.9,149.65,148.35,149.65,300,26.546979,36750,4442.4,4450.0
2025-07-01 12:43:00,149.65,152.95,149.65,152.95,2100,26.577088,37650,4448.1,4450.0
2025-07-01 12:44:00,153.65,156.5,153.65,155.95,3600,26.851634,37650,4451.0,4450.0
2025-07-01 12:45:00,155.95,155.95,151.3,152.25,1500,26.571195,37650,4446.9,4450.0
2025-07-01 12:46:00,152.25,152.25,152.25,152.25,0,26.571195,37650,4445.1,4450.0
2025-07-01 12:47:00,152.25,153.75,151.15,153.75,750,26.527452,37350,4450.0,4450.0
2025-07-01 12:48:00,156.2,156.2,155.1,155.1,1050,26.795434,37350,4450.0,4450.0
2025-07-01 12:49:00,155.1,159.6,155.1,159.6,3000,26.964404,37500,4456.5,4450.0
2025-07-01 12:50:00,158.45,159.95,158.45,159.95,1350,26.651251,37500,4459.9,4450.0
2025-07-01 12:51:00,161.8,162.0,161.8,162.0,2100,27.115411,37500,4459.4,4450.0
2025-07-01 12:52:00,161.0,161.0,155.8,155.8,1500,26.935766,38250,4450.0,4450.0
2025-07-01 12:53:00,155.8,157.5,155.65,157.2,3600,27.456057,38250,4447.8,4450.0
2025-07-01 12:54:00,157.2,157.2,153.65,154.85,450,27.297851,38250,4445.0,4450.0
2025-07-01 12:55:00,154.85,154.85,152.0,152.5,750,26.832888,36600,4445.0,4450.0
2025-07-01 12:56:00,152.5,152.5,149.9,150.0,1950,26.643507,36600,4442.2,4450.0
2025-07-01 12:57:00,150.0,152.7,150.0,152.7,300,27.069661,36600,4443.2,4450.0
2025-07-01 12:58:00,152.65,152.65,152.65,152.65,150,26.929337,34950,4444.4,4450.0
2025-07-01 12:59:00,152.65,157.45,152.65,157.45,1050,26.921782,34950,4453.1,4450.0
2025-07-01 13:00:00,157.45,159.3,156.75,156.75,1500,26.850108,34950,4452.5,4450.0
2025-07-01 13:01:00,156.75,156.75,156.0,156.0,450,26.890467,35700,4450.8,4450.0
2025-07-01 13:02:00,156.0,156.0,156.0,156.0,150,26.824352,35700,4451.4,4450.0
2025-07-01 13:03:00,156.0,156.0,156.0,156.0,0,26.824352,35700,4451.0,4450.0
2025-07-01 13:04:00,156.0,156.0,156.0,156.0,1500,26.958077,35400,4450.2,4450.0
2025-07-01 13:05:00,156.0,156.0,156.0,156.0,0,26.958077,35400,4451.2,4450.0
2025-07-01 13:06:00,156.0,156.0,156.0,156.0,150,27.124482,35400,4448.7,4450.0
2025-07-01 13:07:00,156.0,156.0,154.05,154.05,300,26.594809,36000,4450.0,4450.0
2025-07-01 13:08:00,154.05,155.0,154.05,155.0,600,26.661713,36000,4451.1,4450.0
2025-07-01 13:09:00,155.7,155.7,155.7,155.7,300,26.834169,36000,4450.8,4450.0
2025-07-01 13:10:00,155.7,155.7,155.7,155.7,0,26.834169,36000,4450.8,4450.0
2025-07-01 13:11:00,156.6,157.6,155.0,155.0,1500,26.773675,35400,4450.1,4450.0
2025-07-01 13:12:00,155.0,156.05,155.0,156.05,150,26.960117,35400,4450.3,4450.0
2025-07-01 13:13:00,156.05,156.05,154.75,154.75,450,27.022653,36750,4447.4,4450.0
2025-07-01 13:14:00,155.95,155.95,155.95,155.95,300,26.752583,36750,4452.0,4450.0
2025-07-01 13:15:00,155.95,157.0,155.95,157.0,150,26.749697,36750,4453.9,4450.0
2025-07-01 13:16:00,157.0,157.5,157.0,157.5,150,26.726399,36900,4455.0,4450.0
2025-07-01 13:17:00,158.25,158.25,158.25,158.25,300,26.8197,36900,4455.5,4450.0
2025-07-01 13:18:00,158.25,158.25,156.3,156.3,300,26.488983,36900,4455.0,4450.0
2025-07-01 13:19:00,156.3,156.3,156.3,156.3,0,26.488983,36900,4453.0,4450.0
2025-07-01 13:20:00,156.3,156.3,156.3,156.3,300,26.857711,37350,4451.7,4450.0
2025-07-01 13:21:00,156.3,156.3,152.9,152.9,600,26.538055,37350,4448.5,4450.0
2025-07-01 13:22:00,153.85,154.5,153.25,154.5,1500,26.877655,37050,4448.3,4450.0
2025-07-01 13:23:00,154.5,154.5,152.4,152.4,450,26.46178,37050,4448.3,4450.0
2025-07-01 13:24:00,152.4,153.55,152.4,153.55,150,27.379205,37050,4442.0,4450.0
2025-07-01 13:25:00,153.55,153.55,149.2,149.2,600,26.778331,36600,4439.6,4450.0
2025-07-01 13:26:00,149.2,152.5,149.2,152.5,300,26.845175,36600,4445.0,4450.0
2025-07-01 13:27:00,152.5,152.5,152.5,152.5,0,26.845175,36600,4445.4,4450.0
2025-07-01 13:28:00,152.5,155.0,152.5,155.0,150,26.669628,36600,4451.1,4450.0
2025-07-01 13:29:00,155.0,155.0,155.0,155.0,0,26.669628,36600,4451.5,4450.0
2025-07-01 13:30:00,155.0,155.0,155.0,155.0,0,26.669628,36600,4450.8,4450.0
2025-07-01 13:31:00,155.5,155.5,155.5,155.5,300,26.458327,36600,4453.9,4450.0
2025-07-01 13:32:00,155.5,155.5,155.5,155.5,150,26.7482,36600,4451.3,4450.0
2025-07-01 13:33:00,155.5,155.5,155.5,155.5,150,26.815128,36600,4450.7,4450.0
2025-07-01 13:34:00,155.5,156.0,155.5,156.0,300,26.93684,37050,4450.5,4450.0
2025-07-01 13:35:00,156.0,156.0,156.0,156.0,150,26.937239,37050,4450.5,4450.0
2025-07-01 13:36:00,154.95,154.95,154.95,154.95,150,26.59626,37050,4451.7,4450.0
2025-07-01 13:37:00,154.95,154.95,154.95,154.95,150,26.585543,36900,4451.8,4450.0
2025-07-01 13:38:00,154.0,156.0,154.0,156.0,900,26.838669,36900,4451.4,4450.0
2025-07-01 13:39:00,156.0,156.55,156.0,156.55,450,26.69224,36900,4453.7,4450.0
2025-07-01 13:40:00,156.55,157.1,156.55,157.1,600,26.656518,36450,4455.0,4450.0
2025-07-01 13:41:00,157.1,158.7,157.1,158.7,600,26.298171,36450,4461.0,4450.0
2025-07-01 13:42:00,160.5,161.75,159.65,161.0,1500,26.653791,36450,4461.9,4450.0
2025-07-01 13:43:00,161.0,161.0,160.75,160.75,150,26.820055,37200,4460.0,4450.0
2025-07-01 13:44:00,159.6,160.5,159.6,160.5,600,26.75943,37200,4460.1,4450.0
2025-07-01 13:45:00,160.05,160.05,157.55,157.55,1050,26.568402,37200,4456.6,4450.0
2025-07-01 13:46:00,158.3,158.3,158.3,158.3,600,26.616555,36900,4457.5,4450.0
2025-07-01 13:47:00,158.3,159.45,158.3,158.5,750,26.656692,36900,4457.5,4450.0
2025-07-01 13:48:00,158.5,158.5,158.5,158.5,0,26.656692,36900,4455.5,4450.0
2025-07-01 13:49:00,158.5,158.5,157.1,157.1,300,26.469341,36900,4456.7,4450.0
2025-07-01 13:50:00,157.1,158.85,157.1,158.85,300,26.479032,36900,4459.7,4450.0
2025-07-01 13:51:00,158.85,159.45,158.85,159.45,300,26.655294,36900,4459.2,4450.0
2025-07-01 13:52:00,160.2,160.2,160.1,160.1,1350,26.410348,37650,4462.5,4450.0
2025-07-01 13:53:00,161.25,161.25,161.25,161.25,150,26.753382,37650,4461.5,4450.0
2025-07-01 13:54:00,161.25,161.25,158.85,158.85,150,26.469289,37650,4459.8,4450.0
2025-07-01 13:55:00,159.4,159.4,159.4,159.4,300,26.601699,37500,4459.6,4450.0
2025-07-01 13:56:00,158.1,158.1,157.55,157.55,1650,26.31344,37500,4458.9,4450.0
2025-07-01 13:57:00,157.55,157.55,157.55,157.55,0,26.31344,37500,4457.9,4450.0
2025-07-01 13:58:00,157.55,157.55,157.45,157.45,150,26.316958,37500,4458.7,4450.0
2025-07-01 13:59:00,157.45,157.45,157.45,157.45,0,26.316958,37500,4457.5,4450.0
2025-07-01 14:00:00,157.45,157.45,157.45,157.45,0,26.316958,37500,4460.0,4450.0
2025-07-01 14:01:00,157.45,158.5,157.45,158.5,150,26.560782,37350,4458.4,4450.0
2025-07-01 14:02:00,157.2,157.2,157.2,157.2,300,26.23489,37350,4459.0,4450.0
2025-07-01 14:03:00,157.2,157.2,157.2,157.2,0,26.23489,37350,4459.5,4450.0
2025-07-01 14:04:00,157.2,157.2,157.2,157.2,0,26.23489,37350,4456.6,4450.0
2025-07-01 14:05:00,157.2,157.4,157.2,157.4,150,26.479014,37200,4457.2,4450.0
2025-07-01 14:06:00,157.4,157.4,157.4,157.4,0,26.479014,37200,4456.8,4450.0
2025-07-01 14:07:00,157.4,157.4,157.4,157.4,0,26.479014,37200,4458.0,4450.0
2025-07-01 14:08:00,157.4,157.4,153.35,153.55,1500,26.096835,37050,4453.8,4450.0
2025-07-01 14:09:00,153.55,154.0,153.55,154.0,150,26.063429,37050,4454.9,4450.0
2025-07-01 14:10:00,154.0,156.0,154.0,156.0,750,26.213983,37050,4457.1,4450.0
2025-07-01 14:11:00,156.0,156.0,155.6,155.6,600,25.897514,36000,4459.2,4450.0
2025-07-01 14:12:00,155.6,155.6,155.6,155.6,0,25.897514,36000,4455.7,4450.0
2025-07-01 14:13:00,155.6,155.6,155.6,155.6,0,25.897514,36000,4456.8,4450.0
2025-07-01 14:14:00,155.6,155.6,155.6,155.6,0,25.897514,36000,4459.6,4450.0
2025-07-01 14:15:00,157.0,157.0,157.0,157.0,150,26.504715,35400,4456.3,4450.0
2025-07-01 14:16:00,157.0,157.0,157.0,157.0,0,26.504715,35400,4457.8,4450.0
2025-07-01 14:17:00,157.0,157.0,157.0,157.0,0,26.504715,35400,4455.9,4450.0
2025-07-01 14:18:00,156.25,157.0,156.25,157.0,300,26.550827,35250,4455.9,4450.0
2025-07-01 14:19:00,157.0,157.0,157.0,157.0,0,26.550827,35250,4456.0,4450.0
2025-07-01 14:20:00,157.0,157.0,157.0,157.0,0,26.550827,35250,4459.5,4450.0
2025-07-01 14:21:00,157.0,157.9,157.0,157.5,300,26.448877,35250,4457.7,4450.0
2025-07-01 14:22:00,157.5,157.5,157.5,157.5,0,26.448877,35250,4456.5,4450.0
2025-07-01 14:23:00,157.5,157.5,155.65,155.65,450,26.262059,35400,4456.1,4450.0
2025-07-01 14:24:00,155.65,155.7,154.9,155.7,1200,26.61942,35400,4453.0,4450.0
2025-07-01 14:25:00,155.7,155.7,155.6,155.6,150,26.477135,35400,4454.1,4450.0
2025-07-01 14:26:00,155.6,155.6,155.6,155.6,300,26.600356,35100,4453.0,4450.0
2025-07-01 14:27:00,155.6,155.6,155.6,155.6,0,26.600356,35100,4453.8,4450.0
2025-07-01 14:28:00,155.6,155.6,155.6,155.6,0,26.600356,35100,4452.5,4450.0
2025-07-01 14:29:00,155.6,155.6,152.0,152.0,750,26.38631,35400,4448.5,4450.0
2025-07-01 14:30:00,152.0,154.85,152.0,154.85,450,26.386022,35400,4453.6,4450.0
2025-07-01 14:31:00,154.85,154.85,154.85,154.85,150,26.609283,35100,4451.6,4450.0
2025-07-01 14:32:00,154.85,155.9,154.85,155.9,600,26.416325,35100,4455.2,4450.0
2025-07-01 14:33:00,155.9,155.9,155.9,155.9,0,26.416325,35100,4452.3,4450.0
2025-07-01 14:34:00,155.9,155.9,155.9,155.9,150,26.214792,35100,4457.0,4450.0
2025-07-01 14:35:00,155.9,157.75,155.9,157.75,300,26.560464,35400,4457.2,4450.0
2025-07-01 14:36:00,157.75,157.75,154.75,154.75,600,26.312617,35400,4454.1,4450.0
2025-07-01 14:37:00,154.75,155.0,154.75,155.0,150,26.373863,35400,4454.0,4450.0
2025-07-01 14:38:00,155.0,155.0,155.0,155.0,0,26.373863,35400,4455.3,4450.0
2025-07-01 14:39:00,155.0,155.0,155.0,155.0,150,26.184095,35400,4455.7,4450.0
2025-07-01 14:40:00,155.0,155.6,155.0,155.6,300,26.348647,35400,4455.3,4450.0
2025-07-01 14:41:00,155.6,155.6,154.7,154.7,300,26.315836,35250,4454.0,4450.0
2025-07-01 14:42:00,154.7,154.7,154.7,154.7,0,26.315836,35250,4455.1,4450.0
2025-07-01 14:43:00,154.7,155.7,154.7,155.4,300,26.231464,35250,4456.0,4450.0
2025-07-01 14:44:00,155.4,155.4,154.7,154.7,150,26.171344,35250,4455.3,4450.0
2025-07-01 14:45:00,154.7,155.9,154.7,155.9,300,26.252903,35250,4456.7,4450.0
2025-07-01 14:46:00,155.9,155.95,155.9,155.95,150,26.30825,35250,4456.3,4450.0
2025-07-01 14:47:00,155.95,155.95,155.95,155.95,0,26.30825,35250,4455.0,4450.0
2025-07-01 14:48:00,155.95,155.95,154.3,154.3,150,25.958447,35400,4456.5,4450.0
2025-07-01 14:49:00,154.3,154.9,154.3,154.9,150,26.021811,35250,4457.0,4450.0
2025-07-01 14:50:00,154.9,154.9,154.9,154.9,0,26.021811,35250,4456.5,4450.0
2025-07-01 14:51:00,155.7,155.75,155.7,155.75,450,26.550746,35250,4453.8,4450.0
2025-07-01 14:52:00,154.55,155.0,154.55,155.0,300,26.087949,35400,4456.6,4450.0
2025-07-01 14:53:00,155.0,155.0,154.1,154.1,450,26.20133,35400,4454.0,4450.0
2025-07-01 14:54:00,154.1,154.1,153.55,153.55,150,26.349115,35400,4451.7,4450.0
2025-07-01 14:55:00,153.55,154.05,153.55,154.05,150,26.102552,35400,4454.8,4450.0
2025-07-01 14:56:00,154.05,156.6,154.05,156.15,300,27.054724,34650,4450.0,4450.0
2025-07-01 14:57:00,156.15,156.15,153.05,153.05,600,26.439786,34650,4450.0,4450.0
2025-07-01 14:58:00,153.05,153.05,153.05,153.05,0,26.439786,34650,4450.0,4450.0
2025-07-01 14:59:00,153.05,153.05,153.0,153.0,300,26.474951,34800,4449.6,4450.0
2025-07-01 15:00:00,153.0,153.0,151.95,152.3,450,26.303152,34800,4449.9,4450.0
2025-07-01 15:01:00,152.3,152.3,151.0,151.0,300,26.1783,35250,4448.7,4450.0
2025-07-01 15:02:00,151.0,152.05,151.0,152.05,450,26.376053,35250,4448.8,4450.0
2025-07-01 15:03:00,152.05,152.05,152.05,152.05,0,26.376053,35250,4447.9,4450.0
2025-07-01 15:04:00,152.05,155.2,152.05,155.2,150,26.979935,35250,4449.0,4450.0
2025-07-01 15:05:00,155.2,157.5,155.2,157.5,300,27.215536,35250,4451.0,4450.0
2025-07-01 15:06:00,157.5,157.5,156.0,156.25,450,26.967776,35250,4451.0,4450.0
2025-07-01 15:07:00,156.25,156.25,156.25,156.25,0,26.967776,35250,4450.2,4450.0
2025-07-01 15:08:00,156.25,157.0,156.25,157.0,1650,27.261429,35400,4449.7,4450.0
2025-07-01 15:09:00,157.0,157.0,156.45,156.45,150,27.075197,35400,4450.4,4450.0
2025-07-01 15:10:00,156.2,156.2,156.2,156.2,300,27.025968,35400,4450.4,4450.0
2025-07-01 15:11:00,156.2,156.6,156.2,156.6,450,27.194302,34650,4449.6,4450.0
2025-07-01 15:12:00,156.6,158.5,156.6,157.8,1350,27.266827,34650,4451.1,4450.0
2025-07-01 15:13:00,157.8,158.3,156.45,158.3,450,27.399749,34050,4450.8,4450.0
2025-07-01 15:14:00,158.3,158.3,158.3,158.3,0,27.399749,34050,4451.0,4450.0
2025-07-01 15:15:00,158.3,158.4,158.3,158.4,1200,27.453636,34050,4450.5,4450.0
2025-07-01 15:16:00,158.4,158.9,158.4,158.9,300,27.508995,34050,4450.9,4450.0
2025-07-01 15:17:00,158.9,158.9,158.45,158.45,150,27.186736,34050,4453.0,4450.0
2025-07-01 15:18:00,158.45,160.0,157.0,157.0,3000,27.099308,34050,4451.2,4450.0
2025-07-01 15:19:00,157.0,158.95,157.0,158.95,150,27.42031,33000,4451.8,4450.0
2025-07-01 15:20:00,159.0,159.95,158.5,158.5,2250,27.175592,33000,4453.2,4450.0
2025-07-01 15:21:00,158.5,158.5,158.5,158.5,0,27.175592,33000,4452.7,4450.0
2025-07-01 15:22:00,158.5,160.65,158.5,160.65,600,27.413772,33000,4454.9,4450.0
2025-07-01 15:23:00,160.65,161.5,160.65,161.5,1200,27.459955,31650,4456.0,4450.0
2025-07-01 15:24:00,161.5,162.8,161.5,162.8,900,27.685115,31650,4456.3,4450.0
2025-07-01 15:25:00,162.5,162.8,162.5,162.8,600,27.573292,31650,4457.3,4450.0
2025-07-01 15:26:00,163.05,163.4,162.1,163.0,1950,27.692047,30150,4456.6,4450.0
2025-07-01 15:27:00,162.55,162.55,162.35,162.35,750,27.753595,30150,4454.9,4450.0
2025-07-01 15:28:00,162.35,162.35,160.95,160.95,150,27.710008,30150,4452.8,4450.0
2025-07-01 15:29:00,161.75,161.75,160.95,160.95,1050,27.743774,29700,4452.5,4450.0
2025-07-02 09:15:00,167.05,170.9,160.8,164.8,3000,27.78058,30450,4462.9,4450.0
2025-07-02 09:16:00,159.05,159.05,150.0,150.0,3900,28.797002,30450,4426.8,4450.0
2025-07-02 09:17:00,141.35,142.75,140.0,142.75,4350,27.130439,30450,4428.8,4450.0
2025-07-02 09:18:00,166.8,166.8,159.2,162.0,1650,27.19745,94650,4416.1,4400.0
2025-07-02 09:19:00,160.65,163.0,157.0,157.0,12900,27.120992,94650,4408.0,4400.0
2025-07-02 09:20:00,157.0,158.35,151.75,154.0,5550,27.22052,94650,4401.8,4400.0
2025-07-02 09:21:00,154.0,162.0,154.0,160.75,3000,27.236387,98700,4413.6,4400.0
2025-07-02 09:22:00,160.75,160.75,155.35,156.25,3450,26.969478,98700,4408.0,4400.0
2025-07-02 09:23:00,156.25,156.75,154.0,155.5,6300,26.817123,98700,4408.0,4400.0
2025-07-02 09:24:00,156.6,159.0,155.45,155.45,3600,27.140713,101400,4405.1,4400.0
2025-07-02 09:25:00,155.45,157.3,155.35,156.95,3450,27.262913,101400,4406.7,4400.0
2025-07-02 09:26:00,156.95,156.95,154.0,155.0,750,27.141493,101400,4404.3,4400.0
2025-07-02 09:27:00,155.0,155.0,152.0,152.25,8400,26.992414,106500,4400.7,4400.0
2025-07-02 09:28:00,149.95,151.4,147.0,147.0,12150,27.630989,106500,4385.4,4400.0
2025-07-02 09:29:00,146.9,146.9,142.35,142.35,7950,27.36208,106500,4379.2,4400.0
2025-07-02 09:30:00,142.4,144.6,141.6,144.5,5550,26.684479,114300,4389.4,4400.0
2025-07-02 09:31:00,144.5,146.3,142.0,142.0,3300,27.25949,114300,4379.5,4400.0
2025-07-02 09:32:00,142.0,144.55,139.0,142.45,4800,27.394392,114300,4379.1,4400.0
2025-07-02 09:33:00,166.15,168.35,163.2,163.2,1500,27.548088,44850,4368.3,4350.0
2025-07-02 09:34:00,163.2,163.2,159.45,159.45,900,27.485496,44850,4362.3,4350.0
2025-07-02 09:35:00,159.45,159.45,159.45,159.45,0,27.485496,44850,4366.2,4350.0
2025-07-02 09:36:00,159.45,159.45,159.45,159.45,300,27.202914,44850,4364.7,4350.0
2025-07-02 09:37:00,159.45,159.45,159.45,159.45,0,27.202914,44850,4362.0,4350.0
2025-07-02 09:38:00,159.0,163.95,159.0,163.95,1950,27.525878,44850,4369.8,4350.0
2025-07-02 09:39:00,165.55,165.55,165.55,165.55,450,28.862353,44850,4361.3,4350.0
2025-07-02 09:40:00,165.55,165.55,163.4,163.4,150,27.996167,45900,4364.9,4350.0
2025-07-02 09:41:00,162.0,166.35,162.0,166.35,1350,28.46337,45900,4366.1,4350.0
2025-07-02 09:42:00,162.0,162.0,160.0,160.7,750,27.463447,47700,4364.7,4350.0
2025-07-02 09:43:00,160.7,160.7,160.0,160.0,450,27.696732,47700,4361.5,4350.0
2025-07-02 09:44:00,160.0,162.0,160.0,162.0,300,27.554824,47700,4366.2,4350.0
2025-07-02 09:45:00,164.0,164.0,164.0,164.0,150,28.802427,47700,4359.1,4350.0
2025-07-02 09:46:00,160.0,160.0,158.4,158.4,600,28.29861,48600,4353.5,4350.0
2025-07-02 09:47:00,157.5,159.75,157.5,159.75,1200,28.288192,48600,4356.0,4350.0
2025-07-02 09:48:00,159.85,159.85,158.75,158.75,600,28.094341,49350,4355.9,4350.0
2025-07-02 09:49:00,158.05,159.1,158.05,159.1,300,28.120474,49350,4356.3,4350.0
2025-07-02 09:50:00,158.9,159.75,158.9,159.75,750,28.057301,49350,4358.0,4350.0
2025-07-02 09:51:00,159.75,162.0,159.75,162.0,600,28.288041,49950,4360.0,4350.0
2025-07-02 09:52:00,162.0,162.0,158.9,158.9,1200,28.288769,49950,4354.5,4350.0
2025-07-02 09:53:00,158.9,159.35,158.9,159.05,900,28.262327,49950,4355.0,4350.0
2025-07-02 09:54:00,158.7,158.95,158.7,158.95,1200,28.010486,49950,4357.0,4350.0
2025-07-02 09:55:00,159.3,159.3,159.3,159.3,600,27.966723,51000,4358.0,4350.0
2025-07-02 09:56:00,160.05,160.05,158.9,158.9,1200,28.37119,51000,4353.8,4350.0
2025-07-02 09:57:00,156.7,156.7,156.7,156.7,600,27.664454,51000,4356.0,4350.0
2025-07-02 09:58:00,156.7,156.7,156.7,156.7,0,27.664454,51000,4355.0,4350.0
2025-07-02 09:59:00,156.7,156.7,156.7,156.7,150,28.092398,51900,4352.3,4350.0
2025-07-02 10:00:00,156.7,156.7,155.1,155.1,900,27.844039,51900,4351.6,4350.0
2025-07-02 10:01:00,155.1,155.2,155.1,155.2,150,28.105434,52650,4349.5,4350.0
2025-07-02 10:02:00,154.05,156.3,154.05,156.3,300,27.258162,52650,4358.8,4350.0
2025-07-02 10:03:00,161.0,161.0,159.1,161.0,750,28.180502,52650,4359.2,4350.0
2025-07-02 10:04:00,156.3,156.3,156.3,156.3,150,27.619794,52650,4355.7,4350.0
2025-07-02 10:05:00,156.3,156.3,156.3,156.3,0,27.619794,52650,4359.3,4350.0
2025-07-02 10:06:00,156.3,158.65,156.3,158.65,150,27.310243,52650,4362.5,4350.0
2025-07-02 10:07:00,159.1,159.1,159.1,159.1,750,27.391731,52800,4362.6,4350.0
2025-07-02 10:08:00,159.1,159.1,158.0,158.0,3750,27.470735,52800,4360.0,4350.0
2025-07-02 10:09:00,158.0,158.95,158.0,158.85,300,27.552653,55500,4360.8,4350.0
2025-07-02 10:10:00,158.85,158.85,158.85,158.85,0,27.552653,55500,4363.6,4350.0
2025-07-02 10:11:00,160.1,160.1,159.75,159.75,600,27.279406,55500,4364.7,4350.0
2025-07-02 10:12:00,159.75,159.75,159.0,159.0,900,27.136782,56100,4364.6,4350.0
2025-07-02 10:13:00,159.0,159.0,158.0,158.0,150,27.060923,56100,4363.5,4350.0
2025-07-02 10:14:00,158.0,158.0,158.0,158.0,0,27.060923,56100,4362.5,4350.0
2025-07-02 10:15:00,158.0,158.0,155.6,155.6,150,27.095842,56100,4359.0,4350.0
2025-07-02 10:16:00,156.05,156.05,156.05,156.05,150,27.735353,56250,4354.3,4350.0
2025-07-02 10:17:00,156.05,156.05,152.95,152.95,150,27.420234,56250,4351.5,4350.0
2025-07-02 10:18:00,153.3,153.3,152.0,152.0,900,26.97158,56250,4353.7,4350.0
2025-07-02 10:19:00,152.0,152.0,151.95,152.0,450,27.168048,56100,4352.0,4350.0
2025-07-02 10:20:00,152.0,152.0,152.0,152.0,0,27.168048,56100,4350.2,4350.0
2025-07-02 10:21:00,152.0,152.0,152.0,152.0,0,27.168048,56100,4353.7,4350.0
2025-07-02 10:22:00,152.0,152.0,152.0,152.0,0,27.168048,56100,4357.0,4350.0
2025-07-02 10:23:00,152.0,152.0,152.0,152.0,0,27.168048,56100,4359.2,4350.0
2025-07-02 10:24:00,154.95,154.95,154.95,154.95,150,27.012308,56100,4358.6,4350.0
2025-07-02 10:25:00,154.95,157.65,154.95,157.65,450,27.170681,55950,4362.0,4350.0
2025-07-02 10:26:00,158.2,158.2,157.0,157.0,450,27.213359,55950,4360.5,4350.0
2025-07-02 10:27:00,157.0,157.0,157.0,157.0,0,27.213359,55950,4363.0,4350.0
2025-07-02 10:28:00,157.0,159.2,157.0,159.2,600,27.291272,56250,4363.7,4350.0
2025-07-02 10:29:00,159.2,160.1,159.2,160.1,300,27.489329,56250,4363.6,4350.0
2025-07-02 10:30:00,160.1,160.1,157.05,157.05,300,27.541105,56250,4357.8,4350.0
2025-07-02 10:31:00,157.05,157.05,157.05,157.05,0,27.541105,56250,4356.0,4350.0
2025-07-02 10:32:00,157.05,157.05,157.05,157.05,0,27.541105,56250,4355.0,4350.0
2025-07-02 10:33:00,157.05,157.05,157.05,157.05,0,27.541105,56250,4356.7,4350.0
2025-07-02 10:34:00,157.05,157.05,157.05,157.05,0,27.541105,56250,4355.0,4350.0
2025-07-02 10:35:00,157.05,157.05,155.8,155.8,450,27.483337,56850,4356.1,4350.0
2025-07-02 10:36:00,155.8,155.8,155.7,155.7,450,27.625408,56850,4354.7,4350.0
2025-07-02 10:37:00,155.7,155.7,155.45,155.45,150,27.539609,57600,4355.0,4350.0
2025-07-02 10:38:00,154.0,154.85,154.0,154.85,450,27.497437,57600,4354.3,4350.0
2025-07-02 10:39:00,154.85,154.85,154.85,154.85,0,27.497437,57600,4353.2,4350.0
2025-07-02 10:40:00,153.2,153.2,153.0,153.0,600,28.327694,57450,4343.7,4350.0
2025-07-02 10:41:00,148.6,149.45,148.55,149.45,2700,27.235876,57450,4346.9,4350.0
2025-07-02 10:42:00,149.45,149.45,149.45,149.45,0,27.235876,57450,4346.1,4350.0
2025-07-02 10:43:00,149.45,150.0,149.45,150.0,300,27.463403,57600,4345.9,4350.0
2025-07-02 10:44:00,150.0,150.0,150.0,150.0,450,27.622354,57600,4344.5,4350.0
2025-07-02 10:45:00,149.45,149.5,149.45,149.5,750,27.497349,57600,4344.7,4350.0
2025-07-02 10:46:00,149.5,149.5,149.5,149.5,300,27.892025,58050,4341.2,4350.0
2025-07-02 10:47:00,149.1,149.55,149.1,149.55,1500,27.70037,58050,4343.0,4350.0
2025-07-02 10:48:00,149.55,151.5,149.55,151.5,600,27.077052,58050,4352.0,4350.0
2025-07-02 10:49:00,154.25,154.25,152.0,152.0,900,27.809123,59250,4346.5,4350.0
2025-07-02 10:50:00,152.0,152.0,150.55,150.55,150,27.226462,59250,4349.0,4350.0
2025-07-02 10:51:00,150.55,151.0,150.55,151.0,150,27.330904,59250,4348.9,4350.0
2025-07-02 10:52:00,151.4,151.4,151.4,151.4,300,27.287797,58500,4350.0,4350.0
2025-07-02 10:53:00,151.4,153.15,151.4,153.15,300,27.338261,58500,4352.7,4350.0
2025-07-02 10:54:00,153.15,154.0,153.15,154.0,150,27.305856,58500,4354.5,4350.0
2025-07-02 10:55:00,154.0,154.0,154.0,154.0,150,27.283114,58650,4354.7,4350.0
2025-07-02 10:56:00,154.0,157.1,154.0,157.1,900,27.387096,58650,4359.3,4350.0
2025-07-02 10:57:00,156.8,156.8,156.8,156.8,150,27.407484,58650,4358.6,4350.0
2025-07-02 10:58:00,156.8,156.8,156.8,156.8,150,27.361145,58200,4359.0,4350.0
2025-07-02 10:59:00,157.4,157.4,155.05,155.05,300,27.152491,58200,4357.7,4350.0
2025-07-02 11:00:00,155.05,156.0,155.05,156.0,450,27.161837,58200,4359.3,4350.0
2025-07-02 11:01:00,156.0,157.5,156.0,157.5,450,27.413152,57900,4359.8,4350.0
2025-07-02 11:02:00,157.5,157.5,156.6,156.6,300,27.391682,57900,4358.4,4350.0
2025-07-02 11:03:00,156.6,156.6,155.0,155.0,150,27.492481,57900,4354.7,4350.0
2025-07-02 11:04:00,155.0,155.0,155.0,155.0,0,27.492481,57900,4357.3,4350.0
2025-07-02 11:05:00,155.0,155.0,155.0,155.0,0,27.492481,57900,4358.8,4350.0
2025-07-02 11:06:00,155.0,155.85,155.0,155.85,300,27.401929,58500,4357.0,4350.0
2025-07-02 11:07:00,155.85,155.85,155.1,155.1,300,27.119418,58500,4358.1,4350.0
2025-07-02 11:08:00,155.1,155.1,155.1,155.1,0,27.119418,58500,4357.5,4350.0
2025-07-02 11:09:00,155.1,156.0,155.1,156.0,150,27.550354,58500,4356.0,4350.0
2025-07-02 11:10:00,154.85,154.85,154.85,154.85,450,27.313726,58350,4356.0,4350.0
2025-07-02 11:11:00,154.85,154.85,154.85,154.85,0,27.313726,58350,4359.0,4350.0
2025-07-02 11:12:00,154.85,154.85,154.85,154.85,0,27.313726,58350,4359.0,4350.0
2025-07-02 11:13:00,154.85,158.9,154.85,158.9,150,27.354387,58350,4362.8,4350.0
2025-07-02 11:14:00,159.3,159.85,159.3,159.85,300,27.574576,58500,4362.6,4350.0
2025-07-02 11:15:00,159.3,159.3,157.4,157.4,450,27.151584,58500,4361.9,4350.0
2025-07-02 11:16:00,157.4,157.4,157.4,157.4,0,27.151584,58500,4362.0,4350.0
2025-07-02 11:17:00,157.4,157.4,157.4,157.4,0,27.151584,58500,4362.2,4350.0
2025-07-02 11:18:00,159.1,159.1,159.1,159.1,150,27.878961,58200,4358.7,4350.0
2025-07-02 11:19:00,159.1,159.1,157.85,157.85,150,27.399063,58350,4360.6,4350.0
2025-07-02 11:20:00,157.85,157.85,157.0,157.0,150,27.41157,58350,4359.0,4350.0
2025-07-02 11:21:00,157.0,157.0,155.4,155.4,300,27.721115,58350,4353.5,4350.0
2025-07-02 11:22:00,154.95,154.95,154.95,154.95,150,27.571076,58350,4354.0,4350.0
2025-07-02 11:23:00,154.95,154.95,154.95,154.95,0,27.571076,58350,4355.2,4350.0
2025-07-02 11:24:00,154.95,154.95,154.95,154.95,0,27.571076,58350,4355.4,4350.0
2025-07-02 11:25:00,154.95,154.95,154.95,154.95,0,27.571076,58350,4355.3,4350.0
2025-07-02 11:26:00,154.95,154.95,154.95,154.95,0,27.571076,58350,4354.4,4350.0
2025-07-02 11:27:00,154.95,155.85,154.95,155.85,900,27.793258,58500,4353.7,4350.0
2025-07-02 11:28:00,154.35,154.35,154.0,154.0,600,27.539416,58650,4352.6,4350.0
2025-07-02 11:29:00,154.0,154.0,150.65,150.65,1050,27.400145,58650,4347.8,4350.0
2025-07-02 11:30:00,150.65,153.15,150.65,153.15,150,27.698189,58650,4349.7,4350.0
2025-07-02 11:31:00,153.15,153.15,153.15,153.15,0,27.698189,58650,4346.3,4350.0
2025-07-02 11:32:00,153.15,153.15,149.0,149.0,300,26.855955,58950,4349.6,4350.0
2025-07-02 11:33:00,149.0,149.0,149.0,149.0,0,26.855955,58950,4348.5,4350.0
2025-07-02 11:34:00,149.0,149.0,149.0,149.0,0,26.855955,58950,4346.2,4350.0
2025-07-02 11:35:00,149.75,149.75,149.75,149.75,150,26.458268,59250,4354.4,4350.0
2025-07-02 11:36:00,149.75,149.75,149.75,149.75,0,26.458268,59250,4354.8,4350.0
2025-07-02 11:37:00,149.75,149.75,149.75,149.75,0,26.458268,59250,4361.5,4350.0
2025-07-02 11:38:00,158.0,158.0,158.0,158.0,150,27.190692,59250,4362.7,4350.0
2025-07-02 11:39:00,159.0,159.0,159.0,159.0,450,27.385898,59250,4362.8,4350.0
2025-07-02 11:40:00,159.0,159.0,158.3,158.3,150,27.111597,59700,4363.9,4350.0
2025-07-02 11:41:00,158.3,158.5,158.3,158.5,150,27.471952,59700,4361.2,4350.0
2025-07-02 11:42:00,158.0,158.0,158.0,158.0,150,27.310282,59700,4361.7,4350.0
2025-07-02 11:43:00,158.0,158.0,158.0,158.0,0,27.310282,59700,4361.6,4350.0
2025-07-02 11:44:00,158.0,158.0,158.0,158.0,0,27.310282,59700,4363.9,4350.0
2025-07-02 11:45:00,158.0,158.0,158.0,158.0,0,27.310282,59700,4363.7,4350.0
2025-07-02 11:46:00,158.55,158.55,158.55,158.55,150,27.130217,59400,4364.2,4350.0
2025-07-02 11:47:00,161.0,162.2,161.0,162.2,1800,26.746773,59550,4373.7,4350.0
2025-07-02 11:48:00,163.7,163.7,162.85,162.85,2100,26.918479,59550,4373.4,4350.0
2025-07-02 11:49:00,138.4,138.55,137.35,138.0,1350,26.772928,171150,4377.0,4400.0
2025-07-02 11:50:00,139.5,139.5,138.1,138.1,2400,26.922598,171150,4375.8,4400.0
2025-07-02 11:51:00,162.5,162.5,161.7,161.7,900,26.608172,61050,4374.0,4350.0
2025-07-02 11:52:00,161.7,161.7,161.55,161.55,300,26.577441,62400,4374.0,4350.0
2025-07-02 11:53:00,138.1,138.8,138.1,138.8,4500,26.504719,172800,4381.0,4400.0
2025-07-02 11:54:00,138.8,140.85,138.8,140.85,1800,26.714954,168600,4382.9,4400.0
2025-07-02 11:55:00,141.3,141.5,141.3,141.5,3300,26.61788,168600,4385.0,4400.0
2025-07-02 11:56:00,140.65,140.65,140.65,140.65,2400,26.225756,168600,4387.0,4400.0
2025-07-02 11:57:00,143.8,144.6,142.7,144.6,4350,26.475537,170400,4392.0,4400.0
2025-07-02 11:58:00,144.6,145.0,143.0,143.8,2100,26.468939,170400,4390.6,4400.0
2025-07-02 11:59:00,143.8,143.8,140.95,140.95,1050,26.518652,170400,4384.9,4400.0
2025-07-02 12:00:00,141.0,143.0,141.0,143.0,2850,26.605931,170400,4387.9,4400.0
2025-07-02 12:01:00,143.0,143.0,140.7,140.7,1500,26.567161,171300,4384.0,4400.0
2025-07-02 12:02:00,140.7,141.65,140.7,141.65,600,26.232797,171300,4388.8,4400.0
2025-07-02 12:03:00,142.0,142.0,142.0,142.0,600,26.480998,171300,4387.2,4400.0
2025-07-02 12:04:00,141.65,142.2,141.65,142.2,1200,26.212521,171000,4390.0,4400.0
2025-07-02 12:05:00,143.35,143.55,142.85,143.55,2100,26.37646,171000,4391.0,4400.0
2025-07-02 12:06:00,143.55,144.3,143.55,144.3,600,26.540535,171000,4390.9,4400.0
2025-07-02 12:07:00,143.1,143.1,143.0,143.0,450,26.509336,169200,4388.8,4400.0
2025-07-02 12:08:00,143.0,143.0,140.95,140.95,900,26.412546,169200,4385.9,4400.0
2025-07-02 12:09:00,140.5,140.5,140.0,140.0,300,26.591847,169200,4382.5,4400.0
2025-07-02 12:10:00,140.0,140.35,140.0,140.0,1650,26.253148,168750,4385.6,4400.0
2025-07-02 12:11:00,140.0,141.35,140.0,141.35,450,26.63766,168750,4384.6,4400.0
2025-07-02 12:12:00,140.0,140.0,139.05,139.05,600,26.126634,168750,4385.0,4400.0
2025-07-02 12:13:00,140.6,141.0,140.6,141.0,450,26.534445,166950,4384.9,4400.0
2025-07-02 12:14:00,141.05,141.65,141.05,141.65,300,26.590221,166950,4385.6,4400.0
2025-07-02 12:15:00,141.0,141.65,141.0,141.0,600,26.359554,166950,4386.5,4400.0
2025-07-02 12:16:00,141.0,141.0,141.0,141.0,150,26.304909,167400,4387.0,4400.0
2025-07-02 12:17:00,140.9,141.65,140.9,141.65,450,26.371352,167400,4387.6,4400.0
2025-07-02 12:18:00,141.65,141.8,141.65,141.8,300,26.291819,167400,4388.6,4400.0
2025-07-02 12:19:00,141.8,141.8,141.3,141.3,300,26.256827,167250,4388.0,4400.0
2025-07-02 12:20:00,141.3,141.3,141.3,141.3,0,26.256827,167250,4390.0,4400.0
2025-07-02 12:21:00,141.3,142.0,141.3,142.0,750,26.189722,167250,4389.9,4400.0
2025-07-02 12:22:00,142.0,142.2,142.0,142.2,450,26.219713,167850,4390.0,4400.0
2025-07-02 12:23:00,142.25,143.0,142.25,143.0,1050,26.40504,167850,4389.8,4400.0
2025-07-02 12:24:00,143.35,144.95,143.35,144.95,2250,26.143427,167850,4395.7,4400.0
2025-07-02 12:25:00,145.25,145.45,144.05,145.25,1800,26.193664,167400,4395.8,4400.0
2025-07-02 12:26:00,145.25,145.65,144.6,144.6,1200,26.330935,167400,4393.4,4400.0
2025-07-02 12:27:00,143.95,145.1,143.95,145.1,1500,26.253833,167400,4395.0,4400.0
2025-07-02 12:28:00,145.9,145.9,145.0,145.0,1200,26.121452,169200,4396.0,4400.0
2025-07-02 12:29:00,145.15,146.5,145.15,146.5,1050,26.427299,169200,4396.0,4400.0
2025-07-02 12:30:00,145.95,145.95,145.95,145.95,1050,25.874592,169200,4399.9,4400.0
2025-07-02 12:31:00,147.0,148.55,147.0,148.55,1500,25.936748,166950,4404.0,4400.0
2025-07-02 12:32:00,151.05,152.65,150.1,150.85,7800,26.176392,166950,4406.0,4400.0
2025-07-02 12:33:00,150.85,152.0,150.0,152.0,4800,26.087657,166950,4408.8,4400.0
2025-07-02 12:34:00,151.95,151.95,151.15,151.15,2250,26.134554,166950,4406.9,4400.0
2025-07-02 12:35:00,150.8,150.8,150.5,150.5,1650,25.82846,166950,4408.4,4400.0
2025-07-02 12:36:00,150.5,152.0,149.85,152.0,3450,26.181652,166950,4408.0,4400.0
2025-07-02 12:37:00,152.0,152.0,152.0,152.0,1050,26.297751,167850,4407.0,4400.0
2025-07-02 12:38:00,152.0,153.0,152.0,152.95,1500,26.190802,167850,4409.6,4400.0
2025-07-02 12:39:00,151.9,154.0,151.9,153.9,3750,26.222272,167850,4411.0,4400.0
2025-07-02 12:40:00,153.9,154.3,153.6,154.3,750,26.420937,164400,4410.0,4400.0
2025-07-02 12:41:00,152.4,153.05,152.4,153.05,1500,26.247323,164400,4409.3,4400.0
2025-07-02 12:42:00,155.0,155.0,154.25,154.25,1650,26.481277,164400,4409.4,4400.0
2025-07-02 12:43:00,154.85,154.85,154.25,154.25,1200,26.29544,162900,4411.0,4400.0
2025-07-02 12:44:00,154.85,154.85,154.0,154.0,2400,26.523845,162900,4408.6,4400.0
2025-07-02 12:45:00,153.25,154.0,153.25,153.45,1800,26.284173,162900,4409.7,4400.0
2025-07-02 12:46:00,153.45,153.45,151.55,151.55,3150,26.000945,159750,4408.8,4400.0
2025-07-02 12:47:00,151.55,151.55,151.55,151.55,0,26.000945,159750,4408.1,4400.0
2025-07-02 12:48:00,151.55,151.55,148.95,148.95,2550,25.852602,159750,4405.5,4400.0
2025-07-02 12:49:00,148.95,148.95,148.05,148.05,600,25.830421,156450,4404.1,4400.0
2025-07-02 12:50:00,149.1,149.1,149.1,149.1,1650,26.056578,156450,4404.0,4400.0
2025-07-02 12:51:00,149.1,149.1,145.35,145.35,3000,26.021443,156450,4397.6,4400.0
2025-07-02 12:52:00,145.5,145.8,145.5,145.8,2100,26.226417,155550,4396.6,4400.0
2025-07-02 12:53:00,146.0,146.65,146.0,146.65,900,26.241906,155550,4398.0,4400.0
2025-07-02 12:54:00,146.05,146.05,146.05,146.05,750,25.332045,155550,4404.9,4400.0
2025-07-02 12:55:00,148.0,149.6,148.0,149.6,900,26.126169,156150,4404.3,4400.0
2025-07-02 12:56:00,149.6,149.7,149.6,149.7,750,26.215839,156150,4403.7,4400.0
2025-07-02 12:57:00,150.15,150.15,150.15,150.15,900,26.639248,156150,4400.8,4400.0
2025-07-02 12:58:00,147.5,147.5,147.5,147.5,150,25.962433,156150,4402.0,4400.0
2025-07-02 12:59:00,150.55,150.55,150.55,150.55,1950,26.321649,156750,4404.3,4400.0
2025-07-02 13:00:00,147.55,148.45,147.55,148.45,300,26.054081,156750,4402.9,4400.0
2025-07-02 13:01:00,147.35,147.35,147.35,147.35,300,25.887291,156750,4402.4,4400.0
2025-07-02 13:02:00,147.35,147.35,147.0,147.0,600,25.770481,157350,4402.8,4400.0
2025-07-02 13:03:00,149.0,149.0,149.0,149.0,600,25.983937,157350,4404.5,4400.0
2025-07-02 13:04:00,148.85,148.85,148.85,148.85,150,25.896185,157350,4405.0,4400.0
2025-07-02 13:05:00,150.0,150.0,149.5,149.5,1050,26.247416,157350,4403.1,4400.0
2025-07-02 13:06:00,149.5,149.5,149.5,149.5,0,26.247416,157350,4404.1,4400.0
2025-07-02 13:07:00,149.5,149.5,149.5,149.5,0,26.247416,157350,4402.4,4400.0
2025-07-02 13:08:00,149.5,149.5,149.5,149.5,0,26.247416,157350,4405.7,4400.0
2025-07-02 13:09:00,149.5,149.5,148.85,148.85,450,25.805959,157500,4405.8,4400.0
2025-07-02 13:10:00,148.85,148.85,148.85,148.85,0,25.805959,157500,4404.0,4400.0
2025-07-02 13:11:00,148.85,148.85,148.85,148.85,0,25.805959,157500,4404.0,4400.0
2025-07-02 13:12:00,148.85,148.85,148.8,148.8,450,26.164646,157350,4402.6,4400.0
2025-07-02 13:13:00,148.0,148.8,148.0,148.8,1350,26.302114,157200,4401.4,4400.0
2025-07-02 13:14:00,147.6,147.6,145.8,145.8,600,25.770429,157200,4400.7,4400.0
2025-07-02 13:15:00,146.75,146.75,146.25,146.25,750,25.999158,157200,4399.5,4400.0
2025-07-02 13:16:00,146.25,147.5,146.25,147.15,1350,26.069357,156450,4400.5,4400.0
2025-07-02 13:17:00,147.15,147.15,147.15,147.15,750,26.21752,156450,4399.2,4400.0
2025-07-02 13:18:00,145.5,145.5,145.5,145.5,600,26.119302,156450,4397.1,4400.0
2025-07-02 13:19:00,146.0,146.0,146.0,146.0,300,26.379379,156450,4395.7,4400.0
2025-07-02 13:20:00,145.4,145.4,144.0,144.25,1950,26.493477,155700,4391.5,4400.0
2025-07-02 13:21:00,143.0,143.0,141.75,142.0,1500,25.845885,155700,4393.2,4400.0
2025-07-02 13:22:00,142.0,142.0,140.0,140.0,900,25.973208,154500,4388.4,4400.0
2025-07-02 13:23:00,139.8,139.8,139.0,139.0,600,26.144711,154500,4385.0,4400.0
2025-07-02 13:24:00,139.0,139.0,139.0,139.0,450,25.980208,154500,4386.5,4400.0
2025-07-02 13:25:00,139.5,139.5,139.5,139.5,900,26.104381,154500,4386.3,4400.0
2025-07-02 13:26:00,138.25,138.25,138.25,138.25,900,26.102904,154650,4384.0,4400.0
2025-07-02 13:27:00,138.25,139.0,138.1,138.15,600,26.03914,154650,4384.4,4400.0
2025-07-02 13:28:00,138.15,140.7,138.15,140.7,300,26.448728,153750,4385.4,4400.0
2025-07-02 13:29:00,140.7,140.7,139.15,139.15,750,26.078755,153750,4385.9,4400.0
2025-07-02 13:30:00,139.15,139.15,138.0,138.0,600,25.823105,153750,4386.1,4400.0
2025-07-02 13:31:00,138.0,138.0,138.0,138.0,0,25.823105,153750,4386.0,4400.0
2025-07-02 13:32:00,139.7,140.2,139.7,140.2,300,26.17252,154350,4387.0,4400.0
2025-07-02 13:33:00,141.25,141.25,141.25,141.25,900,26.397652,154350,4386.9,4400.0
2025-07-02 13:34:00,141.25,141.25,141.25,141.25,450,26.409074,154350,4386.8,4400.0
2025-07-02 13:35:00,141.25,141.25,141.25,141.25,0,26.409074,154350,4384.4,4400.0
2025-07-02 13:36:00,141.25,141.25,141.25,141.25,0,26.409074,154350,4384.8,4400.0
2025-07-02 13:37:00,139.0,139.0,138.8,138.8,300,26.109586,154350,4385.0,4400.0
2025-07-02 13:38:00,138.8,138.8,138.8,138.8,0,26.109586,154350,4385.5,4400.0
2025-07-02 13:39:00,141.9,141.9,141.6,141.6,300,26.581377,154350,4385.9,4400.0
2025-07-02 13:40:00,141.6,141.6,141.6,141.6,0,26.581377,154350,4389.0,4400.0
2025-07-02 13:41:00,141.6,141.6,141.6,141.6,0,26.581377,154350,4385.7,4400.0
2025-07-02 13:42:00,141.6,141.6,141.6,141.6,0,26.581377,154350,4385.3,4400.0
2025-07-02 13:43:00,141.6,141.6,141.6,141.6,0,26.581377,154350,4386.3,4400.0
2025-07-02 13:44:00,141.6,141.6,140.3,140.3,150,26.274787,154500,4386.3,4400.0
2025-07-02 13:45:00,140.3,140.3,140.3,140.3,0,26.274787,154500,4388.0,4400.0
2025-07-02 13:46:00,140.3,140.3,140.3,140.3,0,26.274787,154500,4385.8,4400.0
2025-07-02 13:47:00,140.3,140.3,140.3,140.3,0,26.274787,154500,4385.0,4400.0
2025-07-02 13:48:00,140.3,140.3,140.3,140.3,0,26.274787,154500,4385.7,4400.0
2025-07-02 13:49:00,140.3,140.3,140.3,140.3,0,26.274787,154500,4385.2,4400.0
2025-07-02 13:50:00,140.3,140.3,140.3,140.3,0,26.274787,154500,4385.1,4400.0
2025-07-02 13:51:00,140.3,140.3,140.3,140.3,0,26.274787,154500,4384.2,4400.0
2025-07-02 13:52:00,140.3,140.4,140.3,140.4,600,26.22122,154350,4387.0,4400.0
2025-07-02 13:53:00,141.0,142.5,141.0,142.5,1650,26.372721,154350,4389.5,4400.0
2025-07-02 13:54:00,141.7,141.7,141.7,141.7,450,26.376296,154350,4388.0,4400.0
2025-07-02 13:55:00,141.7,141.7,140.15,140.15,900,26.105304,154650,4387.6,4400.0
2025-07-02 13:56:00,140.15,140.15,140.15,140.15,0,26.105304,154650,4385.0,4400.0
2025-07-02 13:57:00,139.6,139.6,139.6,139.6,150,26.39002,154650,4384.0,4400.0
2025-07-02 13:58:00,139.6,139.6,139.6,139.6,0,26.39002,154650,4383.5,4400.0
2025-07-02 13:59:00,139.6,139.6,139.6,139.6,0,26.39002,154650,4384.0,4400.0
2025-07-02 14:00:00,139.6,139.6,138.4,138.4,150,26.146962,153750,4384.0,4400.0
2025-07-02 14:01:00,138.4,138.4,138.4,138.4,0,26.146962,153750,4383.0,4400.0
2025-07-02 14:02:00,160.0,160.0,160.0,160.0,450,26.442658,53700,4372.9,4350.0
2025-07-02 14:03:00,160.0,160.0,160.0,160.0,0,26.442658,53700,4370.0,4350.0
2025-07-02 14:04:00,160.0,160.0,157.0,157.0,150,25.989981,54000,4371.5,4350.0
2025-07-02 14:05:00,157.0,157.0,156.65,156.65,300,25.710606,54000,4373.2,4350.0
2025-07-02 14:06:00,156.65,156.65,156.65,156.65,0,25.710606,54000,4375.0,4350.0
2025-07-02 14:07:00,134.6,136.6,134.6,136.6,450,26.262778,151350,4379.6,4400.0
2025-07-02 14:08:00,136.8,136.8,136.8,136.8,300,26.325557,151350,4379.4,4400.0
2025-07-02 14:09:00,136.8,136.8,136.8,136.8,0,26.325557,151350,4379.2,4400.0
2025-07-02 14:10:00,136.8,136.8,136.7,136.7,150,26.295167,151350,4379.5,4400.0
2025-07-02 14:11:00,136.7,136.7,136.65,136.65,450,26.296226,152250,4379.4,4400.0
2025-07-02 14:12:00,137.5,137.65,137.5,137.65,450,26.510996,152250,4379.3,4400.0
2025-07-02 14:13:00,137.65,137.65,137.0,137.0,300,26.357427,152250,4379.5,4400.0
2025-07-02 14:14:00,137.0,137.0,137.0,137.0,0,26.357427,152250,4380.8,4400.0
2025-07-02 14:15:00,137.0,137.0,137.0,137.0,0,26.357427,152250,4376.2,4400.0
2025-07-02 14:16:00,136.0,136.0,135.1,135.35,600,26.346788,152550,4376.5,4400.0
2025-07-02 14:17:00,135.35,135.35,135.35,135.35,0,26.346788,152550,4377.5,4400.0
2025-07-02 14:18:00,160.2,160.2,160.0,160.0,300,26.364024,54900,4373.6,4350.0
2025-07-02 14:19:00,160.0,160.0,160.0,160.0,0,26.364024,54900,4375.8,4400.0
2025-07-02 14:20:00,160.0,160.0,155.0,155.0,1050,26.601528,55500,4363.0,4350.0
2025-07-02 14:21:00,155.0,155.0,155.0,155.0,0,26.601528,55500,4365.2,4350.0
2025-07-02 14:22:00,155.0,155.0,155.0,155.0,0,26.601528,55500,4368.3,4350.0
2025-07-02 14:23:00,155.0,155.0,155.0,155.0,0,26.601528,55500,4366.9,4350.0
2025-07-02 14:24:00,155.0,155.0,155.0,155.0,0,26.601528,55500,4367.7,4350.0
2025-07-02 14:25:00,155.0,155.0,155.0,155.0,0,26.601528,55500,4366.9,4350.0
2025-07-02 14:26:00,155.0,155.0,155.0,155.0,0,26.601528,55500,4365.1,4350.0
2025-07-02 14:27:00,155.0,155.0,155.0,155.0,0,26.601528,55500,4365.1,4350.0
2025-07-02 14:28:00,155.0,155.0,155.0,155.0,0,26.601528,55500,4364.3,4350.0
2025-07-02 14:29:00,155.0,155.0,155.0,155.0,0,26.601528,55500,4367.0,4350.0
2025-07-02 14:30:00,155.0,155.0,154.7,154.7,150,25.885643,56100,4368.5,4350.0
2025-07-02 14:31:00,154.7,154.7,153.35,153.35,750,26.61903,56100,4360.0,4350.0
2025-07-02 14:32:00,153.35,153.35,152.5,152.5,150,26.029052,56100,4363.5,4350.0
2025-07-02 14:33:00,152.5,152.5,151.05,151.05,300,26.425948,56100,4357.6,4350.0
2025-07-02 14:34:00,151.05,151.05,151.05,151.05,0,26.425948,56100,4358.0,4350.0
2025-07-02 14:35:00,151.05,152.3,151.05,152.3,150,25.80984,56100,4365.0,4350.0
2025-07-02 14:36:00,152.3,156.45,152.3,156.45,150,26.191213,56100,4369.0,4350.0
2025-07-02 14:37:00,156.45,156.45,156.45,156.45,0,26.191213,56100,4370.4,4350.0
2025-07-02 14:38:00,156.45,156.45,156.0,156.0,750,26.038202,56250,4369.5,4350.0
2025-07-02 14:39:00,156.0,157.8,156.0,157.8,150,25.98805,56250,4373.0,4350.0
2025-07-02 14:40:00,157.8,157.8,157.8,157.8,0,25.98805,56250,4371.2,4350.0
2025-07-02 14:41:00,157.8,157.8,157.3,157.3,150,26.345657,57000,4369.2,4350.0
2025-07-02 14:42:00,157.3,157.3,157.3,157.3,0,26.345657,57000,4369.3,4350.0
2025-07-02 14:43:00,157.3,157.3,157.3,157.3,0,26.345657,57000,4370.9,4350.0
2025-07-02 14:44:00,157.3,159.0,157.3,159.0,300,26.735976,57150,4368.9,4350.0
2025-07-02 14:45:00,159.0,159.0,159.0,159.0,0,26.735976,57150,4372.9,4350.0
2025-07-02 14:46:00,159.0,159.0,159.0,159.0,0,26.735976,57150,4372.5,4350.0
2025-07-02 14:47:00,159.0,159.0,159.0,159.0,0,26.735976,57150,4371.5,4350.0
2025-07-02 14:48:00,159.0,159.0,159.0,159.0,0,26.735976,57150,4370.1,4350.0
2025-07-02 14:49:00,159.0,159.0,159.0,159.0,0,26.735976,57150,4375.0,4350.0
2025-07-02 14:50:00,137.55,138.0,137.55,137.9,1650,26.598847,162150,4379.1,4400.0
2025-07-02 14:51:00,138.0,139.9,138.0,139.1,4050,26.331774,162150,4383.8,4400.0
2025-07-02 14:52:00,139.1,141.0,139.1,141.0,750,26.367467,158700,4387.0,4400.0
2025-07-02 14:53:00,141.0,141.55,141.0,141.55,450,26.192182,158700,4389.6,4400.0
2025-07-02 14:54:00,141.5,141.5,141.5,141.5,1500,26.204593,158700,4389.4,4400.0
2025-07-02 14:55:00,142.2,142.2,142.2,142.2,600,26.203169,158700,4390.7,4400.0
2025-07-02 14:56:00,142.2,142.2,142.2,142.2,1050,26.002746,157800,4392.5,4400.0
2025-07-02 14:57:00,142.2,143.9,142.2,143.55,900,26.33423,157800,4392.0,4400.0
2025-07-02 14:58:00,143.55,143.55,143.55,143.55,0,26.33423,157800,4392.0,4400.0
2025-07-02 14:59:00,143.55,143.55,143.0,143.0,300,26.401207,157950,4390.4,4400.0
2025-07-02 15:00:00,143.0,146.0,143.0,146.0,1950,26.183067,157950,4397.8,4400.0
2025-07-02 15:01:00,146.0,147.0,146.0,146.7,750,26.201629,157800,4398.9,4400.0
2025-07-02 15:02:00,146.7,148.25,146.7,148.25,1500,26.336512,157800,4400.5,4400.0
2025-07-02 15:03:00,148.95,149.0,148.4,148.4,600,26.35615,157800,4400.6,4400.0
2025-07-02 15:04:00,148.4,149.0,148.05,148.05,1200,26.262293,158700,4400.8,4400.0
2025-07-02 15:05:00,147.0,147.3,146.25,146.9,4050,26.005031,158700,4401.0,4400.0
2025-07-02 15:06:00,146.9,147.85,146.9,147.85,150,26.22226,158700,4400.8,4400.0
2025-07-02 15:07:00,147.85,149.0,147.65,148.45,1200,26.219602,155550,4401.9,4400.0
2025-07-02 15:08:00,149.0,149.0,148.5,148.5,450,26.310177,155550,4401.2,4400.0
2025-07-02 15:09:00,147.4,148.0,147.4,148.0,1200,26.11705,155550,4402.0,4400.0
2025-07-02 15:10:00,149.0,149.0,147.85,147.85,900,26.109685,155400,4401.8,4400.0
2025-07-02 15:11:00,148.85,148.85,148.0,148.0,900,26.197858,155400,4401.3,4400.0
2025-07-02 15:12:00,148.0,148.0,147.15,147.15,600,26.218396,155400,4399.6,4400.0
2025-07-02 15:13:00,147.0,147.0,146.65,146.65,1200,26.048413,155400,4400.2,4400.0
2025-07-02 15:14:00,148.0,148.0,148.0,148.0,1350,26.187648,154050,4401.4,4400.0
2025-07-02 15:15:00,148.0,148.0,148.0,148.0,300,26.256526,154050,4400.8,4400.0
2025-07-02 15:16:00,148.0,148.0,148.0,148.0,600,26.188454,153600,4401.4,4400.0
2025-07-02 15:17:00,148.0,148.0,147.25,147.25,1650,26.138366,153600,4400.5,4400.0
2025-07-02 15:18:00,147.9,147.9,147.85,147.85,300,27.07418,153600,4393.3,4400.0
2025-07-02 15:19:00,144.45,145.1,143.75,143.75,1650,27.530591,152100,4381.6,4400.0
2025-07-02 15:20:00,143.75,144.95,143.75,144.25,1650,27.969381,152100,4378.5,4400.0
2025-07-02 15:21:00,144.25,145.7,144.25,145.7,1200,28.265164,152100,4378.5,4400.0
2025-07-02 15:22:00,145.15,145.75,143.7,144.5,3600,28.150805,152100,4377.3,4400.0
2025-07-02 15:23:00,169.8,169.8,166.55,166.55,450,28.006775,58650,4371.5,4350.0
2025-07-02 15:24:00,141.15,143.15,141.15,142.55,1050,27.926773,152100,4375.7,4400.0
2025-07-02 15:25:00,142.55,147.0,142.55,147.0,450,27.360297,152100,4389.2,4400.0
2025-07-02 15:26:00,147.0,147.0,146.0,146.0,1950,27.828205,148800,4383.1,4400.0
2025-07-02 15:27:00,146.0,146.0,146.0,146.0,1050,27.179463,148800,4389.0,4400.0
2025-07-02 15:28:00,146.0,148.5,146.0,148.0,2250,27.587515,149550,4389.0,4400.0
2025-07-02 15:29:00,148.0,149.0,147.55,147.55,4800,27.051089,149550,4393.0,4400.0
2025-07-03 09:15:00,180.0,180.0,121.15,126.0,14850,25.210184,74550,4279.5,4300.0
2025-07-03 09:16:00,150.0,153.8,146.0,146.0,2100,26.507886,13650,4257.8,4250.0
2025-07-03 09:17:00,141.9,141.9,132.05,132.05,4650,25.451485,13650,4241.6,4250.0
2025-07-03 09:18:00,140.0,145.0,137.95,142.45,12150,25.637187,21900,4258.7,4250.0
2025-07-03 09:19:00,142.45,147.15,140.6,141.0,5550,25.436066,21900,4257.8,4250.0
2025-07-03 09:20:00,143.15,148.0,143.15,146.5,6600,25.246204,21900,4268.9,4250.0
2025-07-03 09:21:00,146.5,147.3,134.0,134.0,7500,25.577103,35400,4244.1,4250.0
2025-07-03 09:22:00,134.0,136.55,129.05,135.0,7050,26.08432,35400,4241.6,4250.0
2025-07-03 09:23:00,137.65,141.0,133.85,139.9,14100,25.662425,35400,4254.0,4250.0
2025-07-03 09:24:00,139.9,142.85,135.0,137.15,6300,26.287395,48450,4243.8,4250.0
2025-07-03 09:25:00,137.15,142.4,134.9,142.0,4050,25.908194,48450,4255.7,4250.0
2025-07-03 09:26:00,142.0,144.0,139.75,143.6,6150,25.972697,48450,4258.0,4250.0
2025-07-03 09:27:00,143.6,144.4,139.0,143.7,7050,25.994574,50550,4258.0,4250.0
2025-07-03 09:28:00,143.7,143.7,137.35,137.35,3600,26.061048,50550,4246.1,4250.0
2025-07-03 09:29:00,137.35,139.0,133.8,136.5,5700,26.056394,50550,4244.6,4250.0
2025-07-03 09:30:00,136.5,136.5,132.6,132.6,8850,25.586021,58650,4241.5,4250.0
2025-07-03 09:31:00,132.6,132.6,128.5,129.85,6750,25.751593,58650,4235.0,4250.0
2025-07-03 09:32:00,129.85,136.1,129.85,136.1,1950,25.558178,58650,4248.1,4250.0
2025-07-03 09:33:00,136.1,139.05,132.0,133.6,10200,25.30774,63300,4245.7,4250.0
2025-07-03 09:34:00,133.6,134.1,126.0,127.85,7350,25.325367,63300,4235.0,4250.0
2025-07-03 09:35:00,128.75,128.75,124.5,125.9,6750,25.126901,63300,4233.1,4250.0
2025-07-03 09:36:00,126.5,126.5,123.0,125.0,3450,25.265498,71550,4230.2,4250.0
2025-07-03 09:37:00,125.0,127.2,120.05,120.8,30000,24.707839,71550,4227.2,4250.0
2025-07-03 09:38:00,120.25,123.0,115.35,122.75,18000,24.294354,71550,4234.5,4250.0
2025-07-03 09:39:00,122.55,123.5,118.95,119.6,7950,24.676998,86100,4225.2,4250.0
2025-07-03 09:40:00,119.6,120.25,118.0,119.85,3000,24.302696,86100,4229.0,4250.0
2025-07-03 09:41:00,119.85,122.0,119.3,121.5,7200,24.428617,86100,4231.0,4250.0
2025-07-03 09:42:00,121.5,124.0,121.0,121.8,10200,24.035329,93300,4235.0,4250.0
2025-07-03 09:43:00,121.8,126.55,121.8,126.55,7500,24.238413,93300,4242.0,4250.0
2025-07-03 09:44:00,126.55,126.55,123.0,123.0,7200,24.636371,93300,4232.0,4250.0
2025-07-03 09:45:00,145.6,145.6,141.0,141.0,5850,23.953026,60300,4222.4,4200.0
2025-07-03 09:46:00,118.0,120.25,118.0,120.25,2850,24.503565,101400,4228.0,4250.0
2025-07-03 09:47:00,120.25,122.9,120.25,121.6,4350,24.452311,101400,4231.0,4250.0
2025-07-03 09:48:00,121.6,122.8,119.7,119.7,8400,24.634546,105600,4225.8,4250.0
2025-07-03 09:49:00,119.7,123.3,119.7,122.8,1800,24.709546,105600,4231.0,4250.0
2025-07-03 09:50:00,122.8,122.95,122.65,122.65,450,24.791549,105600,4230.0,4250.0
2025-07-03 09:51:00,122.4,122.4,120.6,121.8,3150,24.610284,111300,4230.0,4250.0
2025-07-03 09:52:00,121.8,124.8,121.8,123.35,4650,24.30145,111300,4235.6,4250.0
2025-07-03 09:53:00,123.35,124.95,123.1,124.7,1650,24.32462,111300,4237.9,4250.0
2025-07-03 09:54:00,124.7,126.7,124.45,125.25,9450,24.279988,108000,4239.3,4250.0
2025-07-03 09:55:00,125.25,125.4,124.3,124.55,2700,24.223674,108000,4238.5,4250.0
2025-07-03 09:56:00,125.15,129.75,122.25,129.75,5100,23.763638,108000,4251.8,4250.0
2025-07-03 09:57:00,129.75,129.75,126.95,126.95,7800,23.655377,109200,4247.7,4250.0
2025-07-03 09:58:00,126.95,128.4,126.4,126.95,3900,23.822407,109200,4246.3,4250.0
2025-07-03 09:59:00,126.95,127.5,125.0,125.0,3000,24.402704,109200,4237.8,4250.0
2025-07-03 10:00:00,125.0,125.75,125.0,125.75,2550,24.073777,113250,4242.0,4250.0
2025-07-03 10:01:00,125.75,127.3,125.2,127.0,4350,24.094704,113250,4244.1,4250.0
2025-07-03 10:02:00,127.0,132.2,126.95,131.2,14250,23.346872,113250,4257.8,4250.0
2025-07-03 10:03:00,132.0,134.35,131.85,133.55,7500,23.705245,107250,4259.0,4250.0
2025-07-03 10:04:00,133.55,134.6,132.0,134.2,3600,23.722197,107250,4260.0,4250.0
2025-07-03 10:05:00,134.2,134.2,131.8,131.8,3300,23.575257,107250,4257.0,4250.0
2025-07-03 10:06:00,131.8,135.45,131.8,135.45,4350,23.806522,107700,4261.5,4250.0
2025-07-03 10:07:00,135.45,138.05,135.45,136.85,6000,23.332414,107700,4267.7,4250.0
2025-07-03 10:08:00,136.85,136.85,133.4,133.9,2700,23.535396,107700,4261.0,4250.0
2025-07-03 10:09:00,133.9,134.05,133.0,134.05,1800,23.679481,104100,4260.1,4250.0
2025-07-03 10:10:00,134.05,134.95,133.2,133.2,1500,23.632623,104100,4259.0,4250.0
2025-07-03 10:11:00,133.2,133.2,131.25,131.55,1500,23.388724,104100,4258.1,4250.0
2025-07-03 10:12:00,133.15,134.0,133.15,134.0,2250,23.421854,103800,4262.1,4250.0
2025-07-03 10:13:00,135.4,135.55,135.4,135.55,2400,23.469398,103800,4264.4,4250.0
2025-07-03 10:14:00,135.55,137.75,135.55,136.25,3300,23.758232,103800,4263.3,4250.0
2025-07-03 10:15:00,136.25,136.4,132.0,132.0,3000,23.768838,104700,4255.8,4250.0
2025-07-03 10:16:00,132.0,132.0,130.5,130.65,6300,23.710414,104700,4253.9,4250.0
2025-07-03 10:17:00,130.65,131.45,130.65,130.7,1350,23.757941,104700,4253.6,4250.0
2025-07-03 10:18:00,130.7,131.4,129.55,129.55,2400,23.608297,104850,4252.8,4250.0
2025-07-03 10:19:00,129.45,130.2,129.45,130.2,2550,23.844942,104850,4252.0,4250.0
2025-07-03 10:20:00,130.2,130.2,129.15,130.0,450,23.802397,104850,4252.0,4250.0
2025-07-03 10:21:00,129.55,131.2,129.55,131.2,3000,23.975829,103950,4252.7,4250.0
2025-07-03 10:22:00,129.55,129.95,129.0,129.0,2100,23.346074,103950,4254.0,4250.0
2025-07-03 10:23:00,129.0,130.75,129.0,130.75,1500,23.746727,103950,4253.8,4250.0
2025-07-03 10:24:00,130.75,131.0,130.75,131.0,1650,23.410468,104400,4257.0,4250.0
2025-07-03 10:25:00,130.8,131.7,130.55,131.4,900,23.447825,104400,4257.4,4250.0
2025-07-03 10:26:00,131.4,132.9,131.3,132.9,1500,23.697261,104400,4258.0,4250.0
2025-07-03 10:27:00,132.9,133.2,132.9,132.9,3300,23.512906,105150,4259.5,4250.0
2025-07-03 10:28:00,132.95,132.95,132.95,132.95,600,23.696505,105150,4258.1,4250.0
2025-07-03 10:29:00,132.9,133.5,132.9,133.5,600,23.667543,105150,4259.3,4250.0
2025-07-03 10:30:00,133.0,133.0,132.5,132.5,450,23.649583,104850,4257.7,4250.0
2025-07-03 10:31:00,132.5,133.0,132.0,133.0,1050,23.548322,104850,4259.4,4250.0
2025-07-03 10:32:00,133.5,135.45,133.5,135.45,1200,23.742119,104850,4262.1,4250.0
2025-07-03 10:33:00,133.8,134.85,133.8,134.85,750,23.58829,104850,4262.3,4250.0
2025-07-03 10:34:00,134.85,134.85,134.85,134.85,0,23.58829,104850,4260.0,4250.0
2025-07-03 10:35:00,134.85,134.85,132.2,132.2,600,23.904881,104700,4255.1,4250.0
2025-07-03 10:36:00,132.15,132.15,132.05,132.05,900,23.726618,104700,4256.3,4250.0
2025-07-03 10:37:00,131.95,131.95,131.55,131.55,1950,23.582769,104850,4256.6,4250.0
2025-07-03 10:38:00,131.25,131.25,131.0,131.0,1050,23.89107,104850,4253.1,4250.0
2025-07-03 10:39:00,131.55,131.6,129.3,129.3,6000,23.307416,104850,4254.9,4250.0
2025-07-03 10:40:00,133.45,134.2,133.45,134.2,3900,23.834823,104100,4259.2,4250.0
2025-07-03 10:41:00,134.2,134.2,134.05,134.05,150,23.741249,104100,4259.7,4250.0
2025-07-03 10:42:00,134.05,134.05,132.0,132.0,750,23.460519,104100,4258.4,4250.0
2025-07-03 10:43:00,132.0,132.0,132.0,132.0,0,23.460519,104100,4257.0,4250.0
2025-07-03 10:44:00,132.0,133.0,132.0,133.0,1800,23.429667,103650,4260.4,4250.0
2025-07-03 10:45:00,132.65,134.0,132.65,134.0,1200,23.234788,103650,4263.7,4250.0
2025-07-03 10:46:00,134.95,134.95,134.25,134.25,3000,23.351656,103800,4263.2,4250.0
2025-07-03 10:47:00,137.6,137.6,136.2,136.2,3750,23.105679,103800,4268.5,4250.0
2025-07-03 10:48:00,136.2,137.0,136.0,136.2,2250,23.016988,104400,4269.2,4250.0
2025-07-03 10:49:00,136.2,138.55,136.2,138.1,3150,23.083829,104400,4271.9,4250.0
2025-07-03 10:50:00,138.1,138.1,136.0,136.65,2550,23.178817,104400,4268.7,4250.0
2025-07-03 10:51:00,136.65,136.65,135.9,135.9,750,23.054974,104400,4268.4,4250.0
2025-07-03 10:52:00,135.55,136.2,135.05,135.05,2550,23.023653,103350,4267.2,4250.0
2025-07-03 10:53:00,135.05,137.05,135.05,136.5,1200,23.223688,103350,4268.1,4250.0
2025-07-03 10:54:00,136.2,136.85,136.2,136.2,600,23.285813,101400,4267.1,4250.0
2025-07-03 10:55:00,136.3,136.3,134.1,134.2,2400,23.11868,101400,4265.0,4250.0
2025-07-03 10:56:00,134.2,134.2,132.65,132.65,450,23.259559,101400,4261.2,4250.0
2025-07-03 10:57:00,133.2,133.2,133.2,133.2,150,23.154251,101400,4263.0,4250.0
2025-07-03 10:58:00,133.2,134.0,133.2,134.0,450,23.164553,100650,4264.3,4250.0
2025-07-03 10:59:00,135.5,136.4,135.5,136.4,1500,23.217032,100650,4268.0,4250.0
2025-07-03 11:00:00,136.0,140.0,136.0,140.0,2850,23.255853,100650,4273.8,4250.0
2025-07-03 11:01:00,114.8,116.8,114.8,116.8,9450,23.776076,218850,4275.3,4300.0
2025-07-03 11:02:00,116.8,118.7,116.8,117.6,4650,23.756467,218850,4277.0,4300.0
2025-07-03 11:03:00,117.6,117.7,116.6,117.45,4200,23.836481,219300,4276.0,4300.0
2025-07-03 11:04:00,117.45,118.0,117.25,117.25,2100,23.683233,219300,4277.0,4300.0
2025-07-03 11:05:00,117.25,117.55,116.9,117.55,5700,23.668912,219300,4277.7,4300.0
2025-07-03 11:06:00,117.95,118.0,117.5,117.5,1950,23.647546,215250,4277.8,4300.0
2025-07-03 11:07:00,117.5,117.6,117.5,117.5,3900,23.737219,215250,4277.0,4300.0
2025-07-03 11:08:00,117.45,117.45,116.75,116.75,2250,23.579036,215250,4277.0,4300.0
2025-07-03 11:09:00,115.95,116.4,115.8,116.4,3300,23.605647,214350,4276.1,4300.0
2025-07-03 11:10:00,116.4,118.4,115.95,118.4,4200,23.254108,214350,4283.0,4300.0
2025-07-03 11:11:00,118.3,118.3,115.25,115.25,7050,23.374386,214350,4276.0,4300.0
2025-07-03 11:12:00,138.0,138.0,132.65,132.65,2700,23.103718,95100,4262.5,4250.0
2025-07-03 11:13:00,132.65,133.5,132.65,132.65,3300,22.866029,94650,4264.4,4250.0
2025-07-03 11:14:00,134.8,137.05,134.8,137.0,11100,22.531519,94650,4274.4,4250.0
2025-07-03 11:15:00,137.0,137.95,136.8,136.8,1200,22.643958,95400,4273.2,4250.0
2025-07-03 11:16:00,136.8,137.1,136.0,136.0,750,22.599676,95400,4272.2,4250.0
2025-07-03 11:17:00,136.0,136.65,136.0,136.3,300,22.690986,95400,4272.0,4250.0
2025-07-03 11:18:00,114.65,114.95,114.65,114.95,600,23.202206,219150,4277.0,4300.0
2025-07-03 11:19:00,116.0,117.5,115.95,117.5,3600,23.51813,219750,4279.0,4300.0
2025-07-03 11:20:00,138.7,139.7,138.5,138.5,1950,22.78216,94950,4275.0,4250.0
2025-07-03 11:21:00,115.5,116.05,115.5,116.05,300,23.491639,219900,4276.5,4300.0
2025-07-03 11:22:00,116.85,116.85,116.85,116.85,2850,23.482601,219900,4278.1,4300.0
2025-07-03 11:23:00,117.0,117.0,117.0,117.0,1350,23.52588,219900,4278.0,4300.0
2025-07-03 11:24:00,117.0,117.3,117.0,117.3,900,23.656732,219900,4277.4,4300.0
2025-07-03 11:25:00,117.25,117.25,117.0,117.0,2850,23.638304,218250,4277.0,4300.0
2025-07-03 11:26:00,117.25,117.25,116.9,116.9,1350,23.617535,218250,4277.0,4300.0
2025-07-03 11:27:00,139.2,139.2,138.0,138.0,600,22.676033,94800,4275.0,4250.0
2025-07-03 11:28:00,138.25,138.25,138.25,138.25,300,22.730812,93300,4275.0,4250.0
2025-07-03 11:29:00,138.0,138.05,138.0,138.05,450,22.907979,93300,4273.3,4250.0
2025-07-03 11:30:00,138.05,138.05,137.5,137.5,150,22.59437,93000,4274.8,4250.0
2025-07-03 11:31:00,115.0,115.2,115.0,115.2,750,23.371292,219450,4276.0,4300.0
2025-07-03 11:32:00,115.55,116.4,115.55,116.4,600,23.502905,219450,4277.1,4300.0
2025-07-03 11:33:00,116.4,116.5,116.4,116.5,300,23.613581,219450,4276.3,4300.0
2025-07-03 11:34:00,116.5,116.5,116.5,116.5,0,23.613581,219450,4275.0,4250.0
2025-07-03 11:35:00,115.35,116.9,115.35,116.9,2400,23.62093,218700,4277.0,4300.0
2025-07-03 11:36:00,116.9,116.9,116.9,116.9,0,23.62093,218700,4275.6,4300.0
2025-07-03 11:37:00,139.0,139.0,139.0,139.0,300,23.143209,91800,4273.1,4250.0
2025-07-03 11:38:00,139.0,139.0,139.0,139.0,0,23.143209,91800,4274.9,4250.0
2025-07-03 11:39:00,139.0,139.0,136.5,137.45,1800,22.651862,91800,4274.3,4250.0
2025-07-03 11:40:00,137.45,137.45,137.45,137.45,0,22.651862,91800,4273.5,4250.0
2025-07-03 11:41:00,137.45,137.45,137.45,137.45,0,22.651862,91800,4273.9,4250.0
2025-07-03 11:42:00,139.0,139.0,137.9,137.9,900,23.124921,91500,4271.4,4250.0
2025-07-03 11:43:00,137.55,137.55,136.95,136.95,450,23.085684,90900,4270.1,4250.0
2025-07-03 11:44:00,136.95,136.95,136.3,136.3,900,22.842643,90900,4270.9,4250.0
2025-07-03 11:45:00,136.3,136.5,135.6,136.05,1050,22.993482,90000,4269.3,4250.0
2025-07-03 11:46:00,136.05,136.05,135.65,135.65,1350,22.638057,90000,4271.4,4250.0
2025-07-03 11:47:00,135.65,136.05,135.45,136.0,600,22.765838,90000,4271.0,4250.0
2025-07-03 11:48:00,136.0,136.2,136.0,136.2,150,22.809628,90000,4271.0,4250.0
2025-07-03 11:49:00,136.2,136.2,135.55,135.55,3600,22.540169,88650,4272.0,4250.0
2025-07-03 11:50:00,135.55,136.8,135.55,136.8,450,22.799214,88650,4272.1,4250.0
2025-07-03 11:51:00,136.8,138.0,136.8,138.0,300,22.814954,88650,4274.0,4250.0
2025-07-03 11:52:00,138.0,138.0,138.0,138.0,150,22.685526,90900,4275.0,4250.0
2025-07-03 11:53:00,115.0,115.65,115.0,115.65,150,23.474711,215250,4276.0,4300.0
2025-07-03 11:54:00,116.45,116.45,115.95,115.95,300,23.538546,215250,4276.0,4300.0
2025-07-03 11:55:00,138.15,138.15,138.15,138.15,300,22.719316,90750,4275.0,4250.0
2025-07-03 11:56:00,138.15,138.15,138.1,138.1,300,22.721816,90750,4274.9,4250.0
2025-07-03 11:57:00,115.35,115.35,115.35,115.35,150,23.368224,215550,4276.4,4300.0
2025-07-03 11:58:00,116.4,116.9,116.1,116.9,900,23.417102,215400,4278.9,4300.0
2025-07-03 11:59:00,116.9,116.9,116.3,116.3,1800,23.469579,215400,4277.3,4300.0
2025-07-03 12:00:00,117.5,117.5,116.55,117.2,1800,23.615666,215400,4277.7,4300.0
2025-07-03 12:01:00,117.2,117.2,116.1,116.1,450,23.672925,213300,4275.1,4300.0
2025-07-03 12:02:00,116.1,118.0,116.1,118.0,1800,23.729744,213300,4278.2,4300.0
2025-07-03 12:03:00,118.0,118.0,118.0,118.0,1350,23.550655,213300,4279.8,4300.0
2025-07-03 12:04:00,117.2,118.3,117.2,118.3,2400,23.139571,212400,4284.0,4300.0
2025-07-03 12:05:00,119.5,119.5,118.75,118.75,6000,23.574979,212400,4281.0,4300.0
2025-07-03 12:06:00,118.75,118.85,118.25,118.35,1050,23.377769,212400,4282.0,4300.0
2025-07-03 12:07:00,118.5,119.6,118.5,119.6,3300,23.427217,210150,4283.9,4300.0
2025-07-03 12:08:00,118.55,119.75,118.55,119.75,2250,23.391066,210150,4284.5,4300.0
2025-07-03 12:09:00,119.75,119.75,119.35,119.35,900,23.386426,210150,4283.8,4300.0
2025-07-03 12:10:00,119.15,119.85,119.15,119.85,5400,22.502545,210750,4292.4,4300.0
2025-07-03 12:11:00,121.6,124.4,121.6,124.4,6300,23.14005,210750,4295.2,4300.0
2025-07-03 12:12:00,124.4,127.1,122.35,123.35,15900,23.186948,210750,4292.9,4300.0
2025-07-03 12:13:00,122.9,123.8,122.6,123.75,3750,23.272118,207000,4292.9,4300.0
2025-07-03 12:14:00,123.75,124.0,122.1,124.0,2850,23.267142,207000,4293.4,4300.0
2025-07-03 12:15:00,124.0,124.95,123.2,124.3,3750,23.155556,207000,4294.9,4300.0
2025-07-03 12:16:00,124.3,127.75,124.3,127.4,6600,23.163609,205050,4300.4,4300.0
2025-07-03 12:17:00,127.7,128.3,125.6,128.1,11400,23.085667,205050,4302.3,4300.0
2025-07-03 12:18:00,128.1,130.3,128.1,130.3,12000,22.99902,202650,4306.9,4300.0
2025-07-03 12:19:00,130.0,134.45,129.8,132.55,31200,22.928575,202650,4311.4,4300.0
2025-07-03 12:20:00,132.55,136.0,132.55,136.0,6450,23.083365,202650,4316.1,4300.0
2025-07-03 12:21:00,136.0,136.0,133.1,133.1,5700,22.750006,198150,4313.8,4300.0
2025-07-03 12:22:00,133.1,134.7,131.65,132.9,6000,22.992092,198150,4311.5,4300.0
2025-07-03 12:23:00,132.9,137.0,132.9,135.4,7650,22.843589,198150,4317.0,4300.0
2025-07-03 12:24:00,135.4,136.55,133.4,135.9,4950,22.950995,197100,4317.0,4300.0
2025-07-03 12:25:00,112.9,116.0,112.1,116.0,2100,23.302941,82200,4325.5,4350.0
2025-07-03 12:26:00,116.0,120.75,116.0,120.0,5550,23.115902,82200,4334.7,4350.0
2025-07-03 12:27:00,120.0,120.45,118.85,120.1,3750,23.216055,82200,4334.0,4350.0
2025-07-03 12:28:00,120.1,120.1,117.55,118.35,1800,23.074673,81300,4332.0,4350.0
2025-07-03 12:29:00,118.35,118.35,117.0,117.5,3600,22.785077,81300,4333.0,4350.0
2025-07-03 12:30:00,117.5,120.5,117.5,120.5,2700,22.779805,81300,4338.6,4350.0
2025-07-03 12:31:00,120.5,120.55,119.5,120.3,1650,23.067644,82200,4335.7,4350.0
2025-07-03 12:32:00,120.3,120.4,119.05,120.0,3150,22.880609,82200,4336.8,4350.0
2025-07-03 12:33:00,120.0,120.45,119.0,120.45,2250,23.088482,82200,4335.8,4350.0
2025-07-03 12:34:00,120.45,121.05,120.45,120.7,900,22.902931,84150,4337.9,4350.0
2025-07-03 12:35:00,120.75,121.15,113.85,116.95,10950,22.694633,84150,4332.8,4350.0
2025-07-03 12:36:00,116.95,120.5,116.95,120.5,1950,23.269375,84150,4334.3,4350.0
2025-07-03 12:37:00,120.5,121.15,118.0,121.15,3900,23.10057,84900,4337.0,4350.0
2025-07-03 12:38:00,121.15,121.5,120.0,121.5,2250,23.479437,84900,4334.3,4350.0
2025-07-03 12:39:00,121.5,127.4,120.25,125.75,2400,23.054133,84900,4345.8,4350.0
2025-07-03 12:40:00,125.75,133.55,125.75,127.3,24150,22.651802,84150,4352.0,4350.0
2025-07-03 12:41:00,128.1,130.25,127.9,130.0,6600,23.029858,84150,4353.6,4350.0
2025-07-03 12:42:00,130.0,130.85,128.0,130.0,4200,23.279208,84150,4351.5,4350.0
2025-07-03 12:43:00,130.0,131.0,128.85,130.0,4200,23.291401,92850,4351.4,4350.0
2025-07-03 12:44:00,128.0,129.45,128.0,128.8,1950,23.462766,92850,4347.8,4350.0
2025-07-03 12:45:00,128.8,132.0,128.8,132.0,3600,23.665126,92850,4351.8,4350.0
2025-07-03 12:46:00,132.0,132.95,131.0,131.8,3750,23.611677,92100,4351.9,4350.0
2025-07-03 12:47:00,131.8,131.8,126.2,126.3,2700,23.577452,92100,4342.3,4350.0
2025-07-03 12:48:00,126.3,126.95,124.0,125.7,4200,23.715934,92100,4340.0,4350.0
2025-07-03 12:49:00,125.7,128.0,125.7,128.0,1800,23.343508,92850,4347.4,4350.0
2025-07-03 12:50:00,128.0,130.55,128.0,128.3,4950,23.348418,92850,4347.9,4350.0
2025-07-03 12:51:00,128.3,129.55,128.3,129.55,450,23.482388,92850,4349.0,4350.0
2025-07-03 12:52:00,129.55,129.75,128.0,128.0,300,23.251098,93150,4348.2,4350.0
2025-07-03 12:53:00,128.0,132.6,128.0,132.6,2100,23.509834,93150,4354.2,4350.0
2025-07-03 12:54:00,132.6,132.8,130.65,131.0,3150,23.541105,93150,4351.1,4350.0
2025-07-03 12:55:00,131.0,137.05,131.0,137.05,7950,23.6674,94500,4360.7,4350.0
2025-07-03 12:56:00,137.05,144.75,137.0,142.2,28500,23.763622,94500,4368.8,4350.0
2025-07-03 12:57:00,141.9,142.2,139.8,139.85,11400,23.563315,94500,4366.4,4350.0
2025-07-03 12:58:00,139.85,140.6,134.3,135.65,5100,23.081158,84450,4363.1,4350.0
2025-07-03 12:59:00,135.65,136.8,134.3,136.7,3150,23.522407,84450,4361.3,4350.0
2025-07-03 13:00:00,136.7,137.75,131.0,134.8,9900,23.400568,84450,4359.0,4350.0
2025-07-03 13:01:00,135.2,136.55,134.05,135.0,2700,22.969479,87900,4362.9,4350.0
2025-07-03 13:02:00,135.0,136.5,134.2,134.2,1200,23.153958,87900,4360.0,4350.0
2025-07-03 13:03:00,134.2,134.2,134.2,134.2,0,23.153958,87900,4360.0,4350.0
2025-07-03 13:04:00,135.0,135.0,134.05,134.7,1050,23.260155,88200,4360.0,4350.0
2025-07-03 13:05:00,134.7,134.7,133.9,133.9,1650,23.10395,88200,4359.9,4350.0
2025-07-03 13:06:00,133.9,133.9,132.4,132.4,3750,22.945304,88200,4358.6,4350.0
2025-07-03 13:07:00,132.95,134.7,132.95,134.15,1350,23.14532,88950,4360.0,4350.0
2025-07-03 13:08:00,134.15,137.95,134.15,137.95,300,23.460665,88950,4364.0,4350.0
2025-07-03 13:09:00,137.95,137.95,136.2,136.35,4350,23.159799,88950,4363.7,4350.0
2025-07-03 13:10:00,136.35,137.65,136.25,136.4,1350,23.402605,89550,4361.8,4350.0
2025-07-03 13:11:00,136.4,140.65,136.4,140.65,1650,23.72557,89550,4366.5,4350.0
2025-07-03 13:12:00,140.65,140.65,136.4,136.4,1650,23.415535,89550,4361.7,4350.0
2025-07-03 13:13:00,136.4,136.75,127.65,128.45,7800,23.31841,89700,4348.5,4350.0
2025-07-03 13:14:00,129.0,132.4,128.1,131.7,6600,23.053635,89700,4356.5,4350.0
2025-07-03 13:15:00,131.7,131.7,128.4,129.7,2700,23.287758,89700,4351.0,4350.0
2025-07-03 13:16:00,129.7,129.7,125.4,126.3,2550,23.39232,87600,4344.0,4350.0
2025-07-03 13:17:00,126.3,127.65,125.3,126.75,1500,23.0215,87600,4348.0,4350.0
2025-07-03 13:18:00,127.65,131.15,127.65,131.15,750,23.687831,87600,4350.2,4350.0
2025-07-03 13:19:00,131.15,131.15,129.55,131.0,1200,23.680223,87150,4350.0,4350.0
2025-07-03 13:20:00,131.0,131.6,130.1,131.6,1800,23.677159,87150,4351.1,4350.0
2025-07-03 13:21:00,131.6,131.75,127.6,127.6,750,23.154653,87150,4348.4,4350.0
2025-07-03 13:22:00,129.8,129.8,127.5,127.5,1350,23.227692,87150,4347.6,4350.0
2025-07-03 13:23:00,127.5,127.5,127.5,127.5,150,23.344821,87150,4346.6,4350.0
2025-07-03 13:24:00,127.5,128.4,127.5,127.8,1650,23.582594,87150,4345.1,4350.0
2025-07-03 13:25:00,127.15,127.15,127.0,127.0,450,23.205624,86400,4346.9,4350.0
2025-07-03 13:26:00,127.35,127.35,127.35,127.35,600,23.267811,86400,4347.0,4350.0
2025-07-03 13:27:00,127.7,128.4,127.7,128.4,600,23.570196,86400,4346.3,4350.0
2025-07-03 13:28:00,128.4,128.5,128.4,128.5,150,23.962257,86550,4343.1,4350.0
2025-07-03 13:29:00,126.25,126.25,126.25,126.25,450,23.305676,86550,4344.7,4350.0
2025-07-03 13:30:00,127.7,127.7,127.7,127.7,300,23.366145,86550,4346.8,4350.0
2025-07-03 13:31:00,127.7,129.4,127.7,129.4,150,23.254388,86700,4350.8,4350.0
2025-07-03 13:32:00,129.4,132.0,129.4,131.65,1350,23.277238,86700,4354.6,4350.0
2025-07-03 13:33:00,131.65,132.2,130.85,132.2,3900,23.548018,86700,4353.3,4350.0
2025-07-03 13:34:00,132.2,133.0,132.2,133.0,300,23.550196,86850,4354.7,4350.0
2025-07-03 13:35:00,133.0,134.0,133.0,133.5,600,23.655799,86850,4354.7,4350.0
2025-07-03 13:36:00,133.0,133.0,131.8,132.0,1200,23.304706,86850,4355.0,4350.0
2025-07-03 13:37:00,132.0,133.2,132.0,133.2,600,23.557675,86550,4355.0,4350.0
2025-07-03 13:38:00,133.2,133.3,132.9,133.3,300,23.579106,86550,4355.0,4350.0
2025-07-03 13:39:00,133.3,133.3,133.3,133.3,0,23.579106,86550,4354.9,4350.0
2025-07-03 13:40:00,133.3,138.7,133.3,137.3,6300,23.676969,86850,4361.2,4350.0
2025-07-03 13:41:00,137.3,137.3,132.75,136.5,23700,24.37242,86850,4354.0,4350.0
2025-07-03 13:42:00,135.55,136.0,132.75,132.75,3000,23.868364,86850,4351.6,4350.0
2025-07-03 13:43:00,132.75,132.75,130.45,131.6,2250,23.81553,91650,4350.0,4350.0
2025-07-03 13:44:00,131.6,132.0,131.6,132.0,150,23.581345,91650,4352.7,4350.0
2025-07-03 13:45:00,132.0,132.0,130.95,130.95,900,23.714984,91650,4349.7,4350.0
2025-07-03 13:46:00,130.95,131.45,129.8,129.9,1200,23.518246,90450,4349.5,4350.0
2025-07-03 13:47:00,129.9,130.3,129.9,129.95,750,23.505632,90450,4349.7,4350.0
2025-07-03 13:48:00,129.95,130.1,129.1,130.1,600,23.690034,90450,4348.4,4350.0
2025-07-03 13:49:00,130.1,130.1,128.15,129.05,1500,23.516691,89400,4348.0,4350.0
2025-07-03 13:50:00,129.05,129.05,129.0,129.0,150,23.541657,89400,4347.7,4350.0
2025-07-03 13:51:00,129.0,129.0,128.9,128.9,450,23.63776,89400,4346.7,4350.0
2025-07-03 13:52:00,128.9,128.9,128.9,128.9,150,23.310399,89100,4349.5,4350.0
2025-07-03 13:53:00,128.9,128.9,128.9,128.9,0,23.310399,89100,4349.4,4350.0
2025-07-03 13:54:00,128.9,130.15,128.9,130.15,150,23.420814,89100,4350.8,4350.0
2025-07-03 13:55:00,130.15,130.15,130.15,130.15,0,23.420814,89100,4352.6,4350.0
2025-07-03 13:56:00,130.0,130.0,128.9,128.9,600,23.323676,88950,4349.4,4350.0
2025-07-03 13:57:00,129.25,129.35,129.25,129.35,300,23.206519,88950,4351.2,4350.0
2025-07-03 13:58:00,129.35,129.35,129.35,129.35,0,23.206519,88950,4350.5,4350.0
2025-07-03 13:59:00,129.65,129.65,129.65,129.65,150,23.411882,88500,4350.0,4350.0
2025-07-03 14:00:00,129.65,129.65,129.2,129.2,150,23.552409,88500,4348.0,4350.0
2025-07-03 14:01:00,129.2,129.2,128.2,128.2,450,23.412896,88650,4347.4,4350.0
2025-07-03 14:02:00,128.2,128.2,127.6,127.6,3450,23.345649,88650,4346.9,4350.0
2025-07-03 14:03:00,127.6,128.8,127.6,128.8,450,23.328826,88650,4349.2,4350.0
2025-07-03 14:04:00,128.8,128.8,128.8,128.8,0,23.328826,88650,4349.8,4350.0
2025-07-03 14:05:00,128.8,128.8,128.8,128.8,0,23.328826,88650,4349.9,4350.0
2025-07-03 14:06:00,128.8,128.8,128.8,128.8,0,23.328826,88650,4348.9,4350.0
2025-07-03 14:07:00,128.8,128.8,128.8,128.8,0,23.328826,88650,4346.9,4350.0
2025-07-03 14:08:00,128.8,128.8,128.8,128.8,0,23.328826,88650,4346.7,4350.0
2025-07-03 14:09:00,128.8,128.8,128.8,128.8,0,23.328826,88650,4349.1,4350.0
2025-07-03 14:10:00,128.8,128.8,128.8,128.8,0,23.328826,88650,4348.7,4350.0
2025-07-03 14:11:00,128.8,128.8,128.8,128.8,0,23.328826,88650,4348.2,4350.0
2025-07-03 14:12:00,128.8,128.8,126.65,126.65,750,23.625711,88950,4342.8,4350.0
2025-07-03 14:13:00,126.65,126.65,126.35,126.35,450,23.366552,89100,4344.5,4350.0
2025-07-03 14:14:00,126.35,126.7,126.35,126.7,300,23.394007,89100,4344.9,4350.0
2025-07-03 14:15:00,126.7,128.8,126.7,128.8,150,23.462409,89100,4348.1,4350.0
2025-07-03 14:16:00,128.8,128.85,128.8,128.85,600,23.426435,88950,4348.5,4350.0
2025-07-03 14:17:00,128.85,129.55,128.85,129.55,150,23.397734,88950,4350.0,4350.0
2025-07-03 14:18:00,127.0,127.0,123.55,125.35,5100,23.343666,88950,4342.9,4350.0
2025-07-03 14:19:00,125.35,125.7,125.35,125.7,150,23.220769,89100,4344.6,4350.0
2025-07-03 14:20:00,125.7,125.7,125.0,125.0,600,23.062565,89100,4344.7,4350.0
2025-07-03 14:21:00,125.0,125.0,118.05,118.05,1200,23.21054,89100,4330.6,4350.0
2025-07-03 14:22:00,118.05,118.05,115.7,116.5,1650,23.297079,89100,4326.9,4350.0
2025-07-03 14:23:00,116.5,120.7,116.5,120.7,450,23.080018,89100,4336.7,4350.0
2025-07-03 14:24:00,120.7,121.4,120.7,121.4,450,23.113476,89100,4337.7,4350.0
2025-07-03 14:25:00,121.4,121.55,121.4,121.55,900,23.31568,88950,4336.2,4350.0
2025-07-03 14:26:00,121.55,122.0,121.55,122.0,150,23.376381,88950,4336.5,4350.0
2025-07-03 14:27:00,122.0,122.0,120.95,121.1,600,22.903396,88950,4339.0,4350.0
2025-07-03 14:28:00,121.1,123.7,121.1,123.7,750,23.426237,89550,4339.2,4350.0
2025-07-03 14:29:00,122.9,122.9,122.2,122.5,600,23.129178,89550,4339.6,4350.0
2025-07-03 14:30:00,122.5,122.5,122.5,122.5,0,23.129178,89550,4340.7,4350.0
2025-07-03 14:31:00,122.5,122.5,121.0,121.65,750,22.940172,90750,4339.7,4350.0
2025-07-03 14:32:00,121.65,122.6,121.6,121.6,300,23.124252,90750,4338.0,4350.0
2025-07-03 14:33:00,121.6,121.6,121.6,121.6,0,23.124252,90750,4339.2,4350.0
2025-07-03 14:34:00,122.35,122.35,122.35,122.35,300,22.996438,90750,4340.5,4350.0
2025-07-03 14:35:00,122.35,122.4,122.35,122.4,450,23.133341,90300,4339.4,4350.0
2025-07-03 14:36:00,122.4,122.4,122.0,122.0,300,23.152635,90300,4338.5,4350.0
2025-07-03 14:37:00,122.0,122.0,119.45,120.5,300,23.031969,90150,4336.8,4350.0
2025-07-03 14:38:00,120.5,120.5,119.75,119.75,750,22.977184,90150,4335.9,4350.0
2025-07-03 14:39:00,119.75,119.8,119.75,119.8,150,22.646589,90150,4338.9,4350.0
2025-07-03 14:40:00,119.8,122.7,119.8,122.7,600,22.899591,90300,4342.0,4350.0
2025-07-03 14:41:00,122.7,122.7,119.1,120.8,600,22.98263,90300,4337.8,4350.0
2025-07-03 14:42:00,120.8,121.3,120.35,121.3,300,22.916643,90300,4339.3,4350.0
2025-07-03 14:43:00,121.3,121.3,121.3,121.3,0,22.916643,90300,4341.4,4350.0
2025-07-03 14:44:00,121.3,121.3,121.3,121.3,0,22.916643,90300,4340.1,4350.0
2025-07-03 14:45:00,121.3,121.3,120.8,120.8,150,23.075153,90300,4337.0,4350.0
2025-07-03 14:46:00,120.8,121.0,120.8,121.0,150,22.775008,90300,4340.0,4350.0
2025-07-03 14:47:00,121.0,121.0,121.0,121.0,0,22.775008,90300,4340.4,4350.0
2025-07-03 14:48:00,121.0,121.0,121.0,121.0,0,22.775008,90300,4336.9,4350.0
2025-07-03 14:49:00,121.0,121.0,121.0,121.0,0,22.775008,90300,4336.0,4350.0
2025-07-03 14:50:00,121.0,121.0,121.0,121.0,0,22.775008,90300,4335.5,4350.0
2025-07-03 14:51:00,120.0,120.0,120.0,120.0,150,23.249164,90300,4334.0,4350.0
2025-07-03 14:52:00,120.0,120.0,118.6,118.6,300,23.046104,90300,4333.2,4350.0
2025-07-03 14:53:00,118.6,118.6,118.6,118.6,300,22.718937,90450,4336.1,4350.0
2025-07-03 14:54:00,119.4,121.05,119.4,121.05,600,22.777008,90450,4340.1,4350.0
2025-07-03 14:55:00,121.05,121.05,121.05,121.05,0,22.777008,90450,4342.6,4350.0
2025-07-03 14:56:00,121.05,121.05,121.05,121.05,0,22.777008,90450,4339.8,4350.0
2025-07-03 14:57:00,121.05,121.05,121.0,121.0,150,23.167036,90000,4336.6,4350.0
2025-07-03 14:58:00,121.0,121.0,119.0,119.0,750,22.929243,90300,4335.0,4350.0
2025-07-03 14:59:00,119.0,121.0,119.0,121.0,1050,23.156433,90300,4336.7,4350.0
2025-07-03 15:00:00,121.0,122.0,121.0,122.0,300,22.944203,90300,4340.4,4350.0
2025-07-03 15:01:00,122.0,122.5,122.0,122.0,450,22.864143,90300,4341.1,4350.0
2025-07-03 15:02:00,122.0,127.2,122.0,127.2,1650,22.920528,90150,4350.0,4350.0
2025-07-03 15:03:00,126.75,126.75,125.65,126.0,1500,22.845057,90150,4348.5,4350.0
2025-07-03 15:04:00,126.0,127.9,125.8,127.2,1950,22.874061,89400,4350.4,4350.0
2025-07-03 15:05:00,126.85,128.8,126.85,128.8,1650,22.664231,89400,4355.0,4350.0
2025-07-03 15:06:00,128.3,128.8,128.3,128.8,900,22.760325,89400,4354.2,4350.0
2025-07-03 15:07:00,128.8,128.8,127.95,127.95,150,22.605447,89400,4354.0,4350.0
2025-07-03 15:08:00,127.95,131.0,127.95,131.0,1650,22.76854,88350,4358.0,4350.0
2025-07-03 15:09:00,130.35,130.75,129.2,129.2,750,22.797945,88350,4354.6,4350.0
2025-07-03 15:10:00,129.2,130.9,129.2,129.65,450,22.845318,88350,4355.0,4350.0
2025-07-03 15:11:00,129.65,130.95,129.2,129.2,600,22.666877,87300,4355.7,4350.0
2025-07-03 15:12:00,129.2,130.45,129.2,129.5,300,22.850354,87300,4354.7,4350.0
2025-07-03 15:13:00,129.5,129.5,129.5,129.5,150,22.93437,87300,4354.0,4350.0
2025-07-03 15:14:00,129.5,129.5,129.5,129.5,0,22.93437,87300,4355.0,4350.0
2025-07-03 15:15:00,129.5,129.6,129.15,129.6,1050,22.836662,87300,4355.0,4350.0
2025-07-03 15:16:00,129.6,130.0,128.8,128.8,1050,22.787976,87300,4354.0,4350.0
2025-07-03 15:17:00,128.8,129.35,128.8,129.35,1050,22.90427,87300,4354.0,4350.0
2025-07-03 15:18:00,129.45,129.45,125.75,125.75,750,22.798095,87300,4348.5,4350.0
2025-07-03 15:19:00,125.75,126.1,125.75,126.1,300,22.742614,87300,4349.6,4350.0
2025-07-03 15:20:00,126.1,127.15,125.9,126.3,450,22.820435,86700,4349.3,4350.0
2025-07-03 15:21:00,125.55,125.55,124.9,125.3,2550,23.747846,86700,4339.5,4350.0
2025-07-03 15:22:00,125.3,125.3,123.0,123.0,600,24.54934,88050,4328.1,4350.0
2025-07-03 15:23:00,123.0,123.3,121.1,121.1,2400,24.173593,88050,4327.9,4350.0
2025-07-03 15:24:00,121.1,124.05,121.1,124.05,150,24.547903,88050,4330.1,4350.0
2025-07-03 15:25:00,124.05,124.05,122.75,122.75,300,23.894996,88050,4333.5,4350.0
2025-07-03 15:26:00,122.75,123.65,122.75,123.65,450,24.106609,88050,4333.3,4350.0
2025-07-03 15:27:00,123.65,123.65,123.3,123.3,750,24.056079,88050,4333.1,4350.0
2025-07-03 15:28:00,123.3,123.3,121.95,122.1,900,23.816055,87600,4333.0,4350.0
2025-07-03 15:29:00,122.1,123.25,122.0,122.0,1800,24.131193,87600,4330.0,4350.0
2025-07-04 09:15:00,137.85,137.85,137.85,137.85,150,24.891983,87900,4356.0,4350.0
2025-07-04 09:16:00,130.6,130.6,120.9,122.2,3000,23.101753,88050,4343.0,4350.0
2025-07-04 09:17:00,126.25,129.45,126.25,129.45,1500,23.629285,88050,4351.6,4350.0
2025-07-04 09:18:00,130.1,130.1,126.3,129.0,1950,23.855508,89550,4348.9,4350.0
2025-07-04 09:19:00,129.0,129.0,125.0,126.5,2100,23.156313,89550,4350.3,4350.0
2025-07-04 09:20:00,126.5,129.75,124.05,126.55,3000,23.417263,89550,4348.2,4350.0
2025-07-04 09:21:00,126.55,133.55,126.55,133.55,2550,23.940097,89850,4356.3,4350.0
2025-07-04 09:22:00,133.55,133.7,129.0,131.05,4800,23.708592,89850,4353.8,4350.0
2025-07-04 09:23:00,131.05,133.9,130.95,130.95,4500,23.43395,89850,4355.9,4350.0
2025-07-04 09:24:00,130.95,135.95,130.95,133.5,9450,23.772806,91200,4357.6,4350.0
2025-07-04 09:25:00,133.5,133.8,132.0,133.0,1500,23.495544,91200,4359.0,4350.0
2025-07-04 09:26:00,133.0,135.5,130.55,130.55,2550,23.130715,91200,4357.7,4350.0
2025-07-04 09:27:00,130.55,133.25,129.8,130.65,1350,23.115872,88650,4358.0,4350.0
2025-07-04 09:28:00,130.65,130.65,129.35,129.35,450,23.215209,88650,4354.9,4350.0
2025-07-04 09:29:00,131.45,133.0,130.0,130.0,5700,23.318149,88650,4355.2,4350.0
2025-07-04 09:30:00,130.0,130.7,130.0,130.7,900,23.552658,85350,4354.5,4350.0
2025-07-04 09:31:00,130.7,130.7,126.95,126.95,2550,23.907882,85350,4344.8,4350.0
2025-07-04 09:32:00,123.6,124.8,123.6,124.8,2850,23.072689,85350,4348.0,4350.0
2025-07-04 09:33:00,124.8,126.2,124.8,125.2,1350,23.512564,85350,4345.0,4350.0
2025-07-04 09:34:00,125.2,125.95,125.2,125.95,1350,23.472424,85800,4346.7,4350.0
2025-07-04 09:35:00,125.95,125.95,123.55,123.55,300,22.961448,85800,4346.7,4350.0
2025-07-04 09:36:00,124.4,124.4,122.2,122.2,900,23.226267,86400,4342.0,4350.0
2025-07-04 09:37:00,122.2,123.3,121.45,121.45,900,22.856458,86400,4343.8,4350.0
2025-07-04 09:38:00,121.45,124.5,121.45,124.5,150,23.235895,86400,4346.1,4350.0
2025-07-04 09:39:00,124.5,124.5,124.5,124.5,150,23.365835,86400,4345.0,4350.0
2025-07-04 09:40:00,119.2,120.0,117.8,117.8,2100,22.755632,86250,4338.0,4350.0
2025-07-04 09:41:00,121.25,121.25,121.25,121.25,300,23.258609,86250,4340.0,4350.0
2025-07-04 09:42:00,121.25,123.25,121.0,123.25,1650,23.684508,86550,4340.0,4350.0
2025-07-04 09:43:00,123.25,124.0,120.5,120.5,1050,23.778174,86550,4334.1,4350.0
2025-07-04 09:44:00,118.0,118.95,117.7,117.7,4200,23.648238,86550,4330.0,4350.0
2025-07-04 09:45:00,117.7,117.7,117.7,117.7,0,23.648238,86550,4333.9,4350.0
2025-07-04 09:46:00,119.2,119.7,119.2,119.7,750,22.942329,85950,4339.9,4350.0
2025-07-04 09:47:00,120.55,121.25,120.55,121.25,300,23.434483,85950,4338.5,4350.0
2025-07-04 09:48:00,121.25,121.5,120.55,120.55,1050,23.653729,86100,4335.3,4350.0
2025-07-04 09:49:00,119.0,119.0,119.0,119.0,600,23.141016,86100,4336.9,4350.0
2025-07-04 09:50:00,119.0,119.0,119.0,119.0,0,23.141016,86100,4337.5,4350.0
2025-07-04 09:51:00,119.0,119.0,119.0,119.0,0,23.141016,86100,4343.0,4350.0
2025-07-04 09:52:00,119.0,123.15,119.0,122.85,900,23.661231,85950,4339.5,4350.0
2025-07-04 09:53:00,122.85,125.35,122.45,124.9,6600,23.220635,85950,4347.0,4350.0
2025-07-04 09:54:00,124.9,124.9,124.5,124.5,450,23.135768,83850,4347.0,4350.0
2025-07-04 09:55:00,124.5,125.0,123.2,125.0,750,23.076737,83850,4348.4,4350.0
2025-07-04 09:56:00,125.0,125.0,123.8,123.8,450,23.481262,83850,4342.8,4350.0
2025-07-04 09:57:00,123.8,123.8,123.2,123.2,150,23.22513,83850,4343.9,4350.0
2025-07-04 09:58:00,123.2,123.2,123.2,123.2,150,22.883877,84300,4346.8,4350.0
2025-07-04 09:59:00,123.2,124.05,123.2,124.05,300,23.159965,84300,4346.0,4350.0
2025-07-04 10:00:00,124.05,124.15,122.75,122.75,1500,23.457466,84300,4341.1,4350.0
2025-07-04 10:01:00,122.75,122.75,119.95,120.2,4200,23.112445,82950,4339.4,4350.0
2025-07-04 10:02:00,120.2,122.75,120.2,122.75,150,23.423342,82950,4341.4,4350.0
2025-07-04 10:03:00,122.75,122.75,122.75,122.75,0,23.423342,82950,4339.4,4350.0
2025-07-04 10:04:00,122.75,122.75,120.0,120.0,300,23.485766,82650,4335.8,4350.0
2025-07-04 10:05:00,119.0,119.0,118.05,118.05,600,23.002556,82650,4336.4,4350.0
2025-07-04 10:06:00,118.05,119.5,118.05,119.5,300,23.150307,82500,4337.8,4350.0
2025-07-04 10:07:00,119.5,121.0,119.5,121.0,300,23.319729,82500,4339.1,4350.0
2025-07-04 10:08:00,121.65,121.65,121.65,121.65,1500,23.826802,82500,4335.9,4350.0
2025-07-04 10:09:00,121.65,121.65,121.2,121.2,300,23.293597,82500,4339.7,4350.0
2025-07-04 10:10:00,121.2,121.2,121.2,121.2,0,23.293597,82500,4340.9,4350.0
2025-07-04 10:11:00,121.2,121.2,121.2,121.2,0,23.293597,82500,4342.0,4350.0
2025-07-04 10:12:00,121.25,123.0,121.25,123.0,750,23.526997,83250,4341.0,4350.0
2025-07-04 10:13:00,123.0,123.0,123.0,123.0,0,23.526997,83250,4339.9,4350.0
2025-07-04 10:14:00,123.0,123.0,123.0,123.0,0,23.526997,83250,4339.2,4350.0
2025-07-04 10:15:00,123.0,123.0,123.0,123.0,0,23.526997,83250,4338.5,4350.0
2025-07-04 10:16:00,122.05,122.05,118.85,118.85,1050,23.325977,82800,4335.1,4350.0
2025-07-04 10:17:00,118.85,118.85,118.0,118.0,300,23.214161,82800,4334.5,4350.0
2025-07-04 10:18:00,143.0,143.0,133.7,134.75,5700,23.250312,135600,4316.7,4300.0
2025-07-04 10:19:00,134.75,137.0,134.7,137.0,4650,23.062873,135600,4322.0,4300.0
2025-07-04 10:20:00,113.15,116.2,113.05,116.2,1800,23.881204,82500,4325.2,4350.0
2025-07-04 10:21:00,139.8,139.8,139.0,139.0,450,23.743316,135600,4320.1,4300.0
2025-07-04 10:22:00,139.0,139.0,137.0,137.4,450,23.177079,139350,4321.8,4300.0
2025-07-04 10:23:00,139.0,139.0,138.75,138.75,1050,23.548867,139350,4321.2,4300.0
2025-07-04 10:24:00,138.75,138.75,138.75,138.75,0,23.548867,139350,4321.0,4300.0
2025-07-04 10:25:00,138.75,138.75,136.85,136.85,150,23.315166,139950,4319.8,4300.0
2025-07-04 10:26:00,137.55,137.55,137.55,137.55,450,23.198493,139950,4321.9,4300.0
2025-07-04 10:27:00,137.55,138.0,137.55,138.0,300,23.464006,139950,4320.6,4300.0
2025-07-04 10:28:00,138.0,138.0,138.0,138.0,0,23.464006,139950,4324.3,4300.0
2025-07-04 10:29:00,114.55,116.0,114.55,116.0,450,23.741876,83850,4326.1,4350.0
2025-07-04 10:30:00,116.95,116.95,116.95,116.95,300,23.955429,83850,4326.0,4350.0
2025-07-04 10:31:00,138.15,138.15,138.0,138.0,750,23.117849,140100,4323.3,4300.0
2025-07-04 10:32:00,138.0,138.0,138.0,138.0,150,23.40187,140100,4321.1,4300.0
2025-07-04 10:33:00,138.0,138.0,138.0,138.0,0,23.40187,140100,4323.2,4300.0
2025-07-04 10:34:00,138.0,138.0,138.0,138.0,0,23.40187,140100,4319.2,4300.0
2025-07-04 10:35:00,138.0,138.0,138.0,138.0,0,23.40187,140100,4321.1,4300.0
2025-07-04 10:36:00,113.9,114.2,113.9,114.2,150,23.462164,84450,4325.2,4350.0
2025-07-04 10:37:00,114.55,115.0,114.55,115.0,300,23.565815,84300,4325.8,4350.0
2025-07-04 10:38:00,115.0,116.95,115.0,116.95,150,23.813252,84300,4327.3,4350.0
2025-07-04 10:39:00,116.95,118.4,116.95,118.4,450,24.099597,84150,4327.5,4350.0
2025-07-04 10:40:00,141.25,141.25,139.8,139.8,450,23.294035,140850,4325.0,4300.0
2025-07-04 10:41:00,139.8,139.8,139.8,139.8,0,23.294035,140850,4326.3,4350.0
2025-07-04 10:42:00,116.95,118.1,116.95,118.1,150,24.070582,84150,4327.2,4350.0
2025-07-04 10:43:00,141.6,141.6,139.8,139.8,750,23.605787,141150,4322.6,4300.0
2025-07-04 10:44:00,139.8,139.8,139.8,139.8,0,23.605787,141150,4322.7,4300.0
2025-07-04 10:45:00,139.8,139.8,139.8,139.8,0,23.605787,141150,4325.0,4350.0
2025-07-04 10:46:00,139.8,140.0,139.8,140.0,150,23.405048,141750,4324.5,4300.0
2025-07-04 10:47:00,116.35,117.2,116.35,117.2,150,23.981785,84750,4326.3,4350.0
2025-07-04 10:48:00,117.2,117.4,117.2,117.4,150,24.013545,84750,4326.4,4350.0
2025-07-04 10:49:00,117.4,117.4,117.4,117.4,0,24.013545,84750,4326.5,4350.0
2025-07-04 10:50:00,117.4,117.4,117.4,117.4,0,24.013545,84750,4323.0,4300.0
2025-07-04 10:51:00,140.0,140.0,140.0,140.0,900,23.342126,141600,4325.0,4300.0
2025-07-04 10:52:00,140.0,140.1,138.95,139.0,750,23.253862,142500,4324.0,4300.0
2025-07-04 10:53:00,139.0,139.0,139.0,139.0,0,23.253862,142500,4321.0,4300.0
2025-07-04 10:54:00,137.5,137.5,137.5,137.5,450,22.952898,142500,4323.8,4300.0
2025-07-04 10:55:00,137.5,138.9,137.5,138.9,150,23.155315,143550,4324.6,4300.0
2025-07-04 10:56:00,138.9,138.9,137.85,138.0,450,23.424277,143550,4321.0,4300.0
2025-07-04 10:57:00,138.0,138.0,138.0,138.0,0,23.424277,143550,4321.9,4300.0
2025-07-04 10:58:00,138.0,138.0,138.0,138.0,0,23.424277,143550,4321.2,4300.0
2025-07-04 10:59:00,138.0,138.0,138.0,138.0,150,23.566388,143550,4319.9,4300.0
2025-07-04 11:00:00,138.0,138.0,137.1,137.1,150,23.498491,143550,4318.9,4300.0
2025-07-04 11:01:00,132.65,133.1,131.7,132.95,3150,23.803953,143700,4309.3,4300.0
2025-07-04 11:02:00,132.95,135.0,132.95,134.0,750,23.370172,143700,4314.6,4300.0
2025-07-04 11:03:00,134.0,134.35,134.0,134.35,150,23.697616,143700,4312.6,4300.0
2025-07-04 11:04:00,134.35,135.0,134.35,135.0,300,23.789008,145800,4313.0,4300.0
2025-07-04 11:05:00,134.5,135.0,134.5,135.0,300,23.638904,145800,4314.2,4300.0
2025-07-04 11:06:00,135.0,135.0,135.0,135.0,0,23.638904,145800,4313.6,4300.0
2025-07-04 11:07:00,135.0,135.0,135.0,135.0,0,23.638904,145800,4312.7,4300.0
2025-07-04 11:08:00,135.0,135.0,135.0,135.0,0,23.638904,145800,4312.1,4300.0
2025-07-04 11:09:00,135.0,135.0,135.0,135.0,0,23.638904,145800,4313.5,4300.0
2025-07-04 11:10:00,135.0,135.0,134.35,134.35,150,23.637823,145650,4313.1,4300.0
2025-07-04 11:11:00,134.35,134.35,134.35,134.35,150,23.900381,145650,4311.0,4300.0
2025-07-04 11:12:00,134.35,134.35,133.2,133.2,300,23.363874,145650,4313.3,4300.0
2025-07-04 11:13:00,133.2,135.0,133.2,135.0,450,23.679789,145650,4313.9,4300.0
2025-07-04 11:14:00,135.0,135.0,135.0,135.0,0,23.679789,145650,4312.9,4300.0
2025-07-04 11:15:00,135.0,135.0,135.0,135.0,0,23.679789,145650,4312.9,4300.0
2025-07-04 11:16:00,135.0,135.0,135.0,135.0,0,23.679789,145650,4310.9,4300.0
2025-07-04 11:17:00,135.0,135.0,135.0,135.0,0,23.679789,145650,4311.1,4300.0
2025-07-04 11:18:00,134.2,135.0,134.2,135.0,900,23.706894,145800,4313.7,4300.0
2025-07-04 11:19:00,135.0,135.0,135.0,135.0,150,23.84506,145800,4312.6,4300.0
2025-07-04 11:20:00,134.9,134.9,134.9,134.9,450,24.196898,145800,4309.6,4300.0
2025-07-04 11:21:00,133.35,133.35,133.05,133.05,300,23.784058,145800,4309.7,4300.0
2025-07-04 11:22:00,132.1,132.1,131.35,131.35,2250,23.725138,145800,4307.2,4300.0
2025-07-04 11:23:00,128.2,128.4,128.2,128.4,2100,23.735173,145800,4301.9,4300.0
2025-07-04 11:24:00,127.35,128.95,127.2,128.95,600,23.720818,145800,4303.0,4300.0
2025-07-04 11:25:00,128.95,130.0,128.95,130.0,1650,23.704234,144150,4305.0,4300.0
2025-07-04 11:26:00,130.0,130.0,129.0,129.0,750,23.377857,144150,4305.9,4300.0
2025-07-04 11:27:00,129.0,129.0,128.1,129.0,1050,23.61094,145050,4304.0,4300.0
2025-07-04 11:28:00,129.0,129.0,128.0,128.0,300,23.638572,145050,4302.0,4300.0
2025-07-04 11:29:00,128.0,128.0,128.0,128.0,150,23.602538,145050,4302.3,4300.0
2025-07-04 11:30:00,128.0,128.0,125.35,125.35,2400,23.967532,145050,4294.5,4300.0
2025-07-04 11:31:00,125.35,125.35,123.1,124.0,1800,23.59349,144300,4295.2,4300.0
2025-07-04 11:32:00,124.0,124.0,124.0,124.0,1800,24.043726,144300,4291.4,4300.0
2025-07-04 11:33:00,124.0,124.0,121.8,123.25,900,23.953039,144300,4290.8,4300.0
2025-07-04 11:34:00,123.25,123.25,123.0,123.0,300,23.852509,142350,4291.2,4300.0
2025-07-04 11:35:00,123.0,123.0,123.0,123.0,0,23.852509,142350,4287.5,4300.0
2025-07-04 11:36:00,121.0,121.0,119.3,119.3,2400,23.020279,142350,4291.5,4300.0
2025-07-04 11:37:00,120.5,120.5,118.35,119.0,12000,23.401702,142950,4287.7,4300.0
2025-07-04 11:38:00,119.0,119.0,117.95,117.95,1050,23.835246,142950,4282.0,4300.0
2025-07-04 11:39:00,116.6,116.6,116.6,116.6,750,23.337847,142950,4283.8,4300.0
2025-07-04 11:40:00,116.6,116.6,116.6,116.6,0,23.337847,142950,4286.0,4300.0
2025-07-04 11:41:00,118.8,119.15,118.8,119.15,5250,23.66813,141450,4285.7,4300.0
2025-07-04 11:42:00,118.2,118.35,118.2,118.35,900,23.922953,141450,4282.0,4300.0
2025-07-04 11:43:00,117.8,117.8,117.8,117.8,150,23.378105,144150,4285.7,4300.0
2025-07-04 11:44:00,119.45,121.0,119.45,120.5,1350,23.704314,144150,4287.9,4300.0
2025-07-04 11:45:00,143.2,143.2,137.25,137.3,300,23.088134,56250,4275.0,4250.0
2025-07-04 11:46:00,114.0,115.0,114.0,114.2,1350,23.623395,145200,4276.8,4300.0
2025-07-04 11:47:00,136.75,138.0,136.75,138.0,150,23.309713,56250,4274.5,4250.0
2025-07-04 11:48:00,137.4,137.4,137.4,137.4,150,23.111463,56250,4275.0,4250.0
2025-07-04 11:49:00,114.95,115.55,114.95,115.55,300,24.016941,146100,4275.9,4300.0
2025-07-04 11:50:00,136.6,136.6,135.0,135.0,600,24.322444,56100,4261.5,4250.0
2025-07-04 11:51:00,135.0,135.0,132.4,132.4,450,23.409757,56100,4264.2,4250.0
2025-07-04 11:52:00,133.15,133.15,133.15,133.15,3150,23.562336,56250,4264.3,4250.0
2025-07-04 11:53:00,133.15,133.15,133.15,133.15,0,23.562336,56250,4263.2,4250.0
2025-07-04 11:54:00,133.0,133.0,132.45,132.45,1050,24.178542,56250,4258.2,4250.0
2025-07-04 11:55:00,130.0,130.0,129.65,129.65,1650,23.590134,57900,4258.0,4250.0
2025-07-04 11:56:00,131.0,131.0,130.55,130.55,750,23.537125,57900,4260.0,4250.0
2025-07-04 11:57:00,131.6,131.6,129.1,129.1,900,23.942634,57900,4254.2,4250.0
2025-07-04 11:58:00,129.1,129.1,129.1,129.1,150,23.207049,58500,4260.1,4250.0
2025-07-04 11:59:00,129.1,132.1,129.1,132.1,750,23.928647,58500,4259.6,4250.0
2025-07-04 12:00:00,132.1,132.4,132.1,132.4,150,23.692625,58500,4262.0,4250.0
2025-07-04 12:01:00,132.4,132.4,131.45,131.45,300,23.661123,58650,4260.6,4250.0
2025-07-04 12:02:00,133.45,133.45,133.45,133.45,900,23.670483,58650,4264.0,4250.0
2025-07-04 12:03:00,132.8,134.3,132.8,134.3,1200,23.845028,58650,4264.1,4250.0
2025-07-04 12:04:00,134.3,134.3,134.3,134.3,0,23.845028,58650,4264.1,4250.0
2025-07-04 12:05:00,134.2,134.2,134.2,134.2,150,23.709221,59250,4265.0,4250.0
2025-07-04 12:06:00,133.85,133.85,133.85,133.85,750,23.924963,59250,4262.7,4250.0
2025-07-04 12:07:00,133.85,133.85,133.55,133.55,750,23.821455,59400,4263.0,4250.0
2025-07-04 12:08:00,133.55,133.55,133.55,133.55,0,23.821455,59400,4263.2,4250.0
2025-07-04 12:09:00,133.55,133.55,131.5,131.5,2250,23.435166,59400,4262.5,4250.0
2025-07-04 12:10:00,133.15,133.15,133.15,133.15,1200,23.607723,59400,4264.0,4250.0
2025-07-04 12:11:00,133.15,133.15,133.15,133.15,0,23.607723,59400,4264.0,4250.0
2025-07-04 12:12:00,133.15,133.15,133.15,133.15,150,23.4043,60000,4265.6,4250.0
2025-07-04 12:13:00,134.1,134.1,134.1,134.1,150,23.728691,60150,4264.7,4250.0
2025-07-04 12:14:00,134.1,134.1,134.1,134.1,0,23.728691,60150,4264.7,4250.0
2025-07-04 12:15:00,134.1,134.1,132.95,133.15,750,23.736769,60150,4263.0,4250.0
2025-07-04 12:16:00,132.0,132.6,132.0,132.6,600,23.843979,59850,4261.2,4250.0
2025-07-04 12:17:00,132.6,132.6,132.6,132.6,0,23.843979,59850,4263.3,4250.0
2025-07-04 12:18:00,132.6,134.85,132.6,134.85,450,23.921112,59850,4264.5,4250.0
2025-07-04 12:19:00,134.45,134.45,134.45,134.45,150,23.88445,60300,4264.1,4250.0
2025-07-04 12:20:00,134.45,134.45,133.3,133.3,300,23.644708,60300,4264.0,4250.0
2025-07-04 12:21:00,134.5,134.5,134.5,134.5,300,23.781639,60300,4265.0,4250.0
2025-07-04 12:22:00,135.15,135.25,135.15,135.25,300,23.985229,60000,4264.7,4250.0
2025-07-04 12:23:00,135.25,135.25,135.25,135.25,0,23.985229,60000,4265.9,4250.0
2025-07-04 12:24:00,135.25,135.25,135.25,135.25,0,23.985229,60000,4264.0,4250.0
2025-07-04 12:25:00,135.25,135.25,133.5,134.0,300,23.914911,59850,4263.1,4250.0
2025-07-04 12:26:00,134.0,134.0,134.0,134.0,0,23.914911,59850,4263.9,4250.0
2025-07-04 12:27:00,134.0,134.0,134.0,134.0,0,23.914911,59850,4265.0,4250.0
2025-07-04 12:28:00,134.0,134.0,134.0,134.0,0,23.914911,59850,4265.0,4250.0
2025-07-04 12:29:00,134.0,134.0,134.0,134.0,0,23.914911,59850,4265.0,4250.0
2025-07-04 12:30:00,134.0,134.05,134.0,134.05,750,23.737264,60000,4264.6,4250.0
2025-07-04 12:31:00,134.05,134.05,132.8,132.8,150,23.792915,59550,4262.0,4250.0
2025-07-04 12:32:00,132.8,132.8,131.0,131.0,1650,23.662816,59550,4259.9,4250.0
2025-07-04 12:33:00,131.0,131.0,131.0,131.0,450,23.410842,59550,4261.9,4250.0
2025-07-04 12:34:00,131.0,131.0,131.0,131.0,0,23.410842,59550,4258.3,4250.0
2025-07-04 12:35:00,130.0,130.0,129.05,129.05,450,23.38671,60000,4258.7,4250.0
2025-07-04 12:36:00,129.3,129.35,129.3,129.35,300,23.839686,60000,4255.6,4250.0
2025-07-04 12:37:00,129.7,129.7,129.0,129.35,1050,23.553541,59700,4257.9,4250.0
2025-07-04 12:38:00,129.35,129.75,129.35,129.75,150,23.641685,59700,4257.9,4250.0
2025-07-04 12:39:00,129.75,129.75,129.75,129.75,0,23.641685,59700,4255.0,4250.0
2025-07-04 12:40:00,129.75,129.75,129.0,129.0,450,23.851386,59850,4254.9,4250.0
2025-07-04 12:41:00,129.0,129.0,127.55,127.55,750,23.891942,59850,4252.0,4250.0
2025-07-04 12:42:00,127.55,127.55,127.55,127.55,0,23.891942,59850,4251.9,4250.0
2025-07-04 12:43:00,127.55,127.55,127.55,127.55,0,23.891942,59850,4254.4,4250.0
2025-07-04 12:44:00,127.55,129.0,127.55,129.0,300,24.013655,60300,4253.6,4250.0
2025-07-04 12:45:00,129.05,129.05,129.05,129.05,150,24.086617,60300,4253.1,4250.0
2025-07-04 12:46:00,129.05,129.05,128.5,128.5,150,23.966607,60150,4253.1,4250.0
2025-07-04 12:47:00,128.5,128.5,128.5,128.5,0,23.966607,60150,4252.0,4250.0
2025-07-04 12:48:00,128.5,128.5,128.5,128.5,0,23.966607,60150,4254.0,4250.0
2025-07-04 12:49:00,128.5,128.5,128.5,128.5,0,23.966607,60150,4257.0,4250.0
2025-07-04 12:50:00,130.0,130.0,130.0,130.0,150,23.613697,60300,4258.6,4250.0
2025-07-04 12:51:00,130.0,130.0,130.0,130.0,0,23.613697,60300,4258.8,4250.0
2025-07-04 12:52:00,131.3,131.3,130.7,130.7,300,23.743053,60300,4258.8,4250.0
2025-07-04 12:53:00,130.7,130.7,130.7,130.7,0,23.743053,60300,4260.0,4250.0
2025-07-04 12:54:00,130.7,133.0,130.7,133.0,150,23.706747,60300,4263.1,4250.0
2025-07-04 12:55:00,133.0,133.3,133.0,133.3,150,23.785801,60300,4263.0,4250.0
2025-07-04 12:56:00,133.3,133.3,131.9,131.9,150,23.49104,60300,4262.9,4250.0
2025-07-04 12:57:00,133.3,133.3,133.3,133.3,300,23.849977,60300,4262.5,4250.0
2025-07-04 12:58:00,133.3,133.3,133.3,133.3,0,23.849977,60300,4262.4,4250.0
2025-07-04 12:59:00,134.0,134.0,134.0,134.0,150,23.839756,60300,4263.8,4250.0
2025-07-04 13:00:00,134.0,134.0,134.0,134.0,450,23.814725,60300,4264.0,4250.0
2025-07-04 13:01:00,134.0,134.0,134.0,134.0,0,23.814725,60300,4260.3,4250.0
2025-07-04 13:02:00,134.0,134.0,134.0,134.0,0,23.814725,60300,4258.1,4250.0
2025-07-04 13:03:00,134.0,134.0,134.0,134.0,0,23.814725,60300,4262.6,4250.0
2025-07-04 13:04:00,134.0,134.0,134.0,134.0,0,23.814725,60300,4264.5,4250.0
2025-07-04 13:05:00,134.0,134.0,134.0,134.0,600,23.753073,60450,4264.5,4250.0
2025-07-04 13:06:00,134.0,134.3,134.0,134.3,150,23.62787,60450,4266.0,4250.0
2025-07-04 13:07:00,134.3,134.3,134.3,134.3,0,23.62787,60450,4263.4,4250.0
2025-07-04 13:08:00,134.3,134.3,134.3,134.3,0,23.62787,60450,4262.8,4250.0
2025-07-04 13:09:00,134.3,134.3,134.3,134.3,150,23.756939,60450,4265.0,4250.0
2025-07-04 13:10:00,134.3,134.3,134.3,134.3,0,23.756939,60450,4264.0,4250.0
2025-07-04 13:11:00,134.3,134.3,134.3,134.3,150,24.037457,60600,4262.8,4250.0
2025-07-04 13:12:00,134.3,134.3,134.3,134.3,150,23.758146,60600,4265.0,4250.0
2025-07-04 13:13:00,134.3,134.3,134.3,134.3,0,23.758146,60600,4265.3,4250.0
2025-07-04 13:14:00,134.3,135.75,134.3,135.75,300,23.873606,60750,4266.6,4250.0
2025-07-04 13:15:00,135.75,135.75,135.75,135.75,150,24.078496,60750,4265.0,4250.0
2025-07-04 13:16:00,135.75,135.75,135.75,135.75,0,24.078496,60750,4265.5,4250.0
2025-07-04 13:17:00,135.75,135.75,135.75,135.75,0,24.078496,60750,4264.0,4250.0
2025-07-04 13:18:00,135.75,135.75,134.0,134.0,600,23.821976,61050,4264.0,4250.0
2025-07-04 13:19:00,134.0,134.0,134.0,134.0,150,23.707683,61050,4264.9,4250.0
2025-07-04 13:20:00,134.0,134.0,134.0,134.0,0,23.707683,61050,4263.5,4250.0
2025-07-04 13:21:00,134.0,134.0,134.0,134.0,0,23.707683,61050,4263.0,4250.0
2025-07-04 13:22:00,134.0,134.0,134.0,134.0,0,23.707683,61050,4264.2,4250.0
2025-07-04 13:23:00,134.0,135.0,134.0,135.0,150,23.929425,61050,4264.9,4250.0
2025-07-04 13:24:00,135.0,135.0,135.0,135.0,0,23.929425,61050,4265.0,4250.0
2025-07-04 13:25:00,135.0,135.0,135.0,135.0,0,23.929425,61050,4264.0,4250.0
2025-07-04 13:26:00,135.0,135.0,135.0,135.0,0,23.929425,61050,4263.0,4250.0
2025-07-04 13:27:00,135.0,135.0,135.0,135.0,0,23.929425,61050,4264.6,4250.0
2025-07-04 13:28:00,135.0,135.0,135.0,135.0,0,23.929425,61050,4262.9,4250.0
2025-07-04 13:29:00,135.0,135.0,135.0,135.0,0,23.929425,61050,4262.5,4250.0
2025-07-04 13:30:00,135.0,135.0,135.0,135.0,0,23.929425,61050,4263.7,4250.0
2025-07-04 13:31:00,135.0,135.0,135.0,135.0,0,23.929425,61050,4262.7,4250.0
2025-07-04 13:32:00,134.1,134.1,133.0,133.0,450,23.734693,61050,4263.0,4250.0
2025-07-04 13:33:00,133.0,134.0,133.0,134.0,150,23.700541,61050,4265.0,4250.0
2025-07-04 13:34:00,134.0,134.0,134.0,134.0,0,23.700541,61050,4265.0,4250.0
2025-07-04 13:35:00,134.0,134.6,134.0,134.6,150,23.96086,61350,4264.0,4250.0
2025-07-04 13:36:00,134.6,134.6,134.4,134.4,150,23.917255,61350,4264.0,4250.0
2025-07-04 13:37:00,134.4,134.4,134.4,134.4,0,23.917255,61350,4265.0,4250.0
2025-07-04 13:38:00,134.4,134.4,134.2,134.2,450,23.937612,61500,4263.5,4250.0
2025-07-04 13:39:00,133.75,133.75,133.75,133.75,150,23.711714,61500,4264.5,4250.0
2025-07-04 13:40:00,133.75,133.75,133.75,133.75,0,23.711714,61500,4265.0,4250.0
2025-07-04 13:41:00,133.75,133.75,133.75,133.75,0,23.711714,61500,4264.2,4250.0
2025-07-04 13:42:00,133.75,133.75,133.75,133.75,0,23.711714,61500,4265.3,4250.0
2025-07-04 13:43:00,133.75,133.75,133.75,133.75,0,23.711714,61500,4264.0,4250.0
2025-07-04 13:44:00,133.75,133.75,133.75,133.75,0,23.711714,61500,4265.0,4250.0
2025-07-04 13:45:00,133.75,133.75,133.75,133.75,0,23.711714,61500,4265.0,4250.0
2025-07-04 13:46:00,133.75,133.75,133.75,133.75,0,23.711714,61500,4265.0,4250.0
2025-07-04 13:47:00,133.75,133.75,133.75,133.75,0,23.711714,61500,4263.7,4250.0
2025-07-04 13:48:00,133.75,133.75,133.75,133.75,0,23.711714,61500,4265.0,4250.0
2025-07-04 13:49:00,133.75,133.75,133.75,133.75,0,23.711714,61500,4263.5,4250.0
2025-07-04 13:50:00,133.0,133.0,133.0,133.0,150,23.665669,62100,4263.6,4250.0
2025-07-04 13:51:00,133.0,133.0,133.0,133.0,0,23.665669,62100,4265.0,4250.0
2025-07-04 13:52:00,133.0,133.0,133.0,133.0,0,23.665669,62100,4265.0,4250.0
2025-07-04 13:53:00,134.7,134.7,134.7,134.7,150,24.066387,62100,4263.4,4250.0
2025-07-04 13:54:00,134.7,134.7,134.7,134.7,0,24.066387,62100,4264.0,4250.0
2025-07-04 13:55:00,134.7,134.7,134.7,134.7,0,24.066387,62100,4265.0,4250.0
2025-07-04 13:56:00,134.7,134.7,134.7,134.7,0,24.066387,62100,4264.9,4250.0
2025-07-04 13:57:00,134.7,134.7,131.3,131.3,450,23.370586,62100,4263.0,4250.0
2025-07-04 13:58:00,131.3,131.3,131.3,131.3,0,23.370586,62100,4262.9,4250.0
2025-07-04 13:59:00,131.3,131.3,131.3,131.3,0,23.370586,62100,4264.0,4250.0
2025-07-04 14:00:00,131.3,131.3,131.3,131.3,0,23.370586,62100,4264.0,4250.0
2025-07-04 14:01:00,131.3,131.3,131.3,131.3,0,23.370586,62100,4262.0,4250.0
2025-07-04 14:02:00,131.3,131.3,131.0,131.0,300,23.623223,62250,4260.5,4250.0
2025-07-04 14:03:00,130.0,130.0,130.0,130.0,300,23.466828,62250,4260.0,4250.0
2025-07-04 14:04:00,130.0,131.0,130.0,131.0,300,23.510334,62400,4261.4,4250.0
2025-07-04 14:05:00,131.0,131.0,131.0,131.0,0,23.510334,62400,4264.0,4250.0
2025-07-04 14:06:00,131.5,131.5,130.3,130.3,300,23.255709,62400,4262.2,4250.0
2025-07-04 14:07:00,131.0,131.0,131.0,131.0,150,23.410166,62400,4262.2,4250.0
2025-07-04 14:08:00,131.0,131.0,131.0,131.0,0,23.410166,62400,4261.8,4250.0
2025-07-04 14:09:00,131.0,131.0,131.0,131.0,150,23.487014,62100,4261.6,4250.0
2025-07-04 14:10:00,131.0,131.0,131.0,131.0,0,23.487014,62100,4261.5,4250.0
2025-07-04 14:11:00,131.0,131.0,131.0,131.0,0,23.487014,62100,4262.0,4250.0
2025-07-04 14:12:00,131.0,131.0,131.0,131.0,0,23.487014,62100,4261.9,4250.0
2025-07-04 14:13:00,131.0,131.0,131.0,131.0,0,23.487014,62100,4261.0,4250.0
2025-07-04 14:14:00,131.0,131.0,131.0,131.0,0,23.487014,62100,4260.5,4250.0
2025-07-04 14:15:00,131.0,131.0,131.0,131.0,0,23.487014,62100,4260.0,4250.0
2025-07-04 14:16:00,129.5,129.5,129.5,129.5,150,23.513067,62100,4258.8,4250.0
2025-07-04 14:17:00,129.5,129.6,129.5,129.6,150,23.384451,62100,4260.0,4250.0
2025-07-04 14:18:00,129.6,129.6,129.6,129.6,0,23.384451,62100,4259.9,4250.0
2025-07-04 14:19:00,129.6,129.6,129.6,129.6,0,23.384451,62100,4258.3,4250.0
2025-07-04 14:20:00,129.6,130.0,129.0,129.0,450,23.467544,62100,4258.3,4250.0
2025-07-04 14:21:00,129.0,129.0,129.0,129.0,0,23.467544,62100,4258.9,4250.0
2025-07-04 14:22:00,129.0,129.0,129.0,129.0,0,23.467544,62100,4258.5,4250.0
2025-07-04 14:23:00,129.55,129.55,129.4,129.4,450,23.631766,61950,4257.7,4250.0
2025-07-04 14:24:00,129.4,129.4,129.4,129.4,0,23.631766,61950,4258.9,4250.0
2025-07-04 14:25:00,129.4,129.4,129.4,129.4,0,23.631766,61950,4260.5,4250.0
2025-07-04 14:26:00,129.4,130.1,129.4,130.1,150,23.206893,62100,4262.3,4250.0
2025-07-04 14:27:00,130.1,130.1,130.1,130.1,0,23.206893,62100,4261.2,4250.0
2025-07-04 14:28:00,131.65,131.65,131.65,131.65,150,23.498124,62100,4262.7,4250.0
2025-07-04 14:29:00,131.65,131.65,131.65,131.65,0,23.498124,62100,4262.9,4250.0
2025-07-04 14:30:00,131.15,131.15,131.15,131.15,300,23.286988,62100,4263.5,4250.0
2025-07-04 14:31:00,131.15,131.15,131.15,131.15,150,23.300132,62250,4263.4,4250.0
2025-07-04 14:32:00,131.15,131.15,131.15,131.15,0,23.300132,62250,4264.0,4250.0
2025-07-04 14:33:00,131.15,131.15,131.15,131.15,0,23.300132,62250,4263.2,4250.0
2025-07-04 14:34:00,131.15,131.15,131.15,131.15,150,23.352267,62250,4263.0,4250.0
2025-07-04 14:35:00,131.5,132.95,131.5,132.95,900,23.494066,62250,4265.0,4250.0
2025-07-04 14:36:00,132.95,132.95,132.95,132.95,0,23.494066,62250,4265.0,4250.0
2025-07-04 14:37:00,132.95,132.95,132.95,132.95,0,23.494066,62250,4263.7,4250.0
2025-07-04 14:38:00,132.95,132.95,132.95,132.95,300,23.495266,62100,4265.0,4250.0
2025-07-04 14:39:00,132.95,133.0,132.95,133.0,150,23.570597,62100,4264.5,4250.0
2025-07-04 14:40:00,133.0,133.0,133.0,133.0,0,23.570597,62100,4262.0,4250.0
2025-07-04 14:41:00,133.0,133.0,133.0,133.0,150,23.686148,62100,4263.6,4250.0
2025-07-04 14:42:00,133.0,133.0,133.0,133.0,450,23.571799,62100,4264.5,4250.0
2025-07-04 14:43:00,133.0,133.55,133.0,133.55,150,23.64231,62250,4264.9,4250.0
2025-07-04 14:44:00,133.55,133.55,133.55,133.55,0,23.64231,62250,4264.0,4250.0
2025-07-04 14:45:00,133.55,133.55,133.55,133.55,0,23.64231,62250,4264.0,4250.0
2025-07-04 14:46:00,133.55,133.55,133.55,133.55,0,23.64231,62250,4264.0,4250.0
2025-07-04 14:47:00,133.55,133.55,133.5,133.5,150,24.001686,62250,4262.0,4250.0
2025-07-04 14:48:00,133.5,133.5,133.5,133.5,0,24.001686,62250,4261.7,4250.0
2025-07-04 14:49:00,131.5,131.5,130.75,130.75,750,23.536521,62400,4260.9,4250.0
2025-07-04 14:50:00,131.9,131.9,131.9,131.9,600,23.650785,62400,4262.0,4250.0
2025-07-04 14:51:00,132.4,132.4,132.4,132.4,150,23.710535,62400,4262.4,4250.0
2025-07-04 14:52:00,132.4,132.45,132.4,132.45,150,23.987334,62550,4260.3,4250.0
2025-07-04 14:53:00,132.45,132.45,132.45,132.45,0,23.987334,62550,4261.8,4250.0
2025-07-04 14:54:00,132.45,132.45,132.45,132.45,0,23.987334,62550,4261.6,4250.0
2025-07-04 14:55:00,132.4,132.4,132.4,132.4,300,23.775512,62550,4261.9,4250.0
2025-07-04 14:56:00,132.4,132.4,132.4,132.4,0,23.775512,62550,4261.8,4250.0
2025-07-04 14:57:00,132.4,132.4,132.4,132.4,0,23.775512,62550,4261.3,4250.0
2025-07-04 14:58:00,132.4,132.4,132.3,132.3,150,24.182782,62700,4258.5,4250.0
2025-07-04 14:59:00,132.3,133.5,132.1,133.5,1650,24.170682,62700,4260.7,4250.0
2025-07-04 15:00:00,132.65,132.65,132.65,132.65,150,23.996761,62700,4260.6,4250.0
2025-07-04 15:01:00,132.65,132.65,132.65,132.65,0,23.996761,62700,4260.7,4250.0
2025-07-04 15:02:00,132.65,133.45,132.65,133.45,150,24.135703,61800,4260.9,4250.0
2025-07-04 15:03:00,134.0,134.0,133.85,133.85,300,24.249277,61800,4260.7,4250.0
2025-07-04 15:04:00,133.85,133.85,133.85,133.85,0,24.249277,61800,4260.1,4250.0
2025-07-04 15:05:00,133.85,133.85,133.85,133.85,0,24.249277,61800,4260.3,4250.0
2025-07-04 15:06:00,133.85,133.85,133.85,133.85,0,24.249277,61800,4260.4,4250.0
2025-07-04 15:07:00,133.85,133.85,133.85,133.85,0,24.249277,61800,4260.4,4250.0
2025-07-04 15:08:00,133.85,133.85,133.85,133.85,0,24.249277,61800,4260.2,4250.0
2025-07-04 15:09:00,132.6,132.6,132.6,132.6,150,23.86314,61650,4261.6,4250.0
2025-07-04 15:10:00,132.6,132.6,132.6,132.6,0,23.86314,61650,4260.0,4250.0
2025-07-04 15:11:00,132.6,132.6,132.6,132.6,0,23.86314,61650,4259.0,4250.0
2025-07-04 15:12:00,132.6,132.85,132.6,132.85,300,24.484111,61650,4257.1,4250.0
2025-07-04 15:13:00,132.6,132.6,132.6,132.6,300,24.317333,61650,4258.0,4250.0
2025-07-04 15:14:00,134.0,134.0,133.7,133.7,450,24.484385,61800,4258.6,4250.0
2025-07-04 15:15:00,133.7,133.7,133.65,133.65,150,24.033399,61800,4262.1,4250.0
2025-07-04 15:16:00,133.65,135.0,133.65,135.0,600,24.191589,61950,4263.2,4250.0
2025-07-04 15:17:00,135.0,135.6,134.3,135.5,1050,24.491849,61950,4261.7,4250.0
2025-07-04 15:18:00,135.5,135.5,135.5,135.5,0,24.491849,61950,4260.1,4250.0
2025-07-04 15:19:00,135.5,135.5,133.6,133.6,150,24.251184,61950,4260.3,4250.0
2025-07-04 15:20:00,133.6,134.2,133.6,134.2,150,24.169138,61350,4262.0,4250.0
2025-07-04 15:21:00,134.2,134.2,134.1,134.1,150,24.261204,61350,4261.1,4250.0
2025-07-04 15:22:00,134.1,134.1,134.1,134.1,0,24.261204,61350,4261.8,4250.0
2025-07-04 15:23:00,134.1,134.1,133.7,133.7,900,24.08561,61200,4261.8,4250.0
2025-07-04 15:24:00,133.65,133.65,133.65,133.65,150,24.049711,61200,4262.0,4250.0
2025-07-04 15:25:00,133.65,133.65,133.65,133.65,0,24.049711,61200,4262.3,4250.0
2025-07-04 15:26:00,135.0,135.9,134.1,134.1,1050,24.162222,61350,4261.9,4250.0
2025-07-04 15:27:00,134.0,134.7,134.0,134.7,750,24.408248,61350,4261.0,4250.0
2025-07-04 15:28:00,134.7,135.0,134.7,135.0,600,24.39899,61350,4261.6,4250.0
2025-07-04 15:29:00,135.0,135.0,135.0,135.0,1800,24.374148,60750,4261.8,4250.0
2025-07-07 09:15:00,112.0,124.0,112.0,124.0,6600,26.357651,164700,4287.2,4300.0
2025-07-07 09:16:00,116.9,116.9,116.9,116.9,5850,25.009044,164700,4285.0,4300.0
2025-07-07 09:17:00,119.9,120.65,119.9,120.65,1200,26.044521,164700,4283.5,4300.0
2025-07-07 09:18:00,121.65,121.65,119.0,119.0,1500,26.017948,162150,4280.6,4300.0
2025-07-07 09:19:00,119.0,123.45,119.0,123.45,2100,26.368119,162150,4286.1,4300.0
2025-07-07 09:20:00,123.45,125.0,122.2,124.85,2700,26.18665,162150,4290.2,4300.0
2025-07-07 09:21:00,126.5,126.75,123.45,126.75,7200,26.509217,164550,4291.1,4300.0
2025-07-07 09:22:00,126.75,126.75,123.9,125.45,2250,26.287387,164550,4290.5,4300.0
2025-07-07 09:23:00,125.45,125.45,118.4,118.8,11400,25.529519,164550,4284.3,4300.0
2025-07-07 09:24:00,120.55,121.6,120.55,120.85,1500,26.153601,164850,4283.0,4300.0
2025-07-07 09:25:00,120.85,120.9,118.0,118.0,3000,25.793552,164850,4280.6,4300.0
2025-07-07 09:26:00,118.0,119.15,116.0,119.0,1050,25.733369,164850,4283.0,4300.0
2025-07-07 09:27:00,119.0,121.65,119.0,120.55,1800,25.784439,166950,4285.5,4300.0
2025-07-07 09:28:00,119.65,120.35,119.65,120.05,900,25.719561,166950,4285.1,4300.0
2025-07-07 09:29:00,120.05,120.6,119.0,119.0,1650,26.094853,166950,4280.0,4300.0
2025-07-07 09:30:00,119.0,122.25,119.0,122.25,1350,26.402788,168150,4283.6,4300.0
2025-07-07 09:31:00,122.25,123.6,121.35,123.6,750,25.931654,168150,4290.0,4300.0
2025-07-07 09:32:00,123.6,124.15,123.25,123.45,1350,25.996071,168150,4289.2,4300.0
2025-07-07 09:33:00,123.35,123.35,123.0,123.0,1500,25.832738,169650,4289.7,4300.0
2025-07-07 09:34:00,124.65,124.65,123.7,124.0,1650,26.024168,169650,4290.0,4300.0
2025-07-07 09:35:00,124.0,124.0,123.7,123.7,450,26.18897,169650,4288.1,4300.0
2025-07-07 09:36:00,123.7,123.7,120.6,122.9,900,25.897161,170100,4289.0,4300.0
2025-07-07 09:37:00,122.9,124.0,122.9,124.0,300,26.050119,170100,4289.8,4300.0
2025-07-07 09:38:00,124.0,124.0,123.6,123.6,1050,25.688644,170100,4292.0,4300.0
2025-07-07 09:39:00,124.75,124.75,124.3,124.3,1500,25.848614,170100,4292.0,4300.0
2025-07-07 09:40:00,124.0,124.0,121.95,121.95,600,25.951282,171000,4286.8,4300.0
2025-07-07 09:41:00,121.95,121.95,121.6,121.6,300,25.835495,171000,4287.1,4300.0
2025-07-07 09:42:00,121.6,122.35,119.55,119.55,1650,25.80569,171000,4283.5,4300.0
2025-07-07 09:43:00,119.55,119.55,117.6,117.95,900,25.778501,171000,4280.7,4300.0
2025-07-07 09:44:00,117.95,117.95,116.0,116.0,2550,25.775999,171000,4277.0,4300.0
2025-07-07 09:45:00,116.0,117.7,116.0,117.7,300,25.794319,168900,4280.1,4300.0
2025-07-07 09:46:00,117.7,117.7,115.25,115.95,1950,25.765533,168900,4277.0,4300.0
2025-07-07 09:47:00,115.95,117.0,114.9,114.9,1950,25.526865,168900,4277.0,4300.0
2025-07-07 09:48:00,139.25,139.25,134.45,134.45,750,24.63377,58500,4272.0,4250.0
2025-07-07 09:49:00,134.45,134.45,134.45,134.45,0,24.63377,58500,4268.0,4250.0
2025-07-07 09:50:00,134.45,134.45,134.45,134.45,0,24.63377,58500,4268.4,4250.0
2025-07-07 09:51:00,113.2,118.5,113.2,118.2,2250,25.887027,169650,4280.3,4300.0
2025-07-07 09:52:00,118.2,123.9,118.2,122.0,3900,25.675059,169650,4289.2,4300.0
2025-07-07 09:53:00,122.0,126.7,120.0,120.0,10200,25.985633,169650,4282.9,4300.0
2025-07-07 09:54:00,120.0,120.5,120.0,120.5,150,25.444434,169650,4288.3,4300.0
2025-07-07 09:55:00,120.5,121.0,120.5,120.9,600,25.609342,169350,4287.7,4300.0
2025-07-07 09:56:00,121.8,121.9,121.8,121.9,750,25.862025,169350,4287.5,4300.0
2025-07-07 09:57:00,121.05,121.3,120.0,121.3,2550,25.835482,169200,4286.6,4300.0
2025-07-07 09:58:00,121.3,121.3,121.3,121.3,0,25.835482,169200,4287.6,4300.0
2025-07-07 09:59:00,121.3,122.3,121.3,122.3,450,25.783412,169200,4288.9,4300.0
2025-07-07 10:00:00,122.55,122.95,122.55,122.95,300,25.968701,169200,4288.6,4300.0
2025-07-07 10:01:00,122.95,123.55,122.95,123.55,150,25.958812,169200,4289.8,4300.0
2025-07-07 10:02:00,124.0,124.0,123.0,123.0,3450,25.870763,169200,4289.5,4300.0
2025-07-07 10:03:00,123.0,123.55,123.0,123.55,3000,26.119043,173100,4288.5,4300.0
2025-07-07 10:04:00,123.75,123.9,123.75,123.9,1200,26.150307,173100,4288.9,4300.0
2025-07-07 10:05:00,124.0,124.0,122.4,122.4,4350,25.759963,173100,4289.3,4300.0
2025-07-07 10:06:00,123.4,123.4,122.0,122.0,1050,26.169217,173100,4285.2,4300.0
2025-07-07 10:07:00,121.3,121.3,121.0,121.0,750,25.759602,174300,4286.7,4300.0
2025-07-07 10:08:00,121.0,121.0,119.9,119.9,1950,25.776569,174300,4284.5,4300.0
2025-07-07 10:09:00,120.75,120.75,119.25,119.25,1350,25.95463,174300,4281.8,4300.0
2025-07-07 10:10:00,119.3,119.3,118.95,118.95,1200,25.850686,173100,4282.1,4300.0
2025-07-07 10:11:00,118.15,118.15,118.0,118.0,1050,25.63474,173100,4282.1,4300.0
2025-07-07 10:12:00,116.95,118.0,116.95,118.0,1500,25.599099,171600,4282.4,4300.0
2025-07-07 10:13:00,115.8,115.8,114.9,114.9,1350,25.728217,171600,4275.4,4300.0
2025-07-07 10:14:00,114.9,116.75,114.9,116.75,900,25.591301,171600,4280.1,4300.0
2025-07-07 10:15:00,116.75,117.05,116.75,117.0,600,25.708499,171600,4279.6,4300.0
2025-07-07 10:16:00,117.0,121.0,117.0,121.0,300,25.836781,171000,4286.1,4300.0
2025-07-07 10:17:00,120.85,120.85,120.85,120.85,450,25.803067,171000,4286.1,4300.0
2025-07-07 10:18:00,120.85,121.1,120.85,121.1,300,25.775306,171000,4286.8,4300.0
2025-07-07 10:19:00,120.3,120.3,120.3,120.3,150,25.678671,171750,4286.1,4300.0
2025-07-07 10:20:00,121.15,121.6,121.15,121.6,1500,25.877987,171750,4286.9,4300.0
2025-07-07 10:21:00,122.0,122.0,122.0,122.0,300,25.908642,172350,4287.4,4300.0
2025-07-07 10:22:00,122.0,122.75,122.0,122.75,300,25.982322,172350,4288.2,4300.0
2025-07-07 10:23:00,122.75,122.75,122.7,122.7,300,26.056895,172350,4287.5,4300.0
2025-07-07 10:24:00,122.5,123.2,122.5,123.2,750,26.000153,172350,4288.9,4300.0
2025-07-07 10:25:00,123.2,123.2,123.0,123.0,900,25.820082,172800,4290.0,4300.0
2025-07-07 10:26:00,123.0,123.0,122.0,122.0,2250,26.081461,172800,4286.0,4300.0
2025-07-07 10:27:00,121.45,121.45,121.45,121.45,300,26.041603,172800,4285.3,4300.0
2025-07-07 10:28:00,121.45,122.6,121.45,122.6,450,25.791693,173400,4289.5,4300.0
2025-07-07 10:29:00,122.6,122.6,121.9,122.6,750,25.730755,173400,4290.0,4300.0
2025-07-07 10:30:00,122.6,123.0,121.75,121.75,900,25.770356,173400,4288.1,4300.0
2025-07-07 10:31:00,121.75,123.0,121.75,122.4,600,25.698376,174000,4289.9,4300.0
2025-07-07 10:32:00,122.4,123.0,121.75,121.75,750,25.856786,174000,4287.4,4300.0
2025-07-07 10:33:00,121.75,121.75,121.0,121.25,1200,25.510798,173700,4289.3,4300.0
2025-07-07 10:34:00,121.25,123.35,121.25,123.35,900,26.295536,173700,4286.8,4300.0
2025-07-07 10:35:00,123.35,123.35,120.85,120.85,750,25.823579,173700,4286.0,4300.0
2025-07-07 10:36:00,120.85,121.5,120.5,120.5,450,25.744274,173700,4286.0,4300.0
2025-07-07 10:37:00,120.5,120.75,120.5,120.5,1350,25.744737,172200,4286.0,4300.0
2025-07-07 10:38:00,120.5,121.0,120.5,121.0,450,25.980573,172200,4285.0,4300.0
2025-07-07 10:39:00,120.95,120.95,120.95,120.95,150,26.030229,172200,4284.5,4300.0
2025-07-07 10:40:00,120.95,120.95,120.0,120.8,300,26.117437,172350,4283.5,4300.0
2025-07-07 10:41:00,120.8,120.8,120.5,120.5,600,26.049535,172350,4283.5,4300.0
2025-07-07 10:42:00,120.5,120.5,120.5,120.5,300,25.880604,172350,4284.9,4300.0
2025-07-07 10:43:00,120.5,122.0,120.45,122.0,1200,25.992055,172800,4286.8,4300.0
2025-07-07 10:44:00,122.0,122.0,121.15,121.15,150,25.835306,172800,4286.5,4300.0
2025-07-07 10:45:00,121.15,121.15,120.55,120.65,300,25.782635,172800,4286.0,4300.0
2025-07-07 10:46:00,120.65,121.0,120.6,121.0,750,25.850719,172500,4286.1,4300.0
2025-07-07 10:47:00,121.0,121.45,121.0,121.45,150,25.783167,172500,4287.5,4300.0
2025-07-07 10:48:00,121.45,122.1,121.45,122.1,300,26.017186,171750,4286.8,4300.0
2025-07-07 10:49:00,122.1,123.35,122.1,123.1,1050,25.903191,171750,4289.6,4300.0
2025-07-07 10:50:00,123.1,123.1,121.4,121.4,150,25.895086,171750,4286.5,4300.0
2025-07-07 10:51:00,121.4,122.9,121.4,122.9,450,25.858519,171750,4289.6,4300.0
2025-07-07 10:52:00,122.9,122.9,122.0,122.0,150,25.910882,172500,4287.5,4300.0
2025-07-07 10:53:00,122.0,122.0,122.0,122.0,0,25.910882,172500,4289.4,4300.0
2025-07-07 10:54:00,122.0,122.0,121.85,121.85,300,25.694097,172500,4289.0,4300.0
2025-07-07 10:55:00,122.65,122.65,122.65,122.65,150,26.01162,172500,4287.9,4300.0
2025-07-07 10:56:00,122.65,122.75,122.65,122.75,150,26.144742,172500,4287.0,4300.0
2025-07-07 10:57:00,119.25,119.95,119.25,119.95,1200,25.677238,172500,4285.6,4300.0
2025-07-07 10:58:00,119.95,120.0,119.95,120.0,600,25.761933,172500,4285.0,4300.0
2025-07-07 10:59:00,120.0,120.05,120.0,120.05,450,25.979514,172500,4283.3,4300.0
2025-07-07 11:00:00,120.1,120.1,120.05,120.05,300,26.052364,172500,4282.7,4300.0
2025-07-07 11:01:00,119.0,119.0,118.8,118.8,1200,25.695489,171600,4283.3,4300.0
2025-07-07 11:02:00,120.05,120.05,119.7,119.7,900,26.04578,171600,4282.1,4300.0
2025-07-07 11:03:00,119.7,119.7,119.7,119.7,0,26.04578,171600,4282.1,4300.0
2025-07-07 11:04:00,119.7,119.7,119.45,119.45,150,25.917449,171150,4282.7,4300.0
2025-07-07 11:05:00,119.45,120.0,119.45,120.0,300,25.825786,171150,4284.5,4300.0
2025-07-07 11:06:00,120.0,120.0,119.05,119.05,900,25.63388,171150,4284.3,4300.0
2025-07-07 11:07:00,119.05,119.05,119.05,119.05,0,25.63388,171150,4284.3,4300.0
2025-07-07 11:08:00,120.0,120.0,118.95,118.95,600,25.720846,170700,4283.4,4300.0
2025-07-07 11:09:00,118.95,118.95,118.9,118.9,600,25.661567,170700,4283.8,4300.0
2025-07-07 11:10:00,118.9,118.9,118.9,118.9,0,25.661567,170700,4285.0,4300.0
2025-07-07 11:11:00,118.9,121.0,118.9,121.0,1200,25.874511,170250,4286.0,4300.0
2025-07-07 11:12:00,120.25,120.25,118.75,118.75,750,25.689174,170250,4283.3,4300.0
2025-07-07 11:13:00,118.75,118.75,118.75,118.75,0,25.689174,170250,4286.0,4300.0
2025-07-07 11:14:00,118.75,122.0,118.75,122.0,1200,25.614785,169500,4290.0,4300.0
2025-07-07 11:15:00,122.0,122.0,122.0,122.0,0,25.614785,169500,4290.5,4300.0
2025-07-07 11:16:00,122.0,122.0,121.3,121.3,300,25.456021,170550,4290.0,4300.0
2025-07-07 11:17:00,121.45,121.45,121.1,121.1,900,25.58272,170550,4288.6,4300.0
2025-07-07 11:18:00,121.1,121.1,120.85,120.85,150,25.391169,170550,4289.7,4300.0
2025-07-07 11:19:00,120.85,121.6,120.1,121.6,300,25.525845,171150,4290.0,4300.0
2025-07-07 11:20:00,121.6,121.6,121.6,121.6,0,25.525845,171150,4289.7,4300.0
2025-07-07 11:21:00,121.6,121.6,116.8,116.8,900,25.597576,171000,4280.4,4300.0
2025-07-07 11:22:00,116.8,117.45,116.3,116.45,1950,25.108874,171000,4283.8,4300.0
2025-07-07 11:23:00,116.45,116.5,116.0,116.0,600,25.103375,171000,4283.0,4300.0
2025-07-07 11:24:00,116.0,116.0,115.0,115.0,1200,25.498999,170550,4277.8,4300.0
2025-07-07 11:25:00,115.0,117.2,114.7,117.2,600,25.281275,170550,4283.8,4300.0
2025-07-07 11:26:00,117.2,117.2,116.0,116.0,450,25.201192,170550,4282.2,4300.0
2025-07-07 11:27:00,116.0,116.0,114.3,114.3,750,25.090112,170550,4279.9,4300.0
2025-07-07 11:28:00,114.3,116.3,114.3,116.3,150,25.330695,171000,4281.7,4300.0
2025-07-07 11:29:00,116.3,116.3,114.0,114.0,1200,25.356456,171000,4277.1,4300.0
2025-07-07 11:30:00,137.0,137.0,134.55,134.55,600,24.318816,59100,4274.8,4250.0
2025-07-07 11:31:00,134.55,134.55,134.55,134.55,0,24.318816,59100,4272.8,4250.0
2025-07-07 11:32:00,134.55,135.4,134.55,135.4,150,24.628927,59550,4274.0,4250.0
2025-07-07 11:33:00,135.4,135.4,135.4,135.4,0,24.628927,59550,4275.3,4300.0
2025-07-07 11:34:00,113.45,114.0,113.45,114.0,600,25.501065,171750,4275.9,4300.0
2025-07-07 11:35:00,114.0,114.0,114.0,114.0,0,25.501065,171750,4273.7,4250.0
2025-07-07 11:36:00,114.0,114.45,114.0,114.45,450,25.592785,172500,4276.0,4300.0
2025-07-07 11:37:00,114.45,114.45,114.45,114.45,0,25.592785,172500,4273.9,4250.0
2025-07-07 11:38:00,114.45,114.45,114.45,114.45,0,25.592785,172500,4275.0,4300.0
2025-07-07 11:39:00,114.45,114.45,114.45,114.45,0,25.592785,172500,4275.0,4250.0
2025-07-07 11:40:00,113.4,115.05,113.4,115.05,600,25.386609,172650,4278.9,4300.0
2025-07-07 11:41:00,115.05,117.45,115.05,117.45,450,25.490547,172650,4282.6,4300.0
2025-07-07 11:42:00,117.45,117.45,115.0,115.0,1350,25.388055,172650,4278.8,4300.0
2025-07-07 11:43:00,115.0,115.0,115.0,115.0,0,25.388055,172650,4276.7,4300.0
2025-07-07 11:44:00,115.0,115.5,115.0,115.5,150,25.871532,172200,4275.7,4300.0
2025-07-07 11:45:00,115.5,116.0,115.5,116.0,450,25.891244,172200,4276.5,4300.0
2025-07-07 11:46:00,138.85,138.85,138.7,138.7,150,26.018669,59850,4269.5,4250.0
2025-07-07 11:47:00,138.7,138.7,134.1,134.1,300,24.947342,59850,4269.5,4250.0
2025-07-07 11:48:00,134.55,134.55,134.25,134.25,750,25.360617,59850,4266.7,4250.0
2025-07-07 11:49:00,134.25,134.25,134.25,134.25,0,25.360617,59850,4267.0,4250.0
2025-07-07 11:50:00,134.25,134.25,134.25,134.25,0,25.360617,59850,4268.1,4250.0
2025-07-07 11:51:00,134.25,134.25,134.25,134.25,0,25.360617,59850,4269.3,4250.0
2025-07-07 11:52:00,134.25,134.25,134.25,134.25,0,25.360617,59850,4268.9,4250.0
2025-07-07 11:53:00,134.25,134.25,134.25,134.25,0,25.360617,59850,4268.1,4250.0
2025-07-07 11:54:00,134.1,134.1,134.1,134.1,300,25.42241,60000,4266.0,4250.0
2025-07-07 11:55:00,134.1,134.1,134.1,134.1,150,25.48981,60150,4265.5,4250.0
2025-07-07 11:56:00,134.1,134.1,134.0,134.0,300,25.252404,60150,4267.1,4250.0
2025-07-07 11:57:00,134.0,134.0,134.0,134.0,0,25.252404,60150,4265.6,4250.0
2025-07-07 11:58:00,134.0,134.0,134.0,134.0,0,25.252404,60150,4266.2,4250.0
2025-07-07 11:59:00,134.0,134.0,130.0,130.0,1350,25.308719,60300,4259.7,4250.0
2025-07-07 12:00:00,130.0,130.0,130.0,130.0,0,25.308719,60300,4259.2,4250.0
2025-07-07 12:01:00,130.0,133.5,130.0,133.5,300,26.082345,60450,4260.0,4250.0
2025-07-07 12:02:00,133.5,133.5,133.5,133.5,150,25.924832,60450,4261.2,4250.0
2025-07-07 12:03:00,133.5,133.5,133.5,133.5,0,25.924832,60450,4260.3,4250.0
2025-07-07 12:04:00,133.5,133.5,133.15,133.15,300,25.963116,60600,4260.3,4250.0
2025-07-07 12:05:00,133.15,133.15,133.15,133.15,0,25.963116,60600,4262.8,4250.0
2025-07-07 12:06:00,133.15,135.65,133.15,135.65,150,25.694875,60600,4266.7,4250.0
2025-07-07 12:07:00,135.65,135.65,135.6,135.6,300,25.871031,60600,4265.3,4250.0
2025-07-07 12:08:00,135.6,135.6,133.95,133.95,450,25.66118,60600,4264.0,4250.0
2025-07-07 12:09:00,133.95,133.95,133.95,133.95,0,25.66118,60600,4263.0,4250.0
2025-07-07 12:10:00,133.95,133.95,133.6,133.6,600,26.017743,60300,4260.7,4250.0
2025-07-07 12:11:00,133.6,133.75,133.6,133.75,450,26.026686,60300,4260.9,4250.0
2025-07-07 12:12:00,133.75,133.75,133.75,133.75,450,26.132444,60300,4260.1,4250.0
2025-07-07 12:13:00,131.95,132.85,131.95,132.85,750,25.818715,60000,4260.9,4250.0
2025-07-07 12:14:00,132.85,132.85,132.85,132.85,0,25.818715,60000,4261.5,4250.0
2025-07-07 12:15:00,132.85,132.85,132.85,132.85,0,25.818715,60000,4260.3,4250.0
2025-07-07 12:16:00,133.2,133.2,133.2,133.2,300,25.980412,60000,4260.3,4250.0
2025-07-07 12:17:00,133.2,133.2,133.2,133.2,0,25.980412,60000,4261.4,4250.0
2025-07-07 12:18:00,133.2,133.2,132.85,132.85,300,25.886963,59850,4260.4,4250.0
2025-07-07 12:19:00,132.85,132.85,132.85,132.85,0,25.886963,59850,4262.0,4250.0
2025-07-07 12:20:00,132.85,132.85,132.85,132.85,0,25.886963,59850,4262.0,4250.0
2025-07-07 12:21:00,132.85,133.55,132.85,133.55,150,25.454268,59850,4264.9,4250.0
2025-07-07 12:22:00,133.55,135.45,133.55,135.45,600,26.135939,59850,4263.1,4250.0
2025-07-07 12:23:00,135.45,135.45,135.45,135.45,0,26.135939,59850,4263.2,4250.0
2025-07-07 12:24:00,135.45,135.45,135.45,135.45,0,26.135939,59850,4263.0,4250.0
2025-07-07 12:25:00,135.45,135.45,134.15,134.15,150,25.888353,60000,4262.7,4250.0
2025-07-07 12:26:00,134.15,134.15,134.15,134.15,0,25.888353,60000,4262.0,4250.0
2025-07-07 12:27:00,134.15,134.15,134.15,134.15,0,25.888353,60000,4262.7,4250.0
2025-07-07 12:28:00,134.15,134.15,134.15,134.15,0,25.888353,60000,4260.0,4250.0
2025-07-07 12:29:00,133.35,133.35,131.6,131.6,1200,25.943214,60000,4257.8,4250.0
2025-07-07 12:30:00,131.6,131.6,131.6,131.6,0,25.943214,60000,4260.0,4250.0
2025-07-07 12:31:00,131.6,131.6,131.6,131.6,0,25.943214,60000,4260.8,4250.0
2025-07-07 12:32:00,131.6,131.6,131.5,131.5,150,25.869119,60900,4258.2,4250.0
2025-07-07 12:33:00,131.5,131.5,131.5,131.5,0,25.869119,60900,4253.2,4250.0
2025-07-07 12:34:00,131.5,131.5,129.35,130.5,300,26.184523,61050,4254.0,4250.0
2025-07-07 12:35:00,130.5,130.5,130.5,130.5,0,26.184523,61050,4254.0,4250.0
2025-07-07 12:36:00,130.5,130.5,129.2,129.2,300,25.637768,61050,4255.9,4250.0
2025-07-07 12:37:00,129.2,129.2,129.2,129.2,0,25.637768,61050,4255.8,4250.0
2025-07-07 12:38:00,129.2,129.2,129.2,129.2,0,25.637768,61050,4256.9,4250.0
2025-07-07 12:39:00,129.2,129.2,129.0,129.0,450,26.123036,61350,4251.8,4250.0
2025-07-07 12:40:00,129.0,129.0,129.0,129.0,0,26.123036,61350,4250.9,4250.0
2025-07-07 12:41:00,129.0,129.0,127.85,127.85,450,25.998896,61200,4250.7,4250.0
2025-07-07 12:42:00,127.85,127.85,127.85,127.85,0,25.998896,61200,4250.4,4250.0
2025-07-07 12:43:00,127.85,127.85,127.85,127.85,0,25.998896,61200,4253.2,4250.0
2025-07-07 12:44:00,127.85,127.85,127.85,127.85,0,25.998896,61200,4254.6,4250.0
2025-07-07 12:45:00,127.85,129.7,127.85,128.5,300,25.868452,61350,4252.9,4250.0
2025-07-07 12:46:00,128.5,128.5,128.5,128.5,0,25.868452,61350,4250.8,4250.0
2025-07-07 12:47:00,128.5,128.5,128.5,128.5,150,26.190635,61650,4250.4,4250.0
2025-07-07 12:48:00,128.5,128.6,128.5,128.6,600,26.008956,61650,4252.0,4250.0
2025-07-07 12:49:00,128.6,128.6,128.6,128.6,0,26.008956,61650,4251.9,4250.0
2025-07-07 12:50:00,128.6,128.6,128.6,128.6,0,26.008956,61650,4250.7,4250.0
2025-07-07 12:51:00,128.6,128.6,127.6,127.6,150,25.984175,61650,4250.4,4250.0
2025-07-07 12:52:00,128.3,128.3,128.3,128.3,150,26.108282,61650,4250.7,4250.0
2025-07-07 12:53:00,128.3,128.3,128.3,128.3,0,26.108282,61650,4252.5,4250.0
2025-07-07 12:54:00,128.3,128.3,128.3,128.3,0,26.108282,61650,4250.1,4250.0
2025-07-07 12:55:00,128.3,128.3,128.3,128.3,0,26.108282,61650,4253.9,4250.0
2025-07-07 12:56:00,128.3,128.3,128.3,128.3,0,26.108282,61650,4252.8,4250.0
2025-07-07 12:57:00,128.75,128.75,128.75,128.75,150,26.022223,61800,4252.2,4250.0
2025-07-07 12:58:00,128.75,128.75,128.75,128.75,150,26.292127,61650,4250.1,4250.0
2025-07-07 12:59:00,128.75,128.75,128.05,128.05,150,26.040893,61650,4250.8,4250.0
2025-07-07 13:00:00,128.05,128.05,127.0,127.0,150,26.396896,61650,4246.1,4250.0
2025-07-07 13:01:00,127.0,127.0,125.05,125.25,1800,25.751351,62250,4248.0,4250.0
2025-07-07 13:02:00,126.3,126.3,126.3,126.3,150,26.134573,62250,4246.9,4250.0
2025-07-07 13:03:00,126.3,127.15,126.3,127.15,150,26.15384,62250,4248.3,4250.0
2025-07-07 13:04:00,127.15,127.15,127.15,127.15,0,26.15384,62250,4250.1,4250.0
2025-07-07 13:05:00,127.15,127.15,127.0,127.0,3300,25.813388,61800,4250.7,4250.0
2025-07-07 13:06:00,127.0,127.0,127.0,127.0,0,25.813388,61800,4247.7,4250.0
2025-07-07 13:07:00,127.0,127.0,127.0,127.0,0,25.813388,61800,4249.1,4250.0
2025-07-07 13:08:00,127.0,127.0,127.0,127.0,0,25.813388,61800,4248.3,4250.0
2025-07-07 13:09:00,127.0,127.0,127.0,127.0,150,26.058253,63750,4248.8,4250.0
2025-07-07 13:10:00,127.0,127.0,127.0,127.0,0,26.058253,63750,4249.1,4250.0
2025-07-07 13:11:00,127.0,127.0,123.0,123.0,1500,25.615781,63750,4245.0,4250.0
2025-07-07 13:12:00,123.0,123.0,123.0,123.0,0,25.615781,63750,4246.1,4250.0
2025-07-07 13:13:00,124.9,125.8,124.9,125.8,150,26.150763,64200,4245.9,4250.0
2025-07-07 13:14:00,125.45,125.45,125.45,125.45,450,25.867346,64200,4247.5,4250.0
2025-07-07 13:15:00,125.45,125.45,125.45,125.45,0,25.867346,64200,4247.9,4250.0
2025-07-07 13:16:00,125.45,125.45,125.45,125.45,0,25.867346,64200,4247.9,4250.0
2025-07-07 13:17:00,125.45,125.45,125.45,125.45,0,25.867346,64200,4248.9,4250.0
2025-07-07 13:18:00,125.45,125.45,125.45,125.45,0,25.867346,64200,4247.5,4250.0
2025-07-07 13:19:00,125.45,125.45,125.45,125.45,0,25.867346,64200,4249.0,4250.0
2025-07-07 13:20:00,125.45,125.45,125.45,125.45,0,25.867346,64200,4250.3,4250.0
2025-07-07 13:21:00,127.6,127.6,127.6,127.6,450,25.882884,64350,4251.3,4250.0
2025-07-07 13:22:00,127.6,127.6,127.6,127.6,0,25.882884,64350,4251.0,4250.0
2025-07-07 13:23:00,127.6,127.65,127.0,127.65,2250,25.882562,64200,4251.4,4250.0
2025-07-07 13:24:00,127.65,127.65,127.65,127.65,0,25.882562,64200,4249.0,4250.0
2025-07-07 13:25:00,127.65,127.65,127.65,127.65,0,25.882562,64200,4252.0,4250.0
2025-07-07 13:26:00,127.65,127.65,127.65,127.65,0,25.882562,64200,4252.2,4250.0
2025-07-07 13:27:00,127.65,127.65,127.65,127.65,0,25.882562,64200,4251.4,4250.0
2025-07-07 13:28:00,127.65,128.5,127.65,128.5,150,26.158866,64350,4250.8,4250.0
2025-07-07 13:29:00,128.5,128.5,128.5,128.5,0,26.158866,64350,4250.8,4250.0
2025-07-07 13:30:00,128.5,128.5,128.5,128.5,0,26.158866,64350,4250.0,4250.0
2025-07-07 13:31:00,128.5,128.5,125.7,125.7,300,26.022116,64500,4246.8,4250.0
2025-07-07 13:32:00,125.7,125.7,125.7,125.7,0,26.022116,64500,4249.0,4250.0
2025-07-07 13:33:00,125.7,125.7,125.7,125.7,0,26.022116,64500,4248.3,4250.0
2025-07-07 13:34:00,125.7,125.7,125.7,125.7,0,26.022116,64500,4248.3,4250.0
2025-07-07 13:35:00,125.7,125.7,125.7,125.7,0,26.022116,64500,4249.3,4250.0
2025-07-07 13:36:00,125.7,125.7,125.7,125.7,0,26.022116,64500,4246.4,4250.0
2025-07-07 13:37:00,125.7,126.05,125.7,126.05,150,26.156684,64350,4246.4,4250.0
2025-07-07 13:38:00,126.05,126.05,125.7,125.7,150,26.076143,64350,4246.4,4250.0
2025-07-07 13:39:00,125.7,125.7,125.7,125.7,0,26.076143,64350,4246.0,4250.0
2025-07-07 13:40:00,125.7,125.7,125.0,125.0,300,25.775378,64350,4247.5,4250.0
2025-07-07 13:41:00,125.0,125.0,125.0,125.0,0,25.775378,64350,4250.0,4250.0
2025-07-07 13:42:00,125.0,125.0,125.0,125.0,0,25.775378,64350,4245.7,4250.0
2025-07-07 13:43:00,125.0,125.0,125.0,125.0,0,25.775378,64350,4246.6,4250.0
2025-07-07 13:44:00,125.0,125.0,125.0,125.0,0,25.775378,64350,4247.7,4250.0
2025-07-07 13:45:00,125.0,125.0,125.0,125.0,0,25.775378,64350,4247.0,4250.0
2025-07-07 13:46:00,125.0,125.0,125.0,125.0,0,25.775378,64350,4248.0,4250.0
2025-07-07 13:47:00,126.5,126.5,126.5,126.5,150,26.189509,64050,4247.0,4250.0
2025-07-07 13:48:00,126.5,126.5,126.5,126.5,0,26.189509,64050,4247.0,4250.0
2025-07-07 13:49:00,126.5,126.5,126.5,126.5,0,26.189509,64050,4248.8,4250.0
2025-07-07 13:50:00,126.5,126.5,126.5,126.5,150,25.808434,64200,4250.0,4250.0
2025-07-07 13:51:00,126.5,126.5,126.5,126.5,0,25.808434,64200,4247.5,4250.0
2025-07-07 13:52:00,126.5,126.5,126.5,126.5,0,25.808434,64200,4246.2,4250.0
2025-07-07 13:53:00,126.5,126.5,126.5,126.5,0,25.808434,64200,4247.0,4250.0
2025-07-07 13:54:00,126.5,126.5,126.5,126.5,0,25.808434,64200,4247.5,4250.0
2025-07-07 13:55:00,126.5,126.5,126.5,126.5,0,25.808434,64200,4249.4,4250.0
2025-07-07 13:56:00,126.5,126.5,126.5,126.5,0,25.808434,64200,4249.0,4250.0
2025-07-07 13:57:00,126.5,126.5,126.5,126.5,0,25.808434,64200,4249.0,4250.0
2025-07-07 13:58:00,126.5,126.5,126.5,126.5,0,25.808434,64200,4249.3,4250.0
2025-07-07 13:59:00,126.5,126.5,126.5,126.5,0,25.808434,64200,4249.3,4250.0
2025-07-07 14:00:00,126.5,126.5,126.5,126.5,0,25.808434,64200,4253.5,4250.0
2025-07-07 14:01:00,126.5,126.5,126.5,126.5,0,25.808434,64200,4251.8,4250.0
2025-07-07 14:02:00,126.5,128.0,126.5,128.0,300,25.827557,64200,4252.6,4250.0
2025-07-07 14:03:00,128.0,128.0,128.0,128.0,0,25.827557,64200,4253.4,4250.0
2025-07-07 14:04:00,128.0,128.0,128.0,128.0,0,25.827557,64200,4251.5,4250.0
2025-07-07 14:05:00,128.0,129.0,128.0,129.0,150,26.099532,64350,4252.3,4250.0
2025-07-07 14:06:00,129.0,129.0,129.0,129.0,0,26.099532,64350,4252.3,4250.0
2025-07-07 14:07:00,129.0,129.0,129.0,129.0,0,26.099532,64350,4253.0,4250.0
2025-07-07 14:08:00,129.0,129.0,129.0,129.0,0,26.099532,64350,4252.4,4250.0
2025-07-07 14:09:00,129.0,129.0,128.0,128.0,750,25.869549,64350,4252.3,4250.0
2025-07-07 14:10:00,128.0,128.0,128.0,128.0,0,25.869549,64350,4253.5,4250.0
2025-07-07 14:11:00,127.5,127.5,127.5,127.5,300,25.534738,64800,4254.0,4250.0
2025-07-07 14:12:00,129.55,129.55,129.55,129.55,450,26.075542,64800,4253.5,4250.0
2025-07-07 14:13:00,129.55,129.55,128.8,128.8,150,25.759522,64500,4254.6,4250.0
2025-07-07 14:14:00,128.8,128.8,128.8,128.8,0,25.759522,64500,4255.2,4250.0
2025-07-07 14:15:00,128.8,128.8,128.8,128.8,0,25.759522,64500,4257.1,4250.0
2025-07-07 14:16:00,128.8,128.8,128.8,128.8,0,25.759522,64500,4256.5,4250.0
2025-07-07 14:17:00,130.15,130.15,130.15,130.15,150,26.100621,64650,4254.4,4250.0
2025-07-07 14:18:00,128.55,128.55,128.55,128.55,450,25.729811,64650,4254.4,4250.0
2025-07-07 14:19:00,128.4,128.4,128.4,128.4,150,26.031439,64650,4251.8,4250.0
2025-07-07 14:20:00,128.4,128.4,127.15,127.15,150,25.729158,64650,4251.9,4250.0
2025-07-07 14:21:00,126.95,126.95,126.95,126.95,300,25.721879,64650,4251.6,4250.0
2025-07-07 14:22:00,126.95,126.95,126.95,126.95,0,25.721879,64650,4251.8,4250.0
2025-07-07 14:23:00,126.95,126.95,126.95,126.95,0,25.721879,64650,4253.3,4250.0
2025-07-07 14:24:00,126.95,126.95,126.95,126.95,0,25.721879,64650,4251.8,4250.0
2025-07-07 14:25:00,126.95,126.95,126.55,126.55,150,25.785215,64350,4250.4,4250.0
2025-07-07 14:26:00,126.55,126.55,126.55,126.55,0,25.785215,64350,4249.2,4250.0
2025-07-07 14:27:00,126.55,126.55,126.55,126.55,0,25.785215,64350,4248.4,4250.0
2025-07-07 14:28:00,126.55,126.55,126.55,126.55,0,25.785215,64350,4248.0,4250.0
2025-07-07 14:29:00,126.55,128.2,126.55,128.2,150,25.705629,64350,4254.0,4250.0
2025-07-07 14:30:00,128.2,128.2,128.0,128.0,150,25.905247,64350,4252.1,4250.0
2025-07-07 14:31:00,128.0,128.0,128.0,128.0,150,25.944361,64200,4251.8,4250.0
2025-07-07 14:32:00,128.0,128.0,127.9,127.9,300,25.844317,64200,4252.4,4250.0
2025-07-07 14:33:00,127.9,128.3,127.9,128.3,150,26.245965,64200,4250.0,4250.0
2025-07-07 14:34:00,128.3,128.3,128.3,128.3,0,26.245965,64200,4253.3,4250.0
2025-07-07 14:35:00,128.3,128.3,128.3,128.3,0,26.245965,64200,4252.0,4250.0
2025-07-07 14:36:00,128.3,128.3,127.3,127.3,300,25.822983,64500,4251.5,4250.0
2025-07-07 14:37:00,127.3,127.3,127.3,127.3,0,25.822983,64500,4250.7,4250.0
2025-07-07 14:38:00,127.3,127.3,127.3,127.3,0,25.822983,64500,4251.6,4250.0
2025-07-07 14:39:00,127.3,127.3,127.0,127.0,150,26.075357,64650,4249.0,4250.0
2025-07-07 14:40:00,128.65,128.65,128.65,128.65,300,26.202236,64650,4251.0,4250.0
2025-07-07 14:41:00,127.85,127.85,127.85,127.85,750,26.362618,64650,4248.3,4250.0
2025-07-07 14:42:00,127.85,127.85,127.05,127.05,150,26.343082,64650,4247.0,4250.0
2025-07-07 14:43:00,127.05,127.05,127.05,127.05,0,26.343082,64650,4246.8,4250.0
2025-07-07 14:44:00,127.05,127.05,124.3,124.3,150,26.111695,64800,4243.8,4250.0
2025-07-07 14:45:00,124.3,124.3,124.3,124.3,0,26.111695,64800,4244.3,4250.0
2025-07-07 14:46:00,124.3,125.7,124.3,125.7,300,26.44945,64800,4243.7,4250.0
2025-07-07 14:47:00,125.7,126.25,125.7,126.25,150,26.615027,64800,4243.4,4250.0
2025-07-07 14:48:00,126.25,126.25,126.25,126.25,0,26.615027,64800,4243.2,4250.0
2025-07-07 14:49:00,126.25,126.25,126.25,126.25,0,26.615027,64800,4242.5,4250.0
2025-07-07 14:50:00,125.0,125.0,125.0,125.0,300,26.314417,64950,4243.5,4250.0
2025-07-07 14:51:00,125.0,125.0,125.0,125.0,150,26.465606,64950,4242.3,4250.0
2025-07-07 14:52:00,125.0,125.2,125.0,125.2,150,26.549991,64800,4242.0,4250.0
2025-07-07 14:53:00,125.2,125.2,125.2,125.2,150,26.500334,64800,4242.4,4250.0
2025-07-07 14:54:00,124.8,125.0,124.8,125.0,300,26.379184,64800,4243.0,4250.0
2025-07-07 14:55:00,125.0,125.0,125.0,125.0,0,26.379184,64800,4243.0,4250.0
2025-07-07 14:56:00,125.0,125.3,125.0,125.3,150,26.524926,64800,4242.4,4250.0
2025-07-07 14:57:00,125.6,125.6,125.6,125.6,150,26.770102,64800,4241.0,4250.0
2025-07-07 14:58:00,125.6,125.6,125.6,125.6,0,26.770102,64800,4241.0,4250.0
2025-07-07 14:59:00,125.6,125.6,125.6,125.6,0,26.770102,64800,4241.5,4250.0
2025-07-07 15:00:00,124.9,124.9,124.25,124.25,1650,26.670908,64950,4239.3,4250.0
2025-07-07 15:01:00,124.25,124.25,124.25,124.25,0,26.670908,64950,4237.2,4250.0
2025-07-07 15:02:00,124.25,127.4,124.25,127.4,1350,27.189277,65550,4241.0,4250.0
2025-07-07 15:03:00,127.4,127.4,127.4,127.4,0,27.189277,65550,4240.3,4250.0
2025-07-07 15:04:00,127.4,127.4,127.4,127.4,0,27.189277,65550,4238.6,4250.0
2025-07-07 15:05:00,127.4,127.4,126.1,126.15,1050,27.5094,65850,4236.1,4250.0
2025-07-07 15:06:00,126.15,126.65,126.15,126.65,150,27.662597,65850,4235.8,4250.0
2025-07-07 15:07:00,126.65,126.65,126.0,126.2,900,27.632802,64950,4235.2,4250.0
2025-07-07 15:08:00,126.2,126.2,126.2,126.2,0,27.632802,64950,4234.5,4250.0
2025-07-07 15:09:00,126.2,127.8,126.0,127.8,300,27.658465,64950,4238.0,4250.0
2025-07-07 15:10:00,130.0,130.0,128.45,128.45,450,27.37384,64950,4241.5,4250.0
2025-07-07 15:11:00,128.45,128.45,126.45,126.45,150,27.210422,64950,4239.1,4250.0
2025-07-07 15:12:00,126.45,126.45,126.45,126.45,0,27.210422,64950,4237.0,4250.0
2025-07-07 15:13:00,126.45,126.45,126.45,126.45,0,27.210422,64950,4241.4,4250.0
2025-07-07 15:14:00,126.45,126.45,126.45,126.45,0,27.210422,64950,4234.0,4250.0
2025-07-07 15:15:00,126.45,126.45,126.45,126.45,0,27.210422,64950,4232.4,4250.0
2025-07-07 15:16:00,126.45,127.05,126.45,127.05,300,28.140613,64950,4232.7,4250.0
2025-07-07 15:17:00,127.05,127.05,127.05,127.05,0,28.140613,64950,4234.0,4250.0
2025-07-07 15:18:00,127.05,127.55,127.05,127.55,450,27.778197,64950,4236.6,4250.0
2025-07-07 15:19:00,127.55,128.65,127.55,128.65,150,28.316479,64950,4234.3,4250.0
2025-07-07 15:20:00,128.4,128.4,128.05,128.05,750,28.092085,64950,4235.0,4250.0
2025-07-07 15:21:00,128.05,128.2,128.0,128.0,300,28.301859,64950,4233.2,4250.0
2025-07-07 15:22:00,128.0,128.0,128.0,128.0,0,28.301859,64950,4236.0,4250.0
2025-07-07 15:23:00,128.0,128.9,128.0,128.9,450,28.142583,65250,4236.2,4250.0
2025-07-07 15:24:00,128.9,128.9,128.9,128.9,0,28.142583,65250,4236.5,4250.0
2025-07-07 15:25:00,128.9,129.0,128.9,129.0,1050,28.043244,65550,4237.2,4250.0
2025-07-07 15:26:00,129.0,129.0,129.0,129.0,0,28.043244,65550,4237.9,4250.0
2025-07-07 15:27:00,129.35,129.35,129.25,129.25,300,28.003108,65550,4238.0,4250.0
2025-07-07 15:28:00,130.15,130.15,130.0,130.0,450,27.866545,65400,4240.5,4250.0
2025-07-07 15:29:00,129.05,130.25,129.05,130.25,600,27.862557,65400,4241.0,4250.0
2025-07-08 09:15:00,126.75,126.75,126.65,126.65,750,26.650765,65400,4248.1,4250.0
2025-07-08 09:16:00,126.65,128.5,126.65,128.45,1800,27.486207,65400,4244.9,4250.0
2025-07-08 09:17:00,128.45,130.0,128.45,129.8,450,27.277228,65400,4249.0,4250.0
2025-07-08 09:18:00,129.8,130.0,129.8,130.0,1200,26.804553,66000,4253.0,4250.0
2025-07-08 09:19:00,130.0,132.0,130.0,132.0,600,27.197984,66000,4253.6,4250.0
2025-07-08 09:20:00,132.0,132.0,132.0,132.0,450,26.365575,66000,4259.9,4250.0
2025-07-08 09:21:00,133.0,135.0,133.0,133.0,1050,26.908083,66000,4257.6,4250.0
2025-07-08 09:22:00,132.0,132.0,132.0,132.0,300,26.499875,66000,4258.9,4250.0
2025-07-08 09:23:00,132.0,132.0,132.0,132.0,0,26.499875,66000,4254.0,4250.0
2025-07-08 09:24:00,132.0,133.0,130.45,133.0,750,26.922837,65850,4257.5,4250.0
2025-07-08 09:25:00,133.0,138.4,133.0,138.4,900,27.411857,65850,4263.4,4250.0
2025-07-08 09:26:00,136.6,136.6,136.0,136.0,600,26.696512,65850,4264.5,4250.0
2025-07-08 09:27:00,136.0,136.0,136.0,136.0,0,26.696512,65850,4262.6,4250.0
2025-07-08 09:28:00,136.0,136.0,136.0,136.0,0,26.696512,65850,4260.6,4250.0
2025-07-08 09:29:00,136.0,136.0,132.85,132.85,300,27.612392,65550,4252.0,4250.0
2025-07-08 09:30:00,132.85,136.0,132.85,136.0,150,27.034935,65700,4262.0,4250.0
2025-07-08 09:31:00,136.0,139.6,136.0,137.65,1200,27.665708,65700,4260.2,4250.0
2025-07-08 09:32:00,137.65,137.65,135.2,135.2,600,27.393181,65700,4257.9,4250.0
2025-07-08 09:33:00,135.2,135.2,135.2,135.2,0,27.393181,65700,4255.0,4250.0
2025-07-08 09:34:00,135.2,135.2,130.0,130.0,1650,27.667987,66000,4246.4,4250.0
2025-07-08 09:35:00,130.0,130.5,127.3,130.5,450,27.360608,66000,4249.7,4250.0
2025-07-08 09:36:00,130.5,131.65,130.5,131.65,300,26.557104,66600,4257.9,4250.0
2025-07-08 09:37:00,131.65,131.65,131.25,131.25,150,27.343582,66600,4251.2,4250.0
2025-07-08 09:38:00,131.25,131.25,131.25,131.25,0,27.343582,66600,4254.0,4250.0
2025-07-08 09:39:00,131.25,131.25,129.5,129.5,8850,26.684066,72450,4253.1,4250.0
2025-07-08 09:40:00,129.5,130.0,129.5,130.0,1500,26.946244,72450,4252.0,4250.0
2025-07-08 09:41:00,130.0,130.0,130.0,130.0,0,26.946244,72450,4252.1,4250.0
2025-07-08 09:42:00,130.0,130.0,130.0,130.0,0,26.946244,72450,4248.6,4250.0
2025-07-08 09:43:00,130.0,130.35,130.0,130.35,150,27.290434,72450,4250.0,4250.0
2025-07-08 09:44:00,130.35,130.35,130.15,130.15,450,27.113906,72450,4251.0,4250.0
2025-07-08 09:45:00,130.15,130.15,129.0,129.4,450,27.468069,72450,4246.9,4250.0
2025-07-08 09:46:00,129.4,131.45,129.4,131.45,300,26.700314,72450,4256.5,4250.0
2025-07-08 09:47:00,131.45,133.7,131.45,133.7,300,27.926054,72450,4251.2,4250.0
2025-07-08 09:48:00,133.7,133.7,133.7,133.7,0,27.926054,72450,4253.8,4250.0
2025-07-08 09:49:00,133.7,133.7,132.45,132.45,300,27.240656,72450,4254.2,4250.0
2025-07-08 09:50:00,132.45,132.45,130.3,130.3,300,27.282199,72450,4250.0,4250.0
2025-07-08 09:51:00,130.3,130.3,130.3,130.3,0,27.282199,72450,4249.4,4250.0
2025-07-08 09:52:00,130.3,130.3,130.3,130.3,0,27.282199,72450,4248.3,4250.0
2025-07-08 09:53:00,130.3,130.3,130.3,130.3,0,27.282199,72450,4246.9,4250.0
2025-07-08 09:54:00,130.3,130.3,130.3,130.3,0,27.282199,72450,4247.9,4250.0
2025-07-08 09:55:00,130.3,130.3,130.3,130.3,0,27.282199,72450,4250.0,4250.0
2025-07-08 09:56:00,130.3,130.3,130.3,130.3,0,27.282199,72450,4252.9,4250.0
2025-07-08 09:57:00,130.3,130.3,130.3,130.3,0,27.282199,72450,4251.4,4250.0
2025-07-08 09:58:00,130.3,130.3,130.0,130.3,300,27.338117,72900,4249.6,4250.0
2025-07-08 09:59:00,130.3,130.3,130.3,130.3,0,27.338117,72900,4248.5,4250.0
2025-07-08 10:00:00,130.3,130.3,127.35,127.35,150,26.91551,72900,4247.5,4250.0
2025-07-08 10:01:00,127.35,127.35,127.35,127.35,0,26.91551,72900,4249.2,4250.0
2025-07-08 10:02:00,127.35,130.0,127.35,130.0,150,27.204597,72750,4250.1,4250.0
2025-07-08 10:03:00,130.0,130.0,130.0,130.0,0,27.204597,72750,4248.0,4250.0
2025-07-08 10:04:00,130.0,130.0,130.0,130.0,0,27.204597,72750,4244.4,4250.0
2025-07-08 10:05:00,130.0,130.0,125.0,125.0,450,27.737217,72900,4236.7,4250.0
2025-07-08 10:06:00,125.0,125.0,125.0,125.0,0,27.737217,72900,4237.2,4250.0
2025-07-08 10:07:00,125.0,125.0,125.0,125.0,0,27.737217,72900,4236.0,4250.0
2025-07-08 10:08:00,125.0,125.0,125.0,125.0,0,27.737217,72900,4235.8,4250.0
2025-07-08 10:09:00,125.0,125.0,125.0,125.0,0,27.737217,72900,4217.0,4200.0
2025-07-08 10:10:00,116.1,118.45,116.1,118.0,6300,27.524265,73200,4225.1,4250.0
2025-07-08 10:11:00,118.0,119.7,118.0,119.3,300,27.599134,73200,4227.0,4250.0
2025-07-08 10:12:00,119.3,119.45,119.0,119.0,300,27.675465,73200,4225.8,4250.0
2025-07-08 10:13:00,144.8,144.8,142.35,142.35,300,27.568533,40050,4222.0,4200.0
2025-07-08 10:14:00,142.35,142.35,142.35,142.35,0,27.568533,40050,4223.2,4200.0
2025-07-08 10:15:00,142.35,142.35,138.0,138.0,300,27.464594,40200,4215.2,4200.0
2025-07-08 10:16:00,138.0,138.0,136.25,136.8,450,27.423307,40200,4213.4,4200.0
2025-07-08 10:17:00,136.8,136.8,136.8,136.8,0,27.423307,40200,4216.6,4200.0
2025-07-08 10:18:00,136.8,137.45,136.8,137.45,300,27.211034,40200,4216.1,4200.0
2025-07-08 10:19:00,137.45,137.45,136.7,136.7,600,26.949275,40500,4216.7,4200.0
2025-07-08 10:20:00,136.7,136.7,136.7,136.7,0,26.949275,40500,4216.7,4200.0
2025-07-08 10:21:00,141.15,141.15,141.05,141.05,2100,27.120606,40500,4223.0,4200.0
2025-07-08 10:22:00,118.2,123.4,118.2,123.4,1650,28.373848,73200,4228.6,4250.0
2025-07-08 10:23:00,123.4,123.4,123.3,123.3,300,28.178645,73200,4230.0,4250.0
2025-07-08 10:24:00,123.3,123.3,123.3,123.3,0,28.178645,73200,4228.2,4250.0
2025-07-08 10:25:00,123.3,123.3,121.5,121.5,600,27.829829,72900,4229.4,4250.0
2025-07-08 10:26:00,121.5,122.9,121.5,122.9,150,27.615664,72900,4233.8,4250.0
2025-07-08 10:27:00,122.9,122.9,122.9,122.9,0,27.615664,72900,4233.6,4250.0
2025-07-08 10:28:00,122.9,125.8,122.9,125.8,300,27.862035,72750,4237.3,4250.0
2025-07-08 10:29:00,125.8,126.45,125.8,126.45,150,27.371275,72750,4242.4,4250.0
2025-07-08 10:30:00,126.45,126.45,126.45,126.45,150,27.587521,72750,4240.7,4250.0
2025-07-08 10:31:00,126.45,127.5,126.45,127.5,450,27.835268,72750,4240.7,4250.0
2025-07-08 10:32:00,127.55,127.55,127.55,127.55,150,27.860212,72750,4240.6,4250.0
2025-07-08 10:33:00,127.55,127.55,127.55,127.55,0,27.860212,72750,4239.6,4250.0
2025-07-08 10:34:00,126.65,126.65,125.7,125.7,450,27.665544,73200,4238.7,4250.0
2025-07-08 10:35:00,125.7,125.7,125.7,125.7,0,27.665544,73200,4236.4,4250.0
2025-07-08 10:36:00,125.25,125.25,125.25,125.25,150,28.024463,73200,4235.0,4250.0
2025-07-08 10:37:00,125.25,125.25,125.25,125.25,0,28.024463,73200,4236.2,4250.0
2025-07-08 10:38:00,124.0,126.4,124.0,126.4,600,27.706279,73500,4239.7,4250.0
2025-07-08 10:39:00,126.0,126.25,126.0,126.25,300,27.074088,73500,4244.4,4250.0
2025-07-08 10:40:00,128.6,128.8,127.65,128.8,900,27.981187,73200,4242.0,4250.0
2025-07-08 10:41:00,128.8,128.8,127.8,127.8,150,27.618966,73200,4243.0,4250.0
2025-07-08 10:42:00,127.8,131.6,127.8,131.6,450,27.198064,72450,4253.2,4250.0
2025-07-08 10:43:00,131.6,131.6,129.7,130.3,750,27.360978,72450,4249.6,4250.0
2025-07-08 10:44:00,130.3,130.3,127.55,127.55,600,27.306108,72450,4245.0,4250.0
2025-07-08 10:45:00,127.6,127.6,127.6,127.6,150,27.318396,72450,4245.0,4250.0
2025-07-08 10:46:00,127.6,128.1,127.6,128.1,450,27.385459,72000,4245.4,4250.0
2025-07-08 10:47:00,128.1,128.1,128.1,128.1,0,27.385459,72000,4243.9,4250.0
2025-07-08 10:48:00,128.1,128.1,125.75,125.75,150,27.570939,72000,4239.6,4250.0
2025-07-08 10:49:00,125.75,125.75,125.75,125.75,0,27.570939,72000,4240.4,4250.0
2025-07-08 10:50:00,125.75,127.65,125.75,127.65,150,28.032049,72450,4239.5,4250.0
2025-07-08 10:51:00,129.3,129.3,127.7,127.7,300,27.892636,72450,4240.7,4250.0
2025-07-08 10:52:00,127.7,127.7,127.7,127.7,0,27.892636,72450,4241.0,4250.0
2025-07-08 10:53:00,126.75,126.9,126.75,126.9,300,27.400309,72600,4243.1,4250.0
2025-07-08 10:54:00,126.4,126.45,126.4,126.45,300,27.434811,72600,4242.0,4250.0
2025-07-08 10:55:00,126.45,126.45,126.45,126.45,0,27.434811,72600,4241.0,4250.0
2025-07-08 10:56:00,126.45,126.45,126.45,126.45,0,27.434811,72600,4241.0,4250.0
2025-07-08 10:57:00,126.45,126.45,126.45,126.45,0,27.434811,72600,4240.0,4250.0
2025-07-08 10:58:00,126.45,126.45,126.45,126.45,0,27.434811,72600,4241.5,4250.0
2025-07-08 10:59:00,126.45,126.45,126.45,126.45,0,27.434811,72600,4242.0,4250.0
2025-07-08 11:00:00,126.45,126.45,125.6,125.6,300,27.743378,72600,4238.0,4250.0
2025-07-08 11:01:00,125.6,125.6,125.6,125.6,0,27.743378,72600,4238.1,4250.0
2025-07-08 11:02:00,123.55,123.55,123.55,123.55,150,27.299288,72450,4237.7,4250.0
2025-07-08 11:03:00,123.55,123.55,123.15,123.15,150,27.79279,72450,4233.0,4250.0
2025-07-08 11:04:00,123.15,123.15,123.15,123.15,0,27.79279,72450,4225.6,4250.0
2025-07-08 11:05:00,142.1,142.1,142.1,142.1,1050,27.115054,41700,4225.0,4200.0
2025-07-08 11:06:00,118.1,119.0,118.1,119.0,150,27.446114,72750,4227.9,4250.0
2025-07-08 11:07:00,119.0,119.0,116.75,116.75,150,26.990086,73200,4227.3,4250.0
2025-07-08 11:08:00,116.75,116.75,116.75,116.75,0,26.990086,73200,4227.0,4250.0
2025-07-08 11:09:00,141.95,141.95,141.95,141.95,150,27.710007,41550,4220.5,4200.0
2025-07-08 11:10:00,141.95,141.95,141.95,141.95,0,27.710007,41550,4218.0,4200.0
2025-07-08 11:11:00,141.95,141.95,137.85,137.85,150,27.072455,42000,4218.0,4200.0
2025-07-08 11:12:00,138.6,138.6,138.6,138.6,150,27.404602,42000,4216.9,4200.0
2025-07-08 11:13:00,138.6,138.6,137.95,137.95,150,27.509824,41700,4215.0,4200.0
2025-07-08 11:14:00,137.95,138.5,137.95,138.0,600,27.275417,41700,4216.8,4200.0
2025-07-08 11:15:00,138.0,138.0,138.0,138.0,0,27.275417,41700,4218.8,4200.0
2025-07-08 11:16:00,138.0,140.0,138.0,140.0,300,27.231166,41850,4220.6,4200.0
2025-07-08 11:17:00,140.0,140.0,139.75,139.75,600,27.573021,41850,4217.7,4200.0
2025-07-08 11:18:00,139.75,139.75,139.75,139.75,0,27.573021,41850,4218.5,4200.0
2025-07-08 11:19:00,139.75,139.75,139.75,139.75,0,27.573021,41850,4219.0,4200.0
2025-07-08 11:20:00,139.75,139.75,139.75,139.75,1500,27.395088,42150,4219.0,4200.0
2025-07-08 11:21:00,137.5,137.5,137.5,137.5,150,27.131471,42150,4217.0,4200.0
2025-07-08 11:22:00,137.5,137.5,137.5,137.5,0,27.131471,42150,4217.1,4200.0
2025-07-08 11:23:00,137.5,138.8,137.5,138.8,150,27.430741,42150,4217.1,4200.0
2025-07-08 11:24:00,138.8,138.8,138.0,138.0,150,27.650422,42150,4214.1,4200.0
2025-07-08 11:25:00,136.0,136.0,136.0,136.0,150,27.157823,42300,4214.2,4200.0
2025-07-08 11:26:00,136.0,136.0,136.0,136.0,0,27.157823,42300,4216.3,4200.0
2025-07-08 11:27:00,136.0,136.0,136.0,136.0,0,27.157823,42300,4216.1,4200.0
2025-07-08 11:28:00,136.0,136.0,136.0,136.0,0,27.157823,42300,4214.2,4200.0
2025-07-08 11:29:00,135.9,136.95,135.9,136.95,300,27.373988,42450,4214.3,4200.0
2025-07-08 11:30:00,136.95,137.9,136.95,137.9,300,27.328371,42450,4216.3,4200.0
2025-07-08 11:31:00,137.9,138.0,137.9,138.0,150,27.325396,42450,4216.5,4200.0
2025-07-08 11:32:00,138.0,138.0,138.0,138.0,0,27.325396,42450,4219.2,4200.0
2025-07-08 11:33:00,138.0,138.0,138.0,138.0,0,27.325396,42450,4218.0,4200.0
2025-07-08 11:34:00,138.0,138.0,138.0,138.0,0,27.325396,42450,4218.7,4200.0
2025-07-08 11:35:00,138.0,138.0,138.0,138.0,300,27.134544,42300,4217.9,4200.0
2025-07-08 11:36:00,138.15,138.15,137.95,137.95,300,27.521686,42300,4215.0,4200.0
2025-07-08 11:37:00,137.95,137.95,137.95,137.95,0,27.521686,42300,4216.4,4200.0
2025-07-08 11:38:00,137.95,137.95,137.95,137.95,0,27.521686,42300,4215.0,4200.0
2025-07-08 11:39:00,137.95,137.95,137.95,137.95,150,27.714362,42450,4213.6,4200.0
2025-07-08 11:40:00,137.95,137.95,137.95,137.95,0,27.714362,42450,4212.5,4200.0
2025-07-08 11:41:00,137.95,137.95,137.95,137.95,0,27.714362,42450,4210.0,4200.0
2025-07-08 11:42:00,135.75,136.2,134.8,134.8,750,27.13785,42600,4212.3,4200.0
2025-07-08 11:43:00,134.8,134.8,134.8,134.8,0,27.13785,42600,4212.0,4200.0
2025-07-08 11:44:00,134.8,136.1,134.8,136.1,150,27.626687,43050,4211.0,4200.0
2025-07-08 11:45:00,136.1,136.1,136.1,136.1,0,27.626687,43050,4210.5,4200.0
2025-07-08 11:46:00,135.0,135.0,135.0,135.0,300,27.431892,43050,4210.5,4200.0
2025-07-08 11:47:00,135.0,135.0,135.0,135.0,0,27.431892,43050,4210.0,4200.0
2025-07-08 11:48:00,132.45,132.45,132.45,132.45,600,27.226529,43050,4207.5,4200.0
2025-07-08 11:49:00,132.45,132.45,132.45,132.45,0,27.226529,43050,4207.0,4200.0
2025-07-08 11:50:00,132.45,132.45,130.0,130.0,1050,27.506076,42900,4201.0,4200.0
2025-07-08 11:51:00,130.0,132.0,130.0,132.0,600,27.307881,42900,4206.1,4200.0
2025-07-08 11:52:00,132.0,133.0,132.0,133.0,600,27.667665,42750,4205.2,4200.0
2025-07-08 11:53:00,133.0,133.0,133.0,133.0,0,27.667665,42750,4207.2,4200.0
2025-07-08 11:54:00,133.0,134.75,133.0,134.75,150,27.416672,42750,4210.2,4200.0
2025-07-08 11:55:00,135.5,135.5,134.6,134.6,1800,27.677551,43050,4208.0,4200.0
2025-07-08 11:56:00,134.6,134.6,134.6,134.6,0,27.677551,43050,4208.0,4200.0
2025-07-08 11:57:00,134.6,134.6,134.6,134.6,0,27.677551,43050,4208.5,4200.0
2025-07-08 11:58:00,134.6,134.6,134.6,134.6,0,27.677551,43050,4211.1,4200.0
2025-07-08 11:59:00,134.6,136.45,134.6,136.45,150,27.460442,44550,4212.9,4200.0
2025-07-08 12:00:00,136.45,136.45,136.45,136.45,0,27.460442,44550,4212.2,4200.0
2025-07-08 12:01:00,136.45,136.45,136.45,136.45,0,27.460442,44550,4209.3,4200.0
2025-07-08 12:02:00,133.6,133.6,133.6,133.6,150,27.455236,44700,4207.9,4200.0
2025-07-08 12:03:00,133.6,133.95,133.6,133.95,150,27.539527,44700,4207.9,4200.0
2025-07-08 12:04:00,133.95,133.95,133.95,133.95,0,27.539527,44700,4207.0,4200.0
2025-07-08 12:05:00,133.95,133.95,133.95,133.95,0,27.539527,44700,4208.4,4200.0
2025-07-08 12:06:00,133.95,133.95,133.0,133.0,150,27.165633,44850,4209.0,4200.0
2025-07-08 12:07:00,133.5,133.5,133.5,133.5,450,27.554566,45000,4207.0,4200.0
2025-07-08 12:08:00,133.5,133.5,133.5,133.5,0,27.554566,45000,4208.4,4200.0
2025-07-08 12:09:00,133.5,133.5,132.0,132.0,300,27.663302,45000,4203.5,4200.0
2025-07-08 12:10:00,132.0,132.0,129.7,129.7,750,27.312605,45300,4202.0,4200.0
2025-07-08 12:11:00,129.65,129.95,129.6,129.95,750,27.240478,45300,4203.0,4200.0
2025-07-08 12:12:00,129.95,129.95,125.55,125.55,1050,26.991922,45300,4196.9,4200.0
2025-07-08 12:13:00,128.4,128.4,126.95,127.0,900,27.064019,44250,4199.0,4200.0
2025-07-08 12:14:00,127.0,127.0,127.0,127.0,0,27.064019,44250,4197.2,4200.0
2025-07-08 12:15:00,127.0,127.0,127.0,127.0,0,27.064019,44250,4198.8,4200.0
2025-07-08 12:16:00,127.0,127.0,127.0,127.0,0,27.064019,44250,4200.1,4200.0
2025-07-08 12:17:00,127.0,127.0,127.0,127.0,0,27.064019,44250,4198.3,4200.0
2025-07-08 12:18:00,127.0,127.0,127.0,127.0,0,27.064019,44250,4200.4,4200.0
2025-07-08 12:19:00,127.0,127.0,127.0,127.0,0,27.064019,44250,4200.5,4200.0
2025-07-08 12:20:00,128.55,128.55,128.55,128.55,150,27.385419,43650,4199.4,4200.0
2025-07-08 12:21:00,128.5,128.5,128.5,128.5,450,27.439583,43650,4198.9,4200.0
2025-07-08 12:22:00,128.5,128.5,127.7,127.7,600,27.510494,44100,4196.9,4200.0
2025-07-08 12:23:00,127.7,127.7,127.7,127.7,0,27.510494,44100,4196.9,4200.0
2025-07-08 12:24:00,127.7,127.7,127.7,127.7,0,27.510494,44100,4200.0,4200.0
2025-07-08 12:25:00,129.6,131.1,129.6,131.1,900,27.522624,44550,4203.0,4200.0
2025-07-08 12:26:00,131.1,132.55,131.1,132.55,150,27.537527,44550,4205.5,4200.0
2025-07-08 12:27:00,132.55,132.55,132.55,132.55,300,27.538041,44550,4205.5,4200.0
2025-07-08 12:28:00,129.65,129.65,129.65,129.65,300,27.177382,44550,4203.0,4200.0
2025-07-08 12:29:00,129.65,129.65,129.65,129.65,0,27.177382,44550,4199.8,4200.0
2025-07-08 12:30:00,129.65,129.65,129.65,129.65,0,27.177382,44550,4202.7,4200.0
2025-07-08 12:31:00,129.65,129.65,129.65,129.65,0,27.177382,44550,4205.0,4200.0
2025-07-08 12:32:00,129.65,129.65,129.65,129.65,0,27.177382,44550,4204.9,4200.0
2025-07-08 12:33:00,129.65,133.0,129.65,133.0,300,27.675487,44550,4205.3,4200.0
2025-07-08 12:34:00,133.0,133.0,133.0,133.0,0,27.675487,44550,4207.0,4200.0
2025-07-08 12:35:00,133.0,133.0,133.0,133.0,0,27.675487,44550,4206.4,4200.0
2025-07-08 12:36:00,133.0,133.0,131.65,131.65,150,27.233713,44400,4206.2,4200.0
2025-07-08 12:37:00,131.65,131.65,131.0,131.35,600,27.3227,44250,4205.0,4200.0
2025-07-08 12:38:00,131.35,131.35,130.2,130.2,300,27.393529,44250,4202.4,4200.0
2025-07-08 12:39:00,130.2,130.2,130.2,130.2,0,27.393529,44250,4203.6,4200.0
2025-07-08 12:40:00,130.2,133.0,130.2,133.0,450,27.317612,44850,4208.0,4200.0
2025-07-08 12:41:00,133.0,133.0,133.0,133.0,0,27.317612,44850,4208.2,4200.0
2025-07-08 12:42:00,133.0,133.0,133.0,133.0,0,27.317612,44850,4210.0,4200.0
2025-07-08 12:43:00,133.0,135.0,133.0,135.0,750,27.488249,44400,4210.3,4200.0
2025-07-08 12:44:00,135.0,135.0,133.05,133.05,150,26.899275,44400,4211.2,4200.0
2025-07-08 12:45:00,133.0,133.0,133.0,133.0,150,26.874207,44400,4211.3,4200.0
2025-07-08 12:46:00,133.0,133.0,133.0,133.0,150,26.969703,44100,4210.6,4200.0
2025-07-08 12:47:00,133.0,133.0,132.9,132.9,150,26.973334,44100,4210.4,4200.0
2025-07-08 12:48:00,132.9,133.0,132.9,133.0,150,26.902889,44100,4211.1,4200.0
2025-07-08 12:49:00,133.0,133.0,133.0,133.0,0,26.902889,44100,4212.6,4200.0
2025-07-08 12:50:00,133.0,133.0,133.0,133.0,0,26.902889,44100,4210.7,4200.0
2025-07-08 12:51:00,133.0,133.0,133.0,133.0,0,26.902889,44100,4212.0,4200.0
2025-07-08 12:52:00,133.0,133.0,133.0,133.0,0,26.902889,44100,4212.0,4200.0
2025-07-08 12:53:00,133.0,133.0,133.0,133.0,0,26.902889,44100,4212.0,4200.0
2025-07-08 12:54:00,133.0,133.0,132.9,132.9,150,26.759557,44250,4212.0,4200.0
2025-07-08 12:55:00,132.9,132.9,132.9,132.9,0,26.759557,44250,4212.0,4200.0
2025-07-08 12:56:00,132.9,132.9,132.9,132.9,0,26.759557,44250,4213.3,4200.0
2025-07-08 12:57:00,132.9,132.9,132.9,132.9,0,26.759557,44250,4212.7,4200.0
2025-07-08 12:58:00,132.9,132.9,132.9,132.9,0,26.759557,44250,4212.2,4200.0
2025-07-08 12:59:00,132.9,132.9,132.4,132.4,300,26.368691,44250,4214.0,4200.0
2025-07-08 13:00:00,132.4,132.4,132.4,132.4,0,26.368691,44250,4212.4,4200.0
2025-07-08 13:01:00,132.4,132.4,132.4,132.4,150,26.643095,44550,4212.0,4200.0
2025-07-08 13:02:00,132.4,132.4,132.4,132.4,0,26.643095,44550,4212.0,4200.0
2025-07-08 13:03:00,132.4,132.4,132.4,132.4,0,26.643095,44550,4212.0,4200.0
2025-07-08 13:04:00,132.4,132.4,132.4,132.4,0,26.643095,44550,4212.0,4200.0
2025-07-08 13:05:00,132.4,132.4,132.4,132.4,0,26.643095,44550,4212.0,4200.0
2025-07-08 13:06:00,132.4,132.4,132.4,132.4,0,26.643095,44550,4214.7,4200.0
2025-07-08 13:07:00,133.0,133.0,133.0,133.0,150,26.061879,44400,4217.3,4200.0
2025-07-08 13:08:00,133.0,133.0,133.0,133.0,0,26.061879,44400,4216.9,4200.0
2025-07-08 13:09:00,134.0,135.15,134.0,135.15,450,26.483221,44400,4218.0,4200.0
2025-07-08 13:10:00,135.15,135.15,135.15,135.15,0,26.483221,44400,4216.5,4200.0
2025-07-08 13:11:00,135.15,135.15,135.15,135.15,0,26.483221,44400,4218.8,4200.0
2025-07-08 13:12:00,134.95,134.95,134.95,134.95,150,26.644152,44550,4216.5,4200.0
2025-07-08 13:13:00,134.45,136.8,134.45,136.8,2100,26.799091,44700,4218.6,4200.0
2025-07-08 13:14:00,136.8,136.8,136.8,136.8,0,26.799091,44700,4217.8,4200.0
2025-07-08 13:15:00,136.8,136.8,135.6,135.6,900,26.232443,44700,4220.6,4200.0
2025-07-08 13:16:00,135.6,135.6,135.6,135.6,0,26.232443,44700,4220.5,4200.0
2025-07-08 13:17:00,135.6,135.6,135.6,135.6,0,26.232443,44700,4220.4,4200.0
2025-07-08 13:18:00,135.6,135.6,135.6,135.6,0,26.232443,44700,4219.5,4200.0
2025-07-08 13:19:00,135.6,135.6,135.5,135.5,300,26.572491,45150,4218.0,4200.0
2025-07-08 13:20:00,135.5,135.5,135.5,135.5,0,26.572491,45150,4217.0,4200.0
2025-07-08 13:21:00,135.0,135.5,135.0,135.5,300,26.504108,45150,4218.5,4200.0
2025-07-08 13:22:00,135.5,135.5,135.5,135.5,0,26.504108,45150,4217.0,4200.0
2025-07-08 13:23:00,135.5,135.5,135.5,135.5,0,26.504108,45150,4216.5,4200.0
2025-07-08 13:24:00,135.5,135.5,135.5,135.5,0,26.504108,45150,4216.7,4200.0
2025-07-08 13:25:00,135.5,135.5,135.5,135.5,0,26.504108,45150,4216.5,4200.0
2025-07-08 13:26:00,135.5,135.5,135.5,135.5,0,26.504108,45150,4216.5,4200.0
2025-07-08 13:27:00,135.5,135.5,134.0,134.0,450,26.423211,45450,4216.5,4200.0
2025-07-08 13:28:00,134.0,134.0,134.0,134.0,0,26.423211,45450,4216.5,4200.0
2025-07-08 13:29:00,134.0,134.0,134.0,134.0,150,26.424215,45450,4216.5,4200.0
2025-07-08 13:30:00,134.0,134.0,134.0,134.0,0,26.424215,45450,4216.5,4200.0
2025-07-08 13:31:00,134.0,134.25,134.0,134.25,150,26.485364,45600,4216.5,4200.0
2025-07-08 13:32:00,133.65,133.65,133.65,133.65,150,26.272343,45600,4217.0,4200.0
2025-07-08 13:33:00,133.65,133.65,133.65,133.65,0,26.272343,45600,4216.5,4200.0
2025-07-08 13:34:00,133.65,133.65,133.65,133.65,0,26.272343,45600,4216.5,4200.0
2025-07-08 13:35:00,133.65,133.65,133.65,133.65,0,26.272343,45600,4217.8,4200.0
2025-07-08 13:36:00,133.65,133.65,133.65,133.65,0,26.272343,45600,4216.5,4200.0
2025-07-08 13:37:00,133.65,133.65,133.65,133.65,0,26.272343,45600,4216.5,4200.0
2025-07-08 13:38:00,133.65,133.65,133.65,133.65,0,26.272343,45600,4215.1,4200.0
2025-07-08 13:39:00,133.65,133.65,133.65,133.65,0,26.272343,45600,4216.5,4200.0
2025-07-08 13:40:00,133.65,133.65,132.0,132.0,150,25.948409,45450,4216.5,4200.0
2025-07-08 13:41:00,132.0,132.0,132.0,132.0,0,25.948409,45450,4216.5,4200.0
2025-07-08 13:42:00,132.0,132.0,132.0,132.0,0,25.948409,45450,4216.6,4200.0
2025-07-08 13:43:00,132.0,132.0,131.05,131.05,150,25.72118,45600,4216.5,4200.0
2025-07-08 13:44:00,131.05,131.05,131.05,131.05,0,25.72118,45600,4216.5,4200.0
2025-07-08 13:45:00,131.05,133.0,131.05,133.0,300,26.191595,45600,4216.5,4200.0
2025-07-08 13:46:00,133.0,133.0,131.05,131.05,300,25.722656,45750,4216.5,4200.0
2025-07-08 13:47:00,131.05,131.05,129.5,129.5,600,26.228453,45750,4210.1,4200.0
2025-07-08 13:48:00,129.5,129.5,129.5,129.5,0,26.228453,45750,4210.0,4200.0
2025-07-08 13:49:00,129.5,129.5,129.5,129.5,0,26.228453,45750,4210.0,4200.0
2025-07-08 13:50:00,129.5,129.5,129.0,129.0,900,26.123484,46350,4210.0,4200.0
2025-07-08 13:51:00,128.35,128.35,128.35,128.35,150,25.967914,46350,4210.0,4200.0
2025-07-08 13:52:00,128.35,129.25,128.35,129.0,300,26.124476,47250,4210.0,4200.0
2025-07-08 13:53:00,129.0,129.0,129.0,129.0,0,26.124476,47250,4208.2,4200.0
2025-07-08 13:54:00,129.0,129.0,129.0,129.0,0,26.124476,47250,4210.1,4200.0
2025-07-08 13:55:00,129.0,129.0,129.0,129.0,150,26.125965,47250,4210.0,4200.0
2025-07-08 13:56:00,129.0,131.0,129.0,131.0,150,26.606605,46950,4210.0,4200.0
2025-07-08 13:57:00,131.0,131.0,124.65,125.1,1500,26.75395,46950,4198.3,4200.0
2025-07-08 13:58:00,125.1,129.6,125.1,129.6,750,27.171375,46800,4203.3,4200.0
2025-07-08 13:59:00,129.6,129.6,129.5,129.5,150,26.760741,46800,4206.2,4200.0
2025-07-08 14:00:00,129.5,129.5,129.5,129.5,150,26.988641,46800,4204.5,4200.0
2025-07-08 14:01:00,129.5,130.0,129.5,130.0,450,26.774225,46800,4207.0,4200.0
2025-07-08 14:02:00,130.0,132.25,130.0,132.25,150,27.42147,47100,4206.2,4200.0
2025-07-08 14:03:00,132.25,132.25,132.25,132.25,0,27.42147,47100,4204.7,4200.0
2025-07-08 14:04:00,132.25,132.25,132.25,132.25,0,27.42147,47100,4205.0,4200.0
2025-07-08 14:05:00,132.25,132.25,132.25,132.25,0,27.42147,47100,4205.7,4200.0
2025-07-08 14:06:00,132.25,132.25,132.25,132.25,0,27.42147,47100,4206.0,4200.0
2025-07-08 14:07:00,131.05,131.05,131.05,131.05,300,27.015617,46950,4207.1,4200.0
2025-07-08 14:08:00,131.05,131.05,131.05,131.05,0,27.015617,46950,4205.0,4200.0
2025-07-08 14:09:00,131.05,131.05,131.05,131.05,0,27.015617,46950,4205.0,4200.0
2025-07-08 14:10:00,131.05,131.1,131.05,131.1,150,27.203469,46950,4205.8,4200.0
2025-07-08 14:11:00,131.1,131.1,131.1,131.1,0,27.203469,46950,4206.3,4200.0
2025-07-08 14:12:00,131.1,131.1,131.1,131.1,0,27.203469,46950,4204.5,4200.0
2025-07-08 14:13:00,131.1,131.45,131.1,131.45,150,27.2889,46800,4205.8,4200.0
2025-07-08 14:14:00,131.45,131.45,131.45,131.45,0,27.2889,46800,4205.0,4200.0
2025-07-08 14:15:00,131.45,131.45,131.45,131.45,0,27.2889,46800,4205.0,4200.0
2025-07-08 14:16:00,131.45,131.45,131.45,131.45,0,27.2889,46800,4206.0,4200.0
2025-07-08 14:17:00,130.0,130.0,130.0,130.0,150,26.996869,46800,4205.4,4200.0
2025-07-08 14:18:00,130.0,130.0,130.0,130.0,0,26.996869,46800,4204.5,4200.0
2025-07-08 14:19:00,130.0,130.0,130.0,130.0,0,26.996869,46800,4204.5,4200.0
2025-07-08 14:20:00,130.0,130.0,130.0,130.0,0,26.996869,46800,4204.5,4200.0
2025-07-08 14:21:00,130.0,130.0,130.0,130.0,0,26.996869,46800,4210.0,4200.0
2025-07-08 14:22:00,131.7,131.7,130.65,130.65,1200,26.522077,47100,4210.1,4200.0
2025-07-08 14:23:00,130.65,130.65,130.65,130.65,0,26.522077,47100,4208.4,4200.0
2025-07-08 14:24:00,130.65,132.05,130.65,132.05,150,26.217073,47100,4214.8,4200.0
2025-07-08 14:25:00,132.05,132.05,129.65,130.4,1350,26.300311,47100,4211.3,4200.0
2025-07-08 14:26:00,130.4,132.0,130.4,132.0,150,26.453187,47100,4213.0,4200.0
2025-07-08 14:27:00,132.0,132.0,132.0,132.0,0,26.453187,47100,4213.3,4200.0
2025-07-08 14:28:00,132.0,132.0,132.0,132.0,0,26.453187,47100,4215.0,4200.0
2025-07-08 14:29:00,132.0,132.0,132.0,132.0,1950,26.08339,47250,4215.7,4200.0
2025-07-08 14:30:00,132.0,132.0,132.0,132.0,0,26.08339,47250,4215.9,4200.0
2025-07-08 14:31:00,132.0,132.0,132.0,132.0,0,26.08339,47250,4215.0,4200.0
2025-07-08 14:32:00,132.0,132.0,132.0,132.0,0,26.08339,47250,4217.6,4200.0
2025-07-08 14:33:00,134.2,134.2,134.2,134.2,300,26.282746,48150,4218.1,4200.0
2025-07-08 14:34:00,134.2,134.2,134.2,134.2,0,26.282746,48150,4218.3,4200.0
2025-07-08 14:35:00,134.2,134.2,134.0,134.0,450,26.388205,48300,4217.0,4200.0
2025-07-08 14:36:00,134.0,134.0,133.2,133.2,150,26.112725,48300,4217.6,4200.0
2025-07-08 14:37:00,133.2,133.2,133.2,133.2,0,26.112725,48300,4217.5,4200.0
2025-07-08 14:38:00,133.2,133.2,133.2,133.2,0,26.112725,48300,4217.1,4200.0
2025-07-08 14:39:00,133.2,133.2,133.0,133.0,150,26.177025,48300,4216.8,4200.0
2025-07-08 14:40:00,133.0,133.0,132.85,132.85,150,26.196784,48300,4216.4,4200.0
2025-07-08 14:41:00,132.0,132.0,132.0,132.0,300,26.185972,48450,4215.0,4200.0
2025-07-08 14:42:00,132.0,132.0,132.0,132.0,150,26.856393,48450,4210.1,4200.0
2025-07-08 14:43:00,132.0,132.0,131.0,131.0,150,26.630277,48600,4210.0,4200.0
2025-07-08 14:44:00,131.0,131.0,131.0,131.0,0,26.630277,48600,4210.0,4200.0
2025-07-08 14:45:00,131.0,131.0,131.0,131.0,0,26.630277,48600,4210.0,4200.0
2025-07-08 14:46:00,131.0,131.0,128.8,128.8,600,26.103239,48600,4210.0,4200.0
2025-07-08 14:47:00,128.8,128.8,128.8,128.8,0,26.103239,48600,4211.6,4200.0
2025-07-08 14:48:00,130.0,130.0,130.0,130.0,150,26.297397,48600,4210.7,4200.0
2025-07-08 14:49:00,130.0,130.0,129.05,129.05,150,26.055942,48600,4210.8,4200.0
2025-07-08 14:50:00,129.05,129.05,129.05,129.05,0,26.055942,48600,4210.6,4200.0
2025-07-08 14:51:00,129.05,129.05,129.05,129.05,0,26.055942,48600,4210.6,4200.0
2025-07-08 14:52:00,130.9,130.9,130.9,130.9,150,26.406731,49050,4211.5,4200.0
2025-07-08 14:53:00,130.9,130.9,130.9,130.9,0,26.406731,49050,4211.7,4200.0
2025-07-08 14:54:00,130.9,130.9,130.9,130.9,0,26.406731,49050,4212.0,4200.0
2025-07-08 14:55:00,131.05,131.05,131.05,131.05,150,26.239237,49200,4213.0,4200.0
2025-07-08 14:56:00,131.05,131.05,131.05,131.05,0,26.239237,49200,4211.1,4200.0
2025-07-08 14:57:00,131.05,131.05,131.05,131.05,0,26.239237,49200,4212.5,4200.0
2025-07-08 14:58:00,131.05,131.05,131.05,131.05,0,26.239237,49200,4212.5,4200.0
2025-07-08 14:59:00,131.05,131.05,131.05,131.05,0,26.239237,49200,4214.6,4200.0
2025-07-08 15:00:00,131.05,133.95,131.05,133.95,2400,26.623612,49050,4215.3,4200.0
2025-07-08 15:01:00,133.7,138.2,133.7,137.55,4350,26.686267,49800,4221.1,4200.0
2025-07-08 15:02:00,137.55,137.55,137.35,137.35,750,26.722453,49800,4220.5,4200.0
2025-07-08 15:03:00,137.35,137.35,134.45,134.45,300,26.773034,49800,4215.1,4200.0
2025-07-08 15:04:00,134.45,138.0,134.45,138.0,900,27.655219,50100,4214.9,4200.0
2025-07-08 15:05:00,139.4,139.4,137.65,137.65,1650,27.967501,50100,4212.0,4200.0
2025-07-08 15:06:00,137.65,137.65,136.65,136.65,300,27.917768,50100,4210.6,4200.0
2025-07-08 15:07:00,136.65,137.65,136.65,137.65,450,27.954956,50100,4212.1,4200.0
2025-07-08 15:08:00,137.65,137.65,136.0,136.0,450,27.843924,50400,4210.0,4200.0
2025-07-08 15:09:00,136.0,138.9,136.0,138.9,450,27.929084,50400,4214.5,4200.0
2025-07-08 15:10:00,138.9,138.9,135.9,135.9,1650,27.50875,50100,4212.3,4200.0
2025-07-08 15:11:00,135.9,141.0,135.9,141.0,1350,27.677022,50100,4220.0,4200.0
2025-07-08 15:12:00,141.0,141.0,140.9,140.9,150,27.583853,50100,4220.5,4200.0
2025-07-08 15:13:00,140.9,140.9,140.9,140.9,0,27.583853,50100,4217.9,4200.0
2025-07-08 15:14:00,140.9,140.9,140.0,140.0,300,28.086691,51450,4215.3,4200.0
2025-07-08 15:15:00,140.0,140.0,140.0,140.0,450,28.645784,51450,4211.2,4200.0
2025-07-08 15:16:00,140.0,140.5,140.0,140.5,150,28.928529,51900,4210.0,4200.0
2025-07-08 15:17:00,140.5,141.85,140.5,141.85,150,28.656266,51900,4214.4,4200.0
2025-07-08 15:18:00,141.85,142.55,141.85,142.55,300,29.205584,51900,4211.6,4200.0
2025-07-08 15:19:00,142.55,144.0,142.55,143.2,2100,29.335133,52350,4211.8,4200.0
2025-07-08 15:20:00,143.2,144.25,143.2,144.25,4350,29.452313,52350,4212.8,4200.0
2025-07-08 15:21:00,144.25,144.25,142.8,143.25,2400,29.321147,52350,4212.0,4200.0
2025-07-08 15:22:00,143.25,143.5,143.0,143.5,900,29.368182,57300,4212.1,4200.0
2025-07-08 15:23:00,143.5,143.5,143.5,143.5,0,29.368182,57300,4212.2,4200.0
2025-07-08 15:24:00,143.5,143.5,143.5,143.5,0,29.368182,57300,4212.1,4200.0
2025-07-08 15:25:00,143.5,143.5,143.5,143.5,750,29.111712,57300,4214.0,4200.0
2025-07-08 15:26:00,144.0,144.0,144.0,144.0,150,29.503982,57600,4212.0,4200.0
2025-07-08 15:27:00,144.0,144.55,144.0,144.55,300,29.906541,57600,4210.0,4200.0
2025-07-08 15:28:00,144.55,144.55,144.55,144.55,0,29.906541,57600,4212.1,4200.0
2025-07-08 15:29:00,144.55,144.55,144.1,144.1,150,29.40763,57450,4212.9,4200.0
2025-07-09 09:18:00,142.05,142.05,139.7,139.7,600,27.954139,57450,4219.9,4200.0
2025-07-09 09:19:00,139.7,139.7,139.7,139.7,0,27.954139,57450,4217.2,4200.0
2025-07-09 09:20:00,139.7,140.1,139.7,140.1,150,28.236167,57450,4218.6,4200.0
2025-07-09 09:21:00,140.1,140.1,139.5,139.5,1650,28.117912,57600,4218.4,4200.0
2025-07-09 09:22:00,139.5,141.0,139.5,141.0,150,28.457574,57600,4218.6,4200.0
2025-07-09 09:23:00,116.5,121.1,116.5,121.1,750,28.507213,74850,4229.0,4250.0
2025-07-09 09:24:00,123.1,123.45,122.45,122.45,750,29.094369,74850,4226.9,4250.0
2025-07-09 09:25:00,122.45,122.5,122.45,122.5,600,28.844808,75000,4229.0,4250.0
2025-07-09 09:26:00,122.5,122.5,121.55,121.65,2250,29.002638,75000,4226.1,4250.0
2025-07-09 09:27:00,121.65,121.65,119.1,119.1,150,28.215908,75300,4227.5,4250.0
2025-07-09 09:28:00,122.0,122.0,121.65,121.65,300,28.754613,75300,4228.1,4250.0
2025-07-09 09:29:00,121.9,123.65,121.9,123.65,750,28.998119,75300,4230.0,4250.0
2025-07-09 09:30:00,120.9,120.9,120.9,120.9,450,28.500437,75300,4228.7,4250.0
2025-07-09 09:31:00,120.9,120.9,119.05,119.05,750,28.491876,75150,4225.2,4250.0
2025-07-09 09:32:00,145.9,145.9,140.25,140.25,300,27.926931,60900,4221.1,4200.0
2025-07-09 09:33:00,140.25,142.5,139.25,142.5,900,27.924391,60750,4225.0,4200.0
2025-07-09 09:34:00,142.5,143.0,142.5,143.0,150,28.09063,60750,4224.7,4200.0
2025-07-09 09:35:00,143.0,144.0,143.0,143.0,300,28.11975,60750,4224.5,4200.0
2025-07-09 09:36:00,143.0,143.2,141.45,141.45,3600,27.982169,60900,4222.8,4200.0
2025-07-09 09:37:00,119.0,119.0,118.3,118.3,150,28.265148,75300,4225.6,4250.0
2025-07-09 09:38:00,119.45,119.45,117.3,117.3,600,28.037605,75300,4225.5,4250.0
2025-07-09 09:39:00,144.05,144.05,139.6,139.6,1350,27.272452,62550,4224.6,4200.0
2025-07-09 09:40:00,139.6,140.75,139.6,140.75,300,27.926294,62550,4222.0,4200.0
2025-07-09 09:41:00,140.0,140.0,140.0,140.0,450,27.586279,62550,4223.1,4200.0
2025-07-09 09:42:00,140.0,141.25,140.0,141.25,300,27.893656,63600,4223.1,4200.0
2025-07-09 09:43:00,141.25,141.25,140.55,140.85,450,27.781769,63600,4223.2,4200.0
2025-07-09 09:44:00,140.55,140.55,140.55,140.55,150,27.637317,63600,4223.7,4200.0
2025-07-09 09:45:00,140.55,140.55,140.05,140.05,150,28.321807,63600,4218.0,4200.0
2025-07-09 09:46:00,138.4,138.4,138.4,138.4,150,28.697707,63900,4212.4,4200.0
2025-07-09 09:47:00,138.4,138.4,138.4,138.4,0,28.697707,63900,4216.6,4200.0
2025-07-09 09:48:00,138.4,138.4,137.2,137.95,750,28.103192,64200,4215.9,4200.0
2025-07-09 09:49:00,137.95,140.6,137.95,140.6,300,28.514684,64200,4217.6,4200.0
2025-07-09 09:50:00,140.6,140.6,139.5,140.6,750,28.177988,64200,4220.0,4200.0
2025-07-09 09:51:00,140.6,140.6,140.6,140.6,0,28.177988,64200,4221.0,4200.0
2025-07-09 09:52:00,140.6,141.0,140.6,141.0,150,28.277108,65250,4220.0,4200.0
2025-07-09 09:53:00,141.0,141.0,141.0,141.0,0,28.277108,65250,4223.0,4200.0
2025-07-09 09:54:00,141.0,141.0,141.0,141.0,150,28.249992,65250,4220.2,4200.0
2025-07-09 09:55:00,141.0,141.0,140.0,140.0,600,27.665076,65250,4222.6,4200.0
2025-07-09 09:56:00,140.0,140.0,140.0,140.0,0,27.665076,65250,4221.9,4200.0
2025-07-09 09:57:00,140.0,141.05,140.0,141.05,150,28.023333,65250,4221.9,4200.0
2025-07-09 09:58:00,141.05,142.45,141.05,142.4,300,27.984969,65400,4224.5,4200.0
2025-07-09 09:59:00,142.4,142.4,141.0,141.0,1050,27.997963,65400,4222.0,4200.0
2025-07-09 10:00:00,141.0,142.75,141.0,142.75,750,28.228931,65400,4223.4,4200.0
2025-07-09 10:01:00,142.75,142.75,142.6,142.6,150,28.19266,67500,4223.4,4200.0
2025-07-09 10:02:00,141.0,142.0,141.0,142.0,300,27.988882,67500,4223.8,4200.0
2025-07-09 10:03:00,142.05,142.05,142.05,142.05,150,28.200981,67500,4222.4,4200.0
2025-07-09 10:04:00,140.5,140.5,140.5,140.5,300,27.77845,67800,4222.7,4200.0
2025-07-09 10:05:00,140.5,140.5,140.5,140.5,0,27.77845,67800,4220.0,4200.0
2025-07-09 10:06:00,140.05,140.05,140.05,140.05,150,27.811254,67800,4221.7,4200.0
2025-07-09 10:07:00,140.05,140.05,140.05,140.05,0,27.811254,67800,4221.0,4200.0
2025-07-09 10:08:00,140.05,140.05,140.05,140.05,0,27.811254,67800,4221.5,4200.0
2025-07-09 10:09:00,140.05,140.05,140.05,140.05,0,27.811254,67800,4221.6,4200.0
2025-07-09 10:10:00,140.05,141.4,140.05,141.4,150,27.959949,67800,4223.0,4200.0
2025-07-09 10:11:00,141.4,141.4,141.4,141.4,0,27.959949,67800,4222.6,4200.0
2025-07-09 10:12:00,141.4,141.4,140.1,140.1,300,27.784165,67800,4222.0,4200.0
2025-07-09 10:13:00,140.1,140.1,140.1,140.1,0,27.784165,67800,4222.0,4200.0
2025-07-09 10:14:00,140.1,140.1,139.9,139.9,600,27.849718,67950,4221.2,4200.0
2025-07-09 10:15:00,139.9,140.0,139.9,140.0,600,27.761244,67950,4222.0,4200.0
2025-07-09 10:16:00,140.0,140.0,140.0,140.0,0,27.761244,67950,4222.0,4200.0
2025-07-09 10:17:00,140.0,140.0,140.0,140.0,150,27.634211,67650,4222.9,4200.0
2025-07-09 10:18:00,140.0,140.0,140.0,140.0,0,27.634211,67650,4222.5,4200.0
2025-07-09 10:19:00,140.0,140.0,140.0,140.0,0,27.634211,67650,4220.3,4200.0
2025-07-09 10:20:00,140.0,140.0,140.0,140.0,0,27.634211,67650,4221.8,4200.0
2025-07-09 10:21:00,140.0,140.0,140.0,140.0,150,27.764493,67650,4222.0,4200.0
2025-07-09 10:22:00,140.0,140.0,140.0,140.0,0,27.764493,67650,4223.4,4200.0
2025-07-09 10:23:00,140.0,140.0,140.0,140.0,0,27.764493,67650,4223.1,4200.0
2025-07-09 10:24:00,140.0,140.0,139.8,139.8,150,27.887284,67650,4220.8,4200.0
2025-07-09 10:25:00,139.15,139.15,139.15,139.15,150,27.586406,67650,4221.8,4200.0
2025-07-09 10:26:00,138.7,138.7,138.7,138.7,300,27.575904,67650,4221.1,4200.0
2025-07-09 10:27:00,138.7,138.7,138.7,138.7,0,27.575904,67650,4219.6,4200.0
2025-07-09 10:28:00,138.7,138.7,138.0,138.0,300,27.941353,67350,4217.3,4200.0
2025-07-09 10:29:00,138.0,138.0,138.0,138.0,0,27.941353,67350,4215.0,4200.0
2025-07-09 10:30:00,137.95,137.95,136.0,136.0,1650,27.913423,67350,4214.0,4200.0
2025-07-09 10:31:00,136.0,137.85,136.0,137.85,900,27.695343,68850,4218.8,4200.0
2025-07-09 10:32:00,137.85,137.85,137.85,137.85,0,27.695343,68850,4219.8,4200.0
2025-07-09 10:33:00,137.85,137.85,137.85,137.85,0,27.695343,68850,4217.5,4200.0
2025-07-09 10:34:00,137.85,139.85,137.85,139.85,750,27.535169,69000,4223.4,4200.0
2025-07-09 10:35:00,139.85,139.85,139.85,139.85,0,27.535169,69000,4225.1,4250.0
2025-07-09 10:36:00,113.8,120.7,113.8,120.7,3900,28.350156,76200,4229.8,4250.0
2025-07-09 10:37:00,141.0,144.2,140.0,140.0,1350,27.459211,68700,4224.2,4200.0
2025-07-09 10:38:00,115.9,119.0,115.9,119.0,1200,27.665404,74400,4232.0,4250.0
2025-07-09 10:39:00,119.0,120.8,119.0,120.8,900,27.846033,74700,4234.0,4250.0
2025-07-09 10:40:00,120.8,120.8,120.35,120.35,150,27.877599,74700,4232.9,4250.0
2025-07-09 10:41:00,120.35,121.1,120.0,120.0,600,27.907603,74700,4232.0,4250.0
2025-07-09 10:42:00,120.0,120.05,120.0,120.05,150,27.793833,74700,4233.0,4250.0
2025-07-09 10:43:00,120.05,120.05,120.05,120.05,0,27.793833,74700,4234.2,4250.0
2025-07-09 10:44:00,120.05,120.25,120.05,120.1,750,27.616807,74700,4234.5,4250.0
2025-07-09 10:45:00,120.1,122.1,120.1,122.1,450,27.780058,74400,4237.0,4250.0
2025-07-09 10:46:00,122.1,123.0,121.0,122.0,600,27.384378,74400,4239.9,4250.0
2025-07-09 10:47:00,122.0,122.5,121.3,121.3,450,27.332247,74400,4239.0,4250.0
2025-07-09 10:48:00,121.3,121.3,121.3,121.3,0,27.332247,74400,4238.0,4250.0
2025-07-09 10:49:00,122.5,123.0,122.5,123.0,900,27.613761,74550,4240.0,4250.0
2025-07-09 10:50:00,122.1,122.3,122.1,122.3,600,27.471574,74550,4239.8,4250.0
2025-07-09 10:51:00,122.3,122.3,122.3,122.3,0,27.471574,74550,4238.0,4250.0
2025-07-09 10:52:00,122.3,122.3,120.75,120.75,300,27.522776,74550,4236.5,4250.0
2025-07-09 10:53:00,120.25,120.25,120.25,120.25,300,27.223876,74550,4237.9,4250.0
2025-07-09 10:54:00,120.25,120.25,120.25,120.25,0,27.223876,74550,4239.1,4250.0
2025-07-09 10:55:00,120.45,120.45,120.45,120.45,150,27.196094,74250,4238.5,4250.0
2025-07-09 10:56:00,120.45,120.45,120.45,120.45,0,27.196094,74250,4239.0,4250.0
2025-07-09 10:57:00,120.45,120.45,120.45,120.45,0,27.196094,74250,4237.0,4250.0
2025-07-09 10:58:00,120.45,120.95,120.45,120.95,150,27.586847,74250,4236.4,4250.0
2025-07-09 10:59:00,120.95,120.95,120.95,120.95,0,27.586847,74250,4228.0,4250.0
2025-07-09 11:00:00,118.4,118.4,117.35,117.35,750,27.569278,74250,4229.7,4250.0
2025-07-09 11:01:00,117.35,117.35,117.35,117.35,0,27.569278,74250,4226.7,4250.0
2025-07-09 11:02:00,117.35,117.35,117.35,117.35,0,27.569278,74250,4224.1,4200.0
2025-07-09 11:03:00,139.0,139.0,139.0,139.0,150,27.270212,68700,4223.9,4200.0
2025-07-09 11:04:00,139.0,139.0,139.0,139.0,150,27.35664,68850,4223.3,4200.0
2025-07-09 11:05:00,139.0,139.2,139.0,139.2,600,27.861384,68850,4220.1,4200.0
2025-07-09 11:06:00,139.2,139.2,139.2,139.2,0,27.861384,68850,4220.2,4200.0
2025-07-09 11:07:00,139.2,139.2,139.2,139.2,0,27.861384,68850,4224.0,4200.0
2025-07-09 11:08:00,139.2,139.2,139.1,139.2,300,27.250388,69000,4224.4,4200.0
2025-07-09 11:09:00,139.2,139.2,139.2,139.2,0,27.250388,69000,4223.6,4200.0
2025-07-09 11:10:00,115.65,115.75,115.65,115.75,1500,27.427105,75600,4227.8,4250.0
2025-07-09 11:11:00,115.75,117.95,115.75,117.95,1050,28.082047,75600,4226.8,4250.0
2025-07-09 11:12:00,117.95,117.95,115.5,117.85,600,27.658324,75600,4230.0,4250.0
2025-07-09 11:13:00,117.85,118.25,117.85,118.25,600,27.503377,75600,4232.0,4250.0
2025-07-09 11:14:00,118.25,119.95,118.25,119.45,900,27.956602,75600,4230.7,4250.0
2025-07-09 11:15:00,119.45,120.8,119.45,120.75,450,27.967228,75600,4233.1,4250.0
2025-07-09 11:16:00,120.75,120.75,120.75,120.75,0,27.967228,75600,4232.8,4250.0
2025-07-09 11:17:00,120.75,120.75,120.75,120.75,0,27.967228,75600,4232.2,4250.0
2025-07-09 11:18:00,119.5,119.5,118.55,118.55,450,27.578236,76050,4232.0,4250.0
2025-07-09 11:19:00,118.55,118.55,118.55,118.55,0,27.578236,76050,4233.7,4250.0
2025-07-09 11:20:00,118.55,118.55,118.55,118.55,0,27.578236,76050,4233.4,4250.0
2025-07-09 11:21:00,120.6,120.6,120.6,120.6,150,27.78217,76200,4234.3,4250.0
2025-07-09 11:22:00,120.6,120.6,120.0,120.0,300,27.625546,76350,4234.4,4250.0
2025-07-09 11:23:00,120.0,121.4,120.0,121.4,600,28.026614,76350,4233.9,4250.0
2025-07-09 11:24:00,120.0,120.0,120.0,120.0,150,27.715444,76350,4233.7,4250.0
2025-07-09 11:25:00,120.0,120.3,120.0,120.3,150,27.533943,75750,4235.7,4250.0
2025-07-09 11:26:00,120.3,120.3,117.4,117.4,750,27.745376,75750,4228.5,4250.0
2025-07-09 11:27:00,117.4,117.4,117.15,117.15,150,27.497696,75750,4230.0,4250.0
2025-07-09 11:28:00,117.15,117.15,117.15,117.15,0,27.497696,75750,4230.3,4250.0
2025-07-09 11:29:00,117.15,117.15,117.15,117.15,0,27.497696,75750,4231.7,4250.0
2025-07-09 11:30:00,117.15,117.15,117.15,117.15,0,27.497696,75750,4232.3,4250.0
2025-07-09 11:31:00,143.2,143.2,132.35,132.35,1500,27.798976,69000,4208.6,4200.0
2025-07-09 11:32:00,132.2,132.2,132.2,132.2,150,26.778154,69000,4215.7,4200.0
2025-07-09 11:33:00,132.2,132.2,132.2,132.2,0,26.778154,69000,4213.1,4200.0
2025-07-09 11:34:00,132.2,137.75,132.2,137.75,150,28.376719,68550,4214.0,4200.0
2025-07-09 11:35:00,137.75,137.75,137.0,137.6,450,28.326641,68550,4214.1,4200.0
2025-07-09 11:36:00,137.6,137.6,137.6,137.6,0,28.326641,68550,4215.5,4200.0
2025-07-09 11:37:00,137.6,137.6,137.6,137.6,1500,28.272115,68850,4214.5,4200.0
2025-07-09 11:38:00,137.6,137.6,136.0,136.0,450,28.50324,68850,4210.0,4200.0
2025-07-09 11:39:00,136.0,136.0,132.4,133.0,600,28.071762,69150,4207.8,4200.0
2025-07-09 11:40:00,133.0,133.0,130.7,130.7,450,27.837357,69150,4205.4,4200.0
2025-07-09 11:41:00,130.7,130.7,130.7,130.7,300,27.878655,69150,4205.1,4200.0
2025-07-09 11:42:00,130.7,131.9,130.7,131.75,450,28.284783,69150,4204.0,4200.0
2025-07-09 11:43:00,131.75,131.75,131.45,131.45,300,28.252633,69900,4203.7,4200.0
2025-07-09 11:44:00,131.4,131.4,131.4,131.4,150,28.024142,69900,4205.3,4200.0
2025-07-09 11:45:00,131.4,131.85,131.0,131.85,300,28.445933,69900,4203.0,4200.0
2025-07-09 11:46:00,131.85,131.85,130.05,130.05,2400,28.020428,70050,4202.9,4200.0
2025-07-09 11:47:00,130.05,130.05,130.05,130.05,150,28.236416,70050,4201.3,4200.0
2025-07-09 11:48:00,130.05,130.05,130.05,130.05,0,28.236416,70050,4201.1,4200.0
2025-07-09 11:49:00,130.05,130.95,130.05,130.95,600,28.336184,69150,4202.2,4200.0
2025-07-09 11:50:00,130.95,130.95,130.15,130.15,150,28.033515,69150,4203.0,4200.0
2025-07-09 11:51:00,130.15,130.15,130.15,130.15,0,28.033515,69150,4203.5,4200.0
2025-07-09 11:52:00,130.15,130.15,130.15,130.15,150,28.034598,69600,4203.0,4200.0
2025-07-09 11:53:00,130.15,130.15,129.5,129.5,900,28.279774,69600,4200.0,4200.0
2025-07-09 11:54:00,129.0,129.0,129.0,129.0,150,28.051027,69600,4200.8,4200.0
2025-07-09 11:55:00,131.55,132.0,131.55,132.0,900,28.743662,70500,4201.1,4200.0
2025-07-09 11:56:00,132.0,132.0,132.0,132.0,0,28.743662,70500,4200.1,4200.0
2025-07-09 11:57:00,131.8,131.8,131.8,131.8,300,28.843322,70500,4200.0,4200.0
2025-07-09 11:58:00,131.8,131.8,130.6,130.6,150,28.55099,71550,4200.0,4200.0
2025-07-09 11:59:00,130.6,130.6,130.6,130.6,0,28.55099,71550,4200.7,4200.0
2025-07-09 12:00:00,130.6,131.65,130.6,131.65,300,28.79499,71550,4200.1,4200.0
2025-07-09 12:01:00,131.65,131.65,129.6,129.6,1050,28.174457,71850,4201.0,4200.0
2025-07-09 12:02:00,129.6,129.6,129.6,129.6,0,28.174457,71850,4200.1,4200.0
2025-07-09 12:03:00,129.6,129.6,129.6,129.6,0,28.174457,71850,4203.0,4200.0
2025-07-09 12:04:00,129.6,129.6,129.6,129.6,0,28.174457,71850,4200.0,4200.0
2025-07-09 12:05:00,129.6,129.6,129.6,129.6,0,28.174457,71850,4202.0,4200.0
2025-07-09 12:06:00,129.0,130.85,129.0,130.85,1350,28.60302,72900,4200.1,4200.0
2025-07-09 12:07:00,129.5,129.5,128.5,128.5,450,28.310413,73200,4198.0,4200.0
2025-07-09 12:08:00,128.5,128.5,128.5,128.5,0,28.310413,73200,4197.0,4200.0
2025-07-09 12:09:00,128.0,128.0,127.5,127.5,600,27.800189,73200,4200.0,4200.0
2025-07-09 12:10:00,129.4,129.4,129.4,129.4,450,28.264616,72600,4200.0,4200.0
2025-07-09 12:11:00,129.4,129.4,129.4,129.4,0,28.264616,72600,4200.2,4200.0
2025-07-09 12:12:00,129.4,129.4,129.4,129.4,0,28.264616,72600,4200.8,4200.0
2025-07-09 12:13:00,129.4,129.4,129.4,129.4,0,28.264616,72600,4200.0,4200.0
2025-07-09 12:14:00,129.0,129.0,128.35,128.45,900,28.034841,72600,4200.0,4200.0
2025-07-09 12:15:00,128.45,128.45,128.45,128.45,0,28.034841,72600,4200.0,4200.0
2025-07-09 12:16:00,128.45,128.45,128.45,128.45,0,28.034841,72600,4198.8,4200.0
2025-07-09 12:17:00,128.05,128.05,128.05,128.05,300,28.112664,73500,4198.7,4200.0
2025-07-09 12:18:00,128.05,128.05,128.05,128.05,0,28.112664,73500,4200.0,4200.0
2025-07-09 12:19:00,128.05,128.05,128.0,128.0,450,28.128235,73200,4198.5,4200.0
2025-07-09 12:20:00,126.55,127.2,126.55,127.2,750,28.02681,73200,4197.8,4200.0
2025-07-09 12:21:00,127.2,127.2,127.0,127.0,150,28.058389,73200,4197.2,4200.0
2025-07-09 12:22:00,127.0,127.0,127.0,127.0,600,28.191729,73800,4196.2,4200.0
2025-07-09 12:23:00,127.0,127.0,127.0,127.0,0,28.191729,73800,4198.0,4200.0
2025-07-09 12:24:00,126.0,126.0,126.0,126.0,150,27.60257,73800,4198.8,4200.0
2025-07-09 12:25:00,126.75,126.75,126.75,126.75,300,27.972919,73800,4197.4,4200.0
2025-07-09 12:26:00,126.75,126.75,125.6,126.5,1650,28.191094,74400,4195.3,4200.0
2025-07-09 12:27:00,126.5,126.5,126.5,126.5,0,28.191094,74400,4197.7,4200.0
2025-07-09 12:28:00,126.5,126.5,125.9,125.9,450,27.820253,75750,4197.0,4200.0
2025-07-09 12:29:00,125.15,125.15,125.05,125.05,600,27.666464,75750,4196.6,4200.0
2025-07-09 12:30:00,125.05,125.05,125.05,125.05,0,27.666464,75750,4196.7,4200.0
2025-07-09 12:31:00,125.05,125.05,125.0,125.0,450,27.84096,75900,4195.2,4200.0
2025-07-09 12:32:00,125.05,125.7,125.05,125.7,300,28.012336,75900,4195.2,4200.0
2025-07-09 12:33:00,125.7,125.7,123.0,123.0,1650,27.932876,75900,4190.8,4200.0
2025-07-09 12:34:00,123.0,123.0,123.0,123.0,0,27.932876,75900,4188.9,4200.0
2025-07-09 12:35:00,123.0,123.0,122.05,123.0,1500,27.907785,77250,4191.0,4200.0
2025-07-09 12:36:00,123.0,123.0,123.0,123.0,0,27.907785,77250,4191.0,4200.0
2025-07-09 12:37:00,123.0,123.0,123.0,123.0,0,27.907785,77250,4193.1,4200.0
2025-07-09 12:38:00,123.0,123.2,123.0,123.2,150,27.945102,77400,4191.1,4200.0
2025-07-09 12:39:00,123.2,123.2,122.8,122.8,150,27.991828,77400,4190.0,4200.0
2025-07-09 12:40:00,122.8,123.9,122.8,123.9,600,28.103873,77250,4191.2,4200.0
2025-07-09 12:41:00,123.9,124.35,123.9,124.35,300,28.174916,77250,4191.5,4200.0
2025-07-09 12:42:00,124.35,124.35,124.35,124.35,0,28.174916,77250,4193.7,4200.0
2025-07-09 12:43:00,124.35,124.35,123.0,123.0,150,27.912079,77550,4191.0,4200.0
2025-07-09 12:44:00,123.0,123.0,122.0,122.0,150,27.642431,77550,4191.2,4200.0
2025-07-09 12:45:00,122.0,122.0,122.0,122.0,450,27.865094,77550,4189.5,4200.0
2025-07-09 12:46:00,122.0,122.0,121.75,121.75,150,27.608682,78300,4191.0,4200.0
2025-07-09 12:47:00,121.75,121.75,121.5,121.5,150,27.678942,78300,4190.0,4200.0
2025-07-09 12:48:00,121.5,121.5,121.5,121.5,0,27.678942,78300,4192.0,4200.0
2025-07-09 12:49:00,121.5,121.95,121.5,121.95,300,27.789809,78450,4190.0,4200.0
2025-07-09 12:50:00,121.95,121.95,121.95,121.95,0,27.789809,78450,4190.3,4200.0
2025-07-09 12:51:00,121.95,121.95,121.5,121.5,300,27.785407,78450,4189.2,4200.0
2025-07-09 12:52:00,121.5,121.5,120.45,120.45,600,27.555793,78300,4189.0,4200.0
2025-07-09 12:53:00,120.45,122.0,120.45,122.0,1350,27.934524,78300,4189.0,4200.0
2025-07-09 12:54:00,121.8,121.8,121.8,121.8,1200,27.716696,78300,4190.3,4200.0
2025-07-09 12:55:00,121.8,121.8,121.0,121.0,450,27.600351,80400,4189.7,4200.0
2025-07-09 12:56:00,121.0,121.0,120.0,120.0,2250,27.44811,80400,4189.0,4200.0
2025-07-09 12:57:00,120.65,121.5,120.65,121.5,750,27.645087,80400,4190.3,4200.0
2025-07-09 12:58:00,121.5,123.0,121.5,123.0,150,28.011677,82500,4190.3,4200.0
2025-07-09 12:59:00,124.2,124.2,123.25,123.9,600,28.271023,82500,4190.0,4200.0
2025-07-09 13:00:00,123.9,123.9,122.95,122.95,150,28.091923,82500,4189.6,4200.0
2025-07-09 13:01:00,122.95,122.95,122.95,122.95,0,28.091923,82500,4188.2,4200.0
2025-07-09 13:02:00,122.95,122.95,122.95,122.95,0,28.091923,82500,4188.6,4200.0
2025-07-09 13:03:00,122.95,122.95,122.95,122.95,0,28.091923,82500,4190.0,4200.0
2025-07-09 13:04:00,122.95,122.95,122.95,122.95,0,28.091923,82500,4187.4,4200.0
2025-07-09 13:05:00,122.75,122.75,122.0,122.0,300,27.875813,82800,4189.5,4200.0
2025-07-09 13:06:00,123.05,123.05,122.15,122.15,1050,27.912958,82800,4189.5,4200.0
2025-07-09 13:07:00,122.15,122.15,121.7,121.7,450,27.959899,83250,4188.3,4200.0
2025-07-09 13:08:00,121.7,123.0,121.7,123.0,1800,28.056246,83250,4190.0,4200.0
2025-07-09 13:09:00,123.0,123.0,123.0,123.0,0,28.056246,83250,4190.0,4200.0
2025-07-09 13:10:00,123.0,123.0,123.0,123.0,600,28.330739,82500,4187.9,4200.0
2025-07-09 13:11:00,123.0,123.0,123.0,123.0,0,28.330739,82500,4189.5,4200.0
2025-07-09 13:12:00,123.0,123.0,123.0,123.0,0,28.330739,82500,4189.5,4200.0
2025-07-09 13:13:00,123.0,123.0,123.0,123.0,0,28.330739,82500,4190.0,4200.0
2025-07-09 13:14:00,123.0,123.0,123.0,123.0,150,28.111682,82500,4189.6,4200.0
2025-07-09 13:15:00,123.0,123.0,123.0,123.0,0,28.111682,82500,4190.0,4200.0
2025-07-09 13:16:00,123.0,123.0,123.0,123.0,300,28.060561,82500,4190.0,4200.0
2025-07-09 13:17:00,123.45,123.45,123.45,123.45,150,28.170945,82800,4190.0,4200.0
2025-07-09 13:18:00,123.45,123.45,122.8,122.8,900,28.143224,82800,4189.0,4200.0
2025-07-09 13:19:00,122.0,122.3,122.0,122.3,600,27.891302,83550,4190.0,4200.0
2025-07-09 13:20:00,122.3,122.3,122.3,122.3,0,27.891302,83550,4190.0,4200.0
2025-07-09 13:21:00,122.3,122.3,122.3,122.3,0,27.891302,83550,4190.0,4200.0
2025-07-09 13:22:00,123.25,123.25,123.25,123.25,150,28.255233,83550,4189.0,4200.0
2025-07-09 13:23:00,123.25,123.25,122.45,122.45,150,28.060488,83550,4189.0,4200.0
2025-07-09 13:24:00,122.45,122.45,122.45,122.45,0,28.060488,83550,4190.0,4200.0
2025-07-09 13:25:00,122.45,122.45,121.95,122.0,300,28.042806,83550,4188.3,4200.0
2025-07-09 13:26:00,121.25,121.25,121.15,121.15,1500,27.70565,83550,4189.3,4200.0
2025-07-09 13:27:00,121.0,121.0,121.0,121.0,150,27.708662,83550,4189.0,4200.0
2025-07-09 13:28:00,121.15,121.15,121.15,121.15,150,27.823915,83550,4188.4,4200.0
2025-07-09 13:29:00,121.15,121.15,121.15,121.15,0,27.823915,83550,4188.7,4200.0
2025-07-09 13:30:00,121.15,121.5,121.15,121.5,150,27.871398,83100,4188.7,4200.0
2025-07-09 13:31:00,121.5,121.5,121.5,121.5,0,27.871398,83100,4188.4,4200.0
2025-07-09 13:32:00,121.8,121.8,121.8,121.8,4500,27.815373,83250,4189.7,4200.0
2025-07-09 13:33:00,121.0,121.9,121.0,121.9,1200,27.801154,83250,4190.0,4200.0
2025-07-09 13:34:00,121.9,121.9,121.9,121.9,0,27.801154,83250,4188.8,4200.0
2025-07-09 13:35:00,121.9,123.0,121.9,123.0,150,28.083872,85350,4189.9,4200.0
2025-07-09 13:36:00,123.0,123.0,123.0,123.0,0,28.083872,85350,4190.0,4200.0
2025-07-09 13:37:00,123.0,123.0,123.0,123.0,0,28.083872,85350,4189.0,4200.0
2025-07-09 13:38:00,122.5,123.0,122.5,123.0,450,28.033233,85500,4190.3,4200.0
2025-07-09 13:39:00,123.15,123.15,123.0,123.0,450,28.268501,85500,4188.5,4200.0
2025-07-09 13:40:00,123.0,123.0,122.35,122.35,300,28.045241,85200,4189.0,4200.0
2025-07-09 13:41:00,122.35,123.2,122.35,123.2,300,28.122891,85200,4190.0,4200.0
2025-07-09 13:42:00,123.2,123.3,123.2,123.3,300,28.108651,85200,4190.3,4200.0
2025-07-09 13:43:00,123.3,123.3,123.0,123.0,1650,28.205579,85350,4189.0,4200.0
2025-07-09 13:44:00,123.0,123.0,123.0,123.0,300,28.193092,85350,4189.1,4200.0
2025-07-09 13:45:00,123.0,123.0,123.0,123.0,0,28.193092,85350,4190.0,4200.0
2025-07-09 13:46:00,123.45,124.0,123.45,124.0,600,28.190176,86400,4191.0,4200.0
2025-07-09 13:47:00,123.45,123.45,123.45,123.45,150,28.147987,86400,4190.3,4200.0
2025-07-09 13:48:00,123.45,123.5,123.45,123.5,150,28.199942,86400,4190.0,4200.0
2025-07-09 13:49:00,123.5,123.5,123.5,123.5,0,28.199942,86400,4190.3,4200.0
2025-07-09 13:50:00,123.5,123.5,123.5,123.5,0,28.199942,86400,4190.0,4200.0
2025-07-09 13:51:00,123.5,123.9,123.5,123.9,150,28.299259,86100,4190.0,4200.0
2025-07-09 13:52:00,123.9,123.9,123.0,123.0,300,28.457379,86250,4187.1,4200.0
2025-07-09 13:53:00,123.7,123.7,123.6,123.6,1650,28.227076,86250,4190.0,4200.0
2025-07-09 13:54:00,123.6,124.0,123.6,124.0,600,28.494832,86250,4188.7,4200.0
2025-07-09 13:55:00,124.0,124.0,124.0,124.0,150,28.469336,86250,4188.9,4200.0
2025-07-09 13:56:00,124.75,124.75,124.75,124.75,900,28.783121,85800,4187.9,4200.0
2025-07-09 13:57:00,125.0,125.0,125.0,125.0,1050,28.779736,85800,4188.4,4200.0
2025-07-09 13:58:00,125.0,125.0,125.0,125.0,300,28.728232,85350,4188.8,4200.0
2025-07-09 13:59:00,125.0,125.0,125.0,125.0,750,28.780837,85350,4188.4,4200.0
2025-07-09 14:00:00,125.0,125.0,125.0,125.0,0,28.780837,85350,4188.4,4200.0
2025-07-09 14:01:00,125.0,125.0,125.0,125.0,300,28.963713,85350,4187.0,4200.0
2025-07-09 14:02:00,125.0,125.0,125.0,125.0,0,28.963713,85350,4185.0,4200.0
2025-07-09 14:03:00,121.7,121.7,121.7,121.7,3000,29.058118,84900,4180.0,4200.0
2025-07-09 14:04:00,120.0,120.0,118.0,119.25,4500,28.979561,85500,4175.9,4200.0
2025-07-09 14:05:00,119.25,119.25,119.25,119.25,150,28.65136,85500,4178.5,4200.0
2025-07-09 14:06:00,119.25,120.15,118.6,120.15,750,28.859094,85500,4178.6,4200.0
2025-07-09 14:07:00,120.15,120.15,120.15,120.15,0,28.859094,85500,4181.0,4200.0
2025-07-09 14:08:00,122.0,122.25,122.0,122.25,750,28.875856,86700,4182.5,4200.0
2025-07-09 14:09:00,122.25,122.25,121.05,122.15,450,28.775032,86700,4183.1,4200.0
2025-07-09 14:10:00,122.15,122.15,122.15,122.15,0,28.775032,86700,4184.6,4200.0
2025-07-09 14:11:00,122.15,122.15,122.15,122.15,1200,28.917119,87300,4182.0,4200.0
2025-07-09 14:12:00,122.15,122.15,122.15,122.15,1500,28.866446,87300,4182.4,4200.0
2025-07-09 14:13:00,122.15,122.3,122.15,122.3,150,28.878007,86400,4182.6,4200.0
2025-07-09 14:14:00,122.3,122.3,121.2,121.55,450,28.925564,86400,4180.8,4200.0
2025-07-09 14:15:00,121.55,122.55,121.55,122.55,450,29.017042,86400,4182.0,4200.0
2025-07-09 14:16:00,122.55,122.55,122.1,122.1,300,28.907661,87150,4182.0,4200.0
2025-07-09 14:17:00,122.1,122.45,121.75,122.45,1200,28.980915,87150,4182.1,4200.0
2025-07-09 14:18:00,122.45,122.45,122.0,122.0,450,28.66626,87150,4183.7,4200.0
2025-07-09 14:19:00,122.0,122.0,122.0,122.0,450,28.808022,87150,4182.6,4200.0
2025-07-09 14:20:00,122.0,122.0,122.0,122.0,0,28.808022,87150,4182.9,4200.0
2025-07-09 14:21:00,122.75,122.75,122.5,122.5,1200,28.867135,87150,4183.1,4200.0
2025-07-09 14:22:00,122.5,122.5,122.5,122.5,0,28.867135,87150,4182.1,4200.0
2025-07-09 14:23:00,123.5,123.5,122.35,122.35,300,28.793065,86550,4183.4,4200.0
2025-07-09 14:24:00,122.85,122.85,122.25,122.25,450,28.884673,86550,4182.5,4200.0
2025-07-09 14:25:00,122.25,122.6,122.25,122.6,150,28.970739,86700,4182.5,4200.0
2025-07-09 14:26:00,122.6,122.6,122.6,122.6,0,28.970739,86700,4182.6,4200.0
2025-07-09 14:27:00,122.8,123.0,122.8,123.0,300,29.133633,86700,4182.0,4200.0
2025-07-09 14:28:00,123.0,125.0,123.0,125.0,2550,29.288884,86250,4184.6,4200.0
2025-07-09 14:29:00,125.0,125.0,125.0,125.0,0,29.288884,86250,4187.0,4200.0
2025-07-09 14:30:00,125.0,125.0,125.0,125.0,0,29.288884,86250,4183.0,4200.0
2025-07-09 14:31:00,125.0,125.0,125.0,125.0,0,29.288884,86250,4184.0,4200.0
2025-07-09 14:32:00,125.0,125.0,122.6,122.6,150,28.923304,86700,4182.9,4200.0
2025-07-09 14:33:00,123.0,123.0,123.0,123.0,450,29.047257,86700,4182.7,4200.0
2025-07-09 14:34:00,123.0,123.0,123.0,123.0,0,29.047257,86700,4182.7,4200.0
2025-07-09 14:35:00,123.0,123.0,123.0,123.0,150,29.048365,86550,4182.7,4200.0
2025-07-09 14:36:00,123.0,123.0,123.0,123.0,0,29.048365,86550,4183.0,4200.0
2025-07-09 14:37:00,123.0,123.0,123.0,123.0,0,29.048365,86550,4186.0,4200.0
2025-07-09 14:38:00,123.0,123.0,123.0,123.0,0,29.048365,86550,4185.8,4200.0
2025-07-09 14:39:00,123.0,125.0,122.85,125.0,750,28.867916,86400,4187.9,4200.0
2025-07-09 14:40:00,125.0,125.9,125.0,125.8,750,28.816432,86400,4189.8,4200.0
2025-07-09 14:41:00,125.8,125.8,125.8,125.8,0,28.816432,86400,4189.8,4200.0
2025-07-09 14:42:00,125.8,125.8,125.8,125.8,0,28.816432,86400,4189.9,4200.0
2025-07-09 14:43:00,125.8,125.8,125.8,125.8,0,28.816432,86400,4187.5,4200.0
2025-07-09 14:44:00,124.0,124.0,122.3,122.3,1200,28.689495,86400,4184.2,4200.0
2025-07-09 14:45:00,122.3,122.3,122.3,122.3,0,28.689495,86400,4184.7,4200.0
2025-07-09 14:46:00,122.3,122.3,122.3,122.3,0,28.689495,86400,4185.6,4200.0
2025-07-09 14:47:00,122.4,122.4,122.25,122.25,450,28.575803,86850,4185.0,4200.0
2025-07-09 14:48:00,122.0,122.0,122.0,122.0,300,28.61837,86850,4184.2,4200.0
2025-07-09 14:49:00,122.0,122.0,121.0,121.0,450,28.168053,86850,4185.8,4200.0
2025-07-09 14:50:00,121.0,121.3,121.0,121.3,150,28.241918,87150,4185.8,4200.0
2025-07-09 14:51:00,121.3,121.55,121.0,121.0,450,28.362718,87150,4184.3,4200.0
2025-07-09 14:52:00,121.0,123.3,120.35,123.3,450,28.537514,87450,4187.3,4200.0
2025-07-09 14:53:00,123.3,123.3,123.3,123.3,0,28.537514,87450,4185.5,4200.0
2025-07-09 14:54:00,123.3,123.3,122.05,122.05,600,28.050981,87450,4188.7,4200.0
2025-07-09 14:55:00,124.0,124.6,124.0,124.0,1350,28.710264,87750,4187.3,4200.0
2025-07-09 14:56:00,124.0,124.0,123.2,123.2,150,28.502277,87750,4187.4,4200.0
2025-07-09 14:57:00,123.2,124.5,123.2,124.5,300,28.664555,87750,4188.6,4200.0
2025-07-09 14:58:00,124.5,125.0,124.5,125.0,300,28.787334,87750,4188.6,4200.0
2025-07-09 14:59:00,126.0,126.0,126.0,126.0,300,29.032348,87750,4188.6,4200.0
2025-07-09 15:00:00,126.0,126.0,126.0,126.0,0,29.032348,87750,4190.3,4200.0
2025-07-09 15:01:00,126.0,126.0,126.0,126.0,0,29.032348,87750,4190.0,4200.0
2025-07-09 15:02:00,125.95,125.95,125.95,125.95,150,28.799897,87750,4190.3,4200.0
2025-07-09 15:03:00,125.95,125.95,125.95,125.95,0,28.799897,87750,4190.2,4200.0
2025-07-09 15:04:00,125.95,126.0,125.1,125.1,1050,28.867167,87750,4188.2,4200.0
2025-07-09 15:05:00,125.1,127.0,125.1,127.0,750,29.09751,87600,4190.0,4200.0
2025-07-09 15:06:00,127.0,127.0,125.15,125.15,450,28.684939,87600,4189.7,4200.0
2025-07-09 15:07:00,126.4,126.4,126.4,126.4,150,29.147613,87600,4188.5,4200.0
2025-07-09 15:08:00,126.4,126.4,126.4,126.4,0,29.147613,87600,4188.0,4200.0
2025-07-09 15:09:00,126.4,127.0,126.4,127.0,600,29.269378,87600,4188.7,4200.0
2025-07-09 15:10:00,127.0,127.0,126.0,126.45,450,28.939661,87000,4190.2,4200.0
2025-07-09 15:11:00,126.0,126.0,126.0,126.0,300,28.817098,87000,4190.3,4200.0
2025-07-09 15:12:00,126.0,126.0,126.0,126.0,0,28.817098,87000,4189.0,4200.0
2025-07-09 15:13:00,125.0,125.0,125.0,125.0,300,28.795615,87000,4188.6,4200.0
2025-07-09 15:14:00,125.75,126.0,125.75,125.9,600,28.872744,87900,4189.7,4200.0
2025-07-09 15:15:00,125.9,125.9,125.9,125.9,0,28.872744,87900,4189.5,4200.0
2025-07-09 15:16:00,125.9,125.9,125.9,125.9,0,28.872744,87900,4190.2,4200.0
2025-07-09 15:17:00,125.9,125.9,125.7,125.7,450,28.747051,87450,4190.3,4200.0
2025-07-09 15:18:00,125.7,125.7,125.35,125.35,150,28.675092,87450,4190.2,4200.0
2025-07-09 15:19:00,125.25,126.2,125.25,126.2,600,28.883516,87450,4190.2,4200.0
2025-07-09 15:20:00,126.2,126.2,125.05,125.05,600,28.628983,87450,4190.0,4200.0
2025-07-09 15:21:00,125.95,126.15,125.95,126.15,600,28.872397,87450,4190.2,4200.0
2025-07-09 15:22:00,126.15,126.15,126.0,126.0,300,28.823182,87300,4190.3,4200.0
2025-07-09 15:23:00,125.45,126.05,125.3,125.3,750,28.652533,87300,4190.3,4200.0
2025-07-09 15:24:00,125.35,125.35,125.35,125.35,150,28.665313,87300,4190.3,4200.0
2025-07-09 15:25:00,125.15,125.15,125.15,125.15,150,28.643114,87300,4190.1,4200.0
2025-07-09 15:26:00,125.15,125.15,125.0,125.0,150,28.593894,87300,4190.2,4200.0
2025-07-09 15:27:00,125.0,125.0,125.0,125.0,0,28.593894,87300,4190.2,4200.0
2025-07-09 15:28:00,125.35,125.5,125.35,125.5,600,28.71729,87600,4190.2,4200.0
2025-07-09 15:29:00,126.0,126.0,126.0,126.0,600,28.827055,87600,4190.3,4200.0
2025-07-10 09:16:00,124.95,125.9,121.7,121.7,1350,27.096466,87150,4199.7,4200.0
2025-07-10 09:17:00,124.0,124.0,124.0,124.0,300,27.355153,87150,4202.0,4200.0
2025-07-10 09:18:00,129.4,129.4,128.55,128.55,1050,28.200779,87450,4204.1,4200.0
2025-07-10 09:19:00,128.55,131.85,128.55,131.85,2400,28.316253,87450,4209.2,4200.0
2025-07-10 09:20:00,132.7,132.7,130.2,130.2,1650,28.211813,87450,4207.0,4200.0
2025-07-10 09:21:00,129.9,132.4,129.9,132.4,2250,28.496589,87450,4208.9,4200.0
2025-07-10 09:22:00,132.05,133.0,131.15,133.0,900,28.197966,88500,4212.1,4200.0
2025-07-10 09:23:00,131.85,133.1,131.85,131.85,750,28.290552,88500,4209.4,4200.0
2025-07-10 09:24:00,131.85,131.85,131.85,131.85,0,28.290552,88500,4210.7,4200.0
2025-07-10 09:25:00,133.0,134.5,133.0,133.0,1350,28.690487,89250,4208.6,4200.0
2025-07-10 09:26:00,132.0,133.8,131.95,133.8,750,28.582951,89250,4210.8,4200.0
2025-07-10 09:27:00,133.8,133.8,130.0,130.0,750,28.470767,89400,4204.8,4200.0
2025-07-10 09:28:00,130.0,130.0,130.0,130.0,300,28.567928,89400,4204.1,4200.0
2025-07-10 09:29:00,131.35,131.4,131.35,131.4,300,30.047664,89400,4195.8,4200.0
2025-07-10 09:30:00,126.25,127.75,126.25,127.05,1500,29.247663,88500,4193.7,4200.0
2025-07-10 09:31:00,127.05,128.6,126.9,128.6,450,29.378812,88500,4195.6,4200.0
2025-07-10 09:32:00,126.0,126.0,125.5,125.5,450,28.943408,88500,4193.1,4200.0
2025-07-10 09:33:00,125.5,125.5,125.0,125.0,150,28.993233,88500,4191.8,4200.0
2025-07-10 09:34:00,124.95,125.0,124.95,125.0,600,28.699503,89850,4194.0,4200.0
2025-07-10 09:35:00,125.0,125.35,124.0,125.35,300,28.934557,89850,4192.9,4200.0
2025-07-10 09:36:00,125.35,125.35,122.85,122.85,600,28.646323,89850,4190.4,4200.0
2025-07-10 09:37:00,122.85,122.85,122.85,122.85,0,28.646323,89850,4192.0,4200.0
2025-07-10 09:38:00,125.5,125.6,125.5,125.6,450,29.198751,89700,4191.4,4200.0
2025-07-10 09:39:00,125.6,126.6,125.0,126.6,300,29.181056,89700,4193.4,4200.0
2025-07-10 09:40:00,126.6,126.6,122.0,122.0,2700,28.755089,89700,4188.0,4200.0
2025-07-10 09:41:00,122.0,122.45,122.0,122.2,600,29.200156,89700,4185.0,4200.0
2025-07-10 09:42:00,122.2,122.2,121.65,121.65,150,28.893194,91500,4186.3,4200.0
2025-07-10 09:43:00,121.65,121.65,121.0,121.0,150,28.876473,91500,4185.2,4200.0
2025-07-10 09:44:00,121.0,121.0,121.0,121.0,150,28.863928,91500,4185.3,4200.0
2025-07-10 09:45:00,121.0,122.3,120.95,120.95,600,28.733861,91500,4186.2,4200.0
2025-07-10 09:46:00,121.4,121.4,121.4,121.4,150,27.944168,91500,4193.0,4200.0
2025-07-10 09:47:00,121.4,121.4,121.4,121.4,0,27.944168,91500,4194.9,4200.0
2025-07-10 09:48:00,121.4,127.15,121.4,127.15,450,29.175636,91500,4194.5,4200.0
2025-07-10 09:49:00,127.15,127.15,127.15,127.15,150,28.866291,91200,4196.8,4200.0
2025-07-10 09:50:00,127.15,127.3,126.55,127.3,450,28.904222,91200,4196.8,4200.0
2025-07-10 09:51:00,127.3,127.3,125.5,126.95,300,29.315292,91200,4193.1,4200.0
2025-07-10 09:52:00,126.95,126.95,125.1,125.1,150,28.734668,91500,4194.0,4200.0
2025-07-10 09:53:00,125.1,125.1,122.7,122.7,450,29.015922,91500,4187.4,4200.0
2025-07-10 09:54:00,122.7,122.7,122.0,122.0,150,28.895007,91500,4187.0,4200.0
2025-07-10 09:55:00,122.0,122.0,120.5,120.5,450,28.732639,91950,4185.4,4200.0
2025-07-10 09:56:00,120.5,121.45,119.8,121.45,3300,28.772432,91950,4186.9,4200.0
2025-07-10 09:57:00,121.45,121.45,120.5,120.5,150,29.269014,91950,4181.3,4200.0
2025-07-10 09:58:00,120.5,120.5,119.1,119.1,450,28.686808,90300,4183.1,4200.0
2025-07-10 09:59:00,119.1,119.1,119.1,119.1,0,28.686808,90300,4188.0,4200.0
2025-07-10 10:00:00,120.0,123.35,120.0,123.35,600,29.181734,90300,4187.4,4200.0
2025-07-10 10:01:00,123.35,123.35,123.35,123.35,0,29.181734,90300,4189.8,4200.0
2025-07-10 10:02:00,123.35,126.0,123.35,126.0,750,29.498441,90450,4190.0,4200.0
2025-07-10 10:03:00,126.0,126.0,125.7,125.7,450,29.464161,90900,4189.7,4200.0
2025-07-10 10:04:00,125.7,125.7,125.0,125.0,600,29.581583,90900,4187.5,4200.0
2025-07-10 10:05:00,125.0,125.45,124.05,124.05,300,29.279659,90900,4188.0,4200.0
2025-07-10 10:06:00,124.05,124.05,123.45,123.45,300,29.10444,90900,4188.2,4200.0
2025-07-10 10:07:00,123.45,123.45,122.75,122.75,150,28.91753,91050,4188.3,4200.0
2025-07-10 10:08:00,122.75,122.75,121.0,121.0,600,29.334853,91050,4181.8,4200.0
2025-07-10 10:09:00,121.0,122.6,121.0,122.6,450,29.315871,91050,4185.0,4200.0
2025-07-10 10:10:00,122.6,122.6,122.6,122.6,0,29.315871,91050,4184.2,4200.0
2025-07-10 10:11:00,122.6,122.6,122.6,122.6,0,29.315871,91050,4186.0,4200.0
2025-07-10 10:12:00,123.0,123.0,122.0,122.0,300,29.312267,90600,4183.9,4200.0
2025-07-10 10:13:00,122.0,122.0,122.0,122.0,150,29.299767,90750,4184.0,4200.0
2025-07-10 10:14:00,122.75,123.0,122.75,123.0,300,29.431463,90750,4184.9,4200.0
2025-07-10 10:15:00,123.0,123.15,123.0,123.15,300,29.717896,91050,4183.0,4200.0
2025-07-10 10:16:00,123.15,123.15,122.0,122.0,150,29.366861,91050,4183.5,4200.0
2025-07-10 10:17:00,122.0,123.0,122.0,123.0,150,29.564145,91050,4183.9,4200.0
2025-07-10 10:18:00,123.0,123.0,122.5,122.5,1350,29.557799,91200,4183.0,4200.0
2025-07-10 10:19:00,122.5,123.1,122.5,123.1,150,29.681678,91200,4183.2,4200.0
2025-07-10 10:20:00,123.1,124.75,123.1,124.75,300,29.765687,91200,4185.7,4200.0
2025-07-10 10:21:00,124.75,125.75,124.0,125.75,750,29.180914,91950,4192.0,4200.0
2025-07-10 10:22:00,125.75,126.85,125.75,126.8,750,29.349456,91950,4192.7,4200.0
2025-07-10 10:23:00,126.8,128.4,126.5,128.25,750,29.429579,91950,4194.8,4200.0
2025-07-10 10:24:00,128.25,128.25,128.0,128.0,600,29.260185,92850,4195.6,4200.0
2025-07-10 10:25:00,128.15,129.0,128.15,129.0,600,29.45598,92850,4196.0,4200.0
2025-07-10 10:26:00,129.0,129.0,129.0,129.0,0,29.45598,92850,4196.0,4200.0
2025-07-10 10:27:00,129.6,129.6,129.6,129.6,450,29.889079,92850,4193.9,4200.0
2025-07-10 10:28:00,129.55,129.55,129.5,129.5,450,29.58231,93300,4196.0,4200.0
2025-07-10 10:29:00,129.5,129.6,128.9,128.9,2250,29.527737,93300,4195.3,4200.0
2025-07-10 10:30:00,128.9,128.9,128.9,128.9,150,29.568699,93300,4195.0,4200.0
2025-07-10 10:31:00,129.0,129.6,129.0,129.6,300,29.784023,91800,4194.7,4200.0
2025-07-10 10:32:00,128.65,128.65,128.65,128.65,4050,29.399829,91800,4195.8,4200.0
2025-07-10 10:33:00,128.65,128.65,128.1,128.1,900,29.371132,91800,4195.0,4200.0
2025-07-10 10:34:00,128.6,128.75,128.5,128.75,1350,29.425913,93300,4195.8,4200.0
2025-07-10 10:35:00,128.75,128.9,128.75,128.9,750,29.558169,93300,4195.1,4200.0
2025-07-10 10:36:00,129.0,129.0,128.95,128.95,300,29.571213,93300,4195.1,4200.0
2025-07-10 10:37:00,128.95,128.95,125.55,125.55,1800,29.353584,94200,4190.4,4200.0
2025-07-10 10:38:00,124.95,124.95,124.0,124.0,6750,29.286307,94200,4188.0,4200.0
2025-07-10 10:39:00,123.4,123.4,123.4,123.4,450,29.137441,94200,4188.0,4200.0
2025-07-10 10:40:00,123.4,123.65,123.4,123.65,300,29.239929,95550,4187.7,4200.0
2025-07-10 10:41:00,123.65,123.8,123.65,123.8,150,29.30428,95550,4187.5,4200.0
2025-07-10 10:42:00,124.0,124.0,124.0,124.0,450,29.24895,95550,4188.3,4200.0
2025-07-10 10:43:00,124.0,124.8,124.0,124.8,900,29.329603,95550,4189.2,4200.0
2025-07-10 10:44:00,124.8,124.8,124.8,124.8,0,29.329603,95550,4189.9,4200.0
2025-07-10 10:45:00,124.7,125.05,124.7,125.05,750,29.300135,95550,4189.9,4200.0
2025-07-10 10:46:00,125.05,125.05,125.0,125.0,150,29.407679,96150,4189.0,4200.0
2025-07-10 10:47:00,125.0,125.0,125.0,125.0,0,29.407679,96150,4189.8,4200.0
2025-07-10 10:48:00,123.5,123.5,123.0,123.0,1050,29.306722,96150,4186.0,4200.0
2025-07-10 10:49:00,123.0,123.0,118.2,118.25,1350,29.512327,96600,4175.3,4200.0
2025-07-10 10:50:00,117.75,120.4,116.7,120.4,1650,29.572771,96600,4179.0,4200.0
2025-07-10 10:51:00,118.75,118.75,116.25,116.25,6000,29.040508,96600,4175.1,4200.0
2025-07-10 10:52:00,116.25,118.25,116.25,118.0,600,29.104905,98400,4178.0,4200.0
2025-07-10 10:53:00,118.0,118.0,118.0,118.0,150,29.131248,98400,4177.8,4200.0
2025-07-10 10:54:00,118.0,118.0,118.0,118.0,0,29.131248,98400,4178.0,4200.0
2025-07-10 10:55:00,118.0,118.0,118.0,118.0,0,29.131248,98400,4178.5,4200.0
2025-07-10 10:56:00,118.0,118.0,118.0,118.0,0,29.131248,98400,4178.5,4200.0
2025-07-10 10:57:00,118.0,118.05,118.0,118.05,600,29.107345,97950,4178.1,4200.0
2025-07-10 10:58:00,118.05,119.55,118.0,119.55,300,29.455977,97950,4178.3,4200.0
2025-07-10 10:59:00,119.55,119.55,118.0,118.0,150,29.442987,97950,4175.4,4200.0
2025-07-10 11:00:00,118.0,118.0,118.0,118.0,0,29.442987,97950,4174.1,4150.0
2025-07-10 11:01:00,118.0,118.0,118.0,118.0,0,29.442987,97950,4174.1,4150.0
2025-07-10 11:02:00,118.0,118.0,118.0,118.0,0,29.442987,97950,4173.0,4150.0
2025-07-10 11:03:00,118.0,118.0,118.0,118.0,0,29.442987,97950,4173.0,4150.0
2025-07-10 11:04:00,146.95,146.95,145.45,145.45,150,30.071149,9150,4174.0,4150.0
2025-07-10 11:05:00,118.5,119.45,118.5,119.45,450,29.67971,99300,4176.4,4200.0
2025-07-10 11:06:00,119.45,119.45,119.45,119.45,0,29.67971,99300,4177.7,4200.0
2025-07-10 11:07:00,119.45,119.45,119.45,119.45,0,29.67971,99300,4179.0,4200.0
2025-07-10 11:08:00,120.15,120.15,120.15,120.15,450,29.650042,99300,4178.0,4200.0
2025-07-10 11:09:00,120.15,120.15,120.15,120.15,0,29.650042,99300,4173.0,4150.0
2025-07-10 11:10:00,120.15,120.15,120.15,120.15,0,29.650042,99300,4173.3,4150.0
2025-07-10 11:11:00,120.15,120.15,120.15,120.15,0,29.650042,99300,4174.5,4150.0
2025-07-10 11:12:00,120.15,120.15,120.15,120.15,0,29.650042,99300,4174.7,4150.0
2025-07-10 11:13:00,118.35,119.2,118.35,119.2,150,29.131678,99450,4180.2,4200.0
2025-07-10 11:14:00,119.2,119.2,119.2,119.2,0,29.131678,99450,4178.4,4200.0
2025-07-10 11:15:00,119.2,119.2,119.2,119.2,0,29.131678,99450,4177.9,4200.0
2025-07-10 11:16:00,119.2,119.2,119.2,119.2,150,29.610936,99450,4176.5,4200.0
2025-07-10 11:17:00,119.2,119.2,119.2,119.2,0,29.610936,99450,4176.2,4200.0
2025-07-10 11:18:00,119.2,119.2,119.2,119.2,0,29.610936,99450,4175.1,4200.0
2025-07-10 11:19:00,119.2,120.0,118.55,120.0,450,29.773607,99600,4176.8,4200.0
2025-07-10 11:20:00,120.0,120.0,120.0,120.0,0,29.773607,99600,4176.8,4200.0
2025-07-10 11:21:00,120.0,120.0,119.95,119.95,300,29.775168,99300,4176.7,4200.0
2025-07-10 11:22:00,119.95,119.95,119.95,119.95,150,29.659904,99300,4177.6,4200.0
2025-07-10 11:23:00,119.95,119.95,119.8,119.8,1200,29.803183,99300,4176.2,4200.0
2025-07-10 11:24:00,119.8,119.8,119.8,119.8,0,29.803183,99300,4179.0,4200.0
2025-07-10 11:25:00,119.8,119.8,117.95,117.95,450,29.08559,100200,4178.2,4200.0
2025-07-10 11:26:00,117.95,117.95,117.95,117.95,0,29.08559,100200,4179.7,4200.0
2025-07-10 11:27:00,117.95,117.95,117.95,117.95,0,29.08559,100200,4176.6,4200.0
2025-07-10 11:28:00,117.95,119.8,117.95,119.8,150,29.315826,100050,4180.0,4200.0
2025-07-10 11:29:00,119.8,120.55,119.8,120.55,150,29.464495,100050,4180.3,4200.0
2025-07-10 11:30:00,120.55,120.9,120.55,120.9,150,29.448451,100050,4181.1,4200.0
2025-07-10 11:31:00,120.9,120.9,118.45,118.45,300,28.980963,99900,4180.0,4200.0
2025-07-10 11:32:00,118.45,118.45,118.45,118.45,150,29.471723,99900,4176.2,4200.0
2025-07-10 11:33:00,118.45,118.45,118.45,118.45,0,29.471723,99900,4173.2,4150.0
2025-07-10 11:34:00,118.3,118.3,118.3,118.3,150,29.473975,100950,4175.9,4200.0
2025-07-10 11:35:00,118.3,118.3,118.3,118.3,0,29.473975,100950,4177.7,4200.0
2025-07-10 11:36:00,118.3,118.3,118.3,118.3,0,29.473975,100950,4177.6,4200.0
2025-07-10 11:37:00,118.3,118.3,118.3,118.3,0,29.473975,100950,4174.9,4150.0
2025-07-10 11:38:00,118.3,118.95,118.3,118.95,150,29.599928,100950,4176.2,4200.0
2025-07-10 11:39:00,118.95,118.95,118.95,118.95,0,29.599928,100950,4177.6,4200.0
2025-07-10 11:40:00,118.95,118.95,118.95,118.95,0,29.599928,100950,4178.6,4200.0
2025-07-10 11:41:00,118.95,120.05,118.95,120.05,300,29.255886,100950,4181.0,4200.0
2025-07-10 11:42:00,120.05,120.5,120.05,120.5,300,29.342676,100950,4181.2,4200.0
2025-07-10 11:43:00,120.5,120.5,119.1,119.1,300,29.188811,101400,4179.7,4200.0
2025-07-10 11:44:00,119.1,119.45,119.1,119.45,150,29.496441,101400,4178.0,4200.0
2025-07-10 11:45:00,119.45,119.45,119.45,119.45,0,29.496441,101400,4175.6,4200.0
2025-07-10 11:46:00,119.45,119.45,119.45,119.45,0,29.496441,101400,4174.8,4150.0
2025-07-10 11:47:00,119.45,119.45,119.45,119.45,0,29.496441,101400,4175.0,4200.0
2025-07-10 11:48:00,119.45,119.45,119.45,119.45,0,29.496441,101400,4174.8,4150.0
2025-07-10 11:49:00,119.45,119.45,119.45,119.45,0,29.496441,101400,4175.0,4200.0
2025-07-10 11:50:00,145.9,145.9,142.1,142.1,150,29.231989,9600,4174.1,4150.0
2025-07-10 11:51:00,142.1,142.1,142.1,142.1,0,29.231989,9600,4171.1,4150.0
2025-07-10 11:52:00,142.1,142.1,142.1,142.1,0,29.231989,9600,4171.0,4150.0
2025-07-10 11:53:00,142.1,142.1,142.1,142.1,0,29.231989,9600,4171.1,4150.0
2025-07-10 11:54:00,142.1,142.1,142.1,142.1,0,29.231989,9600,4171.6,4150.0
2025-07-10 11:55:00,142.1,142.1,142.1,142.1,0,29.231989,9600,4170.6,4150.0
2025-07-10 11:56:00,142.1,142.1,142.1,142.1,0,29.231989,9600,4171.1,4150.0
2025-07-10 11:57:00,142.1,142.1,142.1,142.1,0,29.231989,9600,4172.0,4150.0
2025-07-10 11:58:00,117.35,119.0,117.35,119.0,1200,29.752371,101550,4175.2,4200.0
2025-07-10 11:59:00,142.4,145.8,142.4,145.8,600,30.075703,9450,4174.8,4150.0
2025-07-10 12:00:00,145.8,145.8,145.8,145.8,0,30.075703,9450,4174.2,4150.0
2025-07-10 12:01:00,145.8,145.8,145.8,145.8,0,30.075703,9450,4175.0,4200.0
2025-07-10 12:02:00,117.85,119.85,117.85,119.85,450,29.864197,102150,4176.0,4200.0
2025-07-10 12:03:00,120.25,120.25,120.25,120.25,150,30.0288,102150,4175.5,4200.0
2025-07-10 12:04:00,119.0,119.4,119.0,119.4,450,29.830071,102000,4175.4,4200.0
2025-07-10 12:05:00,119.4,119.4,119.4,119.4,0,29.830071,102000,4174.0,4150.0
2025-07-10 12:06:00,119.4,119.4,119.4,119.4,0,29.830071,102000,4173.0,4150.0
2025-07-10 12:07:00,119.4,119.4,119.4,119.4,0,29.830071,102000,4173.0,4150.0
2025-07-10 12:08:00,119.4,119.4,119.4,119.4,0,29.830071,102000,4172.8,4150.0
2025-07-10 12:09:00,119.4,119.4,119.4,119.4,0,29.830071,102000,4173.0,4150.0
2025-07-10 12:10:00,119.4,119.4,119.4,119.4,0,29.830071,102000,4174.8,4150.0
2025-07-10 12:11:00,144.95,144.95,144.95,144.95,300,30.131136,10050,4173.0,4150.0
2025-07-10 12:12:00,144.95,144.95,144.95,144.95,0,30.131136,10050,4173.5,4150.0
2025-07-10 12:13:00,144.95,144.95,144.95,144.95,0,30.131136,10050,4173.1,4150.0
2025-07-10 12:14:00,144.95,144.95,144.95,144.95,0,30.131136,10050,4174.4,4150.0
2025-07-10 12:15:00,144.95,144.95,144.95,144.95,0,30.131136,10050,4174.5,4150.0
2025-07-10 12:16:00,144.95,144.95,144.95,144.95,0,30.131136,10050,4174.6,4150.0
2025-07-10 12:17:00,144.95,144.95,144.95,144.95,0,30.131136,10050,4174.6,4150.0
2025-07-10 12:18:00,144.95,144.95,144.95,144.95,0,30.131136,10050,4175.2,4200.0
2025-07-10 12:19:00,144.95,144.95,144.95,144.95,0,30.131136,10050,4175.9,4200.0
2025-07-10 12:20:00,118.5,118.5,118.5,118.5,150,29.550605,102450,4175.9,4200.0
2025-07-10 12:21:00,118.5,118.5,118.5,118.5,0,29.550605,102450,4176.7,4200.0
2025-07-10 12:22:00,118.5,120.0,118.5,120.0,300,29.655809,102450,4178.0,4200.0
2025-07-10 12:23:00,120.0,120.0,120.0,120.0,0,29.655809,102450,4181.0,4200.0
2025-07-10 12:24:00,120.0,120.0,120.0,120.0,0,29.655809,102450,4180.7,4200.0
2025-07-10 12:25:00,121.0,121.0,121.0,121.0,750,29.440301,102000,4181.6,4200.0
2025-07-10 12:26:00,120.25,120.35,120.25,120.35,600,29.252631,102000,4181.8,4200.0
2025-07-10 12:27:00,120.35,120.9,120.35,120.9,150,29.390453,102000,4181.8,4200.0
2025-07-10 12:28:00,120.9,120.9,120.9,120.9,0,29.390453,102000,4182.0,4200.0
2025-07-10 12:29:00,121.0,121.0,121.0,121.0,450,29.390498,102150,4182.0,4200.0
2025-07-10 12:30:00,121.0,121.0,121.0,121.0,0,29.390498,102150,4182.2,4200.0
2025-07-10 12:31:00,121.0,121.0,121.0,121.0,0,29.390498,102150,4182.2,4200.0
2025-07-10 12:32:00,121.0,121.0,121.0,121.0,0,29.390498,102150,4182.2,4200.0
2025-07-10 12:33:00,121.2,121.2,121.0,121.0,600,29.444955,101850,4181.6,4200.0
2025-07-10 12:34:00,121.0,121.0,120.0,120.0,1500,29.208996,102300,4181.5,4200.0
2025-07-10 12:35:00,120.0,120.4,120.0,120.4,150,29.348457,102300,4181.2,4200.0
2025-07-10 12:36:00,120.4,120.45,120.4,120.45,300,29.309436,102300,4181.6,4200.0
2025-07-10 12:37:00,120.45,121.0,119.1,121.0,3150,29.83668,103500,4178.6,4200.0
2025-07-10 12:38:00,121.0,121.0,121.0,121.0,0,29.83668,103500,4181.4,4200.0
2025-07-10 12:39:00,121.0,121.0,121.0,121.0,0,29.83668,103500,4183.8,4200.0
2025-07-10 12:40:00,122.5,122.5,122.5,122.5,1050,29.299629,103500,4185.6,4200.0
2025-07-10 12:41:00,122.5,122.5,122.5,122.5,0,29.299629,103500,4186.1,4200.0
2025-07-10 12:42:00,122.5,122.5,121.0,121.0,450,29.593312,101100,4180.5,4200.0
2025-07-10 12:43:00,121.0,121.0,121.0,121.0,0,29.593312,101100,4181.7,4200.0
2025-07-10 12:44:00,121.0,121.0,121.0,121.0,0,29.593312,101100,4181.7,4200.0
2025-07-10 12:45:00,121.2,121.2,121.2,121.2,150,29.955951,101250,4178.1,4200.0
2025-07-10 12:46:00,121.2,121.2,121.2,121.2,0,29.955951,101250,4179.0,4200.0
2025-07-10 12:47:00,121.2,121.2,121.2,121.2,300,30.021692,101400,4177.6,4200.0
2025-07-10 12:48:00,121.2,121.2,121.2,121.2,0,30.021692,101400,4177.0,4200.0
2025-07-10 12:49:00,121.2,121.2,121.2,121.2,150,30.061575,101550,4177.3,4200.0
2025-07-10 12:50:00,121.2,121.95,121.2,121.95,150,29.990886,101550,4179.3,4200.0
2025-07-10 12:51:00,121.95,121.95,121.95,121.95,0,29.990886,101550,4182.9,4200.0
2025-07-10 12:52:00,121.95,121.95,121.95,121.95,0,29.990886,101550,4182.1,4200.0
2025-07-10 12:53:00,121.95,121.95,121.95,121.95,0,29.990886,101550,4181.0,4200.0
2025-07-10 12:54:00,121.95,121.95,121.95,121.95,0,29.990886,101550,4180.6,4200.0
2025-07-10 12:55:00,121.95,121.95,121.95,121.95,0,29.990886,101550,4181.6,4200.0
2025-07-10 12:56:00,121.95,121.95,121.95,121.95,0,29.990886,101550,4182.4,4200.0
2025-07-10 12:57:00,121.95,122.2,121.95,122.2,150,29.901691,101550,4180.5,4200.0
2025-07-10 12:58:00,122.2,122.2,122.2,122.2,0,29.901691,101550,4180.2,4200.0
2025-07-10 12:59:00,122.2,122.2,122.2,122.2,0,29.901691,101550,4181.7,4200.0
2025-07-10 13:00:00,122.2,122.2,122.2,122.2,0,29.901691,101550,4181.3,4200.0
2025-07-10 13:01:00,122.2,122.2,122.2,122.2,0,29.901691,101550,4180.5,4200.0
2025-07-10 13:02:00,122.2,122.2,122.2,122.2,0,29.901691,101550,4181.6,4200.0
2025-07-10 13:03:00,122.2,122.2,122.2,122.2,0,29.901691,101550,4182.3,4200.0
2025-07-10 13:04:00,122.2,122.2,122.2,122.2,0,29.901691,101550,4180.5,4200.0
2025-07-10 13:05:00,122.2,122.2,121.4,121.4,600,29.74562,101550,4180.2,4200.0
2025-07-10 13:06:00,122.5,122.5,122.5,122.5,150,30.228362,101550,4178.6,4200.0
2025-07-10 13:07:00,122.5,122.5,122.5,122.5,0,30.228362,101550,4175.0,4200.0
2025-07-10 13:08:00,122.5,122.5,122.5,122.5,0,30.228362,101550,4174.2,4150.0
2025-07-10 13:09:00,120.8,120.8,120.55,120.55,1200,30.052731,100950,4176.2,4200.0
2025-07-10 13:10:00,120.55,120.55,120.55,120.55,0,30.052731,100950,4178.1,4200.0
2025-07-10 13:11:00,121.7,121.7,121.25,121.25,600,30.241664,102750,4176.1,4200.0
2025-07-10 13:12:00,120.65,120.65,120.45,120.45,300,30.106656,102750,4175.6,4200.0
2025-07-10 13:13:00,120.45,120.45,120.45,120.45,0,30.106656,102750,4175.5,4200.0
2025-07-10 13:14:00,120.45,120.45,120.45,120.45,0,30.106656,102750,4176.1,4200.0
2025-07-10 13:15:00,120.45,120.45,120.45,120.45,0,30.106656,102750,4176.2,4200.0
2025-07-10 13:16:00,120.45,120.45,120.45,120.45,0,30.106656,102750,4176.2,4200.0
2025-07-10 13:17:00,120.45,120.45,120.45,120.45,0,30.106656,102750,4178.4,4200.0
2025-07-10 13:18:00,120.45,120.45,120.45,120.45,0,30.106656,102750,4178.4,4200.0
2025-07-10 13:19:00,120.45,120.45,120.45,120.45,0,30.106656,102750,4179.2,4200.0
2025-07-10 13:20:00,120.45,123.2,120.45,123.2,600,29.812771,103350,4183.2,4200.0
2025-07-10 13:21:00,124.0,125.0,124.0,125.0,450,30.550153,103350,4181.0,4200.0
2025-07-10 13:22:00,124.0,124.05,123.9,123.9,900,30.275999,103500,4181.0,4200.0
2025-07-10 13:23:00,123.9,124.35,123.9,124.35,450,30.258618,103500,4182.0,4200.0
2025-07-10 13:24:00,124.35,124.5,124.35,124.35,450,30.102344,103500,4183.2,4200.0
2025-07-10 13:25:00,124.35,124.85,124.35,124.85,300,30.476003,104100,4181.3,4200.0
2025-07-10 13:26:00,124.85,124.85,123.25,123.25,300,29.985652,104100,4182.0,4200.0
2025-07-10 13:27:00,122.7,124.85,122.7,124.65,1350,30.492369,104100,4180.8,4200.0
2025-07-10 13:28:00,124.65,126.85,124.65,125.85,600,30.256326,104700,4184.9,4200.0
2025-07-10 13:29:00,125.85,126.95,125.85,126.85,1800,30.22986,104700,4187.0,4200.0
2025-07-10 13:30:00,126.85,127.7,126.8,127.7,450,30.469181,104700,4186.8,4200.0
2025-07-10 13:31:00,127.1,127.1,127.1,127.1,900,30.372737,106650,4186.4,4200.0
2025-07-10 13:32:00,127.1,127.1,126.0,126.0,150,30.453734,106650,4183.7,4200.0
2025-07-10 13:33:00,126.0,129.25,126.0,129.25,1800,30.56672,106650,4189.0,4200.0
2025-07-10 13:34:00,129.25,131.35,129.0,129.0,2100,30.584512,106800,4188.4,4200.0
2025-07-10 13:35:00,129.0,129.0,126.7,126.7,150,30.327987,106800,4186.0,4200.0
2025-07-10 13:36:00,126.7,127.45,126.7,127.45,300,30.502739,106800,4186.1,4200.0
2025-07-10 13:37:00,127.45,127.45,127.45,127.45,150,29.999811,106800,4189.9,4200.0
2025-07-10 13:38:00,127.45,127.45,125.7,125.7,1050,30.395502,106800,4183.6,4200.0
2025-07-10 13:39:00,125.7,125.7,125.7,125.7,0,30.395502,106800,4181.0,4200.0
2025-07-10 13:40:00,124.65,124.65,124.65,124.65,600,30.226067,106800,4182.9,4200.0
2025-07-10 13:41:00,124.65,126.25,124.65,126.25,150,30.6133,106950,4183.0,4200.0
2025-07-10 13:42:00,126.25,126.25,125.05,125.25,1050,30.298584,106950,4183.5,4200.0
2025-07-10 13:43:00,125.25,126.5,125.0,125.0,750,30.210507,106500,4183.7,4200.0
2025-07-10 13:44:00,125.0,125.0,124.25,124.25,4950,30.506683,106500,4180.0,4200.0
2025-07-10 13:45:00,124.25,124.25,122.95,122.95,300,30.156437,106500,4180.2,4200.0
2025-07-10 13:46:00,122.95,123.5,122.95,123.5,450,30.320464,103800,4180.0,4200.0
2025-07-10 13:47:00,123.35,123.35,123.35,123.35,150,30.231575,103800,4180.4,4200.0
2025-07-10 13:48:00,123.35,124.0,123.35,124.0,450,30.446608,103800,4180.0,4200.0
2025-07-10 13:49:00,124.25,124.25,123.2,123.2,1350,30.247284,104100,4180.0,4200.0
2025-07-10 13:50:00,123.6,124.35,123.6,124.35,600,30.483263,104100,4180.4,4200.0
2025-07-10 13:51:00,124.3,124.3,123.35,123.35,1800,30.285963,104100,4180.0,4200.0
2025-07-10 13:52:00,123.35,123.35,122.7,122.7,150,30.111119,104100,4180.1,4200.0
2025-07-10 13:53:00,122.7,123.2,122.5,122.5,450,30.074725,105450,4180.0,4200.0
2025-07-10 13:54:00,149.1,149.1,149.1,149.1,150,31.103599,11400,4174.0,4150.0
2025-07-10 13:55:00,120.2,121.05,120.2,121.05,600,30.063153,105300,4177.3,4200.0
2025-07-10 13:56:00,121.05,121.05,121.05,121.05,0,30.063153,105300,4178.0,4200.0
2025-07-10 13:57:00,121.05,121.05,121.05,121.05,0,30.063153,105300,4174.5,4150.0
2025-07-10 13:58:00,121.05,121.05,121.05,121.05,0,30.063153,105300,4174.4,4150.0
2025-07-10 13:59:00,144.9,144.9,144.9,144.9,150,29.904157,11550,4174.9,4150.0
2025-07-10 14:00:00,144.9,144.9,144.9,144.9,0,29.904157,11550,4175.6,4200.0
2025-07-10 14:01:00,144.9,144.9,144.9,144.9,0,29.904157,11550,4172.4,4150.0
2025-07-10 14:02:00,144.9,144.9,144.9,144.9,0,29.904157,11550,4175.0,4200.0
2025-07-10 14:03:00,144.9,144.9,144.9,144.9,0,29.904157,11550,4174.4,4150.0
2025-07-10 14:04:00,144.9,144.9,144.9,144.9,0,29.904157,11550,4176.0,4200.0
2025-07-10 14:05:00,144.9,144.9,144.9,144.9,0,29.904157,11550,4173.1,4150.0
2025-07-10 14:06:00,144.9,144.9,144.9,144.9,0,29.904157,11550,4172.5,4150.0
2025-07-10 14:07:00,144.9,144.9,144.9,144.9,0,29.904157,11550,4169.0,4150.0
2025-07-10 14:08:00,146.65,146.65,141.4,141.4,150,30.33105,11400,4165.9,4150.0
2025-07-10 14:09:00,141.4,141.4,141.4,141.4,0,30.33105,11400,4166.0,4150.0
2025-07-10 14:10:00,141.4,141.4,141.4,141.4,0,30.33105,11400,4165.6,4150.0
2025-07-10 14:11:00,141.4,141.4,141.4,141.4,0,30.33105,11400,4165.2,4150.0
2025-07-10 14:12:00,141.4,141.75,141.4,141.75,150,30.408012,11400,4166.0,4150.0
2025-07-10 14:13:00,141.75,141.75,141.75,141.75,0,30.408012,11400,4166.8,4150.0
2025-07-10 14:14:00,141.75,141.75,141.75,141.75,0,30.408012,11400,4166.0,4150.0
2025-07-10 14:15:00,141.75,141.75,141.75,141.75,0,30.408012,11400,4166.3,4150.0
2025-07-10 14:16:00,141.75,141.75,141.35,141.75,900,30.554256,11400,4165.0,4150.0
2025-07-10 14:17:00,141.75,141.75,141.75,141.75,0,30.554256,11400,4169.7,4150.0
2025-07-10 14:18:00,141.25,141.25,141.0,141.25,450,29.602548,11400,4170.7,4150.0
2025-07-10 14:19:00,141.25,141.25,141.25,141.25,0,29.602548,11400,4170.3,4150.0
2025-07-10 14:20:00,141.25,141.25,141.25,141.25,0,29.602548,11400,4174.1,4150.0
2025-07-10 14:21:00,146.5,146.5,146.5,146.5,600,30.457974,11250,4174.0,4150.0
2025-07-10 14:22:00,146.5,146.5,144.35,144.35,150,30.218921,11700,4171.9,4150.0
2025-07-10 14:23:00,144.35,144.35,144.35,144.35,0,30.218921,11700,4174.0,4150.0
2025-07-10 14:24:00,144.35,144.35,144.35,144.35,0,30.218921,11700,4174.0,4150.0
2025-07-10 14:25:00,144.35,144.35,144.35,144.35,0,30.218921,11700,4174.0,4150.0
2025-07-10 14:26:00,144.35,144.35,144.35,144.35,0,30.218921,11700,4171.4,4150.0
2025-07-10 14:27:00,144.35,144.5,144.35,144.5,300,30.537417,11700,4170.0,4150.0
2025-07-10 14:28:00,144.5,144.5,144.5,144.5,0,30.537417,11700,4173.4,4150.0
2025-07-10 14:29:00,144.5,144.5,144.5,144.5,0,30.537417,11700,4174.0,4150.0
2025-07-10 14:30:00,144.5,144.5,144.5,144.5,0,30.537417,11700,4173.3,4150.0
2025-07-10 14:31:00,144.5,144.5,144.5,144.5,0,30.537417,11700,4172.9,4150.0
2025-07-10 14:32:00,144.5,144.5,144.5,144.5,0,30.537417,11700,4173.9,4150.0
2025-07-10 14:33:00,144.5,144.5,144.5,144.5,0,30.537417,11700,4172.9,4150.0
2025-07-10 14:34:00,144.5,144.5,144.5,144.5,0,30.537417,11700,4172.6,4150.0
2025-07-10 14:35:00,144.5,144.5,144.5,144.5,0,30.537417,11700,4173.1,4150.0
2025-07-10 14:36:00,144.5,144.9,144.5,144.9,300,30.220983,12000,4172.9,4150.0
2025-07-10 14:37:00,144.85,144.85,144.85,144.85,600,30.047104,12000,4174.0,4150.0
2025-07-10 14:38:00,144.85,144.85,144.85,144.85,0,30.047104,12000,4172.0,4150.0
2025-07-10 14:39:00,144.85,144.85,144.85,144.85,0,30.047104,12000,4174.8,4150.0
2025-07-10 14:40:00,144.85,144.85,144.85,144.85,0,30.047104,12000,4173.0,4150.0
2025-07-10 14:41:00,144.85,144.85,144.85,144.85,0,30.047104,12000,4172.3,4150.0
2025-07-10 14:42:00,144.85,144.85,144.85,144.85,0,30.047104,12000,4172.5,4150.0
2025-07-10 14:43:00,144.85,144.85,144.85,144.85,0,30.047104,12000,4172.0,4150.0
2025-07-10 14:44:00,144.85,144.85,144.85,144.85,0,30.047104,12000,4174.0,4150.0
2025-07-10 14:45:00,144.85,144.85,144.85,144.85,0,30.047104,12000,4172.0,4150.0
2025-07-10 14:46:00,144.85,144.85,144.85,144.85,150,30.477831,12450,4171.1,4150.0
2025-07-10 14:47:00,144.85,144.85,144.85,144.85,0,30.477831,12450,4172.4,4150.0
2025-07-10 14:48:00,144.85,144.85,144.85,144.85,0,30.477831,12450,4172.9,4150.0
2025-07-10 14:49:00,144.85,144.85,144.85,144.85,0,30.477831,12450,4167.6,4150.0
2025-07-10 14:50:00,144.85,144.85,142.65,142.65,150,30.42902,12600,4167.6,4150.0
2025-07-10 14:51:00,142.65,142.65,142.65,142.65,0,30.42902,12600,4170.0,4150.0
2025-07-10 14:52:00,142.65,142.65,142.65,142.65,0,30.42902,12600,4169.6,4150.0
2025-07-10 14:53:00,143.15,143.15,143.15,143.15,150,30.180477,12750,4170.2,4150.0
2025-07-10 14:54:00,143.15,143.15,143.15,143.15,0,30.180477,12750,4172.0,4150.0
2025-07-10 14:55:00,143.15,143.15,143.15,143.15,0,30.180477,12750,4172.0,4150.0
2025-07-10 14:56:00,143.15,143.15,143.15,143.15,0,30.180477,12750,4173.5,4150.0
2025-07-10 14:57:00,145.4,145.4,145.4,145.4,150,30.346543,12600,4173.0,4150.0
2025-07-10 14:58:00,145.4,145.4,145.4,145.4,0,30.346543,12600,4174.9,4150.0
2025-07-10 14:59:00,145.4,145.4,145.4,145.4,0,30.346543,12600,4171.4,4150.0
2025-07-10 15:00:00,144.55,144.55,144.55,144.55,150,30.116976,12600,4173.1,4150.0
2025-07-10 15:01:00,144.55,144.55,144.55,144.55,0,30.116976,12600,4172.5,4150.0
2025-07-10 15:02:00,144.55,144.55,144.55,144.55,0,30.116976,12600,4172.6,4150.0
2025-07-10 15:03:00,144.55,144.55,144.55,144.55,0,30.116976,12600,4170.0,4150.0
2025-07-10 15:04:00,143.9,143.9,141.05,141.05,600,30.030424,12750,4167.6,4150.0
2025-07-10 15:05:00,141.05,141.05,141.05,141.05,0,30.030424,12750,4170.7,4150.0
2025-07-10 15:06:00,141.05,141.05,141.05,141.05,0,30.030424,12750,4169.9,4150.0
2025-07-10 15:07:00,141.05,142.15,141.05,142.15,150,29.934243,12750,4170.2,4150.0
2025-07-10 15:08:00,142.15,142.15,142.15,142.15,0,29.934243,12750,4172.2,4150.0
2025-07-10 15:09:00,142.15,142.15,142.15,142.15,0,29.934243,12750,4173.5,4150.0
2025-07-10 15:10:00,142.15,142.15,142.15,142.15,0,29.934243,12750,4173.4,4150.0
2025-07-10 15:11:00,142.15,142.15,142.15,142.15,0,29.934243,12750,4173.2,4150.0
2025-07-10 15:12:00,142.15,142.15,142.15,142.15,0,29.934243,12750,4172.6,4150.0
2025-07-10 15:13:00,142.15,142.15,142.15,142.15,0,29.934243,12750,4172.5,4150.0
2025-07-10 15:14:00,142.15,142.15,142.15,142.15,0,29.934243,12750,4172.2,4150.0
2025-07-10 15:15:00,142.15,142.15,142.15,142.15,0,29.934243,12750,4171.9,4150.0
2025-07-10 15:16:00,142.15,142.15,142.15,142.15,0,29.934243,12750,4169.8,4150.0
2025-07-10 15:17:00,144.8,144.8,144.8,144.8,150,30.731729,12750,4169.4,4150.0
2025-07-10 15:18:00,144.8,144.8,144.8,144.8,0,30.731729,12750,4168.3,4150.0
2025-07-10 15:19:00,144.8,144.8,144.1,144.1,300,30.699891,12900,4168.4,4150.0
2025-07-10 15:20:00,144.1,144.1,144.1,144.1,0,30.699891,12900,4168.2,4150.0
2025-07-10 15:21:00,144.1,144.1,142.8,142.8,150,30.137485,12900,4170.0,4150.0
2025-07-10 15:22:00,142.8,142.8,142.8,142.8,0,30.137485,12900,4170.0,4150.0
2025-07-10 15:23:00,142.8,142.8,142.8,142.8,0,30.137485,12900,4168.8,4150.0
2025-07-10 15:24:00,142.8,144.1,142.8,144.1,150,30.659462,13050,4168.7,4150.0
2025-07-10 15:25:00,144.1,144.1,144.1,144.1,0,30.659462,13050,4169.5,4150.0
2025-07-10 15:26:00,142.05,144.75,142.05,144.75,450,30.724544,13200,4169.4,4150.0
2025-07-10 15:27:00,144.75,144.75,142.0,142.0,300,30.96216,13200,4162.9,4150.0
2025-07-10 15:28:00,139.6,139.6,139.6,139.6,150,31.189736,13200,4157.0,4150.0
2025-07-10 15:29:00,139.6,139.95,139.6,139.75,300,31.228418,13650,4157.0,4150.0
2025-07-11 09:16:00,126.6,126.6,126.6,126.6,150,30.894979,13500,4140.0,4150.0
2025-07-11 09:17:00,126.6,126.6,119.45,119.45,150,28.887398,13500,4141.2,4150.0
2025-07-11 09:18:00,122.0,122.0,122.0,122.0,450,29.435324,13800,4142.0,4150.0
2025-07-11 09:19:00,123.7,125.35,123.7,125.35,600,29.382114,13800,4148.6,4150.0
2025-07-11 09:20:00,125.0,125.0,122.0,122.0,450,28.321213,13800,4150.0,4150.0
2025-07-11 09:21:00,125.85,125.85,125.85,125.85,300,30.084261,13800,4144.5,4150.0
2025-07-11 09:22:00,119.8,121.7,119.8,121.7,1200,29.443043,13800,4141.4,4150.0
2025-07-11 09:23:00,119.0,121.0,119.0,121.0,1350,29.455495,13800,4140.0,4150.0
2025-07-11 09:24:00,121.1,121.1,121.0,121.0,450,29.442387,15450,4140.1,4150.0
2025-07-11 09:25:00,123.0,123.0,123.0,123.0,450,29.642282,15450,4142.4,4150.0
2025-07-11 09:26:00,123.0,123.0,123.0,123.0,150,28.962115,15450,4147.3,4150.0
2025-07-11 09:27:00,123.0,123.0,123.0,123.0,750,29.560637,16200,4143.0,4150.0
2025-07-11 09:28:00,123.0,129.25,123.0,129.25,450,29.51734,16200,4154.8,4150.0
2025-07-11 09:29:00,129.25,130.6,129.25,130.6,300,29.55204,16200,4157.0,4150.0
2025-07-11 09:30:00,131.85,131.85,131.85,131.85,450,29.443586,16500,4160.0,4150.0
2025-07-11 09:31:00,132.0,132.1,130.8,130.8,1050,29.042057,16500,4160.9,4150.0
2025-07-11 09:32:00,130.8,136.25,130.8,136.25,750,28.592995,16500,4173.5,4150.0
2025-07-11 09:33:00,138.4,139.55,135.6,136.55,1950,28.746892,16800,4173.0,4150.0
2025-07-11 09:34:00,114.5,116.1,114.45,116.1,3750,29.584811,134700,4176.8,4200.0
2025-07-11 09:35:00,138.9,139.6,138.9,139.6,2250,29.526022,16800,4173.1,4150.0
2025-07-11 09:36:00,139.6,141.75,139.6,140.3,450,29.723545,18750,4173.0,4150.0
2025-07-11 09:37:00,115.0,117.75,115.0,117.1,2250,29.985596,137100,4175.7,4200.0
2025-07-11 09:38:00,117.1,118.95,117.1,118.0,1950,30.0717,137100,4176.8,4200.0
2025-07-11 09:39:00,143.75,147.9,134.15,134.15,2550,29.579375,19050,4163.2,4150.0
2025-07-11 09:40:00,134.15,134.15,132.7,132.7,150,29.437621,19050,4161.6,4150.0
2025-07-11 09:41:00,132.7,132.7,129.0,130.0,1950,28.739212,19050,4161.6,4150.0
2025-07-11 09:42:00,130.0,132.85,130.0,132.85,600,29.579313,18900,4160.9,4150.0
2025-07-11 09:43:00,132.85,132.85,132.85,132.85,0,29.579313,18900,4163.1,4150.0
2025-07-11 09:44:00,132.85,132.85,132.85,132.85,0,29.579313,18900,4163.4,4150.0
2025-07-11 09:45:00,132.85,137.05,132.85,137.05,150,30.217304,18900,4164.0,4150.0
2025-07-11 09:46:00,137.05,137.05,137.05,137.05,0,30.217304,18900,4164.8,4150.0
2025-07-11 09:47:00,134.45,137.05,134.45,137.05,450,29.48271,19350,4169.0,4150.0
2025-07-11 09:48:00,137.05,140.05,137.05,140.0,450,29.352241,19500,4175.0,4150.0
2025-07-11 09:49:00,140.0,140.0,137.3,137.3,150,29.251234,19500,4171.0,4150.0
2025-07-11 09:50:00,137.7,137.7,137.7,137.7,150,29.011202,19500,4173.3,4150.0
2025-07-11 09:51:00,137.7,137.7,137.7,137.7,0,29.011202,19500,4167.1,4150.0
2025-07-11 09:52:00,137.7,137.7,136.05,136.05,450,28.673454,19500,4172.7,4150.0
2025-07-11 09:53:00,138.5,138.5,138.5,138.5,150,29.055495,19500,4174.4,4150.0
2025-07-11 09:54:00,114.9,116.0,114.5,116.0,2850,29.176763,140850,4179.8,4200.0
2025-07-11 09:55:00,116.0,116.1,114.65,114.65,2100,29.240817,140850,4176.7,4200.0
2025-07-11 09:56:00,114.65,114.65,113.75,113.75,300,29.129611,140850,4175.8,4200.0
2025-07-11 09:57:00,138.0,138.0,133.3,133.3,2400,28.380982,20550,4169.9,4150.0
2025-07-11 09:58:00,134.2,134.2,134.2,134.2,150,28.45104,20550,4171.0,4150.0
2025-07-11 09:59:00,134.2,134.2,134.2,134.2,0,28.45104,20550,4170.0,4150.0
2025-07-11 10:00:00,134.2,134.2,134.2,134.2,0,28.45104,20550,4170.0,4150.0
2025-07-11 10:01:00,134.2,134.2,134.2,134.2,0,28.45104,20550,4168.0,4150.0
2025-07-11 10:02:00,134.2,134.2,134.2,134.2,2250,29.166486,22500,4166.2,4150.0
2025-07-11 10:03:00,134.2,134.2,132.0,132.0,450,29.124764,22050,4162.6,4150.0
2025-07-11 10:04:00,132.0,132.1,132.0,132.1,150,28.652425,22050,4166.0,4150.0
2025-07-11 10:05:00,132.1,132.1,129.35,129.35,750,28.556122,22050,4161.8,4150.0
2025-07-11 10:06:00,129.35,129.35,129.35,129.35,0,28.556122,22050,4162.2,4150.0
2025-07-11 10:07:00,129.35,132.0,129.35,132.0,150,29.50511,22050,4160.0,4150.0
2025-07-11 10:08:00,132.0,132.2,132.0,132.2,150,29.179627,22050,4162.6,4150.0
2025-07-11 10:09:00,132.2,132.2,129.3,129.3,600,28.894264,22200,4159.4,4150.0
2025-07-11 10:10:00,129.3,129.3,129.3,129.3,0,28.894264,22200,4160.0,4150.0
2025-07-11 10:11:00,129.3,129.3,129.3,129.3,0,28.894264,22200,4161.2,4150.0
2025-07-11 10:12:00,129.3,129.6,129.3,129.6,150,29.074936,22200,4158.7,4150.0
2025-07-11 10:13:00,129.6,129.6,129.6,129.6,0,29.074936,22200,4154.0,4150.0
2025-07-11 10:14:00,129.6,129.6,129.6,129.6,450,28.450964,22350,4163.0,4150.0
2025-07-11 10:15:00,129.6,129.6,129.6,129.6,0,28.450964,22350,4161.7,4150.0
2025-07-11 10:16:00,129.6,130.5,125.65,127.25,900,29.215029,22200,4153.5,4150.0
2025-07-11 10:17:00,127.25,129.7,127.25,129.7,150,30.019264,22200,4152.3,4150.0
2025-07-11 10:18:00,129.7,130.8,128.9,130.8,450,28.881314,22650,4162.2,4150.0
2025-07-11 10:19:00,130.8,130.8,130.8,130.8,0,28.881314,22650,4163.4,4150.0
2025-07-11 10:20:00,130.8,131.6,130.8,131.6,600,29.191793,22650,4161.5,4150.0
2025-07-11 10:21:00,131.6,133.7,131.6,133.7,300,29.663635,22800,4162.0,4150.0
2025-07-11 10:22:00,133.7,133.7,133.7,133.7,0,29.663635,22800,4164.8,4150.0
2025-07-11 10:23:00,133.7,133.7,132.7,132.7,150,29.274559,22800,4162.9,4150.0
2025-07-11 10:24:00,132.7,132.7,130.65,130.65,300,29.469357,22950,4157.9,4150.0
2025-07-11 10:25:00,130.65,130.65,130.65,130.65,0,29.469357,22950,4153.3,4150.0
2025-07-11 10:26:00,126.8,126.8,126.8,126.8,600,29.402842,22950,4151.4,4150.0
2025-07-11 10:27:00,126.8,126.8,126.7,126.7,600,29.264265,22950,4152.2,4150.0
2025-07-11 10:28:00,126.8,126.8,126.8,126.8,150,29.21975,23400,4152.7,4150.0
2025-07-11 10:29:00,126.8,129.45,126.8,129.45,150,29.291362,23400,4157.0,4150.0
2025-07-11 10:30:00,129.45,129.45,127.75,127.75,900,29.650807,23400,4151.4,4150.0
2025-07-11 10:31:00,127.75,127.75,126.95,126.95,150,29.64238,23700,4150.0,4150.0
2025-07-11 10:32:00,126.0,126.0,124.35,124.35,1950,29.15419,23700,4148.7,4150.0
2025-07-11 10:33:00,124.35,124.35,124.35,124.35,0,29.15419,23700,4144.1,4150.0
2025-07-11 10:34:00,124.35,124.35,124.35,124.35,0,29.15419,23700,4140.9,4150.0
2025-07-11 10:35:00,119.1,120.25,117.35,118.4,3000,29.387908,24300,4135.9,4150.0
2025-07-11 10:36:00,118.4,118.4,115.05,116.5,2100,29.4115,25200,4132.1,4150.0
2025-07-11 10:37:00,138.35,138.35,134.15,135.6,2250,29.078792,40950,4122.0,4100.0
2025-07-11 10:38:00,135.6,136.9,133.0,136.9,900,29.102067,40950,4124.1,4100.0
2025-07-11 10:39:00,135.45,136.7,131.05,131.05,2250,28.381697,43050,4118.7,4100.0
2025-07-11 10:40:00,131.05,132.0,128.3,128.3,7950,28.80754,43050,4111.0,4100.0
2025-07-11 10:41:00,128.3,132.65,128.3,132.65,300,29.580237,43050,4113.5,4100.0
2025-07-11 10:42:00,132.65,132.65,131.0,131.0,300,28.924903,44550,4115.0,4100.0
2025-07-11 10:43:00,131.0,132.25,131.0,131.75,2100,29.033087,44550,4115.6,4100.0
2025-07-11 10:44:00,131.75,131.75,128.55,130.0,5550,29.108477,44550,4112.0,4100.0
2025-07-11 10:45:00,129.0,129.75,129.0,129.75,2250,28.999171,44700,4112.3,4100.0
2025-07-11 10:46:00,129.75,129.75,127.2,127.2,300,29.268473,44700,4105.9,4100.0
2025-07-11 10:47:00,128.3,129.1,125.25,128.05,8250,28.775644,44700,4110.8,4100.0
2025-07-11 10:48:00,128.05,130.95,128.05,130.2,2850,29.192907,48600,4111.8,4100.0
2025-07-11 10:49:00,130.2,132.65,129.0,132.6,1950,29.349409,48600,4115.0,4100.0
2025-07-11 10:50:00,132.7,133.3,132.35,133.3,1800,28.78419,48600,4120.0,4100.0
2025-07-11 10:51:00,133.3,136.8,133.3,136.8,1950,29.175264,52350,4123.5,4100.0
2025-07-11 10:52:00,136.8,136.8,136.35,136.35,1200,28.996196,52350,4123.9,4100.0
2025-07-11 10:53:00,136.35,136.35,131.95,131.95,1350,28.187655,52350,4121.6,4100.0
2025-07-11 10:54:00,131.95,136.85,131.95,135.65,1350,28.659669,53850,4124.9,4100.0
2025-07-11 10:55:00,135.65,135.65,133.5,134.3,900,29.005119,53850,4120.3,4100.0
2025-07-11 10:56:00,134.3,134.3,132.15,132.15,1350,28.485038,53850,4120.0,4100.0
2025-07-11 10:57:00,132.15,132.75,131.4,132.75,1500,28.794657,54750,4119.0,4100.0
2025-07-11 10:58:00,132.75,133.7,132.65,133.6,6000,29.049054,54750,4118.8,4100.0
2025-07-11 10:59:00,133.25,135.2,133.25,134.7,2250,28.976609,54750,4121.2,4100.0
2025-07-11 11:00:00,134.7,134.7,130.0,130.95,3300,28.892892,60750,4115.2,4100.0
2025-07-11 11:01:00,130.95,130.95,125.05,127.75,6750,28.749553,60750,4110.5,4100.0
2025-07-11 11:02:00,127.95,127.95,126.3,126.3,3300,28.955234,60750,4106.5,4100.0
2025-07-11 11:03:00,126.3,126.3,125.75,126.05,450,28.598428,57450,4108.5,4100.0
2025-07-11 11:04:00,126.05,128.0,126.05,127.5,2850,28.729909,57450,4110.2,4100.0
2025-07-11 11:05:00,127.5,127.5,127.5,127.5,0,28.729909,57450,4116.3,4100.0
2025-07-11 11:06:00,127.5,132.7,127.5,132.7,750,28.681276,56850,4119.7,4100.0
2025-07-11 11:07:00,132.7,133.85,132.7,132.95,1200,28.823202,56850,4119.2,4100.0
2025-07-11 11:08:00,132.0,132.15,132.0,132.15,3150,28.824081,56850,4117.8,4100.0
2025-07-11 11:09:00,132.15,132.15,129.9,130.1,1800,28.809058,58500,4114.3,4100.0
2025-07-11 11:10:00,130.1,130.5,130.1,130.5,150,29.211261,58500,4112.3,4100.0
2025-07-11 11:11:00,130.5,130.5,130.5,130.5,300,28.556974,58500,4116.7,4100.0
2025-07-11 11:12:00,130.5,132.85,130.5,132.85,150,28.451492,58500,4121.5,4100.0
2025-07-11 11:13:00,132.85,139.0,132.85,135.8,4650,28.695444,58350,4125.0,4100.0
2025-07-11 11:14:00,135.8,138.85,135.65,135.65,6750,28.717823,58350,4124.6,4100.0
2025-07-11 11:15:00,135.65,136.1,135.0,135.2,5850,29.25432,69750,4120.3,4100.0
2025-07-11 11:16:00,135.2,135.75,135.0,135.7,1350,29.174592,69750,4121.7,4100.0
2025-07-11 11:17:00,135.7,136.1,135.7,136.1,150,29.067677,69750,4123.1,4100.0
2025-07-11 11:18:00,136.1,136.95,136.1,136.9,1050,28.988836,69750,4125.0,4100.0
2025-07-11 11:19:00,136.9,136.9,136.9,136.9,1050,29.142514,71400,4124.0,4100.0
2025-07-11 11:20:00,112.0,114.5,112.0,114.5,1050,29.775357,35100,4125.7,4150.0
2025-07-11 11:21:00,114.5,114.75,113.9,114.75,900,29.761117,35100,4126.3,4150.0
2025-07-11 11:22:00,114.75,114.75,114.75,114.75,0,29.761117,35100,4129.4,4150.0
2025-07-11 11:23:00,140.0,140.0,136.15,137.4,900,29.169816,75150,4124.7,4100.0
2025-07-11 11:24:00,113.55,114.15,113.55,114.15,150,29.660822,35100,4125.9,4150.0
2025-07-11 11:25:00,137.0,137.0,136.5,136.5,150,29.193294,75900,4123.0,4100.0
2025-07-11 11:26:00,136.5,136.5,136.5,136.5,450,29.010708,75900,4124.2,4100.0
2025-07-11 11:27:00,136.5,136.5,136.5,136.5,0,29.010708,75900,4123.0,4100.0
2025-07-11 11:28:00,135.15,135.75,135.15,135.75,900,28.921067,76650,4123.5,4100.0
2025-07-11 11:29:00,135.75,135.75,135.75,135.75,0,28.921067,76650,4125.3,4150.0
2025-07-11 11:30:00,135.75,136.85,134.75,134.75,1950,29.008725,76650,4121.2,4100.0
2025-07-11 11:31:00,134.75,134.75,134.75,134.75,0,29.008725,76650,4122.0,4100.0
2025-07-11 11:32:00,134.75,134.75,134.75,134.75,0,29.008725,76650,4122.6,4100.0
2025-07-11 11:33:00,134.5,134.5,132.9,132.9,450,28.629195,77250,4120.5,4100.0
2025-07-11 11:34:00,132.6,132.6,132.2,132.2,450,28.883085,77250,4117.6,4100.0
2025-07-11 11:35:00,132.25,132.25,132.25,132.25,300,28.367979,77250,4121.1,4100.0
2025-07-11 11:36:00,132.25,132.25,132.25,132.25,0,28.367979,77250,4120.9,4100.0
2025-07-11 11:37:00,132.25,133.25,132.25,133.25,150,28.769297,76800,4120.2,4100.0
2025-07-11 11:38:00,133.25,135.3,133.05,135.25,450,29.069504,76800,4121.7,4100.0
2025-07-11 11:39:00,135.25,135.25,132.65,133.4,600,28.734276,76950,4120.7,4100.0
2025-07-11 11:40:00,133.4,133.7,133.25,133.7,1200,28.935065,76950,4119.9,4100.0
2025-07-11 11:41:00,133.7,133.7,133.7,133.7,0,28.935065,76950,4115.3,4100.0
2025-07-11 11:42:00,133.7,133.7,131.15,131.15,450,28.821593,76950,4116.2,4100.0
2025-07-11 11:43:00,131.15,131.15,130.55,131.0,300,28.587727,76800,4117.5,4100.0
2025-07-11 11:44:00,131.0,131.0,124.2,124.45,2100,28.901687,76800,4103.7,4100.0
2025-07-11 11:45:00,124.45,125.45,120.25,121.8,3150,29.688587,78750,4093.3,4100.0
2025-07-11 11:46:00,121.8,121.8,120.0,121.0,4800,29.954657,78750,4089.9,4100.0
2025-07-11 11:47:00,121.0,121.75,120.0,120.65,7200,29.877606,78750,4089.8,4100.0
2025-07-11 11:48:00,120.65,120.65,120.0,120.3,1800,29.856096,79200,4089.3,4100.0
2025-07-11 11:49:00,120.3,120.3,120.25,120.25,300,29.662884,79200,4090.6,4100.0
2025-07-11 11:50:00,123.9,123.9,121.0,121.0,7500,29.943227,79200,4090.0,4100.0
2025-07-11 11:51:00,121.0,123.25,121.0,123.25,900,29.294396,79200,4098.8,4100.0
2025-07-11 11:52:00,123.25,124.7,123.25,124.55,1350,29.478551,74550,4099.9,4100.0
2025-07-11 11:53:00,124.55,124.8,124.55,124.75,750,29.674164,74550,4098.9,4100.0
2025-07-11 11:54:00,124.75,124.75,123.0,123.05,1350,29.471247,74550,4097.2,4100.0
2025-07-11 11:55:00,123.05,123.05,123.0,123.0,1800,29.64277,75450,4095.9,4100.0
2025-07-11 11:56:00,123.0,123.0,123.0,123.0,0,29.64277,75450,4096.7,4100.0
2025-07-11 11:57:00,123.0,123.0,120.0,120.0,3000,29.824772,77700,4089.0,4100.0
2025-07-11 11:58:00,120.0,121.4,120.0,121.4,300,29.718014,77700,4092.4,4100.0
2025-07-11 11:59:00,121.4,121.4,120.0,120.0,1350,29.839873,77700,4088.9,4100.0
2025-07-11 12:00:00,120.0,121.6,120.0,121.6,1350,30.106417,79800,4090.0,4100.0
2025-07-11 12:01:00,121.6,121.6,119.0,119.0,1350,29.980052,79800,4086.0,4100.0
2025-07-11 12:02:00,119.0,119.0,112.85,116.4,9600,29.711504,79800,4083.0,4100.0
2025-07-11 12:03:00,117.0,118.3,116.5,116.5,1350,29.874655,79800,4082.0,4100.0
2025-07-11 12:04:00,116.5,116.5,112.45,114.55,3600,30.027938,79650,4077.1,4100.0
2025-07-11 12:05:00,139.95,139.95,137.6,137.6,150,29.650286,6300,4074.7,4050.0
2025-07-11 12:06:00,137.6,137.6,137.6,137.6,0,29.650286,6300,4075.0,4050.0
2025-07-11 12:07:00,137.3,137.3,137.3,137.3,150,29.524838,6450,4075.0,4050.0
2025-07-11 12:08:00,137.3,137.3,137.0,137.0,150,29.538289,6450,4074.4,4050.0
2025-07-11 12:09:00,137.0,137.0,135.0,135.0,150,29.77369,6450,4069.4,4050.0
2025-07-11 12:10:00,134.3,134.3,134.3,134.3,150,30.314814,6600,4064.6,4050.0
2025-07-11 12:11:00,134.3,134.3,134.3,134.3,0,30.314814,6600,4061.2,4050.0
2025-07-11 12:12:00,126.1,129.6,126.1,129.6,1650,30.359555,6600,4055.9,4050.0
2025-07-11 12:13:00,129.6,130.4,129.6,130.4,150,29.203216,7650,4065.1,4050.0
2025-07-11 12:14:00,130.4,130.4,130.4,130.4,0,29.203216,7650,4070.0,4050.0
2025-07-11 12:15:00,135.0,140.7,134.0,140.7,4200,30.608211,7650,4073.9,4050.0
2025-07-11 12:16:00,113.8,116.5,113.6,113.6,4500,29.934249,83850,4076.0,4100.0
2025-07-11 12:17:00,136.85,136.85,135.5,135.5,4650,29.20492,11400,4074.0,4050.0
2025-07-11 12:18:00,135.5,135.5,135.5,135.5,0,29.20492,11400,4073.9,4050.0
2025-07-11 12:19:00,113.25,113.25,113.0,113.0,600,29.845925,84450,4075.5,4100.0
2025-07-11 12:20:00,113.0,113.2,113.0,113.2,1350,29.952491,84450,4075.1,4100.0
2025-07-11 12:21:00,135.5,135.9,135.5,135.9,150,29.484349,9000,4072.9,4050.0
2025-07-11 12:22:00,135.9,135.9,135.9,135.9,300,29.746502,9000,4071.2,4050.0
2025-07-11 12:23:00,135.9,135.9,134.25,134.25,300,29.06019,9300,4072.8,4050.0
2025-07-11 12:24:00,134.25,134.25,134.25,134.25,0,29.06019,9300,4072.0,4050.0
2025-07-11 12:25:00,111.4,113.45,110.9,113.45,600,29.739282,88200,4077.2,4100.0
2025-07-11 12:26:00,113.45,113.55,113.2,113.55,1050,29.819878,88200,4076.8,4100.0
2025-07-11 12:27:00,134.25,139.4,134.25,139.0,1500,30.146435,9300,4074.0,4050.0
2025-07-11 12:28:00,139.0,139.0,135.55,135.55,1950,29.348859,10200,4073.2,4050.0
2025-07-11 12:29:00,135.55,135.55,135.55,135.55,0,29.348859,10200,4074.7,4050.0
2025-07-11 12:30:00,135.55,138.7,135.55,138.7,900,29.928967,10200,4074.9,4050.0
2025-07-11 12:31:00,138.7,138.7,138.7,138.7,0,29.928967,10200,4074.4,4050.0
2025-07-11 12:32:00,138.7,138.7,138.7,138.7,0,29.928967,10200,4072.7,4050.0
2025-07-11 12:33:00,138.7,138.7,135.25,135.25,300,29.287233,10200,4073.1,4050.0
2025-07-11 12:34:00,112.4,114.35,112.4,113.4,1500,29.812358,96750,4076.6,4100.0
2025-07-11 12:35:00,113.4,115.2,113.4,115.15,6750,30.1504,96750,4077.5,4100.0
2025-07-11 12:36:00,115.15,115.15,115.15,115.15,0,30.1504,96750,4073.0,4050.0
2025-07-11 12:37:00,115.15,115.15,115.15,115.15,0,30.1504,96750,4075.0,4050.0
2025-07-11 12:38:00,111.4,112.4,111.4,112.25,6750,29.594007,100500,4076.0,4100.0
2025-07-11 12:39:00,117.3,117.3,116.15,116.15,10050,30.374447,100500,4077.8,4100.0
2025-07-11 12:40:00,116.15,116.15,114.2,114.45,1200,30.131485,99300,4076.3,4100.0
2025-07-11 12:41:00,114.45,115.0,114.45,114.5,750,29.713739,99300,4079.5,4100.0
2025-07-11 12:42:00,116.45,116.45,116.3,116.3,300,30.307627,99300,4078.6,4100.0
2025-07-11 12:43:00,116.3,117.8,115.75,115.75,2100,30.393359,99900,4076.9,4100.0
2025-07-11 12:44:00,115.75,119.15,115.75,118.55,3150,30.708789,99900,4080.0,4100.0
2025-07-11 12:45:00,118.55,118.55,117.4,117.6,900,30.50122,99150,4079.7,4100.0
2025-07-11 12:46:00,117.6,119.0,117.6,117.95,1800,30.552863,99150,4080.0,4100.0
2025-07-11 12:47:00,117.95,117.95,116.9,116.9,900,30.332632,99150,4079.6,4100.0
2025-07-11 12:48:00,116.9,117.35,116.9,117.35,150,30.654023,99150,4078.1,4100.0
2025-07-11 12:49:00,117.0,117.0,117.0,117.0,150,30.885995,97350,4075.7,4100.0
2025-07-11 12:50:00,116.3,116.5,115.9,116.5,1350,30.513471,97350,4077.5,4100.0
2025-07-11 12:51:00,116.0,116.0,115.6,115.6,450,30.345575,97350,4077.0,4100.0
2025-07-11 12:52:00,115.6,115.6,115.0,115.05,600,30.148194,97800,4077.4,4100.0
2025-07-11 12:53:00,141.25,141.25,135.2,135.2,150,29.332585,11550,4072.8,4050.0
2025-07-11 12:54:00,135.2,137.65,135.2,137.65,600,29.849057,11550,4073.7,4050.0
2025-07-11 12:55:00,137.65,137.65,137.65,137.65,0,29.849057,11550,4073.1,4050.0
2025-07-11 12:56:00,137.65,137.65,134.4,134.4,300,28.996768,11850,4073.6,4050.0
2025-07-11 12:57:00,134.4,134.4,134.4,134.4,0,28.996768,11850,4074.0,4050.0
2025-07-11 12:58:00,134.4,134.4,134.4,134.4,0,28.996768,11850,4075.9,4100.0
2025-07-11 12:59:00,134.4,134.4,134.4,134.4,0,28.996768,11850,4077.3,4100.0
2025-07-11 13:00:00,112.85,114.0,112.85,113.3,900,29.828966,97950,4076.4,4100.0
2025-07-11 13:01:00,113.3,114.6,113.3,114.6,300,29.941441,97800,4078.1,4100.0
2025-07-11 13:02:00,136.95,136.95,126.85,126.85,1500,28.558902,12600,4063.3,4050.0
2025-07-11 13:03:00,126.3,126.3,125.0,125.0,2700,27.824439,12600,4064.9,4050.0
2025-07-11 13:04:00,125.0,129.05,125.0,126.4,900,29.039022,13200,4059.3,4050.0
2025-07-11 13:05:00,126.4,126.4,122.0,122.05,1200,28.518893,13200,4055.0,4050.0
2025-07-11 13:06:00,120.7,122.0,120.0,122.0,1950,28.814075,13200,4052.9,4050.0
2025-07-11 13:07:00,123.15,123.15,120.7,122.85,900,29.055084,15600,4052.8,4050.0
2025-07-11 13:08:00,122.85,128.65,122.85,128.65,1350,29.162316,15600,4062.5,4050.0
2025-07-11 13:09:00,128.65,128.65,126.2,126.2,150,28.645426,15600,4061.6,4050.0
2025-07-11 13:10:00,125.35,125.35,125.35,125.35,450,28.26942,16200,4062.6,4050.0
2025-07-11 13:11:00,127.0,127.0,127.0,127.0,900,27.737149,16200,4069.0,4050.0
2025-07-11 13:12:00,127.0,130.0,120.05,120.05,2250,29.683584,16200,4043.3,4050.0
2025-07-11 13:13:00,119.1,124.1,116.55,123.45,4200,28.005327,17700,4061.0,4050.0
2025-07-11 13:14:00,123.45,126.4,123.45,126.4,2100,28.940879,17700,4060.0,4050.0
2025-07-11 13:15:00,126.4,126.4,124.5,124.5,450,28.390907,17700,4060.3,4050.0
2025-07-11 13:16:00,124.5,126.1,124.5,125.8,450,29.020419,19050,4058.4,4050.0
2025-07-11 13:17:00,125.8,125.8,125.8,125.8,0,29.020419,19050,4059.2,4050.0
2025-07-11 13:18:00,125.8,131.15,125.8,131.15,1800,28.895985,19050,4068.7,4050.0
2025-07-11 13:19:00,131.15,132.2,131.15,131.35,450,29.239531,19800,4066.8,4050.0
2025-07-11 13:20:00,131.15,131.15,131.15,131.15,150,30.755625,19800,4056.3,4050.0
2025-07-11 13:21:00,131.15,131.15,128.2,128.2,150,29.57294,19800,4059.0,4050.0
2025-07-11 13:22:00,128.2,129.85,128.2,129.85,150,29.893703,20100,4059.8,4050.0
2025-07-11 13:23:00,129.85,129.85,128.4,128.4,150,29.790412,20100,4057.9,4050.0
2025-07-11 13:24:00,128.4,128.4,126.3,126.3,450,29.513068,20100,4056.0,4050.0
2025-07-11 13:25:00,126.3,126.3,126.3,126.3,0,29.513068,20100,4054.2,4050.0
2025-07-11 13:26:00,126.3,126.3,126.3,126.3,0,29.513068,20100,4058.5,4050.0
2025-07-11 13:27:00,126.3,128.45,126.3,126.5,2100,29.715123,20550,4055.0,4050.0
2025-07-11 13:28:00,125.65,125.65,125.65,125.65,150,29.4898,21750,4055.0,4050.0
2025-07-11 13:29:00,125.65,126.85,124.95,126.85,1650,29.55922,21750,4056.7,4050.0
2025-07-11 13:30:00,126.85,126.85,125.0,125.0,750,29.567353,21750,4053.3,4050.0
2025-07-11 13:31:00,125.0,129.65,125.0,129.65,1050,29.71206,21600,4060.7,4050.0
2025-07-11 13:32:00,129.65,129.65,129.65,129.65,0,29.71206,21600,4063.0,4050.0
2025-07-11 13:33:00,129.65,135.4,129.65,135.0,1050,29.657913,21600,4070.5,4050.0
2025-07-11 13:34:00,135.0,135.0,135.0,135.0,300,29.581809,21600,4071.0,4050.0
2025-07-11 13:35:00,136.9,136.9,136.65,136.65,1200,29.915801,21600,4071.7,4050.0
2025-07-11 13:36:00,136.65,136.65,136.65,136.65,0,29.915801,21600,4072.0,4050.0
2025-07-11 13:37:00,136.65,136.65,136.65,136.65,0,29.915801,21600,4072.0,4050.0
2025-07-11 13:38:00,136.0,137.25,136.0,137.25,1050,29.846997,21900,4073.2,4050.0
2025-07-11 13:39:00,137.25,137.25,137.25,137.25,0,29.846997,21900,4072.9,4050.0
2025-07-11 13:40:00,137.25,137.25,137.25,137.25,0,29.846997,21900,4072.0,4050.0
2025-07-11 13:41:00,137.25,137.25,137.25,137.25,0,29.846997,21900,4071.4,4050.0
2025-07-11 13:42:00,137.25,137.25,137.25,137.25,0,29.846997,21900,4070.0,4050.0
2025-07-11 13:43:00,111.05,113.75,111.05,113.75,1350,29.892711,100500,4077.0,4100.0
2025-07-11 13:44:00,113.75,117.0,113.75,117.0,1650,29.821908,100500,4083.8,4100.0
2025-07-11 13:45:00,117.0,118.05,117.0,117.5,1500,30.049453,100500,4083.1,4100.0
2025-07-11 13:46:00,117.5,119.45,115.6,115.6,2850,29.497199,101850,4083.5,4100.0
2025-07-11 13:47:00,115.6,120.0,115.6,119.3,1200,29.986331,101850,4087.0,4100.0
2025-07-11 13:48:00,119.3,123.3,119.3,122.3,2250,29.429664,101850,4096.6,4100.0
2025-07-11 13:49:00,122.3,125.9,122.3,125.0,4200,29.510962,101550,4101.0,4100.0
2025-07-11 13:50:00,125.0,126.9,125.0,125.4,3000,29.774163,101550,4099.9,4100.0
2025-07-11 13:51:00,125.4,129.1,125.0,128.4,3900,29.82783,101550,4105.0,4100.0
2025-07-11 13:52:00,129.0,130.0,128.55,129.0,8250,29.622246,101850,4107.5,4100.0
2025-07-11 13:53:00,130.0,130.0,129.15,130.0,1500,29.827257,101850,4107.9,4100.0
2025-07-11 13:54:00,130.0,130.3,127.45,128.0,1950,30.215352,101850,4101.6,4100.0
2025-07-11 13:55:00,128.0,128.95,127.2,127.5,2550,29.709837,102600,4104.2,4100.0
2025-07-11 13:56:00,127.5,130.15,127.5,129.0,1500,29.828802,102600,4106.1,4100.0
2025-07-11 13:57:00,129.0,129.0,125.15,126.25,9750,30.329462,102600,4097.6,4100.0
2025-07-11 13:58:00,126.25,128.0,126.25,127.5,3600,30.014736,103350,4102.1,4100.0
2025-07-11 13:59:00,127.5,127.5,126.05,126.05,450,29.907411,103350,4100.2,4100.0
2025-07-11 14:00:00,127.45,127.45,125.15,126.6,3900,29.98077,103350,4100.7,4100.0
2025-07-11 14:01:00,126.6,126.6,126.6,126.6,0,29.98077,103350,4105.0,4100.0
2025-07-11 14:02:00,126.6,127.0,126.6,126.7,300,30.094196,102450,4100.1,4100.0
2025-07-11 14:03:00,126.7,126.7,123.8,123.8,1050,29.789853,102450,4096.9,4100.0
2025-07-11 14:04:00,124.0,125.7,124.0,125.7,4500,30.28896,100950,4096.9,4100.0
2025-07-11 14:05:00,125.7,125.7,124.7,124.7,1050,30.041413,100950,4096.8,4100.0
2025-07-11 14:06:00,123.65,123.65,121.45,121.45,2850,30.061909,100950,4090.6,4100.0
2025-07-11 14:07:00,121.45,123.3,119.75,123.3,1800,29.930124,102150,4095.0,4100.0
2025-07-11 14:08:00,123.3,123.3,120.15,120.15,900,29.343982,102150,4093.3,4100.0
2025-07-11 14:09:00,120.15,122.5,120.0,122.5,1950,29.876605,102150,4093.9,4100.0
2025-07-11 14:10:00,122.5,122.5,121.7,122.35,450,29.823796,99150,4094.0,4100.0
2025-07-11 14:11:00,122.35,123.0,121.85,123.0,1350,30.13556,99150,4093.0,4100.0
2025-07-11 14:12:00,123.0,124.4,122.1,124.4,1050,29.553923,99150,4099.7,4100.0
2025-07-11 14:13:00,124.4,124.4,117.7,117.7,2550,29.026828,100950,4091.0,4100.0
2025-07-11 14:14:00,117.7,117.7,113.4,115.0,3150,29.28841,100950,4084.0,4100.0
2025-07-11 14:15:00,115.0,115.0,114.15,114.15,300,28.777265,100950,4086.1,4100.0
2025-07-11 14:16:00,114.15,116.1,114.15,116.1,5550,29.234115,100350,4086.5,4100.0
2025-07-11 14:17:00,116.1,117.6,116.1,117.6,150,29.2818,100350,4089.0,4100.0
2025-07-11 14:18:00,118.15,118.15,118.0,118.0,600,29.136498,100350,4090.8,4100.0
2025-07-11 14:19:00,118.0,120.95,118.0,120.95,150,29.349227,105450,4094.8,4100.0
2025-07-11 14:20:00,120.95,121.85,120.95,121.85,300,29.7692,105450,4093.5,4100.0
2025-07-11 14:21:00,121.85,121.85,120.0,120.7,3450,29.720739,105450,4091.7,4100.0
2025-07-11 14:22:00,120.7,120.7,118.2,118.55,6150,29.534045,100200,4089.0,4100.0
2025-07-11 14:23:00,118.55,118.55,118.3,118.5,450,29.242755,100200,4091.0,4100.0
2025-07-11 14:24:00,118.5,118.5,118.5,118.5,0,29.242755,100200,4093.7,4100.0
2025-07-11 14:25:00,118.5,119.55,118.5,119.55,750,29.126571,102150,4093.8,4100.0
2025-07-11 14:26:00,119.55,121.0,118.5,121.0,6600,29.578021,102150,4093.3,4100.0
2025-07-11 14:27:00,121.5,121.5,120.0,120.0,300,29.652697,102150,4090.9,4100.0
2025-07-11 14:28:00,118.0,119.0,118.0,119.0,750,29.753005,106200,4088.3,4100.0
2025-07-11 14:29:00,119.0,119.7,119.0,119.55,900,29.479943,106200,4091.3,4100.0
2025-07-11 14:30:00,119.55,119.55,118.0,118.0,1650,29.796296,106200,4086.1,4100.0
2025-07-11 14:31:00,118.0,118.0,116.0,116.0,750,29.766506,107850,4082.5,4100.0
2025-07-11 14:32:00,143.0,143.0,140.1,140.1,900,30.458338,20700,4074.4,4050.0
2025-07-11 14:33:00,135.0,135.0,133.85,134.15,3600,29.514182,20700,4070.2,4050.0
2025-07-11 14:34:00,110.5,116.0,110.5,114.8,1500,29.834721,108750,4079.7,4100.0
2025-07-11 14:35:00,139.65,139.65,126.5,128.85,2100,28.907163,20550,4064.9,4050.0
2025-07-11 14:36:00,128.85,129.0,127.55,127.55,750,28.575821,20550,4064.8,4050.0
2025-07-11 14:37:00,127.55,130.0,124.95,124.95,5100,28.335257,21150,4061.8,4050.0
2025-07-11 14:38:00,124.95,129.5,124.95,127.5,1050,27.783927,21150,4069.9,4050.0
2025-07-11 14:39:00,130.65,130.95,130.5,130.85,1200,29.276905,21150,4066.0,4050.0
2025-07-11 14:40:00,130.85,131.0,129.9,131.0,1350,28.537096,22500,4071.1,4050.0
2025-07-11 14:41:00,108.0,111.45,107.4,110.9,3900,29.341498,111900,4075.8,4100.0
2025-07-11 14:42:00,133.5,133.8,133.5,133.8,300,28.745639,22500,4074.6,4050.0
2025-07-11 14:43:00,133.8,133.8,133.0,133.0,750,28.734036,22500,4073.3,4050.0
2025-07-11 14:44:00,109.85,111.0,109.85,110.25,300,29.132331,112950,4076.1,4100.0
2025-07-11 14:45:00,110.25,110.8,110.25,110.8,150,29.304236,112950,4075.9,4100.0
2025-07-11 14:46:00,135.5,135.5,134.0,134.0,150,28.926224,22950,4073.8,4050.0
2025-07-11 14:47:00,110.1,111.0,110.1,110.35,4200,29.240947,112950,4075.5,4100.0
2025-07-11 14:48:00,134.0,134.0,133.4,133.4,150,28.8443,22950,4073.3,4050.0
2025-07-11 14:49:00,133.4,133.4,133.4,133.4,0,28.8443,22950,4072.7,4050.0
2025-07-11 14:50:00,133.0,133.0,132.0,132.0,1500,29.011027,22950,4069.8,4050.0
2025-07-11 14:51:00,132.7,132.7,132.35,132.35,900,29.151313,22950,4069.5,4050.0
2025-07-11 14:52:00,132.35,132.35,132.35,132.35,0,29.151313,22950,4070.3,4050.0
2025-07-11 14:53:00,132.35,132.35,132.35,132.35,150,29.244471,25050,4068.9,4050.0
2025-07-11 14:54:00,132.35,132.35,130.0,130.0,2400,29.346773,25050,4064.1,4050.0
2025-07-11 14:55:00,130.0,130.0,130.0,130.0,450,29.135611,26700,4065.5,4050.0
2025-07-11 14:56:00,130.0,132.5,130.0,132.5,1800,28.871331,26700,4071.6,4050.0
2025-07-11 14:57:00,132.5,132.5,131.7,131.7,150,28.904323,26700,4070.0,4050.0
2025-07-11 14:58:00,131.7,131.7,131.7,131.7,450,29.058403,26700,4069.0,4050.0
2025-07-11 14:59:00,131.7,131.7,131.7,131.7,0,29.058403,26700,4071.0,4050.0
2025-07-11 15:00:00,133.15,133.15,132.6,132.6,900,29.023963,27750,4070.8,4050.0
2025-07-11 15:01:00,132.65,132.65,131.7,131.7,300,29.350415,27900,4067.1,4050.0
2025-07-11 15:02:00,131.7,131.7,130.0,130.05,600,29.031811,27900,4066.3,4050.0
2025-07-11 15:03:00,130.0,130.0,129.05,129.05,1050,29.17418,27900,4063.6,4050.0
2025-07-11 15:04:00,129.05,129.05,128.5,128.5,450,29.418574,28950,4061.0,4050.0
2025-07-11 15:05:00,129.9,130.5,129.9,130.5,1050,29.351062,28950,4065.0,4050.0
2025-07-11 15:06:00,130.5,131.0,130.5,131.0,450,29.575884,28950,4064.4,4050.0
2025-07-11 15:07:00,131.0,131.0,129.15,130.95,750,29.381614,28950,4065.6,4050.0
2025-07-11 15:08:00,130.95,130.95,128.1,128.1,300,29.014095,28950,4063.0,4050.0
2025-07-11 15:09:00,130.9,130.9,129.5,129.5,300,29.64349,28950,4061.3,4050.0
2025-07-11 15:10:00,129.55,129.55,129.0,129.05,750,29.763014,28950,4059.7,4050.0
2025-07-11 15:11:00,129.0,129.0,127.25,127.25,450,28.834216,28950,4062.7,4050.0
2025-07-11 15:12:00,130.75,130.75,129.0,129.0,900,29.556888,28950,4061.0,4050.0
2025-07-11 15:13:00,129.25,129.25,129.25,129.25,150,29.713832,28950,4060.4,4050.0
2025-07-11 15:14:00,128.85,128.85,128.15,128.15,1200,29.450986,28950,4060.2,4050.0
2025-07-11 15:15:00,130.0,130.0,130.0,130.0,1200,29.959807,28950,4060.1,4050.0
2025-07-11 15:16:00,130.0,130.0,128.4,128.4,1500,29.548736,29400,4060.0,4050.0
2025-07-11 15:17:00,128.65,129.45,128.65,129.45,450,29.680023,29400,4061.0,4050.0
2025-07-11 15:18:00,130.75,130.75,130.0,130.0,1650,29.976597,29400,4060.0,4050.0
2025-07-11 15:19:00,129.6,130.0,129.25,130.0,11100,29.947411,36900,4060.2,4050.0
2025-07-11 15:20:00,130.0,130.95,130.0,130.9,750,30.038732,36900,4061.2,4050.0
2025-07-11 15:21:00,130.85,130.85,130.85,130.85,300,30.026027,36900,4061.2,4050.0
2025-07-11 15:22:00,130.0,130.55,130.0,130.55,2550,29.132128,36900,4066.6,4050.0
2025-07-11 15:23:00,131.55,131.55,130.65,131.0,1650,29.465507,36900,4065.2,4050.0
2025-07-11 15:24:00,131.0,132.0,131.0,132.0,1350,29.70298,36900,4065.4,4050.0
2025-07-11 15:25:00,131.1,131.25,130.2,130.2,1350,28.566009,38100,4069.7,4050.0
2025-07-11 15:26:00,130.2,132.15,130.2,132.0,3300,29.155938,38100,4069.0,4050.0
2025-07-11 15:27:00,131.0,131.0,130.6,130.6,6900,28.781869,38100,4069.0,4050.0
2025-07-11 15:28:00,130.0,130.0,130.0,130.0,7200,28.560416,45750,4069.4,4050.0
2025-07-11 15:29:00,130.0,130.5,128.6,128.6,1950,28.247622,45750,4069.0,4050.0
2025-07-14 09:15:00,129.7,129.75,110.0,113.35,13650,28.754812,47250,4055.0,4050.0
2025-07-14 09:16:00,91.0,91.0,80.05,91.0,25050,26.040349,47700,4030.8,4050.0
2025-07-14 09:17:00,111.55,111.55,98.6,98.6,29850,24.99888,50700,4004.2,4000.0
2025-07-14 09:18:00,100.75,108.85,97.0,104.45,32100,25.529941,79350,4011.4,4000.0
2025-07-14 09:19:00,103.35,113.9,99.0,99.0,52050,24.987612,79350,4005.0,4000.0
2025-07-14 09:20:00,95.95,96.65,87.05,90.55,32400,24.491847,79350,3992.6,4000.0
2025-07-14 09:21:00,115.55,116.5,99.55,102.2,7950,25.078865,10050,3962.3,3950.0
2025-07-14 09:22:00,76.7,84.3,76.7,83.0,29250,24.57172,108900,3977.5,4000.0
2025-07-14 09:23:00,82.0,87.45,82.0,84.85,22500,24.192974,108900,3983.7,4000.0
2025-07-14 09:24:00,87.9,88.0,80.85,86.65,23100,24.279701,124500,3986.6,4000.0
2025-07-14 09:25:00,86.45,91.0,85.0,88.5,16650,24.589171,124500,3988.1,4000.0
2025-07-14 09:26:00,113.2,113.2,107.25,107.5,2100,24.521754,15600,3974.7,3950.0
2025-07-14 09:27:00,107.5,108.1,100.2,103.05,8700,23.17687,21150,3974.8,3950.0
2025-07-14 09:28:00,82.05,83.15,78.55,81.1,15450,24.12657,127350,3976.8,4000.0
2025-07-14 09:29:00,105.05,105.05,100.0,100.0,6600,24.011306,21150,3964.8,3950.0
2025-07-14 09:30:00,100.0,102.6,100.0,102.6,7050,23.574665,31950,3971.8,3950.0
2025-07-14 09:31:00,102.0,105.0,102.0,103.5,7500,23.33148,31950,3974.7,3950.0
2025-07-14 09:32:00,103.5,104.75,99.05,99.05,6450,23.680709,31950,3965.1,3950.0
2025-07-14 09:33:00,99.0,99.0,89.0,89.35,9750,23.896632,41100,3946.4,3950.0
2025-07-14 09:34:00,89.35,92.0,88.45,90.6,5250,23.754221,41100,3949.6,3950.0
2025-07-14 09:35:00,90.75,94.05,83.2,85.0,5700,23.946618,41100,3937.9,3950.0
2025-07-14 09:36:00,85.0,88.7,82.15,88.5,3450,23.266442,43800,3948.8,3950.0
2025-07-14 09:37:00,88.65,88.65,80.0,85.25,5850,23.928973,43800,3938.5,3950.0
2025-07-14 09:38:00,85.25,87.15,82.4,87.15,4050,23.189991,43800,3946.8,3950.0
2025-07-14 09:39:00,87.15,94.2,87.15,87.65,10350,22.420573,51900,3952.5,3950.0
2025-07-14 09:40:00,89.35,92.5,88.4,88.4,3750,22.067327,51900,3956.0,3950.0
2025-07-14 09:41:00,91.0,92.05,84.0,84.55,4950,23.401685,51900,3940.6,3950.0
2025-07-14 09:42:00,85.0,90.0,84.5,90.0,4050,23.130342,54750,3952.4,3950.0
2025-07-14 09:43:00,90.55,94.0,90.2,92.0,3150,23.147191,54750,3955.9,3950.0
2025-07-14 09:44:00,92.0,93.0,87.75,87.75,6300,23.034625,54750,3948.9,3950.0
2025-07-14 09:45:00,87.75,89.4,87.0,89.0,3750,22.967633,57300,3951.6,3950.0
2025-07-14 09:46:00,89.0,90.95,88.0,90.0,2400,23.294842,57300,3951.4,3950.0
2025-07-14 09:47:00,90.0,93.8,90.0,90.65,5100,23.145449,57300,3953.5,3950.0
2025-07-14 09:48:00,90.65,92.7,89.1,90.75,4650,22.232482,60000,3959.2,3950.0
2025-07-14 09:49:00,91.75,95.0,89.05,90.1,6900,22.040905,60000,3959.2,3950.0
2025-07-14 09:50:00,90.1,92.15,87.45,87.45,4800,22.595391,60000,3951.1,3950.0
2025-07-14 09:51:00,87.45,90.05,86.7,88.9,4500,22.386158,63600,3955.0,3950.0
2025-07-14 09:52:00,88.9,92.65,87.1,92.0,5550,22.012836,63600,3962.7,3950.0
2025-07-14 09:53:00,70.6,79.5,69.75,78.25,35850,22.268446,229050,3983.9,4000.0
2025-07-14 09:54:00,78.25,88.0,78.25,88.0,52500,21.808339,226050,4005.0,4000.0
2025-07-14 09:55:00,89.5,97.65,89.0,95.3,79950,22.022908,226050,4016.5,4000.0
2025-07-14 09:56:00,95.35,95.95,86.5,89.5,31200,22.115923,226050,4005.8,4000.0
2025-07-14 09:57:00,90.55,91.75,86.4,88.75,22650,22.400954,203700,4002.7,4000.0
2025-07-14 09:58:00,88.75,91.2,86.0,87.0,14250,22.261539,203700,4000.4,4000.0
2025-07-14 09:59:00,87.0,95.7,87.0,94.75,19950,22.085499,203700,4015.2,4000.0
2025-07-14 10:00:00,73.15,78.95,72.0,78.9,8550,23.110999,66450,4027.3,4050.0
2025-07-14 10:01:00,78.8,82.55,78.0,81.75,17550,22.802313,66450,4035.0,4050.0
2025-07-14 10:02:00,82.1,83.0,77.35,81.3,18150,23.101711,66450,4032.1,4050.0
2025-07-14 10:03:00,104.9,105.05,95.85,97.25,20400,22.548533,202800,4016.8,4000.0
2025-07-14 10:04:00,97.25,101.45,96.35,101.2,15450,22.481086,202800,4023.9,4000.0
2025-07-14 10:05:00,78.05,81.25,78.05,81.25,10500,23.103782,77850,4032.0,4050.0
2025-07-14 10:06:00,81.25,94.05,79.8,94.05,26700,23.08831,76650,4056.0,4050.0
2025-07-14 10:07:00,95.0,104.35,92.75,100.0,31800,23.331729,76650,4065.0,4050.0
2025-07-14 10:08:00,100.0,101.6,96.8,99.0,11400,23.209505,76650,4064.0,4050.0
2025-07-14 10:09:00,98.0,100.5,96.0,100.5,5400,23.360804,75900,4065.7,4050.0
2025-07-14 10:10:00,100.0,102.25,96.0,96.0,7800,23.811669,75900,4055.0,4050.0
2025-07-14 10:11:00,95.0,95.0,86.8,87.55,17550,23.156995,75900,4043.7,4050.0
2025-07-14 10:12:00,87.55,88.55,83.35,83.35,4500,23.08827,73950,4036.2,4050.0
2025-07-14 10:13:00,82.3,84.6,78.0,80.25,18300,22.557233,73950,4033.8,4050.0
2025-07-14 10:14:00,81.15,92.75,81.15,92.0,12300,23.07866,73950,4052.4,4050.0
2025-07-14 10:15:00,91.0,95.3,90.2,92.65,7950,23.297629,76200,4052.2,4050.0
2025-07-14 10:16:00,92.65,92.65,87.6,90.0,6300,23.119524,76200,4048.5,4050.0
2025-07-14 10:17:00,90.0,99.0,90.0,92.35,7650,23.165086,76200,4052.5,4050.0
2025-07-14 10:18:00,92.35,92.35,88.0,91.95,4350,23.523707,76200,4049.5,4050.0
2025-07-14 10:19:00,91.95,94.35,91.8,93.9,3900,23.197251,75300,4055.1,4050.0
2025-07-14 10:20:00,93.9,96.5,92.0,92.0,4200,23.726739,75300,4048.3,4050.0
2025-07-14 10:21:00,92.0,95.75,87.7,87.7,5850,23.738647,76650,4040.2,4050.0
2025-07-14 10:22:00,86.9,90.8,81.8,84.5,11250,22.837876,76650,4040.1,4050.0
2025-07-14 10:23:00,84.5,93.1,84.5,87.8,8100,22.586106,76650,4047.9,4050.0
2025-07-14 10:24:00,114.85,114.85,99.0,100.65,24600,22.383057,194700,4023.6,4000.0
2025-07-14 10:25:00,77.75,80.15,75.3,79.95,7650,23.613295,79200,4026.0,4050.0
2025-07-14 10:26:00,101.0,101.0,96.95,98.6,5850,21.989656,194700,4022.4,4000.0
2025-07-14 10:27:00,98.6,100.5,96.85,98.0,9750,21.88326,200100,4022.0,4000.0
2025-07-14 10:28:00,98.0,100.6,97.3,97.3,4950,21.50081,200100,4023.0,4000.0
2025-07-14 10:29:00,97.3,99.15,97.3,99.15,7500,22.3984,200100,4021.0,4000.0
2025-07-14 10:30:00,99.15,99.7,93.65,98.45,12600,22.227476,200850,4020.8,4000.0
2025-07-14 10:31:00,98.45,98.45,90.15,92.15,16650,21.849056,200850,4012.2,4000.0
2025-07-14 10:32:00,92.1,94.6,90.75,94.6,4500,22.633703,200850,4011.8,4000.0
2025-07-14 10:33:00,94.6,94.6,90.6,92.65,6300,22.03018,206700,4012.0,4000.0
2025-07-14 10:34:00,92.65,94.0,91.45,91.45,3000,22.097131,206700,4009.5,4000.0
2025-07-14 10:35:00,91.45,93.0,88.4,91.0,6450,21.615404,206700,4011.6,4000.0
2025-07-14 10:36:00,91.95,93.95,91.35,91.35,3300,21.634396,206700,4012.1,4000.0
2025-07-14 10:37:00,91.35,97.6,91.35,92.45,5700,21.500198,209550,4014.8,4000.0
2025-07-14 10:38:00,92.45,93.0,90.65,91.0,4200,21.228354,209550,4013.9,4000.0
2025-07-14 10:39:00,91.0,93.85,91.0,92.85,1500,21.49928,211950,4015.5,4000.0
2025-07-14 10:40:00,92.85,93.0,90.15,91.2,4800,21.423878,211950,4013.1,4000.0
2025-07-14 10:41:00,91.2,94.4,90.0,93.8,8250,21.332407,211950,4018.1,4000.0
2025-07-14 10:42:00,93.8,93.8,92.2,93.75,3150,21.4565,214800,4017.3,4000.0
2025-07-14 10:43:00,93.75,95.9,92.2,92.2,2850,21.156018,214800,4016.4,4000.0
2025-07-14 10:44:00,92.2,94.0,91.0,91.95,4800,21.612188,214800,4013.3,4000.0
2025-07-14 10:45:00,71.65,77.0,71.45,75.4,4200,22.161945,94050,4027.1,4050.0
2025-07-14 10:46:00,78.0,83.2,78.0,82.0,12150,22.135241,94050,4040.1,4050.0
2025-07-14 10:47:00,82.0,86.8,80.85,86.6,10650,23.287201,94050,4041.2,4050.0
2025-07-14 10:48:00,84.0,87.25,83.05,85.8,9000,22.244419,95250,4046.5,4050.0
2025-07-14 10:49:00,85.8,88.0,82.6,84.3,9450,22.369881,95250,4042.9,4050.0
2025-07-14 10:50:00,84.3,85.0,83.3,83.9,2400,22.63654,95250,4040.4,4050.0
2025-07-14 10:51:00,83.9,84.7,79.6,79.6,7200,22.949671,92250,4030.0,4050.0
2025-07-14 10:52:00,101.0,103.15,98.2,100.2,8700,22.107248,208800,4024.5,4000.0
2025-07-14 10:53:00,78.0,79.8,77.0,79.8,2700,22.71582,92250,4032.0,4050.0
2025-07-14 10:54:00,79.8,79.8,78.0,78.5,3450,22.955057,92250,4027.8,4050.0
2025-07-14 10:55:00,78.5,82.65,78.5,82.65,3300,23.046417,92400,4035.3,4050.0
2025-07-14 10:56:00,82.65,82.9,80.1,80.1,1950,22.21217,92400,4036.0,4050.0
2025-07-14 10:57:00,80.1,81.5,79.65,79.65,2850,22.996546,90600,4029.8,4050.0
2025-07-14 10:58:00,79.65,79.65,76.85,77.45,1200,22.81471,90600,4026.7,4050.0
2025-07-14 10:59:00,77.45,79.0,77.45,77.75,4650,23.001896,90600,4026.0,4050.0
2025-07-14 11:00:00,100.1,100.5,98.15,99.05,4650,21.753449,210600,4024.6,4000.0
2025-07-14 11:01:00,99.05,100.45,98.5,98.5,2550,21.99773,210600,4022.3,4000.0
2025-07-14 11:02:00,98.0,98.0,95.9,98.0,12450,21.780096,210600,4022.7,4000.0
2025-07-14 11:03:00,98.0,99.7,97.95,99.2,1800,22.065064,213300,4023.1,4000.0
2025-07-14 11:04:00,78.5,78.5,78.5,78.5,900,22.902938,94200,4028.2,4050.0
2025-07-14 11:05:00,78.5,78.5,78.5,78.5,0,22.902938,94200,4028.9,4050.0
2025-07-14 11:06:00,78.5,79.45,78.0,78.0,8250,22.890632,94200,4027.3,4050.0
2025-07-14 11:07:00,78.0,78.2,78.0,78.2,300,23.121235,91050,4026.1,4050.0
2025-07-14 11:08:00,99.9,101.0,99.9,101.0,1350,22.45927,214350,4023.9,4000.0
2025-07-14 11:09:00,101.0,101.0,98.65,98.65,150,21.835168,214350,4023.5,4000.0
2025-07-14 11:10:00,98.65,100.5,98.65,100.0,300,21.987388,214350,4024.9,4000.0
2025-07-14 11:11:00,98.7,99.4,96.35,97.5,1500,22.369769,214350,4018.5,4000.0
2025-07-14 11:12:00,97.5,97.5,92.85,94.45,5850,22.310406,213750,4013.6,4000.0
2025-07-14 11:13:00,93.0,95.1,92.25,94.3,5100,22.852989,213750,4010.1,4000.0
2025-07-14 11:14:00,94.3,94.3,92.25,93.8,7650,22.323185,213750,4012.4,4000.0
2025-07-14 11:15:00,93.8,93.8,91.6,93.3,4200,22.361707,213750,4011.3,4000.0
2025-07-14 11:16:00,93.3,94.0,91.95,94.0,1350,21.858003,220350,4015.5,4000.0
2025-07-14 11:17:00,94.0,95.45,94.0,95.2,3000,22.125803,220350,4016.0,4000.0
2025-07-14 11:18:00,95.2,96.0,92.6,93.65,1950,22.214239,220350,4012.8,4000.0
2025-07-14 11:19:00,93.65,94.45,93.1,93.1,900,22.505568,220950,4010.1,4000.0
2025-07-14 11:20:00,93.1,93.1,91.8,92.55,2550,21.960313,220950,4012.4,4000.0
2025-07-14 11:21:00,92.55,92.55,90.55,91.8,5850,21.976148,220950,4011.0,4000.0
2025-07-14 11:22:00,91.8,94.0,91.8,93.75,2100,22.32993,222000,4012.3,4000.0
2025-07-14 11:23:00,93.75,94.05,92.9,93.6,3000,21.74441,222000,4015.5,4000.0
2025-07-14 11:24:00,93.6,96.0,93.6,96.0,450,22.021874,220950,4018.0,4000.0
2025-07-14 11:25:00,96.0,99.0,96.0,99.0,8250,22.560418,220950,4020.0,4000.0
2025-07-14 11:26:00,99.0,99.0,96.0,96.25,2250,22.199873,220950,4017.4,4000.0
2025-07-14 11:27:00,96.25,97.15,91.8,91.8,2550,21.97955,217800,4011.0,4000.0
2025-07-14 11:28:00,91.65,92.6,86.9,92.6,8550,22.381119,217800,4010.0,4000.0
2025-07-14 11:29:00,92.6,94.15,92.6,93.1,1800,22.042419,217800,4012.9,4000.0
2025-07-14 11:30:00,93.1,93.1,93.1,93.1,450,22.395305,217800,4010.8,4000.0
2025-07-14 11:31:00,93.1,93.1,88.55,90.1,6600,21.584313,219450,4010.4,4000.0
2025-07-14 11:32:00,90.1,90.1,90.1,90.1,0,21.584313,219450,4010.0,4000.0
2025-07-14 11:33:00,90.1,90.9,88.0,89.95,1500,21.608358,219450,4010.0,4000.0
2025-07-14 11:34:00,89.95,89.95,87.65,87.95,1950,21.073314,220200,4009.7,4000.0
2025-07-14 11:35:00,87.95,90.55,87.95,88.65,2550,21.228733,220200,4010.0,4000.0
2025-07-14 11:36:00,88.65,89.4,88.05,88.05,2400,21.370119,220200,4008.1,4000.0
2025-07-14 11:37:00,89.75,89.75,87.65,87.65,6750,21.518008,221850,4006.5,4000.0
2025-07-14 11:38:00,87.65,89.0,86.1,88.45,6750,21.1383,221850,4010.2,4000.0
2025-07-14 11:39:00,88.45,89.7,88.45,89.35,900,21.435994,221850,4010.0,4000.0
2025-07-14 11:40:00,90.35,91.0,90.35,91.0,6150,21.466337,220050,4012.7,4000.0
2025-07-14 11:41:00,91.0,91.0,91.0,91.0,600,21.601908,220050,4011.9,4000.0
2025-07-14 11:42:00,91.0,92.0,90.1,90.3,2550,21.649054,220050,4010.4,4000.0
2025-07-14 11:43:00,90.3,91.5,90.15,90.15,1650,21.50513,217800,4011.0,4000.0
2025-07-14 11:44:00,92.0,92.0,92.0,92.0,2550,22.247998,217800,4009.8,4000.0
2025-07-14 11:45:00,90.9,90.9,90.4,90.4,300,21.696751,217800,4010.3,4000.0
2025-07-14 11:46:00,90.4,91.2,90.4,91.2,150,21.948309,215250,4010.2,4000.0
2025-07-14 11:47:00,91.2,91.6,89.0,91.6,1200,21.612527,215250,4012.9,4000.0
2025-07-14 11:48:00,91.6,92.45,91.6,92.0,1350,21.730487,215250,4012.9,4000.0
2025-07-14 11:49:00,92.0,92.95,92.0,92.95,300,22.026681,214950,4012.8,4000.0
2025-07-14 11:50:00,92.95,98.7,92.95,97.3,5400,21.298251,214950,4024.4,4000.0
2025-07-14 11:51:00,97.3,98.85,97.3,98.55,1500,21.74092,214950,4024.0,4000.0
2025-07-14 11:52:00,98.55,98.55,97.3,97.65,2850,21.7579,214650,4022.4,4000.0
2025-07-14 11:53:00,97.65,97.65,95.4,95.4,1500,21.444304,214650,4020.4,4000.0
2025-07-14 11:54:00,95.4,95.45,95.35,95.35,450,21.778338,214650,4018.4,4000.0
2025-07-14 11:55:00,97.0,97.0,97.0,97.0,600,21.883253,215100,4020.6,4000.0
2025-07-14 11:56:00,96.45,96.45,96.25,96.25,1800,21.504317,215100,4021.5,4000.0
2025-07-14 11:57:00,76.2,78.7,76.2,78.7,1050,23.17839,89850,4026.9,4050.0
2025-07-14 11:58:00,100.0,100.0,98.0,98.35,2250,21.898018,213300,4022.8,4000.0
2025-07-14 11:59:00,77.1,78.0,76.0,78.0,7200,23.021709,90150,4026.6,4050.0
2025-07-14 12:00:00,78.0,78.65,78.0,78.55,600,23.122619,90150,4027.0,4050.0
2025-07-14 12:01:00,78.55,81.0,77.2,78.6,3750,23.209588,84300,4026.5,4050.0
2025-07-14 12:02:00,78.6,79.0,78.6,79.0,300,23.253012,84300,4027.0,4050.0
2025-07-14 12:03:00,100.6,100.6,96.7,97.05,1650,21.92006,213300,4020.5,4000.0
2025-07-14 12:04:00,74.5,77.75,74.5,77.75,1200,23.096453,85200,4025.6,4050.0
2025-07-14 12:05:00,77.75,79.0,77.75,79.0,450,23.470532,85200,4025.5,4050.0
2025-07-14 12:06:00,100.55,101.0,99.5,99.8,900,21.960289,212400,4024.9,4000.0
2025-07-14 12:07:00,78.65,78.65,77.25,77.8,1350,23.11254,84150,4025.6,4050.0
2025-07-14 12:08:00,78.6,78.6,78.05,78.35,900,23.213712,84150,4026.0,4050.0
2025-07-14 12:09:00,78.35,80.45,78.35,79.5,1050,23.443938,84150,4026.7,4050.0
2025-07-14 12:10:00,101.7,101.7,96.5,96.5,7800,21.970623,212250,4019.3,4000.0
2025-07-14 12:11:00,95.8,95.8,93.4,93.85,2100,22.08351,212250,4014.1,4000.0
2025-07-14 12:12:00,93.85,93.95,93.45,93.45,1500,21.401269,212250,4017.4,4000.0
2025-07-14 12:13:00,93.45,95.2,93.45,94.65,750,21.9961,212250,4016.0,4000.0
2025-07-14 12:14:00,94.3,94.3,93.65,93.65,750,21.787977,212250,4015.5,4000.0
2025-07-14 12:15:00,93.65,93.65,91.0,92.0,1800,21.74572,212250,4012.9,4000.0
2025-07-14 12:16:00,92.0,92.8,92.0,92.8,300,21.811819,212100,4013.9,4000.0
2025-07-14 12:17:00,92.8,93.3,92.0,92.65,2550,21.971461,212100,4012.7,4000.0
2025-07-14 12:18:00,92.65,93.6,92.0,93.6,1800,21.396968,212100,4017.7,4000.0
2025-07-14 12:19:00,93.6,94.6,93.6,94.6,600,21.379836,212700,4019.5,4000.0
2025-07-14 12:20:00,94.6,94.6,94.0,94.5,750,21.594326,212700,4018.1,4000.0
2025-07-14 12:21:00,94.35,94.35,92.0,92.0,2250,21.391907,212700,4015.0,4000.0
2025-07-14 12:22:00,92.0,92.1,92.0,92.1,2100,21.456088,211650,4014.8,4000.0
2025-07-14 12:23:00,92.1,92.1,87.9,87.95,6300,21.049999,211650,4010.0,4000.0
2025-07-14 12:24:00,87.95,91.1,87.95,91.1,1050,21.128639,211650,4015.0,4000.0
2025-07-14 12:25:00,92.6,92.6,89.65,91.15,6750,21.4678,214500,4013.1,4000.0
2025-07-14 12:26:00,91.15,91.8,91.15,91.8,150,21.164191,214500,4016.0,4000.0
2025-07-14 12:27:00,91.8,92.35,91.8,92.35,300,21.102457,214500,4017.3,4000.0
2025-07-14 12:28:00,92.35,94.55,92.35,93.6,900,21.866611,214350,4015.0,4000.0
2025-07-14 12:29:00,93.6,93.6,93.25,93.25,600,21.644501,214350,4015.7,4000.0
2025-07-14 12:30:00,93.25,93.75,89.8,90.5,2550,21.751372,214350,4010.3,4000.0
2025-07-14 12:31:00,90.5,90.5,90.5,90.5,0,21.751372,214350,4011.2,4000.0
2025-07-14 12:32:00,90.5,90.5,90.5,90.5,0,21.751372,214350,4012.4,4000.0
2025-07-14 12:33:00,90.5,90.5,90.5,90.5,0,21.751372,214350,4010.7,4000.0
2025-07-14 12:34:00,91.4,91.4,91.4,91.4,600,21.816382,214200,4011.5,4000.0
2025-07-14 12:35:00,91.4,92.9,91.4,92.3,750,21.57344,214200,4014.5,4000.0
2025-07-14 12:36:00,92.3,92.3,91.45,91.45,150,21.579069,214200,4013.0,4000.0
2025-07-14 12:37:00,91.45,91.45,90.05,90.05,3000,21.031956,214500,4013.8,4000.0
2025-07-14 12:38:00,90.05,90.5,90.05,90.5,750,21.571345,214500,4011.4,4000.0
2025-07-14 12:39:00,90.5,91.0,89.9,89.9,1500,21.496675,214500,4010.8,4000.0
2025-07-14 12:40:00,89.9,89.9,87.0,88.45,3750,21.423093,213000,4008.7,4000.0
2025-07-14 12:41:00,88.45,88.5,86.15,87.1,7800,20.658972,213000,4010.9,4000.0
2025-07-14 12:42:00,87.1,88.05,86.0,86.0,900,20.572145,213000,4009.5,4000.0
2025-07-14 12:43:00,87.8,88.8,86.0,88.8,2700,21.142432,217050,4011.0,4000.0
2025-07-14 12:44:00,88.8,89.45,88.65,88.65,1050,21.19983,217050,4010.4,4000.0
2025-07-14 12:45:00,88.65,90.5,88.65,90.5,600,21.389631,217050,4012.5,4000.0
2025-07-14 12:46:00,90.3,90.3,90.25,90.25,1200,21.401278,216900,4012.0,4000.0
2025-07-14 12:47:00,90.25,92.5,90.25,92.5,2250,21.244333,216900,4016.8,4000.0
2025-07-14 12:48:00,93.35,96.3,93.35,95.05,4800,20.876422,216900,4023.2,4000.0
2025-07-14 12:49:00,95.05,96.2,95.05,96.0,900,20.998588,215850,4024.1,4000.0
2025-07-14 12:50:00,75.7,76.7,74.45,75.75,1200,22.519,86550,4025.8,4050.0
2025-07-14 12:51:00,99.0,99.0,97.35,97.35,3300,21.702672,215850,4022.4,4000.0
2025-07-14 12:52:00,75.05,85.0,74.55,83.95,7350,22.614122,86100,4041.1,4050.0
2025-07-14 12:53:00,83.95,85.7,82.5,84.2,3450,22.442095,86100,4042.7,4050.0
2025-07-14 12:54:00,84.2,84.3,82.5,83.65,6000,22.26926,86100,4042.8,4050.0
2025-07-14 12:55:00,83.65,84.0,82.45,82.45,2550,22.412658,84150,4039.6,4050.0
2025-07-14 12:56:00,82.45,83.2,81.0,81.0,1800,22.328373,84150,4037.4,4050.0
2025-07-14 12:57:00,81.0,82.55,81.0,82.55,300,22.578545,84150,4038.7,4050.0
2025-07-14 12:58:00,82.55,83.05,81.0,81.0,1650,22.464364,83850,4036.5,4050.0
2025-07-14 12:59:00,81.0,81.0,77.7,78.95,3450,22.396032,83850,4033.0,4050.0
2025-07-14 13:00:00,78.95,81.0,78.95,81.0,750,22.540217,83850,4036.0,4050.0
2025-07-14 13:01:00,81.0,81.0,77.8,80.0,1650,22.684053,82500,4033.1,4050.0
2025-07-14 13:02:00,80.0,82.65,80.0,82.65,1650,23.01534,82500,4036.0,4050.0
2025-07-14 13:03:00,82.5,82.9,82.0,82.35,1050,22.569743,82500,4038.4,4050.0
2025-07-14 13:04:00,82.35,84.6,82.35,84.0,1500,23.254733,83400,4037.0,4050.0
2025-07-14 13:05:00,84.0,84.0,82.5,82.5,1350,23.15274,83400,4034.8,4050.0
2025-07-14 13:06:00,82.5,83.0,82.0,83.0,600,23.118201,83400,4036.0,4050.0
2025-07-14 13:07:00,83.0,83.0,78.5,79.55,3150,23.275101,83250,4028.2,4050.0
2025-07-14 13:08:00,79.55,80.4,79.35,80.35,1650,23.389479,83250,4029.0,4050.0
2025-07-14 13:09:00,80.35,81.7,80.25,81.7,1800,23.103167,83250,4033.6,4050.0
2025-07-14 13:10:00,82.4,82.4,80.55,80.55,1200,23.258565,81450,4030.3,4050.0
2025-07-14 13:11:00,80.55,80.55,80.4,80.4,150,23.274452,81450,4029.9,4050.0
2025-07-14 13:12:00,80.4,80.4,80.0,80.0,300,23.087015,81450,4030.4,4050.0
2025-07-14 13:13:00,80.0,87.05,80.0,87.05,2400,23.379893,80400,4042.0,4050.0
2025-07-14 13:14:00,87.05,87.2,85.6,85.6,750,23.509908,80400,4038.4,4050.0
2025-07-14 13:15:00,85.6,85.6,80.95,81.95,2700,23.751564,80400,4029.7,4050.0
2025-07-14 13:16:00,81.95,82.55,81.75,81.85,900,23.839985,79950,4028.9,4050.0
2025-07-14 13:17:00,81.85,84.1,81.85,83.25,1350,23.862889,79950,4031.5,4050.0
2025-07-14 13:18:00,83.25,84.95,81.25,81.4,9300,23.697218,79950,4029.0,4050.0
2025-07-14 13:19:00,103.9,106.0,103.0,104.75,5550,23.663998,196800,4023.8,4000.0
2025-07-14 13:20:00,104.75,104.75,101.5,101.5,1650,23.469137,196800,4019.4,4000.0
2025-07-14 13:21:00,99.45,100.8,95.55,97.3,11250,22.55855,196800,4017.5,4000.0
2025-07-14 13:22:00,97.3,99.85,97.3,98.0,1200,22.437653,198600,4019.4,4000.0
2025-07-14 13:23:00,98.0,100.0,97.95,100.0,1050,22.523719,198600,4022.3,4000.0
2025-07-14 13:24:00,101.0,103.3,100.95,100.95,1500,23.014929,198600,4021.1,4000.0
2025-07-14 13:25:00,100.95,100.95,98.05,98.55,5700,22.826212,196650,4018.1,4000.0
2025-07-14 13:26:00,98.55,98.55,97.0,97.1,1350,22.588369,196650,4017.0,4000.0
2025-07-14 13:27:00,97.1,97.3,95.55,96.0,2400,22.109714,196650,4017.9,4000.0
2025-07-14 13:28:00,96.0,96.75,96.0,96.75,1950,22.776825,197400,4015.3,4000.0
2025-07-14 13:29:00,96.75,97.55,96.0,97.55,750,22.239309,197400,4019.8,4000.0
2025-07-14 13:30:00,97.55,98.0,97.55,97.55,1650,21.889995,197400,4021.8,4000.0
2025-07-14 13:31:00,97.55,97.55,97.55,97.55,0,21.889995,197400,4020.6,4000.0
2025-07-14 13:32:00,97.55,99.85,97.55,99.85,600,22.537202,197250,4022.0,4000.0
2025-07-14 13:33:00,99.85,99.85,99.85,99.85,0,22.537202,197250,4022.6,4000.0
2025-07-14 13:34:00,99.5,99.5,98.95,98.95,2700,22.271891,198750,4022.0,4000.0
2025-07-14 13:35:00,98.95,99.5,98.95,99.5,450,22.417799,198750,4022.1,4000.0
2025-07-14 13:36:00,99.05,99.05,99.05,99.05,600,22.372821,198750,4021.6,4000.0
2025-07-14 13:37:00,99.05,99.15,99.05,99.15,750,22.682,200400,4020.0,4000.0
2025-07-14 13:38:00,99.15,99.15,98.85,98.85,1050,22.31478,200400,4021.6,4000.0
2025-07-14 13:39:00,98.85,98.85,98.3,98.85,750,22.139604,200400,4022.6,4000.0
2025-07-14 13:40:00,98.85,98.85,98.75,98.75,150,22.548197,200250,4020.1,4000.0
2025-07-14 13:41:00,98.75,99.1,98.3,99.1,300,22.320392,200250,4022.0,4000.0
2025-07-14 13:42:00,99.1,100.5,99.1,100.5,300,22.277046,200250,4024.6,4000.0
2025-07-14 13:43:00,100.5,101.95,100.5,101.2,600,22.697556,199800,4023.4,4000.0
2025-07-14 13:44:00,101.2,101.2,99.5,99.5,1050,22.387936,199800,4022.3,4000.0
2025-07-14 13:45:00,99.5,100.45,99.4,100.45,450,22.652344,199800,4022.4,4000.0
2025-07-14 13:46:00,100.45,100.45,100.45,100.45,0,22.652344,199800,4025.2,4050.0
2025-07-14 13:47:00,102.0,102.0,102.0,102.0,450,23.338918,200550,4021.1,4000.0
2025-07-14 13:48:00,102.0,102.0,101.45,102.0,600,22.708151,200550,4024.7,4000.0
2025-07-14 13:49:00,80.0,80.0,79.0,79.25,2700,23.559963,79350,4025.8,4050.0
2025-07-14 13:50:00,103.3,103.4,103.2,103.2,1650,23.171161,198150,4024.1,4000.0
2025-07-14 13:51:00,80.3,80.8,80.3,80.8,150,24.093755,79350,4025.2,4050.0
2025-07-14 13:52:00,80.8,82.6,80.8,82.2,1500,24.310114,79200,4026.5,4050.0
2025-07-14 13:53:00,82.2,82.2,82.2,82.2,0,24.310114,79200,4026.4,4050.0
2025-07-14 13:54:00,82.2,82.6,81.15,82.45,1950,24.18054,79200,4027.9,4050.0
2025-07-14 13:55:00,82.45,82.45,82.45,82.45,300,24.326059,79200,4026.9,4050.0
2025-07-14 13:56:00,82.2,82.2,80.55,81.2,1500,24.154381,80550,4025.6,4050.0
2025-07-14 13:57:00,81.2,81.7,81.2,81.7,150,24.313366,80550,4025.5,4050.0
2025-07-14 13:58:00,81.7,81.7,80.6,80.6,300,23.910756,79650,4026.1,4050.0
2025-07-14 13:59:00,80.6,80.6,80.6,80.6,0,23.910756,79650,4026.3,4050.0
2025-07-14 14:00:00,80.6,80.6,80.6,80.6,0,23.910756,79650,4024.6,4000.0
2025-07-14 14:01:00,80.6,80.6,80.6,80.6,0,23.910756,79650,4025.3,4050.0
2025-07-14 14:02:00,103.45,103.85,102.5,103.15,1500,23.321673,197400,4023.2,4000.0
2025-07-14 14:03:00,103.35,103.85,103.35,103.85,600,23.265909,197400,4024.7,4000.0
2025-07-14 14:04:00,104.45,105.25,104.0,104.0,3750,23.957256,196800,4021.0,4000.0
2025-07-14 14:05:00,104.0,104.0,103.2,103.25,450,23.667037,196800,4021.4,4000.0
2025-07-14 14:06:00,103.25,103.95,103.25,103.95,750,24.356513,196800,4018.6,4000.0
2025-07-14 14:07:00,103.95,103.95,103.95,103.95,150,24.185727,196650,4019.6,4000.0
2025-07-14 14:08:00,103.95,103.95,103.5,103.5,450,23.984802,196650,4020.0,4000.0
2025-07-14 14:09:00,103.8,104.25,103.8,104.25,300,24.223851,196650,4019.9,4000.0
2025-07-14 14:10:00,104.25,104.25,104.25,104.25,0,24.223851,196650,4019.0,4000.0
2025-07-14 14:11:00,104.25,104.25,103.15,104.0,450,23.996142,196200,4020.8,4000.0
2025-07-14 14:12:00,104.0,104.0,103.85,103.85,150,24.399126,196200,4018.2,4000.0
2025-07-14 14:13:00,103.85,103.85,103.15,103.15,450,23.901839,196050,4019.9,4000.0
2025-07-14 14:14:00,103.15,103.95,98.45,98.45,6900,23.993407,196050,4011.2,4000.0
2025-07-14 14:15:00,98.45,99.85,98.45,99.85,1050,24.37135,196050,4011.4,4000.0
2025-07-14 14:16:00,99.85,99.85,99.0,99.0,1650,23.905573,195450,4012.7,4000.0
2025-07-14 14:17:00,99.0,99.0,98.5,98.5,450,24.026545,195450,4011.1,4000.0
2025-07-14 14:18:00,98.5,98.7,98.5,98.7,150,23.46503,195450,4014.8,4000.0
2025-07-14 14:19:00,100.95,100.95,100.9,100.9,300,24.481853,195450,4012.6,4000.0
2025-07-14 14:20:00,100.9,100.9,99.3,99.3,750,23.439168,195600,4016.0,4000.0
2025-07-14 14:21:00,99.3,100.95,99.3,100.95,150,24.145345,195600,4014.7,4000.0
2025-07-14 14:22:00,100.95,100.95,100.25,100.25,300,24.041323,195600,4014.1,4000.0
2025-07-14 14:23:00,100.25,102.0,100.25,101.75,900,24.229772,195600,4015.6,4000.0
2025-07-14 14:24:00,101.75,101.75,101.4,101.4,300,23.957784,195600,4016.6,4000.0
2025-07-14 14:25:00,101.4,101.4,101.4,101.4,0,23.957784,195600,4017.2,4000.0
2025-07-14 14:26:00,101.4,101.4,100.55,100.55,150,23.861673,195900,4015.7,4000.0
2025-07-14 14:27:00,100.55,101.25,100.55,100.7,450,23.821554,195900,4016.2,4000.0
2025-07-14 14:28:00,100.7,100.95,100.7,100.95,750,23.75959,195600,4017.0,4000.0
2025-07-14 14:29:00,100.95,100.95,100.95,100.95,0,23.75959,195600,4019.6,4000.0
2025-07-14 14:30:00,100.95,103.0,100.95,102.85,1950,23.96141,195600,4019.1,4000.0
2025-07-14 14:31:00,102.85,102.85,102.85,102.85,0,23.96141,195600,4017.8,4000.0
2025-07-14 14:32:00,102.85,102.85,101.9,102.0,300,23.883486,194700,4018.1,4000.0
2025-07-14 14:33:00,102.0,102.0,102.0,102.0,150,23.986659,194700,4017.5,4000.0
2025-07-14 14:34:00,102.0,102.4,102.0,102.4,750,23.831114,194550,4019.1,4000.0
2025-07-14 14:35:00,102.4,102.4,102.4,102.4,0,23.831114,194550,4019.1,4000.0
2025-07-14 14:36:00,102.4,102.4,101.75,101.75,150,23.863572,194550,4017.8,4000.0
2025-07-14 14:37:00,101.75,101.75,101.75,101.75,0,23.863572,194550,4017.1,4000.0
2025-07-14 14:38:00,101.75,101.75,101.75,101.75,0,23.863572,194550,4016.8,4000.0
2025-07-14 14:39:00,101.75,101.75,99.95,99.95,600,23.351803,194700,4017.7,4000.0
2025-07-14 14:40:00,99.95,101.55,99.95,101.55,300,23.445895,194550,4019.9,4000.0
2025-07-14 14:41:00,101.55,101.55,101.55,101.55,0,23.445895,194550,4018.3,4000.0
2025-07-14 14:42:00,101.55,101.55,100.75,100.75,150,23.262629,194550,4019.6,4000.0
2025-07-14 14:43:00,100.75,102.05,100.75,102.05,450,23.61268,194550,4019.8,4000.0
2025-07-14 14:44:00,102.05,103.0,101.55,103.0,900,24.270987,194550,4017.6,4000.0
2025-07-14 14:45:00,103.0,103.0,102.25,102.25,750,23.999365,194550,4017.9,4000.0
2025-07-14 14:46:00,102.25,103.0,101.7,102.85,1500,23.919648,193800,4019.4,4000.0
2025-07-14 14:47:00,102.85,102.85,102.2,102.2,300,23.624869,193800,4020.0,4000.0
2025-07-14 14:48:00,102.2,102.2,102.2,102.2,450,23.763445,193800,4019.2,4000.0
2025-07-14 14:49:00,102.2,102.2,102.0,102.0,150,23.687798,193800,4019.3,4000.0
2025-07-14 14:50:00,102.0,102.0,102.0,102.0,0,23.687798,193800,4019.8,4000.0
2025-07-14 14:51:00,102.0,102.0,102.0,102.0,0,23.687798,193800,4019.8,4000.0
2025-07-14 14:52:00,102.0,103.2,102.0,102.5,450,23.716533,193800,4020.0,4000.0
2025-07-14 14:53:00,102.5,102.5,102.5,102.5,150,23.751672,193650,4019.8,4000.0
2025-07-14 14:54:00,102.5,103.0,102.15,103.0,1500,23.865439,193650,4020.0,4000.0
2025-07-14 14:55:00,103.0,103.0,102.95,102.95,150,23.885787,193650,4019.8,4000.0
2025-07-14 14:56:00,102.95,103.5,102.5,102.8,1500,23.807592,193200,4020.0,4000.0
2025-07-14 14:57:00,103.0,103.4,103.0,103.4,2550,23.985411,193200,4020.0,4000.0
2025-07-14 14:58:00,103.4,104.0,103.35,103.35,2400,24.074598,189900,4019.4,4000.0
2025-07-14 14:59:00,103.35,104.1,103.35,104.1,1350,24.348033,189900,4019.1,4000.0
2025-07-14 15:00:00,102.5,103.0,102.5,103.0,3000,23.920858,189900,4019.7,4000.0
2025-07-14 15:01:00,103.0,104.75,103.0,104.75,300,24.386457,189600,4020.0,4000.0
2025-07-14 15:02:00,104.75,104.75,101.5,101.5,1650,23.565294,189600,4019.2,4000.0
2025-07-14 15:03:00,101.5,103.0,101.5,102.0,2700,23.799552,189600,4018.7,4000.0
2025-07-14 15:04:00,102.0,102.0,100.0,100.0,1800,23.518532,187500,4016.9,4000.0
2025-07-14 15:05:00,100.0,100.95,99.6,100.0,3000,23.519137,187500,4016.9,4000.0
2025-07-14 15:06:00,100.0,100.0,97.7,98.0,1650,24.092515,187500,4010.0,4000.0
2025-07-14 15:07:00,98.0,99.0,96.4,96.4,16500,23.673376,185250,4009.7,4000.0
2025-07-14 15:08:00,96.65,97.65,94.8,96.55,14850,23.668215,185250,4010.0,4000.0
2025-07-14 15:09:00,96.55,97.5,96.25,97.5,2400,23.947633,185250,4010.0,4000.0
2025-07-14 15:10:00,97.5,97.5,96.6,97.3,3450,23.889549,181650,4010.0,4000.0
2025-07-14 15:11:00,97.3,99.9,95.05,99.9,12600,24.40402,181650,4011.5,4000.0
2025-07-14 15:12:00,99.9,99.9,98.1,98.1,900,24.125535,181650,4010.0,4000.0
2025-07-14 15:13:00,98.1,98.55,97.0,98.2,2100,24.155492,176850,4010.0,4000.0
2025-07-14 15:14:00,98.8,104.6,98.0,104.6,5250,24.573384,176850,4018.7,4000.0
2025-07-14 15:15:00,104.6,104.6,97.75,99.0,3150,24.950347,176850,4006.6,4000.0
2025-07-14 15:16:00,99.0,102.05,98.7,102.05,1500,24.670995,175650,4013.7,4000.0
2025-07-14 15:17:00,102.05,103.9,102.05,103.25,2850,24.467328,175650,4017.0,4000.0
2025-07-14 15:18:00,103.25,103.25,101.65,102.25,1050,24.478576,175650,4015.2,4000.0
2025-07-14 15:19:00,102.25,102.25,100.05,100.9,1200,24.267504,174750,4014.1,4000.0
2025-07-14 15:20:00,100.9,101.1,99.8,101.1,1500,24.293273,174750,4014.3,4000.0
2025-07-14 15:21:00,101.1,101.95,101.1,101.95,1350,24.239763,174750,4016.1,4000.0
2025-07-14 15:22:00,101.95,102.6,101.1,102.4,1500,24.372914,175650,4016.1,4000.0
2025-07-14 15:23:00,101.0,102.15,101.0,102.15,6300,24.231986,175650,4016.5,4000.0
2025-07-14 15:24:00,102.15,102.45,100.65,101.5,2400,24.631654,175650,4013.0,4000.0
2025-07-14 15:25:00,101.5,101.5,100.35,100.35,1950,23.668611,171150,4016.7,4000.0
2025-07-14 15:26:00,100.35,101.65,100.35,101.35,5400,24.35369,171150,4014.4,4000.0
2025-07-14 15:27:00,101.35,101.35,100.15,100.5,1950,24.490131,171150,4012.1,4000.0
2025-07-14 15:28:00,100.5,100.5,100.4,100.4,1200,24.142812,167250,4014.0,4000.0
2025-07-14 15:29:00,100.1,100.1,98.9,98.95,3900,24.052638,167250,4012.0,4000.0
2025-07-15 09:15:00,99.5,105.55,99.0,99.0,1650,23.512383,166650,4019.1,4000.0
2025-07-15 09:16:00,98.95,98.95,90.05,91.85,7350,23.105486,166650,4009.0,4000.0
2025-07-15 09:17:00,93.9,100.2,93.9,100.2,8850,23.147181,166650,4023.2,4000.0
2025-07-15 09:18:00,100.2,100.75,98.4,98.4,2550,23.892979,171300,4015.9,4000.0
2025-07-15 09:19:00,98.0,98.5,96.0,96.1,5250,23.564379,171300,4013.8,4000.0
2025-07-15 09:20:00,96.1,99.15,96.1,98.7,1650,24.036646,171300,4015.6,4000.0
2025-07-15 09:21:00,98.7,98.7,96.75,98.45,600,24.392698,172950,4013.1,4000.0
2025-07-15 09:22:00,98.45,98.45,95.0,96.0,4200,24.015704,172950,4011.0,4000.0
2025-07-15 09:23:00,96.0,97.55,95.05,95.05,2550,24.036295,172950,4009.2,4000.0
2025-07-15 09:24:00,95.05,95.05,95.05,95.05,0,24.036295,172950,4008.8,4000.0
2025-07-15 09:25:00,95.05,99.95,95.05,99.1,2550,24.246795,175050,4015.1,4000.0
2025-07-15 09:26:00,76.0,80.55,75.7,80.55,1500,24.331387,69600,4028.0,4050.0
2025-07-15 09:27:00,105.0,106.75,102.5,102.9,14100,24.186042,174900,4022.0,4000.0
2025-07-15 09:28:00,79.1,79.7,78.5,78.8,1050,24.214524,69300,4025.3,4050.0
2025-07-15 09:29:00,101.9,103.0,101.9,102.0,1950,23.73647,174900,4023.0,4000.0
2025-07-15 09:30:00,102.0,103.0,101.15,101.15,1650,23.924545,170700,4020.5,4000.0
2025-07-15 09:31:00,101.15,101.85,98.85,98.85,900,23.84548,170700,4017.0,4000.0
2025-07-15 09:32:00,99.55,100.0,99.2,100.0,1800,24.175468,170700,4017.1,4000.0
2025-07-15 09:33:00,100.0,101.0,96.05,96.25,4500,23.927311,171600,4012.0,4000.0
2025-07-15 09:34:00,96.25,98.35,96.25,96.55,1500,24.188554,171600,4011.0,4000.0
2025-07-15 09:35:00,96.55,96.55,90.4,93.0,10200,24.331739,171600,4003.8,4000.0
2025-07-15 09:36:00,93.0,94.15,92.05,94.15,2850,24.411517,175200,4005.4,4000.0
2025-07-15 09:37:00,94.15,96.0,93.45,93.45,1650,24.235756,175200,4005.2,4000.0
2025-07-15 09:38:00,93.45,94.8,93.45,94.65,1650,24.876956,175200,4003.5,4000.0
2025-07-15 09:39:00,94.65,94.7,93.45,93.95,1950,24.750508,175650,4003.0,4000.0
2025-07-15 09:40:00,93.95,94.0,93.0,93.85,1800,24.754138,175650,4002.8,4000.0
2025-07-15 09:41:00,93.85,94.0,92.0,93.2,3300,24.626067,175650,4002.4,4000.0
2025-07-15 09:42:00,93.2,94.9,93.2,94.2,1800,24.744901,176250,4003.5,4000.0
2025-07-15 09:43:00,94.2,94.2,91.25,93.75,3450,25.183979,176250,4000.0,4000.0
2025-07-15 09:44:00,93.75,93.75,88.0,89.25,3750,24.805458,176250,3994.0,4000.0
2025-07-15 09:45:00,89.25,89.25,88.35,88.55,2250,24.277602,179700,3996.0,4000.0
2025-07-15 09:46:00,88.55,92.3,88.55,91.2,1350,24.586147,179700,3999.0,4000.0
2025-07-15 09:47:00,91.2,92.85,91.2,92.8,2850,25.064972,179700,3999.0,4000.0
2025-07-15 09:48:00,92.8,92.8,91.8,92.3,2100,24.835082,182700,3999.5,4000.0
2025-07-15 09:49:00,93.0,93.6,92.3,93.05,1350,24.978665,182700,4000.0,4000.0
2025-07-15 09:50:00,93.05,93.8,92.65,92.65,8850,24.532994,182700,4002.0,4000.0
2025-07-15 09:51:00,92.65,93.45,92.2,93.3,1800,24.282807,180300,4004.7,4000.0
2025-07-15 09:52:00,93.3,95.05,93.3,95.05,2250,24.558281,180300,4006.2,4000.0
2025-07-15 09:53:00,95.05,95.8,95.05,95.8,150,24.78367,180300,4006.2,4000.0
2025-07-15 09:54:00,95.8,95.8,90.2,90.2,2550,24.615583,180750,3997.0,4000.0
2025-07-15 09:55:00,90.2,93.2,90.1,91.55,1350,24.403608,180750,4000.8,4000.0
2025-07-15 09:56:00,91.55,92.0,89.45,89.45,3450,24.069415,180750,3999.0,4000.0
2025-07-15 09:57:00,88.85,89.5,87.1,87.1,12450,23.204425,175800,4000.0,4000.0
2025-07-15 09:58:00,87.1,88.45,87.1,87.95,450,23.605919,175800,3999.1,4000.0
2025-07-15 09:59:00,87.95,88.6,87.95,88.6,150,24.02776,175800,3997.7,4000.0
2025-07-15 10:00:00,88.6,89.05,88.6,88.85,600,23.762384,175800,3999.8,4000.0
2025-07-15 10:01:00,88.85,89.6,88.85,89.6,300,23.954737,176100,4000.0,4000.0
2025-07-15 10:02:00,89.6,91.9,89.6,91.9,900,24.56177,176100,4000.5,4000.0
2025-07-15 10:03:00,91.9,91.95,91.1,91.95,750,24.561052,176700,4000.6,4000.0
2025-07-15 10:04:00,91.95,92.0,91.85,92.0,450,24.560329,176700,4000.7,4000.0
2025-07-15 10:05:00,91.3,91.3,91.3,91.3,450,24.3679,176700,4000.6,4000.0
2025-07-15 10:06:00,91.3,93.0,91.3,93.0,4350,24.318536,173550,4004.0,4000.0
2025-07-15 10:07:00,93.0,93.0,93.0,93.0,0,24.318536,173550,4005.3,4000.0
2025-07-15 10:08:00,93.0,93.0,92.1,92.8,300,24.753236,173550,4001.0,4000.0
2025-07-15 10:09:00,92.8,92.8,91.5,91.5,900,24.413966,172200,4000.7,4000.0
2025-07-15 10:10:00,91.5,91.55,91.5,91.55,150,24.216639,172200,4002.0,4000.0
2025-07-15 10:11:00,92.0,92.0,92.0,92.0,150,24.351977,172200,4002.0,4000.0
2025-07-15 10:12:00,92.0,93.4,91.75,93.4,1050,24.458743,172200,4003.9,4000.0
2025-07-15 10:13:00,93.4,93.85,93.05,93.85,900,24.445115,172200,4004.8,4000.0
2025-07-15 10:14:00,93.85,93.85,92.5,92.5,300,24.289593,172200,4003.3,4000.0
2025-07-15 10:15:00,92.6,93.25,92.6,93.25,1350,24.249997,170850,4004.9,4000.0
2025-07-15 10:16:00,92.5,92.5,92.5,92.5,300,24.10887,170850,4004.4,4000.0
2025-07-15 10:17:00,93.0,93.0,93.0,93.0,300,24.424762,170850,4003.4,4000.0
2025-07-15 10:18:00,93.0,93.0,90.0,90.15,2850,24.58388,172200,3997.2,4000.0
2025-07-15 10:19:00,90.15,90.15,90.05,90.05,450,24.425485,172200,3998.0,4000.0
2025-07-15 10:20:00,90.05,93.7,89.6,93.7,4500,24.751671,172200,4002.7,4000.0
2025-07-15 10:21:00,93.7,93.8,92.75,93.0,1950,24.657762,170550,4002.0,4000.0
2025-07-15 10:22:00,93.0,93.4,93.0,93.4,450,25.104926,170550,4000.0,4000.0
2025-07-15 10:23:00,93.4,96.0,93.4,94.35,3300,24.915344,170550,4002.9,4000.0
2025-07-15 10:24:00,94.35,95.0,94.35,95.0,150,24.647326,168000,4005.7,4000.0
2025-07-15 10:25:00,95.0,99.1,95.0,99.0,4050,24.633902,168000,4012.9,4000.0
2025-07-15 10:26:00,99.0,99.8,98.6,99.25,1050,24.829365,168000,4012.2,4000.0
2025-07-15 10:27:00,99.25,102.35,99.25,100.35,5250,24.835727,166650,4014.1,4000.0
2025-07-15 10:28:00,100.35,103.6,100.35,103.6,5400,25.001535,166650,4018.8,4000.0
2025-07-15 10:29:00,103.6,104.8,103.3,104.0,2700,25.366806,166650,4017.4,4000.0
2025-07-15 10:30:00,104.0,107.35,102.4,106.0,8100,24.827817,163050,4023.9,4000.0
2025-07-15 10:31:00,80.4,89.0,80.4,88.55,5850,25.43675,73350,4036.6,4050.0
2025-07-15 10:32:00,88.55,93.05,88.35,92.8,7350,25.54323,73350,4044.0,4050.0
2025-07-15 10:33:00,92.8,93.4,92.15,93.05,4500,25.286282,69750,4046.1,4050.0
2025-07-15 10:34:00,93.5,93.5,84.7,85.55,4800,25.462694,69750,4030.6,4050.0
2025-07-15 10:35:00,85.55,87.6,85.55,85.65,1950,25.567796,69750,4030.1,4050.0
2025-07-15 10:36:00,85.65,89.35,85.65,87.0,1500,25.196569,70200,4035.2,4050.0
2025-07-15 10:37:00,87.0,88.45,86.4,88.1,600,25.460802,70200,4035.6,4050.0
2025-07-15 10:38:00,88.1,88.1,86.9,87.75,1050,25.813685,70200,4032.6,4050.0
2025-07-15 10:39:00,87.75,87.75,86.65,87.75,3450,25.904901,70050,4032.0,4050.0
2025-07-15 10:40:00,87.75,87.75,86.0,87.05,750,25.698936,70050,4032.0,4050.0
2025-07-15 10:41:00,87.05,89.35,87.05,89.35,3750,25.464432,70050,4038.0,4050.0
2025-07-15 10:42:00,89.35,89.6,88.85,89.6,900,25.477249,70050,4038.4,4050.0
2025-07-15 10:43:00,90.0,90.65,88.6,90.65,2850,25.354009,70500,4041.2,4050.0
2025-07-15 10:44:00,90.65,90.65,89.0,89.65,600,25.539544,70500,4038.1,4050.0
2025-07-15 10:45:00,89.65,90.2,89.05,90.15,1050,25.703154,70350,4038.0,4050.0
2025-07-15 10:46:00,90.15,90.15,86.95,86.95,3750,25.264474,70350,4034.7,4050.0
2025-07-15 10:47:00,86.95,87.15,86.15,86.2,750,25.422466,70350,4032.2,4050.0
2025-07-15 10:48:00,86.2,86.2,86.15,86.15,150,25.363087,70350,4032.5,4050.0
2025-07-15 10:49:00,86.15,86.65,86.15,86.65,1200,25.405522,71250,4033.2,4050.0
2025-07-15 10:50:00,86.95,86.95,86.15,86.15,2100,25.74031,71250,4030.0,4050.0
2025-07-15 10:51:00,85.75,87.9,85.75,87.9,3150,25.472003,70950,4035.2,4050.0
2025-07-15 10:52:00,87.9,87.9,87.2,87.2,750,25.205024,70950,4035.6,4050.0
2025-07-15 10:53:00,87.2,87.2,87.2,87.2,150,25.113991,70950,4036.2,4050.0
2025-07-15 10:54:00,88.65,88.95,87.7,88.95,1650,25.370331,70500,4037.9,4050.0
2025-07-15 10:55:00,89.0,89.0,89.0,89.0,1500,25.416518,70500,4037.7,4050.0
2025-07-15 10:56:00,89.0,89.0,87.6,87.6,600,24.957764,70500,4038.0,4050.0
2025-07-15 10:57:00,88.4,89.35,88.25,89.35,1200,25.474982,71250,4038.0,4050.0
2025-07-15 10:58:00,88.7,88.7,87.5,87.5,1200,25.297503,71250,4035.6,4050.0
2025-07-15 10:59:00,87.5,87.9,87.5,87.65,1650,25.235437,71250,4036.3,4050.0
2025-07-15 11:00:00,87.65,88.8,87.65,88.8,1050,25.283793,72150,4038.2,4050.0
2025-07-15 11:01:00,88.8,89.1,88.6,88.6,450,25.50189,72150,4036.4,4050.0
2025-07-15 11:02:00,88.35,88.55,88.35,88.55,1050,25.380474,72150,4037.1,4050.0
2025-07-15 11:03:00,88.3,88.3,88.3,88.3,600,25.261253,71550,4037.4,4050.0
2025-07-15 11:04:00,88.3,88.3,87.5,87.5,300,25.0718,71550,4037.1,4050.0
2025-07-15 11:05:00,87.5,87.5,87.5,87.5,0,25.0718,71550,4037.2,4050.0
2025-07-15 11:06:00,87.5,87.7,86.75,86.75,450,25.081303,71550,4035.6,4050.0
2025-07-15 11:07:00,86.75,86.75,85.25,85.25,450,25.380725,71550,4030.7,4050.0
2025-07-15 11:08:00,83.35,83.35,83.3,83.3,2100,25.312451,71550,4027.3,4050.0
2025-07-15 11:09:00,83.3,83.3,81.7,82.4,1650,25.372061,71700,4025.1,4050.0
2025-07-15 11:10:00,106.0,106.95,104.35,104.35,7200,24.74563,153300,4021.7,4000.0
2025-07-15 11:11:00,80.0,81.6,80.0,81.6,1950,25.09257,71700,4025.4,4050.0
2025-07-15 11:12:00,105.95,106.75,105.5,105.5,5100,24.560552,153300,4024.7,4000.0
2025-07-15 11:13:00,105.5,105.5,104.0,104.0,2850,24.410219,160500,4023.0,4000.0
2025-07-15 11:14:00,104.1,106.25,104.1,106.25,900,24.807608,160500,4024.6,4000.0
2025-07-15 11:15:00,106.25,106.65,104.5,104.5,1200,24.616709,158850,4022.7,4000.0
2025-07-15 11:16:00,104.5,104.55,104.4,104.4,3450,24.640444,158850,4022.4,4000.0
2025-07-15 11:17:00,104.4,104.4,103.75,104.15,1050,24.547497,158850,4022.5,4000.0
2025-07-15 11:18:00,104.15,104.15,100.65,101.5,4350,24.540002,159000,4018.0,4000.0
2025-07-15 11:19:00,101.5,102.5,101.5,102.25,450,24.941602,159000,4017.0,4000.0
2025-07-15 11:20:00,102.25,103.0,102.05,103.0,1050,24.289701,159000,4022.0,4000.0
2025-07-15 11:21:00,103.0,103.6,102.75,102.8,1650,24.389575,158250,4021.1,4000.0
2025-07-15 11:22:00,102.8,102.8,102.0,102.0,150,25.162633,158250,4015.3,4000.0
2025-07-15 11:23:00,102.0,102.25,102.0,102.25,1800,24.996381,158250,4016.7,4000.0
2025-07-15 11:24:00,102.25,102.25,97.0,98.0,3600,25.051203,158850,4008.9,4000.0
2025-07-15 11:25:00,98.0,98.0,96.0,96.0,2700,24.60232,158850,4008.0,4000.0
2025-07-15 11:26:00,96.0,97.4,95.65,96.0,5100,24.670179,158850,4007.6,4000.0
2025-07-15 11:27:00,96.0,96.8,96.0,96.8,450,24.506443,158850,4010.0,4000.0
2025-07-15 11:28:00,97.25,97.75,96.8,97.25,1350,24.845269,164850,4008.8,4000.0
2025-07-15 11:29:00,97.25,98.1,96.95,96.95,1950,24.552869,164850,4010.0,4000.0
2025-07-15 11:30:00,96.95,98.75,96.95,98.75,750,24.993279,166350,4010.6,4000.0
2025-07-15 11:31:00,98.75,98.9,98.15,98.9,1200,24.937162,166350,4011.2,4000.0
2025-07-15 11:32:00,98.9,99.8,98.9,99.55,600,25.048364,166350,4011.7,4000.0
2025-07-15 11:33:00,99.55,99.55,98.95,98.95,300,24.817234,166350,4012.0,4000.0
2025-07-15 11:34:00,98.95,98.95,98.0,98.15,750,24.747426,166800,4011.0,4000.0
2025-07-15 11:35:00,98.15,98.15,98.15,98.15,300,24.748081,166800,4011.0,4000.0
2025-07-15 11:36:00,98.15,99.7,98.15,99.7,300,25.045042,166800,4012.0,4000.0
2025-07-15 11:37:00,99.7,103.0,99.7,103.0,2100,25.162645,167250,4017.1,4000.0
2025-07-15 11:38:00,103.0,103.65,102.1,102.1,1050,24.908891,167250,4017.0,4000.0
2025-07-15 11:39:00,102.1,102.1,102.1,102.1,0,24.908891,167250,4015.0,4000.0
2025-07-15 11:40:00,102.1,102.1,101.95,101.95,150,25.176809,166950,4015.2,4000.0
2025-07-15 11:41:00,101.95,102.7,101.95,102.55,450,25.046796,166950,4017.0,4000.0
2025-07-15 11:42:00,102.55,102.55,102.05,102.05,1050,24.896436,166950,4017.0,4000.0
2025-07-15 11:43:00,102.05,103.0,102.0,103.0,600,25.044764,167400,4017.8,4000.0
2025-07-15 11:44:00,103.0,103.0,103.0,103.0,300,25.306133,167400,4016.3,4000.0
2025-07-15 11:45:00,103.0,104.0,103.0,104.0,900,24.609378,167400,4022.0,4000.0
2025-07-15 11:46:00,105.0,106.25,105.0,105.0,2700,25.266412,166350,4020.0,4000.0
2025-07-15 11:47:00,105.0,106.75,105.0,106.75,450,24.999352,166350,4024.5,4000.0
2025-07-15 11:48:00,82.75,82.75,82.75,82.75,150,25.427417,76800,4025.6,4050.0
2025-07-15 11:49:00,82.75,84.0,82.75,84.0,900,25.590848,77100,4027.0,4050.0
2025-07-15 11:50:00,109.0,109.0,108.25,108.45,900,25.499701,167400,4024.6,4000.0
2025-07-15 11:51:00,84.0,84.0,83.0,83.0,450,25.42952,77100,4026.1,4050.0
2025-07-15 11:52:00,83.0,83.65,82.8,83.65,900,25.755471,77100,4025.2,4050.0
2025-07-15 11:53:00,107.65,108.5,106.0,106.0,1350,25.362541,168600,4021.2,4000.0
2025-07-15 11:54:00,105.0,105.0,104.1,104.1,1050,25.436728,168600,4017.5,4000.0
2025-07-15 11:55:00,104.1,104.95,103.2,104.85,1350,25.227058,168450,4020.0,4000.0
2025-07-15 11:56:00,104.85,104.85,104.8,104.8,150,25.018701,168450,4021.1,4000.0
2025-07-15 11:57:00,104.8,107.5,104.8,106.5,1500,25.375329,168450,4022.0,4000.0
2025-07-15 11:58:00,82.1,87.3,82.1,85.85,1950,25.486305,76650,4031.4,4050.0
2025-07-15 11:59:00,85.85,85.85,84.0,84.0,1050,25.567758,76650,4027.2,4050.0
2025-07-15 12:00:00,84.0,86.5,83.9,86.35,600,25.620412,75600,4031.5,4050.0
2025-07-15 12:01:00,86.35,91.55,86.35,90.0,2250,25.322317,75600,4040.5,4050.0
2025-07-15 12:02:00,90.0,90.0,90.0,90.0,0,25.322317,75600,4031.5,4050.0
2025-07-15 12:03:00,90.0,90.0,88.0,88.55,300,25.742176,75300,4035.0,4050.0
2025-07-15 12:04:00,88.55,89.0,88.0,89.0,450,25.631101,75300,4036.6,4050.0
2025-07-15 12:05:00,89.0,90.35,88.65,88.65,3300,26.258669,75300,4031.8,4050.0
2025-07-15 12:06:00,88.65,88.65,86.55,87.25,450,25.724432,75300,4032.6,4050.0
2025-07-15 12:07:00,87.25,87.25,85.65,86.45,1050,25.729917,74700,4031.0,4050.0
2025-07-15 12:08:00,86.45,86.45,86.4,86.4,600,25.565073,74700,4032.0,4050.0
2025-07-15 12:09:00,86.4,87.1,86.4,87.1,150,25.621505,74700,4033.0,4050.0
2025-07-15 12:10:00,87.1,87.1,86.0,86.2,1500,25.416572,74400,4032.6,4050.0
2025-07-15 12:11:00,86.2,86.2,86.15,86.15,450,25.643833,74400,4031.0,4050.0
2025-07-15 12:12:00,86.15,86.15,84.25,84.25,750,25.531367,74400,4028.0,4050.0
2025-07-15 12:13:00,84.25,84.75,84.25,84.75,300,25.620401,74400,4028.4,4050.0
2025-07-15 12:14:00,84.75,84.75,83.9,84.75,450,25.44176,74400,4029.6,4050.0
2025-07-15 12:15:00,84.75,84.95,83.8,83.8,300,25.519097,73950,4027.2,4050.0
2025-07-15 12:16:00,83.8,84.1,83.8,84.1,600,25.519374,73950,4027.8,4050.0
2025-07-15 12:17:00,84.1,84.1,83.8,83.8,300,25.609425,73950,4026.6,4050.0
2025-07-15 12:18:00,83.8,83.8,83.7,83.8,300,25.550762,73950,4027.0,4050.0
2025-07-15 12:19:00,83.8,84.4,83.8,84.3,450,25.281935,74250,4029.8,4050.0
2025-07-15 12:20:00,84.55,84.55,84.25,84.25,300,25.297744,74250,4029.6,4050.0
2025-07-15 12:21:00,84.25,87.1,84.25,87.1,150,25.690034,74250,4032.6,4050.0
2025-07-15 12:22:00,87.1,87.1,86.9,87.0,450,25.676248,74250,4032.5,4050.0
2025-07-15 12:23:00,87.0,87.05,87.0,87.05,3300,25.615995,74250,4033.0,4050.0
2025-07-15 12:24:00,87.05,87.05,87.05,87.05,0,25.615995,74250,4032.0,4050.0
2025-07-15 12:25:00,87.05,87.05,85.55,86.25,1050,25.832962,74700,4030.0,4050.0
2025-07-15 12:26:00,86.25,86.5,85.6,85.6,300,25.536153,74700,4030.7,4050.0
2025-07-15 12:27:00,85.6,87.25,85.6,87.25,150,25.571594,74700,4033.7,4050.0
2025-07-15 12:28:00,87.25,87.25,87.0,87.0,600,25.78602,74700,4031.8,4050.0
2025-07-15 12:29:00,87.0,87.0,87.0,87.0,150,25.816867,74700,4031.6,4050.0
2025-07-15 12:30:00,87.0,87.0,87.0,87.0,0,25.816867,74700,4032.4,4050.0
2025-07-15 12:31:00,87.0,87.0,87.0,87.0,0,25.816867,74700,4032.0,4050.0
2025-07-15 12:32:00,87.0,87.0,87.0,87.0,0,25.816867,74700,4032.7,4050.0
2025-07-15 12:33:00,88.35,88.35,86.0,86.0,4500,25.448145,75150,4032.1,4050.0
2025-07-15 12:34:00,86.0,86.4,86.0,86.4,150,25.582271,75600,4032.0,4050.0
2025-07-15 12:35:00,86.4,86.4,85.95,85.95,300,25.434667,75600,4032.1,4050.0
2025-07-15 12:36:00,85.95,87.0,85.9,85.9,1650,25.162949,75600,4033.8,4050.0
2025-07-15 12:37:00,85.9,86.0,85.9,86.0,150,25.360037,75600,4032.7,4050.0
2025-07-15 12:38:00,85.8,85.9,85.8,85.9,600,25.315962,75600,4032.8,4050.0
2025-07-15 12:39:00,89.3,89.3,87.0,87.0,1050,25.307601,75600,4035.0,4050.0
2025-07-15 12:40:00,87.0,87.0,85.7,85.7,1350,24.770769,75450,4036.0,4050.0
2025-07-15 12:41:00,86.0,86.0,85.05,85.05,900,25.036106,75450,4033.0,4050.0
2025-07-15 12:42:00,85.05,85.2,85.05,85.2,450,25.081145,75450,4033.0,4050.0
2025-07-15 12:43:00,85.2,85.75,84.75,85.75,1350,25.092736,75750,4034.0,4050.0
2025-07-15 12:44:00,85.75,86.7,85.75,86.0,2250,24.647141,75750,4037.4,4050.0
2025-07-15 12:45:00,86.0,86.15,85.7,85.7,1200,24.881082,76350,4035.3,4050.0
2025-07-15 12:46:00,85.7,85.7,84.95,84.95,150,24.705624,76350,4035.0,4050.0
2025-07-15 12:47:00,84.95,84.95,84.75,84.75,300,24.647089,76350,4035.0,4050.0
2025-07-15 12:48:00,84.75,84.75,84.35,84.55,900,24.588552,76350,4035.0,4050.0
2025-07-15 12:49:00,84.55,84.9,84.35,84.35,300,24.57577,77100,4034.7,4050.0
2025-07-15 12:50:00,84.35,85.25,84.35,85.05,300,24.737794,77100,4035.0,4050.0
2025-07-15 12:51:00,85.05,85.05,85.05,85.05,0,24.737794,77100,4035.6,4050.0
2025-07-15 12:52:00,85.05,85.05,85.05,85.05,0,24.737794,77100,4035.0,4050.0
2025-07-15 12:53:00,85.05,85.05,83.5,85.0,450,24.602655,77250,4035.8,4050.0
2025-07-15 12:54:00,85.0,85.0,85.0,85.0,0,24.602655,77250,4036.5,4050.0
2025-07-15 12:55:00,83.85,83.85,83.85,83.85,300,24.431646,77250,4034.7,4050.0
2025-07-15 12:56:00,83.85,83.85,83.85,83.85,0,24.431646,77250,4035.0,4050.0
2025-07-15 12:57:00,83.85,83.85,83.85,83.85,0,24.431646,77250,4034.0,4050.0
2025-07-15 12:58:00,83.85,83.85,83.85,83.85,150,24.280828,77250,4035.7,4050.0
2025-07-15 12:59:00,84.65,84.65,84.65,84.65,1200,24.625216,77250,4035.0,4050.0
2025-07-15 13:00:00,84.65,84.65,84.45,84.45,450,24.566664,77250,4035.0,4050.0
2025-07-15 13:01:00,84.7,84.7,84.25,84.25,300,24.508109,77250,4035.0,4050.0
2025-07-15 13:02:00,84.25,84.25,84.25,84.25,0,24.508109,77250,4034.2,4050.0
2025-07-15 13:03:00,84.25,84.25,83.0,83.3,600,24.075286,77250,4036.0,4050.0
2025-07-15 13:04:00,83.3,85.0,83.3,85.0,300,24.5791,76950,4036.0,4050.0
2025-07-15 13:05:00,85.0,85.0,84.55,84.55,150,24.185273,76950,4037.7,4050.0
2025-07-15 13:06:00,84.55,84.55,84.55,84.55,0,24.185273,76950,4037.0,4050.0
2025-07-15 13:07:00,84.55,84.55,84.55,84.55,0,24.185273,76950,4035.1,4050.0
2025-07-15 13:08:00,84.55,88.55,84.55,88.55,2550,24.640333,77400,4042.4,4050.0
2025-07-15 13:09:00,88.55,88.55,86.1,88.3,11850,24.957316,77400,4039.9,4050.0
2025-07-15 13:10:00,88.3,88.85,88.3,88.85,150,24.793156,79650,4042.0,4050.0
2025-07-15 13:11:00,88.85,95.45,88.85,92.2,13800,24.190129,79650,4052.0,4050.0
2025-07-15 13:12:00,92.2,95.3,92.2,94.8,4050,24.306856,79650,4056.0,4050.0
2025-07-15 13:13:00,94.8,95.75,94.4,95.65,1350,24.708479,74400,4055.1,4050.0
2025-07-15 13:14:00,95.65,95.65,94.3,94.3,750,24.97748,74400,4051.0,4050.0
2025-07-15 13:15:00,94.3,94.3,92.5,92.5,750,23.987629,74400,4053.8,4050.0
2025-07-15 13:16:00,92.5,92.5,90.3,90.3,1950,24.259914,73950,4048.1,4050.0
2025-07-15 13:17:00,90.3,91.85,90.3,91.85,600,24.62379,73950,4048.7,4050.0
2025-07-15 13:18:00,91.85,91.85,90.0,91.0,1350,24.308081,73950,4049.1,4050.0
2025-07-15 13:19:00,91.0,92.25,91.0,92.25,1950,24.437366,72600,4050.6,4050.0
2025-07-15 13:20:00,92.25,92.25,91.75,92.2,300,24.114415,72600,4052.5,4050.0
2025-07-15 13:21:00,92.2,92.9,91.95,92.9,1500,24.51808,72600,4051.3,4050.0
2025-07-15 13:22:00,92.9,92.9,92.9,92.9,0,24.51808,72600,4051.3,4050.0
2025-07-15 13:23:00,92.9,92.9,85.35,86.3,1350,24.234037,71400,4040.8,4050.0
2025-07-15 13:24:00,86.3,87.3,86.3,87.3,1350,24.562011,71400,4040.6,4050.0
2025-07-15 13:25:00,87.3,87.3,85.7,85.7,750,24.259974,71100,4039.5,4050.0
2025-07-15 13:26:00,85.7,86.2,85.1,85.1,1050,24.699435,71100,4035.5,4050.0
2025-07-15 13:27:00,85.1,85.1,84.1,84.85,1500,24.748268,71100,4034.7,4050.0
2025-07-15 13:28:00,85.0,85.5,85.0,85.1,900,24.77716,70800,4035.0,4050.0
2025-07-15 13:29:00,85.1,85.8,84.8,85.0,900,24.748191,70800,4035.0,4050.0
2025-07-15 13:30:00,85.0,85.0,84.95,84.95,300,24.73403,70800,4035.0,4050.0
2025-07-15 13:31:00,84.5,85.8,84.0,84.0,1200,24.651383,71400,4033.7,4050.0
2025-07-15 13:32:00,84.0,86.55,84.0,86.55,150,25.163362,71400,4035.3,4050.0
2025-07-15 13:33:00,86.55,86.55,84.25,84.25,1050,24.71152,71400,4033.8,4050.0
2025-07-15 13:34:00,84.25,84.25,83.0,83.65,2250,24.655913,71550,4033.0,4050.0
2025-07-15 13:35:00,83.65,84.0,83.65,84.0,300,24.608328,71550,4034.0,4050.0
2025-07-15 13:36:00,84.35,84.35,84.35,84.35,150,24.544907,71550,4035.1,4050.0
2025-07-15 13:37:00,84.35,86.0,84.35,85.65,1050,24.854148,70350,4035.6,4050.0
2025-07-15 13:38:00,85.65,85.65,85.65,85.65,450,24.793515,70350,4036.0,4050.0
2025-07-15 13:39:00,85.65,85.65,85.65,85.65,150,24.824816,70350,4035.8,4050.0
2025-07-15 13:40:00,85.65,85.65,85.65,85.65,150,24.748791,71400,4036.3,4050.0
2025-07-15 13:41:00,85.65,85.75,85.65,85.75,150,24.671481,71400,4037.0,4050.0
2025-07-15 13:42:00,85.75,85.75,85.75,85.75,0,24.671481,71400,4035.7,4050.0
2025-07-15 13:43:00,85.75,85.75,84.95,84.95,450,24.742437,71700,4035.0,4050.0
2025-07-15 13:44:00,84.8,84.8,84.8,84.8,750,24.698645,71700,4035.0,4050.0
2025-07-15 13:45:00,85.0,85.0,85.0,85.0,1050,24.727977,71700,4035.2,4050.0
2025-07-15 13:46:00,85.0,85.0,85.0,85.0,1500,24.65211,72300,4035.7,4050.0
2025-07-15 13:47:00,85.0,85.4,85.0,85.0,450,24.851412,72300,4034.4,4050.0
2025-07-15 13:48:00,85.0,85.0,85.0,85.0,0,24.851412,72300,4036.0,4050.0
2025-07-15 13:49:00,85.0,85.0,85.0,85.0,0,24.851412,72300,4034.4,4050.0
2025-07-15 13:50:00,84.75,84.75,84.75,84.75,150,24.748778,72900,4034.6,4050.0
2025-07-15 13:51:00,84.75,84.75,83.85,83.85,150,24.421681,72900,4035.0,4050.0
2025-07-15 13:52:00,83.85,83.85,83.85,83.85,0,24.421681,72900,4033.6,4050.0
2025-07-15 13:53:00,84.9,84.9,84.5,84.5,450,24.813736,73200,4033.7,4050.0
2025-07-15 13:54:00,84.5,84.5,84.5,84.5,0,24.813736,73200,4034.3,4050.0
2025-07-15 13:55:00,84.5,84.5,84.5,84.5,0,24.813736,73200,4034.1,4050.0
2025-07-15 13:56:00,84.5,84.5,84.5,84.5,0,24.813736,73200,4034.1,4050.0
2025-07-15 13:57:00,84.5,84.5,84.5,84.5,150,24.556979,73650,4035.4,4050.0
2025-07-15 13:58:00,84.5,84.5,84.5,84.5,150,24.618789,73650,4035.0,4050.0
2025-07-15 13:59:00,84.5,84.5,84.5,84.5,0,24.618789,73650,4034.5,4050.0
2025-07-15 14:00:00,84.55,84.55,84.55,84.55,150,24.665448,73650,4034.8,4050.0
2025-07-15 14:01:00,84.55,84.65,83.3,83.3,1350,24.554397,73650,4033.1,4050.0
2025-07-15 14:02:00,83.05,83.6,83.05,83.6,1050,24.583216,73650,4033.5,4050.0
2025-07-15 14:03:00,83.6,85.05,83.35,83.95,10350,24.748359,73650,4033.1,4050.0
2025-07-15 14:04:00,83.95,84.1,82.45,84.1,600,24.808647,79050,4033.0,4050.0
2025-07-15 14:05:00,84.1,84.1,84.1,84.1,0,24.808647,79050,4033.5,4050.0
2025-07-15 14:06:00,84.1,84.1,83.4,83.4,450,24.526504,79050,4033.5,4050.0
2025-07-15 14:07:00,83.4,83.4,81.0,81.0,900,23.982477,78750,4032.4,4050.0
2025-07-15 14:08:00,81.0,82.6,81.0,81.5,900,24.131345,78750,4032.4,4050.0
2025-07-15 14:09:00,81.5,81.5,81.25,81.25,150,23.906257,78750,4033.4,4050.0
2025-07-15 14:10:00,81.25,82.0,81.25,82.0,150,24.00753,78450,4034.2,4050.0
2025-07-15 14:11:00,82.0,82.0,82.0,82.0,0,24.00753,78450,4033.0,4050.0
2025-07-15 14:12:00,82.0,84.35,82.0,83.8,900,24.603318,78450,4033.8,4050.0
2025-07-15 14:13:00,83.8,83.8,83.45,83.45,150,24.591402,78600,4033.2,4050.0
2025-07-15 14:14:00,83.45,83.45,83.25,83.35,450,24.592755,78600,4033.0,4050.0
2025-07-15 14:15:00,83.1,83.35,83.1,83.35,450,24.654053,78600,4032.6,4050.0
2025-07-15 14:16:00,83.35,83.35,82.6,83.05,1200,24.56574,79050,4032.6,4050.0
2025-07-15 14:17:00,83.05,83.05,83.05,83.05,0,24.56574,79050,4031.8,4050.0
2025-07-15 14:18:00,83.05,83.05,83.05,83.05,0,24.56574,79050,4032.1,4050.0
2025-07-15 14:19:00,83.05,83.05,83.05,83.05,0,24.56574,79050,4032.5,4050.0
2025-07-15 14:20:00,83.05,83.05,82.0,82.0,150,24.196296,78000,4033.0,4050.0
2025-07-15 14:21:00,82.0,82.0,82.0,82.0,0,24.196296,78000,4033.3,4050.0
2025-07-15 14:22:00,81.65,82.25,81.65,82.25,600,24.271703,78150,4033.0,4050.0
2025-07-15 14:23:00,82.25,82.25,81.7,81.7,150,24.109236,78150,4033.0,4050.0
2025-07-15 14:24:00,81.7,81.7,81.7,81.7,0,24.109236,78150,4032.9,4050.0
2025-07-15 14:25:00,81.7,81.7,81.6,81.6,150,24.050493,78000,4033.2,4050.0
2025-07-15 14:26:00,81.6,81.9,81.6,81.9,300,24.291658,78000,4032.2,4050.0
2025-07-15 14:27:00,81.9,81.9,81.9,81.9,0,24.291658,78000,4034.6,4050.0
2025-07-15 14:28:00,81.9,81.9,81.9,81.9,0,24.291658,78000,4033.5,4050.0
2025-07-15 14:29:00,81.9,81.9,81.9,81.9,0,24.291658,78000,4034.5,4050.0
2025-07-15 14:30:00,81.9,84.0,81.9,84.0,300,24.41465,77550,4035.5,4050.0
2025-07-15 14:31:00,84.0,84.5,84.0,84.5,150,24.640085,77550,4035.0,4050.0
2025-07-15 14:32:00,84.5,84.5,84.0,84.0,150,24.492449,77550,4035.0,4050.0
2025-07-15 14:33:00,84.0,84.0,84.0,84.0,0,24.492449,77550,4035.0,4050.0
2025-07-15 14:34:00,84.0,84.0,84.0,84.0,0,24.492449,77550,4034.5,4050.0
2025-07-15 14:35:00,83.4,83.4,83.4,83.4,150,24.408064,77550,4034.4,4050.0
2025-07-15 14:36:00,83.25,83.25,83.25,83.25,300,24.409957,77550,4034.1,4050.0
2025-07-15 14:37:00,83.25,83.25,83.25,83.25,150,24.517142,77550,4033.4,4050.0
2025-07-15 14:38:00,83.25,83.25,83.25,83.25,0,24.517142,77550,4033.5,4050.0
2025-07-15 14:39:00,83.25,83.25,82.55,82.55,150,24.325974,77550,4033.3,4050.0
2025-07-15 14:40:00,82.2,82.2,82.0,82.0,450,24.436054,77400,4031.5,4050.0
2025-07-15 14:41:00,82.0,82.0,82.0,82.0,300,24.512111,77400,4031.0,4050.0
2025-07-15 14:42:00,82.0,82.0,82.0,82.0,0,24.512111,77400,4032.4,4050.0
2025-07-15 14:43:00,82.0,82.0,82.0,82.0,0,24.512111,77400,4031.2,4050.0
2025-07-15 14:44:00,82.0,82.25,82.0,82.25,1050,24.437243,77100,4032.0,4050.0
2025-07-15 14:45:00,82.25,82.25,81.25,82.0,1200,24.393939,77100,4031.8,4050.0
2025-07-15 14:46:00,82.0,82.15,82.0,82.15,150,24.37859,77100,4032.2,4050.0
2025-07-15 14:47:00,81.2,81.2,81.2,81.2,150,24.097333,76650,4032.2,4050.0
2025-07-15 14:48:00,81.2,81.2,81.1,81.1,150,24.143886,76650,4031.7,4050.0
2025-07-15 14:49:00,81.95,81.95,80.35,80.35,1350,24.057651,76800,4030.8,4050.0
2025-07-15 14:50:00,80.5,80.5,80.25,80.25,300,24.088774,76800,4030.4,4050.0
2025-07-15 14:51:00,80.1,80.1,80.1,80.1,150,24.104967,76800,4030.0,4050.0
2025-07-15 14:52:00,104.8,104.8,100.55,102.2,1350,24.113364,147900,4022.4,4000.0
2025-07-15 14:53:00,102.2,102.2,101.0,101.0,900,24.016577,147900,4020.9,4000.0
2025-07-15 14:54:00,101.0,101.35,100.2,100.7,1500,24.014946,147900,4020.4,4000.0
2025-07-15 14:55:00,100.7,100.7,100.7,100.7,0,24.014946,147900,4020.4,4000.0
2025-07-15 14:56:00,100.7,101.0,100.7,101.0,750,24.196381,149250,4019.9,4000.0
2025-07-15 14:57:00,102.0,102.8,102.0,102.8,600,24.353231,149250,4022.1,4000.0
2025-07-15 14:58:00,101.5,101.5,101.5,101.5,600,24.332066,149550,4020.0,4000.0
2025-07-15 14:59:00,101.5,102.4,101.5,102.4,450,24.500067,149550,4020.6,4000.0
2025-07-15 15:00:00,102.4,102.4,102.4,102.4,0,24.500067,149550,4028.3,4050.0
2025-07-15 15:01:00,102.4,102.4,102.4,102.4,0,24.500067,149550,4028.7,4050.0
2025-07-15 15:02:00,102.4,102.4,102.4,102.4,0,24.500067,149550,4030.2,4050.0
2025-07-15 15:03:00,78.0,82.55,78.0,82.55,450,24.840058,76800,4030.0,4050.0
2025-07-15 15:04:00,82.55,82.55,79.7,79.7,150,24.412721,76500,4027.2,4050.0
2025-07-15 15:05:00,79.7,79.7,79.7,79.7,0,24.412721,76500,4027.9,4050.0
2025-07-15 15:06:00,79.7,79.7,79.7,79.7,0,24.412721,76500,4028.6,4050.0
2025-07-15 15:07:00,79.7,79.7,79.7,79.7,0,24.412721,76500,4029.8,4050.0
2025-07-15 15:08:00,79.7,79.7,79.7,79.7,0,24.412721,76500,4029.1,4050.0
2025-07-15 15:09:00,79.7,79.7,79.7,79.7,0,24.412721,76500,4028.7,4050.0
2025-07-15 15:10:00,79.7,79.7,79.7,79.7,0,24.412721,76500,4028.1,4050.0
2025-07-15 15:11:00,82.75,83.65,82.75,83.65,1200,25.620773,76500,4027.0,4050.0
2025-07-15 15:12:00,83.65,83.65,81.65,82.0,900,25.294433,76500,4025.9,4050.0
2025-07-15 15:13:00,81.7,82.8,81.7,82.8,450,25.4587,75600,4026.4,4050.0
2025-07-15 15:14:00,82.8,82.8,82.8,82.8,0,25.4587,75600,4026.9,4050.0
2025-07-15 15:15:00,82.8,82.8,82.35,82.35,150,25.237068,75600,4027.0,4050.0
2025-07-15 15:16:00,82.35,82.35,82.1,82.1,300,25.163422,75600,4027.0,4050.0
2025-07-15 15:17:00,82.1,82.4,80.75,82.4,2100,25.282994,75600,4026.8,4050.0
2025-07-15 15:18:00,82.4,82.4,82.4,82.4,0,25.282994,75600,4026.7,4050.0
2025-07-15 15:19:00,82.4,82.4,82.4,82.4,0,25.282994,75600,4026.7,4050.0
2025-07-15 15:20:00,82.4,82.4,81.45,81.45,300,25.195416,74850,4025.5,4050.0
2025-07-15 15:21:00,82.05,82.05,82.05,82.05,1350,25.418886,74850,4025.2,4050.0
2025-07-15 15:22:00,106.55,106.55,106.1,106.1,2850,25.017539,133050,4024.1,4000.0
2025-07-15 15:23:00,106.1,106.1,106.1,106.1,0,25.017539,133050,4026.5,4050.0
2025-07-15 15:24:00,81.65,81.65,81.45,81.45,600,25.079457,74250,4026.3,4050.0
2025-07-15 15:25:00,81.6,81.6,81.6,81.6,450,25.020686,74100,4027.0,4050.0
2025-07-15 15:26:00,81.6,82.35,81.6,82.35,600,25.244294,74100,4027.0,4050.0
2025-07-15 15:27:00,82.0,82.1,82.0,82.1,900,25.452511,74100,4025.1,4050.0
2025-07-15 15:28:00,82.5,82.5,82.5,82.5,1050,25.334834,74100,4026.7,4050.0
2025-07-15 15:29:00,82.5,82.5,81.15,81.15,750,24.889513,73950,4027.0,4050.0
2025-07-16 09:15:00,108.9,109.0,99.95,99.95,2400,24.046261,132300,4023.0,4000.0
2025-07-16 09:16:00,103.3,104.7,103.3,104.7,1350,25.163073,132600,4025.0,4000.0
2025-07-16 09:17:00,79.65,81.95,79.65,81.95,1050,25.253783,74550,4030.9,4050.0
2025-07-16 09:18:00,82.05,82.05,82.05,82.05,150,26.03306,74550,4026.0,4050.0
2025-07-16 09:19:00,80.15,80.9,80.15,80.9,2700,24.268971,74850,4035.2,4050.0
2025-07-16 09:20:00,85.4,86.35,83.6,84.4,4650,25.691939,74850,4032.9,4050.0
2025-07-16 09:21:00,84.4,85.55,84.4,84.85,1050,25.611767,74850,4034.3,4050.0
2025-07-16 09:22:00,86.0,90.05,86.0,90.05,4200,25.783465,76800,4043.2,4050.0
2025-07-16 09:23:00,90.75,91.25,89.4,90.75,2100,25.543967,76800,4046.0,4050.0
2025-07-16 09:24:00,90.75,90.75,85.0,85.95,2100,25.399228,76200,4037.8,4050.0
2025-07-16 09:25:00,85.95,86.4,84.45,86.4,1200,25.346869,76200,4039.0,4050.0
2025-07-16 09:26:00,86.4,88.2,86.4,88.2,450,25.783687,76200,4039.7,4050.0
2025-07-16 09:27:00,87.0,87.0,84.65,84.65,600,25.163643,76050,4036.8,4050.0
2025-07-16 09:28:00,84.65,84.75,82.0,84.75,4650,25.116014,76050,4037.3,4050.0
2025-07-16 09:29:00,84.75,84.75,84.75,84.75,0,25.116014,76050,4037.6,4050.0
2025-07-16 09:30:00,84.0,85.5,84.0,85.5,2250,24.501852,76050,4042.6,4050.0
2025-07-16 09:31:00,87.4,87.4,85.15,85.15,1950,24.891576,74850,4039.5,4050.0
2025-07-16 09:32:00,86.25,86.25,85.5,85.5,1350,24.871383,74850,4040.3,4050.0
2025-07-16 09:33:00,87.25,87.25,87.0,87.0,4200,24.879656,74850,4043.1,4050.0
2025-07-16 09:34:00,87.25,87.25,86.75,87.05,1500,24.750341,76950,4044.0,4050.0
2025-07-16 09:35:00,87.05,87.9,86.8,87.8,1050,24.898304,76950,4044.5,4050.0
2025-07-16 09:36:00,87.8,89.9,87.8,89.9,600,25.489299,76950,4044.8,4050.0
2025-07-16 09:37:00,89.35,89.35,87.95,87.95,2400,24.603872,77850,4046.6,4050.0
2025-07-16 09:38:00,90.0,90.0,89.65,89.65,2400,25.105649,77850,4046.7,4050.0
2025-07-16 09:39:00,89.0,90.6,89.0,90.4,2400,24.626789,77700,4051.0,4050.0
2025-07-16 09:40:00,91.0,91.0,90.15,90.9,3600,24.912432,77700,4050.2,4050.0
2025-07-16 09:41:00,89.2,91.2,87.4,89.6,5400,24.632822,77700,4049.5,4050.0
2025-07-16 09:42:00,89.6,89.9,87.35,89.3,1050,25.018207,76350,4046.6,4050.0
2025-07-16 09:43:00,89.3,89.3,87.2,88.05,450,24.589382,76350,4046.9,4050.0
2025-07-16 09:44:00,88.05,88.05,85.0,85.65,2100,24.781507,76350,4041.2,4050.0
2025-07-16 09:45:00,85.65,85.65,83.65,84.0,1200,24.312251,78000,4041.0,4050.0
2025-07-16 09:46:00,84.0,89.1,84.0,89.1,300,24.401239,78000,4050.0,4050.0
2025-07-16 09:47:00,89.1,90.0,89.1,90.0,4050,24.277045,78000,4052.4,4050.0
2025-07-16 09:48:00,89.85,95.4,89.85,95.4,6300,24.292291,78000,4062.0,4050.0
2025-07-16 09:49:00,94.15,94.2,92.95,93.45,4050,23.695441,76200,4062.0,4050.0
2025-07-16 09:50:00,94.15,94.5,93.3,93.3,2100,23.615282,76200,4062.2,4050.0
2025-07-16 09:51:00,93.75,94.65,92.45,93.85,1650,24.165781,76200,4060.0,4050.0
2025-07-16 09:52:00,93.9,94.5,93.9,94.5,1950,22.977936,74700,4067.9,4050.0
2025-07-16 09:53:00,96.0,97.9,96.0,97.3,6600,24.266189,74700,4065.5,4050.0
2025-07-16 09:54:00,97.3,98.4,97.0,97.55,5700,24.41402,71700,4065.1,4050.0
2025-07-16 09:55:00,97.55,99.75,96.5,99.75,5700,24.471245,71700,4068.6,4050.0
2025-07-16 09:56:00,99.0,100.55,99.0,99.4,4200,24.471087,71700,4068.0,4050.0
2025-07-16 09:57:00,99.4,104.55,99.4,103.8,7050,24.730572,73950,4074.1,4050.0
2025-07-16 09:58:00,103.8,104.45,102.0,102.1,4350,24.695433,73950,4071.4,4050.0
2025-07-16 09:59:00,102.1,102.75,102.0,102.0,2100,24.91655,73950,4070.0,4050.0
2025-07-16 10:00:00,102.0,102.25,99.05,99.05,4050,24.84341,74250,4065.3,4050.0
2025-07-16 10:01:00,99.55,99.8,98.0,98.6,3750,24.65324,74250,4065.6,4050.0
2025-07-16 10:02:00,98.6,98.9,98.0,98.9,1200,24.675611,74250,4066.0,4050.0
2025-07-16 10:03:00,97.5,97.5,96.25,96.25,1650,23.86212,74250,4066.0,4050.0
2025-07-16 10:04:00,100.45,100.45,98.75,98.75,2100,24.718962,74550,4065.5,4050.0
2025-07-16 10:05:00,98.75,100.0,98.75,100.0,1950,24.715106,74550,4067.7,4050.0
2025-07-16 10:06:00,100.0,100.7,99.5,99.5,1350,24.686127,74100,4067.0,4050.0
2025-07-16 10:07:00,98.95,98.95,97.75,97.75,1350,24.325809,74100,4066.0,4050.0
2025-07-16 10:08:00,97.75,98.6,97.0,97.05,900,24.111392,74100,4066.0,4050.0
2025-07-16 10:09:00,97.05,97.85,97.05,97.85,150,24.357906,74100,4066.0,4050.0
2025-07-16 10:10:00,97.3,97.3,96.45,96.45,600,24.104807,73650,4065.0,4050.0
2025-07-16 10:11:00,95.5,96.0,95.5,96.0,2100,24.142988,73650,4064.0,4050.0
2025-07-16 10:12:00,95.25,96.0,95.15,96.0,600,24.143669,73650,4064.0,4050.0
2025-07-16 10:13:00,96.0,96.0,95.0,95.45,1050,23.622886,72300,4066.0,4050.0
2025-07-16 10:14:00,97.15,97.15,97.15,97.15,300,24.163884,72300,4065.9,4050.0
2025-07-16 10:15:00,97.25,97.25,95.95,95.95,900,23.954615,72150,4065.0,4050.0
2025-07-16 10:16:00,96.0,96.0,96.0,96.0,300,23.953031,72150,4065.1,4050.0
2025-07-16 10:17:00,97.0,97.0,97.0,97.0,1800,24.08447,72150,4066.1,4050.0
2025-07-16 10:18:00,97.45,98.25,97.45,98.25,1050,24.310112,72150,4067.0,4050.0
2025-07-16 10:19:00,98.75,100.85,98.75,100.85,2550,24.630034,72600,4069.7,4050.0
2025-07-16 10:20:00,99.9,101.3,99.9,101.3,1200,24.57206,72600,4070.8,4050.0
2025-07-16 10:21:00,102.2,102.2,102.2,102.2,1500,24.72429,72600,4071.5,4050.0
2025-07-16 10:22:00,101.95,101.95,100.85,100.85,750,23.981748,72450,4073.3,4050.0
2025-07-16 10:23:00,103.7,103.7,103.0,103.0,1500,24.97241,72450,4071.5,4050.0
2025-07-16 10:24:00,102.0,102.0,101.85,101.85,1050,24.70846,73500,4071.0,4050.0
2025-07-16 10:25:00,101.85,102.0,101.85,102.0,750,24.520867,73500,4072.3,4050.0
2025-07-16 10:26:00,102.0,103.5,102.0,102.05,2100,24.099833,73500,4074.7,4050.0
2025-07-16 10:27:00,78.0,81.05,77.65,80.0,16050,25.099586,250650,4076.1,4100.0
2025-07-16 10:28:00,80.0,80.0,79.05,79.7,2700,24.934958,250650,4076.6,4100.0
2025-07-16 10:29:00,79.1,79.9,78.55,79.5,4200,25.099807,250650,4075.1,4100.0
2025-07-16 10:30:00,79.6,80.0,79.1,79.1,4350,24.979946,250950,4075.1,4100.0
2025-07-16 10:31:00,79.1,79.95,79.1,79.95,1500,25.236791,250950,4075.1,4100.0
2025-07-16 10:32:00,103.0,103.0,102.5,102.5,2100,25.093719,74400,4070.0,4050.0
2025-07-16 10:33:00,100.8,100.8,99.0,99.0,2400,24.727852,74400,4066.0,4050.0
2025-07-16 10:34:00,98.2,100.2,98.2,100.2,1650,24.47597,72750,4069.5,4050.0
2025-07-16 10:35:00,100.2,100.25,100.05,100.25,600,23.987135,72750,4072.3,4050.0
2025-07-16 10:36:00,100.25,100.25,100.25,100.25,0,23.987135,72750,4069.1,4050.0
2025-07-16 10:37:00,100.25,100.25,98.05,98.05,1200,23.886986,72000,4069.1,4050.0
2025-07-16 10:38:00,97.8,97.85,97.45,97.45,750,23.988742,72000,4067.5,4050.0
2025-07-16 10:39:00,98.6,98.6,98.6,98.6,750,23.751922,72000,4070.8,4050.0
2025-07-16 10:40:00,98.6,98.6,98.5,98.5,150,24.081492,70500,4068.8,4050.0
2025-07-16 10:41:00,98.5,98.5,96.9,96.9,300,23.354772,70500,4070.1,4050.0
2025-07-16 10:42:00,96.9,97.2,96.5,96.5,750,23.734523,70950,4067.3,4050.0
2025-07-16 10:43:00,97.45,97.45,97.45,97.45,300,23.902982,70950,4068.0,4050.0
2025-07-16 10:44:00,95.15,95.15,93.15,93.15,2100,23.987299,70950,4060.0,4050.0
2025-07-16 10:45:00,92.15,92.85,92.15,92.85,750,23.618544,70950,4061.6,4050.0
2025-07-16 10:46:00,92.85,92.85,92.0,92.0,600,23.218628,70650,4062.4,4050.0
2025-07-16 10:47:00,92.0,92.9,92.0,92.9,150,23.214851,70650,4064.0,4050.0
2025-07-16 10:48:00,94.9,94.9,94.05,94.05,300,23.621774,70650,4063.7,4050.0
2025-07-16 10:49:00,94.05,94.05,92.65,92.65,600,23.332686,70800,4062.9,4050.0
2025-07-16 10:50:00,92.65,92.65,92.65,92.65,0,23.332686,70800,4063.0,4050.0
2025-07-16 10:51:00,94.05,95.7,94.05,95.7,750,24.322948,70800,4062.6,4050.0
2025-07-16 10:52:00,95.7,95.7,95.7,95.7,0,24.322948,70800,4063.0,4050.0
2025-07-16 10:53:00,95.7,95.7,95.0,95.0,150,23.77641,70500,4064.5,4050.0
2025-07-16 10:54:00,95.0,95.0,94.9,94.9,150,23.552029,70500,4065.6,4050.0
2025-07-16 10:55:00,99.0,99.0,99.0,99.0,1050,24.03059,70650,4070.0,4050.0
2025-07-16 10:56:00,99.0,102.1,99.0,101.75,2250,24.338075,70650,4073.0,4050.0
2025-07-16 10:57:00,101.75,102.0,101.75,102.0,450,24.178934,71100,4074.3,4050.0
2025-07-16 10:58:00,102.0,102.5,102.0,102.15,2100,24.626336,71100,4072.1,4050.0
2025-07-16 10:59:00,102.15,102.15,102.1,102.1,300,24.229578,71100,4074.2,4050.0
2025-07-16 11:00:00,78.9,83.85,78.9,82.5,19200,24.828532,251400,4083.0,4100.0
2025-07-16 11:01:00,82.45,83.0,81.55,82.5,16500,24.829214,251400,4083.0,4100.0
2025-07-16 11:02:00,82.5,84.45,82.5,84.35,15000,24.767893,251400,4087.0,4100.0
2025-07-16 11:03:00,84.35,86.0,83.65,85.5,28200,24.880259,249900,4088.5,4100.0
2025-07-16 11:04:00,85.5,86.05,84.75,84.75,19650,24.639523,249900,4088.6,4100.0
2025-07-16 11:05:00,84.85,89.5,84.7,89.25,31500,24.802421,249900,4096.1,4100.0
2025-07-16 11:06:00,88.9,90.3,88.9,89.2,21450,24.691174,246750,4096.7,4100.0
2025-07-16 11:07:00,89.2,89.5,87.6,89.0,12750,24.744613,246750,4096.0,4100.0
2025-07-16 11:08:00,88.5,91.0,87.45,90.5,13950,24.661924,246750,4099.3,4100.0
2025-07-16 11:09:00,90.5,91.45,90.0,91.45,22200,24.916345,253500,4099.5,4100.0
2025-07-16 11:10:00,91.45,94.45,90.6,93.65,43500,24.889221,253500,4103.7,4100.0
2025-07-16 11:11:00,94.65,98.0,94.2,94.2,32400,25.336963,253500,4102.0,4100.0
2025-07-16 11:12:00,94.8,95.0,91.9,92.15,22950,25.341156,253500,4098.2,4100.0
2025-07-16 11:13:00,92.15,94.65,92.15,93.0,6750,25.304724,246900,4100.0,4100.0
2025-07-16 11:14:00,93.0,95.85,92.75,94.25,8550,25.354155,246900,4102.0,4100.0
2025-07-16 11:15:00,94.25,98.35,93.55,98.0,15900,25.639195,247650,4107.1,4100.0
2025-07-16 11:16:00,98.75,99.3,97.05,97.05,16650,25.637233,247650,4105.4,4100.0
2025-07-16 11:17:00,97.05,98.15,94.0,95.0,10800,25.828791,247650,4100.5,4100.0
2025-07-16 11:18:00,95.0,95.0,92.4,94.05,11550,25.461061,247650,4101.0,4100.0
2025-07-16 11:19:00,94.05,96.8,92.55,96.15,4950,25.267291,245700,4106.0,4100.0
2025-07-16 11:20:00,96.15,97.05,93.85,95.85,10950,25.676173,245700,4103.0,4100.0
2025-07-16 11:21:00,95.85,95.85,94.25,94.25,3000,25.507089,245700,4101.1,4100.0
2025-07-16 11:22:00,94.25,94.65,92.85,93.0,2550,25.311035,245100,4100.0,4100.0
2025-07-16 11:23:00,93.0,95.0,92.15,94.15,10200,25.181741,245100,4102.9,4100.0
2025-07-16 11:24:00,94.15,95.05,92.1,94.35,6750,25.457212,245100,4101.6,4100.0
2025-07-16 11:25:00,94.35,95.5,93.5,94.05,3900,25.367404,243300,4101.6,4100.0
2025-07-16 11:26:00,94.05,97.75,94.05,97.45,11400,25.765174,243300,4105.4,4100.0
2025-07-16 11:27:00,97.45,97.45,95.4,95.4,1800,25.363059,243300,4104.1,4100.0
2025-07-16 11:28:00,95.4,95.4,93.5,93.9,4350,25.422863,242850,4101.0,4100.0
2025-07-16 11:29:00,93.9,94.5,92.1,92.1,9600,24.880491,242850,4101.0,4100.0
2025-07-16 11:30:00,92.15,92.15,90.5,91.95,10950,24.950802,242850,4100.3,4100.0
2025-07-16 11:31:00,91.95,94.0,91.95,93.85,6000,24.914363,237600,4104.0,4100.0
2025-07-16 11:32:00,93.85,96.05,93.85,96.05,6450,25.396527,237600,4105.1,4100.0
2025-07-16 11:33:00,96.05,96.95,94.4,94.4,7650,25.560827,237600,4101.1,4100.0
2025-07-16 11:34:00,94.4,96.5,94.4,95.5,6000,25.514285,238650,4103.4,4100.0
2025-07-16 11:35:00,95.5,95.6,94.55,95.5,2550,25.448696,238650,4103.8,4100.0
2025-07-16 11:36:00,95.5,96.5,95.5,96.5,2550,25.601917,238650,4104.7,4100.0
2025-07-16 11:37:00,96.5,96.5,95.5,96.2,3600,25.661502,238350,4103.8,4100.0
2025-07-16 11:38:00,96.2,96.3,94.45,94.9,2250,25.468269,238350,4102.6,4100.0
2025-07-16 11:39:00,94.9,95.3,94.5,94.5,300,25.364732,238350,4102.5,4100.0
2025-07-16 11:40:00,94.5,95.55,94.35,95.3,1650,25.606948,237900,4102.5,4100.0
2025-07-16 11:41:00,95.3,95.5,94.75,94.75,1800,25.425103,237900,4102.6,4100.0
2025-07-16 11:42:00,94.75,94.75,94.5,94.5,600,25.151594,237900,4103.8,4100.0
2025-07-16 11:43:00,94.5,94.85,94.15,94.15,750,24.980082,237750,4104.2,4100.0
2025-07-16 11:44:00,93.0,93.0,93.0,93.0,4650,25.228186,237750,4100.6,4100.0
2025-07-16 11:45:00,92.7,92.7,92.3,92.55,3750,25.175034,237750,4100.1,4100.0
2025-07-16 11:46:00,92.55,93.5,92.5,92.55,750,25.175733,236100,4100.1,4100.0
2025-07-16 11:47:00,92.55,92.55,91.85,92.0,900,25.02684,236100,4100.0,4100.0
2025-07-16 11:48:00,92.0,92.25,92.0,92.0,600,25.027535,236100,4100.0,4100.0
2025-07-16 11:49:00,92.55,92.55,89.1,89.1,8550,24.152999,236100,4100.0,4100.0
2025-07-16 11:50:00,89.1,90.4,89.05,90.0,6150,24.162152,236100,4101.6,4100.0
2025-07-16 11:51:00,90.0,90.55,86.25,86.25,5550,24.187162,236100,4094.5,4100.0
2025-07-16 11:52:00,84.8,90.85,84.25,90.85,10500,24.797774,233100,4099.3,4100.0
2025-07-16 11:53:00,90.85,91.95,90.5,91.95,4500,24.85184,233100,4101.0,4100.0
2025-07-16 11:54:00,91.95,93.3,91.95,93.3,1950,25.177852,233100,4101.5,4100.0
2025-07-16 11:55:00,93.3,93.3,92.9,92.9,1050,24.925824,232500,4102.3,4100.0
2025-07-16 11:56:00,93.1,93.45,93.05,93.45,1950,25.14215,232500,4102.0,4100.0
2025-07-16 11:57:00,93.45,93.75,93.35,93.35,750,25.277281,232500,4101.0,4100.0
2025-07-16 11:58:00,93.35,93.35,93.0,93.0,750,25.319948,233550,4100.1,4100.0
2025-07-16 11:59:00,93.0,93.0,93.0,93.0,600,25.090766,233550,4101.5,4100.0
2025-07-16 12:00:00,94.0,95.45,94.0,95.45,3300,25.38483,233550,4104.2,4100.0
2025-07-16 12:01:00,95.0,96.0,95.0,96.0,1500,25.184476,232800,4106.4,4100.0
2025-07-16 12:02:00,95.9,95.9,94.9,94.9,3450,25.485244,232800,4102.6,4100.0
2025-07-16 12:03:00,93.95,93.95,93.0,93.25,2400,25.185519,232800,4101.4,4100.0
2025-07-16 12:04:00,93.25,93.25,92.8,92.8,750,25.198231,233700,4100.5,4100.0
2025-07-16 12:05:00,91.8,92.15,91.25,92.15,3000,25.068273,233700,4100.1,4100.0
2025-07-16 12:06:00,92.15,92.6,91.7,91.7,1800,24.933117,233700,4100.1,4100.0
2025-07-16 12:07:00,91.7,91.9,91.7,91.9,1650,24.681624,231750,4102.0,4100.0
2025-07-16 12:08:00,91.8,91.8,89.35,91.0,3150,24.73955,231750,4100.0,4100.0
2025-07-16 12:09:00,91.0,91.0,90.25,91.0,600,24.805743,231750,4099.6,4100.0
2025-07-16 12:10:00,91.0,91.0,90.45,91.0,600,24.757316,232350,4099.9,4100.0
2025-07-16 12:11:00,91.0,91.45,91.0,91.45,750,24.844709,232350,4100.2,4100.0
2025-07-16 12:12:00,91.95,91.95,90.55,90.55,1050,24.540799,232350,4100.4,4100.0
2025-07-16 12:13:00,90.55,91.2,90.0,90.6,1650,24.457932,232350,4101.0,4100.0
2025-07-16 12:14:00,90.6,91.0,90.0,90.0,1200,24.768367,232350,4098.0,4100.0
2025-07-16 12:15:00,90.0,90.45,90.0,90.45,300,24.578294,232350,4100.0,4100.0
2025-07-16 12:16:00,90.45,90.45,90.0,90.0,750,24.426679,233250,4100.1,4100.0
2025-07-16 12:17:00,90.0,90.75,90.0,90.0,300,24.443767,233250,4100.0,4100.0
2025-07-16 12:18:00,90.0,90.0,88.2,88.2,2250,24.031922,233250,4099.2,4100.0
2025-07-16 12:19:00,88.2,88.35,86.1,86.8,2850,24.130339,233850,4096.0,4100.0
2025-07-16 12:20:00,86.8,88.15,86.05,88.15,1350,23.887026,233850,4100.0,4100.0
2025-07-16 12:21:00,88.15,88.15,87.5,87.5,2850,23.756997,233850,4099.6,4100.0
2025-07-16 12:22:00,87.5,87.8,87.5,87.75,900,23.931439,234450,4099.0,4100.0
2025-07-16 12:23:00,87.75,87.85,87.4,87.4,750,23.989654,234450,4098.0,4100.0
2025-07-16 12:24:00,87.0,87.0,86.1,86.1,1050,24.212353,234450,4094.2,4100.0
2025-07-16 12:25:00,86.1,87.3,85.9,86.15,4800,24.244156,234450,4094.1,4100.0
2025-07-16 12:26:00,86.15,86.3,84.45,84.45,2400,24.242199,234450,4090.9,4100.0
2025-07-16 12:27:00,84.45,84.45,82.6,83.0,3600,23.868905,234450,4090.5,4100.0
2025-07-16 12:28:00,82.9,82.9,80.1,80.25,7950,23.839312,238200,4085.4,4100.0
2025-07-16 12:29:00,80.25,81.4,80.25,80.4,2400,23.369959,238200,4088.7,4100.0
2025-07-16 12:30:00,81.55,82.0,80.95,81.5,1350,23.544904,238200,4089.7,4100.0
2025-07-16 12:31:00,81.5,81.5,79.2,79.2,4500,23.44697,240150,4085.9,4100.0
2025-07-16 12:32:00,78.35,80.7,77.2,80.7,6150,23.69744,240150,4087.2,4100.0
2025-07-16 12:33:00,80.7,84.0,80.7,81.75,4500,24.046021,240150,4087.0,4100.0
2025-07-16 12:34:00,81.75,81.75,78.0,78.0,6000,24.251417,237900,4078.3,4100.0
2025-07-16 12:35:00,78.0,79.0,78.0,78.35,3150,24.553821,237900,4077.0,4100.0
2025-07-16 12:36:00,78.35,78.35,76.85,77.65,2700,24.373118,237900,4076.8,4100.0
2025-07-16 12:37:00,77.65,80.0,77.55,77.55,5400,24.162838,239250,4078.0,4100.0
2025-07-16 12:38:00,78.45,80.95,78.45,80.95,5250,24.581467,239250,4082.0,4100.0
2025-07-16 12:39:00,80.95,81.9,80.95,81.75,1200,24.746844,239250,4082.5,4100.0
2025-07-16 12:40:00,81.75,81.75,81.0,81.15,1950,24.428035,241200,4083.4,4100.0
2025-07-16 12:41:00,81.15,81.75,81.15,81.75,450,24.377995,241200,4084.9,4100.0
2025-07-16 12:42:00,81.75,81.75,79.5,81.2,1650,24.321039,241200,4084.2,4100.0
2025-07-16 12:43:00,81.2,81.2,80.15,80.15,300,24.220634,242400,4082.8,4100.0
2025-07-16 12:44:00,80.15,80.25,80.05,80.25,600,24.266851,242400,4082.7,4100.0
2025-07-16 12:45:00,80.25,81.05,80.25,81.05,1050,24.153998,242400,4085.0,4100.0
2025-07-16 12:46:00,81.05,81.4,79.4,79.5,4800,23.872516,242400,4083.8,4100.0
2025-07-16 12:47:00,79.5,80.45,79.5,80.45,2550,24.236927,242400,4083.3,4100.0
2025-07-16 12:48:00,81.0,81.0,80.8,80.8,750,24.466262,242400,4082.5,4100.0
2025-07-16 12:49:00,80.8,80.8,80.8,80.8,150,24.451578,242250,4082.6,4100.0
2025-07-16 12:50:00,80.8,80.8,80.5,80.5,300,24.146085,242250,4084.0,4100.0
2025-07-16 12:51:00,80.5,80.5,79.2,79.2,1800,24.215,242250,4081.0,4100.0
2025-07-16 12:52:00,79.2,79.75,79.2,79.75,300,24.228733,241950,4082.0,4100.0
2025-07-16 12:53:00,79.75,80.05,79.75,79.8,900,24.244498,241950,4082.0,4100.0
2025-07-16 12:54:00,79.8,79.8,78.55,79.0,750,24.156626,241950,4081.0,4100.0
2025-07-16 12:55:00,79.0,79.0,77.7,78.7,900,24.219114,242250,4080.0,4100.0
2025-07-16 12:56:00,78.5,78.5,78.0,78.05,1050,24.477363,242250,4077.0,4100.0
2025-07-16 12:57:00,77.2,77.4,76.45,77.4,2250,23.949316,242250,4079.2,4100.0
2025-07-16 12:58:00,77.4,77.45,77.3,77.3,1350,24.010647,241050,4078.6,4100.0
2025-07-16 12:59:00,77.3,77.4,76.9,77.4,750,24.207638,241050,4077.5,4100.0
2025-07-16 13:00:00,77.85,78.7,77.85,78.7,300,23.993637,241050,4081.5,4100.0
2025-07-16 13:01:00,78.7,80.95,78.7,80.6,300,24.028912,241050,4085.0,4100.0
2025-07-16 13:02:00,80.6,80.95,80.1,80.85,2400,24.275224,241050,4083.9,4100.0
2025-07-16 13:03:00,80.85,80.85,79.5,79.5,1350,24.328917,241050,4080.9,4100.0
2025-07-16 13:04:00,79.95,80.45,79.95,80.45,300,24.509447,241050,4081.6,4100.0
2025-07-16 13:05:00,80.45,80.45,79.85,79.85,300,24.11407,241800,4083.0,4100.0
2025-07-16 13:06:00,79.85,79.95,79.85,79.9,450,24.129836,241800,4083.0,4100.0
2025-07-16 13:07:00,79.9,79.9,79.65,79.65,600,23.900873,242400,4084.0,4100.0
2025-07-16 13:08:00,80.55,80.55,80.5,80.5,300,24.158155,242400,4084.0,4100.0
2025-07-16 13:09:00,80.5,80.9,80.05,80.05,1650,24.022967,242400,4084.0,4100.0
2025-07-16 13:10:00,80.05,80.35,79.5,79.5,1650,24.103956,244050,4082.4,4100.0
2025-07-16 13:11:00,79.5,79.5,79.2,79.2,1200,24.228417,244050,4081.0,4100.0
2025-07-16 13:12:00,79.2,79.2,79.2,79.2,300,24.229089,244050,4081.0,4100.0
2025-07-16 13:13:00,79.2,79.2,79.2,79.2,150,23.923146,244050,4083.0,4100.0
2025-07-16 13:14:00,79.2,79.2,79.2,79.2,0,23.923146,244050,4082.0,4100.0
2025-07-16 13:15:00,79.2,79.2,75.6,75.6,6900,23.88456,245100,4076.1,4100.0
2025-07-16 13:16:00,100.75,100.75,96.8,98.6,3600,24.07561,49350,4069.6,4050.0
2025-07-16 13:17:00,98.9,98.9,98.9,98.9,450,24.151127,49350,4069.7,4050.0
2025-07-16 13:18:00,98.9,99.85,98.9,99.85,150,24.391774,49350,4070.0,4050.0
2025-07-16 13:19:00,99.85,99.85,99.85,99.85,0,24.391774,49350,4069.1,4050.0
2025-07-16 13:20:00,99.85,99.85,99.3,99.3,150,24.240957,49950,4069.9,4050.0
2025-07-16 13:21:00,98.5,98.5,98.5,98.5,150,23.993981,49950,4069.9,4050.0
2025-07-16 13:22:00,98.5,98.5,96.5,96.65,450,23.996383,49950,4066.7,4050.0
2025-07-16 13:23:00,96.65,96.7,96.65,96.7,150,23.690402,49950,4068.5,4050.0
2025-07-16 13:24:00,96.7,96.7,95.85,95.85,150,23.355904,49950,4068.9,4050.0
2025-07-16 13:25:00,95.85,95.85,95.85,95.85,0,23.355904,49950,4066.7,4050.0
2025-07-16 13:26:00,95.85,97.15,95.85,97.15,300,23.759742,49650,4068.9,4050.0
2025-07-16 13:27:00,97.15,97.15,97.15,97.15,0,23.759742,49650,4068.8,4050.0
2025-07-16 13:28:00,97.15,97.15,97.15,97.15,0,23.759742,49650,4069.6,4050.0
2025-07-16 13:29:00,97.15,97.15,95.85,95.85,150,23.34121,49800,4069.0,4050.0
2025-07-16 13:30:00,95.85,95.85,95.85,95.85,0,23.34121,49800,4069.3,4050.0
2025-07-16 13:31:00,95.85,95.85,95.85,95.85,0,23.34121,49800,4070.0,4050.0
2025-07-16 13:32:00,95.85,99.4,95.85,99.4,300,24.280219,49800,4069.9,4050.0
2025-07-16 13:33:00,99.4,99.4,98.3,98.3,150,23.922203,49800,4070.0,4050.0
2025-07-16 13:34:00,98.3,99.1,98.3,99.1,300,23.953434,49800,4071.2,4050.0
2025-07-16 13:35:00,99.1,99.1,99.1,99.1,0,23.953434,49800,4069.6,4050.0
2025-07-16 13:36:00,99.1,99.65,99.1,99.65,450,24.41441,49800,4069.6,4050.0
2025-07-16 13:37:00,99.65,99.95,99.65,99.95,450,24.435943,49950,4070.0,4050.0
2025-07-16 13:38:00,99.7,99.7,99.7,99.7,750,24.556995,49950,4068.9,4050.0
2025-07-16 13:39:00,99.7,100.05,99.7,100.05,150,24.360022,49950,4070.6,4050.0
2025-07-16 13:40:00,100.05,100.05,100.05,100.05,0,24.360022,49950,4071.6,4050.0
2025-07-16 13:41:00,100.05,103.5,100.05,102.25,300,24.753408,49350,4072.2,4050.0
2025-07-16 13:42:00,102.25,102.25,102.25,102.25,0,24.753408,49350,4075.0,4100.0
2025-07-16 13:43:00,102.25,102.25,101.55,101.55,600,24.227397,49350,4073.9,4050.0
2025-07-16 13:44:00,101.55,101.55,101.5,101.5,150,24.175851,49350,4074.1,4050.0
2025-07-16 13:45:00,76.75,82.2,76.75,82.2,4350,24.681217,244500,4084.1,4100.0
2025-07-16 13:46:00,81.95,85.35,81.4,83.05,13800,24.845813,246150,4084.7,4100.0
2025-07-16 13:47:00,83.05,83.85,82.8,83.55,3150,25.013084,246150,4084.6,4100.0
2025-07-16 13:48:00,83.55,83.55,82.8,82.8,1650,24.725108,246150,4085.0,4100.0
2025-07-16 13:49:00,82.8,85.2,82.8,85.2,2400,24.540846,243150,4090.8,4100.0
2025-07-16 13:50:00,87.0,87.0,84.35,85.75,7950,25.070959,243150,4088.5,4100.0
2025-07-16 13:51:00,85.75,85.75,81.15,81.45,4350,24.458672,243150,4084.1,4100.0
2025-07-16 13:52:00,81.45,83.5,81.45,83.0,1650,24.788287,241950,4085.0,4100.0
2025-07-16 13:53:00,83.05,84.85,83.05,84.8,1350,24.675768,241950,4089.2,4100.0
2025-07-16 13:54:00,84.8,85.3,83.8,84.15,2400,25.261231,241950,4084.2,4100.0
2025-07-16 13:55:00,84.15,84.15,84.0,84.0,450,24.639901,244050,4087.9,4100.0
2025-07-16 13:56:00,84.4,84.4,84.05,84.05,450,24.419644,244050,4089.4,4100.0
2025-07-16 13:57:00,84.05,85.0,84.05,85.0,150,24.644229,244050,4089.8,4100.0
2025-07-16 13:58:00,85.0,85.5,84.6,85.5,2100,24.605925,244350,4091.0,4100.0
2025-07-16 13:59:00,85.5,86.4,85.5,86.4,600,24.55988,244350,4093.0,4100.0
2025-07-16 14:00:00,86.4,86.4,86.4,86.4,150,24.815751,244350,4091.4,4100.0
2025-07-16 14:01:00,86.4,86.4,85.45,85.45,300,24.44972,244350,4091.9,4100.0
2025-07-16 14:02:00,85.0,85.35,84.85,85.25,750,24.659943,244350,4090.2,4100.0
2025-07-16 14:03:00,85.25,85.25,85.25,85.25,0,24.659943,244350,4091.0,4100.0
2025-07-16 14:04:00,85.85,86.0,85.85,86.0,900,24.442384,243750,4093.0,4100.0
2025-07-16 14:05:00,86.0,86.3,86.0,86.3,600,24.661569,243750,4092.2,4100.0
2025-07-16 14:06:00,85.6,85.6,85.6,85.6,450,24.338819,243750,4092.9,4100.0
2025-07-16 14:07:00,85.6,85.6,85.0,85.0,300,24.619464,243750,4090.0,4100.0
2025-07-16 14:08:00,85.05,85.05,85.05,85.05,150,24.476757,243900,4091.0,4100.0
2025-07-16 14:09:00,85.35,85.35,85.35,85.35,450,24.472733,243900,4091.6,4100.0
2025-07-16 14:10:00,85.0,85.0,85.0,85.0,300,24.27198,243900,4092.2,4100.0
2025-07-16 14:11:00,85.6,86.2,85.6,86.2,1050,24.667357,244050,4092.0,4100.0
2025-07-16 14:12:00,86.2,86.5,86.2,86.5,3450,24.116092,244050,4096.0,4100.0
2025-07-16 14:13:00,87.5,87.95,87.45,87.45,7800,24.274434,240600,4096.8,4100.0
2025-07-16 14:14:00,88.15,89.35,88.15,89.35,2250,24.178927,240600,4100.9,4100.0
2025-07-16 14:15:00,89.35,89.9,89.35,89.75,1200,24.449032,240600,4100.0,4100.0
2025-07-16 14:16:00,89.75,90.7,89.5,90.7,4200,24.174647,240450,4103.4,4100.0
2025-07-16 14:17:00,90.7,91.55,90.45,91.15,3900,24.060931,240450,4104.9,4100.0
2025-07-16 14:18:00,91.15,91.65,91.05,91.05,4650,23.86309,240450,4105.9,4100.0
2025-07-16 14:19:00,91.05,91.55,90.9,91.3,2400,24.258491,240000,4104.0,4100.0
2025-07-16 14:20:00,91.3,92.0,91.3,92.0,1350,24.135979,240000,4106.0,4100.0
2025-07-16 14:21:00,92.0,92.0,90.85,90.85,2100,24.356692,240000,4102.6,4100.0
2025-07-16 14:22:00,90.15,90.65,90.0,90.65,6600,24.230226,235500,4103.0,4100.0
2025-07-16 14:23:00,90.65,91.0,90.4,90.4,2700,24.004964,235500,4103.9,4100.0
2025-07-16 14:24:00,90.95,90.95,90.95,90.95,750,24.239245,235500,4103.5,4100.0
2025-07-16 14:25:00,90.95,90.95,89.0,89.0,2850,23.914857,234150,4101.9,4100.0
2025-07-16 14:26:00,90.4,91.0,90.25,90.25,2700,24.045004,234150,4103.4,4100.0
2025-07-16 14:27:00,90.25,93.2,90.25,92.95,3000,24.175765,234150,4107.5,4100.0
2025-07-16 14:28:00,93.0,96.65,93.0,96.1,16350,24.399568,233100,4111.8,4100.0
2025-07-16 14:29:00,96.1,98.55,95.6,98.0,12750,24.424417,233100,4115.0,4100.0
2025-07-16 14:30:00,98.0,98.5,96.8,97.5,12000,25.067178,233100,4110.4,4100.0
2025-07-16 14:31:00,97.5,97.5,96.65,97.0,2250,24.795927,235200,4111.1,4100.0
2025-07-16 14:32:00,97.1,97.1,96.55,96.65,2250,24.535336,235200,4112.0,4100.0
2025-07-16 14:33:00,96.65,98.7,96.55,98.5,5850,24.753695,235200,4114.0,4100.0
2025-07-16 14:34:00,98.5,99.0,97.95,98.0,9450,24.515044,234450,4114.5,4100.0
2025-07-16 14:35:00,98.0,98.7,97.8,97.8,1500,24.506952,234450,4114.2,4100.0
2025-07-16 14:36:00,98.45,98.5,98.45,98.5,900,24.7558,234450,4114.0,4100.0
2025-07-16 14:37:00,98.3,102.8,98.3,101.05,23700,24.729138,230400,4118.6,4100.0
2025-07-16 14:38:00,101.05,102.0,101.0,101.3,8400,24.912158,230400,4118.0,4100.0
2025-07-16 14:39:00,101.3,103.85,101.05,102.0,10500,24.772978,230400,4120.0,4100.0
2025-07-16 14:40:00,102.0,102.0,100.0,100.35,15600,24.605574,225750,4118.1,4100.0
2025-07-16 14:41:00,100.3,102.2,100.3,102.2,2400,24.835601,225750,4120.0,4100.0
2025-07-16 14:42:00,102.2,104.1,102.1,103.6,9750,24.800751,225750,4122.6,4100.0
2025-07-16 14:43:00,103.6,104.35,102.75,103.45,3750,24.863075,217200,4122.0,4100.0
2025-07-16 14:44:00,79.0,81.6,79.0,81.25,4200,25.106818,100200,4127.5,4150.0
2025-07-16 14:45:00,105.5,106.0,104.0,106.0,6600,25.161049,217200,4124.7,4100.0
2025-07-16 14:46:00,106.0,106.0,102.0,102.0,7350,24.330678,207000,4122.5,4100.0
2025-07-16 14:47:00,102.0,105.0,97.1,97.3,11850,24.881298,207000,4111.2,4100.0
2025-07-16 14:48:00,97.3,98.8,96.0,96.75,5400,24.971324,207000,4109.7,4100.0
2025-07-16 14:49:00,96.75,96.75,92.1,93.7,4950,24.840072,208800,4105.0,4100.0
2025-07-16 14:50:00,93.4,94.0,91.3,92.0,5400,24.508882,208800,4103.9,4100.0
2025-07-16 14:51:00,92.0,92.8,92.0,92.0,3150,24.626319,208800,4103.2,4100.0
2025-07-16 14:52:00,92.0,92.1,90.9,91.45,4200,24.890928,207900,4100.6,4100.0
2025-07-16 14:53:00,91.05,91.55,90.75,90.75,1500,24.530803,207900,4101.5,4100.0
2025-07-16 14:54:00,90.75,91.0,89.95,90.75,4050,25.139095,207900,4097.8,4100.0
2025-07-16 14:55:00,89.55,89.95,88.25,89.4,6900,24.698259,206550,4098.0,4100.0
2025-07-16 14:56:00,89.15,90.0,88.55,89.5,2850,24.598458,206550,4098.8,4100.0
2025-07-16 14:57:00,89.5,90.1,88.85,90.1,900,24.879047,206550,4098.2,4100.0
2025-07-16 14:58:00,90.1,91.0,90.1,91.0,1950,24.988823,207450,4099.2,4100.0
2025-07-16 14:59:00,90.55,92.25,90.55,91.65,2700,25.022304,207450,4100.2,4100.0
2025-07-16 15:00:00,91.15,91.15,85.0,85.15,10500,24.827776,207450,4089.2,4100.0
2025-07-16 15:01:00,85.15,88.4,85.15,88.35,3600,25.400378,208050,4091.7,4100.0
2025-07-16 15:02:00,88.35,88.35,86.45,86.45,1950,25.143566,208050,4089.7,4100.0
2025-07-16 15:03:00,86.45,86.45,85.75,86.0,900,24.928909,208050,4090.2,4100.0
2025-07-16 15:04:00,86.0,86.25,85.6,86.0,2700,25.276851,207000,4088.0,4100.0
2025-07-16 15:05:00,86.7,87.25,86.2,86.6,6750,24.77776,207000,4092.3,4100.0
2025-07-16 15:06:00,86.6,87.5,86.6,86.85,1650,24.581663,207000,4094.0,4100.0
2025-07-16 15:07:00,86.85,87.45,86.6,86.6,1050,24.747181,205650,4092.5,4100.0
2025-07-16 15:08:00,86.6,87.4,86.6,86.8,1950,24.632178,205650,4093.6,4100.0
2025-07-16 15:09:00,86.8,87.35,86.0,86.0,1800,24.454829,205650,4093.2,4100.0
2025-07-16 15:10:00,86.0,86.6,85.7,85.9,450,24.649118,205650,4091.8,4100.0
2025-07-16 15:11:00,85.9,85.9,85.5,85.5,1800,24.288766,205500,4093.3,4100.0
2025-07-16 15:12:00,85.2,85.4,85.2,85.4,1200,24.467211,205500,4092.0,4100.0
2025-07-16 15:13:00,82.8,83.05,82.25,82.8,4200,24.876728,206850,4084.4,4100.0
2025-07-16 15:14:00,82.8,82.8,81.25,81.85,2850,24.821845,206850,4082.9,4100.0
2025-07-16 15:15:00,81.8,83.5,81.8,83.15,1800,24.890883,206850,4085.0,4100.0
2025-07-16 15:16:00,83.15,83.6,82.75,82.9,2850,24.815883,207750,4085.0,4100.0
2025-07-16 15:17:00,82.9,83.0,82.25,82.3,3900,24.913872,207750,4083.2,4100.0
2025-07-16 15:18:00,82.3,83.0,82.25,82.25,1050,24.914867,207750,4083.1,4100.0
2025-07-16 15:19:00,82.25,84.1,82.25,84.1,2100,25.041095,207450,4085.9,4100.0
2025-07-16 15:20:00,84.1,84.4,82.15,82.15,4800,24.947693,207450,4082.7,4100.0
2025-07-16 15:21:00,82.15,82.95,81.2,81.2,1350,25.013823,207450,4080.4,4100.0
2025-07-16 15:22:00,81.2,82.15,81.2,82.0,1800,24.949884,208050,4082.4,4100.0
2025-07-16 15:23:00,82.0,83.3,81.7,81.75,2250,24.921039,208050,4082.1,4100.0
2025-07-16 15:24:00,81.75,82.0,81.4,81.4,750,25.335784,208050,4078.7,4100.0
2025-07-16 15:25:00,81.4,81.4,80.35,80.7,3900,24.926212,206100,4080.0,4100.0
2025-07-16 15:26:00,80.7,82.2,80.65,82.2,2250,24.920699,206100,4083.0,4100.0
2025-07-16 15:27:00,82.3,83.0,81.9,82.5,3600,24.608926,206100,4085.6,4100.0
2025-07-16 15:28:00,82.5,83.1,82.0,82.8,1350,25.227201,206550,4082.2,4100.0
2025-07-16 15:29:00,81.6,82.4,80.9,82.4,3300,25.029659,206550,4082.7,4100.0
2025-07-17 09:15:00,84.45,87.8,76.0,80.0,4650,24.829904,209250,4084.1,4100.0
2025-07-17 09:16:00,80.0,82.05,77.0,77.0,3450,25.008105,209250,4077.0,4100.0
2025-07-17 09:17:00,76.05,80.1,76.05,78.4,3000,24.697005,209250,4081.8,4100.0
2025-07-17 09:18:00,78.4,79.15,78.05,78.05,2100,24.588967,209550,4081.8,4100.0
2025-07-17 09:19:00,78.05,79.65,78.05,78.75,1950,24.618348,209550,4083.0,4100.0
2025-07-17 09:20:00,78.75,80.0,78.75,80.0,1350,24.881018,209550,4083.8,4100.0
2025-07-17 09:21:00,79.4,81.35,79.4,81.35,2850,24.486203,209550,4088.9,4100.0
2025-07-17 09:22:00,82.15,82.15,81.7,81.7,1650,24.90105,211500,4087.0,4100.0
2025-07-17 09:23:00,80.9,80.9,79.2,79.2,2250,24.444364,211500,4085.0,4100.0
2025-07-17 09:24:00,79.2,79.9,79.2,79.9,450,24.821185,211500,4084.0,4100.0
2025-07-17 09:25:00,79.0,79.2,79.0,79.2,600,24.286561,212550,4086.0,4100.0
2025-07-17 09:26:00,79.7,79.7,78.05,78.05,1350,24.405859,212550,4083.0,4100.0
2025-07-17 09:27:00,78.05,78.05,78.0,78.0,300,24.248855,212550,4083.9,4100.0
2025-07-17 09:28:00,76.0,78.0,74.9,74.9,7200,22.632733,212850,4088.0,4100.0
2025-07-17 09:29:00,80.8,80.8,78.75,78.75,1950,24.530767,212850,4083.6,4100.0
2025-07-17 09:30:00,78.75,78.75,78.75,78.75,0,24.530767,212850,4080.8,4100.0
2025-07-17 09:31:00,76.45,77.4,76.45,77.4,1200,24.662324,216450,4080.1,4100.0
2025-07-17 09:32:00,76.5,76.5,76.0,76.0,750,24.274479,216450,4079.8,4100.0
2025-07-17 09:33:00,76.0,78.5,76.0,78.4,2850,24.677086,217050,4082.0,4100.0
2025-07-17 09:34:00,78.4,78.4,77.35,77.65,300,24.160879,217050,4083.8,4100.0
2025-07-17 09:35:00,77.65,78.1,77.1,77.1,1350,24.384257,217050,4081.3,4100.0
2025-07-17 09:36:00,77.1,77.1,75.1,77.05,2250,24.400755,217500,4081.1,4100.0
2025-07-17 09:37:00,77.05,77.05,76.7,76.7,450,24.276985,217500,4081.2,4100.0
2025-07-17 09:38:00,76.7,77.9,76.7,77.9,300,24.399326,217500,4082.8,4100.0
2025-07-17 09:39:00,77.9,77.9,77.9,77.9,750,24.083597,217500,4084.8,4100.0
2025-07-17 09:40:00,78.05,78.05,76.95,76.95,1200,24.010789,218400,4083.4,4100.0
2025-07-17 09:41:00,76.95,76.95,74.25,74.25,900,23.767668,218400,4079.6,4100.0
2025-07-17 09:42:00,74.25,75.0,74.1,75.0,1800,23.954942,218400,4079.9,4100.0
2025-07-17 09:43:00,75.0,75.65,75.0,75.65,150,24.142232,218850,4080.0,4100.0
2025-07-17 09:44:00,75.65,75.65,75.0,75.45,1950,23.846245,218850,4081.5,4100.0
2025-07-17 09:45:00,75.45,75.45,74.15,74.45,900,23.520321,218850,4081.6,4100.0
2025-07-17 09:46:00,74.45,75.6,74.4,75.6,1350,23.83153,217800,4081.9,4100.0
2025-07-17 09:47:00,75.6,76.0,75.6,75.9,300,23.736652,217800,4083.1,4100.0
2025-07-17 09:48:00,77.3,77.35,77.15,77.15,8250,23.825058,217800,4085.0,4100.0
2025-07-17 09:49:00,77.15,77.15,77.05,77.05,750,24.205894,220350,4082.4,4100.0
2025-07-17 09:50:00,77.05,77.05,76.15,76.15,600,23.832242,220350,4083.0,4100.0
2025-07-17 09:51:00,76.15,78.0,76.15,76.95,2100,24.191951,220050,4082.3,4100.0
2025-07-17 09:52:00,76.95,76.95,76.0,76.0,1050,23.518035,220050,4084.7,4100.0
2025-07-17 09:53:00,76.0,78.0,76.0,77.7,450,24.253125,220050,4083.4,4100.0
2025-07-17 09:54:00,77.7,77.7,77.15,77.15,300,23.892796,220050,4084.6,4100.0
2025-07-17 09:55:00,77.15,78.0,77.15,78.0,300,24.094199,221250,4085.0,4100.0
2025-07-17 09:56:00,78.0,78.65,77.8,77.8,450,24.048626,221250,4084.9,4100.0
2025-07-17 09:57:00,77.8,77.8,77.0,77.0,300,23.832391,221250,4084.7,4100.0
2025-07-17 09:58:00,77.0,77.2,76.5,77.2,2850,23.847605,221550,4085.0,4100.0
2025-07-17 09:59:00,77.2,77.2,77.0,77.0,450,24.023908,221550,4083.5,4100.0
2025-07-17 10:00:00,77.0,77.0,75.75,75.75,450,24.044742,221550,4080.9,4100.0
2025-07-17 10:01:00,75.75,75.75,75.3,75.3,450,23.889798,221100,4081.0,4100.0
2025-07-17 10:02:00,75.3,75.3,74.3,74.3,450,24.015192,221100,4078.2,4100.0
2025-07-17 10:03:00,74.25,74.25,74.0,74.0,2400,23.798453,221100,4079.0,4100.0
2025-07-17 10:04:00,74.1,74.1,74.0,74.0,450,23.783619,221250,4079.1,4100.0
2025-07-17 10:05:00,99.0,99.0,96.0,96.0,450,23.543172,40350,4072.8,4050.0
2025-07-17 10:06:00,96.0,96.0,94.55,94.55,900,23.003894,40350,4073.2,4050.0
2025-07-17 10:07:00,71.05,72.0,71.05,72.0,300,23.549311,219600,4076.6,4100.0
2025-07-17 10:08:00,72.0,72.0,72.0,72.0,0,23.549311,219600,4075.0,4100.0
2025-07-17 10:09:00,71.0,71.55,71.0,71.25,900,23.424491,219600,4075.9,4100.0
2025-07-17 10:10:00,97.2,97.2,95.85,95.85,600,23.080504,40050,4075.0,4050.0
2025-07-17 10:11:00,95.85,95.85,95.85,95.85,0,23.080504,40050,4075.0,4100.0
2025-07-17 10:12:00,70.1,70.1,70.1,70.1,600,22.853153,220650,4077.3,4100.0
2025-07-17 10:13:00,70.1,73.2,70.1,73.2,2550,24.004204,221400,4076.1,4100.0
2025-07-17 10:14:00,72.3,72.3,71.4,71.4,450,23.382569,221400,4076.5,4100.0
2025-07-17 10:15:00,71.75,71.95,71.75,71.95,300,23.554628,221400,4076.5,4100.0
2025-07-17 10:16:00,71.95,72.0,71.95,72.0,300,23.524752,221850,4076.8,4100.0
2025-07-17 10:17:00,72.0,73.5,72.0,73.5,3150,23.807531,221850,4078.0,4100.0
2025-07-17 10:18:00,73.5,73.5,72.85,72.85,450,23.68304,221850,4077.5,4100.0
2025-07-17 10:19:00,72.85,73.95,72.7,73.45,2400,23.870643,223650,4077.5,4100.0
2025-07-17 10:20:00,73.45,74.7,73.45,74.7,600,23.71636,223650,4081.0,4100.0
2025-07-17 10:21:00,75.55,76.45,75.55,76.4,2850,23.726058,223650,4084.3,4100.0
2025-07-17 10:22:00,76.35,77.45,76.35,77.45,2700,23.942208,222000,4085.0,4100.0
2025-07-17 10:23:00,76.7,77.5,76.55,77.5,1500,24.069669,222000,4084.3,4100.0
2025-07-17 10:24:00,77.5,77.5,76.2,76.2,1500,23.808428,222000,4083.4,4100.0
2025-07-17 10:25:00,76.2,77.15,76.2,77.15,300,24.309764,221250,4082.1,4100.0
2025-07-17 10:26:00,77.15,77.15,76.6,76.6,900,23.918482,221250,4083.5,4100.0
2025-07-17 10:27:00,76.6,77.85,76.6,77.85,600,24.070173,221250,4085.0,4100.0
2025-07-17 10:28:00,77.85,77.85,76.9,77.15,1800,23.853096,221850,4085.0,4100.0
2025-07-17 10:29:00,77.15,77.15,77.15,77.15,150,23.869704,221850,4084.9,4100.0
2025-07-17 10:30:00,77.2,77.2,75.85,75.85,1500,24.081348,221850,4081.0,4100.0
2025-07-17 10:31:00,75.85,75.85,75.85,75.85,0,24.081348,221850,4081.5,4100.0
2025-07-17 10:32:00,76.95,77.55,76.95,77.55,2850,23.996272,221100,4084.9,4100.0
2025-07-17 10:33:00,78.15,78.3,78.15,78.3,2250,23.91098,221100,4086.9,4100.0
2025-07-17 10:34:00,77.45,77.45,77.45,77.45,750,24.188643,219300,4083.5,4100.0
2025-07-17 10:35:00,78.65,78.65,78.1,78.1,1050,24.169536,219300,4084.9,4100.0
2025-07-17 10:36:00,78.1,78.1,78.1,78.1,0,24.169536,219300,4083.3,4100.0
2025-07-17 10:37:00,77.7,77.7,77.55,77.55,300,24.300933,219150,4083.0,4100.0
2025-07-17 10:38:00,77.55,77.55,77.0,77.0,150,24.272321,219150,4082.1,4100.0
2025-07-17 10:39:00,74.0,74.25,73.5,74.25,2400,24.288264,219150,4076.5,4100.0
2025-07-17 10:40:00,74.25,75.55,74.25,75.55,900,24.026307,218850,4080.8,4100.0
2025-07-17 10:41:00,75.55,75.55,74.7,74.7,1050,23.887313,218850,4080.0,4100.0
2025-07-17 10:42:00,74.7,75.2,74.2,75.2,1350,23.824695,218850,4081.4,4100.0
2025-07-17 10:43:00,75.2,75.2,73.9,74.1,600,23.904126,219150,4078.7,4100.0
2025-07-17 10:44:00,74.1,74.1,73.05,73.6,300,23.934876,219150,4077.5,4100.0
2025-07-17 10:45:00,73.6,73.6,73.6,73.6,0,23.934876,219150,4078.0,4100.0
2025-07-17 10:46:00,73.6,75.2,73.6,75.2,300,23.921525,219450,4080.8,4100.0
2025-07-17 10:47:00,75.2,75.2,75.2,75.2,0,23.921525,219450,4081.0,4100.0
2025-07-17 10:48:00,75.2,76.15,75.2,76.15,450,24.124759,219450,4081.4,4100.0
2025-07-17 10:49:00,76.15,76.15,76.15,76.15,0,24.124759,219450,4081.9,4100.0
2025-07-17 10:50:00,76.15,76.15,75.6,75.6,600,23.876339,219450,4081.9,4100.0
2025-07-17 10:51:00,75.6,76.7,75.6,76.65,1500,24.062247,219450,4082.8,4100.0
2025-07-17 10:52:00,76.55,77.65,76.55,77.65,450,24.168622,219600,4084.1,4100.0
2025-07-17 10:53:00,77.3,77.3,76.5,76.5,750,24.190189,219600,4081.7,4100.0
2025-07-17 10:54:00,76.5,76.5,76.5,76.5,0,24.190189,219600,4081.7,4100.0
2025-07-17 10:55:00,76.55,76.55,76.0,76.0,750,24.145731,219750,4081.0,4100.0
2025-07-17 10:56:00,74.9,75.4,74.9,75.4,450,24.100327,219750,4080.1,4100.0
2025-07-17 10:57:00,74.85,75.0,74.85,75.0,900,23.992011,219750,4080.0,4100.0
2025-07-17 10:58:00,75.0,75.0,75.0,75.0,600,24.179635,219150,4078.8,4100.0
2025-07-17 10:59:00,75.0,75.0,74.7,74.7,150,23.899935,219150,4080.0,4100.0
2025-07-17 11:00:00,74.7,75.0,74.7,75.0,150,24.149953,219150,4079.0,4100.0
2025-07-17 11:01:00,74.8,74.8,74.6,74.6,600,24.16572,218550,4078.1,4100.0
2025-07-17 11:02:00,74.6,75.0,74.6,75.0,150,23.99553,218550,4080.0,4100.0
2025-07-17 11:03:00,75.4,75.4,75.4,75.4,150,24.432076,218550,4078.0,4100.0
2025-07-17 11:04:00,75.4,75.4,74.6,74.6,150,24.399766,218700,4076.6,4100.0
2025-07-17 11:05:00,74.6,75.4,74.6,75.4,450,24.449005,218700,4077.9,4100.0
2025-07-17 11:06:00,75.4,75.4,75.4,75.4,0,24.449005,218700,4079.6,4100.0
2025-07-17 11:07:00,75.5,75.55,75.5,75.55,300,24.49721,218550,4077.9,4100.0
2025-07-17 11:08:00,75.4,75.4,75.4,75.4,150,24.249183,218550,4079.2,4100.0
2025-07-17 11:09:00,75.0,75.0,75.0,75.0,300,24.15632,218550,4079.0,4100.0
2025-07-17 11:10:00,74.5,74.5,74.0,74.0,4650,24.062406,219000,4077.6,4100.0
2025-07-17 11:11:00,74.0,74.65,74.0,74.65,150,24.250366,219000,4077.7,4100.0
2025-07-17 11:12:00,74.65,74.65,74.65,74.65,0,24.250366,219000,4077.7,4100.0
2025-07-17 11:13:00,74.8,74.8,74.8,74.8,150,24.329531,219000,4077.5,4100.0
2025-07-17 11:14:00,73.8,73.8,73.8,73.8,150,23.754585,218400,4079.2,4100.0
2025-07-17 11:15:00,73.8,73.8,73.8,73.8,0,23.754585,218400,4078.3,4100.0
2025-07-17 11:16:00,73.8,73.8,72.1,72.1,600,23.781953,218400,4075.6,4100.0
2025-07-17 11:17:00,98.65,98.65,96.0,96.0,150,24.12008,40050,4070.0,4050.0
2025-07-17 11:18:00,96.0,96.0,95.5,95.5,150,23.849086,40050,4070.6,4050.0
2025-07-17 11:19:00,70.25,71.15,70.0,71.15,2250,23.54878,219600,4075.2,4100.0
2025-07-17 11:20:00,71.15,71.15,71.15,71.15,0,23.54878,219600,4073.6,4050.0
2025-07-17 11:21:00,71.15,71.15,71.15,71.15,0,23.54878,219600,4074.9,4050.0
2025-07-17 11:22:00,95.0,98.9,95.0,98.9,150,24.357593,40200,4073.7,4050.0
2025-07-17 11:23:00,98.9,98.9,98.9,98.9,0,24.357593,40200,4074.5,4050.0
2025-07-17 11:24:00,73.25,73.25,73.2,73.2,300,24.023308,218850,4076.3,4100.0
2025-07-17 11:25:00,73.2,73.2,72.9,72.9,300,23.837903,218100,4076.9,4100.0
2025-07-17 11:26:00,72.9,72.9,72.9,72.9,0,23.837903,218100,4075.9,4100.0
2025-07-17 11:27:00,72.9,73.65,72.9,73.65,150,24.181287,218100,4076.2,4100.0
2025-07-17 11:28:00,73.65,73.65,72.95,72.95,150,23.963476,218400,4076.2,4100.0
2025-07-17 11:29:00,72.95,72.95,72.95,72.95,0,23.963476,218400,4076.2,4100.0
2025-07-17 11:30:00,72.95,72.95,72.95,72.95,0,23.963476,218400,4076.2,4100.0
2025-07-17 11:31:00,72.95,72.95,72.95,72.95,0,23.963476,218400,4075.0,4100.0
2025-07-17 11:32:00,98.9,98.9,97.3,97.3,300,23.604651,40350,4075.0,4050.0
2025-07-17 11:33:00,97.3,97.3,97.3,97.3,0,23.604651,40350,4074.3,4050.0
2025-07-17 11:34:00,71.4,71.4,71.4,71.4,750,23.606586,218400,4075.4,4100.0
2025-07-17 11:35:00,97.9,97.9,97.9,97.9,150,24.122267,40200,4073.3,4050.0
2025-07-17 11:36:00,97.9,97.9,97.9,97.9,0,24.122267,40200,4073.6,4050.0
2025-07-17 11:37:00,97.9,97.9,97.9,97.9,0,24.122267,40200,4073.4,4050.0
2025-07-17 11:38:00,71.4,72.55,71.4,72.55,1350,23.968548,218250,4075.4,4100.0
2025-07-17 11:39:00,96.0,96.0,96.0,96.0,150,23.534853,40350,4073.2,4050.0
2025-07-17 11:40:00,96.0,96.0,96.0,96.0,0,23.534853,40350,4075.0,4050.0
2025-07-17 11:41:00,96.0,96.0,96.0,96.0,0,23.534853,40350,4073.6,4050.0
2025-07-17 11:42:00,71.75,71.75,71.75,71.75,150,23.706122,219750,4075.5,4100.0
2025-07-17 11:43:00,71.75,71.75,71.75,71.75,0,23.706122,219750,4075.9,4100.0
2025-07-17 11:44:00,71.75,71.9,71.75,71.9,150,23.754371,219600,4075.5,4100.0
2025-07-17 11:45:00,72.35,72.35,72.35,72.35,450,23.957004,219600,4075.1,4100.0
2025-07-17 11:46:00,72.4,72.85,72.4,72.85,1200,23.759751,218850,4077.4,4100.0
2025-07-17 11:47:00,73.1,73.2,73.1,73.2,450,24.054908,218850,4076.2,4100.0
2025-07-17 11:48:00,73.2,73.2,73.2,73.2,0,24.054908,218850,4075.4,4100.0
2025-07-17 11:49:00,72.1,72.1,72.1,72.1,150,23.835688,218850,4075.4,4100.0
2025-07-17 11:50:00,72.1,72.1,72.1,72.1,0,23.835688,218850,4074.0,4050.0
2025-07-17 11:51:00,96.9,96.9,96.0,96.0,150,23.391406,40350,4074.0,4050.0
2025-07-17 11:52:00,96.0,96.0,96.0,96.0,0,23.391406,40350,4073.2,4050.0
2025-07-17 11:53:00,96.0,96.0,96.0,96.0,0,23.391406,40350,4074.0,4050.0
2025-07-17 11:54:00,71.7,72.0,71.7,72.0,150,23.823283,218700,4075.3,4100.0
2025-07-17 11:55:00,72.0,72.0,72.0,72.0,0,23.823283,218700,4075.2,4100.0
2025-07-17 11:56:00,72.0,72.5,72.0,72.1,600,23.87127,218550,4075.2,4100.0
2025-07-17 11:57:00,72.1,72.15,72.1,72.15,450,23.872255,218550,4075.3,4100.0
2025-07-17 11:58:00,72.15,72.15,72.15,72.15,0,23.872255,218550,4076.3,4100.0
2025-07-17 11:59:00,97.7,97.7,97.7,97.7,150,23.752711,40500,4075.0,4050.0
2025-07-17 12:00:00,71.8,72.0,71.8,72.0,900,23.581301,218400,4076.9,4100.0
2025-07-17 12:01:00,72.0,72.0,72.0,72.0,0,23.581301,218400,4074.9,4050.0
2025-07-17 12:02:00,72.1,72.1,72.1,72.1,450,23.890809,218550,4075.1,4100.0
2025-07-17 12:03:00,72.1,72.1,72.1,72.1,0,23.890809,218550,4075.4,4100.0
2025-07-17 12:04:00,72.1,72.4,72.1,72.4,300,23.939946,218550,4075.4,4100.0
2025-07-17 12:05:00,72.4,72.4,72.4,72.4,0,23.939946,218550,4074.8,4050.0
2025-07-17 12:06:00,72.4,72.4,72.4,72.4,0,23.939946,218550,4074.0,4050.0
2025-07-17 12:07:00,72.4,72.4,72.4,72.4,0,23.939946,218550,4073.6,4050.0
2025-07-17 12:08:00,72.4,72.4,72.4,72.4,0,23.939946,218550,4074.1,4050.0
2025-07-17 12:09:00,95.75,95.75,95.75,95.75,150,23.209315,40800,4074.6,4050.0
2025-07-17 12:10:00,95.75,95.75,95.75,95.75,0,23.209315,40800,4072.9,4050.0
2025-07-17 12:11:00,95.75,95.75,95.75,95.75,0,23.209315,40800,4073.3,4050.0
2025-07-17 12:12:00,95.75,95.75,95.75,95.75,0,23.209315,40800,4073.3,4050.0
2025-07-17 12:13:00,95.75,95.75,95.75,95.75,0,23.209315,40800,4073.8,4050.0
2025-07-17 12:14:00,95.75,95.75,95.75,95.75,0,23.209315,40800,4073.3,4050.0
2025-07-17 12:15:00,95.75,95.75,95.0,95.7,300,23.350287,40650,4073.8,4050.0
2025-07-17 12:16:00,95.7,95.7,95.7,95.7,0,23.350287,40650,4071.7,4050.0
2025-07-17 12:17:00,95.7,95.7,95.7,95.7,0,23.350287,40650,4073.2,4050.0
2025-07-17 12:18:00,94.45,94.45,91.3,91.3,450,23.56884,40800,4065.1,4050.0
2025-07-17 12:19:00,90.5,90.5,90.5,90.5,150,22.610355,40800,4068.9,4050.0
2025-07-17 12:20:00,90.5,93.05,90.5,93.05,150,23.520406,40500,4068.4,4050.0
2025-07-17 12:21:00,92.9,92.9,92.9,92.9,300,23.249366,40500,4069.6,4050.0
2025-07-17 12:22:00,92.9,92.9,92.9,92.9,0,23.249366,40500,4068.0,4050.0
2025-07-17 12:23:00,92.9,92.9,92.9,92.9,0,23.249366,40500,4066.3,4050.0
2025-07-17 12:24:00,90.0,90.0,90.0,90.0,750,23.902697,40800,4061.0,4050.0
2025-07-17 12:25:00,90.15,90.15,85.0,85.0,2100,23.064031,40950,4056.8,4050.0
2025-07-17 12:26:00,85.0,88.4,85.0,88.4,300,23.771329,40950,4058.9,4050.0
2025-07-17 12:27:00,88.4,88.4,87.0,87.0,6450,23.770645,40950,4056.4,4050.0
2025-07-17 12:28:00,87.0,87.0,87.0,87.0,0,23.770645,40950,4058.0,4050.0
2025-07-17 12:29:00,87.0,87.4,87.0,87.4,150,23.74005,41700,4057.3,4050.0
2025-07-17 12:30:00,87.4,87.4,87.4,87.4,0,23.74005,41700,4055.4,4050.0
2025-07-17 12:31:00,87.4,87.4,86.55,86.55,150,23.276324,41700,4058.4,4050.0
2025-07-17 12:32:00,86.55,86.55,86.55,86.55,0,23.276324,41700,4058.7,4050.0
2025-07-17 12:33:00,86.55,88.0,86.55,88.0,450,23.577914,41700,4059.3,4050.0
2025-07-17 12:34:00,88.0,88.0,88.0,88.0,0,23.577914,41700,4060.2,4050.0
2025-07-17 12:35:00,88.0,88.6,88.0,88.6,750,23.573146,42000,4060.4,4050.0
2025-07-17 12:36:00,88.6,88.6,87.8,87.8,1500,23.427055,42000,4059.8,4050.0
2025-07-17 12:37:00,87.8,87.8,87.8,87.8,0,23.427055,42000,4063.9,4050.0
2025-07-17 12:38:00,87.8,87.8,87.75,87.75,450,23.412576,43050,4059.8,4050.0
2025-07-17 12:39:00,87.75,87.75,87.75,87.75,0,23.412576,43050,4060.5,4050.0
2025-07-17 12:40:00,87.75,87.75,86.55,86.55,300,23.175624,43350,4059.0,4050.0
2025-07-17 12:41:00,86.55,86.55,86.55,86.55,0,23.175624,43350,4056.1,4050.0
2025-07-17 12:42:00,86.55,86.55,86.55,86.55,4500,23.532599,43350,4057.0,4050.0
2025-07-17 12:43:00,86.55,86.55,86.55,86.55,0,23.532599,43350,4057.0,4050.0
2025-07-17 12:44:00,86.55,86.55,86.55,86.55,0,23.532599,43350,4056.2,4050.0
2025-07-17 12:45:00,86.55,86.55,86.55,86.55,0,23.532599,43350,4057.9,4050.0
2025-07-17 12:46:00,86.6,86.6,86.55,86.55,450,23.53544,47550,4057.0,4050.0
2025-07-17 12:47:00,86.65,86.65,86.65,86.65,300,23.567898,47550,4057.0,4050.0
2025-07-17 12:48:00,86.15,86.15,85.0,85.0,450,23.902803,47550,4052.1,4050.0
2025-07-17 12:49:00,84.4,84.85,84.25,84.85,600,23.699869,47700,4053.0,4050.0
2025-07-17 12:50:00,84.85,85.35,84.25,85.35,3150,23.945814,47700,4052.5,4050.0
2025-07-17 12:51:00,85.35,85.35,84.2,84.2,150,23.250943,47700,4054.4,4050.0
2025-07-17 12:52:00,84.2,84.2,84.1,84.1,300,23.464309,47700,4053.0,4050.0
2025-07-17 12:53:00,84.1,84.1,84.1,84.1,0,23.464309,47700,4054.3,4050.0
2025-07-17 12:54:00,84.1,84.1,84.0,84.0,450,23.242126,49200,4054.1,4050.0
2025-07-17 12:55:00,84.0,84.0,84.0,84.0,0,23.242126,49200,4055.1,4050.0
2025-07-17 12:56:00,84.0,84.0,84.0,84.0,0,23.242126,49200,4055.1,4050.0
2025-07-17 12:57:00,84.0,84.0,84.0,84.0,0,23.242126,49200,4055.3,4050.0
2025-07-17 12:58:00,84.0,85.55,84.0,85.55,300,23.631536,49350,4054.7,4050.0
2025-07-17 12:59:00,85.55,85.55,85.55,85.55,0,23.631536,49350,4055.3,4050.0
2025-07-17 13:00:00,85.55,85.55,85.55,85.55,0,23.631536,49350,4054.4,4050.0
2025-07-17 13:01:00,85.55,85.55,85.0,85.0,150,23.459192,49350,4054.7,4050.0
2025-07-17 13:02:00,85.0,85.0,85.0,85.0,0,23.459192,49350,4055.0,4050.0
2025-07-17 13:03:00,85.0,85.0,85.0,85.0,0,23.459192,49350,4056.0,4050.0
2025-07-17 13:04:00,85.0,85.0,85.0,85.0,150,23.408689,49350,4055.0,4050.0
2025-07-17 13:05:00,85.0,85.3,85.0,85.3,150,23.662201,49350,4054.1,4050.0
2025-07-17 13:06:00,85.3,85.3,84.4,84.4,150,23.482226,49350,4053.5,4050.0
2025-07-17 13:07:00,84.4,84.4,84.4,84.4,0,23.482226,49350,4052.9,4050.0
2025-07-17 13:08:00,84.4,85.2,84.4,85.2,300,24.204947,49500,4050.8,4050.0
2025-07-17 13:09:00,85.2,85.2,85.2,85.2,0,24.204947,49500,4050.7,4050.0
2025-07-17 13:10:00,84.0,84.0,84.0,84.0,300,24.135123,49500,4049.0,4050.0
2025-07-17 13:11:00,83.0,83.0,83.0,83.0,450,23.665029,49500,4049.9,4050.0
2025-07-17 13:12:00,83.0,83.0,83.0,83.0,0,23.665029,49500,4050.0,4050.0
2025-07-17 13:13:00,83.0,83.0,83.0,83.0,150,23.649276,49350,4050.0,4050.0
2025-07-17 13:14:00,83.0,85.1,83.0,85.1,300,24.263597,49350,4050.3,4050.0
2025-07-17 13:15:00,85.1,85.1,84.55,84.55,150,23.986869,49350,4050.9,4050.0
2025-07-17 13:16:00,85.6,85.6,85.6,85.6,600,24.18224,49350,4051.7,4050.0
2025-07-17 13:17:00,85.4,85.4,85.4,85.4,300,24.01574,49950,4052.3,4050.0
2025-07-17 13:18:00,85.4,85.4,85.4,85.4,0,24.01574,49950,4052.4,4050.0
2025-07-17 13:19:00,85.4,85.4,85.4,85.4,0,24.01574,49950,4053.5,4050.0
2025-07-17 13:20:00,85.4,85.4,85.4,85.4,0,24.01574,49950,4053.0,4050.0
2025-07-17 13:21:00,86.65,86.65,86.65,86.65,150,24.189093,50250,4053.6,4050.0
2025-07-17 13:22:00,86.65,86.65,86.65,86.65,0,24.189093,50250,4052.4,4050.0
2025-07-17 13:23:00,86.65,86.65,85.95,85.95,300,23.968517,50400,4053.6,4050.0
2025-07-17 13:24:00,85.95,85.95,85.95,85.95,0,23.968517,50400,4052.3,4050.0
2025-07-17 13:25:00,85.95,85.95,85.95,85.95,0,23.968517,50400,4053.1,4050.0
2025-07-17 13:26:00,85.95,85.95,85.95,85.95,0,23.968517,50400,4052.0,4050.0
2025-07-17 13:27:00,84.7,84.7,84.7,84.7,450,24.077484,50550,4050.7,4050.0
2025-07-17 13:28:00,84.7,84.7,84.7,84.7,0,24.077484,50550,4052.0,4050.0
2025-07-17 13:29:00,84.7,84.7,84.7,84.7,0,24.077484,50550,4052.6,4050.0
2025-07-17 13:30:00,84.7,84.7,83.65,83.65,750,23.695153,50400,4051.0,4050.0
2025-07-17 13:31:00,83.65,83.65,83.65,83.65,0,23.695153,50400,4053.8,4050.0
2025-07-17 13:32:00,84.95,84.95,84.95,84.95,150,23.675158,50700,4053.5,4050.0
2025-07-17 13:33:00,84.95,84.95,84.95,84.95,0,23.675158,50700,4053.5,4050.0
2025-07-17 13:34:00,84.95,84.95,84.95,84.95,0,23.675158,50700,4053.7,4050.0
2025-07-17 13:35:00,84.95,84.95,84.95,84.95,0,23.675158,50700,4054.7,4050.0
2025-07-17 13:36:00,84.95,84.95,84.95,84.95,0,23.675158,50700,4053.1,4050.0
2025-07-17 13:37:00,84.95,84.95,84.95,84.95,0,23.675158,50700,4053.1,4050.0
2025-07-17 13:38:00,86.1,86.1,86.1,86.1,150,23.974583,50850,4053.9,4050.0
2025-07-17 13:39:00,86.1,86.1,86.1,86.1,0,23.974583,50850,4056.2,4050.0
2025-07-17 13:40:00,86.8,86.8,86.55,86.55,450,23.873718,51000,4055.3,4050.0
2025-07-17 13:41:00,86.55,86.55,86.55,86.55,600,23.503666,51000,4057.4,4050.0
2025-07-17 13:42:00,86.55,86.55,86.55,86.55,0,23.503666,51000,4055.9,4050.0
2025-07-17 13:43:00,86.55,86.55,86.55,86.55,0,23.503666,51000,4055.7,4050.0
2025-07-17 13:44:00,86.55,86.55,86.0,86.0,150,23.578658,51150,4056.0,4050.0
2025-07-17 13:45:00,86.0,86.0,86.0,86.0,0,23.578658,51150,4055.5,4050.0
2025-07-17 13:46:00,86.0,86.0,86.0,86.0,0,23.578658,51150,4056.0,4050.0
2025-07-17 13:47:00,86.0,86.0,86.0,86.0,0,23.578658,51150,4055.7,4050.0
2025-07-17 13:48:00,86.0,86.0,86.0,86.0,0,23.578658,51150,4051.1,4050.0
2025-07-17 13:49:00,86.0,86.0,83.4,83.4,150,23.594866,51150,4051.2,4050.0
2025-07-17 13:50:00,83.4,83.4,83.4,83.4,0,23.594866,51150,4053.0,4050.0
2025-07-17 13:51:00,83.4,83.4,83.4,83.4,0,23.594866,51150,4053.0,4050.0
2025-07-17 13:52:00,83.4,83.4,83.4,83.4,0,23.594866,51150,4051.6,4050.0
2025-07-17 13:53:00,85.9,85.9,85.9,85.9,150,24.182984,51000,4052.4,4050.0
2025-07-17 13:54:00,85.9,85.9,85.9,85.9,150,23.922626,51000,4053.9,4050.0
2025-07-17 13:55:00,85.9,85.9,85.9,85.9,0,23.922626,51000,4052.5,4050.0
2025-07-17 13:56:00,85.9,85.9,85.9,85.9,0,23.922626,51000,4053.1,4050.0
2025-07-17 13:57:00,85.9,85.9,85.9,85.9,0,23.922626,51000,4056.2,4050.0
2025-07-17 13:58:00,87.25,87.25,87.25,87.25,150,24.003542,51150,4055.9,4050.0
2025-07-17 13:59:00,87.25,87.25,86.8,86.8,150,23.843633,51300,4056.0,4050.0
2025-07-17 14:00:00,87.25,87.25,87.25,87.25,150,23.597669,51300,4058.2,4050.0
2025-07-17 14:01:00,87.15,87.15,87.15,87.15,150,24.026735,51300,4055.6,4050.0
2025-07-17 14:02:00,86.8,86.8,86.8,86.8,450,23.580398,51300,4057.5,4050.0
2025-07-17 14:03:00,86.8,86.8,86.8,86.8,0,23.580398,51300,4057.0,4050.0
2025-07-17 14:04:00,86.8,86.8,86.8,86.8,0,23.580398,51300,4057.5,4050.0
2025-07-17 14:05:00,86.8,86.8,86.8,86.8,0,23.580398,51300,4058.0,4050.0
2025-07-17 14:06:00,86.8,86.8,86.8,86.8,0,23.580398,51300,4057.4,4050.0
2025-07-17 14:07:00,86.8,86.8,86.8,86.8,0,23.580398,51300,4059.6,4050.0
2025-07-17 14:08:00,86.8,86.8,86.8,86.8,0,23.580398,51300,4057.8,4050.0
2025-07-17 14:09:00,86.8,86.8,86.8,86.8,0,23.580398,51300,4057.5,4050.0
2025-07-17 14:10:00,86.8,87.25,86.8,87.25,750,23.551341,51000,4058.5,4050.0
2025-07-17 14:11:00,87.25,87.25,87.25,87.25,0,23.551341,51000,4059.1,4050.0
2025-07-17 14:12:00,87.25,87.25,87.25,87.25,0,23.551341,51000,4060.4,4050.0
2025-07-17 14:13:00,87.25,87.25,87.25,87.25,0,23.551341,51000,4057.2,4050.0
2025-07-17 14:14:00,87.25,88.0,87.25,88.0,150,23.632204,51000,4059.4,4050.0
2025-07-17 14:15:00,88.0,88.0,88.0,88.0,0,23.632204,51000,4059.5,4050.0
2025-07-17 14:16:00,88.0,88.0,88.0,88.0,0,23.632204,51000,4058.0,4050.0
2025-07-17 14:17:00,88.0,88.0,88.0,88.0,0,23.632204,51000,4057.0,4050.0
2025-07-17 14:18:00,88.0,88.0,88.0,88.0,0,23.632204,51000,4056.8,4050.0
2025-07-17 14:19:00,88.0,88.0,88.0,88.0,0,23.632204,51000,4056.0,4050.0
2025-07-17 14:20:00,88.0,88.0,86.5,86.5,600,23.462215,51000,4057.7,4050.0
2025-07-17 14:21:00,86.5,86.5,86.5,86.5,0,23.462215,51000,4058.0,4050.0
2025-07-17 14:22:00,86.5,87.0,86.5,87.0,150,23.817847,51150,4056.6,4050.0
2025-07-17 14:23:00,87.0,87.0,87.0,87.0,0,23.817847,51150,4057.6,4050.0
2025-07-17 14:24:00,87.0,87.0,87.0,87.0,0,23.817847,51150,4057.9,4050.0
2025-07-17 14:25:00,87.0,87.0,87.0,87.0,0,23.817847,51150,4058.0,4050.0
2025-07-17 14:26:00,87.0,87.0,87.0,87.0,0,23.817847,51150,4058.0,4050.0
2025-07-17 14:27:00,87.0,87.0,87.0,87.0,0,23.817847,51150,4058.0,4050.0
2025-07-17 14:28:00,87.0,87.0,87.0,87.0,0,23.817847,51150,4057.7,4050.0
2025-07-17 14:29:00,87.0,87.0,87.0,87.0,0,23.817847,51150,4056.8,4050.0
2025-07-17 14:30:00,85.3,85.3,84.85,84.85,450,23.068432,51000,4057.0,4050.0
2025-07-17 14:31:00,85.0,85.0,85.0,85.0,150,23.116891,51000,4057.0,4050.0
2025-07-17 14:32:00,85.0,85.0,85.0,85.0,0,23.116891,51000,4058.2,4050.0
2025-07-17 14:33:00,85.0,87.75,85.0,87.75,300,23.637754,50700,4059.0,4050.0
2025-07-17 14:34:00,87.75,87.75,87.75,87.75,0,23.637754,50700,4059.0,4050.0
2025-07-17 14:35:00,87.75,87.75,87.75,87.75,0,23.637754,50700,4058.2,4050.0
2025-07-17 14:36:00,87.75,87.75,87.75,87.75,0,23.637754,50700,4058.2,4050.0
2025-07-17 14:37:00,87.75,87.75,87.75,87.75,1050,23.801216,50700,4058.1,4050.0
2025-07-17 14:38:00,87.75,87.75,87.75,87.75,0,23.801216,50700,4058.4,4050.0
2025-07-17 14:39:00,87.75,87.75,87.75,87.75,0,23.801216,50700,4058.4,4050.0
2025-07-17 14:40:00,87.75,87.75,87.75,87.75,0,23.801216,50700,4058.6,4050.0
2025-07-17 14:41:00,87.75,87.75,87.0,87.0,150,23.475988,51300,4058.6,4050.0
2025-07-17 14:42:00,87.0,87.0,87.0,87.0,0,23.475988,51300,4060.0,4050.0
2025-07-17 14:43:00,87.0,87.0,87.0,87.0,0,23.475988,51300,4060.6,4050.0
2025-07-17 14:44:00,87.0,88.0,87.0,88.0,5400,23.474116,51150,4060.4,4050.0
2025-07-17 14:45:00,87.95,87.95,87.95,87.95,150,23.350658,51150,4061.0,4050.0
2025-07-17 14:46:00,87.4,87.4,87.4,87.4,150,23.248041,51150,4060.6,4050.0
2025-07-17 14:47:00,87.4,87.4,87.4,87.4,0,23.248041,51150,4060.4,4050.0
2025-07-17 14:48:00,87.4,87.4,86.1,86.1,150,22.942767,46800,4060.0,4050.0
2025-07-17 14:49:00,85.7,85.7,85.7,85.7,150,23.049398,46800,4058.7,4050.0
2025-07-17 14:50:00,85.7,86.0,85.7,86.0,150,23.181535,46800,4058.5,4050.0
2025-07-17 14:51:00,86.0,86.0,86.0,86.0,0,23.181535,46800,4057.0,4050.0
2025-07-17 14:52:00,86.0,86.0,86.0,86.0,0,23.181535,46800,4057.8,4050.0
2025-07-17 14:53:00,86.0,86.0,86.0,86.0,0,23.181535,46800,4056.9,4050.0
2025-07-17 14:54:00,85.8,85.8,85.8,85.8,150,23.494269,46950,4056.4,4050.0
2025-07-17 14:55:00,85.8,85.8,85.7,85.7,150,23.427719,46950,4056.6,4050.0
2025-07-17 14:56:00,85.7,85.7,85.7,85.7,0,23.427719,46950,4057.0,4050.0
2025-07-17 14:57:00,85.7,85.7,85.7,85.7,0,23.427719,46950,4056.6,4050.0
2025-07-17 14:58:00,85.7,85.7,85.7,85.7,0,23.427719,46950,4057.6,4050.0
2025-07-17 14:59:00,85.7,85.7,84.7,84.7,750,23.253726,46800,4055.8,4050.0
2025-07-17 15:00:00,84.7,84.7,84.7,84.7,0,23.253726,46800,4057.1,4050.0
2025-07-17 15:01:00,84.7,84.7,84.7,84.7,0,23.253726,46800,4058.5,4050.0
2025-07-17 15:02:00,84.7,84.7,84.7,84.7,0,23.253726,46800,4057.4,4050.0
2025-07-17 15:03:00,84.7,84.7,84.7,84.7,1200,23.11489,46500,4056.6,4050.0
2025-07-17 15:04:00,84.7,84.7,84.05,84.05,150,22.748329,46500,4057.5,4050.0
2025-07-17 15:05:00,84.05,84.05,84.05,84.05,0,22.748329,46500,4057.4,4050.0
2025-07-17 15:06:00,84.05,84.65,84.05,84.65,150,23.101074,46650,4056.6,4050.0
2025-07-17 15:07:00,85.15,85.15,84.55,84.55,600,23.246956,46650,4055.6,4050.0
2025-07-17 15:08:00,83.25,83.25,83.25,83.25,150,22.957268,46800,4054.9,4050.0
2025-07-17 15:09:00,84.2,84.2,84.2,84.2,150,22.799635,46800,4057.5,4050.0
2025-07-17 15:10:00,84.2,84.2,84.2,84.2,0,22.799635,46800,4057.8,4050.0
2025-07-17 15:11:00,84.2,84.2,84.2,84.2,0,22.799635,46800,4058.9,4050.0
2025-07-17 15:12:00,84.2,85.6,84.2,85.6,150,22.836026,46950,4059.8,4050.0
2025-07-17 15:13:00,86.0,86.0,85.75,85.75,450,22.992558,46950,4059.2,4050.0
2025-07-17 15:14:00,85.75,85.75,85.75,85.75,0,22.992558,46950,4060.0,4050.0
2025-07-17 15:15:00,84.4,84.4,84.4,84.4,150,22.974445,47250,4056.9,4050.0
2025-07-17 15:16:00,84.4,84.4,84.4,84.4,0,22.974445,47250,4056.3,4050.0
2025-07-17 15:17:00,84.4,84.4,83.55,83.55,150,22.864725,47250,4056.0,4050.0
2025-07-17 15:18:00,83.55,83.55,83.55,83.55,0,22.864725,47250,4054.0,4050.0
2025-07-17 15:19:00,83.0,83.0,83.0,83.0,150,23.008566,47250,4054.2,4050.0
2025-07-17 15:20:00,83.8,84.85,83.8,84.85,600,23.598081,47400,4054.2,4050.0
2025-07-17 15:21:00,84.85,84.85,84.85,84.85,0,23.598081,47400,4054.7,4050.0
2025-07-17 15:22:00,82.65,82.95,82.65,82.95,1350,23.029879,46800,4054.0,4050.0
2025-07-17 15:23:00,83.25,83.45,83.25,83.45,300,23.031459,46800,4054.9,4050.0
2025-07-17 15:24:00,85.9,85.9,85.9,85.9,1050,24.231826,46800,4052.5,4050.0
2025-07-17 15:25:00,85.9,85.9,85.9,85.9,0,24.231826,46800,4053.8,4050.0
2025-07-17 15:26:00,85.9,85.9,84.05,84.05,150,23.435402,46500,4053.7,4050.0
2025-07-17 15:27:00,84.05,85.3,84.05,85.3,150,23.287541,46500,4056.8,4050.0
2025-07-17 15:28:00,85.3,85.35,85.3,85.35,300,23.6048,46500,4055.1,4050.0
2025-07-17 15:29:00,85.35,85.35,85.0,85.0,150,23.157782,46500,4057.0,4050.0
2025-07-18 09:16:00,82.05,82.05,82.05,82.05,150,22.681195,0,4058.6,4050.0
2025-07-18 09:17:00,82.35,82.35,82.35,82.35,150,21.235085,46500,4066.8,4050.0
2025-07-18 09:18:00,82.35,82.95,82.35,82.95,150,24.17144,46500,4052.0,4050.0
2025-07-18 09:19:00,82.95,82.95,76.9,76.9,750,21.889827,46500,4053.7,4050.0
2025-07-18 09:20:00,78.3,78.3,78.3,78.3,150,21.748531,46500,4057.0,4050.0
2025-07-18 09:21:00,78.3,82.15,78.3,80.6,750,22.484846,46650,4057.1,4050.0
2025-07-18 09:22:00,80.6,81.9,80.6,81.9,300,23.275115,46650,4055.1,4050.0
2025-07-18 09:23:00,82.0,82.0,81.3,81.3,750,23.778486,46650,4051.2,4050.0
2025-07-18 09:24:00,81.0,81.0,81.0,81.0,450,23.090518,46650,4054.5,4050.0
2025-07-18 09:25:00,81.0,81.0,81.0,81.0,0,23.090518,46650,4056.0,4050.0
2025-07-18 09:26:00,81.0,81.6,81.0,81.6,300,23.342373,46800,4054.2,4050.0
2025-07-18 09:27:00,81.6,81.6,80.8,80.8,150,23.081411,47100,4054.2,4050.0
2025-07-18 09:28:00,81.75,81.75,81.75,81.75,150,23.085473,47100,4055.9,4050.0
2025-07-18 09:29:00,81.75,81.75,80.5,80.5,150,23.038788,47100,4053.9,4050.0
2025-07-18 09:30:00,80.5,80.5,79.75,79.75,450,23.045517,47100,4052.5,4050.0
2025-07-18 09:31:00,81.25,81.25,81.25,81.25,300,23.177499,46800,4054.5,4050.0
2025-07-18 09:32:00,81.25,81.25,80.65,80.65,150,23.072067,46800,4054.0,4050.0
2025-07-18 09:33:00,80.65,80.65,79.2,79.2,300,22.724392,46950,4053.3,4050.0
2025-07-18 09:34:00,79.15,79.15,79.15,79.15,600,23.137577,46950,4050.9,4050.0
2025-07-18 09:35:00,79.15,79.15,79.15,79.15,0,23.137577,46950,4050.9,4050.0
2025-07-18 09:36:00,79.15,79.15,79.15,79.15,150,23.067937,46950,4051.3,4050.0
2025-07-18 09:37:00,79.6,79.6,79.6,79.6,150,23.251311,46950,4051.1,4050.0
2025-07-18 09:38:00,78.75,78.75,78.75,78.75,600,23.363465,46950,4048.9,4050.0
2025-07-18 09:39:00,76.95,76.95,76.95,76.95,600,22.617437,46950,4049.8,4050.0
2025-07-18 09:40:00,76.95,77.5,76.95,77.5,150,23.079804,46950,4048.2,4050.0
2025-07-18 09:41:00,77.5,77.75,77.5,77.75,150,22.56047,46950,4051.6,4050.0
2025-07-18 09:42:00,77.75,77.75,77.0,77.0,300,23.128123,47100,4047.0,4050.0
2025-07-18 09:43:00,77.0,77.0,77.0,77.0,0,23.128123,47100,4048.1,4050.0
2025-07-18 09:44:00,77.0,77.0,76.0,76.0,300,22.292907,47100,4049.9,4050.0
2025-07-18 09:45:00,76.0,76.0,74.7,74.7,300,22.710093,47100,4045.1,4050.0
2025-07-18 09:46:00,74.7,75.0,73.55,74.15,750,22.375022,47100,4046.0,4050.0
2025-07-18 09:47:00,74.15,74.15,74.15,74.15,0,22.375022,47100,4049.4,4050.0
2025-07-18 09:48:00,74.15,74.15,74.15,74.15,0,22.375022,47100,4049.4,4050.0
2025-07-18 09:49:00,74.15,74.15,74.15,74.15,0,22.375022,47100,4048.0,4050.0
2025-07-18 09:50:00,74.15,74.15,74.15,74.15,0,22.375022,47100,4049.0,4050.0
2025-07-18 09:51:00,74.15,74.15,74.15,74.15,0,22.375022,47100,4048.1,4050.0
2025-07-18 09:52:00,74.15,74.15,74.15,74.15,0,22.375022,47100,4046.2,4050.0
2025-07-18 09:53:00,74.5,74.5,74.0,74.0,1500,22.849612,47250,4043.0,4050.0
2025-07-18 09:54:00,74.7,74.9,74.7,74.9,600,22.486147,47250,4046.8,4050.0
2025-07-18 09:55:00,73.9,73.9,73.9,73.9,150,21.596476,47550,4050.0,4050.0
2025-07-18 09:56:00,73.9,75.95,73.9,75.95,150,22.426687,47550,4049.1,4050.0
2025-07-18 09:57:00,75.95,77.1,75.95,77.1,150,22.873717,47550,4048.7,4050.0
2025-07-18 09:58:00,77.1,77.1,77.05,77.05,150,22.840498,47250,4048.8,4050.0
2025-07-18 09:59:00,76.75,76.75,76.75,76.75,450,22.707941,47250,4049.0,4050.0
2025-07-18 10:00:00,76.75,78.9,76.75,78.9,600,22.843233,47400,4052.2,4050.0
2025-07-18 10:01:00,78.9,78.9,78.9,78.9,0,22.843233,47400,4050.0,4050.0
2025-07-18 10:02:00,78.9,78.9,78.9,78.9,0,22.843233,47400,4046.0,4050.0
2025-07-18 10:03:00,78.9,78.9,74.35,75.0,600,22.542757,47400,4046.7,4050.0
2025-07-18 10:04:00,75.0,75.0,75.0,75.0,0,22.542757,47400,4047.0,4050.0
2025-07-18 10:05:00,75.0,75.0,75.0,75.0,150,22.334035,47700,4047.9,4050.0
2025-07-18 10:06:00,75.0,75.0,75.0,75.0,0,22.334035,47700,4046.9,4050.0
2025-07-18 10:07:00,75.0,75.0,75.0,75.0,0,22.334035,47700,4045.7,4050.0
2025-07-18 10:08:00,75.0,75.0,75.0,75.0,0,22.334035,47700,4045.9,4050.0
2025-07-18 10:09:00,74.4,74.4,74.4,74.4,150,22.64686,47700,4045.0,4050.0
2025-07-18 10:10:00,72.65,72.65,72.0,72.65,1500,22.592653,47850,4042.0,4050.0
2025-07-18 10:11:00,72.45,72.65,72.45,72.65,300,22.146109,47850,4044.6,4050.0
2025-07-18 10:12:00,72.65,72.65,72.65,72.65,0,22.146109,47850,4044.8,4050.0
2025-07-18 10:13:00,72.65,72.65,72.65,72.65,150,22.474925,48300,4042.7,4050.0
2025-07-18 10:14:00,72.65,72.65,72.65,72.65,0,22.474925,48300,4045.7,4050.0
2025-07-18 10:15:00,72.65,72.65,72.0,72.0,150,22.724551,48300,4040.0,4050.0
2025-07-18 10:16:00,72.0,72.0,71.0,71.0,300,22.736332,48450,4038.0,4050.0
2025-07-18 10:17:00,69.75,69.75,69.7,69.75,1200,23.324073,48450,4032.0,4050.0
2025-07-18 10:18:00,67.05,67.05,66.55,67.05,750,22.114139,48900,4034.0,4050.0
2025-07-18 10:19:00,67.05,67.4,67.05,67.4,150,21.864395,48900,4036.2,4050.0
2025-07-18 10:20:00,67.4,67.4,66.5,66.5,900,22.590191,48900,4030.0,4050.0
2025-07-18 10:21:00,66.5,67.4,66.5,67.4,150,21.965622,48900,4035.6,4050.0
2025-07-18 10:22:00,67.4,69.0,67.4,69.0,750,21.851779,48900,4039.4,4050.0
2025-07-18 10:23:00,69.0,70.0,69.0,70.0,750,22.212753,48900,4039.2,4050.0
2025-07-18 10:24:00,69.6,70.25,69.6,70.25,600,21.887443,48900,4041.6,4050.0
2025-07-18 10:25:00,70.25,70.25,70.25,70.25,0,21.887443,48900,4041.9,4050.0
2025-07-18 10:26:00,70.25,70.25,70.25,70.25,0,21.887443,48900,4045.0,4050.0
2025-07-18 10:27:00,70.25,70.25,70.25,70.25,0,21.887443,48900,4041.7,4050.0
2025-07-18 10:28:00,71.75,71.75,70.45,70.45,600,21.887176,49350,4042.0,4050.0
2025-07-18 10:29:00,70.45,70.45,70.45,70.45,0,21.887176,49350,4041.0,4050.0
2025-07-18 10:30:00,70.45,70.45,68.6,68.6,1050,22.397082,49350,4035.4,4050.0
2025-07-18 10:31:00,68.6,69.25,68.6,69.25,150,22.142085,49200,4038.2,4050.0
2025-07-18 10:32:00,69.25,69.25,69.1,69.1,150,22.093809,49200,4038.2,4050.0
2025-07-18 10:33:00,71.2,72.0,71.2,72.0,300,22.139398,49050,4043.5,4050.0
2025-07-18 10:34:00,72.0,72.0,72.0,72.0,0,22.139398,49050,4040.2,4050.0
2025-07-18 10:35:00,72.0,72.7,72.0,72.7,150,22.265992,49050,4044.1,4050.0
2025-07-18 10:36:00,72.7,72.7,72.7,72.7,0,22.265992,49050,4045.7,4050.0
2025-07-18 10:37:00,72.7,72.7,72.7,72.7,0,22.265992,49050,4047.9,4050.0
2025-07-18 10:38:00,72.7,72.7,72.25,72.25,150,21.843541,48900,4045.7,4050.0
2025-07-18 10:39:00,72.25,72.25,72.25,72.25,0,21.843541,48900,4044.3,4050.0
2025-07-18 10:40:00,72.25,72.25,72.25,72.25,0,21.843541,48900,4044.3,4050.0
2025-07-18 10:41:00,72.25,72.25,72.25,72.25,0,21.843541,48900,4042.9,4050.0
2025-07-18 10:42:00,72.25,72.25,72.25,72.25,0,21.843541,48900,4043.0,4050.0
2025-07-18 10:43:00,72.25,72.25,72.25,72.25,0,21.843541,48900,4042.7,4050.0
2025-07-18 10:44:00,72.25,72.25,72.25,72.25,0,21.843541,48900,4043.6,4050.0
2025-07-18 10:45:00,72.25,72.25,72.25,72.25,0,21.843541,48900,4035.5,4050.0
2025-07-18 10:46:00,72.25,72.25,66.3,67.0,300,21.985219,48900,4034.8,4050.0
2025-07-18 10:47:00,67.0,67.0,66.0,66.0,600,22.185432,48900,4031.6,4050.0
2025-07-18 10:48:00,66.0,66.45,65.2,66.45,450,21.624241,48900,4035.9,4050.0
2025-07-18 10:49:00,66.45,66.45,66.45,66.45,0,21.624241,48900,4036.0,4050.0
2025-07-18 10:50:00,66.45,66.45,66.45,66.45,0,21.624241,48900,4034.2,4050.0
2025-07-18 10:51:00,66.45,66.45,66.45,66.45,0,21.624241,48900,4036.0,4050.0
2025-07-18 10:52:00,67.9,71.85,67.9,71.85,750,21.861722,48750,4044.9,4050.0
2025-07-18 10:53:00,71.85,71.85,71.55,71.55,150,21.86834,48750,4044.3,4050.0
2025-07-18 10:54:00,71.55,71.55,71.55,71.55,0,21.86834,48750,4044.0,4050.0
2025-07-18 10:55:00,71.55,71.55,71.55,71.55,0,21.86834,48750,4043.5,4050.0
2025-07-18 10:56:00,71.55,71.55,71.25,71.25,450,22.185432,49050,4041.9,4050.0
2025-07-18 10:57:00,71.25,71.25,71.25,71.25,0,22.185432,49050,4041.0,4050.0
2025-07-18 10:58:00,71.25,71.25,71.25,71.25,150,22.084028,48600,4042.5,4050.0
2025-07-18 10:59:00,70.1,70.1,70.1,70.1,150,22.135508,48600,4040.0,4050.0
2025-07-18 11:00:00,70.1,70.1,70.1,70.1,0,22.135508,48600,4039.8,4050.0
2025-07-18 11:01:00,70.0,70.0,68.5,68.5,750,22.236607,48450,4036.3,4050.0
2025-07-18 11:02:00,68.5,68.5,68.5,68.5,0,22.236607,48450,4040.0,4050.0
2025-07-18 11:03:00,68.5,68.5,68.5,68.5,0,22.236607,48450,4043.3,4050.0
2025-07-18 11:04:00,68.5,68.5,68.5,68.5,0,22.236607,48450,4044.0,4050.0
2025-07-18 11:05:00,68.5,68.5,68.5,68.5,0,22.236607,48450,4044.5,4050.0
2025-07-18 11:06:00,72.8,72.8,72.8,72.8,300,21.657805,48450,4047.9,4050.0
2025-07-18 11:07:00,72.8,72.8,72.8,72.8,0,21.657805,48450,4048.0,4050.0
2025-07-18 11:08:00,75.65,75.9,75.65,75.9,300,22.744115,48750,4047.5,4050.0
2025-07-18 11:09:00,75.9,75.9,74.25,74.25,900,22.641303,48750,4045.0,4050.0
2025-07-18 11:10:00,74.25,74.5,74.25,74.5,300,22.689074,48300,4045.2,4050.0
2025-07-18 11:11:00,74.5,74.5,74.45,74.45,150,22.551665,48300,4045.9,4050.0
2025-07-18 11:12:00,74.15,74.15,74.15,74.15,300,22.349517,48300,4046.5,4050.0
2025-07-18 11:13:00,74.15,74.15,74.15,74.15,0,22.349517,48300,4046.9,4050.0
2025-07-18 11:14:00,74.15,74.15,74.15,74.15,0,22.349517,48300,4046.9,4050.0
2025-07-18 11:15:00,74.15,74.15,74.15,74.15,0,22.349517,48300,4048.8,4050.0
2025-07-18 11:16:00,74.15,76.3,74.15,76.3,1200,22.492803,48300,4049.7,4050.0
2025-07-18 11:17:00,76.3,76.3,76.3,76.3,0,22.492803,48300,4045.1,4050.0
2025-07-18 11:18:00,75.0,75.0,75.0,75.0,300,22.719258,48300,4046.0,4050.0
2025-07-18 11:19:00,73.8,73.8,73.8,73.8,1650,22.187511,48900,4046.8,4050.0
2025-07-18 11:20:00,73.8,73.8,73.8,73.8,0,22.187511,48900,4048.8,4050.0
2025-07-18 11:21:00,73.8,73.8,73.8,73.8,0,22.187511,48900,4048.6,4050.0
2025-07-18 11:22:00,73.8,75.4,73.8,75.4,150,22.39701,48450,4048.6,4050.0
2025-07-18 11:23:00,75.4,75.4,75.4,75.4,0,22.39701,48450,4048.5,4050.0
2025-07-18 11:24:00,75.4,75.4,75.4,75.4,0,22.39701,48450,4046.7,4050.0
2025-07-18 11:25:00,75.4,75.4,75.4,75.4,0,22.39701,48450,4046.8,4050.0
2025-07-18 11:26:00,75.4,75.4,74.9,74.9,150,22.341935,48600,4048.0,4050.0
2025-07-18 11:27:00,74.9,74.9,74.9,74.9,0,22.341935,48600,4048.9,4050.0
2025-07-18 11:28:00,77.2,77.2,77.0,77.0,1500,22.960614,48750,4048.4,4050.0
2025-07-18 11:29:00,77.0,77.0,76.4,76.4,300,22.517249,48750,4049.8,4050.0
2025-07-18 11:30:00,75.85,75.85,75.85,75.85,150,22.302222,48750,4050.0,4050.0
2025-07-18 11:31:00,75.85,75.85,75.85,75.85,150,22.106879,49350,4051.1,4050.0
2025-07-18 11:32:00,75.85,75.85,75.85,75.85,0,22.106879,49350,4049.0,4050.0
2025-07-18 11:33:00,75.85,75.85,75.85,75.85,0,22.106879,49350,4048.3,4050.0
2025-07-18 11:34:00,75.85,75.85,75.75,75.75,900,22.502669,49350,4048.7,4050.0
2025-07-18 11:35:00,75.75,75.75,75.75,75.75,0,22.502669,49350,4048.8,4050.0
2025-07-18 11:36:00,75.75,75.75,75.75,75.75,0,22.502669,49350,4048.0,4050.0
2025-07-18 11:37:00,75.75,75.75,75.75,75.75,0,22.502669,49350,4048.0,4050.0
2025-07-18 11:38:00,75.75,75.75,75.75,75.75,0,22.502669,49350,4048.8,4050.0
2025-07-18 11:39:00,75.75,75.75,75.75,75.75,0,22.502669,49350,4049.0,4050.0
2025-07-18 11:40:00,75.75,75.75,75.75,75.75,0,22.502669,49350,4049.0,4050.0
2025-07-18 11:41:00,75.75,75.75,75.75,75.75,0,22.502669,49350,4049.0,4050.0
2025-07-18 11:42:00,75.75,75.75,75.1,75.1,150,22.242433,49350,4049.0,4050.0
2025-07-18 11:43:00,75.1,75.1,75.1,75.1,0,22.242433,49350,4048.3,4050.0
2025-07-18 11:44:00,75.1,75.1,75.1,75.1,0,22.242433,49350,4049.0,4050.0
2025-07-18 11:45:00,75.1,75.1,75.1,75.1,0,22.242433,49350,4049.0,4050.0
2025-07-18 11:46:00,75.1,75.1,75.1,75.1,0,22.242433,49350,4049.0,4050.0
2025-07-18 11:47:00,75.1,75.1,75.1,75.1,0,22.242433,49350,4048.0,4050.0
2025-07-18 11:48:00,75.1,75.1,75.1,75.1,0,22.242433,49350,4051.7,4050.0
2025-07-18 11:49:00,76.0,76.0,76.0,76.0,1050,22.276092,49500,4050.5,4050.0
2025-07-18 11:50:00,76.0,76.0,76.0,76.0,0,22.276092,49500,4050.5,4050.0
2025-07-18 11:51:00,76.0,76.0,76.0,76.0,0,22.276092,49500,4050.0,4050.0
2025-07-18 11:52:00,76.0,76.0,76.0,76.0,0,22.276092,49500,4050.0,4050.0
2025-07-18 11:53:00,76.0,76.0,76.0,76.0,0,22.276092,49500,4050.1,4050.0
2025-07-18 11:54:00,76.0,76.0,74.55,74.55,150,21.893201,48900,4050.0,4050.0
2025-07-18 11:55:00,74.55,75.1,74.55,75.1,150,22.038685,48900,4050.2,4050.0
2025-07-18 11:56:00,75.1,75.1,75.1,75.1,0,22.038685,48900,4050.0,4050.0
2025-07-18 11:57:00,75.1,75.1,75.1,75.1,0,22.038685,48900,4050.2,4050.0
2025-07-18 11:58:00,75.1,75.1,73.7,73.7,450,21.617232,48900,4050.0,4050.0
2025-07-18 11:59:00,73.7,73.7,73.7,73.7,0,21.617232,48900,4050.3,4050.0
2025-07-18 12:00:00,73.7,73.7,73.7,73.7,0,21.617232,48900,4050.5,4050.0
2025-07-18 12:01:00,73.7,73.7,73.7,73.7,0,21.617232,48900,4050.5,4050.0
2025-07-18 12:02:00,73.7,73.7,73.7,73.7,0,21.617232,48900,4050.5,4050.0
2025-07-18 12:03:00,73.7,73.7,73.7,73.7,0,21.617232,48900,4050.5,4050.0
2025-07-18 12:04:00,73.7,74.0,73.7,74.0,600,21.630691,48750,4050.5,4050.0
2025-07-18 12:05:00,74.0,74.0,73.7,73.7,300,21.622159,48750,4050.0,4050.0
2025-07-18 12:06:00,73.7,73.7,73.7,73.7,0,21.622159,48750,4050.3,4050.0
2025-07-18 12:07:00,73.7,73.7,73.7,73.7,0,21.622159,48750,4050.3,4050.0
2025-07-18 12:08:00,73.7,73.7,73.7,73.7,0,21.622159,48750,4050.4,4050.0
2025-07-18 12:09:00,73.7,73.7,73.7,73.7,0,21.622159,48750,4051.0,4050.0
2025-07-18 12:10:00,73.7,73.7,73.7,73.7,0,21.622159,48750,4050.0,4050.0
2025-07-18 12:11:00,74.7,74.7,74.7,74.7,150,21.954504,48900,4050.0,4050.0
2025-07-18 12:12:00,74.7,74.7,74.7,74.7,0,21.954504,48900,4050.0,4050.0
2025-07-18 12:13:00,74.7,74.7,74.7,74.7,0,21.954504,48900,4050.0,4050.0
2025-07-18 12:14:00,74.7,74.7,74.7,74.7,0,21.954504,48900,4050.0,4050.0
2025-07-18 12:15:00,74.7,74.7,74.7,74.7,0,21.954504,48900,4050.1,4050.0
2025-07-18 12:16:00,74.7,74.7,74.7,74.7,0,21.954504,48900,4050.9,4050.0
2025-07-18 12:17:00,74.7,74.7,74.7,74.7,0,21.954504,48900,4051.0,4050.0
2025-07-18 12:18:00,74.7,74.7,74.7,74.7,0,21.954504,48900,4050.9,4050.0
2025-07-18 12:19:00,74.7,74.7,74.7,74.7,0,21.954504,48900,4050.1,4050.0
2025-07-18 12:20:00,74.7,74.7,73.9,73.9,150,21.591267,48750,4050.6,4050.0
2025-07-18 12:21:00,73.9,73.9,73.9,73.9,0,21.591267,48750,4050.0,4050.0
2025-07-18 12:22:00,73.9,73.9,73.9,73.9,0,21.591267,48750,4050.6,4050.0
2025-07-18 12:23:00,73.9,73.9,73.9,73.9,0,21.591267,48750,4050.0,4050.0
2025-07-18 12:24:00,73.9,73.9,73.9,73.9,0,21.591267,48750,4050.0,4050.0
2025-07-18 12:25:00,73.9,73.9,73.9,73.9,0,21.591267,48750,4050.0,4050.0
2025-07-18 12:26:00,73.9,75.0,73.9,75.0,150,21.903026,48750,4050.9,4050.0
2025-07-18 12:27:00,75.0,75.0,75.0,75.0,0,21.903026,48750,4050.4,4050.0
2025-07-18 12:28:00,75.0,75.0,75.0,75.0,0,21.903026,48750,4050.0,4050.0
2025-07-18 12:29:00,75.0,75.0,74.75,74.75,150,21.876713,48750,4050.6,4050.0
2025-07-18 12:30:00,74.75,74.75,74.75,74.75,0,21.876713,48750,4051.6,4050.0
2025-07-18 12:31:00,74.75,74.75,74.75,74.75,0,21.876713,48750,4050.5,4050.0
2025-07-18 12:32:00,74.75,74.75,74.75,74.75,0,21.876713,48750,4050.0,4050.0
2025-07-18 12:33:00,74.75,74.75,74.75,74.75,0,21.876713,48750,4050.0,4050.0
2025-07-18 12:34:00,74.75,74.75,74.75,74.75,0,21.876713,48750,4050.0,4050.0
2025-07-18 12:35:00,74.75,74.75,74.75,74.75,0,21.876713,48750,4050.0,4050.0
2025-07-18 12:36:00,74.75,74.75,74.75,74.75,0,21.876713,48750,4050.1,4050.0
2025-07-18 12:37:00,74.75,74.75,74.75,74.75,0,21.876713,48750,4050.8,4050.0
2025-07-18 12:38:00,74.75,74.75,74.75,74.75,0,21.876713,48750,4050.3,4050.0
2025-07-18 12:39:00,74.75,74.75,74.75,74.75,0,21.876713,48750,4050.0,4050.0
2025-07-18 12:40:00,74.75,74.75,74.75,74.75,0,21.876713,48750,4050.0,4050.0
2025-07-18 12:41:00,74.75,74.75,74.75,74.75,150,21.992329,48600,4050.0,4050.0
2025-07-18 12:42:00,74.75,74.75,74.75,74.75,0,21.992329,48600,4051.1,4050.0
2025-07-18 12:43:00,74.75,74.75,74.75,74.75,0,21.992329,48600,4050.0,4050.0
2025-07-18 12:44:00,74.75,74.75,74.75,74.75,0,21.992329,48600,4050.0,4050.0
2025-07-18 12:45:00,74.75,74.75,74.75,74.75,0,21.992329,48600,4050.0,4050.0
2025-07-18 12:46:00,74.75,74.75,74.75,74.75,0,21.992329,48600,4050.0,4050.0
2025-07-18 12:47:00,74.75,74.75,74.75,74.75,0,21.992329,48600,4050.0,4050.0
2025-07-18 12:48:00,74.75,74.75,74.75,74.75,0,21.992329,48600,4050.1,4050.0
2025-07-18 12:49:00,74.75,74.75,74.75,74.75,0,21.992329,48600,4050.3,4050.0
2025-07-18 12:50:00,74.75,74.75,74.75,74.75,0,21.992329,48600,4050.0,4050.0
2025-07-18 12:51:00,74.75,74.75,74.75,74.75,0,21.992329,48600,4050.0,4050.0
2025-07-18 12:52:00,74.75,74.75,74.75,74.75,0,21.992329,48600,4050.0,4050.0
2025-07-18 12:53:00,74.75,74.75,74.75,74.75,0,21.992329,48600,4050.0,4050.0
2025-07-18 12:54:00,74.75,74.75,74.75,74.75,0,21.992329,48600,4050.0,4050.0
2025-07-18 12:55:00,74.75,74.75,74.75,74.75,0,21.992329,48600,4050.0,4050.0
2025-07-18 12:56:00,74.75,74.75,74.75,74.75,0,21.992329,48600,4052.0,4050.0
2025-07-18 12:57:00,74.75,74.75,73.25,73.25,450,21.510992,48600,4050.0,4050.0
2025-07-18 12:58:00,73.25,73.25,73.25,73.25,0,21.510992,48600,4050.1,4050.0
2025-07-18 12:59:00,73.25,73.25,73.25,73.25,0,21.510992,48600,4051.2,4050.0
2025-07-18 13:00:00,73.25,73.25,73.25,73.25,0,21.510992,48600,4051.2,4050.0
2025-07-18 13:01:00,73.25,73.25,73.25,73.25,0,21.510992,48600,4051.2,4050.0
2025-07-18 13:02:00,73.25,73.25,73.25,73.25,0,21.510992,48600,4051.2,4050.0
2025-07-18 13:03:00,74.45,74.45,74.45,74.45,150,21.730729,48900,4051.0,4050.0
2025-07-18 13:04:00,74.45,74.45,74.45,74.45,0,21.730729,48900,4051.1,4050.0
2025-07-18 13:05:00,74.45,74.45,74.45,74.45,0,21.730729,48900,4051.1,4050.0
2025-07-18 13:06:00,74.45,74.45,74.45,74.45,0,21.730729,48900,4051.1,4050.0
2025-07-18 13:07:00,74.45,74.45,74.45,74.45,0,21.730729,48900,4051.1,4050.0
2025-07-18 13:08:00,74.45,74.45,74.45,74.45,0,21.730729,48900,4051.0,4050.0
2025-07-18 13:09:00,74.45,74.45,74.45,74.45,0,21.730729,48900,4050.0,4050.0
2025-07-18 13:10:00,74.45,74.45,73.8,73.8,300,21.70089,49050,4050.0,4050.0
2025-07-18 13:11:00,73.8,73.8,73.8,73.8,0,21.70089,49050,4051.4,4050.0
2025-07-18 13:12:00,73.8,73.8,73.8,73.8,0,21.70089,49050,4050.1,4050.0
2025-07-18 13:13:00,73.8,73.8,73.8,73.8,0,21.70089,49050,4050.1,4050.0
2025-07-18 13:14:00,73.8,73.8,73.8,73.8,0,21.70089,49050,4050.0,4050.0
2025-07-18 13:15:00,73.8,73.8,73.8,73.8,0,21.70089,49050,4050.1,4050.0
2025-07-18 13:16:00,73.8,73.8,73.8,73.8,0,21.70089,49050,4050.0,4050.0
2025-07-18 13:17:00,73.8,73.8,73.8,73.8,0,21.70089,49050,4050.0,4050.0
2025-07-18 13:18:00,73.8,73.8,73.8,73.8,0,21.70089,49050,4050.0,4050.0
2025-07-18 13:19:00,73.8,73.8,73.8,73.8,0,21.70089,49050,4050.0,4050.0
2025-07-18 13:20:00,73.8,73.8,73.8,73.8,0,21.70089,49050,4051.0,4050.0
2025-07-18 13:21:00,73.8,73.8,73.8,73.8,0,21.70089,49050,4050.0,4050.0
2025-07-18 13:22:00,73.8,73.8,73.8,73.8,0,21.70089,49050,4050.3,4050.0
2025-07-18 13:23:00,73.8,73.8,73.8,73.8,0,21.70089,49050,4050.0,4050.0
2025-07-18 13:24:00,73.8,73.8,72.95,72.95,450,21.431353,49200,4050.0,4050.0
2025-07-18 13:25:00,72.95,72.95,72.95,72.95,0,21.431353,49200,4050.0,4050.0
2025-07-18 13:26:00,72.95,72.95,72.95,72.95,0,21.431353,49200,4050.0,4050.0
2025-07-18 13:27:00,72.95,72.95,72.95,72.95,0,21.431353,49200,4050.0,4050.0
2025-07-18 13:28:00,72.95,72.95,72.95,72.95,150,21.43416,49050,4050.0,4050.0
2025-07-18 13:29:00,72.95,72.95,72.55,72.55,150,21.303326,49200,4050.0,4050.0
2025-07-18 13:30:00,72.55,72.55,72.55,72.55,0,21.303326,49200,4050.0,4050.0
2025-07-18 13:31:00,72.55,72.55,72.55,72.55,0,21.303326,49200,4050.8,4050.0
2025-07-18 13:32:00,72.55,72.55,72.55,72.55,0,21.303326,49200,4050.7,4050.0
2025-07-18 13:33:00,72.55,72.55,72.55,72.55,0,21.303326,49200,4051.7,4050.0
2025-07-18 13:34:00,72.55,72.55,72.55,72.55,0,21.303326,49200,4050.3,4050.0
2025-07-18 13:35:00,72.55,72.55,72.55,72.55,0,21.303326,49200,4050.3,4050.0
2025-07-18 13:36:00,72.55,72.55,72.55,72.55,0,21.303326,49200,4050.2,4050.0
2025-07-18 13:37:00,72.55,72.55,72.55,72.55,0,21.303326,49200,4050.2,4050.0
2025-07-18 13:38:00,72.55,72.55,72.55,72.55,0,21.303326,49200,4050.2,4050.0
2025-07-18 13:39:00,72.55,72.55,72.55,72.55,0,21.303326,49200,4050.2,4050.0
2025-07-18 13:40:00,72.55,72.55,72.55,72.55,0,21.303326,49200,4050.2,4050.0
2025-07-18 13:41:00,72.55,72.55,72.55,72.55,0,21.303326,49200,4050.3,4050.0
2025-07-18 13:42:00,72.55,72.55,72.55,72.55,0,21.303326,49200,4050.3,4050.0
2025-07-18 13:43:00,72.55,72.55,72.55,72.55,0,21.303326,49200,4050.2,4050.0
2025-07-18 13:44:00,72.55,72.55,72.55,72.55,0,21.303326,49200,4050.8,4050.0
2025-07-18 13:45:00,75.0,75.0,75.0,75.0,150,22.013206,49050,4050.6,4050.0
2025-07-18 13:46:00,75.0,75.0,75.0,75.0,0,22.013206,49050,4051.4,4050.0
2025-07-18 13:47:00,75.0,75.0,75.0,75.0,0,22.013206,49050,4050.0,4050.0
2025-07-18 13:48:00,75.0,75.0,75.0,75.0,0,22.013206,49050,4050.0,4050.0
2025-07-18 13:49:00,75.0,75.0,75.0,75.0,0,22.013206,49050,4050.0,4050.0
2025-07-18 13:50:00,75.0,75.0,75.0,75.0,0,22.013206,49050,4050.0,4050.0
2025-07-18 13:51:00,75.0,75.0,75.0,75.0,0,22.013206,49050,4050.0,4050.0
2025-07-18 13:52:00,75.0,75.0,75.0,75.0,0,22.013206,49050,4050.1,4050.0
2025-07-18 13:53:00,75.05,75.05,75.05,75.05,600,22.142619,49050,4050.0,4050.0
2025-07-18 13:54:00,75.05,75.05,75.05,75.05,0,22.142619,49050,4050.0,4050.0
2025-07-18 13:55:00,75.05,75.05,75.05,75.05,0,22.142619,49050,4050.0,4050.0
2025-07-18 13:56:00,75.05,75.05,75.05,75.05,0,22.142619,49050,4050.0,4050.0
2025-07-18 13:57:00,75.05,75.05,75.05,75.05,0,22.142619,49050,4050.0,4050.0
2025-07-18 13:58:00,75.05,75.05,75.05,75.05,0,22.142619,49050,4050.0,4050.0
2025-07-18 13:59:00,75.05,75.05,75.05,75.05,0,22.142619,49050,4050.2,4050.0
2025-07-18 14:00:00,75.05,75.05,75.05,75.05,0,22.142619,49050,4050.0,4050.0
2025-07-18 14:01:00,75.05,75.05,75.05,75.05,0,22.142619,49050,4050.0,4050.0
2025-07-18 14:02:00,73.05,73.05,73.05,73.05,150,21.490964,49200,4050.0,4050.0
2025-07-18 14:03:00,72.65,72.65,72.65,72.65,150,21.360019,49200,4050.0,4050.0
2025-07-18 14:04:00,72.65,72.65,72.65,72.65,0,21.360019,49200,4050.0,4050.0
2025-07-18 14:05:00,70.5,71.9,70.5,71.9,1200,21.114548,49200,4050.0,4050.0
2025-07-18 14:06:00,71.65,71.65,71.55,71.55,300,21.000024,49200,4050.0,4050.0
2025-07-18 14:07:00,71.55,71.9,71.55,71.9,300,21.115937,48600,4050.0,4050.0
2025-07-18 14:08:00,71.9,71.9,71.85,71.85,150,21.100172,48600,4050.0,4050.0
2025-07-18 14:09:00,70.9,70.9,70.9,70.9,300,20.788094,48600,4050.0,4050.0
2025-07-18 14:10:00,70.9,70.9,70.9,70.9,0,20.788094,48600,4045.0,4050.0
2025-07-18 14:11:00,67.3,67.3,66.25,66.25,2400,21.515817,49200,4037.0,4050.0
2025-07-18 14:12:00,66.25,69.0,66.25,69.0,300,21.466145,49200,4042.6,4050.0
2025-07-18 14:13:00,69.1,69.7,69.1,69.7,300,21.731308,49200,4042.4,4050.0
2025-07-18 14:14:00,68.6,68.6,68.6,68.6,150,21.61119,49950,4041.0,4050.0
2025-07-18 14:15:00,68.6,68.6,68.5,68.5,300,21.749894,49950,4040.0,4050.0
2025-07-18 14:16:00,68.5,68.5,68.5,68.5,0,21.749894,49950,4039.0,4050.0
2025-07-18 14:17:00,68.5,68.5,67.65,67.85,300,21.588886,49800,4039.7,4050.0
2025-07-18 14:18:00,67.85,67.85,67.0,67.0,150,21.344394,49800,4039.5,4050.0
2025-07-18 14:19:00,67.0,68.2,67.0,68.2,450,21.993511,49950,4038.0,4050.0
2025-07-18 14:20:00,68.2,68.2,68.2,68.2,0,21.993511,49950,4038.2,4050.0
2025-07-18 14:21:00,68.2,68.2,68.2,68.2,0,21.993511,49950,4038.0,4050.0
2025-07-18 14:22:00,68.2,68.2,68.2,68.2,0,21.993511,49950,4039.5,4050.0
2025-07-18 14:23:00,68.2,68.2,68.2,68.2,0,21.993511,49950,4040.4,4050.0
2025-07-18 14:24:00,68.05,68.05,68.05,68.05,150,21.4375,49800,4041.0,4050.0
2025-07-18 14:25:00,68.0,68.0,68.0,68.0,150,21.250041,49800,4042.0,4050.0
2025-07-18 14:26:00,68.0,68.95,68.0,68.95,150,21.666047,49650,4041.4,4050.0
2025-07-18 14:27:00,68.95,68.95,68.95,68.95,0,21.666047,49650,4040.3,4050.0
2025-07-18 14:28:00,68.95,68.95,68.95,68.95,0,21.666047,49650,4042.4,4050.0
2025-07-18 14:29:00,68.95,68.95,68.95,68.95,0,21.666047,49650,4040.4,4050.0
2025-07-18 14:30:00,70.3,70.3,70.3,70.3,150,22.232437,49650,4040.7,4050.0
2025-07-18 14:31:00,70.45,70.45,70.35,70.35,450,22.249587,49650,4040.7,4050.0
2025-07-18 14:32:00,70.35,72.0,70.35,72.0,300,22.397149,49650,4043.0,4050.0
2025-07-18 14:33:00,72.1,72.75,72.1,72.75,300,22.488559,49650,4043.9,4050.0
2025-07-18 14:34:00,72.75,74.2,72.75,73.7,900,22.295049,49800,4046.8,4050.0
2025-07-18 14:35:00,73.7,73.7,73.7,73.7,0,22.295049,49800,4044.6,4050.0
2025-07-18 14:36:00,73.7,73.9,73.7,73.9,1500,22.729788,49800,4044.7,4050.0
2025-07-18 14:37:00,73.9,73.9,73.15,73.15,150,22.414168,50700,4045.1,4050.0
2025-07-18 14:38:00,73.15,73.15,73.15,73.15,0,22.414168,50700,4044.9,4050.0
2025-07-18 14:39:00,73.15,73.15,73.15,73.15,0,22.414168,50700,4044.4,4050.0
2025-07-18 14:40:00,72.1,76.3,72.1,76.3,1800,22.22957,50850,4052.0,4050.0
2025-07-18 14:41:00,77.0,79.95,77.0,79.95,1950,21.436223,50850,4062.8,4050.0
2025-07-18 14:42:00,79.95,82.95,79.95,81.15,2250,21.548864,50850,4064.3,4050.0
2025-07-18 14:43:00,81.15,82.2,81.15,82.15,2700,21.164975,51900,4068.0,4050.0
2025-07-18 14:44:00,82.15,83.85,82.15,83.05,1350,20.992786,51900,4070.4,4050.0
2025-07-18 14:45:00,82.9,84.2,81.8,83.25,2850,21.139932,51900,4070.0,4050.0
2025-07-18 14:46:00,83.25,84.0,82.5,82.5,2700,21.750784,53400,4065.6,4050.0
2025-07-18 14:47:00,82.5,82.5,81.55,81.6,600,21.606078,53400,4064.8,4050.0
2025-07-18 14:48:00,81.6,81.6,80.75,80.75,2250,21.188622,53400,4065.5,4050.0
2025-07-18 14:49:00,80.75,81.1,80.75,81.1,150,20.798596,53400,4068.1,4050.0
2025-07-18 14:50:00,81.1,82.0,80.85,82.0,2400,21.412758,52950,4066.5,4050.0
2025-07-18 14:51:00,82.0,82.0,82.0,82.0,0,21.412758,52950,4068.4,4050.0
2025-07-18 14:52:00,82.0,82.0,82.0,82.0,0,21.412758,52950,4067.9,4050.0
2025-07-18 14:53:00,82.0,83.05,82.0,83.05,300,20.879545,52650,4071.0,4050.0
2025-07-18 14:54:00,83.05,83.05,82.2,82.2,450,21.032142,52650,4068.8,4050.0
2025-07-18 14:55:00,82.2,82.2,73.25,73.25,2400,22.021057,51600,4047.6,4050.0
2025-07-18 14:56:00,73.25,74.25,73.25,74.25,600,21.924545,51600,4050.0,4050.0
2025-07-18 14:57:00,74.0,74.8,74.0,74.8,2700,21.692987,51600,4052.3,4050.0
2025-07-18 14:58:00,74.8,75.0,74.0,74.0,900,22.021962,53100,4049.0,4050.0
2025-07-18 14:59:00,74.0,74.0,73.1,73.1,1800,21.529783,53100,4050.1,4050.0
2025-07-18 15:00:00,73.1,76.0,73.0,73.0,750,22.048236,53100,4047.0,4050.0
2025-07-18 15:01:00,73.0,73.95,73.0,73.95,750,22.273531,53100,4047.5,4050.0
2025-07-18 15:02:00,74.0,74.0,74.0,74.0,300,22.273057,53400,4047.6,4050.0
2025-07-18 15:03:00,73.75,73.75,73.75,73.75,450,22.244431,53400,4047.3,4050.0
2025-07-18 15:04:00,73.75,73.75,73.75,73.75,150,22.298051,53400,4047.0,4050.0
2025-07-18 15:05:00,73.75,73.75,73.1,73.1,150,22.243035,53550,4046.1,4050.0
2025-07-18 15:06:00,74.15,74.15,73.3,73.3,300,22.414719,53550,4045.5,4050.0
2025-07-18 15:07:00,73.8,73.8,73.8,73.8,150,22.299068,53550,4047.1,4050.0
2025-07-18 15:08:00,73.8,73.8,73.8,73.8,0,22.299068,53550,4049.5,4050.0
2025-07-18 15:09:00,73.8,73.8,73.8,73.8,0,22.299068,53550,4051.5,4050.0
2025-07-18 15:10:00,73.8,73.8,73.8,73.8,0,22.299068,53550,4048.6,4050.0
2025-07-18 15:11:00,74.5,75.75,74.5,75.75,450,22.142782,53100,4051.6,4050.0
2025-07-18 15:12:00,75.75,75.75,75.75,75.75,0,22.142782,53100,4051.7,4050.0
2025-07-18 15:13:00,76.0,76.0,76.0,76.0,300,22.244701,53100,4051.5,4050.0
2025-07-18 15:14:00,75.4,75.4,75.4,75.4,900,21.758147,52950,4053.1,4050.0
2025-07-18 15:15:00,75.4,75.4,74.85,75.0,300,22.060096,52950,4050.7,4050.0
2025-07-18 15:16:00,73.1,73.1,72.15,72.15,1650,21.762138,53550,4047.1,4050.0
2025-07-18 15:17:00,72.15,72.15,72.15,72.15,0,21.762138,53550,4047.1,4050.0
2025-07-18 15:18:00,72.15,73.0,72.15,73.0,600,22.078815,53550,4046.9,4050.0
2025-07-18 15:19:00,73.85,73.85,73.85,73.85,300,22.324253,53550,4047.1,4050.0
2025-07-18 15:20:00,73.85,73.85,73.6,73.6,150,22.348287,54000,4046.5,4050.0
2025-07-18 15:21:00,73.6,73.6,73.4,73.4,300,22.388503,54000,4045.9,4050.0
2025-07-18 15:22:00,73.0,73.0,73.0,73.0,750,22.310083,54000,4045.6,4050.0
2025-07-18 15:23:00,73.0,73.0,73.0,73.0,0,22.310083,54000,4051.0,4050.0
2025-07-18 15:24:00,73.35,74.0,73.35,74.0,450,22.5532,54300,4046.1,4050.0
2025-07-18 15:25:00,74.0,74.0,74.0,74.0,0,22.5532,54300,4046.6,4050.0
2025-07-18 15:26:00,74.0,74.0,73.1,73.1,300,22.450844,54300,4045.0,4050.0
2025-07-18 15:27:00,73.1,73.1,73.1,73.1,0,22.450844,54300,4045.2,4050.0
2025-07-18 15:28:00,72.2,73.0,72.2,73.0,2100,22.401906,54300,4045.1,4050.0
2025-07-18 15:29:00,73.0,73.0,73.0,73.0,300,21.892306,54300,4048.0,4050.0
2025-07-21 09:17:00,69.95,70.0,69.95,69.95,750,26.316858,52650,4036.4,4050.0
2025-07-21 09:18:00,69.95,69.95,69.95,69.95,150,26.224477,52350,4036.9,4050.0
2025-07-21 09:19:00,71.1,71.1,71.1,71.1,300,26.067804,52350,4040.0,4050.0
2025-07-21 09:20:00,73.7,75.7,68.7,68.7,1200,26.339331,52350,4033.8,4050.0
2025-07-21 09:21:00,68.7,68.7,68.7,68.7,0,26.339331,52350,4036.9,4050.0
2025-07-21 09:22:00,68.7,69.75,68.1,68.1,600,26.063557,52500,4034.1,4050.0
2025-07-21 09:23:00,68.75,68.75,68.75,68.75,150,26.856832,52500,4031.1,4050.0
2025-07-21 09:24:00,94.2,94.2,92.2,92.2,750,27.321277,79950,4024.1,4000.0
2025-07-21 09:25:00,90.2,93.95,88.4,88.4,4050,25.672845,80100,4025.0,4000.0
2025-07-21 09:26:00,89.0,90.85,89.0,90.55,1500,26.538832,80100,4024.8,4000.0
2025-07-21 09:27:00,66.55,68.65,66.55,68.65,900,26.640833,52950,4032.1,4050.0
2025-07-21 09:28:00,67.7,67.7,67.55,67.55,300,25.717712,53850,4034.9,4050.0
2025-07-21 09:29:00,67.55,68.45,67.4,67.4,300,26.489712,53850,4030.4,4050.0
2025-07-21 09:30:00,67.4,69.0,67.4,69.0,450,26.423916,53850,4034.0,4050.0
2025-07-21 09:31:00,69.0,69.0,69.0,69.0,0,26.423916,53850,4030.6,4050.0
2025-07-21 09:32:00,68.15,68.15,68.15,68.15,1350,26.570412,53850,4031.5,4050.0
2025-07-21 09:33:00,68.15,68.15,66.0,66.0,300,26.552642,53850,4027.2,4050.0
2025-07-21 09:34:00,66.0,66.0,64.85,64.85,150,26.412515,54900,4025.6,4050.0
2025-07-21 09:35:00,66.8,66.8,66.6,66.6,900,26.180661,54900,4030.5,4050.0
2025-07-21 09:36:00,66.6,67.4,66.6,67.15,900,26.185102,54900,4031.6,4050.0
2025-07-21 09:37:00,67.15,67.5,67.0,67.0,1350,26.712219,55050,4028.4,4050.0
2025-07-21 09:38:00,67.0,67.0,64.9,64.9,300,25.932793,55050,4028.4,4050.0
2025-07-21 09:39:00,64.9,64.9,64.9,64.9,0,25.932793,55050,4026.7,4050.0
2025-07-21 09:40:00,64.9,66.6,64.9,65.6,450,26.500892,55200,4026.7,4050.0
2025-07-21 09:41:00,65.6,65.6,65.6,65.6,0,26.500892,55200,4026.1,4050.0
2025-07-21 09:42:00,65.6,66.0,65.6,66.0,150,26.52597,55500,4027.4,4050.0
2025-07-21 09:43:00,66.0,66.0,64.65,64.65,150,26.150572,55500,4026.7,4050.0
2025-07-21 09:44:00,64.65,65.0,64.65,65.0,450,26.317648,55500,4026.5,4050.0
2025-07-21 09:45:00,65.0,65.0,63.0,63.0,750,25.034974,55500,4029.5,4050.0
2025-07-21 09:46:00,63.0,63.0,63.0,63.0,0,25.034974,55500,4027.6,4050.0
2025-07-21 09:47:00,63.0,63.8,63.0,63.8,450,26.106269,55500,4025.2,4050.0
2025-07-21 09:48:00,63.8,64.0,63.8,64.0,450,25.35521,55500,4029.8,4050.0
2025-07-21 09:49:00,66.0,66.0,66.0,66.0,1050,24.9596,55650,4036.0,4050.0
2025-07-21 09:50:00,68.2,68.2,68.2,68.2,300,26.147735,55650,4034.0,4050.0
2025-07-21 09:51:00,67.85,67.85,67.85,67.85,300,25.944891,55650,4034.4,4050.0
2025-07-21 09:52:00,67.85,68.8,67.85,68.8,750,26.00107,55800,4036.0,4050.0
2025-07-21 09:53:00,68.8,71.05,68.8,71.05,900,26.008165,55800,4040.4,4050.0
2025-07-21 09:54:00,71.05,72.0,70.2,72.0,450,26.113597,56250,4041.7,4050.0
2025-07-21 09:55:00,72.0,72.0,72.0,72.0,150,26.722078,56250,4038.5,4050.0
2025-07-21 09:56:00,72.0,72.0,72.0,72.0,0,26.722078,56250,4040.0,4050.0
2025-07-21 09:57:00,72.0,72.0,71.4,71.4,300,25.836878,56250,4042.0,4050.0
2025-07-21 09:58:00,72.05,73.55,72.05,73.55,300,25.647856,56400,4047.1,4050.0
2025-07-21 09:59:00,73.55,73.55,73.55,73.55,0,25.647856,56400,4046.5,4050.0
2025-07-21 10:00:00,73.4,73.4,72.55,72.55,300,25.552308,56400,4045.7,4050.0
2025-07-21 10:01:00,72.55,72.55,72.35,72.35,150,27.177724,56700,4036.8,4050.0
2025-07-21 10:02:00,71.7,71.7,71.7,71.7,1650,25.953206,56700,4042.0,4050.0
2025-07-21 10:03:00,71.7,71.7,71.3,71.3,450,26.338637,56700,4039.2,4050.0
2025-07-21 10:04:00,71.3,71.3,69.8,69.8,750,26.159933,58050,4037.2,4050.0
2025-07-21 10:05:00,69.8,69.8,69.8,69.8,0,26.159933,58050,4036.8,4050.0
2025-07-21 10:06:00,69.8,69.8,68.0,68.0,600,26.823877,58050,4030.0,4050.0
2025-07-21 10:07:00,66.4,66.6,65.0,65.0,900,25.890943,58500,4029.0,4050.0
2025-07-21 10:08:00,65.0,65.7,65.0,65.5,450,26.168372,58500,4028.5,4050.0
2025-07-21 10:09:00,65.5,65.5,65.5,65.5,0,26.168372,58500,4034.9,4050.0
2025-07-21 10:10:00,67.95,67.95,67.6,67.6,1200,26.258752,58650,4032.3,4050.0
2025-07-21 10:11:00,67.6,67.6,67.6,67.6,0,26.258752,58650,4034.0,4050.0
2025-07-21 10:12:00,67.6,67.6,67.5,67.5,150,25.891859,58650,4034.1,4050.0
2025-07-21 10:13:00,67.5,67.5,67.5,67.5,0,25.891859,58650,4036.6,4050.0
2025-07-21 10:14:00,67.5,67.5,67.5,67.5,0,25.891859,58650,4035.2,4050.0
2025-07-21 10:15:00,67.25,67.25,67.25,67.25,150,26.152211,59100,4032.2,4050.0
2025-07-21 10:16:00,67.0,67.0,67.0,67.0,150,26.06034,58950,4032.2,4050.0
2025-07-21 10:17:00,67.0,67.1,67.0,67.1,150,25.859246,58950,4033.5,4050.0
2025-07-21 10:18:00,66.45,66.45,66.0,66.0,450,25.414753,58950,4033.7,4050.0
2025-07-21 10:19:00,66.0,66.0,66.0,66.0,0,25.414753,58950,4032.4,4050.0
2025-07-21 10:20:00,66.0,67.45,66.0,67.45,300,26.213295,59100,4032.3,4050.0
2025-07-21 10:21:00,67.45,67.45,65.8,65.8,300,26.021304,58650,4030.0,4050.0
2025-07-21 10:22:00,65.8,65.8,65.55,65.55,150,26.092704,58650,4029.1,4050.0
2025-07-21 10:23:00,65.0,65.0,64.9,64.9,3450,26.086717,58650,4027.8,4050.0
2025-07-21 10:24:00,64.9,64.9,64.9,64.9,0,26.086717,58650,4029.0,4050.0
2025-07-21 10:25:00,64.9,64.9,64.9,64.9,0,26.086717,58650,4032.8,4050.0
2025-07-21 10:26:00,64.9,64.9,64.9,64.9,0,26.086717,58650,4030.5,4050.0
2025-07-21 10:27:00,64.9,65.0,64.9,65.0,150,26.037822,61350,4028.3,4050.0
2025-07-21 10:28:00,65.0,65.0,65.0,65.0,150,25.730805,61500,4030.0,4050.0
2025-07-21 10:29:00,65.35,65.35,65.05,65.05,1200,25.931872,61500,4029.0,4050.0
2025-07-21 10:30:00,64.05,64.05,63.5,63.5,1200,25.89539,61650,4026.0,4050.0
2025-07-21 10:31:00,63.5,65.35,63.5,65.35,1050,26.586024,61650,4026.0,4050.0
2025-07-21 10:32:00,65.35,65.35,64.0,64.2,600,26.140475,61650,4026.1,4050.0
2025-07-21 10:33:00,64.2,65.15,64.2,65.15,150,26.081726,61650,4028.4,4050.0
2025-07-21 10:34:00,64.45,64.45,64.45,64.45,150,25.56853,62100,4029.8,4050.0
2025-07-21 10:35:00,64.45,65.65,64.45,64.5,1050,25.986004,62100,4027.6,4050.0
2025-07-21 10:36:00,64.5,65.0,64.25,64.25,450,26.145296,62100,4026.2,4050.0
2025-07-21 10:37:00,64.25,66.4,64.25,66.4,150,25.968741,63150,4031.6,4050.0
2025-07-21 10:38:00,66.4,66.4,66.4,66.4,0,25.968741,63150,4033.0,4050.0
2025-07-21 10:39:00,66.95,66.95,66.25,66.25,450,26.152505,63150,4030.3,4050.0
2025-07-21 10:40:00,66.25,66.25,66.0,66.0,750,25.932769,63300,4031.0,4050.0
2025-07-21 10:41:00,67.6,67.6,66.7,66.7,600,25.271005,63300,4036.0,4050.0
2025-07-21 10:42:00,68.6,68.6,67.7,68.6,1350,26.127027,64200,4035.2,4050.0
2025-07-21 10:43:00,68.6,68.6,66.9,67.75,450,25.756345,64200,4035.5,4050.0
2025-07-21 10:44:00,67.75,68.6,67.75,68.6,900,25.302684,64200,4039.6,4050.0
2025-07-21 10:45:00,68.6,68.6,68.6,68.6,0,25.302684,64200,4038.6,4050.0
2025-07-21 10:46:00,68.6,68.6,68.6,68.6,0,25.302684,64200,4033.1,4050.0
2025-07-21 10:47:00,68.6,68.8,68.5,68.8,1050,26.577299,63900,4033.2,4050.0
2025-07-21 10:48:00,68.8,68.8,68.8,68.8,0,26.577299,63900,4034.0,4050.0
2025-07-21 10:49:00,68.8,68.8,67.95,67.95,150,26.72252,64500,4030.7,4050.0
2025-07-21 10:50:00,66.3,66.3,65.9,65.9,900,25.446575,64500,4033.5,4050.0
2025-07-21 10:51:00,65.9,65.9,65.9,65.9,0,25.446575,64500,4034.6,4050.0
2025-07-21 10:52:00,65.9,67.6,65.0,65.0,1200,25.718671,64500,4030.2,4050.0
2025-07-21 10:53:00,65.65,65.65,65.65,65.65,750,25.834007,64500,4030.9,4050.0
2025-07-21 10:54:00,65.65,65.65,65.65,65.65,0,25.834007,64500,4035.4,4050.0
2025-07-21 10:55:00,65.65,65.65,65.65,65.65,0,25.834007,64500,4031.6,4050.0
2025-07-21 10:56:00,65.65,66.9,65.65,66.9,150,26.430212,64500,4030.2,4050.0
2025-07-21 10:57:00,66.9,66.9,66.9,66.9,0,26.430212,64500,4032.0,4050.0
2025-07-21 10:58:00,66.9,66.9,66.9,66.9,0,26.430212,64500,4033.5,4050.0
2025-07-21 10:59:00,66.9,66.9,66.9,66.9,0,26.430212,64500,4033.0,4050.0
2025-07-21 11:00:00,66.9,66.9,66.9,66.9,0,26.430212,64500,4031.4,4050.0
2025-07-21 11:01:00,66.9,66.9,66.9,66.9,0,26.430212,64500,4034.5,4050.0
2025-07-21 11:02:00,67.4,67.4,67.4,67.4,300,25.831461,64650,4034.5,4050.0
2025-07-21 11:03:00,67.4,67.4,67.4,67.4,0,25.831461,64650,4033.5,4050.0
2025-07-21 11:04:00,67.4,67.4,67.4,67.4,0,25.831461,64650,4033.5,4050.0
2025-07-21 11:05:00,67.4,67.4,67.4,67.4,0,25.831461,64650,4034.1,4050.0
2025-07-21 11:06:00,67.4,67.4,66.3,66.3,750,25.666859,64650,4033.2,4050.0
2025-07-21 11:07:00,67.35,67.35,66.0,66.0,450,25.887091,64650,4031.4,4050.0
2025-07-21 11:08:00,66.0,66.0,66.0,66.0,0,25.887091,64650,4031.0,4050.0
2025-07-21 11:09:00,66.0,66.0,64.8,64.8,150,25.332351,64650,4032.0,4050.0
2025-07-21 11:10:00,64.8,64.8,64.8,64.8,0,25.332351,64650,4031.1,4050.0
2025-07-21 11:11:00,64.8,64.8,64.8,64.8,0,25.332351,64650,4030.5,4050.0
2025-07-21 11:12:00,64.8,64.8,64.8,64.8,0,25.332351,64650,4033.0,4050.0
2025-07-21 11:13:00,64.8,64.8,64.8,64.8,0,25.332351,64650,4033.0,4050.0
2025-07-21 11:14:00,66.0,66.0,66.0,66.0,600,25.784178,64950,4032.0,4050.0
2025-07-21 11:15:00,92.0,92.0,85.85,85.85,600,25.687855,83100,4021.1,4000.0
2025-07-21 11:16:00,85.85,85.85,85.0,85.0,3750,25.586601,83100,4020.1,4000.0
2025-07-21 11:17:00,84.0,84.0,83.35,83.35,1650,25.5096,83100,4017.6,4000.0
2025-07-21 11:18:00,83.35,83.35,83.35,83.35,0,25.5096,83100,4021.0,4000.0
2025-07-21 11:19:00,83.35,83.35,83.35,83.35,0,25.5096,83100,4023.1,4000.0
2025-07-21 11:20:00,83.35,84.4,83.35,84.4,300,25.36192,85200,4020.1,4000.0
2025-07-21 11:21:00,85.85,86.35,85.85,86.0,750,25.795787,85200,4020.9,4000.0
2025-07-21 11:22:00,86.0,86.0,83.35,83.35,450,25.645869,85050,4017.0,4000.0
2025-07-21 11:23:00,83.35,83.35,81.95,81.95,6750,25.893453,85050,4013.4,4000.0
2025-07-21 11:24:00,82.45,82.45,81.0,81.0,1200,25.87592,85050,4011.8,4000.0
2025-07-21 11:25:00,81.0,81.0,75.3,80.9,7350,25.902823,86550,4011.5,4000.0
2025-07-21 11:26:00,80.2,80.5,79.4,79.4,1800,25.484305,86550,4010.8,4000.0
2025-07-21 11:27:00,79.4,79.4,79.4,79.4,300,24.951746,86550,4013.3,4000.0
2025-07-21 11:28:00,80.35,81.55,80.35,80.6,900,25.42951,88950,4013.2,4000.0
2025-07-21 11:29:00,80.6,82.05,80.6,82.05,900,25.787391,88950,4014.1,4000.0
2025-07-21 11:30:00,82.05,82.05,82.05,82.05,0,25.787391,88950,4015.0,4000.0
2025-07-21 11:31:00,82.05,82.05,82.05,82.05,0,25.787391,88950,4016.7,4000.0
2025-07-21 11:32:00,84.25,84.25,84.25,84.25,300,26.237414,88650,4015.9,4000.0
2025-07-21 11:33:00,84.25,84.25,83.0,83.0,150,25.349027,88650,4017.8,4000.0
2025-07-21 11:34:00,83.0,83.0,83.0,83.0,300,25.634164,88650,4016.5,4000.0
2025-07-21 11:35:00,83.85,85.0,83.85,85.0,900,26.068687,88650,4018.0,4000.0
2025-07-21 11:36:00,85.0,85.0,85.0,85.0,0,26.068687,88650,4018.3,4000.0
2025-07-21 11:37:00,85.0,85.1,85.0,85.1,150,25.867404,88650,4019.1,4000.0
2025-07-21 11:38:00,85.1,85.1,85.1,85.1,0,25.867404,88650,4019.4,4000.0
2025-07-21 11:39:00,85.1,85.1,84.25,84.25,450,25.589598,88650,4018.9,4000.0
2025-07-21 11:40:00,84.25,85.0,84.25,84.7,600,25.56348,88350,4019.8,4000.0
2025-07-21 11:41:00,84.7,84.7,84.7,84.7,300,25.630858,88350,4019.5,4000.0
2025-07-21 11:42:00,84.7,84.8,84.3,84.3,450,25.831443,88350,4017.9,4000.0
2025-07-21 11:43:00,84.3,84.3,84.3,84.3,0,25.831443,88350,4013.4,4000.0
2025-07-21 11:44:00,84.3,84.3,82.5,82.5,150,26.05972,88650,4013.7,4000.0
2025-07-21 11:45:00,82.5,82.5,82.5,82.5,150,25.802482,88650,4014.9,4000.0
2025-07-21 11:46:00,82.5,82.5,82.5,82.5,0,25.802482,88650,4016.0,4000.0
2025-07-21 11:47:00,83.9,84.55,83.9,84.55,600,26.518504,88350,4015.2,4000.0
2025-07-21 11:48:00,84.55,84.55,84.55,84.55,0,26.518504,88350,4016.0,4000.0
2025-07-21 11:49:00,84.55,84.55,84.55,84.55,0,26.518504,88350,4016.0,4000.0
2025-07-21 11:50:00,84.55,84.55,83.4,83.4,150,25.45305,88350,4018.1,4000.0
2025-07-21 11:51:00,83.4,83.4,83.4,83.4,0,25.45305,88350,4017.6,4000.0
2025-07-21 11:52:00,83.4,83.4,83.4,83.4,300,25.477081,88200,4018.0,4000.0
2025-07-21 11:53:00,83.4,83.4,83.4,83.4,0,25.477081,88200,4018.3,4000.0
2025-07-21 11:54:00,83.4,83.4,83.4,83.4,0,25.477081,88200,4018.2,4000.0
2025-07-21 11:55:00,83.4,84.4,83.4,83.7,600,25.704088,88200,4017.5,4000.0
2025-07-21 11:56:00,83.7,83.7,83.55,83.55,150,25.626101,88200,4017.6,4000.0
2025-07-21 11:57:00,85.0,85.0,84.5,84.5,450,25.282555,88200,4020.8,4000.0
2025-07-21 11:58:00,85.0,85.0,85.0,85.0,600,25.630211,88350,4020.1,4000.0
2025-07-21 11:59:00,85.0,85.0,85.0,85.0,300,25.207501,88350,4022.0,4000.0
2025-07-21 12:00:00,85.0,85.5,85.0,85.5,150,25.265172,88350,4022.6,4000.0
2025-07-21 12:01:00,85.5,86.0,85.5,86.0,300,25.569839,88350,4022.1,4000.0
2025-07-21 12:02:00,86.0,86.5,86.0,86.5,300,25.605207,88350,4022.8,4000.0
2025-07-21 12:03:00,86.5,86.5,86.5,86.5,150,25.785582,88350,4022.0,4000.0
2025-07-21 12:04:00,86.5,86.5,86.5,86.5,0,25.785582,88350,4021.4,4000.0
2025-07-21 12:05:00,85.8,85.8,85.8,85.8,150,25.743154,88650,4021.0,4000.0
2025-07-21 12:06:00,85.8,86.5,85.8,86.5,300,25.811081,88650,4021.9,4000.0
2025-07-21 12:07:00,86.5,86.5,86.5,86.5,0,25.811081,88650,4022.8,4000.0
2025-07-21 12:08:00,86.5,86.6,86.5,86.6,150,26.007514,88650,4021.2,4000.0
2025-07-21 12:09:00,86.6,86.6,86.6,86.6,0,26.007514,88650,4024.5,4000.0
2025-07-21 12:10:00,63.15,63.15,63.15,63.15,300,25.991633,68550,4025.3,4050.0
2025-07-21 12:11:00,88.7,89.1,88.7,89.1,1050,26.340522,88800,4024.0,4000.0
2025-07-21 12:12:00,89.1,89.1,86.5,86.5,450,25.862052,88800,4021.7,4000.0
2025-07-21 12:13:00,86.5,86.5,86.5,86.5,0,25.862052,88800,4022.0,4000.0
2025-07-21 12:14:00,86.5,86.5,86.5,86.5,0,25.862052,88800,4022.9,4000.0
2025-07-21 12:15:00,86.5,87.0,86.5,87.0,150,25.810259,88950,4022.8,4000.0
2025-07-21 12:16:00,87.0,87.0,87.0,87.0,0,25.810259,88950,4022.8,4000.0
2025-07-21 12:17:00,87.0,87.0,87.0,87.0,0,25.810259,88950,4022.0,4000.0
2025-07-21 12:18:00,87.0,87.0,85.1,85.1,150,25.51137,88800,4020.9,4000.0
2025-07-21 12:19:00,84.35,84.35,84.35,84.35,600,25.403699,88800,4020.1,4000.0
2025-07-21 12:20:00,84.35,86.65,84.35,86.65,450,25.613955,88800,4023.1,4000.0
2025-07-21 12:21:00,86.65,86.65,86.65,86.65,0,25.613955,88800,4023.6,4000.0
2025-07-21 12:22:00,86.65,86.65,86.65,86.65,0,25.613955,88800,4022.0,4000.0
2025-07-21 12:23:00,86.65,86.65,86.65,86.65,0,25.613955,88800,4023.9,4000.0
2025-07-21 12:24:00,86.65,86.65,86.65,86.65,0,25.613955,88800,4023.1,4000.0
2025-07-21 12:25:00,86.65,86.65,86.65,86.65,0,25.613955,88800,4023.9,4000.0
2025-07-21 12:26:00,86.65,86.65,86.65,86.65,0,25.613955,88800,4023.6,4000.0
2025-07-21 12:27:00,86.65,86.65,86.65,86.65,0,25.613955,88800,4022.0,4000.0
2025-07-21 12:28:00,86.65,86.65,86.65,86.65,0,25.613955,88800,4023.0,4000.0
2025-07-21 12:29:00,86.65,86.65,85.2,85.2,150,25.404678,88950,4021.6,4000.0
2025-07-21 12:30:00,85.2,85.2,85.2,85.2,0,25.404678,88950,4020.4,4000.0
2025-07-21 12:31:00,85.2,85.2,85.2,85.2,0,25.404678,88950,4022.0,4000.0
2025-07-21 12:32:00,85.2,85.2,85.2,85.2,0,25.404678,88950,4021.4,4000.0
2025-07-21 12:33:00,85.2,85.2,85.2,85.2,0,25.404678,88950,4020.7,4000.0
2025-07-21 12:34:00,85.2,86.2,85.2,86.2,150,25.410888,88950,4023.3,4000.0
2025-07-21 12:35:00,86.2,86.2,86.2,86.2,0,25.410888,88950,4024.0,4000.0
2025-07-21 12:36:00,86.2,86.2,86.2,86.2,0,25.410888,88950,4024.4,4000.0
2025-07-21 12:37:00,86.2,86.2,86.2,86.2,0,25.410888,88950,4023.6,4000.0
2025-07-21 12:38:00,86.2,86.2,86.15,86.15,150,25.508606,88950,4022.8,4000.0
2025-07-21 12:39:00,86.15,86.15,86.15,86.15,300,25.374302,88950,4023.4,4000.0
2025-07-21 12:40:00,86.15,86.15,86.15,86.15,0,25.374302,88950,4023.3,4000.0
2025-07-21 12:41:00,86.15,86.15,86.15,86.15,0,25.374302,88950,4023.2,4000.0
2025-07-21 12:42:00,86.15,86.15,86.15,86.15,0,25.374302,88950,4023.9,4000.0
2025-07-21 12:43:00,86.15,86.15,86.15,86.15,0,25.374302,88950,4023.5,4000.0
2025-07-21 12:44:00,86.15,86.15,85.9,85.9,300,25.283529,89100,4023.4,4000.0
2025-07-21 12:45:00,85.9,85.9,85.9,85.9,0,25.283529,89100,4023.6,4000.0
2025-07-21 12:46:00,85.9,85.9,85.9,85.9,0,25.283529,89100,4023.6,4000.0
2025-07-21 12:47:00,85.9,86.5,85.9,86.5,300,25.494346,89250,4023.5,4000.0
2025-07-21 12:48:00,86.5,86.5,86.5,86.5,0,25.494346,89250,4023.6,4000.0
2025-07-21 12:49:00,86.5,88.6,86.5,88.6,750,25.963081,89400,4025.0,4000.0
2025-07-21 12:50:00,88.6,88.6,88.6,88.6,0,25.963081,89400,4024.2,4000.0
2025-07-21 12:51:00,88.6,88.6,88.5,88.5,150,25.926777,89400,4025.0,4000.0
2025-07-21 12:52:00,88.5,88.5,88.5,88.5,0,25.926777,89400,4025.4,4050.0
2025-07-21 12:53:00,63.3,63.3,63.3,63.3,300,25.948417,70800,4026.1,4050.0
2025-07-21 12:54:00,63.3,63.3,63.3,63.3,450,25.949442,70800,4026.1,4050.0
2025-07-21 12:55:00,63.3,63.3,63.3,63.3,0,25.949442,70800,4026.2,4050.0
2025-07-21 12:56:00,63.3,63.3,63.3,63.3,0,25.949442,70800,4025.8,4050.0
2025-07-21 12:57:00,63.3,63.3,62.5,62.5,150,25.382764,71400,4027.6,4050.0
2025-07-21 12:58:00,62.5,62.5,62.5,62.5,0,25.382764,71400,4026.2,4050.0
2025-07-21 12:59:00,62.5,62.5,62.5,62.5,0,25.382764,71400,4025.0,4050.0
2025-07-21 13:00:00,62.2,62.2,62.2,62.2,900,25.561355,71400,4026.0,4050.0
2025-07-21 13:01:00,62.2,62.2,62.2,62.2,150,25.508517,71850,4026.3,4050.0
2025-07-21 13:02:00,61.5,61.5,61.5,61.5,900,25.354783,71850,4025.7,4050.0
2025-07-21 13:03:00,61.5,61.5,61.5,61.5,150,25.355787,71850,4025.7,4050.0
2025-07-21 13:04:00,61.5,61.5,61.5,61.5,0,25.355787,71850,4026.0,4050.0
2025-07-21 13:05:00,61.8,61.8,61.8,61.8,150,25.380607,71850,4026.2,4050.0
2025-07-21 13:06:00,61.8,61.8,61.8,61.8,0,25.380607,71850,4026.0,4050.0
2025-07-21 13:07:00,61.8,61.8,60.95,60.95,750,25.046089,71850,4026.3,4050.0
2025-07-21 13:08:00,60.95,61.35,60.95,61.35,150,25.250821,71850,4026.0,4050.0
2025-07-21 13:09:00,61.35,61.8,61.35,61.8,450,25.312775,71850,4026.6,4050.0
2025-07-21 13:10:00,61.5,61.8,61.5,61.5,450,25.255234,70950,4026.3,4050.0
2025-07-21 13:11:00,61.5,61.5,61.5,61.5,0,25.255234,70950,4025.2,4050.0
2025-07-21 13:12:00,61.5,61.5,61.5,61.5,0,25.255234,70950,4025.0,4050.0
2025-07-21 13:13:00,61.5,61.5,61.5,61.5,0,25.255234,70950,4025.4,4050.0
2025-07-21 13:14:00,61.5,61.5,61.5,61.5,0,25.255234,70950,4025.6,4050.0
2025-07-21 13:15:00,61.5,61.5,61.5,61.5,0,25.255234,70950,4025.0,4000.0
2025-07-21 13:16:00,61.5,61.5,61.5,61.5,0,25.255234,70950,4024.9,4000.0
2025-07-21 13:17:00,61.5,61.5,61.5,61.5,0,25.255234,70950,4024.7,4000.0
2025-07-21 13:18:00,61.5,61.5,61.5,61.5,0,25.255234,70950,4026.0,4050.0
2025-07-21 13:19:00,61.5,61.5,61.5,61.5,0,25.255234,70950,4025.2,4050.0
2025-07-21 13:20:00,61.5,61.5,61.5,61.5,0,25.255234,70950,4025.0,4050.0
2025-07-21 13:21:00,60.5,61.6,60.5,61.6,300,25.141838,71100,4027.2,4050.0
2025-07-21 13:22:00,61.6,61.6,61.6,61.6,0,25.141838,71100,4028.0,4050.0
2025-07-21 13:23:00,61.6,61.6,61.6,61.6,0,25.141838,71100,4029.6,4050.0
2025-07-21 13:24:00,61.6,61.6,61.6,61.6,0,25.141838,71100,4030.2,4050.0
2025-07-21 13:25:00,86.1,86.1,85.8,85.8,150,24.923288,89700,4025.0,4000.0
2025-07-21 13:26:00,85.8,85.8,85.8,85.8,0,24.923288,89700,4026.5,4050.0
2025-07-21 13:27:00,60.55,60.55,60.55,60.55,150,24.862105,71100,4026.6,4050.0
2025-07-21 13:28:00,61.35,61.35,61.35,61.35,150,24.74772,71100,4028.9,4050.0
2025-07-21 13:29:00,61.35,61.35,61.35,61.35,0,24.74772,71100,4028.9,4050.0
2025-07-21 13:30:00,61.35,61.35,61.35,61.35,0,24.74772,71100,4029.7,4050.0
2025-07-21 13:31:00,61.35,61.35,61.35,61.35,0,24.74772,71100,4030.4,4050.0
2025-07-21 13:32:00,61.35,61.35,61.35,61.35,0,24.74772,71100,4029.7,4050.0
2025-07-21 13:33:00,61.35,62.75,61.35,62.75,150,25.095093,70950,4029.9,4050.0
2025-07-21 13:34:00,62.75,62.75,62.75,62.75,0,25.095093,70950,4029.5,4050.0
2025-07-21 13:35:00,62.3,62.3,62.3,62.3,450,24.87383,71100,4030.2,4050.0
2025-07-21 13:36:00,62.3,62.3,62.3,62.3,0,24.87383,71100,4029.7,4050.0
2025-07-21 13:37:00,62.3,62.3,62.3,62.3,0,24.87383,71100,4030.1,4050.0
2025-07-21 13:38:00,62.3,62.3,62.3,62.3,0,24.87383,71100,4030.1,4050.0
2025-07-21 13:39:00,62.3,62.3,62.05,62.05,150,24.802427,70950,4030.1,4050.0
2025-07-21 13:40:00,62.05,62.05,62.05,62.05,0,24.802427,70950,4029.9,4050.0
2025-07-21 13:41:00,62.05,62.05,62.05,62.05,0,24.802427,70950,4030.3,4050.0
2025-07-21 13:42:00,62.05,62.4,62.05,62.4,150,24.954745,70950,4030.0,4050.0
2025-07-21 13:43:00,62.4,62.4,62.4,62.4,0,24.954745,70950,4030.0,4050.0
2025-07-21 13:44:00,62.4,62.4,62.4,62.4,0,24.954745,70950,4029.4,4050.0
2025-07-21 13:45:00,62.4,62.4,62.4,62.4,150,24.957732,70950,4030.0,4050.0
2025-07-21 13:46:00,62.25,63.1,62.25,63.1,450,25.202694,70950,4030.1,4050.0
2025-07-21 13:47:00,63.1,63.1,63.1,63.1,0,25.202694,70950,4031.0,4050.0
2025-07-21 13:48:00,62.05,62.05,62.05,62.05,150,24.738266,70950,4030.5,4050.0
2025-07-21 13:49:00,62.05,62.05,62.0,62.0,450,24.720526,71100,4030.5,4050.0
2025-07-21 13:50:00,61.15,61.15,61.15,61.15,600,24.311649,71100,4031.0,4050.0
2025-07-21 13:51:00,61.75,61.75,61.75,61.75,300,24.316971,71100,4032.2,4050.0
2025-07-21 13:52:00,61.75,61.75,61.75,61.75,0,24.316971,71100,4031.7,4050.0
2025-07-21 13:53:00,61.75,61.75,61.75,61.75,0,24.316971,71100,4031.7,4050.0
2025-07-21 13:54:00,62.5,62.85,62.5,62.85,450,24.823784,70950,4031.7,4050.0
2025-07-21 13:55:00,62.85,62.85,62.85,62.85,450,24.603542,70950,4032.9,4050.0
2025-07-21 13:56:00,62.85,63.0,62.85,63.0,150,24.660679,70950,4032.9,4050.0
2025-07-21 13:57:00,63.1,63.1,63.1,63.1,300,24.68061,70950,4033.0,4050.0
2025-07-21 13:58:00,62.1,62.1,62.1,62.1,1800,24.344201,70950,4032.8,4050.0
2025-07-21 13:59:00,62.1,62.3,62.1,62.3,150,24.585971,69600,4031.9,4050.0
2025-07-21 14:00:00,62.3,62.3,62.3,62.3,0,24.585971,69600,4032.0,4050.0
2025-07-21 14:01:00,62.3,62.3,62.3,62.3,0,24.585971,69600,4031.8,4050.0
2025-07-21 14:02:00,62.3,62.3,62.3,62.3,0,24.585971,69600,4032.0,4050.0
2025-07-21 14:03:00,62.3,62.3,62.3,62.3,1050,24.2203,69750,4033.9,4050.0
2025-07-21 14:04:00,62.3,62.3,62.3,62.3,0,24.2203,69750,4033.8,4050.0
2025-07-21 14:05:00,62.3,62.3,62.3,62.3,0,24.2203,69750,4033.3,4050.0
2025-07-21 14:06:00,62.3,62.3,62.3,62.3,0,24.2203,69750,4033.9,4050.0
2025-07-21 14:07:00,62.3,62.3,62.3,62.3,150,24.279847,68700,4033.6,4050.0
2025-07-21 14:08:00,62.3,62.3,62.05,62.05,150,24.445943,68700,4032.2,4050.0
2025-07-21 14:09:00,62.2,62.2,62.2,62.2,150,24.503114,68700,4032.2,4050.0
2025-07-21 14:10:00,62.2,62.2,62.05,62.05,600,24.760041,68700,4030.5,4050.0
2025-07-21 14:11:00,62.05,62.85,61.65,61.65,1350,24.702443,68700,4030.0,4050.0
2025-07-21 14:12:00,61.65,61.65,61.65,61.65,0,24.702443,68700,4031.0,4050.0
2025-07-21 14:13:00,61.65,63.0,61.65,63.0,450,24.695981,68700,4032.8,4050.0
2025-07-21 14:14:00,63.0,63.0,63.0,63.0,0,24.695981,68700,4032.7,4050.0
2025-07-21 14:15:00,63.0,63.0,63.0,63.0,0,24.695981,68700,4031.1,4050.0
2025-07-21 14:16:00,63.0,63.0,63.0,63.0,0,24.695981,68700,4030.8,4050.0
2025-07-21 14:17:00,63.0,63.0,63.0,63.0,0,24.695981,68700,4030.0,4050.0
2025-07-21 14:18:00,63.0,63.0,60.95,60.95,150,24.446829,68700,4030.0,4050.0
2025-07-21 14:19:00,60.95,60.95,60.95,60.95,0,24.446829,68700,4031.8,4050.0
2025-07-21 14:20:00,60.95,61.4,60.95,61.4,450,24.544498,68700,4030.4,4050.0
2025-07-21 14:21:00,61.4,61.85,61.4,61.85,150,24.73253,68700,4030.3,4050.0
2025-07-21 14:22:00,61.85,61.85,61.85,61.85,0,24.73253,68700,4031.0,4050.0
2025-07-21 14:23:00,61.85,61.85,61.85,61.85,0,24.73253,68700,4030.0,4050.0
2025-07-21 14:24:00,61.85,61.85,61.85,61.85,0,24.73253,68700,4029.2,4050.0
2025-07-21 14:25:00,61.85,61.85,61.85,61.85,0,24.73253,68700,4030.0,4050.0
2025-07-21 14:26:00,60.65,60.65,60.6,60.6,300,24.323366,68700,4030.0,4050.0
2025-07-21 14:27:00,60.6,60.6,60.6,60.6,0,24.323366,68700,4029.8,4050.0
2025-07-21 14:28:00,60.6,60.6,60.6,60.6,0,24.323366,68700,4030.4,4050.0
2025-07-21 14:29:00,60.6,60.6,60.45,60.45,150,24.270015,68700,4030.0,4050.0
2025-07-21 14:30:00,60.25,60.25,59.55,60.0,750,23.901065,68700,4031.1,4050.0
2025-07-21 14:31:00,60.0,60.0,59.2,59.2,150,23.948459,68100,4029.2,4050.0
2025-07-21 14:32:00,83.6,83.6,81.1,81.1,1800,23.312978,84750,4024.4,4000.0
2025-07-21 14:33:00,81.1,81.1,81.1,81.1,0,23.312978,84750,4025.0,4000.0
2025-07-21 14:34:00,81.1,81.1,81.1,81.1,0,23.312978,84750,4024.8,4000.0
2025-07-21 14:35:00,81.1,81.1,81.1,81.1,0,23.312978,84750,4024.0,4000.0
2025-07-21 14:36:00,81.1,81.1,81.1,81.1,300,23.822254,84900,4022.2,4000.0
2025-07-21 14:37:00,81.1,81.1,81.1,81.1,0,23.822254,84900,4022.0,4000.0
2025-07-21 14:38:00,81.1,81.1,81.1,81.1,0,23.822254,84900,4023.9,4000.0
2025-07-21 14:39:00,81.1,81.1,81.1,81.1,0,23.822254,84900,4023.6,4000.0
2025-07-21 14:40:00,80.05,80.05,80.05,80.05,300,23.00669,84900,4024.0,4000.0
2025-07-21 14:41:00,80.05,80.05,80.05,80.05,0,23.00669,84900,4023.2,4000.0
2025-07-21 14:42:00,80.05,80.05,80.05,80.05,0,23.00669,84900,4022.5,4000.0
2025-07-21 14:43:00,80.05,80.05,80.05,80.05,0,23.00669,84900,4024.7,4000.0
2025-07-21 14:44:00,80.05,80.05,80.05,80.05,0,23.00669,84900,4024.3,4000.0
2025-07-21 14:45:00,80.05,80.05,80.0,80.0,300,23.31488,84900,4022.6,4000.0
2025-07-21 14:46:00,80.0,80.0,80.0,80.0,0,23.31488,84900,4022.8,4000.0
2025-07-21 14:47:00,80.0,80.0,80.0,80.0,0,23.31488,84900,4023.1,4000.0
2025-07-21 14:48:00,80.0,81.0,80.0,81.0,150,23.382424,84900,4024.0,4000.0
2025-07-21 14:49:00,81.0,81.0,81.0,81.0,0,23.382424,84900,4023.7,4000.0
2025-07-21 14:50:00,81.0,81.0,81.0,81.0,0,23.382424,84900,4025.0,4050.0
2025-07-21 14:51:00,81.3,81.3,81.3,81.3,150,23.501524,85050,4024.0,4000.0
2025-07-21 14:52:00,81.3,81.3,81.3,81.3,0,23.501524,85050,4023.7,4000.0
2025-07-21 14:53:00,81.3,81.3,81.3,81.3,0,23.501524,85050,4023.0,4000.0
2025-07-21 14:54:00,81.3,81.3,81.3,81.3,0,23.501524,85050,4024.0,4000.0
2025-07-21 14:55:00,81.3,81.3,81.3,81.3,0,23.501524,85050,4023.5,4000.0
2025-07-21 14:56:00,80.5,80.5,80.5,80.5,150,23.404172,85050,4023.1,4000.0
2025-07-21 14:57:00,80.5,80.5,80.0,80.0,450,23.211687,85050,4023.1,4000.0
2025-07-21 14:58:00,80.0,80.0,80.0,80.0,0,23.211687,85050,4023.2,4000.0
2025-07-21 14:59:00,80.0,80.0,80.0,80.0,0,23.211687,85050,4023.9,4000.0
2025-07-21 15:00:00,80.0,80.0,80.0,80.0,0,23.211687,85050,4026.7,4050.0
2025-07-21 15:01:00,57.0,58.2,57.0,58.2,1950,24.339977,69750,4025.1,4050.0
2025-07-21 15:02:00,80.0,81.7,80.0,81.7,150,23.851222,85050,4023.2,4000.0
2025-07-21 15:03:00,81.0,81.0,80.0,80.0,1650,23.263562,85050,4022.9,4000.0
2025-07-21 15:04:00,80.0,80.25,80.0,80.25,150,23.498851,85500,4022.3,4000.0
2025-07-21 15:05:00,80.25,80.25,80.25,80.25,0,23.498851,85500,4022.8,4000.0
2025-07-21 15:06:00,80.25,80.25,80.2,80.2,150,23.641298,85500,4021.6,4000.0
2025-07-21 15:07:00,80.2,80.2,78.85,78.85,300,23.754615,85500,4018.8,4000.0
2025-07-21 15:08:00,77.25,77.85,77.25,77.85,600,22.872404,85800,4021.0,4000.0
2025-07-21 15:09:00,77.85,79.35,77.85,78.3,900,23.544903,85800,4018.8,4000.0
2025-07-21 15:10:00,78.3,78.3,78.3,78.3,0,23.544903,85800,4021.3,4000.0
2025-07-21 15:11:00,78.3,78.3,78.3,78.3,0,23.544903,85800,4021.2,4000.0
2025-07-21 15:12:00,78.3,78.3,78.3,78.3,0,23.544903,85800,4021.3,4000.0
2025-07-21 15:13:00,79.8,79.8,79.8,79.8,450,23.287841,85650,4022.5,4000.0
2025-07-21 15:14:00,79.8,80.8,79.8,80.8,150,23.766962,85500,4022.1,4000.0
2025-07-21 15:15:00,80.8,80.8,78.35,78.35,300,23.072339,85500,4021.0,4000.0
2025-07-21 15:16:00,78.35,81.0,78.35,81.0,150,23.686156,85500,4022.8,4000.0
2025-07-21 15:17:00,81.0,82.0,81.0,82.0,150,24.050902,85500,4022.9,4000.0
2025-07-21 15:18:00,82.0,82.0,82.0,82.0,150,24.12046,85500,4022.6,4000.0
2025-07-21 15:19:00,82.0,82.0,82.0,82.0,450,24.098629,85500,4022.7,4000.0
2025-07-21 15:20:00,58.35,60.25,58.35,60.25,450,24.608575,64800,4028.0,4050.0
2025-07-21 15:21:00,60.25,60.3,60.0,60.0,600,24.442974,64800,4028.4,4050.0
2025-07-21 15:22:00,60.65,61.05,60.65,61.05,450,24.675154,64800,4029.3,4050.0
2025-07-21 15:23:00,61.0,61.0,59.8,59.8,450,24.622996,64350,4027.0,4050.0
2025-07-21 15:24:00,83.8,83.8,83.8,83.8,300,24.957759,84900,4022.0,4000.0
2025-07-21 15:25:00,59.0,60.0,58.9,60.0,750,24.988123,64350,4025.4,4050.0
2025-07-21 15:26:00,60.0,60.0,60.0,60.0,0,24.988123,64350,4026.5,4050.0
2025-07-21 15:27:00,59.75,59.75,59.75,59.75,300,24.788201,64950,4026.0,4050.0
2025-07-21 15:28:00,59.0,59.5,59.0,59.5,2400,24.424691,64050,4027.5,4050.0
2025-07-21 15:29:00,83.9,83.9,80.55,80.55,3000,24.161549,85050,4020.0,4000.0
2025-07-22 09:15:00,57.3,59.8,57.3,58.0,450,22.878435,63750,4038.3,4050.0
2025-07-22 09:16:00,58.0,59.35,58.0,59.35,1050,23.542724,64050,4037.6,4050.0
2025-07-22 09:17:00,82.75,82.75,82.75,82.75,150,24.997044,85200,4025.0,4000.0
2025-07-22 09:18:00,76.55,76.55,72.8,75.65,2250,23.191352,85650,4020.6,4000.0
2025-07-22 09:19:00,75.65,79.8,75.25,79.05,3000,23.507841,85650,4025.0,4000.0
2025-07-22 09:20:00,80.05,80.05,78.0,78.1,750,23.367173,85650,4024.0,4000.0
2025-07-22 09:21:00,78.1,78.1,76.0,77.75,900,24.178231,85650,4020.0,4000.0
2025-07-22 09:22:00,77.75,80.0,77.75,80.0,1200,24.940123,86400,4020.6,4000.0
2025-07-22 09:23:00,78.3,78.3,78.3,78.3,300,23.619221,86400,4023.3,4000.0
2025-07-22 09:24:00,80.95,80.95,78.0,78.0,1500,23.809811,86550,4022.0,4000.0
2025-07-22 09:25:00,77.0,77.0,77.0,77.0,750,24.394738,86550,4017.8,4000.0
2025-07-22 09:26:00,77.0,77.0,77.0,77.0,0,24.394738,86550,4023.5,4000.0
2025-07-22 09:27:00,78.15,78.15,78.15,78.15,750,24.086399,86550,4021.1,4000.0
2025-07-22 09:28:00,78.15,78.15,76.5,76.5,3300,24.151757,86250,4018.0,4000.0
2025-07-22 09:29:00,75.35,75.35,75.35,75.35,1050,24.723848,86250,4013.5,4000.0
2025-07-22 09:30:00,76.65,76.65,76.65,76.65,1200,24.26025,86250,4017.8,4000.0
2025-07-22 09:31:00,76.65,78.25,76.65,78.25,300,25.268101,86850,4016.2,4000.0
2025-07-22 09:32:00,78.25,78.25,76.45,76.45,900,22.543335,86850,4024.7,4000.0
2025-07-22 09:33:00,76.45,81.0,76.45,81.0,300,25.118538,86850,4021.6,4000.0
2025-07-22 09:34:00,81.0,81.0,80.0,80.0,150,24.410699,86250,4022.9,4000.0
2025-07-22 09:35:00,80.0,80.0,80.0,80.0,0,24.410699,86250,4021.0,4000.0
2025-07-22 09:36:00,80.0,80.0,80.0,80.0,0,24.410699,86250,4020.7,4000.0
2025-07-22 09:37:00,77.45,77.45,77.45,77.45,300,23.792417,86100,4021.2,4000.0
2025-07-22 09:38:00,77.45,77.45,75.0,75.0,1650,23.978776,86100,4016.2,4000.0
2025-07-22 09:39:00,75.0,75.0,71.25,71.25,1500,23.418434,86850,4012.1,4000.0
2025-07-22 09:40:00,71.35,71.35,71.35,71.35,1350,23.187566,86850,4013.3,4000.0
2025-07-22 09:41:00,72.0,73.4,72.0,73.4,450,23.618508,86850,4015.0,4000.0
2025-07-22 09:42:00,73.65,73.65,72.6,72.6,1050,23.574326,86550,4013.8,4000.0
2025-07-22 09:43:00,72.6,72.6,72.0,72.0,300,23.563172,86550,4012.8,4000.0
2025-07-22 09:44:00,72.0,73.3,72.0,73.3,300,23.810054,86550,4014.0,4000.0
2025-07-22 09:45:00,73.3,74.65,73.3,74.65,1350,24.439955,86550,4013.6,4000.0
2025-07-22 09:46:00,74.65,74.65,74.1,74.1,150,23.765726,87150,4015.6,4000.0
2025-07-22 09:47:00,74.1,74.55,74.1,74.55,150,23.600672,87150,4017.1,4000.0
2025-07-22 09:48:00,74.55,75.25,73.7,75.25,450,23.321816,87150,4019.5,4000.0
2025-07-22 09:49:00,75.25,79.7,75.25,79.7,600,24.282564,87150,4023.0,4000.0
2025-07-22 09:50:00,79.7,79.7,74.0,74.0,900,23.197529,87150,4017.9,4000.0
2025-07-22 09:51:00,74.0,76.2,74.0,76.2,450,23.423327,87150,4020.7,4000.0
2025-07-22 09:52:00,76.2,76.2,76.2,76.2,0,23.423327,87150,4024.0,4000.0
2025-07-22 09:53:00,76.2,78.0,76.2,78.0,450,23.530206,87150,4023.3,4000.0
2025-07-22 09:54:00,76.75,76.75,76.2,76.2,450,23.117156,87150,4022.0,4000.0
2025-07-22 09:55:00,76.2,76.2,76.2,76.2,0,23.117156,87150,4019.6,4000.0
2025-07-22 09:56:00,76.2,77.9,75.85,77.9,750,23.565045,87000,4023.0,4000.0
2025-07-22 09:57:00,77.9,81.05,77.85,77.85,4200,24.607418,87000,4018.5,4000.0
2025-07-22 09:58:00,77.8,77.8,77.8,77.8,1200,24.565265,87750,4018.6,4000.0
2025-07-22 09:59:00,77.8,77.8,75.0,75.0,2250,23.630992,87750,4017.8,4000.0
2025-07-22 10:00:00,75.0,75.0,75.0,75.0,150,23.771395,87750,4017.2,4000.0
2025-07-22 10:01:00,73.75,73.75,73.0,73.0,900,23.708435,88050,4014.0,4000.0
2025-07-22 10:02:00,72.2,72.2,72.2,72.2,600,24.268859,88050,4010.1,4000.0
2025-07-22 10:03:00,69.3,70.0,69.0,70.0,6450,22.604131,88050,4013.6,4000.0
2025-07-22 10:04:00,70.3,70.3,70.3,70.3,1950,23.088588,87900,4012.0,4000.0
2025-07-22 10:05:00,70.15,71.15,70.15,71.15,3300,22.97404,87900,4014.0,4000.0
2025-07-22 10:06:00,71.15,71.5,71.15,71.5,150,22.210962,87900,4017.9,4000.0
2025-07-22 10:07:00,74.5,74.5,74.5,74.5,300,22.922261,90150,4020.0,4000.0
2025-07-22 10:08:00,74.65,74.65,74.65,74.65,2550,23.453648,90150,4018.0,4000.0
2025-07-22 10:09:00,74.65,74.65,74.65,74.65,0,23.453648,90150,4018.2,4000.0
2025-07-22 10:10:00,74.65,74.65,72.6,73.35,300,22.817029,90150,4018.5,4000.0
2025-07-22 10:11:00,73.35,76.5,73.35,76.5,300,23.184116,90150,4022.3,4000.0
2025-07-22 10:12:00,76.5,76.5,74.55,76.0,450,22.572807,90150,4024.0,4000.0
2025-07-22 10:13:00,76.0,76.0,76.0,76.0,1650,22.573838,90150,4024.0,4000.0
2025-07-22 10:14:00,76.05,76.05,76.05,76.05,450,22.61942,89700,4023.9,4000.0
2025-07-22 10:15:00,76.2,76.25,76.2,76.25,1200,22.530957,89700,4024.6,4000.0
2025-07-22 10:16:00,52.5,53.0,52.5,52.5,450,23.185776,67500,4025.7,4050.0
2025-07-22 10:17:00,52.5,52.5,52.5,52.5,0,23.185776,67500,4025.0,4000.0
2025-07-22 10:18:00,76.5,77.0,76.5,77.0,4650,22.813601,89700,4024.7,4000.0
2025-07-22 10:19:00,76.8,76.8,76.0,76.0,3450,22.580022,90000,4024.0,4000.0
2025-07-22 10:20:00,76.0,76.0,76.0,76.0,0,22.580022,90000,4024.5,4000.0
2025-07-22 10:21:00,76.0,77.0,76.0,77.0,150,22.743499,90000,4025.0,4000.0
2025-07-22 10:22:00,54.2,54.2,54.2,54.2,150,23.970804,66900,4025.1,4050.0
2025-07-22 10:23:00,77.0,77.0,76.85,76.85,450,23.025158,91200,4023.6,4000.0
2025-07-22 10:24:00,76.85,76.85,76.85,76.85,0,23.025158,91200,4023.0,4000.0
2025-07-22 10:25:00,53.0,53.5,53.0,53.5,450,23.698705,66750,4025.1,4050.0
2025-07-22 10:26:00,53.5,53.5,53.5,53.5,0,23.698705,66750,4026.7,4050.0
2025-07-22 10:27:00,78.5,78.5,77.5,77.5,3450,23.364462,91350,4023.3,4000.0
2025-07-22 10:28:00,77.5,77.5,77.5,77.5,0,23.364462,91350,4025.6,4050.0
2025-07-22 10:29:00,77.0,79.65,77.0,79.65,450,23.825181,91500,4025.0,4000.0
2025-07-22 10:30:00,79.65,79.65,77.75,77.75,150,23.056925,91500,4025.0,4000.0
2025-07-22 10:31:00,77.75,79.65,77.75,79.65,300,24.020556,91350,4024.2,4000.0
2025-07-22 10:32:00,79.65,79.65,79.65,79.65,0,24.020556,91350,4024.8,4000.0
2025-07-22 10:33:00,79.65,79.65,79.65,79.65,0,24.020556,91350,4025.4,4050.0
2025-07-22 10:34:00,79.65,79.65,79.65,79.65,0,24.020556,91350,4024.7,4000.0
2025-07-22 10:35:00,78.5,78.5,78.5,78.5,150,23.438959,91050,4024.7,4000.0
2025-07-22 10:36:00,54.7,55.0,54.7,55.0,1200,23.984674,66450,4026.8,4050.0
2025-07-22 10:37:00,55.0,55.0,55.0,55.0,300,24.078699,66450,4026.3,4050.0
2025-07-22 10:38:00,79.45,79.45,79.45,79.45,150,23.753943,90750,4025.0,4000.0
2025-07-22 10:39:00,79.45,79.45,79.45,79.45,0,23.753943,90750,4025.0,4050.0
2025-07-22 10:40:00,79.45,79.45,79.0,79.0,300,24.032001,90750,4023.1,4000.0
2025-07-22 10:41:00,78.75,78.75,78.75,78.75,300,23.81218,90750,4023.6,4000.0
2025-07-22 10:42:00,78.75,78.75,78.15,78.15,300,23.450112,90750,4024.1,4000.0
2025-07-22 10:43:00,78.15,78.15,78.15,78.15,0,23.450112,90750,4023.5,4000.0
2025-07-22 10:44:00,78.15,78.15,78.15,78.15,0,23.450112,90750,4023.0,4000.0
2025-07-22 10:45:00,53.2,53.2,53.05,53.05,450,23.264806,66600,4026.6,4050.0
2025-07-22 10:46:00,54.9,55.0,54.9,55.0,600,24.106702,66150,4026.2,4050.0
2025-07-22 10:47:00,79.65,79.95,79.65,79.95,600,23.966022,90300,4025.0,4000.0
2025-07-22 10:48:00,80.55,80.55,78.15,78.15,4200,23.286713,90300,4024.8,4000.0
2025-07-22 10:49:00,78.15,79.8,78.15,79.8,450,23.955896,90600,4024.8,4000.0
2025-07-22 10:50:00,54.85,54.85,54.85,54.85,150,24.200262,65400,4025.4,4050.0
2025-07-22 10:51:00,54.85,54.85,54.85,54.85,0,24.200262,65400,4025.0,4000.0
2025-07-22 10:52:00,54.7,56.5,54.7,56.5,300,24.740004,64650,4026.0,4050.0
2025-07-22 10:53:00,81.0,81.0,80.25,80.25,150,24.093947,90600,4025.0,4000.0
2025-07-22 10:54:00,79.7,79.7,79.7,79.7,150,23.872404,90600,4025.0,4000.0
2025-07-22 10:55:00,54.6,55.9,54.6,55.9,450,24.618654,63900,4025.4,4050.0
2025-07-22 10:56:00,55.9,55.9,55.9,55.9,0,24.618654,63900,4024.2,4000.0
2025-07-22 10:57:00,80.25,80.25,78.3,78.3,300,23.429914,90750,4024.5,4000.0
2025-07-22 10:58:00,78.3,78.3,77.8,77.8,300,23.131043,90600,4024.9,4000.0
2025-07-22 10:59:00,77.8,77.8,77.8,77.8,0,23.131043,90600,4025.0,4000.0
2025-07-22 11:00:00,77.9,77.9,77.9,77.9,150,23.271041,90600,4024.5,4000.0
2025-07-22 11:01:00,78.2,79.5,78.2,79.5,1650,23.79897,90450,4025.0,4000.0
2025-07-22 11:02:00,54.6,54.85,54.6,54.85,150,24.194365,65400,4025.5,4050.0
2025-07-22 11:03:00,54.85,55.55,54.85,55.55,150,24.378083,65400,4026.0,4050.0
2025-07-22 11:04:00,79.35,84.4,79.35,79.5,1800,23.802208,90150,4025.0,4000.0
2025-07-22 11:05:00,54.9,54.9,54.05,54.55,2400,24.134968,65100,4025.2,4050.0
2025-07-22 11:06:00,54.55,56.7,54.55,56.15,450,23.980426,65100,4029.4,4050.0
2025-07-22 11:07:00,56.15,57.0,56.15,57.0,150,24.503693,66000,4028.4,4050.0
2025-07-22 11:08:00,57.0,58.0,56.8,56.8,750,24.407377,66000,4028.5,4050.0
2025-07-22 11:09:00,56.8,56.8,56.8,56.8,300,24.182135,66000,4029.7,4050.0
2025-07-22 11:10:00,56.8,60.0,56.8,60.0,3750,24.325615,66150,4035.5,4050.0
2025-07-22 11:11:00,60.0,60.15,60.0,60.0,900,23.481767,66150,4039.8,4050.0
2025-07-22 11:12:00,60.0,61.35,60.0,60.0,2850,24.424896,66150,4035.0,4050.0
2025-07-22 11:13:00,60.0,60.0,58.95,59.05,1350,24.612634,66300,4032.1,4050.0
2025-07-22 11:14:00,59.05,61.35,57.95,61.35,900,24.171815,66300,4039.0,4050.0
2025-07-22 11:15:00,61.35,66.3,61.35,65.85,5850,24.85094,66300,4044.4,4050.0
2025-07-22 11:16:00,65.85,67.4,64.1,64.1,5700,23.963393,64500,4045.4,4050.0
2025-07-22 11:17:00,64.1,66.45,64.1,66.0,2250,24.911827,64500,4044.4,4050.0
2025-07-22 11:18:00,64.75,68.2,64.75,65.35,4650,24.65853,64500,4044.4,4050.0
2025-07-22 11:19:00,65.35,65.35,63.25,63.25,2550,23.837698,66000,4044.4,4050.0
2025-07-22 11:20:00,64.75,66.05,64.75,64.75,4050,24.648851,66000,4043.3,4050.0
2025-07-22 11:21:00,64.75,71.05,64.75,70.95,9150,24.857441,66000,4054.0,4050.0
2025-07-22 11:22:00,69.15,73.0,69.15,72.0,9150,24.648036,69150,4056.9,4050.0
2025-07-22 11:23:00,50.7,63.3,50.4,63.3,34650,26.211111,252900,4080.7,4100.0
2025-07-22 11:24:00,87.35,88.85,78.0,78.0,11550,25.74021,69150,4062.7,4050.0
2025-07-22 11:25:00,78.5,79.2,73.55,73.55,5100,25.325122,63600,4056.6,4050.0
2025-07-22 11:26:00,73.55,75.55,73.0,75.55,8100,25.241366,63600,4060.6,4050.0
2025-07-22 11:27:00,75.55,76.05,74.0,74.0,1200,25.28796,63600,4057.6,4050.0
2025-07-22 11:28:00,74.0,74.0,73.05,73.55,1650,24.98183,60000,4058.2,4050.0
2025-07-22 11:29:00,73.55,79.25,73.55,78.0,4800,25.29933,60000,4064.7,4050.0
2025-07-22 11:30:00,79.15,79.15,77.0,77.55,1650,25.879364,60000,4061.3,4050.0
2025-07-22 11:31:00,77.55,77.55,74.2,75.6,2250,25.33263,60900,4060.3,4050.0
2025-07-22 11:32:00,75.6,75.6,75.0,75.6,450,25.72722,60900,4058.5,4050.0
2025-07-22 11:33:00,75.6,75.6,72.0,72.0,1050,25.304055,60900,4053.9,4050.0
2025-07-22 11:34:00,72.0,72.0,70.2,70.2,600,24.683877,61050,4053.5,4050.0
2025-07-22 11:35:00,70.2,71.5,70.2,71.5,600,25.195155,61050,4053.5,4050.0
2025-07-22 11:36:00,71.5,71.5,70.5,70.5,300,24.761242,61050,4053.7,4050.0
2025-07-22 11:37:00,70.5,70.5,68.0,68.0,1800,24.97862,61350,4048.0,4050.0
2025-07-22 11:38:00,68.0,69.0,68.0,68.9,2400,25.124953,61350,4049.0,4050.0
2025-07-22 11:39:00,68.9,68.9,68.85,68.85,750,25.210311,61350,4048.5,4050.0
2025-07-22 11:40:00,68.85,69.25,68.35,68.8,1050,24.983854,63000,4049.5,4050.0
2025-07-22 11:41:00,68.8,68.8,68.8,68.8,0,24.983854,63000,4048.3,4050.0
2025-07-22 11:42:00,68.8,69.0,68.8,69.0,600,24.897315,63000,4050.3,4050.0
2025-07-22 11:43:00,69.0,69.0,69.0,69.0,0,24.897315,63000,4051.5,4050.0
2025-07-22 11:44:00,69.05,70.1,69.05,70.1,300,24.761847,62700,4053.0,4050.0
2025-07-22 11:45:00,71.05,71.05,71.0,71.0,1500,25.306667,62700,4052.1,4050.0
2025-07-22 11:46:00,73.85,73.85,72.25,72.25,450,25.395451,62700,4054.0,4050.0
2025-07-22 11:47:00,72.25,72.25,72.0,72.0,900,25.277091,62700,4054.1,4050.0
2025-07-22 11:48:00,72.0,72.55,70.65,70.65,750,25.19379,62700,4052.0,4050.0
2025-07-22 11:49:00,70.65,70.65,69.6,70.3,600,25.268136,63600,4051.0,4050.0
2025-07-22 11:50:00,70.3,70.3,69.6,69.6,600,25.329441,63600,4049.4,4050.0
2025-07-22 11:51:00,70.0,70.9,70.0,70.9,450,25.777793,63600,4049.7,4050.0
2025-07-22 11:52:00,70.9,70.9,70.15,70.15,300,25.589002,63750,4049.2,4050.0
2025-07-22 11:53:00,70.15,70.15,69.45,69.5,600,25.231,63750,4049.7,4050.0
2025-07-22 11:54:00,69.5,69.8,69.5,69.8,300,25.287114,63750,4050.0,4050.0
2025-07-22 11:55:00,69.5,69.7,69.5,69.5,600,25.233226,63450,4049.7,4050.0
2025-07-22 11:56:00,69.5,69.9,69.3,69.9,300,25.453803,63450,4049.4,4050.0
2025-07-22 11:57:00,69.9,69.9,69.9,69.9,0,25.453803,63450,4048.5,4050.0
2025-07-22 11:58:00,69.9,69.9,69.9,69.9,0,25.453803,63450,4048.5,4050.0
2025-07-22 11:59:00,69.9,69.9,69.55,69.55,150,25.486305,63600,4048.6,4050.0
2025-07-22 12:00:00,69.4,69.4,69.4,69.4,300,25.178678,63600,4049.8,4050.0
2025-07-22 12:01:00,70.0,70.9,70.0,70.9,1200,25.411843,64050,4051.5,4050.0
2025-07-22 12:02:00,70.05,70.05,70.05,70.05,300,25.373219,64050,4050.1,4050.0
2025-07-22 12:03:00,70.05,70.05,70.0,70.0,750,25.584177,64050,4049.0,4050.0
2025-07-22 12:04:00,70.35,70.35,70.35,70.35,750,25.514085,64950,4050.0,4050.0
2025-07-22 12:05:00,70.0,70.85,70.0,70.85,3150,25.919876,64950,4049.0,4050.0
2025-07-22 12:06:00,70.05,70.05,70.05,70.05,300,25.586364,64950,4049.1,4050.0
2025-07-22 12:07:00,70.05,70.05,70.05,70.05,0,25.586364,64950,4050.0,4050.0
2025-07-22 12:08:00,70.1,70.1,70.05,70.05,300,25.567798,67050,4049.2,4050.0
2025-07-22 12:09:00,70.05,70.05,70.05,70.05,0,25.567798,67050,4050.0,4050.0
2025-07-22 12:10:00,70.05,70.05,70.05,70.05,0,25.567798,67050,4050.0,4050.0
2025-07-22 12:11:00,70.05,70.05,70.05,70.05,0,25.567798,67050,4049.9,4050.0
2025-07-22 12:12:00,69.6,69.6,69.6,69.6,150,25.312298,66750,4049.6,4050.0
2025-07-22 12:13:00,68.85,68.95,68.85,68.95,300,25.556442,66750,4047.2,4050.0
2025-07-22 12:14:00,67.5,67.5,67.5,67.5,1350,25.235673,66750,4046.0,4050.0
2025-07-22 12:15:00,68.05,68.05,67.9,67.9,300,25.455194,66750,4045.7,4050.0
2025-07-22 12:16:00,67.9,68.9,67.9,68.9,750,25.229535,67500,4048.7,4050.0
2025-07-22 12:17:00,68.2,68.2,68.2,68.2,450,24.976713,67500,4048.6,4050.0
2025-07-22 12:18:00,68.2,69.15,68.2,69.15,150,25.475146,67500,4048.0,4050.0
2025-07-22 12:19:00,69.15,69.15,69.15,69.15,0,25.475146,67500,4048.1,4050.0
2025-07-22 12:20:00,69.15,69.15,69.15,69.15,0,25.475146,67500,4048.1,4050.0
2025-07-22 12:21:00,69.15,69.15,69.15,69.15,0,25.475146,67500,4049.8,4050.0
2025-07-22 12:22:00,69.15,69.15,69.15,69.15,0,25.475146,67500,4049.1,4050.0
2025-07-22 12:23:00,69.15,69.15,69.15,69.15,0,25.475146,67500,4048.5,4050.0
2025-07-22 12:24:00,69.15,69.15,69.15,69.15,0,25.475146,67500,4048.2,4050.0
2025-07-22 12:25:00,69.15,69.15,69.15,69.15,0,25.475146,67500,4048.2,4050.0
2025-07-22 12:26:00,69.9,70.0,69.9,70.0,600,25.359543,67200,4050.2,4050.0
2025-07-22 12:27:00,70.0,70.0,70.0,70.0,0,25.359543,67200,4049.2,4050.0
2025-07-22 12:28:00,70.0,70.0,69.9,70.0,750,25.361785,67050,4050.2,4050.0
2025-07-22 12:29:00,70.0,70.0,70.0,70.0,0,25.361785,67050,4049.9,4050.0
2025-07-22 12:30:00,70.0,70.2,70.0,70.2,600,25.484456,67050,4050.0,4050.0
2025-07-22 12:31:00,70.2,70.2,69.65,69.65,300,24.996515,66300,4051.3,4050.0
2025-07-22 12:32:00,71.0,71.0,70.0,70.0,300,25.408148,66300,4050.0,4050.0
2025-07-22 12:33:00,70.0,70.0,70.0,70.0,0,25.408148,66300,4049.5,4050.0
2025-07-22 12:34:00,70.0,70.0,68.65,68.65,1950,25.255318,66300,4048.2,4050.0
2025-07-22 12:35:00,68.6,69.0,68.6,69.0,600,25.393874,64500,4048.2,4050.0
2025-07-22 12:36:00,68.95,68.95,68.95,68.95,150,25.188178,64500,4049.1,4050.0
2025-07-22 12:37:00,68.95,68.95,68.95,68.95,0,25.188178,64500,4051.6,4050.0
2025-07-22 12:38:00,68.95,68.95,68.95,68.95,0,25.188178,64500,4049.4,4050.0
2025-07-22 12:39:00,68.95,68.95,68.95,68.95,0,25.188178,64500,4050.2,4050.0
2025-07-22 12:40:00,68.95,68.95,68.95,68.95,0,25.188178,64500,4051.3,4050.0
2025-07-22 12:41:00,70.95,70.95,70.95,70.95,300,25.158934,64350,4053.0,4050.0
2025-07-22 12:42:00,71.15,71.15,70.2,70.2,1350,25.58162,64350,4049.6,4050.0
2025-07-22 12:43:00,70.2,70.2,70.2,70.2,0,25.58162,64350,4050.1,4050.0
2025-07-22 12:44:00,70.2,70.2,70.2,70.2,0,25.58162,64350,4050.1,4050.0
2025-07-22 12:45:00,70.2,70.2,69.8,69.8,150,25.218325,64350,4050.6,4050.0
2025-07-22 12:46:00,70.4,70.75,70.4,70.75,300,25.592859,64350,4050.6,4050.0
2025-07-22 12:47:00,70.75,70.75,70.75,70.75,0,25.592859,64350,4051.0,4050.0
2025-07-22 12:48:00,70.75,71.2,70.75,71.2,450,25.645876,64350,4051.2,4050.0
2025-07-22 12:49:00,70.0,70.25,70.0,70.25,450,25.104591,64350,4052.0,4050.0
2025-07-22 12:50:00,70.4,70.4,70.4,70.4,300,25.270341,64350,4051.5,4050.0
2025-07-22 12:51:00,70.4,70.4,70.4,70.4,300,25.355775,64350,4051.1,4050.0
2025-07-22 12:52:00,70.4,71.15,70.4,71.15,1950,25.672848,64800,4051.0,4050.0
2025-07-22 12:53:00,71.15,71.15,70.35,70.35,150,25.443516,64800,4050.6,4050.0
2025-07-22 12:54:00,70.35,70.35,68.65,68.65,1200,25.173701,64800,4048.7,4050.0
2025-07-22 12:55:00,68.65,68.65,68.65,68.65,0,25.173701,64800,4048.2,4050.0
2025-07-22 12:56:00,69.25,69.25,68.95,68.95,300,25.439307,65550,4048.0,4050.0
2025-07-22 12:57:00,68.95,68.95,68.95,68.95,0,25.439307,65550,4047.0,4050.0
2025-07-22 12:58:00,68.95,68.95,67.25,67.25,600,25.289116,65550,4045.5,4050.0
2025-07-22 12:59:00,67.55,68.05,67.55,68.05,900,25.625038,65250,4045.4,4050.0
2025-07-22 13:00:00,68.05,68.1,68.05,68.1,900,24.859907,65250,4049.2,4050.0
2025-07-22 13:01:00,68.1,68.3,68.1,68.3,150,25.66402,65100,4045.7,4050.0
2025-07-22 13:02:00,68.3,68.3,68.3,68.3,0,25.66402,65100,4045.5,4050.0
2025-07-22 13:03:00,68.3,68.3,68.3,68.3,0,25.66402,65100,4046.9,4050.0
2025-07-22 13:04:00,68.3,68.3,67.15,67.15,150,25.153878,65100,4046.0,4050.0
2025-07-22 13:05:00,66.9,66.9,64.35,64.95,2700,25.506155,64950,4040.0,4050.0
2025-07-22 13:06:00,64.95,64.95,63.65,64.4,4350,25.549984,64950,4038.7,4050.0
2025-07-22 13:07:00,64.4,64.6,64.4,64.6,150,25.170625,64950,4041.0,4050.0
2025-07-22 13:08:00,64.6,65.6,64.6,65.45,600,25.465641,66450,4041.2,4050.0
2025-07-22 13:09:00,65.45,65.45,65.45,65.45,0,25.465641,66450,4042.4,4050.0
2025-07-22 13:10:00,65.45,65.45,65.45,65.45,0,25.465641,66450,4043.6,4050.0
2025-07-22 13:11:00,65.45,65.45,65.45,65.45,750,25.569348,66300,4040.7,4050.0
2025-07-22 13:12:00,65.0,65.0,65.0,65.0,150,25.393583,66300,4040.7,4050.0
2025-07-22 13:13:00,65.0,65.15,65.0,65.15,150,25.071101,66300,4042.6,4050.0
2025-07-22 13:14:00,65.15,65.15,65.15,65.15,0,25.071101,66300,4042.9,4050.0
2025-07-22 13:15:00,65.15,65.15,64.65,64.65,300,25.319435,66450,4040.4,4050.0
2025-07-22 13:16:00,64.65,64.65,64.2,64.2,300,25.502421,66600,4038.6,4050.0
2025-07-22 13:17:00,64.2,64.2,64.2,64.2,0,25.502421,66600,4037.6,4050.0
2025-07-22 13:18:00,62.6,62.75,62.6,62.75,300,26.205744,66600,4032.1,4050.0
2025-07-22 13:19:00,62.75,62.75,62.75,62.75,0,26.205744,66600,4033.8,4050.0
2025-07-22 13:20:00,62.75,62.75,61.9,61.9,150,25.056129,66450,4036.3,4050.0
2025-07-22 13:21:00,61.9,63.25,61.9,62.9,300,25.880806,66450,4034.1,4050.0
2025-07-22 13:22:00,62.9,63.75,62.8,62.8,300,25.569378,66300,4035.5,4050.0
2025-07-22 13:23:00,62.8,62.8,61.9,62.4,600,25.976989,66300,4032.6,4050.0
2025-07-22 13:24:00,62.4,62.4,60.3,60.3,300,25.64956,66300,4030.0,4050.0
2025-07-22 13:25:00,60.3,60.3,59.0,59.0,1050,25.837843,66600,4026.3,4050.0
2025-07-22 13:26:00,59.0,59.65,59.0,59.65,600,26.058335,66600,4026.5,4050.0
2025-07-22 13:27:00,59.65,59.65,59.65,59.65,0,26.058335,66600,4028.2,4050.0
2025-07-22 13:28:00,59.65,59.65,58.8,58.8,150,25.611676,66900,4027.1,4050.0
2025-07-22 13:29:00,58.8,58.8,58.8,58.8,0,25.611676,66900,4026.5,4050.0
2025-07-22 13:30:00,58.8,58.8,58.8,58.8,0,25.611676,66900,4026.5,4050.0
2025-07-22 13:31:00,58.8,59.0,58.0,58.0,2700,25.411612,67050,4026.5,4050.0
2025-07-22 13:32:00,58.0,58.0,58.0,58.0,0,25.411612,67050,4028.9,4050.0
2025-07-22 13:33:00,58.0,59.95,58.0,59.9,300,25.806185,67050,4028.4,4050.0
2025-07-22 13:34:00,59.9,59.9,59.9,59.9,150,25.598252,67050,4029.5,4050.0
2025-07-22 13:35:00,59.9,59.9,59.9,59.9,300,25.504033,67500,4030.0,4050.0
2025-07-22 13:36:00,59.9,59.9,59.9,59.9,0,25.504033,67500,4031.1,4050.0
2025-07-22 13:37:00,59.9,59.9,59.9,59.9,0,25.504033,67500,4032.0,4050.0
2025-07-22 13:38:00,59.9,59.9,59.9,59.9,0,25.504033,67500,4032.9,4050.0
2025-07-22 13:39:00,59.9,61.45,59.9,61.45,1350,25.986325,67350,4030.7,4050.0
2025-07-22 13:40:00,61.45,61.45,61.45,61.45,0,25.986325,67350,4032.4,4050.0
2025-07-22 13:41:00,61.45,61.45,61.45,61.45,0,25.986325,67350,4032.2,4050.0
2025-07-22 13:42:00,61.25,61.25,61.25,61.25,450,25.37088,66750,4033.5,4050.0
2025-07-22 13:43:00,61.25,61.25,61.05,61.05,150,25.660171,66600,4031.6,4050.0
2025-07-22 13:44:00,61.05,62.0,61.05,62.0,300,25.688186,66600,4033.4,4050.0
2025-07-22 13:45:00,62.0,62.0,61.4,61.4,300,25.510901,66600,4033.1,4050.0
2025-07-22 13:46:00,61.4,61.4,61.4,61.4,0,25.510901,66600,4031.6,4050.0
2025-07-22 13:47:00,61.4,61.4,61.4,61.4,150,25.609887,66600,4032.6,4050.0
2025-07-22 13:48:00,61.4,61.4,61.4,61.4,0,25.609887,66600,4032.1,4050.0
2025-07-22 13:49:00,61.65,61.65,61.65,61.65,450,25.575208,66600,4033.3,4050.0
2025-07-22 13:50:00,61.65,61.65,61.65,61.65,150,25.537531,66600,4033.5,4050.0
2025-07-22 13:51:00,61.95,62.95,61.95,62.95,1650,26.20644,66600,4032.7,4050.0
2025-07-22 13:52:00,62.95,62.95,61.3,61.3,150,25.653317,66600,4032.2,4050.0
2025-07-22 13:53:00,61.3,61.3,61.3,61.3,0,25.653317,66600,4032.6,4050.0
2025-07-22 13:54:00,61.3,62.15,61.3,62.15,150,25.700356,67050,4033.7,4050.0
2025-07-22 13:55:00,62.15,63.0,62.15,63.0,150,25.822279,67200,4034.8,4050.0
2025-07-22 13:56:00,62.9,62.9,62.9,62.9,900,25.705776,67200,4035.2,4050.0
2025-07-22 13:57:00,62.9,62.9,62.9,62.9,0,25.705776,67200,4036.3,4050.0
2025-07-22 13:58:00,62.9,62.9,62.9,62.9,0,25.705776,67200,4037.5,4050.0
2025-07-22 13:59:00,62.9,62.9,62.9,62.9,0,25.705776,67200,4036.7,4050.0
2025-07-22 14:00:00,63.8,64.5,63.8,64.5,2100,25.590459,67050,4039.0,4050.0
2025-07-22 14:01:00,64.5,64.5,64.5,64.5,0,25.590459,67050,4039.9,4050.0
2025-07-22 14:02:00,64.5,65.45,64.5,64.6,2550,25.432443,66300,4040.0,4050.0
2025-07-22 14:03:00,64.6,66.1,64.6,66.1,1500,26.303813,66300,4038.6,4050.0
2025-07-22 14:04:00,64.35,64.35,64.35,64.35,150,25.912779,66300,4037.1,4050.0
2025-07-22 14:05:00,64.35,64.35,63.7,63.7,300,26.070561,64050,4035.0,4050.0
2025-07-22 14:06:00,63.45,64.0,63.45,64.0,900,25.974197,64050,4036.1,4050.0
2025-07-22 14:07:00,64.0,64.35,64.0,64.35,300,26.034578,64200,4036.5,4050.0
2025-07-22 14:08:00,64.35,64.35,64.35,64.35,0,26.034578,64200,4037.1,4050.0
2025-07-22 14:09:00,64.35,64.35,64.35,64.35,0,26.034578,64200,4036.2,4050.0
2025-07-22 14:10:00,63.6,64.3,63.15,63.15,600,25.741808,64050,4035.6,4050.0
2025-07-22 14:11:00,63.15,63.15,63.15,63.15,0,25.741808,64050,4032.3,4050.0
2025-07-22 14:12:00,63.15,63.85,62.5,63.85,2100,26.059374,64050,4035.4,4050.0
2025-07-22 14:13:00,63.85,63.85,62.4,62.4,300,25.762094,64350,4034.0,4050.0
2025-07-22 14:14:00,62.4,62.4,62.4,62.4,0,25.762094,64350,4035.0,4050.0
2025-07-22 14:15:00,62.4,62.4,62.4,62.4,0,25.762094,64350,4033.5,4050.0
2025-07-22 14:16:00,62.4,62.4,61.95,61.95,300,25.509952,64350,4034.4,4050.0
2025-07-22 14:17:00,61.95,61.95,61.95,61.95,150,25.91887,64500,4032.3,4050.0
2025-07-22 14:18:00,61.95,62.7,61.95,62.7,150,25.769113,64500,4034.6,4050.0
2025-07-22 14:19:00,62.7,62.7,62.7,62.7,0,25.769113,64500,4033.1,4050.0
2025-07-22 14:20:00,62.7,62.7,62.7,62.7,150,25.888436,64650,4034.0,4050.0
2025-07-22 14:21:00,62.7,62.7,62.7,62.7,0,25.888436,64650,4032.2,4050.0
2025-07-22 14:22:00,62.7,62.7,62.7,62.7,0,25.888436,64650,4031.0,4050.0
2025-07-22 14:23:00,62.7,62.7,62.7,62.7,0,25.888436,64650,4031.9,4050.0
2025-07-22 14:24:00,62.7,62.7,59.35,59.35,750,25.570179,64650,4028.8,4050.0
2025-07-22 14:25:00,59.35,59.35,58.9,58.9,300,25.431233,64650,4028.6,4050.0
2025-07-22 14:26:00,58.9,58.9,58.05,58.65,750,25.636228,64650,4027.0,4050.0
2025-07-22 14:27:00,58.65,58.65,58.65,58.65,0,25.636228,64650,4027.5,4050.0
2025-07-22 14:28:00,58.0,58.0,57.95,57.95,300,25.361158,64650,4027.0,4050.0
2025-07-22 14:29:00,58.55,58.55,58.55,58.55,600,25.410951,64650,4028.0,4050.0
2025-07-22 14:30:00,58.55,58.55,58.55,58.55,300,25.751799,64650,4026.2,4050.0
2025-07-22 14:31:00,58.85,58.85,58.85,58.85,1200,25.909458,64650,4026.0,4050.0
2025-07-22 14:32:00,59.0,59.0,59.0,59.0,300,25.988859,63900,4025.9,4050.0
2025-07-22 14:33:00,58.85,59.9,58.85,59.9,450,26.327984,63900,4026.0,4050.0
2025-07-22 14:34:00,59.9,59.9,59.9,59.9,0,26.327984,63900,4026.5,4050.0
2025-07-22 14:35:00,59.9,60.7,59.9,60.7,450,26.553114,64200,4026.5,4050.0
2025-07-22 14:36:00,84.35,84.35,84.35,84.35,300,26.009719,92400,4025.0,4000.0
2025-07-22 14:37:00,58.8,58.8,58.8,58.8,150,25.915241,64200,4025.9,4050.0
2025-07-22 14:38:00,83.3,83.3,83.3,83.3,300,25.584866,92700,4025.0,4000.0
2025-07-22 14:39:00,83.3,83.3,83.3,83.3,0,25.584866,92700,4023.7,4000.0
2025-07-22 14:40:00,83.3,83.3,83.3,83.3,0,25.584866,92700,4024.4,4000.0
2025-07-22 14:41:00,83.3,84.3,83.3,84.3,150,26.139523,92700,4024.4,4000.0
2025-07-22 14:42:00,84.3,84.3,84.3,84.3,0,26.139523,92700,4025.0,4050.0
2025-07-22 14:43:00,84.3,84.3,84.3,84.3,0,26.139523,92700,4025.0,4050.0
2025-07-22 14:44:00,84.3,84.3,84.3,84.3,0,26.139523,92700,4025.0,4050.0
2025-07-22 14:45:00,84.3,84.3,84.3,84.3,0,26.139523,92700,4025.0,4000.0
2025-07-22 14:46:00,83.0,83.0,83.0,83.0,600,25.49618,92700,4024.9,4000.0
2025-07-22 14:47:00,83.0,83.4,83.0,83.4,150,25.852765,92550,4024.1,4000.0
2025-07-22 14:48:00,83.4,83.4,83.4,83.4,0,25.852765,92550,4024.9,4000.0
2025-07-22 14:49:00,83.4,83.4,83.4,83.4,0,25.852765,92550,4025.0,4000.0
2025-07-22 14:50:00,83.4,83.4,82.0,82.0,300,25.286784,92550,4024.1,4000.0
2025-07-22 14:51:00,82.0,82.0,82.0,82.0,0,25.286784,92550,4024.1,4000.0
2025-07-22 14:52:00,82.0,82.0,79.9,79.9,4800,24.578851,93000,4023.5,4000.0
2025-07-22 14:53:00,79.9,79.9,79.9,79.9,0,24.578851,93000,4024.7,4000.0
2025-07-22 14:54:00,56.65,56.65,56.0,56.0,300,24.61675,65100,4027.0,4050.0
2025-07-22 14:55:00,56.0,59.65,56.0,59.65,2100,25.95186,65100,4027.6,4050.0
2025-07-22 14:56:00,59.65,59.65,59.5,59.5,150,25.703663,64350,4028.6,4050.0
2025-07-22 14:57:00,59.5,59.5,58.55,58.55,150,25.347367,64350,4028.5,4050.0
2025-07-22 14:58:00,58.55,61.25,58.55,61.25,750,25.065306,64050,4035.5,4050.0
2025-07-22 14:59:00,61.25,61.95,61.25,61.95,150,25.519298,64050,4034.6,4050.0
2025-07-22 15:00:00,60.95,60.95,58.1,58.1,900,24.790973,64050,4030.5,4050.0
2025-07-22 15:01:00,58.1,61.7,58.1,61.7,150,26.082637,64050,4031.2,4050.0
2025-07-22 15:02:00,61.7,61.7,61.7,61.7,0,26.082637,64050,4029.4,4050.0
2025-07-22 15:03:00,61.7,61.7,59.85,59.85,300,25.391166,63450,4031.0,4050.0
2025-07-22 15:04:00,59.85,60.55,59.85,60.55,300,25.16646,63300,4033.6,4050.0
2025-07-22 15:05:00,60.55,61.1,60.55,61.1,300,25.229125,63300,4034.4,4050.0
2025-07-22 15:06:00,61.1,62.05,61.1,62.05,150,25.015737,63300,4037.4,4050.0
2025-07-22 15:07:00,62.05,62.65,61.45,62.65,300,25.154714,62850,4037.9,4050.0
2025-07-22 15:08:00,62.65,62.65,62.5,62.5,150,25.235326,62850,4037.2,4050.0
2025-07-22 15:09:00,62.5,63.5,62.5,63.0,1050,25.275343,62850,4038.0,4050.0
2025-07-22 15:10:00,63.0,63.0,62.45,62.5,750,25.729599,63000,4034.7,4050.0
2025-07-22 15:11:00,62.5,62.5,61.35,61.35,150,25.974815,63000,4031.1,4050.0
2025-07-22 15:12:00,61.35,64.0,60.15,64.0,900,25.534413,63000,4038.7,4050.0
2025-07-22 15:13:00,64.0,65.0,63.65,65.0,750,26.069976,63000,4038.0,4050.0
2025-07-22 15:14:00,65.0,65.0,63.35,63.65,450,25.736063,62550,4037.0,4050.0
2025-07-22 15:15:00,63.65,63.65,61.6,61.6,150,25.710791,62550,4033.0,4050.0
2025-07-22 15:16:00,61.6,61.6,61.6,61.6,0,25.710791,62550,4032.5,4050.0
2025-07-22 15:17:00,61.6,61.8,61.1,61.8,300,25.908628,62400,4032.4,4050.0
2025-07-22 15:18:00,61.8,61.8,61.8,61.8,0,25.908628,62400,4031.2,4050.0
2025-07-22 15:19:00,61.8,61.8,61.8,61.8,0,25.908628,62400,4031.4,4050.0
2025-07-22 15:20:00,61.8,61.8,61.8,61.8,0,25.908628,62400,4031.4,4050.0
2025-07-22 15:21:00,60.15,60.15,60.15,60.15,450,25.453159,62250,4031.4,4050.0
2025-07-22 15:22:00,60.4,60.4,60.25,60.25,600,25.590174,62250,4030.9,4050.0
2025-07-22 15:23:00,61.0,61.0,61.0,61.0,300,25.521216,62100,4032.8,4050.0
2025-07-22 15:24:00,60.9,61.0,60.9,61.0,1050,25.79321,62100,4031.4,4050.0
2025-07-22 15:25:00,61.25,61.25,61.25,61.25,300,25.719384,62250,4032.3,4050.0
2025-07-22 15:26:00,61.25,61.25,61.25,61.25,0,25.719384,62250,4032.3,4050.0
2025-07-22 15:27:00,61.45,61.95,61.45,61.95,450,26.250116,62250,4031.0,4050.0
2025-07-22 15:28:00,61.05,61.05,61.05,61.05,300,25.430057,62250,4033.4,4050.0
2025-07-22 15:29:00,61.5,62.0,61.5,62.0,750,25.885055,61800,4033.0,4050.0
2025-07-23 09:15:00,61.75,63.35,61.0,61.0,1350,24.211531,61500,4045.3,4050.0
2025-07-23 09:16:00,61.0,61.0,61.0,61.0,0,24.211531,61500,4035.2,4050.0
2025-07-23 09:17:00,61.0,63.4,61.0,62.35,750,26.676192,61350,4036.2,4050.0
2025-07-23 09:18:00,62.35,63.0,62.35,63.0,150,26.409515,61650,4038.8,4050.0
2025-07-23 09:19:00,64.7,64.7,64.7,64.7,150,26.862441,61650,4040.0,4050.0
2025-07-23 09:20:00,62.35,63.15,62.35,63.15,1050,25.868128,61650,4041.7,4050.0
2025-07-23 09:21:00,64.2,67.95,64.2,67.95,1050,27.617214,61650,4042.8,4050.0
2025-07-23 09:22:00,62.65,62.65,60.5,60.5,1800,25.341381,61800,4039.0,4050.0
2025-07-23 09:23:00,57.65,57.65,57.65,57.65,900,25.533123,61800,4032.3,4050.0
2025-07-23 09:24:00,57.25,58.25,56.85,58.25,900,26.441222,61800,4029.0,4050.0
2025-07-23 09:25:00,56.0,56.0,52.1,52.1,3000,24.46056,62550,4026.1,4050.0
2025-07-23 09:26:00,79.55,79.9,77.4,77.4,1050,26.089877,92700,4018.5,4000.0
2025-07-23 09:27:00,77.4,77.4,77.4,77.4,300,25.45103,92700,4021.1,4000.0
2025-07-23 09:28:00,77.4,77.4,73.75,73.75,7200,25.398964,92850,4015.0,4000.0
2025-07-23 09:29:00,74.75,74.75,74.75,74.75,450,25.095012,92850,4018.0,4000.0
2025-07-23 09:30:00,74.9,76.9,74.9,76.9,1800,26.296649,92850,4016.8,4000.0
2025-07-23 09:31:00,76.35,76.35,71.3,71.3,1800,25.975979,93750,4008.2,4000.0
2025-07-23 09:32:00,70.0,71.0,70.0,71.0,1950,25.828224,93750,4008.3,4000.0
2025-07-23 09:33:00,71.0,71.0,71.0,71.0,150,24.93892,93750,4012.1,4000.0
2025-07-23 09:34:00,72.15,72.15,71.7,71.7,1650,25.962089,93300,4009.0,4000.0
2025-07-23 09:35:00,67.65,67.65,66.0,67.65,2550,25.909353,93300,4001.8,4000.0
2025-07-23 09:36:00,66.6,68.85,66.6,68.85,1650,24.721118,93300,4009.2,4000.0
2025-07-23 09:37:00,73.05,73.05,71.65,71.65,3450,25.875092,94200,4009.3,4000.0
2025-07-23 09:38:00,71.65,71.65,71.0,71.0,2700,25.789407,94200,4008.5,4000.0
2025-07-23 09:39:00,72.0,72.0,71.0,71.0,5100,24.898801,94200,4012.3,4000.0
2025-07-23 09:40:00,72.0,72.0,72.0,72.0,300,25.862565,100050,4010.0,4000.0
2025-07-23 09:41:00,71.9,71.9,71.9,71.9,1800,26.905838,100050,4005.3,4000.0
2025-07-23 09:42:00,68.9,70.55,68.9,70.55,2550,25.813893,100050,4007.6,4000.0
2025-07-23 09:43:00,70.05,70.05,68.75,68.75,1350,25.588432,100050,4005.3,4000.0
2025-07-23 09:44:00,68.75,68.75,68.0,68.0,1200,26.022314,100050,4002.0,4000.0
2025-07-23 09:45:00,64.75,68.6,64.0,68.6,1950,24.929707,100650,4007.9,4000.0
2025-07-23 09:46:00,70.8,70.8,70.8,70.8,900,26.222866,100650,4006.3,4000.0
2025-07-23 09:47:00,70.25,70.25,70.0,70.0,450,26.003186,100650,4005.8,4000.0
2025-07-23 09:48:00,69.3,69.75,69.3,69.75,750,25.876747,100650,4005.9,4000.0
2025-07-23 09:49:00,69.3,72.0,69.3,72.0,3900,25.474331,100800,4011.7,4000.0
2025-07-23 09:50:00,72.0,75.6,72.0,74.55,3000,25.402007,100800,4016.5,4000.0
2025-07-23 09:51:00,74.55,76.2,74.4,76.2,3000,26.148827,100800,4016.3,4000.0
2025-07-23 09:52:00,75.85,75.85,75.85,75.85,1200,25.638087,99750,4017.8,4000.0
2025-07-23 09:53:00,75.85,75.85,75.85,75.85,0,25.638087,99750,4016.4,4000.0
2025-07-23 09:54:00,75.3,76.1,75.3,76.1,1050,26.327167,100500,4015.4,4000.0
2025-07-23 09:55:00,73.35,75.55,73.35,75.55,1500,25.734002,100500,4016.9,4000.0
2025-07-23 09:56:00,74.8,74.8,74.8,74.8,150,26.116539,100500,4014.0,4000.0
2025-07-23 09:57:00,74.8,74.8,73.85,73.85,750,25.955503,100500,4013.0,4000.0
2025-07-23 09:58:00,73.85,73.85,72.85,73.5,900,26.069871,100350,4011.9,4000.0
2025-07-23 09:59:00,72.2,73.1,72.2,73.1,2100,25.331454,100350,4014.3,4000.0
2025-07-23 10:00:00,73.1,73.1,72.9,72.9,750,26.102359,100350,4010.7,4000.0
2025-07-23 10:01:00,72.0,72.0,72.0,72.0,450,25.72499,101850,4010.7,4000.0
2025-07-23 10:02:00,72.0,72.0,71.3,71.3,3150,25.595963,101850,4010.0,4000.0
2025-07-23 10:03:00,71.85,75.5,71.85,75.5,3750,24.838043,104550,4020.5,4000.0
2025-07-23 10:04:00,74.55,74.55,74.1,74.1,1650,25.471289,104550,4015.5,4000.0
2025-07-23 10:05:00,74.1,74.45,74.0,74.0,300,25.502627,104550,4015.2,4000.0
2025-07-23 10:06:00,74.0,74.0,73.5,73.5,300,25.485054,104550,4014.4,4000.0
2025-07-23 10:07:00,73.5,73.85,73.5,73.85,150,25.22423,104550,4016.1,4000.0
2025-07-23 10:08:00,73.85,73.85,73.35,73.35,300,24.892417,104550,4016.6,4000.0
2025-07-23 10:09:00,73.25,73.25,72.95,72.95,4950,25.32856,104550,4014.1,4000.0
2025-07-23 10:10:00,72.95,72.95,72.95,72.95,0,25.32856,104550,4014.3,4000.0
2025-07-23 10:11:00,72.95,72.95,72.95,72.95,0,25.32856,104550,4020.0,4000.0
2025-07-23 10:12:00,72.95,72.95,72.95,72.95,0,25.32856,104550,4017.6,4000.0
2025-07-23 10:13:00,72.95,75.0,72.95,75.0,150,25.572646,105150,4016.7,4000.0
2025-07-23 10:14:00,75.0,75.0,75.0,75.0,300,25.888291,105150,4015.4,4000.0
2025-07-23 10:15:00,75.0,75.0,75.0,75.0,0,25.888291,105150,4016.5,4000.0
2025-07-23 10:16:00,75.0,75.0,73.45,73.45,450,25.187336,105300,4015.6,4000.0
2025-07-23 10:17:00,73.45,73.45,73.45,73.45,0,25.187336,105300,4016.7,4000.0
2025-07-23 10:18:00,73.45,73.45,73.45,73.45,0,25.187336,105300,4015.0,4000.0
2025-07-23 10:19:00,73.45,73.45,73.45,73.45,0,25.187336,105300,4014.9,4000.0
2025-07-23 10:20:00,73.45,73.45,73.45,73.45,0,25.187336,105300,4013.8,4000.0
2025-07-23 10:21:00,72.95,72.95,72.95,72.95,300,25.582576,105300,4013.1,4000.0
2025-07-23 10:22:00,72.0,72.0,72.0,72.0,150,24.91941,105300,4014.2,4000.0
2025-07-23 10:23:00,72.0,72.0,72.0,72.0,0,24.91941,105300,4013.0,4000.0
2025-07-23 10:24:00,72.0,72.0,72.0,72.0,0,24.91941,105300,4013.3,4000.0
2025-07-23 10:25:00,72.2,72.2,72.2,72.2,150,25.627326,105300,4011.6,4000.0
2025-07-23 10:26:00,72.2,72.2,72.2,72.2,0,25.627326,105300,4011.1,4000.0
2025-07-23 10:27:00,72.2,72.2,72.2,72.2,0,25.627326,105300,4013.5,4000.0
2025-07-23 10:28:00,72.0,72.0,72.0,72.0,150,25.118677,105300,4013.4,4000.0
2025-07-23 10:29:00,72.0,72.0,72.0,72.0,300,25.358372,105300,4012.4,4000.0
2025-07-23 10:30:00,72.0,72.0,72.0,72.0,0,25.358372,105300,4014.1,4000.0
2025-07-23 10:31:00,72.0,72.0,72.0,72.0,0,25.358372,105300,4014.1,4000.0
2025-07-23 10:32:00,71.55,71.55,71.0,71.0,300,24.963898,105450,4012.3,4000.0
2025-07-23 10:33:00,71.0,71.0,71.0,71.0,0,24.963898,105450,4012.6,4000.0
2025-07-23 10:34:00,71.0,71.0,71.0,71.0,0,24.963898,105450,4012.6,4000.0
2025-07-23 10:35:00,70.8,72.4,70.8,72.4,300,25.056437,105450,4014.4,4000.0
2025-07-23 10:36:00,72.4,72.4,72.4,72.4,0,25.056437,105450,4012.9,4000.0
2025-07-23 10:37:00,71.95,71.95,68.15,68.15,1200,25.289281,105450,4005.8,4000.0
2025-07-23 10:38:00,68.35,68.35,68.35,68.35,450,25.098122,105450,4007.0,4000.0
2025-07-23 10:39:00,68.35,68.35,67.8,67.8,300,24.891154,105450,4006.9,4000.0
2025-07-23 10:40:00,67.8,68.0,67.8,68.0,600,25.39039,105450,4005.1,4000.0
2025-07-23 10:41:00,68.9,68.9,68.9,68.9,600,24.82138,105450,4009.2,4000.0
2025-07-23 10:42:00,68.9,68.9,68.9,68.9,0,24.82138,105450,4010.0,4000.0
2025-07-23 10:43:00,68.9,70.25,68.9,70.25,300,24.397526,105900,4013.4,4000.0
2025-07-23 10:44:00,71.45,72.0,71.45,72.0,300,25.11458,105900,4013.5,4000.0
2025-07-23 10:45:00,72.0,72.0,71.7,71.7,300,25.818525,105900,4010.0,4000.0
2025-07-23 10:46:00,70.05,70.5,70.05,70.5,750,24.650637,105900,4012.8,4000.0
2025-07-23 10:47:00,70.5,70.5,70.5,70.5,0,24.650637,105900,4011.9,4000.0
2025-07-23 10:48:00,70.5,70.5,70.5,70.5,0,24.650637,105900,4011.4,4000.0
2025-07-23 10:49:00,70.5,70.5,70.5,70.5,0,24.650637,105900,4010.1,4000.0
2025-07-23 10:50:00,70.5,70.5,70.5,70.5,150,25.201465,105900,4010.5,4000.0
2025-07-23 10:51:00,70.5,70.8,70.5,70.8,150,24.735705,105900,4013.0,4000.0
2025-07-23 10:52:00,70.8,71.05,70.8,71.05,450,24.530259,106050,4014.3,4000.0
2025-07-23 10:53:00,71.65,71.65,70.8,70.8,600,25.166475,106050,4011.2,4000.0
2025-07-23 10:54:00,70.8,70.8,70.1,70.1,150,24.848581,106050,4011.3,4000.0
2025-07-23 10:55:00,70.1,70.1,70.1,70.1,0,24.848581,106050,4010.0,4000.0
2025-07-23 10:56:00,70.1,70.1,69.5,69.5,600,25.186192,106200,4008.8,4000.0
2025-07-23 10:57:00,69.3,70.0,69.3,70.0,450,24.78633,106200,4011.4,4000.0
2025-07-23 10:58:00,70.0,70.15,70.0,70.15,150,24.108009,105900,4014.5,4000.0
2025-07-23 10:59:00,70.15,70.15,70.15,70.15,150,24.542458,105900,4012.7,4000.0
2025-07-23 11:00:00,70.15,70.15,70.15,70.15,300,24.591491,105900,4012.5,4000.0
2025-07-23 11:01:00,70.15,70.15,70.15,70.15,0,24.591491,105900,4012.5,4000.0
2025-07-23 11:02:00,70.2,70.2,70.2,70.2,300,24.61507,106200,4012.5,4000.0
2025-07-23 11:03:00,70.2,70.2,70.2,70.2,0,24.61507,106200,4012.6,4000.0
2025-07-23 11:04:00,70.2,70.2,70.2,70.2,0,24.61507,106200,4012.6,4000.0
2025-07-23 11:05:00,69.45,69.45,69.45,69.45,150,23.989114,106350,4013.8,4000.0
2025-07-23 11:06:00,69.45,69.45,68.7,68.7,300,23.720885,106350,4013.6,4000.0
2025-07-23 11:07:00,68.7,68.7,68.7,68.7,0,23.720885,106350,4013.0,4000.0
2025-07-23 11:08:00,68.7,68.7,68.7,68.7,0,23.720885,106350,4012.8,4000.0
2025-07-23 11:09:00,69.5,70.05,69.5,70.05,450,23.713409,106350,4016.0,4000.0
2025-07-23 11:10:00,70.65,70.65,70.65,70.65,900,24.213148,106350,4015.0,4000.0
2025-07-23 11:11:00,71.9,71.9,70.75,70.75,300,24.256765,106350,4015.0,4000.0
2025-07-23 11:12:00,70.75,71.9,70.75,71.9,150,24.721325,106350,4015.1,4000.0
2025-07-23 11:13:00,71.9,71.9,71.0,71.0,450,24.365206,106500,4015.0,4000.0
2025-07-23 11:14:00,71.0,71.0,71.0,71.0,0,24.365206,106500,4015.5,4000.0
2025-07-23 11:15:00,71.0,71.0,69.8,69.8,150,23.858572,106500,4015.0,4000.0
2025-07-23 11:16:00,69.8,69.8,69.8,69.8,0,23.858572,106500,4015.2,4000.0
2025-07-23 11:17:00,69.8,69.8,68.7,68.7,300,23.369603,106800,4015.1,4000.0
2025-07-23 11:18:00,68.7,68.7,68.65,68.65,150,23.568645,106800,4014.2,4000.0
2025-07-23 11:19:00,68.65,68.65,68.65,68.65,0,23.568645,106800,4015.0,4000.0
2025-07-23 11:20:00,70.0,70.15,70.0,70.15,300,23.964398,106650,4015.2,4000.0
2025-07-23 11:21:00,70.2,70.2,70.2,70.2,4200,24.301999,106650,4013.9,4000.0
2025-07-23 11:22:00,70.2,70.2,69.65,69.65,900,24.070093,104550,4013.9,4000.0
2025-07-23 11:23:00,69.65,69.65,69.65,69.65,0,24.070093,104550,4013.8,4000.0
2025-07-23 11:24:00,69.65,71.0,69.65,71.0,300,24.620538,104550,4014.0,4000.0
2025-07-23 11:25:00,71.45,71.45,71.45,71.45,150,24.812438,104550,4014.0,4000.0
2025-07-23 11:26:00,71.45,71.45,71.45,71.45,0,24.812438,104550,4014.0,4000.0
2025-07-23 11:27:00,71.45,71.45,71.45,71.45,0,24.812438,104550,4013.1,4000.0
2025-07-23 11:28:00,71.45,71.45,71.45,71.45,0,24.812438,104550,4014.0,4000.0
2025-07-23 11:29:00,71.45,71.45,71.45,71.45,0,24.812438,104550,4015.7,4000.0
2025-07-23 11:30:00,71.45,71.45,71.45,71.45,0,24.812438,104550,4014.0,4000.0
2025-07-23 11:31:00,71.45,71.45,71.45,71.45,0,24.812438,104550,4015.3,4000.0
2025-07-23 11:32:00,71.45,71.5,71.45,71.5,600,24.405851,105150,4015.8,4000.0
2025-07-23 11:33:00,71.5,71.5,71.5,71.5,0,24.405851,105150,4016.3,4000.0
2025-07-23 11:34:00,71.5,72.5,71.5,72.5,150,24.465906,105150,4017.3,4000.0
2025-07-23 11:35:00,72.5,72.5,72.5,72.5,0,24.465906,105150,4018.0,4000.0
2025-07-23 11:36:00,72.5,73.45,72.5,73.45,150,24.700191,105150,4018.0,4000.0
2025-07-23 11:37:00,73.6,73.6,72.95,72.95,750,24.661011,104850,4017.3,4000.0
2025-07-23 11:38:00,72.95,72.95,72.95,72.95,0,24.661011,104850,4018.1,4000.0
2025-07-23 11:39:00,72.95,72.95,72.95,72.95,0,24.661011,104850,4018.1,4000.0
2025-07-23 11:40:00,72.95,72.95,72.95,72.95,0,24.661011,104850,4018.0,4000.0
2025-07-23 11:41:00,72.95,72.95,72.95,72.95,0,24.661011,104850,4018.6,4000.0
2025-07-23 11:42:00,72.95,72.95,72.95,72.95,0,24.661011,104850,4018.1,4000.0
2025-07-23 11:43:00,72.95,72.95,72.95,72.95,0,24.661011,104850,4018.0,4000.0
2025-07-23 11:44:00,73.3,73.8,73.3,73.8,1050,24.611682,104850,4019.0,4000.0
2025-07-23 11:45:00,73.8,73.8,73.8,73.8,0,24.611682,104850,4018.4,4000.0
2025-07-23 11:46:00,73.8,73.8,73.8,73.8,0,24.611682,104850,4020.0,4000.0
2025-07-23 11:47:00,74.6,74.6,74.6,74.6,600,25.203328,105450,4018.0,4000.0
2025-07-23 11:48:00,73.8,74.0,73.8,74.0,600,24.701884,105450,4019.0,4000.0
2025-07-23 11:49:00,74.35,74.35,74.35,74.35,450,24.728124,105750,4019.5,4000.0
2025-07-23 11:50:00,74.75,74.75,74.75,74.75,450,24.899985,105750,4019.5,4000.0
2025-07-23 11:51:00,74.75,74.75,74.75,74.75,0,24.899985,105750,4017.0,4000.0
2025-07-23 11:52:00,74.75,74.75,74.0,74.0,150,25.101742,105750,4017.4,4000.0
2025-07-23 11:53:00,74.0,74.0,74.0,74.0,0,25.101742,105750,4017.0,4000.0
2025-07-23 11:54:00,74.0,74.0,74.0,74.0,0,25.101742,105750,4016.6,4000.0
2025-07-23 11:55:00,74.0,74.0,74.0,74.0,0,25.101742,105750,4017.4,4000.0
2025-07-23 11:56:00,74.0,74.0,74.0,74.0,0,25.101742,105750,4017.6,4000.0
2025-07-23 11:57:00,73.85,74.3,73.85,74.3,300,24.666861,105750,4019.7,4000.0
2025-07-23 11:58:00,74.3,74.3,74.3,74.3,0,24.666861,105750,4020.5,4000.0
2025-07-23 11:59:00,74.3,75.5,74.3,75.5,150,24.806587,105750,4021.2,4000.0
2025-07-23 12:00:00,50.9,52.2,50.9,52.2,450,24.822665,79800,4025.4,4050.0
2025-07-23 12:01:00,76.8,76.8,76.8,76.8,900,24.630901,105900,4024.1,4000.0
2025-07-23 12:02:00,76.8,76.8,76.8,76.8,0,24.630901,105900,4024.2,4000.0
2025-07-23 12:03:00,76.8,77.2,76.8,77.2,450,25.085019,105900,4023.0,4000.0
2025-07-23 12:04:00,77.2,77.2,77.2,77.2,0,25.085019,105900,4023.9,4000.0
2025-07-23 12:05:00,77.4,77.4,76.8,76.8,300,24.635861,105900,4024.1,4000.0
2025-07-23 12:06:00,76.8,76.8,76.8,76.8,0,24.635861,105900,4025.0,4050.0
2025-07-23 12:07:00,52.5,52.5,52.5,52.5,300,24.486121,79350,4027.8,4050.0
2025-07-23 12:08:00,52.5,52.5,52.5,52.5,0,24.486121,79350,4028.0,4050.0
2025-07-23 12:09:00,52.5,53.55,52.5,53.55,750,24.6103,79650,4029.4,4050.0
2025-07-23 12:10:00,53.6,54.05,53.6,54.05,450,24.420682,79800,4031.4,4050.0
2025-07-23 12:11:00,53.4,55.0,53.4,55.0,7050,24.088835,79800,4035.0,4050.0
2025-07-23 12:12:00,55.0,56.4,55.0,56.4,1050,24.488231,79800,4035.9,4050.0
2025-07-23 12:13:00,56.4,56.4,55.05,55.05,750,24.336091,79500,4033.9,4050.0
2025-07-23 12:14:00,55.85,55.85,55.65,55.65,1350,24.830402,79500,4032.7,4050.0
2025-07-23 12:15:00,56.0,56.0,55.55,55.55,3300,24.363325,79500,4034.8,4050.0
2025-07-23 12:16:00,55.55,57.75,55.55,57.75,1200,25.013603,80250,4036.1,4050.0
2025-07-23 12:17:00,57.75,57.75,56.65,57.35,1050,24.662871,80250,4037.0,4050.0
2025-07-23 12:18:00,57.45,58.9,57.45,58.9,2550,24.893294,80250,4039.0,4050.0
2025-07-23 12:19:00,58.9,59.0,58.5,58.5,750,24.728205,80850,4039.0,4050.0
2025-07-23 12:20:00,58.5,58.5,58.5,58.5,750,25.351161,80850,4036.0,4050.0
2025-07-23 12:21:00,58.4,58.4,56.75,56.75,2850,24.726784,80850,4035.5,4050.0
2025-07-23 12:22:00,56.75,56.75,56.15,56.15,300,24.947175,80850,4033.2,4050.0
2025-07-23 12:23:00,55.05,56.85,55.05,56.85,900,24.832314,80250,4035.2,4050.0
2025-07-23 12:24:00,56.65,56.65,55.4,55.4,1350,24.940078,80250,4031.7,4050.0
2025-07-23 12:25:00,55.4,55.4,53.7,54.05,450,23.89315,80400,4034.1,4050.0
2025-07-23 12:26:00,54.05,54.5,54.05,54.5,150,24.304923,80400,4033.0,4050.0
2025-07-23 12:27:00,54.5,54.5,54.45,54.45,750,24.868172,80400,4030.1,4050.0
2025-07-23 12:28:00,54.45,54.45,54.45,54.45,0,24.868172,80400,4029.6,4050.0
2025-07-23 12:29:00,54.45,54.45,54.45,54.45,0,24.868172,80400,4030.4,4050.0
2025-07-23 12:30:00,54.45,54.45,54.1,54.1,150,24.163161,80250,4032.9,4050.0
2025-07-23 12:31:00,54.0,54.85,54.0,54.8,1950,24.678184,79050,4031.8,4050.0
2025-07-23 12:32:00,54.8,54.8,54.8,54.8,0,24.678184,79050,4030.8,4050.0
2025-07-23 12:33:00,54.8,54.8,54.8,54.8,0,24.678184,79050,4032.8,4050.0
2025-07-23 12:34:00,55.0,55.0,55.0,55.0,300,25.206143,79050,4029.6,4050.0
2025-07-23 12:35:00,53.4,53.4,52.15,52.15,1500,24.274444,79200,4028.3,4050.0
2025-07-23 12:36:00,52.15,53.5,52.15,52.85,750,24.350224,79200,4029.4,4050.0
2025-07-23 12:37:00,52.85,52.85,52.85,52.85,0,24.350224,79200,4027.7,4050.0
2025-07-23 12:38:00,52.85,52.85,52.6,52.6,150,24.327547,78000,4029.0,4050.0
2025-07-23 12:39:00,53.15,53.15,53.15,53.15,150,24.359683,78000,4030.0,4050.0
2025-07-23 12:40:00,53.15,53.15,53.15,53.15,0,24.359683,78000,4029.0,4050.0
2025-07-23 12:41:00,53.15,53.15,53.15,53.15,0,24.359683,78000,4029.1,4050.0
2025-07-23 12:42:00,53.15,53.15,53.15,53.15,0,24.359683,78000,4031.1,4050.0
2025-07-23 12:43:00,53.25,53.25,52.75,52.75,900,24.197325,77850,4030.0,4050.0
2025-07-23 12:44:00,52.75,52.75,52.75,52.75,0,24.197325,77850,4029.1,4050.0
2025-07-23 12:45:00,52.75,53.15,52.05,52.05,750,24.006657,77850,4029.5,4050.0
2025-07-23 12:46:00,52.15,52.15,52.15,52.15,300,24.425658,77850,4027.6,4050.0
2025-07-23 12:47:00,52.4,52.4,52.0,52.0,300,24.383766,77850,4027.5,4050.0
2025-07-23 12:48:00,52.0,52.0,52.0,52.0,150,24.384957,77850,4027.5,4050.0
2025-07-23 12:49:00,52.0,52.25,52.0,52.25,600,24.471094,77550,4027.6,4050.0
2025-07-23 12:50:00,52.25,52.45,52.25,52.35,300,24.058361,77550,4029.9,4050.0
2025-07-23 12:51:00,52.35,52.35,52.35,52.35,0,24.058361,77550,4028.5,4050.0
2025-07-23 12:52:00,52.5,52.5,52.5,52.5,900,24.599054,77550,4027.5,4050.0
2025-07-23 12:53:00,52.5,52.5,52.5,52.5,0,24.599054,77550,4026.1,4050.0
2025-07-23 12:54:00,51.75,51.8,51.75,51.8,1050,24.504892,77850,4026.5,4050.0
2025-07-23 12:55:00,51.8,51.9,51.8,51.9,150,24.606799,77850,4026.2,4050.0
2025-07-23 12:56:00,51.9,52.5,51.9,52.5,1200,24.505162,78600,4028.0,4050.0
2025-07-23 12:57:00,52.5,52.5,52.5,52.5,0,24.505162,78600,4027.0,4050.0
2025-07-23 12:58:00,52.5,52.5,51.8,51.8,300,24.74445,78300,4025.3,4050.0
2025-07-23 12:59:00,50.6,51.4,50.6,51.4,900,24.323612,78300,4026.6,4050.0
2025-07-23 13:00:00,51.4,51.85,51.4,51.85,300,24.533024,78300,4026.5,4050.0
2025-07-23 13:01:00,51.85,51.85,51.85,51.85,0,24.533024,78300,4027.2,4050.0
2025-07-23 13:02:00,52.0,52.0,52.0,52.0,600,24.045493,78600,4029.3,4050.0
2025-07-23 13:03:00,52.0,52.0,52.0,52.0,0,24.045493,78600,4029.2,4050.0
2025-07-23 13:04:00,52.0,52.0,52.0,52.0,0,24.045493,78600,4028.2,4050.0
2025-07-23 13:05:00,52.0,52.0,52.0,52.0,0,24.045493,78600,4027.8,4050.0
2025-07-23 13:06:00,52.0,52.0,52.0,52.0,0,24.045493,78600,4027.1,4050.0
2025-07-23 13:07:00,52.0,52.0,51.7,51.7,150,24.615643,78000,4025.8,4050.0
2025-07-23 13:08:00,51.7,51.7,51.7,51.7,0,24.615643,78000,4025.0,4000.0
2025-07-23 13:09:00,51.7,51.7,51.7,51.7,0,24.615643,78000,4024.3,4000.0
2025-07-23 13:10:00,51.7,51.7,51.3,51.3,150,24.431871,77850,4025.9,4050.0
2025-07-23 13:11:00,51.3,51.3,51.3,51.3,0,24.431871,77850,4025.6,4050.0
2025-07-23 13:12:00,51.3,51.3,51.3,51.3,0,24.431871,77850,4025.0,4000.0
2025-07-23 13:13:00,51.3,51.3,51.3,51.3,0,24.431871,77850,4024.8,4000.0
2025-07-23 13:14:00,51.3,51.3,51.3,51.3,0,24.431871,77850,4024.7,4000.0
2025-07-23 13:15:00,51.3,51.3,51.3,51.3,0,24.431871,77850,4024.0,4000.0
2025-07-23 13:16:00,50.5,50.5,50.5,50.5,150,24.259328,77850,4025.1,4050.0
2025-07-23 13:17:00,51.3,51.35,51.3,51.35,300,24.265141,77550,4026.9,4050.0
2025-07-23 13:18:00,51.35,51.35,51.35,51.35,900,24.403672,77550,4026.2,4050.0
2025-07-23 13:19:00,51.35,51.35,51.35,51.35,0,24.403672,77550,4026.2,4050.0
2025-07-23 13:20:00,51.35,51.35,51.35,51.35,0,24.403672,77550,4026.6,4050.0
2025-07-23 13:21:00,51.35,51.35,51.35,51.35,0,24.403672,77550,4027.1,4050.0
2025-07-23 13:22:00,51.35,51.35,51.35,51.35,0,24.403672,77550,4028.0,4050.0
2025-07-23 13:23:00,51.35,51.35,51.35,51.35,0,24.403672,77550,4027.0,4050.0
2025-07-23 13:24:00,51.35,51.35,51.35,51.35,0,24.403672,77550,4026.6,4050.0
2025-07-23 13:25:00,51.35,51.35,51.35,51.35,0,24.403672,77550,4026.6,4050.0
2025-07-23 13:26:00,51.35,51.35,51.35,51.35,0,24.403672,77550,4026.6,4050.0
2025-07-23 13:27:00,77.0,77.0,73.2,73.2,750,23.979417,103950,4021.0,4000.0
2025-07-23 13:28:00,73.2,74.5,73.2,74.5,150,24.132696,103800,4022.6,4000.0
2025-07-23 13:29:00,74.5,74.5,74.5,74.5,0,24.132696,103800,4024.0,4000.0
2025-07-23 13:30:00,74.5,74.5,74.5,74.5,0,24.132696,103800,4024.2,4000.0
2025-07-23 13:31:00,74.5,74.5,74.5,74.5,0,24.132696,103800,4025.0,4050.0
2025-07-23 13:32:00,50.6,50.6,50.6,50.6,150,24.320346,78450,4025.1,4050.0
2025-07-23 13:33:00,50.6,50.6,50.6,50.6,0,24.320346,78450,4025.0,4050.0
2025-07-23 13:34:00,50.6,50.6,50.6,50.6,0,24.320346,78450,4022.9,4000.0
2025-07-23 13:35:00,50.25,50.25,50.25,50.25,1800,23.883703,78300,4026.6,4050.0
2025-07-23 13:36:00,50.25,50.25,50.25,50.25,0,23.883703,78300,4026.6,4050.0
2025-07-23 13:37:00,50.25,50.95,50.25,50.95,150,24.375799,78300,4025.6,4050.0
2025-07-23 13:38:00,50.95,50.95,50.95,50.95,0,24.375799,78300,4026.7,4050.0
2025-07-23 13:39:00,50.95,53.25,50.95,53.25,1350,24.353164,78750,4030.6,4050.0
2025-07-23 13:40:00,54.75,55.3,54.75,55.0,3150,24.439666,78150,4033.8,4050.0
2025-07-23 13:41:00,55.0,56.55,54.5,54.75,1200,24.661144,78150,4032.2,4050.0
2025-07-23 13:42:00,55.15,55.15,54.0,54.0,900,24.730924,78150,4030.3,4050.0
2025-07-23 13:43:00,54.0,54.6,54.0,54.6,150,25.003442,78150,4030.2,4050.0
2025-07-23 13:44:00,54.6,54.6,54.6,54.6,150,24.317995,78750,4033.6,4050.0
2025-07-23 13:45:00,57.55,57.55,57.55,57.55,7200,25.368423,78750,4034.5,4050.0
2025-07-23 13:46:00,57.55,57.55,57.55,57.55,0,25.368423,78750,4034.3,4050.0
2025-07-23 13:47:00,57.55,57.55,56.55,56.55,450,24.829952,76200,4035.1,4050.0
2025-07-23 13:48:00,56.55,58.0,56.2,58.0,1350,24.418007,76200,4040.0,4050.0
2025-07-23 13:49:00,58.0,58.0,57.4,57.4,1350,24.733172,76200,4037.3,4050.0
2025-07-23 13:50:00,57.4,57.4,57.4,57.4,0,24.733172,76200,4036.7,4050.0
2025-07-23 13:51:00,57.3,58.4,57.3,58.4,1050,24.96581,76200,4038.2,4050.0
2025-07-23 13:52:00,58.4,58.4,58.4,58.4,150,24.589777,76200,4040.0,4050.0
2025-07-23 13:53:00,59.0,59.0,57.3,57.3,450,24.841398,76200,4036.6,4050.0
2025-07-23 13:54:00,57.3,57.3,57.3,57.3,0,24.841398,76200,4036.2,4050.0
2025-07-23 13:55:00,57.3,57.5,57.3,57.5,150,25.051419,76500,4036.0,4050.0
2025-07-23 13:56:00,57.5,57.5,57.0,57.0,150,24.761106,76500,4036.4,4050.0
2025-07-23 13:57:00,57.0,57.0,57.0,57.0,0,24.761106,76500,4037.7,4050.0
2025-07-23 13:58:00,57.5,57.5,57.15,57.15,450,24.598166,76500,4037.5,4050.0
2025-07-23 13:59:00,57.15,58.2,57.0,58.2,1350,24.787648,76500,4038.7,4050.0
2025-07-23 14:00:00,58.65,58.65,58.65,58.65,300,25.081299,76500,4038.2,4050.0
2025-07-23 14:01:00,58.65,58.65,58.65,58.65,0,25.081299,76500,4038.9,4050.0
2025-07-23 14:02:00,58.65,58.65,58.65,58.65,0,25.081299,76500,4036.3,4050.0
2025-07-23 14:03:00,56.85,56.85,56.85,56.85,150,25.648084,77400,4031.8,4050.0
2025-07-23 14:04:00,54.1,54.1,54.1,54.1,750,24.254752,77400,4033.0,4050.0
2025-07-23 14:05:00,54.1,54.2,54.1,54.2,300,24.621504,77400,4031.4,4050.0
2025-07-23 14:06:00,54.2,54.2,54.2,54.2,0,24.621504,77400,4035.7,4050.0
2025-07-23 14:07:00,56.2,56.2,55.5,55.5,750,24.599703,77400,4034.2,4050.0
2025-07-23 14:08:00,55.5,55.5,55.2,55.2,150,24.393558,77700,4034.6,4050.0
2025-07-23 14:09:00,55.2,55.5,55.2,55.5,150,24.643005,77700,4034.0,4050.0
2025-07-23 14:10:00,55.5,55.5,55.5,55.5,300,24.644219,77700,4034.0,4050.0
2025-07-23 14:11:00,55.5,55.5,55.5,55.5,0,24.644219,77700,4034.0,4050.0
2025-07-23 14:12:00,55.5,55.8,55.5,55.8,150,24.690372,78000,4034.4,4050.0
2025-07-23 14:13:00,55.8,55.8,55.0,55.0,300,24.377299,78000,4034.3,4050.0
2025-07-23 14:14:00,55.0,55.25,55.0,55.25,150,24.133944,78000,4036.0,4050.0
2025-07-23 14:15:00,55.9,56.35,55.9,56.35,450,24.677652,78000,4035.6,4050.0
2025-07-23 14:16:00,55.25,57.0,55.25,57.0,1950,24.7027,78900,4036.8,4050.0
2025-07-23 14:17:00,57.0,57.5,57.0,57.5,300,24.496228,78900,4038.8,4050.0
2025-07-23 14:18:00,58.5,58.5,57.95,57.95,1200,24.685502,78900,4038.8,4050.0
2025-07-23 14:19:00,57.95,59.5,57.95,59.0,900,24.662031,78900,4041.0,4050.0
2025-07-23 14:20:00,59.0,59.0,58.85,58.85,750,24.621765,78900,4040.9,4050.0
2025-07-23 14:21:00,56.9,58.9,56.9,58.9,900,24.918259,78900,4039.6,4050.0
2025-07-23 14:22:00,58.9,58.9,56.4,56.4,750,24.583275,78900,4036.2,4050.0
2025-07-23 14:23:00,56.4,56.4,56.4,56.4,0,24.583275,78900,4036.9,4050.0
2025-07-23 14:24:00,56.4,57.45,56.4,57.45,450,24.630182,78150,4038.1,4050.0
2025-07-23 14:25:00,57.45,57.45,57.0,57.0,150,24.879269,78150,4036.0,4050.0
2025-07-23 14:26:00,57.0,57.0,57.0,57.0,0,24.879269,78150,4036.9,4050.0
2025-07-23 14:27:00,57.0,57.3,57.0,57.3,300,24.862359,78150,4036.7,4050.0
2025-07-23 14:28:00,57.3,57.3,57.3,57.3,0,24.862359,78150,4037.0,4050.0
2025-07-23 14:29:00,57.3,57.3,57.3,57.3,0,24.862359,78150,4037.1,4050.0
2025-07-23 14:30:00,56.65,56.65,56.65,56.65,150,24.84211,78300,4035.5,4050.0
2025-07-23 14:31:00,56.65,56.65,55.1,55.1,450,24.276812,78300,4035.1,4050.0
2025-07-23 14:32:00,54.5,54.5,54.5,54.5,600,24.047347,77850,4035.0,4050.0
2025-07-23 14:33:00,54.5,54.5,54.5,54.5,0,24.047347,77850,4035.0,4050.0
2025-07-23 14:34:00,54.5,54.5,54.5,54.5,0,24.047347,77850,4035.0,4050.0
2025-07-23 14:35:00,54.5,54.5,54.5,54.5,0,24.047347,77850,4035.5,4050.0
2025-07-23 14:36:00,54.8,54.8,54.8,54.8,300,23.971895,77700,4036.0,4050.0
2025-07-23 14:37:00,55.45,55.45,55.45,55.45,150,24.307072,77700,4035.7,4050.0
2025-07-23 14:38:00,55.45,55.45,55.45,55.45,0,24.307072,77700,4035.5,4050.0
2025-07-23 14:39:00,55.45,55.45,55.45,55.45,0,24.307072,77700,4036.3,4050.0
2025-07-23 14:40:00,55.45,55.45,55.45,55.45,0,24.307072,77700,4036.9,4050.0
2025-07-23 14:41:00,55.45,55.45,55.45,55.45,0,24.307072,77700,4036.1,4050.0
2025-07-23 14:42:00,55.45,55.75,55.45,55.75,450,24.065854,77850,4037.5,4050.0
2025-07-23 14:43:00,56.9,56.9,56.9,56.9,450,24.318682,77850,4038.6,4050.0
2025-07-23 14:44:00,56.9,56.9,56.9,56.9,0,24.318682,77850,4037.3,4050.0
2025-07-23 14:45:00,56.0,56.0,56.0,56.0,1200,24.111596,78300,4037.8,4050.0
2025-07-23 14:46:00,56.0,56.0,56.0,56.0,0,24.111596,78300,4036.7,4050.0
2025-07-23 14:47:00,56.05,56.5,56.05,56.5,450,24.489741,78000,4037.0,4050.0
2025-07-23 14:48:00,56.5,56.5,56.5,56.5,0,24.489741,78000,4037.0,4050.0
2025-07-23 14:49:00,56.2,56.2,56.2,56.2,600,24.366565,78000,4037.0,4050.0
2025-07-23 14:50:00,56.2,56.2,56.2,56.2,0,24.366565,78000,4035.9,4050.0
2025-07-23 14:51:00,56.15,56.15,56.1,56.1,450,23.804696,77400,4039.5,4050.0
2025-07-23 14:52:00,57.8,57.8,57.75,57.75,1500,24.517388,77400,4039.4,4050.0
2025-07-23 14:53:00,57.75,57.75,57.65,57.65,300,24.64469,76500,4038.6,4050.0
2025-07-23 14:54:00,58.5,58.5,57.3,57.3,1350,24.541282,76500,4038.4,4050.0
2025-07-23 14:55:00,57.3,57.3,57.3,57.3,150,24.542501,76500,4038.4,4050.0
2025-07-23 14:56:00,57.3,57.3,57.1,57.1,150,23.721025,75450,4041.9,4050.0
2025-07-23 14:57:00,58.7,58.85,58.7,58.85,900,24.667019,75450,4040.9,4050.0
2025-07-23 14:58:00,58.85,59.5,58.2,58.2,750,24.22627,75450,4041.7,4050.0
2025-07-23 14:59:00,58.7,58.7,58.0,58.0,2250,24.39847,74850,4040.5,4050.0
2025-07-23 15:00:00,58.0,58.0,58.0,58.0,450,24.081069,74850,4042.0,4050.0
2025-07-23 15:01:00,58.0,58.75,58.0,58.45,450,24.121028,74850,4042.7,4050.0
2025-07-23 15:02:00,58.45,58.55,58.25,58.25,600,24.40081,73350,4041.0,4050.0
2025-07-23 15:03:00,58.55,58.6,58.55,58.6,300,24.314451,73350,4042.1,4050.0
2025-07-23 15:04:00,58.6,58.6,58.6,58.6,0,24.314451,73350,4040.8,4050.0
2025-07-23 15:05:00,57.9,58.5,57.75,58.5,750,24.338994,73200,4041.8,4050.0
2025-07-23 15:06:00,58.5,58.5,58.3,58.3,300,24.638263,73200,4040.0,4050.0
2025-07-23 15:07:00,58.3,58.3,57.65,57.65,300,24.30396,73200,4040.3,4050.0
2025-07-23 15:08:00,58.0,58.0,58.0,58.0,1050,24.090689,72450,4042.0,4050.0
2025-07-23 15:09:00,58.0,58.0,58.0,58.0,150,24.240939,72450,4041.3,4050.0
2025-07-23 15:10:00,58.4,58.45,58.4,58.45,450,24.196059,72450,4042.4,4050.0
2025-07-23 15:11:00,58.0,58.5,58.0,58.5,1350,24.239574,71400,4042.3,4050.0
2025-07-23 15:12:00,58.5,59.3,58.5,59.3,300,24.447291,71400,4042.9,4050.0
2025-07-23 15:13:00,59.3,59.3,59.0,59.0,150,24.172559,71400,4043.6,4050.0
2025-07-23 15:14:00,59.25,59.3,59.25,59.3,750,24.213204,71100,4044.0,4050.0
2025-07-23 15:15:00,59.5,59.5,59.5,59.5,150,24.384328,71100,4043.6,4050.0
2025-07-23 15:16:00,59.5,59.95,59.5,59.95,1500,24.054133,71100,4046.0,4050.0
2025-07-23 15:17:00,59.9,59.9,59.9,59.9,300,23.529668,69600,4048.3,4050.0
2025-07-23 15:18:00,59.9,61.7,59.9,61.7,150,24.30708,69600,4048.2,4050.0
2025-07-23 15:19:00,61.7,63.25,61.7,63.25,600,24.736616,70050,4049.2,4050.0
2025-07-23 15:20:00,61.05,61.35,61.05,61.35,2100,24.338994,70050,4047.4,4050.0
2025-07-23 15:21:00,62.0,62.0,62.0,62.0,1350,24.897024,70050,4046.1,4050.0
2025-07-23 15:22:00,61.0,61.7,61.0,61.7,600,25.011816,70050,4045.0,4050.0
2025-07-23 15:23:00,61.0,61.0,61.0,61.0,600,24.936149,70050,4044.0,4050.0
2025-07-23 15:24:00,61.0,61.0,60.85,60.85,600,24.527931,70050,4045.6,4050.0
2025-07-23 15:25:00,60.7,60.7,60.7,60.7,600,24.920699,70050,4043.5,4050.0
2025-07-23 15:26:00,60.7,60.7,60.7,60.7,0,24.920699,70050,4045.0,4050.0
2025-07-23 15:27:00,59.95,60.45,59.95,60.45,600,24.925912,69300,4043.0,4050.0
2025-07-23 15:28:00,60.4,60.4,60.4,60.4,150,25.333337,69300,4041.0,4050.0
2025-07-23 15:29:00,59.5,61.9,59.5,61.9,3300,25.06094,68700,4045.2,4050.0
2025-07-24 09:16:00,64.8,65.95,63.65,63.65,1050,23.709157,66450,4060.2,4050.0
2025-07-24 09:17:00,63.65,63.65,63.65,63.65,0,23.709157,66450,4064.7,4050.0
2025-07-24 09:18:00,68.0,69.95,66.7,69.95,2700,27.493423,66450,4056.1,4050.0
2025-07-24 09:19:00,67.25,67.25,62.6,62.6,450,25.512331,65550,4050.8,4050.0
2025-07-24 09:20:00,61.5,61.5,61.5,61.5,300,20.515127,65550,4068.9,4050.0
2025-07-24 09:21:00,64.95,64.95,64.25,64.25,1500,24.571383,65550,4057.8,4050.0
2025-07-24 09:22:00,64.85,64.85,64.0,64.0,600,25.449326,64950,4053.7,4050.0
2025-07-24 09:23:00,64.0,64.0,59.9,59.9,300,24.046789,64950,4052.0,4050.0
2025-07-24 09:24:00,58.15,58.15,58.15,58.15,750,24.532809,64950,4046.6,4050.0
2025-07-24 09:25:00,58.0,58.0,55.75,58.0,600,23.775538,64950,4049.6,4050.0
2025-07-24 09:26:00,59.3,59.5,59.3,59.5,600,24.738689,64950,4048.3,4050.0
2025-07-24 09:27:00,59.5,59.5,58.9,58.9,150,23.964283,64950,4050.5,4050.0
2025-07-24 09:28:00,57.5,57.5,57.5,57.5,450,23.861082,64500,4048.3,4050.0
2025-07-24 09:29:00,57.5,57.5,57.4,57.4,300,24.209495,64500,4046.6,4050.0
2025-07-24 09:30:00,56.75,56.75,53.85,53.85,900,21.67281,64500,4050.8,4050.0
2025-07-24 09:31:00,56.4,56.4,56.4,56.4,150,23.055433,64350,4049.7,4050.0
2025-07-24 09:32:00,58.05,58.05,58.05,58.05,150,23.690061,64350,4050.1,4050.0
2025-07-24 09:33:00,57.8,57.8,57.8,57.8,300,24.230295,64350,4047.3,4050.0
2025-07-24 09:34:00,57.7,58.0,56.75,58.0,4200,24.204569,64350,4047.8,4050.0
2025-07-24 09:35:00,58.0,58.0,57.05,58.0,450,24.159765,64350,4048.0,4050.0
2025-07-24 09:36:00,58.2,58.2,57.0,57.0,900,23.743868,64350,4047.9,4050.0
2025-07-24 09:37:00,57.0,57.0,57.0,57.0,0,23.743868,64350,4048.9,4050.0
2025-07-24 09:38:00,57.5,57.5,57.5,57.5,750,23.735209,64350,4048.9,4050.0
2025-07-24 09:39:00,57.5,59.15,57.5,59.15,300,24.323845,64350,4049.5,4050.0
2025-07-24 09:40:00,59.15,59.15,59.15,59.15,0,24.323845,64350,4049.9,4050.0
2025-07-24 09:41:00,59.25,59.25,59.25,59.25,150,24.579552,64800,4048.6,4050.0
2025-07-24 09:42:00,59.05,60.45,59.05,60.45,900,24.760753,64800,4050.1,4050.0
2025-07-24 09:43:00,60.4,60.4,59.35,59.35,450,24.370736,64650,4049.7,4050.0
2025-07-24 09:44:00,59.35,59.35,59.35,59.35,0,24.370736,64650,4048.2,4050.0
2025-07-24 09:45:00,59.35,59.35,58.2,58.2,150,24.811517,64650,4045.6,4050.0
2025-07-24 09:46:00,59.15,59.15,59.15,59.15,150,24.216619,64800,4050.0,4050.0
2025-07-24 09:47:00,59.15,62.4,59.15,62.4,1050,25.063158,64800,4052.5,4050.0
2025-07-24 09:48:00,62.4,62.4,62.4,62.4,3150,25.441294,64800,4050.9,4050.0
2025-07-24 09:49:00,62.4,62.4,61.65,61.65,300,25.065125,62100,4051.1,4050.0
2025-07-24 09:50:00,61.65,61.65,61.65,61.65,0,25.065125,62100,4050.8,4050.0
2025-07-24 09:51:00,61.8,61.8,61.8,61.8,150,25.251233,62100,4050.6,4050.0
2025-07-24 09:52:00,61.8,61.8,60.3,60.3,150,24.591276,61800,4050.6,4050.0
2025-07-24 09:53:00,60.3,60.3,60.3,60.3,0,24.591276,61800,4051.5,4050.0
2025-07-24 09:54:00,60.3,60.3,60.3,60.3,0,24.591276,61800,4046.3,4050.0
2025-07-24 09:55:00,60.3,60.3,60.3,60.3,0,24.591276,61800,4045.0,4050.0
2025-07-24 09:56:00,60.3,60.3,60.3,60.3,0,24.591276,61800,4048.2,4050.0
2025-07-24 09:57:00,59.3,60.45,59.3,60.45,600,24.804563,61800,4050.0,4050.0
2025-07-24 09:58:00,60.45,60.45,60.45,60.45,0,24.804563,61800,4050.4,4050.0
2025-07-24 09:59:00,61.0,61.8,61.0,61.8,450,24.933157,61500,4052.0,4050.0
2025-07-24 10:00:00,61.8,61.8,61.8,61.8,0,24.933157,61500,4050.1,4050.0
2025-07-24 10:01:00,61.7,61.7,61.7,61.7,150,25.54756,61500,4049.2,4050.0
2025-07-24 10:02:00,61.7,61.7,61.7,61.7,0,25.54756,61500,4048.9,4050.0
2025-07-24 10:03:00,59.25,59.25,58.85,58.85,300,24.641076,61200,4047.7,4050.0
2025-07-24 10:04:00,58.85,58.85,58.5,58.5,300,24.418873,61350,4048.0,4050.0
2025-07-24 10:05:00,58.5,58.5,58.5,58.5,0,24.418873,61350,4047.0,4050.0
2025-07-24 10:06:00,58.5,58.5,58.5,58.5,0,24.418873,61350,4046.5,4050.0
2025-07-24 10:07:00,58.5,58.5,58.5,58.5,1500,24.538292,61350,4047.5,4050.0
2025-07-24 10:08:00,56.6,56.6,56.6,56.6,1350,24.432852,61350,4044.3,4050.0
2025-07-24 10:09:00,57.0,57.25,57.0,57.25,750,24.584701,61350,4044.9,4050.0
2025-07-24 10:10:00,57.25,57.25,57.25,57.25,0,24.584701,61350,4046.5,4050.0
2025-07-24 10:11:00,57.25,57.25,56.7,56.7,1500,24.548831,62400,4044.0,4050.0
2025-07-24 10:12:00,56.6,56.6,55.35,55.35,6750,24.180324,62400,4043.0,4050.0
2025-07-24 10:13:00,55.35,55.35,55.35,55.35,0,24.180324,62400,4044.5,4050.0
2025-07-24 10:14:00,55.4,56.45,55.4,56.45,600,24.869879,65250,4042.1,4050.0
2025-07-24 10:15:00,56.45,56.45,56.45,56.45,0,24.869879,65250,4042.0,4050.0
2025-07-24 10:16:00,54.8,54.8,54.0,54.0,600,23.836727,65550,4041.9,4050.0
2025-07-24 10:17:00,55.9,55.9,55.9,55.9,2100,24.384563,65550,4043.2,4050.0
2025-07-24 10:18:00,55.9,55.9,55.9,55.9,0,24.384563,65550,4042.6,4050.0
2025-07-24 10:19:00,55.9,55.95,55.9,55.95,300,23.705432,65250,4046.3,4050.0
2025-07-24 10:20:00,57.8,57.8,57.8,57.8,450,24.085292,65250,4048.2,4050.0
2025-07-24 10:21:00,58.95,59.65,58.95,59.65,300,24.879811,65250,4048.3,4050.0
2025-07-24 10:22:00,58.05,58.05,58.0,58.0,600,24.567923,65400,4046.5,4050.0
2025-07-24 10:23:00,57.8,57.8,57.8,57.8,300,23.81037,65400,4049.4,4050.0
2025-07-24 10:24:00,57.8,57.8,57.8,57.8,0,23.81037,65400,4047.7,4050.0
2025-07-24 10:25:00,57.8,57.8,57.8,57.8,150,24.506666,65550,4046.4,4050.0
2025-07-24 10:26:00,57.8,57.8,57.8,57.8,0,24.506666,65550,4046.3,4050.0
2025-07-24 10:27:00,57.8,58.25,57.8,58.25,450,25.027555,65550,4045.0,4050.0
2025-07-24 10:28:00,58.1,58.1,58.1,58.1,150,24.962743,65550,4045.0,4050.0
2025-07-24 10:29:00,58.1,58.1,58.1,58.1,0,24.962743,65550,4046.5,4050.0
2025-07-24 10:30:00,57.25,57.25,57.25,57.25,450,24.907595,65550,4043.6,4050.0
2025-07-24 10:31:00,57.25,57.25,56.85,56.85,150,24.732437,65400,4043.6,4050.0
2025-07-24 10:32:00,56.85,56.85,56.85,56.85,0,24.732437,65400,4043.9,4050.0
2025-07-24 10:33:00,56.85,56.85,56.5,56.5,150,24.240684,65400,4045.1,4050.0
2025-07-24 10:34:00,57.65,57.65,56.7,56.7,750,24.033275,65550,4046.4,4050.0
2025-07-24 10:35:00,56.7,56.7,56.7,56.7,0,24.033275,65550,4044.5,4050.0
2025-07-24 10:36:00,56.7,56.7,56.7,56.7,0,24.033275,65550,4044.5,4050.0
2025-07-24 10:37:00,56.2,56.2,56.2,56.2,300,24.34063,65550,4044.1,4050.0
2025-07-24 10:38:00,56.4,56.75,56.4,56.75,450,24.607408,65550,4044.0,4050.0
2025-07-24 10:39:00,56.75,56.75,56.75,56.75,0,24.607408,65550,4044.6,4050.0
2025-07-24 10:40:00,57.3,57.3,57.3,57.3,450,24.852945,65550,4044.0,4050.0
2025-07-24 10:41:00,57.3,57.3,57.3,57.3,0,24.852945,65550,4042.0,4050.0
2025-07-24 10:42:00,57.3,57.3,57.3,57.3,0,24.852945,65550,4043.7,4050.0
2025-07-24 10:43:00,57.3,57.3,57.3,57.3,0,24.852945,65550,4044.4,4050.0
2025-07-24 10:44:00,57.3,57.3,57.3,57.3,0,24.852945,65550,4045.0,4050.0
2025-07-24 10:45:00,57.3,57.3,57.1,57.1,150,24.589987,65700,4044.8,4050.0
2025-07-24 10:46:00,57.1,57.1,56.5,56.5,150,24.507851,65700,4044.0,4050.0
2025-07-24 10:47:00,56.5,56.5,56.5,56.5,300,24.168231,65700,4045.5,4050.0
2025-07-24 10:48:00,56.5,57.3,56.5,57.3,150,24.316943,65700,4046.4,4050.0
2025-07-24 10:49:00,57.3,57.3,57.3,57.3,0,24.316943,65700,4045.8,4050.0
2025-07-24 10:50:00,56.6,56.65,56.6,56.65,1950,24.352494,65700,4045.0,4050.0
2025-07-24 10:51:00,56.3,56.3,56.3,56.3,1950,24.199232,65700,4045.0,4050.0
2025-07-24 10:52:00,56.3,56.3,56.3,56.3,0,24.199232,65700,4045.0,4050.0
2025-07-24 10:53:00,56.3,56.3,56.3,56.3,0,24.199232,65700,4046.5,4050.0
2025-07-24 10:54:00,56.3,56.3,56.3,56.3,0,24.199232,65700,4045.3,4050.0
2025-07-24 10:55:00,56.3,56.75,56.3,56.75,450,24.38063,64200,4045.1,4050.0
2025-07-24 10:56:00,56.75,56.75,55.3,55.3,450,23.764082,64200,4045.0,4050.0
2025-07-24 10:57:00,55.45,55.45,55.45,55.45,750,23.603264,64200,4046.0,4050.0
2025-07-24 10:58:00,55.75,55.75,55.75,55.75,300,23.622438,65400,4046.5,4050.0
2025-07-24 10:59:00,55.75,57.5,55.75,57.5,450,24.051148,65400,4048.0,4050.0
2025-07-24 11:00:00,57.5,57.5,57.5,57.5,0,24.051148,65400,4049.8,4050.0
2025-07-24 11:01:00,57.5,57.5,57.5,57.5,0,24.051148,65400,4047.2,4050.0
2025-07-24 11:02:00,57.4,58.05,57.4,58.05,450,24.182305,65250,4048.5,4050.0
2025-07-24 11:03:00,57.4,57.4,57.4,57.4,150,24.151084,65250,4047.4,4050.0
2025-07-24 11:04:00,57.4,57.4,57.2,57.2,150,24.087089,64950,4047.3,4050.0
2025-07-24 11:05:00,57.2,57.2,57.2,57.2,0,24.087089,64950,4047.7,4050.0
2025-07-24 11:06:00,58.55,59.0,58.55,59.0,1500,24.022648,64950,4051.0,4050.0
2025-07-24 11:07:00,58.95,58.95,58.0,58.0,1500,24.490972,64050,4047.1,4050.0
2025-07-24 11:08:00,58.0,58.0,58.0,58.0,0,24.490972,64050,4048.0,4050.0
2025-07-24 11:09:00,58.0,58.0,58.0,58.0,0,24.490972,64050,4048.0,4050.0
2025-07-24 11:10:00,58.0,58.0,58.0,58.0,150,24.286994,64650,4048.0,4050.0
2025-07-24 11:11:00,58.0,58.0,58.0,58.0,0,24.286994,64650,4048.0,4050.0
2025-07-24 11:12:00,58.0,58.0,58.0,58.0,0,24.286994,64650,4046.2,4050.0
2025-07-24 11:13:00,58.0,58.0,58.0,58.0,0,24.286994,64650,4047.0,4050.0
2025-07-24 11:14:00,58.0,58.0,57.7,57.7,900,24.55185,64800,4046.3,4050.0
2025-07-24 11:15:00,58.05,58.05,58.05,58.05,300,24.708008,64800,4046.3,4050.0
2025-07-24 11:16:00,58.05,58.05,58.05,58.05,0,24.708008,64800,4046.5,4050.0
2025-07-24 11:17:00,58.05,58.05,58.05,58.05,0,24.708008,64800,4045.0,4050.0
2025-07-24 11:18:00,58.05,58.05,58.05,58.05,0,24.708008,64800,4046.0,4050.0
2025-07-24 11:19:00,58.05,58.05,58.05,58.05,0,24.708008,64800,4046.0,4050.0
2025-07-24 11:20:00,58.05,58.05,58.05,58.05,0,24.708008,64800,4043.5,4050.0
2025-07-24 11:21:00,58.05,58.05,52.0,52.0,450,24.119782,65550,4037.0,4050.0
2025-07-24 11:22:00,52.6,52.9,52.6,52.9,600,24.235334,65400,4038.3,4050.0
2025-07-24 11:23:00,54.45,54.45,52.05,52.05,2700,24.578368,65400,4035.0,4050.0
2025-07-24 11:24:00,51.8,51.8,51.05,51.8,600,24.468855,65400,4035.0,4050.0
2025-07-24 11:25:00,51.8,51.8,51.8,51.8,150,24.663963,66600,4034.1,4050.0
2025-07-24 11:26:00,51.8,51.8,51.8,51.8,150,24.211835,66600,4036.2,4050.0
2025-07-24 11:27:00,51.8,51.8,51.2,51.2,300,24.635974,66600,4033.0,4050.0
2025-07-24 11:28:00,50.8,51.55,49.9,51.55,750,24.856781,66600,4032.7,4050.0
2025-07-24 11:29:00,51.55,51.55,51.55,51.55,0,24.856781,66600,4034.0,4050.0
2025-07-24 11:30:00,51.0,51.0,51.0,51.0,1200,24.679157,66600,4032.4,4050.0
2025-07-24 11:31:00,51.0,52.75,51.0,52.75,750,24.530922,67800,4036.7,4050.0
2025-07-24 11:32:00,52.75,52.75,52.75,52.75,0,24.530922,67800,4034.1,4050.0
2025-07-24 11:33:00,52.75,53.0,52.75,53.0,150,25.013351,67800,4035.0,4050.0
2025-07-24 11:34:00,53.0,53.0,53.0,53.0,0,25.013351,67800,4033.8,4050.0
2025-07-24 11:35:00,53.0,53.0,50.65,50.65,300,24.167028,67650,4034.1,4050.0
2025-07-24 11:36:00,50.65,50.65,49.45,49.45,600,24.189397,67650,4031.5,4050.0
2025-07-24 11:37:00,49.45,49.45,49.45,49.45,0,24.189397,67650,4032.0,4050.0
2025-07-24 11:38:00,49.45,49.45,49.45,49.45,0,24.189397,67650,4032.4,4050.0
2025-07-24 11:39:00,50.25,50.25,50.25,50.25,300,24.230163,67500,4033.0,4050.0
2025-07-24 11:40:00,50.25,50.25,50.25,50.25,0,24.230163,67500,4033.1,4050.0
2025-07-24 11:41:00,50.25,50.25,50.25,50.25,0,24.230163,67500,4033.1,4050.0
2025-07-24 11:42:00,50.25,50.25,50.25,50.25,0,24.230163,67500,4035.4,4050.0
2025-07-24 11:43:00,50.25,50.45,50.25,50.45,150,23.93833,67500,4034.8,4050.0
2025-07-24 11:44:00,49.5,49.5,49.3,49.3,3000,24.133324,67500,4031.5,4050.0
2025-07-24 11:45:00,50.15,50.15,50.15,50.15,2850,24.427916,67500,4031.9,4050.0
2025-07-24 11:46:00,49.8,49.8,49.3,49.3,1650,24.051222,69900,4031.9,4050.0
2025-07-24 11:47:00,49.3,49.3,49.3,49.3,0,24.051222,69900,4031.3,4050.0
2025-07-24 11:48:00,49.3,51.35,49.3,51.35,150,24.559728,69900,4033.8,4050.0
2025-07-24 11:49:00,51.35,51.7,51.35,51.7,150,24.716575,69750,4033.8,4050.0
2025-07-24 11:50:00,51.7,51.7,50.95,50.95,150,24.126491,69750,4035.0,4050.0
2025-07-24 11:51:00,50.95,50.95,49.85,49.85,450,24.111036,69750,4032.8,4050.0
2025-07-24 11:52:00,50.6,50.6,50.6,50.6,300,24.616255,70050,4032.0,4050.0
2025-07-24 11:53:00,49.95,49.95,49.95,49.95,300,24.243391,70050,4032.4,4050.0
2025-07-24 11:54:00,49.95,49.95,49.95,49.95,0,24.243391,70050,4032.6,4050.0
2025-07-24 11:55:00,49.95,49.95,49.45,49.45,300,24.023658,70050,4032.4,4050.0
2025-07-24 11:56:00,49.45,49.45,49.45,49.45,0,24.023658,70050,4033.5,4050.0
2025-07-24 11:57:00,49.45,49.45,49.25,49.25,150,24.001104,70050,4032.1,4050.0
2025-07-24 11:58:00,49.25,49.25,49.25,49.25,0,24.001104,70050,4032.6,4050.0
2025-07-24 11:59:00,49.25,51.1,49.25,51.1,150,24.205126,70050,4035.0,4050.0
2025-07-24 12:00:00,50.25,50.25,50.25,50.25,150,23.893525,70050,4034.7,4050.0
2025-07-24 12:01:00,50.2,50.2,50.2,50.2,150,24.130383,70050,4033.5,4050.0
2025-07-24 12:02:00,50.2,50.2,50.2,50.2,0,24.130383,70050,4033.4,4050.0
2025-07-24 12:03:00,48.2,48.2,48.05,48.05,900,23.368729,70050,4032.6,4050.0
2025-07-24 12:04:00,47.55,47.55,47.2,47.55,1950,24.197219,70050,4027.6,4050.0
2025-07-24 12:05:00,46.75,46.75,46.75,46.75,900,23.067814,71100,4031.3,4050.0
2025-07-24 12:06:00,49.0,49.0,47.55,48.2,2100,24.177567,71100,4029.1,4050.0
2025-07-24 12:07:00,48.2,48.2,48.2,48.2,150,23.990252,70800,4030.0,4050.0
2025-07-24 12:08:00,48.2,48.2,47.65,47.65,150,24.060044,70800,4028.5,4050.0
2025-07-24 12:09:00,47.65,47.65,47.65,47.65,0,24.060044,70800,4028.1,4050.0
2025-07-24 12:10:00,48.3,48.3,48.3,48.3,300,24.227516,70800,4029.1,4050.0
2025-07-24 12:11:00,48.3,48.3,48.3,48.3,0,24.227516,70800,4027.2,4050.0
2025-07-24 12:12:00,48.3,48.3,48.3,48.3,0,24.227516,70800,4027.0,4050.0
2025-07-24 12:13:00,48.3,48.3,48.3,48.3,0,24.227516,70800,4029.9,4050.0
2025-07-24 12:14:00,48.6,48.6,48.6,48.6,150,24.282918,70650,4029.5,4050.0
2025-07-24 12:15:00,48.6,48.6,48.6,48.6,0,24.282918,70650,4029.7,4050.0
2025-07-24 12:16:00,48.55,48.85,48.35,48.85,600,24.543798,70800,4028.8,4050.0
2025-07-24 12:17:00,48.85,48.85,48.85,48.85,0,24.543798,70800,4029.6,4050.0
2025-07-24 12:18:00,48.85,48.85,48.85,48.85,0,24.543798,70800,4029.9,4050.0
2025-07-24 12:19:00,48.85,49.05,48.5,49.05,900,23.663993,70950,4033.4,4050.0
2025-07-24 12:20:00,49.05,49.05,49.05,49.05,0,23.663993,70950,4033.1,4050.0
2025-07-24 12:21:00,49.05,52.4,48.95,51.05,13650,22.105376,70950,4044.5,4050.0
2025-07-24 12:22:00,51.05,53.15,51.05,52.65,3750,22.930321,72900,4044.0,4050.0
2025-07-24 12:23:00,52.65,52.95,52.2,52.9,1200,23.178663,72900,4043.4,4050.0
2025-07-24 12:24:00,53.8,55.2,53.8,55.2,1350,22.675801,72900,4050.0,4050.0
2025-07-24 12:25:00,56.3,56.3,54.95,54.95,6450,23.359255,66900,4046.6,4050.0
2025-07-24 12:26:00,54.95,54.95,54.95,54.95,0,23.359255,66900,4046.7,4050.0
2025-07-24 12:27:00,55.3,55.3,55.3,55.3,1500,22.724071,66900,4050.0,4050.0
2025-07-24 12:28:00,56.45,56.45,56.45,56.45,600,23.189087,66900,4050.2,4050.0
2025-07-24 12:29:00,57.95,57.95,57.95,57.95,150,23.903908,65850,4050.0,4050.0
2025-07-24 12:30:00,57.95,57.95,57.0,57.0,450,23.199441,65850,4051.2,4050.0
2025-07-24 12:31:00,59.0,59.0,59.0,59.0,600,24.39657,65850,4049.9,4050.0
2025-07-24 12:32:00,58.05,58.05,58.05,58.05,150,23.834463,65850,4050.5,4050.0
2025-07-24 12:33:00,59.4,59.4,59.0,59.0,1050,24.352241,65850,4050.1,4050.0
2025-07-24 12:34:00,59.0,59.0,58.35,58.35,300,24.088344,65700,4050.0,4050.0
2025-07-24 12:35:00,58.25,58.25,58.25,58.25,450,24.350113,65700,4048.7,4050.0
2025-07-24 12:36:00,58.25,58.25,58.25,58.25,0,24.350113,65700,4050.0,4050.0
2025-07-24 12:37:00,57.15,57.15,57.15,57.15,150,23.864193,65700,4048.7,4050.0
2025-07-24 12:38:00,57.15,57.15,57.15,57.15,0,23.864193,65700,4048.0,4050.0
2025-07-24 12:39:00,56.4,56.4,56.4,56.4,300,23.53366,66150,4048.7,4050.0
2025-07-24 12:40:00,56.4,56.4,55.9,55.9,900,23.754652,66150,4046.8,4050.0
2025-07-24 12:41:00,55.7,55.7,55.35,55.35,900,23.534811,66150,4046.7,4050.0
2025-07-24 12:42:00,55.35,55.4,55.35,55.4,2550,23.788765,66150,4045.7,4050.0
2025-07-24 12:43:00,56.2,57.15,56.2,57.0,2850,24.038672,70050,4047.7,4050.0
2025-07-24 12:44:00,57.0,57.0,57.0,57.0,0,24.038672,70050,4047.7,4050.0
2025-07-24 12:45:00,56.6,56.6,56.6,56.6,450,22.898308,70050,4051.8,4050.0
2025-07-24 12:46:00,58.3,58.65,58.3,58.65,900,24.636221,70050,4048.3,4050.0
2025-07-24 12:47:00,58.65,58.65,58.65,58.65,0,24.636221,70050,4049.2,4050.0
2025-07-24 12:48:00,58.65,58.65,55.9,55.9,450,23.206154,69300,4049.2,4050.0
2025-07-24 12:49:00,55.9,57.95,55.9,57.95,300,24.23586,69300,4048.7,4050.0
2025-07-24 12:50:00,57.95,57.95,57.95,57.95,0,24.23586,69300,4048.4,4050.0
2025-07-24 12:51:00,57.05,57.65,57.05,57.65,300,23.917715,68850,4049.5,4050.0
2025-07-24 12:52:00,57.65,57.65,57.2,57.2,300,23.718966,68850,4049.5,4050.0
2025-07-24 12:53:00,57.2,57.2,57.2,57.2,0,23.718966,68850,4046.9,4050.0
2025-07-24 12:54:00,57.2,57.2,57.2,57.2,0,23.718966,68850,4045.1,4050.0
2025-07-24 12:55:00,57.2,57.2,57.2,57.2,0,23.718966,68850,4045.0,4050.0
2025-07-24 12:56:00,57.2,57.2,57.2,57.2,0,23.718966,68850,4045.0,4050.0
2025-07-24 12:57:00,53.6,53.6,53.6,53.6,300,23.169382,68700,4045.0,4050.0
2025-07-24 12:58:00,52.1,52.1,51.85,51.85,750,23.521093,68250,4040.0,4050.0
2025-07-24 12:59:00,51.0,51.0,51.0,51.0,300,23.586617,68250,4038.0,4050.0
2025-07-24 13:00:00,50.8,50.8,50.8,50.8,300,23.432916,68250,4038.3,4050.0
2025-07-24 13:01:00,51.5,51.5,50.8,50.8,750,23.346031,67950,4038.7,4050.0
2025-07-24 13:02:00,51.05,52.0,51.05,52.0,450,23.792806,67950,4039.1,4050.0
2025-07-24 13:03:00,52.0,52.0,52.0,52.0,0,23.792806,67950,4040.6,4050.0
2025-07-24 13:04:00,52.9,52.9,52.9,52.9,150,23.593409,67950,4041.8,4050.0
2025-07-24 13:05:00,52.9,52.95,52.9,52.95,150,23.616965,67800,4041.8,4050.0
2025-07-24 13:06:00,52.95,52.95,52.95,52.95,0,23.616965,67800,4041.0,4050.0
2025-07-24 13:07:00,53.1,53.1,53.1,53.1,300,23.753722,67800,4041.5,4050.0
2025-07-24 13:08:00,53.1,53.1,51.6,51.6,150,23.177545,68100,4041.1,4050.0
2025-07-24 13:09:00,51.6,51.6,51.6,51.6,0,23.177545,68100,4038.0,4050.0
2025-07-24 13:10:00,50.0,50.0,50.0,50.0,600,23.155898,68100,4038.0,4050.0
2025-07-24 13:11:00,50.0,50.0,50.0,50.0,0,23.155898,68100,4038.6,4050.0
2025-07-24 13:12:00,50.0,51.6,50.0,51.6,450,23.826865,68250,4038.2,4050.0
2025-07-24 13:13:00,51.6,51.6,51.6,51.6,0,23.826865,68250,4037.7,4050.0
2025-07-24 13:14:00,51.6,52.55,51.6,52.55,150,24.075746,67800,4039.0,4050.0
2025-07-24 13:15:00,53.1,53.7,53.1,53.7,450,23.693005,67800,4043.0,4050.0
2025-07-24 13:16:00,53.7,55.6,53.7,55.6,450,23.78487,67800,4046.3,4050.0
2025-07-24 13:17:00,56.65,56.95,56.65,56.95,300,24.432977,67800,4046.1,4050.0
2025-07-24 13:18:00,57.0,57.0,57.0,57.0,150,24.433527,67800,4046.2,4050.0
2025-07-24 13:19:00,57.0,57.0,57.0,57.0,150,24.481014,67800,4046.0,4050.0
2025-07-24 13:20:00,55.55,55.55,55.55,55.55,150,23.975265,67500,4045.4,4050.0
2025-07-24 13:21:00,56.0,56.0,56.0,56.0,150,24.176845,67500,4045.4,4050.0
2025-07-24 13:22:00,56.0,56.0,56.0,56.0,0,24.176845,67500,4045.1,4050.0
2025-07-24 13:23:00,56.0,56.0,56.0,56.0,0,24.176845,67500,4045.0,4050.0
2025-07-24 13:24:00,55.9,56.9,55.9,56.9,450,24.212185,67350,4047.0,4050.0
2025-07-24 13:25:00,56.9,57.5,56.9,57.5,150,24.271416,67200,4047.9,4050.0
2025-07-24 13:26:00,57.5,57.5,57.5,57.5,0,24.271416,67200,4047.1,4050.0
2025-07-24 13:27:00,57.5,57.5,57.5,57.5,0,24.271416,67200,4047.4,4050.0
2025-07-24 13:28:00,56.75,56.75,56.75,56.75,150,24.127651,67200,4047.1,4050.0
2025-07-24 13:29:00,56.75,56.75,56.75,56.75,0,24.127651,67200,4046.7,4050.0
2025-07-24 13:30:00,56.75,56.75,56.75,56.75,0,24.127651,67200,4047.1,4050.0
2025-07-24 13:31:00,56.9,57.3,56.9,57.3,300,24.446162,67350,4046.8,4050.0
2025-07-24 13:32:00,57.3,57.3,57.3,57.3,0,24.446162,67350,4045.2,4050.0
2025-07-24 13:33:00,57.3,57.3,57.3,57.3,0,24.446162,67350,4045.4,4050.0
2025-07-24 13:34:00,57.3,57.3,57.3,57.3,300,24.865136,67500,4045.0,4050.0
2025-07-24 13:35:00,57.3,57.3,57.3,57.3,0,24.865136,67500,4045.4,4050.0
2025-07-24 13:36:00,57.3,57.3,57.3,57.3,0,24.865136,67500,4045.3,4050.0
2025-07-24 13:37:00,57.3,57.3,57.3,57.3,0,24.865136,67500,4045.0,4050.0
2025-07-24 13:38:00,57.3,57.3,57.3,57.3,0,24.865136,67500,4045.3,4050.0
2025-07-24 13:39:00,55.7,55.85,55.7,55.85,300,24.134484,67500,4045.4,4050.0
2025-07-24 13:40:00,55.85,55.85,55.85,55.85,0,24.134484,67500,4046.9,4050.0
2025-07-24 13:41:00,55.85,55.85,55.85,55.85,0,24.134484,67500,4045.4,4050.0
2025-07-24 13:42:00,55.85,55.85,55.85,55.85,150,23.301849,67500,4049.0,4050.0
2025-07-24 13:43:00,55.85,55.85,55.85,55.85,0,23.301849,67500,4048.6,4050.0
2025-07-24 13:44:00,55.85,55.85,55.85,55.85,0,23.301849,67500,4049.3,4050.0
2025-07-24 13:45:00,55.85,55.85,55.85,55.85,0,23.301849,67500,4049.5,4050.0
2025-07-24 13:46:00,55.85,58.15,55.85,58.15,300,23.860002,67500,4051.0,4050.0
2025-07-24 13:47:00,57.9,57.9,57.75,57.75,450,23.91992,67500,4050.0,4050.0
2025-07-24 13:48:00,57.1,57.1,57.1,57.1,1050,23.86704,67500,4049.0,4050.0
2025-07-24 13:49:00,57.1,58.7,57.1,58.5,450,24.327861,66900,4049.7,4050.0
2025-07-24 13:50:00,58.5,58.5,58.5,58.5,0,24.327861,66900,4048.9,4050.0
2025-07-24 13:51:00,58.5,58.5,58.5,58.5,0,24.327861,66900,4049.8,4050.0
2025-07-24 13:52:00,58.5,58.5,58.5,58.5,0,24.327861,66900,4049.8,4050.0
2025-07-24 13:53:00,58.5,59.95,57.85,58.45,1200,24.240251,67050,4050.0,4050.0
2025-07-24 13:54:00,58.45,58.45,58.3,58.3,300,24.174713,67050,4050.0,4050.0
2025-07-24 13:55:00,58.3,58.3,58.3,58.3,150,24.152446,67050,4050.1,4050.0
2025-07-24 13:56:00,58.3,58.3,58.3,58.3,0,24.152446,67050,4050.0,4050.0
2025-07-24 13:57:00,58.3,58.3,57.8,57.8,300,23.955752,67650,4050.0,4050.0
2025-07-24 13:58:00,57.8,57.8,57.8,57.8,0,23.955752,67650,4048.1,4050.0
2025-07-24 13:59:00,56.15,56.15,56.15,56.15,300,23.645769,67650,4048.2,4050.0
2025-07-24 14:00:00,56.15,56.15,56.15,56.15,0,23.645769,67650,4045.4,4050.0
2025-07-24 14:01:00,56.15,56.15,56.15,56.15,0,23.645769,67650,4046.8,4050.0
2025-07-24 14:02:00,56.15,56.15,56.15,56.15,0,23.645769,67650,4049.3,4050.0
2025-07-24 14:03:00,56.8,56.8,56.8,56.8,150,23.941054,67350,4048.2,4050.0
2025-07-24 14:04:00,56.8,56.8,56.8,56.8,0,23.941054,67350,4049.1,4050.0
2025-07-24 14:05:00,56.8,56.8,56.8,56.8,0,23.941054,67350,4049.1,4050.0
2025-07-24 14:06:00,56.8,56.8,56.8,56.8,0,23.941054,67350,4050.0,4050.0
2025-07-24 14:07:00,56.8,56.8,56.8,56.8,0,23.941054,67350,4049.7,4050.0
2025-07-24 14:08:00,56.8,56.8,56.8,56.8,0,23.941054,67350,4049.5,4050.0
2025-07-24 14:09:00,56.8,56.8,56.8,56.8,0,23.941054,67350,4049.7,4050.0
2025-07-24 14:10:00,56.8,56.8,56.8,56.8,0,23.941054,67350,4048.2,4050.0
2025-07-24 14:11:00,56.8,56.8,56.8,56.8,0,23.941054,67350,4048.1,4050.0
2025-07-24 14:12:00,56.8,56.8,56.8,56.8,0,23.941054,67350,4049.1,4050.0
2025-07-24 14:13:00,56.8,56.8,56.8,56.8,0,23.941054,67350,4049.1,4050.0
2025-07-24 14:14:00,56.8,56.8,56.8,56.8,0,23.941054,67350,4049.1,4050.0
2025-07-24 14:15:00,56.8,56.8,56.8,56.8,0,23.941054,67350,4047.2,4050.0
2025-07-24 14:16:00,56.65,56.65,56.65,56.65,150,24.148353,67200,4047.1,4050.0
2025-07-24 14:17:00,56.65,56.65,56.65,56.65,0,24.148353,67200,4047.5,4050.0
2025-07-24 14:18:00,56.65,56.65,56.65,56.65,0,24.148353,67200,4047.5,4050.0
2025-07-24 14:19:00,56.65,56.65,56.65,56.65,0,24.148353,67200,4048.0,4050.0
2025-07-24 14:20:00,56.65,56.65,56.65,56.65,0,24.148353,67200,4048.0,4050.0
2025-07-24 14:21:00,56.65,56.65,56.65,56.65,0,24.148353,67200,4047.1,4050.0
2025-07-24 14:22:00,56.65,56.65,56.65,56.65,0,24.148353,67200,4045.2,4050.0
2025-07-24 14:23:00,56.65,56.65,53.35,53.35,600,23.009359,67050,4045.7,4050.0
2025-07-24 14:24:00,53.35,53.35,53.35,53.35,0,23.009359,67050,4045.0,4050.0
2025-07-24 14:25:00,53.35,53.35,51.2,51.2,750,23.745786,67050,4038.2,4050.0
2025-07-24 14:26:00,51.2,51.2,50.0,50.0,300,23.584604,66450,4036.5,4050.0
2025-07-24 14:27:00,50.0,50.0,49.5,49.5,300,24.527368,66450,4031.1,4050.0
2025-07-24 14:28:00,49.5,49.5,48.5,48.5,1050,23.545386,66600,4033.6,4050.0
2025-07-24 14:29:00,48.5,51.0,48.5,50.3,1200,24.266538,66600,4034.0,4050.0
2025-07-24 14:30:00,50.3,50.3,49.15,49.55,600,24.361851,66600,4032.0,4050.0
2025-07-24 14:31:00,49.55,49.55,49.55,49.55,0,24.361851,66600,4032.9,4050.0
2025-07-24 14:32:00,49.55,49.85,49.55,49.85,750,24.563225,67050,4031.7,4050.0
2025-07-24 14:33:00,49.85,49.85,49.85,49.85,0,24.563225,67050,4034.0,4050.0
2025-07-24 14:34:00,50.5,50.5,49.85,49.85,300,24.028546,67350,4034.2,4050.0
2025-07-24 14:35:00,49.85,49.85,49.0,49.0,150,24.568617,67350,4029.9,4050.0
2025-07-24 14:36:00,49.0,49.0,49.0,49.0,0,24.568617,67350,4028.0,4050.0
2025-07-24 14:37:00,49.0,49.0,48.65,48.65,300,24.477565,67350,4029.6,4050.0
2025-07-24 14:38:00,48.65,48.65,48.65,48.65,0,24.477565,67350,4025.2,4050.0
2025-07-24 14:39:00,48.65,48.65,48.65,48.65,0,24.477565,67350,4025.6,4050.0
2025-07-24 14:40:00,48.0,48.0,48.0,48.0,900,24.525996,67350,4028.0,4050.0
2025-07-24 14:41:00,48.75,48.75,47.7,47.7,750,24.788506,67950,4026.1,4050.0
2025-07-24 14:42:00,47.7,47.7,47.6,47.6,300,24.682499,67950,4026.4,4050.0
2025-07-24 14:43:00,47.95,47.95,47.55,47.55,1350,24.744406,68100,4026.0,4050.0
2025-07-24 14:44:00,47.55,47.55,47.55,47.55,0,24.744406,68100,4025.3,4050.0
2025-07-24 14:45:00,48.25,48.25,48.25,48.25,600,24.85449,68100,4027.0,4050.0
2025-07-24 14:46:00,47.7,47.7,47.7,47.7,300,24.399179,68100,4028.0,4050.0
2025-07-24 14:47:00,47.7,47.7,46.85,46.85,450,24.537783,67950,4025.5,4050.0
2025-07-24 14:48:00,47.55,47.65,47.55,47.65,300,24.630035,67950,4026.8,4050.0
2025-07-24 14:49:00,47.65,47.65,47.65,47.65,0,24.630035,67950,4030.4,4050.0
2025-07-24 14:50:00,50.0,50.0,48.35,48.35,300,24.275883,68250,4030.0,4050.0
2025-07-24 14:51:00,48.35,49.1,48.35,48.7,450,24.370974,68250,4030.3,4050.0
2025-07-24 14:52:00,48.7,48.7,48.45,48.45,600,24.323547,68550,4030.0,4050.0
2025-07-24 14:53:00,48.45,48.45,48.45,48.45,0,24.323547,68550,4030.0,4050.0
2025-07-24 14:54:00,48.45,48.45,48.05,48.05,150,24.040528,68550,4030.5,4050.0
2025-07-24 14:55:00,74.0,74.0,72.45,72.45,750,25.1168,91050,4023.1,4000.0
2025-07-24 14:56:00,72.6,72.6,71.95,71.95,300,24.969548,91200,4022.8,4000.0
2025-07-24 14:57:00,45.5,45.5,45.5,45.5,150,23.983235,68400,4025.3,4050.0
2025-07-24 14:58:00,45.5,45.5,45.5,45.5,0,23.983235,68400,4022.2,4000.0
2025-07-24 14:59:00,70.75,70.75,68.85,68.85,1950,24.630155,91500,4018.8,4000.0
2025-07-24 15:00:00,44.3,49.0,44.3,48.4,1800,24.90107,68250,4027.2,4050.0
2025-07-24 15:01:00,48.4,48.75,48.4,48.75,150,24.70318,68250,4028.9,4050.0
2025-07-24 15:02:00,48.75,48.75,48.75,48.75,0,24.70318,68250,4025.7,4050.0
2025-07-24 15:03:00,74.8,74.8,73.0,73.0,300,25.19014,90750,4023.8,4000.0
2025-07-24 15:04:00,72.2,72.2,70.55,70.6,750,24.685871,90900,4021.6,4000.0
2025-07-24 15:05:00,70.6,70.6,69.9,69.9,150,24.960523,90900,4019.4,4000.0
2025-07-24 15:06:00,69.9,69.9,69.9,69.9,0,24.960523,90900,4019.3,4000.0
2025-07-24 15:07:00,69.9,69.9,69.9,69.9,300,25.231147,90900,4018.4,4000.0
2025-07-24 15:08:00,69.9,70.15,69.9,70.15,600,25.187124,90900,4019.0,4000.0
2025-07-24 15:09:00,69.5,69.5,69.5,69.5,300,25.076955,90900,4018.3,4000.0
2025-07-24 15:10:00,69.0,69.35,68.3,68.3,750,24.899657,90900,4016.9,4000.0
2025-07-24 15:11:00,68.15,68.15,67.0,67.0,600,24.831958,90600,4014.9,4000.0
2025-07-24 15:12:00,67.0,67.0,67.0,67.0,0,24.831958,90600,4016.0,4000.0
2025-07-24 15:13:00,67.0,67.0,67.0,67.0,0,24.831958,90600,4017.3,4000.0
2025-07-24 15:14:00,69.0,69.0,68.0,68.0,450,24.741171,90600,4017.0,4000.0
2025-07-24 15:15:00,68.2,68.2,68.2,68.2,150,24.514679,90600,4018.2,4000.0
2025-07-24 15:16:00,68.95,68.95,68.25,68.25,1500,24.938246,90600,4016.7,4000.0
2025-07-24 15:17:00,68.25,68.4,68.25,68.4,150,24.76964,90300,4017.6,4000.0
2025-07-24 15:18:00,68.4,69.0,68.4,69.0,1350,25.17938,90300,4017.1,4000.0
2025-07-24 15:19:00,69.0,69.0,69.0,69.0,0,25.17938,90300,4016.8,4000.0
2025-07-24 15:20:00,68.9,68.9,68.9,68.9,750,25.400381,90000,4016.1,4000.0
2025-07-24 15:21:00,68.9,68.95,68.9,68.95,150,25.160763,90000,4017.1,4000.0
2025-07-24 15:22:00,69.0,69.05,69.0,69.05,1950,25.23459,90000,4017.0,4000.0
2025-07-24 15:23:00,69.05,70.0,69.05,70.0,300,24.326022,90300,4022.0,4000.0
2025-07-24 15:24:00,70.0,70.0,70.0,70.0,0,24.326022,90300,4022.2,4000.0
2025-07-24 15:25:00,70.0,72.1,70.0,72.1,900,25.190332,90300,4022.4,4000.0
2025-07-24 15:26:00,72.15,72.15,72.15,72.15,300,24.523978,89100,4024.9,4000.0
2025-07-24 15:27:00,46.2,46.95,46.2,46.95,1200,24.720604,67650,4025.1,4050.0
2025-07-24 15:28:00,46.9,47.3,46.9,47.3,900,24.27611,67650,4028.0,4050.0
2025-07-24 15:29:00,48.15,48.15,48.0,48.0,600,23.207141,66750,4034.5,4050.0
2025-07-25 09:16:00,64.05,64.05,57.55,57.55,2700,23.35727,88200,4009.7,4000.0
2025-07-25 09:17:00,60.15,60.15,60.15,60.15,4200,23.158526,88200,4015.0,4000.0
2025-07-25 09:18:00,63.0,63.0,62.7,62.7,750,22.975473,88200,4020.0,4000.0
2025-07-25 09:19:00,64.25,65.5,64.25,64.25,750,24.507525,88350,4017.3,4000.0
2025-07-25 09:20:00,64.8,64.8,64.8,64.8,600,23.628635,88350,4021.3,4000.0
2025-07-25 09:21:00,66.4,66.4,66.4,66.4,150,24.73194,88350,4020.2,4000.0
2025-07-25 09:22:00,66.0,67.05,63.6,63.6,5700,25.145481,88500,4013.9,4000.0
2025-07-25 09:23:00,62.7,62.7,62.7,62.7,300,24.378109,88500,4015.1,4000.0
2025-07-25 09:24:00,62.8,62.8,61.4,61.4,900,24.741334,88650,4011.5,4000.0
2025-07-25 09:25:00,61.4,61.4,61.4,61.4,0,24.741334,88650,4009.1,4000.0
2025-07-25 09:26:00,61.4,61.4,59.6,59.6,2100,25.345354,88650,4006.0,4000.0
2025-07-25 09:27:00,59.6,59.6,58.0,58.3,450,24.457663,88650,4007.0,4000.0
2025-07-25 09:28:00,58.3,60.6,58.3,60.6,300,24.6593,89550,4010.4,4000.0
2025-07-25 09:29:00,60.8,60.8,60.8,60.8,750,23.743651,89550,4014.1,4000.0
2025-07-25 09:30:00,60.8,60.8,59.8,59.8,300,24.706464,89550,4008.8,4000.0
2025-07-25 09:31:00,59.8,59.8,58.3,58.3,300,24.675027,89100,4006.2,4000.0
2025-07-25 09:32:00,58.3,58.3,58.3,58.3,0,24.675027,89100,4007.8,4000.0
2025-07-25 09:33:00,58.5,58.5,58.5,58.5,300,24.695438,89100,4006.5,4000.0
2025-07-25 09:34:00,55.75,55.8,54.35,54.35,4500,24.382048,89250,4000.0,4000.0
2025-07-25 09:35:00,55.35,55.35,55.35,55.35,450,24.787712,89250,4000.3,4000.0
2025-07-25 09:36:00,55.35,55.35,52.0,54.6,1650,24.174371,88950,4001.3,4000.0
2025-07-25 09:37:00,54.6,54.7,53.55,53.55,750,23.74806,88950,4001.0,4000.0
2025-07-25 09:38:00,53.55,56.3,53.55,56.3,1050,24.815126,88950,4002.0,4000.0
2025-07-25 09:39:00,56.3,56.3,51.3,53.0,3600,23.230488,89100,4002.0,4000.0
2025-07-25 09:40:00,53.0,53.45,51.15,53.45,1800,23.806535,89100,4000.6,4000.0
2025-07-25 09:41:00,53.45,53.95,52.5,53.15,1050,23.816424,89100,4000.0,4000.0
2025-07-25 09:42:00,53.15,54.35,53.15,53.55,900,23.755612,88950,4001.0,4000.0
2025-07-25 09:43:00,53.55,53.55,53.0,53.35,300,23.915536,88950,4000.0,4000.0
2025-07-25 09:44:00,53.35,53.65,52.55,53.0,750,23.748895,88950,4000.0,4000.0
2025-07-25 09:45:00,53.0,54.0,53.0,54.0,450,23.72027,88950,4002.0,4000.0
2025-07-25 09:46:00,55.6,55.6,55.6,55.6,450,24.362574,89400,4002.5,4000.0
2025-07-25 09:47:00,54.05,55.1,53.05,53.05,3150,23.777453,89400,4000.0,4000.0
2025-07-25 09:48:00,53.05,53.05,52.0,52.15,1050,23.346446,89400,4000.0,4000.0
2025-07-25 09:49:00,52.15,53.85,52.15,53.85,900,23.756882,86850,4001.6,4000.0
2025-07-25 09:50:00,53.85,53.85,53.85,53.85,0,23.756882,86850,4000.9,4000.0
2025-07-25 09:51:00,53.8,53.8,53.8,53.8,300,23.889423,86850,4001.0,4000.0
2025-07-25 09:52:00,51.75,53.0,51.75,53.0,1950,22.991474,85950,4003.0,4000.0
2025-07-25 09:53:00,53.0,53.85,53.0,53.75,750,24.123008,85950,4000.0,4000.0
2025-07-25 09:54:00,53.75,53.75,53.75,53.75,0,24.123008,85950,4001.0,4000.0
2025-07-25 09:55:00,53.75,53.75,52.6,52.6,2400,23.573214,86550,4000.0,4000.0
2025-07-25 09:56:00,52.6,54.1,52.6,54.1,450,23.55284,86550,4002.9,4000.0
2025-07-25 09:57:00,54.1,54.1,53.1,53.1,1050,23.816622,86550,4000.0,4000.0
2025-07-25 09:58:00,53.1,53.1,53.1,53.1,0,23.816622,86550,4002.3,4000.0
2025-07-25 09:59:00,53.1,53.1,52.4,52.4,150,22.997172,88350,4001.9,4000.0
2025-07-25 10:00:00,52.4,52.4,52.4,52.4,0,22.997172,88350,4000.0,4000.0
2025-07-25 10:01:00,52.4,52.4,52.4,52.4,0,22.997172,88350,4000.0,4000.0
2025-07-25 10:02:00,52.0,52.0,51.95,51.95,750,22.836457,88200,4001.7,4000.0
2025-07-25 10:03:00,51.6,52.35,48.05,52.35,4200,22.875843,88200,4002.3,4000.0
2025-07-25 10:04:00,52.35,52.35,51.55,51.55,600,22.775273,88950,4001.2,4000.0
2025-07-25 10:05:00,51.55,51.55,51.55,51.55,0,22.775273,88950,4000.0,4000.0
2025-07-25 10:06:00,51.55,51.55,50.95,51.0,450,22.820024,88950,4000.0,4000.0
2025-07-25 10:07:00,51.0,51.0,50.0,50.0,450,22.340342,89100,4000.0,4000.0
2025-07-25 10:08:00,50.0,50.0,49.9,49.95,600,22.139036,89100,4000.7,4000.0
2025-07-25 10:09:00,49.95,49.95,49.6,49.6,300,21.971981,89100,4000.7,4000.0
2025-07-25 10:10:00,49.75,49.75,49.75,49.75,750,22.224339,88950,4000.0,4000.0
2025-07-25 10:11:00,50.65,50.65,50.65,50.65,2100,22.658902,88950,4000.0,4000.0
2025-07-25 10:12:00,49.0,49.0,49.0,49.0,600,21.866213,88950,4000.0,4000.0
2025-07-25 10:13:00,49.0,49.0,48.65,48.65,600,21.699147,87300,4000.0,4000.0
2025-07-25 10:14:00,48.65,49.55,46.7,49.55,2250,22.133787,87300,4000.0,4000.0
2025-07-25 10:15:00,49.55,49.55,41.8,43.0,1800,21.919679,88050,3988.0,4000.0
2025-07-25 10:16:00,43.0,43.0,41.0,41.0,600,22.111665,88050,3983.0,4000.0
2025-07-25 10:17:00,41.15,41.15,40.25,40.5,2700,22.925832,88050,3978.3,4000.0
2025-07-25 10:18:00,41.0,42.1,39.0,41.0,9150,22.544425,88950,3981.1,4000.0
2025-07-25 10:19:00,41.0,43.75,41.0,43.75,1800,23.422563,88950,3983.1,4000.0
2025-07-25 10:20:00,43.5,43.5,43.5,43.5,900,22.866628,88950,3985.0,4000.0
2025-07-25 10:21:00,43.5,44.3,43.5,44.3,300,22.789152,88950,3987.0,4000.0
2025-07-25 10:22:00,44.3,45.1,44.3,45.1,300,22.586751,89250,3989.5,4000.0
2025-07-25 10:23:00,44.95,44.95,44.95,44.95,750,22.87071,89250,3988.0,4000.0
2025-07-25 10:24:00,44.0,44.0,43.0,43.0,5100,22.37623,89550,3986.1,4000.0
2025-07-25 10:25:00,43.0,43.6,42.45,43.25,2700,23.349358,89550,3982.4,4000.0
2025-07-25 10:26:00,43.25,43.25,41.0,41.0,150,22.75804,89550,3980.2,4000.0
2025-07-25 10:27:00,41.0,41.55,41.0,41.55,300,23.450464,90600,3978.3,4000.0
2025-07-25 10:28:00,41.55,41.55,39.6,39.6,1050,22.768973,90600,3977.1,4000.0
2025-07-25 10:29:00,40.65,40.65,40.65,40.65,300,23.369544,90600,3976.7,4000.0
2025-07-25 10:30:00,40.65,40.65,39.85,40.4,450,23.468679,90600,3975.7,4000.0
2025-07-25 10:31:00,40.4,40.5,39.2,39.2,900,22.972254,90900,3975.3,4000.0
2025-07-25 10:32:00,39.2,41.2,39.0,40.35,2250,22.830246,90900,3978.5,4000.0
2025-07-25 10:33:00,40.35,40.35,40.35,40.35,0,22.830246,90900,3977.4,4000.0
2025-07-25 10:34:00,42.0,42.0,42.0,42.0,450,22.75752,91350,3982.4,4000.0
2025-07-25 10:35:00,42.0,42.55,41.3,41.35,1950,22.918363,91350,3980.3,4000.0
2025-07-25 10:36:00,41.35,41.35,41.35,41.35,0,22.918363,91350,3975.0,3950.0
2025-07-25 10:37:00,41.35,41.35,41.35,41.35,0,22.918363,91350,3974.2,3950.0
2025-07-25 10:38:00,41.35,41.35,41.35,41.35,0,22.918363,91350,3973.0,3950.0
2025-07-25 10:39:00,41.35,41.35,41.35,41.35,0,22.918363,91350,3974.9,3950.0
2025-07-25 10:40:00,41.35,41.35,41.35,41.35,0,22.918363,91350,3973.2,3950.0
2025-07-25 10:41:00,62.75,62.75,62.75,62.75,150,22.14321,20250,3974.3,3950.0
2025-07-25 10:42:00,62.75,62.75,62.75,62.75,0,22.14321,20250,3968.8,3950.0
2025-07-25 10:43:00,61.7,61.7,61.7,61.7,150,21.709343,20400,3974.0,3950.0
2025-07-25 10:44:00,39.65,39.85,38.6,39.85,2700,23.308415,94950,3975.3,4000.0
2025-07-25 10:45:00,39.85,39.85,39.85,39.85,0,23.308415,94950,3973.6,3950.0
2025-07-25 10:46:00,39.85,39.85,39.85,39.85,0,23.308415,94950,3972.4,3950.0
2025-07-25 10:47:00,39.95,40.45,39.85,40.45,2250,22.878317,94500,3978.6,4000.0
2025-07-25 10:48:00,40.8,41.55,40.8,41.55,300,23.258477,94500,3979.3,4000.0
2025-07-25 10:49:00,41.55,42.2,41.25,42.2,1650,22.579183,96150,3983.7,4000.0
2025-07-25 10:50:00,42.2,44.25,42.2,43.1,1500,23.062136,96150,3983.5,4000.0
2025-07-25 10:51:00,43.1,43.3,43.1,43.3,300,23.045575,96150,3984.0,4000.0
2025-07-25 10:52:00,43.3,43.3,43.0,43.2,5100,23.365008,95850,3982.4,4000.0
2025-07-25 10:53:00,43.5,43.6,43.5,43.6,750,23.331542,95850,3983.4,4000.0
2025-07-25 10:54:00,43.6,43.6,42.5,43.6,1200,23.195161,95850,3984.0,4000.0
2025-07-25 10:55:00,43.6,43.6,42.8,43.15,1350,22.932796,95850,3984.2,4000.0
2025-07-25 10:56:00,43.15,43.55,42.65,43.15,1650,23.095128,95850,3983.5,4000.0
2025-07-25 10:57:00,43.1,43.1,43.1,43.1,150,23.346733,95850,3982.3,4000.0
2025-07-25 10:58:00,43.1,43.85,43.1,43.85,450,23.206775,95850,3984.5,4000.0
2025-07-25 10:59:00,43.45,43.45,43.4,43.4,1800,22.221675,95850,3987.8,4000.0
2025-07-25 11:00:00,45.0,45.25,44.8,44.8,3450,23.297855,95850,3986.1,4000.0
2025-07-25 11:01:00,44.8,44.8,44.05,44.05,150,23.538373,95100,3983.5,4000.0
2025-07-25 11:02:00,44.05,44.05,42.25,42.25,600,22.667931,95100,3983.5,4000.0
2025-07-25 11:03:00,42.25,42.25,41.45,41.45,1350,22.281757,95100,3983.5,4000.0
2025-07-25 11:04:00,41.95,43.0,41.95,43.0,900,23.034188,95550,3983.5,4000.0
2025-07-25 11:05:00,43.0,43.9,43.0,43.9,300,22.683113,95550,3986.9,4000.0
2025-07-25 11:06:00,43.9,44.2,43.35,44.05,6750,22.498578,95550,3988.0,4000.0
2025-07-25 11:07:00,44.05,44.15,44.05,44.15,150,22.073849,101550,3990.0,4000.0
2025-07-25 11:08:00,44.15,45.65,44.05,45.65,750,22.799418,101550,3990.0,4000.0
2025-07-25 11:09:00,45.65,45.65,44.85,44.85,3900,22.889459,101550,3988.0,4000.0
2025-07-25 11:10:00,44.85,44.85,44.25,44.25,300,22.600981,102450,3988.0,4000.0
2025-07-25 11:11:00,44.25,44.3,44.25,44.3,300,22.461123,102450,3988.7,4000.0
2025-07-25 11:12:00,44.3,44.3,44.3,44.3,0,22.461123,102450,3989.0,4000.0
2025-07-25 11:13:00,44.3,44.3,43.05,43.45,300,21.863458,102150,3989.5,4000.0
2025-07-25 11:14:00,43.45,44.0,43.45,44.0,1050,22.011332,102150,3990.0,4000.0
2025-07-25 11:15:00,44.0,44.0,42.6,42.6,1200,21.716287,102150,3988.4,4000.0
2025-07-25 11:16:00,42.0,42.0,42.0,42.0,900,21.521949,103350,3988.0,4000.0
2025-07-25 11:17:00,42.0,42.0,41.6,41.6,300,21.329943,103350,3988.0,4000.0
2025-07-25 11:18:00,41.6,42.7,41.6,42.7,300,21.579405,103350,3989.2,4000.0
2025-07-25 11:19:00,42.7,43.85,42.7,43.85,300,22.397002,103350,3988.1,4000.0
2025-07-25 11:20:00,43.85,43.85,43.85,43.85,0,22.397002,103350,3989.6,4000.0
2025-07-25 11:21:00,43.25,43.3,43.25,43.3,450,21.802224,103350,3989.5,4000.0
2025-07-25 11:22:00,43.3,43.55,42.7,42.7,450,21.868783,103200,3988.0,4000.0
2025-07-25 11:23:00,42.7,43.0,42.7,43.0,150,22.015274,103200,3988.0,4000.0
2025-07-25 11:24:00,43.0,43.0,41.75,42.0,600,21.249381,103200,3989.2,4000.0
2025-07-25 11:25:00,42.0,42.0,41.55,41.55,3450,21.316756,103350,3988.0,4000.0
2025-07-25 11:26:00,41.0,41.7,41.0,41.7,900,21.249164,103350,3988.6,4000.0
2025-07-25 11:27:00,41.7,41.7,41.55,41.55,150,21.319505,103350,3988.0,4000.0
2025-07-25 11:28:00,41.55,41.55,41.55,41.55,300,21.32088,102900,3988.0,4000.0
2025-07-25 11:29:00,41.55,41.55,41.55,41.55,0,21.32088,102900,3988.0,4000.0
2025-07-25 11:30:00,41.55,41.55,41.55,41.55,0,21.32088,102900,3988.0,4000.0
2025-07-25 11:31:00,41.55,41.55,41.55,41.55,150,21.325006,103050,3988.0,4000.0
2025-07-25 11:32:00,41.55,41.55,41.55,41.55,0,21.325006,103050,3988.0,4000.0
2025-07-25 11:33:00,41.55,41.55,41.55,41.55,0,21.325006,103050,3987.9,4000.0
2025-07-25 11:34:00,40.8,40.8,40.0,40.0,900,20.578986,103350,3988.0,4000.0
2025-07-25 11:35:00,40.0,40.5,40.0,40.5,150,21.126845,103350,3986.7,4000.0
2025-07-25 11:36:00,40.5,40.5,40.5,40.5,0,21.126845,103350,3988.0,4000.0
2025-07-25 11:37:00,40.5,40.5,40.0,40.0,450,20.55947,103650,3988.1,4000.0
2025-07-25 11:38:00,40.0,40.85,40.0,40.85,150,20.995795,103650,3988.0,4000.0
2025-07-25 11:39:00,40.85,40.85,39.2,39.2,2100,20.198352,103650,3988.0,4000.0
2025-07-25 11:40:00,39.2,40.5,39.2,40.5,300,20.829065,103950,3988.0,4000.0
2025-07-25 11:41:00,40.5,40.5,40.5,40.5,150,20.830414,103950,3988.0,4000.0
2025-07-25 11:42:00,40.5,40.5,40.5,40.5,0,20.830414,103950,3989.0,4000.0
2025-07-25 11:43:00,40.5,40.5,40.5,40.5,0,20.830414,103950,3988.0,4000.0
2025-07-25 11:44:00,40.15,40.15,40.15,40.15,150,20.688491,103950,3987.9,4000.0
2025-07-25 11:45:00,40.15,40.15,40.15,40.15,0,20.688491,103950,3989.0,4000.0
2025-07-25 11:46:00,40.15,40.15,40.0,40.0,750,20.595009,103800,3988.0,4000.0
2025-07-25 11:47:00,40.0,40.0,40.0,40.0,0,20.595009,103800,3988.0,4000.0
2025-07-25 11:48:00,40.0,40.4,40.0,40.4,600,20.791428,103800,3988.0,4000.0
2025-07-25 11:49:00,40.4,40.4,40.4,40.4,0,20.791428,103800,3988.0,4000.0
2025-07-25 11:50:00,36.8,37.4,36.15,36.9,6000,21.806897,103500,3976.0,4000.0
2025-07-25 11:51:00,36.9,37.3,36.7,37.3,1050,21.741593,103500,3977.2,4000.0
2025-07-25 11:52:00,37.3,37.7,37.3,37.65,600,22.177361,104100,3976.0,4000.0
2025-07-25 11:53:00,60.0,60.0,60.0,60.0,150,20.66499,20250,3974.9,3950.0
2025-07-25 11:54:00,60.0,60.0,60.0,60.0,0,20.66499,20250,3970.0,3950.0
2025-07-25 11:55:00,58.2,58.2,58.2,58.2,150,21.514927,20250,3969.2,3950.0
2025-07-25 11:56:00,58.2,58.2,58.2,58.2,0,21.514927,20250,3969.2,3950.0
2025-07-25 11:57:00,58.25,58.25,58.25,58.25,300,21.662615,20400,3968.8,3950.0
2025-07-25 11:58:00,58.25,58.25,58.25,58.25,0,21.662615,20400,3968.1,3950.0
2025-07-25 11:59:00,58.25,58.25,58.25,58.25,0,21.662615,20400,3968.0,3950.0
2025-07-25 12:00:00,53.1,53.1,53.1,53.1,750,20.127527,20700,3965.3,3950.0
2025-07-25 12:01:00,53.1,53.1,53.1,53.1,0,20.127527,20700,3963.0,3950.0
2025-07-25 12:02:00,54.85,54.85,54.65,54.65,450,21.569402,20550,3963.0,3950.0
2025-07-25 12:03:00,54.65,54.65,54.65,54.65,0,21.569402,20550,3961.0,3950.0
2025-07-25 12:04:00,58.0,58.0,52.5,58.0,300,21.963128,20550,3967.4,3950.0
2025-07-25 12:05:00,58.0,58.0,58.0,58.0,0,21.963128,20550,3965.5,3950.0
2025-07-25 12:06:00,58.0,58.0,54.9,54.9,300,20.946729,20700,3965.6,3950.0
2025-07-25 12:07:00,57.3,57.3,54.25,54.25,300,20.740832,21000,3965.2,3950.0
2025-07-25 12:08:00,54.25,54.25,54.25,54.25,0,20.740832,21000,3964.3,3950.0
2025-07-25 12:09:00,54.25,54.25,53.8,53.8,300,21.442586,21000,3962.0,3950.0
2025-07-25 12:10:00,53.8,53.8,53.8,53.8,0,21.442586,21000,3961.0,3950.0
2025-07-25 12:11:00,53.8,53.8,53.8,53.8,0,21.442586,21000,3962.7,3950.0
2025-07-25 12:12:00,53.8,53.8,53.8,53.8,0,21.442586,21000,3961.2,3950.0
2025-07-25 12:13:00,53.8,53.8,53.8,53.8,0,21.442586,21000,3963.5,3950.0
2025-07-25 12:14:00,53.8,53.8,53.8,53.8,0,21.442586,21000,3963.7,3950.0
2025-07-25 12:15:00,53.8,53.8,53.8,53.8,0,21.442586,21000,3962.0,3950.0
2025-07-25 12:16:00,53.8,53.8,53.8,53.8,0,21.442586,21000,3961.5,3950.0
2025-07-25 12:17:00,55.65,55.65,55.65,55.65,750,22.512642,21150,3961.5,3950.0
2025-07-25 12:18:00,55.65,55.65,52.95,52.95,150,21.542128,21150,3960.2,3950.0
2025-07-25 12:19:00,52.95,52.95,52.95,52.95,0,21.542128,21150,3958.6,3950.0
2025-07-25 12:20:00,52.95,52.95,52.95,52.95,0,21.542128,21150,3958.0,3950.0
2025-07-25 12:21:00,50.35,50.35,50.35,50.35,150,20.983375,21450,3957.6,3950.0
2025-07-25 12:22:00,50.35,50.35,50.35,50.35,0,20.983375,21450,3958.0,3950.0
2025-07-25 12:23:00,50.35,50.35,50.35,50.35,0,20.983375,21450,3955.1,3950.0
2025-07-25 12:24:00,50.35,50.35,49.95,49.95,300,21.901326,21300,3953.5,3950.0
2025-07-25 12:25:00,50.0,50.0,50.0,50.0,150,21.767102,21300,3954.1,3950.0
2025-07-25 12:26:00,50.0,50.0,48.15,48.15,450,21.363943,21450,3952.2,3950.0
2025-07-25 12:27:00,48.5,48.5,48.5,48.5,300,21.800673,21450,3951.2,3950.0
2025-07-25 12:28:00,48.5,48.5,48.5,48.5,0,21.800673,21450,3952.1,3950.0
2025-07-25 12:29:00,48.5,48.5,48.5,48.5,0,21.800673,21450,3954.0,3950.0
2025-07-25 12:30:00,48.5,48.5,48.5,48.5,0,21.800673,21450,3956.5,3950.0
2025-07-25 12:31:00,48.5,49.05,48.5,49.05,150,20.79408,22050,3956.0,3950.0
2025-07-25 12:32:00,49.05,50.15,49.05,50.15,150,20.53899,22050,3958.9,3950.0
2025-07-25 12:33:00,50.5,50.5,50.5,50.5,750,21.239202,22050,3957.0,3950.0
2025-07-25 12:34:00,50.5,50.5,50.5,50.5,450,21.377436,22050,3956.5,3950.0
2025-07-25 12:35:00,50.55,50.55,50.55,50.55,300,20.489025,23400,3959.8,3950.0
2025-07-25 12:36:00,50.55,50.55,50.55,50.55,0,20.489025,23400,3958.1,3950.0
2025-07-25 12:37:00,50.55,50.55,50.55,50.55,0,20.489025,23400,3958.0,3950.0
2025-07-25 12:38:00,50.55,50.55,50.55,50.55,0,20.489025,23400,3966.9,3950.0
2025-07-25 12:39:00,54.7,55.5,54.7,55.5,450,20.879921,23250,3967.0,3950.0
2025-07-25 12:40:00,55.5,55.5,55.5,55.5,0,20.879921,23250,3970.3,3950.0
2025-07-25 12:41:00,55.5,55.5,55.5,55.5,0,20.879921,23250,3967.3,3950.0
2025-07-25 12:42:00,55.15,55.15,55.15,55.15,150,21.414299,23250,3964.6,3950.0
2025-07-25 12:43:00,55.15,55.15,55.0,55.0,1500,21.282672,23400,3964.8,3950.0
2025-07-25 12:44:00,55.0,55.0,55.0,55.0,0,21.282672,23400,3962.9,3950.0
2025-07-25 12:45:00,52.35,52.35,52.35,52.35,750,20.165777,23400,3964.1,3950.0
2025-07-25 12:46:00,52.35,52.35,52.35,52.35,0,20.165777,23400,3967.9,3950.0
2025-07-25 12:47:00,57.95,57.95,57.05,57.05,450,21.490515,24600,3967.6,3950.0
2025-07-25 12:48:00,57.0,57.0,57.0,57.0,150,21.437116,24600,3967.7,3950.0
2025-07-25 12:49:00,57.0,57.0,57.0,57.0,0,21.437116,24600,3966.5,3950.0
2025-07-25 12:50:00,57.0,57.0,57.0,57.0,0,21.437116,24600,3967.0,3950.0
2025-07-25 12:51:00,57.0,57.0,57.0,57.0,0,21.437116,24600,3966.6,3950.0
2025-07-25 12:52:00,57.0,57.0,57.0,57.0,0,21.437116,24600,3968.7,3950.0
2025-07-25 12:53:00,57.0,57.0,57.0,57.0,0,21.437116,24600,3967.0,3950.0
2025-07-25 12:54:00,57.0,57.0,57.0,57.0,0,21.437116,24600,3966.5,3950.0
2025-07-25 12:55:00,57.0,57.0,57.0,57.0,0,21.437116,24600,3968.0,3950.0
2025-07-25 12:56:00,57.0,57.0,57.0,57.0,0,21.437116,24600,3966.5,3950.0
2025-07-25 12:57:00,57.0,57.0,54.0,54.0,300,19.850053,25050,3968.0,3950.0
2025-07-25 12:58:00,54.0,54.0,54.0,54.0,0,19.850053,25050,3968.2,3950.0
2025-07-25 12:59:00,54.0,54.0,54.0,54.0,0,19.850053,25050,3968.9,3950.0
2025-07-25 13:00:00,54.0,54.0,54.0,54.0,0,19.850053,25050,3968.2,3950.0
2025-07-25 13:01:00,54.0,54.0,54.0,54.0,0,19.850053,25050,3968.9,3950.0
2025-07-25 13:02:00,54.0,54.0,54.0,54.0,0,19.850053,25050,3974.8,3950.0
2025-07-25 13:03:00,58.0,58.0,58.0,58.0,150,21.361335,25050,3969.7,3950.0
2025-07-25 13:04:00,58.0,58.0,58.0,58.0,0,21.361335,25050,3969.2,3950.0
2025-07-25 13:05:00,58.0,58.0,58.0,58.0,0,21.361335,25050,3970.0,3950.0
2025-07-25 13:06:00,58.0,58.0,58.0,58.0,0,21.361335,25050,3969.0,3950.0
2025-07-25 13:07:00,58.0,58.0,58.0,58.0,150,21.184736,25050,3970.3,3950.0
2025-07-25 13:08:00,58.0,58.0,57.6,57.6,300,20.799957,24900,3970.9,3950.0
2025-07-25 13:09:00,57.6,57.6,57.6,57.6,0,20.799957,24900,3971.7,3950.0
2025-07-25 13:10:00,57.6,57.6,57.6,57.6,0,20.799957,24900,3969.1,3950.0
2025-07-25 13:11:00,57.6,57.6,57.6,57.6,0,20.799957,24900,3970.2,3950.0
2025-07-25 13:12:00,57.6,57.6,57.6,57.6,0,20.799957,24900,3968.0,3950.0
2025-07-25 13:13:00,57.6,57.6,57.6,57.6,0,20.799957,24900,3969.6,3950.0
2025-07-25 13:14:00,57.6,57.6,57.6,57.6,0,20.799957,24900,3969.3,3950.0
2025-07-25 13:15:00,57.6,57.6,57.6,57.6,0,20.799957,24900,3968.0,3950.0
2025-07-25 13:16:00,57.6,57.6,57.6,57.6,0,20.799957,24900,3968.0,3950.0
2025-07-25 13:17:00,57.6,57.6,57.6,57.6,0,20.799957,24900,3968.4,3950.0
2025-07-25 13:18:00,57.6,57.6,57.6,57.6,0,20.799957,24900,3968.0,3950.0
2025-07-25 13:19:00,57.6,57.6,57.6,57.6,0,20.799957,24900,3968.0,3950.0
2025-07-25 13:20:00,57.6,57.6,57.6,57.6,0,20.799957,24900,3968.2,3950.0
2025-07-25 13:21:00,57.6,57.6,57.6,57.6,0,20.799957,24900,3968.0,3950.0
2025-07-25 13:22:00,57.6,57.6,57.6,57.6,0,20.799957,24900,3968.2,3950.0
2025-07-25 13:23:00,57.6,57.6,57.6,57.6,0,20.799957,24900,3970.8,3950.0
2025-07-25 13:24:00,57.6,57.6,57.6,57.6,0,20.799957,24900,3971.9,3950.0
2025-07-25 13:25:00,57.6,57.6,57.6,57.6,0,20.799957,24900,3968.0,3950.0
2025-07-25 13:26:00,57.6,57.6,57.6,57.6,0,20.799957,24900,3968.0,3950.0
2025-07-25 13:27:00,57.6,57.6,57.6,57.6,0,20.799957,24900,3968.0,3950.0
2025-07-25 13:28:00,57.6,57.6,57.6,57.6,0,20.799957,24900,3968.2,3950.0
2025-07-25 13:29:00,57.6,57.6,54.5,54.5,300,20.146063,24900,3968.0,3950.0
2025-07-25 13:30:00,54.5,54.5,54.5,54.5,0,20.146063,24900,3969.3,3950.0
2025-07-25 13:31:00,54.5,54.5,54.5,54.5,0,20.146063,24900,3968.0,3950.0
2025-07-25 13:32:00,54.5,54.5,54.5,54.5,0,20.146063,24900,3968.2,3950.0
2025-07-25 13:33:00,54.5,54.5,54.5,54.5,0,20.146063,24900,3968.8,3950.0
2025-07-25 13:34:00,54.5,54.5,54.5,54.5,0,20.146063,24900,3968.0,3950.0
2025-07-25 13:35:00,54.5,54.5,54.5,54.5,0,20.146063,24900,3968.2,3950.0
2025-07-25 13:36:00,54.5,54.5,54.5,54.5,0,20.146063,24900,3968.0,3950.0
2025-07-25 13:37:00,54.5,54.5,54.5,54.5,0,20.146063,24900,3968.9,3950.0
2025-07-25 13:38:00,54.5,54.5,54.5,54.5,0,20.146063,24900,3968.8,3950.0
2025-07-25 13:39:00,54.5,55.6,54.5,55.6,150,20.473165,25200,3968.8,3950.0
2025-07-25 13:40:00,55.6,55.6,55.6,55.6,0,20.473165,25200,3968.4,3950.0
2025-07-25 13:41:00,55.6,55.6,55.6,55.6,0,20.473165,25200,3969.2,3950.0
2025-07-25 13:42:00,55.6,55.6,55.6,55.6,0,20.473165,25200,3969.6,3950.0
2025-07-25 13:43:00,55.6,55.6,55.6,55.6,0,20.473165,25200,3969.2,3950.0
2025-07-25 13:44:00,55.6,55.6,55.6,55.6,0,20.473165,25200,3969.2,3950.0
2025-07-25 13:45:00,55.6,55.6,55.6,55.6,0,20.473165,25200,3968.0,3950.0
2025-07-25 13:46:00,55.6,55.6,55.6,55.6,0,20.473165,25200,3969.2,3950.0
2025-07-25 13:47:00,55.6,55.6,55.6,55.6,0,20.473165,25200,3970.0,3950.0
2025-07-25 13:48:00,55.6,55.6,55.6,55.6,0,20.473165,25200,3969.2,3950.0
2025-07-25 13:49:00,56.25,56.25,56.25,56.25,150,20.572294,25200,3969.6,3950.0
2025-07-25 13:50:00,56.25,56.25,56.25,56.25,0,20.572294,25200,3969.6,3950.0
2025-07-25 13:51:00,56.25,56.25,56.25,56.25,0,20.572294,25200,3968.0,3950.0
2025-07-25 13:52:00,56.25,56.25,56.25,56.25,0,20.572294,25200,3968.0,3950.0
2025-07-25 13:53:00,56.25,56.25,54.9,54.9,300,20.229634,25350,3968.5,3950.0
2025-07-25 13:54:00,54.9,54.9,54.9,54.9,0,20.229634,25350,3970.0,3950.0
2025-07-25 13:55:00,54.9,54.9,54.9,54.9,0,20.229634,25350,3968.0,3950.0
2025-07-25 13:56:00,54.9,54.9,54.9,54.9,0,20.229634,25350,3968.0,3950.0
2025-07-25 13:57:00,54.9,54.9,54.9,54.9,0,20.229634,25350,3973.2,3950.0
2025-07-25 13:58:00,54.9,54.9,54.9,54.9,0,20.229634,25350,3971.5,3950.0
2025-07-25 13:59:00,54.9,58.9,54.9,58.9,150,21.40933,25350,3971.3,3950.0
2025-07-25 14:00:00,59.5,59.5,59.5,59.5,150,21.468812,25350,3972.1,3950.0
2025-07-25 14:01:00,59.5,59.5,59.5,59.5,0,21.468812,25350,3972.2,3950.0
2025-07-25 14:02:00,59.5,59.5,59.5,59.5,0,21.468812,25350,3970.5,3950.0
2025-07-25 14:03:00,59.5,59.5,59.5,59.5,0,21.468812,25350,3971.0,3950.0
2025-07-25 14:04:00,58.6,58.6,58.6,58.6,150,21.38722,25350,3970.9,3950.0
2025-07-25 14:05:00,58.6,58.6,58.6,58.6,0,21.38722,25350,3968.0,3950.0
2025-07-25 14:06:00,58.6,58.6,58.6,58.6,0,21.38722,25350,3968.0,3950.0
2025-07-25 14:07:00,58.6,58.6,58.6,58.6,0,21.38722,25350,3968.0,3950.0
2025-07-25 14:08:00,58.6,58.6,58.6,58.6,0,21.38722,25350,3968.0,3950.0
2025-07-25 14:09:00,58.6,58.6,58.6,58.6,0,21.38722,25350,3968.0,3950.0
2025-07-25 14:10:00,58.6,58.6,58.6,58.6,0,21.38722,25350,3970.0,3950.0
2025-07-25 14:11:00,58.6,58.6,58.6,58.6,0,21.38722,25350,3970.0,3950.0
2025-07-25 14:12:00,58.6,58.6,58.6,58.6,0,21.38722,25350,3972.0,3950.0
2025-07-25 14:13:00,58.6,58.6,58.6,58.6,0,21.38722,25350,3972.8,3950.0
2025-07-25 14:14:00,58.6,58.6,58.6,58.6,0,21.38722,25350,3972.0,3950.0
2025-07-25 14:15:00,58.6,58.6,58.6,58.6,0,21.38722,25350,3972.0,3950.0
2025-07-25 14:16:00,58.6,58.6,58.6,58.6,0,21.38722,25350,3972.0,3950.0
2025-07-25 14:17:00,58.6,58.6,58.6,58.6,0,21.38722,25350,3972.0,3950.0
2025-07-25 14:18:00,58.6,58.6,58.6,58.6,0,21.38722,25350,3972.0,3950.0
2025-07-25 14:19:00,58.6,58.6,58.6,58.6,0,21.38722,25350,3972.0,3950.0
2025-07-25 14:20:00,58.6,58.6,58.6,58.6,0,21.38722,25350,3972.4,3950.0
2025-07-25 14:21:00,32.9,34.65,32.9,34.65,150,20.35663,109050,3978.5,4000.0
2025-07-25 14:22:00,34.65,37.0,34.65,36.3,1800,20.702274,109350,3980.6,4000.0
2025-07-25 14:23:00,36.3,37.0,36.3,37.0,450,20.503139,109350,3983.0,4000.0
2025-07-25 14:24:00,37.0,38.0,37.0,38.0,1050,20.995207,109350,3983.0,4000.0
2025-07-25 14:25:00,38.0,42.0,38.0,40.9,6150,20.433809,109800,3991.4,4000.0
2025-07-25 14:26:00,40.45,41.05,37.4,38.05,3900,20.630863,109800,3984.7,4000.0
2025-07-25 14:27:00,38.05,38.05,37.65,37.65,150,20.528661,109800,3984.3,4000.0
2025-07-25 14:28:00,37.65,38.15,37.45,38.15,450,20.263247,109800,3986.5,4000.0
2025-07-25 14:29:00,38.15,38.15,37.0,37.0,150,20.143424,109800,3984.6,4000.0
2025-07-25 14:30:00,37.0,37.85,37.0,37.85,150,20.60767,109800,3984.4,4000.0
2025-07-25 14:31:00,37.85,37.85,37.85,37.85,0,20.60767,109800,3984.5,4000.0
2025-07-25 14:32:00,36.5,37.2,36.5,37.15,1200,19.872581,110100,3986.1,4000.0
2025-07-25 14:33:00,37.15,38.45,37.15,38.45,750,20.557206,110100,3985.9,4000.0
2025-07-25 14:34:00,38.45,38.45,38.0,38.1,750,20.480418,110100,3985.5,4000.0
2025-07-25 14:35:00,38.1,39.0,38.1,39.0,300,20.334972,109200,3988.0,4000.0
2025-07-25 14:36:00,39.0,40.35,39.0,40.35,3150,20.228706,109200,3991.2,4000.0
2025-07-25 14:37:00,40.2,40.2,40.2,40.2,150,20.253692,109200,3990.8,4000.0
2025-07-25 14:38:00,40.0,40.95,40.0,40.95,1350,20.645576,107700,3990.7,4000.0
2025-07-25 14:39:00,40.95,40.95,39.85,39.85,600,20.278359,107700,3990.0,4000.0
2025-07-25 14:40:00,39.85,41.0,39.85,40.25,3900,20.475173,107700,3990.0,4000.0
2025-07-25 14:41:00,40.25,40.25,40.25,40.25,600,20.428373,107700,3990.2,4000.0
2025-07-25 14:42:00,40.25,40.25,40.25,40.25,0,20.428373,107700,3984.6,4000.0
2025-07-25 14:43:00,40.25,40.25,37.45,38.0,1050,19.927425,107250,3987.7,4000.0
2025-07-25 14:44:00,38.0,38.5,38.0,38.5,300,20.362148,107250,3986.9,4000.0
2025-07-25 14:45:00,38.5,38.5,38.0,38.0,150,20.189101,107250,3986.6,4000.0
2025-07-25 14:46:00,38.0,38.0,37.7,37.7,450,20.532657,106950,3984.5,4000.0
2025-07-25 14:47:00,37.7,38.7,37.7,38.7,1200,20.558155,106950,3986.5,4000.0
2025-07-25 14:48:00,38.9,39.9,38.9,39.1,1050,20.211158,106950,3988.8,4000.0
2025-07-25 14:49:00,39.1,39.4,38.2,38.2,450,20.526418,106950,3985.6,4000.0
2025-07-25 14:50:00,38.2,38.2,37.5,37.5,450,20.184542,106950,3985.6,4000.0
2025-07-25 14:51:00,37.5,38.5,37.5,38.5,900,20.559357,106950,3986.1,4000.0
2025-07-25 14:52:00,38.5,38.5,38.5,38.5,0,20.559357,106950,3986.0,4000.0
2025-07-25 14:53:00,38.5,38.5,37.1,37.1,1200,19.262947,106950,3988.7,4000.0
2025-07-25 14:54:00,37.1,37.75,37.1,37.75,300,19.724878,106950,3988.1,4000.0
2025-07-25 14:55:00,37.75,38.15,37.7,38.1,450,20.204502,106800,3986.8,4000.0
2025-07-25 14:56:00,38.1,38.1,37.9,37.9,300,19.942922,106800,3987.5,4000.0
2025-07-25 14:57:00,37.9,38.5,37.9,38.5,450,20.214514,106800,3987.6,4000.0
2025-07-25 14:58:00,38.5,40.0,37.8,38.8,1500,20.457319,106200,3987.2,4000.0
2025-07-25 14:59:00,38.8,39.55,38.8,39.0,900,20.485783,106200,3987.5,4000.0
2025-07-25 15:00:00,39.0,39.0,35.25,36.9,2700,20.158756,106200,3984.5,4000.0
2025-07-25 15:01:00,36.9,36.9,36.9,36.9,0,20.158756,106200,3987.5,4000.0
2025-07-25 15:02:00,36.9,38.15,36.9,38.15,300,19.978733,105000,3987.9,4000.0
2025-07-25 15:03:00,38.25,38.25,38.25,38.25,150,20.359263,105000,3986.5,4000.0
2025-07-25 15:04:00,38.25,39.4,38.25,39.4,1500,20.115922,105000,3989.9,4000.0
2025-07-25 15:05:00,39.4,40.8,39.4,40.8,600,19.800494,105000,3994.0,4000.0
2025-07-25 15:06:00,40.8,42.35,40.8,42.35,4950,20.285586,105000,3995.1,4000.0
2025-07-25 15:07:00,42.35,42.35,41.9,42.35,450,20.236872,105000,3995.3,4000.0
2025-07-25 15:08:00,42.35,42.55,42.35,42.45,900,20.186748,104400,3995.7,4000.0
2025-07-25 15:09:00,42.45,43.0,42.05,43.0,2850,19.924994,104400,3997.8,4000.0
2025-07-25 15:10:00,43.0,45.0,42.8,45.0,2400,20.338474,102150,4000.0,4000.0
2025-07-25 15:11:00,45.0,46.0,45.0,45.65,1350,20.108373,102150,4002.1,4000.0
2025-07-25 15:12:00,45.65,45.9,43.5,43.5,2250,19.606644,102150,4000.0,4000.0
2025-07-25 15:13:00,43.5,45.0,43.5,45.0,450,20.13412,102150,4000.8,4000.0
2025-07-25 15:14:00,45.0,45.0,43.9,43.9,150,20.012535,101400,3999.2,4000.0
2025-07-25 15:15:00,43.9,45.0,43.9,44.95,900,20.268834,101400,4000.2,4000.0
2025-07-25 15:16:00,44.95,44.95,43.5,43.5,1500,19.819374,100800,3999.2,4000.0
2025-07-25 15:17:00,43.5,43.5,43.5,43.5,300,19.768984,100800,3999.4,4000.0
2025-07-25 15:18:00,43.2,43.2,43.15,43.15,450,20.18888,100800,3997.1,4000.0
2025-07-25 15:19:00,42.05,42.05,42.0,42.0,450,19.779643,100800,3996.5,4000.0
2025-07-25 15:20:00,42.0,43.25,42.0,43.25,750,19.364343,100350,4000.5,4000.0
2025-07-25 15:21:00,43.25,43.25,43.1,43.1,5550,18.923765,100350,4001.9,4000.0
2025-07-25 15:22:00,43.45,43.45,42.55,42.55,600,19.154368,100350,4000.0,4000.0
2025-07-25 15:23:00,42.55,43.35,42.55,43.35,150,19.521696,99000,4000.1,4000.0
2025-07-25 15:24:00,43.0,43.45,43.0,43.2,1500,19.214058,99000,4001.0,4000.0
2025-07-25 15:25:00,44.0,44.35,43.1,44.0,5550,19.555182,96450,4001.2,4000.0
2025-07-25 15:26:00,44.0,44.35,44.0,44.35,600,19.859256,96450,4000.7,4000.0
2025-07-25 15:27:00,44.35,44.35,43.2,43.2,600,19.479509,96450,4000.0,4000.0
2025-07-25 15:28:00,43.7,43.7,43.5,43.5,300,19.129163,95400,4001.9,4000.0
2025-07-25 15:29:00,43.5,43.5,43.5,43.5,2250,19.629221,95400,4000.0,4000.0
2025-07-28 09:15:00,35.35,36.55,35.0,36.55,1500,30.370863,93600,3976.9,4000.0
2025-07-28 09:16:00,36.55,36.55,36.55,36.55,0,30.370863,93600,3969.8,3950.0
2025-07-28 09:17:00,36.55,36.55,36.55,36.55,0,30.370863,93600,3965.8,3950.0
2025-07-28 09:18:00,36.55,36.55,36.55,36.55,0,30.370863,93600,3970.5,3950.0
2025-07-28 09:19:00,26.6,29.15,26.6,29.15,2550,25.659751,97200,3975.9,4000.0
2025-07-28 09:20:00,29.15,29.15,29.15,29.15,0,25.659751,97200,3972.0,3950.0
2025-07-28 09:21:00,29.15,29.15,29.15,29.15,0,25.659751,97200,3975.0,3950.0
2025-07-28 09:22:00,31.05,32.05,30.35,32.05,2400,27.698543,97800,3975.7,4000.0
2025-07-28 09:23:00,32.1,32.9,32.1,32.9,3300,27.518408,97800,3978.3,4000.0
2025-07-28 09:24:00,35.8,37.8,35.75,37.8,3000,29.345114,97050,3983.2,4000.0
2025-07-28 09:25:00,34.85,34.85,34.85,34.85,300,27.915625,97050,3981.4,4000.0
2025-07-28 09:26:00,34.85,34.85,34.1,34.1,4050,27.804027,97050,3980.1,4000.0
2025-07-28 09:27:00,35.5,35.5,35.5,35.5,3750,28.479892,97050,3981.0,4000.0
2025-07-28 09:28:00,35.75,35.75,34.0,34.0,900,28.366593,99150,3978.0,4000.0
2025-07-28 09:29:00,34.0,34.0,34.0,34.0,0,28.366593,99150,3977.5,4000.0
2025-07-28 09:30:00,34.0,36.65,34.0,36.65,600,28.039832,99150,3985.0,4000.0
2025-07-28 09:31:00,36.75,37.05,36.75,37.05,900,27.937889,99450,3986.2,4000.0
2025-07-28 09:32:00,36.65,36.65,36.65,36.65,150,28.046285,99450,3985.0,4000.0
2025-07-28 09:33:00,36.65,36.65,34.35,34.35,900,26.876449,99450,3983.8,4000.0
2025-07-28 09:34:00,37.65,37.65,34.35,34.35,2250,28.41544,99900,3978.7,4000.0
2025-07-28 09:35:00,34.35,34.35,34.35,34.35,0,28.41544,99900,3974.7,3950.0
2025-07-28 09:36:00,34.35,34.35,34.35,34.35,0,28.41544,99900,3975.0,3950.0
2025-07-28 09:37:00,65.0,65.0,54.4,54.4,150,26.257645,24450,3974.0,3950.0
2025-07-28 09:38:00,54.4,54.4,54.4,54.4,0,26.257645,24450,3972.1,3950.0
2025-07-28 09:39:00,54.4,54.4,54.4,54.4,0,26.257645,24450,3974.4,3950.0
2025-07-28 09:40:00,54.4,54.4,54.4,54.4,0,26.257645,24450,3975.0,3950.0
2025-07-28 09:41:00,54.4,54.4,54.4,54.4,0,26.257645,24450,3970.5,3950.0
2025-07-28 09:42:00,54.4,54.4,54.4,54.4,0,26.257645,24450,3972.0,3950.0
2025-07-28 09:43:00,54.4,54.4,54.4,54.4,0,26.257645,24450,3968.4,3950.0
2025-07-28 09:44:00,54.4,54.4,54.4,54.4,0,26.257645,24450,3968.0,3950.0
2025-07-28 09:45:00,54.0,54.0,54.0,54.0,1500,27.561424,24300,3970.3,3950.0
2025-07-28 09:46:00,54.0,54.0,54.0,54.0,0,27.561424,24300,3971.6,3950.0
2025-07-28 09:47:00,54.0,54.0,51.9,51.9,300,25.527114,25800,3971.7,3950.0
2025-07-28 09:48:00,51.9,54.0,51.9,54.0,300,26.141455,25800,3973.7,3950.0
2025-07-28 09:49:00,30.0,30.0,30.0,30.0,300,26.300099,99000,3976.0,4000.0
2025-07-28 09:50:00,30.0,31.8,30.0,31.45,450,27.000855,99000,3977.0,4000.0
2025-07-28 09:51:00,31.45,32.0,30.4,31.15,1200,27.264139,99000,3975.4,4000.0
2025-07-28 09:52:00,56.45,56.45,56.45,56.45,450,27.308015,25500,3975.0,3950.0
2025-07-28 09:53:00,55.45,55.45,55.35,55.35,450,27.312085,25500,3973.2,3950.0
2025-07-28 09:54:00,55.35,55.35,55.35,55.35,0,27.312085,25500,3974.4,3950.0
2025-07-28 09:55:00,55.35,55.35,55.35,55.35,0,27.312085,25500,3973.3,3950.0
2025-07-28 09:56:00,55.35,55.35,55.35,55.35,0,27.312085,25500,3970.8,3950.0
2025-07-28 09:57:00,54.0,54.0,54.0,54.0,450,26.681466,26250,3972.5,3950.0
2025-07-28 09:58:00,54.0,54.0,54.0,54.0,0,26.681466,26250,3967.5,3950.0
2025-07-28 09:59:00,54.0,54.0,54.0,54.0,0,26.681466,26250,3968.0,3950.0
2025-07-28 10:00:00,54.0,54.0,54.0,54.0,150,27.775064,26400,3969.9,3950.0
2025-07-28 10:01:00,54.0,54.0,54.0,54.0,0,27.775064,26400,3971.3,3950.0
2025-07-28 10:02:00,54.0,54.0,54.0,54.0,0,27.775064,26400,3972.9,3950.0
2025-07-28 10:03:00,54.0,54.0,52.95,52.95,150,27.956197,26400,3967.7,3950.0
2025-07-28 10:04:00,52.95,52.95,52.95,52.95,0,27.956197,26400,3973.3,3950.0
2025-07-28 10:05:00,52.95,52.95,52.75,52.75,450,26.343211,26400,3971.3,3950.0
2025-07-28 10:06:00,52.75,52.75,52.75,52.75,0,26.343211,26400,3972.1,3950.0
2025-07-28 10:07:00,52.75,52.75,52.75,52.75,0,26.343211,26400,3974.0,3950.0
2025-07-28 10:08:00,52.75,52.75,52.75,52.75,0,26.343211,26400,3973.9,3950.0
2025-07-28 10:09:00,31.35,32.55,31.35,32.55,1650,28.102326,100200,3976.0,4000.0
2025-07-28 10:10:00,32.55,32.55,32.55,32.55,0,28.102326,100200,3973.6,3950.0
2025-07-28 10:11:00,32.55,32.55,32.55,32.55,0,28.102326,100200,3974.6,3950.0
2025-07-28 10:12:00,57.5,57.5,55.65,55.65,150,28.087794,26550,3972.0,3950.0
2025-07-28 10:13:00,55.65,55.65,55.65,55.65,0,28.087794,26550,3970.1,3950.0
2025-07-28 10:14:00,55.65,55.65,55.65,55.65,0,28.087794,26550,3972.2,3950.0
2025-07-28 10:15:00,31.35,31.35,31.35,31.35,1200,27.098437,101850,3976.7,4000.0
2025-07-28 10:16:00,56.55,56.55,56.55,56.55,150,27.841986,26400,3974.1,3950.0
2025-07-28 10:17:00,56.55,56.55,56.55,56.55,0,27.841986,26400,3974.1,3950.0
2025-07-28 10:18:00,56.55,56.55,56.55,56.55,0,27.841986,26400,3974.2,3950.0
2025-07-28 10:19:00,56.0,56.0,56.0,56.0,150,27.424677,26250,3974.2,3950.0
2025-07-28 10:20:00,56.0,56.0,54.25,54.25,150,26.716827,26250,3973.0,3950.0
2025-07-28 10:21:00,30.3,31.3,30.3,31.3,600,27.287183,102150,3976.0,4000.0
2025-07-28 10:22:00,55.0,55.0,55.0,55.0,150,26.517789,25950,3974.7,3950.0
2025-07-28 10:23:00,29.55,30.8,29.55,30.35,450,26.759338,102150,3975.6,4000.0
2025-07-28 10:24:00,31.9,32.0,31.9,32.0,450,27.746094,102150,3976.1,4000.0
2025-07-28 10:25:00,32.0,32.0,31.5,32.0,1950,27.982424,102300,3975.3,4000.0
2025-07-28 10:26:00,32.0,33.55,31.9,32.2,1500,27.918438,102300,3976.0,4000.0
2025-07-28 10:27:00,32.2,32.45,31.85,31.85,300,27.184181,102300,3977.7,4000.0
2025-07-28 10:28:00,31.85,32.95,31.85,31.85,600,27.56876,101250,3976.4,4000.0
2025-07-28 10:29:00,58.4,58.4,56.15,56.15,150,28.114861,25800,3972.9,3950.0
2025-07-28 10:30:00,31.15,34.95,31.15,34.15,600,27.772849,101250,3981.0,4000.0
2025-07-28 10:31:00,34.15,34.15,31.7,32.75,450,28.281376,101400,3976.1,4000.0
2025-07-28 10:32:00,32.75,34.0,32.65,34.0,1500,28.098977,101400,3979.6,4000.0
2025-07-28 10:33:00,34.0,35.45,34.0,34.85,1350,27.03119,101400,3985.0,4000.0
2025-07-28 10:34:00,36.35,36.35,35.35,35.6,4650,28.433692,101400,3982.1,4000.0
2025-07-28 10:35:00,35.6,36.5,35.6,36.1,1500,28.252757,101400,3983.8,4000.0
2025-07-28 10:36:00,36.1,36.1,34.45,34.45,900,27.692166,102900,3982.0,4000.0
2025-07-28 10:37:00,34.45,34.5,34.45,34.5,450,27.911645,102900,3981.4,4000.0
2025-07-28 10:38:00,34.2,36.0,34.2,36.0,2250,27.823025,102900,3985.0,4000.0
2025-07-28 10:39:00,36.0,36.35,35.5,35.5,2100,28.137514,102750,3982.9,4000.0
2025-07-28 10:40:00,35.5,35.85,35.15,35.85,300,27.697173,102750,3985.1,4000.0
2025-07-28 10:41:00,35.85,35.95,35.85,35.95,450,28.078368,102750,3984.1,4000.0
2025-07-28 10:42:00,35.6,35.65,35.6,35.65,4500,27.909864,102750,3984.0,4000.0
2025-07-28 10:43:00,35.4,36.0,35.4,36.0,300,27.901503,104100,3984.8,4000.0
2025-07-28 10:44:00,36.0,38.4,36.0,38.4,1200,29.336983,104100,3985.4,4000.0
2025-07-28 10:45:00,37.45,37.45,35.9,36.65,1500,28.59555,104100,3984.0,4000.0
2025-07-28 10:46:00,36.65,36.65,34.0,34.0,750,28.32464,104550,3979.0,4000.0
2025-07-28 10:47:00,34.0,35.75,34.0,35.15,4050,28.476457,104550,3981.1,4000.0
2025-07-28 10:48:00,35.15,35.45,34.45,34.45,600,27.730965,104550,3982.0,4000.0
2025-07-28 10:49:00,34.45,34.45,34.2,34.2,150,27.595082,105600,3981.9,4000.0
2025-07-28 10:50:00,33.2,33.95,33.2,33.95,450,27.852914,105600,3980.5,4000.0
2025-07-28 10:51:00,34.0,34.85,34.0,34.85,1950,26.431303,105600,3987.1,4000.0
2025-07-28 10:52:00,35.2,40.35,35.2,40.35,1050,27.363358,106200,3995.6,4000.0
2025-07-28 10:53:00,43.25,45.9,43.25,45.9,8850,28.529293,106200,4003.0,4000.0
2025-07-28 10:54:00,45.9,46.0,43.3,43.4,5250,27.875272,106200,4000.1,4000.0
2025-07-28 10:55:00,43.4,44.0,42.1,44.0,4800,28.246312,102150,4000.2,4000.0
2025-07-28 10:56:00,44.0,45.0,44.0,44.85,450,28.18875,102150,4002.0,4000.0
2025-07-28 10:57:00,44.85,51.2,44.85,50.6,4500,28.548451,102150,4011.6,4000.0
2025-07-28 10:58:00,50.6,53.45,50.6,53.45,4650,28.864533,99600,4015.8,4000.0
2025-07-28 10:59:00,53.45,53.45,48.1,48.1,1800,28.511139,99600,4007.2,4000.0
2025-07-28 11:00:00,48.1,48.1,46.65,48.0,300,27.405611,99600,4010.0,4000.0
2025-07-28 11:01:00,48.0,51.55,48.0,50.95,1200,28.225494,99300,4013.1,4000.0
2025-07-28 11:02:00,50.95,50.95,50.85,50.85,300,29.450011,99300,4009.7,4000.0
2025-07-28 11:03:00,49.15,49.15,45.5,45.5,6600,27.431072,99300,4005.4,4000.0
2025-07-28 11:04:00,45.5,46.15,45.5,46.15,600,27.87195,97500,4005.4,4000.0
2025-07-28 11:05:00,46.15,47.15,46.1,46.1,1950,27.841595,97500,4005.4,4000.0
2025-07-28 11:06:00,47.05,49.0,47.05,48.2,3150,28.528673,97500,4007.4,4000.0
2025-07-28 11:07:00,48.2,48.2,46.4,46.4,300,27.941211,99600,4005.7,4000.0
2025-07-28 11:08:00,46.4,48.1,46.4,48.1,1050,28.394293,99600,4007.6,4000.0
2025-07-28 11:09:00,48.1,48.1,48.0,48.0,1200,28.807229,99600,4006.3,4000.0
2025-07-28 11:10:00,48.0,50.0,48.0,50.0,1350,28.791081,99900,4010.0,4000.0
2025-07-28 11:11:00,50.0,50.0,49.0,49.0,300,27.396882,99900,4011.9,4000.0
2025-07-28 11:12:00,49.0,49.0,49.0,49.0,150,27.629372,99900,4011.3,4000.0
2025-07-28 11:13:00,49.5,49.5,49.5,49.5,600,27.627687,100050,4012.2,4000.0
2025-07-28 11:14:00,50.0,51.65,50.0,51.65,1500,29.469177,100050,4011.2,4000.0
2025-07-28 11:15:00,50.4,50.4,50.4,50.4,5100,28.928427,100050,4010.4,4000.0
2025-07-28 11:16:00,50.65,50.65,50.65,50.65,150,29.363721,100050,4009.7,4000.0
2025-07-28 11:17:00,51.4,51.95,51.4,51.95,600,29.455479,98250,4011.8,4000.0
2025-07-28 11:18:00,51.95,51.95,51.95,51.95,0,29.455479,98250,4010.7,4000.0
2025-07-28 11:19:00,50.2,50.2,50.0,50.0,450,28.671378,98100,4010.4,4000.0
2025-07-28 11:20:00,50.0,50.0,50.0,50.0,300,28.372019,98100,4011.2,4000.0
2025-07-28 11:21:00,50.0,50.0,50.0,50.0,150,28.07035,98100,4012.0,4000.0
2025-07-28 11:22:00,50.85,50.85,50.3,50.3,1950,28.506208,97650,4011.4,4000.0
2025-07-28 11:23:00,50.3,50.3,49.45,49.45,600,28.463247,97650,4010.0,4000.0
2025-07-28 11:24:00,49.45,50.9,49.3,50.9,750,28.767745,97650,4011.8,4000.0
2025-07-28 11:25:00,50.9,52.0,50.9,52.0,750,29.89601,96300,4010.8,4000.0
2025-07-28 11:26:00,52.0,52.0,49.55,49.55,600,28.352575,96300,4010.5,4000.0
2025-07-28 11:27:00,49.3,49.3,48.95,48.95,1350,27.797407,96300,4010.9,4000.0
2025-07-28 11:28:00,48.95,48.95,45.55,45.55,300,27.400743,96450,4005.8,4000.0
2025-07-28 11:29:00,45.55,45.55,42.0,43.3,1650,27.888834,96450,4000.2,4000.0
2025-07-28 11:30:00,43.3,43.3,43.3,43.3,300,27.328985,96450,4001.8,4000.0
2025-07-28 11:31:00,43.3,44.45,41.75,42.25,1350,27.848111,96600,3998.3,4000.0
2025-07-28 11:32:00,42.25,42.25,40.6,41.0,1050,27.591962,96600,3996.6,4000.0
2025-07-28 11:33:00,41.0,41.6,41.0,41.6,450,27.931277,96600,3996.8,4000.0
2025-07-28 11:34:00,41.6,41.6,39.9,39.9,750,27.398798,96450,3995.0,4000.0
2025-07-28 11:35:00,39.9,40.25,39.65,40.25,600,27.604299,96450,3995.1,4000.0
2025-07-28 11:36:00,40.25,40.6,40.0,40.0,2850,26.828974,96450,3996.9,4000.0
2025-07-28 11:37:00,40.0,40.0,40.0,40.0,0,26.828974,96450,3995.6,4000.0
2025-07-28 11:38:00,40.55,40.85,40.55,40.85,1350,27.54461,98400,3996.5,4000.0
2025-07-28 11:39:00,40.85,40.85,40.85,40.85,0,27.54461,98400,3995.7,4000.0
2025-07-28 11:40:00,40.85,40.85,40.85,40.85,0,27.54461,98400,3994.5,4000.0
2025-07-28 11:41:00,41.0,41.0,40.9,40.9,1050,28.431653,99000,3994.0,4000.0
2025-07-28 11:42:00,40.95,41.8,40.95,41.8,750,28.368316,99000,3996.0,4000.0
2025-07-28 11:43:00,41.75,41.75,41.75,41.75,150,28.676147,99000,3995.0,4000.0
2025-07-28 11:44:00,42.0,42.0,40.7,40.7,3750,27.565187,98850,3996.2,4000.0
2025-07-28 11:45:00,40.7,41.8,40.7,41.8,300,27.694526,98850,3998.0,4000.0
2025-07-28 11:46:00,41.8,42.0,41.8,42.0,750,28.175997,99150,3997.0,4000.0
2025-07-28 11:47:00,42.0,42.0,40.8,40.8,600,27.369775,99150,3997.0,4000.0
2025-07-28 11:48:00,41.0,41.0,40.05,40.05,600,27.410807,99150,3995.4,4000.0
2025-07-28 11:49:00,40.05,40.05,40.05,40.05,0,27.410807,99150,3995.3,4000.0
2025-07-28 11:50:00,40.05,41.25,40.05,41.25,300,28.159727,100050,3995.6,4000.0
2025-07-28 11:51:00,41.25,41.25,40.7,40.7,750,28.061842,100050,3994.8,4000.0
2025-07-28 11:52:00,40.7,40.7,40.7,40.7,0,28.061842,100050,3996.6,4000.0
2025-07-28 11:53:00,40.75,40.75,40.75,40.75,450,28.034911,100650,3995.0,4000.0
2025-07-28 11:54:00,40.75,40.75,40.75,40.75,0,28.034911,100650,3995.4,4000.0
2025-07-28 11:55:00,40.75,40.75,40.6,40.6,450,27.872782,100650,3995.2,4000.0
2025-07-28 11:56:00,40.75,42.2,40.75,42.2,300,29.695001,100650,3993.0,4000.0
2025-07-28 11:57:00,42.2,42.2,41.2,41.2,150,28.655009,100650,3994.1,4000.0
2025-07-28 11:58:00,41.2,41.2,41.2,41.2,0,28.655009,100650,3992.2,4000.0
2025-07-28 11:59:00,41.2,41.2,41.2,41.2,0,28.655009,100650,3991.6,4000.0
2025-07-28 12:00:00,39.0,39.0,39.0,39.0,450,28.204762,100200,3991.0,4000.0
2025-07-28 12:01:00,38.95,38.95,38.95,38.95,1650,28.174262,100200,3991.0,4000.0
2025-07-28 12:02:00,38.3,38.3,38.3,38.3,450,27.737413,101100,3991.0,4000.0
2025-07-28 12:03:00,38.3,38.8,38.3,38.8,300,28.079378,101100,3991.0,4000.0
2025-07-28 12:04:00,38.8,38.8,37.85,37.85,600,28.089601,101100,3989.0,4000.0
2025-07-28 12:05:00,37.85,37.85,37.85,37.85,0,28.089601,101100,3988.2,4000.0
2025-07-28 12:06:00,37.85,37.85,35.05,35.05,150,25.938082,101100,3989.8,4000.0
2025-07-28 12:07:00,37.75,37.75,36.0,36.05,3450,27.4227,100950,3987.3,4000.0
2025-07-28 12:08:00,36.05,36.05,36.0,36.0,150,27.391977,100950,3987.3,4000.0
2025-07-28 12:09:00,36.0,37.35,36.0,37.1,600,28.143083,100950,3987.3,4000.0
2025-07-28 12:10:00,37.1,37.1,37.1,37.1,0,28.143083,100950,3987.6,4000.0
2025-07-28 12:11:00,37.1,37.1,37.05,37.05,150,27.634422,102300,3988.8,4000.0
2025-07-28 12:12:00,37.05,37.2,37.0,37.2,1800,27.578037,102300,3989.3,4000.0
2025-07-28 12:13:00,37.2,37.2,36.55,36.55,450,27.333609,103950,3988.7,4000.0
2025-07-28 12:14:00,36.55,36.55,36.55,36.55,0,27.333609,103950,3988.1,4000.0
2025-07-28 12:15:00,37.8,37.8,37.8,37.8,600,29.997752,103950,3983.0,4000.0
2025-07-28 12:16:00,34.75,35.1,34.75,35.1,3600,27.406793,104700,3985.4,4000.0
2025-07-28 12:17:00,35.1,35.65,34.0,34.0,300,28.326224,104700,3980.0,4000.0
2025-07-28 12:18:00,34.0,34.2,33.4,33.4,900,27.917344,104700,3980.0,4000.0
2025-07-28 12:19:00,34.1,34.1,32.95,33.15,600,27.688185,104400,3980.2,4000.0
2025-07-28 12:20:00,33.15,33.65,33.15,33.65,300,28.217103,104400,3979.6,4000.0
2025-07-28 12:21:00,33.65,33.65,32.75,32.75,150,27.782256,104400,3979.0,4000.0
2025-07-28 12:22:00,32.75,32.75,32.75,32.75,0,27.782256,104400,3979.1,4000.0
2025-07-28 12:23:00,32.75,32.75,32.75,32.75,300,27.547451,104400,3979.8,4000.0
2025-07-28 12:24:00,34.0,34.0,33.75,33.75,1050,27.103931,104400,3983.5,4000.0
2025-07-28 12:25:00,35.4,35.85,35.4,35.85,750,28.761663,105000,3982.8,4000.0
2025-07-28 12:26:00,35.4,35.4,35.35,35.35,450,27.986821,105000,3984.2,4000.0
2025-07-28 12:27:00,35.3,36.0,35.3,36.0,900,28.183262,105000,3985.0,4000.0
2025-07-28 12:28:00,34.95,34.95,34.95,34.95,750,28.000475,104700,3983.3,4000.0
2025-07-28 12:29:00,34.95,34.95,34.95,34.95,0,28.000475,104700,3984.9,4000.0
2025-07-28 12:30:00,34.95,34.95,34.95,34.95,0,28.000475,104700,3982.2,4000.0
2025-07-28 12:31:00,34.95,34.95,34.95,34.95,0,28.000475,104700,3983.9,4000.0
2025-07-28 12:32:00,34.95,34.95,34.6,34.6,750,27.556251,104850,3984.0,4000.0
2025-07-28 12:33:00,34.6,35.75,34.6,35.75,150,28.032627,104850,3985.0,4000.0
2025-07-28 12:34:00,35.75,35.75,34.6,34.6,450,27.531633,104550,3984.1,4000.0
2025-07-28 12:35:00,34.6,34.6,34.6,34.6,0,27.531633,104550,3984.6,4000.0
2025-07-28 12:36:00,34.6,34.6,34.6,34.6,0,27.531633,104550,3983.1,4000.0
2025-07-28 12:37:00,34.6,34.6,34.0,34.0,1050,28.057792,104700,3981.1,4000.0
2025-07-28 12:38:00,34.0,34.0,33.0,33.0,1650,27.708407,104700,3980.0,4000.0
2025-07-28 12:39:00,33.0,33.0,33.0,33.0,0,27.708407,104700,3980.0,4000.0
2025-07-28 12:40:00,33.0,33.0,33.0,33.0,0,27.708407,104700,3978.0,4000.0
2025-07-28 12:41:00,33.0,33.0,31.45,31.85,750,28.033112,105000,3976.3,4000.0
2025-07-28 12:42:00,31.8,31.8,31.8,31.8,300,28.001765,105000,3976.3,4000.0
2025-07-28 12:43:00,31.05,31.9,31.05,31.9,1800,27.926055,105300,3976.8,4000.0
2025-07-28 12:44:00,31.9,31.9,31.0,31.0,150,27.393928,105300,3976.5,4000.0
2025-07-28 12:45:00,31.0,31.0,31.0,31.0,0,27.393928,105300,3973.3,3950.0
2025-07-28 12:46:00,31.0,31.0,31.0,31.0,0,27.393928,105300,3972.2,3950.0
2025-07-28 12:47:00,68.9,68.9,56.2,56.2,150,28.665978,23400,3972.8,3950.0
2025-07-28 12:48:00,56.2,56.2,56.2,56.2,0,28.665978,23400,3972.1,3950.0
2025-07-28 12:49:00,52.0,52.2,52.0,52.2,450,26.225098,23400,3971.9,3950.0
2025-07-28 12:50:00,52.2,52.2,52.2,52.2,0,26.225098,23400,3971.9,3950.0
2025-07-28 12:51:00,52.2,52.2,52.2,52.2,0,26.225098,23400,3970.8,3950.0
2025-07-28 12:52:00,52.2,52.2,52.2,52.2,0,26.225098,23400,3969.0,3950.0
2025-07-28 12:53:00,52.2,52.2,52.0,52.0,450,26.052703,23400,3972.0,3950.0
2025-07-28 12:54:00,52.0,52.0,52.0,52.0,0,26.052703,23400,3972.0,3950.0
2025-07-28 12:55:00,52.0,52.0,52.0,52.0,0,26.052703,23400,3971.8,3950.0
2025-07-28 12:56:00,52.0,52.0,52.0,52.0,0,26.052703,23400,3973.6,3950.0
2025-07-28 12:57:00,52.0,52.0,52.0,52.0,0,26.052703,23400,3971.9,3950.0
2025-07-28 12:58:00,52.0,52.0,52.0,52.0,0,26.052703,23400,3972.0,3950.0
2025-07-28 12:59:00,52.0,52.0,52.0,52.0,0,26.052703,23400,3972.0,3950.0
2025-07-28 13:00:00,52.0,52.0,52.0,52.0,0,26.052703,23400,3972.1,3950.0
2025-07-28 13:01:00,53.0,53.0,53.0,53.0,150,27.302793,23850,3970.8,3950.0
2025-07-28 13:02:00,53.0,53.0,53.0,53.0,0,27.302793,23850,3970.5,3950.0
2025-07-28 13:03:00,53.0,53.0,53.0,53.0,0,27.302793,23850,3970.4,3950.0
2025-07-28 13:04:00,53.0,53.0,53.0,53.0,0,27.302793,23850,3967.0,3950.0
2025-07-28 13:05:00,53.0,53.0,53.0,53.0,0,27.302793,23850,3968.4,3950.0
2025-07-28 13:06:00,53.0,53.0,53.0,53.0,0,27.302793,23850,3968.4,3950.0
2025-07-28 13:07:00,27.9,30.25,27.9,30.25,600,27.153781,103350,3975.8,4000.0
2025-07-28 13:08:00,30.25,30.25,28.95,28.95,300,26.366585,103350,3975.4,4000.0
2025-07-28 13:09:00,28.95,30.85,28.7,30.15,4200,27.090538,103350,3975.8,4000.0
2025-07-28 13:10:00,30.15,30.85,30.0,30.85,2700,27.522958,99300,3976.0,4000.0
2025-07-28 13:11:00,30.85,31.5,30.85,31.35,1200,27.845086,99300,3976.1,4000.0
2025-07-28 13:12:00,31.35,31.35,31.35,31.35,0,27.845086,99300,3971.8,3950.0
2025-07-28 13:13:00,31.35,31.35,31.35,31.35,0,27.845086,99300,3978.5,4000.0
2025-07-28 13:14:00,54.8,54.8,54.8,54.8,150,28.955513,24000,3970.0,3950.0
2025-07-28 13:15:00,54.8,54.8,54.8,54.8,0,28.955513,24000,3969.4,3950.0
2025-07-28 13:16:00,54.8,54.8,54.8,54.8,0,28.955513,24000,3967.0,3950.0
2025-07-28 13:17:00,54.8,54.8,50.65,50.65,150,27.617528,24000,3966.2,3950.0
2025-07-28 13:18:00,50.65,50.65,50.65,50.65,0,27.617528,24000,3965.1,3950.0
2025-07-28 13:19:00,50.65,50.65,50.65,50.65,0,27.617528,24000,3960.6,3950.0
2025-07-28 13:20:00,50.65,50.65,50.65,50.65,0,27.617528,24000,3962.0,3950.0
2025-07-28 13:21:00,50.65,50.65,50.65,50.65,0,27.617528,24000,3966.6,3950.0
2025-07-28 13:22:00,50.65,50.65,50.65,50.65,0,27.617528,24000,3969.0,3950.0
2025-07-28 13:23:00,50.65,50.65,50.65,50.65,0,27.617528,24000,3967.0,3950.0
2025-07-28 13:24:00,50.65,50.65,50.65,50.65,0,27.617528,24000,3962.0,3950.0
2025-07-28 13:25:00,50.65,50.65,50.65,50.65,0,27.617528,24000,3961.9,3950.0
2025-07-28 13:26:00,48.85,49.15,48.75,49.15,600,27.487953,24000,3964.0,3950.0
2025-07-28 13:27:00,49.15,49.25,49.15,49.25,1650,28.35599,24000,3962.0,3950.0
2025-07-28 13:28:00,49.25,49.25,49.25,49.25,0,28.35599,24000,3960.0,3950.0
2025-07-28 13:29:00,47.6,47.6,47.3,47.6,600,28.303859,24150,3959.2,3950.0
2025-07-28 13:30:00,46.65,46.65,45.0,45.0,2100,27.719516,24150,3956.0,3950.0
2025-07-28 13:31:00,45.0,45.0,45.0,45.0,0,27.719516,24150,3957.8,3950.0
2025-07-28 13:32:00,42.7,42.7,42.7,42.7,300,27.137271,24000,3953.3,3950.0
2025-07-28 13:33:00,41.8,41.8,41.8,41.8,450,27.175678,24000,3951.5,3950.0
2025-07-28 13:34:00,41.8,41.8,41.8,41.8,0,27.175678,24000,3951.9,3950.0
2025-07-28 13:35:00,41.8,41.8,41.75,41.8,750,26.964043,24450,3952.1,3950.0
2025-07-28 13:36:00,41.8,41.8,41.8,41.8,0,26.964043,24450,3953.4,3950.0
2025-07-28 13:37:00,41.8,41.8,41.8,41.8,0,26.964043,24450,3955.4,3950.0
2025-07-28 13:38:00,41.8,41.8,41.8,41.8,0,26.964043,24450,3954.0,3950.0
2025-07-28 13:39:00,41.8,41.8,41.8,41.8,0,26.964043,24450,3952.4,3950.0
2025-07-28 13:40:00,41.8,41.8,41.8,41.8,0,26.964043,24450,3954.9,3950.0
2025-07-28 13:41:00,41.8,41.8,41.8,41.8,0,26.964043,24450,3953.0,3950.0
2025-07-28 13:42:00,41.8,41.8,41.8,41.8,0,26.964043,24450,3953.3,3950.0
2025-07-28 13:43:00,41.8,41.8,41.8,41.8,0,26.964043,24450,3950.1,3950.0
2025-07-28 13:44:00,41.8,41.8,41.8,41.8,0,26.964043,24450,3950.9,3950.0
2025-07-28 13:45:00,40.4,40.4,40.2,40.2,450,27.361729,24300,3948.0,3950.0
2025-07-28 13:46:00,40.0,40.0,40.0,40.0,150,27.402924,24300,3947.5,3950.0
2025-07-28 13:47:00,40.0,40.0,40.0,40.0,0,27.402924,24300,3947.4,3950.0
2025-07-28 13:48:00,40.0,40.0,40.0,40.0,0,27.402924,24300,3948.0,3950.0
2025-07-28 13:49:00,40.0,40.0,39.3,39.3,900,27.068812,24300,3947.1,3950.0
2025-07-28 13:50:00,39.3,39.3,39.3,39.3,0,27.068812,24300,3946.1,3950.0
2025-07-28 13:51:00,39.3,39.3,38.35,38.35,600,26.382296,24300,3947.2,3950.0
2025-07-28 13:52:00,41.15,41.15,41.0,41.0,450,27.974752,25050,3947.9,3950.0
2025-07-28 13:53:00,41.0,41.0,41.0,41.0,0,27.974752,25050,3948.0,3950.0
2025-07-28 13:54:00,42.8,42.8,42.8,42.8,300,27.757123,25050,3952.0,3950.0
2025-07-28 13:55:00,42.8,42.8,42.8,42.8,0,27.757123,25050,3950.8,3950.0
2025-07-28 13:56:00,42.8,42.8,42.8,42.8,0,27.757123,25050,3951.0,3950.0
2025-07-28 13:57:00,42.8,42.8,42.8,42.8,0,27.757123,25050,3950.5,3950.0
2025-07-28 13:58:00,42.8,42.8,42.8,42.8,0,27.757123,25050,3950.0,3950.0
2025-07-28 13:59:00,42.8,42.8,42.8,42.8,0,27.757123,25050,3950.1,3950.0
2025-07-28 14:00:00,42.8,42.8,42.8,42.8,0,27.757123,25050,3948.4,3950.0
2025-07-28 14:01:00,42.8,42.8,42.8,42.8,0,27.757123,25050,3952.1,3950.0
2025-07-28 14:02:00,42.8,42.8,42.8,42.8,0,27.757123,25050,3951.4,3950.0
2025-07-28 14:03:00,42.8,42.8,42.8,42.8,0,27.757123,25050,3950.1,3950.0
2025-07-28 14:04:00,42.8,42.8,42.8,42.8,0,27.757123,25050,3952.9,3950.0
2025-07-28 14:05:00,42.8,42.8,42.8,42.8,0,27.757123,25050,3951.2,3950.0
2025-07-28 14:06:00,42.8,42.8,42.8,42.8,0,27.757123,25050,3950.2,3950.0
2025-07-28 14:07:00,42.8,42.8,40.4,40.4,150,26.860635,25200,3950.0,3950.0
2025-07-28 14:08:00,40.65,40.65,40.65,40.65,450,26.128115,25200,3952.5,3950.0
2025-07-28 14:09:00,40.65,40.65,40.65,40.65,0,26.128115,25200,3948.7,3950.0
2025-07-28 14:10:00,41.45,41.45,41.45,41.45,150,27.599614,25200,3950.0,3950.0
2025-07-28 14:11:00,42.35,42.35,40.25,40.25,1650,27.483962,25650,3948.0,3950.0
2025-07-28 14:12:00,40.25,40.25,40.25,40.25,0,27.483962,25650,3947.1,3950.0
2025-07-28 14:13:00,40.25,40.25,40.0,40.0,600,26.74655,26100,3949.6,3950.0
2025-07-28 14:14:00,40.0,40.0,40.0,40.0,0,26.74655,26100,3950.0,3950.0
2025-07-28 14:15:00,40.0,40.0,40.0,40.0,0,26.74655,26100,3948.4,3950.0
2025-07-28 14:16:00,40.0,40.0,40.0,40.0,0,26.74655,26100,3949.5,3950.0
2025-07-28 14:17:00,40.0,40.0,40.0,40.0,0,26.74655,26100,3948.0,3950.0
2025-07-28 14:18:00,40.0,40.0,40.0,40.0,0,26.74655,26100,3946.2,3950.0
2025-07-28 14:19:00,40.0,40.0,40.0,40.0,0,26.74655,26100,3947.5,3950.0
2025-07-28 14:20:00,40.0,40.0,40.0,40.0,0,26.74655,26100,3942.7,3950.0
2025-07-28 14:21:00,40.0,40.0,40.0,40.0,0,26.74655,26100,3943.2,3950.0
2025-07-28 14:22:00,40.0,40.0,40.0,40.0,0,26.74655,26100,3945.8,3950.0
2025-07-28 14:23:00,39.0,39.0,39.0,39.0,300,27.603208,26100,3945.3,3950.0
2025-07-28 14:24:00,39.0,39.0,39.0,39.0,150,27.467467,26100,3945.7,3950.0
2025-07-28 14:25:00,39.0,39.0,39.0,39.0,0,27.467467,26100,3946.0,3950.0
2025-07-28 14:26:00,39.0,39.0,39.0,39.0,0,27.467467,26100,3944.6,3950.0
2025-07-28 14:27:00,39.0,39.0,39.0,39.0,0,27.467467,26100,3944.9,3950.0
2025-07-28 14:28:00,37.5,37.5,37.5,37.5,150,25.947037,26400,3947.1,3950.0
2025-07-28 14:29:00,37.5,37.5,37.5,37.5,0,25.947037,26400,3944.6,3950.0
2025-07-28 14:30:00,37.5,37.5,37.5,37.5,0,25.947037,26400,3947.1,3950.0
2025-07-28 14:31:00,37.5,37.5,37.5,37.5,0,25.947037,26400,3945.6,3950.0
2025-07-28 14:32:00,37.5,37.5,37.5,37.5,0,25.947037,26400,3945.0,3950.0
2025-07-28 14:33:00,37.5,37.5,37.5,37.5,0,25.947037,26400,3945.0,3950.0
2025-07-28 14:34:00,37.5,37.5,37.5,37.5,0,25.947037,26400,3946.8,3950.0
2025-07-28 14:35:00,39.0,39.0,39.0,39.0,150,26.62426,26400,3948.2,3950.0
2025-07-28 14:36:00,39.35,39.35,39.35,39.35,150,26.117546,26400,3950.3,3950.0
2025-07-28 14:37:00,39.35,39.35,39.35,39.35,0,26.117546,26400,3951.9,3950.0
2025-07-28 14:38:00,39.35,39.35,39.35,39.35,0,26.117546,26400,3953.5,3950.0
2025-07-28 14:39:00,39.35,42.25,39.35,42.25,1500,27.381457,26400,3952.4,3950.0
2025-07-28 14:40:00,43.3,43.3,43.3,43.3,150,28.373616,26400,3951.7,3950.0
2025-07-28 14:41:00,42.3,42.3,42.3,42.3,150,26.454913,26400,3955.0,3950.0
2025-07-28 14:42:00,42.3,42.3,42.3,42.3,0,26.454913,26400,3953.6,3950.0
2025-07-28 14:43:00,42.3,42.3,42.3,42.3,0,26.454913,26400,3958.0,3950.0
2025-07-28 14:44:00,43.8,43.8,43.8,43.8,150,27.097163,25950,3956.1,3950.0
2025-07-28 14:45:00,43.8,43.8,43.8,43.8,0,27.097163,25950,3955.4,3950.0
2025-07-28 14:46:00,43.0,44.9,43.0,44.9,600,27.759325,25950,3956.4,3950.0
2025-07-28 14:47:00,44.2,44.2,44.2,44.2,150,27.500874,25950,3955.8,3950.0
2025-07-28 14:48:00,44.0,44.0,44.0,44.0,150,26.945585,25950,3956.9,3950.0
2025-07-28 14:49:00,44.0,47.3,44.0,47.3,900,28.607144,25950,3958.6,3950.0
2025-07-28 14:50:00,44.35,44.35,44.3,44.3,750,27.656797,25800,3955.6,3950.0
2025-07-28 14:51:00,44.3,44.3,42.35,42.35,450,25.491131,25800,3957.7,3950.0
2025-07-28 14:52:00,42.35,42.35,42.35,42.35,0,25.491131,25800,3956.0,3950.0
2025-07-28 14:53:00,42.35,42.35,42.35,42.35,0,25.491131,25800,3956.3,3950.0
2025-07-28 14:54:00,46.15,46.15,46.15,46.15,150,28.662076,26850,3956.4,3950.0
2025-07-28 14:55:00,46.15,46.15,46.15,46.15,0,28.662076,26850,3956.5,3950.0
2025-07-28 14:56:00,46.15,46.15,46.15,46.15,0,28.662076,26850,3952.6,3950.0
2025-07-28 14:57:00,46.15,46.15,42.15,42.15,150,26.591304,27000,3954.5,3950.0
2025-07-28 14:58:00,42.15,42.15,42.15,42.15,0,26.591304,27000,3958.8,3950.0
2025-07-28 14:59:00,42.15,42.15,42.15,42.15,0,26.591304,27000,3956.2,3950.0
2025-07-28 15:00:00,47.95,47.95,43.0,43.0,1800,27.233619,27000,3954.4,3950.0
2025-07-28 15:01:00,43.0,43.0,43.0,43.0,0,27.233619,27000,3954.1,3950.0
2025-07-28 15:02:00,41.35,41.35,41.35,41.35,150,25.63165,26250,3955.6,3950.0
2025-07-28 15:03:00,41.35,41.35,41.35,41.35,0,25.63165,26250,3953.7,3950.0
2025-07-28 15:04:00,41.35,41.35,41.35,41.35,0,25.63165,26250,3954.9,3950.0
2025-07-28 15:05:00,41.35,41.35,41.35,41.35,0,25.63165,26250,3955.6,3950.0
2025-07-28 15:06:00,41.35,41.35,41.35,41.35,0,25.63165,26250,3955.0,3950.0
2025-07-28 15:07:00,41.35,41.35,41.35,41.35,0,25.63165,26250,3954.8,3950.0
2025-07-28 15:08:00,41.35,41.35,41.35,41.35,0,25.63165,26250,3955.3,3950.0
2025-07-28 15:09:00,41.35,41.35,41.35,41.35,0,25.63165,26250,3955.1,3950.0
2025-07-28 15:10:00,41.35,41.35,41.35,41.35,0,25.63165,26250,3954.5,3950.0
2025-07-28 15:11:00,41.35,41.35,41.35,41.35,0,25.63165,26250,3951.4,3950.0
2025-07-28 15:12:00,41.35,41.35,41.35,41.35,0,25.63165,26250,3953.2,3950.0
2025-07-28 15:13:00,41.0,41.0,40.0,40.0,450,25.288461,26400,3954.1,3950.0
2025-07-28 15:14:00,40.05,40.05,40.05,40.05,150,25.738437,26100,3953.0,3950.0
2025-07-28 15:15:00,40.0,40.0,40.0,40.0,150,27.49239,26100,3948.1,3950.0
2025-07-28 15:16:00,36.85,36.85,36.85,36.85,150,25.965671,26100,3946.2,3950.0
2025-07-28 15:17:00,36.85,37.0,36.85,37.0,150,24.969963,25950,3949.3,3950.0
2025-07-28 15:18:00,39.0,39.0,37.6,37.6,300,26.320795,25950,3946.7,3950.0
2025-07-28 15:19:00,37.6,37.6,37.6,37.6,0,26.320795,25950,3947.7,3950.0
2025-07-28 15:20:00,37.6,37.6,37.6,37.6,0,26.320795,25950,3947.6,3950.0
2025-07-28 15:21:00,36.0,36.0,36.0,36.0,150,24.02894,25650,3950.0,3950.0
2025-07-28 15:22:00,36.0,38.0,36.0,38.0,300,25.649594,25650,3949.4,3950.0
2025-07-28 15:23:00,36.65,39.75,36.65,39.75,3750,27.237582,25950,3948.4,3950.0
2025-07-28 15:24:00,41.8,43.65,39.95,43.45,17700,29.327239,25950,3949.8,3950.0
2025-07-28 15:25:00,43.3,43.6,39.3,39.5,3300,26.745746,36300,3949.3,3950.0
2025-07-28 15:26:00,39.5,39.7,39.4,39.55,900,26.78412,36300,3949.3,3950.0
2025-07-28 15:27:00,39.15,39.15,39.15,39.15,1050,26.723414,36300,3948.7,3950.0
2025-07-28 15:28:00,39.2,39.2,39.2,39.2,300,27.012557,36300,3948.0,3950.0
2025-07-28 15:29:00,38.35,38.35,38.35,38.35,600,26.420551,36750,3948.0,3950.0
2025-07-29 09:15:00,24.0,29.85,24.0,29.85,300,28.3242,111600,3985.6,4000.0
2025-07-29 09:16:00,31.4,33.95,31.4,33.95,10200,34.640867,111150,3977.2,4000.0
2025-07-29 09:17:00,32.45,32.45,32.45,32.45,4350,30.095961,111150,3986.5,4000.0
2025-07-29 09:18:00,31.85,35.0,31.85,33.05,13200,30.730451,105600,3986.1,4000.0
2025-07-29 09:19:00,32.45,34.9,32.45,33.25,2850,29.327906,105600,3990.3,4000.0
2025-07-29 09:20:00,33.25,33.65,30.85,32.9,4800,29.69235,105600,3988.6,4000.0
2025-07-29 09:21:00,32.9,33.0,30.05,33.0,3900,30.298905,105600,3987.2,4000.0
2025-07-29 09:22:00,35.0,35.7,35.0,35.7,1350,32.360347,105000,3987.5,4000.0
2025-07-29 09:23:00,33.6,38.95,33.6,34.35,7800,30.832625,105000,3988.7,4000.0
2025-07-29 09:24:00,34.4,34.95,33.0,33.05,2400,32.394861,105000,3981.6,4000.0
2025-07-29 09:25:00,32.5,32.5,32.5,32.5,600,31.667884,101850,3982.4,4000.0
2025-07-29 09:26:00,32.7,32.7,32.05,32.05,1350,30.876554,101850,3983.6,4000.0
2025-07-29 09:27:00,31.7,31.7,31.7,31.7,300,30.779094,101850,3983.1,4000.0
2025-07-29 09:28:00,31.7,32.8,31.7,32.8,1200,31.854078,101550,3982.6,4000.0
2025-07-29 09:29:00,32.3,38.25,32.3,38.25,3750,33.459821,101550,3990.1,4000.0
2025-07-29 09:30:00,38.25,38.45,36.15,37.2,900,32.5855,101850,3990.2,4000.0
2025-07-29 09:31:00,37.2,39.05,36.65,37.35,6300,32.289266,101850,3991.3,4000.0
2025-07-29 09:32:00,37.35,39.65,36.95,36.95,2550,31.742799,101850,3991.9,4000.0
2025-07-29 09:33:00,37.35,37.35,37.0,37.0,1350,34.209718,101850,3985.5,4000.0
2025-07-29 09:34:00,36.0,36.0,31.9,33.25,12600,32.75316,98400,3981.2,4000.0
2025-07-29 09:35:00,33.25,33.25,30.8,31.05,1950,33.071411,98400,3975.2,4000.0
2025-07-29 09:36:00,31.05,31.05,31.05,31.05,0,33.071411,98400,3973.0,3950.0
2025-07-29 09:37:00,62.0,62.0,52.5,52.5,150,33.359585,38550,3968.3,3950.0
2025-07-29 09:38:00,53.75,53.75,53.75,53.75,150,33.621365,38550,3969.9,3950.0
2025-07-29 09:39:00,53.75,53.75,53.75,53.75,0,33.621365,38550,3969.0,3950.0
2025-07-29 09:40:00,53.75,53.75,53.75,53.75,0,33.621365,38550,3969.0,3950.0
2025-07-29 09:41:00,53.75,53.75,53.75,53.75,0,33.621365,38550,3966.0,3950.0
2025-07-29 09:42:00,51.1,51.1,47.9,47.9,1950,32.114553,37350,3963.0,3950.0
2025-07-29 09:43:00,49.6,49.6,49.55,49.55,300,32.86619,37350,3964.3,3950.0
2025-07-29 09:44:00,49.55,50.65,49.55,50.65,600,32.736808,37350,3966.5,3950.0
2025-07-29 09:45:00,50.65,51.0,50.35,50.35,300,30.792671,37350,3970.0,3950.0
2025-07-29 09:46:00,50.35,50.35,50.35,50.35,0,30.792671,37350,3967.5,3950.0
2025-07-29 09:47:00,50.35,50.35,48.1,50.0,750,33.536396,36300,3963.7,3950.0
2025-07-29 09:48:00,50.0,50.0,50.0,50.0,0,33.536396,36300,3964.7,3950.0
2025-07-29 09:49:00,50.0,50.0,50.0,50.0,0,33.536396,36300,3962.7,3950.0
2025-07-29 09:50:00,50.0,50.0,50.0,50.0,0,33.536396,36300,3962.9,3950.0
2025-07-29 09:51:00,50.0,50.0,50.0,50.0,0,33.536396,36300,3965.0,3950.0
2025-07-29 09:52:00,50.0,51.7,50.0,51.7,900,34.117644,36000,3965.5,3950.0
2025-07-29 09:53:00,51.0,51.0,51.0,51.0,150,33.595158,36000,3965.4,3950.0
2025-07-29 09:54:00,50.75,51.0,50.75,51.0,600,32.936406,36000,3966.8,3950.0
2025-07-29 09:55:00,51.0,51.45,51.0,51.45,900,33.550828,35400,3966.3,3950.0
2025-07-29 09:56:00,51.45,51.45,51.45,51.45,0,33.550828,35400,3966.5,3950.0
2025-07-29 09:57:00,50.05,50.05,49.75,49.75,750,32.777999,35400,3965.0,3950.0
2025-07-29 09:58:00,49.75,49.75,49.75,49.75,0,32.777999,35400,3966.3,3950.0
2025-07-29 09:59:00,49.75,49.75,49.75,49.75,0,32.777999,35400,3962.5,3950.0
2025-07-29 10:00:00,49.75,50.0,48.0,50.0,450,32.763817,35100,3965.5,3950.0
2025-07-29 10:01:00,50.0,50.0,50.0,50.0,0,32.763817,35100,3967.0,3950.0
2025-07-29 10:02:00,50.0,51.3,50.0,51.3,600,32.795622,35100,3967.7,3950.0
2025-07-29 10:03:00,51.3,51.3,51.3,51.3,0,32.795622,35100,3965.0,3950.0
2025-07-29 10:04:00,51.3,51.3,51.3,51.3,0,32.795622,35100,3962.0,3950.0
2025-07-29 10:05:00,51.3,51.3,51.3,51.3,0,32.795622,35100,3959.0,3950.0
2025-07-29 10:06:00,51.3,51.3,45.05,45.05,150,33.204311,34950,3955.7,3950.0
2025-07-29 10:07:00,45.05,45.05,42.3,42.8,1650,30.309846,34950,3958.1,3950.0
2025-07-29 10:08:00,42.8,44.85,42.8,44.85,300,31.360206,34950,3959.5,3950.0
2025-07-29 10:09:00,44.85,44.85,44.85,44.85,0,31.360206,34950,3953.1,3950.0
2025-07-29 10:10:00,42.25,42.25,42.25,42.25,300,30.633573,34650,3956.4,3950.0
2025-07-29 10:11:00,42.85,42.85,42.85,42.85,150,31.305093,34650,3956.0,3950.0
2025-07-29 10:12:00,42.85,44.95,42.85,43.5,300,31.796871,34650,3956.1,3950.0
2025-07-29 10:13:00,43.5,43.5,43.5,43.5,0,31.796871,34650,3956.5,3950.0
2025-07-29 10:14:00,43.5,46.8,43.5,45.6,600,34.002696,34350,3955.0,3950.0
2025-07-29 10:15:00,45.6,45.6,43.0,43.0,450,31.799624,34350,3955.2,3950.0
2025-07-29 10:16:00,43.0,43.0,43.0,43.0,0,31.799624,34350,3952.0,3950.0
2025-07-29 10:17:00,43.0,43.0,43.0,43.0,0,31.799624,34350,3954.7,3950.0
2025-07-29 10:18:00,43.0,44.65,43.0,44.65,300,33.118978,34200,3955.3,3950.0
2025-07-29 10:19:00,43.95,43.95,43.95,43.95,150,32.901614,34050,3954.5,3950.0
2025-07-29 10:20:00,43.95,43.95,43.95,43.95,0,32.901614,34050,3955.0,3950.0
2025-07-29 10:21:00,43.95,43.95,43.0,43.0,300,32.483728,34050,3953.7,3950.0
2025-07-29 10:22:00,43.0,43.0,43.0,43.0,0,32.483728,34050,3954.1,3950.0
2025-07-29 10:23:00,43.0,43.0,43.0,43.0,0,32.483728,34050,3955.0,3950.0
2025-07-29 10:24:00,43.0,43.0,43.0,43.0,0,32.483728,34050,3956.7,3950.0
2025-07-29 10:25:00,43.0,43.0,43.0,43.0,0,32.483728,34050,3958.7,3950.0
2025-07-29 10:26:00,43.0,43.0,43.0,43.0,0,32.483728,34050,3959.1,3950.0
2025-07-29 10:27:00,43.0,43.0,43.0,43.0,0,32.483728,34050,3959.6,3950.0
2025-07-29 10:28:00,43.0,43.0,43.0,43.0,0,32.483728,34050,3957.0,3950.0
2025-07-29 10:29:00,43.0,43.0,43.0,43.0,0,32.483728,34050,3956.9,3950.0
2025-07-29 10:30:00,43.0,43.0,43.0,43.0,0,32.483728,34050,3956.0,3950.0
2025-07-29 10:31:00,43.0,43.0,43.0,43.0,0,32.483728,34050,3960.7,3950.0
2025-07-29 10:32:00,43.0,43.0,43.0,43.0,0,32.483728,34050,3958.5,3950.0
2025-07-29 10:33:00,43.0,45.85,43.0,45.85,1950,31.903012,33750,3960.4,3950.0
2025-07-29 10:34:00,45.85,45.85,45.85,45.85,0,31.903012,33750,3957.0,3950.0
2025-07-29 10:35:00,45.85,45.85,45.85,45.85,0,31.903012,33750,3957.0,3950.0
2025-07-29 10:36:00,45.85,45.85,42.4,42.4,300,33.188562,34050,3951.1,3950.0
2025-07-29 10:37:00,42.4,42.4,42.4,42.4,0,33.188562,34050,3947.0,3950.0
2025-07-29 10:38:00,42.4,42.4,39.3,39.3,300,32.949464,34050,3945.6,3950.0
2025-07-29 10:39:00,39.3,39.3,38.85,38.85,150,32.546222,34050,3945.7,3950.0
2025-07-29 10:40:00,38.85,38.85,38.85,38.85,0,32.546222,34050,3946.0,3950.0
2025-07-29 10:41:00,38.85,39.55,38.85,39.55,9600,33.007538,34050,3946.0,3950.0
2025-07-29 10:42:00,39.55,39.55,38.0,38.0,300,32.554127,34050,3944.0,3950.0
2025-07-29 10:43:00,38.0,38.0,37.85,37.85,600,33.155186,38700,3942.2,3950.0
2025-07-29 10:44:00,37.85,37.85,37.85,37.85,0,33.155186,38700,3942.2,3950.0
2025-07-29 10:45:00,37.85,37.85,36.25,36.25,2400,32.327187,38700,3941.0,3950.0
2025-07-29 10:46:00,36.25,36.25,36.25,36.25,0,32.327187,38700,3937.6,3950.0
2025-07-29 10:47:00,36.25,36.6,35.85,35.85,450,35.069916,36600,3933.0,3950.0
2025-07-29 10:48:00,35.85,35.85,35.85,35.85,150,34.738735,36600,3933.9,3950.0
2025-07-29 10:49:00,35.85,35.85,35.85,35.85,0,34.738735,36600,3932.3,3950.0
2025-07-29 10:50:00,35.85,35.85,35.85,35.85,0,34.738735,36600,3935.0,3950.0
2025-07-29 10:51:00,35.85,35.85,35.85,35.85,0,34.738735,36600,3931.7,3950.0
2025-07-29 10:52:00,35.85,35.85,35.85,35.85,0,34.738735,36600,3940.1,3950.0
2025-07-29 10:53:00,38.6,38.6,37.85,37.85,1350,35.433535,36600,3936.5,3950.0
2025-07-29 10:54:00,38.4,38.4,38.4,38.4,600,35.043583,36600,3938.7,3950.0
2025-07-29 10:55:00,38.4,38.4,38.4,38.4,0,35.043583,36600,3938.0,3950.0
2025-07-29 10:56:00,38.4,38.4,36.8,36.8,300,35.722048,36450,3933.5,3950.0
2025-07-29 10:57:00,36.8,36.8,35.55,35.55,1650,34.31651,36450,3934.5,3950.0
2025-07-29 10:58:00,35.55,36.0,35.55,35.9,450,35.175535,37050,3933.0,3950.0
2025-07-29 10:59:00,35.9,35.9,35.9,35.9,0,35.175535,37050,3933.2,3950.0
2025-07-29 11:00:00,37.0,37.0,36.9,36.9,300,35.979026,37050,3933.1,3950.0
2025-07-29 11:01:00,36.1,36.1,36.1,36.1,450,35.359026,37050,3933.0,3950.0
2025-07-29 11:02:00,36.1,36.25,36.1,36.25,150,34.241142,36750,3936.3,3950.0
2025-07-29 11:03:00,36.25,36.25,36.25,36.25,0,34.241142,36750,3934.7,3950.0
2025-07-29 11:04:00,36.25,36.25,36.25,36.25,0,34.241142,36750,3934.0,3950.0
2025-07-29 11:05:00,38.05,38.05,38.05,38.05,4500,37.000605,36750,3933.0,3950.0
2025-07-29 11:06:00,37.0,37.0,37.0,37.0,450,36.323126,36750,3932.5,3950.0
2025-07-29 11:07:00,37.0,37.0,37.0,37.0,0,36.323126,36750,3935.6,3950.0
2025-07-29 11:08:00,37.65,37.65,37.65,37.65,150,35.318463,39600,3936.6,3950.0
2025-07-29 11:09:00,37.65,37.65,37.65,37.65,0,35.318463,39600,3936.9,3950.0
2025-07-29 11:10:00,37.65,37.65,37.65,37.65,0,35.318463,39600,3937.7,3950.0
2025-07-29 11:11:00,37.65,37.65,37.65,37.65,0,35.318463,39600,3937.0,3950.0
2025-07-29 11:12:00,37.65,37.65,37.65,37.65,0,35.318463,39600,3937.2,3950.0
2025-07-29 11:13:00,37.65,37.65,37.65,37.65,0,35.318463,39600,3938.6,3950.0
2025-07-29 11:14:00,38.5,40.0,38.5,40.0,1500,35.536918,39600,3941.1,3950.0
2025-07-29 11:15:00,40.0,40.0,40.0,40.0,0,35.536918,39600,3944.1,3950.0
2025-07-29 11:16:00,40.55,42.0,40.55,42.0,750,35.504219,39150,3945.3,3950.0
2025-07-29 11:17:00,41.8,41.8,41.7,41.7,1050,33.309464,39150,3950.0,3950.0
2025-07-29 11:18:00,43.75,43.75,43.75,43.75,1500,34.959107,39150,3950.1,3950.0
2025-07-29 11:19:00,43.75,43.75,43.5,43.5,600,36.715982,39300,3945.4,3950.0
2025-07-29 11:20:00,41.45,41.45,41.45,41.45,300,34.41737,39300,3946.9,3950.0
2025-07-29 11:21:00,41.5,41.5,41.5,41.5,150,35.244907,39300,3945.0,3950.0
2025-07-29 11:22:00,41.5,41.5,41.05,41.05,1650,35.610254,39450,3943.2,3950.0
2025-07-29 11:23:00,41.05,41.05,41.05,41.05,0,35.610254,39450,3943.4,3950.0
2025-07-29 11:24:00,41.05,41.05,41.05,41.05,0,35.610254,39450,3945.0,3950.0
2025-07-29 11:25:00,40.95,40.95,40.95,40.95,150,35.181687,39450,3944.1,3950.0
2025-07-29 11:26:00,40.95,40.95,40.95,40.95,0,35.181687,39450,3943.5,3950.0
2025-07-29 11:27:00,40.95,40.95,40.95,40.95,0,35.181687,39450,3944.8,3950.0
2025-07-29 11:28:00,40.95,40.95,40.95,40.95,0,35.181687,39450,3943.2,3950.0
2025-07-29 11:29:00,40.95,40.95,40.95,40.95,0,35.181687,39450,3944.0,3950.0
2025-07-29 11:30:00,40.95,40.95,40.95,40.95,0,35.181687,39450,3945.0,3950.0
2025-07-29 11:31:00,40.95,40.95,40.95,40.95,0,35.181687,39450,3941.2,3950.0
2025-07-29 11:32:00,40.95,40.95,40.95,40.95,0,35.181687,39450,3942.1,3950.0
2025-07-29 11:33:00,40.95,40.95,40.95,40.95,0,35.181687,39450,3944.1,3950.0
2025-07-29 11:34:00,40.95,40.95,40.95,40.95,0,35.181687,39450,3944.5,3950.0
2025-07-29 11:35:00,39.8,39.8,39.8,39.8,300,34.655763,39900,3943.2,3950.0
2025-07-29 11:36:00,39.8,39.8,39.8,39.8,0,34.655763,39900,3943.0,3950.0
2025-07-29 11:37:00,39.8,39.8,39.8,39.8,0,34.655763,39900,3943.7,3950.0
2025-07-29 11:38:00,39.8,39.8,39.8,39.8,0,34.655763,39900,3944.1,3950.0
2025-07-29 11:39:00,40.85,40.85,39.0,39.0,2100,33.123614,39900,3945.4,3950.0
2025-07-29 11:40:00,39.65,39.65,39.65,39.65,150,33.993153,39900,3944.6,3950.0
2025-07-29 11:41:00,37.9,37.9,37.9,37.9,150,33.721239,41250,3941.7,3950.0
2025-07-29 11:42:00,37.9,38.3,37.9,38.3,150,34.058082,41250,3941.7,3950.0
2025-07-29 11:43:00,38.3,38.5,38.25,38.25,450,34.062366,41400,3941.6,3950.0
2025-07-29 11:44:00,38.25,38.25,38.25,38.25,0,34.062366,41400,3941.2,3950.0
2025-07-29 11:45:00,38.25,38.25,38.25,38.25,0,34.062366,41400,3942.2,3950.0
2025-07-29 11:46:00,38.25,38.25,38.25,38.25,0,34.062366,41400,3944.6,3950.0
2025-07-29 11:47:00,38.25,38.25,38.25,38.25,0,34.062366,41400,3941.5,3950.0
2025-07-29 11:48:00,38.25,38.25,38.25,38.25,0,34.062366,41400,3942.4,3950.0
2025-07-29 11:49:00,38.25,38.25,38.25,38.25,0,34.062366,41400,3942.9,3950.0
2025-07-29 11:50:00,37.85,37.85,37.85,37.85,150,33.088773,41250,3943.3,3950.0
2025-07-29 11:51:00,37.4,37.4,37.4,37.4,150,32.600456,41250,3943.6,3950.0
2025-07-29 11:52:00,37.4,39.35,37.4,39.35,150,32.450447,41400,3947.9,3950.0
2025-07-29 11:53:00,39.35,39.7,39.35,39.7,150,33.079315,41400,3947.1,3950.0
2025-07-29 11:54:00,39.35,39.35,39.35,39.35,150,32.96149,41400,3946.7,3950.0
2025-07-29 11:55:00,39.35,39.35,39.35,39.35,150,33.626863,41400,3945.1,3950.0
2025-07-29 11:56:00,39.35,39.35,38.0,38.0,150,33.125544,41400,3943.6,3950.0
2025-07-29 11:57:00,38.0,38.75,38.0,38.75,150,33.63108,41400,3943.9,3950.0
2025-07-29 11:58:00,38.75,38.75,38.75,38.75,0,33.63108,41400,3945.0,3950.0
2025-07-29 11:59:00,38.75,38.75,38.75,38.75,0,33.63108,41400,3946.0,3950.0
2025-07-29 12:00:00,38.75,38.75,38.75,38.75,0,33.63108,41400,3944.1,3950.0
2025-07-29 12:01:00,39.6,42.15,39.6,42.15,600,33.073803,41250,3952.0,3950.0
2025-07-29 12:02:00,42.15,43.95,42.15,43.95,750,33.567507,41250,3954.3,3950.0
2025-07-29 12:03:00,43.95,43.95,43.95,43.95,0,33.567507,41250,3952.6,3950.0
2025-07-29 12:04:00,43.95,43.95,43.95,43.95,0,33.567507,41250,3953.1,3950.0
2025-07-29 12:05:00,43.95,43.95,43.95,43.95,0,33.567507,41250,3952.7,3950.0
2025-07-29 12:06:00,43.95,43.95,43.8,43.8,300,33.992478,40950,3953.1,3950.0
2025-07-29 12:07:00,43.8,43.8,43.8,43.8,0,33.992478,40950,3951.5,3950.0
2025-07-29 12:08:00,43.8,44.0,42.05,44.0,600,34.474865,40950,3952.4,3950.0
2025-07-29 12:09:00,44.0,44.0,44.0,44.0,0,34.474865,40950,3953.5,3950.0
2025-07-29 12:10:00,44.0,44.0,44.0,44.0,0,34.474865,40950,3952.8,3950.0
2025-07-29 12:11:00,44.0,44.0,44.0,44.0,0,34.474865,40950,3953.2,3950.0
2025-07-29 12:12:00,44.95,44.95,44.95,44.95,300,33.790753,41100,3955.8,3950.0
2025-07-29 12:13:00,45.1,45.1,45.1,45.1,450,32.05715,41100,3959.9,3950.0
2025-07-29 12:14:00,45.1,45.1,45.1,45.1,0,32.05715,41100,3958.7,3950.0
2025-07-29 12:15:00,45.1,45.1,45.1,45.1,0,32.05715,41100,3958.1,3950.0
2025-07-29 12:16:00,45.1,45.1,45.1,45.1,0,32.05715,41100,3958.3,3950.0
2025-07-29 12:17:00,45.1,45.1,45.1,45.1,0,32.05715,41100,3959.1,3950.0
2025-07-29 12:18:00,45.1,45.1,45.1,45.1,0,32.05715,41100,3958.0,3950.0
2025-07-29 12:19:00,45.1,45.1,45.1,45.1,0,32.05715,41100,3957.1,3950.0
2025-07-29 12:20:00,45.1,45.1,45.1,45.1,0,32.05715,41100,3957.1,3950.0
2025-07-29 12:21:00,45.1,45.1,45.1,45.1,0,32.05715,41100,3958.9,3950.0
2025-07-29 12:22:00,45.1,45.1,45.1,45.1,0,32.05715,41100,3957.4,3950.0
2025-07-29 12:23:00,45.1,45.75,45.1,45.75,300,33.025894,40950,3959.1,3950.0
2025-07-29 12:24:00,45.75,45.75,45.75,45.75,0,33.025894,40950,3957.0,3950.0
2025-07-29 12:25:00,45.75,45.75,45.75,45.75,0,33.025894,40950,3952.4,3950.0
2025-07-29 12:26:00,45.75,45.75,45.75,45.75,0,33.025894,40950,3956.1,3950.0
2025-07-29 12:27:00,45.75,45.75,45.75,45.75,0,33.025894,40950,3955.3,3950.0
2025-07-29 12:28:00,45.75,45.75,45.75,45.75,0,33.025894,40950,3953.0,3950.0
2025-07-29 12:29:00,45.75,45.75,45.75,45.75,0,33.025894,40950,3955.0,3950.0
2025-07-29 12:30:00,45.75,45.75,45.75,45.75,0,33.025894,40950,3955.7,3950.0
2025-07-29 12:31:00,45.75,45.75,45.75,45.75,0,33.025894,40950,3954.3,3950.0
2025-07-29 12:32:00,45.75,45.75,45.75,45.75,0,33.025894,40950,3953.4,3950.0
2025-07-29 12:33:00,45.75,45.75,45.75,45.75,0,33.025894,40950,3952.0,3950.0
2025-07-29 12:34:00,45.75,45.75,45.75,45.75,0,33.025894,40950,3951.0,3950.0
2025-07-29 12:35:00,40.8,40.8,40.8,40.8,1050,33.006999,40800,3950.0,3950.0
2025-07-29 12:36:00,40.4,40.4,40.4,40.4,150,34.780829,40800,3945.0,3950.0
2025-07-29 12:37:00,40.4,40.4,40.4,40.4,0,34.780829,40800,3945.5,3950.0
2025-07-29 12:38:00,40.4,40.4,40.4,40.4,0,34.780829,40800,3948.1,3950.0
2025-07-29 12:39:00,40.4,40.4,40.4,40.4,0,34.780829,40800,3948.9,3950.0
2025-07-29 12:40:00,40.4,40.4,40.4,40.4,0,34.780829,40800,3948.0,3950.0
2025-07-29 12:41:00,40.4,41.15,40.4,41.15,150,32.642822,40800,3951.6,3950.0
2025-07-29 12:42:00,41.15,41.15,41.15,41.15,0,32.642822,40800,3949.0,3950.0
2025-07-29 12:43:00,41.2,41.2,41.2,41.2,150,33.856082,40800,3948.9,3950.0
2025-07-29 12:44:00,41.2,42.35,41.2,41.9,600,33.502357,40800,3951.1,3950.0
2025-07-29 12:45:00,41.9,42.0,41.9,42.0,300,33.200837,40800,3952.0,3950.0
2025-07-29 12:46:00,42.0,42.0,42.0,42.0,0,33.200837,40800,3954.7,3950.0
2025-07-29 12:47:00,42.0,42.0,42.0,42.0,0,33.200837,40800,3955.8,3950.0
2025-07-29 12:48:00,42.0,42.0,42.0,42.0,0,33.200837,40800,3955.6,3950.0
2025-07-29 12:49:00,42.0,42.0,42.0,42.0,0,33.200837,40800,3953.4,3950.0
2025-07-29 12:50:00,42.0,42.0,42.0,42.0,0,33.200837,40800,3954.5,3950.0
2025-07-29 12:51:00,42.0,42.0,42.0,42.0,0,33.200837,40800,3955.4,3950.0
2025-07-29 12:52:00,42.0,42.0,42.0,42.0,0,33.200837,40800,3954.5,3950.0
2025-07-29 12:53:00,43.35,43.35,43.35,43.35,300,32.330524,40200,3956.6,3950.0
2025-07-29 12:54:00,45.7,45.85,45.7,45.85,600,32.87094,40200,3960.0,3950.0
2025-07-29 12:55:00,45.85,45.85,45.85,45.85,0,32.87094,40200,3956.3,3950.0
2025-07-29 12:56:00,45.85,45.85,45.85,45.85,0,32.87094,40200,3956.8,3950.0
2025-07-29 12:57:00,45.85,45.85,45.85,45.85,0,32.87094,40200,3956.3,3950.0
2025-07-29 12:58:00,45.85,45.85,45.85,45.85,0,32.87094,40200,3958.1,3950.0
2025-07-29 12:59:00,45.85,45.85,45.85,45.85,0,32.87094,40200,3957.0,3950.0
2025-07-29 13:00:00,45.85,45.85,45.85,45.85,0,32.87094,40200,3958.2,3950.0
2025-07-29 13:01:00,49.35,49.35,49.35,49.35,1350,33.485989,40050,3965.0,3950.0
2025-07-29 13:02:00,49.35,49.35,48.1,48.1,300,32.432368,39750,3965.0,3950.0
2025-07-29 13:03:00,49.4,49.4,49.4,49.4,150,33.442914,39750,3965.2,3950.0
2025-07-29 13:04:00,49.4,49.4,49.4,49.4,0,33.442914,39750,3965.2,3950.0
2025-07-29 13:05:00,49.4,49.4,49.05,49.05,300,33.157871,39900,3965.2,3950.0
2025-07-29 13:06:00,49.05,49.05,49.05,49.05,0,33.157871,39900,3965.2,3950.0
2025-07-29 13:07:00,49.05,49.9,49.05,49.9,150,31.597677,40050,3969.8,3950.0
2025-07-29 13:08:00,51.15,51.15,51.0,51.0,600,32.546366,40050,3969.8,3950.0
2025-07-29 13:09:00,51.0,51.0,51.0,51.0,0,32.546366,40050,3969.1,3950.0
2025-07-29 13:10:00,51.0,51.0,50.4,50.4,150,32.551195,39450,3968.8,3950.0
2025-07-29 13:11:00,50.4,50.4,49.75,49.75,150,32.152433,39450,3968.5,3950.0
2025-07-29 13:12:00,49.75,49.75,49.75,49.75,0,32.152433,39450,3965.4,3950.0
2025-07-29 13:13:00,49.75,49.75,49.75,49.75,0,32.152433,39450,3965.6,3950.0
2025-07-29 13:14:00,49.75,49.75,48.9,48.9,150,32.887385,39750,3965.6,3950.0
2025-07-29 13:15:00,48.9,50.75,48.4,49.0,900,32.633715,39750,3966.3,3950.0
2025-07-29 13:16:00,49.0,49.0,48.8,48.8,150,32.27086,39750,3966.7,3950.0
2025-07-29 13:17:00,48.8,48.8,48.8,48.8,0,32.27086,39750,3967.0,3950.0
2025-07-29 13:18:00,48.8,48.8,48.8,48.8,0,32.27086,39750,3965.0,3950.0
2025-07-29 13:19:00,48.8,48.8,48.6,48.6,150,32.216747,39900,3966.5,3950.0
2025-07-29 13:20:00,48.6,49.3,48.6,49.3,150,32.868894,39900,3966.4,3950.0
2025-07-29 13:21:00,49.3,49.3,49.3,49.3,0,32.868894,39900,3966.7,3950.0
2025-07-29 13:22:00,49.4,49.4,49.4,49.4,150,33.21231,39900,3965.9,3950.0
2025-07-29 13:23:00,49.4,49.4,48.85,48.85,150,32.749651,39900,3965.9,3950.0
2025-07-29 13:24:00,48.85,48.85,48.85,48.85,0,32.749651,39900,3964.6,3950.0
2025-07-29 13:25:00,48.85,48.85,48.85,48.85,0,32.749651,39900,3963.4,3950.0
2025-07-29 13:26:00,48.85,48.85,48.85,48.85,0,32.749651,39900,3964.5,3950.0
2025-07-29 13:27:00,48.85,48.85,48.85,48.85,0,32.749651,39900,3963.0,3950.0
2025-07-29 13:28:00,48.85,48.85,48.85,48.85,0,32.749651,39900,3966.5,3950.0
2025-07-29 13:29:00,48.85,48.85,48.85,48.85,0,32.749651,39900,3965.3,3950.0
2025-07-29 13:30:00,48.85,48.85,48.85,48.85,0,32.749651,39900,3966.4,3950.0
2025-07-29 13:31:00,48.85,48.85,48.85,48.85,0,32.749651,39900,3966.9,3950.0
2025-07-29 13:32:00,48.85,48.85,48.85,48.85,0,32.749651,39900,3966.3,3950.0
2025-07-29 13:33:00,48.85,48.85,48.85,48.85,0,32.749651,39900,3966.9,3950.0
2025-07-29 13:34:00,48.85,48.85,48.85,48.85,0,32.749651,39900,3966.8,3950.0
2025-07-29 13:35:00,48.85,48.85,48.85,48.85,0,32.749651,39900,3967.3,3950.0
2025-07-29 13:36:00,48.85,48.85,48.85,48.85,0,32.749651,39900,3965.0,3950.0
2025-07-29 13:37:00,47.95,47.95,47.95,47.95,150,32.161312,39900,3965.7,3950.0
2025-07-29 13:38:00,47.95,47.95,47.95,47.95,0,32.161312,39900,3965.6,3950.0
2025-07-29 13:39:00,47.95,47.95,47.95,47.95,0,32.161312,39900,3967.5,3950.0
2025-07-29 13:40:00,47.95,47.95,47.95,47.95,0,32.161312,39900,3967.7,3950.0
2025-07-29 13:41:00,47.95,47.95,47.95,47.95,0,32.161312,39900,3967.9,3950.0
2025-07-29 13:42:00,47.95,47.95,47.95,47.95,0,32.161312,39900,3966.5,3950.0
2025-07-29 13:43:00,47.95,50.7,47.95,50.7,150,32.439899,39750,3969.9,3950.0
2025-07-29 13:44:00,50.7,51.5,50.7,51.5,3000,33.186336,39750,3969.8,3950.0
2025-07-29 13:45:00,51.5,52.4,51.5,52.4,450,31.34626,39750,3974.8,3950.0
2025-07-29 13:46:00,28.65,30.35,28.65,30.35,2700,33.32896,98100,3976.8,4000.0
2025-07-29 13:47:00,30.35,31.5,30.35,31.5,150,33.184422,97800,3979.9,4000.0
2025-07-29 13:48:00,31.5,31.5,31.0,31.0,1650,34.075306,97800,3976.3,4000.0
2025-07-29 13:49:00,31.0,31.0,31.0,31.0,300,32.735296,97800,3980.0,4000.0
2025-07-29 13:50:00,31.0,31.0,31.0,31.0,300,33.071032,98400,3979.1,4000.0
2025-07-29 13:51:00,31.0,31.0,30.25,30.25,300,32.51227,98400,3978.9,4000.0
2025-07-29 13:52:00,30.0,30.0,30.0,30.0,150,32.812916,98400,3977.5,4000.0
2025-07-29 13:53:00,30.0,30.0,30.0,30.0,0,32.812916,98400,3978.6,4000.0
2025-07-29 13:54:00,30.0,34.2,30.0,33.05,6150,33.268968,97950,3983.3,4000.0
2025-07-29 13:55:00,33.05,33.45,32.7,33.0,6600,33.533952,98250,3982.5,4000.0
2025-07-29 13:56:00,33.0,33.3,32.15,32.5,750,33.342124,98250,3981.9,4000.0
2025-07-29 13:57:00,32.5,33.5,32.5,33.5,1350,33.930563,98250,3982.6,4000.0
2025-07-29 13:58:00,33.5,33.75,33.5,33.75,300,33.198255,98100,3985.1,4000.0
2025-07-29 13:59:00,34.4,34.4,34.4,34.4,600,34.778294,98100,3982.4,4000.0
2025-07-29 14:00:00,33.05,33.9,33.05,33.9,1650,34.135429,98100,3983.0,4000.0
2025-07-29 14:01:00,34.5,35.0,34.5,35.0,750,34.65156,98550,3984.1,4000.0
2025-07-29 14:02:00,35.0,36.0,35.0,36.0,450,34.146628,98550,3987.6,4000.0
2025-07-29 14:03:00,35.2,35.2,35.2,35.2,150,34.102272,98550,3986.0,4000.0
2025-07-29 14:04:00,35.2,35.2,34.75,34.75,150,33.729605,98550,3986.0,4000.0
2025-07-29 14:05:00,34.75,34.75,34.0,34.0,1950,32.911128,98400,3986.5,4000.0
2025-07-29 14:06:00,34.0,36.5,34.0,36.5,2850,33.244701,98400,3991.0,4000.0
2025-07-29 14:07:00,36.5,36.5,35.4,35.45,1650,34.298197,98400,3986.1,4000.0
2025-07-29 14:08:00,35.45,35.45,33.6,33.6,1500,35.055411,95700,3980.0,4000.0
2025-07-29 14:09:00,33.0,33.5,33.0,33.5,1200,34.341399,95700,3981.7,4000.0
2025-07-29 14:10:00,33.5,33.5,33.5,33.5,0,34.341399,95700,3982.6,4000.0
2025-07-29 14:11:00,34.1,34.1,34.1,34.1,600,34.635925,95700,3982.3,4000.0
2025-07-29 14:12:00,34.1,35.05,34.1,35.05,600,34.416065,95700,3985.0,4000.0
2025-07-29 14:13:00,35.05,35.05,34.6,34.6,450,35.033799,95700,3982.4,4000.0
2025-07-29 14:14:00,34.6,34.6,34.6,34.6,0,35.033799,95700,3984.7,4000.0
2025-07-29 14:15:00,34.6,34.6,34.6,34.6,0,35.033799,95700,3984.1,4000.0
2025-07-29 14:16:00,34.6,36.4,34.6,36.4,1050,34.803056,95250,3987.0,4000.0
2025-07-29 14:17:00,36.4,37.65,36.2,37.65,4500,34.795029,95850,3989.7,4000.0
2025-07-29 14:18:00,37.65,37.7,37.0,37.0,1050,34.175482,95850,3989.9,4000.0
2025-07-29 14:19:00,37.0,37.65,37.0,37.35,750,33.954853,94500,3991.2,4000.0
2025-07-29 14:20:00,37.35,37.35,37.35,37.35,0,33.954853,94500,3990.0,4000.0
2025-07-29 14:21:00,37.35,39.55,37.35,39.55,600,35.082895,94500,3993.0,4000.0
2025-07-29 14:22:00,38.95,38.95,37.65,37.65,1050,34.666295,94500,3990.1,4000.0
2025-07-29 14:23:00,38.0,39.0,38.0,39.0,1050,36.047065,93900,3989.5,4000.0
2025-07-29 14:24:00,38.8,40.0,36.3,37.05,3450,34.453273,93900,3989.4,4000.0
2025-07-29 14:25:00,37.05,37.05,36.8,36.8,900,35.156949,91200,3987.1,4000.0
2025-07-29 14:26:00,36.8,37.85,36.8,37.0,1650,35.096149,91200,3987.7,4000.0
2025-07-29 14:27:00,37.0,38.0,37.0,38.0,300,35.747727,91200,3988.2,4000.0
2025-07-29 14:28:00,38.2,38.25,38.2,38.25,900,35.448027,91800,3989.5,4000.0
2025-07-29 14:29:00,38.25,38.25,38.25,38.25,0,35.448027,91800,3990.0,4000.0
2025-07-29 14:30:00,38.25,38.25,38.0,38.25,6150,35.699743,91800,3988.9,4000.0
2025-07-29 14:31:00,38.25,38.35,37.15,37.65,1200,34.481312,93150,3990.7,4000.0
2025-07-29 14:32:00,37.65,37.65,37.65,37.65,0,34.481312,93150,3988.9,4000.0
2025-07-29 14:33:00,37.65,37.65,36.6,36.6,150,34.328223,93150,3988.9,4000.0
2025-07-29 14:34:00,37.0,37.0,37.0,37.0,150,34.51255,93150,3989.3,4000.0
2025-07-29 14:35:00,37.0,37.0,35.7,35.7,1050,34.015773,93000,3987.8,4000.0
2025-07-29 14:36:00,35.9,35.9,35.45,35.45,750,33.850068,93000,3987.7,4000.0
2025-07-29 14:37:00,35.45,35.45,34.4,35.0,450,34.062195,93000,3986.2,4000.0
2025-07-29 14:38:00,35.0,35.0,33.95,34.3,1050,34.094178,93000,3984.6,4000.0
2025-07-29 14:39:00,34.3,34.3,34.05,34.05,150,33.425273,93000,3985.8,4000.0
2025-07-29 14:40:00,34.05,34.95,34.05,34.95,150,33.412468,93300,3987.8,4000.0
2025-07-29 14:41:00,35.6,35.95,35.6,35.95,1350,34.342367,93300,3987.6,4000.0
2025-07-29 14:42:00,35.85,36.0,35.35,36.0,450,34.233166,93300,3988.0,4000.0
2025-07-29 14:43:00,36.0,36.0,35.65,35.65,150,34.649306,93300,3986.2,4000.0
2025-07-29 14:44:00,35.65,35.65,35.65,35.65,0,34.649306,93300,3989.8,4000.0
2025-07-29 14:45:00,35.65,35.95,35.65,35.95,150,33.733836,93900,3989.2,4000.0
2025-07-29 14:46:00,35.95,35.95,35.95,35.95,0,33.733836,93900,3989.4,4000.0
2025-07-29 14:47:00,35.95,36.2,35.95,36.2,300,34.116203,94050,3988.8,4000.0
2025-07-29 14:48:00,36.2,36.2,36.2,36.2,0,34.116203,94050,3989.7,4000.0
2025-07-29 14:49:00,36.2,36.2,36.2,36.2,0,34.116203,94050,3988.8,4000.0
2025-07-29 14:50:00,35.15,35.15,35.15,35.15,150,34.424687,94200,3985.8,4000.0
2025-07-29 14:51:00,35.15,35.85,35.15,35.3,1050,33.696063,94200,3988.0,4000.0
2025-07-29 14:52:00,34.8,34.8,34.8,34.8,900,33.514867,94200,3987.4,4000.0
2025-07-29 14:53:00,34.8,36.0,34.8,36.0,300,34.261346,95250,3988.1,4000.0
2025-07-29 14:54:00,36.0,36.0,36.0,36.0,0,34.261346,95250,3987.6,4000.0
2025-07-29 14:55:00,35.8,35.8,35.8,35.8,300,33.94591,95250,3988.5,4000.0
2025-07-29 14:56:00,36.3,37.0,36.3,37.0,450,34.808739,95400,3988.9,4000.0
2025-07-29 14:57:00,37.0,37.0,37.0,37.0,0,34.808739,95400,3987.8,4000.0
2025-07-29 14:58:00,35.45,35.45,35.45,35.45,750,34.141716,95400,3987.3,4000.0
2025-07-29 14:59:00,36.15,36.2,36.15,36.2,450,33.790843,95700,3989.8,4000.0
2025-07-29 15:00:00,34.75,34.75,34.75,34.75,2550,32.729327,95700,3989.4,4000.0
2025-07-29 15:01:00,36.15,36.15,35.45,35.45,600,34.081424,95700,3987.5,4000.0
2025-07-29 15:02:00,35.45,35.45,35.45,35.45,0,34.081424,95700,3987.3,4000.0
2025-07-29 15:03:00,35.45,37.05,35.45,37.05,300,35.372096,94950,3987.7,4000.0
2025-07-29 15:04:00,36.4,36.4,36.4,36.4,300,33.020656,94950,3992.2,4000.0
2025-07-29 15:05:00,37.05,44.0,37.05,44.0,1950,36.16026,94950,4000.0,4000.0
2025-07-29 15:06:00,44.0,45.0,43.9,45.0,750,35.873301,94950,4002.6,4000.0
2025-07-29 15:07:00,45.25,45.6,44.95,45.35,1350,35.553596,94500,4004.0,4000.0
2025-07-29 15:08:00,45.35,45.75,43.05,43.05,900,34.195718,94500,4002.7,4000.0
2025-07-29 15:09:00,43.05,44.85,43.05,44.85,1050,35.322537,94500,4003.6,4000.0
2025-07-29 15:10:00,44.85,45.05,42.65,42.65,4050,35.785881,94500,3998.3,4000.0
2025-07-29 15:11:00,42.65,42.65,42.65,42.65,0,35.785881,94500,4000.4,4000.0
2025-07-29 15:12:00,42.65,42.65,42.35,42.65,450,34.718142,93600,4000.8,4000.0
2025-07-29 15:13:00,42.0,43.15,42.0,42.05,1650,33.51462,92700,4002.4,4000.0
2025-07-29 15:14:00,42.05,42.45,42.05,42.45,150,34.035409,92700,4002.0,4000.0
2025-07-29 15:15:00,42.4,42.8,42.4,42.8,1050,34.820166,92700,4000.9,4000.0
2025-07-29 15:16:00,42.8,42.8,42.8,42.8,0,34.820166,92700,4000.0,4000.0
2025-07-29 15:17:00,42.8,42.8,42.0,42.0,300,34.592146,92400,3999.9,4000.0
2025-07-29 15:18:00,42.0,42.0,42.0,42.0,0,34.592146,92400,4000.9,4000.0
2025-07-29 15:19:00,42.0,42.0,42.0,42.0,0,34.592146,92400,4002.0,4000.0
2025-07-29 15:20:00,43.1,43.1,43.1,43.1,2550,34.179678,92400,4003.0,4000.0
2025-07-29 15:21:00,43.1,43.65,43.1,43.65,150,34.384015,92400,4003.6,4000.0
2025-07-29 15:22:00,45.35,45.45,44.25,44.25,5550,34.178987,92400,4005.2,4000.0
2025-07-29 15:23:00,44.25,44.25,44.25,44.25,0,34.178987,92400,4004.1,4000.0
2025-07-29 15:24:00,44.25,44.25,44.25,44.25,0,34.178987,92400,4003.7,4000.0
2025-07-29 15:25:00,44.25,44.25,43.5,43.5,750,33.878182,88500,4004.5,4000.0
2025-07-29 15:26:00,44.4,44.4,42.9,42.9,1800,33.60073,88350,4004.0,4000.0
2025-07-29 15:27:00,42.9,46.0,42.9,46.0,4050,35.057798,88350,4006.6,4000.0
2025-07-29 15:28:00,44.1,44.1,43.6,43.6,450,33.665173,85800,4005.2,4000.0
2025-07-29 15:29:00,41.85,41.85,41.85,41.85,1650,32.277141,85800,4005.0,4000.0
2025-07-30 09:16:00,35.9,37.55,34.0,37.55,900,32.747459,84600,4011.4,4000.0
2025-07-30 09:17:00,20.0,20.0,20.0,20.0,1050,31.452865,71400,4026.5,4050.0
2025-07-30 09:18:00,24.0,25.0,24.0,25.0,1950,34.068298,72000,4032.9,4050.0
2025-07-30 09:19:00,23.0,23.0,23.0,23.0,450,29.790907,72000,4037.5,4050.0
2025-07-30 09:20:00,26.6,30.2,25.5,26.5,2550,33.824537,72000,4036.9,4050.0
2025-07-30 09:21:00,27.2,28.85,25.65,28.85,3450,34.393237,72900,4040.9,4050.0
2025-07-30 09:22:00,28.85,33.75,28.85,30.75,10650,35.062398,72900,4043.6,4050.0
2025-07-30 09:23:00,30.75,33.3,26.95,26.95,13800,36.541609,72900,4032.2,4050.0
2025-07-30 09:24:00,26.95,30.4,26.95,28.65,4350,37.727723,78300,4033.6,4050.0
2025-07-30 09:25:00,54.45,54.45,46.2,47.75,3450,38.733526,79650,4019.6,4000.0
2025-07-30 09:26:00,47.0,47.5,44.95,46.0,3600,39.706967,79650,4015.1,4000.0
2025-07-30 09:27:00,46.0,46.0,46.0,46.0,300,37.749566,79650,4018.2,4000.0
2025-07-30 09:28:00,46.0,46.0,44.5,45.3,450,36.667916,78900,4018.7,4000.0
2025-07-30 09:29:00,45.3,45.65,43.15,43.15,450,35.879649,78900,4016.3,4000.0
2025-07-30 09:30:00,43.15,43.15,43.15,43.15,0,35.879649,78900,4017.3,4000.0
2025-07-30 09:31:00,43.15,44.65,42.2,44.65,450,35.985649,79200,4018.7,4000.0
2025-07-30 09:32:00,44.4,44.4,39.5,39.5,3150,34.644957,79200,4012.0,4000.0
2025-07-30 09:33:00,39.5,39.5,37.0,37.95,1650,35.633707,79200,4007.6,4000.0
2025-07-30 09:34:00,37.95,39.2,37.95,39.2,300,34.339544,78900,4012.0,4000.0
2025-07-30 09:35:00,39.2,40.9,38.95,40.9,900,34.186869,78900,4015.2,4000.0
2025-07-30 09:36:00,40.9,40.9,40.0,40.35,600,35.608085,78900,4012.0,4000.0
2025-07-30 09:37:00,40.35,40.35,40.35,40.35,0,35.608085,78900,4012.0,4000.0
2025-07-30 09:38:00,40.35,40.35,40.35,40.35,0,35.608085,78900,4017.6,4000.0
2025-07-30 09:39:00,40.5,41.85,40.5,41.85,750,30.837666,78900,4021.8,4000.0
2025-07-30 09:40:00,42.95,45.1,42.95,43.6,450,35.646229,79200,4017.6,4000.0
2025-07-30 09:41:00,43.6,43.6,43.6,43.6,0,35.646229,79200,4017.7,4000.0
2025-07-30 09:42:00,43.6,43.6,40.0,40.35,450,32.808972,79200,4016.5,4000.0
2025-07-30 09:43:00,38.75,38.75,38.75,38.75,150,31.118726,79200,4016.4,4000.0
2025-07-30 09:44:00,38.75,41.45,38.75,41.45,150,30.573956,79200,4021.6,4000.0
2025-07-30 09:45:00,41.45,42.2,41.45,42.2,150,33.355803,79200,4018.8,4000.0
2025-07-30 09:46:00,42.2,42.2,38.9,38.9,300,31.378508,79350,4016.3,4000.0
2025-07-30 09:47:00,38.9,38.9,36.85,36.85,450,32.900685,79350,4010.4,4000.0
2025-07-30 09:48:00,36.85,36.85,35.0,35.0,150,31.204999,79350,4009.9,4000.0
2025-07-30 09:49:00,35.0,35.8,35.0,35.8,150,32.329137,79350,4009.5,4000.0
2025-07-30 09:50:00,35.8,35.8,35.8,35.8,0,32.329137,79350,4011.5,4000.0
2025-07-30 09:51:00,35.95,39.55,35.95,39.55,900,25.901179,79350,4025.0,4000.0
2025-07-30 09:52:00,39.55,42.0,39.55,42.0,1800,29.003574,79050,4024.7,4000.0
2025-07-30 09:53:00,42.0,42.0,40.25,40.6,450,29.835876,79050,4021.4,4000.0
2025-07-30 09:54:00,40.6,40.6,40.6,40.6,0,29.835876,79050,4021.3,4000.0
2025-07-30 09:55:00,17.95,18.0,17.95,18.0,300,29.77207,76200,4026.0,4050.0
2025-07-30 09:56:00,18.0,21.2,18.0,21.2,450,31.067493,76200,4031.2,4050.0
2025-07-30 09:57:00,21.85,22.8,21.85,22.8,450,32.010529,76200,4033.0,4050.0
2025-07-30 09:58:00,24.35,24.35,24.35,24.35,2400,33.61758,75750,4033.2,4050.0
2025-07-30 09:59:00,24.95,24.95,24.95,24.95,450,36.796494,75750,4027.7,4050.0
2025-07-30 10:00:00,51.0,51.0,40.95,44.7,2100,36.282792,77550,4018.8,4000.0
2025-07-30 10:01:00,20.0,21.8,20.0,21.8,2850,34.038841,78450,4026.1,4050.0
2025-07-30 10:02:00,21.8,21.8,21.8,21.8,0,34.038841,78450,4023.3,4000.0
2025-07-30 10:03:00,46.25,46.25,46.05,46.05,600,34.111356,76500,4024.2,4000.0
2025-07-30 10:04:00,21.25,21.55,21.25,21.4,450,33.491546,79050,4026.4,4050.0
2025-07-30 10:05:00,21.4,21.85,21.3,21.85,600,34.178235,79050,4026.0,4050.0
2025-07-30 10:06:00,45.25,45.25,43.9,43.9,300,31.469374,76650,4024.5,4000.0
2025-07-30 10:07:00,43.9,43.9,42.2,42.2,300,32.40884,76650,4020.5,4000.0
2025-07-30 10:08:00,42.2,42.2,42.2,42.2,0,32.40884,76650,4021.1,4000.0
2025-07-30 10:09:00,42.2,42.2,41.05,41.05,150,30.706026,76650,4021.1,4000.0
2025-07-30 10:10:00,41.05,41.05,37.65,37.65,450,32.307557,76500,4013.1,4000.0
2025-07-30 10:11:00,37.65,37.65,36.95,36.95,150,26.986724,76500,4019.8,4000.0
2025-07-30 10:12:00,36.95,36.95,36.95,36.95,0,26.986724,76500,4019.0,4000.0
2025-07-30 10:13:00,36.95,36.95,36.95,36.95,0,26.986724,76500,4017.9,4000.0
2025-07-30 10:14:00,36.95,36.95,36.95,36.95,0,26.986724,76500,4019.0,4000.0
2025-07-30 10:15:00,36.95,36.95,36.95,36.95,0,26.986724,76500,4018.9,4000.0
2025-07-30 10:16:00,36.95,36.95,36.95,36.95,0,26.986724,76500,4018.0,4000.0
2025-07-30 10:17:00,36.95,36.95,36.95,36.95,0,26.986724,76500,4015.7,4000.0
2025-07-30 10:18:00,36.95,36.95,36.95,36.95,0,26.986724,76500,4016.9,4000.0
2025-07-30 10:19:00,36.95,36.95,36.95,36.95,0,26.986724,76500,4015.6,4000.0
2025-07-30 10:20:00,38.0,38.0,38.0,38.0,150,31.095173,76500,4015.7,4000.0
2025-07-30 10:21:00,38.0,38.0,38.0,38.0,0,31.095173,76500,4015.5,4000.0
2025-07-30 10:22:00,38.0,38.0,38.0,38.0,0,31.095173,76500,4010.4,4000.0
2025-07-30 10:23:00,38.0,38.0,38.0,38.0,0,31.095173,76500,4012.0,4000.0
2025-07-30 10:24:00,38.0,38.0,38.0,38.0,0,31.095173,76500,4012.9,4000.0
2025-07-30 10:25:00,36.25,36.25,36.25,36.25,300,29.721431,76500,4014.9,4000.0
2025-07-30 10:26:00,36.25,36.55,36.25,36.55,150,31.75854,76350,4012.3,4000.0
2025-07-30 10:27:00,35.0,35.0,35.0,35.0,150,29.074541,76350,4013.8,4000.0
2025-07-30 10:28:00,35.0,35.0,35.0,35.0,0,29.074541,76350,4014.9,4000.0
2025-07-30 10:29:00,35.0,35.3,35.0,35.3,300,29.623948,76200,4013.5,4000.0
2025-07-30 10:30:00,35.3,35.3,35.3,35.3,0,29.623948,76200,4013.1,4000.0
2025-07-30 10:31:00,35.3,36.55,35.3,36.55,300,29.574647,76200,4015.7,4000.0
2025-07-30 10:32:00,36.55,36.55,36.55,36.55,0,29.574647,76200,4013.6,4000.0
2025-07-30 10:33:00,36.55,36.55,36.55,36.55,0,29.574647,76200,4013.6,4000.0
2025-07-30 10:34:00,36.55,36.55,36.55,36.55,0,29.574647,76200,4014.2,4000.0
2025-07-30 10:35:00,36.55,36.55,36.55,36.55,0,29.574647,76200,4013.0,4000.0
2025-07-30 10:36:00,34.25,34.25,32.35,32.35,1050,26.521466,76200,4013.3,4000.0
2025-07-30 10:37:00,33.95,34.0,33.95,34.0,300,26.683992,75600,4015.8,4000.0
2025-07-30 10:38:00,34.0,35.0,34.0,34.2,750,28.009542,75600,4014.2,4000.0
2025-07-30 10:39:00,34.2,34.2,32.9,32.9,300,26.961905,75600,4013.6,4000.0
2025-07-30 10:40:00,32.9,32.9,32.9,32.9,0,26.961905,75600,4013.2,4000.0
2025-07-30 10:41:00,32.9,36.6,32.9,36.6,600,29.923928,75750,4015.4,4000.0
2025-07-30 10:42:00,36.6,38.5,36.6,38.5,450,28.883479,75750,4020.0,4000.0
2025-07-30 10:43:00,38.5,39.85,38.5,39.85,150,30.863319,76050,4019.4,4000.0
2025-07-30 10:44:00,39.85,39.85,39.85,39.85,0,30.863319,76050,4019.6,4000.0
2025-07-30 10:45:00,39.85,39.85,35.8,35.8,600,30.979135,76050,4012.5,4000.0
2025-07-30 10:46:00,35.8,37.35,35.8,37.35,300,28.319224,76050,4019.0,4000.0
2025-07-30 10:47:00,37.35,37.35,37.35,37.35,0,28.319224,76050,4018.0,4000.0
2025-07-30 10:48:00,37.35,37.35,36.6,36.6,150,27.978156,76050,4018.3,4000.0
2025-07-30 10:49:00,36.6,36.6,36.6,36.6,0,27.978156,76050,4018.4,4000.0
2025-07-30 10:50:00,36.6,39.9,36.6,39.9,750,31.267688,76050,4019.0,4000.0
2025-07-30 10:51:00,39.9,39.9,39.9,39.9,0,31.267688,76050,4019.9,4000.0
2025-07-30 10:52:00,39.9,41.0,39.9,41.0,600,30.981689,76500,4021.2,4000.0
2025-07-30 10:53:00,41.0,42.15,40.55,41.7,1050,29.731788,76500,4024.0,4000.0
2025-07-30 10:54:00,18.3,18.3,17.8,17.8,750,30.026623,78450,4026.1,4050.0
2025-07-30 10:55:00,19.8,19.8,19.8,19.8,150,31.968668,78450,4026.9,4050.0
2025-07-30 10:56:00,19.8,22.55,19.8,22.55,10350,31.643203,78450,4034.4,4050.0
2025-07-30 10:57:00,23.45,23.45,23.45,23.45,750,32.838199,78450,4034.0,4050.0
2025-07-30 10:58:00,23.65,23.65,22.9,22.9,1500,33.174787,76950,4032.0,4050.0
2025-07-30 10:59:00,22.9,22.9,22.9,22.9,0,33.174787,76950,4027.6,4050.0
2025-07-30 11:00:00,22.9,22.9,21.15,21.15,1950,31.242657,76950,4032.0,4050.0
2025-07-30 11:01:00,21.15,22.0,21.0,21.0,1200,31.542692,77700,4031.0,4050.0
2025-07-30 11:02:00,19.75,20.65,19.75,20.65,3600,31.296258,77700,4030.7,4050.0
2025-07-30 11:03:00,20.65,20.65,20.65,20.65,0,31.296258,77700,4033.9,4050.0
2025-07-30 11:04:00,20.65,21.5,20.65,21.5,900,32.725416,76200,4029.7,4050.0
2025-07-30 11:05:00,21.5,22.55,21.5,22.25,1050,34.214739,76200,4028.3,4050.0
2025-07-30 11:06:00,20.8,21.2,19.55,19.55,750,31.393081,76200,4027.8,4050.0
2025-07-30 11:07:00,44.95,44.95,44.95,44.95,150,33.063451,75450,4024.8,4000.0
2025-07-30 11:08:00,19.65,19.65,19.65,19.65,450,30.991638,76500,4029.0,4050.0
2025-07-30 11:09:00,21.15,21.15,21.15,21.15,300,33.148388,76500,4028.0,4050.0
2025-07-30 11:10:00,21.15,21.15,20.8,20.8,150,33.208522,77250,4027.0,4050.0
2025-07-30 11:11:00,20.8,20.8,20.3,20.3,150,32.605345,77250,4027.1,4050.0
2025-07-30 11:12:00,20.3,21.6,20.3,21.6,900,31.722362,77250,4032.3,4050.0
2025-07-30 11:13:00,21.6,21.6,21.6,21.6,300,30.938008,77250,4034.0,4050.0
2025-07-30 11:14:00,21.6,22.25,21.6,22.25,150,32.095529,76800,4033.1,4050.0
2025-07-30 11:15:00,23.2,23.2,23.0,23.0,450,32.989786,76800,4033.0,4050.0
2025-07-30 11:16:00,23.0,23.0,23.0,23.0,0,32.989786,76800,4035.0,4050.0
2025-07-30 11:17:00,23.0,24.3,23.0,24.3,300,32.537041,76650,4037.0,4050.0
2025-07-30 11:18:00,24.3,25.0,24.3,25.0,1950,31.834171,76650,4040.0,4050.0
2025-07-30 11:19:00,25.15,25.8,25.15,25.8,900,32.370798,77850,4040.7,4050.0
2025-07-30 11:20:00,25.8,26.0,25.8,26.0,150,31.007484,77850,4043.8,4050.0
2025-07-30 11:21:00,26.0,26.9,26.0,26.9,1200,32.626399,77850,4042.6,4050.0
2025-07-30 11:22:00,27.2,27.2,27.2,27.2,300,32.758268,77850,4043.0,4050.0
2025-07-30 11:23:00,27.2,27.2,27.2,27.2,300,32.872129,77850,4042.8,4050.0
2025-07-30 11:24:00,27.5,27.5,27.5,27.5,150,33.159555,77850,4042.9,4050.0
2025-07-30 11:25:00,27.5,27.5,27.1,27.1,1650,32.730776,77700,4042.9,4050.0
2025-07-30 11:26:00,26.45,27.0,26.45,27.0,2400,31.636236,77700,4044.8,4050.0
2025-07-30 11:27:00,27.0,27.25,27.0,27.25,300,32.65542,77700,4043.4,4050.0
2025-07-30 11:28:00,27.35,27.35,27.25,27.25,1350,32.456351,76950,4043.8,4050.0
2025-07-30 11:29:00,27.65,29.25,27.65,29.25,4950,30.286098,76950,4051.8,4050.0
2025-07-30 11:30:00,30.05,30.05,28.9,28.9,4050,33.066123,76950,4046.1,4050.0
2025-07-30 11:31:00,28.9,29.5,26.2,26.2,4350,32.112328,79350,4042.3,4050.0
2025-07-30 11:32:00,26.2,26.2,24.85,25.0,1200,32.772921,79350,4038.4,4050.0
2025-07-30 11:33:00,25.0,25.3,25.0,25.3,150,32.313467,79350,4040.0,4050.0
2025-07-30 11:34:00,25.3,26.85,25.3,26.85,450,33.424382,78900,4041.2,4050.0
2025-07-30 11:35:00,26.85,26.85,24.9,24.9,300,32.891191,78900,4038.0,4050.0
2025-07-30 11:36:00,24.9,24.9,23.2,23.6,1500,31.30979,78900,4038.3,4050.0
2025-07-30 11:37:00,23.6,23.6,21.55,21.55,450,30.013232,78750,4036.3,4050.0
2025-07-30 11:38:00,21.55,22.0,21.1,21.1,450,31.085753,78750,4033.0,4050.0
2025-07-30 11:39:00,21.1,21.1,20.0,20.0,450,29.245603,78750,4034.3,4050.0
2025-07-30 11:40:00,20.0,20.25,20.0,20.25,150,30.563866,78300,4032.1,4050.0
2025-07-30 11:41:00,19.25,19.3,19.25,19.3,1050,30.046038,78300,4030.9,4050.0
2025-07-30 11:42:00,19.3,19.3,19.3,19.3,0,30.046038,78300,4031.5,4050.0
2025-07-30 11:43:00,19.1,19.1,17.25,17.25,450,28.124353,78900,4030.0,4050.0
2025-07-30 11:44:00,17.25,17.25,17.25,17.25,0,28.124353,78900,4027.1,4050.0
2025-07-30 11:45:00,16.9,17.05,16.9,17.05,900,29.278026,78900,4026.9,4050.0
2025-07-30 11:46:00,17.5,17.5,17.15,17.15,450,28.657085,78900,4028.6,4050.0
2025-07-30 11:47:00,17.15,17.15,17.15,17.15,150,28.930575,78900,4028.0,4050.0
2025-07-30 11:48:00,17.15,17.95,17.15,17.95,300,29.644285,78900,4028.5,4050.0
2025-07-30 11:49:00,17.7,17.7,17.7,17.7,300,28.740077,78900,4029.9,4050.0
2025-07-30 11:50:00,17.7,17.7,17.7,17.7,0,28.740077,78900,4032.3,4050.0
2025-07-30 11:51:00,17.7,19.5,17.7,19.5,150,29.351916,79500,4033.1,4050.0
2025-07-30 11:52:00,21.3,21.3,21.3,21.3,1050,26.841398,79500,4042.4,4050.0
2025-07-30 11:53:00,24.95,32.25,24.95,31.1,19050,32.441309,78900,4052.0,4050.0
2025-07-30 11:54:00,31.1,33.0,30.3,33.0,2400,31.041384,78900,4057.9,4050.0
2025-07-30 11:55:00,33.0,46.9,33.0,44.2,19050,36.812414,86250,4068.4,4050.0
2025-07-30 11:56:00,45.1,45.1,39.1,44.8,19350,34.299174,86250,4073.0,4050.0
2025-07-30 11:57:00,18.8,20.95,18.5,18.9,7500,31.760843,192750,4075.5,4100.0
2025-07-30 11:58:00,18.9,25.0,18.9,24.4,10800,32.163929,186900,4088.0,4100.0
2025-07-30 11:59:00,24.75,25.85,22.95,25.85,27750,32.776266,186900,4090.0,4100.0
2025-07-30 12:00:00,25.5,32.75,25.5,31.35,21750,35.692412,186900,4096.0,4100.0
2025-07-30 12:01:00,30.85,42.5,30.85,41.8,32850,39.963095,189750,4108.6,4100.0
2025-07-30 12:02:00,41.2,45.75,35.3,44.85,36150,35.26018,189750,4121.2,4100.0
2025-07-30 12:03:00,22.9,27.1,21.0,25.5,65400,38.194399,75000,4127.0,4150.0
2025-07-30 12:04:00,25.9,36.6,24.35,36.6,71100,41.87171,94050,4144.3,4150.0
2025-07-30 12:05:00,36.0,41.2,34.45,39.1,41700,42.338536,94050,4148.5,4150.0
2025-07-30 12:06:00,39.1,41.85,33.1,41.35,33750,43.961061,94050,4150.0,4150.0
2025-07-30 12:07:00,41.8,48.25,39.15,48.0,33450,43.638374,99150,4163.0,4150.0
2025-07-30 12:08:00,28.1,39.7,27.05,39.7,113400,50.971406,181350,4181.9,4200.0
2025-07-30 12:09:00,37.85,46.7,31.95,45.2,130500,48.126721,181350,4199.0,4200.0
2025-07-30 12:10:00,45.0,48.3,40.2,40.2,84150,42.254817,187350,4200.0,4200.0
2025-07-30 12:11:00,40.1,51.0,40.1,48.75,61800,43.366804,187350,4214.0,4200.0
2025-07-30 12:12:00,47.0,50.4,44.0,46.95,32250,42.045828,187350,4213.0,4200.0
2025-07-30 12:13:00,45.0,48.6,45.0,47.9,29400,44.697467,191850,4210.3,4200.0
2025-07-30 12:14:00,47.9,47.9,39.0,43.5,42450,42.430861,191850,4206.1,4200.0
2025-07-30 12:15:00,44.05,44.05,36.65,36.65,32850,41.509643,191850,4194.4,4200.0
2025-07-30 12:16:00,36.5,38.4,32.35,38.0,32100,42.181672,190950,4195.9,4200.0
2025-07-30 12:17:00,37.75,52.9,37.5,52.9,39450,46.65233,190950,4216.1,4200.0
2025-07-30 12:18:00,50.45,62.3,50.45,55.0,72300,46.763979,190950,4219.6,4200.0
2025-07-30 12:19:00,55.0,56.9,52.0,55.5,25950,47.00676,183000,4220.1,4200.0
2025-07-30 12:20:00,55.15,55.15,42.65,43.3,41400,42.925271,183000,4205.0,4200.0
2025-07-30 12:21:00,43.8,56.25,41.65,56.25,25950,46.704706,183000,4221.9,4200.0
2025-07-30 12:22:00,56.25,56.8,49.2,51.8,21750,43.968524,179100,4218.6,4200.0
2025-07-30 12:23:00,51.8,56.1,49.45,50.85,28200,44.949183,179100,4215.4,4200.0
2025-07-30 12:24:00,50.05,56.3,49.0,52.25,11100,45.492394,179100,4217.0,4200.0
2025-07-30 12:25:00,52.25,54.9,50.85,51.25,8250,45.841354,177300,4214.7,4200.0
2025-07-30 12:26:00,50.65,54.75,50.65,54.2,17550,46.073356,177300,4219.5,4200.0
2025-07-30 12:27:00,55.0,55.4,48.4,48.4,15000,43.452733,177300,4213.6,4200.0
2025-07-30 12:28:00,48.4,54.55,48.4,54.0,8400,45.94781,171750,4219.4,4200.0
2025-07-30 12:29:00,54.0,54.0,48.85,50.75,4800,46.692557,171750,4212.5,4200.0
2025-07-30 12:30:00,50.75,55.95,47.65,53.9,20400,45.740622,171750,4219.6,4200.0
2025-07-30 12:31:00,53.9,53.9,49.15,51.15,13350,42.484962,171450,4220.0,4200.0
2025-07-30 12:32:00,51.15,51.55,45.0,45.0,11400,43.306742,171450,4207.8,4200.0
2025-07-30 12:33:00,44.7,48.4,43.15,44.0,18450,42.88079,171450,4206.7,4200.0
2025-07-30 12:34:00,43.85,46.05,42.4,45.25,7950,42.604633,170850,4209.5,4200.0
2025-07-30 12:35:00,45.25,46.0,39.9,43.0,12300,42.635707,170850,4205.3,4200.0
2025-07-30 12:36:00,43.0,46.35,43.0,44.1,3300,43.606783,170850,4205.7,4200.0
2025-07-30 12:37:00,44.1,47.0,41.25,47.0,6300,44.303028,168750,4209.9,4200.0
2025-07-30 12:38:00,47.0,49.45,45.55,49.0,6750,44.624403,168750,4213.0,4200.0
2025-07-30 12:39:00,49.0,49.0,46.1,48.1,2850,45.106944,168750,4210.6,4200.0
2025-07-30 12:40:00,48.1,50.35,45.1,47.05,9900,43.74338,169800,4211.0,4200.0
2025-07-30 12:41:00,47.05,47.05,44.0,44.0,2700,43.395863,169800,4206.0,4200.0
2025-07-30 12:42:00,44.0,45.5,43.35,44.35,3750,44.647838,169800,4204.5,4200.0
2025-07-30 12:43:00,44.35,47.0,43.05,46.75,2100,45.820154,168000,4207.0,4200.0
2025-07-30 12:44:00,46.75,48.55,45.35,48.55,2100,45.548488,168000,4210.8,4200.0
2025-07-30 12:45:00,48.55,50.55,47.4,48.75,4200,44.696122,168000,4212.6,4200.0
2025-07-30 12:46:00,48.75,48.75,45.65,46.0,3900,43.583535,168900,4209.5,4200.0
2025-07-30 12:47:00,46.0,46.0,40.8,44.0,7050,41.663448,168900,4209.1,4200.0
2025-07-30 12:48:00,45.0,48.0,45.0,47.0,4500,41.971245,168900,4214.0,4200.0
2025-07-30 12:49:00,47.0,47.85,44.6,46.5,4500,42.545009,169050,4212.2,4200.0
2025-07-30 12:50:00,46.5,50.75,45.0,50.75,8850,40.58175,169050,4222.6,4200.0
2025-07-30 12:51:00,50.75,50.9,45.55,46.55,8850,40.327696,169050,4215.9,4200.0
2025-07-30 12:52:00,46.55,52.85,46.55,50.0,11400,41.763549,166800,4219.6,4200.0
2025-07-30 12:53:00,31.85,37.75,31.3,35.6,59100,48.310168,148050,4228.4,4250.0
2025-07-30 12:54:00,35.0,38.7,34.3,38.25,39600,48.012784,148050,4235.0,4250.0
2025-07-30 12:55:00,38.65,40.2,35.5,37.0,39600,46.676886,132450,4235.0,4250.0
2025-07-30 12:56:00,37.0,38.0,35.4,36.0,17850,47.935996,132450,4230.2,4250.0
2025-07-30 12:57:00,36.0,40.35,36.0,38.15,26850,49.177037,132450,4232.5,4250.0
2025-07-30 12:58:00,38.65,41.65,37.7,40.35,31650,48.84472,133800,4238.0,4250.0
2025-07-30 12:59:00,39.85,43.75,38.05,42.15,33750,49.526928,133800,4240.5,4250.0
2025-07-30 13:00:00,42.15,42.15,39.0,40.8,38850,48.804199,133800,4239.1,4250.0
2025-07-30 13:01:00,40.8,42.85,38.5,41.5,24150,49.828831,138750,4238.6,4250.0
2025-07-30 13:02:00,41.5,43.45,40.65,42.5,33150,49.177239,138750,4242.0,4250.0
2025-07-30 13:03:00,42.2,47.95,42.0,43.35,88200,47.040647,138750,4247.8,4250.0
2025-07-30 13:04:00,44.65,48.95,43.9,46.25,54300,49.466699,126900,4249.1,4250.0
2025-07-30 13:05:00,46.05,51.0,44.55,48.95,32550,48.423272,126900,4256.2,4250.0
2025-07-30 13:06:00,50.1,55.6,47.8,53.6,39900,51.947141,126900,4258.8,4250.0
2025-07-30 13:07:00,52.15,58.25,52.05,56.45,28050,50.817679,117450,4265.9,4250.0
2025-07-30 13:08:00,56.5,66.0,51.95,62.0,50100,52.951521,117450,4272.2,4250.0
2025-07-30 13:09:00,63.2,64.4,59.55,59.8,35100,50.755085,117450,4271.9,4250.0
2025-07-30 13:10:00,60.0,63.45,59.75,60.65,16950,51.573882,103500,4272.1,4250.0
2025-07-30 13:11:00,59.4,60.15,53.05,56.3,24300,49.487714,103500,4267.9,4250.0
2025-07-30 13:12:00,56.3,56.85,50.65,53.5,18750,49.458761,103500,4263.0,4250.0
2025-07-30 13:13:00,53.5,53.85,49.7,50.9,13800,48.505154,94050,4259.9,4250.0
2025-07-30 13:14:00,52.5,52.5,41.1,45.05,39150,50.3832,94050,4245.3,4250.0
2025-07-30 13:15:00,45.05,48.7,44.15,46.65,16950,48.028516,94050,4252.8,4250.0
2025-07-30 13:16:00,46.65,55.0,46.55,50.35,22350,51.359657,92700,4254.0,4250.0
2025-07-30 13:17:00,50.35,54.8,49.0,52.55,12300,49.168959,92700,4261.9,4250.0
2025-07-30 13:18:00,52.55,56.6,52.05,54.2,6750,52.09771,92700,4260.0,4250.0
2025-07-30 13:19:00,54.1,54.3,48.55,48.55,4200,48.899196,99150,4255.0,4250.0
2025-07-30 13:20:00,48.0,50.4,45.5,48.2,11550,50.39535,99150,4251.7,4250.0
2025-07-30 13:21:00,48.2,51.8,47.1,50.0,4650,49.524485,99150,4256.7,4250.0
2025-07-30 13:22:00,50.0,50.65,48.85,49.4,3600,49.695113,98100,4255.3,4250.0
2025-07-30 13:23:00,49.4,51.25,48.0,49.2,3150,49.552218,98100,4255.2,4250.0
2025-07-30 13:24:00,49.2,51.65,48.7,51.65,5250,50.606875,98100,4258.0,4250.0
2025-07-30 13:25:00,50.5,50.5,48.4,49.05,3150,48.676244,98400,4256.5,4250.0
2025-07-30 13:26:00,49.05,49.95,48.1,48.95,3600,48.871921,98400,4256.0,4250.0
2025-07-30 13:27:00,51.2,51.75,48.1,50.75,8250,50.434832,98400,4256.7,4250.0
2025-07-30 13:28:00,50.75,51.6,40.0,40.0,12600,46.830555,97500,4242.1,4250.0
2025-07-30 13:29:00,38.5,45.0,38.5,44.45,20850,47.428285,97500,4250.0,4250.0
2025-07-30 13:30:00,44.45,48.65,44.45,45.6,10800,48.301921,97500,4250.7,4250.0
2025-07-30 13:31:00,45.6,54.65,45.2,54.65,18000,47.941962,95250,4268.0,4250.0
2025-07-30 13:32:00,54.65,56.6,52.0,54.35,10050,46.547814,95250,4269.7,4250.0
2025-07-30 13:33:00,35.5,38.25,34.7,37.0,86700,51.448888,255000,4275.1,4300.0
2025-07-30 13:34:00,36.65,42.5,36.65,40.95,94500,53.002354,243000,4280.9,4300.0
2025-07-30 13:35:00,42.65,45.0,39.2,39.95,91500,52.852372,243000,4279.0,4300.0
2025-07-30 13:36:00,39.15,41.85,38.05,39.15,39300,53.192396,243000,4276.5,4300.0
2025-07-30 13:37:00,39.0,41.9,38.85,41.55,46800,53.608779,270150,4281.1,4300.0
2025-07-30 13:38:00,64.35,64.4,58.3,61.3,13050,51.408977,92550,4274.2,4250.0
2025-07-30 13:39:00,39.05,39.9,37.25,39.0,36750,53.365546,270150,4275.9,4300.0
2025-07-30 13:40:00,59.45,61.85,58.55,59.95,2400,50.077297,89100,4274.0,4250.0
2025-07-30 13:41:00,59.95,59.95,53.45,55.35,18150,47.083332,89100,4270.8,4250.0
2025-07-30 13:42:00,55.35,57.4,53.6,56.15,8100,47.40038,89100,4271.7,4250.0
2025-07-30 13:43:00,34.55,41.95,34.0,41.95,57150,52.819412,288450,4283.8,4300.0
2025-07-30 13:44:00,40.55,42.4,37.3,40.7,98550,51.480234,288450,4283.8,4300.0
2025-07-30 13:45:00,40.4,43.75,39.15,42.6,74550,52.711187,288450,4285.5,4300.0
2025-07-30 13:46:00,43.0,43.8,39.6,42.0,49350,52.378363,270900,4284.9,4300.0
2025-07-30 13:47:00,42.0,43.45,41.05,41.8,39600,51.627858,270900,4286.0,4300.0
2025-07-30 13:48:00,41.8,41.8,39.6,39.95,38400,51.226691,270900,4282.8,4300.0
2025-07-30 13:49:00,39.9,43.0,38.95,40.0,49350,50.507038,279000,4284.4,4300.0
2025-07-30 13:50:00,39.9,41.8,39.5,39.8,21900,50.702686,279000,4283.6,4300.0
2025-07-30 13:51:00,39.9,41.3,37.95,39.7,37800,52.131409,279000,4280.5,4300.0
2025-07-30 13:52:00,39.35,39.95,36.2,36.2,23700,49.518996,281400,4278.0,4300.0
2025-07-30 13:53:00,36.2,39.0,34.65,37.8,51300,50.233605,281400,4280.2,4300.0
2025-07-30 13:54:00,37.5,40.85,37.5,39.35,38250,49.185672,281400,4285.8,4300.0
2025-07-30 13:55:00,39.6,40.0,35.85,35.85,26100,48.466661,272850,4279.5,4300.0
2025-07-30 13:56:00,36.1,39.8,34.95,38.85,30900,49.371922,272850,4284.4,4300.0
2025-07-30 13:57:00,38.4,41.25,38.05,40.5,50250,50.486449,272850,4285.8,4300.0
2025-07-30 13:58:00,40.0,48.65,39.55,46.5,137550,52.883297,280350,4293.8,4300.0
2025-07-30 13:59:00,46.55,48.0,44.0,46.0,128400,51.828887,280350,4294.8,4300.0
2025-07-30 14:00:00,46.0,46.5,44.0,45.7,33300,51.787618,280350,4294.3,4300.0
2025-07-30 14:01:00,46.45,47.0,43.45,45.05,36900,50.193937,284100,4296.0,4300.0
2025-07-30 14:02:00,45.55,46.1,44.0,45.25,62550,52.33881,284100,4292.4,4300.0
2025-07-30 14:03:00,45.25,45.25,40.4,42.05,44550,51.771595,284100,4286.8,4300.0
2025-07-30 14:04:00,41.6,43.3,35.35,40.0,77250,51.950612,276900,4282.0,4300.0
2025-07-30 14:05:00,39.55,41.9,39.5,40.15,28200,51.141039,276900,4284.0,4300.0
2025-07-30 14:06:00,40.7,42.75,39.0,39.65,31050,51.700442,276900,4281.8,4300.0
2025-07-30 14:07:00,39.4,39.4,35.2,37.05,46350,51.184698,271350,4277.0,4300.0
2025-07-30 14:08:00,37.05,38.2,36.0,37.2,32700,51.606358,271350,4276.5,4300.0
2025-07-30 14:09:00,37.95,42.95,37.0,42.1,61950,51.318756,271350,4288.0,4300.0
2025-07-30 14:10:00,42.3,43.55,41.15,41.9,39750,49.882067,269250,4290.4,4300.0
2025-07-30 14:11:00,41.65,43.45,41.25,41.4,26700,50.077205,269250,4289.0,4300.0
2025-07-30 14:12:00,42.0,43.95,40.6,41.35,39750,50.552386,269250,4288.0,4300.0
2025-07-30 14:13:00,41.35,43.5,40.25,41.2,24450,51.372321,275550,4286.1,4300.0
2025-07-30 14:14:00,40.5,42.4,37.8,41.55,38400,50.804902,275550,4288.0,4300.0
2025-07-30 14:15:00,41.55,42.0,40.5,41.0,10650,50.527771,275550,4287.4,4300.0
2025-07-30 14:16:00,41.25,41.25,38.7,40.0,18150,51.16633,276150,4284.0,4300.0
2025-07-30 14:17:00,40.0,40.1,38.0,38.05,10050,50.279068,276150,4281.5,4300.0
2025-07-30 14:18:00,38.55,39.7,38.0,38.8,11400,50.032917,276150,4283.7,4300.0
2025-07-30 14:19:00,38.95,38.95,37.6,37.95,14100,50.448305,273150,4281.0,4300.0
2025-07-30 14:20:00,37.95,40.0,36.9,39.55,36450,50.240063,273150,4285.0,4300.0
2025-07-30 14:21:00,39.7,39.7,37.05,37.3,6000,50.107256,273150,4280.3,4300.0
2025-07-30 14:22:00,37.3,39.55,35.8,36.35,21150,50.138908,275850,4278.1,4300.0
2025-07-30 14:23:00,36.55,37.5,36.0,36.55,13800,50.425968,275850,4278.0,4300.0
2025-07-30 14:24:00,36.5,37.05,36.0,36.9,15000,51.312646,275850,4277.0,4300.0
2025-07-30 14:25:00,36.9,37.95,35.8,37.7,19800,50.862057,275700,4279.8,4300.0
2025-07-30 14:26:00,37.7,38.0,35.5,37.0,10050,50.10423,275700,4279.8,4300.0
2025-07-30 14:27:00,36.4,39.55,36.4,39.0,20400,50.70576,275700,4283.1,4300.0
2025-07-30 14:28:00,39.0,40.35,38.5,38.85,12300,51.597966,270900,4281.0,4300.0
2025-07-30 14:29:00,38.85,39.65,38.05,38.6,6000,50.795652,270900,4282.1,4300.0
2025-07-30 14:30:00,38.6,41.6,38.5,40.3,22200,49.86344,270900,4287.7,4300.0
2025-07-30 14:31:00,40.3,41.35,39.5,40.6,18900,50.568418,270300,4287.0,4300.0
2025-07-30 14:32:00,40.3,42.25,39.65,41.65,26700,49.929911,270300,4290.5,4300.0
2025-07-30 14:33:00,41.6,42.0,40.2,41.05,7950,50.584733,270300,4288.0,4300.0
2025-07-30 14:34:00,41.8,45.0,41.7,43.85,39300,49.824873,260700,4295.3,4300.0
2025-07-30 14:35:00,44.7,47.2,44.7,46.0,82950,51.76134,260700,4296.1,4300.0
2025-07-30 14:36:00,46.0,47.0,44.0,46.65,34050,51.341464,260700,4298.2,4300.0
2025-07-30 14:37:00,46.7,48.45,46.1,46.65,50100,50.361538,268800,4300.0,4300.0
2025-07-30 14:38:00,47.0,47.4,46.0,46.0,16950,50.112409,268800,4299.2,4300.0
2025-07-30 14:39:00,46.7,57.0,46.0,56.05,104550,51.16234,268800,4316.2,4300.0
2025-07-30 14:40:00,55.95,59.0,54.2,54.35,59400,52.48763,228750,4311.0,4300.0
2025-07-30 14:41:00,54.35,56.3,53.1,55.0,20400,53.93716,228750,4309.8,4300.0
2025-07-30 14:42:00,55.1,62.15,55.1,60.95,63150,56.875197,228750,4315.8,4300.0
2025-07-30 14:43:00,60.95,63.85,59.75,63.15,47400,56.833005,221850,4319.8,4300.0
2025-07-30 14:44:00,63.15,63.15,57.5,57.75,41400,52.444133,221850,4317.3,4300.0
2025-07-30 14:45:00,57.65,62.55,57.0,61.5,19200,54.212408,221850,4321.1,4300.0
2025-07-30 14:46:00,60.6,62.5,58.55,61.75,11250,55.338548,197550,4319.8,4300.0
2025-07-30 14:47:00,61.75,61.75,58.25,58.25,10950,53.490855,197550,4316.6,4300.0
2025-07-30 14:48:00,58.3,58.4,52.3,55.55,39450,53.714938,197550,4311.4,4300.0
2025-07-30 14:49:00,55.0,55.0,49.7,52.45,27450,54.559395,188400,4304.2,4300.0
2025-07-30 14:50:00,52.45,53.0,46.0,52.7,27900,52.04741,188400,4309.0,4300.0
2025-07-30 14:51:00,52.75,54.5,50.0,50.0,10200,52.533995,188400,4303.1,4300.0
2025-07-30 14:52:00,50.0,52.8,49.25,50.45,5100,52.932739,183600,4303.3,4300.0
2025-07-30 14:53:00,50.45,50.45,47.9,49.95,7650,53.764727,183600,4300.9,4300.0
2025-07-30 14:54:00,49.15,50.8,48.85,50.8,4200,53.868703,183600,4302.4,4300.0
2025-07-30 14:55:00,50.8,53.55,50.8,53.1,10500,55.388772,184950,4304.2,4300.0
2025-07-30 14:56:00,54.2,54.2,48.6,51.3,12750,54.057053,184950,4303.1,4300.0
2025-07-30 14:57:00,51.3,55.3,51.3,53.45,6150,54.419289,184950,4306.6,4300.0
2025-07-30 14:58:00,53.45,53.85,51.45,53.0,7200,53.117658,188400,4308.0,4300.0
2025-07-30 14:59:00,51.65,53.35,50.2,52.5,7650,51.570983,188400,4309.7,4300.0
2025-07-30 15:00:00,52.5,52.5,49.65,50.75,5850,52.835228,188400,4304.3,4300.0
2025-07-30 15:01:00,49.25,49.25,43.75,46.1,33150,50.006676,184200,4300.3,4300.0
2025-07-30 15:02:00,46.0,49.0,46.0,47.2,12300,51.012202,184200,4300.7,4300.0
2025-07-30 15:03:00,47.2,47.2,42.2,44.0,25650,47.780191,184200,4300.2,4300.0
2025-07-30 15:04:00,43.95,44.0,41.0,41.0,29100,47.304077,169050,4295.1,4300.0
2025-07-30 15:05:00,40.5,46.0,40.1,44.4,26400,48.704983,169050,4299.4,4300.0
2025-07-30 15:06:00,44.4,45.3,40.0,41.6,29550,48.163799,169050,4294.8,4300.0
2025-07-30 15:07:00,42.2,43.1,38.85,39.0,35100,48.74853,159150,4288.3,4300.0
2025-07-30 15:08:00,38.85,40.55,38.05,40.3,12300,49.321341,159150,4290.0,4300.0
2025-07-30 15:09:00,40.3,41.0,37.55,40.95,22800,51.41983,159150,4287.4,4300.0
2025-07-30 15:10:00,41.0,41.0,38.0,39.6,11400,50.502611,153900,4286.3,4300.0
2025-07-30 15:11:00,39.05,39.9,38.3,39.0,7350,50.772207,153900,4284.5,4300.0
2025-07-30 15:12:00,39.1,39.25,37.05,37.05,8400,49.115335,153900,4283.5,4300.0
2025-07-30 15:13:00,37.4,38.35,36.0,36.0,12450,50.975637,154500,4277.4,4300.0
2025-07-30 15:14:00,36.55,38.2,35.7,37.9,12300,51.855967,154500,4280.0,4300.0
2025-07-30 15:15:00,37.9,40.5,37.5,38.15,25500,52.35415,154500,4279.6,4300.0
2025-07-30 15:16:00,38.15,39.9,35.8,36.0,12300,51.661762,154200,4276.1,4300.0
2025-07-30 15:17:00,36.0,37.0,35.55,36.6,6900,52.505522,154200,4275.8,4300.0
2025-07-30 15:18:00,62.4,62.4,59.15,60.6,3750,52.266151,64500,4274.4,4250.0
2025-07-30 15:19:00,60.6,60.6,59.65,59.65,1350,50.921843,64500,4274.8,4250.0
2025-07-30 15:20:00,33.0,35.5,31.7,34.0,19500,49.65613,149550,4275.7,4300.0
2025-07-30 15:21:00,60.55,60.55,58.3,58.5,750,51.131429,58350,4272.6,4250.0
2025-07-30 15:22:00,58.5,58.5,57.85,58.0,3600,52.242433,54300,4270.1,4250.0
2025-07-30 15:23:00,58.0,58.0,56.55,57.35,1500,51.65145,54300,4269.9,4250.0
2025-07-30 15:24:00,57.35,58.0,57.0,57.35,3900,51.007608,54300,4270.9,4250.0
2025-07-30 15:25:00,57.35,58.75,54.4,54.4,3750,48.782142,52500,4269.2,4250.0
2025-07-30 15:26:00,54.4,58.85,54.4,56.9,3300,51.126696,52500,4270.0,4250.0
2025-07-30 15:27:00,57.3,58.8,57.3,58.8,1200,53.511558,52500,4269.7,4250.0
2025-07-30 15:28:00,58.8,60.5,58.8,60.0,3150,54.110896,51600,4270.9,4250.0
2025-07-30 15:29:00,60.0,60.0,54.0,57.95,6600,53.038327,51600,4269.0,4250.0
2025-07-31 09:15:00,19.05,54.1,18.85,35.1,29100,58.946542,118650,4314.5,4300.0
2025-07-31 09:16:00,22.6,34.85,22.6,29.0,78300,82.641387,102150,4329.7,4350.0
2025-07-31 09:17:00,46.0,46.0,41.05,45.25,7800,72.504415,118650,4321.5,4300.0
2025-07-31 09:18:00,45.25,45.95,38.6,44.5,14850,74.026779,111300,4319.2,4300.0
2025-07-31 09:19:00,28.0,30.95,27.0,29.05,35850,81.013956,121950,4331.9,4350.0
2025-07-31 09:20:00,51.0,52.55,43.6,43.7,10050,90.941933,111300,4304.2,4300.0
2025-07-31 09:21:00,43.7,47.35,43.7,46.5,4050,90.780086,106950,4309.7,4300.0
2025-07-31 09:22:00,47.0,47.0,43.7,45.0,3150,77.416973,106950,4317.8,4300.0
2025-07-31 09:23:00,49.15,49.2,45.0,45.0,6300,90.688966,106950,4307.2,4300.0
2025-07-31 09:24:00,45.0,45.0,32.55,40.4,13200,85.870494,105000,4302.7,4300.0
2025-07-31 09:25:00,40.0,40.0,36.0,40.0,2550,84.53085,105000,4303.2,4300.0
2025-07-31 09:26:00,40.0,43.95,40.0,41.6,3000,77.791256,105000,4311.9,4300.0
2025-07-31 09:27:00,41.6,41.6,40.0,40.0,600,67.692763,105000,4317.0,4300.0
2025-07-31 09:28:00,40.0,44.9,40.0,40.15,4500,70.52077,105750,4315.2,4300.0
2025-07-31 09:29:00,40.15,42.25,40.15,41.95,1650,70.972591,105750,4318.0,4300.0
2025-07-31 09:30:00,41.95,41.95,39.5,39.5,2100,72.23469,105750,4312.9,4300.0
2025-07-31 09:31:00,39.5,39.75,35.7,35.7,3150,65.937074,103950,4311.2,4300.0
2025-07-31 09:32:00,35.7,36.75,35.7,36.0,1950,67.594934,103950,4310.5,4300.0
2025-07-31 09:33:00,22.5,28.0,21.5,25.5,31950,78.519997,122100,4327.7,4350.0
2025-07-31 09:34:00,47.95,47.95,41.4,41.4,4350,65.867868,100800,4321.1,4300.0
2025-07-31 09:35:00,41.4,41.4,38.55,40.25,2100,68.48884,100800,4317.4,4300.0
2025-07-31 09:36:00,40.25,42.75,39.4,42.75,1500,68.345041,99750,4321.7,4300.0
2025-07-31 09:37:00,42.75,44.15,42.75,44.15,450,68.665163,99750,4323.8,4300.0
2025-07-31 09:38:00,44.15,44.15,37.05,37.05,3900,68.898441,99750,4311.8,4300.0
2025-07-31 09:39:00,37.05,41.0,36.35,41.0,3900,71.568227,99750,4316.7,4300.0
2025-07-31 09:40:00,41.0,43.95,40.85,43.95,3300,72.408965,100050,4321.1,4300.0
2025-07-31 09:41:00,26.05,29.55,25.75,28.0,13200,86.798339,126750,4326.0,4350.0
2025-07-31 09:42:00,48.0,49.45,47.25,48.15,1950,79.459758,100050,4323.2,4300.0
2025-07-31 09:43:00,28.1,31.0,27.35,29.4,13050,90.00477,124200,4326.3,4350.0
2025-07-31 09:44:00,48.85,49.0,45.15,48.4,1650,77.967872,100350,4324.8,4300.0
2025-07-31 09:45:00,29.05,30.9,27.9,30.15,14700,89.980206,127200,4328.4,4350.0
2025-07-31 09:46:00,29.25,32.9,29.05,30.3,29400,90.166591,127200,4328.7,4350.0
2025-07-31 09:47:00,31.45,33.6,30.25,32.85,35700,89.67788,127200,4335.2,4350.0
2025-07-31 09:48:00,33.2,35.0,32.75,34.45,47850,90.570868,125550,4338.0,4350.0
2025-07-31 09:49:00,33.85,35.2,31.05,34.2,26550,95.784688,125550,4332.5,4350.0
2025-07-31 09:50:00,32.55,34.3,28.5,32.0,31500,94.839384,125550,4328.5,4350.0
2025-07-31 09:51:00,32.0,32.45,30.0,31.0,10350,94.706923,129000,4326.4,4350.0
2025-07-31 09:52:00,31.75,32.25,28.95,30.85,28950,93.913182,129000,4327.0,4350.0
2025-07-31 09:53:00,30.85,32.0,29.45,30.3,11400,92.279335,129000,4327.5,4350.0
2025-07-31 09:54:00,30.3,30.55,25.2,25.75,19350,83.92063,129000,4325.2,4350.0
2025-07-31 09:55:00,24.3,30.0,24.3,30.0,17550,93.022756,129000,4326.3,4350.0
2025-07-31 09:56:00,28.6,30.8,28.0,29.1,11250,91.333681,129000,4326.0,4350.0
2025-07-31 09:57:00,29.1,29.5,26.0,28.0,11400,89.064436,129450,4325.8,4350.0
2025-07-31 09:58:00,28.0,28.95,27.0,28.5,5700,89.996458,129450,4326.2,4350.0
2025-07-31 09:59:00,28.5,28.95,26.15,26.25,9900,84.791161,129450,4326.2,4350.0
2025-07-31 10:00:00,48.0,50.15,44.8,44.8,1200,72.931554,94800,4323.6,4300.0
2025-07-31 10:01:00,44.85,47.5,43.8,43.8,2250,75.802526,94050,4320.1,4300.0
2025-07-31 10:02:00,24.5,26.0,23.65,25.05,15750,81.637761,128700,4326.9,4350.0
2025-07-31 10:03:00,46.45,46.45,43.45,44.6,600,73.839778,94050,4322.9,4300.0
2025-07-31 10:04:00,44.6,44.6,41.4,41.4,300,70.505119,94650,4320.0,4300.0
2025-07-31 10:05:00,42.5,42.5,42.5,42.5,1950,68.775114,94650,4323.0,4300.0
2025-07-31 10:06:00,42.25,42.25,41.6,41.6,1500,69.420813,94650,4321.2,4300.0
2025-07-31 10:07:00,41.0,41.25,41.0,41.25,1800,68.975145,94800,4321.0,4300.0
2025-07-31 10:08:00,34.7,34.7,34.7,34.7,7050,66.194486,94800,4312.0,4300.0
2025-07-31 10:09:00,37.7,37.7,35.25,35.25,750,64.842454,94800,4314.0,4300.0
2025-07-31 10:10:00,35.25,35.4,35.25,35.25,450,67.856835,93150,4311.9,4300.0
2025-07-31 10:11:00,35.25,36.8,35.0,36.8,300,71.812396,93150,4311.8,4300.0
2025-07-31 10:12:00,36.8,36.85,36.8,36.85,1500,69.293707,93150,4313.8,4300.0
2025-07-31 10:13:00,38.1,38.1,35.6,35.6,450,68.884938,91950,4312.0,4300.0
2025-07-31 10:14:00,36.0,36.0,36.0,36.0,1050,69.958019,91950,4312.0,4300.0
2025-07-31 10:15:00,36.35,36.35,33.65,33.65,900,65.364515,91950,4311.3,4300.0
2025-07-31 10:16:00,35.5,35.8,35.5,35.8,600,70.248512,90900,4311.6,4300.0
2025-07-31 10:17:00,32.0,32.0,31.5,31.5,3000,65.380551,90900,4307.6,4300.0
2025-07-31 10:18:00,31.5,34.65,31.5,34.65,300,74.619905,90900,4306.4,4300.0
2025-07-31 10:19:00,34.65,34.65,30.0,30.0,900,66.389976,90000,4304.2,4300.0
2025-07-31 10:20:00,30.0,30.0,28.5,28.5,3600,64.283339,90000,4303.1,4300.0
2025-07-31 10:21:00,28.2,29.0,25.9,26.45,6900,63.531486,90000,4299.8,4300.0
2025-07-31 10:22:00,26.0,30.3,26.0,29.1,1800,61.692328,86850,4306.4,4300.0
2025-07-31 10:23:00,29.1,29.1,26.7,26.7,2100,59.235277,86850,4303.9,4300.0
2025-07-31 10:24:00,28.0,28.0,28.0,28.0,300,63.497072,86850,4303.1,4300.0
2025-07-31 10:25:00,29.0,29.0,28.3,28.3,2250,63.43778,86550,4303.8,4300.0
2025-07-31 10:26:00,28.9,28.9,28.9,28.9,300,63.452004,86550,4305.0,4300.0
2025-07-31 10:27:00,27.45,27.45,27.45,27.45,1350,61.324612,86550,4304.0,4300.0
2025-07-31 10:28:00,27.45,27.45,25.0,25.0,900,56.87181,85350,4302.9,4300.0
2025-07-31 10:29:00,25.2,25.95,25.2,25.95,1200,52.788917,85350,4307.8,4300.0
2025-07-31 10:30:00,21.8,26.45,21.8,26.0,7350,51.463683,85350,4308.9,4300.0
2025-07-31 10:31:00,26.0,33.05,26.0,30.0,7050,45.227361,85950,4319.4,4300.0
2025-07-31 10:32:00,30.15,32.45,29.2,31.5,1350,48.239524,85950,4320.0,4300.0
2025-07-31 10:33:00,31.5,31.5,27.95,29.5,1350,48.520586,85950,4316.8,4300.0
2025-07-31 10:34:00,29.5,29.5,26.2,26.2,1200,45.11393,86850,4313.7,4300.0
2025-07-31 10:35:00,29.9,30.55,28.1,28.1,4800,47.352393,86850,4315.4,4300.0
2025-07-31 10:36:00,28.1,30.0,27.0,30.0,1200,54.058719,86850,4314.3,4300.0
2025-07-31 10:37:00,30.0,30.0,28.0,30.0,450,56.286596,87150,4312.9,4300.0
2025-07-31 10:38:00,30.0,30.85,29.0,29.5,1050,59.374508,87150,4310.0,4300.0
2025-07-31 10:39:00,29.5,31.65,29.5,31.65,750,56.227234,87150,4315.8,4300.0
2025-07-31 10:40:00,31.65,32.95,30.75,32.95,450,57.452847,87150,4317.2,4300.0
2025-07-31 10:41:00,32.95,35.25,32.95,35.25,1050,55.716108,87150,4321.9,4300.0
2025-07-31 10:42:00,18.95,22.0,18.1,20.1,36000,75.342597,111750,4326.0,4350.0
2025-07-31 10:43:00,20.1,21.85,20.1,20.8,6900,76.190979,116550,4327.1,4350.0
2025-07-31 10:44:00,39.0,39.0,38.85,38.85,150,61.822829,87300,4324.1,4300.0
2025-07-31 10:45:00,37.05,37.05,37.05,37.05,450,66.235146,87300,4318.7,4300.0
2025-07-31 10:46:00,35.55,36.5,35.55,36.5,1950,55.457405,86100,4324.2,4300.0
2025-07-31 10:47:00,36.5,36.5,36.5,36.5,0,55.457405,86100,4320.0,4300.0
2025-07-31 10:48:00,36.5,36.5,33.2,33.2,600,60.057761,86100,4316.5,4300.0
2025-07-31 10:49:00,30.95,30.95,30.95,30.95,450,51.733452,86250,4318.0,4300.0
2025-07-31 10:50:00,32.35,34.4,32.35,34.4,1500,62.295491,86250,4317.2,4300.0
2025-07-31 10:51:00,34.4,34.4,34.4,34.4,0,62.295491,86250,4318.0,4300.0
2025-07-31 10:52:00,34.4,35.0,34.4,35.0,750,62.967928,86250,4317.9,4300.0
2025-07-31 10:53:00,35.0,35.0,35.0,35.0,0,62.967928,86250,4318.0,4300.0
2025-07-31 10:54:00,35.65,35.65,35.65,35.65,150,64.755217,86250,4318.0,4300.0
2025-07-31 10:55:00,32.3,34.0,32.3,34.0,750,61.151674,85500,4317.6,4300.0
2025-07-31 10:56:00,34.0,35.95,34.0,35.95,300,67.719179,85500,4316.8,4300.0
2025-07-31 10:57:00,35.95,35.95,33.8,33.85,450,62.289071,85500,4316.8,4300.0
2025-07-31 10:58:00,34.0,34.5,34.0,34.5,600,63.644457,84900,4317.1,4300.0
2025-07-31 10:59:00,34.5,35.9,34.5,35.0,1050,66.22113,84900,4316.4,4300.0
2025-07-31 11:00:00,35.0,35.45,35.0,35.45,300,65.600222,84900,4317.6,4300.0
2025-07-31 11:01:00,35.45,35.45,35.0,35.0,150,64.519619,84450,4317.6,4300.0
2025-07-31 11:02:00,35.0,35.0,35.0,35.0,0,64.519619,84450,4318.6,4300.0
2025-07-31 11:03:00,35.0,35.0,35.0,35.0,0,64.519619,84450,4317.6,4300.0
2025-07-31 11:04:00,33.55,35.1,33.15,35.1,600,62.978141,84450,4318.9,4300.0
2025-07-31 11:05:00,35.1,35.1,35.1,35.1,0,62.978141,84450,4319.0,4300.0
2025-07-31 11:06:00,35.1,35.1,26.95,32.85,10950,59.641538,84450,4317.4,4300.0
2025-07-31 11:07:00,32.85,32.85,32.85,32.85,0,59.641538,84450,4317.8,4300.0
2025-07-31 11:08:00,32.85,32.85,32.85,32.85,0,59.641538,84450,4318.0,4300.0
2025-07-31 11:09:00,32.85,32.85,32.85,32.85,0,59.641538,84450,4317.5,4300.0
2025-07-31 11:10:00,32.3,32.3,32.3,32.3,150,57.55561,81750,4318.0,4300.0
2025-07-31 11:11:00,32.3,32.3,32.3,32.3,150,60.242512,81600,4316.5,4300.0
2025-07-31 11:12:00,32.3,32.3,32.1,32.1,450,58.445093,81600,4317.3,4300.0
2025-07-31 11:13:00,32.1,32.1,32.1,32.1,0,58.445093,81600,4316.6,4300.0
2025-07-31 11:14:00,32.1,32.1,31.75,31.75,150,59.933111,81150,4316.0,4300.0
2025-07-31 11:15:00,30.65,33.4,30.65,32.0,1200,67.678242,81150,4311.7,4300.0
2025-07-31 11:16:00,27.75,27.75,27.75,27.75,150,62.190962,81150,4307.9,4300.0
2025-07-31 11:17:00,27.75,27.75,25.5,25.5,450,50.786402,81150,4311.4,4300.0
2025-07-31 11:18:00,26.0,26.25,26.0,26.25,450,49.780662,81150,4313.3,4300.0
2025-07-31 11:19:00,26.25,27.0,24.4,26.0,2850,49.868561,80700,4312.9,4300.0
2025-07-31 11:20:00,26.0,26.0,26.0,26.0,0,49.868561,80700,4311.7,4300.0
2025-07-31 11:21:00,26.0,26.0,24.0,24.0,1050,54.643994,80700,4306.6,4300.0
2025-07-31 11:22:00,24.0,24.0,23.0,23.0,150,49.118518,79500,4308.5,4300.0
2025-07-31 11:23:00,23.0,23.0,20.45,20.45,1200,46.445988,79500,4305.8,4300.0
2025-07-31 11:24:00,20.1,21.0,20.1,21.0,1050,51.85597,79500,4303.2,4300.0
2025-07-31 11:25:00,20.6,20.85,17.25,17.6,2400,46.015846,79050,4300.9,4300.0
2025-07-31 11:26:00,17.6,17.6,10.0,10.3,16200,42.725518,79050,4287.3,4300.0
2025-07-31 11:27:00,10.3,10.35,6.45,8.9,28650,46.385429,79050,4279.8,4300.0
2025-07-31 11:28:00,8.9,12.0,8.9,11.0,11100,50.524967,87000,4282.0,4300.0
2025-07-31 11:29:00,11.0,11.0,9.55,10.55,6750,47.334655,87000,4283.9,4300.0
2025-07-31 11:30:00,10.55,13.3,9.9,13.0,11400,49.196627,87000,4288.7,4300.0
2025-07-31 11:31:00,12.5,13.0,11.8,11.8,4800,49.992426,84450,4285.0,4300.0
2025-07-31 11:32:00,11.8,12.9,11.25,11.9,4500,49.185686,84450,4286.1,4300.0
2025-07-31 11:33:00,11.9,13.35,11.45,12.85,3150,54.878874,84450,4283.5,4300.0
2025-07-31 11:34:00,12.85,12.85,12.0,12.0,1800,50.673601,84900,4285.2,4300.0
2025-07-31 11:35:00,12.0,12.05,12.0,12.0,450,52.739175,84900,4283.4,4300.0
2025-07-31 11:36:00,11.5,11.5,10.5,11.4,2250,49.360113,84900,4285.0,4300.0
2025-07-31 11:37:00,11.4,11.4,10.45,10.75,4650,49.379261,83550,4283.3,4300.0
2025-07-31 11:38:00,10.05,11.0,10.05,11.0,3450,50.229957,83550,4283.3,4300.0
2025-07-31 11:39:00,11.0,11.0,11.0,11.0,0,50.229957,83550,4269.1,4250.0
2025-07-31 11:40:00,8.05,10.0,7.5,9.5,4200,49.246081,85050,4280.1,4300.0
2025-07-31 11:41:00,9.5,11.3,9.5,11.3,1050,56.741963,85050,4278.3,4300.0
2025-07-31 11:42:00,11.3,11.3,10.25,10.25,150,53.524761,85050,4278.4,4300.0
2025-07-31 11:43:00,10.25,11.85,10.25,11.4,5700,58.544922,85500,4277.1,4300.0
2025-07-31 11:44:00,11.4,12.0,11.2,11.2,3300,56.18549,85500,4278.9,4300.0
2025-07-31 11:45:00,12.95,12.95,12.95,12.95,600,60.803476,85500,4279.7,4300.0
2025-07-31 11:46:00,12.9,14.2,12.6,14.2,2400,61.828769,89550,4282.3,4300.0
2025-07-31 11:47:00,14.2,15.0,13.55,14.8,3300,63.64321,89550,4282.4,4300.0
2025-07-31 11:48:00,14.8,16.0,12.9,12.9,4500,60.518386,89550,4280.2,4300.0
2025-07-31 11:49:00,13.1,13.1,13.1,13.1,300,65.26764,89550,4276.5,4300.0
2025-07-31 11:50:00,40.6,40.6,37.0,37.0,300,64.595722,32850,4274.6,4250.0
2025-07-31 11:51:00,37.0,37.0,36.65,36.65,150,67.601281,32850,4272.7,4250.0
2025-07-31 11:52:00,36.65,36.65,36.65,36.65,0,67.601281,32850,4273.3,4250.0
2025-07-31 11:53:00,36.65,36.65,36.65,36.65,0,67.601281,32850,4274.5,4250.0
2025-07-31 11:54:00,36.65,36.65,36.5,36.5,450,64.673483,32700,4274.1,4250.0
2025-07-31 11:55:00,11.85,12.0,11.85,12.0,600,62.708564,90750,4276.5,4300.0
2025-07-31 11:56:00,12.0,13.15,12.0,12.3,6900,62.189432,90750,4278.0,4300.0
2025-07-31 11:57:00,12.3,12.35,12.3,12.35,300,63.577489,90750,4277.0,4300.0
2025-07-31 11:58:00,12.35,13.1,12.35,13.1,150,66.646547,87300,4276.5,4300.0
2025-07-31 11:59:00,12.5,12.5,11.35,11.35,4050,62.490919,87300,4275.3,4300.0
2025-07-31 12:00:00,11.35,11.35,11.35,11.35,0,62.490919,87300,4273.6,4250.0
2025-07-31 12:01:00,35.0,35.5,35.0,35.5,150,61.382584,31500,4274.6,4250.0
2025-07-31 12:02:00,35.5,35.5,35.5,35.5,0,61.382584,31500,4274.3,4250.0
2025-07-31 12:03:00,35.5,35.5,31.95,31.95,150,54.667707,31500,4272.5,4250.0
2025-07-31 12:04:00,31.95,31.95,31.95,31.95,0,54.667707,31500,4274.0,4250.0
2025-07-31 12:05:00,31.95,31.95,31.95,31.95,0,54.667707,31500,4272.9,4250.0
2025-07-31 12:06:00,32.5,32.5,29.25,29.25,900,46.014891,31500,4272.4,4250.0
2025-07-31 12:07:00,29.25,30.8,29.25,30.8,450,50.316797,31350,4272.9,4250.0
2025-07-31 12:08:00,5.1,5.15,4.15,4.7,4050,37.644694,87000,4278.4,4300.0
2025-07-31 12:09:00,4.7,4.9,4.0,4.6,3450,37.362246,87000,4278.4,4300.0
2025-07-31 12:10:00,4.0,4.95,4.0,4.7,2250,36.122717,90000,4280.2,4300.0
2025-07-31 12:11:00,4.7,4.7,4.0,4.45,2850,38.282164,90000,4277.0,4300.0
2025-07-31 12:12:00,3.7,4.25,3.5,3.5,3600,35.022896,90000,4276.5,4300.0
2025-07-31 12:13:00,3.5,3.5,3.5,3.5,0,35.022896,90000,4273.6,4250.0
2025-07-31 12:14:00,36.0,36.0,32.0,32.0,750,51.418242,30600,4274.5,4250.0
2025-07-31 12:15:00,3.5,4.55,2.5,4.55,8700,37.840281,90150,4278.3,4300.0
2025-07-31 12:16:00,4.75,4.75,4.05,4.05,2400,36.541594,88950,4277.7,4300.0
2025-07-31 12:17:00,4.05,4.55,3.85,4.55,2400,38.037385,88950,4278.3,4300.0
2025-07-31 12:18:00,3.8,4.55,3.8,4.55,300,36.596994,88950,4279.9,4300.0
2025-07-31 12:19:00,3.95,3.95,3.95,3.95,300,38.633251,87750,4275.3,4300.0
2025-07-31 12:20:00,3.3,3.3,3.3,3.3,600,34.904509,87750,4276.5,4300.0
2025-07-31 12:21:00,4.0,4.35,4.0,4.35,1350,40.01914,87750,4275.8,4300.0
2025-07-31 12:22:00,4.35,4.35,4.35,4.35,0,40.01914,87750,4278.2,4300.0
2025-07-31 12:23:00,4.5,4.5,4.5,4.5,450,38.354132,67050,4278.4,4300.0
2025-07-31 12:24:00,4.5,5.05,4.5,5.05,150,39.504612,67050,4279.5,4300.0
2025-07-31 12:25:00,5.4,5.4,5.4,5.4,600,42.354084,67050,4278.1,4300.0
2025-07-31 12:26:00,5.4,5.6,5.4,5.6,150,43.6378,66900,4277.7,4300.0
2025-07-31 12:27:00,5.6,5.6,5.6,5.6,0,43.6378,66900,4286.5,4300.0
2025-07-31 12:28:00,8.05,8.05,8.05,8.05,600,45.916447,66900,4284.0,4300.0
2025-07-31 12:29:00,8.05,8.05,8.05,8.05,0,45.916447,66900,4289.8,4300.0
2025-07-31 12:30:00,9.85,11.3,8.65,11.3,4350,41.400442,66900,4296.0,4300.0
2025-07-31 12:31:00,11.3,11.6,11.3,11.6,450,47.120992,66900,4292.7,4300.0
2025-07-31 12:32:00,11.6,11.6,9.1,9.5,1500,37.300101,64050,4295.0,4300.0
2025-07-31 12:33:00,9.5,10.0,9.5,10.0,150,35.837679,64050,4297.2,4300.0
2025-07-31 12:34:00,10.0,11.0,8.4,11.0,2550,45.161049,64050,4293.0,4300.0
2025-07-31 12:35:00,10.35,10.35,9.9,9.9,300,41.701951,61950,4293.0,4300.0
2025-07-31 12:36:00,9.9,9.9,8.85,8.85,300,44.74853,61950,4288.1,4300.0
2025-07-31 12:37:00,8.85,8.85,8.85,8.85,300,41.936777,61950,4290.4,4300.0
2025-07-31 12:38:00,8.85,9.7,8.85,9.7,450,39.598259,61950,4294.3,4300.0
2025-07-31 12:39:00,9.7,9.9,9.7,9.9,600,41.217101,61950,4293.7,4300.0
2025-07-31 12:40:00,9.9,10.4,9.9,10.4,150,41.852603,61950,4294.5,4300.0
2025-07-31 12:41:00,12.75,12.75,7.2,7.2,3150,38.439193,61950,4289.1,4300.0
2025-07-31 12:42:00,7.2,7.2,7.2,7.2,0,38.439193,61950,4293.1,4300.0
2025-07-31 12:43:00,7.2,9.3,7.2,9.3,450,38.861163,61950,4294.3,4300.0
2025-07-31 12:44:00,9.3,9.3,9.3,9.3,0,38.861163,61950,4293.3,4300.0
2025-07-31 12:45:00,9.05,11.0,9.05,11.0,600,45.651111,60300,4293.7,4300.0
2025-07-31 12:46:00,11.0,11.0,10.2,10.2,300,45.926442,60300,4291.7,4300.0
2025-07-31 12:47:00,10.2,11.1,10.0,10.0,2700,47.038876,59700,4290.5,4300.0
2025-07-31 12:48:00,10.0,10.0,10.0,10.0,0,47.038876,59700,4289.6,4300.0
2025-07-31 12:49:00,8.3,9.6,8.3,9.6,450,41.037787,59250,4294.0,4300.0
2025-07-31 12:50:00,9.6,10.6,9.6,10.6,150,43.08737,59250,4295.0,4300.0
2025-07-31 12:51:00,10.6,10.6,10.45,10.45,300,41.204532,59250,4296.0,4300.0
2025-07-31 12:52:00,10.45,10.45,10.45,10.45,0,41.204532,59250,4297.5,4300.0
2025-07-31 12:53:00,12.25,12.25,12.25,12.25,150,49.88618,58950,4294.5,4300.0
2025-07-31 12:54:00,12.25,12.25,12.25,12.25,0,49.88618,58950,4293.8,4300.0
2025-07-31 12:55:00,12.25,12.25,12.25,12.25,0,49.88618,58950,4293.8,4300.0
2025-07-31 12:56:00,10.5,11.55,10.5,11.55,1650,49.469429,58950,4293.5,4300.0
2025-07-31 12:57:00,10.3,10.3,10.3,10.3,150,44.988547,58950,4293.7,4300.0
2025-07-31 12:58:00,11.65,11.65,10.9,10.9,1500,47.080351,59550,4293.8,4300.0
2025-07-31 12:59:00,10.9,10.9,8.9,10.3,1050,46.624475,59550,4292.8,4300.0
2025-07-31 13:00:00,10.3,10.9,10.3,10.9,300,50.520313,59550,4291.7,4300.0
2025-07-31 13:01:00,11.15,11.25,8.5,8.5,1800,46.014277,59550,4288.9,4300.0
2025-07-31 13:02:00,8.5,10.5,8.5,10.5,150,47.359963,59100,4293.1,4300.0
2025-07-31 13:03:00,10.5,10.5,9.35,9.35,3000,45.909313,59100,4291.4,4300.0
2025-07-31 13:04:00,9.3,10.25,9.3,10.25,900,43.728435,57600,4295.1,4300.0
2025-07-31 13:05:00,8.15,8.25,8.15,8.25,15150,37.216316,57600,4294.8,4300.0
2025-07-31 13:06:00,8.15,8.4,8.15,8.4,900,36.338102,57600,4295.8,4300.0
2025-07-31 13:07:00,8.4,8.4,7.45,8.1,2850,38.600034,50400,4293.7,4300.0
2025-07-31 13:08:00,8.1,8.1,7.8,7.8,450,38.238357,50400,4293.3,4300.0
2025-07-31 13:09:00,7.8,10.0,7.8,10.0,450,45.326819,50400,4294.0,4300.0
2025-07-31 13:10:00,10.0,10.4,10.0,10.4,300,45.524272,50400,4294.9,4300.0
2025-07-31 13:11:00,10.4,10.4,9.55,9.55,750,48.556318,47550,4291.0,4300.0
2025-07-31 13:12:00,9.55,9.55,6.95,7.35,3750,41.045412,47550,4290.6,4300.0
2025-07-31 13:13:00,7.55,7.85,7.0,7.85,3000,42.374759,47550,4291.1,4300.0
2025-07-31 13:14:00,7.85,7.85,6.05,6.35,600,33.783181,42750,4293.2,4300.0
2025-07-31 13:15:00,6.35,9.6,6.35,9.6,150,41.465415,42750,4296.1,4300.0
2025-07-31 13:16:00,9.6,9.6,9.5,9.5,150,37.870655,42750,4298.1,4300.0
2025-07-31 13:17:00,9.5,9.5,9.5,9.5,0,37.870655,42750,4300.0,4300.0
2025-07-31 13:18:00,9.5,10.0,9.5,10.0,600,41.218496,42000,4297.4,4300.0
2025-07-31 13:19:00,10.0,10.5,10.0,10.5,150,44.26343,42000,4296.8,4300.0
2025-07-31 13:20:00,10.5,10.5,10.0,10.0,150,42.399215,41700,4296.9,4300.0
2025-07-31 13:21:00,10.0,10.0,8.85,9.0,600,38.133643,41700,4297.3,4300.0
2025-07-31 13:22:00,9.0,10.0,9.0,9.95,750,39.906385,41700,4298.4,4300.0
2025-07-31 13:23:00,9.95,9.95,8.0,8.0,150,32.914246,41250,4298.3,4300.0
2025-07-31 13:24:00,8.0,9.95,7.4,9.3,1050,34.820478,41250,4300.0,4300.0
2025-07-31 13:25:00,9.3,9.3,7.6,9.1,750,40.513266,40650,4296.5,4300.0
2025-07-31 13:26:00,9.1,9.1,9.1,9.1,0,40.513266,40650,4297.3,4300.0
2025-07-31 13:27:00,9.1,9.1,9.1,9.1,0,40.513266,40650,4300.0,4300.0
2025-07-31 13:28:00,9.1,9.1,7.5,7.5,150,29.457958,40350,4299.5,4300.0
2025-07-31 13:29:00,7.5,8.85,6.8,6.8,1050,27.079315,40350,4299.4,4300.0
2025-07-31 13:30:00,6.8,7.95,6.8,7.95,750,30.481467,40350,4300.0,4300.0
2025-07-31 13:31:00,7.95,7.95,6.0,7.4,750,34.531798,40350,4296.7,4300.0
2025-07-31 13:32:00,7.4,7.4,6.9,6.9,150,31.838123,39750,4297.2,4300.0
2025-07-31 13:33:00,6.9,6.9,6.9,6.9,0,31.838123,39750,4296.4,4300.0
2025-07-31 13:34:00,7.1,7.1,7.1,7.1,150,32.906054,39750,4297.2,4300.0
2025-07-31 13:35:00,7.1,7.1,7.1,7.1,0,32.906054,39750,4297.3,4300.0
2025-07-31 13:36:00,7.1,7.1,7.1,7.1,0,32.906054,39750,4295.2,4300.0
2025-07-31 13:37:00,7.1,7.1,4.75,4.75,450,33.263172,39600,4291.3,4300.0
2025-07-31 13:38:00,3.9,3.9,3.9,3.9,300,33.318501,39600,4288.7,4300.0
2025-07-31 13:39:00,3.9,4.8,3.9,4.8,150,44.212025,39600,4283.9,4300.0
2025-07-31 13:40:00,4.8,4.8,4.8,4.8,0,44.212025,39600,4281.3,4300.0
2025-07-31 13:41:00,4.8,4.8,2.65,2.65,300,35.28782,39600,4282.6,4300.0
2025-07-31 13:42:00,2.65,2.65,2.5,2.5,300,34.726038,39600,4282.5,4300.0
2025-07-31 13:43:00,2.5,2.5,2.35,2.35,450,33.436736,39150,4283.0,4300.0
2025-07-31 13:44:00,2.35,2.35,2.35,2.35,0,33.436736,39150,4283.8,4300.0
2025-07-31 13:45:00,2.35,2.35,2.35,2.35,0,33.436736,39150,4285.4,4300.0
2025-07-31 13:46:00,2.5,2.5,2.3,2.3,1050,32.787349,39150,4283.7,4300.0
2025-07-31 13:47:00,2.3,2.3,2.3,2.3,150,34.862995,38700,4282.1,4300.0
2025-07-31 13:48:00,2.3,2.3,2.0,2.0,750,32.140393,38700,4283.0,4300.0
2025-07-31 13:49:00,2.0,2.0,1.5,1.5,300,31.164111,37800,4281.1,4300.0
2025-07-31 13:50:00,2.0,2.0,2.0,2.0,600,35.963739,37800,4280.0,4300.0
2025-07-31 13:51:00,2.0,2.3,2.0,2.3,450,35.078846,37800,4282.5,4300.0
2025-07-31 13:52:00,2.3,2.3,2.3,2.3,0,35.078846,37800,4282.1,4300.0
2025-07-31 13:53:00,2.3,2.3,2.3,2.3,0,35.078846,37800,4280.1,4300.0
2025-07-31 13:54:00,2.3,2.3,2.3,2.3,0,35.078846,37800,4280.9,4300.0
2025-07-31 13:55:00,2.3,2.3,2.3,2.3,300,38.027996,36750,4280.7,4300.0
2025-07-31 13:56:00,2.3,2.3,2.3,2.3,0,38.027996,36750,4278.5,4300.0
2025-07-31 13:57:00,2.95,2.95,2.95,2.95,150,43.2499,36450,4280.1,4300.0
2025-07-31 13:58:00,2.35,2.35,2.35,2.35,150,37.593491,36300,4281.8,4300.0
2025-07-31 13:59:00,2.35,2.35,2.35,2.35,0,37.593491,36300,4281.1,4300.0
2025-07-31 14:00:00,2.3,2.3,2.3,2.3,750,33.041416,36300,4285.4,4300.0
2025-07-31 14:01:00,3.0,3.0,3.0,3.0,450,34.811289,36300,4287.2,4300.0
2025-07-31 14:02:00,4.3,4.3,4.3,4.3,1350,37.941887,35700,4289.8,4300.0
2025-07-31 14:03:00,6.15,7.75,6.15,7.75,3150,61.357456,35700,4286.2,4300.0
2025-07-31 14:04:00,7.75,8.0,7.4,7.4,450,59.127661,35400,4286.7,4300.0
2025-07-31 14:05:00,7.4,7.4,7.4,7.4,0,59.127661,35400,4288.0,4300.0
2025-07-31 14:06:00,7.4,7.4,5.05,5.05,150,46.981931,35400,4287.2,4300.0
2025-07-31 14:07:00,5.05,5.05,5.05,5.05,0,46.981931,35400,4288.6,4300.0
2025-07-31 14:08:00,7.85,7.85,5.05,5.05,450,43.035284,34950,4289.9,4300.0
2025-07-31 14:09:00,7.6,8.0,7.4,7.4,3900,62.328639,34950,4285.9,4300.0
2025-07-31 14:10:00,7.4,10.4,5.45,10.3,4500,76.17417,34050,4286.6,4300.0
2025-07-31 14:11:00,10.2,10.2,5.1,6.75,4800,52.969725,34050,4289.7,4300.0
2025-07-31 14:12:00,6.75,8.95,6.4,6.4,2850,58.064348,34050,4286.0,4300.0
2025-07-31 14:13:00,6.4,10.25,4.8,4.85,7800,44.401096,37050,4289.3,4300.0
2025-07-31 14:14:00,4.85,8.5,4.85,8.5,2850,65.301995,37050,4288.5,4300.0
2025-07-31 14:15:00,4.8,6.9,4.8,6.9,9150,60.125202,37050,4287.0,4300.0
2025-07-31 14:16:00,5.7,5.7,4.3,4.3,6750,46.176131,33000,4287.0,4300.0
2025-07-31 14:17:00,4.3,4.3,4.3,4.3,3000,51.12038,33000,4284.2,4300.0
2025-07-31 14:18:00,4.3,4.3,4.0,4.0,600,43.380318,33000,4288.0,4300.0
2025-07-31 14:19:00,4.0,4.0,4.0,4.0,0,43.380318,33000,4286.8,4300.0
2025-07-31 14:20:00,4.0,4.0,4.0,4.0,0,43.380318,33000,4286.8,4300.0
2025-07-31 14:21:00,4.0,4.0,4.0,4.0,0,43.380318,33000,4286.0,4300.0
2025-07-31 14:22:00,4.0,4.0,4.0,4.0,0,43.380318,33000,4283.9,4300.0
2025-07-31 14:23:00,4.0,4.0,4.0,4.0,0,43.380318,33000,4286.3,4300.0
2025-07-31 14:24:00,4.0,4.0,3.65,3.65,300,47.29368,32700,4285.6,4300.0
2025-07-31 14:25:00,3.65,3.65,3.65,3.65,0,47.29368,32700,4282.2,4300.0
2025-07-31 14:26:00,3.15,3.15,3.15,3.15,300,52.205822,32550,4281.0,4300.0
2025-07-31 14:27:00,2.15,2.35,2.15,2.35,450,49.217948,32550,4279.3,4300.0
2025-07-31 14:28:00,3.1,3.1,3.1,3.1,150,51.879788,32550,4281.5,4300.0
2025-07-31 14:29:00,3.1,3.1,3.1,3.1,0,51.879788,32550,4280.4,4300.0
2025-07-31 14:30:00,2.8,2.8,2.8,2.8,150,51.636012,32250,4280.8,4300.0
2025-07-31 14:31:00,2.8,2.8,2.8,2.8,0,51.636012,32250,4280.0,4300.0
2025-07-31 14:32:00,2.8,2.8,2.8,2.8,0,51.636012,32250,4282.0,4300.0
2025-07-31 14:33:00,2.8,2.8,2.2,2.2,300,42.104128,32100,4284.6,4300.0
2025-07-31 14:34:00,2.2,3.65,2.2,3.65,150,58.678033,32100,4281.5,4300.0
2025-07-31 14:35:00,3.65,3.65,3.65,3.65,0,58.678033,32100,4281.5,4300.0
2025-07-31 14:36:00,3.65,3.65,3.65,3.65,0,58.678033,32100,4281.4,4300.0
2025-07-31 14:37:00,3.65,4.2,3.65,4.2,150,60.081958,32100,4283.8,4300.0
2025-07-31 14:38:00,4.2,4.2,4.2,4.2,0,60.081958,32100,4283.0,4300.0
2025-07-31 14:39:00,2.8,2.8,2.8,2.8,750,50.04151,32100,4284.2,4300.0
2025-07-31 14:40:00,2.5,2.5,2.5,2.5,600,47.427445,32100,4284.6,4300.0
2025-07-31 14:41:00,2.15,2.15,2.15,2.15,450,47.939694,31650,4282.9,4300.0
2025-07-31 14:42:00,2.15,2.15,2.15,2.15,0,47.939694,31650,4283.8,4300.0
2025-07-31 14:43:00,1.3,1.3,1.3,1.3,600,40.786811,31650,4282.9,4300.0
2025-07-31 14:44:00,1.55,1.55,1.55,1.55,150,44.300874,31350,4282.6,4300.0
2025-07-31 14:45:00,1.55,1.55,1.55,1.55,0,44.300874,31350,4283.3,4300.0
2025-07-31 14:46:00,1.55,1.55,1.55,1.55,0,44.300874,31350,4283.6,4300.0
2025-07-31 14:47:00,1.55,1.55,1.55,1.55,0,44.300874,31350,4283.3,4300.0
2025-07-31 14:48:00,1.55,1.55,1.55,1.55,0,44.300874,31350,4282.0,4300.0
2025-07-31 14:49:00,1.3,1.3,1.3,1.3,150,48.061318,31350,4280.3,4300.0
2025-07-31 14:50:00,1.0,1.0,1.0,1.0,1800,44.880231,31200,4280.3,4300.0
2025-07-31 14:51:00,1.0,1.0,1.0,1.0,0,44.880231,31200,4283.5,4300.0
2025-07-31 14:52:00,1.0,1.0,0.75,0.75,150,38.456331,31200,4282.8,4300.0
2025-07-31 14:53:00,0.75,0.75,0.75,0.75,0,38.456331,31200,4282.0,4300.0
2025-07-31 14:54:00,0.5,0.5,0.5,0.5,900,37.762066,30450,4281.3,4300.0
2025-07-31 14:55:00,0.5,0.5,0.2,0.2,1650,31.749346,30450,4281.0,4300.0
2025-07-31 14:56:00,0.2,0.2,0.2,0.2,0,31.749346,30450,4280.1,4300.0
2025-07-31 14:57:00,0.2,0.2,0.2,0.2,150,30.315664,28650,4282.7,4300.0
2025-07-31 14:58:00,0.5,0.5,0.5,0.5,150,40.382023,28650,4281.1,4300.0
2025-07-31 14:59:00,0.5,0.5,0.5,0.5,150,36.200759,28650,4284.0,4300.0
2025-07-31 15:00:00,0.2,0.2,0.05,0.2,1200,35.465437,28650,4280.2,4300.0
2025-07-31 15:01:00,0.2,0.2,0.2,0.2,0,35.465437,28650,4279.5,4300.0
2025-07-31 15:02:00,0.2,0.2,0.2,0.2,0,35.465437,28650,4278.9,4300.0
2025-07-31 15:03:00,0.2,0.2,0.2,0.2,0,35.465437,28650,4278.4,4300.0
2025-07-31 15:04:00,0.2,0.2,0.2,0.2,600,40.277905,28950,4278.8,4300.0
2025-07-31 15:05:00,0.2,0.2,0.2,0.2,0,40.277905,28950,4274.9,4250.0
2025-07-31 15:06:00,33.0,33.0,28.9,33.0,450,171.749265,22800,4272.5,4250.0
2025-07-31 15:07:00,33.0,33.0,33.0,33.0,0,171.749265,22800,4270.0,4250.0
2025-07-31 15:08:00,33.0,33.0,33.0,33.0,0,171.749265,22800,4265.0,4250.0
2025-07-31 15:09:00,33.0,33.0,33.0,33.0,0,171.749265,22800,4265.7,4250.0
2025-07-31 15:10:00,33.0,33.0,33.0,33.0,0,171.749265,22800,4265.4,4250.0
2025-07-31 15:11:00,33.0,33.0,19.2,19.2,450,110.105457,22650,4263.4,4250.0
2025-07-31 15:12:00,19.2,19.2,19.2,19.2,0,110.105457,22650,4262.1,4250.0
2025-07-31 15:13:00,19.2,19.2,19.2,19.2,0,110.105457,22650,4261.4,4250.0
2025-07-31 15:14:00,19.2,19.2,19.2,19.2,0,110.105457,22650,4264.0,4250.0
2025-07-31 15:15:00,20.0,20.0,20.0,20.0,300,0.0,22500,4270.1,4250.0
2025-07-31 15:16:00,20.0,20.0,20.0,20.0,0,0.0,22500,4267.0,4250.0
2025-07-31 15:17:00,17.35,17.35,17.35,17.35,150,116.732094,22650,4262.5,4250.0
2025-07-31 15:18:00,17.35,17.35,17.35,17.35,0,116.732094,22650,4270.5,4250.0
2025-07-31 15:19:00,17.35,17.35,17.35,17.35,0,116.732094,22650,4260.7,4250.0
2025-07-31 15:20:00,17.35,17.35,17.35,17.35,0,116.732094,22650,4266.6,4250.0
2025-07-31 15:21:00,17.35,17.35,17.35,17.35,0,116.732094,22650,4266.7,4250.0
2025-07-31 15:22:00,17.35,17.35,17.35,17.35,0,116.732094,22650,4266.1,4250.0
2025-07-31 15:23:00,17.35,17.35,17.35,17.35,0,116.732094,22650,4267.6,4250.0
2025-07-31 15:24:00,17.35,17.35,17.35,17.35,0,116.732094,22650,4266.6,4250.0
2025-07-31 15:25:00,32.45,32.45,32.45,32.45,150,425.556927,22500,4268.0,4250.0
2025-07-31 15:26:00,32.45,32.45,32.45,32.45,0,425.556927,22500,4266.0,4250.0
2025-07-31 15:27:00,32.45,32.45,32.45,32.45,0,425.556927,22500,4268.7,4250.0
2025-07-31 15:28:00,32.45,32.45,32.45,32.45,0,425.556927,22500,4265.0,4250.0
2025-07-31 15:29:00,32.45,32.45,32.45,32.45,0,425.556927,22500,4266.6,4250.0
