datetime,open,high,low,close,volume,iv,oi,spot,strike
2025-12-29 09:17:00,2.25,2.25,2.0,2.0,5850,27.551882,678600,287.35,287.5
2025-12-29 09:18:00,2.0,2.0,2.0,2.0,5850,24.359024,678600,287.8,287.5
2025-12-29 09:19:00,2.0,2.0,2.0,2.0,2925,24.733847,678600,287.75,287.5
2025-12-29 09:20:00,2.0,2.0,2.0,2.0,0,24.740008,684450,287.75,287.5
2025-12-29 09:21:00,2.4,2.4,2.0,2.4,14625,25.62723,684450,288.35,287.5
2025-12-29 09:22:00,2.25,2.4,2.25,2.25,2925,23.1206,678600,288.4,287.5
2025-12-29 09:23:00,2.25,2.25,2.25,2.25,0,20.943773,678600,288.65,287.5
2025-12-29 09:24:00,2.25,2.25,2.25,2.25,0,20.949163,678600,288.65,287.5
2025-12-29 09:25:00,2.5,2.5,2.25,2.5,11700,24.091912,678600,288.7,287.5
2025-12-29 09:26:00,2.5,2.5,2.5,2.5,0,27.456238,675675,288.3,287.5
2025-12-29 09:27:00,2.5,2.5,2.5,2.5,0,26.654003,675675,288.4,287.5
2025-12-29 09:28:00,2.5,2.5,2.5,2.5,0,26.660682,675675,288.4,287.5
2025-12-29 09:29:00,2.5,2.5,2.5,2.5,0,27.476866,675675,288.3,287.5
2025-12-29 09:30:00,2.5,2.5,2.5,2.5,0,27.882063,675675,288.25,287.5
2025-12-29 09:31:00,2.5,2.5,2.5,2.5,0,27.889043,675675,288.25,287.5
2025-12-29 09:32:00,2.5,2.5,2.5,2.5,0,27.497543,675675,288.3,287.5
2025-12-29 09:33:00,2.5,2.5,2.5,2.5,0,28.688139,675675,288.15,287.5
2025-12-29 09:34:00,2.2,2.5,2.2,2.2,8775,22.486044,678600,288.4,287.5
2025-12-29 09:35:00,2.3,2.3,2.2,2.3,20475,22.618782,678600,288.55,287.5
2025-12-29 09:36:00,2.3,2.3,2.3,2.3,0,21.279761,678600,288.7,287.5
2025-12-29 09:37:00,2.5,2.5,2.3,2.5,8775,24.606169,672750,288.65,287.5
2025-12-29 09:38:00,2.3,2.5,2.3,2.3,14625,23.07027,672750,288.5,287.5
2025-12-29 09:39:00,2.45,2.45,2.3,2.45,5850,24.342534,672750,288.6,287.5
2025-12-29 09:40:00,2.45,2.45,2.45,2.45,0,25.205599,687375,288.5,287.5
2025-12-29 09:41:00,2.55,2.55,2.45,2.55,40950,26.622022,687375,288.5,287.5
2025-12-29 09:42:00,2.55,2.55,2.55,2.55,0,26.207963,687375,288.55,287.5
2025-12-29 09:43:00,2.45,2.55,2.45,2.45,38025,25.6451,687375,288.45,287.5
2025-12-29 09:44:00,2.45,2.45,2.45,2.45,0,26.066754,687375,288.4,287.5
2025-12-29 09:45:00,2.45,2.45,2.45,2.45,0,25.237684,687375,288.5,287.5
2025-12-29 09:46:00,2.55,2.55,2.45,2.55,2925,26.655758,634725,288.5,287.5
2025-12-29 09:47:00,2.55,2.55,2.55,2.55,0,26.662525,634725,288.5,287.5
2025-12-29 09:48:00,2.55,2.55,2.55,2.55,0,26.669284,634725,288.5,287.5
2025-12-29 09:49:00,2.5,2.55,2.5,2.5,17550,26.802358,628875,288.4,287.5
2025-12-29 09:50:00,2.5,2.5,2.4,2.4,14625,24.985069,628875,288.45,287.5
2025-12-29 09:51:00,2.3,2.4,2.3,2.3,5850,25.636981,628875,288.2,287.5
2025-12-29 09:52:00,2.3,2.3,2.3,2.3,0,28.342512,628875,287.85,287.5
2025-12-29 09:53:00,2.3,2.3,2.3,2.3,0,29.454147,628875,287.7,287.5
2025-12-29 09:54:00,2.1,2.3,2.1,2.1,11700,25.212321,617175,287.9,287.5
2025-12-29 09:55:00,2.1,2.1,2.0,2.0,5850,24.211676,620100,287.85,287.5
2025-12-29 09:56:00,2.0,2.0,2.0,2.0,0,23.454338,620100,287.95,287.5
2025-12-29 09:57:00,2.0,2.0,2.0,2.0,0,26.77939,620100,287.5,287.5
2025-12-29 09:58:00,2.0,2.0,2.0,2.0,0,25.711092,620100,287.65,287.5
2025-12-29 09:59:00,1.85,2.0,1.85,1.85,11700,23.27867,617175,287.7,287.5
2025-12-29 10:00:00,1.9,1.9,1.85,1.9,2925,23.976219,617175,287.7,287.5
2025-12-29 10:01:00,1.95,1.95,1.9,1.95,2925,24.304856,617175,287.75,287.5
2025-12-29 10:02:00,1.95,1.95,1.95,1.95,8775,23.561061,614250,287.85,287.5
2025-12-29 10:03:00,1.95,1.95,1.95,1.95,8775,22.409918,614250,288.0,287.5
2025-12-29 10:04:00,1.95,1.95,1.95,1.95,0,23.191794,614250,287.9,287.5
2025-12-29 10:05:00,1.95,1.95,1.95,1.95,0,23.197749,614250,287.9,287.5
2025-12-29 10:06:00,1.95,1.95,1.95,1.95,0,22.427238,614250,288.0,287.5
2025-12-29 10:07:00,2.1,2.1,1.95,2.1,29250,22.521969,614250,288.25,287.5
2025-12-29 10:08:00,2.15,2.15,2.1,2.15,5850,24.046342,623025,288.15,287.5
2025-12-29 10:09:00,2.15,2.15,2.15,2.15,17550,22.82465,623025,288.3,287.5
2025-12-29 10:10:00,2.15,2.15,2.15,2.15,0,21.983116,623025,288.4,287.5
2025-12-29 10:11:00,2.15,2.15,2.0,2.0,11700,22.760722,602550,288.05,287.5
2025-12-29 10:12:00,2.0,2.0,2.0,2.0,0,23.161051,602550,288.0,287.5
2025-12-29 10:13:00,2.0,2.0,2.0,2.0,0,22.77249,602550,288.05,287.5
2025-12-29 10:14:00,2.0,2.0,2.0,2.0,0,23.173004,602550,288.0,287.5
2025-12-29 10:15:00,2.0,2.0,2.0,2.0,0,22.784271,602550,288.05,287.5
2025-12-29 10:16:00,2.0,2.0,2.0,2.0,0,23.960671,602550,287.9,287.5
2025-12-29 10:17:00,2.0,2.0,2.0,2.0,0,23.581137,602550,287.95,287.5
2025-12-29 10:18:00,2.0,2.0,2.0,2.0,0,23.196958,602550,288.0,287.5
2025-12-29 10:19:00,2.0,2.0,2.0,2.0,0,23.202961,602550,288.0,287.5
2025-12-29 10:20:00,2.0,2.0,2.0,2.0,0,23.985364,602550,287.9,287.5
2025-12-29 10:21:00,1.95,2.0,1.95,1.95,11700,24.054969,605475,287.8,287.5
2025-12-29 10:22:00,1.95,1.95,1.95,1.95,5850,23.682463,611325,287.85,287.5
2025-12-29 10:23:00,2.0,2.0,1.95,2.0,11700,22.025415,611325,288.15,287.5
2025-12-29 10:24:00,2.0,2.0,2.0,2.0,0,20.778352,611325,288.3,287.5
2025-12-29 10:25:00,2.3,2.3,2.0,2.3,2925,22.913758,617175,288.55,287.5
2025-12-29 10:26:00,2.3,2.3,2.3,2.3,8775,22.021114,617175,288.65,287.5
2025-12-29 10:27:00,2.3,2.3,2.3,2.3,0,21.096119,617175,288.75,287.5
2025-12-29 10:28:00,2.3,2.3,2.3,2.3,11700,24.22954,617175,288.4,287.5
2025-12-29 10:29:00,2.3,2.3,2.3,2.3,0,25.482306,617175,288.25,287.5
2025-12-29 10:30:00,2.15,2.3,2.15,2.15,5850,22.527225,614250,288.35,287.5
2025-12-29 10:31:00,1.0,1.0,1.0,1.0,0,20.440708,2474550,288.8,290.0
2025-12-29 10:32:00,2.15,2.25,2.15,2.15,2925,22.110109,617175,288.4,287.5
2025-12-29 10:33:00,2.15,2.15,2.15,2.15,0,20.32794,617175,288.6,287.5
2025-12-29 10:34:00,2.15,2.15,2.15,2.15,0,21.242971,617175,288.5,287.5
2025-12-29 10:35:00,2.15,2.15,2.15,2.15,0,21.248605,617175,288.5,287.5
2025-12-29 10:36:00,2.15,2.15,2.15,2.15,0,20.803377,617175,288.55,287.5
2025-12-29 10:37:00,2.15,2.15,2.15,2.15,0,21.259884,617175,288.5,287.5
2025-12-29 10:38:00,2.15,2.15,2.15,2.15,11700,22.14508,617175,288.4,287.5
2025-12-29 10:39:00,2.15,2.15,2.15,2.15,0,22.150931,617175,288.4,287.5
2025-12-29 10:40:00,2.15,2.15,2.15,2.15,0,19.897393,611325,288.65,287.5
2025-12-29 10:41:00,2.15,2.15,2.15,2.15,5850,22.162629,611325,288.4,287.5
2025-12-29 10:42:00,2.15,2.15,2.15,2.15,0,23.022045,611325,288.3,287.5
2025-12-29 10:43:00,2.15,2.15,2.15,2.15,0,23.02811,611325,288.3,287.5
2025-12-29 10:44:00,2.1,2.15,2.1,2.1,14625,21.893609,611325,288.35,287.5
2025-12-29 10:45:00,2.05,2.15,2.05,2.15,32175,25.078326,611325,288.05,287.5
2025-12-29 10:46:00,2.15,2.15,2.15,2.15,0,23.464453,611325,288.25,287.5
2025-12-29 10:47:00,2.15,2.15,2.15,2.15,0,23.47063,611325,288.25,287.5
2025-12-29 10:48:00,2.1,2.15,2.1,2.1,43875,22.343762,614250,288.3,287.5
2025-12-29 10:49:00,2.1,2.1,2.1,2.1,0,22.349674,614250,288.3,287.5
2025-12-29 10:50:00,2.1,2.1,2.1,2.1,0,21.494689,614250,288.4,287.5
2025-12-29 10:51:00,2.1,2.1,2.1,2.1,0,21.934258,614250,288.35,287.5
2025-12-29 10:52:00,2.1,2.1,2.1,2.1,0,21.94009,614250,288.35,287.5
2025-12-29 10:53:00,2.1,2.1,2.1,2.1,0,20.621967,614250,288.5,287.5
2025-12-29 10:54:00,2.1,2.1,2.1,2.1,0,21.076362,614250,288.45,287.5
2025-12-29 10:55:00,2.1,2.1,2.1,2.1,0,21.081994,614250,288.45,287.5
2025-12-29 10:56:00,2.1,2.1,2.1,2.1,0,21.963421,614250,288.35,287.5
2025-12-29 10:57:00,2.1,2.1,2.1,2.1,0,21.53482,614250,288.4,287.5
2025-12-29 10:58:00,2.1,2.1,2.1,2.1,0,22.403035,614250,288.3,287.5
2025-12-29 10:59:00,2.1,2.1,2.1,2.1,0,21.546319,614250,288.4,287.5
2025-12-29 11:00:00,2.1,2.1,2.1,2.1,0,21.55208,614250,288.4,287.5
2025-12-29 11:01:00,2.1,2.1,2.1,2.1,0,22.420899,614250,288.3,287.5
2025-12-29 11:02:00,2.1,2.1,2.1,2.1,0,22.426861,614250,288.3,287.5
2025-12-29 11:03:00,2.1,2.1,2.1,2.1,0,23.271441,614250,288.2,287.5
2025-12-29 11:04:00,2.1,2.1,2.1,2.1,0,23.277607,614250,288.2,287.5
2025-12-29 11:05:00,2.1,2.1,2.1,2.1,0,22.867187,614250,288.25,287.5
2025-12-29 11:06:00,2.1,2.1,2.1,2.1,0,23.289945,614250,288.2,287.5
2025-12-29 11:07:00,2.1,2.1,2.1,2.1,0,23.707425,614250,288.15,287.5
2025-12-29 11:08:00,1.85,2.1,1.85,1.85,20475,22.942258,611325,287.8,287.5
2025-12-29 11:09:00,1.95,1.95,1.85,1.95,14625,22.799791,611325,288.0,287.5
2025-12-29 11:10:00,1.95,1.95,1.95,1.95,0,21.99796,611325,288.1,287.5
2025-12-29 11:11:00,1.95,1.95,1.95,1.95,0,22.003827,611325,288.1,287.5
2025-12-29 11:12:00,1.95,1.95,1.95,1.95,0,21.178976,611325,288.2,287.5
2025-12-29 11:13:00,1.95,1.95,1.95,1.95,0,21.603103,611325,288.15,287.5
2025-12-29 11:14:00,2.0,2.0,1.95,2.0,11700,22.734386,593775,288.1,287.5
2025-12-29 11:15:00,2.0,2.0,2.0,2.0,0,22.740442,593775,288.1,287.5
2025-12-29 11:16:00,2.0,2.0,2.0,2.0,0,22.746507,593775,288.1,287.5
2025-12-29 11:17:00,2.0,2.0,2.0,2.0,0,22.752568,593775,288.1,287.5
2025-12-29 11:18:00,2.0,2.0,2.0,2.0,0,22.758637,593775,288.1,287.5
2025-12-29 11:19:00,1.95,2.0,1.95,1.95,2925,22.860488,590850,288.0,287.5
2025-12-29 11:20:00,1.75,1.95,1.75,1.75,2925,21.601495,590850,287.8,287.5
2025-12-29 11:21:00,1.75,1.75,1.75,1.75,0,21.990513,590850,287.75,287.5
2025-12-29 11:22:00,1.75,1.75,1.75,1.75,0,18.779427,590850,288.15,287.5
2025-12-29 11:23:00,1.75,1.75,1.75,1.75,0,19.208143,590850,288.1,287.5
2025-12-29 11:24:00,1.75,1.75,1.75,1.75,0,19.213366,590850,288.1,287.5
2025-12-29 11:25:00,1.85,1.85,1.75,1.85,14625,21.066415,590850,288.05,287.5
2025-12-29 11:26:00,1.85,1.85,1.85,1.85,0,18.038582,585000,288.4,287.5
2025-12-29 11:27:00,1.9,1.9,1.85,1.9,17550,19.678377,585000,288.3,287.5
2025-12-29 11:28:00,2.05,2.05,1.9,2.05,8775,19.615368,585000,288.55,287.5
2025-12-29 11:29:00,2.0,2.05,2.0,2.0,5850,20.260466,587925,288.4,287.5
2025-12-29 11:30:00,2.0,2.0,2.0,2.0,0,21.147966,587925,288.3,287.5
2025-12-29 11:31:00,1.85,2.0,1.85,1.85,2925,20.687904,587925,288.1,287.5
2025-12-29 11:32:00,1.9,1.9,1.85,1.9,5850,21.411174,587925,288.1,287.5
2025-12-29 11:33:00,1.9,1.9,1.9,1.9,5850,19.265793,587925,288.35,287.5
2025-12-29 11:34:00,1.9,1.9,1.9,1.9,0,20.153139,587925,288.25,287.5
2025-12-29 11:35:00,1.9,1.9,1.9,1.9,0,20.158645,587925,288.25,287.5
2025-12-29 11:36:00,1.9,1.9,1.9,1.9,0,19.281687,587925,288.35,287.5
2025-12-29 11:37:00,1.9,1.9,1.9,1.9,0,19.732239,587925,288.3,287.5
2025-12-29 11:38:00,1.9,1.9,1.9,1.9,0,18.83842,587925,288.4,287.5
2025-12-29 11:39:00,2.15,2.15,1.9,2.15,2925,21.617389,587925,288.5,287.5
2025-12-29 11:40:00,2.15,2.15,2.15,2.15,0,21.165849,587925,288.55,287.5
2025-12-29 11:41:00,2.2,2.3,2.15,2.3,29250,21.999562,570375,288.7,287.5
2025-12-29 11:42:00,2.3,2.3,2.3,2.3,0,24.275191,570375,288.45,287.5
2025-12-29 11:43:00,2.35,2.35,2.3,2.35,11700,23.221717,570375,288.65,287.5
2025-12-29 11:44:00,2.35,2.35,2.35,2.35,0,22.763297,570375,288.7,287.5
2025-12-29 11:45:00,2.35,2.35,2.35,2.35,0,23.234358,570375,288.65,287.5
2025-12-29 11:46:00,1.25,1.3,1.25,1.3,26325,25.218592,2474550,288.8,290.0
2025-12-29 11:47:00,2.35,2.35,2.35,2.35,0,22.308729,570375,288.75,287.5
2025-12-29 11:48:00,2.35,2.35,2.35,2.35,0,22.314851,570375,288.75,287.5
2025-12-29 11:49:00,1.35,1.35,1.3,1.35,14625,25.366197,2480400,288.9,290.0
2025-12-29 11:50:00,1.35,1.35,1.35,1.35,35100,25.67222,2471625,288.85,290.0
2025-12-29 11:51:00,1.35,1.4,1.35,1.4,32175,26.100469,2471625,288.9,290.0
2025-12-29 11:52:00,1.35,1.4,1.35,1.35,20475,25.68578,2471625,288.85,290.0
2025-12-29 11:53:00,1.4,1.4,1.35,1.35,8775,25.990403,2439450,288.8,290.0
2025-12-29 11:54:00,1.35,1.35,1.35,1.35,0,25.098359,2439450,288.95,290.0
2025-12-29 11:55:00,1.35,1.35,1.35,1.35,0,25.105022,2439450,288.95,290.0
2025-12-29 11:56:00,1.4,1.4,1.35,1.4,43875,24.601734,2439450,289.15,290.0
2025-12-29 11:57:00,1.45,1.55,1.4,1.55,76050,25.797262,2439450,289.3,290.0
2025-12-29 11:58:00,1.55,1.6,1.55,1.6,14625,25.538452,2439450,289.45,290.0
2025-12-29 11:59:00,1.65,1.65,1.6,1.65,17550,25.589329,2433600,289.55,290.0
2025-12-29 12:00:00,1.6,1.65,1.6,1.6,5850,25.221825,2433600,289.5,290.0
2025-12-29 12:01:00,1.55,1.6,1.55,1.6,29250,24.560372,2433600,289.6,290.0
2025-12-29 12:02:00,1.65,1.65,1.6,1.65,55575,24.249595,2410200,289.75,290.0
2025-12-29 12:03:00,1.7,1.7,1.65,1.7,11700,24.961771,2410200,289.75,290.0
2025-12-29 12:04:00,1.65,1.7,1.65,1.7,38025,23.916623,2410200,289.9,290.0
2025-12-29 12:05:00,1.75,1.75,1.7,1.7,46800,23.205541,2410200,290.0,290.0
2025-12-29 12:06:00,1.7,1.75,1.7,1.75,102375,23.917586,2410200,290.0,290.0
2025-12-29 12:07:00,1.7,1.75,1.7,1.7,20475,22.853863,2410200,290.05,290.0
2025-12-29 12:08:00,1.7,1.75,1.7,1.75,32175,23.930522,2421900,290.0,290.0
2025-12-29 12:09:00,1.75,1.75,1.7,1.7,67275,23.230676,2421900,290.0,290.0
2025-12-29 12:10:00,1.65,1.7,1.65,1.65,8775,22.891498,2421900,289.95,290.0
2025-12-29 12:11:00,1.65,1.65,1.65,1.65,8775,22.536588,2421900,290.0,290.0
2025-12-29 12:12:00,1.65,1.65,1.65,1.65,0,22.5427,2448225,290.0,290.0
2025-12-29 12:13:00,1.6,1.65,1.55,1.55,43875,23.250846,2448225,289.7,290.0
2025-12-29 12:14:00,1.45,1.55,1.45,1.45,90675,22.181287,2404350,289.65,290.0
2025-12-29 12:15:00,1.45,1.45,1.45,1.45,23400,22.187293,2404350,289.65,290.0
2025-12-29 12:16:00,1.5,1.5,1.45,1.5,5850,22.902373,2404350,289.65,290.0
2025-12-29 12:17:00,1.5,1.5,1.45,1.45,14625,22.199345,2410200,289.65,290.0
2025-12-29 12:18:00,1.55,1.55,1.45,1.55,5850,23.624136,2410200,289.65,290.0
2025-12-29 12:19:00,1.55,1.55,1.55,1.55,0,23.630527,2410200,289.65,290.0
2025-12-29 12:20:00,1.55,1.55,1.55,1.55,23400,25.305899,2418975,289.4,290.0
2025-12-29 12:21:00,1.4,1.55,1.35,1.35,20475,22.132243,2418975,289.45,290.0
2025-12-29 12:22:00,1.35,1.35,1.35,1.35,2925,22.138254,2418975,289.45,290.0
2025-12-29 12:23:00,1.35,1.35,1.35,1.35,0,21.816192,2418975,289.5,290.0
2025-12-29 12:24:00,1.35,1.35,1.35,1.35,0,22.150282,2418975,289.45,290.0
2025-12-29 12:25:00,1.2,1.35,1.2,1.25,46800,22.629714,2407275,289.15,290.0
2025-12-29 12:26:00,1.2,1.25,1.2,1.2,5850,21.603216,2401425,289.2,290.0
2025-12-29 12:27:00,1.25,1.35,1.2,1.35,5850,22.494089,2401425,289.4,290.0
2025-12-29 12:28:00,1.35,1.35,1.35,1.35,0,22.823408,2401425,289.35,290.0
2025-12-29 12:29:00,1.25,1.35,1.25,1.25,2925,21.39484,2404350,289.35,290.0
2025-12-29 12:30:00,1.25,1.35,1.25,1.35,14625,21.857862,2404350,289.5,290.0
2025-12-29 12:31:00,1.35,1.35,1.35,1.35,0,21.863823,2404350,289.5,290.0
2025-12-29 12:32:00,1.35,1.35,1.35,1.35,0,23.169307,2418975,289.3,290.0
2025-12-29 12:33:00,1.25,1.35,1.25,1.25,11700,21.096827,2418975,289.4,290.0
2025-12-29 12:34:00,1.25,1.25,1.25,1.25,0,22.059341,2418975,289.25,290.0
2025-12-29 12:35:00,1.2,1.25,1.2,1.2,11700,21.343521,2427750,289.25,290.0
2025-12-29 12:36:00,1.25,1.25,1.2,1.2,55575,21.662142,2427750,289.2,290.0
2025-12-29 12:37:00,1.3,1.3,1.2,1.25,11700,22.391634,2427750,289.2,290.0
2025-12-29 12:38:00,1.25,1.25,1.25,1.25,5850,21.766718,2427750,289.3,290.0
2025-12-29 12:39:00,1.3,1.3,1.25,1.3,5850,22.493357,2418975,289.3,290.0
2025-12-29 12:40:00,1.25,1.3,1.25,1.25,5850,22.409979,2418975,289.2,290.0
2025-12-29 12:41:00,1.25,1.25,1.25,1.25,5850,22.416105,2421900,289.2,290.0
2025-12-29 12:42:00,1.2,1.25,1.2,1.2,2925,21.697695,2421900,289.2,290.0
2025-12-29 12:43:00,1.2,1.2,1.2,1.2,0,21.70364,2421900,289.2,290.0
2025-12-29 12:44:00,1.25,1.3,1.2,1.3,23400,22.842574,2416050,289.25,290.0
2025-12-29 12:45:00,1.35,1.35,1.3,1.35,14625,23.251588,2416050,289.3,290.0
2025-12-29 12:46:00,1.35,1.35,1.35,1.35,0,22.611108,2416050,289.4,290.0
2025-12-29 12:47:00,1.35,1.4,1.35,1.4,52650,23.008087,2416050,289.45,290.0
2025-12-29 12:48:00,1.4,1.4,1.4,1.4,0,23.992069,2416050,289.3,290.0
2025-12-29 12:49:00,1.35,1.4,1.35,1.35,20475,23.277072,2416050,289.3,290.0
2025-12-29 12:50:00,1.35,1.35,1.35,1.35,2925,23.283451,2416050,289.3,290.0
2025-12-29 12:51:00,1.35,1.35,1.35,1.35,0,23.610045,2416050,289.25,290.0
2025-12-29 12:52:00,1.35,1.35,1.35,1.35,0,23.616511,2416050,289.25,290.0
2025-12-29 12:53:00,1.25,1.35,1.25,1.25,2925,21.536147,2380950,289.35,290.0
2025-12-29 12:54:00,1.25,1.25,1.25,1.25,0,21.54209,2380950,289.35,290.0
2025-12-29 12:55:00,1.25,1.25,1.25,1.25,0,21.548038,2380950,289.35,290.0
2025-12-29 12:56:00,1.35,1.35,1.25,1.35,8775,23.32186,2380950,289.3,290.0
2025-12-29 12:57:00,1.35,1.35,1.35,1.35,0,22.679635,2380950,289.4,290.0
2025-12-29 12:58:00,1.35,1.35,1.35,1.35,11700,23.011541,2380950,289.35,290.0
2025-12-29 12:59:00,1.4,1.4,1.35,1.35,14625,23.341117,2389725,289.3,290.0
2025-12-29 13:00:00,1.3,1.35,1.3,1.3,5850,22.943157,2389725,289.25,290.0
2025-12-29 13:01:00,1.35,1.35,1.3,1.35,11700,23.674991,2389725,289.25,290.0
2025-12-29 13:02:00,1.35,1.35,1.35,1.35,2925,22.382426,2383875,289.45,290.0
2025-12-29 13:03:00,1.3,1.35,1.3,1.35,20475,22.717264,2383875,289.4,290.0
2025-12-29 13:04:00,1.35,1.35,1.35,1.35,17550,22.394824,2383875,289.45,290.0
2025-12-29 13:05:00,1.35,1.35,1.35,1.35,0,23.05606,2383875,289.35,290.0
2025-12-29 13:06:00,1.35,1.35,1.35,1.35,0,23.70765,2383875,289.25,290.0
2025-12-29 13:07:00,1.35,1.35,1.35,1.35,2925,24.03338,2369250,289.2,290.0
2025-12-29 13:08:00,1.35,1.35,1.35,1.35,0,24.040012,2369250,289.2,290.0
2025-12-29 13:09:00,1.35,1.35,1.35,1.35,0,24.046667,2369250,289.2,290.0
2025-12-29 13:10:00,2.7,2.7,2.7,2.7,0,29.038443,508950,288.65,287.5
2025-12-29 13:11:00,2.7,2.7,2.7,2.7,0,29.046532,508950,288.65,287.5
2025-12-29 13:12:00,2.2,2.7,2.2,2.2,2925,21.52214,511875,288.65,287.5
2025-12-29 13:13:00,2.2,2.2,2.2,2.2,0,21.038805,511875,288.7,287.5
2025-12-29 13:14:00,2.2,2.2,2.2,2.2,0,21.044869,514800,288.7,287.5
2025-12-29 13:15:00,2.2,2.2,2.2,2.2,0,20.551003,514800,288.75,287.5
2025-12-29 13:16:00,1.1,1.1,1.1,1.1,0,22.859989,2301975,288.8,290.0
2025-12-29 13:17:00,2.1,2.2,2.05,2.05,32175,23.401378,514800,288.2,287.5
2025-12-29 13:18:00,1.9,2.05,1.9,1.9,8775,20.747226,514800,288.25,287.5
2025-12-29 13:19:00,1.9,1.9,1.9,1.9,0,22.055059,514800,288.1,287.5
2025-12-29 13:20:00,2.05,2.05,1.9,2.05,8775,23.421254,514800,288.2,287.5
2025-12-29 13:21:00,2.05,2.05,2.05,2.05,0,23.4279,514800,288.2,287.5
2025-12-29 13:22:00,2.1,2.1,2.05,2.05,5850,23.001732,514800,288.25,287.5
2025-12-29 13:23:00,2.05,2.05,2.05,2.05,0,23.008249,514800,288.25,287.5
2025-12-29 13:24:00,2.05,2.05,2.05,2.05,0,23.874958,514800,288.15,287.5
2025-12-29 13:25:00,2.05,2.05,2.05,2.05,5850,23.021341,517725,288.25,287.5
2025-12-29 13:26:00,2.05,2.05,2.05,2.05,0,22.588367,517725,288.3,287.5
2025-12-29 13:27:00,2.05,2.05,2.05,2.05,0,23.895263,517725,288.15,287.5
2025-12-29 13:28:00,2.05,2.05,2.05,2.05,0,23.902039,517725,288.15,287.5
2025-12-29 13:29:00,2.05,2.05,2.05,2.05,0,23.908828,517725,288.15,287.5
2025-12-29 13:30:00,2.05,2.05,2.05,2.05,0,26.770074,517725,287.8,287.5
2025-12-29 13:31:00,2.05,2.05,2.05,2.05,0,25.984237,517725,287.9,287.5
2025-12-29 13:32:00,2.05,2.05,2.05,2.05,0,25.991584,517725,287.9,287.5
2025-12-29 13:33:00,2.05,2.05,2.05,2.05,0,27.570924,517725,287.7,287.5
2025-12-29 13:34:00,1.85,2.05,1.85,1.85,8775,23.478336,517725,287.85,287.5
2025-12-29 13:35:00,1.85,1.85,1.85,1.85,5850,24.277741,517725,287.75,287.5
2025-12-29 13:36:00,1.85,1.85,1.85,1.85,0,23.491666,517725,287.85,287.5
2025-12-29 13:37:00,1.95,1.95,1.85,1.85,11700,24.291481,523575,287.75,287.5
2025-12-29 13:38:00,1.85,1.85,1.85,1.85,0,24.688552,523575,287.7,287.5
2025-12-29 13:39:00,1.7,1.85,1.7,1.7,14625,24.030405,526500,287.5,287.5
2025-12-29 13:40:00,1.7,1.7,1.7,1.7,0,22.897587,526500,287.65,287.5
2025-12-29 13:41:00,1.7,1.7,1.7,1.7,0,21.72554,526500,287.8,287.5
2025-12-29 13:42:00,1.7,1.7,1.7,1.7,0,22.129411,526500,287.75,287.5
2025-12-29 13:43:00,1.7,1.7,1.7,1.7,0,20.926996,526500,287.9,287.5
2025-12-29 13:44:00,1.7,1.7,1.7,1.7,0,20.098887,526500,288.0,287.5
2025-12-29 13:45:00,1.7,1.7,1.7,1.7,0,19.244147,526500,288.1,287.5
2025-12-29 13:46:00,1.9,1.9,1.7,1.9,8775,25.086218,532350,287.75,287.5
2025-12-29 13:47:00,1.9,1.9,1.9,1.9,0,23.48846,532350,287.95,287.5
2025-12-29 13:48:00,1.9,1.9,1.9,1.9,0,21.371348,532350,288.2,287.5
2025-12-29 13:49:00,1.9,1.9,1.9,1.9,0,22.245157,532350,288.1,287.5
2025-12-29 13:50:00,1.9,1.9,1.9,1.9,0,22.676184,532350,288.05,287.5
2025-12-29 13:51:00,1.9,1.9,1.9,1.9,0,21.389934,532350,288.2,287.5
2025-12-29 13:52:00,1.9,1.9,1.9,1.9,0,21.833527,532350,288.15,287.5
2025-12-29 13:53:00,1.9,1.9,1.85,1.85,8775,24.006268,532350,287.8,287.5
2025-12-29 13:54:00,1.85,1.85,1.85,1.85,0,23.612613,532350,287.85,287.5
2025-12-29 13:55:00,1.85,1.85,1.85,1.85,0,17.844176,532350,288.5,287.5
2025-12-29 13:56:00,1.2,1.25,0.9,1.25,99450,24.766514,2255175,288.9,290.0
2025-12-29 13:57:00,2.4,2.4,2.3,2.4,8775,28.451553,538200,288.25,287.5
2025-12-29 13:58:00,2.4,2.4,2.4,2.4,0,27.598973,538200,288.35,287.5
2025-12-29 13:59:00,2.4,2.4,2.4,2.4,0,30.135632,538200,288.05,287.5
2025-12-29 14:00:00,2.4,2.4,2.4,2.4,0,30.144175,538200,288.05,287.5
2025-12-29 14:01:00,1.9,2.4,1.9,2.05,20475,26.206276,529425,287.9,287.5
2025-12-29 14:02:00,2.05,2.05,2.05,2.05,0,25.397003,529425,288.0,287.5
2025-12-29 14:03:00,2.05,2.05,2.05,2.05,0,25.404282,529425,288.0,287.5
2025-12-29 14:04:00,2.05,2.05,2.05,2.05,0,26.228767,529425,287.9,287.5
2025-12-29 14:05:00,1.9,2.05,1.9,1.9,2925,23.195109,526500,288.0,287.5
2025-12-29 14:06:00,2.65,2.65,1.9,2.5,29250,27.386881,526500,288.55,287.5
2025-12-29 14:07:00,2.5,2.5,2.5,2.5,0,28.290682,526500,288.45,287.5
2025-12-29 14:08:00,2.25,2.5,2.25,2.25,14625,25.428152,526500,288.35,287.5
2025-12-29 14:09:00,2.25,2.25,2.25,2.25,0,25.435502,526500,288.35,287.5
2025-12-29 14:10:00,2.2,2.25,2.2,2.2,2925,24.241462,526500,288.4,287.5
2025-12-29 14:11:00,2.2,2.2,2.2,2.2,0,24.248515,526500,288.4,287.5
2025-12-29 14:12:00,2.2,2.2,2.2,2.2,0,25.147815,526500,288.3,287.5
2025-12-29 14:13:00,2.2,2.2,2.2,2.2,0,26.872615,526500,288.1,287.5
2025-12-29 14:14:00,2.2,2.2,2.2,2.2,0,27.297515,526500,288.05,287.5
2025-12-29 14:15:00,2.2,2.2,2.2,2.2,0,29.722501,526500,287.75,287.5
2025-12-29 14:16:00,2.2,2.2,2.2,2.2,0,29.730986,526500,287.75,287.5
2025-12-29 14:17:00,2.2,2.2,2.2,2.2,0,29.739481,526500,287.75,287.5
2025-12-29 14:18:00,1.7,2.2,1.6,1.6,14625,20.880759,526500,287.75,287.5
2025-12-29 14:19:00,1.6,1.6,1.6,1.6,0,21.678783,526500,287.65,287.5
2025-12-29 14:20:00,1.6,1.6,1.6,1.6,0,21.685105,526500,287.65,287.5
2025-12-29 14:21:00,1.6,1.6,1.6,1.6,0,20.495199,526500,287.8,287.5
2025-12-29 14:22:00,1.6,1.6,1.6,1.6,0,20.501221,526500,287.8,287.5
2025-12-29 14:23:00,1.6,1.6,1.6,1.6,0,19.681893,526500,287.9,287.5
2025-12-29 14:24:00,1.8,1.8,1.6,1.8,5850,22.666165,529425,287.9,287.5
2025-12-29 14:25:00,1.8,1.8,1.8,1.8,0,20.091088,529425,288.2,287.5
2025-12-29 14:26:00,1.95,1.95,1.8,1.95,2925,24.498969,529425,287.95,287.5
2025-12-29 14:27:00,1.95,1.95,1.95,1.95,0,24.506108,529425,287.95,287.5
2025-12-29 14:28:00,1.85,1.95,1.85,1.85,2925,23.023122,526500,287.95,287.5
2025-12-29 14:29:00,1.85,1.85,1.85,1.85,0,23.029866,526500,287.95,287.5
2025-12-29 14:30:00,1.85,1.85,1.85,1.85,0,23.859708,526500,287.85,287.5
2025-12-29 14:31:00,1.7,1.85,1.7,1.7,2925,21.221629,523575,287.9,287.5
2025-12-29 14:32:00,1.7,1.7,1.7,1.7,0,21.227878,523575,287.9,287.5
2025-12-29 14:33:00,1.75,1.75,1.7,1.75,2925,22.392258,520650,287.85,287.5
2025-12-29 14:34:00,1.75,1.75,1.75,1.75,0,21.986762,520650,287.9,287.5
2025-12-29 14:35:00,1.75,1.75,1.75,1.75,0,22.405419,520650,287.85,287.5
2025-12-29 14:36:00,1.75,1.75,1.75,1.75,0,22.412006,520650,287.85,287.5
2025-12-29 14:37:00,1.75,1.75,1.75,1.75,0,22.006211,520650,287.9,287.5
2025-12-29 14:38:00,1.75,1.75,1.75,1.75,0,21.594687,520650,287.95,287.5
2025-12-29 14:39:00,1.75,1.75,1.75,1.75,0,21.601075,520650,287.95,287.5
2025-12-29 14:40:00,1.75,1.75,1.75,1.75,0,21.183365,520650,288.0,287.5
2025-12-29 14:41:00,1.75,1.75,1.75,1.75,0,22.032208,520650,287.9,287.5
2025-12-29 14:42:00,1.75,1.75,1.75,1.75,0,21.620265,520650,287.95,287.5
2025-12-29 14:43:00,1.75,1.75,1.75,1.75,0,22.866097,520650,287.8,287.5
2025-12-29 14:44:00,1.75,1.75,1.75,1.75,0,22.464898,520650,287.85,287.5
2025-12-29 14:45:00,1.75,1.75,1.75,1.75,0,22.471541,520650,287.85,287.5
2025-12-29 14:46:00,1.75,1.75,1.75,1.75,0,22.478175,520650,287.85,287.5
2025-12-29 14:47:00,1.75,1.75,1.75,1.75,0,21.227485,520650,288.0,287.5
2025-12-29 14:48:00,1.7,1.75,1.65,1.65,11700,20.995604,517725,287.85,287.5
2025-12-29 14:49:00,1.65,1.65,1.6,1.6,32175,21.473941,517725,287.7,287.5
2025-12-29 14:50:00,1.6,1.6,1.35,1.35,49725,20.077908,517725,287.4,287.5
2025-12-29 14:51:00,1.35,1.35,1.35,1.35,0,21.185751,517725,287.25,287.5
2025-12-29 14:52:00,1.35,1.35,1.35,1.35,0,21.551771,517725,287.2,287.5
2025-12-29 14:53:00,1.4,1.4,1.35,1.4,2925,22.660444,523575,287.15,287.5
2025-12-29 14:54:00,1.3,1.4,1.3,1.3,2925,20.096265,523575,287.3,287.5
2025-12-29 14:55:00,1.3,1.3,1.3,1.3,0,21.180918,523575,287.15,287.5
2025-12-29 14:56:00,1.3,1.3,1.3,1.3,0,20.831193,523575,287.2,287.5
2025-12-29 14:57:00,1.45,1.45,1.3,1.45,5850,18.877596,523575,287.75,287.5
2025-12-29 14:58:00,1.45,1.45,1.45,1.45,0,20.473832,523575,287.55,287.5
2025-12-29 14:59:00,1.45,1.45,1.45,1.45,8775,19.294934,523575,287.7,287.5
2025-12-29 15:00:00,1.55,1.55,1.45,1.55,2925,22.742815,520650,287.45,287.5
2025-12-29 15:01:00,1.55,1.55,1.55,1.55,0,22.749548,520650,287.45,287.5
2025-12-29 15:02:00,1.55,1.55,1.55,1.55,0,21.207796,520650,287.65,287.5
2025-12-29 15:03:00,1.55,1.55,1.55,1.55,0,20.815283,520650,287.7,287.5
2025-12-29 15:04:00,1.55,1.55,1.55,1.55,0,21.220468,514800,287.65,287.5
2025-12-29 15:05:00,1.55,1.55,1.55,1.55,0,20.827749,514800,287.7,287.5
2025-12-29 15:06:00,1.55,1.55,1.55,1.55,14625,20.833996,514800,287.7,287.5
2025-12-29 15:07:00,1.55,1.55,1.55,1.55,0,22.408905,514800,287.5,287.5
2025-12-29 15:08:00,1.5,1.55,1.5,1.5,14625,20.892374,514800,287.6,287.5
2025-12-29 15:09:00,1.5,1.5,1.5,1.5,0,21.289022,514800,287.55,287.5
2025-12-29 15:10:00,1.5,1.5,1.5,1.5,0,21.295391,514800,287.55,287.5
2025-12-29 15:11:00,1.55,1.55,1.5,1.5,8775,21.301764,511875,287.55,287.5
2025-12-29 15:12:00,1.6,1.6,1.5,1.6,20475,22.414954,503100,287.6,287.5
2025-12-29 15:13:00,1.55,1.6,1.55,1.55,11700,20.472703,503100,287.75,287.5
2025-12-29 15:14:00,1.55,1.55,1.55,1.55,0,22.069664,503100,287.55,287.5
2025-12-29 15:15:00,1.5,1.55,1.45,1.45,20475,20.578316,473850,287.55,287.5
2025-12-29 15:16:00,1.45,1.45,1.45,1.45,43875,20.192889,473850,287.6,287.5
2025-12-29 15:17:00,1.45,1.45,1.45,1.45,0,20.198984,473850,287.6,287.5
2025-12-29 15:18:00,1.5,1.5,1.45,1.5,2925,21.346533,488475,287.55,287.5
2025-12-29 15:19:00,1.5,1.5,1.5,1.5,0,20.961525,488475,287.6,287.5
2025-12-29 15:20:00,1.5,1.5,1.45,1.45,5850,20.217285,488475,287.6,287.5
2025-12-29 15:21:00,1.45,1.45,1.45,1.45,0,19.423611,488475,287.7,287.5
2025-12-29 15:22:00,1.55,1.55,1.45,1.55,64350,21.731383,491400,287.6,287.5
2025-12-29 15:23:00,1.55,1.55,1.55,1.55,0,21.737921,491400,287.6,287.5
2025-12-29 15:24:00,1.55,1.55,1.55,1.55,0,21.744467,491400,287.6,287.5
2025-12-29 15:25:00,1.55,1.55,1.55,1.55,0,22.142625,491400,287.55,287.5
2025-12-29 15:26:00,1.55,1.55,1.55,1.55,0,22.536577,491400,287.5,287.5
2025-12-29 15:27:00,1.55,1.55,1.55,1.55,0,22.54336,491400,287.5,287.5
2025-12-29 15:28:00,1.55,1.55,1.55,1.55,0,22.933454,491400,287.45,287.5
2025-12-29 15:29:00,1.55,1.55,1.55,1.55,0,22.556919,491400,287.5,287.5
2025-12-30 09:16:00,0.8,0.8,0.7,0.7,20475,28.020601,465075,286.35,287.5
2025-12-30 09:17:00,0.7,0.75,0.7,0.75,26325,25.521339,465075,286.75,287.5
2025-12-30 09:18:00,0.7,0.75,0.7,0.7,2925,27.604285,465075,286.4,287.5
2025-12-30 09:19:00,0.7,0.7,0.7,0.7,0,27.624469,465075,286.4,287.5
2025-12-30 09:20:00,1.7,1.75,1.7,1.7,8775,30.525541,696150,285.75,285.0
2025-12-30 09:21:00,1.7,1.7,1.7,1.7,0,29.026014,696150,285.85,285.0
2025-12-30 09:22:00,1.25,1.7,1.25,1.25,5850,13.037071,690300,286.05,285.0
2025-12-30 09:23:00,1.25,1.25,1.25,1.25,0,13.04785,690300,286.05,285.0
2025-12-30 09:24:00,1.25,1.25,1.25,1.25,0,14.295719,690300,286.0,285.0
2025-12-30 09:25:00,1.25,1.25,1.25,1.25,0,14.3073,690300,286.0,285.0
2025-12-30 09:26:00,1.25,1.25,1.25,1.25,0,16.470155,690300,285.9,285.0
2025-12-30 09:27:00,1.25,1.25,1.25,1.25,0,16.483126,690300,285.9,285.0
2025-12-30 09:28:00,1.25,1.25,1.25,1.25,0,16.496131,690300,285.9,285.0
2025-12-30 09:29:00,1.25,1.25,1.25,1.25,0,16.509156,690300,285.9,285.0
2025-12-30 09:30:00,1.1,1.25,1.1,1.1,8775,17.908503,690300,285.6,285.0
2025-12-30 09:31:00,1.1,1.1,1.1,1.1,0,18.726458,690300,285.55,285.0
2025-12-30 09:32:00,1.1,1.1,1.1,1.1,0,10.722809,690300,285.95,285.0
2025-12-30 09:33:00,1.1,1.1,1.1,1.1,0,10.732215,690300,285.95,285.0
2025-12-30 09:34:00,0.45,0.45,0.45,0.45,29250,21.753415,520650,286.35,287.5
2025-12-30 09:35:00,0.45,0.45,0.45,0.45,8775,21.341113,523575,286.4,287.5
2025-12-30 09:36:00,1.5,1.5,1.5,1.5,0,16.274235,690300,286.25,285.0
2025-12-30 09:37:00,0.45,0.45,0.45,0.45,23400,20.504018,549900,286.5,287.5
2025-12-30 09:38:00,0.45,0.45,0.45,0.45,17550,21.819097,549900,286.35,287.5
2025-12-30 09:39:00,0.45,0.45,0.45,0.45,0,22.262112,549900,286.3,287.5
2025-12-30 09:40:00,1.5,1.5,1.5,1.5,0,16.327651,690300,286.25,285.0
2025-12-30 09:41:00,1.5,1.5,1.5,1.5,0,16.341059,690300,286.25,285.0
2025-12-30 09:42:00,0.5,0.5,0.5,0.5,2925,23.250527,561600,286.35,287.5
2025-12-30 09:43:00,0.55,0.55,0.5,0.55,8775,23.266108,561600,286.5,287.5
2025-12-30 09:44:00,0.55,0.55,0.55,0.55,0,22.825616,561600,286.55,287.5
2025-12-30 09:45:00,0.55,0.55,0.55,0.55,0,23.756271,561600,286.45,287.5
2025-12-30 09:46:00,0.55,0.55,0.55,0.55,0,23.77442,561600,286.45,287.5
2025-12-30 09:47:00,0.55,0.55,0.55,0.55,0,23.792576,561600,286.45,287.5
2025-12-30 09:48:00,1.8,1.8,1.8,1.8,0,26.287795,681525,286.2,285.0
2025-12-30 09:49:00,1.8,1.8,1.8,1.8,0,26.308413,681525,286.2,285.0
2025-12-30 09:50:00,0.55,0.55,0.55,0.55,0,24.300001,561600,286.4,287.5
2025-12-30 09:51:00,0.55,0.55,0.55,0.55,0,22.483692,561600,286.6,287.5
2025-12-30 09:52:00,0.55,0.55,0.55,0.55,2925,22.031681,576225,286.65,287.5
2025-12-30 09:53:00,0.55,0.55,0.55,0.55,0,23.445095,576225,286.5,287.5
2025-12-30 09:54:00,1.8,1.8,1.8,1.8,0,25.463636,681525,286.25,285.0
2025-12-30 09:55:00,0.55,0.55,0.55,0.55,0,23.019405,576225,286.55,287.5
2025-12-30 09:56:00,0.55,0.55,0.55,0.55,0,23.49957,576225,286.5,287.5
2025-12-30 09:57:00,0.55,0.55,0.55,0.55,0,23.976565,576225,286.45,287.5
2025-12-30 09:58:00,0.55,0.55,0.55,0.55,0,23.536108,576225,286.5,287.5
2025-12-30 09:59:00,0.55,0.55,0.55,0.55,0,23.554457,576225,286.5,287.5
2025-12-30 10:00:00,0.55,0.55,0.55,0.55,0,22.169136,576225,286.65,287.5
2025-12-30 10:01:00,0.55,0.55,0.55,0.55,0,20.247946,576225,286.85,287.5
2025-12-30 10:02:00,0.7,0.7,0.55,0.7,14625,19.799554,573300,287.25,287.5
2025-12-30 10:03:00,1.05,1.05,0.7,1.05,11700,22.878138,573300,287.7,287.5
2025-12-30 10:04:00,1.1,1.1,1.05,1.05,29250,21.522082,582075,287.8,287.5
2025-12-30 10:05:00,1.05,1.05,1.05,1.05,0,20.827538,582075,287.85,287.5
2025-12-30 10:06:00,1.05,1.05,1.05,1.05,0,24.897416,582075,287.55,287.5
2025-12-30 10:07:00,1.0,1.05,1.0,1.0,17550,21.022185,582075,287.75,287.5
2025-12-30 10:08:00,1.1,1.1,0.9,0.9,5850,16.326137,576225,287.9,287.5
2025-12-30 10:09:00,1.0,1.0,0.9,1.0,5850,22.413017,576225,287.65,287.5
2025-12-30 10:10:00,1.05,1.05,1.0,1.05,40950,23.006326,567450,287.7,287.5
2025-12-30 10:11:00,1.05,1.05,1.05,1.05,0,21.643409,567450,287.8,287.5
2025-12-30 10:12:00,1.05,1.05,1.05,1.05,5850,19.456002,567450,287.95,287.5
2025-12-30 10:13:00,1.3,1.3,1.05,1.3,8775,27.256266,558675,287.85,287.5
2025-12-30 10:14:00,1.3,1.3,1.3,1.3,0,21.136367,558675,288.25,287.5
2025-12-30 10:15:00,1.45,1.45,1.3,1.45,14625,24.279378,558675,288.3,287.5
2025-12-30 10:16:00,1.5,1.5,1.45,1.5,14625,26.428374,558675,288.25,287.5
2025-12-30 10:17:00,1.5,1.5,1.5,1.5,0,28.019851,558675,288.15,287.5
2025-12-30 10:18:00,1.5,1.5,1.5,1.5,0,28.042502,558675,288.15,287.5
2025-12-30 10:19:00,1.5,1.5,1.5,1.5,0,26.49289,558675,288.25,287.5
2025-12-30 10:20:00,1.2,1.2,0.7,1.2,84825,29.3104,1872000,290.0,290.0
2025-12-30 10:21:00,1.35,1.35,1.2,1.3,108225,38.338149,1872000,289.45,290.0
2025-12-30 10:22:00,1.05,1.3,1.05,1.05,102375,35.320281,1880775,289.15,290.0
2025-12-30 10:23:00,0.9,1.05,0.9,0.9,26325,32.01769,1880775,289.1,290.0
2025-12-30 10:24:00,0.9,1.0,0.9,1.0,20475,30.879772,1880775,289.45,290.0
2025-12-30 10:25:00,1.0,1.0,1.0,1.0,14625,32.535291,1889550,289.3,290.0
2025-12-30 10:26:00,1.0,1.0,1.0,1.0,0,30.375579,1889550,289.5,290.0
2025-12-30 10:27:00,0.95,1.0,0.95,0.95,14625,28.580205,1889550,289.55,290.0
2025-12-30 10:28:00,1.0,1.0,0.95,1.0,52650,26.967545,1886625,289.8,290.0
2025-12-30 10:29:00,1.0,1.0,1.0,1.0,84825,28.749013,1886625,289.65,290.0
2025-12-30 10:30:00,1.25,1.25,1.0,1.2,32175,30.178325,1886625,289.95,290.0
2025-12-30 10:31:00,1.15,1.2,1.15,1.2,11700,30.203067,1886625,289.95,290.0
2025-12-30 10:32:00,1.05,1.2,1.05,1.05,49725,28.906651,1898325,289.75,290.0
2025-12-30 10:33:00,1.05,1.05,1.05,1.05,87750,28.930388,1898325,289.75,290.0
2025-12-30 10:34:00,1.15,1.15,1.05,1.15,32175,32.061993,1898325,289.7,290.0
2025-12-30 10:35:00,1.15,1.15,1.15,1.15,11700,37.186214,1898325,289.25,290.0
2025-12-30 10:36:00,0.8,1.15,0.8,0.8,43875,30.248078,1898325,289.05,290.0
2025-12-30 10:37:00,0.8,0.8,0.8,0.8,0,31.768779,1898325,288.9,290.0
2025-12-30 10:38:00,0.75,0.8,0.75,0.8,17550,30.800604,1886625,289.0,290.0
2025-12-30 10:39:00,0.8,0.8,0.8,0.8,0,30.322854,1886625,289.05,290.0
2025-12-30 10:40:00,0.75,0.8,0.75,0.75,2925,29.024013,1886625,289.05,290.0
2025-12-30 10:41:00,0.75,0.75,0.7,0.7,23400,29.186327,1886625,288.9,290.0
2025-12-30 10:42:00,0.7,0.7,0.7,0.7,5850,28.724133,1886625,288.95,290.0
2025-12-30 10:43:00,0.65,0.7,0.65,0.7,5850,28.747948,1886625,288.95,290.0
2025-12-30 10:44:00,0.7,0.7,0.7,0.7,0,29.259019,1886625,288.9,290.0
2025-12-30 10:45:00,0.7,0.7,0.7,0.7,0,28.795811,1886625,288.95,290.0
2025-12-30 10:46:00,0.7,0.7,0.7,0.7,0,28.819815,1886625,288.95,290.0
2025-12-30 10:47:00,0.7,0.7,0.7,0.7,0,28.843904,1886625,288.95,290.0
2025-12-30 10:48:00,0.75,0.75,0.7,0.75,26325,27.687398,1869075,289.2,290.0
2025-12-30 10:49:00,0.8,0.8,0.75,0.8,17550,28.505359,1869075,289.25,290.0
2025-12-30 10:50:00,0.8,0.8,0.8,0.8,0,27.999777,1869075,289.3,290.0
2025-12-30 10:51:00,0.95,0.95,0.8,0.95,5850,33.551393,1860300,289.15,290.0
2025-12-30 10:52:00,0.95,0.95,0.95,0.95,0,35.673515,1860300,288.95,290.0
2025-12-30 10:53:00,1.8,1.8,1.8,1.8,0,32.808427,503100,288.4,287.5
2025-12-30 10:54:00,1.8,1.8,1.8,1.8,0,31.149736,503100,288.5,287.5
2025-12-30 10:55:00,1.8,1.8,1.8,1.8,0,32.02984,503100,288.45,287.5
2025-12-30 10:56:00,1.8,1.8,1.8,1.8,0,31.203202,503100,288.5,287.5
2025-12-30 10:57:00,1.8,1.8,1.8,1.8,0,36.870361,503100,288.15,287.5
2025-12-30 10:58:00,1.8,1.8,1.8,1.8,0,43.329869,503100,287.7,287.5
2025-12-30 10:59:00,1.8,1.8,1.8,1.8,0,44.709681,503100,287.6,287.5
2025-12-30 11:00:00,1.8,1.8,1.8,1.8,0,44.07896,503100,287.65,287.5
2025-12-30 11:01:00,1.8,1.8,1.8,1.8,0,45.448826,503100,287.55,287.5
2025-12-30 11:02:00,1.05,1.8,1.05,1.05,20475,26.07951,500175,287.55,287.5
2025-12-30 11:03:00,1.05,1.05,1.05,1.05,0,26.102143,500175,287.55,287.5
2025-12-30 11:04:00,1.15,1.15,1.05,1.15,11700,28.046278,500175,287.6,287.5
2025-12-30 11:05:00,1.15,1.15,1.15,1.15,0,28.070568,500175,287.6,287.5
2025-12-30 11:06:00,1.0,1.15,1.0,1.0,2925,26.830976,506025,287.4,287.5
2025-12-30 11:07:00,0.9,1.0,0.8,0.8,8775,22.903796,506025,287.3,287.5
2025-12-30 11:08:00,0.8,0.8,0.8,0.8,11700,21.674087,506025,287.4,287.5
2025-12-30 11:09:00,0.75,0.8,0.75,0.75,2925,24.016909,506025,287.1,287.5
2025-12-30 11:10:00,0.75,0.75,0.75,0.75,0,22.864967,506025,287.2,287.5
2025-12-30 11:11:00,0.7,0.75,0.7,0.7,11700,21.570637,508950,287.2,287.5
2025-12-30 11:12:00,0.8,0.8,0.7,0.8,2925,18.39459,508950,287.65,287.5
2025-12-30 11:13:00,0.8,0.8,0.8,0.8,0,19.11346,508950,287.6,287.5
2025-12-30 11:14:00,0.8,0.8,0.8,0.8,0,18.427538,508950,287.65,287.5
2025-12-30 11:15:00,0.95,1.0,0.8,1.0,11700,21.527061,506025,287.8,287.5
2025-12-30 11:16:00,1.1,1.1,1.0,1.1,5850,21.090521,506025,288.0,287.5
2025-12-30 11:17:00,1.2,1.2,1.1,1.2,5850,20.415158,511875,288.2,287.5
2025-12-30 11:18:00,1.2,1.2,1.2,1.2,0,13.94036,511875,288.5,287.5
2025-12-30 11:19:00,1.9,1.9,1.2,1.9,5850,32.844256,511875,288.6,287.5
2025-12-30 11:20:00,0.55,0.55,0.55,0.55,5850,26.417283,1845675,288.85,290.0
2025-12-30 11:21:00,0.8,0.85,0.55,0.85,40950,32.793887,1845675,289.05,290.0
2025-12-30 11:22:00,0.9,0.9,0.85,0.9,32175,34.184003,1845675,289.05,290.0
2025-12-30 11:23:00,0.95,1.1,0.9,1.1,49725,35.107358,1845675,289.45,290.0
2025-12-30 11:24:00,1.0,1.1,1.0,1.0,38025,34.760589,1845675,289.25,290.0
2025-12-30 11:25:00,1.15,1.15,1.0,1.0,17550,36.447978,1845675,289.1,290.0
2025-12-30 11:26:00,1.0,1.0,1.0,1.0,2925,33.123273,1845675,289.4,290.0
2025-12-30 11:27:00,1.1,1.1,1.0,1.1,20475,31.61622,1813500,289.75,290.0
2025-12-30 11:28:00,1.2,1.2,1.1,1.2,52650,36.12219,1813500,289.6,290.0
2025-12-30 11:29:00,1.0,1.2,1.0,1.0,5850,36.028231,1790100,289.15,290.0
2025-12-30 11:30:00,0.7,1.0,0.7,0.7,32175,29.93783,1790100,288.95,290.0
2025-12-30 11:31:00,0.75,0.75,0.7,0.75,2925,32.890989,1790100,288.8,290.0
2025-12-30 11:32:00,2.2,2.2,2.2,2.2,0,38.982924,494325,288.75,287.5
2025-12-30 11:33:00,2.2,2.2,2.2,2.2,0,46.520673,494325,288.3,287.5
2025-12-30 11:34:00,2.2,2.2,2.2,2.2,0,48.106567,494325,288.2,287.5
2025-12-30 11:35:00,2.2,2.2,2.2,2.2,0,49.66043,497250,288.1,287.5
2025-12-30 11:36:00,2.2,2.2,2.2,2.2,0,48.953596,497250,288.15,287.5
2025-12-30 11:37:00,2.2,2.2,2.2,2.2,0,49.750294,497250,288.1,287.5
2025-12-30 11:38:00,2.2,2.2,2.2,2.2,0,49.795412,497250,288.1,287.5
2025-12-30 11:39:00,2.2,2.2,2.2,2.2,0,51.324704,497250,288.0,287.5
2025-12-30 11:40:00,2.2,2.2,2.2,2.2,0,49.886052,497250,288.1,287.5
2025-12-30 11:41:00,1.6,2.2,1.6,1.6,8775,31.228353,497250,288.25,287.5
2025-12-30 11:42:00,1.7,1.7,1.6,1.7,14625,37.208604,497250,288.05,287.5
2025-12-30 11:43:00,1.7,1.7,1.7,1.7,0,36.464963,497250,288.1,287.5
2025-12-30 11:44:00,1.7,1.7,1.7,1.7,0,33.249102,497250,288.3,287.5
2025-12-30 11:45:00,1.7,1.7,1.7,1.7,0,33.279979,497250,288.3,287.5
2025-12-30 11:46:00,1.7,1.7,1.7,1.7,0,36.566306,503100,288.1,287.5
2025-12-30 11:47:00,1.7,1.7,1.7,1.7,0,37.380999,503100,288.05,287.5
2025-12-30 11:48:00,1.7,1.7,1.7,1.7,0,38.185412,503100,288.0,287.5
2025-12-30 11:49:00,1.7,1.7,1.7,1.7,0,38.980234,503100,287.95,287.5
2025-12-30 11:50:00,1.4,1.7,1.4,1.4,5850,33.110646,500175,287.8,287.5
2025-12-30 11:51:00,1.4,1.4,1.4,1.4,0,36.016134,500175,287.6,287.5
2025-12-30 11:52:00,1.4,1.4,1.4,1.4,0,36.745738,500175,287.55,287.5
2025-12-30 11:53:00,1.25,1.4,1.25,1.25,5850,32.022881,497250,287.6,287.5
2025-12-30 11:54:00,1.25,1.25,1.25,1.25,0,32.05302,497250,287.6,287.5
2025-12-30 11:55:00,1.25,1.25,1.25,1.25,0,32.782855,497250,287.55,287.5
2025-12-30 11:56:00,1.15,1.25,1.15,1.15,2925,31.473561,494325,287.45,287.5
2025-12-30 11:57:00,1.15,1.15,1.15,1.15,0,30.820867,494325,287.5,287.5
2025-12-30 11:58:00,1.05,1.15,1.05,1.05,17550,29.488119,494325,287.4,287.5
2025-12-30 11:59:00,1.05,1.05,1.05,1.05,0,30.836322,494325,287.3,287.5
2025-12-30 12:00:00,1.05,1.05,1.05,1.05,0,30.865554,494325,287.3,287.5
2025-12-30 12:01:00,1.1,1.1,1.05,1.1,2925,30.260397,491400,287.45,287.5
2025-12-30 12:02:00,1.1,1.15,1.1,1.15,11700,30.96777,491400,287.5,287.5
2025-12-30 12:03:00,1.15,1.15,1.15,1.15,0,30.301496,491400,287.55,287.5
2025-12-30 12:04:00,1.15,1.15,1.15,1.15,0,35.022045,491400,287.2,287.5
2025-12-30 12:05:00,1.15,1.15,1.15,1.15,0,33.092528,491400,287.35,287.5
2025-12-30 12:06:00,1.15,1.15,1.15,1.15,0,32.453846,491400,287.4,287.5
2025-12-30 12:07:00,1.15,1.15,1.15,1.15,0,32.485092,485550,287.4,287.5
2025-12-30 12:08:00,1.15,1.15,1.15,1.15,0,33.188072,485550,287.35,287.5
2025-12-30 12:09:00,1.15,1.15,1.15,1.15,8775,31.176863,485550,287.5,287.5
2025-12-30 12:10:00,1.15,1.15,1.15,1.15,0,31.897789,485550,287.45,287.5
2025-12-30 12:11:00,1.15,1.15,1.15,1.15,0,30.536343,485550,287.55,287.5
2025-12-30 12:12:00,1.15,1.15,1.15,1.15,0,28.394722,485550,287.7,287.5
2025-12-30 12:13:00,1.15,1.15,1.15,1.15,0,28.422515,485550,287.7,287.5
2025-12-30 12:14:00,1.15,1.15,1.15,1.15,0,29.912218,485550,287.6,287.5
2025-12-30 12:15:00,1.15,1.15,1.15,1.15,0,30.655714,485550,287.55,287.5
2025-12-30 12:16:00,1.15,1.15,1.15,1.15,0,29.970919,485550,287.6,287.5
2025-12-30 12:17:00,1.2,1.2,1.15,1.2,2925,29.172978,485550,287.75,287.5
2025-12-30 12:18:00,1.25,1.25,1.2,1.25,2925,32.076914,485550,287.65,287.5
2025-12-30 12:19:00,1.25,1.25,1.25,1.25,0,32.108436,485550,287.65,287.5
2025-12-30 12:20:00,1.3,1.3,1.25,1.3,2925,30.5164,485550,287.85,287.5
2025-12-30 12:21:00,1.2,1.3,1.2,1.2,2925,26.130474,488475,287.95,287.5
2025-12-30 12:22:00,1.2,1.2,1.2,1.2,0,26.972096,488475,287.9,287.5
2025-12-30 12:23:00,1.2,1.2,1.2,1.2,0,26.999122,488475,287.9,287.5
2025-12-30 12:24:00,1.2,1.2,1.2,1.2,0,26.209176,488475,287.95,287.5
2025-12-30 12:25:00,1.2,1.2,1.2,1.2,0,26.235568,485550,287.95,287.5
2025-12-30 12:26:00,1.2,1.2,1.2,1.2,0,24.563143,485550,288.05,287.5
2025-12-30 12:27:00,1.65,1.65,1.2,1.65,35100,34.946955,488475,288.2,287.5
2025-12-30 12:28:00,1.65,1.65,1.65,1.65,0,34.121949,488475,288.25,287.5
2025-12-30 12:29:00,1.6,1.65,1.6,1.6,2925,31.822798,476775,288.3,287.5
2025-12-30 12:30:00,1.65,1.65,1.6,1.65,2925,31.493052,476775,288.4,287.5
2025-12-30 12:31:00,1.65,1.65,1.65,1.65,0,34.225384,476775,288.25,287.5
2025-12-30 12:32:00,1.65,1.65,1.65,1.65,0,31.557131,476775,288.4,287.5
2025-12-30 12:33:00,1.65,1.65,1.65,1.65,0,31.589282,476775,288.4,287.5
2025-12-30 12:34:00,1.65,1.65,1.65,1.65,5850,33.447014,479700,288.3,287.5
2025-12-30 12:35:00,1.6,1.65,1.6,1.6,2925,31.103543,479700,288.35,287.5
2025-12-30 12:36:00,1.6,1.6,1.6,1.6,0,30.197342,479700,288.4,287.5
2025-12-30 12:37:00,1.6,1.6,1.6,1.6,0,32.083298,479700,288.3,287.5
2025-12-30 12:38:00,1.6,1.6,1.6,1.6,0,30.259632,479700,288.4,287.5
2025-12-30 12:39:00,1.6,1.6,1.6,1.6,0,28.327547,479700,288.5,287.5
2025-12-30 12:40:00,1.6,1.6,1.6,1.6,0,26.256689,479700,288.6,287.5
2025-12-30 12:41:00,1.6,1.6,1.6,1.6,0,27.354776,479700,288.55,287.5
2025-12-30 12:42:00,1.6,1.6,1.6,1.6,0,29.415511,479700,288.45,287.5
2025-12-30 12:43:00,1.6,1.6,1.6,1.6,0,30.416921,479700,288.4,287.5
2025-12-30 12:44:00,1.6,1.6,1.6,1.6,0,29.477028,479700,288.45,287.5
2025-12-30 12:45:00,1.6,1.6,1.6,1.6,0,29.507899,479700,288.45,287.5
2025-12-30 12:46:00,1.6,1.6,1.6,1.6,0,28.535723,479700,288.5,287.5
2025-12-30 12:47:00,1.6,1.6,1.6,1.6,0,26.451212,485550,288.6,287.5
2025-12-30 12:48:00,1.6,1.6,1.6,1.6,0,26.479382,485550,288.6,287.5
2025-12-30 12:49:00,1.6,1.6,1.6,1.6,0,24.204397,485550,288.7,287.5
2025-12-30 12:50:00,1.6,1.6,1.6,1.6,0,25.410326,485550,288.65,287.5
2025-12-30 12:51:00,1.6,1.6,1.6,1.6,0,25.437586,485550,288.65,287.5
2025-12-30 12:52:00,1.6,1.6,1.6,1.6,0,26.592715,485550,288.6,287.5
2025-12-30 12:53:00,1.6,1.6,1.6,1.6,0,27.70432,485550,288.55,287.5
2025-12-30 12:54:00,0.7,0.7,0.6,0.7,2925,34.109459,1623375,288.8,290.0
2025-12-30 12:55:00,0.65,0.7,0.65,0.65,20475,32.598881,1623375,288.8,290.0
2025-12-30 12:56:00,0.65,0.65,0.65,0.65,0,32.098699,1623375,288.85,290.0
2025-12-30 12:57:00,1.6,1.6,1.6,1.6,0,28.871822,485550,288.5,287.5
2025-12-30 12:58:00,1.6,1.6,1.6,1.6,0,28.902972,485550,288.5,287.5
2025-12-30 12:59:00,1.6,1.6,1.6,1.6,0,28.934156,485550,288.5,287.5
2025-12-30 13:00:00,1.6,1.6,1.6,1.6,0,26.823487,485550,288.6,287.5
2025-12-30 13:01:00,1.65,1.65,1.6,1.6,8775,27.944494,482625,288.55,287.5
2025-12-30 13:02:00,1.6,1.6,1.6,1.6,0,27.974927,482625,288.55,287.5
2025-12-30 13:03:00,1.6,1.6,1.6,1.6,0,30.080396,482625,288.45,287.5
2025-12-30 13:04:00,1.6,1.6,1.6,1.6,0,31.104383,482625,288.4,287.5
2025-12-30 13:05:00,1.6,1.6,1.6,1.6,0,33.04558,482625,288.3,287.5
2025-12-30 13:06:00,0.5,0.6,0.5,0.6,8775,30.872596,1632150,288.85,290.0
2025-12-30 13:07:00,0.65,0.65,0.6,0.65,2925,33.017753,1632150,288.8,290.0
2025-12-30 13:08:00,0.65,0.65,0.65,0.65,0,33.053398,1632150,288.8,290.0
2025-12-30 13:09:00,1.7,1.7,1.7,1.7,0,30.319199,485550,288.6,287.5
2025-12-30 13:10:00,1.7,1.7,1.7,1.7,0,30.352626,485550,288.6,287.5
2025-12-30 13:11:00,0.7,0.7,0.65,0.7,26325,33.630151,1626300,288.9,290.0
2025-12-30 13:12:00,0.55,0.7,0.55,0.55,40950,29.479876,1626300,288.85,290.0
2025-12-30 13:13:00,0.65,0.65,0.55,0.65,8775,29.905841,1626300,289.1,290.0
2025-12-30 13:14:00,0.7,0.7,0.65,0.7,8775,31.475708,1626300,289.1,290.0
2025-12-30 13:15:00,0.7,0.7,0.7,0.7,14625,30.348282,1617525,289.2,290.0
2025-12-30 13:16:00,0.75,0.75,0.7,0.75,38025,30.705685,1617525,289.3,290.0
2025-12-30 13:17:00,0.8,0.8,0.75,0.8,26325,32.852285,1617525,289.25,290.0
2025-12-30 13:18:00,0.85,0.85,0.8,0.85,5850,32.541633,1559025,289.4,290.0
2025-12-30 13:19:00,0.9,1.0,0.85,1.0,23400,37.047526,1559025,289.4,290.0
2025-12-30 13:20:00,1.0,1.0,0.95,0.95,14625,38.101711,1556100,289.2,290.0
2025-12-30 13:21:00,0.85,0.95,0.85,0.85,8775,35.120336,1556100,289.2,290.0
2025-12-30 13:22:00,0.85,0.85,0.85,0.85,0,32.686483,1556100,289.4,290.0
2025-12-30 13:23:00,0.85,0.85,0.85,0.85,14625,31.448749,1550250,289.5,290.0
2025-12-30 13:24:00,0.85,0.85,0.85,0.85,17550,31.48396,1550250,289.5,290.0
2025-12-30 13:25:00,0.85,0.85,0.85,0.85,0,31.519322,1550250,289.5,290.0
2025-12-30 13:26:00,0.85,0.85,0.85,0.85,0,33.462844,1550250,289.35,290.0
2025-12-30 13:27:00,0.85,0.85,0.85,0.85,0,30.940153,1550250,289.55,290.0
2025-12-30 13:28:00,0.75,0.85,0.75,0.75,5850,28.621131,1544400,289.5,290.0
2025-12-30 13:29:00,0.65,0.75,0.65,0.7,32175,25.861197,1538550,289.6,290.0
2025-12-30 13:30:00,0.65,0.7,0.65,0.65,8775,25.662152,1538550,289.5,290.0
2025-12-30 13:31:00,0.75,0.75,0.65,0.75,2925,27.422343,1538550,289.6,290.0
2025-12-30 13:32:00,0.7,0.75,0.7,0.7,2925,25.293034,1538550,289.65,290.0
2025-12-30 13:33:00,0.85,0.9,0.7,0.9,17550,29.944576,1529775,289.75,290.0
2025-12-30 13:34:00,0.9,0.9,0.9,0.9,0,31.352308,1529775,289.65,290.0
2025-12-30 13:35:00,1.1,1.1,0.9,1.1,40950,35.98398,1532700,289.75,290.0
2025-12-30 13:36:00,1.1,1.1,1.1,1.1,0,34.597512,1532700,289.85,290.0
2025-12-30 13:37:00,1.1,1.1,1.1,1.1,32175,33.909373,1532700,289.9,290.0
2025-12-30 13:38:00,1.15,1.15,1.05,1.05,29250,32.455719,1532700,289.9,290.0
2025-12-30 13:39:00,1.15,1.15,1.05,1.15,11700,35.482546,1532700,289.9,290.0
2025-12-30 13:40:00,1.2,1.2,1.15,1.2,14625,33.212276,1532700,290.15,290.0
2025-12-30 13:41:00,1.35,1.65,1.2,1.65,76050,40.189203,1532700,290.55,290.0
2025-12-30 13:42:00,1.55,1.65,1.55,1.65,17550,41.942106,1518075,290.45,290.0
2025-12-30 13:43:00,1.6,1.65,1.5,1.5,8775,35.711286,1518075,290.55,290.0
2025-12-30 13:44:00,1.65,1.65,1.5,1.65,2925,38.565806,1518075,290.65,290.0
2025-12-30 13:45:00,1.45,1.65,1.45,1.65,67275,36.780906,1509300,290.75,290.0
2025-12-30 13:46:00,1.7,1.8,1.65,1.8,29250,41.465086,1509300,290.75,290.0
2025-12-30 13:47:00,1.7,1.85,1.7,1.85,32175,40.268123,1477125,290.9,290.0
2025-12-30 13:48:00,1.8,1.85,1.8,1.8,5850,36.775141,1477125,291.0,290.0
2025-12-30 13:49:00,1.8,1.8,1.8,1.8,14625,39.751325,1477125,290.85,290.0
2025-12-30 13:50:00,1.8,1.8,1.65,1.65,29250,37.928797,1477125,290.7,290.0
2025-12-30 13:51:00,1.7,1.8,1.65,1.8,32175,42.620555,1468350,290.7,290.0
2025-12-30 13:52:00,1.55,1.8,1.55,1.7,52650,33.732638,1468350,291.0,290.0
2025-12-30 13:53:00,1.7,1.7,1.6,1.6,55575,27.069163,1468350,291.15,290.0
2025-12-30 13:54:00,1.6,1.6,1.6,1.6,8775,28.295694,1474200,291.1,290.0
2025-12-30 13:55:00,1.6,1.6,1.6,1.6,0,28.330351,1474200,291.1,290.0
2025-12-30 13:56:00,1.6,1.6,1.6,1.6,2925,31.691248,1474200,290.95,290.0
2025-12-30 13:57:00,1.6,1.6,1.6,1.6,17550,30.657478,1477125,291.0,290.0
2025-12-30 13:58:00,1.5,1.6,1.5,1.55,14625,26.711545,1477125,291.1,290.0
2025-12-30 13:59:00,1.6,1.6,1.5,1.5,8775,26.215065,1477125,291.05,290.0
2025-12-30 14:00:00,1.55,1.6,1.5,1.6,29250,26.044818,1468350,291.2,290.0
2025-12-30 14:01:00,0.35,0.35,0.3,0.35,11700,22.981915,783900,291.45,292.5
2025-12-30 14:02:00,0.35,0.35,0.35,0.35,8775,22.487134,783900,291.5,292.5
2025-12-30 14:03:00,0.35,0.35,0.35,0.35,0,20.914247,798525,291.65,292.5
2025-12-30 14:04:00,0.35,0.65,0.35,0.65,76050,30.245975,798525,291.7,292.5
2025-12-30 14:05:00,0.6,0.65,0.6,0.6,20475,28.069451,798525,291.75,292.5
2025-12-30 14:06:00,0.6,0.6,0.5,0.5,40950,26.033588,842400,291.65,292.5
2025-12-30 14:07:00,0.45,0.5,0.45,0.45,14625,23.255392,842400,291.75,292.5
2025-12-30 14:08:00,0.45,0.55,0.45,0.55,26325,24.098559,854100,291.95,292.5
2025-12-30 14:09:00,0.5,0.55,0.5,0.55,14625,27.18736,854100,291.7,292.5
2025-12-30 14:10:00,0.55,0.55,0.55,0.55,0,26.01674,854100,291.8,292.5
2025-12-30 14:11:00,0.55,0.55,0.55,0.55,2925,26.049285,854100,291.8,292.5
2025-12-30 14:12:00,0.55,0.55,0.55,0.55,2925,25.468395,848250,291.85,292.5
2025-12-30 14:13:00,0.55,0.55,0.55,0.55,0,24.878999,848250,291.9,292.5
2025-12-30 14:14:00,0.55,0.55,0.55,0.55,8775,26.755979,848250,291.75,292.5
2025-12-30 14:15:00,0.55,0.55,0.55,0.55,17550,24.941885,836550,291.9,292.5
2025-12-30 14:16:00,0.55,0.55,0.55,0.55,11700,23.054472,836550,292.05,292.5
2025-12-30 14:17:00,0.55,0.55,0.55,0.55,0,25.629717,836550,291.85,292.5
2025-12-30 14:18:00,0.55,0.55,0.55,0.55,2925,23.763135,819000,292.0,292.5
2025-12-30 14:19:00,0.6,0.6,0.55,0.6,5850,22.704547,819000,292.2,292.5
2025-12-30 14:20:00,0.7,0.7,0.6,0.7,26325,25.877461,819000,292.2,292.5
2025-12-30 14:21:00,0.7,0.7,0.7,0.7,0,28.652609,819000,292.0,292.5
2025-12-30 14:22:00,0.7,0.7,0.7,0.7,0,28.016562,819000,292.05,292.5
2025-12-30 14:23:00,0.7,0.75,0.65,0.75,40950,29.641935,786825,292.05,292.5
2025-12-30 14:24:00,0.75,0.8,0.75,0.8,64350,28.443444,786825,292.25,292.5
2025-12-30 14:25:00,0.8,0.8,0.8,0.8,2925,27.748414,786825,292.3,292.5
2025-12-30 14:26:00,0.8,0.8,0.8,0.8,0,27.784459,786825,292.3,292.5
2025-12-30 14:27:00,0.8,0.85,0.8,0.8,43875,26.317851,734175,292.4,292.5
2025-12-30 14:28:00,0.8,0.8,0.8,0.8,0,27.110962,734175,292.35,292.5
2025-12-30 14:29:00,0.8,0.8,0.8,0.8,2925,27.893568,734175,292.3,292.5
2025-12-30 14:30:00,0.8,0.8,0.8,0.8,0,28.666807,734175,292.25,292.5
2025-12-30 14:31:00,0.75,0.8,0.75,0.75,2925,25.637513,696150,292.35,292.5
2025-12-30 14:32:00,0.75,0.75,0.75,0.75,0,29.296338,696150,292.1,292.5
2025-12-30 14:33:00,0.75,0.75,0.75,0.75,8775,30.718747,696150,292.0,292.5
2025-12-30 14:34:00,0.75,0.75,0.75,0.75,0,31.4399,696150,291.95,292.5
2025-12-30 14:35:00,0.3,0.75,0.3,0.3,14625,19.986507,696150,291.65,292.5
2025-12-30 14:36:00,0.25,0.3,0.25,0.25,14625,19.212316,696150,291.55,292.5
2025-12-30 14:37:00,0.15,0.25,0.15,0.15,26325,14.726033,696150,291.6,292.5
2025-12-30 14:38:00,0.2,0.2,0.15,0.2,14625,16.79668,696150,291.6,292.5
2025-12-30 14:39:00,0.2,0.25,0.2,0.25,5850,18.235966,663975,291.65,292.5
2025-12-30 14:40:00,0.25,0.25,0.25,0.25,0,17.18198,663975,291.75,292.5
2025-12-30 14:41:00,0.3,0.3,0.25,0.3,20475,17.30329,663975,291.9,292.5
2025-12-30 14:42:00,0.3,0.3,0.3,0.3,2925,17.911368,658125,291.85,292.5
2025-12-30 14:43:00,0.5,0.5,0.3,0.35,8775,17.864726,658125,292.0,292.5
2025-12-30 14:44:00,0.55,0.55,0.35,0.55,14625,26.555575,658125,291.85,292.5
2025-12-30 14:45:00,0.4,0.55,0.4,0.4,8775,21.484184,640575,291.85,292.5
2025-12-30 14:46:00,0.4,0.4,0.4,0.4,0,21.513618,640575,291.85,292.5
2025-12-30 14:47:00,0.4,0.4,0.4,0.4,11700,18.363556,640575,292.1,292.5
2025-12-30 14:48:00,0.4,0.4,0.4,0.4,0,19.691576,628875,292.0,292.5
2025-12-30 14:49:00,0.45,0.45,0.4,0.45,11700,21.410164,628875,292.0,292.5
2025-12-30 14:50:00,0.6,0.6,0.45,0.6,23400,17.384665,628875,292.6,292.5
2025-12-30 14:51:00,0.75,0.8,0.6,0.8,23400,20.289261,625950,292.8,292.5
2025-12-30 14:52:00,0.75,0.8,0.75,0.75,26325,18.660095,625950,292.8,292.5
2025-12-30 14:53:00,0.75,0.75,0.75,0.75,0,15.527508,625950,292.95,292.5
2025-12-30 14:54:00,0.95,0.95,0.75,0.95,8775,21.359009,625950,293.0,292.5
2025-12-30 14:55:00,1.1,1.4,0.95,1.4,17550,36.465297,585000,293.0,292.5
2025-12-30 14:56:00,1.35,1.4,1.3,1.4,55575,33.564574,585000,293.15,292.5
2025-12-30 14:57:00,1.4,1.4,1.3,1.4,20475,35.603709,585000,293.05,292.5
2025-12-30 14:58:00,1.4,1.4,1.25,1.25,52650,31.620532,585000,293.0,292.5
2025-12-30 14:59:00,1.3,1.35,1.25,1.35,14625,35.960985,585000,292.95,292.5
2025-12-30 15:00:00,1.35,1.35,1.35,1.35,76050,36.012093,582075,292.95,292.5
2025-12-30 15:01:00,0.9,1.35,0.9,0.9,17550,22.956859,582075,292.85,292.5
2025-12-30 15:02:00,0.9,0.9,0.9,0.9,29250,30.090321,582075,292.45,292.5
2025-12-30 15:03:00,0.9,0.9,0.9,0.9,0,32.528158,582075,292.3,292.5
2025-12-30 15:04:00,0.9,0.9,0.9,0.9,0,30.988585,506025,292.4,292.5
2025-12-30 15:05:00,0.9,0.9,0.9,0.9,0,29.393588,506025,292.5,292.5
2025-12-30 15:06:00,0.45,0.9,0.45,0.45,11700,5.275259,500175,292.9,292.5
2025-12-30 15:07:00,0.45,0.45,0.45,0.45,0,9.793825,500175,292.75,292.5
2025-12-30 15:08:00,0.45,0.5,0.45,0.5,23400,10.433299,500175,292.8,292.5
2025-12-30 15:09:00,0.7,0.7,0.5,0.7,32175,14.090629,468000,292.95,292.5
2025-12-30 15:10:00,0.6,0.7,0.6,0.6,14625,0.0,468000,293.1,292.5
2025-12-30 15:11:00,0.9,0.9,0.6,0.9,35100,0.0,468000,293.45,292.5
2025-12-30 15:12:00,0.9,1.0,0.6,0.6,14625,0.0,418275,293.3,292.5
2025-12-30 15:13:00,1.1,1.1,0.6,1.1,38025,0.0,418275,293.65,292.5
2025-12-30 15:14:00,1.2,1.2,1.1,1.2,17550,18.216391,418275,293.5,292.5
2025-12-30 15:15:00,1.1,1.2,1.1,1.1,23400,20.210225,356850,293.3,292.5
2025-12-30 15:16:00,1.1,1.1,1.1,1.1,0,17.258028,356850,293.4,292.5
2025-12-30 15:17:00,0.35,1.1,0.35,0.35,14625,0.0,356850,293.05,292.5
2025-12-30 15:18:00,1.0,1.0,0.35,1.0,11700,17.77462,351000,293.25,292.5
2025-12-30 15:19:00,1.0,1.0,1.0,1.0,0,21.669379,351000,293.1,292.5
2025-12-30 15:20:00,1.0,1.0,1.0,1.0,17550,22.855238,351000,293.05,292.5
2025-12-30 15:21:00,1.0,1.0,1.0,1.0,0,25.0616,351000,292.95,292.5
2025-12-30 15:22:00,0.5,1.0,0.5,0.5,14625,7.888021,339300,292.9,292.5
2025-12-30 15:23:00,0.5,0.5,0.5,0.5,0,0.0,339300,293.3,292.5
2025-12-30 15:24:00,0.5,0.5,0.5,0.5,0,0.0,292500,293.4,292.5
2025-12-30 15:25:00,0.25,0.5,0.15,0.15,70200,5.617774,292500,292.45,292.5
2025-12-30 15:26:00,0.7,0.7,0.15,0.7,2925,15.678721,292500,292.9,292.5
2025-12-30 15:27:00,0.7,0.7,0.7,0.7,0,14.492741,292500,292.95,292.5
2025-12-30 15:28:00,0.6,0.7,0.3,0.3,14625,0.0,286650,293.2,292.5
2025-12-30 15:29:00,0.3,0.3,0.3,0.3,0,0.0,286650,292.9,292.5
2025-12-31 09:15:00,7.85,7.85,7.65,7.65,23400,20.17808,611325,292.6,292.5
2025-12-31 09:16:00,7.8,7.8,7.65,7.75,23400,20.315129,611325,292.7,292.5
2025-12-31 09:17:00,7.95,7.95,7.75,7.95,5850,20.220925,611325,293.1,292.5
2025-12-31 09:18:00,7.95,7.95,7.95,7.95,0,18.997922,614250,293.75,292.5
2025-12-31 09:19:00,7.0,7.3,6.85,7.3,55575,20.787317,1956825,294.0,295.0
2025-12-31 09:20:00,7.25,7.5,7.25,7.5,70200,20.124115,1956825,294.75,295.0
2025-12-31 09:21:00,7.6,7.6,7.5,7.6,46800,20.174226,2003625,294.9,295.0
2025-12-31 09:22:00,7.6,7.6,7.45,7.45,114075,20.316773,2003625,294.55,295.0
2025-12-31 09:23:00,7.45,7.5,7.45,7.5,38025,20.212632,2003625,294.7,295.0
2025-12-31 09:24:00,7.5,7.5,7.5,7.5,20475,20.387205,2041650,294.6,295.0
2025-12-31 09:25:00,7.4,7.5,7.3,7.3,26325,19.848262,2041650,294.55,295.0
2025-12-31 09:26:00,7.4,7.4,7.3,7.4,46800,20.248278,2041650,294.5,295.0
2025-12-31 09:27:00,7.45,7.45,7.4,7.45,40950,19.705763,2065050,294.9,295.0
2025-12-31 09:28:00,7.6,7.65,7.45,7.65,32175,19.164937,2065050,295.55,295.0
2025-12-31 09:29:00,8.05,8.35,7.65,8.35,166725,20.638853,2065050,295.95,295.0
2025-12-31 09:30:00,8.0,8.35,7.75,7.75,67275,20.204387,2059200,295.15,295.0
2025-12-31 09:31:00,7.85,7.85,7.65,7.65,55575,20.157697,2059200,295.0,295.0
2025-12-31 09:32:00,7.65,8.1,7.65,8.1,93600,20.766556,2059200,295.45,295.0
2025-12-31 09:33:00,7.9,8.3,7.9,8.3,49725,20.389289,2035800,296.0,295.0
2025-12-31 09:34:00,8.25,8.3,8.1,8.1,43875,20.49497,2035800,295.6,295.0
2025-12-31 09:35:00,7.95,8.1,7.9,7.9,40950,20.498592,2035800,295.25,295.0
2025-12-31 09:36:00,7.75,7.9,7.75,7.75,8775,20.206493,2035800,295.15,295.0
2025-12-31 09:37:00,7.7,7.75,7.7,7.7,11700,20.40522,2038725,294.95,295.0
2025-12-31 09:38:00,7.7,7.95,7.7,7.95,14625,20.656813,2038725,295.25,295.0
2025-12-31 09:39:00,7.85,7.95,7.85,7.85,23400,20.610762,2038725,295.1,295.0
2025-12-31 09:40:00,7.8,7.85,7.75,7.75,20475,20.474704,2038725,295.0,295.0
2025-12-31 09:41:00,7.7,7.8,7.65,7.65,17550,20.601493,2038725,294.75,295.0
2025-12-31 09:42:00,7.65,7.65,7.55,7.55,23400,20.80957,2038725,294.45,295.0
2025-12-31 09:43:00,7.55,7.55,7.5,7.5,26325,20.996514,2038725,294.25,295.0
2025-12-31 09:44:00,7.55,7.55,7.5,7.55,17550,20.463816,2038725,294.65,295.0
2025-12-31 09:45:00,7.75,7.8,7.55,7.8,32175,21.333754,2035800,294.6,295.0
2025-12-31 09:46:00,7.8,7.8,7.8,7.8,0,20.898139,2035800,294.85,295.0
2025-12-31 09:47:00,7.6,7.8,7.6,7.6,11700,20.446933,2035800,294.75,295.0
2025-12-31 09:48:00,7.55,7.6,7.55,7.55,14625,20.725424,2035800,294.5,295.0
2025-12-31 09:49:00,7.55,7.55,7.55,7.55,0,19.850013,2035800,295.0,295.0
2025-12-31 09:50:00,7.75,7.9,7.55,7.85,23400,20.525611,2035800,295.15,295.0
2025-12-31 09:51:00,7.75,7.85,7.75,7.75,23400,20.478594,2012400,295.0,295.0
2025-12-31 09:52:00,7.8,7.8,7.75,7.8,2925,20.54724,2012400,295.05,295.0
2025-12-31 09:53:00,7.75,7.9,7.75,7.9,14625,20.772749,2012400,295.1,295.0
2025-12-31 09:54:00,7.7,7.9,7.7,7.75,8775,20.831965,2012400,294.8,295.0
2025-12-31 09:55:00,7.6,7.75,7.6,7.6,8775,20.537144,2021175,294.7,295.0
2025-12-31 09:56:00,7.6,7.65,7.6,7.65,17550,20.954792,2021175,294.55,295.0
2025-12-31 09:57:00,7.45,7.65,7.45,7.45,14625,20.588106,2027025,294.4,295.0
2025-12-31 09:58:00,7.6,7.6,7.45,7.6,32175,20.538203,2027025,294.7,295.0
2025-12-31 09:59:00,7.6,7.6,7.6,7.6,46800,20.538557,2027025,294.7,295.0
2025-12-31 10:00:00,7.5,7.6,7.5,7.5,26325,20.659499,2027025,294.45,295.0
2025-12-31 10:01:00,7.75,7.75,7.5,7.75,17550,20.57058,2027025,294.95,295.0
2025-12-31 10:02:00,7.75,7.9,7.75,7.9,14625,20.418406,2027025,295.3,295.0
2025-12-31 10:03:00,8.0,8.05,7.9,8.05,23400,20.256225,2024100,295.65,295.0
2025-12-31 10:04:00,8.1,8.1,8.05,8.1,8775,20.414339,2024100,295.65,295.0
2025-12-31 10:05:00,8.05,8.1,8.05,8.05,23400,20.711332,2024100,295.4,295.0
2025-12-31 10:06:00,7.95,8.05,7.95,7.95,5850,20.577106,2024100,295.3,295.0
2025-12-31 10:07:00,7.75,7.95,7.75,7.75,23400,20.038168,2015325,295.25,295.0
2025-12-31 10:08:00,8.0,8.0,7.75,8.0,8775,20.191713,2015325,295.6,295.0
2025-12-31 10:09:00,7.95,8.0,7.95,8.0,11700,20.37427,2015325,295.5,295.0
2025-12-31 10:10:00,8.0,8.0,8.0,8.0,8775,20.100897,2012400,295.65,295.0
2025-12-31 10:11:00,8.3,8.3,8.0,8.3,76050,20.588494,2012400,295.9,295.0
2025-12-31 10:12:00,8.25,8.3,8.1,8.1,67275,20.508533,2012400,295.6,295.0
2025-12-31 10:13:00,8.2,8.25,8.1,8.25,29250,20.431113,2029950,295.9,295.0
2025-12-31 10:14:00,8.25,8.25,8.2,8.2,38025,20.087291,2029950,296.0,295.0
2025-12-31 10:15:00,8.2,8.2,8.2,8.2,17550,20.273683,1953900,295.9,295.0
2025-12-31 10:16:00,8.4,8.4,8.2,8.35,152100,20.282617,1953900,296.15,295.0
2025-12-31 10:17:00,8.4,8.4,8.3,8.3,49725,20.590651,1953900,295.9,295.0
2025-12-31 10:18:00,8.2,8.3,8.15,8.15,17550,20.485542,1953900,295.7,295.0
2025-12-31 10:19:00,8.15,8.35,8.15,8.35,17550,20.56402,1939275,296.0,295.0
2025-12-31 10:20:00,8.3,8.35,8.25,8.25,70200,20.340848,1939275,295.95,295.0
2025-12-31 10:21:00,8.25,8.25,8.25,8.25,0,20.710564,1939275,295.75,295.0
2025-12-31 10:22:00,8.25,8.25,8.25,8.25,0,20.802561,1939275,295.7,295.0
2025-12-31 10:23:00,8.5,8.5,8.25,8.5,81900,21.132597,1912950,295.95,295.0
2025-12-31 10:24:00,8.35,8.5,8.25,8.3,78975,20.685554,1912950,295.85,295.0
2025-12-31 10:25:00,8.4,8.4,8.3,8.35,26325,20.379582,1910025,296.1,295.0
2025-12-31 10:26:00,8.45,8.45,8.35,8.4,67275,20.724782,1910025,296.0,295.0
2025-12-31 10:27:00,8.35,8.4,8.35,8.4,8775,21.186138,1901250,295.75,295.0
2025-12-31 10:28:00,7.0,7.05,7.0,7.05,8775,19.746825,312975,296.55,297.5
2025-12-31 10:29:00,7.3,7.4,7.05,7.4,38025,20.663953,312975,296.65,297.5
2025-12-31 10:30:00,7.4,7.4,7.25,7.25,23400,20.451472,312975,296.5,297.5
2025-12-31 10:31:00,7.3,7.3,7.25,7.3,2925,20.18532,336375,296.75,297.5
2025-12-31 10:32:00,7.5,7.55,7.3,7.55,23400,20.535089,336375,297.0,297.5
2025-12-31 10:33:00,7.75,7.75,7.55,7.75,2925,21.070686,330525,297.05,297.5
2025-12-31 10:34:00,7.75,7.75,7.75,7.75,0,20.464667,330525,297.4,297.5
2025-12-31 10:35:00,7.75,7.75,7.5,7.5,29250,20.294944,330525,297.05,297.5
2025-12-31 10:36:00,7.55,7.75,7.5,7.75,17550,20.813262,330525,297.2,297.5
2025-12-31 10:37:00,7.65,7.75,7.65,7.65,8775,20.416076,330525,297.25,297.5
2025-12-31 10:38:00,7.6,7.65,7.6,7.6,5850,20.520552,330525,297.1,297.5
2025-12-31 10:39:00,7.7,7.7,7.6,7.7,11700,20.745365,330525,297.15,297.5
2025-12-31 10:40:00,7.65,7.7,7.65,7.65,2925,20.417132,333450,297.25,297.5
2025-12-31 10:41:00,7.65,7.65,7.65,7.65,2925,20.155878,333450,297.4,297.5
2025-12-31 10:42:00,7.65,7.65,7.65,7.65,0,20.243674,333450,297.35,297.5
2025-12-31 10:43:00,7.75,7.75,7.5,7.5,29250,19.951653,339300,297.25,297.5
2025-12-31 10:44:00,7.8,7.85,7.5,7.85,17550,20.866624,339300,297.35,297.5
2025-12-31 10:45:00,7.7,7.85,7.7,7.7,8775,20.574377,339300,297.25,297.5
2025-12-31 10:46:00,7.6,7.75,7.6,7.75,17550,20.556242,324675,297.35,297.5
2025-12-31 10:47:00,7.75,7.75,7.75,7.75,20475,20.903587,324675,297.15,297.5
2025-12-31 10:48:00,7.3,7.75,7.25,7.25,20475,20.120837,324675,296.7,297.5
2025-12-31 10:49:00,7.25,7.25,7.25,7.25,0,19.866178,324675,296.85,297.5
2025-12-31 10:50:00,7.25,7.25,7.25,7.25,0,20.458456,348075,296.5,297.5
2025-12-31 10:51:00,7.15,7.25,7.15,7.15,29250,20.148753,348075,296.5,297.5
2025-12-31 10:52:00,7.15,7.15,7.15,7.15,0,20.482843,348075,296.3,297.5
2025-12-31 10:53:00,7.2,7.2,7.15,7.2,14625,20.220539,336375,296.55,297.5
2025-12-31 10:54:00,7.25,7.25,7.2,7.25,2925,20.37594,336375,296.55,297.5
2025-12-31 10:55:00,7.35,7.35,7.25,7.3,5850,20.782385,333450,296.4,297.5
2025-12-31 10:56:00,7.25,7.3,7.25,7.3,17550,20.447588,333450,296.6,297.5
2025-12-31 10:57:00,7.3,7.3,7.3,7.3,0,20.109373,333450,296.8,297.5
2025-12-31 10:58:00,7.3,7.3,7.3,7.3,0,19.853439,333450,296.95,297.5
2025-12-31 10:59:00,7.3,7.3,7.2,7.2,14625,19.884672,339300,296.75,297.5
2025-12-31 11:00:00,7.35,7.45,7.2,7.45,11700,20.234306,339300,297.0,297.5
2025-12-31 11:01:00,7.45,7.45,7.45,7.45,0,20.148661,339300,297.05,297.5
2025-12-31 11:02:00,7.55,7.55,7.45,7.55,2925,20.716807,333450,296.9,297.5
2025-12-31 11:03:00,7.45,7.6,7.45,7.6,5850,20.529373,333450,297.1,297.5
2025-12-31 11:04:00,7.6,7.6,7.6,7.6,5850,20.61582,333450,297.05,297.5
2025-12-31 11:05:00,7.6,7.6,7.6,7.6,11700,20.443754,333450,297.15,297.5
2025-12-31 11:06:00,7.6,7.6,7.6,7.6,0,20.702397,333450,297.0,297.5
2025-12-31 11:07:00,7.6,7.6,7.6,7.6,0,20.184069,333450,297.3,297.5
2025-12-31 11:08:00,7.6,7.8,7.55,7.8,11700,19.745612,345150,297.9,297.5
2025-12-31 11:09:00,8.1,8.15,7.8,8.15,43875,20.479775,345150,298.1,297.5
2025-12-31 11:10:00,8.1,8.15,7.9,8.0,23400,20.992846,339300,297.55,297.5
2025-12-31 11:11:00,7.8,8.0,7.8,7.8,2925,20.894605,339300,297.25,297.5
2025-12-31 11:12:00,7.55,7.8,7.5,7.5,17550,20.565087,339300,296.9,297.5
2025-12-31 11:13:00,7.4,7.5,7.4,7.4,2925,20.425371,345150,296.8,297.5
2025-12-31 11:14:00,7.45,7.45,7.4,7.45,2925,20.153189,345150,297.05,297.5
2025-12-31 11:15:00,7.5,7.5,7.45,7.5,5850,20.222748,345150,297.1,297.5
2025-12-31 11:16:00,7.5,7.5,7.45,7.45,5850,20.581643,351000,296.8,297.5
2025-12-31 11:17:00,7.4,7.45,7.3,7.3,8775,20.116304,351000,296.8,297.5
2025-12-31 11:18:00,7.3,7.3,7.3,7.3,0,20.031437,351000,296.85,297.5
2025-12-31 11:19:00,7.5,7.5,7.3,7.5,5850,20.224146,362700,297.1,297.5
2025-12-31 11:20:00,7.5,7.5,7.5,7.5,0,20.224495,362700,297.1,297.5
2025-12-31 11:21:00,7.5,7.5,7.5,7.5,2925,20.56826,362700,296.9,297.5
2025-12-31 11:22:00,7.5,7.5,7.5,7.5,0,20.05209,362700,297.2,297.5
2025-12-31 11:23:00,7.5,7.5,7.5,7.5,0,20.311743,362700,297.05,297.5
2025-12-31 11:24:00,7.5,7.5,7.5,7.5,0,20.398062,365625,297.0,297.5
2025-12-31 11:25:00,7.5,7.5,7.5,7.5,0,20.654966,362700,296.85,297.5
2025-12-31 11:26:00,7.45,7.5,7.45,7.45,14625,20.329167,362700,296.95,297.5
2025-12-31 11:27:00,7.45,7.45,7.45,7.45,0,20.415074,362700,296.9,297.5
2025-12-31 11:28:00,7.6,7.6,7.25,7.25,14625,20.387797,356850,296.55,297.5
2025-12-31 11:29:00,7.25,7.25,7.25,7.25,0,20.050227,356850,296.75,297.5
2025-12-31 11:30:00,7.25,7.25,7.25,7.25,0,20.219971,356850,296.65,297.5
2025-12-31 11:31:00,7.25,7.25,7.25,7.25,0,20.388845,356850,296.55,297.5
2025-12-31 11:32:00,7.25,7.25,7.25,7.25,0,20.051264,356850,296.75,297.5
2025-12-31 11:33:00,7.5,7.55,7.25,7.55,5850,20.89811,353925,296.8,297.5
2025-12-31 11:34:00,7.55,7.55,7.55,7.55,8775,20.728153,351000,296.9,297.5
2025-12-31 11:35:00,7.5,7.55,7.5,7.5,11700,20.828453,351000,296.75,297.5
2025-12-31 11:36:00,7.5,7.6,7.5,7.6,8775,20.884162,351000,296.9,297.5
2025-12-31 11:37:00,7.6,7.6,7.6,7.6,2925,20.713397,353925,297.0,297.5
2025-12-31 11:38:00,7.6,7.6,7.6,7.6,5850,20.627857,353925,297.05,297.5
2025-12-31 11:39:00,7.6,7.6,7.6,7.6,2925,20.714107,353925,297.0,297.5
2025-12-31 11:40:00,7.55,7.6,7.55,7.55,2925,20.473139,359775,297.05,297.5
2025-12-31 11:41:00,7.55,7.55,7.55,7.55,0,21.490499,359775,296.45,297.5
2025-12-31 11:42:00,7.35,7.55,7.35,7.35,5850,20.870558,359775,296.45,297.5
2025-12-31 11:43:00,7.35,7.35,7.35,7.35,0,20.870912,359775,296.45,297.5
2025-12-31 11:44:00,7.25,7.35,7.25,7.25,2925,20.477337,356850,296.5,297.5
2025-12-31 11:45:00,7.25,7.25,7.25,7.25,0,20.477687,356850,296.5,297.5
2025-12-31 11:46:00,7.25,7.25,7.25,7.25,0,20.561782,356850,296.45,297.5
2025-12-31 11:47:00,7.2,7.25,7.2,7.2,8775,20.239274,353925,296.55,297.5
2025-12-31 11:48:00,7.3,7.3,7.2,7.3,2925,20.381432,353925,296.65,297.5
2025-12-31 11:49:00,7.3,7.3,7.3,7.3,0,20.297209,353925,296.7,297.5
2025-12-31 11:50:00,7.5,7.5,7.3,7.45,5850,20.508499,345150,296.85,297.5
2025-12-31 11:51:00,7.45,7.45,7.45,7.45,2925,20.593982,345150,296.8,297.5
2025-12-31 11:52:00,7.45,7.45,7.45,7.45,0,20.848433,345150,296.65,297.5
2025-12-31 11:53:00,7.45,7.45,7.45,7.45,0,21.100998,348075,296.5,297.5
2025-12-31 11:54:00,7.45,7.45,7.45,7.45,0,21.268485,348075,296.4,297.5
2025-12-31 11:55:00,7.45,7.45,7.45,7.45,0,21.435186,348075,296.3,297.5
2025-12-31 11:56:00,8.4,8.5,8.4,8.4,11700,20.383133,1828125,296.2,295.0
2025-12-31 11:57:00,8.4,8.4,8.3,8.4,8775,20.757758,1828125,296.0,295.0
2025-12-31 11:58:00,8.4,8.4,8.4,8.4,8775,20.664998,1828125,296.05,295.0
2025-12-31 11:59:00,8.55,8.55,8.4,8.4,20475,20.66536,1828125,296.05,295.0
2025-12-31 12:00:00,8.4,8.4,8.4,8.4,0,20.758847,1828125,296.0,295.0
2025-12-31 12:01:00,8.35,8.4,8.35,8.35,5850,20.600792,1828125,296.0,295.0
2025-12-31 12:02:00,8.35,8.35,8.35,8.35,0,20.601153,1828125,296.0,295.0
2025-12-31 12:03:00,8.35,8.35,8.35,8.35,0,20.320923,1828125,296.15,295.0
2025-12-31 12:04:00,7.4,7.4,7.0,7.4,14625,21.200272,371475,296.35,297.5
2025-12-31 12:05:00,7.4,7.4,7.4,7.4,0,21.283728,371475,296.3,297.5
2025-12-31 12:06:00,7.4,7.4,7.4,7.4,0,21.117693,371475,296.4,297.5
2025-12-31 12:07:00,7.25,7.4,7.25,7.25,2925,20.148212,386100,296.7,297.5
2025-12-31 12:08:00,7.5,7.6,7.25,7.6,14625,20.379357,386100,297.2,297.5
2025-12-31 12:09:00,7.5,7.6,7.5,7.5,2925,20.241631,386100,297.1,297.5
2025-12-31 12:10:00,7.4,7.5,7.35,7.35,5850,19.861652,380250,297.05,297.5
2025-12-31 12:11:00,7.5,7.5,7.35,7.5,8775,20.242331,380250,297.1,297.5
2025-12-31 12:12:00,7.5,7.5,7.5,7.5,0,19.895344,380250,297.3,297.5
2025-12-31 12:13:00,7.5,7.5,7.5,7.5,0,20.156556,380250,297.15,297.5
2025-12-31 12:14:00,7.5,7.5,7.5,7.5,0,20.415632,389025,297.0,297.5
2025-12-31 12:15:00,7.5,7.5,7.5,7.5,0,20.243731,389025,297.1,297.5
2025-12-31 12:16:00,7.35,7.5,7.35,7.35,11700,19.949868,389025,297.0,297.5
2025-12-31 12:17:00,7.25,7.35,7.25,7.25,2925,19.639169,389025,297.0,297.5
2025-12-31 12:18:00,7.15,7.25,7.15,7.15,5850,19.328408,389025,297.0,297.5
2025-12-31 12:19:00,7.15,7.15,7.15,7.15,0,19.06897,389025,297.15,297.5
2025-12-31 12:20:00,7.15,7.15,7.15,7.15,0,18.982204,380250,297.2,297.5
2025-12-31 12:21:00,7.4,7.5,7.15,7.5,8775,19.898466,380250,297.3,297.5
2025-12-31 12:22:00,7.5,7.5,7.5,7.5,0,19.63569,380250,297.45,297.5
2025-12-31 12:23:00,7.5,7.5,7.5,7.5,2925,19.723997,380250,297.4,297.5
2025-12-31 12:24:00,7.5,7.5,7.5,7.5,0,18.467744,380250,298.1,297.5
2025-12-31 12:25:00,7.9,8.05,7.5,8.05,38025,19.551568,368550,298.45,297.5
2025-12-31 12:26:00,8.15,8.15,8.05,8.15,5850,19.773862,368550,298.5,297.5
2025-12-31 12:27:00,8.25,8.25,8.1,8.1,8775,19.616798,368550,298.5,297.5
2025-12-31 12:28:00,8.15,8.15,8.1,8.15,8775,20.326375,368550,298.2,297.5
2025-12-31 12:29:00,8.1,8.15,8.0,8.0,8775,19.947469,371475,298.15,297.5
2025-12-31 12:30:00,7.95,8.0,7.95,7.95,2925,19.608021,371475,298.25,297.5
2025-12-31 12:31:00,8.0,8.0,7.95,8.0,8775,20.400228,377325,297.9,297.5
2025-12-31 12:32:00,8.0,8.0,8.0,8.0,0,20.039489,377325,298.1,297.5
2025-12-31 12:33:00,8.0,8.0,8.0,8.0,5850,20.039841,377325,298.1,297.5
2025-12-31 12:34:00,8.0,8.0,8.0,8.0,0,20.040194,383175,298.1,297.5
2025-12-31 12:35:00,8.0,8.0,8.0,8.0,8775,20.221643,383175,298.0,297.5
2025-12-31 12:36:00,7.9,8.0,7.9,7.9,2925,20.268442,383175,297.8,297.5
2025-12-31 12:37:00,7.8,7.9,7.8,7.8,5850,20.04555,389025,297.75,297.5
2025-12-31 12:38:00,7.8,7.8,7.8,7.8,0,20.400834,389025,297.55,297.5
2025-12-31 12:39:00,7.8,7.8,7.8,7.8,0,20.135373,389025,297.7,297.5
2025-12-31 12:40:00,7.8,7.8,7.8,7.8,0,20.926532,389025,297.25,297.5
2025-12-31 12:41:00,7.5,7.8,7.5,7.5,2925,19.554001,391950,297.5,297.5
2025-12-31 12:42:00,7.5,7.5,7.5,7.5,8775,20.079953,391950,297.2,297.5
2025-12-31 12:43:00,7.5,7.5,7.5,7.5,2925,19.642927,400725,297.45,297.5
2025-12-31 12:44:00,7.5,7.5,7.5,7.5,0,19.818974,400725,297.35,297.5
2025-12-31 12:45:00,7.5,7.5,7.5,7.5,0,19.819321,400725,297.35,297.5
2025-12-31 12:46:00,7.5,7.5,7.5,7.5,0,19.643961,400725,297.45,297.5
2025-12-31 12:47:00,7.7,7.7,7.5,7.7,2925,20.268178,403650,297.45,297.5
2025-12-31 12:48:00,7.7,7.7,7.7,7.7,0,20.26853,403650,297.45,297.5
2025-12-31 12:49:00,7.7,7.7,7.7,7.7,0,20.268883,406575,297.45,297.5
2025-12-31 12:50:00,7.7,7.7,7.7,7.7,0,20.356972,406575,297.4,297.5
2025-12-31 12:51:00,7.7,7.7,7.7,7.7,20475,19.916119,406575,297.65,297.5
2025-12-31 12:52:00,7.8,7.8,7.7,7.8,2925,20.139948,406575,297.7,297.5
2025-12-31 12:53:00,7.8,7.8,7.8,7.8,0,20.229172,406575,297.65,297.5
2025-12-31 12:54:00,7.8,7.8,7.8,7.8,0,20.318141,406575,297.6,297.5
2025-12-31 12:55:00,7.8,7.8,7.8,7.8,2925,20.406859,391950,297.55,297.5
2025-12-31 12:56:00,7.85,7.85,7.8,7.85,2925,20.474929,394875,297.6,297.5
2025-12-31 12:57:00,7.85,7.85,7.85,7.85,0,20.297926,394875,297.7,297.5
2025-12-31 12:58:00,7.9,7.9,7.85,7.9,2925,20.719941,394875,297.55,297.5
2025-12-31 12:59:00,7.9,7.9,7.9,7.9,0,20.454832,394875,297.7,297.5
2025-12-31 13:00:00,7.75,7.9,7.75,7.75,2925,20.340768,394875,297.5,297.5
2025-12-31 13:01:00,7.75,7.75,7.75,7.75,0,20.604188,394875,297.35,297.5
2025-12-31 13:02:00,7.75,7.75,7.75,7.75,0,20.865467,394875,297.2,297.5
2025-12-31 13:03:00,7.75,7.75,7.75,7.75,0,20.779083,394875,297.25,297.5
2025-12-31 13:04:00,7.6,7.75,7.6,7.65,5850,20.467966,394875,297.25,297.5
2025-12-31 13:05:00,7.6,7.65,7.6,7.6,8775,20.399448,397800,297.2,297.5
2025-12-31 13:06:00,7.6,7.6,7.6,7.6,0,20.3998,397800,297.2,297.5
2025-12-31 13:07:00,7.6,7.6,7.6,7.6,0,20.400153,397800,297.2,297.5
2025-12-31 13:08:00,7.6,7.6,7.6,7.6,2925,20.313611,397800,297.25,297.5
2025-12-31 13:09:00,7.6,7.6,7.6,7.6,0,20.487518,397800,297.15,297.5
2025-12-31 13:10:00,7.6,7.6,7.6,7.6,2925,20.401213,397800,297.2,297.5
2025-12-31 13:11:00,7.6,7.6,7.6,7.6,0,20.488226,397800,297.15,297.5
2025-12-31 13:12:00,7.6,7.6,7.6,7.6,0,20.31502,397800,297.25,297.5
2025-12-31 13:13:00,7.6,7.6,7.6,7.6,0,20.140853,397800,297.35,297.5
2025-12-31 13:14:00,7.55,7.6,7.55,7.55,2925,20.246878,397800,297.2,297.5
2025-12-31 13:15:00,7.5,7.55,7.5,7.5,5850,20.351047,397800,297.05,297.5
2025-12-31 13:16:00,7.5,7.5,7.5,7.5,0,20.437458,397800,297.0,297.5
2025-12-31 13:17:00,7.5,7.5,7.5,7.5,0,20.694639,397800,296.85,297.5
2025-12-31 13:18:00,7.4,7.5,7.4,7.4,5850,20.212881,403650,296.95,297.5
2025-12-31 13:19:00,7.35,7.4,7.35,7.35,14625,20.314158,403650,296.8,297.5
2025-12-31 13:20:00,7.35,7.35,7.35,7.35,0,20.229232,403650,296.85,297.5
2025-12-31 13:21:00,7.35,7.35,7.35,7.35,2925,20.058347,403650,296.95,297.5
2025-12-31 13:22:00,7.35,7.35,7.35,7.35,8775,20.058696,403650,296.95,297.5
2025-12-31 13:23:00,7.35,7.35,7.35,7.35,0,20.144776,403650,296.9,297.5
2025-12-31 13:24:00,7.3,7.35,7.3,7.3,2925,20.075111,400725,296.85,297.5
2025-12-31 13:25:00,7.25,7.3,7.25,7.25,5850,20.005283,400725,296.8,297.5
2025-12-31 13:26:00,7.25,7.25,7.25,7.25,0,19.662812,400725,297.0,297.5
2025-12-31 13:27:00,7.25,7.25,7.25,7.25,0,19.835033,400725,296.9,297.5
2025-12-31 13:28:00,7.25,7.25,7.25,7.25,0,19.663498,400725,297.0,297.5
2025-12-31 13:29:00,7.4,7.4,7.25,7.4,5850,20.302422,403650,296.9,297.5
2025-12-31 13:30:00,7.4,7.4,7.4,7.4,0,20.388244,403650,296.85,297.5
2025-12-31 13:31:00,7.4,7.4,7.4,7.4,0,20.131496,403650,297.0,297.5
2025-12-31 13:32:00,7.4,7.4,7.4,7.4,0,20.131846,403650,297.0,297.5
2025-12-31 13:33:00,7.4,7.4,7.4,7.4,0,20.218123,403650,296.95,297.5
2025-12-31 13:34:00,7.4,7.4,7.4,7.4,8775,20.04638,406575,297.05,297.5
2025-12-31 13:35:00,7.5,7.5,7.4,7.5,8775,19.924167,406575,297.3,297.5
2025-12-31 13:36:00,7.6,7.6,7.5,7.6,26325,20.061271,406575,297.4,297.5
2025-12-31 13:37:00,7.6,7.6,7.6,7.6,0,19.885574,406575,297.5,297.5
2025-12-31 13:38:00,7.6,7.6,7.6,7.6,0,19.797514,406575,297.55,297.5
2025-12-31 13:39:00,7.35,7.6,7.35,7.35,2925,19.978628,424125,297.0,297.5
2025-12-31 13:40:00,7.25,7.35,7.25,7.25,2925,19.839515,424125,296.9,297.5
2025-12-31 13:41:00,7.25,7.25,7.25,7.25,0,19.925457,424125,296.85,297.5
2025-12-31 13:42:00,7.15,7.25,7.15,7.15,2925,19.955053,424125,296.65,297.5
2025-12-31 13:43:00,7.15,7.15,7.15,7.15,0,19.785651,424125,296.75,297.5
2025-12-31 13:44:00,7.15,7.15,7.15,7.15,8775,19.785994,427050,296.75,297.5
2025-12-31 13:45:00,7.15,7.15,7.15,7.15,0,19.786337,427050,296.75,297.5
2025-12-31 13:46:00,7.15,7.15,7.15,7.15,0,19.871669,427050,296.7,297.5
2025-12-31 13:47:00,7.15,7.15,7.15,7.15,0,19.701806,427050,296.8,297.5
2025-12-31 13:48:00,7.2,7.2,7.15,7.2,5850,19.772293,421200,296.85,297.5
2025-12-31 13:49:00,7.2,7.2,7.2,7.2,0,19.943232,421200,296.75,297.5
2025-12-31 13:50:00,7.2,7.2,7.2,7.2,0,19.943578,421200,296.75,297.5
2025-12-31 13:51:00,7.2,7.2,7.2,7.2,0,20.028881,424125,296.7,297.5
2025-12-31 13:52:00,7.15,7.2,7.15,7.15,8775,19.70352,424125,296.8,297.5
2025-12-31 13:53:00,7.15,7.15,7.15,7.15,0,19.618407,424125,296.85,297.5
2025-12-31 13:54:00,7.1,7.15,7.1,7.1,5850,19.377397,429975,296.9,297.5
2025-12-31 13:55:00,7.1,7.1,7.1,7.1,0,19.548969,429975,296.8,297.5
2025-12-31 13:56:00,7.05,7.1,7.05,7.05,8775,19.648928,435825,296.65,297.5
2025-12-31 13:57:00,7.05,7.05,7.05,7.05,0,19.56443,435825,296.7,297.5
2025-12-31 13:58:00,6.9,7.05,6.9,6.9,8775,19.52058,435825,296.45,297.5
2025-12-31 13:59:00,6.95,6.95,6.9,6.95,2925,19.760094,441675,296.4,297.5
2025-12-31 14:00:00,6.95,6.95,6.95,6.95,0,19.592647,441675,296.5,297.5
2025-12-31 14:01:00,6.95,6.95,6.95,6.95,0,19.424307,441675,296.6,297.5
2025-12-31 14:02:00,6.95,6.95,6.95,6.95,0,19.339964,441675,296.65,297.5
2025-12-31 14:03:00,6.95,6.95,6.95,6.95,0,19.255388,441675,296.7,297.5
2025-12-31 14:04:00,6.95,6.95,6.95,6.95,0,19.594007,441675,296.5,297.5
2025-12-31 14:05:00,6.95,6.95,6.95,6.95,0,19.510117,441675,296.55,297.5
2025-12-31 14:06:00,7.1,7.1,6.95,7.1,20475,19.892432,444600,296.6,297.5
2025-12-31 14:07:00,7.1,7.1,7.1,7.1,0,19.808188,444600,296.65,297.5
2025-12-31 14:08:00,7.1,7.1,7.1,7.1,0,19.808532,444600,296.65,297.5
2025-12-31 14:09:00,7.1,7.1,7.1,7.1,0,19.808875,444600,296.65,297.5
2025-12-31 14:10:00,7.1,7.1,7.1,7.1,0,19.809219,444600,296.65,297.5
2025-12-31 14:11:00,7.1,7.1,7.1,7.1,0,19.724745,444600,296.7,297.5
2025-12-31 14:12:00,7.1,7.1,7.1,7.1,0,19.725088,444600,296.7,297.5
2025-12-31 14:13:00,7.2,7.2,7.1,7.2,17550,19.523185,447525,297.0,297.5
2025-12-31 14:14:00,7.2,7.2,7.2,7.2,0,19.69557,447525,296.9,297.5
2025-12-31 14:15:00,7.2,7.2,7.2,7.2,0,19.695913,447525,296.9,297.5
2025-12-31 14:16:00,7.15,7.2,7.15,7.15,11700,19.796992,447525,296.75,297.5
2025-12-31 14:17:00,7.15,7.15,7.15,7.15,0,19.797336,447525,296.75,297.5
2025-12-31 14:18:00,7.15,7.15,7.15,7.15,0,19.712436,447525,296.8,297.5
2025-12-31 14:19:00,7.15,7.15,7.15,7.15,0,19.712779,447525,296.8,297.5
2025-12-31 14:20:00,7.15,7.15,7.0,7.0,29250,19.922673,453375,296.4,297.5
2025-12-31 14:21:00,7.0,7.0,7.0,7.0,0,19.923016,453375,296.4,297.5
2025-12-31 14:22:00,7.0,7.0,7.0,7.0,0,19.923361,453375,296.4,297.5
2025-12-31 14:23:00,8.3,8.3,8.3,8.3,0,20.023134,1819350,296.25,295.0
2025-12-31 14:24:00,8.25,8.3,8.25,8.25,17550,20.241484,1819350,296.05,295.0
2025-12-31 14:25:00,6.95,6.95,6.9,6.95,5850,19.935943,456300,296.3,297.5
2025-12-31 14:26:00,8.25,8.25,8.25,8.25,0,19.959654,1819350,296.2,295.0
2025-12-31 14:27:00,8.25,8.25,8.25,8.25,0,20.054505,1819350,296.15,295.0
2025-12-31 14:28:00,8.25,8.25,8.25,8.25,0,20.242917,1819350,296.05,295.0
2025-12-31 14:29:00,8.25,8.25,8.25,8.25,0,20.243276,1819350,296.05,295.0
2025-12-31 14:30:00,8.25,8.25,8.25,8.25,0,20.149759,1819350,296.1,295.0
2025-12-31 14:31:00,8.15,8.25,8.15,8.15,70200,19.737519,1822275,296.15,295.0
2025-12-31 14:32:00,8.15,8.15,8.15,8.15,0,19.73787,1816425,296.15,295.0
2025-12-31 14:33:00,8.15,8.15,8.15,8.15,0,19.643475,1816425,296.2,295.0
2025-12-31 14:34:00,8.15,8.15,8.15,8.15,11700,19.738577,1816425,296.15,295.0
2025-12-31 14:35:00,8.2,8.2,8.15,8.2,2925,19.898171,1819350,296.15,295.0
2025-12-31 14:36:00,8.15,8.2,8.15,8.2,8775,19.992833,1819350,296.1,295.0
2025-12-31 14:37:00,8.2,8.2,8.2,8.2,17550,19.89888,1819350,296.15,295.0
2025-12-31 14:38:00,6.9,6.9,6.9,6.9,5850,19.785014,459225,296.3,297.5
2025-12-31 14:39:00,6.9,6.9,6.9,6.9,0,19.785354,459225,296.3,297.5
2025-12-31 14:40:00,6.9,6.9,6.9,6.9,0,19.618667,459225,296.4,297.5
2025-12-31 14:41:00,6.9,6.9,6.9,6.9,0,19.702631,459225,296.35,297.5
2025-12-31 14:42:00,7.05,7.05,6.9,7.05,5850,20.085679,456300,296.4,297.5
2025-12-31 14:43:00,7.05,7.05,7.05,7.05,0,20.086025,456300,296.4,297.5
2025-12-31 14:44:00,7.05,7.05,7.05,7.05,0,20.086371,456300,296.4,297.5
2025-12-31 14:45:00,7.0,7.05,7.0,7.0,5850,20.098225,462150,296.3,297.5
2025-12-31 14:46:00,8.3,8.4,8.3,8.3,2925,20.220438,1831050,296.15,295.0
2025-12-31 14:47:00,6.85,7.0,6.85,6.85,2925,19.632671,468000,296.3,297.5
2025-12-31 14:48:00,7.05,7.05,6.85,7.05,2925,20.254672,468000,296.3,297.5
2025-12-31 14:49:00,7.05,7.05,7.05,7.05,0,20.171665,468000,296.35,297.5
2025-12-31 14:50:00,7.0,7.05,7.0,7.0,5850,20.016579,468000,296.35,297.5
2025-12-31 14:51:00,7.0,7.0,7.0,7.0,0,20.016924,468000,296.35,297.5
2025-12-31 14:52:00,7.0,7.0,7.0,7.0,0,20.100645,468000,296.3,297.5
2025-12-31 14:53:00,8.3,8.3,8.3,8.3,0,20.128553,1828125,296.2,295.0
2025-12-31 14:54:00,7.0,7.0,7.0,7.0,0,20.101337,468000,296.3,297.5
2025-12-31 14:55:00,7.05,7.2,7.0,7.2,17550,20.556542,465075,296.4,297.5
2025-12-31 14:56:00,7.2,7.2,7.15,7.15,11700,20.568293,470925,296.3,297.5
2025-12-31 14:57:00,7.05,7.15,7.05,7.15,23400,20.318055,470925,296.45,297.5
2025-12-31 14:58:00,7.15,7.15,7.15,7.15,2925,20.318404,470925,296.45,297.5
2025-12-31 14:59:00,7.15,7.15,7.15,7.15,0,20.234804,470925,296.5,297.5
2025-12-31 15:00:00,8.5,8.55,8.3,8.3,5850,20.225461,1819350,296.15,295.0
2025-12-31 15:01:00,8.3,8.3,8.3,8.3,2925,20.0367,1819350,296.25,295.0
2025-12-31 15:02:00,7.0,7.0,7.0,7.0,11700,20.104104,494325,296.3,297.5
2025-12-31 15:03:00,8.35,8.35,8.25,8.25,58500,20.255466,1816425,296.05,295.0
2025-12-31 15:04:00,8.2,8.25,8.2,8.2,5850,19.908468,1816425,296.15,295.0
2025-12-31 15:05:00,8.2,8.2,8.2,8.2,5850,20.284296,1816425,295.95,295.0
2025-12-31 15:06:00,8.25,8.3,8.2,8.3,26325,20.508998,1816425,296.0,295.0
2025-12-31 15:07:00,8.2,8.3,8.2,8.2,2925,20.378126,1816425,295.9,295.0
2025-12-31 15:08:00,8.15,8.2,8.15,8.2,8775,20.378485,1813500,295.9,295.0
2025-12-31 15:09:00,8.2,8.2,8.2,8.2,0,20.378844,1813500,295.9,295.0
2025-12-31 15:10:00,8.2,8.2,8.2,8.2,0,20.472026,1813500,295.85,295.0
2025-12-31 15:11:00,8.15,8.2,8.15,8.15,2925,20.498724,1813500,295.75,295.0
2025-12-31 15:12:00,8.2,8.2,8.15,8.2,5850,20.286806,1813500,295.95,295.0
2025-12-31 15:13:00,8.2,8.2,8.2,8.2,5850,20.380283,1813500,295.9,295.0
2025-12-31 15:14:00,8.2,8.2,8.2,8.2,0,20.473468,1813500,295.85,295.0
2025-12-31 15:15:00,8.2,8.2,8.2,8.2,0,20.473828,1813500,295.85,295.0
2025-12-31 15:16:00,8.1,8.2,8.1,8.1,5850,20.43419,1813500,295.7,295.0
2025-12-31 15:17:00,8.2,8.2,8.1,8.2,14625,20.474549,1813500,295.85,295.0
2025-12-31 15:18:00,8.2,8.2,8.2,8.2,0,20.38208,1813500,295.9,295.0
2025-12-31 15:19:00,8.1,8.2,8.1,8.1,2925,20.157917,1813500,295.85,295.0
2025-12-31 15:20:00,8.1,8.1,8.1,8.1,2925,20.435626,1813500,295.7,295.0
2025-12-31 15:21:00,8.1,8.1,8.1,8.1,0,20.435986,1813500,295.7,295.0
2025-12-31 15:22:00,8.1,8.2,8.1,8.1,17550,20.528227,1807650,295.65,295.0
2025-12-31 15:23:00,8.25,8.3,8.1,8.3,38025,20.327831,1807650,296.1,295.0
2025-12-31 15:24:00,8.3,8.3,8.3,8.3,0,20.60872,1807650,295.95,295.0
2025-12-31 15:25:00,8.2,8.3,8.2,8.2,5850,20.66224,1807650,295.75,295.0
2025-12-31 15:26:00,8.05,8.25,8.05,8.25,35100,20.357339,1798875,296.0,295.0
2025-12-31 15:27:00,8.1,8.4,8.1,8.4,23400,20.647352,1798875,296.1,295.0
2025-12-31 15:28:00,7.05,7.1,7.05,7.05,11700,19.765075,479700,296.6,297.5
2025-12-31 15:29:00,7.05,7.05,7.05,7.05,0,20.101954,479700,296.4,297.5
2026-01-01 09:15:00,8.55,8.65,8.25,8.25,29250,20.273327,1790100,296.25,295.0
2026-01-01 09:16:00,7.15,7.15,7.05,7.15,20475,20.282727,497250,296.7,297.5
2026-01-01 09:17:00,7.3,7.55,7.15,7.55,14625,20.853191,497250,297.1,297.5
2026-01-01 09:18:00,7.4,7.55,7.4,7.4,35100,20.204008,497250,297.2,297.5
2026-01-01 09:19:00,7.6,7.6,7.4,7.6,32175,20.305638,520650,297.5,297.5
2026-01-01 09:20:00,7.6,7.6,7.6,7.6,5850,20.749237,520650,297.25,297.5
2026-01-01 09:21:00,7.6,7.6,7.6,7.6,0,21.704275,520650,296.7,297.5
2026-01-01 09:22:00,7.6,7.6,7.6,7.6,0,21.704652,520650,296.7,297.5
2026-01-01 09:23:00,7.25,7.6,7.25,7.25,14625,20.255822,511875,296.9,297.5
2026-01-01 09:24:00,7.25,7.25,7.25,7.25,0,21.196481,511875,296.35,297.5
2026-01-01 09:25:00,8.3,8.4,8.1,8.1,26325,19.888251,1801800,296.2,295.0
2026-01-01 09:26:00,8.0,8.1,8.0,8.0,8775,20.231157,1801800,295.85,295.0
2026-01-01 09:27:00,8.1,8.2,8.0,8.2,11700,20.307669,1801800,296.15,295.0
2026-01-01 09:28:00,8.25,8.25,8.2,8.25,5850,20.564548,1798875,296.1,295.0
2026-01-01 09:29:00,7.05,7.05,6.95,7.05,17550,20.14317,555750,296.6,297.5
2026-01-01 09:30:00,7.05,7.05,7.05,7.05,5850,20.398955,555750,296.45,297.5
2026-01-01 09:31:00,8.4,8.4,8.4,8.4,61425,20.763693,1822275,296.25,295.0
2026-01-01 09:32:00,7.05,7.15,7.05,7.05,2925,20.653174,552825,296.3,297.5
2026-01-01 09:33:00,8.25,8.3,8.25,8.25,8775,20.661266,1822275,296.05,295.0
2026-01-01 09:34:00,8.2,8.25,8.2,8.2,8775,20.405534,1828125,296.1,295.0
2026-01-01 09:35:00,8.25,8.25,8.2,8.25,2925,20.471982,1828125,296.15,295.0
2026-01-01 09:36:00,8.2,8.25,8.2,8.2,11700,20.595915,1828125,296.0,295.0
2026-01-01 09:37:00,8.2,8.2,8.2,8.2,0,20.596287,1828125,296.0,295.0
2026-01-01 09:38:00,7.2,7.2,6.8,7.15,84825,20.801884,590850,296.4,297.5
2026-01-01 09:39:00,7.15,7.15,7.15,7.15,0,20.802248,590850,296.4,297.5
2026-01-01 09:40:00,7.1,7.15,7.05,7.05,26325,19.543068,652275,296.95,297.5
2026-01-01 09:41:00,7.25,7.3,7.05,7.3,35100,19.807656,652275,297.25,297.5
2026-01-01 09:42:00,7.35,7.35,7.3,7.35,49725,20.054461,652275,297.2,297.5
2026-01-01 09:43:00,7.45,7.45,7.35,7.45,8775,20.106178,652275,297.35,297.5
2026-01-01 09:44:00,7.45,7.8,7.45,7.8,58500,20.136535,640575,297.95,297.5
2026-01-01 09:45:00,7.8,7.8,7.8,7.8,0,20.770138,640575,297.6,297.5
2026-01-01 09:46:00,7.6,7.8,7.6,7.6,8775,20.226012,640575,297.55,297.5
2026-01-01 09:47:00,7.6,7.6,7.6,7.6,0,20.315798,640575,297.5,297.5
2026-01-01 09:48:00,7.75,7.75,7.6,7.75,14625,20.161383,625950,297.85,297.5
2026-01-01 09:49:00,7.9,7.9,7.75,7.9,23400,20.547441,631800,297.9,297.5
2026-01-01 09:50:00,7.8,7.9,7.8,7.8,38025,20.320985,631800,297.85,297.5
2026-01-01 09:51:00,7.75,7.8,7.7,7.7,8775,20.094448,631800,297.8,297.5
2026-01-01 09:52:00,7.85,8.1,7.7,8.1,122850,20.356885,672750,298.35,297.5
2026-01-01 09:53:00,8.3,8.35,8.1,8.35,46800,20.403906,672750,298.75,297.5
2026-01-01 09:54:00,7.0,7.05,7.0,7.0,78975,20.302651,4311450,298.8,300.0
2026-01-01 09:55:00,7.15,7.65,7.0,7.65,318825,21.062494,4261725,299.55,300.0
2026-01-01 09:56:00,7.6,7.75,7.55,7.6,511875,21.164594,4261725,299.4,300.0
2026-01-01 09:57:00,7.55,7.6,7.5,7.5,146250,20.851727,4261725,299.4,300.0
2026-01-01 09:58:00,7.4,7.5,7.4,7.4,76050,20.795704,4466475,299.25,300.0
2026-01-01 09:59:00,7.6,7.7,7.4,7.7,219375,20.960464,4466475,299.7,300.0
2026-01-01 10:00:00,7.8,7.85,7.7,7.85,184275,20.90546,4466475,300.0,300.0
2026-01-01 10:01:00,7.8,7.85,7.75,7.75,178425,20.679939,4469400,299.95,300.0
2026-01-01 10:02:00,7.85,7.95,7.75,7.95,119925,20.143541,4469400,300.6,300.0
2026-01-01 10:03:00,7.55,7.55,6.75,7.45,96525,21.504108,339300,301.3,302.5
2026-01-01 10:04:00,8.7,9.0,8.55,8.6,295425,21.185766,4337775,301.15,300.0
2026-01-01 10:05:00,7.35,7.85,7.3,7.8,40950,21.242082,353925,302.1,302.5
2026-01-01 10:06:00,8.0,8.05,7.8,8.05,111150,21.675055,353925,302.3,302.5
2026-01-01 10:07:00,8.25,8.35,8.05,8.35,125775,22.261643,421200,302.5,302.5
2026-01-01 10:08:00,8.45,8.45,8.3,8.3,149175,22.625795,421200,302.2,302.5
2026-01-01 10:09:00,8.3,8.3,8.25,8.25,114075,22.211862,421200,302.35,302.5
2026-01-01 10:10:00,8.05,8.25,8.05,8.05,70200,22.192152,500175,302.0,302.5
2026-01-01 10:11:00,7.8,8.05,7.65,7.65,96525,21.627389,500175,301.6,302.5
2026-01-01 10:12:00,7.75,7.75,7.5,7.5,78975,21.413255,500175,301.45,302.5
2026-01-01 10:13:00,7.5,7.5,7.25,7.45,131625,21.258487,476775,301.45,302.5
2026-01-01 10:14:00,8.75,8.85,8.7,8.85,140400,22.074052,4021875,301.1,300.0
2026-01-01 10:15:00,7.55,7.55,7.35,7.55,17550,21.652789,476775,301.4,302.5
2026-01-01 10:16:00,8.85,8.85,8.65,8.65,84825,21.993864,4086225,300.8,300.0
2026-01-01 10:17:00,8.5,8.65,8.4,8.4,149175,21.929627,4086225,300.4,300.0
2026-01-01 10:18:00,8.2,8.4,8.2,8.35,99450,21.592762,4086225,300.5,300.0
2026-01-01 10:19:00,8.4,8.4,8.35,8.4,26325,22.019894,4068675,300.35,300.0
2026-01-01 10:20:00,8.4,8.4,8.3,8.3,181350,21.973018,4068675,300.2,300.0
2026-01-01 10:21:00,8.25,8.3,8.1,8.1,46800,21.344474,4068675,300.2,300.0
2026-01-01 10:22:00,8.05,8.1,7.9,7.9,76050,21.246875,4106700,299.9,300.0
2026-01-01 10:23:00,8.0,8.1,7.9,8.1,73125,20.896965,4106700,300.45,300.0
2026-01-01 10:24:00,8.3,8.5,8.1,8.5,38025,21.977521,4106700,300.55,300.0
2026-01-01 10:25:00,8.45,8.65,8.45,8.55,125775,21.406222,4168125,300.95,300.0
2026-01-01 10:26:00,8.65,8.7,8.55,8.7,32175,21.880931,4168125,300.95,300.0
2026-01-01 10:27:00,8.65,8.7,8.6,8.6,70200,21.565132,4168125,300.95,300.0
2026-01-01 10:28:00,7.5,7.65,7.2,7.65,38025,21.801252,538200,301.5,302.5
2026-01-01 10:29:00,7.55,7.65,7.5,7.5,32175,21.502893,538200,301.4,302.5
2026-01-01 10:30:00,8.9,8.95,8.75,8.95,73125,22.118617,4200300,301.25,300.0
2026-01-01 10:31:00,7.7,7.7,7.55,7.65,23400,21.969092,526500,301.4,302.5
2026-01-01 10:32:00,8.7,8.9,8.7,8.8,20475,21.922838,4194450,301.1,300.0
2026-01-01 10:33:00,8.85,8.9,8.75,8.9,46800,22.239679,4194450,301.1,300.0
2026-01-01 10:34:00,8.8,8.9,8.75,8.75,84825,21.579482,4176900,301.2,300.0
2026-01-01 10:35:00,7.65,7.8,7.45,7.8,23400,21.84957,529425,301.75,302.5
2026-01-01 10:36:00,7.95,7.95,7.8,7.95,102375,22.061725,529425,301.9,302.5
2026-01-01 10:37:00,7.85,7.95,7.85,7.85,52650,22.089955,602550,301.7,302.5
2026-01-01 10:38:00,7.75,7.85,7.75,7.75,35100,21.947997,602550,301.6,302.5
2026-01-01 10:39:00,7.85,7.85,7.75,7.85,17550,22.426161,602550,301.5,302.5
2026-01-01 10:40:00,8.75,9.15,8.75,8.8,64350,22.110547,4086225,301.0,300.0
2026-01-01 10:41:00,8.75,8.8,8.65,8.65,32175,21.636474,4086225,301.0,300.0
2026-01-01 10:42:00,8.65,8.7,8.65,8.7,11700,22.07051,4086225,300.85,300.0
2026-01-01 10:43:00,8.65,8.7,8.55,8.55,52650,22.411859,4074525,300.4,300.0
2026-01-01 10:44:00,8.5,8.55,8.5,8.55,32175,21.780206,4074525,300.75,300.0
2026-01-01 10:45:00,8.7,8.7,8.55,8.6,5850,22.120102,4074525,300.65,300.0
2026-01-01 10:46:00,8.7,8.75,8.6,8.75,8775,22.229982,4086225,300.85,300.0
2026-01-01 10:47:00,8.85,8.85,8.75,8.85,14625,22.454786,4086225,300.9,300.0
2026-01-01 10:48:00,8.7,8.85,8.7,8.7,108225,22.885866,4086225,300.4,300.0
2026-01-01 10:49:00,8.55,8.7,8.45,8.45,26325,22.099401,4103775,300.4,300.0
2026-01-01 10:50:00,8.5,8.5,8.45,8.5,20475,22.16757,4103775,300.45,300.0
2026-01-01 10:51:00,8.35,8.5,8.35,8.35,14625,22.49545,4103775,300.0,300.0
2026-01-01 10:52:00,8.35,8.5,8.35,8.5,90675,22.614213,4086225,300.2,300.0
2026-01-01 10:53:00,8.5,8.5,8.5,8.5,17550,22.703099,4086225,300.15,300.0
2026-01-01 10:54:00,8.5,8.5,8.5,8.5,8775,22.87982,4086225,300.05,300.0
2026-01-01 10:55:00,8.45,8.5,8.4,8.4,78975,22.477957,4133025,300.1,300.0
2026-01-01 10:56:00,8.5,8.5,8.4,8.5,17550,22.438123,4133025,300.3,300.0
2026-01-01 10:57:00,8.5,8.5,8.5,8.5,2925,22.438516,4133025,300.3,300.0
2026-01-01 10:58:00,8.5,8.5,8.5,8.5,11700,22.260324,4133025,300.4,300.0
2026-01-01 10:59:00,8.25,8.5,8.25,8.25,38025,22.534589,4130100,299.8,300.0
2026-01-01 11:00:00,8.3,8.3,8.25,8.3,40950,22.517323,4130100,299.9,300.0
2026-01-01 11:01:00,8.25,8.3,8.25,8.25,14625,22.882118,4176900,299.6,300.0
2026-01-01 11:02:00,8.25,8.35,8.25,8.3,55575,22.430508,4176900,299.95,300.0
2026-01-01 11:03:00,8.25,8.3,8.25,8.25,2925,22.709942,4176900,299.7,300.0
2026-01-01 11:04:00,8.15,8.25,8.05,8.05,11700,22.600205,4138875,299.4,300.0
2026-01-01 11:05:00,8.1,8.1,8.05,8.05,32175,22.600595,4138875,299.4,300.0
2026-01-01 11:06:00,8.1,8.1,8.05,8.1,8775,22.58611,4138875,299.5,300.0
2026-01-01 11:07:00,8.1,8.15,8.05,8.05,20475,22.515672,4156425,299.45,300.0
2026-01-01 11:08:00,8.05,8.05,8.05,8.05,5850,22.51606,4156425,299.45,300.0
2026-01-01 11:09:00,8.0,8.05,8.0,8.0,11700,22.359735,4156425,299.45,300.0
2026-01-01 11:10:00,8.0,8.0,8.0,8.0,8775,22.531392,4168125,299.35,300.0
2026-01-01 11:11:00,8.0,8.0,8.0,8.0,58500,22.188425,4168125,299.55,300.0
2026-01-01 11:12:00,8.2,8.25,8.0,8.25,46800,22.886456,4168125,299.6,300.0
2026-01-01 11:13:00,8.25,8.35,8.25,8.35,23400,22.591832,4188600,299.95,300.0
2026-01-01 11:14:00,8.35,8.35,8.35,8.35,11700,23.027938,4188600,299.7,300.0
2026-01-01 11:15:00,8.4,8.4,8.35,8.35,26325,22.592617,4188600,299.95,300.0
2026-01-01 11:16:00,8.3,8.45,8.3,8.45,26325,22.819354,4206150,300.0,300.0
2026-01-01 11:17:00,8.45,8.45,8.45,8.45,0,22.555376,4206150,300.15,300.0
2026-01-01 11:18:00,8.45,8.45,8.45,8.45,29250,22.28939,4206150,300.3,300.0
2026-01-01 11:19:00,8.5,8.5,8.45,8.5,8775,22.268513,4206150,300.4,300.0
2026-01-01 11:20:00,8.5,8.5,8.5,8.5,0,22.447526,4206150,300.3,300.0
2026-01-01 11:21:00,8.5,8.5,8.5,8.5,5850,22.358721,4226625,300.35,300.0
2026-01-01 11:22:00,8.5,8.5,8.45,8.45,23400,22.29095,4229550,300.3,300.0
2026-01-01 11:23:00,8.65,8.7,8.45,8.7,23400,22.359762,4229550,300.7,300.0
2026-01-01 11:24:00,8.7,9.0,8.7,9.0,178425,22.576224,4229550,301.1,300.0
2026-01-01 11:25:00,8.9,9.0,8.7,8.8,32175,22.494405,4171050,300.8,300.0
2026-01-01 11:26:00,8.65,8.8,8.55,8.55,11700,22.339107,4171050,300.45,300.0
2026-01-01 11:27:00,8.55,8.55,8.55,8.55,0,22.339497,4171050,300.45,300.0
2026-01-01 11:28:00,8.5,8.55,8.5,8.5,8775,22.182356,4171050,300.45,300.0
2026-01-01 11:29:00,8.5,8.5,8.5,8.5,0,22.182745,4171050,300.45,300.0
2026-01-01 11:30:00,8.5,8.5,8.35,8.4,17550,22.047352,4168125,300.35,300.0
2026-01-01 11:31:00,8.4,8.4,8.4,8.4,8775,22.226152,4168125,300.25,300.0
2026-01-01 11:32:00,8.3,8.4,8.15,8.15,14625,21.794719,4168125,300.05,300.0
2026-01-01 11:33:00,8.3,8.3,8.15,8.3,8775,22.530229,4168125,299.9,300.0
2026-01-01 11:34:00,8.25,8.3,8.25,8.25,17550,22.198017,4168125,300.0,300.0
2026-01-01 11:35:00,8.25,8.25,8.25,8.25,2925,21.933382,4173975,300.15,300.0
2026-01-01 11:36:00,8.5,8.5,8.25,8.5,17550,22.275147,4173975,300.4,300.0
2026-01-01 11:37:00,8.5,8.5,8.5,8.5,2925,22.18586,4179825,300.45,300.0
2026-01-01 11:38:00,8.5,8.5,8.5,8.5,0,22.275929,4179825,300.4,300.0
2026-01-01 11:39:00,8.45,8.5,8.45,8.45,23400,22.475432,4179825,300.2,300.0
2026-01-01 11:40:00,8.45,8.45,8.45,8.45,0,22.297971,4197375,300.3,300.0
2026-01-01 11:41:00,8.5,8.5,8.45,8.5,20475,22.722037,4197375,300.15,300.0
2026-01-01 11:42:00,8.5,8.5,8.5,8.5,0,22.810747,4197375,300.1,300.0
2026-01-01 11:43:00,8.45,8.5,8.45,8.45,38025,22.830031,4185675,300.0,300.0
2026-01-01 11:44:00,8.15,8.45,8.15,8.15,20475,22.325302,4185675,299.75,300.0
2026-01-01 11:45:00,8.35,8.35,8.15,8.35,99450,22.516581,4185675,300.0,300.0
2026-01-01 11:46:00,8.35,8.35,8.35,8.35,38025,22.604779,4185675,299.95,300.0
2026-01-01 11:47:00,8.3,8.35,8.3,8.3,2925,22.623131,4314375,299.85,300.0
2026-01-01 11:48:00,8.25,8.3,8.2,8.2,5850,22.309453,4314375,299.85,300.0
2026-01-01 11:49:00,8.2,8.2,8.2,8.2,0,22.484216,4314375,299.75,300.0
2026-01-01 11:50:00,8.25,8.25,8.2,8.25,2925,22.641571,4320225,299.75,300.0
2026-01-01 11:51:00,8.2,8.25,8.2,8.2,5850,22.310619,4320225,299.85,300.0
2026-01-01 11:52:00,8.15,8.2,8.15,8.15,2925,22.066388,4320225,299.9,300.0
2026-01-01 11:53:00,8.2,8.25,8.15,8.25,23400,22.205382,4311450,300.0,300.0
2026-01-01 11:54:00,8.4,8.4,8.25,8.4,26325,22.412634,4311450,300.15,300.0
2026-01-01 11:55:00,8.4,8.4,8.4,8.4,0,22.413025,4311450,300.15,300.0
2026-01-01 11:56:00,8.4,8.4,8.4,8.4,0,22.501846,4311450,300.1,300.0
2026-01-01 11:57:00,8.4,8.4,8.4,8.4,0,22.502237,4302675,300.1,300.0
2026-01-01 11:58:00,8.3,8.4,8.3,8.35,11700,22.256896,4302675,300.15,300.0
2026-01-01 11:59:00,8.4,8.45,8.35,8.45,5850,22.571877,4302675,300.15,300.0
2026-01-01 12:00:00,8.35,8.45,8.35,8.35,2925,22.257675,4302675,300.15,300.0
2026-01-01 12:01:00,8.5,8.5,8.35,8.45,8775,22.661045,4302675,300.1,300.0
2026-01-01 12:02:00,8.45,8.45,8.45,8.45,0,22.306559,4302675,300.3,300.0
2026-01-01 12:03:00,8.75,8.8,8.45,8.8,17550,23.141273,4302675,300.45,300.0
2026-01-01 12:04:00,8.6,8.8,8.6,8.6,5850,22.779611,4302675,300.3,300.0
2026-01-01 12:05:00,8.4,8.6,8.4,8.5,8775,22.907974,4308525,300.05,300.0
2026-01-01 12:06:00,8.4,8.5,8.4,8.4,14625,22.417328,4308525,300.15,300.0
2026-01-01 12:07:00,8.3,8.4,8.3,8.3,2925,22.191605,4308525,300.1,300.0
2026-01-01 12:08:00,8.15,8.3,8.15,8.15,14625,22.16013,4302675,299.85,300.0
2026-01-01 12:09:00,8.2,8.2,8.15,8.2,11700,22.317613,4302675,299.85,300.0
2026-01-01 12:10:00,8.2,8.2,8.2,8.2,2925,22.405315,4302675,299.8,300.0
2026-01-01 12:11:00,8.25,8.25,8.2,8.25,2925,22.387992,4288050,299.9,300.0
2026-01-01 12:12:00,8.25,8.25,8.25,8.25,0,22.563142,4288050,299.8,300.0
2026-01-01 12:13:00,8.1,8.25,8.1,8.1,23400,22.266501,4288050,299.7,300.0
2026-01-01 12:14:00,8.1,8.1,8.05,8.05,5850,22.369632,4276350,299.55,300.0
2026-01-01 12:15:00,8.0,8.05,8.0,8.0,58500,22.4711,4276350,299.4,300.0
2026-01-01 12:16:00,8.0,8.0,8.0,8.0,0,22.471489,4276350,299.4,300.0
2026-01-01 12:17:00,8.0,8.0,8.0,8.0,8775,22.557471,4255875,299.35,300.0
2026-01-01 12:18:00,7.95,8.0,7.95,7.95,2925,22.571705,4255875,299.25,300.0
2026-01-01 12:19:00,7.9,8.0,7.9,8.0,35100,22.386859,4226625,299.45,300.0
2026-01-01 12:20:00,8.0,8.0,8.0,8.0,5850,22.387247,4226625,299.45,300.0
2026-01-01 12:21:00,8.0,8.0,8.0,8.0,0,22.301634,4226625,299.5,300.0
2026-01-01 12:22:00,8.1,8.1,8.0,8.1,2925,22.529653,4226625,299.55,300.0
2026-01-01 12:23:00,8.05,8.1,8.0,8.0,52650,22.55981,4223700,299.35,300.0
2026-01-01 12:24:00,7.95,8.0,7.95,7.95,5850,22.403385,4223700,299.35,300.0
2026-01-01 12:25:00,8.05,8.05,7.95,8.05,2925,22.631826,4223700,299.4,300.0
2026-01-01 12:26:00,8.05,8.05,8.0,8.0,5850,22.303569,4188600,299.5,300.0
2026-01-01 12:27:00,7.95,8.0,7.95,8.0,14625,22.475767,4188600,299.4,300.0
2026-01-01 12:28:00,8.0,8.0,8.0,8.0,8775,22.476156,4188600,299.4,300.0
2026-01-01 12:29:00,8.0,8.0,8.0,8.0,8775,22.476545,4203225,299.4,300.0
2026-01-01 12:30:00,8.05,8.05,7.9,7.9,5850,22.163217,4203225,299.4,300.0
2026-01-01 12:31:00,7.9,7.9,7.9,7.9,20475,22.249263,4203225,299.35,300.0
2026-01-01 12:32:00,7.9,7.9,7.9,7.9,0,22.24965,4203225,299.35,300.0
2026-01-01 12:33:00,7.9,7.9,7.9,7.9,5850,22.335499,4223700,299.3,300.0
2026-01-01 12:34:00,7.95,7.95,7.9,7.95,2925,22.4927,4223700,299.3,300.0
2026-01-01 12:35:00,8.05,8.05,7.95,8.05,11700,22.549955,4223700,299.45,300.0
2026-01-01 12:36:00,7.95,8.05,7.95,7.95,2925,22.150515,4223700,299.5,300.0
2026-01-01 12:37:00,7.95,7.95,7.95,7.95,0,22.408428,4223700,299.35,300.0
2026-01-01 12:38:00,8.05,8.05,7.95,8.05,2925,22.722495,4220775,299.35,300.0
2026-01-01 12:39:00,8.05,8.05,8.05,8.05,0,22.808276,4220775,299.3,300.0
2026-01-01 12:40:00,7.95,8.05,7.95,7.95,11700,22.495033,4220775,299.3,300.0
2026-01-01 12:41:00,7.95,7.95,7.95,7.95,17550,22.238493,4223700,299.45,300.0
2026-01-01 12:42:00,7.9,7.95,7.9,7.9,11700,22.167838,4223700,299.4,300.0
2026-01-01 12:43:00,7.9,7.9,7.9,7.9,8775,22.253896,4223700,299.35,300.0
2026-01-01 12:44:00,7.85,7.9,7.85,7.85,8775,22.268209,4217850,299.25,300.0
2026-01-01 12:45:00,7.85,7.85,7.85,7.85,11700,22.268595,4217850,299.25,300.0
2026-01-01 12:46:00,7.85,7.9,7.85,7.9,8775,22.425801,4217850,299.25,300.0
2026-01-01 12:47:00,7.9,7.9,7.9,7.9,0,22.426189,4217850,299.25,300.0
2026-01-01 12:48:00,7.9,7.9,7.9,7.9,0,22.59654,4217850,299.15,300.0
2026-01-01 12:49:00,7.9,7.9,7.9,7.9,2925,22.170534,4232475,299.4,300.0
2026-01-01 12:50:00,7.9,7.9,7.9,7.9,0,22.256599,4232475,299.35,300.0
2026-01-01 12:51:00,7.9,7.95,7.9,7.95,11700,22.584566,4232475,299.25,300.0
2026-01-01 12:52:00,8.0,8.0,7.95,8.0,2925,22.313642,4232475,299.5,300.0
2026-01-01 12:53:00,8.05,8.2,8.0,8.2,26325,22.769376,4241250,299.6,300.0
2026-01-01 12:54:00,8.2,8.2,8.05,8.05,8775,22.385169,4241250,299.55,300.0
2026-01-01 12:55:00,8.05,8.05,8.05,8.05,5850,22.471762,4241250,299.5,300.0
2026-01-01 12:56:00,8.1,8.25,8.05,8.25,11700,22.841065,4250025,299.65,300.0
2026-01-01 12:57:00,8.25,8.25,8.25,8.25,0,23.014224,4250025,299.55,300.0
2026-01-01 12:58:00,8.2,8.25,8.2,8.2,23400,22.684829,4250025,299.65,300.0
2026-01-01 12:59:00,8.2,8.2,8.2,8.2,2925,22.511566,4264650,299.75,300.0
2026-01-01 13:00:00,8.2,8.2,8.2,8.2,0,22.598889,4264650,299.7,300.0
2026-01-01 13:01:00,8.05,8.2,8.05,8.05,20475,22.21485,4264650,299.65,300.0
2026-01-01 13:02:00,8.1,8.1,8.05,8.05,5850,22.301862,4252950,299.6,300.0
2026-01-01 13:03:00,8.05,8.05,8.05,8.05,0,22.128786,4252950,299.7,300.0
2026-01-01 13:04:00,8.05,8.05,8.05,8.05,11700,22.302638,4252950,299.6,300.0
2026-01-01 13:05:00,8.15,8.15,8.05,8.15,2925,22.703439,4250025,299.55,300.0
2026-01-01 13:06:00,8.15,8.15,8.15,8.15,0,22.617478,4250025,299.6,300.0
2026-01-01 13:07:00,8.15,8.15,8.15,8.15,0,22.790376,4250025,299.5,300.0
2026-01-01 13:08:00,8.15,8.15,8.15,8.15,0,22.618263,4250025,299.6,300.0
2026-01-01 13:09:00,8.0,8.15,8.0,8.0,5850,22.320232,4250025,299.5,300.0
2026-01-01 13:10:00,8.0,8.0,8.0,8.0,0,22.23437,4250025,299.55,300.0
2026-01-01 13:11:00,8.0,8.0,8.0,8.0,2925,22.321008,4250025,299.5,300.0
2026-01-01 13:12:00,7.9,8.0,7.9,7.9,43875,22.350595,4250025,299.3,300.0
2026-01-01 13:13:00,7.9,7.9,7.9,7.9,0,22.436279,4250025,299.25,300.0
2026-01-01 13:14:00,7.9,7.9,7.9,7.9,2925,22.436668,4250025,299.25,300.0
2026-01-01 13:15:00,7.9,7.9,7.9,7.9,0,22.522158,4250025,299.2,300.0
2026-01-01 13:16:00,7.85,7.9,7.85,7.85,32175,22.109711,4255875,299.35,300.0
2026-01-01 13:17:00,7.85,7.85,7.85,7.85,0,22.110094,4255875,299.35,300.0
2026-01-01 13:18:00,7.85,7.85,7.85,7.85,0,22.110479,4255875,299.35,300.0
2026-01-01 13:19:00,8.05,8.05,7.85,8.05,2925,22.824004,4258800,299.3,300.0
2026-01-01 13:20:00,8.0,8.05,8.0,8.0,5850,22.837819,4258800,299.2,300.0
2026-01-01 13:21:00,8.15,8.2,8.0,8.2,11700,22.433013,4258800,299.8,300.0
2026-01-01 13:22:00,8.2,8.2,8.15,8.15,17550,22.968017,4258800,299.4,300.0
2026-01-01 13:23:00,8.1,8.15,8.1,8.1,2925,22.553484,4273425,299.55,300.0
2026-01-01 13:24:00,8.1,8.4,8.1,8.4,108225,22.800601,4273425,299.95,300.0
2026-01-01 13:25:00,8.35,8.4,8.35,8.35,2925,22.906121,4273425,299.8,300.0
2026-01-01 13:26:00,8.35,8.35,8.35,8.35,0,22.556212,4273425,300.0,300.0
2026-01-01 13:27:00,8.3,8.35,8.3,8.3,2925,22.39926,4194450,300.0,300.0
2026-01-01 13:28:00,8.3,8.3,8.3,8.3,5850,21.777696,4194450,300.35,300.0
2026-01-01 13:29:00,8.4,8.4,8.3,8.4,52650,22.182957,4185675,300.3,300.0
2026-01-01 13:30:00,8.4,8.4,8.4,8.4,8775,22.802977,4185675,299.95,300.0
2026-01-01 13:31:00,8.4,8.4,8.4,8.4,2925,22.539152,4185675,300.1,300.0
2026-01-01 13:32:00,8.4,8.4,8.4,8.4,0,22.715912,4185675,300.0,300.0
2026-01-01 13:33:00,8.35,8.4,8.35,8.35,2925,22.558964,4200300,300.0,300.0
2026-01-01 13:34:00,8.35,8.35,8.35,8.35,0,22.909692,4200300,299.8,300.0
2026-01-01 13:35:00,8.35,8.35,8.35,8.35,0,22.735345,4200300,299.9,300.0
2026-01-01 13:36:00,8.2,8.35,8.1,8.25,26325,22.508742,4206150,299.85,300.0
2026-01-01 13:37:00,8.25,8.25,8.25,8.25,0,22.509134,4206150,299.85,300.0
2026-01-01 13:38:00,8.25,8.25,8.25,8.25,0,22.596875,4206150,299.8,300.0
2026-01-01 13:39:00,8.25,8.25,8.25,8.25,0,22.684406,4206150,299.75,300.0
2026-01-01 13:40:00,8.25,8.25,8.25,8.25,0,22.771732,4206150,299.7,300.0
2026-01-01 13:41:00,8.1,8.25,8.1,8.1,5850,22.387483,4209075,299.65,300.0
2026-01-01 13:42:00,8.05,8.1,8.05,8.05,14625,22.57613,4209075,299.45,300.0
2026-01-01 13:43:00,7.95,8.05,7.95,8.0,38025,22.505369,4209075,299.4,300.0
2026-01-01 13:44:00,8.0,8.0,8.0,8.0,0,22.333813,4209075,299.5,300.0
2026-01-01 13:45:00,8.0,8.0,8.0,8.0,0,22.074731,4209075,299.65,300.0
2026-01-01 13:46:00,8.0,8.0,8.0,8.0,0,22.161817,4209075,299.6,300.0
2026-01-01 13:47:00,8.0,8.0,8.0,8.0,0,22.506929,4209075,299.4,300.0
2026-01-01 13:48:00,7.95,8.0,7.95,7.95,8775,22.350308,4188600,299.4,300.0
2026-01-01 13:49:00,8.0,8.0,7.95,8.0,2925,22.335754,4188600,299.5,300.0
2026-01-01 13:50:00,8.05,8.05,8.0,8.05,29250,22.406957,4188600,299.55,300.0
2026-01-01 13:51:00,8.05,8.05,8.05,8.05,0,22.407347,4188600,299.55,300.0
2026-01-01 13:52:00,8.05,8.05,8.05,8.05,0,22.407737,4188600,299.55,300.0
2026-01-01 13:53:00,8.1,8.1,8.05,8.1,2925,22.478795,4185675,299.6,300.0
2026-01-01 13:54:00,8.1,8.1,8.1,8.1,0,22.479185,4185675,299.6,300.0
2026-01-01 13:55:00,8.1,8.1,8.1,8.1,0,22.479576,4185675,299.6,300.0
2026-01-01 13:56:00,8.1,8.1,8.1,8.1,0,22.393329,4185675,299.65,300.0
2026-01-01 13:57:00,8.0,8.1,8.0,8.0,5850,22.079359,4188600,299.65,300.0
2026-01-01 13:58:00,8.0,8.0,8.0,8.0,0,22.33925,4188600,299.5,300.0
2026-01-01 13:59:00,8.0,8.0,8.0,8.0,0,22.253345,4188600,299.55,300.0
2026-01-01 14:00:00,8.0,8.0,8.0,8.0,0,22.340028,4188600,299.5,300.0
2026-01-01 14:01:00,8.05,8.05,8.0,8.05,17550,22.497505,4206150,299.5,300.0
2026-01-01 14:02:00,8.0,8.05,7.95,7.95,8775,22.097375,4206150,299.55,300.0
2026-01-01 14:03:00,8.1,8.1,7.95,8.1,2925,22.396058,4206150,299.65,300.0
2026-01-01 14:04:00,8.05,8.1,8.05,8.05,2925,22.325939,4206150,299.6,300.0
2026-01-01 14:05:00,8.05,8.05,8.05,8.05,2925,22.326328,4206150,299.6,300.0
2026-01-01 14:06:00,7.95,8.05,7.95,7.95,2925,21.925618,4206150,299.65,300.0
2026-01-01 14:07:00,7.95,7.95,7.95,7.95,0,21.926002,4206150,299.65,300.0
2026-01-01 14:08:00,7.95,7.95,7.95,7.95,0,22.013144,4206150,299.6,300.0
2026-01-01 14:09:00,7.95,7.95,7.95,7.95,0,21.57755,4206150,299.85,300.0
2026-01-01 14:10:00,8.2,8.2,7.95,8.2,2925,22.364752,4206150,299.85,300.0
2026-01-01 14:11:00,8.1,8.2,8.1,8.1,2925,21.874773,4206150,299.95,300.0
2026-01-01 14:12:00,8.1,8.1,8.1,8.1,0,21.786981,4206150,300.0,300.0
2026-01-01 14:13:00,8.15,8.15,8.1,8.15,5850,22.032992,4203225,299.95,300.0
2026-01-01 14:14:00,8.2,8.25,8.15,8.25,11700,21.905815,4203225,300.2,300.0
2026-01-01 14:15:00,8.25,8.25,8.25,8.25,0,22.260592,4203225,300.0,300.0
2026-01-01 14:16:00,8.3,8.3,8.25,8.3,2925,22.064255,4206150,300.2,300.0
2026-01-01 14:17:00,8.35,8.4,8.3,8.4,14625,22.20168,4206150,300.3,300.0
2026-01-01 14:18:00,8.35,8.4,8.35,8.4,14625,21.932939,4197375,300.45,300.0
2026-01-01 14:19:00,8.3,8.4,8.3,8.3,8775,21.61742,4197375,300.45,300.0
2026-01-01 14:20:00,8.4,8.4,8.3,8.3,8775,21.617804,4197375,300.45,300.0
2026-01-01 14:21:00,8.35,8.35,8.3,8.35,2925,21.955951,4200300,300.35,300.0
2026-01-01 14:22:00,8.25,8.35,8.25,8.25,2925,21.908904,4200300,300.2,300.0
2026-01-01 14:23:00,8.25,8.25,8.25,8.25,11700,21.909292,4200300,300.2,300.0
2026-01-01 14:24:00,8.25,8.25,8.25,8.25,2925,21.73107,4182750,300.3,300.0
2026-01-01 14:25:00,8.3,8.3,8.25,8.3,8775,21.889259,4182750,300.3,300.0
2026-01-01 14:26:00,8.35,8.35,8.3,8.35,5850,22.579823,4182750,300.0,300.0
2026-01-01 14:27:00,8.35,8.35,8.35,8.35,119925,22.580216,4165200,300.0,300.0
2026-01-01 14:28:00,8.25,8.35,8.25,8.25,2925,22.265661,4165200,300.0,300.0
2026-01-01 14:29:00,8.2,8.25,8.2,8.2,2925,22.284519,4279275,299.9,300.0
2026-01-01 14:30:00,8.2,8.2,8.2,8.2,5850,22.459999,4279275,299.8,300.0
2026-01-01 14:31:00,8.2,8.2,8.2,8.2,8775,22.372952,4279275,299.85,300.0
2026-01-01 14:32:00,8.2,8.2,8.2,8.2,0,22.635024,4279275,299.7,300.0
2026-01-01 14:33:00,8.2,8.2,8.2,8.2,0,22.286078,4279275,299.9,300.0
2026-01-01 14:34:00,8.2,8.2,8.2,8.2,0,22.286467,4279275,299.9,300.0
2026-01-01 14:35:00,8.25,8.3,8.2,8.3,17550,22.071633,4273425,300.2,300.0
2026-01-01 14:36:00,8.3,8.3,8.3,8.3,14625,22.249603,4279275,300.1,300.0
2026-01-01 14:37:00,8.3,8.3,8.3,8.3,2925,22.426671,4279275,300.0,300.0
2026-01-01 14:38:00,8.35,8.35,8.3,8.35,5850,22.230492,4279275,300.2,300.0
2026-01-01 14:39:00,8.35,8.35,8.35,8.35,0,22.319735,4279275,300.15,300.0
2026-01-01 14:40:00,8.25,8.35,8.25,8.25,2925,22.270342,4279275,300.0,300.0
2026-01-01 14:41:00,8.25,8.25,8.25,8.25,2925,22.446626,4279275,299.9,300.0
2026-01-01 14:42:00,8.25,8.25,8.25,8.25,2925,22.447018,4279275,299.9,300.0
2026-01-01 14:43:00,8.3,8.3,8.25,8.3,2925,22.60483,4279275,299.9,300.0
2026-01-01 14:44:00,8.25,8.3,8.2,8.2,14625,22.465482,4282200,299.8,300.0
2026-01-01 14:45:00,8.2,8.2,8.2,8.2,0,22.378423,4282200,299.85,300.0
2026-01-01 14:46:00,8.2,8.2,8.2,8.2,0,22.378815,4282200,299.85,300.0
2026-01-01 14:47:00,8.2,8.3,8.2,8.3,17550,22.342357,4276350,300.05,300.0
2026-01-01 14:48:00,8.25,8.3,8.25,8.3,8775,22.342748,4276350,300.05,300.0
2026-01-01 14:49:00,8.3,8.35,8.3,8.35,64350,22.764615,4276350,299.9,300.0
2026-01-01 14:50:00,8.3,8.35,8.3,8.3,2925,22.43177,4276350,300.0,300.0
2026-01-01 14:51:00,8.3,8.3,8.3,8.3,0,22.343922,4276350,300.05,300.0
2026-01-01 14:52:00,8.3,8.4,8.3,8.4,29250,22.393662,4285125,300.2,300.0
2026-01-01 14:53:00,8.3,8.45,8.3,8.3,8775,22.078628,4285125,300.2,300.0
2026-01-01 14:54:00,8.45,8.45,8.3,8.45,2925,22.817752,4258800,300.05,300.0
2026-01-01 14:55:00,8.3,8.45,8.3,8.3,5850,21.900861,4258800,300.3,300.0
2026-01-01 14:56:00,8.45,8.45,8.3,8.45,2925,22.463937,4258800,300.25,300.0
2026-01-01 14:57:00,8.45,8.45,8.45,8.45,5850,22.642083,4261725,300.15,300.0
2026-01-01 14:58:00,8.55,8.55,8.45,8.55,76050,22.691063,4261725,300.3,300.0
2026-01-01 14:59:00,8.5,8.55,8.5,8.5,8775,22.444297,4264650,300.35,300.0
2026-01-01 15:00:00,8.5,8.6,8.5,8.6,40950,22.491118,4264650,300.5,300.0
2026-01-01 15:01:00,8.6,8.6,8.6,8.6,64350,22.76073,4264650,300.35,300.0
2026-01-01 15:02:00,8.6,8.6,8.6,8.6,0,22.761128,4264650,300.35,300.0
2026-01-01 15:03:00,8.6,8.6,8.45,8.45,11700,22.555688,4212000,300.2,300.0
2026-01-01 15:04:00,8.5,8.5,8.45,8.5,46800,22.713773,4212000,300.2,300.0
2026-01-01 15:05:00,8.5,8.5,8.5,8.5,0,22.625228,4156425,300.25,300.0
2026-01-01 15:06:00,8.45,8.5,8.45,8.45,20475,22.467875,4156425,300.25,300.0
2026-01-01 15:07:00,8.5,8.5,8.45,8.5,5850,22.626019,4156425,300.25,300.0
2026-01-01 15:08:00,8.6,8.6,8.5,8.6,26325,22.852804,4127175,300.3,300.0
2026-01-01 15:09:00,8.6,8.65,8.6,8.65,8775,22.742581,4127175,300.45,300.0
2026-01-01 15:10:00,8.65,8.7,8.65,8.7,35100,22.630618,4127175,300.6,300.0
2026-01-01 15:11:00,8.65,8.7,8.6,8.6,11700,22.314793,4127175,300.6,300.0
2026-01-01 15:12:00,8.6,8.6,8.6,8.6,26325,22.405646,4124250,300.55,300.0
2026-01-01 15:13:00,8.55,8.6,8.5,8.5,14625,22.360179,4124250,300.4,300.0
2026-01-01 15:14:00,8.5,8.55,8.5,8.5,17550,22.180589,4124250,300.5,300.0
2026-01-01 15:15:00,8.5,8.5,8.5,8.5,11700,22.271093,4109625,300.45,300.0
2026-01-01 15:16:00,8.65,8.65,8.5,8.65,43875,22.384261,4109625,300.65,300.0
2026-01-01 15:17:00,8.7,8.8,8.65,8.8,46800,22.58638,4109625,300.8,300.0
2026-01-01 15:18:00,8.8,8.8,8.8,8.8,5850,22.495378,4097925,300.85,300.0
2026-01-01 15:19:00,8.75,8.8,8.75,8.75,11700,22.153641,4097925,300.95,300.0
2026-01-01 15:20:00,8.7,8.75,8.7,8.7,20475,22.544025,4097925,300.65,300.0
2026-01-01 15:21:00,8.6,8.7,8.6,8.6,8775,22.318731,4083300,300.6,300.0
2026-01-01 15:22:00,8.7,8.7,8.6,8.65,17550,22.204615,4083300,300.75,300.0
2026-01-01 15:23:00,8.7,8.7,8.65,8.7,35100,22.180478,4077450,300.85,300.0
2026-01-01 15:24:00,7.4,7.6,7.4,7.6,14625,22.091597,561600,301.3,302.5
2026-01-01 15:25:00,8.95,9.0,8.85,8.85,64350,22.196131,4077450,301.1,300.0
2026-01-01 15:26:00,8.85,9.0,8.85,9.0,35100,22.580161,4051125,301.15,300.0
2026-01-01 15:27:00,7.55,7.6,7.5,7.5,5850,21.614763,555750,301.4,302.5
2026-01-01 15:28:00,7.6,7.65,7.5,7.65,11700,22.082376,555750,301.4,302.5
2026-01-01 15:29:00,7.6,7.65,7.6,7.6,17550,21.927015,541125,301.4,302.5
2026-01-02 09:15:00,7.95,8.15,7.9,8.1,29250,22.020743,541125,302.5,302.5
2026-01-02 09:16:00,7.0,7.0,6.8,7.0,195975,20.081584,5630625,304.0,305.0
2026-01-02 09:17:00,7.15,7.4,7.0,7.35,649350,21.179016,5630625,304.0,305.0
2026-01-02 09:18:00,8.7,8.7,8.7,8.7,0,22.668374,532350,303.2,302.5
2026-01-02 09:19:00,8.3,8.7,8.2,8.2,38025,21.35089,491400,303.05,302.5
2026-01-02 09:20:00,8.2,8.2,8.2,8.2,0,21.351281,491400,303.05,302.5
2026-01-02 09:21:00,8.2,8.2,8.2,8.2,17550,21.624195,491400,302.9,302.5
2026-01-02 09:22:00,8.2,8.2,8.2,8.2,78975,21.894869,482625,302.75,302.5
2026-01-02 09:23:00,8.2,8.2,8.2,8.2,2925,21.534393,482625,302.95,302.5
2026-01-02 09:24:00,8.7,8.7,8.2,8.7,81900,21.651514,482625,303.75,302.5
2026-01-02 09:25:00,8.45,8.7,8.45,8.45,14625,21.133643,479700,303.6,302.5
2026-01-02 09:26:00,8.75,8.75,8.45,8.75,46800,21.812374,479700,303.75,302.5
2026-01-02 09:27:00,8.75,8.75,8.6,8.6,40950,21.426659,479700,303.7,302.5
2026-01-02 09:28:00,8.6,8.6,8.6,8.6,11700,21.893912,517725,303.45,302.5
2026-01-02 09:29:00,8.6,8.6,8.6,8.6,0,22.171199,517725,303.3,302.5
2026-01-02 09:30:00,8.6,8.6,8.6,8.6,0,22.898988,517725,302.9,302.5
2026-01-02 09:31:00,8.2,8.6,8.1,8.1,64350,21.670523,529425,302.7,302.5
2026-01-02 09:32:00,8.2,8.2,8.1,8.2,20475,21.808979,529425,302.8,302.5
2026-01-02 09:33:00,8.1,8.2,8.1,8.1,14625,21.129138,529425,303.0,302.5
2026-01-02 09:34:00,8.1,8.1,8.1,8.1,5850,21.491978,526500,302.8,302.5
2026-01-02 09:35:00,8.15,8.15,8.1,8.15,2925,21.920328,526500,302.65,302.5
2026-01-02 09:36:00,8.05,8.15,8.05,8.05,8775,21.603243,526500,302.65,302.5
2026-01-02 09:37:00,7.85,8.05,7.85,7.85,20475,21.765828,520650,302.2,302.5
2026-01-02 09:38:00,7.85,7.85,7.85,7.85,2925,22.716591,520650,301.65,302.5
2026-01-02 09:39:00,7.5,7.85,7.5,7.5,58500,21.439191,520650,301.75,302.5
2026-01-02 09:40:00,7.6,7.65,7.5,7.65,23400,21.220983,511875,302.15,302.5
2026-01-02 09:41:00,7.85,7.85,7.65,7.85,11700,21.326743,511875,302.45,302.5
2026-01-02 09:42:00,7.95,8.05,7.85,8.05,17550,21.87287,511875,302.5,302.5
2026-01-02 09:43:00,7.8,8.05,7.8,7.8,29250,21.522066,517725,302.25,302.5
2026-01-02 09:44:00,7.8,7.8,7.8,7.8,5850,21.34633,517725,302.35,302.5
2026-01-02 09:45:00,7.8,7.8,7.8,7.8,0,21.698063,517725,302.15,302.5
2026-01-02 09:46:00,7.65,7.8,7.65,7.65,17550,22.002013,523575,301.7,302.5
2026-01-02 09:47:00,7.5,7.65,7.5,7.5,11700,21.270137,523575,301.85,302.5
2026-01-02 09:48:00,7.5,7.5,7.5,7.5,8775,20.836312,523575,302.1,302.5
2026-01-02 09:49:00,7.5,7.5,7.5,7.5,0,21.011051,523575,302.0,302.5
2026-01-02 09:50:00,7.65,7.65,7.5,7.65,5850,21.745924,532350,301.85,302.5
2026-01-02 09:51:00,7.65,7.7,7.65,7.7,8775,21.645047,532350,302.0,302.5
2026-01-02 09:52:00,7.55,7.7,7.55,7.55,8775,21.773641,529425,301.65,302.5
2026-01-02 09:53:00,7.55,7.55,7.55,7.55,0,21.430669,529425,301.85,302.5
2026-01-02 09:54:00,7.55,7.55,7.55,7.55,0,21.774421,529425,301.65,302.5
2026-01-02 09:55:00,7.45,7.55,7.45,7.45,8775,21.629099,538200,301.55,302.5
2026-01-02 09:56:00,7.35,7.45,7.35,7.45,17550,21.71445,538200,301.5,302.5
2026-01-02 09:57:00,7.45,7.45,7.45,7.45,0,21.544709,538200,301.6,302.5
2026-01-02 09:58:00,7.5,7.5,7.45,7.5,2925,21.703206,541125,301.6,302.5
2026-01-02 09:59:00,7.55,7.55,7.5,7.55,11700,21.605101,541125,301.75,302.5
2026-01-02 10:00:00,7.6,7.75,7.55,7.75,23400,21.632864,541125,302.1,302.5
2026-01-02 10:01:00,7.7,7.75,7.7,7.7,14625,21.562024,552825,302.05,302.5
2026-01-02 10:02:00,7.85,7.85,7.7,7.85,5850,21.950376,552825,302.1,302.5
2026-01-02 10:03:00,7.85,7.85,7.8,7.8,40950,21.792408,552825,302.1,302.5
2026-01-02 10:04:00,7.75,7.8,7.75,7.75,23400,21.721539,576225,302.05,302.5
2026-01-02 10:05:00,7.75,7.75,7.75,7.75,2925,21.721931,576225,302.05,302.5
2026-01-02 10:06:00,7.9,7.9,7.75,7.9,2925,22.110313,576225,302.1,302.5
2026-01-02 10:07:00,7.8,7.9,7.8,7.8,8775,21.706683,573300,302.15,302.5
2026-01-02 10:08:00,7.9,8.1,7.8,8.1,105300,21.77463,573300,302.65,302.5
2026-01-02 10:09:00,8.1,8.1,8.1,8.1,11700,21.864321,573300,302.6,302.5
2026-01-02 10:10:00,8.05,8.1,8.05,8.05,2925,21.795067,590850,302.55,302.5
2026-01-02 10:11:00,8.05,8.05,8.05,8.05,8775,21.795462,590850,302.55,302.5
2026-01-02 10:12:00,8.4,8.4,8.05,8.4,76050,21.917496,590850,303.1,302.5
2026-01-02 10:13:00,8.4,8.4,8.4,8.4,8775,22.099863,590850,303.0,302.5
2026-01-02 10:14:00,8.35,8.4,8.35,8.35,26325,22.212442,593775,302.85,302.5
2026-01-02 10:15:00,8.35,8.35,8.35,8.35,0,22.571279,593775,302.65,302.5
2026-01-02 10:16:00,8.2,8.35,8.2,8.2,29250,22.539099,593775,302.4,302.5
2026-01-02 10:17:00,8.0,8.25,8.0,8.25,26325,21.53289,599625,303.05,302.5
2026-01-02 10:18:00,8.25,8.25,8.25,8.25,0,21.441952,599625,303.1,302.5
2026-01-02 10:19:00,8.35,8.35,8.25,8.35,8775,21.761003,602550,303.1,302.5
2026-01-02 10:20:00,8.4,8.45,8.35,8.45,20475,21.713244,602550,303.3,302.5
2026-01-02 10:21:00,8.45,8.45,8.45,8.45,8775,21.805706,602550,303.25,302.5
2026-01-02 10:22:00,8.45,8.45,8.45,8.45,0,22.080756,602550,303.1,302.5
2026-01-02 10:23:00,8.45,8.45,8.45,8.45,8775,21.714436,596700,303.3,302.5
2026-01-02 10:24:00,8.45,8.45,8.45,8.45,14625,21.714834,596700,303.3,302.5
2026-01-02 10:25:00,8.45,8.45,8.45,8.45,0,21.899109,596700,303.2,302.5
2026-01-02 10:26:00,8.35,8.45,8.35,8.35,2925,22.127058,590850,302.9,302.5
2026-01-02 10:27:00,8.15,8.35,8.15,8.15,23400,21.851485,590850,302.7,302.5
2026-01-02 10:28:00,8.15,8.15,8.15,8.15,0,21.851882,590850,302.7,302.5
2026-01-02 10:29:00,8.15,8.15,8.15,8.15,0,22.120058,590850,302.55,302.5
2026-01-02 10:30:00,8.2,8.2,8.15,8.2,5850,21.741812,579150,302.85,302.5
2026-01-02 10:31:00,8.2,8.2,8.2,8.2,20475,21.742207,587925,302.85,302.5
2026-01-02 10:32:00,8.25,8.25,8.2,8.25,14625,21.901649,587925,302.85,302.5
2026-01-02 10:33:00,8.25,8.25,8.25,8.25,0,21.721121,587925,302.95,302.5
2026-01-02 10:34:00,8.25,8.25,8.25,8.25,0,21.630681,587925,303.0,302.5
2026-01-02 10:35:00,8.35,8.35,8.25,8.3,5850,21.608012,587925,303.1,302.5
2026-01-02 10:36:00,8.4,8.4,8.3,8.4,8775,21.927081,587925,303.1,302.5
2026-01-02 10:37:00,8.4,8.4,8.4,8.4,5850,22.018611,590850,303.05,302.5
2026-01-02 10:38:00,8.4,8.4,8.4,8.4,0,22.560695,590850,302.75,302.5
2026-01-02 10:39:00,8.15,8.4,8.15,8.15,2925,21.856245,590850,302.7,302.5
2026-01-02 10:40:00,8.15,8.15,8.15,8.15,0,21.7669,590850,302.75,302.5
2026-01-02 10:41:00,8.35,8.35,8.15,8.35,2925,21.860951,585000,303.05,302.5
2026-01-02 10:42:00,8.35,8.35,8.35,8.35,0,21.952306,585000,303.0,302.5
2026-01-02 10:43:00,8.2,8.35,8.2,8.2,11700,21.474967,585000,303.0,302.5
2026-01-02 10:44:00,8.2,8.2,8.2,8.2,0,21.65694,585000,302.9,302.5
2026-01-02 10:45:00,8.25,8.25,8.2,8.25,49725,21.635028,579150,303.0,302.5
2026-01-02 10:46:00,8.25,8.25,8.25,8.25,0,21.635423,579150,303.0,302.5
2026-01-02 10:47:00,8.35,8.35,8.25,8.35,5850,22.22571,625950,302.85,302.5
2026-01-02 10:48:00,8.35,8.35,8.35,8.35,0,22.226112,625950,302.85,302.5
2026-01-02 10:49:00,8.35,8.35,8.35,8.35,0,22.226516,625950,302.85,302.5
2026-01-02 10:50:00,8.25,8.35,8.25,8.25,2925,22.088801,628875,302.75,302.5
2026-01-02 10:51:00,8.15,8.25,8.15,8.15,2925,22.128847,628875,302.55,302.5
2026-01-02 10:52:00,8.15,8.15,8.15,8.15,52650,22.040199,623025,302.6,302.5
2026-01-02 10:53:00,8.15,8.15,8.15,8.15,0,22.218467,623025,302.5,302.5
2026-01-02 10:54:00,8.25,8.25,8.15,8.25,2925,22.624798,623025,302.45,302.5
2026-01-02 10:55:00,8.25,8.25,8.25,8.25,0,23.151724,623025,302.15,302.5
2026-01-02 10:56:00,8.0,8.25,8.0,8.0,14625,22.18485,620100,302.25,302.5
2026-01-02 10:57:00,8.0,8.0,8.0,8.0,0,22.097407,620100,302.3,302.5
2026-01-02 10:58:00,8.0,8.0,8.0,8.0,11700,21.832938,611325,302.45,302.5
2026-01-02 10:59:00,8.15,8.2,8.0,8.2,61425,22.379603,611325,302.5,302.5
2026-01-02 11:00:00,8.2,8.2,8.2,8.2,2925,22.202224,611325,302.6,302.5
2026-01-02 11:01:00,8.2,8.2,8.2,8.2,0,22.557297,611325,302.4,302.5
2026-01-02 11:02:00,8.2,8.2,8.2,8.2,0,22.11379,611325,302.65,302.5
2026-01-02 11:03:00,8.4,8.4,8.2,8.4,20475,22.660336,623025,302.7,302.5
2026-01-02 11:04:00,8.4,8.4,8.4,8.4,0,22.571259,623025,302.75,302.5
2026-01-02 11:05:00,8.15,8.4,8.15,8.15,8775,22.838929,634725,302.15,302.5
2026-01-02 11:06:00,8.0,8.15,8.0,8.0,35100,22.100992,634725,302.3,302.5
2026-01-02 11:07:00,8.0,8.0,8.0,8.0,0,21.480072,634725,302.65,302.5
2026-01-02 11:08:00,8.25,8.35,8.0,8.35,26325,22.592798,620100,302.65,302.5
2026-01-02 11:09:00,8.35,8.35,8.35,8.35,20475,22.50389,620100,302.7,302.5
2026-01-02 11:10:00,8.35,8.35,8.35,8.35,20475,22.144719,620100,302.9,302.5
2026-01-02 11:11:00,8.5,8.5,8.35,8.45,14625,22.372984,640575,302.95,302.5
2026-01-02 11:12:00,8.45,8.45,8.45,8.45,0,22.009501,640575,303.15,302.5
2026-01-02 11:13:00,8.45,8.55,8.45,8.55,8775,22.419913,640575,303.1,302.5
2026-01-02 11:14:00,8.55,8.55,8.55,8.55,0,22.872735,640575,302.85,302.5
2026-01-02 11:15:00,8.25,8.55,8.25,8.25,8775,21.918776,640575,302.85,302.5
2026-01-02 11:16:00,8.3,8.3,8.25,8.3,14625,21.806605,637650,303.0,302.5
2026-01-02 11:17:00,8.3,8.3,8.3,8.3,0,21.897811,637650,302.95,302.5
2026-01-02 11:18:00,8.4,8.4,8.3,8.4,2925,22.307072,637650,302.9,302.5
2026-01-02 11:19:00,8.4,8.4,8.4,8.4,0,22.307477,637650,302.9,302.5
2026-01-02 11:20:00,8.4,8.4,8.4,8.4,0,22.577765,637650,302.75,302.5
2026-01-02 11:21:00,8.3,8.4,8.3,8.3,5850,21.899407,640575,302.95,302.5
2026-01-02 11:22:00,8.4,8.4,8.3,8.35,11700,21.786056,640575,303.1,302.5
2026-01-02 11:23:00,8.35,8.35,8.35,8.35,8775,21.968694,646425,303.0,302.5
2026-01-02 11:24:00,8.3,8.35,8.25,8.25,8775,21.741342,646425,302.95,302.5
2026-01-02 11:25:00,8.3,8.3,8.25,8.3,5850,22.261827,646425,302.75,302.5
2026-01-02 11:26:00,8.3,8.3,8.3,8.3,0,21.991971,646425,302.9,302.5
2026-01-02 11:27:00,8.15,8.3,8.15,8.15,5850,21.875304,643500,302.7,302.5
2026-01-02 11:28:00,8.15,8.15,8.15,8.15,2925,21.785914,634725,302.75,302.5
2026-01-02 11:29:00,8.15,8.15,8.15,8.15,0,21.876099,634725,302.7,302.5
2026-01-02 11:30:00,8.15,8.15,8.15,8.15,0,21.6064,634725,302.85,302.5
2026-01-02 11:31:00,8.35,8.35,8.15,8.35,29250,22.062649,634725,302.95,302.5
2026-01-02 11:32:00,8.35,8.35,8.35,8.35,0,22.06305,634725,302.95,302.5
2026-01-02 11:33:00,8.35,8.35,8.35,8.35,2925,22.244233,640575,302.85,302.5
2026-01-02 11:34:00,8.35,8.35,8.35,8.35,0,22.244636,640575,302.85,302.5
2026-01-02 11:35:00,8.25,8.35,8.25,8.25,11700,21.654814,637650,303.0,302.5
2026-01-02 11:36:00,8.25,8.25,8.25,8.25,0,21.83675,637650,302.9,302.5
2026-01-02 11:37:00,8.25,8.25,8.25,8.25,0,21.837148,637650,302.9,302.5
2026-01-02 11:38:00,8.25,8.25,8.25,8.25,0,21.837546,637650,302.9,302.5
2026-01-02 11:39:00,8.25,8.25,8.25,8.25,0,21.837943,637650,302.9,302.5
2026-01-02 11:40:00,8.25,8.25,8.25,8.25,0,21.747693,637650,302.95,302.5
2026-01-02 11:41:00,8.25,8.25,8.25,8.25,0,22.019304,637650,302.8,302.5
2026-01-02 11:42:00,8.25,8.25,8.25,8.25,0,22.109625,646425,302.75,302.5
2026-01-02 11:43:00,8.25,8.25,8.25,8.25,0,21.748885,646425,302.95,302.5
2026-01-02 11:44:00,8.25,8.25,8.25,8.25,0,21.749281,646425,302.95,302.5
2026-01-02 11:45:00,8.25,8.25,8.25,8.25,0,22.200516,646425,302.7,302.5
2026-01-02 11:46:00,8.35,8.35,8.25,8.35,35100,22.159191,643500,302.9,302.5
2026-01-02 11:47:00,8.3,8.35,8.3,8.3,2925,22.360323,649350,302.7,302.5
2026-01-02 11:48:00,8.3,8.3,8.3,8.3,0,22.181225,649350,302.8,302.5
2026-01-02 11:49:00,8.3,8.3,8.3,8.3,0,21.728654,652275,303.05,302.5
2026-01-02 11:50:00,8.3,8.3,8.3,8.3,5850,22.001573,652275,302.9,302.5
2026-01-02 11:51:00,8.35,8.35,8.3,8.35,5850,21.797607,652275,303.1,302.5
2026-01-02 11:52:00,8.35,8.35,8.35,8.35,0,22.251892,652275,302.85,302.5
2026-01-02 11:53:00,8.3,8.35,8.3,8.3,2925,21.912178,655200,302.95,302.5
2026-01-02 11:54:00,8.3,8.3,8.3,8.3,2925,22.183637,655200,302.8,302.5
2026-01-02 11:55:00,8.35,8.4,8.3,8.4,14625,22.140849,661050,303.0,302.5
2026-01-02 11:56:00,8.3,8.4,8.3,8.3,20475,21.731435,661050,303.05,302.5
2026-01-02 11:57:00,8.4,8.4,8.3,8.4,20475,22.141654,661050,303.0,302.5
2026-01-02 11:58:00,8.4,8.65,8.4,8.65,11700,21.834556,661050,303.6,302.5
2026-01-02 11:59:00,8.95,8.95,8.65,8.8,23400,22.221811,652275,303.65,302.5
2026-01-02 12:00:00,8.8,8.8,8.8,8.8,0,22.128534,652275,303.7,302.5
2026-01-02 12:01:00,8.75,8.8,8.75,8.8,49725,22.128939,646425,303.7,302.5
2026-01-02 12:02:00,7.45,7.7,7.35,7.7,386100,21.832423,4355325,304.3,305.0
2026-01-02 12:03:00,9.15,9.2,9.0,9.0,11700,22.770342,646425,303.7,302.5
2026-01-02 12:04:00,8.6,9.0,8.5,8.5,23400,21.26233,669825,303.65,302.5
2026-01-02 12:05:00,8.55,8.55,8.5,8.55,26325,22.074552,669825,303.3,302.5
2026-01-02 12:06:00,8.4,8.55,8.4,8.4,2925,21.687925,669825,303.25,302.5
2026-01-02 12:07:00,8.4,8.4,8.4,8.4,0,21.410779,663975,303.4,302.5
2026-01-02 12:08:00,8.4,8.4,8.4,8.4,0,21.411176,663975,303.4,302.5
2026-01-02 12:09:00,8.4,8.4,8.4,8.4,0,21.41157,663975,303.4,302.5
2026-01-02 12:10:00,8.45,8.45,8.4,8.45,5850,21.757067,663975,303.3,302.5
2026-01-02 12:11:00,8.55,8.55,8.45,8.55,5850,21.706313,663975,303.5,302.5
2026-01-02 12:12:00,8.55,8.55,8.55,8.55,0,21.425859,663975,303.65,302.5
2026-01-02 12:13:00,8.6,8.6,8.55,8.55,14625,21.520153,663975,303.6,302.5
2026-01-02 12:14:00,8.55,8.55,8.55,8.55,2925,21.520551,684450,303.6,302.5
2026-01-02 12:15:00,8.55,8.55,8.55,8.55,0,21.520949,684450,303.6,302.5
2026-01-02 12:16:00,8.55,8.55,8.55,8.55,0,22.171005,684450,303.25,302.5
2026-01-02 12:17:00,8.55,8.55,8.55,8.55,0,21.987118,684450,303.35,302.5
2026-01-02 12:18:00,8.45,8.55,8.45,8.45,2925,21.667822,684450,303.35,302.5
2026-01-02 12:19:00,8.45,8.45,8.45,8.45,0,21.852836,684450,303.25,302.5
2026-01-02 12:20:00,8.4,8.45,8.4,8.4,2925,21.968709,687375,303.1,302.5
2026-01-02 12:21:00,8.4,8.4,8.4,8.4,0,21.87763,687375,303.15,302.5
2026-01-02 12:22:00,8.4,8.4,8.4,8.4,0,21.969512,687375,303.1,302.5
2026-01-02 12:23:00,8.4,8.4,8.4,8.4,0,22.152126,687375,303.0,302.5
2026-01-02 12:24:00,8.4,8.4,8.4,8.4,0,21.695091,690300,303.25,302.5
2026-01-02 12:25:00,8.55,8.55,8.4,8.55,11700,21.990339,690300,303.35,302.5
2026-01-02 12:26:00,8.55,8.55,8.55,8.55,0,21.805386,690300,303.45,302.5
2026-01-02 12:27:00,8.65,8.65,8.55,8.65,2925,22.125728,690300,303.45,302.5
2026-01-02 12:28:00,8.65,8.65,8.65,8.65,0,22.033226,690300,303.5,302.5
2026-01-02 12:29:00,8.6,8.65,8.55,8.55,5850,21.713506,693225,303.5,302.5
2026-01-02 12:30:00,8.55,8.55,8.55,8.55,0,21.62055,693225,303.55,302.5
2026-01-02 12:31:00,8.65,8.65,8.55,8.6,5850,21.499667,693225,303.7,302.5
2026-01-02 12:32:00,8.8,8.8,8.6,8.8,8775,22.04754,696150,303.75,302.5
2026-01-02 12:33:00,8.7,8.8,8.7,8.7,2925,21.727097,696150,303.75,302.5
2026-01-02 12:34:00,7.4,7.45,7.4,7.45,52650,21.820904,3290625,303.85,305.0
2026-01-02 12:35:00,8.75,8.75,8.75,8.75,0,22.356063,696150,303.5,302.5
2026-01-02 12:36:00,8.55,8.75,8.55,8.55,11700,22.08706,693225,303.3,302.5
2026-01-02 12:37:00,8.55,8.55,8.55,8.55,0,22.179499,693225,303.25,302.5
2026-01-02 12:38:00,8.55,8.55,8.55,8.55,0,22.271685,693225,303.2,302.5
2026-01-02 12:39:00,8.55,8.55,8.55,8.55,0,21.903419,693225,303.4,302.5
2026-01-02 12:40:00,8.55,8.55,8.55,8.55,0,22.088675,693225,303.3,302.5
2026-01-02 12:41:00,8.55,8.55,8.55,8.55,0,22.089078,693225,303.3,302.5
2026-01-02 12:42:00,8.55,8.55,8.55,8.55,0,22.089483,693225,303.3,302.5
2026-01-02 12:43:00,8.5,8.55,8.5,8.5,2925,21.837703,699075,303.35,302.5
2026-01-02 12:44:00,8.5,8.5,8.5,8.5,0,22.206076,699075,303.15,302.5
2026-01-02 12:45:00,8.5,8.5,8.5,8.5,2925,21.930886,699075,303.3,302.5
2026-01-02 12:46:00,8.5,8.5,8.5,8.5,0,22.115274,699075,303.2,302.5
2026-01-02 12:47:00,8.5,8.5,8.5,8.5,11700,22.115678,699075,303.2,302.5
2026-01-02 12:48:00,8.5,8.5,8.5,8.5,0,22.024215,699075,303.25,302.5
2026-01-02 12:49:00,8.5,8.5,8.5,8.5,0,22.116485,699075,303.2,302.5
2026-01-02 12:50:00,8.5,8.5,8.5,8.5,0,21.840509,699075,303.35,302.5
2026-01-02 12:51:00,8.5,8.5,8.5,8.5,0,21.933297,699075,303.3,302.5
2026-01-02 12:52:00,8.5,8.5,8.5,8.5,2925,21.84131,693225,303.35,302.5
2026-01-02 12:53:00,8.5,8.5,8.5,8.5,0,21.841711,693225,303.35,302.5
2026-01-02 12:54:00,8.6,8.6,8.5,8.6,2925,21.883638,696150,303.5,302.5
2026-01-02 12:55:00,8.6,8.6,8.6,8.6,0,22.346507,696150,303.25,302.5
2026-01-02 12:56:00,8.6,8.6,8.6,8.6,0,22.070215,696150,303.4,302.5
2026-01-02 12:57:00,8.6,8.6,8.6,8.6,0,22.070619,696150,303.4,302.5
2026-01-02 12:58:00,8.6,8.6,8.6,8.6,2925,21.978269,699075,303.45,302.5
2026-01-02 12:59:00,8.6,8.6,8.6,8.6,0,22.256155,699075,303.3,302.5
2026-01-02 13:00:00,8.6,8.6,8.6,8.6,0,22.256561,699075,303.3,302.5
2026-01-02 13:01:00,8.6,8.6,8.6,8.6,0,21.886453,699075,303.5,302.5
2026-01-02 13:02:00,8.6,8.6,8.6,8.6,0,21.886857,699075,303.5,302.5
2026-01-02 13:03:00,8.6,8.6,8.6,8.6,0,21.793963,699075,303.55,302.5
2026-01-02 13:04:00,8.6,8.6,8.6,8.6,0,21.794363,699075,303.55,302.5
2026-01-02 13:05:00,8.6,8.6,8.6,8.6,0,21.888063,699075,303.5,302.5
2026-01-02 13:06:00,8.6,8.6,8.6,8.6,2925,21.888466,699075,303.5,302.5
2026-01-02 13:07:00,8.6,8.6,8.6,8.6,0,21.888868,699075,303.5,302.5
2026-01-02 13:08:00,8.6,8.6,8.6,8.6,0,22.167569,699075,303.35,302.5
2026-01-02 13:09:00,8.6,8.6,8.6,8.6,0,22.260217,699075,303.3,302.5
2026-01-02 13:10:00,8.6,8.6,8.6,8.6,0,22.168379,699075,303.35,302.5
2026-01-02 13:11:00,8.6,8.6,8.6,8.6,0,21.609741,699075,303.65,302.5
2026-01-02 13:12:00,8.6,8.6,8.6,8.6,0,21.797576,699075,303.55,302.5
2026-01-02 13:13:00,8.6,8.6,8.6,8.6,0,21.704398,699075,303.6,302.5
2026-01-02 13:14:00,8.6,8.6,8.6,8.6,0,21.704799,699075,303.6,302.5
2026-01-02 13:15:00,8.6,8.6,8.6,8.6,0,21.892088,699075,303.5,302.5
2026-01-02 13:16:00,8.6,8.6,8.6,8.6,0,21.7056,699075,303.6,302.5
2026-01-02 13:17:00,8.6,8.6,8.6,8.6,0,21.612139,699075,303.65,302.5
2026-01-02 13:18:00,8.7,8.8,8.6,8.8,20475,22.440707,693225,303.55,302.5
2026-01-02 13:19:00,7.35,7.4,7.35,7.35,5850,21.607954,3129750,303.8,305.0
2026-01-02 13:20:00,7.4,7.45,7.35,7.45,14625,21.755001,3106350,303.9,305.0
2026-01-02 13:21:00,8.8,8.8,8.8,8.8,0,22.067423,693225,303.75,302.5
2026-01-02 13:22:00,8.75,8.8,8.75,8.75,2925,21.907326,704925,303.75,302.5
2026-01-02 13:23:00,8.75,8.75,8.75,8.75,0,21.907728,704925,303.75,302.5
2026-01-02 13:24:00,7.6,7.6,7.6,7.6,46800,22.228105,3153150,303.9,305.0
2026-01-02 13:25:00,7.6,7.75,7.6,7.75,140400,22.022426,3153150,304.3,305.0
2026-01-02 13:26:00,7.85,7.85,7.75,7.75,99450,22.363174,3109275,304.1,305.0
2026-01-02 13:27:00,7.85,7.85,7.75,7.8,58500,22.180543,3109275,304.3,305.0
2026-01-02 13:28:00,7.8,7.85,7.8,7.85,43875,22.59369,3109275,304.15,305.0
2026-01-02 13:29:00,7.85,7.85,7.85,7.85,87750,22.424002,3120975,304.25,305.0
2026-01-02 13:30:00,7.9,7.9,7.85,7.85,327600,22.424404,3120975,304.25,305.0
2026-01-02 13:31:00,7.9,7.9,7.85,7.9,368550,22.496783,3120975,304.3,305.0
2026-01-02 13:32:00,7.85,8.0,7.85,8.0,46800,22.55482,2886975,304.45,305.0
2026-01-02 13:33:00,7.95,8.05,7.95,8.05,128700,22.280377,2886975,304.7,305.0
2026-01-02 13:34:00,8.1,8.1,8.05,8.05,146250,22.367639,2886975,304.65,305.0
2026-01-02 13:35:00,8.05,8.05,8.05,8.05,58500,22.454695,2784600,304.6,305.0
2026-01-02 13:36:00,8.1,8.1,8.05,8.1,225225,22.87121,2784600,304.45,305.0
2026-01-02 13:37:00,8.0,8.1,7.9,7.9,64350,22.584524,2784600,304.25,305.0
2026-01-02 13:38:00,7.85,7.95,7.85,7.95,23400,22.656933,2682225,304.3,305.0
2026-01-02 13:39:00,7.85,7.95,7.85,7.85,52650,22.513171,2682225,304.2,305.0
2026-01-02 13:40:00,7.85,7.85,7.85,7.85,26325,22.428421,2682225,304.25,305.0
2026-01-02 13:41:00,7.8,7.85,7.8,7.85,14625,22.513976,2632500,304.2,305.0
2026-01-02 13:42:00,7.85,7.85,7.85,7.85,46800,22.514379,2632500,304.2,305.0
2026-01-02 13:43:00,7.95,7.95,7.85,7.95,73125,22.487755,2632500,304.4,305.0
2026-01-02 13:44:00,7.85,8.1,7.85,8.1,155025,22.355313,2538900,304.75,305.0
2026-01-02 13:45:00,8.2,8.3,8.1,8.3,134550,22.636333,2538900,304.95,305.0
2026-01-02 13:46:00,8.35,8.35,8.3,8.35,43875,22.794448,2538900,304.95,305.0
2026-01-02 13:47:00,8.3,8.35,8.3,8.3,55575,22.637147,2535975,304.95,305.0
2026-01-02 13:48:00,8.25,8.35,8.25,8.35,29250,22.970454,2535975,304.85,305.0
2026-01-02 13:49:00,8.3,8.35,8.1,8.1,73125,22.444377,2535975,304.7,305.0
2026-01-02 13:50:00,8.1,8.15,8.1,8.15,32175,22.515332,2535975,304.75,305.0
2026-01-02 13:51:00,8.1,8.15,8.1,8.15,38025,22.515737,2535975,304.75,305.0
2026-01-02 13:52:00,8.2,8.2,8.15,8.2,43875,22.58655,2535975,304.8,305.0
2026-01-02 13:53:00,8.25,8.25,8.2,8.2,40950,22.761125,2524275,304.7,305.0
2026-01-02 13:54:00,8.1,8.2,8.05,8.1,67275,22.964394,2524275,304.4,305.0
2026-01-02 13:55:00,8.0,8.1,8.0,8.05,35100,22.807407,2524275,304.4,305.0
2026-01-02 13:56:00,8.05,8.05,8.05,8.05,17550,22.721956,2459925,304.45,305.0
2026-01-02 13:57:00,8.05,8.05,8.0,8.0,11700,22.650816,2459925,304.4,305.0
2026-01-02 13:58:00,8.05,8.05,8.0,8.05,38025,22.72277,2459925,304.45,305.0
2026-01-02 13:59:00,8.0,8.05,7.95,7.95,14625,22.494209,2445300,304.4,305.0
2026-01-02 14:00:00,8.05,8.35,7.95,8.35,29250,23.062685,2445300,304.8,305.0
2026-01-02 14:01:00,8.25,8.35,8.2,8.2,38025,23.110299,2445300,304.5,305.0
2026-01-02 14:02:00,8.15,8.2,8.15,8.15,8775,23.039266,2445300,304.45,305.0
2026-01-02 14:03:00,8.1,8.15,8.1,8.1,5850,22.968082,2439450,304.4,305.0
2026-01-02 14:04:00,8.05,8.1,8.05,8.05,29250,22.896745,2439450,304.35,305.0
2026-01-02 14:05:00,8.05,8.05,8.05,8.05,8775,22.811484,2439450,304.4,305.0
2026-01-02 14:06:00,8.05,8.05,8.05,8.05,17550,22.639956,2427750,304.5,305.0
2026-01-02 14:07:00,8.0,8.05,8.0,8.0,2925,22.826069,2427750,304.3,305.0
2026-01-02 14:08:00,8.1,8.1,8.0,8.05,23400,22.983857,2433600,304.3,305.0
2026-01-02 14:09:00,8.05,8.05,8.05,8.05,0,22.984266,2433600,304.3,305.0
2026-01-02 14:10:00,8.0,8.05,8.0,8.0,40950,22.9126,2433600,304.25,305.0
2026-01-02 14:11:00,8.0,8.0,8.0,8.0,17550,22.742195,2433600,304.35,305.0
2026-01-02 14:12:00,7.95,8.0,7.95,7.95,11700,22.756044,2424825,304.25,305.0
2026-01-02 14:13:00,7.9,7.95,7.9,7.9,26325,22.684233,2424825,304.2,305.0
2026-01-02 14:14:00,7.9,7.9,7.9,7.9,5850,22.684638,2424825,304.2,305.0
2026-01-02 14:15:00,7.95,7.95,7.9,7.95,11700,22.927357,2424825,304.15,305.0
2026-01-02 14:16:00,8.0,8.0,7.95,8.0,11700,23.085106,2424825,304.15,305.0
2026-01-02 14:17:00,7.9,8.0,7.9,7.9,2925,22.855608,2424825,304.1,305.0
2026-01-02 14:18:00,7.9,7.9,7.9,7.9,8775,22.856016,2413125,304.1,305.0
2026-01-02 14:19:00,8.0,8.0,7.9,8.0,14625,22.916277,2413125,304.25,305.0
2026-01-02 14:20:00,7.95,8.0,7.95,7.95,38025,23.098745,2421900,304.05,305.0
2026-01-02 14:21:00,7.95,7.95,7.9,7.9,11700,22.941835,2421900,304.05,305.0
2026-01-02 14:22:00,8.0,8.0,7.9,7.9,14625,22.857645,2421900,304.1,305.0
2026-01-02 14:23:00,7.9,7.9,7.85,7.85,40950,23.038051,2421900,303.9,305.0
2026-01-02 14:24:00,7.85,7.85,7.85,7.85,0,23.122337,2421900,303.85,305.0
2026-01-02 14:25:00,7.85,7.85,7.85,7.85,14625,23.038869,2421900,303.9,305.0
2026-01-02 14:26:00,7.9,8.0,7.85,8.0,8775,22.919138,2413125,304.25,305.0
2026-01-02 14:27:00,8.0,8.0,8.0,8.0,2925,23.089622,2413125,304.15,305.0
2026-01-02 14:28:00,8.0,8.05,8.0,8.05,14625,23.077357,2413125,304.25,305.0
2026-01-02 14:29:00,7.95,8.05,7.95,7.95,14625,23.01785,2395575,304.1,305.0
2026-01-02 14:30:00,7.95,7.95,7.9,7.9,32175,23.282088,2395575,303.85,305.0
2026-01-02 14:31:00,7.9,7.9,7.9,7.9,35100,23.366197,2395575,303.8,305.0
2026-01-02 14:32:00,9.3,9.3,9.3,9.3,0,24.164384,631800,303.5,302.5
2026-01-02 14:33:00,9.0,9.3,8.95,8.95,20475,22.952136,631800,303.55,302.5
2026-01-02 14:34:00,8.95,8.95,8.95,8.95,0,23.045345,631800,303.5,302.5
2026-01-02 14:35:00,8.95,8.95,8.95,8.95,0,22.952971,605475,303.55,302.5
2026-01-02 14:36:00,8.95,8.95,8.95,8.95,0,22.579649,605475,303.75,302.5
2026-01-02 14:37:00,7.85,7.9,7.75,7.9,11700,23.368675,2351700,303.8,305.0
2026-01-02 14:38:00,7.9,7.9,7.9,7.9,5850,23.369088,2351700,303.8,305.0
2026-01-02 14:39:00,9.2,9.2,9.2,9.2,0,23.476438,605475,303.7,302.5
2026-01-02 14:40:00,9.0,9.2,9.0,9.0,32175,23.115223,605475,303.55,302.5
2026-01-02 14:41:00,9.05,9.05,9.0,9.05,2925,23.182887,605475,303.6,302.5
2026-01-02 14:42:00,9.15,9.15,9.05,9.15,17550,23.223948,617175,303.75,302.5
2026-01-02 14:43:00,7.75,7.85,7.75,7.75,8775,22.899219,2334150,303.8,305.0
2026-01-02 14:44:00,7.75,7.75,7.75,7.75,0,22.899626,2334150,303.8,305.0
2026-01-02 14:45:00,7.75,7.75,7.75,7.75,5850,22.900033,2325375,303.8,305.0
2026-01-02 14:46:00,9.15,9.15,9.05,9.1,29250,23.1588,614250,303.7,302.5
2026-01-02 14:47:00,9.1,9.1,9.1,9.1,0,23.065646,614250,303.75,302.5
2026-01-02 14:48:00,9.1,9.1,9.1,9.1,0,23.066066,614250,303.75,302.5
2026-01-02 14:49:00,9.1,9.1,9.1,9.1,0,23.066487,614250,303.75,302.5
2026-01-02 14:50:00,7.9,7.9,7.9,7.9,0,22.528651,2328300,304.3,305.0
2026-01-02 14:51:00,8.1,8.1,7.9,8.1,64350,22.987771,2328300,304.4,305.0
2026-01-02 14:52:00,8.1,8.1,7.95,7.95,67275,23.027272,2328300,304.1,305.0
2026-01-02 14:53:00,7.95,7.95,7.95,7.95,0,22.772721,2316600,304.25,305.0
2026-01-02 14:54:00,8.0,8.0,7.95,8.0,23400,23.185496,2316600,304.1,305.0
2026-01-02 14:55:00,8.0,8.0,8.0,8.0,5850,23.270504,2316600,304.05,305.0
2026-01-02 14:56:00,7.85,8.0,7.85,7.85,5850,22.629249,2316600,304.15,305.0
2026-01-02 14:57:00,8.0,8.0,7.85,8.0,20475,22.931817,2328300,304.25,305.0
2026-01-02 14:58:00,8.05,8.05,8.0,8.05,14625,22.7472,2328300,304.45,305.0
2026-01-02 14:59:00,8.2,8.2,8.05,8.15,46800,22.976656,2328300,304.5,305.0
2026-01-02 15:00:00,8.25,8.25,8.15,8.2,117000,22.701468,2310750,304.75,305.0
2026-01-02 15:01:00,8.2,8.2,8.2,8.2,11700,23.135053,2310750,304.5,305.0
2026-01-02 15:02:00,8.2,8.25,8.2,8.25,35100,22.685374,2310750,304.85,305.0
2026-01-02 15:03:00,8.3,8.3,8.15,8.2,105300,22.615439,2269800,304.8,305.0
2026-01-02 15:04:00,8.2,8.2,8.2,8.2,5850,22.615846,2269800,304.8,305.0
2026-01-02 15:05:00,8.2,8.2,8.2,8.2,8775,22.616254,2269800,304.8,305.0
2026-01-02 15:06:00,8.2,8.2,8.2,8.2,0,22.529191,2269800,304.85,305.0
2026-01-02 15:07:00,8.15,8.2,8.15,8.15,14625,22.371767,2269800,304.85,305.0
2026-01-02 15:08:00,8.15,8.15,8.15,8.15,0,22.459683,2266875,304.8,305.0
2026-01-02 15:09:00,8.2,8.25,8.15,8.25,76050,22.60059,2266875,304.9,305.0
2026-01-02 15:10:00,8.2,8.25,8.15,8.15,35100,22.372981,2266875,304.85,305.0
2026-01-02 15:11:00,8.15,8.15,8.15,8.15,8775,22.5482,2275650,304.75,305.0
2026-01-02 15:12:00,8.1,8.15,8.1,8.1,17550,22.564878,2275650,304.65,305.0
2026-01-02 15:13:00,8.05,8.1,8.05,8.05,26325,22.233452,2275650,304.75,305.0
2026-01-02 15:14:00,8.1,8.1,8.05,8.05,40950,22.321021,2275650,304.7,305.0
2026-01-02 15:15:00,8.05,8.05,8.05,8.05,5850,22.234256,2240550,304.75,305.0
2026-01-02 15:16:00,8.0,8.05,8.0,8.0,8775,22.076855,2240550,304.75,305.0
2026-01-02 15:17:00,7.95,8.05,7.95,8.05,5850,22.23506,2240550,304.75,305.0
2026-01-02 15:18:00,8.0,8.05,8.0,8.0,8775,21.990228,2243475,304.8,305.0
2026-01-02 15:19:00,8.0,8.0,8.0,8.0,8775,22.078055,2243475,304.75,305.0
2026-01-02 15:20:00,8.0,8.0,8.0,8.0,11700,21.903377,2243475,304.85,305.0
2026-01-02 15:21:00,8.05,8.05,8.0,8.05,8775,22.149281,2234700,304.8,305.0
2026-01-02 15:22:00,8.0,8.05,8.0,8.05,23400,21.886191,2234700,304.95,305.0
2026-01-02 15:23:00,8.1,8.25,8.05,8.2,58500,22.095403,2187900,305.1,305.0
2026-01-02 15:24:00,8.25,8.35,8.2,8.35,117000,22.214002,2187900,305.3,305.0
2026-01-02 15:25:00,8.35,8.45,8.3,8.35,90675,21.94495,2187900,305.45,305.0
2026-01-02 15:26:00,8.35,8.4,8.3,8.4,58500,21.741361,2187900,305.65,305.0
2026-01-02 15:27:00,8.45,8.45,8.4,8.45,40950,21.717875,2120625,305.75,305.0
2026-01-02 15:28:00,8.35,8.45,8.35,8.4,26325,21.283352,2120625,305.9,305.0
2026-01-02 15:29:00,8.45,8.45,8.3,8.45,93600,21.626999,2082600,305.8,305.0
2026-01-05 09:15:00,7.25,8.0,6.15,7.85,1588275,20.235613,4358250,311.15,310.0
2026-01-05 09:16:00,6.5,6.75,6.15,6.75,441675,20.735355,432900,311.3,312.5
2026-01-05 09:17:00,7.0,7.0,6.75,7.0,99450,21.548792,432900,311.3,312.5
2026-01-05 09:18:00,8.25,8.35,8.0,8.0,400725,20.735593,4510350,311.15,310.0
2026-01-05 09:19:00,7.6,8.05,7.0,7.0,690300,20.696587,4840875,309.4,310.0
2026-01-05 09:20:00,8.85,9.35,8.85,8.85,43875,24.821181,500175,308.1,307.5
2026-01-05 09:21:00,7.9,8.85,7.6,7.6,99450,20.948066,500175,307.95,307.5
2026-01-05 09:22:00,7.55,7.6,7.55,7.55,90675,22.081517,538200,307.25,307.5
2026-01-05 09:23:00,7.35,7.55,7.35,7.35,5850,20.867383,538200,307.55,307.5
2026-01-05 09:24:00,7.55,7.6,7.35,7.6,40950,22.338945,538200,307.2,307.5
2026-01-05 09:25:00,7.6,7.6,7.6,7.6,0,21.882506,570375,307.45,307.5
2026-01-05 09:26:00,7.5,7.6,7.5,7.5,99450,21.643238,570375,307.4,307.5
2026-01-05 09:27:00,7.35,7.5,7.35,7.35,55575,21.874181,570375,307.0,307.5
2026-01-05 09:28:00,8.25,8.7,8.25,8.25,93600,22.080702,1907100,306.1,305.0
2026-01-05 09:29:00,7.95,8.25,7.95,7.95,117000,21.558455,1907100,305.85,305.0
2026-01-05 09:30:00,8.0,8.0,7.75,7.75,87750,21.272924,1907100,305.65,305.0
2026-01-05 09:31:00,7.7,7.75,7.7,7.7,84825,21.678116,2027025,305.35,305.0
2026-01-05 09:32:00,8.0,8.1,7.7,8.1,70200,21.870243,2027025,305.95,305.0
2026-01-05 09:33:00,6.95,6.95,6.75,6.95,2925,21.619375,637650,306.4,307.5
2026-01-05 09:34:00,8.1,8.1,8.05,8.1,76050,21.675784,2067975,306.05,305.0
2026-01-05 09:35:00,7.95,8.1,7.95,8.0,38025,22.018983,2067975,305.7,305.0
2026-01-05 09:36:00,8.1,8.1,8.0,8.1,64350,21.872027,2067975,305.95,305.0
2026-01-05 09:37:00,7.95,8.1,7.9,7.9,38025,21.68385,2056275,305.7,305.0
2026-01-05 09:38:00,7.9,7.9,7.9,7.9,0,21.587864,2056275,305.75,305.0
2026-01-05 09:39:00,7.85,7.9,7.85,7.85,17550,21.128816,2056275,305.9,305.0
2026-01-05 09:40:00,7.15,7.15,6.75,7.15,143325,21.307726,661050,306.95,307.5
2026-01-05 09:41:00,7.05,7.15,7.05,7.05,93600,21.512986,661050,306.65,307.5
2026-01-05 09:42:00,7.2,7.2,7.05,7.2,40950,21.563936,661050,306.9,307.5
2026-01-05 09:43:00,7.1,7.2,7.1,7.1,64350,20.781554,661050,307.15,307.5
2026-01-05 09:44:00,7.45,7.45,7.1,7.45,111150,22.03227,661050,307.1,307.5
2026-01-05 09:45:00,7.35,7.45,7.35,7.4,38025,21.867104,661050,307.1,307.5
2026-01-05 09:46:00,7.25,7.4,7.25,7.25,5850,21.910067,696150,306.8,307.5
2026-01-05 09:47:00,7.1,7.25,7.1,7.1,29250,22.121414,696150,306.4,307.5
2026-01-05 09:48:00,7.1,7.1,7.1,7.1,55575,21.858231,696150,306.55,307.5
2026-01-05 09:49:00,7.35,7.35,7.1,7.35,23400,21.521688,699075,307.2,307.5
2026-01-05 09:50:00,7.55,7.55,7.35,7.55,5850,21.911268,699075,307.35,307.5
2026-01-05 09:51:00,7.45,7.55,7.05,7.05,73125,21.870153,699075,306.45,307.5
2026-01-05 09:52:00,6.85,7.05,6.85,6.85,14625,20.588746,707850,306.8,307.5
2026-01-05 09:53:00,7.3,7.3,6.85,7.15,61425,21.671343,707850,306.75,307.5
2026-01-05 09:54:00,7.15,7.15,7.15,7.15,0,21.760719,707850,306.7,307.5
2026-01-05 09:55:00,7.2,7.2,7.15,7.2,5850,21.837673,716625,306.75,307.5
2026-01-05 09:56:00,7.25,7.4,7.2,7.4,49725,21.781311,716625,307.15,307.5
2026-01-05 09:57:00,7.35,7.4,7.35,7.35,29250,22.245846,716625,306.8,307.5
2026-01-05 09:58:00,7.45,7.45,7.35,7.45,17550,21.857042,719550,307.2,307.5
2026-01-05 09:59:00,7.35,7.45,7.3,7.3,35100,21.902391,719550,306.9,307.5
2026-01-05 10:00:00,7.45,7.45,7.3,7.45,114075,21.857922,719550,307.2,307.5
2026-01-05 10:01:00,7.5,7.6,7.45,7.6,87750,21.806241,734175,307.5,307.5
2026-01-05 10:02:00,7.45,7.6,7.45,7.45,40950,21.767737,734175,307.25,307.5
2026-01-05 10:03:00,7.55,7.55,7.45,7.55,5850,21.176308,734175,307.75,307.5
2026-01-05 10:04:00,7.55,7.65,7.55,7.65,93600,21.60262,716625,307.7,307.5
2026-01-05 10:05:00,7.5,7.65,7.5,7.5,43875,21.010882,716625,307.75,307.5
2026-01-05 10:06:00,7.5,7.95,7.5,7.95,134550,20.786721,716625,308.65,307.5
2026-01-05 10:07:00,6.8,6.8,6.65,6.7,394875,20.786434,6291675,308.8,310.0
2026-01-05 10:08:00,7.0,7.0,6.7,6.9,453375,21.443017,6291675,308.8,310.0
2026-01-05 10:09:00,8.15,8.25,8.15,8.15,40950,21.261975,716625,308.75,307.5
2026-01-05 10:10:00,8.0,8.15,8.0,8.0,38025,21.249073,707850,308.5,307.5
2026-01-05 10:11:00,7.8,8.0,7.8,7.8,17550,21.255865,707850,308.15,307.5
2026-01-05 10:12:00,7.9,7.9,7.8,7.9,20475,21.77989,707850,308.05,307.5
2026-01-05 10:13:00,7.65,7.9,7.65,7.65,14625,20.564142,713700,308.25,307.5
2026-01-05 10:14:00,7.8,7.95,7.65,7.95,49725,21.180672,713700,308.45,307.5
2026-01-05 10:15:00,7.9,7.95,7.8,7.8,11700,21.542837,713700,308.0,307.5
2026-01-05 10:16:00,7.65,7.8,7.65,7.7,55575,21.21014,742950,308.0,307.5
2026-01-05 10:17:00,7.7,7.7,7.7,7.7,11700,21.49376,742950,307.85,307.5
2026-01-05 10:18:00,7.65,7.7,7.65,7.65,26325,21.233614,742950,307.9,307.5
2026-01-05 10:19:00,7.7,7.7,7.65,7.7,11700,21.494635,742950,307.85,307.5
2026-01-05 10:20:00,7.6,7.7,7.6,7.6,5850,21.256248,751725,307.8,307.5
2026-01-05 10:21:00,7.7,7.7,7.6,7.7,5850,21.306988,751725,307.95,307.5
2026-01-05 10:22:00,7.7,7.7,7.7,7.7,2925,21.401824,745875,307.9,307.5
2026-01-05 10:23:00,7.7,7.7,7.7,7.7,0,20.927436,745875,308.15,307.5
2026-01-05 10:24:00,8.0,8.0,7.7,8.0,17550,20.765192,745875,308.75,307.5
2026-01-05 10:25:00,8.05,8.05,8.0,8.05,26325,21.616569,757575,308.4,307.5
2026-01-05 10:26:00,7.85,8.05,7.8,7.8,26325,21.262404,757575,308.15,307.5
2026-01-05 10:27:00,7.85,7.95,7.8,7.95,14625,21.089177,757575,308.5,307.5
2026-01-05 10:28:00,7.95,7.95,7.95,7.95,0,21.572467,757575,308.25,307.5
2026-01-05 10:29:00,7.85,7.95,7.85,7.85,20475,21.142906,760500,308.3,307.5
2026-01-05 10:30:00,7.9,7.9,7.85,7.9,17550,21.502223,760500,308.2,307.5
2026-01-05 10:31:00,7.9,7.9,7.9,7.9,8775,21.310809,748800,308.3,307.5
2026-01-05 10:32:00,7.85,7.9,7.85,7.85,5850,21.336244,748800,308.2,307.5
2026-01-05 10:33:00,7.9,7.9,7.85,7.9,2925,21.021677,748800,308.45,307.5
2026-01-05 10:34:00,7.9,7.9,7.9,7.9,11700,21.119083,740025,308.4,307.5
2026-01-05 10:35:00,7.95,7.95,7.9,7.95,2925,21.189842,740025,308.45,307.5
2026-01-05 10:36:00,7.9,7.95,7.9,7.9,11700,20.925697,740025,308.5,307.5
2026-01-05 10:37:00,8.05,8.05,7.9,8.05,46800,22.005729,725400,308.2,307.5
2026-01-05 10:38:00,7.65,8.05,7.55,7.55,35100,21.284986,725400,307.7,307.5
2026-01-05 10:39:00,7.55,7.55,7.55,7.55,0,21.378689,725400,307.65,307.5
2026-01-05 10:40:00,7.45,7.55,7.45,7.45,8775,21.325203,722475,307.5,307.5
2026-01-05 10:41:00,7.3,7.45,7.3,7.3,20475,21.740977,722475,307.0,307.5
2026-01-05 10:42:00,7.1,7.3,7.1,7.1,8775,21.437824,722475,306.8,307.5
2026-01-05 10:43:00,7.0,7.1,7.0,7.0,20475,21.462834,722475,306.6,307.5
2026-01-05 10:44:00,7.25,7.25,7.0,7.25,11700,21.756501,740025,306.9,307.5
2026-01-05 10:45:00,7.1,7.25,7.1,7.1,5850,21.617388,740025,306.7,307.5
2026-01-05 10:46:00,7.1,7.1,7.1,7.1,2925,22.059649,740025,306.45,307.5
2026-01-05 10:47:00,8.35,8.4,8.35,8.35,14625,22.2573,1833975,306.2,305.0
2026-01-05 10:48:00,7.05,7.05,7.05,7.05,8775,21.895034,740025,306.45,307.5
2026-01-05 10:49:00,7.2,7.3,7.05,7.1,29250,21.884876,740025,306.55,307.5
2026-01-05 10:50:00,7.2,7.55,7.1,7.55,43875,22.483313,740025,307.05,307.5
2026-01-05 10:51:00,7.35,7.55,7.35,7.35,20475,21.730336,740025,307.1,307.5
2026-01-05 10:52:00,7.45,7.45,7.35,7.45,11700,21.698324,745875,307.3,307.5
2026-01-05 10:53:00,7.55,7.55,7.45,7.55,5850,21.663073,745875,307.5,307.5
2026-01-05 10:54:00,7.55,7.55,7.55,7.55,5850,22.754834,745875,306.9,307.5
2026-01-05 10:55:00,7.4,7.55,7.4,7.4,8775,21.89788,745875,307.1,307.5
2026-01-05 10:56:00,7.45,7.45,7.4,7.45,2925,22.24472,742950,307.0,307.5
2026-01-05 10:57:00,7.35,7.55,7.35,7.55,8775,22.576587,742950,307.0,307.5
2026-01-05 10:58:00,7.55,7.55,7.55,7.55,2925,21.665267,745875,307.5,307.5
2026-01-05 10:59:00,7.7,7.7,7.5,7.5,17550,21.591895,745875,307.45,307.5
2026-01-05 11:00:00,7.5,7.5,7.5,7.5,0,20.846473,745875,307.85,307.5
2026-01-05 11:01:00,7.7,7.8,7.5,7.8,87750,21.373088,687375,308.1,307.5
2026-01-05 11:02:00,7.9,8.0,7.8,8.0,26325,21.174441,687375,308.55,307.5
2026-01-05 11:03:00,8.1,8.15,8.0,8.15,32175,21.384061,687375,308.7,307.5
2026-01-05 11:04:00,6.9,6.95,6.8,6.9,377325,21.293425,6294600,308.9,310.0
2026-01-05 11:05:00,6.95,7.1,6.9,7.1,195975,21.336545,6294600,309.25,310.0
2026-01-05 11:06:00,7.3,7.3,7.1,7.2,248625,21.665605,6294600,309.25,310.0
2026-01-05 11:07:00,7.25,7.25,7.05,7.05,93600,21.6129,6007950,309.0,310.0
2026-01-05 11:08:00,7.05,7.05,7.0,7.0,58500,21.710461,6007950,308.85,310.0
2026-01-05 11:09:00,8.25,8.35,8.25,8.25,8775,22.014605,672750,308.55,307.5
2026-01-05 11:10:00,8.0,8.25,8.0,8.0,49725,21.757986,672750,308.25,307.5
2026-01-05 11:11:00,7.85,8.0,7.85,7.85,2925,21.257406,658125,308.25,307.5
2026-01-05 11:12:00,8.0,8.0,7.85,8.0,20475,21.081081,658125,308.6,307.5
2026-01-05 11:13:00,8.0,8.0,8.0,8.0,14625,21.663376,655200,308.3,307.5
2026-01-05 11:14:00,8.25,8.25,8.0,8.05,11700,21.151631,655200,308.65,307.5
2026-01-05 11:15:00,8.05,8.05,8.05,8.05,0,21.444972,655200,308.5,307.5
2026-01-05 11:16:00,8.05,8.05,8.05,8.05,0,21.250453,655200,308.6,307.5
2026-01-05 11:17:00,8.0,8.05,8.0,8.0,11700,21.472386,655200,308.4,307.5
2026-01-05 11:18:00,7.8,8.0,7.8,7.8,35100,22.504667,655200,307.5,307.5
2026-01-05 11:19:00,7.55,7.8,7.55,7.65,23400,21.63555,643500,307.7,307.5
2026-01-05 11:20:00,7.65,7.65,7.65,7.65,8775,21.542535,643500,307.75,307.5
2026-01-05 11:21:00,7.65,7.65,7.65,7.65,0,21.63643,643500,307.7,307.5
2026-01-05 11:22:00,7.65,7.65,7.65,7.65,0,21.63687,643500,307.7,307.5
2026-01-05 11:23:00,7.65,7.65,7.65,7.65,0,22.008561,646425,307.5,307.5
2026-01-05 11:24:00,7.5,7.65,7.5,7.5,11700,21.878363,646425,307.3,307.5
2026-01-05 11:25:00,7.5,7.5,7.5,7.5,5850,21.04533,646425,307.75,307.5
2026-01-05 11:26:00,7.75,7.75,7.5,7.75,2925,21.878,646425,307.75,307.5
2026-01-05 11:27:00,7.75,7.75,7.75,7.75,0,21.596854,646425,307.9,307.5
2026-01-05 11:28:00,7.75,7.75,7.75,7.75,0,21.597295,646425,307.9,307.5
2026-01-05 11:29:00,7.75,7.75,7.75,7.75,0,21.879332,646425,307.75,307.5
2026-01-05 11:30:00,7.65,7.75,7.65,7.65,2925,21.17037,646425,307.95,307.5
2026-01-05 11:31:00,7.65,7.65,7.65,7.65,0,21.45363,646425,307.8,307.5
2026-01-05 11:32:00,7.65,7.65,7.65,7.65,0,21.454068,646425,307.8,307.5
2026-01-05 11:33:00,7.7,7.7,7.65,7.7,5850,21.527079,646425,307.85,307.5
2026-01-05 11:34:00,7.55,7.7,7.55,7.55,2925,21.49572,646425,307.6,307.5
2026-01-05 11:35:00,7.5,7.55,7.45,7.45,8775,21.163491,652275,307.6,307.5
2026-01-05 11:36:00,7.45,7.45,7.35,7.35,14625,21.293775,652275,307.35,307.5
2026-01-05 11:37:00,7.35,7.35,7.35,7.35,0,21.477456,658125,307.25,307.5
2026-01-05 11:38:00,7.3,7.35,7.25,7.25,29250,21.145816,658125,307.25,307.5
2026-01-05 11:39:00,7.25,7.25,7.25,7.25,2925,21.054653,658125,307.3,307.5
2026-01-05 11:40:00,7.45,7.45,7.25,7.45,2925,21.810797,658125,307.25,307.5
2026-01-05 11:41:00,7.45,7.45,7.45,7.45,0,21.259018,678600,307.55,307.5
2026-01-05 11:42:00,7.45,7.45,7.45,7.45,0,20.979853,678600,307.7,307.5
2026-01-05 11:43:00,7.45,7.45,7.45,7.45,38025,20.792522,666900,307.8,307.5
2026-01-05 11:44:00,7.45,7.45,7.45,7.45,0,20.126682,666900,308.15,307.5
2026-01-05 11:45:00,7.45,7.45,7.45,7.45,0,19.445432,666900,308.5,307.5
2026-01-05 11:46:00,7.9,7.9,7.45,7.9,38025,20.956068,666900,308.5,307.5
2026-01-05 11:47:00,8.05,8.05,7.9,8.05,5850,21.264071,672750,308.6,307.5
2026-01-05 11:48:00,8.05,8.05,8.05,8.05,0,21.459545,672750,308.5,307.5
2026-01-05 11:49:00,8.05,8.05,8.05,8.05,0,21.750288,672750,308.35,307.5
2026-01-05 11:50:00,7.9,8.05,7.9,7.9,2925,20.957806,672750,308.5,307.5
2026-01-05 11:51:00,7.9,7.9,7.9,7.9,0,22.481578,672750,307.7,307.5
2026-01-05 11:52:00,7.6,7.9,7.6,7.6,14625,21.762714,672750,307.55,307.5
2026-01-05 11:53:00,7.5,7.6,7.3,7.3,5850,21.591566,663975,307.1,307.5
2026-01-05 11:54:00,7.25,7.3,7.25,7.25,14625,21.152703,663975,307.25,307.5
2026-01-05 11:55:00,7.4,7.4,7.25,7.4,2925,21.468159,663975,307.35,307.5
2026-01-05 11:56:00,7.4,7.4,7.4,7.4,2925,21.284397,666900,307.45,307.5
2026-01-05 11:57:00,7.5,7.5,7.4,7.5,2925,21.524927,666900,307.5,307.5
2026-01-05 11:58:00,7.5,7.5,7.5,7.5,0,21.246686,666900,307.65,307.5
2026-01-05 11:59:00,7.5,7.5,7.5,7.5,0,21.433169,666900,307.55,307.5
2026-01-05 12:00:00,7.5,7.5,7.5,7.5,0,21.247554,666900,307.65,307.5
2026-01-05 12:01:00,7.55,7.55,7.5,7.55,2925,21.600372,666900,307.55,307.5
2026-01-05 12:02:00,7.55,7.7,7.55,7.7,11700,21.914112,666900,307.65,307.5
2026-01-05 12:03:00,7.7,7.7,7.7,7.7,0,21.727934,666900,307.75,307.5
2026-01-05 12:04:00,7.7,7.7,7.7,7.7,0,21.351946,666900,307.95,307.5
2026-01-05 12:05:00,7.65,7.7,7.65,7.65,5850,21.090712,669825,308.0,307.5
2026-01-05 12:06:00,7.65,7.65,7.65,7.65,0,20.900543,669825,308.1,307.5
2026-01-05 12:07:00,7.65,7.65,7.65,7.65,2925,21.09158,669825,308.0,307.5
2026-01-05 12:08:00,7.65,7.65,7.65,7.65,0,21.186888,669825,307.95,307.5
2026-01-05 12:09:00,7.7,7.7,7.65,7.7,8775,21.068891,666900,308.1,307.5
2026-01-05 12:10:00,7.7,7.7,7.7,7.7,0,21.259772,666900,308.0,307.5
2026-01-05 12:11:00,7.7,7.7,7.7,7.7,5850,21.260208,663975,308.0,307.5
2026-01-05 12:12:00,7.7,7.7,7.7,7.7,0,21.260645,663975,308.0,307.5
2026-01-05 12:13:00,7.7,7.7,7.7,7.7,0,21.544659,663975,307.85,307.5
2026-01-05 12:14:00,7.7,7.7,7.7,7.7,0,21.450846,663975,307.9,307.5
2026-01-05 12:15:00,7.65,7.7,7.65,7.65,2925,21.284534,666900,307.9,307.5
2026-01-05 12:16:00,7.65,7.65,7.65,7.65,0,21.190368,666900,307.95,307.5
2026-01-05 12:17:00,7.65,7.65,7.65,7.65,5850,21.09592,666900,308.0,307.5
2026-01-05 12:18:00,7.65,7.65,7.65,7.65,0,21.096355,666900,308.0,307.5
2026-01-05 12:19:00,7.65,7.65,7.65,7.65,0,20.906156,666900,308.1,307.5
2026-01-05 12:20:00,7.65,7.65,7.65,7.65,0,21.002051,666900,308.05,307.5
2026-01-05 12:21:00,7.65,7.65,7.65,7.65,0,21.002483,666900,308.05,307.5
2026-01-05 12:22:00,7.65,7.65,7.65,7.65,0,20.907451,666900,308.1,307.5
2026-01-05 12:23:00,7.65,7.65,7.65,7.65,0,20.812124,666900,308.15,307.5
2026-01-05 12:24:00,7.65,7.65,7.65,7.65,0,21.003782,666900,308.05,307.5
2026-01-05 12:25:00,7.65,7.65,7.65,7.65,0,20.908747,666900,308.1,307.5
2026-01-05 12:26:00,7.8,7.8,7.65,7.8,8775,21.505591,669825,308.05,307.5
2026-01-05 12:27:00,7.75,7.8,7.75,7.75,20475,21.148182,669825,308.15,307.5
2026-01-05 12:28:00,7.7,7.75,7.7,7.7,2925,21.362449,669825,307.95,307.5
2026-01-05 12:29:00,7.7,7.7,7.7,7.7,0,21.362888,669825,307.95,307.5
2026-01-05 12:30:00,7.7,7.7,7.7,7.7,0,21.173401,669825,308.05,307.5
2026-01-05 12:31:00,7.65,7.7,7.65,7.65,2925,21.385859,693225,307.85,307.5
2026-01-05 12:32:00,7.65,7.65,7.65,7.65,0,21.102433,693225,308.0,307.5
2026-01-05 12:33:00,7.65,7.65,7.65,7.65,2925,21.197769,696150,307.95,307.5
2026-01-05 12:34:00,7.7,7.7,7.55,7.55,5850,21.053645,696150,307.85,307.5
2026-01-05 12:35:00,7.55,7.55,7.55,7.55,0,21.429296,696150,307.65,307.5
2026-01-05 12:36:00,7.5,7.55,7.5,7.5,8775,21.449328,699075,307.55,307.5
2026-01-05 12:37:00,7.5,7.5,7.5,7.5,0,21.35683,699075,307.6,307.5
2026-01-05 12:38:00,7.55,7.55,7.5,7.55,14625,21.709249,704925,307.5,307.5
2026-01-05 12:39:00,7.55,7.55,7.55,7.55,0,22.441877,704925,307.1,307.5
2026-01-05 12:40:00,7.55,7.55,7.55,7.55,0,22.351629,704925,307.15,307.5
2026-01-05 12:41:00,7.55,7.55,7.55,7.55,0,22.6235,704925,307.0,307.5
2026-01-05 12:42:00,7.2,7.55,7.2,7.2,14625,22.00001,704925,306.7,307.5
2026-01-05 12:43:00,7.2,7.2,7.2,7.2,2925,21.552677,704925,306.95,307.5
2026-01-05 12:44:00,7.2,7.2,7.2,7.2,0,21.732903,704925,306.85,307.5
2026-01-05 12:45:00,7.2,7.2,7.2,7.2,0,21.733342,704925,306.85,307.5
2026-01-05 12:46:00,7.2,7.2,7.2,7.2,0,21.912666,704925,306.75,307.5
2026-01-05 12:47:00,7.2,7.2,7.2,7.2,0,21.823774,704925,306.8,307.5
2026-01-05 12:48:00,7.15,7.2,7.15,7.15,2925,21.478895,710775,306.9,307.5
2026-01-05 12:49:00,7.2,7.2,7.15,7.2,5850,21.465042,710775,307.0,307.5
2026-01-05 12:50:00,7.2,7.2,7.2,7.2,0,21.555727,710775,306.95,307.5
2026-01-05 12:51:00,7.25,7.25,7.2,7.25,5850,21.722169,710775,306.95,307.5
2026-01-05 12:52:00,7.25,7.25,7.25,7.25,8775,21.177707,710775,307.25,307.5
2026-01-05 12:53:00,7.25,7.25,7.25,7.25,0,21.451677,710775,307.1,307.5
2026-01-05 12:54:00,7.25,7.25,7.25,7.25,2925,21.813475,707850,306.9,307.5
2026-01-05 12:55:00,7.25,7.25,7.25,7.25,0,21.813915,707850,306.9,307.5
2026-01-05 12:56:00,7.2,7.25,7.05,7.05,14625,21.419305,713700,306.75,307.5
2026-01-05 12:57:00,7.1,7.1,7.05,7.1,14625,22.380388,713700,306.3,307.5
2026-01-05 12:58:00,7.0,7.1,6.9,6.9,29250,21.542445,713700,306.4,307.5
2026-01-05 12:59:00,7.05,7.05,6.9,7.05,5850,22.128008,745875,306.35,307.5
2026-01-05 13:00:00,7.05,7.05,7.05,7.05,0,21.687945,745875,306.6,307.5
2026-01-05 13:01:00,7.05,7.05,7.05,7.05,2925,21.77691,745875,306.55,307.5
2026-01-05 13:02:00,7.05,7.05,7.05,7.05,0,21.865662,745875,306.5,307.5
2026-01-05 13:03:00,7.05,7.05,7.05,7.05,11700,21.954202,745875,306.45,307.5
2026-01-05 13:04:00,8.2,8.35,8.2,8.25,49725,21.981273,1646775,306.2,305.0
2026-01-05 13:05:00,6.95,7.05,6.95,6.95,11700,21.799015,745875,306.35,307.5
2026-01-05 13:06:00,6.95,6.95,6.95,6.95,0,21.799452,745875,306.35,307.5
2026-01-05 13:07:00,6.95,6.95,6.95,6.95,0,21.53613,745875,306.5,307.5
2026-01-05 13:08:00,7.0,7.0,6.95,7.0,11700,21.79055,763425,306.45,307.5
2026-01-05 13:09:00,7.0,7.0,7.0,7.0,0,21.790987,763425,306.45,307.5
2026-01-05 13:10:00,7.1,7.1,7.0,7.1,5850,21.322417,763425,306.9,307.5
2026-01-05 13:11:00,7.15,7.2,7.1,7.2,5850,22.012813,763425,306.7,307.5
2026-01-05 13:12:00,7.2,7.2,7.2,7.2,0,22.455725,763425,306.45,307.5
2026-01-05 13:13:00,7.2,7.2,7.2,7.2,0,21.924556,763425,306.75,307.5
2026-01-05 13:14:00,7.2,7.2,7.2,7.2,0,22.191766,763425,306.6,307.5
2026-01-05 13:15:00,6.85,7.2,6.85,6.95,23400,21.539598,763425,306.5,307.5
2026-01-05 13:16:00,6.95,6.95,6.95,6.95,0,21.45167,763425,306.55,307.5
2026-01-05 13:17:00,8.2,8.2,8.15,8.2,14625,21.817849,1678950,306.2,305.0
2026-01-05 13:18:00,6.75,6.95,6.75,6.9,26325,21.551108,772200,306.4,307.5
2026-01-05 13:19:00,6.9,6.9,6.9,6.9,0,21.639272,772200,306.35,307.5
2026-01-05 13:20:00,6.8,6.9,6.8,6.8,2925,21.220224,769275,306.4,307.5
2026-01-05 13:21:00,8.1,8.2,8.1,8.1,2925,21.480897,1681875,306.2,305.0
2026-01-05 13:22:00,6.8,6.8,6.8,6.8,0,21.044912,769275,306.5,307.5
2026-01-05 13:23:00,6.8,6.8,6.8,6.8,0,21.045339,769275,306.5,307.5
2026-01-05 13:24:00,6.8,6.8,6.8,6.8,0,20.511779,769275,306.8,307.5
2026-01-05 13:25:00,7.0,7.0,6.8,7.0,8775,21.176383,763425,306.8,307.5
2026-01-05 13:26:00,6.9,7.0,6.9,6.9,8775,21.554575,766350,306.4,307.5
2026-01-05 13:27:00,6.9,6.9,6.9,6.9,0,21.113047,766350,306.65,307.5
2026-01-05 13:28:00,6.9,6.95,6.9,6.95,11700,21.809065,766350,306.35,307.5
2026-01-05 13:29:00,6.95,6.95,6.95,6.95,0,21.633828,766350,306.45,307.5
2026-01-05 13:30:00,8.2,8.2,8.2,8.2,0,22.119201,1687725,306.05,305.0
2026-01-05 13:31:00,6.8,6.8,6.8,6.8,11700,21.224937,766350,306.4,307.5
2026-01-05 13:32:00,6.8,6.8,6.8,6.8,0,21.225365,766350,306.4,307.5
2026-01-05 13:33:00,6.8,6.8,6.8,6.8,0,21.137807,766350,306.45,307.5
2026-01-05 13:34:00,6.8,6.8,6.8,6.8,0,21.050027,766350,306.5,307.5
2026-01-05 13:35:00,8.1,8.2,8.05,8.05,5850,21.515605,1687725,306.1,305.0
2026-01-05 13:36:00,7.8,8.05,7.8,7.8,38025,21.549258,1687725,305.65,305.0
2026-01-05 13:37:00,7.95,7.95,7.8,7.85,73125,21.621803,1687725,305.7,305.0
2026-01-05 13:38:00,7.9,7.9,7.85,7.9,5850,21.304429,1699425,305.95,305.0
2026-01-05 13:39:00,7.85,8.1,7.85,8.1,38025,21.686654,1699425,306.1,305.0
2026-01-05 13:40:00,8.05,8.1,8.0,8.0,52650,21.545444,1699425,306.0,305.0
2026-01-05 13:41:00,7.9,8.0,7.9,7.9,2925,21.403649,1699425,305.9,305.0
2026-01-05 13:42:00,8.1,8.1,7.9,8.0,35100,21.546333,1690650,306.0,305.0
2026-01-05 13:43:00,8.0,8.0,8.0,8.0,11700,21.448464,1690650,306.05,305.0
2026-01-05 13:44:00,6.65,6.65,6.65,6.65,0,20.644643,763425,306.45,307.5
2026-01-05 13:45:00,8.1,8.1,8.1,8.1,2925,21.491571,1676025,306.2,305.0
2026-01-05 13:46:00,8.0,8.1,8.0,8.0,2925,21.351166,1676025,306.1,305.0
2026-01-05 13:47:00,7.9,8.0,7.8,7.8,32175,21.360644,1684800,305.75,305.0
2026-01-05 13:48:00,7.9,7.9,7.8,7.9,2925,21.210621,1684800,306.0,305.0
2026-01-05 13:49:00,7.9,7.9,7.9,7.9,0,21.892246,1684800,305.65,305.0
2026-01-05 13:50:00,7.7,7.9,7.7,7.7,11700,21.887465,1690650,305.3,305.0
2026-01-05 13:51:00,7.4,7.7,7.3,7.3,29250,21.014267,1690650,305.05,305.0
2026-01-05 13:52:00,7.4,7.4,7.3,7.4,23400,21.81598,1690650,304.8,305.0
2026-01-05 13:53:00,7.4,7.4,7.4,7.4,5850,21.723879,1693575,304.85,305.0
2026-01-05 13:54:00,7.4,7.5,7.4,7.5,29250,21.593849,1693575,305.1,305.0
2026-01-05 13:55:00,7.45,7.5,7.45,7.45,14625,21.52003,1693575,305.05,305.0
2026-01-05 13:56:00,7.55,7.55,7.45,7.55,2925,22.042971,1702350,304.95,305.0
2026-01-05 13:57:00,7.45,7.55,7.45,7.45,5850,21.893434,1702350,304.85,305.0
2026-01-05 13:58:00,7.35,7.45,7.35,7.4,5850,21.633285,1702350,304.9,305.0
2026-01-05 13:59:00,7.4,7.4,7.4,7.4,2925,21.447357,1702350,305.0,305.0
2026-01-05 14:00:00,7.35,7.4,7.35,7.35,5850,21.559154,1699425,304.85,305.0
2026-01-05 14:01:00,7.35,7.35,7.35,7.35,0,21.466741,1699425,304.9,305.0
2026-01-05 14:02:00,7.3,7.35,7.3,7.3,14625,21.299298,1699425,304.9,305.0
2026-01-05 14:03:00,7.3,7.3,7.3,7.3,49725,21.485285,1702350,304.8,305.0
2026-01-05 14:04:00,7.35,7.35,7.3,7.35,2925,21.560909,1702350,304.85,305.0
2026-01-05 14:05:00,7.35,7.35,7.35,7.35,0,21.746304,1702350,304.75,305.0
2026-01-05 14:06:00,7.2,7.35,7.2,7.2,8775,20.871934,1705275,304.95,305.0
2026-01-05 14:07:00,7.2,7.2,7.2,7.2,0,20.590898,1705275,305.1,305.0
2026-01-05 14:08:00,7.4,7.55,7.2,7.55,26325,21.768066,1711125,305.1,305.0
2026-01-05 14:09:00,7.55,7.55,7.55,7.55,5850,21.200836,1711125,305.4,305.0
2026-01-05 14:10:00,7.55,7.55,7.55,7.55,0,20.91365,1711125,305.55,305.0
2026-01-05 14:11:00,7.75,8.05,7.55,8.05,46800,21.531624,1716975,306.1,305.0
2026-01-05 14:12:00,8.0,8.05,8.0,8.0,14625,21.263698,1716975,306.15,305.0
2026-01-05 14:13:00,8.0,8.0,8.0,8.0,5850,21.461776,1716975,306.05,305.0
2026-01-05 14:14:00,8.0,8.0,7.9,7.9,8775,21.222061,1716975,306.0,305.0
2026-01-05 14:15:00,7.7,7.9,7.7,7.7,5850,20.346607,1716975,306.1,305.0
2026-01-05 14:16:00,8.0,8.0,7.7,8.0,5850,21.364444,1716975,306.1,305.0
2026-01-05 14:17:00,8.0,8.0,8.0,8.0,0,21.659952,1716975,305.95,305.0
2026-01-05 14:18:00,8.0,8.0,8.0,8.0,0,21.855593,1716975,305.85,305.0
2026-01-05 14:19:00,7.85,8.0,7.85,7.85,2925,21.446496,1719900,305.8,305.0
2026-01-05 14:20:00,7.85,8.05,7.85,7.85,8775,21.05537,1722825,306.0,305.0
2026-01-05 14:21:00,6.75,6.75,6.6,6.75,5850,21.255797,737100,306.3,307.5
2026-01-05 14:22:00,6.95,6.95,6.75,6.85,11700,21.059416,737100,306.6,307.5
2026-01-05 14:23:00,6.9,6.95,6.85,6.95,5850,21.569124,734175,306.5,307.5
2026-01-05 14:24:00,6.95,6.95,6.95,6.95,0,20.945777,734175,306.85,307.5
2026-01-05 14:25:00,7.15,7.15,6.95,7.0,8775,21.291737,734175,306.75,307.5
2026-01-05 14:26:00,7.0,7.0,7.0,7.0,8775,21.64807,734175,306.55,307.5
2026-01-05 14:27:00,7.0,7.0,7.0,7.0,5850,21.736931,737100,306.5,307.5
2026-01-05 14:28:00,6.95,7.0,6.95,6.95,8775,21.482858,737100,306.55,307.5
2026-01-05 14:29:00,8.35,8.35,8.35,8.35,0,22.358554,1731600,306.2,305.0
2026-01-05 14:30:00,6.95,7.0,6.95,7.0,20475,21.383214,737100,306.7,307.5
2026-01-05 14:31:00,7.05,7.1,7.0,7.1,61425,21.447444,737100,306.85,307.5
2026-01-05 14:32:00,7.2,7.2,7.1,7.15,26325,21.252969,775125,307.05,307.5
2026-01-05 14:33:00,7.15,7.2,7.15,7.15,46800,21.524601,775125,306.9,307.5
2026-01-05 14:34:00,7.15,7.2,7.15,7.2,8775,21.420177,775125,307.05,307.5
2026-01-05 14:35:00,7.25,7.25,7.2,7.2,23400,21.511216,795600,307.0,307.5
2026-01-05 14:36:00,7.2,7.25,7.2,7.25,5850,21.677956,795600,307.0,307.5
2026-01-05 14:37:00,7.15,7.25,7.15,7.15,2925,21.345776,795600,307.0,307.5
2026-01-05 14:38:00,7.15,7.15,7.15,7.15,11700,21.34621,795600,307.0,307.5
2026-01-05 14:39:00,7.15,7.15,7.05,7.05,8775,21.284684,795600,306.85,307.5
2026-01-05 14:40:00,7.05,7.05,7.05,7.05,0,21.104885,795600,306.95,307.5
2026-01-05 14:41:00,7.15,7.25,7.05,7.25,11700,21.589576,795600,307.05,307.5
2026-01-05 14:42:00,7.2,7.25,7.2,7.2,5850,21.423661,804375,307.05,307.5
2026-01-05 14:43:00,7.25,7.4,7.2,7.4,32175,21.357068,804375,307.45,307.5
2026-01-05 14:44:00,7.45,7.45,7.4,7.45,8775,21.431549,795600,307.5,307.5
2026-01-05 14:45:00,7.45,7.45,7.45,7.45,0,21.61697,795600,307.4,307.5
2026-01-05 14:46:00,7.25,7.45,7.25,7.25,8775,21.409887,795600,307.15,307.5
2026-01-05 14:47:00,7.25,7.25,7.25,7.25,11700,21.682788,798525,307.0,307.5
2026-01-05 14:48:00,7.25,7.25,7.25,7.25,0,21.319453,798525,307.2,307.5
2026-01-05 14:49:00,7.2,7.25,7.2,7.2,2925,20.969947,798525,307.3,307.5
2026-01-05 14:50:00,7.35,7.35,7.2,7.35,5850,21.561802,798525,307.25,307.5
2026-01-05 14:51:00,7.35,7.35,7.35,7.35,0,21.378559,792675,307.35,307.5
2026-01-05 14:52:00,7.35,7.35,7.35,7.35,0,21.654151,792675,307.2,307.5
2026-01-05 14:53:00,7.35,7.35,7.35,7.35,8775,21.194737,792675,307.45,307.5
2026-01-05 14:54:00,7.4,7.4,7.35,7.35,20475,21.563557,792675,307.25,307.5
2026-01-05 14:55:00,7.35,7.35,7.35,7.35,0,21.563996,792675,307.25,307.5
2026-01-05 14:56:00,7.35,7.35,7.35,7.35,0,21.288518,792675,307.4,307.5
2026-01-05 14:57:00,7.35,7.35,7.35,7.35,0,21.381179,792675,307.35,307.5
2026-01-05 14:58:00,7.45,7.45,7.35,7.45,14625,21.437684,795600,307.5,307.5
2026-01-05 14:59:00,7.55,7.55,7.45,7.55,32175,21.492459,795600,307.65,307.5
2026-01-05 15:00:00,7.45,7.55,7.35,7.35,14625,21.474464,786825,307.3,307.5
2026-01-05 15:01:00,7.2,7.35,7.2,7.2,17550,21.431941,786825,307.05,307.5
2026-01-05 15:02:00,7.25,7.25,7.2,7.25,2925,21.325542,786825,307.2,307.5
2026-01-05 15:03:00,7.25,7.25,7.25,7.25,2925,21.325977,783900,307.2,307.5
2026-01-05 15:04:00,7.4,7.4,7.25,7.3,5850,21.492928,783900,307.2,307.5
2026-01-05 15:05:00,7.3,7.3,7.3,7.3,0,21.857067,783900,307.0,307.5
2026-01-05 15:06:00,7.2,7.3,7.2,7.2,2925,21.79527,783900,306.85,307.5
2026-01-05 15:07:00,7.1,7.2,7.1,7.1,11700,21.552875,783900,306.8,307.5
2026-01-05 15:08:00,7.1,7.1,7.1,7.1,0,21.732162,783900,306.7,307.5
2026-01-05 15:09:00,7.1,7.1,7.1,7.1,0,21.373981,783900,306.9,307.5
2026-01-05 15:10:00,7.05,7.1,7.05,7.05,2925,21.47746,783900,306.75,307.5
2026-01-05 15:11:00,7.05,7.05,7.05,7.05,0,21.298532,783900,306.85,307.5
2026-01-05 15:12:00,7.25,7.25,7.05,7.25,8775,21.784153,783900,306.95,307.5
2026-01-05 15:13:00,7.1,7.25,7.1,7.1,2925,20.92211,783900,307.15,307.5
2026-01-05 15:14:00,7.1,7.1,7.1,7.1,0,20.831075,783900,307.2,307.5
2026-01-05 15:15:00,7.15,7.15,7.1,7.15,2925,21.452731,786825,306.95,307.5
2026-01-05 15:16:00,7.1,7.15,7.1,7.1,2925,21.377022,786825,306.9,307.5
2026-01-05 15:17:00,7.1,7.1,7.1,7.1,0,21.377457,786825,306.9,307.5
2026-01-05 15:18:00,7.0,7.1,6.9,6.9,29250,20.892402,792675,306.8,307.5
2026-01-05 15:19:00,7.0,7.0,6.9,7.0,2925,21.404457,792675,306.7,307.5
2026-01-05 15:20:00,6.95,7.0,6.95,6.95,2925,21.505442,792675,306.55,307.5
2026-01-05 15:21:00,6.95,7.0,6.95,7.0,8775,21.226347,778050,306.8,307.5
2026-01-05 15:22:00,6.95,7.0,6.95,6.95,2925,21.060447,778050,306.8,307.5
2026-01-05 15:23:00,7.0,7.0,6.9,6.9,5850,20.7145,778050,306.9,307.5
2026-01-05 15:24:00,6.9,6.9,6.9,6.9,0,21.163244,778050,306.65,307.5
2026-01-05 15:25:00,6.95,6.95,6.9,6.95,11700,20.881755,778050,306.9,307.5
2026-01-05 15:26:00,7.0,7.0,6.95,7.0,2925,21.048585,778050,306.9,307.5
2026-01-05 15:27:00,7.0,7.0,7.0,7.0,14625,21.139095,772200,306.85,307.5
2026-01-05 15:28:00,7.0,7.0,7.0,7.0,0,21.408363,772200,306.7,307.5
2026-01-05 15:29:00,7.0,7.0,7.0,7.0,0,20.868987,772200,307.0,307.5
2026-01-06 09:17:00,7.05,7.1,7.0,7.1,14625,21.212316,766350,307.25,307.5
2026-01-06 09:18:00,7.25,7.25,7.1,7.25,2925,22.365775,766350,306.9,307.5
2026-01-06 09:19:00,7.05,7.25,7.05,7.05,67275,21.41429,778050,307.05,307.5
2026-01-06 09:20:00,7.1,7.1,7.05,7.1,11700,21.950456,778050,306.85,307.5
2026-01-06 09:21:00,7.35,7.35,7.1,7.35,14625,22.153896,778050,307.2,307.5
2026-01-06 09:22:00,7.05,7.35,7.0,7.0,128700,21.061513,780975,307.15,307.5
2026-01-06 09:23:00,6.85,7.0,6.85,6.85,23400,20.831017,780975,307.0,307.5
2026-01-06 09:24:00,6.9,6.9,6.8,6.8,17550,20.937218,780975,306.85,307.5
2026-01-06 09:25:00,6.8,6.8,6.8,6.8,0,20.385231,748800,307.15,307.5
2026-01-06 09:26:00,7.3,7.3,6.8,7.3,23400,21.237258,748800,307.6,307.5
2026-01-06 09:27:00,7.35,7.35,7.3,7.35,26325,21.970887,748800,307.3,307.5
2026-01-06 09:28:00,6.95,7.35,6.95,6.95,32175,21.809611,778050,306.65,307.5
2026-01-06 09:29:00,6.95,6.95,6.95,6.95,11700,21.355671,778050,306.9,307.5
2026-01-06 09:30:00,6.95,6.95,6.95,6.95,0,22.169944,778050,306.45,307.5
2026-01-06 09:31:00,6.95,6.95,6.95,6.95,0,21.62991,778050,306.75,307.5
2026-01-06 09:32:00,6.95,6.95,6.95,6.95,17550,21.630361,778050,306.75,307.5
2026-01-06 09:33:00,7.05,7.05,6.95,7.05,38025,21.420581,778050,307.05,307.5
2026-01-06 09:34:00,7.05,7.05,7.05,7.05,0,22.150546,778050,306.65,307.5
2026-01-06 09:35:00,6.8,7.05,6.8,6.9,17550,21.553229,775125,306.7,307.5
2026-01-06 09:36:00,6.75,6.9,6.75,6.75,14625,21.58581,775125,306.4,307.5
2026-01-06 09:37:00,7.95,8.05,7.95,7.95,43875,21.517849,1676025,306.2,305.0
2026-01-06 09:38:00,7.75,7.95,7.75,7.75,23400,21.628196,1676025,305.8,305.0
2026-01-06 09:39:00,7.8,7.8,7.75,7.8,2925,21.503,1676025,305.95,305.0
2026-01-06 09:40:00,7.65,7.8,7.65,7.65,8775,21.776408,1690650,305.55,305.0
2026-01-06 09:41:00,7.6,7.65,7.6,7.65,43875,21.186297,1690650,305.85,305.0
2026-01-06 09:42:00,7.7,7.7,7.65,7.7,8775,22.04627,1690650,305.5,305.0
2026-01-06 09:43:00,7.55,7.7,7.5,7.5,32175,21.651491,1702350,305.35,305.0
2026-01-06 09:44:00,7.55,7.55,7.4,7.4,58500,21.884553,1702350,305.05,305.0
2026-01-06 09:45:00,7.35,7.4,7.3,7.3,58500,22.296145,1702350,304.65,305.0
2026-01-06 09:46:00,7.35,7.4,7.3,7.4,35100,21.406576,1734525,305.3,305.0
2026-01-06 09:47:00,7.7,7.7,7.4,7.7,11700,21.951273,1734525,305.55,305.0
2026-01-06 09:48:00,7.55,7.7,7.55,7.55,11700,21.825204,1734525,305.35,305.0
2026-01-06 09:49:00,7.45,7.55,7.45,7.45,35100,21.288826,1728675,305.45,305.0
2026-01-06 09:50:00,7.5,7.55,7.45,7.55,87750,21.33978,1728675,305.6,305.0
2026-01-06 09:51:00,7.55,7.55,7.55,7.55,20475,21.632913,1728675,305.45,305.0
2026-01-06 09:52:00,7.5,7.55,7.5,7.5,5850,21.070617,1719900,305.65,305.0
2026-01-06 09:53:00,7.7,7.7,7.5,7.7,8775,21.2645,1719900,305.9,305.0
2026-01-06 09:54:00,7.75,7.8,7.7,7.8,40950,21.708653,1719900,305.85,305.0
2026-01-06 09:55:00,7.8,7.8,7.8,7.8,20475,21.609883,1708200,305.9,305.0
2026-01-06 09:56:00,7.9,7.9,7.8,7.8,108225,21.410941,1708200,306.0,305.0
2026-01-06 09:57:00,7.85,7.85,7.8,7.8,46800,21.210708,1708200,306.1,305.0
2026-01-06 09:58:00,7.75,7.8,7.75,7.75,5850,21.538371,1708200,305.85,305.0
2026-01-06 09:59:00,7.6,7.75,7.6,7.6,55575,21.417601,1708200,305.65,305.0
2026-01-06 10:00:00,7.65,7.7,7.6,7.7,17550,20.866709,1708200,306.1,305.0
2026-01-06 10:01:00,7.85,7.85,7.7,7.85,76050,21.385145,1702350,306.1,305.0
2026-01-06 10:02:00,7.8,7.9,7.8,7.9,29250,21.457557,1702350,306.15,305.0
2026-01-06 10:03:00,6.8,6.8,6.55,6.8,17550,21.317911,801450,306.65,307.5
2026-01-06 10:04:00,6.8,6.8,6.75,6.8,17550,21.498696,801450,306.55,307.5
2026-01-06 10:05:00,6.8,6.8,6.8,6.8,0,21.946081,801450,306.3,307.5
2026-01-06 10:06:00,7.95,7.95,7.95,7.95,2925,21.430043,1719900,306.25,305.0
2026-01-06 10:07:00,6.8,6.8,6.8,6.8,23400,21.589874,801450,306.5,307.5
2026-01-06 10:08:00,6.8,6.8,6.8,6.8,5850,21.590323,801450,306.5,307.5
2026-01-06 10:09:00,6.75,6.8,6.75,6.8,29250,21.500939,801450,306.55,307.5
2026-01-06 10:10:00,6.8,6.8,6.8,6.8,2925,21.230509,810225,306.7,307.5
2026-01-06 10:11:00,6.9,6.9,6.8,6.9,5850,21.930007,810225,306.5,307.5
2026-01-06 10:12:00,6.75,6.9,6.75,6.8,14625,21.321928,810225,306.65,307.5
2026-01-06 10:13:00,6.8,6.85,6.8,6.85,11700,21.671922,810225,306.55,307.5
2026-01-06 10:14:00,6.65,6.85,6.65,6.65,8775,21.264562,810225,306.4,307.5
2026-01-06 10:15:00,6.65,6.65,6.65,6.65,0,21.175575,810225,306.45,307.5
2026-01-06 10:16:00,6.65,6.65,6.65,6.65,0,20.815989,839475,306.65,307.5
2026-01-06 10:17:00,6.65,6.65,6.65,6.65,0,20.725828,839475,306.7,307.5
2026-01-06 10:18:00,6.85,6.9,6.65,6.9,32175,21.299709,839475,306.85,307.5
2026-01-06 10:19:00,7.0,7.0,6.9,7.0,11700,21.729948,833625,306.8,307.5
2026-01-06 10:20:00,6.95,7.0,6.95,6.95,26325,21.561105,833625,306.8,307.5
2026-01-06 10:21:00,6.85,6.95,6.85,6.85,5850,21.585476,833625,306.6,307.5
2026-01-06 10:22:00,6.85,6.85,6.85,6.85,0,21.944826,833625,306.4,307.5
2026-01-06 10:23:00,8.0,8.1,7.9,7.9,23400,21.366239,1769625,306.2,305.0
2026-01-06 10:24:00,7.8,7.9,7.8,7.8,2925,21.122137,1769625,306.15,305.0
2026-01-06 10:25:00,8.0,8.0,7.8,8.0,8775,21.611662,1760850,306.25,305.0
2026-01-06 10:26:00,6.75,6.75,6.75,6.75,0,21.786455,839475,306.3,307.5
2026-01-06 10:27:00,7.95,7.95,7.95,7.95,2925,21.439702,1760850,306.25,305.0
2026-01-06 10:28:00,6.7,6.75,6.7,6.7,14625,21.439977,839475,306.4,307.5
2026-01-06 10:29:00,6.7,6.7,6.7,6.7,0,21.61863,839475,306.3,307.5
2026-01-06 10:30:00,6.7,6.7,6.7,6.7,0,21.61908,839475,306.3,307.5
2026-01-06 10:31:00,6.7,6.7,6.7,6.7,0,21.530534,839475,306.35,307.5
2026-01-06 10:32:00,8.0,8.0,8.0,8.0,0,21.917174,1763775,306.1,305.0
2026-01-06 10:33:00,7.85,8.0,7.85,7.85,26325,21.700174,1763775,305.95,305.0
2026-01-06 10:34:00,7.8,7.85,7.8,7.8,8775,21.627846,1763775,305.9,305.0
2026-01-06 10:35:00,7.7,7.8,7.7,7.7,5850,21.3831,1775475,305.85,305.0
2026-01-06 10:36:00,7.65,7.7,7.65,7.65,20475,21.899686,1775475,305.5,305.0
2026-01-06 10:37:00,7.4,7.65,7.4,7.4,49725,21.138819,1778400,305.45,305.0
2026-01-06 10:38:00,7.45,7.45,7.4,7.45,5850,21.017681,1778400,305.6,305.0
2026-01-06 10:39:00,7.45,7.45,7.45,7.45,2925,21.116217,1778400,305.55,305.0
2026-01-06 10:40:00,7.45,7.45,7.45,7.45,11700,20.821478,1778400,305.7,305.0
2026-01-06 10:41:00,7.65,7.75,7.45,7.75,8775,21.158671,1755000,306.05,305.0
2026-01-06 10:42:00,7.8,7.8,7.75,7.8,14625,21.331782,1755000,306.05,305.0
2026-01-06 10:43:00,7.85,7.9,7.8,7.9,8775,21.57708,1755000,306.1,305.0
2026-01-06 10:44:00,6.7,6.7,6.55,6.7,26325,20.906981,830700,306.7,307.5
2026-01-06 10:45:00,6.7,6.7,6.7,6.7,0,20.907422,830700,306.7,307.5
2026-01-06 10:46:00,6.85,6.85,6.7,6.85,2925,21.506426,830700,306.65,307.5
2026-01-06 10:47:00,6.85,6.85,6.85,6.85,32175,21.68728,836550,306.55,307.5
2026-01-06 10:48:00,6.95,6.95,6.85,6.95,2925,21.755444,836550,306.7,307.5
2026-01-06 10:49:00,6.95,6.95,6.95,6.95,0,21.57419,836550,306.8,307.5
2026-01-06 10:50:00,7.05,7.05,6.95,7.0,32175,21.469766,865800,306.95,307.5
2026-01-06 10:51:00,6.95,7.0,6.95,6.95,14625,21.483886,865800,306.85,307.5
2026-01-06 10:52:00,6.95,6.95,6.95,6.95,5850,21.575545,865800,306.8,307.5
2026-01-06 10:53:00,6.95,6.95,6.95,6.95,2925,21.393337,868725,306.9,307.5
2026-01-06 10:54:00,6.95,6.95,6.95,6.95,0,21.485237,868725,306.85,307.5
2026-01-06 10:55:00,6.95,6.95,6.95,6.95,5850,21.667877,868725,306.75,307.5
2026-01-06 10:56:00,6.95,7.05,6.95,6.95,38025,21.759075,874575,306.7,307.5
2026-01-06 10:57:00,6.95,6.95,6.95,6.95,0,21.940339,874575,306.6,307.5
2026-01-06 10:58:00,6.9,6.95,6.9,6.9,11700,21.590625,851175,306.7,307.5
2026-01-06 10:59:00,6.9,6.9,6.9,6.9,0,21.771928,851175,306.6,307.5
2026-01-06 11:00:00,6.9,6.9,6.9,6.9,0,21.591528,851175,306.7,307.5
2026-01-06 11:01:00,6.9,6.9,6.9,6.9,0,21.772837,851175,306.6,307.5
2026-01-06 11:02:00,6.9,6.9,6.9,6.9,5850,21.863379,851175,306.55,307.5
2026-01-06 11:03:00,6.9,6.9,6.9,6.9,0,21.863834,851175,306.55,307.5
2026-01-06 11:04:00,6.95,6.95,6.9,6.95,5850,21.762707,851175,306.7,307.5
2026-01-06 11:05:00,6.95,6.95,6.95,6.95,0,21.490192,851175,306.85,307.5
2026-01-06 11:06:00,7.0,7.0,6.95,7.0,5850,21.75129,848250,306.8,307.5
2026-01-06 11:07:00,6.95,7.0,6.95,6.95,23400,21.673312,848250,306.75,307.5
2026-01-06 11:08:00,6.95,6.95,6.95,6.95,0,21.764525,848250,306.7,307.5
2026-01-06 11:09:00,7.05,7.05,6.95,7.05,17550,21.555951,848250,307.0,307.5
2026-01-06 11:10:00,7.05,7.05,7.05,7.05,0,22.104203,848250,306.7,307.5
2026-01-06 11:11:00,7.05,7.05,7.05,7.05,0,22.285432,848250,306.6,307.5
2026-01-06 11:12:00,6.85,7.05,6.85,6.85,17550,21.608468,848250,306.6,307.5
2026-01-06 11:13:00,6.85,6.85,6.85,6.85,0,21.60892,848250,306.6,307.5
2026-01-06 11:14:00,6.9,6.9,6.85,6.9,2925,21.416036,851175,306.8,307.5
2026-01-06 11:15:00,6.95,6.95,6.9,6.95,5850,21.948558,851175,306.6,307.5
2026-01-06 11:16:00,6.95,6.95,6.95,6.95,0,22.128976,854100,306.5,307.5
2026-01-06 11:17:00,6.75,6.95,6.75,6.8,38025,21.621401,854100,306.5,307.5
2026-01-06 11:18:00,6.75,6.8,6.75,6.75,5850,21.452501,854100,306.5,307.5
2026-01-06 11:19:00,7.9,8.05,7.9,7.9,26325,22.486161,1804725,305.65,305.0
2026-01-06 11:20:00,7.9,7.9,7.9,7.9,0,23.546602,1804725,305.1,305.0
2026-01-06 11:21:00,7.5,7.9,7.3,7.3,49725,22.433931,1804725,304.6,305.0
2026-01-06 11:22:00,7.2,7.3,7.2,7.2,49725,21.90572,1804725,304.7,305.0
2026-01-06 11:23:00,7.35,7.35,7.2,7.35,2925,21.663376,1819350,305.1,305.0
2026-01-06 11:24:00,7.45,7.45,7.35,7.45,17550,21.911092,1819350,305.15,305.0
2026-01-06 11:25:00,7.5,7.5,7.45,7.5,11700,21.891182,1825200,305.25,305.0
2026-01-06 11:26:00,7.6,7.65,7.5,7.65,43875,21.727535,1825200,305.6,305.0
2026-01-06 11:27:00,7.6,7.65,7.6,7.6,11700,22.235192,1825200,305.25,305.0
2026-01-06 11:28:00,7.75,7.75,7.6,7.75,2925,22.170059,1839825,305.55,305.0
2026-01-06 11:29:00,7.85,7.85,7.75,7.85,17550,22.122512,1839825,305.75,305.0
2026-01-06 11:30:00,7.05,7.05,6.45,7.05,160875,22.294215,865800,306.6,307.5
2026-01-06 11:31:00,7.0,7.05,6.85,6.85,38025,22.065532,865800,306.35,307.5
2026-01-06 11:32:00,7.0,7.0,6.85,7.0,11700,22.305705,900900,306.5,307.5
2026-01-06 11:33:00,7.05,7.05,7.0,7.05,14625,22.385684,900900,306.55,307.5
2026-01-06 11:34:00,7.35,7.6,7.05,7.6,184275,22.503853,892125,307.5,307.5
2026-01-06 11:35:00,8.0,8.0,7.6,7.7,184275,22.561082,892125,307.65,307.5
2026-01-06 11:36:00,7.7,7.7,7.45,7.45,55575,22.276515,892125,307.35,307.5
2026-01-06 11:37:00,7.45,7.45,7.4,7.4,20475,22.293674,865800,307.25,307.5
2026-01-06 11:38:00,7.5,7.7,7.4,7.65,40950,22.956577,865800,307.35,307.5
2026-01-06 11:39:00,7.65,7.65,7.6,7.6,20475,22.880495,865800,307.3,307.5
2026-01-06 11:40:00,7.55,7.6,7.55,7.6,11700,22.973944,865800,307.25,307.5
2026-01-06 11:41:00,7.4,7.6,7.4,7.4,8775,22.757613,886275,307.0,307.5
2026-01-06 11:42:00,7.4,7.4,7.4,7.4,17550,22.941304,886275,306.9,307.5
2026-01-06 11:43:00,7.25,7.4,7.25,7.25,5850,22.43318,886275,306.9,307.5
2026-01-06 11:44:00,7.25,7.25,7.25,7.25,0,22.342069,880425,306.95,307.5
2026-01-06 11:45:00,7.1,7.25,7.1,7.1,8775,22.650541,880425,306.5,307.5
2026-01-06 11:46:00,6.9,7.1,6.9,6.9,29250,21.339126,880425,306.85,307.5
2026-01-06 11:47:00,6.9,6.9,6.9,6.9,0,21.064211,903825,307.0,307.5
2026-01-06 11:48:00,7.35,7.4,6.9,7.3,29250,22.513508,903825,306.95,307.5
2026-01-06 11:49:00,7.25,7.3,7.25,7.25,2925,22.618463,903825,306.8,307.5
2026-01-06 11:50:00,7.2,7.25,7.2,7.2,2925,22.083424,909675,307.0,307.5
2026-01-06 11:51:00,7.25,7.3,7.2,7.3,8775,22.423124,909675,307.0,307.5
2026-01-06 11:52:00,7.25,7.3,7.2,7.2,14625,22.084347,909675,307.0,307.5
2026-01-06 11:53:00,7.2,7.2,7.2,7.2,2925,22.268273,909675,306.9,307.5
2026-01-06 11:54:00,7.15,7.2,7.15,7.2,14625,22.17712,909675,306.95,307.5
2026-01-06 11:55:00,7.25,7.25,7.2,7.25,2925,22.255365,909675,307.0,307.5
2026-01-06 11:56:00,7.15,7.25,7.15,7.15,8775,22.554885,909675,306.65,307.5
2026-01-06 11:57:00,7.15,7.15,7.15,7.15,11700,22.464838,909675,306.7,307.5
2026-01-06 11:58:00,7.0,7.15,7.0,7.0,14625,22.31773,909675,306.5,307.5
2026-01-06 11:59:00,7.05,7.05,7.0,7.05,11700,22.487644,921375,306.5,307.5
2026-01-06 12:00:00,7.05,7.05,7.05,7.05,2925,22.845586,921375,306.3,307.5
2026-01-06 12:01:00,6.9,7.05,6.9,6.9,5850,22.248703,921375,306.35,307.5
2026-01-06 12:02:00,6.95,6.95,6.9,6.95,8775,22.418599,927225,306.35,307.5
2026-01-06 12:03:00,6.95,6.95,6.95,6.95,0,22.150579,927225,306.5,307.5
2026-01-06 12:04:00,7.25,7.25,6.95,7.25,23400,21.982628,927225,307.15,307.5
2026-01-06 12:05:00,7.25,7.25,7.25,7.25,5850,22.260009,924300,307.0,307.5
2026-01-06 12:06:00,7.25,7.25,7.15,7.15,8775,21.92114,924300,307.0,307.5
2026-01-06 12:07:00,7.15,7.15,7.15,7.15,0,21.829464,924300,307.05,307.5
2026-01-06 12:08:00,7.05,7.15,7.05,7.05,2925,21.857845,933075,306.85,307.5
2026-01-06 12:09:00,7.05,7.05,7.05,7.05,0,21.583138,933075,307.0,307.5
2026-01-06 12:10:00,7.05,7.05,7.05,7.05,5850,21.767275,933075,306.9,307.5
2026-01-06 12:11:00,7.0,7.05,7.0,7.0,2925,21.962735,933075,306.7,307.5
2026-01-06 12:12:00,7.05,7.15,7.0,7.15,8775,21.923894,933075,307.0,307.5
2026-01-06 12:13:00,7.2,7.2,7.15,7.2,2925,21.631065,933075,307.25,307.5
2026-01-06 12:14:00,7.3,7.3,7.2,7.3,5850,22.249535,927225,307.1,307.5
2026-01-06 12:15:00,7.35,7.35,7.3,7.35,14625,22.141553,927225,307.25,307.5
2026-01-06 12:16:00,7.2,7.35,7.15,7.15,8775,22.109308,927225,306.9,307.5
2026-01-06 12:17:00,7.15,7.15,7.15,7.15,2925,22.018098,930150,306.95,307.5
2026-01-06 12:18:00,7.15,7.15,7.15,7.15,0,22.110232,930150,306.9,307.5
2026-01-06 12:19:00,7.0,7.15,7.0,7.0,5850,21.966401,930150,306.7,307.5
2026-01-06 12:20:00,7.1,7.1,7.0,7.1,2925,22.486899,930150,306.6,307.5
2026-01-06 12:21:00,7.0,7.1,7.0,7.0,2925,21.967318,930150,306.7,307.5
2026-01-06 12:22:00,7.0,7.0,7.0,7.0,0,21.967777,930150,306.7,307.5
2026-01-06 12:23:00,6.95,7.0,6.95,6.95,5850,21.889272,927225,306.65,307.5
2026-01-06 12:24:00,6.95,6.95,6.95,6.95,0,21.980124,927225,306.6,307.5
2026-01-06 12:25:00,7.0,7.0,6.95,7.0,11700,21.969152,927225,306.7,307.5
2026-01-06 12:26:00,7.0,7.05,7.0,7.05,20475,21.682835,918450,306.95,307.5
2026-01-06 12:27:00,7.15,7.15,7.05,7.15,2925,21.930784,918450,307.0,307.5
2026-01-06 12:28:00,7.05,7.15,7.05,7.05,17550,21.958267,918450,306.8,307.5
2026-01-06 12:29:00,6.95,7.05,6.9,6.9,17550,22.172298,921375,306.4,307.5
2026-01-06 12:30:00,8.0,8.1,8.0,8.0,8775,21.770887,1725750,306.2,305.0
2026-01-06 12:31:00,8.0,8.0,8.0,8.0,14625,21.872257,1725750,306.15,305.0
2026-01-06 12:32:00,6.75,6.75,6.75,6.75,0,21.754446,921375,306.35,307.5
2026-01-06 12:33:00,6.9,6.9,6.75,6.9,8775,21.724248,933075,306.65,307.5
2026-01-06 12:34:00,6.9,6.95,6.9,6.95,5850,21.8943,933075,306.65,307.5
2026-01-06 12:35:00,6.95,6.95,6.95,6.95,0,21.71326,933075,306.75,307.5
2026-01-06 12:36:00,6.95,6.95,6.95,6.95,0,21.713714,933075,306.75,307.5
2026-01-06 12:37:00,6.95,6.95,6.95,6.95,0,21.623071,933075,306.8,307.5
2026-01-06 12:38:00,6.95,6.95,6.95,6.95,0,21.805491,938925,306.7,307.5
2026-01-06 12:39:00,6.95,6.95,6.95,6.95,0,21.715079,938925,306.75,307.5
2026-01-06 12:40:00,6.95,6.95,6.95,6.95,0,21.257637,938925,307.0,307.5
2026-01-06 12:41:00,7.15,7.15,6.95,7.15,5850,22.394575,936000,306.75,307.5
2026-01-06 12:42:00,7.15,7.15,7.15,7.15,8775,22.936523,936000,306.45,307.5
2026-01-06 12:43:00,7.15,7.15,7.15,7.15,0,23.115805,936000,306.35,307.5
2026-01-06 12:44:00,8.2,8.2,8.2,8.2,0,22.36869,1763775,306.25,305.0
2026-01-06 12:45:00,8.2,8.2,8.2,8.2,0,22.369167,1763775,306.25,305.0
2026-01-06 12:46:00,7.15,7.15,7.15,7.15,0,23.11723,936000,306.35,307.5
2026-01-06 12:47:00,7.15,7.15,7.15,7.15,0,22.849169,936000,306.5,307.5
2026-01-06 12:48:00,7.15,7.15,7.15,7.15,0,22.669567,941850,306.6,307.5
2026-01-06 12:49:00,6.95,7.15,6.95,6.95,17550,22.081786,941850,306.55,307.5
2026-01-06 12:50:00,7.05,7.05,6.95,7.05,2925,22.059435,947700,306.75,307.5
2026-01-06 12:51:00,7.15,7.15,7.05,7.15,5850,22.30821,947700,306.8,307.5
2026-01-06 12:52:00,7.0,7.15,7.0,7.0,2925,21.98154,947700,306.7,307.5
2026-01-06 12:53:00,7.0,7.0,7.0,7.0,14625,21.981999,947700,306.7,307.5
2026-01-06 12:54:00,7.0,7.0,7.0,7.0,0,22.163509,947700,306.6,307.5
2026-01-06 12:55:00,7.0,7.0,7.0,7.0,2925,21.982917,941850,306.7,307.5
2026-01-06 12:56:00,7.0,7.0,7.0,7.0,11700,21.710081,936000,306.85,307.5
2026-01-06 12:57:00,7.1,7.15,7.0,7.15,8775,21.944577,936000,307.0,307.5
2026-01-06 12:58:00,7.15,7.15,7.15,7.15,0,22.220204,936000,306.85,307.5
2026-01-06 12:59:00,7.05,7.15,7.05,7.05,11700,21.69787,936000,306.95,307.5
2026-01-06 13:00:00,7.05,7.05,7.05,7.05,0,21.606305,936000,307.0,307.5
2026-01-06 13:01:00,7.2,7.2,7.05,7.2,55575,22.116236,936000,307.0,307.5
2026-01-06 13:02:00,7.2,7.2,7.2,7.2,0,22.300329,936000,306.9,307.5
2026-01-06 13:03:00,6.95,7.2,6.95,6.95,11700,21.543509,921375,306.85,307.5
2026-01-06 13:04:00,7.15,7.15,6.95,7.15,2925,22.222987,921375,306.85,307.5
2026-01-06 13:05:00,7.0,7.15,7.0,7.0,2925,22.168587,918450,306.6,307.5
2026-01-06 13:06:00,6.95,7.0,6.95,6.95,8775,21.81827,918450,306.7,307.5
2026-01-06 13:07:00,7.0,7.0,6.95,7.0,2925,21.988428,918450,306.7,307.5
2026-01-06 13:08:00,7.05,7.05,7.0,7.05,5850,21.976639,918450,306.8,307.5
2026-01-06 13:09:00,7.0,7.05,7.0,7.0,2925,21.716005,915525,306.85,307.5
2026-01-06 13:10:00,7.0,7.0,7.0,7.0,0,21.898924,915525,306.75,307.5
2026-01-06 13:11:00,7.0,7.0,7.0,7.0,0,21.716917,915525,306.85,307.5
2026-01-06 13:12:00,7.0,7.0,7.0,7.0,0,21.717373,915525,306.85,307.5
2026-01-06 13:13:00,7.05,7.05,7.0,7.05,2925,22.341962,915525,306.6,307.5
2026-01-06 13:14:00,7.05,7.05,7.05,7.05,0,22.161361,915525,306.7,307.5
2026-01-06 13:15:00,6.95,7.05,6.95,6.95,2925,22.273557,915525,306.45,307.5
2026-01-06 13:16:00,6.9,6.95,6.9,6.9,5850,21.834283,915525,306.6,307.5
2026-01-06 13:17:00,6.9,6.9,6.9,6.9,0,21.83474,915525,306.6,307.5
2026-01-06 13:18:00,8.0,8.45,8.0,8.0,20475,22.195253,1795950,306.0,305.0
2026-01-06 13:19:00,8.0,8.0,8.0,8.0,0,22.493966,1795950,305.85,305.0
2026-01-06 13:20:00,8.0,8.0,8.0,8.0,0,22.295913,1795950,305.95,305.0
2026-01-06 13:21:00,8.0,8.0,8.0,8.0,0,22.395801,1795950,305.9,305.0
2026-01-06 13:22:00,7.8,8.0,7.8,7.9,29250,21.951396,1795950,305.95,305.0
2026-01-06 13:23:00,7.9,7.95,7.9,7.95,11700,22.024804,1790100,306.0,305.0
2026-01-06 13:24:00,7.95,7.95,7.95,7.95,2925,22.025273,1790100,306.0,305.0
2026-01-06 13:25:00,7.95,7.95,7.95,7.95,2925,22.025743,1790100,306.0,305.0
2026-01-06 13:26:00,7.95,7.95,7.95,7.95,5850,22.026213,1795950,306.0,305.0
2026-01-06 13:27:00,7.95,7.95,7.95,7.95,0,22.325232,1795950,305.85,305.0
2026-01-06 13:28:00,7.75,7.95,7.75,7.75,35100,22.614785,1795950,305.35,305.0
2026-01-06 13:29:00,7.65,7.75,7.65,7.65,11700,21.587645,1793025,305.7,305.0
2026-01-06 13:30:00,7.65,7.65,7.45,7.45,43875,21.680654,1793025,305.3,305.0
2026-01-06 13:31:00,7.55,7.55,7.45,7.55,2925,22.409059,1793025,305.1,305.0
2026-01-06 13:32:00,7.45,7.55,7.45,7.45,17550,22.066087,1828125,305.1,305.0
2026-01-06 13:33:00,7.3,7.45,7.3,7.3,14625,22.495763,1828125,304.6,305.0
2026-01-06 13:34:00,7.1,7.3,7.05,7.25,76050,22.231539,1828125,304.65,305.0
2026-01-06 13:35:00,7.25,7.25,7.15,7.15,20475,22.168778,1874925,304.5,305.0
2026-01-06 13:36:00,7.0,7.15,7.0,7.0,81900,22.299869,1874925,304.15,305.0
2026-01-06 13:37:00,7.0,7.0,7.0,7.0,11700,22.391488,1874925,304.1,305.0
2026-01-06 13:38:00,6.9,7.0,6.9,6.9,11700,21.958489,1874925,304.15,305.0
2026-01-06 13:39:00,6.9,6.9,6.9,6.9,11700,21.958948,1869075,304.15,305.0
2026-01-06 13:40:00,7.05,7.05,6.9,7.05,8775,22.289922,1869075,304.25,305.0
2026-01-06 13:41:00,7.05,7.05,7.05,7.05,2925,22.198564,1866150,304.3,305.0
2026-01-06 13:42:00,7.05,7.05,7.05,7.05,5850,22.106973,1866150,304.35,305.0
2026-01-06 13:43:00,7.1,7.15,7.05,7.15,14625,21.892911,1866150,304.65,305.0
2026-01-06 13:44:00,7.2,7.2,7.15,7.15,17550,21.893373,1866150,304.65,305.0
2026-01-06 13:45:00,7.25,7.25,7.15,7.25,2925,22.049189,1889550,304.75,305.0
2026-01-06 13:46:00,7.15,7.25,7.15,7.15,2925,21.894293,1889550,304.65,305.0
2026-01-06 13:47:00,7.15,7.15,7.15,7.15,0,21.423716,1889550,304.9,305.0
2026-01-06 13:48:00,7.15,7.15,7.15,7.15,0,21.424172,1889550,304.9,305.0
2026-01-06 13:49:00,7.35,7.35,7.15,7.35,8775,21.921311,1889550,305.0,305.0
2026-01-06 13:50:00,7.4,7.4,7.35,7.4,5850,21.998209,1889550,305.05,305.0
2026-01-06 13:51:00,7.4,7.4,7.3,7.3,14625,21.559493,1889550,305.1,305.0
2026-01-06 13:52:00,7.3,7.3,7.3,7.3,0,22.035524,1889550,304.85,305.0
2026-01-06 13:53:00,7.15,7.3,7.15,7.15,8775,21.990969,1889550,304.6,305.0
2026-01-06 13:54:00,7.15,7.15,7.15,7.15,2925,21.897979,1895400,304.65,305.0
2026-01-06 13:55:00,7.15,7.15,7.15,7.15,0,21.71078,1895400,304.75,305.0
2026-01-06 13:56:00,7.15,7.15,7.15,7.15,0,21.898902,1895400,304.65,305.0
2026-01-06 13:57:00,7.15,7.15,7.15,7.15,0,21.711697,1895400,304.75,305.0
2026-01-06 13:58:00,7.15,7.15,7.15,7.15,20475,21.523461,1892475,304.85,305.0
2026-01-06 13:59:00,7.2,7.25,7.15,7.25,5850,22.055684,1892475,304.75,305.0
2026-01-06 14:00:00,7.25,7.25,7.1,7.1,8775,21.729273,1907100,304.65,305.0
2026-01-06 14:01:00,7.15,7.15,7.1,7.1,5850,21.729732,1907100,304.65,305.0
2026-01-06 14:02:00,7.1,7.1,7.1,7.1,0,21.258834,1907100,304.9,305.0
2026-01-06 14:03:00,7.1,7.1,7.1,7.1,0,21.636895,1907100,304.7,305.0
2026-01-06 14:04:00,7.1,7.1,7.1,7.1,2925,22.472338,1912950,304.25,305.0
2026-01-06 14:05:00,6.95,7.1,6.95,6.95,35100,21.682621,1912950,304.4,305.0
2026-01-06 14:06:00,7.0,7.0,6.95,7.0,2925,21.854422,1927575,304.4,305.0
2026-01-06 14:07:00,7.0,7.0,7.0,7.0,0,21.762292,1927575,304.45,305.0
2026-01-06 14:08:00,7.1,7.1,7.0,7.1,2925,22.105488,1927575,304.45,305.0
2026-01-06 14:09:00,7.0,7.1,6.9,6.9,26325,22.063956,1927575,304.1,305.0
2026-01-06 14:10:00,6.75,6.9,6.75,6.8,76050,21.994375,1927575,303.95,305.0
2026-01-06 14:11:00,6.65,6.8,6.65,6.65,280800,21.571631,1927575,303.9,305.0
2026-01-06 14:12:00,7.85,8.0,7.85,7.85,20475,22.010613,658125,303.45,302.5
2026-01-06 14:13:00,7.75,7.85,7.75,7.75,8775,21.763035,658125,303.4,302.5
2026-01-06 14:14:00,7.7,7.75,7.7,7.7,20475,21.387218,658125,303.5,302.5
2026-01-06 14:15:00,7.7,7.7,7.7,7.7,0,21.387678,658125,303.5,302.5
2026-01-06 14:16:00,7.7,7.7,7.7,7.7,0,20.877391,655200,303.75,302.5
2026-01-06 14:17:00,7.7,7.7,7.7,7.7,0,20.877844,655200,303.75,302.5
2026-01-06 14:18:00,7.8,7.8,7.7,7.8,14625,21.839062,658125,303.45,302.5
2026-01-06 14:19:00,7.75,7.8,7.75,7.75,5850,21.966319,658125,303.3,302.5
2026-01-06 14:20:00,7.75,7.75,7.75,7.75,0,22.85434,658125,302.85,302.5
2026-01-06 14:21:00,7.35,7.75,7.35,7.35,14625,22.048753,658125,302.55,302.5
2026-01-06 14:22:00,7.35,7.35,7.35,7.35,0,21.952866,658125,302.6,302.5
2026-01-06 14:23:00,7.45,7.45,7.35,7.45,20475,22.106629,658125,302.7,302.5
2026-01-06 14:24:00,7.5,7.5,7.45,7.5,2925,22.280483,678600,302.7,302.5
2026-01-06 14:25:00,7.55,7.55,7.5,7.55,2925,22.454324,678600,302.7,302.5
2026-01-06 14:26:00,7.55,7.55,7.55,7.55,0,22.163172,678600,302.85,302.5
2026-01-06 14:27:00,7.65,7.65,7.5,7.5,38025,21.199073,684450,303.25,302.5
2026-01-06 14:28:00,7.75,7.75,7.5,7.75,26325,22.169823,684450,303.2,302.5
2026-01-06 14:29:00,7.75,7.75,7.75,7.75,0,21.770494,713700,303.4,302.5
2026-01-06 14:30:00,7.6,7.75,7.6,7.6,26325,21.748093,713700,303.15,302.5
2026-01-06 14:31:00,7.8,7.8,7.6,7.8,20475,22.444336,713700,303.15,302.5
2026-01-06 14:32:00,7.7,7.8,7.7,7.7,5850,21.496673,716625,303.45,302.5
2026-01-06 14:33:00,7.65,7.7,7.65,7.65,20475,22.022554,716625,303.1,302.5
2026-01-06 14:34:00,7.75,7.8,7.65,7.8,20475,22.544593,716625,303.1,302.5
2026-01-06 14:35:00,7.8,7.8,7.8,7.8,29250,21.847014,716625,303.45,302.5
2026-01-06 14:36:00,7.95,7.95,7.8,7.95,14625,22.067732,713700,303.6,302.5
2026-01-06 14:37:00,7.95,7.95,7.95,7.95,20475,22.471454,713700,303.4,302.5
2026-01-06 14:38:00,7.95,7.95,7.95,7.95,0,22.571981,713700,303.35,302.5
2026-01-06 14:39:00,7.95,7.95,7.95,7.95,0,21.967545,713700,303.65,302.5
2026-01-06 14:40:00,6.8,6.8,6.6,6.8,87750,22.278687,2117700,303.8,305.0
2026-01-06 14:41:00,8.2,8.2,7.95,8.2,52650,22.63859,713700,303.75,302.5
2026-01-06 14:42:00,6.85,6.9,6.8,6.9,96525,22.442012,2106000,303.9,305.0
2026-01-06 14:43:00,7.0,7.0,6.9,7.0,64350,22.147884,2106000,304.25,305.0
2026-01-06 14:44:00,7.05,7.05,7.0,7.05,193050,22.502829,2062125,304.15,305.0
2026-01-06 14:45:00,7.1,7.1,7.05,7.1,2925,23.038157,2062125,303.95,305.0
2026-01-06 14:46:00,7.0,7.1,7.0,7.0,2925,22.696066,2062125,303.95,305.0
2026-01-06 14:47:00,7.1,7.1,7.0,7.1,2925,22.675571,2056275,304.15,305.0
2026-01-06 14:48:00,7.25,7.25,7.1,7.25,23400,22.452723,2056275,304.55,305.0
2026-01-06 14:49:00,7.3,7.3,7.25,7.3,70200,22.53153,2056275,304.6,305.0
2026-01-06 14:50:00,7.35,7.35,7.3,7.35,5850,22.703538,2044575,304.6,305.0
2026-01-06 14:51:00,7.25,7.35,7.25,7.25,14625,22.73234,2044575,304.4,305.0
2026-01-06 14:52:00,7.25,7.25,7.25,7.25,0,23.008963,2044575,304.25,305.0
2026-01-06 14:53:00,7.15,7.25,7.15,7.15,29250,22.482723,2044575,304.35,305.0
2026-01-06 14:54:00,7.3,7.3,7.15,7.3,11700,22.627066,2050425,304.55,305.0
2026-01-06 14:55:00,7.35,7.35,7.3,7.35,11700,22.984658,2050425,304.45,305.0
2026-01-06 14:56:00,7.35,7.35,7.35,7.35,17550,22.51937,2050425,304.7,305.0
2026-01-06 14:57:00,7.3,7.35,7.3,7.3,11700,22.065733,2050425,304.85,305.0
2026-01-06 14:58:00,7.4,7.4,7.3,7.4,43875,22.125195,2050425,305.0,305.0
2026-01-06 14:59:00,7.4,7.4,7.4,7.4,40950,21.838809,2062125,305.15,305.0
2026-01-06 15:00:00,7.65,7.65,7.4,7.65,52650,22.21732,2062125,305.4,305.0
2026-01-06 15:01:00,7.55,7.65,7.55,7.55,8775,21.873197,2062125,305.4,305.0
2026-01-06 15:02:00,7.55,7.55,7.55,7.55,2925,21.873662,2062125,305.4,305.0
2026-01-06 15:03:00,7.55,7.55,7.4,7.4,8775,21.744501,2050425,305.2,305.0
2026-01-06 15:04:00,7.5,7.5,7.4,7.4,26325,21.648521,2050425,305.25,305.0
2026-01-06 15:05:00,7.45,7.45,7.4,7.45,2925,22.109482,2050425,305.1,305.0
2026-01-06 15:06:00,7.4,7.45,7.4,7.4,8775,21.745887,2044575,305.2,305.0
2026-01-06 15:07:00,7.45,7.45,7.4,7.45,14625,22.014579,2044575,305.15,305.0
2026-01-06 15:08:00,7.45,7.45,7.45,7.45,5850,21.822555,2044575,305.25,305.0
2026-01-06 15:09:00,7.45,7.45,7.45,7.45,0,22.015512,2044575,305.15,305.0
2026-01-06 15:10:00,7.45,7.45,7.45,7.45,0,21.823483,2044575,305.25,305.0
2026-01-06 15:11:00,7.45,7.45,7.45,7.45,11700,21.630339,2041650,305.35,305.0
2026-01-06 15:12:00,7.45,7.45,7.45,7.45,0,21.436046,2044575,305.45,305.0
2026-01-06 15:13:00,7.55,7.55,7.45,7.55,23400,21.78141,2044575,305.45,305.0
2026-01-06 15:14:00,7.55,7.55,7.55,7.55,0,21.68421,2044575,305.5,305.0
2026-01-06 15:15:00,7.55,7.55,7.55,7.55,0,22.073621,2044575,305.3,305.0
2026-01-06 15:16:00,7.4,7.55,7.4,7.4,11700,21.460297,2053350,305.35,305.0
2026-01-06 15:17:00,7.4,7.4,7.4,7.4,0,21.943063,2053350,305.1,305.0
2026-01-06 15:18:00,7.3,7.4,7.3,7.3,11700,21.310481,2056275,305.25,305.0
2026-01-06 15:19:00,7.3,7.3,7.3,7.3,0,21.407529,2056275,305.2,305.0
2026-01-06 15:20:00,7.4,7.55,7.3,7.55,17550,21.68699,2056275,305.5,305.0
2026-01-06 15:21:00,7.55,7.55,7.55,7.55,0,21.491228,2056275,305.6,305.0
2026-01-06 15:22:00,7.55,7.55,7.55,7.55,0,21.491689,2056275,305.6,305.0
2026-01-06 15:23:00,7.6,7.6,7.55,7.6,2925,22.152844,2044575,305.35,305.0
2026-01-06 15:24:00,7.6,7.6,7.6,7.6,0,23.203273,2044575,304.8,305.0
2026-01-06 15:25:00,7.4,7.6,7.35,7.35,5850,22.813333,2047500,304.55,305.0
2026-01-06 15:26:00,7.3,7.5,7.3,7.5,20475,22.003127,2047500,305.25,305.0
2026-01-06 15:27:00,7.55,7.55,7.45,7.5,76050,22.291814,2056275,305.1,305.0
2026-01-06 15:28:00,7.4,7.5,7.4,7.4,2925,22.423829,2056275,304.85,305.0
2026-01-06 15:29:00,7.35,7.4,7.35,7.35,5850,21.776565,2056275,305.1,305.0
2026-01-07 09:15:00,7.5,7.5,7.5,7.5,2925,20.704567,2032875,306.15,305.0
2026-01-07 09:16:00,6.7,6.75,6.5,6.65,35100,21.806678,936000,306.45,307.5
2026-01-07 09:17:00,6.6,6.65,6.6,6.6,14625,21.816132,936000,306.35,307.5
2026-01-07 09:18:00,6.6,6.6,6.6,6.6,0,21.634591,936000,306.45,307.5
2026-01-07 09:19:00,6.95,6.95,6.6,6.95,14625,22.387652,944775,306.7,307.5
2026-01-07 09:20:00,6.75,6.95,6.75,6.85,46800,21.670751,944775,306.9,307.5
2026-01-07 09:21:00,6.9,6.9,6.8,6.8,61425,21.869322,944775,306.7,307.5
2026-01-07 09:22:00,7.95,8.1,7.95,7.95,8775,22.092059,2076750,306.25,305.0
2026-01-07 09:23:00,7.8,7.95,7.8,7.8,17550,21.562337,2076750,306.25,305.0
2026-01-07 09:24:00,6.5,6.5,6.45,6.5,11700,21.382448,971100,306.4,307.5
2026-01-07 09:25:00,7.75,7.85,7.75,7.75,5850,21.489895,2088450,306.2,305.0
2026-01-07 09:26:00,7.75,7.75,7.75,7.75,0,21.900743,2088450,306.0,305.0
2026-01-07 09:27:00,7.55,7.75,7.55,7.55,8775,21.39974,2088450,305.9,305.0
2026-01-07 09:28:00,7.55,7.55,7.55,7.55,0,21.400215,2088450,305.9,305.0
2026-01-07 09:29:00,7.5,7.55,7.5,7.5,14625,21.427357,2088450,305.8,305.0
2026-01-07 09:30:00,7.45,7.5,7.45,7.45,11700,20.74127,2088450,306.05,305.0
2026-01-07 09:31:00,7.5,7.5,7.45,7.5,14625,21.225357,2079675,305.9,305.0
2026-01-07 09:32:00,7.65,7.65,7.5,7.65,2925,21.035916,2079675,306.25,305.0
2026-01-07 09:33:00,6.55,6.55,6.5,6.55,8775,21.741308,1000350,306.3,307.5
2026-01-07 09:34:00,6.55,6.6,6.55,6.6,35100,21.914835,1014975,306.3,307.5
2026-01-07 09:35:00,6.55,6.6,6.55,6.55,20475,21.286481,1014975,306.55,307.5
2026-01-07 09:36:00,6.55,6.55,6.55,6.55,0,21.286945,1014975,306.55,307.5
2026-01-07 09:37:00,7.85,7.85,7.85,7.85,0,22.156759,2085525,306.05,305.0
2026-01-07 09:38:00,7.85,7.85,7.85,7.85,0,22.157248,2085525,306.05,305.0
2026-01-07 09:39:00,7.8,7.85,7.8,7.85,35100,21.746865,2085525,306.25,305.0
2026-01-07 09:40:00,7.8,7.85,7.8,7.8,8775,21.879513,2097225,306.1,305.0
2026-01-07 09:41:00,6.8,6.8,6.4,6.8,46800,21.693593,1017900,306.8,307.5
2026-01-07 09:42:00,6.8,6.8,6.8,6.8,2925,21.507877,1017900,306.9,307.5
2026-01-07 09:43:00,6.8,6.8,6.8,6.8,0,21.879754,1006200,306.7,307.5
2026-01-07 09:44:00,6.65,6.8,6.65,6.65,14625,21.636918,1006200,306.55,307.5
2026-01-07 09:45:00,6.8,6.8,6.65,6.75,20475,21.42926,1006200,306.85,307.5
2026-01-07 09:46:00,6.8,6.8,6.75,6.8,2925,21.602976,1009125,306.85,307.5
2026-01-07 09:47:00,6.8,6.8,6.8,6.8,20475,21.696423,1009125,306.8,307.5
2026-01-07 09:48:00,6.75,6.9,6.75,6.9,32175,21.857238,1009125,306.9,307.5
2026-01-07 09:49:00,6.8,6.9,6.8,6.8,2925,21.604388,1014975,306.85,307.5
2026-01-07 09:50:00,6.8,6.8,6.8,6.8,0,21.975337,1014975,306.65,307.5
2026-01-07 09:51:00,6.8,6.8,6.8,6.8,0,22.159645,1014975,306.55,307.5
2026-01-07 09:52:00,6.8,6.8,6.8,6.8,0,21.97629,1014975,306.65,307.5
2026-01-07 09:53:00,6.8,6.8,6.8,6.8,0,22.068799,1014975,306.6,307.5
2026-01-07 09:54:00,6.85,6.85,6.8,6.85,8775,21.686803,1017900,306.9,307.5
2026-01-07 09:55:00,6.9,6.9,6.85,6.9,2925,21.67347,1014975,307.0,307.5
2026-01-07 09:56:00,6.95,6.95,6.9,6.95,20475,21.564856,1014975,307.15,307.5
2026-01-07 09:57:00,7.15,7.15,6.95,7.15,8775,21.879518,1014975,307.35,307.5
2026-01-07 09:58:00,7.15,7.15,7.1,7.1,26325,21.896782,1006200,307.25,307.5
2026-01-07 09:59:00,7.1,7.1,7.1,7.1,0,22.086603,1006200,307.15,307.5
2026-01-07 10:00:00,7.05,7.1,7.05,7.05,52650,21.724221,1006200,307.25,307.5
2026-01-07 10:01:00,7.05,7.05,7.05,7.05,0,21.819539,1006200,307.2,307.5
2026-01-07 10:02:00,7.05,7.05,7.05,7.05,5850,21.725172,1012050,307.25,307.5
2026-01-07 10:03:00,7.0,7.05,7.0,7.0,5850,21.55211,1012050,307.25,307.5
2026-01-07 10:04:00,7.1,7.1,7.0,7.1,8775,21.709261,1009125,307.35,307.5
2026-01-07 10:05:00,7.1,7.1,7.05,7.05,20475,21.821445,1009125,307.2,307.5
2026-01-07 10:06:00,7.05,7.05,7.05,7.05,2925,21.821922,1009125,307.2,307.5
2026-01-07 10:07:00,7.05,7.05,7.05,7.05,0,21.727547,1009125,307.25,307.5
2026-01-07 10:08:00,7.05,7.05,7.05,7.05,0,21.345965,1014975,307.45,307.5
2026-01-07 10:09:00,7.25,7.25,7.05,7.25,23400,22.137006,1014975,307.4,307.5
2026-01-07 10:10:00,7.1,7.25,7.1,7.1,5850,21.712113,1003275,307.35,307.5
2026-01-07 10:11:00,7.1,7.1,7.1,7.1,38025,21.424971,1003275,307.5,307.5
2026-01-07 10:12:00,7.2,7.2,7.1,7.2,2925,21.964804,1003275,307.4,307.5
2026-01-07 10:13:00,7.25,7.25,7.2,7.25,2925,21.75444,997425,307.6,307.5
2026-01-07 10:14:00,7.2,7.25,7.2,7.2,17550,21.773949,997425,307.5,307.5
2026-01-07 10:15:00,7.2,7.2,7.2,7.2,5850,21.387498,997425,307.7,307.5
2026-01-07 10:16:00,7.2,7.2,7.2,7.2,0,21.485126,997425,307.65,307.5
2026-01-07 10:17:00,7.2,7.2,7.2,7.2,11700,21.967204,982800,307.4,307.5
2026-01-07 10:18:00,7.15,7.2,7.15,7.15,8775,21.602075,982800,307.5,307.5
2026-01-07 10:19:00,7.15,7.15,7.15,7.15,0,21.985344,982800,307.3,307.5
2026-01-07 10:20:00,7.1,7.15,7.1,7.1,2925,21.907302,982800,307.25,307.5
2026-01-07 10:21:00,7.1,7.1,7.1,7.1,0,21.621732,982800,307.4,307.5
2026-01-07 10:22:00,7.25,7.25,7.1,7.25,5850,21.95155,982800,307.5,307.5
2026-01-07 10:23:00,7.2,7.25,7.2,7.2,8775,22.35062,988650,307.2,307.5
2026-01-07 10:24:00,7.1,7.2,7.1,7.1,5850,22.004047,988650,307.2,307.5
2026-01-07 10:25:00,6.95,7.1,6.95,6.95,2925,22.141398,991575,306.85,307.5
2026-01-07 10:26:00,6.95,6.95,6.95,6.95,0,22.048686,991575,306.9,307.5
2026-01-07 10:27:00,6.85,6.95,6.85,6.85,5850,21.795653,991575,306.85,307.5
2026-01-07 10:28:00,6.85,6.85,6.85,6.85,0,21.796129,991575,306.85,307.5
2026-01-07 10:29:00,6.85,6.85,6.85,6.85,0,21.889608,991575,306.8,307.5
2026-01-07 10:30:00,6.85,6.85,6.85,6.85,2925,21.797078,985725,306.85,307.5
2026-01-07 10:31:00,6.85,6.85,6.85,6.85,0,21.7043,985725,306.9,307.5
2026-01-07 10:32:00,6.8,6.85,6.8,6.85,8775,21.891035,985725,306.8,307.5
2026-01-07 10:33:00,6.85,6.85,6.85,6.85,0,21.705247,985725,306.9,307.5
2026-01-07 10:34:00,6.85,6.85,6.85,6.85,0,21.705721,985725,306.9,307.5
2026-01-07 10:35:00,6.85,6.85,6.85,6.85,2925,21.892463,991575,306.8,307.5
2026-01-07 10:36:00,6.85,6.85,6.8,6.8,8775,21.997252,991575,306.65,307.5
2026-01-07 10:37:00,6.8,6.8,6.8,6.8,2925,21.905407,991575,306.7,307.5
2026-01-07 10:38:00,6.95,6.95,6.8,6.95,2925,22.054434,982800,306.9,307.5
2026-01-07 10:39:00,6.95,6.95,6.95,6.95,0,21.867765,982800,307.0,307.5
2026-01-07 10:40:00,7.0,7.0,6.95,7.0,2925,22.041706,982800,307.0,307.5
2026-01-07 10:41:00,7.0,7.0,7.0,7.0,0,21.854104,985725,307.1,307.5
2026-01-07 10:42:00,6.9,7.0,6.9,6.9,8775,21.789449,985725,306.95,307.5
2026-01-07 10:43:00,7.0,7.0,6.9,7.0,11700,22.043146,979875,307.0,307.5
2026-01-07 10:44:00,7.05,7.05,7.0,7.05,5850,22.029071,979875,307.1,307.5
2026-01-07 10:45:00,7.05,7.05,7.05,7.05,0,22.217578,979875,307.0,307.5
2026-01-07 10:46:00,7.05,7.05,7.05,7.05,0,22.311707,979875,306.95,307.5
2026-01-07 10:47:00,7.05,7.05,7.05,7.05,0,22.312191,979875,306.95,307.5
2026-01-07 10:48:00,6.85,7.05,6.85,6.85,8775,21.525057,985725,307.0,307.5
2026-01-07 10:49:00,6.85,6.85,6.85,6.85,0,21.619301,985725,306.95,307.5
2026-01-07 10:50:00,6.85,6.85,6.85,6.85,0,21.526,985725,307.0,307.5
2026-01-07 10:51:00,6.85,6.85,6.85,6.85,0,21.526471,985725,307.0,307.5
2026-01-07 10:52:00,6.85,6.85,6.85,6.85,0,21.338624,985725,307.1,307.5
2026-01-07 10:53:00,6.85,6.85,6.85,6.85,0,21.244543,985725,307.15,307.5
2026-01-07 10:54:00,7.2,7.2,6.85,7.2,2925,22.270891,988650,307.25,307.5
2026-01-07 10:55:00,7.2,7.2,7.2,7.2,0,22.08103,988650,307.35,307.5
2026-01-07 10:56:00,7.1,7.2,7.1,7.1,2925,22.114028,991575,307.15,307.5
2026-01-07 10:57:00,7.1,7.1,7.1,7.1,0,22.302996,991575,307.05,307.5
2026-01-07 10:58:00,7.1,7.1,7.1,7.1,0,22.397356,991575,307.0,307.5
2026-01-07 10:59:00,7.1,7.1,7.1,7.1,0,22.303964,991575,307.05,307.5
2026-01-07 11:00:00,7.1,7.1,7.1,7.1,2925,22.210326,988650,307.1,307.5
2026-01-07 11:01:00,7.15,7.15,7.1,7.1,5850,22.304933,988650,307.05,307.5
2026-01-07 11:02:00,7.1,7.1,7.1,7.1,0,22.211293,988650,307.1,307.5
2026-01-07 11:03:00,7.1,7.1,7.1,7.1,0,22.399784,988650,307.0,307.5
2026-01-07 11:04:00,7.1,7.1,7.1,7.1,0,22.400271,988650,307.0,307.5
2026-01-07 11:05:00,7.15,7.15,7.1,7.15,2925,22.197388,988650,307.2,307.5
2026-01-07 11:06:00,7.15,7.15,7.15,7.15,0,22.292465,988650,307.15,307.5
2026-01-07 11:07:00,7.15,7.15,7.15,7.15,2925,22.292951,988650,307.15,307.5
2026-01-07 11:08:00,7.15,7.15,7.15,7.15,0,22.293435,988650,307.15,307.5
2026-01-07 11:09:00,7.15,7.15,7.15,7.15,0,22.104475,985725,307.25,307.5
2026-01-07 11:10:00,7.15,7.15,7.15,7.15,0,22.199807,985725,307.2,307.5
2026-01-07 11:11:00,7.15,7.15,7.15,7.15,0,22.294889,985725,307.15,307.5
2026-01-07 11:12:00,7.2,7.2,7.15,7.2,5850,21.897799,985725,307.45,307.5
2026-01-07 11:13:00,7.25,7.25,7.2,7.25,11700,21.783144,985725,307.6,307.5
2026-01-07 11:14:00,7.3,7.3,7.25,7.3,23400,21.666332,979875,307.75,307.5
2026-01-07 11:15:00,7.4,7.4,7.3,7.4,14625,21.721703,979875,307.9,307.5
2026-01-07 11:16:00,7.6,7.6,7.4,7.6,17550,21.425039,979875,308.4,307.5
2026-01-07 11:17:00,7.7,7.7,7.6,7.7,26325,21.573476,979875,308.5,307.5
2026-01-07 11:18:00,7.7,7.7,7.7,7.7,5850,21.370428,979875,308.6,307.5
2026-01-07 11:19:00,7.65,7.7,7.65,7.65,11700,21.399157,971100,308.5,307.5
2026-01-07 11:20:00,7.7,7.7,7.65,7.65,23400,21.399635,971100,308.5,307.5
2026-01-07 11:21:00,7.8,7.8,7.65,7.75,23400,21.445172,971100,308.65,307.5
2026-01-07 11:22:00,7.75,7.75,7.75,7.75,32175,21.343156,971100,308.7,307.5
2026-01-07 11:23:00,7.75,7.75,7.75,7.75,0,21.852788,971100,308.45,307.5
2026-01-07 11:24:00,7.75,7.75,7.75,7.75,11700,21.752098,991575,308.5,307.5
2026-01-07 11:25:00,7.75,7.75,7.75,7.75,0,21.954618,991575,308.4,307.5
2026-01-07 11:26:00,6.7,6.7,6.45,6.7,149175,21.929279,6584175,308.9,310.0
2026-01-07 11:27:00,7.75,7.75,7.75,7.75,0,21.242701,979875,308.75,307.5
2026-01-07 11:28:00,6.7,6.75,6.7,6.75,131625,22.192582,6598800,308.85,310.0
2026-01-07 11:29:00,6.8,6.8,6.75,6.8,166725,22.365057,6598800,308.85,310.0
2026-01-07 11:30:00,6.95,6.95,6.8,6.95,655200,22.427737,6598800,309.1,310.0
2026-01-07 11:31:00,7.05,7.05,6.95,7.05,219375,22.589305,6897150,309.2,310.0
2026-01-07 11:32:00,7.1,7.2,7.05,7.2,283725,22.829979,6897150,309.35,310.0
2026-01-07 11:33:00,7.2,7.25,7.2,7.2,134550,22.738013,6897150,309.4,310.0
2026-01-07 11:34:00,7.35,7.35,7.2,7.25,102375,23.095299,6812325,309.3,310.0
2026-01-07 11:35:00,7.25,7.25,7.25,7.25,105300,23.003582,6812325,309.35,310.0
2026-01-07 11:36:00,7.3,7.4,7.25,7.4,219375,23.52044,6812325,309.35,310.0
2026-01-07 11:37:00,7.2,7.4,7.2,7.2,207675,23.473486,6911775,309.0,310.0
2026-01-07 11:38:00,7.2,7.25,7.15,7.25,58500,23.463962,6911775,309.1,310.0
2026-01-07 11:39:00,7.35,7.35,7.25,7.3,128700,23.453637,6911775,309.2,310.0
2026-01-07 11:40:00,7.35,7.35,7.3,7.3,213525,23.728149,6663150,309.05,310.0
2026-01-07 11:41:00,7.25,7.3,7.15,7.15,111150,23.303452,6663150,309.0,310.0
2026-01-07 11:42:00,7.1,7.15,7.1,7.1,73125,23.313187,6663150,308.9,310.0
2026-01-07 11:43:00,7.25,7.3,7.1,7.3,61425,24.092147,6604650,308.85,310.0
2026-01-07 11:44:00,7.35,7.5,7.3,7.5,391950,24.509284,6604650,309.0,310.0
2026-01-07 11:45:00,7.5,7.5,7.45,7.45,90675,24.60928,6604650,308.85,310.0
2026-01-07 11:46:00,7.6,7.6,7.45,7.6,193050,24.398014,6356025,309.25,310.0
2026-01-07 11:47:00,7.7,7.7,7.6,7.65,345150,24.845044,6356025,309.1,310.0
2026-01-07 11:48:00,7.6,7.65,7.6,7.6,318825,24.764585,6356025,309.05,310.0
2026-01-07 11:49:00,7.5,7.6,7.5,7.5,172575,24.602586,6078150,308.95,310.0
2026-01-07 11:50:00,7.45,7.5,7.3,7.3,193050,24.185859,6078150,308.8,310.0
2026-01-07 11:51:00,8.45,8.55,8.45,8.45,32175,23.711916,827775,308.75,307.5
2026-01-07 11:52:00,8.5,8.5,8.45,8.5,5850,23.988968,801450,308.7,307.5
2026-01-07 11:53:00,7.3,7.3,7.25,7.25,49725,23.925205,6045975,308.85,310.0
2026-01-07 11:54:00,8.55,8.6,8.55,8.6,11700,24.441056,801450,308.65,307.5
2026-01-07 11:55:00,8.6,8.6,8.55,8.55,20475,24.467575,798525,308.55,307.5
2026-01-07 11:56:00,8.5,8.55,8.5,8.5,29250,24.493289,798525,308.45,307.5
2026-01-07 11:57:00,8.4,8.5,8.4,8.45,29250,24.118844,798525,308.55,307.5
2026-01-07 11:58:00,8.4,8.45,8.4,8.4,5850,24.044754,798525,308.5,307.5
2026-01-07 11:59:00,8.4,8.4,8.4,8.4,14625,24.045276,783900,308.5,307.5
2026-01-07 12:00:00,8.4,8.4,8.4,8.4,5850,23.743948,783900,308.65,307.5
2026-01-07 12:01:00,8.45,8.45,8.4,8.45,11700,24.120937,775125,308.55,307.5
2026-01-07 12:02:00,8.4,8.45,8.4,8.4,20475,24.046842,775125,308.5,307.5
2026-01-07 12:03:00,8.25,8.4,8.25,8.25,17550,23.822616,775125,308.35,307.5
2026-01-07 12:04:00,8.25,8.25,8.25,8.25,0,24.021793,783900,308.25,307.5
2026-01-07 12:05:00,8.3,8.3,8.25,8.3,8775,23.898718,783900,308.4,307.5
2026-01-07 12:06:00,8.35,8.35,8.3,8.35,11700,23.571883,783900,308.65,307.5
2026-01-07 12:07:00,8.4,8.4,8.35,8.4,23400,23.646372,783900,308.7,307.5
2026-01-07 12:08:00,8.4,8.4,8.4,8.4,0,24.646331,783900,308.2,307.5
2026-01-07 12:09:00,8.25,8.4,8.25,8.25,23400,24.024394,792675,308.25,307.5
2026-01-07 12:10:00,8.25,8.25,8.25,8.25,0,24.614626,792675,307.95,307.5
2026-01-07 12:11:00,8.05,8.25,8.05,8.05,8775,23.918028,778050,307.95,307.5
2026-01-07 12:12:00,8.05,8.05,8.05,8.05,2925,24.016167,778050,307.9,307.5
2026-01-07 12:13:00,8.05,8.05,8.05,8.05,0,23.91906,778050,307.95,307.5
2026-01-07 12:14:00,8.05,8.05,8.05,8.05,0,23.821694,778050,308.0,307.5
2026-01-07 12:15:00,8.0,8.05,8.0,8.0,23400,23.843442,778050,307.9,307.5
2026-01-07 12:16:00,8.0,8.0,8.0,8.0,2925,23.74627,778050,307.95,307.5
2026-01-07 12:17:00,8.0,8.0,8.0,8.0,0,23.844472,778050,307.9,307.5
2026-01-07 12:18:00,8.0,8.0,8.0,8.0,0,23.747299,778050,307.95,307.5
2026-01-07 12:19:00,8.15,8.15,8.0,8.15,2925,24.173036,792675,308.0,307.5
2026-01-07 12:20:00,8.15,8.15,8.15,8.15,0,23.977239,792675,308.1,307.5
2026-01-07 12:21:00,8.25,8.25,8.15,8.25,11700,23.732168,795600,308.4,307.5
2026-01-07 12:22:00,8.25,8.25,8.25,8.25,0,23.832451,795600,308.35,307.5
2026-01-07 12:23:00,8.45,8.45,8.25,8.45,11700,24.132456,795600,308.55,307.5
2026-01-07 12:24:00,8.45,8.45,8.45,8.45,8775,24.433013,795600,308.4,307.5
2026-01-07 12:25:00,8.35,8.45,8.35,8.35,2925,23.883882,795600,308.5,307.5
2026-01-07 12:26:00,8.35,8.35,8.35,8.35,0,23.984572,795600,308.45,307.5
2026-01-07 12:27:00,8.35,8.35,8.35,8.35,0,24.383045,795600,308.25,307.5
2026-01-07 12:28:00,8.25,8.35,8.25,8.25,8775,24.133244,795600,308.2,307.5
2026-01-07 12:29:00,8.3,8.3,8.25,8.3,8775,24.406986,795600,308.15,307.5
2026-01-07 12:30:00,8.3,8.3,8.3,8.3,0,24.407513,795600,308.15,307.5
2026-01-07 12:31:00,8.3,8.3,8.3,8.3,0,24.408039,795600,308.15,307.5
2026-01-07 12:32:00,8.3,8.3,8.3,8.3,0,24.211034,795600,308.25,307.5
2026-01-07 12:33:00,8.25,8.3,8.25,8.25,2925,24.431178,792675,308.05,307.5
2026-01-07 12:34:00,8.25,8.25,8.25,8.25,0,24.235079,792675,308.15,307.5
2026-01-07 12:35:00,8.25,8.25,8.25,8.25,0,23.839186,792675,308.35,307.5
2026-01-07 12:36:00,8.25,8.25,8.25,8.25,0,24.03845,792675,308.25,307.5
2026-01-07 12:37:00,8.25,8.25,8.25,8.25,5850,24.038972,795600,308.25,307.5
2026-01-07 12:38:00,8.25,8.25,8.25,8.25,0,24.629432,798525,307.95,307.5
2026-01-07 12:39:00,8.1,8.25,8.1,8.1,40950,23.812548,798525,308.1,307.5
2026-01-07 12:40:00,8.2,8.2,8.1,8.2,2925,24.456152,798525,307.95,307.5
2026-01-07 12:41:00,8.2,8.2,8.2,8.2,0,24.358932,798525,308.0,307.5
2026-01-07 12:42:00,8.2,8.2,8.2,8.2,0,24.554701,827775,307.9,307.5
2026-01-07 12:43:00,8.05,8.2,8.05,8.05,17550,24.323733,827775,307.75,307.5
2026-01-07 12:44:00,8.05,8.05,8.05,8.05,2925,24.324256,827775,307.75,307.5
2026-01-07 12:45:00,8.0,8.05,8.0,8.0,8775,24.150571,833625,307.75,307.5
2026-01-07 12:46:00,7.95,8.0,7.95,7.95,5850,23.879845,833625,307.8,307.5
2026-01-07 12:47:00,7.95,7.95,7.95,7.95,0,24.170677,833625,307.65,307.5
2026-01-07 12:48:00,7.85,7.95,7.85,7.85,8775,23.62939,833625,307.75,307.5
2026-01-07 12:49:00,7.75,7.85,7.75,7.75,8775,23.378302,833625,307.7,307.5
2026-01-07 12:50:00,7.75,7.75,7.75,7.75,0,23.087085,833625,307.85,307.5
2026-01-07 12:51:00,7.85,7.85,7.75,7.85,20475,23.338755,830700,307.9,307.5
2026-01-07 12:52:00,7.85,7.85,7.85,7.85,0,23.339262,830700,307.9,307.5
2026-01-07 12:53:00,7.85,7.85,7.85,7.85,0,23.241852,830700,307.95,307.5
2026-01-07 12:54:00,7.85,7.85,7.85,7.85,0,23.340279,830700,307.9,307.5
2026-01-07 12:55:00,7.85,7.85,7.85,7.85,0,23.242864,830700,307.95,307.5
2026-01-07 12:56:00,7.85,7.85,7.85,7.85,0,23.341294,830700,307.9,307.5
2026-01-07 12:57:00,7.85,7.85,7.85,7.85,0,23.243878,830700,307.95,307.5
2026-01-07 12:58:00,7.85,7.85,7.85,7.85,0,23.342309,830700,307.9,307.5
2026-01-07 12:59:00,7.85,7.85,7.85,7.85,0,23.537879,830700,307.8,307.5
2026-01-07 13:00:00,7.75,7.85,7.75,7.75,5850,23.577109,830700,307.6,307.5
2026-01-07 13:01:00,7.75,7.75,7.75,7.75,0,23.769847,830700,307.5,307.5
2026-01-07 13:02:00,7.5,7.75,7.5,7.5,43875,23.186855,845325,307.35,307.5
2026-01-07 13:03:00,7.5,7.5,7.5,7.5,0,22.996174,845325,307.45,307.5
2026-01-07 13:04:00,7.5,7.5,7.5,7.5,0,22.804479,845325,307.55,307.5
2026-01-07 13:05:00,7.5,7.5,7.5,7.5,0,22.997174,845325,307.45,307.5
2026-01-07 13:06:00,7.5,7.5,7.5,7.5,0,22.997673,845325,307.45,307.5
2026-01-07 13:07:00,7.5,7.5,7.5,7.5,0,22.998174,845325,307.45,307.5
2026-01-07 13:08:00,7.5,7.5,7.5,7.5,0,22.806469,845325,307.55,307.5
2026-01-07 13:09:00,7.5,7.5,7.5,7.5,0,22.999173,845325,307.45,307.5
2026-01-07 13:10:00,7.5,7.5,7.5,7.5,0,23.190877,845325,307.35,307.5
2026-01-07 13:11:00,7.5,7.5,7.5,7.5,0,23.000174,845325,307.45,307.5
2026-01-07 13:12:00,7.5,7.5,7.5,7.5,0,23.476865,845325,307.2,307.5
2026-01-07 13:13:00,7.5,7.5,7.5,7.5,0,23.192386,845325,307.35,307.5
2026-01-07 13:14:00,7.5,7.5,7.5,7.5,5850,22.905692,848250,307.5,307.5
2026-01-07 13:15:00,7.5,7.5,7.5,7.5,0,22.80995,848250,307.55,307.5
2026-01-07 13:16:00,7.5,7.5,7.5,7.5,0,23.002675,848250,307.45,307.5
2026-01-07 13:17:00,7.45,7.5,7.45,7.45,11700,22.924788,845325,307.4,307.5
2026-01-07 13:18:00,7.45,7.45,7.45,7.45,2925,22.925287,845325,307.4,307.5
2026-01-07 13:19:00,7.35,7.45,7.35,7.35,5850,22.673109,845325,307.35,307.5
2026-01-07 13:20:00,7.3,7.35,7.3,7.3,8775,22.403822,845325,307.4,307.5
2026-01-07 13:21:00,7.35,7.35,7.3,7.35,11700,22.864581,857025,307.25,307.5
2026-01-07 13:22:00,7.35,7.35,7.35,7.35,0,22.386963,857025,307.5,307.5
2026-01-07 13:23:00,7.35,7.35,7.35,7.35,0,22.48359,857025,307.45,307.5
2026-01-07 13:24:00,7.35,7.35,7.35,7.35,0,22.770951,859950,307.3,307.5
2026-01-07 13:25:00,7.3,7.35,7.3,7.3,23400,23.445126,859950,306.85,307.5
2026-01-07 13:26:00,7.1,7.3,7.1,7.1,23400,23.028936,877500,306.7,307.5
2026-01-07 13:27:00,7.1,7.1,7.1,7.1,0,23.029433,877500,306.7,307.5
2026-01-07 13:28:00,7.0,7.1,7.0,7.0,8775,22.867047,877500,306.6,307.5
2026-01-07 13:29:00,7.0,7.0,7.0,7.0,0,22.77529,880425,306.65,307.5
2026-01-07 13:30:00,7.0,7.0,7.0,7.0,11700,22.497665,880425,306.8,307.5
2026-01-07 13:31:00,7.0,7.0,7.0,7.0,0,22.124039,880425,307.0,307.5
2026-01-07 13:32:00,7.0,7.0,7.0,7.0,0,22.218414,880425,306.95,307.5
2026-01-07 13:33:00,7.0,7.0,7.0,7.0,0,22.125007,880425,307.0,307.5
2026-01-07 13:34:00,7.0,7.0,7.0,7.0,0,22.125489,880425,307.0,307.5
2026-01-07 13:35:00,7.05,7.15,7.0,7.15,5850,22.459505,886275,307.1,307.5
2026-01-07 13:36:00,7.15,7.15,7.15,7.15,0,22.270667,886275,307.2,307.5
2026-01-07 13:37:00,7.15,7.15,7.15,7.15,0,22.648832,886275,307.0,307.5
2026-01-07 13:38:00,7.2,7.2,7.15,7.2,5850,22.54048,892125,307.15,307.5
2026-01-07 13:39:00,7.2,7.2,7.2,7.2,2925,22.540972,892125,307.15,307.5
2026-01-07 13:40:00,7.15,7.2,7.15,7.15,2925,22.461953,892125,307.1,307.5
2026-01-07 13:41:00,7.1,7.15,7.1,7.15,8775,22.650801,903825,307.0,307.5
2026-01-07 13:42:00,7.15,7.15,7.15,7.15,0,22.651292,903825,307.0,307.5
2026-01-07 13:43:00,7.15,7.15,7.15,7.15,8775,22.651787,903825,307.0,307.5
2026-01-07 13:44:00,7.15,7.15,7.15,7.15,0,22.369362,903825,307.15,307.5
2026-01-07 13:45:00,7.2,7.2,7.15,7.2,5850,22.449156,906750,307.2,307.5
2026-01-07 13:46:00,7.2,7.2,7.2,7.2,0,22.068051,906750,307.4,307.5
2026-01-07 13:47:00,7.3,7.3,7.2,7.3,2925,22.417061,909675,307.4,307.5
2026-01-07 13:48:00,7.25,7.3,7.25,7.25,11700,22.529751,909675,307.25,307.5
2026-01-07 13:49:00,7.25,7.25,7.25,7.25,0,22.147775,909675,307.45,307.5
2026-01-07 13:50:00,7.25,7.25,7.1,7.1,32175,22.292795,918450,307.1,307.5
2026-01-07 13:51:00,7.15,7.15,7.1,7.15,2925,22.467341,918450,307.1,307.5
2026-01-07 13:52:00,7.0,7.15,7.0,7.0,2925,21.945619,918450,307.1,307.5
2026-01-07 13:53:00,7.1,7.1,7.0,7.1,11700,22.19966,918450,307.15,307.5
2026-01-07 13:54:00,7.05,7.1,7.05,7.05,8775,22.868982,941850,306.7,307.5
2026-01-07 13:55:00,6.9,7.05,6.9,6.9,11700,22.255041,941850,306.75,307.5
2026-01-07 13:56:00,6.95,6.95,6.9,6.95,17550,22.336448,953550,306.8,307.5
2026-01-07 13:57:00,7.0,7.0,6.9,6.9,17550,22.441332,953550,306.65,307.5
2026-01-07 13:58:00,6.85,6.9,6.85,6.85,2925,22.082573,953550,306.75,307.5
2026-01-07 13:59:00,6.85,6.85,6.85,6.85,0,21.896743,953550,306.85,307.5
2026-01-07 14:00:00,7.05,7.05,6.85,7.05,2925,22.312105,959400,307.0,307.5
2026-01-07 14:01:00,7.05,7.05,7.05,7.05,8775,22.312592,959400,307.0,307.5
2026-01-07 14:02:00,6.95,7.05,6.95,6.95,26325,22.058946,968175,306.95,307.5
2026-01-07 14:03:00,6.95,6.95,6.95,6.95,0,21.965467,968175,307.0,307.5
2026-01-07 14:04:00,7.1,7.1,6.95,7.1,35100,22.110142,968175,307.2,307.5
2026-01-07 14:05:00,7.05,7.1,7.05,7.05,17550,22.220391,968175,307.05,307.5
2026-01-07 14:06:00,7.15,7.15,7.05,7.15,2925,22.850584,1023750,306.9,307.5
2026-01-07 14:07:00,7.15,7.15,7.15,7.15,0,22.569519,1023750,307.05,307.5
2026-01-07 14:08:00,6.95,7.15,6.95,6.95,55575,22.249044,1023750,306.85,307.5
2026-01-07 14:09:00,7.0,7.0,6.95,7.0,14625,22.236365,1044225,306.95,307.5
2026-01-07 14:10:00,7.0,7.0,7.0,7.0,5850,22.330548,1044225,306.9,307.5
2026-01-07 14:11:00,6.9,7.0,6.9,6.9,11700,22.448156,1055925,306.65,307.5
2026-01-07 14:12:00,6.85,6.9,6.85,6.85,14625,22.551087,1055925,306.5,307.5
2026-01-07 14:13:00,6.8,6.85,6.8,6.8,14625,22.193636,1055925,306.6,307.5
2026-01-07 14:14:00,6.8,6.8,6.8,6.8,0,22.378167,1055925,306.5,307.5
2026-01-07 14:15:00,6.8,6.8,6.8,6.8,0,22.00963,1055925,306.7,307.5
2026-01-07 14:16:00,6.8,6.8,6.8,6.8,0,21.824191,1055925,306.8,307.5
2026-01-07 14:17:00,7.0,7.05,6.8,7.05,23400,22.414308,1055925,306.95,307.5
2026-01-07 14:18:00,7.05,7.2,7.05,7.2,8775,23.217074,1055925,306.8,307.5
2026-01-07 14:19:00,6.95,7.2,6.95,6.95,8775,22.440657,1055925,306.75,307.5
2026-01-07 14:20:00,6.95,6.95,6.95,6.95,8775,22.533933,1055925,306.7,307.5
2026-01-07 14:21:00,6.85,6.95,6.85,6.85,11700,22.555484,1055925,306.5,307.5
2026-01-07 14:22:00,6.85,6.85,6.85,6.85,5850,22.094142,1055925,306.75,307.5
2026-01-07 14:23:00,6.8,6.85,6.8,6.8,17550,22.106088,1055925,306.65,307.5
2026-01-07 14:24:00,6.85,6.85,6.8,6.8,8775,22.291102,1085175,306.55,307.5
2026-01-07 14:25:00,6.75,6.8,6.75,6.75,14625,22.209581,1085175,306.5,307.5
2026-01-07 14:26:00,6.85,6.85,6.75,6.85,14625,22.557929,1096875,306.5,307.5
2026-01-07 14:27:00,6.85,6.85,6.85,6.85,0,22.558418,1096875,306.5,307.5
2026-01-07 14:28:00,6.85,6.85,6.85,6.85,23400,22.558906,1096875,306.5,307.5
2026-01-07 14:29:00,6.95,6.95,6.85,6.95,2925,22.44554,1102725,306.75,307.5
2026-01-07 14:30:00,7.0,7.0,6.95,7.0,17550,22.34029,1102725,306.9,307.5
2026-01-07 14:31:00,7.0,7.0,7.0,7.0,2925,22.620527,1102725,306.75,307.5
2026-01-07 14:32:00,7.0,7.0,7.0,7.0,0,22.434752,1102725,306.85,307.5
2026-01-07 14:33:00,6.9,7.0,6.9,6.95,20475,22.817346,1088100,306.55,307.5
2026-01-07 14:34:00,6.95,6.95,6.95,6.95,0,22.725714,1088100,306.6,307.5
2026-01-07 14:35:00,6.95,6.95,6.95,6.95,0,22.35543,1088100,306.8,307.5
2026-01-07 14:36:00,7.0,7.0,6.95,7.0,2925,22.529962,1099800,306.8,307.5
2026-01-07 14:37:00,7.0,7.0,7.0,7.0,2925,22.716267,1099800,306.7,307.5
2026-01-07 14:38:00,7.0,7.0,7.0,7.0,0,22.71676,1099800,306.7,307.5
2026-01-07 14:39:00,7.0,7.0,7.0,7.0,0,22.438173,1099800,306.85,307.5
2026-01-07 14:40:00,7.0,7.0,7.0,7.0,0,22.531923,1099800,306.8,307.5
2026-01-07 14:41:00,7.0,7.0,7.0,7.0,0,21.77951,1105650,307.2,307.5
2026-01-07 14:42:00,7.0,7.0,7.0,7.0,0,21.874979,1105650,307.15,307.5
2026-01-07 14:43:00,7.0,7.0,7.0,7.0,0,21.010848,1105650,307.6,307.5
2026-01-07 14:44:00,7.5,7.5,7.0,7.4,46800,22.60174,1105650,307.5,307.5
2026-01-07 14:45:00,7.4,7.4,7.4,7.4,0,22.985495,1105650,307.3,307.5
2026-01-07 14:46:00,7.35,7.4,7.35,7.35,2925,22.620467,1102725,307.4,307.5
2026-01-07 14:47:00,7.35,7.35,7.35,7.35,8775,23.002387,1102725,307.2,307.5
2026-01-07 14:48:00,7.35,7.35,7.35,7.35,0,22.907902,1102725,307.25,307.5
2026-01-07 14:49:00,7.35,7.35,7.35,7.35,0,23.003388,1102725,307.2,307.5
2026-01-07 14:50:00,7.35,7.35,7.35,7.35,0,22.139852,1102725,307.65,307.5
2026-01-07 14:51:00,7.35,7.35,7.35,7.35,0,22.237395,1102725,307.6,307.5
2026-01-07 14:52:00,7.5,7.5,7.35,7.5,5850,22.470222,1105650,307.75,307.5
2026-01-07 14:53:00,7.65,7.65,7.5,7.65,8775,22.897369,1105650,307.8,307.5
2026-01-07 14:54:00,7.7,7.7,7.65,7.7,2925,22.974891,1105650,307.85,307.5
2026-01-07 14:55:00,7.7,7.7,7.7,7.7,5850,22.877395,1105650,307.9,307.5
2026-01-07 14:56:00,7.7,7.7,7.7,7.7,0,22.877896,1105650,307.9,307.5
2026-01-07 14:57:00,7.7,7.7,7.7,7.7,8775,22.780122,1105650,307.95,307.5
2026-01-07 14:58:00,7.7,7.7,7.7,7.7,0,22.682067,1105650,308.0,307.5
2026-01-07 14:59:00,7.75,7.75,7.7,7.75,2925,22.659753,1105650,308.1,307.5
2026-01-07 15:00:00,7.9,7.9,7.75,7.8,26325,22.235416,1117350,308.4,307.5
2026-01-07 15:01:00,7.8,7.8,7.8,7.8,5850,22.736616,1117350,308.15,307.5
2026-01-07 15:02:00,7.8,7.8,7.8,7.8,0,22.537725,1117350,308.25,307.5
2026-01-07 15:03:00,7.65,7.8,7.65,7.65,8775,22.211911,1129050,308.15,307.5
2026-01-07 15:04:00,7.65,7.65,7.65,7.65,0,22.411108,1129050,308.05,307.5
2026-01-07 15:05:00,7.7,7.7,7.65,7.65,14625,22.609157,1131975,307.95,307.5
2026-01-07 15:06:00,7.65,7.65,7.65,7.65,2925,21.711332,1131975,308.4,307.5
2026-01-07 15:07:00,7.8,7.8,7.65,7.8,73125,22.137819,1131975,308.45,307.5
2026-01-07 15:08:00,7.8,7.8,7.8,7.8,0,22.340124,1131975,308.35,307.5
2026-01-07 15:09:00,7.8,7.8,7.8,7.8,2925,22.037428,1088100,308.5,307.5
2026-01-07 15:10:00,7.75,7.8,7.75,7.8,8775,22.541714,1088100,308.25,307.5
2026-01-07 15:11:00,7.8,7.8,7.8,7.8,5850,22.542212,1093950,308.25,307.5
2026-01-07 15:12:00,7.8,7.8,7.8,7.8,11700,22.542712,1093950,308.25,307.5
2026-01-07 15:13:00,7.8,7.8,7.8,7.8,2925,22.443058,1093950,308.3,307.5
2026-01-07 15:14:00,7.8,7.8,7.8,7.8,32175,22.039888,1093950,308.5,307.5
2026-01-07 15:15:00,7.85,7.85,7.8,7.85,17550,22.619511,1064700,308.3,307.5
2026-01-07 15:16:00,7.85,7.85,7.85,7.85,0,23.216145,1064700,308.0,307.5
2026-01-07 15:17:00,7.85,7.85,7.85,7.85,0,23.019071,1064700,308.1,307.5
2026-01-07 15:18:00,7.6,7.85,7.6,7.6,29250,22.043967,1064700,308.15,307.5
2026-01-07 15:19:00,7.65,7.65,7.6,7.65,2925,22.517479,1064700,308.0,307.5
2026-01-07 15:20:00,7.65,7.65,7.65,7.65,0,22.31981,1061775,308.1,307.5
2026-01-07 15:21:00,7.65,7.65,7.65,7.65,0,22.320304,1061775,308.1,307.5
2026-01-07 15:22:00,7.65,7.65,7.65,7.65,0,22.221277,1061775,308.15,307.5
2026-01-07 15:23:00,7.7,7.7,7.65,7.7,29250,22.197314,1061775,308.25,307.5
2026-01-07 15:24:00,7.75,7.75,7.7,7.7,5850,21.996816,1050075,308.35,307.5
2026-01-07 15:25:00,7.8,7.8,7.7,7.8,2925,22.348559,1050075,308.35,307.5
2026-01-07 15:26:00,7.75,7.8,7.75,7.75,26325,22.173444,1050075,308.35,307.5
2026-01-07 15:27:00,7.7,7.75,7.7,7.7,11700,22.199287,1076400,308.25,307.5
2026-01-07 15:28:00,7.7,7.7,7.7,7.7,11700,22.19978,1076400,308.25,307.5
2026-01-07 15:29:00,7.65,7.7,7.65,7.65,2925,21.823579,1076400,308.35,307.5
2026-01-08 09:15:00,7.3,8.0,7.3,7.5,40950,22.631587,1085175,307.95,307.5
2026-01-08 09:16:00,7.45,7.5,7.25,7.25,38025,23.023569,1067625,307.3,307.5
2026-01-08 09:17:00,7.2,7.25,7.2,7.2,17550,22.160962,1067625,307.65,307.5
2026-01-08 09:18:00,7.2,7.2,7.2,7.2,0,22.06244,1067625,307.7,307.5
2026-01-08 09:19:00,7.4,7.4,7.2,7.4,17550,21.873128,1073475,308.15,307.5
2026-01-08 09:20:00,7.6,7.6,7.4,7.6,8775,22.890511,1073475,308.0,307.5
2026-01-08 09:21:00,7.65,7.65,7.6,7.65,8775,22.868183,1073475,308.1,307.5
2026-01-08 09:22:00,7.55,7.65,7.55,7.55,5850,23.898686,1085175,307.4,307.5
2026-01-08 09:23:00,7.15,7.55,7.15,7.15,23400,23.724247,1085175,306.75,307.5
2026-01-08 09:24:00,6.9,7.15,6.9,6.95,17550,23.577659,1085175,306.45,307.5
2026-01-08 09:25:00,6.85,6.95,6.85,6.85,14625,22.84922,1105650,306.65,307.5
2026-01-08 09:26:00,6.95,6.95,6.85,6.95,5850,23.110446,1105650,306.7,307.5
2026-01-08 09:27:00,6.95,6.95,6.95,6.95,5850,22.922064,1105650,306.8,307.5
2026-01-08 09:28:00,6.8,6.95,6.8,6.8,5850,22.954389,1111500,306.5,307.5
2026-01-08 09:29:00,8.2,8.2,8.2,8.2,0,23.728677,2082600,306.25,305.0
2026-01-08 09:30:00,8.2,8.2,8.2,8.2,0,23.833695,2082600,306.2,305.0
2026-01-08 09:31:00,7.95,8.2,7.95,7.95,23400,23.347437,2085525,306.0,305.0
2026-01-08 09:32:00,7.95,7.95,7.95,7.95,0,24.065593,2085525,305.65,305.0
2026-01-08 09:33:00,7.55,7.95,7.55,7.55,52650,22.626469,2085525,305.65,305.0
2026-01-08 09:34:00,7.55,7.55,7.55,7.55,5850,22.52472,2097225,305.7,305.0
2026-01-08 09:35:00,7.55,7.55,7.55,7.55,0,22.319765,2097225,305.8,305.0
2026-01-08 09:36:00,7.65,7.65,7.55,7.65,23400,22.577853,2097225,305.85,305.0
2026-01-08 09:37:00,6.4,6.4,6.4,6.4,0,21.258264,1105650,306.65,307.5
2026-01-08 09:38:00,7.05,7.05,6.4,7.05,11700,22.997654,1105650,306.95,307.5
2026-01-08 09:39:00,7.25,7.25,7.05,7.25,35100,22.547335,1105650,307.55,307.5
2026-01-08 09:40:00,7.55,7.55,7.25,7.55,8775,22.72252,1108575,308.0,307.5
2026-01-08 09:41:00,7.7,7.7,7.55,7.7,17550,22.240816,1108575,308.5,307.5
2026-01-08 09:42:00,7.65,7.7,7.65,7.65,70200,22.473105,1108575,308.3,307.5
2026-01-08 09:43:00,7.75,7.75,7.65,7.65,20475,22.57558,1143675,308.25,307.5
2026-01-08 09:44:00,7.75,7.75,7.65,7.75,8775,23.035065,1143675,308.2,307.5
2026-01-08 09:45:00,7.6,7.75,7.6,7.6,5850,22.80298,1143675,308.05,307.5
2026-01-08 09:46:00,7.5,7.6,7.5,7.5,11700,22.647583,1167075,307.95,307.5
2026-01-08 09:47:00,7.5,7.5,7.5,7.5,0,21.526715,1167075,308.5,307.5
2026-01-08 09:48:00,7.5,7.5,7.5,7.5,0,21.630773,1167075,308.45,307.5
2026-01-08 09:49:00,7.8,7.8,7.5,7.8,29250,22.083681,1161225,308.75,307.5
2026-01-08 09:50:00,7.75,7.8,7.65,7.65,32175,22.88329,1161225,308.1,307.5
2026-01-08 09:51:00,7.65,7.65,7.65,7.65,5850,22.984585,1161225,308.05,307.5
2026-01-08 09:52:00,7.65,7.65,7.65,7.65,0,23.185796,1161225,307.95,307.5
2026-01-08 09:53:00,7.5,7.65,7.5,7.5,5850,22.550785,1172925,308.0,307.5
2026-01-08 09:54:00,7.5,7.5,7.5,7.5,0,22.146658,1172925,308.2,307.5
2026-01-08 09:55:00,7.5,7.5,7.5,7.5,0,22.350098,1172925,308.1,307.5
2026-01-08 09:56:00,7.5,7.5,7.5,7.5,0,22.451619,1172925,308.05,307.5
2026-01-08 09:57:00,7.5,7.5,7.5,7.5,0,22.351123,1172925,308.1,307.5
2026-01-08 09:58:00,7.5,7.5,7.5,7.5,0,21.841932,1172925,308.35,307.5
2026-01-08 09:59:00,7.5,7.5,7.5,7.5,0,22.553876,1178775,308.0,307.5
2026-01-08 10:00:00,7.5,7.5,7.5,7.5,0,21.6368,1178775,308.45,307.5
2026-01-08 10:01:00,7.5,7.5,7.5,7.5,0,21.533725,1178775,308.5,307.5
2026-01-08 10:02:00,7.5,7.5,7.5,7.5,0,21.843953,1178775,308.35,307.5
2026-01-08 10:03:00,7.5,7.5,7.5,7.5,0,21.534727,1178775,308.5,307.5
2026-01-08 10:04:00,7.9,7.9,7.5,7.9,26325,22.555104,1181700,308.7,307.5
2026-01-08 10:05:00,7.9,7.9,7.9,7.9,0,22.7634,1181700,308.6,307.5
2026-01-08 10:06:00,7.9,7.9,7.9,7.9,0,23.17567,1181700,308.4,307.5
2026-01-08 10:07:00,7.95,7.95,7.9,7.95,5850,22.943747,1181700,308.6,307.5
2026-01-08 10:08:00,7.95,7.95,7.95,7.95,0,23.457743,1181700,308.35,307.5
2026-01-08 10:09:00,7.65,7.95,7.65,7.65,5850,22.487028,1181700,308.3,307.5
2026-01-08 10:10:00,7.65,7.65,7.65,7.65,0,22.385234,1190475,308.35,307.5
2026-01-08 10:11:00,7.65,7.65,7.65,7.65,0,22.48806,1190475,308.3,307.5
2026-01-08 10:12:00,7.65,7.65,7.65,7.65,0,22.488576,1190475,308.3,307.5
2026-01-08 10:13:00,7.65,7.65,7.65,7.65,0,22.692794,1190475,308.2,307.5
2026-01-08 10:14:00,7.6,7.65,7.6,7.6,14625,22.002457,1181700,308.45,307.5
2026-01-08 10:15:00,7.6,7.6,7.6,7.6,0,21.691808,1181700,308.6,307.5
2026-01-08 10:16:00,6.55,6.55,6.55,6.55,99450,22.257853,6145425,308.8,310.0
2026-01-08 10:17:00,7.8,7.8,7.6,7.8,8775,22.202647,1178775,308.7,307.5
2026-01-08 10:18:00,7.8,7.8,7.8,7.8,0,22.618337,1178775,308.5,307.5
2026-01-08 10:19:00,7.7,7.8,7.7,7.7,23400,22.976011,1190475,308.15,307.5
2026-01-08 10:20:00,7.4,7.7,7.4,7.4,8775,23.298468,1190475,307.45,307.5
2026-01-08 10:21:00,7.1,7.4,7.1,7.1,5850,22.91026,1190475,307.1,307.5
2026-01-08 10:22:00,7.1,7.1,7.1,7.1,0,23.293385,1190475,306.9,307.5
2026-01-08 10:23:00,6.95,7.1,6.95,6.95,8775,22.184974,1184625,307.2,307.5
2026-01-08 10:24:00,6.95,6.95,6.95,6.95,0,22.474588,1184625,307.05,307.5
2026-01-08 10:25:00,6.9,6.95,6.9,6.9,2925,22.774304,1181700,306.8,307.5
2026-01-08 10:26:00,6.9,6.9,6.9,6.9,0,22.584764,1181700,306.9,307.5
2026-01-08 10:27:00,7.0,7.0,6.9,7.0,5850,23.225249,1181700,306.75,307.5
2026-01-08 10:28:00,7.0,7.0,7.0,7.0,5850,22.073996,1181700,307.35,307.5
2026-01-08 10:29:00,7.45,7.45,7.0,7.45,2925,23.088482,1181700,307.65,307.5
2026-01-08 10:30:00,7.4,7.45,7.4,7.4,2925,23.107802,1181700,307.55,307.5
2026-01-08 10:31:00,7.3,7.4,7.3,7.3,14625,22.752123,1178775,307.55,307.5
2026-01-08 10:32:00,7.3,7.3,7.3,7.3,0,22.654181,1178775,307.6,307.5
2026-01-08 10:33:00,7.15,7.3,7.15,7.15,5850,22.804753,1178775,307.25,307.5
2026-01-08 10:34:00,7.15,7.15,7.15,7.15,0,22.708259,1178775,307.3,307.5
2026-01-08 10:35:00,7.15,7.15,7.15,7.15,2925,22.999042,1172925,307.15,307.5
2026-01-08 10:36:00,7.15,7.15,7.15,7.15,5850,23.095814,1172925,307.1,307.5
2026-01-08 10:37:00,7.15,7.15,7.15,7.15,0,23.192343,1172925,307.05,307.5
2026-01-08 10:38:00,7.15,7.15,7.15,7.15,0,23.479449,1172925,306.9,307.5
2026-01-08 10:39:00,7.15,7.15,7.15,7.15,0,23.479976,1172925,306.9,307.5
2026-01-08 10:40:00,7.15,7.15,7.15,7.15,0,23.480501,1172925,306.9,307.5
2026-01-08 10:41:00,7.15,7.15,7.15,7.15,0,23.576089,1172925,306.85,307.5
2026-01-08 10:42:00,6.9,7.15,6.9,6.9,17550,22.972168,1172925,306.7,307.5
2026-01-08 10:43:00,6.85,6.9,6.85,6.85,5850,22.795021,1181700,306.7,307.5
2026-01-08 10:44:00,6.85,6.85,6.85,6.85,0,22.701061,1181700,306.75,307.5
2026-01-08 10:45:00,6.85,6.85,6.85,6.85,0,22.890285,1181700,306.65,307.5
2026-01-08 10:46:00,6.85,6.85,6.85,6.85,0,23.078589,1181700,306.55,307.5
2026-01-08 10:47:00,6.85,6.85,6.85,6.85,0,23.359108,1184625,306.4,307.5
2026-01-08 10:48:00,6.95,6.95,6.85,6.95,20475,23.434907,1184625,306.55,307.5
2026-01-08 10:49:00,6.8,6.95,6.8,6.8,2925,22.996059,1181700,306.5,307.5
2026-01-08 10:50:00,6.8,6.8,6.8,6.8,8775,23.183039,1181700,306.4,307.5
2026-01-08 10:51:00,6.85,6.85,6.8,6.85,2925,23.174736,1181700,306.5,307.5
2026-01-08 10:52:00,6.85,6.85,6.85,6.85,0,23.361714,1181700,306.4,307.5
2026-01-08 10:53:00,6.85,6.85,6.85,6.85,0,23.362236,1181700,306.4,307.5
2026-01-08 10:54:00,8.0,8.0,8.0,8.0,0,23.050406,2070900,306.25,305.0
2026-01-08 10:55:00,7.9,8.0,7.9,7.9,5850,23.107532,2070900,306.05,305.0
2026-01-08 10:56:00,7.8,7.9,7.8,7.8,5850,23.160996,2076750,305.85,305.0
2026-01-08 10:57:00,7.85,7.85,7.8,7.85,5850,23.547319,2076750,305.75,305.0
2026-01-08 10:58:00,7.95,7.95,7.85,7.95,26325,23.185758,2065050,306.1,305.0
2026-01-08 10:59:00,7.8,7.95,7.8,7.8,20475,22.643473,2065050,306.1,305.0
2026-01-08 11:00:00,7.7,7.8,7.7,7.7,11700,22.905067,2065050,305.8,305.0
2026-01-08 11:01:00,7.7,7.7,7.7,7.7,0,23.314799,2065050,305.6,305.0
2026-01-08 11:02:00,7.4,7.7,7.4,7.4,20475,22.941654,2065050,305.25,305.0
2026-01-08 11:03:00,7.2,7.4,7.2,7.2,29250,22.322855,2065050,305.2,305.0
2026-01-08 11:04:00,7.4,7.45,7.2,7.45,87750,23.022345,2065050,305.3,305.0
2026-01-08 11:05:00,7.35,7.45,7.35,7.35,5850,23.161824,2088450,305.05,305.0
2026-01-08 11:06:00,7.25,7.35,7.25,7.25,58500,22.703704,2088450,305.1,305.0
2026-01-08 11:07:00,7.4,7.4,7.25,7.4,17550,23.540042,2088450,304.95,305.0
2026-01-08 11:08:00,7.25,7.4,7.25,7.25,8775,23.100356,2129400,304.9,305.0
2026-01-08 11:09:00,7.25,7.25,7.25,7.25,0,23.2971,2129400,304.8,305.0
2026-01-08 11:10:00,7.25,7.25,7.25,7.25,0,23.297626,2129400,304.8,305.0
2026-01-08 11:11:00,7.25,7.25,7.25,7.25,0,23.590579,2144025,304.65,305.0
2026-01-08 11:12:00,7.1,7.25,7.1,7.1,35100,23.150028,2144025,304.6,305.0
2026-01-08 11:13:00,7.0,7.1,7.0,7.0,26325,23.177845,2179125,304.4,305.0
2026-01-08 11:14:00,6.9,7.0,6.9,6.9,17550,22.627172,2179125,304.5,305.0
2026-01-08 11:15:00,7.05,7.05,6.9,7.05,29250,23.165681,2179125,304.5,305.0
2026-01-08 11:16:00,7.1,7.1,7.05,7.1,14625,23.537966,2199600,304.4,305.0
2026-01-08 11:17:00,6.8,7.1,6.8,6.8,70200,23.31805,2199600,303.95,305.0
2026-01-08 11:18:00,7.8,8.0,7.8,7.8,17550,23.286947,634725,303.4,302.5
2026-01-08 11:19:00,7.8,7.8,7.8,7.8,5850,22.973576,634725,303.55,302.5
2026-01-08 11:20:00,7.8,7.8,7.8,7.8,0,23.288011,696150,303.4,302.5
2026-01-08 11:21:00,7.65,7.8,7.65,7.65,8775,23.260243,696150,303.15,302.5
2026-01-08 11:22:00,7.45,7.65,7.45,7.45,2925,22.222239,696150,303.3,302.5
2026-01-08 11:23:00,7.5,7.5,7.45,7.5,14625,22.612453,702000,303.2,302.5
2026-01-08 11:24:00,7.5,7.5,7.5,7.5,0,22.921907,702000,303.05,302.5
2026-01-08 11:25:00,7.4,7.5,7.4,7.4,43875,22.865555,722475,302.9,302.5
2026-01-08 11:26:00,7.35,7.4,7.35,7.35,32175,22.887586,722475,302.8,302.5
2026-01-08 11:27:00,7.35,7.35,7.35,7.35,0,22.171959,722475,303.15,302.5
2026-01-08 11:28:00,7.65,7.65,7.35,7.65,2925,22.953894,722475,303.3,302.5
2026-01-08 11:29:00,7.65,7.65,7.65,7.65,0,22.954419,722475,303.3,302.5
2026-01-08 11:30:00,7.65,7.65,7.65,7.65,0,22.746676,722475,303.4,302.5
2026-01-08 11:31:00,7.65,7.65,7.65,7.65,0,22.747198,722475,303.4,302.5
2026-01-08 11:32:00,6.55,6.55,6.5,6.55,5850,22.710821,2296125,303.8,305.0
2026-01-08 11:33:00,6.9,6.9,6.55,6.8,32175,23.043339,2296125,304.1,305.0
2026-01-08 11:34:00,6.9,6.9,6.8,6.85,64350,23.317681,2310750,304.05,305.0
2026-01-08 11:35:00,6.95,6.95,6.85,6.95,17550,23.009971,2310750,304.4,305.0
2026-01-08 11:36:00,7.1,7.2,6.95,7.2,99450,23.033677,2310750,304.85,305.0
2026-01-08 11:37:00,7.15,7.2,7.15,7.15,5850,22.657588,2334150,304.95,305.0
2026-01-08 11:38:00,7.2,7.2,7.15,7.2,23400,23.132781,2334150,304.8,305.0
2026-01-08 11:39:00,7.2,7.2,7.2,7.2,17550,22.739464,2334150,305.0,305.0
2026-01-08 11:40:00,7.2,7.2,7.2,7.2,49725,23.231634,2331225,304.75,305.0
2026-01-08 11:41:00,7.15,7.2,7.15,7.2,29250,23.524065,2331225,304.6,305.0
2026-01-08 11:42:00,7.0,7.2,7.0,7.0,43875,23.192969,2331225,304.4,305.0
2026-01-08 11:43:00,7.05,7.05,7.0,7.05,17550,23.468779,2331225,304.35,305.0
2026-01-08 11:44:00,7.05,7.05,7.05,7.05,0,23.27722,2331225,304.45,305.0
2026-01-08 11:45:00,6.95,7.05,6.95,6.95,8775,23.111124,2354625,304.35,305.0
2026-01-08 11:46:00,6.95,6.95,6.9,6.9,26325,23.313842,2357550,304.15,305.0
2026-01-08 11:47:00,6.95,6.95,6.9,6.95,8775,24.152607,2357550,303.8,305.0
2026-01-08 11:48:00,6.95,6.95,6.95,6.95,0,23.872045,2357550,303.95,305.0
2026-01-08 11:49:00,6.9,6.95,6.9,6.9,17550,23.504804,2357550,304.05,305.0
2026-01-08 11:50:00,7.95,8.05,7.95,7.95,20475,23.11527,745875,303.75,302.5
2026-01-08 11:51:00,6.75,6.75,6.75,6.75,2925,23.344145,2366325,303.85,305.0
2026-01-08 11:52:00,6.75,6.75,6.75,6.75,17550,23.344666,2366325,303.85,305.0
2026-01-08 11:53:00,6.75,6.75,6.75,6.75,8775,23.345189,2363400,303.85,305.0
2026-01-08 11:54:00,7.95,8.05,7.95,8.05,26325,23.482965,745875,303.75,302.5
2026-01-08 11:55:00,8.05,8.05,8.05,8.05,0,24.113529,745875,303.45,302.5
2026-01-08 11:56:00,8.05,8.05,8.05,8.05,0,23.800463,745875,303.6,302.5
2026-01-08 11:57:00,7.75,8.05,7.75,7.75,2925,23.436952,760500,303.25,302.5
2026-01-08 11:58:00,7.75,7.75,7.75,7.75,0,23.950721,760500,303.0,302.5
2026-01-08 11:59:00,7.55,7.75,7.55,7.55,17550,23.731853,760500,302.75,302.5
2026-01-08 12:00:00,7.55,7.55,7.55,7.55,0,23.530263,760500,302.85,302.5
2026-01-08 12:01:00,7.4,7.55,7.4,7.45,14625,23.871107,760500,302.5,302.5
2026-01-08 12:02:00,7.45,7.45,7.45,7.45,0,23.871646,760500,302.5,302.5
2026-01-08 12:03:00,6.95,7.45,6.95,6.95,8775,23.143173,780975,301.95,302.5
2026-01-08 12:04:00,7.1,7.1,6.95,7.1,46800,23.686487,819000,301.95,302.5
2026-01-08 12:05:00,7.1,7.1,7.1,7.1,0,23.589861,819000,302.0,302.5
2026-01-08 12:06:00,7.2,7.2,7.1,7.2,20475,23.166489,819000,302.4,302.5
2026-01-08 12:07:00,7.4,7.4,7.2,7.4,8775,23.090565,827775,302.8,302.5
2026-01-08 12:08:00,7.4,7.4,7.4,7.4,0,21.958993,827775,303.35,302.5
2026-01-08 12:09:00,7.4,7.4,7.4,7.4,0,21.959503,827775,303.35,302.5
2026-01-08 12:10:00,7.4,7.4,7.4,7.4,0,21.325664,827775,303.65,302.5
2026-01-08 12:11:00,6.8,6.8,6.75,6.8,17550,23.627446,2392650,303.8,305.0
2026-01-08 12:12:00,7.9,7.9,7.4,7.9,84825,23.471482,824850,303.5,302.5
2026-01-08 12:13:00,7.9,7.9,7.9,7.9,0,22.944587,824850,303.75,302.5
2026-01-08 12:14:00,7.9,7.9,7.9,7.9,0,23.05126,868725,303.7,302.5
2026-01-08 12:15:00,6.9,6.95,6.9,6.9,49725,23.707049,2389725,303.95,305.0
2026-01-08 12:16:00,6.95,6.95,6.9,6.95,17550,23.50893,2389725,304.15,305.0
2026-01-08 12:17:00,6.9,7.0,6.9,7.0,26325,24.16079,2380950,303.9,305.0
2026-01-08 12:18:00,8.05,8.05,8.0,8.0,23400,23.313037,865800,303.75,302.5
2026-01-08 12:19:00,8.0,8.0,8.0,8.0,0,23.630405,865800,303.6,302.5
2026-01-08 12:20:00,7.7,8.0,7.7,7.7,20475,23.163477,889200,303.3,302.5
2026-01-08 12:21:00,7.7,7.7,7.7,7.7,0,22.955768,889200,303.4,302.5
2026-01-08 12:22:00,7.7,7.7,7.7,7.7,0,23.37154,889200,303.2,302.5
2026-01-08 12:23:00,7.65,7.7,7.65,7.65,2925,23.293133,877500,303.15,302.5
2026-01-08 12:24:00,7.65,7.65,7.65,7.65,0,25.004279,877500,302.3,302.5
2026-01-08 12:25:00,7.25,7.65,7.25,7.25,14625,22.958618,877500,302.6,302.5
2026-01-08 12:26:00,7.25,7.25,7.25,7.25,0,22.757925,877500,302.7,302.5
2026-01-08 12:27:00,7.25,7.25,7.25,7.25,0,22.657407,877500,302.75,302.5
2026-01-08 12:28:00,7.25,7.25,7.25,7.25,0,22.657925,877500,302.75,302.5
2026-01-08 12:29:00,7.65,7.65,7.25,7.65,5850,23.603954,880425,303.0,302.5
2026-01-08 12:30:00,7.65,7.65,7.65,7.65,0,24.212118,880425,302.7,302.5
2026-01-08 12:31:00,7.65,7.65,7.65,7.65,0,25.008175,880425,302.3,302.5
2026-01-08 12:32:00,7.25,7.65,7.25,7.25,11700,23.952289,880425,302.1,302.5
2026-01-08 12:33:00,7.35,7.35,7.25,7.35,2925,24.02085,880425,302.25,302.5
2026-01-08 12:34:00,7.35,7.35,7.35,7.35,0,23.922856,880425,302.3,302.5
2026-01-08 12:35:00,7.35,7.35,7.35,7.35,0,23.824608,880425,302.35,302.5
2026-01-08 12:36:00,7.35,7.35,7.35,7.35,0,24.120754,880425,302.2,302.5
2026-01-08 12:37:00,7.2,7.35,7.2,7.2,2925,24.356145,886275,301.8,302.5
2026-01-08 12:38:00,7.2,7.2,7.2,7.2,0,23.774418,886275,302.1,302.5
2026-01-08 12:39:00,7.2,7.2,7.2,7.2,0,24.067156,886275,301.95,302.5
2026-01-08 12:40:00,7.1,7.2,7.1,7.1,11700,23.705627,889200,301.95,302.5
2026-01-08 12:41:00,7.0,7.1,7.0,7.0,2925,23.344068,900900,301.95,302.5
2026-01-08 12:42:00,7.0,7.0,7.0,7.0,0,23.63491,900900,301.8,302.5
2026-01-08 12:43:00,7.05,7.05,7.0,7.05,11700,23.719919,900900,301.85,302.5
2026-01-08 12:44:00,7.05,7.05,7.05,7.05,0,23.526702,900900,301.95,302.5
2026-01-08 12:45:00,7.05,7.05,7.05,7.05,2925,23.817501,906750,301.8,302.5
2026-01-08 12:46:00,7.05,7.05,7.05,7.05,0,23.721515,906750,301.85,302.5
2026-01-08 12:47:00,7.0,7.05,7.0,7.0,8775,23.925773,909675,301.65,302.5
2026-01-08 12:48:00,6.8,7.0,6.8,6.8,2925,23.678382,909675,301.4,302.5
2026-01-08 12:49:00,6.9,6.9,6.8,6.9,49725,23.75593,909675,301.55,302.5
2026-01-08 12:50:00,8.1,8.1,8.1,8.1,0,23.920806,2369250,301.25,300.0
2026-01-08 12:51:00,8.0,8.1,7.95,7.95,20475,23.899294,2386800,301.0,300.0
2026-01-08 12:52:00,7.9,7.95,7.9,7.9,2925,23.610124,2386800,301.05,300.0
2026-01-08 12:53:00,8.0,8.0,7.9,8.0,20475,23.553611,2401425,301.25,300.0
2026-01-08 12:54:00,6.75,6.75,6.75,6.75,0,23.120214,971100,301.6,302.5
2026-01-08 12:55:00,6.95,6.95,6.75,6.75,20475,23.59565,982800,301.35,302.5
2026-01-08 12:56:00,6.75,6.75,6.75,6.75,0,23.690488,982800,301.3,302.5
2026-01-08 12:57:00,6.8,6.8,6.75,6.8,2925,23.777677,994500,301.35,302.5
2026-01-08 12:58:00,6.8,6.8,6.8,6.8,0,23.493938,994500,301.5,302.5
2026-01-08 12:59:00,6.8,6.8,6.8,6.8,0,23.684202,994500,301.4,302.5
2026-01-08 13:00:00,6.8,6.8,6.8,6.8,5850,23.779268,994500,301.35,302.5
2026-01-08 13:01:00,8.05,8.05,8.05,8.05,0,23.742395,2421900,301.25,300.0
2026-01-08 13:02:00,6.75,6.8,6.75,6.75,5850,23.693662,1000350,301.3,302.5
2026-01-08 13:03:00,6.75,6.75,6.75,6.75,0,22.547135,1000350,301.9,302.5
2026-01-08 13:04:00,6.75,6.75,6.75,6.75,0,22.157418,1000350,302.1,302.5
2026-01-08 13:05:00,7.2,7.2,6.75,7.2,5850,23.88653,1006200,302.05,302.5
2026-01-08 13:06:00,7.2,7.2,7.2,7.2,0,23.691455,1006200,302.15,302.5
2026-01-08 13:07:00,7.2,7.2,7.2,7.2,0,23.789918,1006200,302.1,302.5
2026-01-08 13:08:00,7.2,7.2,7.2,7.2,0,23.985581,1006200,302.0,302.5
2026-01-08 13:09:00,7.2,7.2,7.2,7.2,0,23.693055,1000350,302.15,302.5
2026-01-08 13:10:00,7.2,7.2,7.2,7.2,14625,23.595406,1000350,302.2,302.5
2026-01-08 13:11:00,7.2,7.2,7.2,7.2,0,23.889748,997425,302.05,302.5
2026-01-08 13:12:00,7.2,7.2,7.2,7.2,0,24.08494,997425,301.95,302.5
2026-01-08 13:13:00,7.1,7.2,7.1,7.1,5850,23.430697,997425,302.1,302.5
2026-01-08 13:14:00,7.2,7.2,7.1,7.2,8775,23.597534,994500,302.2,302.5
2026-01-08 13:15:00,7.2,7.2,7.2,7.2,0,23.499622,994500,302.25,302.5
2026-01-08 13:16:00,7.0,7.2,7.0,7.0,8775,23.652949,994500,301.8,302.5
2026-01-08 13:17:00,7.0,7.0,7.0,7.0,0,23.941822,994500,301.65,302.5
2026-01-08 13:18:00,7.0,7.0,7.0,7.0,0,23.942358,994500,301.65,302.5
2026-01-08 13:19:00,7.0,7.0,7.0,7.0,0,23.750892,994500,301.75,302.5
2026-01-08 13:20:00,7.0,7.0,7.0,7.0,0,23.655073,994500,301.8,302.5
2026-01-08 13:21:00,7.0,7.0,7.0,7.0,0,23.943963,994500,301.65,302.5
2026-01-08 13:22:00,7.0,7.0,7.0,7.0,0,24.325814,994500,301.45,302.5
2026-01-08 13:23:00,7.0,7.0,7.0,7.0,0,24.326355,994500,301.45,302.5
2026-01-08 13:24:00,6.95,7.0,6.95,6.95,5850,24.145835,997425,301.45,302.5
2026-01-08 13:25:00,6.95,6.95,6.95,6.95,0,24.430092,997425,301.3,302.5
2026-01-08 13:26:00,8.1,8.1,8.0,8.1,5850,24.153438,2442375,301.15,300.0
2026-01-08 13:27:00,7.75,8.1,7.75,7.75,20475,22.756002,2442375,301.2,300.0
2026-01-08 13:28:00,7.85,7.85,7.75,7.85,32175,23.656695,2442375,300.95,300.0
2026-01-08 13:29:00,7.8,7.85,7.8,7.8,2925,24.10039,2445300,300.65,300.0
2026-01-08 13:30:00,7.8,7.8,7.8,7.8,0,24.204439,2445300,300.6,300.0
2026-01-08 13:31:00,7.65,7.8,7.65,7.65,29250,24.066156,2445300,300.4,300.0
2026-01-08 13:32:00,7.7,7.7,7.65,7.7,14625,23.21191,2471625,300.9,300.0
2026-01-08 13:33:00,7.8,7.8,7.7,7.8,11700,23.685601,2471625,300.85,300.0
2026-01-08 13:34:00,7.8,7.8,7.8,7.8,0,23.686141,2471625,300.85,300.0
2026-01-08 13:35:00,7.7,7.8,7.7,7.7,38025,23.839981,2474550,300.6,300.0
2026-01-08 13:36:00,7.7,7.7,7.7,7.7,0,23.736866,2474550,300.65,300.0
2026-01-08 13:37:00,7.65,7.7,7.65,7.65,11700,23.553691,2474550,300.65,300.0
2026-01-08 13:38:00,7.65,7.65,7.65,7.65,0,23.345856,2474550,300.75,300.0
2026-01-08 13:39:00,7.7,7.7,7.65,7.7,8775,23.425705,2489175,300.8,300.0
2026-01-08 13:40:00,7.7,7.7,7.7,7.7,0,23.739028,2489175,300.65,300.0
2026-01-08 13:41:00,7.7,7.7,7.7,7.7,0,23.946601,2492100,300.55,300.0
2026-01-08 13:42:00,7.7,7.7,7.7,7.7,0,24.050225,2492100,300.5,300.0
2026-01-08 13:43:00,7.7,7.7,7.65,7.65,29250,23.138898,2492100,300.85,300.0
2026-01-08 13:44:00,7.8,7.8,7.65,7.8,5850,23.375542,2497950,301.0,300.0
2026-01-08 13:45:00,6.7,6.7,6.6,6.7,2925,23.535303,1038375,301.3,302.5
2026-01-08 13:46:00,6.8,6.8,6.7,6.8,2925,23.328453,1038375,301.6,302.5
2026-01-08 13:47:00,6.9,6.9,6.8,6.9,2925,23.49962,1038375,301.7,302.5
2026-01-08 13:48:00,6.95,6.95,6.9,6.95,2925,23.777266,1038375,301.65,302.5
2026-01-08 13:49:00,6.9,6.95,6.9,6.9,11700,23.883109,1038375,301.5,302.5
2026-01-08 13:50:00,6.9,6.9,6.9,6.9,0,24.168123,1038375,301.35,302.5
2026-01-08 13:51:00,6.9,6.9,6.9,6.9,0,23.884179,1038375,301.5,302.5
2026-01-08 13:52:00,8.1,8.1,8.1,8.1,5850,24.167752,2530125,301.15,300.0
2026-01-08 13:53:00,6.9,6.9,6.9,6.9,0,23.980296,1044225,301.45,302.5
2026-01-08 13:54:00,6.9,6.9,6.9,6.9,0,24.264675,1044225,301.3,302.5
2026-01-08 13:55:00,6.9,6.9,6.9,6.9,0,24.0762,1044225,301.4,302.5
2026-01-08 13:56:00,6.8,6.9,6.8,6.8,2925,23.619572,1047150,301.45,302.5
2026-01-08 13:57:00,6.8,6.8,6.8,6.8,0,23.429747,1047150,301.55,302.5
2026-01-08 13:58:00,8.0,8.1,8.0,8.0,14625,23.802222,2533050,301.15,300.0
2026-01-08 13:59:00,7.8,8.0,7.8,7.8,8775,23.699662,2533050,300.85,300.0
2026-01-08 14:00:00,7.8,7.8,7.8,7.8,2925,23.909372,2533050,300.75,300.0
2026-01-08 14:01:00,7.7,7.8,7.7,7.7,26325,23.750381,2533050,300.65,300.0
2026-01-08 14:02:00,7.7,7.7,7.7,7.7,5850,23.854617,2533050,300.6,300.0
2026-01-08 14:03:00,7.6,7.7,7.5,7.5,40950,23.941467,2533050,300.2,300.0
2026-01-08 14:04:00,7.4,7.5,7.4,7.4,2925,23.371541,2533050,300.3,300.0
2026-01-08 14:05:00,7.5,7.5,7.4,7.5,17550,23.738926,2576925,300.3,300.0
2026-01-08 14:06:00,7.5,7.5,7.5,7.5,2925,23.943092,2576925,300.2,300.0
2026-01-08 14:07:00,7.5,7.5,7.5,7.5,0,23.637768,2576925,300.35,300.0
2026-01-08 14:08:00,7.5,7.5,7.5,7.5,0,24.34819,2576925,300.0,300.0
2026-01-08 14:09:00,7.5,7.5,7.5,7.5,0,24.147261,2576925,300.1,300.0
2026-01-08 14:10:00,7.5,7.5,7.5,7.5,0,23.94526,2582775,300.2,300.0
2026-01-08 14:11:00,7.3,7.5,7.3,7.3,23400,23.617243,2588625,300.0,300.0
2026-01-08 14:12:00,7.3,7.3,7.3,7.3,0,23.31457,2588625,300.15,300.0
2026-01-08 14:13:00,7.3,7.3,7.3,7.3,14625,23.416447,2588625,300.1,300.0
2026-01-08 14:14:00,7.35,7.35,7.3,7.35,5850,23.09095,2585700,300.35,300.0
2026-01-08 14:15:00,7.45,7.5,7.35,7.5,8775,23.436715,2585700,300.45,300.0
2026-01-08 14:16:00,7.6,7.6,7.5,7.6,8775,23.598223,2585700,300.55,300.0
2026-01-08 14:17:00,7.5,7.6,7.5,7.5,11700,23.643144,2585700,300.35,300.0
2026-01-08 14:18:00,7.5,7.5,7.5,7.5,0,23.745932,2585700,300.3,300.0
2026-01-08 14:19:00,7.5,7.5,7.5,7.5,0,23.848443,2574000,300.25,300.0
2026-01-08 14:20:00,7.3,7.5,7.3,7.3,5850,23.217178,2574000,300.2,300.0
2026-01-08 14:21:00,7.3,7.3,7.3,7.3,8775,23.521787,2579850,300.05,300.0
2026-01-08 14:22:00,7.3,7.3,7.3,7.3,0,23.014092,2579850,300.3,300.0
2026-01-08 14:23:00,7.3,7.3,7.3,7.3,0,23.522855,2582775,300.05,300.0
2026-01-08 14:24:00,7.15,7.3,7.15,7.15,55575,23.674554,2582775,299.7,300.0
2026-01-08 14:25:00,7.25,7.25,7.15,7.25,5850,24.041091,2582775,299.7,300.0
2026-01-08 14:26:00,7.1,7.25,7.0,7.0,46800,24.203903,2629575,299.15,300.0
2026-01-08 14:27:00,7.0,7.0,7.0,7.0,11700,23.913529,2629575,299.3,300.0
2026-01-08 14:28:00,6.95,7.0,6.95,6.95,35100,23.731226,2629575,299.3,300.0
2026-01-08 14:29:00,6.9,6.95,6.9,6.9,11700,24.128827,2629575,299.0,300.0
2026-01-08 14:30:00,6.85,6.9,6.85,6.85,43875,23.754184,2638350,299.1,300.0
2026-01-08 14:31:00,6.85,6.85,6.85,6.85,0,23.367117,2638350,299.3,300.0
2026-01-08 14:32:00,7.0,7.2,6.85,7.2,99450,23.861859,2588625,299.7,300.0
2026-01-08 14:33:00,7.3,7.3,7.2,7.3,40950,23.629021,2588625,300.0,300.0
2026-01-08 14:34:00,7.5,7.5,7.3,7.5,14625,23.856557,2588625,300.25,300.0
2026-01-08 14:35:00,7.35,7.5,7.35,7.35,96525,23.913849,2626650,299.95,300.0
2026-01-08 14:36:00,7.35,7.35,7.35,7.35,0,23.813874,2626650,300.0,300.0
2026-01-08 14:37:00,7.3,7.35,7.3,7.3,11700,24.230615,2626650,299.7,300.0
2026-01-08 14:38:00,7.35,7.35,7.3,7.35,2925,23.915472,2626650,299.95,300.0
2026-01-08 14:39:00,7.35,7.35,7.35,7.35,0,24.01627,2626650,299.9,300.0
2026-01-08 14:40:00,7.4,7.4,7.35,7.4,2925,24.199974,2641275,299.9,300.0
2026-01-08 14:41:00,7.4,7.4,7.4,7.4,0,24.300481,2644200,299.85,300.0
2026-01-08 14:42:00,7.4,7.4,7.4,7.4,0,23.493913,2644200,300.25,300.0
2026-01-08 14:43:00,7.65,7.85,7.4,7.85,76050,24.220923,2644200,300.7,300.0
2026-01-08 14:44:00,7.8,7.85,7.8,7.8,17550,23.724041,2679300,300.85,300.0
2026-01-08 14:45:00,7.8,7.8,7.8,7.8,11700,24.038091,2679300,300.7,300.0
2026-01-08 14:46:00,7.75,7.8,7.75,7.75,46800,23.645813,2679300,300.8,300.0
2026-01-08 14:47:00,7.75,7.75,7.75,7.75,0,22.905387,2679300,301.15,300.0
2026-01-08 14:48:00,6.8,6.9,6.6,6.9,11700,24.293874,1155375,301.3,302.5
2026-01-08 14:49:00,6.95,6.95,6.9,6.95,55575,24.286579,1155375,301.4,302.5
2026-01-08 14:50:00,6.95,6.95,6.95,6.95,11700,24.287122,1155375,301.4,302.5
2026-01-08 14:51:00,6.95,6.95,6.8,6.8,8775,23.648724,1146600,301.45,302.5
2026-01-08 14:52:00,6.8,6.8,6.8,6.8,0,23.267308,1146600,301.65,302.5
2026-01-08 14:53:00,6.8,6.8,6.8,6.8,0,23.363667,1149525,301.6,302.5
2026-01-08 14:54:00,6.8,6.8,6.8,6.8,0,22.785578,1149525,301.9,302.5
2026-01-08 14:55:00,7.0,7.0,6.8,7.0,8775,23.51196,1149525,301.9,302.5
2026-01-08 14:56:00,6.95,7.0,6.95,6.95,14625,23.524758,1149525,301.8,302.5
2026-01-08 14:57:00,6.95,6.95,6.95,6.95,2925,23.909915,1158300,301.6,302.5
2026-01-08 14:58:00,7.0,7.0,6.95,7.0,2925,23.513552,1158300,301.9,302.5
2026-01-08 14:59:00,7.0,7.0,7.0,7.0,0,23.514084,1158300,301.9,302.5
2026-01-08 15:00:00,8.3,8.3,7.9,7.9,40950,23.890895,2576925,300.95,300.0
2026-01-08 15:01:00,7.75,7.9,7.75,7.75,11700,23.862837,2576925,300.7,300.0
2026-01-08 15:02:00,7.75,7.75,7.75,7.75,0,23.759077,2576925,300.75,300.0
2026-01-08 15:03:00,7.35,7.75,7.35,7.35,23400,23.828435,2562300,300.0,300.0
2026-01-08 15:04:00,7.35,7.35,7.35,7.35,0,23.322105,2562300,300.25,300.0
2026-01-08 15:05:00,7.4,7.4,7.35,7.4,14625,24.313611,2571075,299.85,300.0
2026-01-08 15:06:00,7.4,7.4,7.4,7.4,114075,24.013385,2571075,300.0,300.0
2026-01-08 15:07:00,7.5,7.5,7.4,7.5,5850,23.976193,2571075,300.2,300.0
2026-01-08 15:08:00,7.5,7.5,7.5,7.5,8775,23.976736,2617875,300.2,300.0
2026-01-08 15:09:00,7.45,7.5,7.45,7.45,2925,24.298823,2617875,299.95,300.0
2026-01-08 15:10:00,7.35,7.45,7.35,7.35,5850,23.73138,2617875,300.05,300.0
2026-01-08 15:11:00,7.1,7.35,7.1,7.1,55575,24.787056,2620800,299.05,300.0
2026-01-08 15:12:00,6.9,7.1,6.9,6.9,108225,23.766108,2620800,299.2,300.0
2026-01-08 15:13:00,7.05,7.05,6.9,7.05,26325,23.92601,2620800,299.4,300.0
2026-01-08 15:14:00,7.2,7.2,7.05,7.2,49725,24.573271,2702700,299.35,300.0
2026-01-08 15:15:00,7.0,7.2,7.0,7.0,8775,24.133643,2702700,299.2,300.0
2026-01-08 15:16:00,7.05,7.05,7.0,7.05,40950,24.510525,2702700,299.1,300.0
2026-01-08 15:17:00,7.1,7.1,7.05,7.1,32175,24.013234,2720250,299.45,300.0
2026-01-08 15:18:00,7.15,7.15,7.1,7.15,46800,24.000221,2720250,299.55,300.0
2026-01-08 15:19:00,7.15,7.15,7.15,7.15,0,24.099185,2720250,299.5,300.0
2026-01-08 15:20:00,7.2,7.25,7.15,7.25,11700,24.170006,2729025,299.65,300.0
2026-01-08 15:21:00,7.3,7.3,7.25,7.3,11700,24.055691,2729025,299.8,300.0
2026-01-08 15:22:00,7.3,7.3,7.3,7.3,20475,24.056234,2729025,299.8,300.0
2026-01-08 15:23:00,7.25,7.35,7.25,7.35,58500,24.339567,2746575,299.75,300.0
2026-01-08 15:24:00,7.25,7.35,7.25,7.25,5850,24.761791,2746575,299.35,300.0
2026-01-08 15:25:00,7.15,7.25,7.0,7.0,43875,23.749414,2746575,299.4,300.0
2026-01-08 15:26:00,6.85,7.0,6.85,6.85,40950,23.97663,2752425,299.0,300.0
2026-01-08 15:27:00,6.9,6.9,6.85,6.9,11700,23.967595,2752425,299.1,300.0
2026-01-08 15:28:00,7.0,7.0,6.9,7.0,14625,24.526635,2752425,299.0,300.0
2026-01-08 15:29:00,8.25,8.25,8.25,8.25,5850,24.796156,646425,298.75,297.5
2026-01-09 09:15:00,8.05,8.05,8.05,8.05,2925,24.654421,646425,298.75,297.5
2026-01-09 09:16:00,7.45,7.45,7.05,7.45,137475,24.808789,2767050,300.0,300.0
2026-01-09 09:17:00,7.75,7.75,7.45,7.75,32175,24.897209,2767050,300.5,300.0
2026-01-09 09:18:00,7.85,7.85,7.75,7.85,61425,24.745973,2767050,300.75,300.0
2026-01-09 09:19:00,7.9,7.9,7.85,7.9,99450,25.355727,2848950,300.55,300.0
2026-01-09 09:20:00,7.9,7.9,7.9,7.9,93600,25.565397,2848950,300.45,300.0
2026-01-09 09:21:00,7.7,7.9,7.6,7.6,52650,25.064777,2848950,300.15,300.0
2026-01-09 09:22:00,7.65,7.65,7.6,7.65,29250,25.966612,2840175,299.8,300.0
2026-01-09 09:23:00,7.45,7.65,7.45,7.45,49725,25.422066,2840175,299.7,300.0
2026-01-09 09:24:00,7.5,7.5,7.45,7.5,43875,26.01059,2840175,299.5,300.0
2026-01-09 09:25:00,7.35,7.5,7.35,7.35,84825,24.234706,2866500,300.1,300.0
2026-01-09 09:26:00,7.65,7.65,7.35,7.65,76050,26.271447,2866500,299.65,300.0
2026-01-09 09:27:00,7.35,7.65,7.35,7.35,380250,25.252067,2866500,299.6,300.0
2026-01-09 09:28:00,7.3,7.35,7.3,7.3,43875,25.465546,3009825,299.4,300.0
2026-01-09 09:29:00,7.7,7.7,7.3,7.7,35100,25.340551,3009825,300.2,300.0
2026-01-09 09:30:00,7.8,7.8,7.7,7.8,73125,25.19671,3009825,300.45,300.0
2026-01-09 09:31:00,7.7,7.8,7.7,7.7,23400,25.854271,3006900,299.95,300.0
2026-01-09 09:32:00,7.45,7.7,7.45,7.55,46800,25.395967,3006900,299.9,300.0
2026-01-09 09:33:00,7.25,7.55,7.25,7.25,49725,24.882047,3006900,299.6,300.0
2026-01-09 09:34:00,7.35,7.35,7.25,7.35,35100,24.852694,3012750,299.8,300.0
2026-01-09 09:35:00,7.3,7.35,7.3,7.3,32175,25.86563,3012750,299.2,300.0
2026-01-09 09:36:00,6.95,7.3,6.95,6.95,90675,25.049792,3012750,298.95,300.0
2026-01-09 09:37:00,6.75,6.95,6.75,6.75,73125,24.595206,3024450,298.8,300.0
2026-01-09 09:38:00,7.85,8.1,7.85,7.85,35100,25.205083,634725,298.15,297.5
2026-01-09 09:39:00,7.95,7.95,7.85,7.95,2925,24.507327,634725,298.65,297.5
2026-01-09 09:40:00,7.95,7.95,7.95,7.95,0,24.83412,631800,298.5,297.5
2026-01-09 09:41:00,8.15,8.15,7.95,8.15,23400,25.700819,631800,298.45,297.5
2026-01-09 09:42:00,6.9,6.9,6.9,6.9,29250,24.866595,3053700,298.95,300.0
2026-01-09 09:43:00,6.85,6.9,6.85,6.85,49725,24.091488,3030300,299.25,300.0
2026-01-09 09:44:00,7.25,7.65,6.85,7.65,178425,23.473969,3030300,301.0,300.0
2026-01-09 09:45:00,7.95,7.95,7.65,7.95,143325,24.062619,3030300,301.25,300.0
2026-01-09 09:46:00,8.15,8.15,7.95,8.15,61425,24.925736,2954250,301.2,300.0
2026-01-09 09:47:00,6.75,6.95,6.75,6.95,35100,24.043761,1392300,301.85,302.5
2026-01-09 09:48:00,6.9,6.95,6.9,6.9,38025,23.462793,1392300,302.05,302.5
2026-01-09 09:49:00,7.1,7.1,6.9,7.1,125775,23.501796,1401075,302.4,302.5
2026-01-09 09:50:00,7.0,7.1,7.0,7.0,40950,24.329083,1401075,301.8,302.5
2026-01-09 09:51:00,6.75,7.0,6.75,6.8,64350,23.882881,1401075,301.65,302.5
2026-01-09 09:52:00,6.75,6.8,6.75,6.75,2925,23.990189,1401075,301.5,302.5
2026-01-09 09:53:00,6.75,6.75,6.75,6.75,0,23.601035,1439100,301.7,302.5
2026-01-09 09:54:00,6.8,6.8,6.75,6.8,17550,23.393247,1439100,301.9,302.5
2026-01-09 09:55:00,7.2,7.2,6.8,7.2,32175,23.057367,1436175,302.8,302.5
2026-01-09 09:56:00,7.2,7.2,7.2,7.2,2925,22.219904,1436175,303.2,302.5
2026-01-09 09:57:00,7.4,7.4,7.2,7.4,23400,23.071961,1436175,303.15,302.5
2026-01-09 09:58:00,7.55,7.55,7.4,7.55,20475,23.314653,1421550,303.3,302.5
2026-01-09 09:59:00,7.4,7.55,7.4,7.4,26325,23.073061,1421550,303.15,302.5
2026-01-09 10:00:00,7.4,7.4,7.25,7.25,87750,23.038547,1421550,302.9,302.5
2026-01-09 10:01:00,7.3,7.3,7.25,7.25,11700,22.409139,1439100,303.2,302.5
2026-01-09 10:02:00,7.2,7.25,7.2,7.2,26325,22.749294,1439100,302.95,302.5
2026-01-09 10:03:00,7.2,7.25,7.2,7.25,26325,22.831471,1439100,303.0,302.5
2026-01-09 10:04:00,7.15,7.25,7.15,7.15,5850,23.082897,1442025,302.7,302.5
2026-01-09 10:05:00,7.3,7.3,7.15,7.3,14625,23.537971,1442025,302.75,302.5
2026-01-09 10:06:00,7.3,7.3,7.3,7.3,0,23.227901,1442025,302.9,302.5
2026-01-09 10:07:00,7.3,7.3,7.3,7.3,0,22.598918,1439100,303.2,302.5
2026-01-09 10:08:00,7.55,7.55,7.3,7.55,40950,22.785644,1439100,303.55,302.5
2026-01-09 10:09:00,7.55,7.55,7.55,7.55,0,22.569972,1439100,303.65,302.5
2026-01-09 10:10:00,6.6,6.6,6.4,6.6,29250,23.420308,2483325,303.9,305.0
2026-01-09 10:11:00,6.65,6.75,6.6,6.75,64350,23.00247,2483325,304.4,305.0
2026-01-09 10:12:00,6.7,6.75,6.55,6.55,99450,23.333369,2483325,303.85,305.0
2026-01-09 10:13:00,7.75,7.8,7.6,7.6,11700,22.541994,1421550,303.75,302.5
2026-01-09 10:14:00,6.5,6.5,6.4,6.5,14625,23.246193,2451150,303.8,305.0
2026-01-09 10:15:00,6.55,6.55,6.5,6.5,11700,23.246736,2451150,303.8,305.0
2026-01-09 10:16:00,7.55,7.7,7.55,7.55,23400,22.682082,1398150,303.6,302.5
2026-01-09 10:17:00,7.7,7.7,7.55,7.7,14625,22.919069,1398150,303.75,302.5
2026-01-09 10:18:00,6.5,6.5,6.45,6.5,58500,22.768787,2457000,304.05,305.0
2026-01-09 10:19:00,6.7,6.7,6.5,6.7,20475,23.600636,2427750,304.0,305.0
2026-01-09 10:20:00,6.65,6.7,6.65,6.65,20475,23.32108,2427750,304.05,305.0
2026-01-09 10:21:00,6.7,6.7,6.65,6.7,8775,22.528272,2427750,304.55,305.0
2026-01-09 10:22:00,6.85,6.85,6.7,6.85,58500,23.277839,2445300,304.45,305.0
2026-01-09 10:23:00,6.75,6.85,6.7,6.7,32175,23.118605,2445300,304.25,305.0
2026-01-09 10:24:00,6.7,6.7,6.7,6.7,11700,23.216478,2445300,304.2,305.0
2026-01-09 10:25:00,6.55,6.7,6.55,6.55,26325,23.244767,2439450,303.9,305.0
2026-01-09 10:26:00,6.55,6.55,6.55,6.55,0,22.763322,2439450,304.15,305.0
2026-01-09 10:27:00,6.8,6.8,6.55,6.8,8775,23.096705,2439450,304.45,305.0
2026-01-09 10:28:00,6.85,6.85,6.8,6.85,11700,23.5752,2433600,304.3,305.0
2026-01-09 10:29:00,6.75,6.85,6.75,6.75,35100,22.913909,2433600,304.45,305.0
2026-01-09 10:30:00,6.8,6.8,6.75,6.75,20475,23.306223,2433600,304.25,305.0
2026-01-09 10:31:00,6.75,6.75,6.75,6.75,20475,23.30677,2454075,304.25,305.0
2026-01-09 10:32:00,6.9,6.9,6.75,6.9,96525,23.269931,2454075,304.55,305.0
2026-01-09 10:33:00,6.85,6.9,6.85,6.85,14625,23.382145,2454075,304.4,305.0
2026-01-09 10:34:00,6.75,6.85,6.75,6.75,40950,22.916612,2465775,304.45,305.0
2026-01-09 10:35:00,6.7,6.75,6.7,6.7,2925,22.733244,2465775,304.45,305.0
2026-01-09 10:36:00,6.7,6.7,6.7,6.7,17550,23.610007,2465775,304.0,305.0
2026-01-09 10:37:00,6.75,6.75,6.7,6.75,11700,22.422632,2465775,304.7,305.0
2026-01-09 10:38:00,6.9,6.9,6.75,6.9,17550,23.174191,2465775,304.6,305.0
2026-01-09 10:39:00,6.95,6.95,6.9,6.95,76050,22.859766,2465775,304.85,305.0
2026-01-09 10:40:00,7.2,7.2,6.95,7.2,20475,22.557779,2465775,305.45,305.0
2026-01-09 10:41:00,7.2,7.25,7.2,7.25,43875,23.461188,2465775,305.1,305.0
2026-01-09 10:42:00,7.0,7.25,7.0,7.2,78975,23.073579,2465775,305.2,305.0
2026-01-09 10:43:00,7.25,7.25,7.0,7.0,119925,23.246422,2465775,304.75,305.0
2026-01-09 10:44:00,6.9,7.0,6.9,6.9,52650,23.37529,2465775,304.5,305.0
2026-01-09 10:45:00,6.9,7.0,6.9,7.0,46800,22.946623,2465775,304.9,305.0
2026-01-09 10:46:00,7.1,7.15,7.0,7.15,46800,23.399048,2433600,304.95,305.0
2026-01-09 10:47:00,7.15,7.15,7.15,7.15,46800,23.900535,2433600,304.7,305.0
2026-01-09 10:48:00,7.1,7.15,6.95,6.95,52650,23.462687,2433600,304.55,305.0
2026-01-09 10:49:00,6.95,6.95,6.95,6.95,8775,23.954573,2398500,304.3,305.0
2026-01-09 10:50:00,6.8,6.95,6.5,6.5,40950,23.265768,2398500,303.8,305.0
2026-01-09 10:51:00,6.6,6.6,6.5,6.6,23400,23.538482,2398500,303.85,305.0
2026-01-09 10:52:00,7.8,8.0,7.8,7.8,8775,23.313336,1363050,303.75,302.5
2026-01-09 10:53:00,6.55,6.55,6.5,6.55,17550,23.35574,2392650,303.85,305.0
2026-01-09 10:54:00,7.8,7.8,7.8,7.8,0,23.531097,1363050,303.65,302.5
2026-01-09 10:55:00,6.35,6.5,6.35,6.5,14625,23.172983,2360475,303.85,305.0
2026-01-09 10:56:00,7.7,7.8,7.7,7.7,29250,23.049331,1363050,303.7,302.5
2026-01-09 10:57:00,7.6,7.7,7.6,7.6,5850,22.999715,1363050,303.55,302.5
2026-01-09 10:58:00,7.5,7.6,7.5,7.5,8775,23.054878,1363050,303.35,302.5
2026-01-09 10:59:00,7.6,7.6,7.5,7.6,5850,22.784661,1357200,303.65,302.5
2026-01-09 11:00:00,7.6,7.6,7.6,7.6,2925,22.785211,1357200,303.65,302.5
2026-01-09 11:01:00,7.55,7.6,7.55,7.55,11700,23.243379,1357200,303.35,302.5
2026-01-09 11:02:00,7.55,7.55,7.55,7.55,0,23.350272,1351350,303.3,302.5
2026-01-09 11:03:00,6.5,6.5,6.3,6.5,35100,23.081579,2380950,303.9,305.0
2026-01-09 11:04:00,7.9,7.9,7.8,7.9,32175,24.552135,1351350,303.35,302.5
2026-01-09 11:05:00,7.65,7.9,7.65,7.65,5850,23.191316,1363050,303.55,302.5
2026-01-09 11:06:00,7.65,7.65,7.65,7.65,0,23.084062,1363050,303.6,302.5
2026-01-09 11:07:00,7.65,7.65,7.65,7.65,0,23.192428,1363050,303.55,302.5
2026-01-09 11:08:00,7.65,7.65,7.65,7.65,0,22.977014,1363050,303.65,302.5
2026-01-09 11:09:00,7.65,7.65,7.65,7.65,0,23.19354,1363050,303.55,302.5
2026-01-09 11:10:00,7.7,7.7,7.65,7.7,11700,23.273543,1363050,303.6,302.5
2026-01-09 11:11:00,7.7,7.7,7.7,7.7,0,24.441352,1363050,303.05,302.5
2026-01-09 11:12:00,7.75,7.75,7.7,7.75,5850,23.783737,1363050,303.45,302.5
2026-01-09 11:13:00,7.75,7.75,7.75,7.75,0,24.628808,1363050,303.05,302.5
2026-01-09 11:14:00,7.75,7.75,7.75,7.75,0,24.733624,1363050,303.0,302.5
2026-01-09 11:15:00,7.75,7.75,7.75,7.75,0,24.734204,1363050,303.0,302.5
2026-01-09 11:16:00,7.75,7.75,7.75,7.75,0,25.660704,1363050,302.55,302.5
2026-01-09 11:17:00,7.05,7.75,7.05,7.05,17550,23.56724,1357200,302.3,302.5
2026-01-09 11:18:00,7.05,7.05,7.05,7.05,0,23.769163,1357200,302.2,302.5
2026-01-09 11:19:00,6.95,7.05,6.95,6.95,11700,23.598802,1357200,302.1,302.5
2026-01-09 11:20:00,6.95,6.95,6.95,6.95,0,23.398907,1357200,302.2,302.5
2026-01-09 11:21:00,7.0,7.0,6.95,7.0,17550,23.685479,1351350,302.15,302.5
2026-01-09 11:22:00,7.0,7.0,7.0,7.0,0,23.686036,1351350,302.15,302.5
2026-01-09 11:23:00,7.0,7.0,7.0,7.0,2925,23.28368,1360125,302.35,302.5
2026-01-09 11:24:00,6.8,7.0,6.8,6.8,5850,22.642202,1360125,302.3,302.5
2026-01-09 11:25:00,6.8,6.8,6.8,6.8,0,21.720329,1360125,302.75,302.5
2026-01-09 11:26:00,7.25,7.25,6.8,7.25,8775,23.085796,1360125,302.9,302.5
2026-01-09 11:27:00,7.4,7.4,7.25,7.4,5850,23.541171,1360125,302.95,302.5
2026-01-09 11:28:00,7.3,7.45,7.3,7.45,29250,22.777596,1360125,303.4,302.5
2026-01-09 11:29:00,7.45,7.45,7.45,7.45,8775,23.097849,1383525,303.25,302.5
2026-01-09 11:30:00,7.5,7.5,7.45,7.5,17550,23.601741,1383525,303.1,302.5
2026-01-09 11:31:00,7.55,7.55,7.5,7.55,8775,22.831213,1383525,303.55,302.5
2026-01-09 11:32:00,7.65,7.65,7.55,7.65,8775,23.313857,1374750,303.5,302.5
2026-01-09 11:33:00,7.65,7.65,7.65,7.65,0,23.741195,1374750,303.3,302.5
2026-01-09 11:34:00,7.65,7.65,7.65,7.65,0,24.37261,1374750,303.0,302.5
2026-01-09 11:35:00,7.65,7.65,7.65,7.65,0,24.581124,1374750,302.9,302.5
2026-01-09 11:36:00,7.65,7.65,7.65,7.65,0,24.581703,1374750,302.9,302.5
2026-01-09 11:37:00,7.25,7.65,7.25,7.25,14625,23.195906,1374750,302.85,302.5
2026-01-09 11:38:00,7.25,7.25,7.25,7.25,0,22.988049,1374750,302.95,302.5
2026-01-09 11:39:00,7.25,7.25,7.25,7.25,0,23.19701,1374750,302.85,302.5
2026-01-09 11:40:00,7.25,7.25,7.25,7.25,5850,22.989147,1377675,302.95,302.5
2026-01-09 11:41:00,7.25,7.25,7.25,7.25,0,23.198117,1377675,302.85,302.5
2026-01-09 11:42:00,7.25,7.25,7.25,7.25,0,23.198669,1377675,302.85,302.5
2026-01-09 11:43:00,7.25,7.25,7.25,7.25,0,23.199222,1380600,302.85,302.5
2026-01-09 11:44:00,7.55,7.55,7.25,7.55,35100,23.053509,1380600,303.45,302.5
2026-01-09 11:45:00,7.55,7.55,7.55,7.55,0,22.946663,1380600,303.5,302.5
2026-01-09 11:46:00,7.7,7.7,7.55,7.7,2925,23.615965,1380600,303.45,302.5
2026-01-09 11:47:00,7.6,7.7,7.6,7.6,11700,23.135023,1377675,303.5,302.5
2026-01-09 11:48:00,7.55,7.6,7.55,7.55,5850,22.732477,1377675,303.6,302.5
2026-01-09 11:49:00,7.55,7.55,7.55,7.55,0,22.733026,1377675,303.6,302.5
2026-01-09 11:50:00,7.55,7.55,7.55,7.55,0,22.949423,1380600,303.5,302.5
2026-01-09 11:51:00,7.55,7.55,7.55,7.55,0,23.164462,1380600,303.4,302.5
2026-01-09 11:52:00,7.55,7.55,7.55,7.55,49725,23.271762,1380600,303.35,302.5
2026-01-09 11:53:00,7.55,7.55,7.55,7.55,0,23.27232,1380600,303.35,302.5
2026-01-09 11:54:00,7.5,7.55,7.5,7.5,17550,22.979012,1342575,303.4,302.5
2026-01-09 11:55:00,7.65,7.65,7.5,7.65,14625,23.433932,1342575,303.45,302.5
2026-01-09 11:56:00,7.65,7.65,7.65,7.65,0,23.965763,1342575,303.2,302.5
2026-01-09 11:57:00,7.65,7.65,7.65,7.65,0,23.435054,1342575,303.45,302.5
2026-01-09 11:58:00,7.65,7.65,7.65,7.65,0,23.861271,1342575,303.25,302.5
2026-01-09 11:59:00,7.5,7.65,7.5,7.5,2925,24.036019,1342575,302.9,302.5
2026-01-09 12:00:00,7.5,7.5,7.5,7.5,0,23.828187,1342575,303.0,302.5
2026-01-09 12:01:00,7.5,7.5,7.5,7.5,0,23.724105,1342575,303.05,302.5
2026-01-09 12:02:00,7.6,7.6,7.5,7.6,23400,23.782445,1342575,303.2,302.5
2026-01-09 12:03:00,7.5,7.6,7.5,7.6,5850,23.571263,1342575,303.3,302.5
2026-01-09 12:04:00,7.65,7.65,7.6,7.65,14625,23.33175,1342575,303.5,302.5
2026-01-09 12:05:00,7.65,7.65,7.65,7.65,14625,23.439542,1342575,303.45,302.5
2026-01-09 12:06:00,7.65,7.65,7.65,7.65,0,23.759861,1342575,303.3,302.5
2026-01-09 12:07:00,7.6,7.65,7.6,7.6,5850,23.146142,1342575,303.5,302.5
2026-01-09 12:08:00,7.6,7.6,7.6,7.6,0,23.146698,1342575,303.5,302.5
2026-01-09 12:09:00,7.6,7.6,7.6,7.6,0,23.254593,1348425,303.45,302.5
2026-01-09 12:10:00,7.6,7.6,7.6,7.6,5850,23.892393,1348425,303.15,302.5
2026-01-09 12:11:00,7.55,7.6,7.55,7.55,17550,23.388806,1354275,303.3,302.5
2026-01-09 12:12:00,7.65,7.65,7.55,7.65,2925,23.656984,1354275,303.35,302.5
2026-01-09 12:13:00,7.65,7.65,7.65,7.65,0,23.444033,1354275,303.45,302.5
2026-01-09 12:14:00,7.65,7.65,7.65,7.65,0,23.337345,1354275,303.5,302.5
2026-01-09 12:15:00,7.65,7.65,7.65,7.65,0,23.552078,1354275,303.4,302.5
2026-01-09 12:16:00,7.65,7.65,7.65,7.65,0,23.23088,1354275,303.55,302.5
2026-01-09 12:17:00,7.8,7.8,7.65,7.8,8775,23.360993,1360125,303.75,302.5
2026-01-09 12:18:00,7.8,7.8,7.8,7.8,0,23.794042,1360125,303.55,302.5
2026-01-09 12:19:00,7.8,7.8,7.8,7.8,0,24.115534,1360125,303.4,302.5
2026-01-09 12:20:00,7.8,7.8,7.8,7.8,0,24.116108,1360125,303.4,302.5
2026-01-09 12:21:00,7.75,7.8,7.65,7.65,35100,23.017465,1357200,303.65,302.5
2026-01-09 12:22:00,6.65,6.65,6.5,6.6,78975,23.492745,2471625,303.9,305.0
2026-01-09 12:23:00,7.85,7.85,7.85,7.85,0,23.768791,1357200,303.65,302.5
2026-01-09 12:24:00,7.85,7.85,7.85,7.85,0,23.552641,1354275,303.75,302.5
2026-01-09 12:25:00,6.45,6.45,6.45,6.45,0,23.133435,2465775,303.8,305.0
2026-01-09 12:26:00,7.8,7.8,7.75,7.8,11700,23.474694,1348425,303.7,302.5
2026-01-09 12:27:00,6.5,6.5,6.5,6.5,11700,23.127169,2468700,303.9,305.0
2026-01-09 12:28:00,7.75,7.85,7.75,7.75,8775,23.612384,1348425,303.55,302.5
2026-01-09 12:29:00,7.75,7.75,7.75,7.75,0,23.9342,1348425,303.4,302.5
2026-01-09 12:30:00,7.75,7.75,7.75,7.75,0,23.720923,1348425,303.5,302.5
2026-01-09 12:31:00,7.6,7.75,7.45,7.45,55575,23.971632,1345500,302.85,302.5
2026-01-09 12:32:00,7.45,7.45,7.45,7.45,0,23.659683,1345500,303.0,302.5
2026-01-09 12:33:00,7.35,7.45,7.35,7.4,55575,23.052371,1339650,303.2,302.5
2026-01-09 12:34:00,7.4,7.4,7.4,7.4,0,23.369324,1339650,303.05,302.5
2026-01-09 12:35:00,7.35,7.4,7.35,7.35,14625,23.077908,1336725,303.1,302.5
2026-01-09 12:36:00,7.35,7.35,7.35,7.35,0,23.288615,1336725,303.0,302.5
2026-01-09 12:37:00,7.25,7.35,7.25,7.25,20475,23.124964,1336725,302.9,302.5
2026-01-09 12:38:00,7.15,7.25,7.15,7.15,14625,22.752288,1345500,302.9,302.5
2026-01-09 12:39:00,7.15,7.15,7.15,7.15,0,22.332513,1345500,303.1,302.5
2026-01-09 12:40:00,7.15,7.15,7.15,7.15,0,22.014336,1345500,303.25,302.5
2026-01-09 12:41:00,7.25,7.25,7.15,7.25,8775,22.917949,1345500,303.0,302.5
2026-01-09 12:42:00,7.25,7.25,7.25,7.25,11700,22.918498,1345500,303.0,302.5
2026-01-09 12:43:00,7.25,7.25,7.25,7.25,0,22.91905,1345500,303.0,302.5
2026-01-09 12:44:00,7.25,7.25,7.25,7.25,8775,22.814511,1345500,303.05,302.5
2026-01-09 12:45:00,7.25,7.25,7.25,7.25,0,22.709651,1345500,303.1,302.5
2026-01-09 12:46:00,7.25,7.25,7.25,7.25,0,22.815607,1345500,303.05,302.5
2026-01-09 12:47:00,7.25,7.25,7.25,7.25,0,22.816155,1345500,303.05,302.5
2026-01-09 12:48:00,7.25,7.25,7.25,7.25,2925,23.026576,1348425,302.95,302.5
2026-01-09 12:49:00,7.25,7.25,7.25,7.25,0,22.711837,1348425,303.1,302.5
2026-01-09 12:50:00,7.25,7.25,7.25,7.25,0,22.500574,1348425,303.2,302.5
2026-01-09 12:51:00,7.6,7.6,7.25,7.6,23400,22.62844,1345500,303.75,302.5
2026-01-09 12:52:00,6.65,6.65,6.4,6.65,38025,23.307565,2480400,304.1,305.0
2026-01-09 12:53:00,7.9,7.9,7.7,7.7,29250,23.1144,1351350,303.7,302.5
2026-01-09 12:54:00,7.6,7.7,7.6,7.6,2925,23.172317,1351350,303.5,302.5
2026-01-09 12:55:00,7.6,7.6,7.6,7.6,20475,23.280289,1351350,303.45,302.5
2026-01-09 12:56:00,7.6,7.6,7.6,7.6,0,22.740344,1377675,303.7,302.5
2026-01-09 12:57:00,7.6,7.6,7.6,7.6,0,22.631737,1377675,303.75,302.5
2026-01-09 12:58:00,7.7,7.7,7.6,7.7,14625,23.549428,1377675,303.5,302.5
2026-01-09 12:59:00,6.3,6.35,6.3,6.3,11700,22.503412,2559375,303.85,305.0
2026-01-09 13:00:00,6.5,6.5,6.3,6.5,43875,23.048976,2559375,303.95,305.0
2026-01-09 13:01:00,7.65,7.75,7.65,7.65,20475,23.148035,1377675,303.6,302.5
2026-01-09 13:02:00,7.65,7.65,7.65,7.65,0,23.256591,1377675,303.55,302.5
2026-01-09 13:03:00,7.6,7.65,7.6,7.6,8775,23.711201,1380600,303.25,302.5
2026-01-09 13:04:00,7.45,7.6,7.45,7.45,2925,23.150521,1380600,303.25,302.5
2026-01-09 13:05:00,7.45,7.45,7.45,7.45,0,23.151076,1380600,303.25,302.5
2026-01-09 13:06:00,7.35,7.45,7.35,7.35,8775,23.305316,1374750,303.0,302.5
2026-01-09 13:07:00,7.35,7.35,7.35,7.35,0,22.990019,1374750,303.15,302.5
2026-01-09 13:08:00,7.35,7.35,7.35,7.35,0,22.990572,1374750,303.15,302.5
2026-01-09 13:09:00,7.35,7.35,7.35,7.35,0,22.8852,1371825,303.2,302.5
2026-01-09 13:10:00,7.35,7.35,7.35,7.35,0,22.991678,1371825,303.15,302.5
2026-01-09 13:11:00,7.35,7.35,7.35,7.35,0,22.886301,1371825,303.2,302.5
2026-01-09 13:12:00,7.25,7.35,7.2,7.2,14625,22.325331,1368900,303.2,302.5
2026-01-09 13:13:00,7.2,7.2,7.2,7.2,0,22.325871,1368900,303.2,302.5
2026-01-09 13:14:00,7.2,7.2,7.05,7.05,17550,22.814477,1365975,302.7,302.5
2026-01-09 13:15:00,6.95,7.05,6.95,7.0,20475,22.524855,1365975,302.75,302.5
2026-01-09 13:16:00,7.0,7.0,7.0,7.0,0,22.317214,1365975,302.85,302.5
2026-01-09 13:17:00,7.0,7.0,7.0,7.0,0,22.525937,1365975,302.75,302.5
2026-01-09 13:18:00,7.15,7.15,7.0,7.15,2925,22.982539,1360125,302.8,302.5
2026-01-09 13:19:00,7.2,7.2,7.15,7.2,5850,22.646741,1360125,303.05,302.5
2026-01-09 13:20:00,7.2,7.2,7.2,7.2,5850,22.435865,1363050,303.15,302.5
2026-01-09 13:21:00,7.25,7.25,7.2,7.25,43875,22.834809,1363050,303.05,302.5
2026-01-09 13:22:00,7.25,7.25,7.25,7.25,0,22.517978,1363050,303.2,302.5
2026-01-09 13:23:00,7.25,7.25,7.25,7.25,2925,22.941058,1360125,303.0,302.5
2026-01-09 13:24:00,7.25,7.25,7.25,7.25,0,22.730987,1360125,303.1,302.5
2026-01-09 13:25:00,7.25,7.25,7.25,7.25,0,22.625737,1360125,303.15,302.5
2026-01-09 13:26:00,7.25,7.25,7.25,7.25,0,22.732081,1360125,303.1,302.5
2026-01-09 13:27:00,7.25,7.25,7.25,7.25,0,22.626829,1360125,303.15,302.5
2026-01-09 13:28:00,7.25,7.25,7.25,7.25,0,22.521244,1363050,303.2,302.5
2026-01-09 13:29:00,7.3,7.3,7.25,7.3,11700,22.815064,1365975,303.15,302.5
2026-01-09 13:30:00,7.3,7.3,7.3,7.3,0,22.815614,1365975,303.15,302.5
2026-01-09 13:31:00,7.2,7.3,7.2,7.2,11700,23.280062,1365975,302.75,302.5
2026-01-09 13:32:00,7.2,7.2,7.2,7.2,0,23.487133,1365975,302.65,302.5
2026-01-09 13:33:00,7.2,7.2,7.2,7.2,0,23.693064,1365975,302.55,302.5
2026-01-09 13:34:00,7.2,7.2,7.2,7.2,0,23.488251,1360125,302.65,302.5
2026-01-09 13:35:00,7.2,7.2,7.2,7.2,0,23.385693,1360125,302.7,302.5
2026-01-09 13:36:00,7.2,7.2,7.2,7.2,0,23.07513,1360125,302.85,302.5
2026-01-09 13:37:00,7.35,7.35,7.2,7.35,11700,23.217583,1360125,303.05,302.5
2026-01-09 13:38:00,7.35,7.35,7.35,7.35,0,23.843741,1360125,302.75,302.5
2026-01-09 13:39:00,7.35,7.35,7.35,7.35,0,23.844308,1354275,302.75,302.5
2026-01-09 13:40:00,7.35,7.35,7.35,7.35,0,23.741343,1354275,302.8,302.5
2026-01-09 13:41:00,7.1,7.35,7.1,7.1,8775,23.427078,1354275,302.5,302.5
2026-01-09 13:42:00,7.1,7.1,7.1,7.1,0,23.935373,1354275,302.25,302.5
2026-01-09 13:43:00,6.8,7.1,6.8,6.8,5850,23.220804,1351350,302.05,302.5
2026-01-09 13:44:00,6.75,6.8,6.75,6.75,38025,23.035234,1351350,302.05,302.5
2026-01-09 13:45:00,6.75,6.75,6.75,6.75,2925,24.411855,1351350,301.35,302.5
2026-01-09 13:46:00,6.75,6.75,6.75,6.75,0,24.218689,1351350,301.45,302.5
2026-01-09 13:47:00,6.45,6.75,6.45,6.45,17550,22.908765,1351350,301.55,302.5
2026-01-09 13:48:00,6.45,6.45,6.45,6.45,0,22.909307,1351350,301.55,302.5
2026-01-09 13:49:00,6.45,6.45,6.45,6.45,0,22.41873,1351350,301.8,302.5
2026-01-09 13:50:00,6.45,6.45,6.45,6.45,0,23.298835,1351350,301.35,302.5
2026-01-09 13:51:00,7.9,7.9,7.9,7.9,0,24.014706,2810925,301.25,300.0
2026-01-09 13:52:00,6.45,6.45,6.45,6.45,0,23.299932,1351350,301.35,302.5
2026-01-09 13:53:00,6.45,6.45,6.45,6.45,0,23.009494,1351350,301.5,302.5
2026-01-09 13:54:00,6.45,6.45,6.45,6.45,0,23.204269,1351350,301.4,302.5
2026-01-09 13:55:00,7.75,7.75,7.75,7.75,64350,23.558079,2796300,301.2,300.0
2026-01-09 13:56:00,6.35,6.4,6.35,6.35,14625,22.639121,1351350,301.5,302.5
2026-01-09 13:57:00,6.35,6.35,6.35,6.35,0,22.639658,1351350,301.5,302.5
2026-01-09 13:58:00,6.35,6.35,6.35,6.35,0,22.444949,1351350,301.6,302.5
2026-01-09 13:59:00,6.35,6.35,6.35,6.35,0,22.249216,1351350,301.7,302.5
2026-01-09 14:00:00,6.5,6.5,6.35,6.5,5850,22.906135,1368900,301.65,302.5
2026-01-09 14:01:00,6.55,6.55,6.5,6.55,5850,23.580129,1368900,301.4,302.5
2026-01-09 14:02:00,6.55,6.55,6.55,6.55,0,23.774,1368900,301.3,302.5
2026-01-09 14:03:00,7.65,7.7,7.6,7.6,8775,23.103547,2851875,301.15,300.0
2026-01-09 14:04:00,7.6,7.6,7.6,7.6,5850,22.88427,2851875,301.25,300.0
2026-01-09 14:05:00,6.35,6.35,6.35,6.35,0,23.031541,1374750,301.3,302.5
2026-01-09 14:06:00,7.6,7.6,7.6,7.6,0,22.995482,2851875,301.2,300.0
2026-01-09 14:07:00,7.6,7.6,7.6,7.6,0,22.996039,2851875,301.2,300.0
2026-01-09 14:08:00,6.35,6.35,6.35,6.35,0,22.74283,1374750,301.45,302.5
2026-01-09 14:09:00,7.6,7.6,7.6,7.6,0,22.887047,2851875,301.25,300.0
2026-01-09 14:10:00,7.6,7.6,7.6,7.6,0,23.325898,2851875,301.05,300.0
2026-01-09 14:11:00,7.6,7.6,7.6,7.6,0,23.651554,2851875,300.9,300.0
2026-01-09 14:12:00,7.6,7.6,7.6,7.6,0,23.544092,2851875,300.95,300.0
2026-01-09 14:13:00,7.6,7.6,7.6,7.6,0,23.867774,2851875,300.8,300.0
2026-01-09 14:14:00,7.45,7.6,7.45,7.45,14625,23.40884,2851875,300.75,300.0
2026-01-09 14:15:00,7.4,7.45,7.4,7.4,8775,23.113067,2854800,300.8,300.0
2026-01-09 14:16:00,7.4,7.4,7.4,7.4,5850,23.005873,2854800,300.85,300.0
2026-01-09 14:17:00,7.4,7.4,7.4,7.4,0,23.114181,2854800,300.8,300.0
2026-01-09 14:18:00,7.25,7.4,7.25,7.25,14625,23.714282,2860650,300.25,300.0
2026-01-09 14:19:00,7.25,7.25,7.25,7.25,0,23.81907,2860650,300.2,300.0
2026-01-09 14:20:00,7.25,7.25,7.25,7.25,0,23.506075,2860650,300.35,300.0
2026-01-09 14:21:00,7.25,7.25,7.2,7.2,17550,23.527676,2854800,300.25,300.0
2026-01-09 14:22:00,7.1,7.2,7.1,7.1,5850,23.15158,2854800,300.25,300.0
2026-01-09 14:23:00,7.05,7.1,7.05,7.05,2925,22.963772,2848950,300.25,300.0
2026-01-09 14:24:00,7.05,7.15,7.05,7.15,32175,23.445383,2848950,300.2,300.0
2026-01-09 14:25:00,7.0,7.15,7.0,7.0,26325,22.460998,2848950,300.4,300.0
2026-01-09 14:26:00,7.0,7.0,7.0,7.0,0,22.461542,2848950,300.4,300.0
2026-01-09 14:27:00,7.35,7.35,7.0,7.35,17550,23.991541,2851875,300.3,300.0
2026-01-09 14:28:00,7.15,7.35,7.15,7.15,17550,23.655448,2851875,300.1,300.0
2026-01-09 14:29:00,7.0,7.15,7.0,7.0,2925,22.987457,2851875,300.15,300.0
2026-01-09 14:30:00,7.0,7.05,7.0,7.05,26325,23.795256,2846025,299.85,300.0
2026-01-09 14:31:00,7.05,7.05,7.05,7.05,0,23.999916,2846025,299.75,300.0
2026-01-09 14:32:00,6.8,7.05,6.8,6.8,14625,23.162618,2854800,299.7,300.0
2026-01-09 14:33:00,6.8,6.8,6.8,6.8,0,23.163169,2854800,299.7,300.0
2026-01-09 14:34:00,6.9,6.9,6.8,6.9,20475,22.924851,2854800,300.0,300.0
2026-01-09 14:35:00,7.3,7.3,6.9,7.2,52650,23.535535,2854800,300.25,300.0
2026-01-09 14:36:00,7.1,7.2,7.1,7.1,5850,23.67854,2843100,300.0,300.0
2026-01-09 14:37:00,7.1,7.2,7.1,7.2,5850,24.055331,2843100,300.0,300.0
2026-01-09 14:38:00,7.2,7.2,7.2,7.2,0,23.745553,2843100,300.15,300.0
2026-01-09 14:39:00,7.2,7.2,7.2,7.2,0,23.849852,2843100,300.1,300.0
2026-01-09 14:40:00,7.0,7.2,7.0,7.0,23400,23.304494,2846025,300.0,300.0
2026-01-09 14:41:00,7.0,7.0,7.0,7.0,0,23.919333,2860650,299.7,300.0
2026-01-09 14:42:00,7.0,7.0,7.0,7.0,14625,23.51148,2860650,299.9,300.0
2026-01-09 14:43:00,7.5,7.5,7.0,7.5,38025,24.040097,2860650,300.55,300.0
2026-01-09 14:44:00,7.7,7.7,7.5,7.6,20475,24.099388,2837250,300.7,300.0
2026-01-09 14:45:00,7.6,7.6,7.6,7.6,0,24.418528,2837250,300.55,300.0
2026-01-09 14:46:00,7.55,7.6,7.55,7.55,5850,24.441494,2837250,300.45,300.0
2026-01-09 14:47:00,7.7,7.7,7.55,7.65,5850,24.502484,2837250,300.6,300.0
2026-01-09 14:48:00,7.55,7.65,7.55,7.55,11700,24.019399,2837250,300.65,300.0
2026-01-09 14:49:00,7.55,7.55,7.55,7.55,0,23.375727,2837250,300.95,300.0
2026-01-09 14:50:00,7.7,7.7,7.55,7.7,14625,24.692905,2837250,300.6,300.0
2026-01-09 14:51:00,7.7,7.7,7.7,7.7,0,24.481084,2837250,300.7,300.0
2026-01-09 14:52:00,7.7,7.7,7.7,7.7,2925,24.160773,2837250,300.85,300.0
2026-01-09 14:53:00,8.1,8.1,7.7,7.95,17550,25.10628,2837250,300.85,300.0
2026-01-09 14:54:00,7.95,7.95,7.95,7.95,2925,25.106874,2840175,300.85,300.0
2026-01-09 14:55:00,7.95,8.1,7.95,8.1,14625,24.810062,2840175,301.25,300.0
2026-01-09 14:56:00,6.65,6.65,6.65,6.65,0,23.983064,1371825,301.4,302.5
2026-01-09 14:57:00,6.85,6.85,6.65,6.85,5850,23.945316,1365975,301.8,302.5
2026-01-09 14:58:00,7.0,7.0,6.85,7.0,26325,24.701789,1365975,301.7,302.5
2026-01-09 14:59:00,7.0,7.0,7.0,7.0,20475,24.702367,1365975,301.7,302.5
2026-01-09 15:00:00,8.2,8.3,8.2,8.2,49725,25.517849,2808000,301.1,300.0
2026-01-09 15:01:00,8.2,8.2,8.2,8.2,0,26.374196,2808000,300.7,300.0
2026-01-09 15:02:00,7.85,8.2,7.65,7.65,5850,24.191877,2808000,300.75,300.0
2026-01-09 15:03:00,7.8,7.85,7.65,7.85,11700,24.085396,2805075,301.15,300.0
2026-01-09 15:04:00,7.85,7.85,7.85,7.85,0,24.519833,2805075,300.95,300.0
2026-01-09 15:05:00,7.85,7.85,7.85,7.85,0,25.055701,2805075,300.7,300.0
2026-01-09 15:06:00,7.85,7.85,7.85,7.85,0,24.304714,2805075,301.05,300.0
2026-01-09 15:07:00,7.85,7.85,7.85,7.85,0,23.868781,2805075,301.25,300.0
2026-01-09 15:08:00,8.0,8.0,7.8,7.8,26325,24.762139,2805075,300.75,300.0
2026-01-09 15:09:00,7.8,7.8,7.8,7.8,0,24.333545,2805075,300.95,300.0
2026-01-09 15:10:00,7.8,7.8,7.8,7.8,5850,24.976089,2802150,300.65,300.0
2026-01-09 15:11:00,7.8,7.8,7.8,7.8,0,25.082628,2802150,300.6,300.0
2026-01-09 15:12:00,7.8,7.8,7.8,7.8,0,24.443056,2799225,300.9,300.0
2026-01-09 15:13:00,7.8,7.8,7.8,7.8,11700,24.977862,2799225,300.65,300.0
2026-01-09 15:14:00,7.8,7.8,7.8,7.8,8775,24.336452,2799225,300.95,300.0
2026-01-09 15:15:00,7.8,7.8,7.8,7.8,2925,24.872797,2796300,300.7,300.0
2026-01-09 15:16:00,7.55,7.8,7.55,7.55,2925,25.188854,2796300,300.1,300.0
2026-01-09 15:17:00,7.55,7.55,7.55,7.55,0,24.45948,2796300,300.45,300.0
2026-01-09 15:18:00,7.55,7.55,7.55,7.55,0,24.460061,2796300,300.45,300.0
2026-01-09 15:19:00,7.5,7.55,7.5,7.5,8775,24.482091,2793375,300.35,300.0
2026-01-09 15:20:00,7.5,7.5,7.5,7.5,0,24.061311,2793375,300.55,300.0
2026-01-09 15:21:00,7.6,7.6,7.5,7.6,11700,24.650426,2796300,300.45,300.0
2026-01-09 15:22:00,7.5,7.6,7.4,7.4,43875,24.001702,2796300,300.4,300.0
2026-01-09 15:23:00,7.4,7.4,7.4,7.4,0,24.107301,2796300,300.35,300.0
2026-01-09 15:24:00,7.65,7.65,7.4,7.6,84825,24.335213,2813850,300.6,300.0
2026-01-09 15:25:00,7.9,7.9,7.6,7.9,29250,25.149991,2813850,300.75,300.0
2026-01-09 15:26:00,8.1,8.1,7.8,7.8,111150,24.665861,2813850,300.8,300.0
2026-01-09 15:27:00,7.85,7.85,7.8,7.85,14625,24.425264,2758275,301.0,300.0
2026-01-09 15:28:00,7.7,7.85,7.7,7.7,8775,24.820986,2758275,300.55,300.0
2026-01-09 15:29:00,7.8,7.8,7.7,7.8,20475,25.304402,2758275,300.5,300.0
2026-01-12 09:15:00,9.05,9.1,7.55,7.55,58500,25.304137,2764125,301.2,300.0
2026-01-12 09:16:00,7.3,7.55,7.3,7.3,99450,26.010729,2778750,300.45,300.0
2026-01-12 09:17:00,7.35,7.35,7.3,7.35,76050,26.888307,2778750,300.15,300.0
2026-01-12 09:18:00,7.4,7.4,7.35,7.4,52650,26.75824,2778750,300.3,300.0
2026-01-12 09:19:00,7.3,7.4,7.2,7.2,52650,26.38883,2787525,300.1,300.0
2026-01-12 09:20:00,7.05,7.2,7.05,7.05,17550,26.766468,2787525,299.65,300.0
2026-01-12 09:21:00,7.05,7.05,7.05,7.05,0,26.767185,2787525,299.65,300.0
2026-01-12 09:22:00,7.05,7.05,7.05,7.05,0,27.415197,2799225,299.35,300.0
2026-01-12 09:23:00,8.5,8.5,8.5,8.5,0,29.476833,587925,298.7,297.5
2026-01-12 09:24:00,7.9,8.5,7.9,7.9,49725,26.996742,587925,298.7,297.5
2026-01-12 09:25:00,7.85,7.9,7.85,7.85,55575,26.908413,596700,298.65,297.5
2026-01-12 09:26:00,7.75,7.85,7.75,7.75,2925,27.312399,596700,298.3,297.5
2026-01-12 09:27:00,7.75,7.75,7.75,7.75,0,28.001139,596700,298.0,297.5
2026-01-12 09:28:00,7.5,7.75,7.5,7.5,2925,27.425513,596700,297.8,297.5
2026-01-12 09:29:00,7.25,7.5,7.25,7.25,20475,27.2922,596700,297.4,297.5
2026-01-12 09:30:00,7.2,7.25,7.2,7.2,5850,24.574942,596700,298.5,297.5
2026-01-12 09:31:00,7.2,7.2,7.2,7.2,0,25.044425,608400,298.3,297.5
2026-01-12 09:32:00,7.2,7.2,7.2,7.2,0,25.045113,608400,298.3,297.5
2026-01-12 09:33:00,7.2,7.2,7.2,7.2,0,24.340319,608400,298.6,297.5
2026-01-12 09:34:00,6.65,6.65,6.3,6.65,32175,26.853311,2863575,298.85,300.0
2026-01-12 09:35:00,6.6,6.65,6.6,6.6,58500,26.017577,2863575,299.15,300.0
2026-01-12 09:36:00,6.9,6.9,6.6,6.9,119925,26.599272,2863575,299.45,300.0
2026-01-12 09:37:00,7.05,7.05,6.9,7.05,76050,26.669867,2886975,299.7,300.0
2026-01-12 09:38:00,7.25,7.25,7.05,7.25,43875,26.828017,2886975,300.0,300.0
2026-01-12 09:39:00,7.2,7.25,7.2,7.2,46800,28.677655,2886975,299.05,300.0
2026-01-12 09:40:00,6.75,7.2,6.75,6.75,70200,26.738484,2889900,299.1,300.0
2026-01-12 09:41:00,6.6,6.75,6.6,6.6,17550,26.339234,2889900,299.0,300.0
2026-01-12 09:42:00,6.5,6.6,6.5,6.5,20475,26.352144,2889900,298.8,300.0
2026-01-12 09:43:00,7.65,8.0,7.65,7.65,17550,26.44634,587925,298.5,297.5
2026-01-12 09:44:00,7.75,7.75,7.65,7.75,5850,28.466867,587925,297.8,297.5
2026-01-12 09:45:00,7.2,7.75,7.2,7.3,96525,26.614176,587925,297.8,297.5
2026-01-12 09:46:00,7.5,7.5,7.3,7.5,2925,26.870589,640575,298.05,297.5
2026-01-12 09:47:00,7.5,7.5,7.5,7.5,0,27.213138,640575,297.9,297.5
2026-01-12 09:48:00,6.2,6.4,6.15,6.4,105300,25.948641,2942550,298.8,300.0
2026-01-12 09:49:00,6.7,6.7,6.4,6.7,61425,26.222089,2965950,299.25,300.0
2026-01-12 09:50:00,6.85,6.85,6.7,6.8,55575,26.309175,2965950,299.4,300.0
2026-01-12 09:51:00,6.95,6.95,6.8,6.95,43875,26.162879,2965950,299.75,300.0
2026-01-12 09:52:00,7.0,7.0,6.9,6.9,90675,26.610705,2948400,299.45,300.0
2026-01-12 09:53:00,6.9,6.9,6.9,6.9,23400,25.850842,2948400,299.8,300.0
2026-01-12 09:54:00,6.95,6.95,6.9,6.9,81900,26.070217,2948400,299.7,300.0
2026-01-12 09:55:00,6.95,6.95,6.9,6.95,20475,26.600779,2965950,299.55,300.0
2026-01-12 09:56:00,6.8,6.95,6.8,6.8,43875,26.847683,2965950,299.15,300.0
2026-01-12 09:57:00,6.75,6.8,6.55,6.55,43875,26.357131,2965950,298.9,300.0
2026-01-12 09:58:00,7.65,8.35,7.65,7.65,119925,26.807018,684450,298.35,297.5
2026-01-12 09:59:00,7.65,7.65,7.65,7.65,2925,26.807746,684450,298.35,297.5
2026-01-12 10:00:00,7.55,7.65,7.5,7.5,11700,26.071924,684450,298.4,297.5
2026-01-12 10:01:00,7.5,7.5,7.5,7.5,0,26.189178,684450,298.35,297.5
2026-01-12 10:02:00,7.55,7.55,7.5,7.55,2925,26.396598,699075,298.35,297.5
2026-01-12 10:03:00,7.55,7.55,7.55,7.55,0,26.164055,699075,298.45,297.5
2026-01-12 10:04:00,6.5,6.5,6.35,6.5,23400,25.947686,2998125,299.0,300.0
2026-01-12 10:05:00,6.75,6.75,6.5,6.75,119925,26.223271,2998125,299.35,300.0
2026-01-12 10:06:00,6.8,6.8,6.75,6.8,29250,26.7485,2998125,299.2,300.0
2026-01-12 10:07:00,6.8,6.9,6.8,6.9,61425,26.836423,2974725,299.35,300.0
2026-01-12 10:08:00,6.95,6.95,6.9,6.95,11700,26.826083,2974725,299.45,300.0
2026-01-12 10:09:00,6.95,6.95,6.9,6.9,43875,27.051848,2974725,299.25,300.0
2026-01-12 10:10:00,6.7,6.9,6.7,6.7,2925,26.872986,2974725,298.95,300.0
2026-01-12 10:11:00,6.55,6.7,6.55,6.55,2925,25.945,2995200,299.1,300.0
2026-01-12 10:12:00,6.6,6.6,6.55,6.55,55575,26.577299,2995200,298.8,300.0
2026-01-12 10:13:00,7.85,7.85,7.85,7.85,0,27.990704,669825,298.2,297.5
2026-01-12 10:14:00,7.6,7.85,7.3,7.3,43875,26.973197,693225,297.65,297.5
2026-01-12 10:15:00,7.3,7.3,7.3,7.3,0,26.748802,693225,297.75,297.5
2026-01-12 10:16:00,7.3,7.3,7.3,7.3,5850,26.523204,693225,297.85,297.5
2026-01-12 10:17:00,7.35,7.35,7.3,7.35,2925,25.696619,722475,298.3,297.5
2026-01-12 10:18:00,6.4,6.4,6.2,6.4,38025,25.864915,3015675,298.85,300.0
2026-01-12 10:19:00,7.85,7.85,7.6,7.85,11700,26.711606,699075,298.75,297.5
2026-01-12 10:20:00,6.75,6.75,6.65,6.75,17550,26.978722,3015675,299.0,300.0
2026-01-12 10:21:00,6.85,6.85,6.75,6.85,29250,26.427464,3015675,299.45,300.0
2026-01-12 10:22:00,6.85,6.85,6.85,6.85,32175,26.212062,3006900,299.55,300.0
2026-01-12 10:23:00,6.9,6.9,6.85,6.9,52650,26.4168,3006900,299.55,300.0
2026-01-12 10:24:00,6.85,6.9,6.85,6.85,5850,26.105017,3006900,299.6,300.0
2026-01-12 10:25:00,6.8,6.85,6.8,6.8,40950,26.655472,3006900,299.25,300.0
2026-01-12 10:26:00,6.75,6.8,6.75,6.75,14625,26.452197,3006900,299.25,300.0
2026-01-12 10:27:00,6.85,6.85,6.75,6.85,14625,25.780087,3006900,299.75,300.0
2026-01-12 10:28:00,6.95,7.0,6.85,7.0,23400,26.72004,2992275,299.6,300.0
2026-01-12 10:29:00,7.0,7.0,7.0,7.0,17550,26.937339,2992275,299.5,300.0
2026-01-12 10:30:00,7.0,7.0,7.0,7.0,14625,26.721478,2992275,299.6,300.0
2026-01-12 10:31:00,6.85,7.0,6.85,6.85,17550,26.970449,2995200,299.2,300.0
2026-01-12 10:32:00,6.85,6.85,6.7,6.7,8775,26.677664,2995200,299.05,300.0
2026-01-12 10:33:00,6.65,6.7,6.65,6.65,2925,26.580037,2995200,299.0,300.0
2026-01-12 10:34:00,7.95,8.1,7.95,7.95,2925,27.607969,663975,298.55,297.5
2026-01-12 10:35:00,7.95,7.95,7.95,7.95,0,28.30523,663975,298.25,297.5
2026-01-12 10:36:00,7.65,7.95,7.65,7.65,5850,26.484596,663975,298.5,297.5
2026-01-12 10:37:00,7.65,7.65,7.65,7.65,0,26.719069,663975,298.4,297.5
2026-01-12 10:38:00,7.65,7.65,7.65,7.65,2925,26.952222,666900,298.3,297.5
2026-01-12 10:39:00,7.5,7.65,7.5,7.5,2925,27.023548,666900,298.0,297.5
2026-01-12 10:40:00,7.5,7.5,7.5,7.5,0,25.512074,666900,298.65,297.5
2026-01-12 10:41:00,7.5,7.5,7.5,7.5,0,26.101165,666900,298.4,297.5
2026-01-12 10:42:00,7.55,7.55,7.5,7.55,5850,26.888298,669825,298.15,297.5
2026-01-12 10:43:00,7.55,7.55,7.55,7.55,0,26.426118,669825,298.35,297.5
2026-01-12 10:44:00,7.55,7.55,7.55,7.55,0,26.42684,672750,298.35,297.5
2026-01-12 10:45:00,7.4,7.55,7.4,7.4,8775,26.385748,672750,298.1,297.5
2026-01-12 10:46:00,7.35,7.4,7.35,7.35,2925,26.977464,672750,297.75,297.5
2026-01-12 10:47:00,7.35,7.35,7.35,7.35,0,26.865166,672750,297.8,297.5
2026-01-12 10:48:00,7.35,7.35,7.35,7.35,0,25.484999,672750,298.4,297.5
2026-01-12 10:49:00,7.35,7.35,7.35,7.35,0,24.657102,672750,298.75,297.5
2026-01-12 10:50:00,6.5,6.5,6.35,6.5,17550,26.190503,3036150,298.9,300.0
2026-01-12 10:51:00,7.35,7.35,7.35,7.35,0,24.89711,672750,298.65,297.5
2026-01-12 10:52:00,7.35,7.35,7.35,7.35,0,25.487803,672750,298.4,297.5
2026-01-12 10:53:00,7.35,7.35,7.35,7.35,0,26.069644,672750,298.15,297.5
2026-01-12 10:54:00,7.3,7.35,7.3,7.3,2925,26.093887,681525,298.05,297.5
2026-01-12 10:55:00,7.3,7.3,7.3,7.3,0,26.323569,681525,297.95,297.5
2026-01-12 10:56:00,7.3,7.3,7.3,7.3,0,26.552002,681525,297.85,297.5
2026-01-12 10:57:00,7.3,7.3,7.3,7.3,0,25.98105,681525,298.1,297.5
2026-01-12 10:58:00,7.3,7.3,7.3,7.3,0,26.666847,681525,297.8,297.5
2026-01-12 10:59:00,7.3,7.3,7.3,7.3,0,26.66757,681525,297.8,297.5
2026-01-12 11:00:00,7.3,7.3,7.3,7.3,0,26.327153,681525,297.95,297.5
2026-01-12 11:01:00,7.3,7.3,7.3,7.3,0,27.119678,681525,297.6,297.5
2026-01-12 11:02:00,7.3,7.3,7.3,7.3,0,26.782849,681525,297.75,297.5
2026-01-12 11:03:00,7.3,7.3,7.3,7.3,0,27.008912,681525,297.65,297.5
2026-01-12 11:04:00,7.0,7.3,7.0,7.0,5850,26.331615,684450,297.4,297.5
2026-01-12 11:05:00,6.85,7.0,6.85,6.85,35100,26.266722,684450,297.15,297.5
2026-01-12 11:06:00,6.85,6.85,6.85,6.85,5850,26.377129,684450,297.1,297.5
2026-01-12 11:07:00,6.85,6.85,6.85,6.85,5850,26.158169,684450,297.2,297.5
2026-01-12 11:08:00,6.85,6.85,6.85,6.85,29250,25.827252,716625,297.35,297.5
2026-01-12 11:09:00,6.9,6.9,6.85,6.9,2925,26.144844,716625,297.3,297.5
2026-01-12 11:10:00,6.9,6.9,6.9,6.9,5850,26.034751,716625,297.35,297.5
2026-01-12 11:11:00,6.9,6.9,6.9,6.9,0,26.36702,716625,297.2,297.5
2026-01-12 11:12:00,6.9,6.9,6.9,6.9,0,26.805958,716625,297.0,297.5
2026-01-12 11:13:00,6.9,6.9,6.9,6.9,0,27.024201,716625,296.9,297.5
2026-01-12 11:14:00,6.9,6.9,6.9,6.9,0,27.456921,716625,296.7,297.5
2026-01-12 11:15:00,6.9,6.9,6.9,6.9,0,27.242155,716625,296.8,297.5
2026-01-12 11:16:00,6.9,6.9,6.9,6.9,0,27.134758,716625,296.85,297.5
2026-01-12 11:17:00,6.9,6.9,6.9,6.9,0,27.135486,716625,296.85,297.5
2026-01-12 11:18:00,6.9,6.9,6.9,6.9,0,27.136217,716625,296.85,297.5
2026-01-12 11:19:00,6.9,6.9,6.9,6.9,14625,27.245076,702000,296.8,297.5
2026-01-12 11:20:00,6.9,6.9,6.9,6.9,0,27.137673,702000,296.85,297.5
2026-01-12 11:21:00,6.75,6.9,6.7,6.7,11700,26.852775,707850,296.6,297.5
2026-01-12 11:22:00,6.6,6.7,6.6,6.6,14625,26.655092,707850,296.5,297.5
2026-01-12 11:23:00,8.1,8.1,8.1,8.1,0,28.055607,1673100,296.25,295.0
2026-01-12 11:24:00,7.8,8.1,7.8,7.8,20475,26.8008,1673100,296.25,295.0
2026-01-12 11:25:00,6.5,6.5,6.5,6.5,0,26.031754,710775,296.6,297.5
2026-01-12 11:26:00,6.7,6.7,6.5,6.7,14625,26.963283,713700,296.55,297.5
2026-01-12 11:27:00,6.7,6.7,6.7,6.7,0,26.318807,713700,296.85,297.5
2026-01-12 11:28:00,6.7,6.7,6.7,6.7,0,26.427691,713700,296.8,297.5
2026-01-12 11:29:00,6.75,6.75,6.7,6.75,20475,26.52623,696150,296.85,297.5
2026-01-12 11:30:00,6.75,6.75,6.75,6.75,0,26.200854,696150,297.0,297.5
2026-01-12 11:31:00,6.75,6.75,6.75,6.75,0,26.635835,696150,296.8,297.5
2026-01-12 11:32:00,6.75,6.75,6.75,6.75,0,26.528377,696150,296.85,297.5
2026-01-12 11:33:00,6.75,6.75,6.75,6.75,0,27.067444,696150,296.6,297.5
2026-01-12 11:34:00,6.75,6.75,6.75,6.75,0,26.312662,696150,296.95,297.5
2026-01-12 11:35:00,6.75,6.75,6.75,6.75,0,25.765754,693225,297.2,297.5
2026-01-12 11:36:00,6.9,6.9,6.75,6.9,5850,26.384867,693225,297.2,297.5
2026-01-12 11:37:00,6.9,6.9,6.9,6.9,0,26.714813,693225,297.05,297.5
2026-01-12 11:38:00,6.9,6.9,6.9,6.9,0,26.715534,693225,297.05,297.5
2026-01-12 11:39:00,6.9,6.9,6.9,6.9,0,26.825464,693225,297.0,297.5
2026-01-12 11:40:00,6.9,6.9,6.9,6.9,0,27.043824,693225,296.9,297.5
2026-01-12 11:41:00,7.75,8.0,7.75,7.75,43875,26.842809,1681875,296.15,295.0
2026-01-12 11:42:00,7.5,7.75,7.5,7.5,23400,26.035242,1681875,296.05,295.0
2026-01-12 11:43:00,7.5,7.5,7.45,7.45,26325,25.945516,1681875,296.0,295.0
2026-01-12 11:44:00,6.15,6.15,6.15,6.15,0,25.240105,699075,296.3,297.5
2026-01-12 11:45:00,7.45,7.45,7.45,7.45,0,25.828092,1681875,296.05,295.0
2026-01-12 11:46:00,7.45,7.45,7.45,7.45,0,25.349694,1681875,296.25,295.0
2026-01-12 11:47:00,6.25,6.25,6.25,6.25,0,24.694491,693225,296.75,297.5
2026-01-12 11:48:00,6.25,6.25,6.25,6.25,0,24.58716,693225,296.8,297.5
2026-01-12 11:49:00,6.25,6.25,6.25,6.25,0,24.479544,684450,296.85,297.5
2026-01-12 11:50:00,6.75,6.75,6.25,6.75,20475,27.079793,684450,296.6,297.5
2026-01-12 11:51:00,6.4,6.75,6.4,6.4,5850,25.744778,684450,296.55,297.5
2026-01-12 11:52:00,6.4,6.4,6.4,6.4,0,25.423896,684450,296.7,297.5
2026-01-12 11:53:00,6.4,6.4,6.4,6.4,0,25.424586,684450,296.7,297.5
2026-01-12 11:54:00,6.4,6.4,6.4,6.4,0,25.532737,684450,296.65,297.5
2026-01-12 11:55:00,6.4,6.4,6.4,6.4,0,25.101963,684450,296.85,297.5
2026-01-12 11:56:00,6.4,6.4,6.4,6.4,0,25.748262,684450,296.55,297.5
2026-01-12 11:57:00,6.4,6.4,6.4,6.4,0,25.21161,684450,296.8,297.5
2026-01-12 11:58:00,6.4,6.4,6.4,6.4,0,24.448347,684450,297.15,297.5
2026-01-12 11:59:00,6.4,6.4,6.4,6.4,0,24.228083,684450,297.25,297.5
2026-01-12 12:00:00,6.95,6.95,6.4,6.95,2925,26.276463,687375,297.35,297.5
2026-01-12 12:01:00,6.95,6.95,6.95,6.95,5850,25.605725,687375,297.65,297.5
2026-01-12 12:02:00,7.0,7.0,6.95,7.0,23400,26.261643,681525,297.45,297.5
2026-01-12 12:03:00,7.0,7.0,7.0,7.0,0,26.262358,681525,297.45,297.5
2026-01-12 12:04:00,6.9,7.0,6.9,6.9,2925,26.624763,681525,297.1,297.5
2026-01-12 12:05:00,6.8,6.9,6.8,6.8,5850,25.993068,690300,297.2,297.5
2026-01-12 12:06:00,6.8,6.8,6.8,6.8,0,25.55041,690300,297.4,297.5
2026-01-12 12:07:00,6.8,6.8,6.8,6.8,0,25.327643,690300,297.5,297.5
2026-01-12 12:08:00,7.15,7.15,6.8,7.15,11700,26.549382,684450,297.6,297.5
2026-01-12 12:09:00,7.15,7.15,7.15,7.15,0,26.774224,684450,297.5,297.5
2026-01-12 12:10:00,6.85,7.15,6.85,6.85,2925,24.630068,684450,297.9,297.5
2026-01-12 12:11:00,6.85,6.85,6.85,6.85,0,25.871572,684450,297.35,297.5
2026-01-12 12:12:00,7.15,7.15,6.85,7.15,14625,25.872669,687375,297.9,297.5
2026-01-12 12:13:00,7.5,7.5,7.15,7.5,2925,26.049877,687375,298.45,297.5
2026-01-12 12:14:00,7.5,7.5,7.5,7.5,2925,25.578346,687375,298.65,297.5
2026-01-12 12:15:00,7.55,7.55,7.5,7.55,8775,26.258787,687375,298.45,297.5
2026-01-12 12:16:00,7.4,7.55,7.4,7.4,8775,25.282719,687375,298.6,297.5
2026-01-12 12:17:00,6.4,6.55,6.2,6.55,52650,25.926987,3232125,299.15,300.0
2026-01-12 12:18:00,6.6,6.6,6.55,6.6,14625,26.02554,3232125,299.2,300.0
2026-01-12 12:19:00,6.6,6.6,6.6,6.6,55575,25.81217,3232125,299.3,300.0
2026-01-12 12:20:00,6.65,6.8,6.6,6.8,40950,25.764297,3208725,299.7,300.0
2026-01-12 12:21:00,6.8,7.0,6.8,7.0,70200,25.922526,3208725,300.0,300.0
2026-01-12 12:22:00,6.95,7.0,6.95,6.95,49725,25.829343,3208725,299.95,300.0
2026-01-12 12:23:00,6.6,6.95,6.6,6.6,2925,25.275078,3182400,299.55,300.0
2026-01-12 12:24:00,6.6,6.6,6.6,6.6,17550,25.49255,3182400,299.45,300.0
2026-01-12 12:25:00,6.75,6.75,6.6,6.75,23400,25.233496,3182400,299.85,300.0
2026-01-12 12:26:00,6.9,6.95,6.75,6.95,14625,25.832162,3199950,299.95,300.0
2026-01-12 12:27:00,7.0,7.0,6.95,7.0,70200,25.92677,3199950,300.0,300.0
2026-01-12 12:28:00,6.95,7.0,6.9,6.9,32175,26.614608,3199950,299.5,300.0
2026-01-12 12:29:00,7.0,7.0,6.9,7.0,49725,26.370024,3199950,299.8,300.0
2026-01-12 12:30:00,6.95,7.0,6.95,6.95,32175,26.385321,3199950,299.7,300.0
2026-01-12 12:31:00,6.9,6.95,6.9,6.9,20475,26.50832,3199950,299.55,300.0
2026-01-12 12:32:00,6.9,7.0,6.9,7.0,14625,26.262134,3205800,299.85,300.0
2026-01-12 12:33:00,7.0,7.2,7.0,7.2,61425,26.861106,3205800,299.95,300.0
2026-01-12 12:34:00,7.1,7.2,7.05,7.05,23400,26.578326,3205800,299.8,300.0
2026-01-12 12:35:00,7.0,7.05,7.0,7.05,46800,26.248155,3211650,299.95,300.0
2026-01-12 12:36:00,7.1,7.1,7.05,7.05,20475,26.689513,3211650,299.75,300.0
2026-01-12 12:37:00,7.2,7.2,7.05,7.05,26325,26.02755,3211650,300.05,300.0
2026-01-12 12:38:00,7.1,7.1,7.05,7.05,11700,26.471187,3232125,299.85,300.0
2026-01-12 12:39:00,6.95,7.05,6.95,6.95,20475,25.730383,3232125,300.0,300.0
2026-01-12 12:40:00,6.85,6.95,6.85,6.85,55575,26.20138,3232125,299.6,300.0
2026-01-12 12:41:00,6.85,6.85,6.85,6.85,17550,26.093067,3232125,299.65,300.0
2026-01-12 12:42:00,7.1,7.1,6.85,7.1,14625,25.675887,3243825,300.3,300.0
2026-01-12 12:43:00,7.25,7.25,7.1,7.25,29250,26.066105,3243825,300.4,300.0
2026-01-12 12:44:00,7.3,7.3,7.2,7.2,26325,25.861587,3220425,300.4,300.0
2026-01-12 12:45:00,7.35,7.35,7.2,7.25,20475,25.840397,3220425,300.5,300.0
2026-01-12 12:46:00,7.4,7.4,7.25,7.4,96525,25.884613,3220425,300.75,300.0
2026-01-12 12:47:00,7.4,7.4,7.4,7.4,26325,26.229784,3185325,300.6,300.0
2026-01-12 12:48:00,7.3,7.4,7.25,7.25,78975,25.956257,3185325,300.45,300.0
2026-01-12 12:49:00,7.25,7.25,7.25,7.25,11700,26.296293,3185325,300.3,300.0
2026-01-12 12:50:00,7.2,7.25,7.2,7.2,2925,25.638561,3185325,300.5,300.0
2026-01-12 12:51:00,7.35,7.35,7.2,7.35,11700,26.255374,3188250,300.5,300.0
2026-01-12 12:52:00,7.3,7.35,7.3,7.3,11700,25.93674,3188250,300.55,300.0
2026-01-12 12:53:00,7.2,7.3,7.2,7.2,17550,26.094004,3182400,300.3,300.0
2026-01-12 12:54:00,7.25,7.35,7.2,7.35,17550,26.143593,3182400,300.55,300.0
2026-01-12 12:55:00,7.25,7.35,7.25,7.3,8775,26.393002,3182400,300.35,300.0
2026-01-12 12:56:00,7.25,7.3,7.25,7.25,2925,25.961953,3182400,300.45,300.0
2026-01-12 12:57:00,7.3,7.35,7.25,7.35,5850,25.916897,3179475,300.65,300.0
2026-01-12 12:58:00,7.4,7.4,7.35,7.4,20475,25.893162,3179475,300.75,300.0
2026-01-12 12:59:00,7.4,7.4,7.35,7.35,8775,26.374758,3179475,300.45,300.0
2026-01-12 13:00:00,7.35,7.35,7.35,7.35,26325,26.601824,3179475,300.35,300.0
2026-01-12 13:01:00,7.2,7.35,7.0,7.0,149175,26.721615,3179475,299.65,300.0
2026-01-12 13:02:00,7.0,7.0,7.0,7.0,0,27.048583,3202875,299.5,300.0
2026-01-12 13:03:00,6.8,7.0,6.8,6.8,11700,25.684869,3202875,299.75,300.0
2026-01-12 13:04:00,6.95,7.0,6.8,7.0,20475,25.952982,3202875,300.0,300.0
2026-01-12 13:05:00,7.25,7.25,7.0,7.25,11700,26.532552,3197025,300.2,300.0
2026-01-12 13:06:00,7.25,7.25,7.25,7.25,8775,25.855303,3197025,300.5,300.0
2026-01-12 13:07:00,7.25,7.25,7.25,7.25,0,26.196391,3197025,300.35,300.0
2026-01-12 13:08:00,7.35,7.35,7.25,7.35,38025,25.809798,3191175,300.7,300.0
2026-01-12 13:09:00,7.45,7.45,7.35,7.45,23400,25.99129,3191175,300.8,300.0
2026-01-12 13:10:00,7.45,7.45,7.45,7.45,0,25.992006,3191175,300.8,300.0
2026-01-12 13:11:00,7.55,7.55,7.45,7.55,14625,26.056413,3188250,300.95,300.0
2026-01-12 13:12:00,7.65,7.65,7.55,7.6,17550,26.495229,3188250,300.85,300.0
2026-01-12 13:13:00,7.45,7.6,7.45,7.45,11700,26.454025,3188250,300.6,300.0
2026-01-12 13:14:00,7.4,7.5,7.4,7.5,81900,26.084969,3194100,300.85,300.0
2026-01-12 13:15:00,7.5,7.5,7.5,7.5,29250,25.969634,3194100,300.9,300.0
2026-01-12 13:16:00,7.6,7.6,7.5,7.6,38025,25.915296,3194100,301.1,300.0
2026-01-12 13:17:00,7.6,7.65,7.6,7.65,17550,26.704695,3191175,300.85,300.0
2026-01-12 13:18:00,7.55,7.65,7.45,7.45,17550,26.22834,3191175,300.7,300.0
2026-01-12 13:19:00,7.45,7.45,7.35,7.35,8775,26.161523,3191175,300.55,300.0
2026-01-12 13:20:00,7.35,7.35,7.35,7.35,0,26.616348,3191175,300.35,300.0
2026-01-12 13:21:00,7.2,7.35,7.2,7.25,40950,26.206432,3191175,300.35,300.0
2026-01-12 13:22:00,7.25,7.25,7.25,7.25,0,26.32002,3191175,300.3,300.0
2026-01-12 13:23:00,7.25,7.25,7.2,7.2,55575,26.115441,3179475,300.3,300.0
2026-01-12 13:24:00,7.2,7.2,7.2,7.2,0,25.662558,3179475,300.5,300.0
2026-01-12 13:25:00,7.25,7.25,7.2,7.2,23400,25.777143,3179475,300.45,300.0
2026-01-12 13:26:00,7.25,7.25,7.2,7.25,11700,26.096833,3191175,300.4,300.0
2026-01-12 13:27:00,7.2,7.25,7.2,7.2,14625,26.455286,3191175,300.15,300.0
2026-01-12 13:28:00,7.2,7.2,7.2,7.2,11700,26.567744,3191175,300.1,300.0
2026-01-12 13:29:00,7.2,7.2,7.2,7.2,0,26.679917,3191175,300.05,300.0
2026-01-12 13:30:00,7.25,7.25,7.2,7.25,2925,26.099696,3188250,300.4,300.0
2026-01-12 13:31:00,7.35,7.35,7.25,7.35,5850,26.284158,3188250,300.5,300.0
2026-01-12 13:32:00,7.4,7.4,7.35,7.35,14625,26.170859,3188250,300.55,300.0
2026-01-12 13:33:00,7.2,7.35,7.2,7.2,20475,26.23524,3188250,300.25,300.0
2026-01-12 13:34:00,7.3,7.3,7.2,7.3,8775,26.080773,3188250,300.5,300.0
2026-01-12 13:35:00,7.45,7.45,7.3,7.45,11700,26.355442,3188250,300.65,300.0
2026-01-12 13:36:00,7.5,7.5,7.45,7.5,58500,26.447075,3188250,300.7,300.0
2026-01-12 13:37:00,7.4,7.5,7.4,7.4,5850,26.607681,3188250,300.45,300.0
2026-01-12 13:38:00,7.25,7.4,7.2,7.2,20475,26.463231,3188250,300.15,300.0
2026-01-12 13:39:00,7.2,7.2,7.2,7.2,5850,26.01393,3159000,300.35,300.0
2026-01-12 13:40:00,7.2,7.2,7.2,7.2,0,25.901369,3159000,300.4,300.0
2026-01-12 13:41:00,7.2,7.2,7.2,7.2,0,25.445773,3159000,300.6,300.0
2026-01-12 13:42:00,7.2,7.2,7.2,7.2,0,26.129041,3159000,300.3,300.0
2026-01-12 13:43:00,7.3,7.3,7.2,7.3,5850,26.765355,3159000,300.2,300.0
2026-01-12 13:44:00,7.15,7.3,7.15,7.2,5850,26.579339,3159000,300.1,300.0
2026-01-12 13:45:00,7.15,7.2,7.15,7.15,2925,26.263022,3156075,300.15,300.0
2026-01-12 13:46:00,7.2,7.2,7.15,7.2,14625,26.469013,3156075,300.15,300.0
2026-01-12 13:47:00,7.2,7.2,7.2,7.2,5850,26.357664,3156075,300.2,300.0
2026-01-12 13:48:00,7.2,7.2,7.2,7.2,0,26.470459,3156075,300.15,300.0
2026-01-12 13:49:00,7.1,7.2,7.1,7.1,5850,26.28404,3141450,300.05,300.0
2026-01-12 13:50:00,7.1,7.1,7.1,7.1,11700,26.284757,3144375,300.05,300.0
2026-01-12 13:51:00,7.15,7.15,7.1,7.15,17550,26.712906,3144375,299.95,300.0
2026-01-12 13:52:00,7.05,7.15,7.05,7.05,5850,26.192282,3144375,300.0,300.0
2026-01-12 13:53:00,7.05,7.05,7.05,7.05,0,25.970049,3144375,300.1,300.0
2026-01-12 13:54:00,7.05,7.05,7.05,7.05,8775,25.970761,3138525,300.1,300.0
2026-01-12 13:55:00,7.05,7.05,7.05,7.05,0,26.19443,3138525,300.0,300.0
2026-01-12 13:56:00,7.1,7.1,7.05,7.1,5850,26.400362,3138525,300.0,300.0
2026-01-12 13:57:00,7.0,7.1,7.0,7.0,14625,26.433232,3141450,299.8,300.0
2026-01-12 13:58:00,7.1,7.1,7.0,7.1,17550,26.401804,3141450,300.0,300.0
2026-01-12 13:59:00,7.1,7.1,7.1,7.1,2925,26.179629,3141450,300.1,300.0
2026-01-12 14:00:00,7.0,7.1,7.0,7.0,2925,25.99277,3132675,300.0,300.0
2026-01-12 14:01:00,7.0,7.0,7.0,7.0,5850,26.10457,3132675,299.95,300.0
2026-01-12 14:02:00,7.0,7.0,7.0,7.0,58500,25.882806,3132675,300.05,300.0
2026-01-12 14:03:00,7.0,7.0,7.0,7.0,0,25.994904,3132675,300.0,300.0
2026-01-12 14:04:00,7.0,7.0,7.0,7.0,0,25.32272,3132675,300.3,300.0
2026-01-12 14:05:00,7.25,7.25,7.0,7.2,11700,25.919175,3147300,300.4,300.0
2026-01-12 14:06:00,7.2,7.2,7.2,7.2,0,26.483479,3147300,300.15,300.0
2026-01-12 14:07:00,7.2,7.2,7.2,7.2,0,25.920601,3147300,300.4,300.0
2026-01-12 14:08:00,7.25,7.25,7.2,7.25,2925,25.555758,3141450,300.65,300.0
2026-01-12 14:09:00,7.25,7.25,7.25,7.25,0,25.209766,3141450,300.8,300.0
2026-01-12 14:10:00,7.4,7.4,7.25,7.35,20475,25.969021,3138525,300.65,300.0
2026-01-12 14:11:00,7.4,7.4,7.25,7.25,11700,25.901567,3138525,300.5,300.0
2026-01-12 14:12:00,7.25,7.25,7.25,7.25,0,25.558584,3150225,300.65,300.0
2026-01-12 14:13:00,7.4,7.4,7.25,7.35,14625,25.971167,3150225,300.65,300.0
2026-01-12 14:14:00,7.35,7.35,7.35,7.35,2925,26.428981,3150225,300.45,300.0
2026-01-12 14:15:00,7.4,7.4,7.35,7.4,2925,26.407568,3144375,300.55,300.0
2026-01-12 14:16:00,7.4,7.4,7.4,7.4,2925,26.06422,3144375,300.7,300.0
2026-01-12 14:17:00,7.4,7.4,7.4,7.4,5850,25.833913,3144375,300.8,300.0
2026-01-12 14:18:00,7.4,7.4,7.4,7.4,14625,26.180675,3144375,300.65,300.0
2026-01-12 14:19:00,7.25,7.4,7.25,7.25,23400,26.586208,3144375,300.2,300.0
2026-01-12 14:20:00,7.25,7.25,7.25,7.25,0,25.793735,3156075,300.55,300.0
2026-01-12 14:21:00,7.4,7.4,7.25,7.35,14625,25.976896,3156075,300.65,300.0
2026-01-12 14:22:00,7.45,7.45,7.35,7.45,2925,26.159244,3156075,300.75,300.0
2026-01-12 14:23:00,7.5,7.5,7.45,7.5,87750,26.134612,3156075,300.85,300.0
2026-01-12 14:24:00,7.55,7.55,7.5,7.55,8775,26.108934,3115125,300.95,300.0
2026-01-12 14:25:00,7.65,7.65,7.55,7.55,26325,25.875696,3115125,301.05,300.0
2026-01-12 14:26:00,7.5,7.55,7.2,7.25,20475,26.026219,3103425,300.45,300.0
2026-01-12 14:27:00,7.2,7.25,7.2,7.2,26325,26.161312,3103425,300.3,300.0
2026-01-12 14:28:00,7.1,7.2,7.1,7.1,8775,26.200427,3103425,300.1,300.0
2026-01-12 14:29:00,7.0,7.1,7.0,7.0,14625,25.565845,3103425,300.2,300.0
2026-01-12 14:30:00,7.0,7.0,7.0,7.0,5850,26.236157,3132675,299.9,300.0
2026-01-12 14:31:00,6.95,7.0,6.95,6.95,5850,25.697972,3132675,300.05,300.0
2026-01-12 14:32:00,6.95,6.95,6.95,6.95,0,25.921363,3132675,299.95,300.0
2026-01-12 14:33:00,6.9,7.0,6.9,7.0,17550,26.016281,3135600,300.0,300.0
2026-01-12 14:34:00,7.0,7.25,7.0,7.25,52650,26.484689,3135600,300.25,300.0
2026-01-12 14:35:00,7.25,7.25,7.25,7.25,0,27.04464,3115125,300.0,300.0
2026-01-12 14:36:00,7.0,7.25,6.85,6.85,26325,26.065417,3115125,299.7,300.0
2026-01-12 14:37:00,6.9,6.9,6.85,6.9,20475,25.608281,3115125,300.0,300.0
2026-01-12 14:38:00,7.2,7.45,6.9,7.45,20475,26.630117,3115125,300.55,300.0
2026-01-12 14:39:00,7.45,7.45,7.45,7.45,5850,26.401818,3106350,300.65,300.0
2026-01-12 14:40:00,7.4,7.45,7.4,7.45,14625,26.402545,3106350,300.65,300.0
2026-01-12 14:41:00,7.4,7.45,7.4,7.4,2925,26.08219,3106350,300.7,300.0
2026-01-12 14:42:00,7.4,7.4,7.4,7.4,5850,26.312729,3103425,300.6,300.0
2026-01-12 14:43:00,7.35,7.4,7.35,7.4,14625,26.427882,3103425,300.55,300.0
2026-01-12 14:44:00,7.45,7.5,7.4,7.45,52650,25.82712,3091725,300.9,300.0
2026-01-12 14:45:00,7.45,7.45,7.45,7.45,0,25.711152,3091725,300.95,300.0
2026-01-12 14:46:00,7.55,7.55,7.45,7.55,73125,26.241323,3091725,300.9,300.0
2026-01-12 14:47:00,7.45,7.55,7.4,7.4,8775,25.739264,3091725,300.85,300.0
2026-01-12 14:48:00,7.4,7.55,7.4,7.55,20475,26.009398,3088800,301.0,300.0
2026-01-12 14:49:00,7.6,7.65,7.55,7.65,20475,25.952962,3088800,301.2,300.0
2026-01-12 14:50:00,7.6,7.65,7.6,7.6,43875,25.86497,3088800,301.15,300.0
2026-01-12 14:51:00,6.35,6.35,6.35,6.35,5850,25.301259,1304550,301.5,302.5
2026-01-12 14:52:00,7.65,7.7,7.65,7.65,20475,26.073204,3085875,301.15,300.0
2026-01-12 14:53:00,6.45,6.45,6.3,6.45,5850,25.286718,1304550,301.7,302.5
2026-01-12 14:54:00,6.55,6.75,6.45,6.75,90675,26.508546,1301625,301.7,302.5
2026-01-12 14:55:00,6.75,6.75,6.75,6.75,0,26.296256,1301625,301.8,302.5
2026-01-12 14:56:00,6.55,6.75,6.55,6.55,8775,25.589469,1301625,301.75,302.5
2026-01-12 14:57:00,6.55,6.55,6.55,6.55,2925,24.29203,1319175,302.35,302.5
2026-01-12 14:58:00,6.75,6.75,6.55,6.75,11700,26.298404,1319175,301.8,302.5
2026-01-12 14:59:00,6.6,6.75,6.6,6.6,20475,25.795117,1319175,301.75,302.5
2026-01-12 15:00:00,6.6,6.6,6.5,6.5,73125,25.388714,1330875,301.75,302.5
2026-01-12 15:01:00,6.55,6.55,6.5,6.55,14625,26.017043,1330875,301.55,302.5
2026-01-12 15:02:00,6.55,6.55,6.55,6.55,5850,25.912111,1330875,301.6,302.5
2026-01-12 15:03:00,6.55,6.55,6.55,6.55,2925,25.912817,1313325,301.6,302.5
2026-01-12 15:04:00,6.55,6.55,6.55,6.55,8775,25.488399,1313325,301.8,302.5
2026-01-12 15:05:00,6.6,6.7,6.55,6.7,26325,25.88575,1313325,301.9,302.5
2026-01-12 15:06:00,6.7,6.7,6.7,6.7,5850,26.100552,1327950,301.8,302.5
2026-01-12 15:07:00,6.65,6.7,6.65,6.65,2925,26.00434,1327950,301.75,302.5
2026-01-12 15:08:00,6.65,6.65,6.65,6.65,0,26.11146,1327950,301.7,302.5
2026-01-12 15:09:00,6.65,6.65,6.65,6.65,0,25.361773,1327950,302.05,302.5
2026-01-12 15:10:00,6.85,6.85,6.65,6.85,11700,25.85166,1336725,302.2,302.5
2026-01-12 15:11:00,6.9,6.9,6.85,6.9,2925,25.947075,1336725,302.25,302.5
2026-01-12 15:12:00,6.9,6.9,6.9,6.9,20475,26.165533,1336725,302.15,302.5
2026-01-12 15:13:00,6.8,6.9,6.8,6.8,2925,26.083542,1348425,302.0,302.5
2026-01-12 15:14:00,6.75,6.8,6.75,6.75,14625,25.98831,1348425,301.95,302.5
2026-01-12 15:15:00,6.75,6.75,6.75,6.75,0,25.447724,1348425,302.2,302.5
2026-01-12 15:16:00,6.85,6.85,6.75,6.85,11700,26.073172,1357200,302.1,302.5
2026-01-12 15:17:00,6.85,6.85,6.85,6.85,0,26.073886,1357200,302.1,302.5
2026-01-12 15:18:00,6.85,6.85,6.85,6.85,0,26.0746,1363050,302.1,302.5
2026-01-12 15:19:00,6.75,6.85,6.75,6.75,5850,25.776148,1363050,302.05,302.5
2026-01-12 15:20:00,6.75,6.75,6.75,6.75,0,25.560046,1363050,302.15,302.5
2026-01-12 15:21:00,6.75,6.75,6.75,6.75,0,25.669293,1368900,302.1,302.5
2026-01-12 15:22:00,6.75,6.75,6.75,6.75,26325,25.452625,1368900,302.2,302.5
2026-01-12 15:23:00,6.75,6.75,6.75,6.75,0,24.572154,1368900,302.6,302.5
2026-01-12 15:24:00,6.75,6.75,6.75,6.75,0,25.344911,1368900,302.25,302.5
2026-01-12 15:25:00,6.75,6.75,6.75,6.75,0,24.906231,1368900,302.45,302.5
2026-01-12 15:26:00,6.75,6.75,6.75,6.75,0,25.346307,1368900,302.25,302.5
2026-01-12 15:27:00,6.75,6.75,6.75,6.75,43875,25.237598,1368900,302.3,302.5
2026-01-12 15:28:00,6.7,6.75,6.7,6.7,2925,24.259868,1365975,302.65,302.5
2026-01-12 15:29:00,6.8,6.8,6.7,6.7,14625,23.583969,1365975,302.95,302.5
2026-01-13 09:15:00,6.55,6.75,6.55,6.75,14625,26.452933,1365975,302.1,302.5
2026-01-13 09:16:00,6.3,6.75,6.3,6.3,38025,24.684782,1392300,302.05,302.5
2026-01-13 09:17:00,6.9,6.9,6.3,6.9,17550,25.271769,1392300,302.9,302.5
2026-01-13 09:18:00,6.65,6.9,6.65,6.65,17550,24.800239,1392300,302.65,302.5
2026-01-13 09:19:00,6.7,6.7,6.65,6.7,8775,24.895881,1401075,302.7,302.5
2026-01-13 09:20:00,6.65,6.7,6.65,6.65,5850,25.368696,1401075,302.4,302.5
2026-01-13 09:21:00,6.75,6.75,6.65,6.75,8775,23.826763,1401075,303.25,302.5
2026-01-13 09:22:00,6.95,6.95,6.75,6.95,20475,24.902981,1398150,303.15,302.5
2026-01-13 09:23:00,6.95,6.95,6.95,6.95,0,23.712055,1398150,303.65,302.5
2026-01-13 09:24:00,7.15,7.15,6.95,7.15,14625,24.796522,1398150,303.55,302.5
2026-01-13 09:25:00,6.95,7.15,6.95,6.95,32175,25.255376,1412775,303.0,302.5
2026-01-13 09:26:00,6.75,6.95,6.75,6.75,11700,25.22455,1412775,302.65,302.5
2026-01-13 09:27:00,6.4,6.75,6.4,6.4,26325,25.110448,1412775,302.05,302.5
2026-01-13 09:28:00,6.4,6.4,6.4,6.4,0,25.441851,1415700,301.9,302.5
2026-01-13 09:29:00,6.35,6.4,6.35,6.35,14625,25.670718,1415700,301.7,302.5
2026-01-13 09:30:00,6.35,6.35,6.35,6.35,5850,24.121384,1415700,302.4,302.5
2026-01-13 09:31:00,6.4,6.4,6.35,6.4,38025,25.00253,1418625,302.1,302.5
2026-01-13 09:32:00,6.0,6.4,6.0,6.0,102375,24.96505,1418625,301.35,302.5
2026-01-13 09:33:00,6.0,6.0,6.0,6.0,14625,24.965767,1418625,301.35,302.5
2026-01-13 09:34:00,5.95,6.0,5.85,5.85,20475,24.446335,1424475,301.3,302.5
2026-01-13 09:35:00,6.25,6.25,5.85,6.25,40950,24.155813,1424475,302.2,302.5
2026-01-13 09:36:00,6.15,6.25,6.15,6.15,23400,23.738436,1424475,302.2,302.5
2026-01-13 09:37:00,6.1,6.15,6.1,6.1,11700,24.304693,1433250,301.85,302.5
2026-01-13 09:38:00,6.1,6.1,6.1,6.1,8775,24.849761,1433250,301.6,302.5
2026-01-13 09:39:00,7.4,7.4,7.4,7.4,0,25.613995,2881125,301.25,300.0
2026-01-13 09:40:00,7.0,7.4,7.0,7.0,78975,24.279643,2892825,301.1,300.0
2026-01-13 09:41:00,7.05,7.05,7.0,7.05,70200,25.214671,2892825,300.8,300.0
2026-01-13 09:42:00,7.05,7.05,7.05,7.05,49725,25.334378,2892825,300.75,300.0
2026-01-13 09:43:00,6.9,7.05,6.9,6.9,55575,24.699656,2954250,300.75,300.0
2026-01-13 09:44:00,5.95,5.95,5.6,5.95,35100,24.550539,1439100,301.45,302.5
2026-01-13 09:45:00,6.35,6.35,5.95,6.35,20475,23.905462,1439100,302.5,302.5
2026-01-13 09:46:00,6.45,6.45,6.35,6.45,32175,24.09712,1439100,302.6,302.5
2026-01-13 09:47:00,6.4,6.45,6.4,6.4,29250,24.002466,1439100,302.55,302.5
2026-01-13 09:48:00,6.35,6.4,6.35,6.35,26325,24.2468,1439100,302.35,302.5
2026-01-13 09:49:00,6.3,6.35,6.3,6.3,14625,24.37475,1439100,302.2,302.5
2026-01-13 09:50:00,6.25,6.3,6.25,6.25,2925,24.0545,1453725,302.25,302.5
2026-01-13 09:51:00,6.45,6.45,6.25,6.45,8775,24.328293,1453725,302.5,302.5
2026-01-13 09:52:00,6.45,6.45,6.45,6.45,8775,24.442331,1453725,302.45,302.5
2026-01-13 09:53:00,6.45,6.45,6.45,6.45,0,25.116333,1453725,302.15,302.5
2026-01-13 09:54:00,6.3,6.45,6.3,6.3,11700,25.152624,1453725,301.85,302.5
2026-01-13 09:55:00,6.1,6.3,6.1,6.1,11700,24.861931,1453725,301.6,302.5
2026-01-13 09:56:00,7.1,7.35,7.1,7.1,20475,24.594638,2927925,301.15,300.0
2026-01-13 09:57:00,7.1,7.1,7.1,7.1,5850,24.473349,2927925,301.2,300.0
2026-01-13 09:58:00,5.95,6.05,5.95,5.95,23400,24.881355,1453725,301.3,302.5
2026-01-13 09:59:00,7.15,7.2,7.15,7.15,52650,25.052031,2930850,301.05,300.0
2026-01-13 10:00:00,5.75,5.85,5.75,5.8,26325,24.255584,1447875,301.3,302.5
2026-01-13 10:01:00,6.0,6.0,5.8,6.0,46800,24.66408,1442025,301.5,302.5
2026-01-13 10:02:00,6.15,6.15,6.0,6.15,32175,24.531341,1442025,301.85,302.5
2026-01-13 10:03:00,6.1,6.15,6.1,6.1,23400,25.191115,1442025,301.45,302.5
2026-01-13 10:04:00,6.1,6.1,6.1,6.1,5850,25.084288,1442025,301.5,302.5
2026-01-13 10:05:00,6.1,6.1,6.1,6.1,2925,24.543151,1456650,301.75,302.5
2026-01-13 10:06:00,6.1,6.1,6.1,6.1,0,25.08573,1456650,301.5,302.5
2026-01-13 10:07:00,6.1,6.1,6.1,6.1,5850,25.19401,1459575,301.45,302.5
2026-01-13 10:08:00,6.1,6.1,6.05,6.05,8775,24.770297,1459575,301.55,302.5
2026-01-13 10:09:00,6.05,6.05,6.05,6.05,0,24.662913,1459575,301.6,302.5
2026-01-13 10:10:00,5.95,6.05,5.95,5.95,26325,24.353606,1474200,301.55,302.5
2026-01-13 10:11:00,6.0,6.0,5.95,6.0,8775,24.778741,1474200,301.45,302.5
2026-01-13 10:12:00,6.05,6.05,6.0,6.05,26325,24.773154,1474200,301.55,302.5
2026-01-13 10:13:00,6.05,6.05,6.05,6.05,2925,24.98926,1465425,301.45,302.5
2026-01-13 10:14:00,7.1,7.3,7.1,7.1,23400,24.971424,2930850,301.0,300.0
2026-01-13 10:15:00,7.1,7.1,7.1,7.1,23400,24.608412,2930850,301.15,300.0
2026-01-13 10:16:00,7.1,7.1,7.1,7.1,0,25.333135,2930850,300.85,300.0
2026-01-13 10:17:00,7.1,7.1,7.1,7.1,0,24.973623,2963025,301.0,300.0
2026-01-13 10:18:00,7.1,7.1,7.1,7.1,61425,25.094823,2963025,300.95,300.0
2026-01-13 10:19:00,7.1,7.1,7.1,7.1,0,24.611313,2963025,301.15,300.0
2026-01-13 10:20:00,5.85,5.85,5.85,5.85,0,23.725937,1474200,301.65,302.5
2026-01-13 10:21:00,6.2,6.2,5.85,6.2,8775,23.866973,1450800,302.25,302.5
2026-01-13 10:22:00,6.2,6.2,6.2,6.2,0,24.202609,1450800,302.1,302.5
2026-01-13 10:23:00,6.35,6.35,6.2,6.35,5850,24.608122,1447875,302.2,302.5
2026-01-13 10:24:00,6.3,6.35,6.3,6.3,2925,24.73343,1447875,302.05,302.5
2026-01-13 10:25:00,6.3,6.3,6.3,6.3,0,24.84483,1447875,302.0,302.5
2026-01-13 10:26:00,6.35,6.35,6.3,6.35,2925,24.047677,1447875,302.45,302.5
2026-01-13 10:27:00,6.4,6.4,6.35,6.4,23400,24.596239,1447875,302.3,302.5
2026-01-13 10:28:00,6.35,6.4,6.35,6.35,2925,24.275096,1450800,302.35,302.5
2026-01-13 10:29:00,6.35,6.35,6.35,6.35,0,23.936281,1450800,302.5,302.5
2026-01-13 10:30:00,6.35,6.35,6.35,6.35,0,23.708943,1450800,302.6,302.5
2026-01-13 10:31:00,6.45,6.45,6.35,6.45,14625,24.695993,1450800,302.35,302.5
2026-01-13 10:32:00,6.45,6.45,6.45,6.45,0,24.809166,1450800,302.3,302.5
2026-01-13 10:33:00,6.4,6.45,6.4,6.4,11700,24.375224,1442025,302.4,302.5
2026-01-13 10:34:00,6.3,6.4,6.3,6.3,5850,24.518295,1442025,302.15,302.5
2026-01-13 10:35:00,6.2,6.3,6.2,6.2,14625,24.654149,1442025,301.9,302.5
2026-01-13 10:36:00,6.15,6.2,6.15,6.15,5850,23.780103,1442025,302.2,302.5
2026-01-13 10:37:00,6.3,6.3,6.15,6.3,5850,24.520434,1442025,302.15,302.5
2026-01-13 10:38:00,6.3,6.3,6.3,6.3,0,24.964601,1442025,301.95,302.5
2026-01-13 10:39:00,6.3,6.3,6.3,6.3,0,25.185288,1442025,301.85,302.5
2026-01-13 10:40:00,6.3,6.3,6.3,6.3,0,25.51385,1433250,301.7,302.5
2026-01-13 10:41:00,6.0,6.3,6.0,6.0,5850,25.014602,1433250,301.35,302.5
2026-01-13 10:42:00,6.05,6.05,6.0,6.05,5850,25.224586,1433250,301.35,302.5
2026-01-13 10:43:00,6.05,6.05,6.05,6.05,0,25.118212,1433250,301.4,302.5
2026-01-13 10:44:00,6.0,6.05,6.0,6.0,2925,24.043106,1436175,301.8,302.5
2026-01-13 10:45:00,7.3,7.4,7.3,7.3,70200,25.237682,2992275,301.25,300.0
2026-01-13 10:46:00,7.25,7.3,7.25,7.25,2925,25.269389,2992275,301.15,300.0
2026-01-13 10:47:00,5.8,5.8,5.8,5.8,0,24.288538,1433250,301.3,302.5
2026-01-13 10:48:00,7.2,7.25,7.2,7.2,20475,25.421393,3033225,301.0,300.0
2026-01-13 10:49:00,5.95,6.0,5.95,5.95,2925,24.811064,1433250,301.35,302.5
2026-01-13 10:50:00,6.1,6.1,5.95,6.1,2925,25.117517,1430325,301.5,302.5
2026-01-13 10:51:00,6.15,6.15,6.1,6.15,2925,25.542585,1430325,301.4,302.5
2026-01-13 10:52:00,6.1,6.15,6.1,6.1,2925,25.441151,1430325,301.35,302.5
2026-01-13 10:53:00,6.1,6.1,6.1,6.1,0,25.441882,1430325,301.35,302.5
2026-01-13 10:54:00,7.1,7.45,7.1,7.1,32175,25.9548,3027375,300.6,300.0
2026-01-13 10:55:00,7.1,7.1,7.1,7.1,32175,25.719216,3027375,300.7,300.0
2026-01-13 10:56:00,7.1,7.1,7.1,7.1,0,25.719964,3042000,300.7,300.0
2026-01-13 10:57:00,7.15,7.15,7.1,7.15,8775,26.16893,3042000,300.6,300.0
2026-01-13 10:58:00,7.05,7.15,7.05,7.05,2925,25.509413,3042000,300.7,300.0
2026-01-13 10:59:00,7.15,7.15,7.05,7.15,8775,26.052519,3036150,300.65,300.0
2026-01-13 11:00:00,7.15,7.15,7.15,7.15,2925,25.697384,3036150,300.8,300.0
2026-01-13 11:01:00,7.2,7.2,7.15,7.2,8775,25.791054,3036150,300.85,300.0
2026-01-13 11:02:00,7.1,7.2,7.1,7.1,23400,25.960833,3068325,300.6,300.0
2026-01-13 11:03:00,7.05,7.1,7.05,7.05,17550,25.63158,3068325,300.65,300.0
2026-01-13 11:04:00,7.2,7.2,7.05,7.2,49725,26.150047,3068325,300.7,300.0
2026-01-13 11:05:00,7.15,7.2,7.15,7.15,5850,26.057061,3103425,300.65,300.0
2026-01-13 11:06:00,7.0,7.15,7.0,7.0,11700,25.892392,3103425,300.45,300.0
2026-01-13 11:07:00,7.0,7.0,7.0,7.0,131625,25.776008,3214575,300.5,300.0
2026-01-13 11:08:00,7.0,7.0,7.0,7.0,5850,25.893894,3214575,300.45,300.0
2026-01-13 11:09:00,7.1,7.1,7.0,7.1,11700,26.083801,3214575,300.55,300.0
2026-01-13 11:10:00,7.05,7.1,7.05,7.05,23400,25.754916,3214575,300.6,300.0
2026-01-13 11:11:00,7.05,7.05,7.05,7.05,0,25.755667,3214575,300.6,300.0
2026-01-13 11:12:00,7.15,7.15,7.05,7.15,8775,25.706382,3235050,300.8,300.0
2026-01-13 11:13:00,7.15,7.15,7.15,7.15,43875,26.063119,3235050,300.65,300.0
2026-01-13 11:14:00,7.3,7.3,7.15,7.3,35100,25.259211,3217500,301.25,300.0
2026-01-13 11:15:00,7.35,7.35,7.3,7.35,23400,25.837865,3217500,301.1,300.0
2026-01-13 11:16:00,7.35,7.4,7.35,7.4,84825,26.05132,3217500,301.1,300.0
2026-01-13 11:17:00,7.25,7.4,7.25,7.25,2925,25.895842,3205800,300.9,300.0
2026-01-13 11:18:00,7.05,7.25,7.05,7.05,46800,25.524312,3205800,300.7,300.0
2026-01-13 11:19:00,7.1,7.1,7.05,7.1,5850,25.737211,3205800,300.7,300.0
2026-01-13 11:20:00,7.1,7.1,7.1,7.1,0,25.619202,3232125,300.75,300.0
2026-01-13 11:21:00,7.1,7.1,7.1,7.1,0,25.261478,3232125,300.9,300.0
2026-01-13 11:22:00,7.1,7.1,7.1,7.1,0,25.021353,3232125,301.0,300.0
2026-01-13 11:23:00,7.1,7.1,7.1,7.1,0,25.022091,3232125,301.0,300.0
2026-01-13 11:24:00,7.1,7.1,7.1,7.1,0,25.2637,3235050,300.9,300.0
2026-01-13 11:25:00,7.25,7.25,7.1,7.25,38025,25.661608,3235050,301.0,300.0
2026-01-13 11:26:00,7.25,7.25,7.25,7.25,0,25.782688,3252600,300.95,300.0
2026-01-13 11:27:00,7.2,7.25,7.2,7.2,5850,25.450452,3252600,301.0,300.0
2026-01-13 11:28:00,7.2,7.2,7.2,7.2,0,25.451201,3252600,301.0,300.0
2026-01-13 11:29:00,7.15,7.2,7.15,7.15,8775,25.719143,3252600,300.8,300.0
2026-01-13 11:30:00,7.15,7.15,7.15,7.15,0,25.600473,3252600,300.85,300.0
2026-01-13 11:31:00,7.15,7.15,7.15,7.15,0,25.481432,3252600,300.9,300.0
2026-01-13 11:32:00,7.15,7.15,7.15,7.15,2925,25.241469,3252600,301.0,300.0
2026-01-13 11:33:00,7.15,7.15,7.15,7.15,0,25.722149,3252600,300.8,300.0
2026-01-13 11:34:00,7.05,7.15,7.05,7.05,35100,25.298123,3252600,300.8,300.0
2026-01-13 11:35:00,7.05,7.05,7.05,7.05,0,25.298866,3252600,300.8,300.0
2026-01-13 11:36:00,6.95,7.05,6.95,6.95,20475,25.231867,3278925,300.65,300.0
2026-01-13 11:37:00,6.95,6.95,6.95,6.95,8775,25.703805,3278925,300.45,300.0
2026-01-13 11:38:00,6.85,6.95,6.85,6.85,23400,24.80883,3302325,300.65,300.0
2026-01-13 11:39:00,6.9,6.9,6.85,6.9,2925,25.258306,3302325,300.55,300.0
2026-01-13 11:40:00,6.9,6.9,6.9,6.9,0,24.784628,3302325,300.75,300.0
2026-01-13 11:41:00,7.05,7.05,6.9,7.05,23400,25.063678,3299400,300.9,300.0
2026-01-13 11:42:00,7.0,7.05,7.0,7.0,26325,25.210935,3299400,300.75,300.0
2026-01-13 11:43:00,6.95,7.0,6.95,6.95,2925,25.23704,3299400,300.65,300.0
2026-01-13 11:44:00,6.95,6.95,6.95,6.95,0,25.709045,3299400,300.45,300.0
2026-01-13 11:45:00,7.0,7.0,6.95,7.0,2925,25.804527,3319875,300.5,300.0
2026-01-13 11:46:00,7.0,7.0,7.0,7.0,11700,25.805279,3319875,300.5,300.0
2026-01-13 11:47:00,7.0,7.0,7.0,7.0,0,25.806031,3316950,300.5,300.0
2026-01-13 11:48:00,6.9,7.0,6.9,6.9,5850,25.382676,3316950,300.5,300.0
2026-01-13 11:49:00,6.9,6.9,6.9,6.9,2925,25.383417,3316950,300.5,300.0
2026-01-13 11:50:00,6.9,6.9,6.9,6.9,17550,25.735257,3314025,300.35,300.0
2026-01-13 11:51:00,6.9,6.9,6.9,6.9,0,25.502279,3314025,300.45,300.0
2026-01-13 11:52:00,7.05,7.05,6.9,7.05,26325,26.021831,3314025,300.5,300.0
2026-01-13 11:53:00,7.05,7.05,7.05,7.05,0,26.605201,3314025,300.25,300.0
2026-01-13 11:54:00,6.95,7.05,6.95,6.95,17550,26.298102,3314025,300.2,300.0
2026-01-13 11:55:00,6.85,6.95,6.85,6.85,2925,25.17575,3314025,300.5,300.0
2026-01-13 11:56:00,7.0,7.0,6.85,7.0,5850,25.221289,3316950,300.75,300.0
2026-01-13 11:57:00,7.0,7.0,7.0,7.0,0,25.222028,3316950,300.75,300.0
2026-01-13 11:58:00,7.0,7.0,7.0,7.0,2925,25.46045,3316950,300.65,300.0
2026-01-13 11:59:00,6.9,7.0,6.9,6.9,2925,25.742,3314025,300.35,300.0
2026-01-13 12:00:00,6.75,6.9,6.75,6.75,49725,25.571091,3314025,300.15,300.0
2026-01-13 12:01:00,6.7,6.75,6.7,6.7,11700,25.012231,3314025,300.3,300.0
2026-01-13 12:02:00,6.8,6.8,6.7,6.8,2925,25.43683,3354975,300.3,300.0
2026-01-13 12:03:00,6.8,6.8,6.8,6.8,0,25.900278,3354975,300.1,300.0
2026-01-13 12:04:00,6.75,6.8,6.75,6.75,23400,25.918822,3354975,300.0,300.0
2026-01-13 12:05:00,6.85,6.85,6.75,6.85,23400,25.998355,3384225,300.15,300.0
2026-01-13 12:06:00,6.7,6.85,6.7,6.7,17550,25.132186,3384225,300.25,300.0
2026-01-13 12:07:00,6.7,6.7,6.7,6.7,0,25.479795,3384225,300.1,300.0
2026-01-13 12:08:00,6.8,6.8,6.7,6.8,5850,25.441282,3393000,300.3,300.0
2026-01-13 12:09:00,6.85,6.85,6.8,6.85,8775,25.42071,3393000,300.4,300.0
2026-01-13 12:10:00,6.8,6.85,6.8,6.8,14625,25.790337,3393000,300.15,300.0
2026-01-13 12:11:00,6.65,6.8,6.65,6.65,17550,25.729154,3398850,299.9,300.0
2026-01-13 12:12:00,6.65,6.65,6.65,6.65,17550,26.183118,3398850,299.7,300.0
2026-01-13 12:13:00,6.5,6.65,6.5,6.5,2925,25.661942,3398850,299.65,300.0
2026-01-13 12:14:00,6.5,6.5,6.5,6.5,43875,25.887062,3442725,299.55,300.0
2026-01-13 12:15:00,6.35,6.5,6.35,6.35,14625,24.916158,3442725,299.7,300.0
2026-01-13 12:16:00,6.55,6.55,6.35,6.55,40950,25.080951,3442725,300.0,300.0
2026-01-13 12:17:00,6.55,6.55,6.55,6.55,0,25.081684,3442725,300.0,300.0
2026-01-13 12:18:00,6.65,6.7,6.55,6.7,8775,25.717627,3445650,300.0,300.0
2026-01-13 12:19:00,6.8,6.8,6.7,6.8,23400,25.565659,3445650,300.25,300.0
2026-01-13 12:20:00,6.8,6.8,6.8,6.8,0,25.913063,3445650,300.1,300.0
2026-01-13 12:21:00,6.8,6.8,6.8,6.8,0,26.143328,3451500,300.0,300.0
2026-01-13 12:22:00,6.8,6.8,6.8,6.8,0,25.567896,3451500,300.25,300.0
2026-01-13 12:23:00,6.8,6.8,6.8,6.8,0,25.800085,3448575,300.15,300.0
2026-01-13 12:24:00,6.8,6.8,6.8,6.8,0,25.916074,3448575,300.1,300.0
2026-01-13 12:25:00,6.8,6.8,6.8,6.8,0,25.337347,3448575,300.35,300.0
2026-01-13 12:26:00,6.8,6.8,6.8,6.8,17550,24.631337,3448575,300.65,300.0
2026-01-13 12:27:00,7.05,7.05,6.8,7.05,43875,25.097621,3448575,300.9,300.0
2026-01-13 12:28:00,7.15,7.15,7.05,7.15,14625,25.643982,3448575,300.85,300.0
2026-01-13 12:29:00,7.25,7.25,7.15,7.25,43875,25.224022,3431025,301.2,300.0
2026-01-13 12:30:00,7.15,7.25,7.15,7.15,5850,25.76505,3431025,300.8,300.0
2026-01-13 12:31:00,7.15,7.15,7.15,7.15,0,25.164224,3431025,301.05,300.0
2026-01-13 12:32:00,6.0,6.0,5.95,6.0,5850,24.337773,1395225,301.7,302.5
2026-01-13 12:33:00,6.3,6.3,6.0,6.3,20475,25.378302,1395225,301.8,302.5
2026-01-13 12:34:00,6.2,6.3,6.2,6.2,5850,25.504434,1395225,301.55,302.5
2026-01-13 12:35:00,6.2,6.2,6.2,6.2,0,25.288009,1395225,301.65,302.5
2026-01-13 12:36:00,6.2,6.2,6.2,6.2,0,25.505907,1383525,301.55,302.5
2026-01-13 12:37:00,6.2,6.2,6.2,6.2,0,25.722748,1383525,301.45,302.5
2026-01-13 12:38:00,6.2,6.2,6.2,6.2,0,25.615564,1383525,301.5,302.5
2026-01-13 12:39:00,6.2,6.2,6.2,6.2,0,25.616306,1383525,301.5,302.5
2026-01-13 12:40:00,7.3,7.3,7.3,7.3,0,25.445634,3229200,301.2,300.0
2026-01-13 12:41:00,7.15,7.3,7.15,7.15,5850,24.805973,3229200,301.2,300.0
2026-01-13 12:42:00,7.15,7.15,7.15,7.15,0,25.172388,3229200,301.05,300.0
2026-01-13 12:43:00,5.85,5.85,5.85,5.85,0,24.258276,1389375,301.45,302.5
2026-01-13 12:44:00,6.0,6.0,5.85,6.0,14625,24.888529,1389375,301.45,302.5
2026-01-13 12:45:00,7.15,7.2,7.15,7.15,2925,25.053114,3214575,301.1,300.0
2026-01-13 12:46:00,7.15,7.15,7.15,7.15,0,25.053854,3214575,301.1,300.0
2026-01-13 12:47:00,7.15,7.15,7.15,7.15,0,24.932691,3214575,301.15,300.0
2026-01-13 12:48:00,6.95,7.15,6.95,6.95,17550,24.68713,3211650,300.9,300.0
2026-01-13 12:49:00,6.85,6.95,6.85,6.95,5850,24.928219,3211650,300.8,300.0
2026-01-13 12:50:00,6.85,6.95,6.85,6.85,29250,25.21636,3214575,300.5,300.0
2026-01-13 12:51:00,6.75,6.85,6.75,6.75,11700,24.674134,3214575,300.55,300.0
2026-01-13 12:52:00,6.7,6.75,6.7,6.7,8775,24.580495,3214575,300.5,300.0
2026-01-13 12:53:00,6.65,6.7,6.65,6.65,40950,24.48662,3235050,300.45,300.0
2026-01-13 12:54:00,6.65,6.65,6.65,6.65,14625,24.013492,3235050,300.65,300.0
2026-01-13 12:55:00,6.75,6.75,6.65,6.75,8775,24.677043,3235050,300.55,300.0
2026-01-13 12:56:00,6.75,6.75,6.75,6.75,0,25.264772,3235050,300.3,300.0
2026-01-13 12:57:00,6.75,6.75,6.75,6.75,0,24.91437,3235050,300.45,300.0
2026-01-13 12:58:00,6.6,6.75,6.6,6.6,2925,24.746077,3249675,300.25,300.0
2026-01-13 12:59:00,6.45,6.6,6.45,6.45,32175,24.917531,3258450,299.9,300.0
2026-01-13 13:00:00,6.35,6.45,6.35,6.35,73125,24.265266,3258450,300.0,300.0
2026-01-13 13:01:00,6.4,6.4,6.35,6.4,11700,24.934867,3258450,299.8,300.0
2026-01-13 13:02:00,6.3,6.4,6.3,6.3,2925,24.398086,3287700,299.85,300.0
2026-01-13 13:03:00,6.3,6.3,6.3,6.3,0,24.284665,3287700,299.9,300.0
2026-01-13 13:04:00,6.3,6.35,6.3,6.35,49725,24.497319,3287700,299.9,300.0
2026-01-13 13:05:00,6.25,6.35,6.25,6.25,46800,23.84475,3337425,300.0,300.0
2026-01-13 13:06:00,6.25,6.25,6.25,6.25,0,24.074846,3337425,299.9,300.0
2026-01-13 13:07:00,6.35,6.35,6.25,6.35,23400,24.270265,3337425,300.0,300.0
2026-01-13 13:08:00,6.4,6.4,6.35,6.4,11700,24.252544,3334500,300.1,300.0
2026-01-13 13:09:00,6.4,6.4,6.4,6.4,0,23.788081,3334500,300.3,300.0
2026-01-13 13:10:00,6.4,6.4,6.4,6.4,0,23.436033,3334500,300.45,300.0
2026-01-13 13:11:00,6.4,6.4,6.4,6.4,0,24.254686,3337425,300.1,300.0
2026-01-13 13:12:00,6.4,6.4,6.4,6.4,0,23.907037,3337425,300.25,300.0
2026-01-13 13:13:00,6.5,6.5,6.4,6.5,58500,24.910716,3337425,300.0,300.0
2026-01-13 13:14:00,6.5,6.5,6.5,6.5,0,25.481525,3314025,299.75,300.0
2026-01-13 13:15:00,6.5,6.5,6.5,6.5,0,25.141168,3314025,299.9,300.0
2026-01-13 13:16:00,6.25,6.5,6.25,6.25,26325,24.536796,3314025,299.7,300.0
2026-01-13 13:17:00,6.25,6.25,6.25,6.25,0,24.424287,3325725,299.75,300.0
2026-01-13 13:18:00,6.25,6.25,6.25,6.25,0,24.19757,3325725,299.85,300.0
2026-01-13 13:19:00,6.25,6.25,6.25,6.25,0,24.42572,3325725,299.75,300.0
2026-01-13 13:20:00,6.35,6.35,6.25,6.35,14625,24.394359,3328650,299.95,300.0
2026-01-13 13:21:00,6.35,6.35,6.35,6.35,0,24.049626,3328650,300.1,300.0
2026-01-13 13:22:00,6.45,6.45,6.35,6.45,29250,24.705196,3328650,300.0,300.0
2026-01-13 13:23:00,6.55,6.55,6.45,6.55,8775,23.608274,3340350,300.65,300.0
2026-01-13 13:24:00,6.6,6.6,6.55,6.6,17550,24.414116,3340350,300.4,300.0
2026-01-13 13:25:00,6.5,6.6,6.5,6.5,8775,24.919476,3340350,300.0,300.0
2026-01-13 13:26:00,6.5,6.5,6.5,6.5,0,23.754366,3340350,300.5,300.0
2026-01-13 13:27:00,6.75,6.75,6.5,6.75,17550,24.343547,3340350,300.7,300.0
2026-01-13 13:28:00,6.75,6.75,6.75,6.75,0,24.701079,3340350,300.55,300.0
2026-01-13 13:29:00,6.75,6.75,6.75,6.75,0,24.820001,3340350,300.5,300.0
2026-01-13 13:30:00,6.45,6.75,6.45,6.45,14625,23.662723,3337425,300.45,300.0
2026-01-13 13:31:00,6.45,6.45,6.45,6.45,0,23.663427,3337425,300.45,300.0
2026-01-13 13:32:00,6.4,6.45,6.4,6.4,8775,24.037725,3337425,300.2,300.0
2026-01-13 13:33:00,6.4,6.4,6.4,6.4,5850,24.730267,3346200,299.9,300.0
2026-01-13 13:34:00,6.4,6.4,6.4,6.4,0,23.452797,3346200,300.45,300.0
2026-01-13 13:35:00,6.65,6.65,6.4,6.65,11700,24.16188,3349125,300.6,300.0
2026-01-13 13:36:00,6.65,6.65,6.65,6.65,0,24.281347,3349125,300.55,300.0
2026-01-13 13:37:00,6.6,6.65,6.6,6.6,23400,24.305782,3349125,300.45,300.0
2026-01-13 13:38:00,6.6,6.6,6.6,6.6,2925,25.00744,3357900,300.15,300.0
2026-01-13 13:39:00,6.45,6.6,6.45,6.45,14625,23.787013,3357900,300.4,300.0
2026-01-13 13:40:00,6.4,6.45,6.4,6.4,5850,23.92687,3357900,300.25,300.0
2026-01-13 13:41:00,6.35,6.4,6.35,6.35,5850,23.947946,3360825,300.15,300.0
2026-01-13 13:42:00,6.4,6.5,6.35,6.5,14625,24.469659,3360825,300.2,300.0
2026-01-13 13:43:00,6.5,6.5,6.5,6.5,0,24.237174,3360825,300.3,300.0
2026-01-13 13:44:00,6.55,6.7,6.5,6.7,35100,24.14275,3372525,300.7,300.0
2026-01-13 13:45:00,6.65,6.7,6.65,6.65,2925,24.287824,3372525,300.55,300.0
2026-01-13 13:46:00,6.65,6.65,6.65,6.65,14625,23.931066,3372525,300.7,300.0
2026-01-13 13:47:00,6.65,6.65,6.65,6.65,0,23.691485,3372525,300.8,300.0
2026-01-13 13:48:00,6.7,6.7,6.65,6.7,29250,24.145619,3378375,300.7,300.0
2026-01-13 13:49:00,6.7,6.7,6.65,6.65,20475,23.6929,3378375,300.8,300.0
2026-01-13 13:50:00,6.65,6.65,6.65,6.65,0,23.085552,3378375,301.05,300.0
2026-01-13 13:51:00,6.85,6.85,6.65,6.85,43875,23.57333,3363750,301.2,300.0
2026-01-13 13:52:00,5.7,5.7,5.7,5.7,23400,23.891666,1392300,301.35,302.5
2026-01-13 13:53:00,6.95,6.95,6.8,6.8,26325,23.483918,3363750,301.15,300.0
2026-01-13 13:54:00,6.8,6.8,6.8,6.8,0,23.484623,3363750,301.15,300.0
2026-01-13 13:55:00,6.75,6.8,6.75,6.75,2925,23.760952,3340350,300.95,300.0
2026-01-13 13:56:00,6.65,6.75,6.65,6.65,2925,23.455883,3340350,300.9,300.0
2026-01-13 13:57:00,6.65,6.65,6.65,6.65,0,23.456587,3337425,300.9,300.0
2026-01-13 13:58:00,6.75,6.75,6.65,6.75,5850,23.763087,3337425,300.95,300.0
2026-01-13 13:59:00,6.75,6.75,6.75,6.75,0,23.885183,3334500,300.9,300.0
2026-01-13 14:00:00,6.55,6.75,6.55,6.55,14625,24.344857,3334500,300.35,300.0
2026-01-13 14:01:00,6.5,6.55,6.5,6.5,5850,24.483377,3334500,300.2,300.0
2026-01-13 14:02:00,6.35,6.5,6.35,6.35,26325,24.078785,3334500,300.1,300.0
2026-01-13 14:03:00,6.35,6.35,6.35,6.35,17550,23.96355,3334500,300.15,300.0
2026-01-13 14:04:00,6.35,6.35,6.3,6.3,20475,24.328296,3334500,299.9,300.0
2026-01-13 14:05:00,6.2,6.3,6.2,6.2,29250,24.24658,3334500,299.75,300.0
2026-01-13 14:06:00,6.15,6.2,6.15,6.15,20475,24.148535,3349125,299.7,300.0
2026-01-13 14:07:00,6.2,6.2,6.15,6.2,8775,25.146261,3349125,299.35,300.0
2026-01-13 14:08:00,6.1,6.2,6.1,6.1,38025,24.500187,3349125,299.45,300.0
2026-01-13 14:09:00,6.05,6.1,6.05,6.05,43875,24.28886,3387150,299.45,300.0
2026-01-13 14:10:00,5.95,6.05,5.95,5.95,38025,24.309973,3387150,299.25,300.0
2026-01-13 14:11:00,5.95,5.95,5.95,5.95,5850,24.859656,3387150,299.0,300.0
2026-01-13 14:12:00,5.8,5.95,5.8,5.8,11700,24.550174,3422250,298.85,300.0
2026-01-13 14:13:00,5.8,5.8,5.8,5.8,11700,24.11577,3422250,299.05,300.0
2026-01-13 14:14:00,5.8,5.8,5.8,5.8,0,23.676712,3431025,299.25,300.0
2026-01-13 14:15:00,5.8,5.8,5.8,5.8,0,24.117185,3431025,299.05,300.0
2026-01-13 14:16:00,6.0,6.0,5.8,6.0,23400,24.966093,3431025,299.05,300.0
2026-01-13 14:17:00,6.0,6.05,6.0,6.05,14625,24.849439,3448575,299.2,300.0
2026-01-13 14:18:00,6.05,6.05,6.05,6.05,0,24.850163,3448575,299.2,300.0
2026-01-13 14:19:00,6.1,6.15,6.05,6.15,73125,25.05395,3448575,299.3,300.0
2026-01-13 14:20:00,6.1,6.15,6.1,6.1,2925,25.063677,3448575,299.2,300.0
2026-01-13 14:21:00,6.1,6.1,6.1,6.1,0,25.393883,3486600,299.05,300.0
2026-01-13 14:22:00,6.1,6.1,6.1,6.1,0,25.6129,3486600,298.95,300.0
2026-01-13 14:23:00,5.9,6.1,5.9,5.9,11700,25.090456,3486600,298.8,300.0
2026-01-13 14:24:00,7.15,7.25,7.15,7.15,5850,24.99047,573300,298.75,297.5
2026-01-13 14:25:00,5.95,5.95,5.95,5.95,17550,24.869792,3469050,299.0,300.0
2026-01-13 14:26:00,6.1,6.1,5.95,6.1,2925,24.957655,3469050,299.25,300.0
2026-01-13 14:27:00,6.15,6.15,6.1,6.15,8775,25.937506,3474900,298.9,300.0
2026-01-13 14:28:00,6.0,6.15,6.0,6.0,2925,25.410266,3474900,298.85,300.0
2026-01-13 14:29:00,6.0,6.0,6.0,6.0,0,25.302543,3474900,298.9,300.0
2026-01-13 14:30:00,6.0,6.0,6.0,6.0,0,24.203306,3474900,299.4,300.0
2026-01-13 14:31:00,6.4,6.4,6.0,6.4,70200,24.079757,3474900,300.2,300.0
2026-01-13 14:32:00,6.35,6.4,6.35,6.35,84825,24.215834,3425175,300.05,300.0
2026-01-13 14:33:00,6.35,6.35,6.35,6.35,20475,24.561492,3425175,299.9,300.0
2026-01-13 14:34:00,6.35,6.35,6.35,6.35,0,24.217267,3425175,300.05,300.0
2026-01-13 14:35:00,6.4,6.4,6.35,6.4,5850,24.775332,3425175,299.9,300.0
2026-01-13 14:36:00,6.4,6.4,6.4,6.4,0,24.315614,3436875,300.1,300.0
2026-01-13 14:37:00,6.5,6.5,6.4,6.5,11700,24.741483,3436875,300.1,300.0
2026-01-13 14:38:00,6.45,6.5,6.45,6.45,23400,24.529638,3436875,300.1,300.0
2026-01-13 14:39:00,6.5,6.5,6.45,6.5,2925,24.394305,3425175,300.25,300.0
2026-01-13 14:40:00,6.6,6.6,6.5,6.6,20475,24.586562,3425175,300.35,300.0
2026-01-13 14:41:00,6.75,6.85,6.6,6.85,61425,24.943043,3425175,300.65,300.0
2026-01-13 14:42:00,6.8,6.85,6.8,6.8,14625,24.611158,3395925,300.7,300.0
2026-01-13 14:43:00,6.85,6.85,6.8,6.85,43875,24.464962,3395925,300.85,300.0
2026-01-13 14:44:00,6.8,6.85,6.8,6.8,8775,24.492828,3395925,300.75,300.0
2026-01-13 14:45:00,6.9,6.9,6.8,6.9,105300,25.159205,3372525,300.65,300.0
2026-01-13 14:46:00,6.9,6.9,6.9,6.9,0,25.04071,3372525,300.7,300.0
2026-01-13 14:47:00,7.0,7.0,6.9,7.0,55575,24.987992,3372525,300.9,300.0
2026-01-13 14:48:00,6.9,7.0,6.9,6.9,20475,24.922575,3343275,300.75,300.0
2026-01-13 14:49:00,7.0,7.0,6.9,7.0,23400,24.868519,3343275,300.95,300.0
2026-01-13 14:50:00,5.75,5.8,5.75,5.8,14625,24.460609,1398150,301.3,302.5
2026-01-13 14:51:00,7.2,7.2,7.15,7.2,38025,25.238603,3278925,301.15,300.0
2026-01-13 14:52:00,7.3,7.3,7.2,7.3,131625,25.667328,3278925,301.15,300.0
2026-01-13 14:53:00,7.25,7.3,7.15,7.15,29250,25.270079,3278925,301.05,300.0
2026-01-13 14:54:00,7.15,7.15,7.15,7.15,64350,25.392258,3276000,301.0,300.0
2026-01-13 14:55:00,7.35,7.35,7.15,7.35,32175,26.00532,3276000,301.1,300.0
2026-01-13 14:56:00,5.95,5.95,5.9,5.95,14625,24.773649,1427400,301.45,302.5
2026-01-13 14:57:00,5.95,5.95,5.95,5.95,0,24.557721,1418625,301.55,302.5
2026-01-13 14:58:00,7.1,7.4,7.1,7.1,108225,25.18148,3278925,301.0,300.0
2026-01-13 14:59:00,5.9,5.9,5.9,5.9,0,24.780825,1418625,301.35,302.5
2026-01-13 15:00:00,6.15,6.15,5.9,6.15,17550,25.293192,1401075,301.6,302.5
2026-01-13 15:01:00,6.15,6.15,6.15,6.15,8775,25.18488,1401075,301.65,302.5
2026-01-13 15:02:00,7.2,7.35,7.2,7.2,2925,25.001394,3305250,301.25,300.0
2026-01-13 15:03:00,6.0,6.0,5.95,6.0,2925,25.097206,1401075,301.4,302.5
2026-01-13 15:04:00,6.0,6.0,6.0,6.0,11700,25.31303,1401075,301.3,302.5
2026-01-13 15:05:00,6.0,6.0,6.0,6.0,2925,25.098668,1401075,301.4,302.5
2026-01-13 15:06:00,6.0,6.0,6.0,6.0,0,24.665968,1404000,301.6,302.5
2026-01-13 15:07:00,6.0,6.0,6.0,6.0,0,24.666689,1404000,301.6,302.5
2026-01-13 15:08:00,6.0,6.0,6.0,6.0,0,24.667411,1404000,301.6,302.5
2026-01-13 15:09:00,6.0,6.0,6.0,6.0,0,24.559075,1404000,301.65,302.5
2026-01-13 15:10:00,6.1,6.1,6.0,6.1,38025,24.652028,1406925,301.8,302.5
2026-01-13 15:11:00,6.1,6.1,6.1,6.1,0,24.652751,1406925,301.8,302.5
2026-01-13 15:12:00,6.0,6.1,6.0,6.0,5850,24.122078,1401075,301.85,302.5
2026-01-13 15:13:00,6.05,6.05,6.0,6.05,20475,24.443609,1401075,301.8,302.5
2026-01-13 15:14:00,5.95,6.05,5.95,5.95,14625,24.352089,1401075,301.65,302.5
2026-01-13 15:15:00,5.95,5.95,5.95,5.95,0,24.46187,1401075,301.6,302.5
2026-01-13 15:16:00,5.95,5.95,5.95,5.95,0,24.679883,1401075,301.5,302.5
2026-01-13 15:17:00,5.8,5.95,5.8,5.8,29250,23.831498,1404000,301.6,302.5
2026-01-13 15:18:00,5.95,5.95,5.8,5.95,26325,22.681759,1406925,302.4,302.5
2026-01-13 15:19:00,6.35,6.35,5.95,6.15,216450,24.426482,1406925,302.0,302.5
2026-01-13 15:20:00,6.15,6.2,6.15,6.2,14625,24.526464,1406925,302.05,302.5
2026-01-13 15:21:00,6.15,6.2,6.15,6.15,87750,23.867648,1465425,302.25,302.5
2026-01-13 15:22:00,6.15,6.15,6.1,6.1,17550,23.431084,1465425,302.35,302.5
2026-01-13 15:23:00,6.15,6.15,6.1,6.15,11700,23.869062,1465425,302.25,302.5
2026-01-13 15:24:00,6.15,6.15,6.15,6.15,2925,23.756739,1471275,302.3,302.5
2026-01-13 15:25:00,6.1,6.15,6.1,6.1,23400,23.884794,1471275,302.15,302.5
2026-01-13 15:26:00,6.1,6.1,6.1,6.1,14625,23.77309,1471275,302.2,302.5
2026-01-13 15:27:00,6.05,6.1,6.05,6.05,5850,23.562985,1494675,302.2,302.5
2026-01-13 15:28:00,6.1,6.1,6.05,6.1,49725,23.886914,1494675,302.15,302.5
2026-01-13 15:29:00,6.15,6.15,6.1,6.15,52650,24.098406,1494675,302.15,302.5
2026-01-14 09:15:00,6.65,6.65,5.5,5.5,8775,21.725281,1503450,302.3,302.5
2026-01-14 09:16:00,6.15,6.15,5.5,6.15,43875,24.192164,1512225,302.45,302.5
2026-01-14 09:17:00,6.2,6.2,6.15,6.2,43875,23.702117,1512225,302.75,302.5
2026-01-14 09:18:00,6.3,6.3,6.2,6.3,49725,24.960108,1512225,302.4,302.5
2026-01-14 09:19:00,6.0,6.3,6.0,6.0,84825,24.810799,1564875,301.9,302.5
2026-01-14 09:20:00,5.95,6.0,5.95,5.95,26325,24.367888,1564875,302.0,302.5
2026-01-14 09:21:00,6.05,6.05,5.95,6.05,8775,23.762599,1564875,302.45,302.5
2026-01-14 09:22:00,6.3,6.3,6.05,6.3,8775,24.61242,1567800,302.55,302.5
2026-01-14 09:23:00,6.25,6.3,6.0,6.0,99450,24.586557,1567800,302.0,302.5
2026-01-14 09:24:00,6.0,6.0,6.0,6.0,0,24.701126,1567800,301.95,302.5
2026-01-14 09:25:00,5.95,6.0,5.95,5.95,46800,24.937668,1597050,301.75,302.5
2026-01-14 09:26:00,5.85,5.95,5.85,5.85,11700,24.72995,1597050,301.65,302.5
2026-01-14 09:27:00,5.65,5.85,5.65,5.75,35100,24.297931,1597050,301.65,302.5
2026-01-14 09:28:00,5.75,5.75,5.75,5.75,0,24.29868,1599975,301.65,302.5
2026-01-14 09:29:00,5.85,5.85,5.75,5.75,78975,24.29943,1599975,301.65,302.5
2026-01-14 09:30:00,6.0,6.0,5.75,6.0,11700,24.24847,1599975,302.15,302.5
2026-01-14 09:31:00,6.0,6.0,6.0,6.0,0,23.902818,1599975,302.3,302.5
2026-01-14 09:32:00,6.05,6.05,6.0,6.05,20475,25.037168,1652625,301.9,302.5
2026-01-14 09:33:00,5.9,6.05,5.8,5.8,43875,24.406849,1652625,301.7,302.5
2026-01-14 09:34:00,5.85,5.85,5.8,5.85,14625,24.286176,1655550,301.85,302.5
2026-01-14 09:35:00,5.85,5.85,5.85,5.85,8775,24.060127,1655550,301.95,302.5
2026-01-14 09:36:00,5.75,5.85,5.75,5.75,8775,23.854782,1655550,301.85,302.5
2026-01-14 09:37:00,5.75,5.75,5.75,5.75,0,24.861035,1652625,301.4,302.5
2026-01-14 09:38:00,5.6,5.75,5.6,5.6,35100,24.101796,1652625,301.45,302.5
2026-01-14 09:39:00,6.75,6.85,6.75,6.75,20475,24.262159,3354975,301.1,300.0
2026-01-14 09:40:00,6.7,6.75,6.6,6.6,14625,23.475384,3369600,301.15,300.0
2026-01-14 09:41:00,5.55,5.55,5.4,5.55,11700,23.99801,1643850,301.4,302.5
2026-01-14 09:42:00,6.85,6.85,6.75,6.75,40950,24.011664,3369600,301.2,300.0
2026-01-14 09:43:00,6.55,6.75,6.55,6.55,38025,24.010604,3398850,300.85,300.0
2026-01-14 09:44:00,6.5,6.55,6.5,6.5,49725,23.791521,3398850,300.85,300.0
2026-01-14 09:45:00,6.65,6.65,6.5,6.65,46800,23.952104,3398850,301.05,300.0
2026-01-14 09:46:00,5.4,5.5,5.4,5.5,29250,23.895356,1661400,301.35,302.5
2026-01-14 09:47:00,6.85,6.85,6.75,6.85,11700,24.329666,3433950,301.25,300.0
2026-01-14 09:48:00,5.6,5.6,5.6,5.6,0,24.439924,1661400,301.3,302.5
2026-01-14 09:49:00,5.55,5.6,5.55,5.55,78975,24.003937,1652625,301.4,302.5
2026-01-14 09:50:00,5.55,5.55,5.55,5.55,11700,24.004677,1652625,301.4,302.5
2026-01-14 09:51:00,5.65,5.65,5.55,5.65,2925,24.328022,1652625,301.45,302.5
2026-01-14 09:52:00,5.6,5.65,5.6,5.6,11700,24.222737,1655550,301.4,302.5
2026-01-14 09:53:00,5.6,5.6,5.6,5.6,0,24.112953,1655550,301.45,302.5
2026-01-14 09:54:00,5.55,5.65,5.55,5.65,5850,24.108291,1655550,301.55,302.5
2026-01-14 09:55:00,5.8,5.8,5.65,5.8,23400,24.423425,1655550,301.7,302.5
2026-01-14 09:56:00,5.65,5.8,5.65,5.65,20475,24.10978,1655550,301.55,302.5
2026-01-14 09:57:00,5.65,5.65,5.65,5.65,0,24.332522,1655550,301.45,302.5
2026-01-14 09:58:00,5.6,5.65,5.6,5.6,26325,23.8947,1670175,301.55,302.5
2026-01-14 09:59:00,5.6,5.6,5.6,5.6,0,24.00658,1670175,301.5,302.5
2026-01-14 10:00:00,5.6,5.6,5.6,5.6,14625,24.00732,1670175,301.5,302.5
2026-01-14 10:01:00,5.55,5.6,5.55,5.55,14625,23.680329,1670175,301.55,302.5
2026-01-14 10:02:00,5.6,5.6,5.55,5.6,5850,22.654016,1670175,302.1,302.5
2026-01-14 10:03:00,5.7,5.7,5.6,5.7,119925,22.973081,1670175,302.15,302.5
2026-01-14 10:04:00,5.9,5.9,5.7,5.9,5850,23.493811,1693575,302.3,302.5
2026-01-14 10:05:00,5.9,5.9,5.9,5.9,0,24.185209,1693575,302.0,302.5
2026-01-14 10:06:00,5.75,5.9,5.75,5.75,67275,23.076608,1693575,302.2,302.5
2026-01-14 10:07:00,5.85,5.85,5.75,5.85,5850,23.395202,1714050,302.25,302.5
2026-01-14 10:08:00,5.85,5.85,5.85,5.85,14625,23.626906,1714050,302.15,302.5
2026-01-14 10:09:00,5.85,5.85,5.85,5.85,11700,23.51233,1714050,302.2,302.5
2026-01-14 10:10:00,5.85,5.85,5.85,5.85,0,23.857989,1725750,302.05,302.5
2026-01-14 10:11:00,5.85,5.85,5.85,5.85,0,23.973034,1725750,302.0,302.5
2026-01-14 10:12:00,7.05,7.05,7.05,7.05,0,25.73416,3448575,301.05,300.0
2026-01-14 10:13:00,6.4,7.05,6.4,6.4,140400,22.870722,3463200,301.05,300.0
2026-01-14 10:14:00,6.45,6.45,6.4,6.45,14625,23.594014,3463200,300.85,300.0
2026-01-14 10:15:00,6.25,6.45,6.25,6.25,73125,23.700619,3463200,300.45,300.0
2026-01-14 10:16:00,6.2,6.25,6.05,6.05,73125,23.308224,3471975,300.25,300.0
2026-01-14 10:17:00,6.0,6.05,6.0,6.0,108225,24.274685,3471975,299.75,300.0
2026-01-14 10:18:00,5.85,6.0,5.85,5.9,93600,24.186829,3471975,299.6,300.0
2026-01-14 10:19:00,6.0,6.0,5.9,6.0,61425,24.042144,3577275,299.85,300.0
2026-01-14 10:20:00,6.0,6.0,6.0,6.0,5850,23.212201,3577275,300.2,300.0
2026-01-14 10:21:00,5.85,6.0,5.85,5.85,46800,23.738339,3577275,299.7,300.0
2026-01-14 10:22:00,5.9,5.9,5.85,5.9,5850,23.489269,3574350,299.9,300.0
2026-01-14 10:23:00,6.0,6.0,5.9,6.0,11700,23.927578,3574350,299.9,300.0
2026-01-14 10:24:00,6.0,6.0,6.0,6.0,32175,23.454383,3574350,300.1,300.0
2026-01-14 10:25:00,6.25,6.25,6.0,6.25,61425,23.341314,3545100,300.6,300.0
2026-01-14 10:26:00,6.25,6.25,6.25,6.25,29250,23.708825,3545100,300.45,300.0
2026-01-14 10:27:00,6.15,6.25,6.15,6.15,20475,23.27065,3545100,300.45,300.0
2026-01-14 10:28:00,6.35,6.35,6.15,6.35,84825,23.536692,3536325,300.7,300.0
2026-01-14 10:29:00,6.35,6.35,6.35,6.35,14625,22.407156,3536325,301.15,300.0
2026-01-14 10:30:00,6.55,6.55,6.35,6.55,38025,23.796541,3536325,300.95,300.0
2026-01-14 10:31:00,6.45,6.55,6.45,6.55,40950,23.671809,3574350,301.0,300.0
2026-01-14 10:32:00,6.6,6.6,6.55,6.6,11700,24.018349,3574350,300.95,300.0
2026-01-14 10:33:00,5.4,5.4,5.3,5.4,8775,23.164738,1769625,301.5,302.5
2026-01-14 10:34:00,6.7,6.85,6.7,6.7,32175,23.830342,3565575,301.2,300.0
2026-01-14 10:35:00,5.5,5.5,5.45,5.5,2925,23.931569,1766700,301.35,302.5
2026-01-14 10:36:00,6.7,6.75,6.7,6.7,23400,23.831856,3565575,301.2,300.0
2026-01-14 10:37:00,6.6,6.7,6.6,6.6,8775,24.022144,3568500,300.95,300.0
2026-01-14 10:38:00,6.6,6.6,6.6,6.6,0,24.396429,3568500,300.8,300.0
2026-01-14 10:39:00,6.5,6.6,6.5,6.5,38025,23.457293,3568500,301.0,300.0
2026-01-14 10:40:00,6.6,6.6,6.5,6.6,8775,23.392953,3550950,301.2,300.0
2026-01-14 10:41:00,5.5,5.5,5.4,5.5,5850,23.825688,1769625,301.4,302.5
2026-01-14 10:42:00,5.45,5.5,5.45,5.45,23400,23.829889,1769625,301.3,302.5
2026-01-14 10:43:00,6.7,6.7,6.55,6.55,17550,23.806335,3550950,300.95,300.0
2026-01-14 10:44:00,6.55,6.55,6.55,6.55,0,23.932165,3536325,300.9,300.0
2026-01-14 10:45:00,6.55,6.55,6.55,6.55,0,23.807843,3536325,300.95,300.0
2026-01-14 10:46:00,6.5,6.55,6.5,6.5,8775,23.713381,3536325,300.9,300.0
2026-01-14 10:47:00,6.5,6.5,6.5,6.5,11700,23.337134,3536325,301.05,300.0
2026-01-14 10:48:00,5.4,5.4,5.2,5.4,8775,23.286478,1769625,301.45,302.5
2026-01-14 10:49:00,5.4,5.4,5.4,5.4,0,23.397808,1769625,301.4,302.5
2026-01-14 10:50:00,5.4,5.4,5.4,5.4,0,23.065786,1766700,301.55,302.5
2026-01-14 10:51:00,5.5,5.5,5.4,5.5,14625,23.276807,1766700,301.65,302.5
2026-01-14 10:52:00,5.5,5.5,5.5,5.5,0,23.612218,1769625,301.5,302.5
2026-01-14 10:53:00,5.4,5.5,5.4,5.4,58500,23.400719,1769625,301.4,302.5
2026-01-14 10:54:00,5.4,5.4,5.4,5.4,0,22.845243,1769625,301.65,302.5
2026-01-14 10:55:00,5.6,5.6,5.4,5.6,11700,23.488743,1778400,301.75,302.5
2026-01-14 10:56:00,5.6,5.6,5.6,5.6,0,23.376631,1778400,301.8,302.5
2026-01-14 10:57:00,5.65,5.65,5.6,5.65,8775,23.253775,1778400,301.95,302.5
2026-01-14 10:58:00,5.75,5.8,5.65,5.8,14625,23.561956,1781325,302.1,302.5
2026-01-14 10:59:00,5.8,5.8,5.8,5.8,8775,23.100081,1781325,302.3,302.5
2026-01-14 11:00:00,6.0,6.0,5.8,6.0,43875,23.736145,1781325,302.4,302.5
2026-01-14 11:01:00,5.9,6.0,5.9,5.9,2925,23.419326,1790100,302.35,302.5
2026-01-14 11:02:00,6.0,6.0,5.9,6.0,14625,22.910026,1790100,302.75,302.5
2026-01-14 11:03:00,6.25,6.25,6.0,6.2,29250,23.421454,1790100,302.9,302.5
2026-01-14 11:04:00,6.0,6.2,6.0,6.2,17550,23.542469,1775475,302.85,302.5
2026-01-14 11:05:00,6.1,6.2,6.1,6.2,17550,23.302254,1775475,302.95,302.5
2026-01-14 11:06:00,6.25,6.25,6.2,6.25,5850,24.356911,1775475,302.6,302.5
2026-01-14 11:07:00,5.95,6.25,5.95,5.95,17550,23.289428,1763775,302.5,302.5
2026-01-14 11:08:00,6.1,6.1,5.95,6.1,11700,23.468901,1763775,302.7,302.5
2026-01-14 11:09:00,6.1,6.1,6.1,6.1,0,23.707004,1763775,302.6,302.5
2026-01-14 11:10:00,6.3,6.3,6.1,6.3,20475,24.459074,1763775,302.65,302.5
2026-01-14 11:11:00,6.15,6.3,6.15,6.15,23400,24.043984,1760850,302.55,302.5
2026-01-14 11:12:00,6.15,6.15,6.15,6.15,8775,23.570219,1760850,302.75,302.5
2026-01-14 11:13:00,6.2,6.2,6.15,6.2,2925,23.549156,1760850,302.85,302.5
2026-01-14 11:14:00,6.2,6.2,6.2,6.2,2925,23.78932,1763775,302.75,302.5
2026-01-14 11:15:00,6.15,6.2,6.15,6.2,49725,23.309631,1763775,302.95,302.5
2026-01-14 11:16:00,6.2,6.2,6.2,6.2,5850,23.671296,1763775,302.8,302.5
2026-01-14 11:17:00,6.15,6.2,6.15,6.15,5850,23.573933,1801800,302.75,302.5
2026-01-14 11:18:00,6.15,6.15,6.15,6.15,0,23.335082,1801800,302.85,302.5
2026-01-14 11:19:00,6.15,6.15,6.15,6.15,0,23.335821,1801800,302.85,302.5
2026-01-14 11:20:00,6.15,6.15,6.15,6.15,0,23.456557,1801800,302.8,302.5
2026-01-14 11:21:00,6.2,6.2,6.15,6.2,8775,23.192927,1801800,303.0,302.5
2026-01-14 11:22:00,6.2,6.2,6.2,6.2,5850,23.193663,1801800,303.0,302.5
2026-01-14 11:23:00,6.2,6.2,6.2,6.2,2925,23.676518,1801800,302.8,302.5
2026-01-14 11:24:00,6.2,6.2,6.2,6.2,0,24.50622,1801800,302.45,302.5
2026-01-14 11:25:00,6.0,6.2,6.0,6.0,8775,23.871564,1801800,302.35,302.5
2026-01-14 11:26:00,5.95,6.0,5.95,5.95,11700,23.771517,1807650,302.3,302.5
2026-01-14 11:27:00,6.0,6.0,5.95,6.0,17550,23.285359,1807650,302.6,302.5
2026-01-14 11:28:00,6.05,6.05,6.0,6.05,14625,23.621864,1807650,302.55,302.5
2026-01-14 11:29:00,6.0,6.05,6.0,6.0,2925,23.874557,1813500,302.35,302.5
2026-01-14 11:30:00,5.95,6.0,5.95,5.95,2925,23.657994,1813500,302.35,302.5
2026-01-14 11:31:00,5.9,5.95,5.9,5.95,5850,23.658737,1813500,302.35,302.5
2026-01-14 11:32:00,5.8,5.95,5.8,5.8,5850,23.124097,1819350,302.3,302.5
2026-01-14 11:33:00,5.95,5.95,5.8,5.95,11700,23.776735,1819350,302.3,302.5
2026-01-14 11:34:00,5.95,5.95,5.95,5.95,0,23.77748,1819350,302.3,302.5
2026-01-14 11:35:00,5.95,5.95,5.95,5.95,0,23.661708,1819350,302.35,302.5
2026-01-14 11:36:00,5.95,5.95,5.95,5.95,0,23.778969,1819350,302.3,302.5
2026-01-14 11:37:00,5.95,5.95,5.95,5.95,0,23.779716,1816425,302.3,302.5
2026-01-14 11:38:00,5.75,5.95,5.75,5.75,20475,23.603744,1816425,302.0,302.5
2026-01-14 11:39:00,5.75,5.75,5.75,5.75,2925,23.489916,1816425,302.05,302.5
2026-01-14 11:40:00,5.75,5.75,5.75,5.75,14625,23.490652,1816425,302.05,302.5
2026-01-14 11:41:00,5.75,5.75,5.75,5.75,0,23.261212,1816425,302.15,302.5
2026-01-14 11:42:00,5.75,5.75,5.75,5.75,0,23.261942,1816425,302.15,302.5
2026-01-14 11:43:00,5.65,5.75,5.65,5.65,58500,23.741109,1798875,301.75,302.5
2026-01-14 11:44:00,6.8,7.0,6.75,6.75,55575,24.231584,3354975,301.15,300.0
2026-01-14 11:45:00,5.45,5.45,5.4,5.45,5850,23.434006,1819350,301.5,302.5
2026-01-14 11:46:00,5.55,5.55,5.45,5.55,11700,23.53399,1813500,301.65,302.5
2026-01-14 11:47:00,5.55,5.55,5.55,5.55,0,23.196761,1813500,301.8,302.5
2026-01-14 11:48:00,5.5,5.55,5.5,5.5,20475,23.430301,1813500,301.6,302.5
2026-01-14 11:49:00,5.55,5.55,5.5,5.55,5850,23.982436,1828125,301.45,302.5
2026-01-14 11:50:00,5.4,5.55,5.4,5.5,14625,23.876752,1828125,301.4,302.5
2026-01-14 11:51:00,6.75,6.75,6.75,6.75,8775,24.865189,3369600,300.9,300.0
2026-01-14 11:52:00,6.55,6.75,6.55,6.55,52650,24.232941,3369600,300.8,300.0
2026-01-14 11:53:00,6.5,6.55,6.5,6.5,20475,24.013272,3369600,300.8,300.0
2026-01-14 11:54:00,6.5,6.5,6.5,6.5,5850,24.01403,3369600,300.8,300.0
2026-01-14 11:55:00,6.55,6.55,6.5,6.55,5850,24.359216,3393000,300.75,300.0
2026-01-14 11:56:00,6.5,6.55,6.5,6.5,5850,23.640681,3393000,300.95,300.0
2026-01-14 11:57:00,6.55,6.55,6.45,6.45,11700,23.671178,3393000,300.85,300.0
2026-01-14 11:58:00,6.55,6.55,6.45,6.55,2925,24.608254,3407625,300.65,300.0
2026-01-14 11:59:00,6.5,6.55,6.5,6.5,49725,24.017833,3407625,300.8,300.0
2026-01-14 12:00:00,6.5,6.5,6.5,6.5,0,23.894063,3407625,300.85,300.0
2026-01-14 12:01:00,6.55,6.55,6.5,6.5,20475,23.769854,3407625,300.9,300.0
2026-01-14 12:02:00,6.5,6.5,6.5,6.5,0,23.770608,3413475,300.9,300.0
2026-01-14 12:03:00,6.65,6.65,6.5,6.65,26325,23.676453,3413475,301.2,300.0
2026-01-14 12:04:00,6.75,6.75,6.65,6.75,55575,24.119947,3454425,301.2,300.0
2026-01-14 12:05:00,5.45,5.45,5.45,5.45,11700,23.891298,1857375,301.3,302.5
2026-01-14 12:06:00,6.75,6.75,6.75,6.75,0,24.121481,3454425,301.2,300.0
2026-01-14 12:07:00,6.75,6.75,6.75,6.75,0,24.122248,3454425,301.2,300.0
2026-01-14 12:08:00,6.75,6.75,6.75,6.75,0,24.123015,3454425,301.2,300.0
2026-01-14 12:09:00,5.4,5.4,5.4,5.4,0,23.676883,1857375,301.3,302.5
2026-01-14 12:10:00,5.35,5.4,5.35,5.35,2925,23.460232,1860300,301.3,302.5
2026-01-14 12:11:00,6.6,6.6,6.6,6.6,5850,23.58847,3469050,301.15,300.0
2026-01-14 12:12:00,6.6,6.6,6.6,6.6,5850,23.589222,3469050,301.15,300.0
2026-01-14 12:13:00,6.55,6.6,6.55,6.55,5850,23.622395,3469050,301.05,300.0
2026-01-14 12:14:00,5.3,5.55,5.3,5.55,67275,23.554582,1857375,301.65,302.5
2026-01-14 12:15:00,6.65,6.75,6.65,6.65,67275,23.939713,3474900,301.1,300.0
2026-01-14 12:16:00,6.4,6.65,6.4,6.4,78975,22.96092,3474900,301.05,300.0
2026-01-14 12:17:00,5.2,5.2,5.2,5.2,0,22.702934,1857375,301.35,302.5
2026-01-14 12:18:00,5.2,5.2,5.2,5.2,0,21.923737,1883700,301.7,302.5
2026-01-14 12:19:00,5.5,5.5,5.2,5.5,40950,23.115769,1883700,301.75,302.5
2026-01-14 12:20:00,5.6,5.6,5.5,5.6,70200,23.888458,1883700,301.6,302.5
2026-01-14 12:21:00,5.6,5.6,5.6,5.6,17550,22.983327,1883700,302.0,302.5
2026-01-14 12:22:00,5.7,5.7,5.55,5.55,38025,24.117939,1883700,301.4,302.5
2026-01-14 12:23:00,5.55,5.55,5.55,5.55,0,24.339594,1883700,301.3,302.5
2026-01-14 12:24:00,5.55,5.55,5.55,5.55,0,24.119436,1883700,301.4,302.5
2026-01-14 12:25:00,5.55,5.55,5.55,5.55,0,24.230789,1883700,301.35,302.5
2026-01-14 12:26:00,6.65,6.9,6.65,6.65,2925,23.566006,3454425,301.25,300.0
2026-01-14 12:27:00,6.65,6.65,6.65,6.65,0,23.56676,3454425,301.25,300.0
2026-01-14 12:28:00,6.6,6.65,6.6,6.65,46800,23.567513,3454425,301.25,300.0
2026-01-14 12:29:00,5.45,5.45,5.4,5.45,5850,23.798847,1880775,301.35,302.5
2026-01-14 12:30:00,5.55,5.55,5.45,5.55,2925,23.901818,1880775,301.5,302.5
2026-01-14 12:31:00,5.55,5.55,5.55,5.55,0,23.902564,1880775,301.5,302.5
2026-01-14 12:32:00,5.55,5.55,5.55,5.55,2925,23.567843,1880775,301.65,302.5
2026-01-14 12:33:00,5.6,5.6,5.55,5.55,8775,24.126184,1880775,301.4,302.5
2026-01-14 12:34:00,5.55,5.55,5.55,5.55,0,23.793279,1880775,301.55,302.5
2026-01-14 12:35:00,5.55,5.55,5.55,5.55,0,23.794022,1880775,301.55,302.5
2026-01-14 12:36:00,5.55,5.55,5.55,5.55,0,23.682933,1880775,301.6,302.5
2026-01-14 12:37:00,5.6,5.6,5.55,5.6,2925,24.012965,1883700,301.55,302.5
2026-01-14 12:38:00,5.6,5.6,5.6,5.6,5850,23.78972,1883700,301.65,302.5
2026-01-14 12:39:00,5.55,5.6,5.55,5.55,2925,23.685153,1883700,301.6,302.5
2026-01-14 12:40:00,5.55,5.55,5.55,5.55,2925,23.573743,1883700,301.65,302.5
2026-01-14 12:41:00,5.5,5.55,5.5,5.5,2925,23.46916,1880775,301.6,302.5
2026-01-14 12:42:00,5.4,5.5,5.4,5.4,2925,23.258264,1880775,301.5,302.5
2026-01-14 12:43:00,5.4,5.4,5.4,5.4,2925,23.481082,1880775,301.4,302.5
2026-01-14 12:44:00,5.4,5.4,5.4,5.4,0,23.370922,1880775,301.45,302.5
2026-01-14 12:45:00,5.4,5.4,5.4,5.4,0,23.371652,1880775,301.45,302.5
2026-01-14 12:46:00,5.4,5.4,5.4,5.4,0,23.149662,1880775,301.55,302.5
2026-01-14 12:47:00,5.4,5.4,5.4,5.4,11700,23.038552,1877850,301.6,302.5
2026-01-14 12:48:00,5.7,5.95,5.4,5.95,38025,23.949141,1877850,302.25,302.5
2026-01-14 12:49:00,6.0,6.0,5.95,6.0,32175,23.345804,1877850,302.6,302.5
2026-01-14 12:50:00,6.15,6.15,6.0,6.15,46800,22.795855,1857375,303.1,302.5
2026-01-14 12:51:00,6.35,6.35,6.05,6.05,29250,22.725222,1857375,302.95,302.5
2026-01-14 12:52:00,6.0,6.05,6.0,6.0,20475,23.584654,1857375,302.5,302.5
2026-01-14 12:53:00,6.15,6.15,6.0,6.15,29250,23.405426,1842750,302.85,302.5
2026-01-14 12:54:00,6.2,6.2,6.15,6.2,5850,23.261574,1842750,303.0,302.5
2026-01-14 12:55:00,6.15,6.2,6.15,6.15,26325,23.165201,1842750,302.95,302.5
2026-01-14 12:56:00,6.05,6.15,6.05,6.15,43875,24.005037,1833975,302.6,302.5
2026-01-14 12:57:00,6.0,6.15,6.0,6.0,17550,22.632335,1833975,302.9,302.5
2026-01-14 12:58:00,6.15,6.15,6.0,6.15,11700,23.167416,1833975,302.95,302.5
2026-01-14 12:59:00,6.25,6.25,6.15,6.25,8775,22.372746,1833975,303.45,302.5
2026-01-14 13:00:00,6.6,6.6,6.25,6.6,111150,23.281215,1833975,303.7,302.5
2026-01-14 13:01:00,6.5,6.6,6.5,6.5,20475,23.346717,1833975,303.5,302.5
2026-01-14 13:02:00,5.45,5.45,5.3,5.45,38025,23.388152,3404700,303.95,305.0
2026-01-14 13:03:00,5.65,5.65,5.45,5.65,122850,24.141819,3404700,304.0,305.0
2026-01-14 13:04:00,5.6,5.65,5.6,5.6,90675,24.037167,3404700,303.95,305.0
2026-01-14 13:05:00,5.6,5.6,5.6,5.6,55575,23.92748,3410550,304.0,305.0
2026-01-14 13:06:00,5.6,5.6,5.6,5.6,146250,24.038664,3410550,303.95,305.0
2026-01-14 13:07:00,5.65,5.7,5.55,5.6,166725,24.149558,3410550,303.9,305.0
2026-01-14 13:08:00,5.5,5.6,5.35,5.5,52650,23.937883,3375450,303.8,305.0
2026-01-14 13:09:00,5.7,5.7,5.5,5.7,70200,24.029018,3375450,304.15,305.0
2026-01-14 13:10:00,5.95,6.1,5.7,6.1,468000,24.626316,3375450,304.65,305.0
2026-01-14 13:11:00,6.05,6.25,6.0,6.25,213525,25.160249,3217500,304.7,305.0
2026-01-14 13:12:00,6.2,6.7,6.15,6.65,368550,24.893527,3217500,305.55,305.0
2026-01-14 13:13:00,6.6,7.25,6.55,6.95,348075,24.853498,3217500,306.1,305.0
2026-01-14 13:14:00,5.65,6.1,5.65,6.0,105300,25.212516,1237275,306.6,307.5
2026-01-14 13:15:00,6.0,6.6,6.0,6.35,371475,25.480474,1237275,307.15,307.5
2026-01-14 13:16:00,6.35,6.6,6.35,6.45,222300,25.453049,1237275,307.35,307.5
2026-01-14 13:17:00,6.35,6.75,6.35,6.7,111150,25.59823,1102725,307.75,307.5
2026-01-14 13:18:00,6.65,6.7,6.45,6.45,93600,25.683572,1102725,307.25,307.5
2026-01-14 13:19:00,6.55,6.65,6.25,6.25,52650,25.843222,1102725,306.8,307.5
2026-01-14 13:20:00,6.3,6.35,6.0,6.0,38025,25.874713,1093950,306.3,307.5
2026-01-14 13:21:00,6.0,6.2,6.0,6.05,64350,26.089759,1093950,306.3,307.5
2026-01-14 13:22:00,6.0,6.05,5.95,5.95,32175,25.004598,1093950,306.6,307.5
2026-01-14 13:23:00,6.25,6.3,5.95,6.15,64350,25.751494,1070550,306.65,307.5
2026-01-14 13:24:00,6.25,6.3,6.15,6.3,5850,26.945174,1070550,306.4,307.5
2026-01-14 13:25:00,6.05,6.3,6.05,6.05,32175,25.545584,1070550,306.55,307.5
2026-01-14 13:26:00,6.25,6.25,6.05,6.25,2925,25.848816,1050075,306.8,307.5
2026-01-14 13:27:00,6.4,6.4,6.25,6.3,26325,25.727815,1050075,306.95,307.5
2026-01-14 13:28:00,6.35,6.35,6.3,6.35,52650,25.377001,1050075,307.2,307.5
2026-01-14 13:29:00,6.45,6.45,6.35,6.35,38025,25.831055,1064700,307.0,307.5
2026-01-14 13:30:00,6.45,6.45,6.35,6.45,14625,25.920916,1064700,307.15,307.5
2026-01-14 13:31:00,6.45,6.45,6.45,6.45,11700,25.693948,1064700,307.25,307.5
2026-01-14 13:32:00,6.25,6.45,6.25,6.25,64350,25.965054,1041300,306.75,307.5
2026-01-14 13:33:00,6.0,6.25,5.95,6.05,67275,24.885779,1041300,306.85,307.5
2026-01-14 13:34:00,6.05,6.15,6.05,6.15,26325,25.315018,1041300,306.85,307.5
2026-01-14 13:35:00,6.2,6.55,6.15,6.55,43875,25.666759,1055925,307.45,307.5
2026-01-14 13:36:00,6.5,6.55,6.5,6.5,32175,25.79796,1055925,307.3,307.5
2026-01-14 13:37:00,6.2,6.5,6.2,6.2,20475,25.419591,1055925,306.9,307.5
2026-01-14 13:38:00,6.2,6.2,6.2,6.2,5850,24.96925,1055925,307.1,307.5
2026-01-14 13:39:00,6.25,6.25,6.2,6.25,5850,25.070818,1073475,307.15,307.5
2026-01-14 13:40:00,6.45,6.45,6.25,6.45,29250,25.586766,1073475,307.3,307.5
2026-01-14 13:41:00,6.35,6.45,6.35,6.35,35100,24.465262,1064700,307.6,307.5
2026-01-14 13:42:00,6.5,6.5,6.35,6.5,73125,25.457848,1064700,307.45,307.5
2026-01-14 13:43:00,6.5,6.5,6.5,6.5,0,25.573939,1064700,307.4,307.5
2026-01-14 13:44:00,6.5,6.5,6.45,6.45,64350,26.045634,1108575,307.1,307.5
2026-01-14 13:45:00,6.35,6.45,6.35,6.35,5850,25.161872,1108575,307.3,307.5
2026-01-14 13:46:00,6.05,6.35,6.05,6.05,29250,25.119119,1108575,306.75,307.5
2026-01-14 13:47:00,6.05,6.15,6.05,6.15,23400,25.325241,1120275,306.85,307.5
2026-01-14 13:48:00,6.1,6.15,6.1,6.1,17550,25.111718,1120275,306.85,307.5
2026-01-14 13:49:00,6.15,6.15,6.1,6.15,2925,25.214746,1120275,306.9,307.5
2026-01-14 13:50:00,6.2,6.2,6.15,6.2,20475,25.317495,1108575,306.95,307.5
2026-01-14 13:51:00,6.15,6.2,6.15,6.2,11700,25.877191,1108575,306.7,307.5
2026-01-14 13:52:00,5.95,6.2,5.95,5.95,5850,25.576832,1108575,306.35,307.5
2026-01-14 13:53:00,5.7,5.95,5.7,5.7,35100,24.614475,1099800,306.3,307.5
2026-01-14 13:54:00,5.85,5.85,5.7,5.85,29250,25.258527,1099800,306.3,307.5
2026-01-14 13:55:00,7.0,7.1,7.0,7.0,111150,24.855483,3896100,306.2,305.0
2026-01-14 13:56:00,6.9,7.0,6.9,6.9,140400,24.793548,4048200,306.05,305.0
2026-01-14 13:57:00,6.85,6.9,6.85,6.85,78975,24.946665,4048200,305.9,305.0
2026-01-14 13:58:00,5.7,5.7,5.7,5.7,2925,24.290807,1111500,306.45,307.5
2026-01-14 13:59:00,5.85,5.95,5.7,5.95,32175,25.253781,1105650,306.5,307.5
2026-01-14 14:00:00,6.0,6.0,5.95,6.0,2925,24.692344,1105650,306.85,307.5
2026-01-14 14:01:00,6.15,6.15,6.0,6.15,23400,25.111762,1105650,306.95,307.5
2026-01-14 14:02:00,6.15,6.15,6.15,6.15,0,24.659877,1105650,307.15,307.5
2026-01-14 14:03:00,6.15,6.15,6.15,6.15,8775,25.113328,1102725,306.95,307.5
2026-01-14 14:04:00,6.0,6.15,6.0,6.0,14625,25.251637,1102725,306.6,307.5
2026-01-14 14:05:00,6.05,6.05,6.0,6.05,38025,25.356158,1079325,306.65,307.5
2026-01-14 14:06:00,5.85,6.05,5.85,5.85,55575,24.72033,1079325,306.55,307.5
2026-01-14 14:07:00,5.95,5.95,5.85,5.95,8775,25.260047,1079325,306.5,307.5
2026-01-14 14:08:00,6.0,6.0,5.95,6.0,2925,25.254772,1070550,306.6,307.5
2026-01-14 14:09:00,6.0,6.0,6.0,6.0,0,25.804771,1070550,306.35,307.5
2026-01-14 14:10:00,7.05,7.15,7.05,7.05,99450,25.334296,4045275,306.1,305.0
2026-01-14 14:11:00,7.0,7.05,6.85,6.85,114075,24.587417,4188600,306.05,305.0
2026-01-14 14:12:00,6.9,6.9,6.85,6.9,14625,24.432413,4188600,306.2,305.0
2026-01-14 14:13:00,5.55,5.55,5.55,5.55,0,23.658746,1067625,306.45,307.5
2026-01-14 14:14:00,6.0,6.0,5.55,6.0,8775,25.037818,1061775,306.7,307.5
2026-01-14 14:15:00,5.95,6.0,5.95,5.95,5850,25.704055,1061775,306.3,307.5
2026-01-14 14:16:00,5.85,5.95,5.85,5.85,20475,25.275738,1061775,306.3,307.5
2026-01-14 14:17:00,7.05,7.15,7.05,7.05,32175,25.091053,4220775,306.2,305.0
2026-01-14 14:18:00,5.75,5.75,5.7,5.75,20475,24.629991,1044225,306.4,307.5
2026-01-14 14:19:00,5.75,5.75,5.75,5.75,8775,24.848948,1044225,306.3,307.5
2026-01-14 14:20:00,7.0,7.05,7.0,7.0,29250,25.494919,4235400,305.95,305.0
2026-01-14 14:21:00,7.0,7.0,7.0,7.0,67275,25.495723,4235400,305.95,305.0
2026-01-14 14:22:00,5.85,5.85,5.7,5.85,11700,25.062152,1032525,306.4,307.5
2026-01-14 14:23:00,5.9,5.9,5.85,5.9,11700,24.837527,1044225,306.6,307.5
2026-01-14 14:24:00,6.0,6.0,5.9,6.0,20475,25.597785,1044225,306.45,307.5
2026-01-14 14:25:00,6.9,7.1,6.9,6.9,70200,25.186446,4273425,305.9,305.0
2026-01-14 14:26:00,6.95,6.95,6.9,6.95,26325,25.035129,4282200,306.05,305.0
2026-01-14 14:27:00,7.05,7.2,6.95,7.2,117000,25.628798,4282200,306.25,305.0
2026-01-14 14:28:00,7.0,7.2,7.0,7.0,40950,25.501353,4282200,305.95,305.0
2026-01-14 14:29:00,7.05,7.05,6.95,6.95,96525,25.28443,4288050,305.95,305.0
2026-01-14 14:30:00,7.0,7.0,6.95,7.0,55575,25.256255,4288050,306.05,305.0
2026-01-14 14:31:00,6.95,7.0,6.95,6.95,14625,25.77516,4288050,305.75,305.0
2026-01-14 14:32:00,6.85,6.95,6.8,6.8,210600,25.366527,4288050,305.65,305.0
2026-01-14 14:33:00,7.0,7.0,6.8,7.0,84825,25.010304,4451850,306.15,305.0
2026-01-14 14:34:00,7.05,7.05,7.0,7.05,49725,25.104586,4451850,306.2,305.0
2026-01-14 14:35:00,7.1,7.15,7.05,7.15,184275,25.541846,4317300,306.2,305.0
2026-01-14 14:36:00,5.95,5.95,5.95,5.95,5850,25.61166,1041300,306.35,307.5
2026-01-14 14:37:00,7.15,7.25,7.15,7.15,17550,25.418603,4317300,306.25,305.0
2026-01-14 14:38:00,5.95,5.95,5.95,5.95,0,25.722335,1041300,306.3,307.5
2026-01-14 14:39:00,6.0,6.0,5.95,6.0,20475,25.719327,1044225,306.4,307.5
2026-01-14 14:40:00,5.95,6.0,5.95,5.95,14625,25.395839,1044225,306.45,307.5
2026-01-14 14:41:00,5.95,5.95,5.95,5.95,0,25.066072,1026675,306.6,307.5
2026-01-14 14:42:00,5.95,5.95,5.95,5.95,0,25.066852,1026675,306.6,307.5
2026-01-14 14:43:00,6.15,6.15,5.95,6.15,29250,25.257186,1026675,306.9,307.5
2026-01-14 14:44:00,6.05,6.15,6.05,6.05,8775,24.940942,1026675,306.85,307.5
2026-01-14 14:45:00,6.2,6.2,6.05,6.2,8775,25.24809,1023750,307.0,307.5
2026-01-14 14:46:00,6.2,6.2,6.2,6.2,0,25.135771,1023750,307.05,307.5
2026-01-14 14:47:00,6.2,6.2,6.2,6.2,5850,25.136557,1014975,307.05,307.5
2026-01-14 14:48:00,6.25,6.25,6.2,6.25,14625,25.465124,1014975,307.0,307.5
2026-01-14 14:49:00,6.15,6.25,6.15,6.15,20475,25.149389,1014975,306.95,307.5
2026-01-14 14:50:00,6.25,6.25,6.15,6.25,2925,24.783443,1009125,307.3,307.5
2026-01-14 14:51:00,6.4,6.4,6.25,6.4,8775,23.185512,1009125,308.25,307.5
2026-01-14 14:52:00,6.7,6.95,6.4,6.9,222300,25.586178,1009125,308.15,307.5
2026-01-14 14:53:00,6.9,6.9,6.9,6.9,0,26.064074,1003275,307.95,307.5
2026-01-14 14:54:00,6.6,6.9,6.6,6.6,26325,24.772634,1003275,307.95,307.5
2026-01-14 14:55:00,6.55,6.6,6.55,6.55,29250,24.795356,1003275,307.85,307.5
2026-01-14 14:56:00,6.55,6.6,6.55,6.6,29250,24.893008,1003275,307.9,307.5
2026-01-14 14:57:00,6.4,6.6,6.4,6.4,52650,24.622096,1017900,307.65,307.5
2026-01-14 14:58:00,6.35,6.4,6.35,6.4,29250,24.269978,1017900,307.8,307.5
2026-01-14 14:59:00,6.6,6.6,6.4,6.6,29250,25.833292,1000350,307.5,307.5
2026-01-14 15:00:00,6.35,6.6,6.35,6.35,32175,24.642882,1000350,307.55,307.5
2026-01-14 15:01:00,6.35,6.35,6.35,6.35,8775,24.643658,1000350,307.55,307.5
2026-01-14 15:02:00,6.3,6.35,6.3,6.3,11700,24.661693,979875,307.45,307.5
2026-01-14 15:03:00,6.3,6.3,6.3,6.3,0,25.465244,979875,307.1,307.5
2026-01-14 15:04:00,6.15,6.3,6.15,6.3,26325,24.894236,979875,307.35,307.5
2026-01-14 15:05:00,6.35,6.35,6.3,6.35,11700,24.994647,982800,307.4,307.5
2026-01-14 15:06:00,6.35,6.35,6.35,6.35,0,24.995433,982800,307.4,307.5
2026-01-14 15:07:00,6.4,6.4,6.35,6.4,23400,24.276901,982800,307.8,307.5
2026-01-14 15:08:00,6.5,6.5,6.4,6.5,2925,24.826282,985725,307.75,307.5
2026-01-14 15:09:00,6.55,6.55,6.5,6.55,29250,24.806323,985725,307.85,307.5
2026-01-14 15:10:00,6.5,6.55,6.5,6.5,5850,25.062583,985725,307.65,307.5
2026-01-14 15:11:00,6.5,6.5,6.5,6.5,46800,24.115723,950625,308.05,307.5
2026-01-14 15:12:00,6.5,6.5,6.5,6.5,0,24.355625,950625,307.95,307.5
2026-01-14 15:13:00,6.6,6.6,6.5,6.6,20475,24.906375,950625,307.9,307.5
2026-01-14 15:14:00,6.5,6.6,6.5,6.5,5850,24.713075,950625,307.8,307.5
2026-01-14 15:15:00,6.5,6.5,6.5,6.5,17550,24.357945,953550,307.95,307.5
2026-01-14 15:16:00,6.5,6.5,6.45,6.45,26325,24.499243,953550,307.8,307.5
2026-01-14 15:17:00,6.45,6.45,6.3,6.3,32175,23.853711,953550,307.8,307.5
2026-01-14 15:18:00,6.45,6.45,6.3,6.45,5850,24.970589,953550,307.6,307.5
2026-01-14 15:19:00,6.4,6.45,6.3,6.3,11700,24.208667,953550,307.65,307.5
2026-01-14 15:20:00,6.4,6.4,6.3,6.4,20475,24.639983,953550,307.65,307.5
2026-01-14 15:21:00,6.4,6.4,6.4,6.4,5850,24.874379,965250,307.55,307.5
2026-01-14 15:22:00,6.4,6.4,6.4,6.4,5850,24.875163,965250,307.55,307.5
2026-01-14 15:23:00,6.35,6.4,6.35,6.35,11700,24.427034,965250,307.65,307.5
2026-01-14 15:24:00,6.4,6.4,6.35,6.4,8775,24.171564,976950,307.85,307.5
2026-01-14 15:25:00,6.35,6.4,6.35,6.35,14625,24.075283,976950,307.8,307.5
2026-01-14 15:26:00,6.4,6.4,6.35,6.4,8775,24.173099,997425,307.85,307.5
2026-01-14 15:27:00,6.3,6.4,6.3,6.4,38025,24.055056,997425,307.9,307.5
2026-01-14 15:28:00,6.3,6.4,6.3,6.3,2925,24.332683,997425,307.6,307.5
2026-01-14 15:29:00,6.2,6.3,6.2,6.2,29250,23.193859,997425,307.9,307.5
2026-01-16 09:15:00,5.55,5.9,5.5,5.9,500175,25.738858,8143200,309.55,310.0
2026-01-16 09:16:00,5.8,5.9,5.8,5.8,459225,25.042212,8365500,309.65,310.0
2026-01-16 09:17:00,5.95,5.95,5.8,5.95,228150,25.366228,8365500,309.8,310.0
2026-01-16 09:18:00,6.25,6.25,5.95,6.25,345150,24.367703,8365500,310.75,310.0
2026-01-16 09:19:00,6.45,6.45,6.25,6.45,424125,25.543795,8397675,310.65,310.0
2026-01-16 09:20:00,6.3,6.45,6.3,6.3,678600,25.614568,8397675,310.35,310.0
2026-01-16 09:21:00,6.05,6.3,6.05,6.05,195975,25.338748,8397675,310.0,310.0
2026-01-16 09:22:00,6.15,6.15,6.05,6.15,152100,26.042327,8631675,309.9,310.0
2026-01-16 09:23:00,6.2,6.2,6.15,6.2,324675,25.904312,8631675,310.05,310.0
2026-01-16 09:24:00,6.2,6.2,6.2,6.2,184275,26.879042,8631675,309.65,310.0
2026-01-16 09:25:00,5.9,6.2,5.85,5.85,702000,24.794115,8821800,309.85,310.0
2026-01-16 09:26:00,6.05,6.15,5.85,6.15,301275,26.04603,8821800,309.9,310.0
2026-01-16 09:27:00,6.0,6.15,6.0,6.0,125775,25.360389,8821800,309.9,310.0
2026-01-16 09:28:00,5.85,6.0,5.85,5.85,119925,25.761022,8932950,309.45,310.0
2026-01-16 09:29:00,5.8,5.85,5.8,5.8,339300,26.12505,8932950,309.2,310.0
2026-01-16 09:30:00,5.8,5.8,5.8,5.8,99450,26.360511,8932950,309.1,310.0
2026-01-16 09:31:00,5.6,5.8,5.6,5.6,187200,26.027197,9029475,308.85,310.0
2026-01-16 09:32:00,5.7,5.7,5.6,5.7,117000,26.138144,9029475,309.0,310.0
2026-01-16 09:33:00,5.6,5.7,5.6,5.6,78975,25.44827,9029475,309.1,310.0
2026-01-16 09:34:00,6.0,6.0,5.6,6.0,122850,26.213735,9000225,309.55,310.0
2026-01-16 09:35:00,5.95,6.0,5.95,5.95,201825,25.985909,9000225,309.55,310.0
2026-01-16 09:36:00,6.2,6.2,5.95,6.2,187200,25.295818,9000225,310.3,310.0
2026-01-16 09:37:00,6.5,6.55,6.2,6.5,707850,26.17046,8792550,310.5,310.0
2026-01-16 09:38:00,6.55,6.65,6.5,6.6,222300,26.377399,8792550,310.6,310.0
2026-01-16 09:39:00,6.55,6.6,6.25,6.25,219375,26.271077,8792550,310.0,310.0
2026-01-16 09:40:00,6.25,6.45,6.25,6.45,491400,26.069865,8918325,310.45,310.0
2026-01-16 09:41:00,6.45,6.75,6.45,6.75,429975,26.04328,8918325,311.0,310.0
2026-01-16 09:42:00,5.55,5.7,5.3,5.7,213525,25.688505,1105650,311.6,312.5
2026-01-16 09:43:00,5.85,5.95,5.7,5.8,163800,25.910602,1123200,311.7,312.5
2026-01-16 09:44:00,5.8,5.9,5.8,5.9,29250,25.777983,1123200,311.95,312.5
2026-01-16 09:45:00,6.0,6.0,5.9,6.0,178425,25.033406,1123200,312.45,312.5
2026-01-16 09:46:00,6.2,6.4,6.0,6.35,570375,26.136077,1111500,312.65,312.5
2026-01-16 09:47:00,6.35,6.35,6.25,6.35,195975,26.25967,1111500,312.6,312.5
2026-01-16 09:48:00,6.4,6.65,6.35,6.45,201825,26.09872,1111500,312.85,312.5
2026-01-16 09:49:00,6.45,6.5,6.1,6.1,111150,25.491443,1123200,312.45,312.5
2026-01-16 09:50:00,6.15,6.5,6.1,6.5,143325,26.20379,1123200,312.9,312.5
2026-01-16 09:51:00,6.45,6.5,6.45,6.45,70200,25.601591,1123200,313.05,312.5
2026-01-16 09:52:00,6.45,6.45,6.4,6.4,67275,25.750408,1167075,312.9,312.5
2026-01-16 09:53:00,6.6,6.6,6.4,6.6,43875,26.661799,1167075,312.9,312.5
2026-01-16 09:54:00,6.25,6.6,6.25,6.25,55575,25.442081,1167075,312.75,312.5
2026-01-16 09:55:00,6.45,6.45,6.25,6.35,128700,26.144469,1199250,312.65,312.5
2026-01-16 09:56:00,6.4,6.45,6.35,6.35,29250,25.650973,1199250,312.85,312.5
2026-01-16 09:57:00,6.45,6.45,6.3,6.3,55575,25.91893,1199250,312.65,312.5
2026-01-16 09:58:00,6.3,6.3,6.3,6.3,11700,26.042601,1202175,312.6,312.5
2026-01-16 09:59:00,6.35,6.35,6.3,6.35,14625,26.393245,1202175,312.55,312.5
2026-01-16 10:00:00,6.4,6.4,6.35,6.35,55575,26.271838,1202175,312.6,312.5
2026-01-16 10:01:00,6.45,6.45,6.35,6.45,55575,25.861597,1184625,312.95,312.5
2026-01-16 10:02:00,6.65,6.65,6.45,6.65,93600,26.397521,1184625,313.1,312.5
2026-01-16 10:03:00,6.6,6.65,6.55,6.55,58500,26.193888,1184625,313.0,312.5
2026-01-16 10:04:00,6.5,6.55,6.4,6.45,49725,25.864378,1243125,312.95,312.5
2026-01-16 10:05:00,6.5,6.5,6.45,6.45,35100,26.238659,1243125,312.8,312.5
2026-01-16 10:06:00,6.35,6.45,6.35,6.35,38025,26.643508,1243125,312.45,312.5
2026-01-16 10:07:00,6.2,6.35,6.15,6.15,81900,25.613368,1266525,312.5,312.5
2026-01-16 10:08:00,6.4,6.4,6.15,6.4,52650,26.629083,1266525,312.55,312.5
2026-01-16 10:09:00,6.25,6.4,6.2,6.2,93600,25.842581,1266525,312.5,312.5
2026-01-16 10:10:00,5.85,6.2,5.85,5.85,90675,24.97859,1336725,312.2,312.5
2026-01-16 10:11:00,6.0,6.0,5.85,6.0,84825,25.900514,1336725,312.1,312.5
2026-01-16 10:12:00,5.75,6.0,5.75,5.75,49725,25.24039,1336725,311.9,312.5
2026-01-16 10:13:00,5.9,5.9,5.75,5.9,14625,25.328408,1319175,312.15,312.5
2026-01-16 10:14:00,5.9,5.9,5.9,5.9,17550,25.56807,1319175,312.05,312.5
2026-01-16 10:15:00,5.8,5.9,5.8,5.8,117000,25.352039,1319175,311.95,312.5
2026-01-16 10:16:00,5.8,5.8,5.8,5.8,0,24.996223,1427400,312.1,312.5
2026-01-16 10:17:00,5.9,5.9,5.8,5.9,46800,25.689689,1427400,312.0,312.5
2026-01-16 10:18:00,5.95,6.0,5.9,6.0,17550,26.145029,1427400,312.0,312.5
2026-01-16 10:19:00,5.9,6.0,5.9,5.9,8775,25.691521,1433250,312.0,312.5
2026-01-16 10:20:00,5.85,5.9,5.85,5.85,11700,24.746623,1433250,312.3,312.5
2026-01-16 10:21:00,6.15,6.25,5.85,6.25,84825,25.7136,1433250,312.65,312.5
2026-01-16 10:22:00,6.25,6.25,6.25,6.25,49725,25.591281,1447875,312.7,312.5
2026-01-16 10:23:00,6.35,6.35,6.25,6.35,61425,25.92397,1447875,312.75,312.5
2026-01-16 10:24:00,6.35,6.4,6.35,6.4,64350,25.779979,1447875,312.9,312.5
2026-01-16 10:25:00,6.35,6.4,6.35,6.35,14625,26.049341,1392300,312.7,312.5
2026-01-16 10:26:00,6.15,6.35,6.15,6.15,35100,25.630792,1392300,312.5,312.5
2026-01-16 10:27:00,6.15,6.15,6.15,6.15,11700,25.386844,1392300,312.6,312.5
2026-01-16 10:28:00,6.3,6.3,6.15,6.3,32175,25.947679,1427400,312.65,312.5
2026-01-16 10:29:00,6.2,6.3,6.2,6.2,5850,25.370008,1427400,312.7,312.5
2026-01-16 10:30:00,6.3,6.3,6.2,6.3,5850,25.826321,1427400,312.7,312.5
2026-01-16 10:31:00,6.2,6.3,6.2,6.2,14625,25.618109,1421550,312.6,312.5
2026-01-16 10:32:00,6.15,6.2,6.15,6.15,17550,25.268394,1421550,312.65,312.5
2026-01-16 10:33:00,6.3,6.3,6.15,6.3,8775,25.952321,1421550,312.65,312.5
2026-01-16 10:34:00,6.15,6.3,6.15,6.15,35100,25.393227,1421550,312.6,312.5
2026-01-16 10:35:00,6.2,6.2,6.15,6.2,2925,25.498819,1395225,312.65,312.5
2026-01-16 10:36:00,6.25,6.25,6.2,6.25,32175,25.480478,1395225,312.75,312.5
2026-01-16 10:37:00,6.15,6.25,6.15,6.15,17550,25.762815,1389375,312.45,312.5
2026-01-16 10:38:00,6.1,6.15,6.1,6.1,108225,25.899953,1389375,312.3,312.5
2026-01-16 10:39:00,6.0,6.1,6.0,6.0,20475,25.566571,1389375,312.25,312.5
2026-01-16 10:40:00,6.1,6.1,6.0,6.1,38025,26.620207,1471275,312.0,312.5
2026-01-16 10:41:00,5.95,6.1,5.75,5.75,76050,25.384537,1471275,311.85,312.5
2026-01-16 10:42:00,5.65,5.75,5.65,5.65,32175,26.207933,1471275,311.3,312.5
2026-01-16 10:43:00,6.85,7.05,6.85,6.85,169650,25.908138,8947575,311.25,310.0
2026-01-16 10:44:00,6.7,6.85,6.7,6.7,76050,25.479098,8947575,311.15,310.0
2026-01-16 10:45:00,6.75,6.75,6.7,6.75,46800,25.973058,8947575,311.05,310.0
2026-01-16 10:46:00,6.8,6.9,6.75,6.9,160875,26.40515,8997300,311.15,310.0
2026-01-16 10:47:00,5.55,5.55,5.55,5.55,14625,25.528003,1485900,311.4,312.5
2026-01-16 10:48:00,5.75,5.75,5.55,5.75,5850,25.976198,1485900,311.6,312.5
2026-01-16 10:49:00,5.8,5.85,5.75,5.85,20475,26.432019,1485900,311.6,312.5
2026-01-16 10:50:00,5.75,5.85,5.75,5.75,20475,25.744842,1485900,311.7,312.5
2026-01-16 10:51:00,6.0,6.0,5.75,6.0,38025,26.175728,1485900,312.0,312.5
2026-01-16 10:52:00,5.95,6.0,5.8,5.8,40950,25.857039,1485900,311.75,312.5
2026-01-16 10:53:00,5.8,5.8,5.8,5.8,2925,25.740566,1485900,311.8,312.5
2026-01-16 10:54:00,5.8,5.8,5.8,5.8,11700,25.975965,1485900,311.7,312.5
2026-01-16 10:55:00,6.0,6.0,5.8,6.0,23400,26.416466,1503450,311.9,312.5
2026-01-16 10:56:00,6.0,6.0,6.0,6.0,0,26.535437,1503450,311.85,312.5
2026-01-16 10:57:00,5.9,6.0,5.9,5.9,11700,25.726359,1503450,312.0,312.5
2026-01-16 10:58:00,5.95,5.95,5.9,5.95,14625,26.427578,1503450,311.8,312.5
2026-01-16 10:59:00,5.9,5.95,5.9,5.9,2925,26.435574,1503450,311.7,312.5
2026-01-16 11:00:00,5.7,5.9,5.7,5.7,114075,25.643284,1503450,311.65,312.5
2026-01-16 11:01:00,5.7,5.7,5.7,5.7,58500,25.410324,1503450,311.75,312.5
2026-01-16 11:02:00,5.7,5.7,5.7,5.7,2925,25.528326,1576575,311.7,312.5
2026-01-16 11:03:00,5.65,5.7,5.65,5.65,38025,26.227416,1576575,311.3,312.5
2026-01-16 11:04:00,5.6,5.65,5.6,5.6,8775,25.540297,1579500,311.5,312.5
2026-01-16 11:05:00,5.9,5.9,5.6,5.9,20475,25.970805,1579500,311.9,312.5
2026-01-16 11:06:00,5.95,5.95,5.9,5.95,38025,25.96217,1579500,312.0,312.5
2026-01-16 11:07:00,5.95,5.95,5.95,5.95,0,26.200193,1579500,311.9,312.5
2026-01-16 11:08:00,5.9,5.95,5.9,5.9,8775,25.617419,1576575,312.05,312.5
2026-01-16 11:09:00,6.05,6.05,5.9,6.05,26325,25.942027,1576575,312.2,312.5
2026-01-16 11:10:00,6.05,6.05,6.05,6.05,38025,25.942954,1585350,312.2,312.5
2026-01-16 11:11:00,6.15,6.15,6.05,6.15,14625,26.399137,1585350,312.2,312.5
2026-01-16 11:12:00,6.15,6.15,6.15,6.15,0,26.279769,1585350,312.25,312.5
2026-01-16 11:13:00,6.15,6.15,6.15,6.15,67275,26.280706,1585350,312.25,312.5
2026-01-16 11:14:00,6.2,6.2,6.15,6.2,8775,25.902762,1626300,312.5,312.5
2026-01-16 11:15:00,6.2,6.25,6.2,6.25,14625,26.858196,1626300,312.2,312.5
2026-01-16 11:16:00,6.1,6.25,6.1,6.2,64350,26.511197,1623375,312.25,312.5
2026-01-16 11:17:00,6.15,6.2,6.15,6.2,11700,26.512142,1623375,312.25,312.5
2026-01-16 11:18:00,6.3,6.3,6.2,6.3,8775,26.36215,1623375,312.5,312.5
2026-01-16 11:19:00,6.3,6.3,6.3,6.3,0,26.485038,1623375,312.45,312.5
2026-01-16 11:20:00,6.15,6.3,6.15,6.15,23400,25.802532,1614600,312.45,312.5
2026-01-16 11:21:00,6.1,6.15,6.05,6.05,8775,26.312294,1614600,312.05,312.5
2026-01-16 11:22:00,6.05,6.05,6.05,6.05,35100,26.193846,1614600,312.1,312.5
2026-01-16 11:23:00,6.25,6.25,6.05,6.25,8775,26.624904,1605825,312.3,312.5
2026-01-16 11:24:00,6.25,6.25,6.25,6.25,17550,26.383579,1605825,312.4,312.5
2026-01-16 11:25:00,6.15,6.25,6.15,6.15,5850,26.171279,1623375,312.3,312.5
2026-01-16 11:26:00,6.2,6.3,6.15,6.3,8775,26.734566,1623375,312.35,312.5
2026-01-16 11:27:00,6.3,6.3,6.3,6.3,26325,26.614232,1623375,312.4,312.5
2026-01-16 11:28:00,6.3,6.3,6.3,6.3,2925,26.126576,1611675,312.6,312.5
2026-01-16 11:29:00,6.35,6.45,6.3,6.35,70200,25.98542,1611675,312.75,312.5
2026-01-16 11:30:00,6.4,6.5,6.35,6.5,29250,26.172774,1611675,312.95,312.5
2026-01-16 11:31:00,6.65,6.65,6.5,6.6,40950,26.63038,1576575,312.95,312.5
2026-01-16 11:32:00,6.55,6.6,6.35,6.35,102375,26.235324,1576575,312.65,312.5
2026-01-16 11:33:00,6.25,6.35,6.1,6.1,61425,26.789147,1576575,311.95,312.5
2026-01-16 11:34:00,6.2,6.2,6.0,6.0,46800,26.45312,1576575,311.9,312.5
2026-01-16 11:35:00,5.9,6.0,5.9,5.9,23400,26.352149,1623375,311.75,312.5
2026-01-16 11:36:00,6.0,6.0,5.9,6.0,11700,26.336525,1623375,311.95,312.5
2026-01-16 11:37:00,6.05,6.05,6.0,6.05,2925,27.154537,1623375,311.7,312.5
2026-01-16 11:38:00,5.8,6.05,5.75,5.85,46800,26.826109,1611675,311.45,312.5
2026-01-16 11:39:00,5.85,5.85,5.85,5.85,0,26.478933,1611675,311.6,312.5
2026-01-16 11:40:00,5.9,5.9,5.85,5.9,11700,26.239284,1611675,311.8,312.5
2026-01-16 11:41:00,5.9,5.9,5.9,5.9,2925,26.122352,1617525,311.85,312.5
2026-01-16 11:42:00,5.95,5.95,5.9,5.95,2925,26.586497,1617525,311.75,312.5
2026-01-16 11:43:00,5.95,5.95,5.95,5.95,17550,26.351999,1617525,311.85,312.5
2026-01-16 11:44:00,5.85,5.95,5.85,5.85,5850,26.132793,1608750,311.75,312.5
2026-01-16 11:45:00,6.0,6.0,5.85,6.0,23400,26.463481,1608750,311.9,312.5
2026-01-16 11:46:00,6.0,6.0,6.0,6.0,11700,26.345915,1608750,311.95,312.5
2026-01-16 11:47:00,6.0,6.0,6.0,6.0,0,27.286421,1620450,311.55,312.5
2026-01-16 11:48:00,5.7,6.0,5.7,5.7,64350,26.267298,1620450,311.4,312.5
2026-01-16 11:49:00,5.75,5.75,5.7,5.75,35100,26.380722,1620450,311.45,312.5
2026-01-16 11:50:00,5.7,5.75,5.7,5.7,8775,26.153733,1638000,311.45,312.5
2026-01-16 11:51:00,5.65,5.7,5.65,5.65,2925,26.042139,1638000,311.4,312.5
2026-01-16 11:52:00,5.65,5.75,5.65,5.75,32175,26.151738,1638000,311.55,312.5
2026-01-16 11:53:00,5.75,5.75,5.75,5.75,0,26.268717,1646775,311.5,312.5
2026-01-16 11:54:00,6.9,7.05,6.85,6.85,81900,25.974909,8435700,311.25,310.0
2026-01-16 11:55:00,6.85,6.85,6.85,6.85,32175,26.239542,8435700,311.15,310.0
2026-01-16 11:56:00,6.75,6.85,6.7,6.7,111150,25.808497,8497125,311.05,310.0
2026-01-16 11:57:00,6.7,6.75,6.7,6.75,23400,25.909802,8497125,311.1,310.0
2026-01-16 11:58:00,6.7,6.75,6.7,6.7,14625,25.67926,8555625,311.1,310.0
2026-01-16 11:59:00,6.7,6.7,6.7,6.7,11700,25.941977,8555625,311.0,310.0
2026-01-16 12:00:00,6.65,6.7,6.65,6.7,52650,25.681125,8555625,311.1,310.0
2026-01-16 12:01:00,6.7,6.7,6.7,6.7,46800,25.813182,8555625,311.05,310.0
2026-01-16 12:02:00,6.6,6.7,6.6,6.6,23400,25.48214,8579025,311.0,310.0
2026-01-16 12:03:00,6.65,6.8,6.6,6.8,125775,25.883815,8579025,311.2,310.0
2026-01-16 12:04:00,6.65,6.8,6.65,6.65,11700,25.715359,8579025,311.0,310.0
2026-01-16 12:05:00,6.4,6.65,6.4,6.4,76050,26.1017,8622900,310.4,310.0
2026-01-16 12:06:00,6.55,6.55,6.4,6.55,84825,25.774203,8622900,310.8,310.0
2026-01-16 12:07:00,6.6,6.6,6.55,6.6,5850,26.006116,8622900,310.8,310.0
2026-01-16 12:08:00,6.6,6.75,6.6,6.75,58500,26.051174,8649225,311.05,310.0
2026-01-16 12:09:00,6.15,6.75,6.15,6.15,444600,25.828574,8649225,310.05,310.0
2026-01-16 12:10:00,6.2,6.3,6.15,6.3,257400,26.022451,8649225,310.25,310.0
2026-01-16 12:11:00,6.25,6.4,6.25,6.4,23400,26.107343,8739900,310.4,310.0
2026-01-16 12:12:00,6.3,6.4,6.3,6.3,64350,26.024326,8739900,310.25,310.0
2026-01-16 12:13:00,6.3,6.3,6.3,6.3,29250,26.522571,8739900,310.05,310.0
2026-01-16 12:14:00,6.15,6.3,6.15,6.2,166725,25.939461,8824725,310.1,310.0
2026-01-16 12:15:00,5.9,6.2,5.9,5.9,257400,26.264213,8824725,309.4,310.0
2026-01-16 12:16:00,5.95,5.95,5.9,5.95,114075,26.255612,8824725,309.5,310.0
2026-01-16 12:17:00,6.0,6.0,5.95,6.0,70200,26.124893,8965125,309.65,310.0
2026-01-16 12:18:00,6.0,6.0,6.0,6.0,43875,26.607219,8965125,309.45,310.0
2026-01-16 12:19:00,6.8,7.2,6.8,6.8,76050,26.262264,681525,308.65,307.5
2026-01-16 12:20:00,6.8,6.8,6.8,6.8,43875,26.263217,725400,308.65,307.5
2026-01-16 12:21:00,6.8,6.8,6.8,6.8,0,26.660055,725400,308.5,307.5
2026-01-16 12:22:00,6.8,6.8,6.8,6.8,0,26.397528,725400,308.6,307.5
2026-01-16 12:23:00,6.75,6.8,6.75,6.75,11700,26.032479,725400,308.65,307.5
2026-01-16 12:24:00,6.8,6.8,6.45,6.45,20475,25.943431,725400,308.15,307.5
2026-01-16 12:25:00,6.45,6.45,6.45,6.45,0,25.555288,725400,308.3,307.5
2026-01-16 12:26:00,6.6,6.6,6.45,6.6,11700,25.994289,731250,308.4,307.5
2026-01-16 12:27:00,6.5,6.6,6.4,6.4,23400,25.970944,731250,308.05,307.5
2026-01-16 12:28:00,6.4,6.4,6.4,6.4,0,26.355049,731250,307.9,307.5
2026-01-16 12:29:00,6.4,6.4,6.4,6.4,5850,25.844287,740025,308.1,307.5
2026-01-16 12:30:00,6.4,6.4,6.4,6.4,0,25.586889,740025,308.2,307.5
2026-01-16 12:31:00,6.5,6.5,6.4,6.5,11700,25.79393,740025,308.3,307.5
2026-01-16 12:32:00,5.5,5.7,5.4,5.7,96525,26.305508,9324900,309.0,310.0
2026-01-16 12:33:00,6.95,6.95,6.5,6.95,43875,26.710861,728325,308.75,307.5
2026-01-16 12:34:00,5.75,5.75,5.75,5.75,169650,26.770723,9324900,308.9,310.0
2026-01-16 12:35:00,5.65,5.75,5.65,5.65,43875,26.54348,9415575,308.8,310.0
2026-01-16 12:36:00,6.8,6.8,6.8,6.8,0,26.674508,734175,308.5,307.5
2026-01-16 12:37:00,6.8,6.8,6.8,6.8,0,28.095939,734175,307.95,307.5
2026-01-16 12:38:00,6.8,6.8,6.8,6.8,0,27.457152,734175,308.2,307.5
2026-01-16 12:39:00,6.8,6.8,6.8,6.8,49725,26.808558,742950,308.45,307.5
2026-01-16 12:40:00,6.8,6.8,6.8,6.8,0,26.546776,742950,308.55,307.5
2026-01-16 12:41:00,6.8,6.8,6.8,6.8,0,27.330991,760500,308.25,307.5
2026-01-16 12:42:00,6.7,6.8,6.7,6.7,38025,26.475861,760500,308.4,307.5
2026-01-16 12:43:00,6.8,6.9,6.7,6.9,11700,26.619806,760500,308.7,307.5
2026-01-16 12:44:00,6.9,6.9,6.9,6.9,14625,26.753453,751725,308.65,307.5
2026-01-16 12:45:00,6.75,6.9,6.75,6.75,5850,26.842382,751725,308.35,307.5
2026-01-16 12:46:00,6.65,6.75,6.65,6.65,11700,26.637109,751725,308.25,307.5
2026-01-16 12:47:00,6.65,6.65,6.65,6.65,0,26.508264,751725,308.3,307.5
2026-01-16 12:48:00,6.65,6.65,6.65,6.65,0,26.509223,751725,308.3,307.5
2026-01-16 12:49:00,6.65,6.65,6.65,6.65,0,26.379951,751725,308.35,307.5
2026-01-16 12:50:00,6.65,6.65,6.65,6.65,0,26.119157,766350,308.45,307.5
2026-01-16 12:51:00,6.65,6.65,6.65,6.65,14625,26.381859,766350,308.35,307.5
2026-01-16 12:52:00,6.6,6.65,6.6,6.6,2925,26.409853,766350,308.25,307.5
2026-01-16 12:53:00,6.6,6.6,6.6,6.6,5850,25.888556,766350,308.45,307.5
2026-01-16 12:54:00,6.6,6.6,6.6,6.6,0,25.757838,766350,308.5,307.5
2026-01-16 12:55:00,6.6,6.6,6.6,6.6,2925,26.28279,766350,308.3,307.5
2026-01-16 12:56:00,6.55,6.6,6.55,6.55,8775,26.180594,769275,308.25,307.5
2026-01-16 12:57:00,6.4,6.55,6.4,6.4,20475,27.388414,769275,307.5,307.5
2026-01-16 12:58:00,6.4,6.4,6.4,6.4,0,27.264932,769275,307.55,307.5
2026-01-16 12:59:00,6.25,6.4,6.25,6.25,87750,26.941797,778050,307.4,307.5
2026-01-16 13:00:00,6.2,6.25,6.05,6.05,32175,26.137679,778050,307.35,307.5
2026-01-16 13:01:00,6.0,6.05,6.0,6.0,5850,26.152741,778050,307.25,307.5
2026-01-16 13:02:00,6.15,6.15,6.0,6.15,8775,26.48031,833625,307.4,307.5
2026-01-16 13:03:00,6.15,6.15,6.15,6.15,2925,26.357311,833625,307.45,307.5
2026-01-16 13:04:00,6.0,6.15,6.0,6.0,52650,26.155559,833625,307.25,307.5
2026-01-16 13:05:00,6.0,6.0,6.0,6.0,0,26.279129,833625,307.2,307.5
2026-01-16 13:06:00,6.0,6.25,6.0,6.25,11700,26.700413,871650,307.5,307.5
2026-01-16 13:07:00,6.15,6.25,6.15,6.15,8775,26.485067,871650,307.4,307.5
2026-01-16 13:08:00,6.05,6.15,6.05,6.05,2925,26.391487,871650,307.25,307.5
2026-01-16 13:09:00,6.05,6.05,6.05,6.05,8775,26.269463,874575,307.3,307.5
2026-01-16 13:10:00,6.05,6.05,6.05,6.05,8775,26.270408,874575,307.3,307.5
2026-01-16 13:11:00,6.05,6.05,6.05,6.05,14625,25.775877,895050,307.5,307.5
2026-01-16 13:12:00,6.15,6.25,6.05,6.15,93600,26.736723,895050,307.3,307.5
2026-01-16 13:13:00,6.1,6.15,6.1,6.1,5850,26.258496,895050,307.4,307.5
2026-01-16 13:14:00,6.0,6.1,6.0,6.0,2925,25.918582,883350,307.35,307.5
2026-01-16 13:15:00,6.0,6.0,6.0,6.0,0,25.547216,883350,307.5,307.5
2026-01-16 13:16:00,6.05,6.05,6.0,6.05,2925,25.655723,883350,307.55,307.5
2026-01-16 13:17:00,6.2,6.2,6.05,6.2,14625,25.851463,886275,307.75,307.5
2026-01-16 13:18:00,6.15,6.2,6.15,6.15,5850,26.122448,886275,307.55,307.5
2026-01-16 13:19:00,6.15,6.15,6.15,6.15,0,25.87281,886275,307.65,307.5
2026-01-16 13:20:00,6.1,6.15,6.05,6.05,11700,26.03278,895050,307.4,307.5
2026-01-16 13:21:00,6.05,6.05,6.05,6.05,0,26.64879,895050,307.15,307.5
2026-01-16 13:22:00,6.0,6.05,6.0,6.0,26325,25.802302,895050,307.4,307.5
2026-01-16 13:23:00,5.95,6.0,5.95,6.0,38025,26.78348,936000,307.0,307.5
2026-01-16 13:24:00,5.95,6.0,5.95,5.95,2925,26.673253,936000,306.95,307.5
2026-01-16 13:25:00,5.75,5.95,5.75,5.75,23400,26.583517,936000,306.6,307.5
2026-01-16 13:26:00,5.75,5.75,5.75,5.75,11700,26.346585,959400,306.7,307.5
2026-01-16 13:27:00,5.8,5.8,5.75,5.8,2925,26.220545,959400,306.85,307.5
2026-01-16 13:28:00,5.8,5.8,5.8,5.8,0,26.101097,959400,306.9,307.5
2026-01-16 13:29:00,5.85,5.85,5.8,5.85,5850,26.0925,959400,307.0,307.5
2026-01-16 13:30:00,6.0,6.0,5.85,6.0,8775,26.056959,962325,307.3,307.5
2026-01-16 13:31:00,6.0,6.0,6.0,6.0,5850,26.180965,962325,307.25,307.5
2026-01-16 13:32:00,6.1,6.25,6.0,6.25,40950,25.844699,956475,307.85,307.5
2026-01-16 13:33:00,6.25,6.3,6.25,6.3,40950,25.823489,956475,307.95,307.5
2026-01-16 13:34:00,6.25,6.3,6.25,6.3,40950,25.696326,956475,308.0,307.5
2026-01-16 13:35:00,6.2,6.3,6.2,6.2,17550,25.741679,906750,307.8,307.5
2026-01-16 13:36:00,6.2,6.2,6.2,6.2,0,25.488139,906750,307.9,307.5
2026-01-16 13:37:00,6.2,6.2,6.2,6.2,0,25.104249,906750,308.05,307.5
2026-01-16 13:38:00,6.25,6.25,6.2,6.25,11700,25.595165,906750,307.95,307.5
2026-01-16 13:39:00,6.25,6.25,6.25,6.25,11700,25.723878,906750,307.9,307.5
2026-01-16 13:40:00,6.2,6.25,6.2,6.2,2925,25.491843,906750,307.9,307.5
2026-01-16 13:41:00,6.2,6.2,6.2,6.2,0,25.620228,900900,307.85,307.5
2026-01-16 13:42:00,6.2,6.2,6.2,6.2,0,25.4937,900900,307.9,307.5
2026-01-16 13:43:00,6.2,6.2,6.2,6.2,20475,26.253482,900900,307.6,307.5
2026-01-16 13:44:00,6.05,6.2,6.05,6.05,8775,25.051409,900900,307.8,307.5
2026-01-16 13:45:00,6.05,6.05,6.05,6.05,0,25.052321,900900,307.8,307.5
2026-01-16 13:46:00,6.05,6.05,6.05,6.05,0,25.558304,900900,307.6,307.5
2026-01-16 13:47:00,6.05,6.05,6.05,6.05,0,24.154141,897975,308.15,307.5
2026-01-16 13:48:00,6.45,6.45,6.05,6.45,87750,25.893019,897975,308.2,307.5
2026-01-16 13:49:00,6.45,6.45,6.45,6.45,5850,26.919075,897975,307.8,307.5
2026-01-16 13:50:00,6.45,6.45,6.45,6.45,0,27.046437,897975,307.75,307.5
2026-01-16 13:51:00,6.45,6.45,6.45,6.45,0,27.42441,897975,307.6,307.5
2026-01-16 13:52:00,6.05,6.45,6.05,6.05,11700,25.563867,903825,307.6,307.5
2026-01-16 13:53:00,6.05,6.05,6.05,6.05,0,25.564797,900900,307.6,307.5
2026-01-16 13:54:00,6.0,6.05,6.0,6.0,17550,25.707916,900900,307.45,307.5
2026-01-16 13:55:00,6.0,6.0,6.0,6.0,0,25.333893,900900,307.6,307.5
2026-01-16 13:56:00,6.0,6.0,6.0,6.0,0,25.334812,900900,307.6,307.5
2026-01-16 13:57:00,6.0,6.0,6.0,6.0,32175,25.71071,900900,307.45,307.5
2026-01-16 13:58:00,6.0,6.0,6.0,6.0,14625,26.206433,900900,307.25,307.5
2026-01-16 13:59:00,6.0,6.0,6.0,6.0,0,25.960695,900900,307.35,307.5
2026-01-16 14:00:00,5.85,6.0,5.85,5.85,17550,26.121598,953550,307.0,307.5
2026-01-16 14:01:00,5.75,5.85,5.75,5.75,73125,25.657591,953550,307.0,307.5
2026-01-16 14:02:00,5.7,5.75,5.55,5.55,32175,25.688636,947700,306.6,307.5
2026-01-16 14:03:00,5.55,5.55,5.55,5.55,0,25.332048,947700,306.75,307.5
2026-01-16 14:04:00,5.5,5.55,5.5,5.5,32175,25.812555,947700,306.45,307.5
2026-01-16 14:05:00,5.45,5.5,5.45,5.45,29250,25.698437,956475,306.4,307.5
2026-01-16 14:06:00,5.45,5.45,5.45,5.45,2925,25.463937,956475,306.5,307.5
2026-01-16 14:07:00,5.45,5.45,5.45,5.45,0,25.228163,956475,306.6,307.5
2026-01-16 14:08:00,5.7,5.7,5.45,5.7,17550,26.391846,956475,306.6,307.5
2026-01-16 14:09:00,5.55,5.7,5.55,5.55,11700,25.931887,947700,306.5,307.5
2026-01-16 14:10:00,5.4,5.55,5.4,5.4,11700,25.235,947700,306.5,307.5
2026-01-16 14:11:00,5.45,5.45,5.4,5.4,8775,24.880402,947700,306.65,307.5
2026-01-16 14:12:00,5.4,5.4,5.4,5.4,0,24.76214,947700,306.7,307.5
2026-01-16 14:13:00,5.6,5.6,5.4,5.6,2925,25.812497,950625,306.65,307.5
2026-01-16 14:14:00,5.65,5.65,5.6,5.65,23400,25.92678,950625,306.7,307.5
2026-01-16 14:15:00,5.65,5.65,5.65,5.65,0,25.927713,950625,306.7,307.5
2026-01-16 14:16:00,5.65,5.65,5.65,5.65,0,25.928644,950625,306.7,307.5
2026-01-16 14:17:00,5.6,5.65,5.6,5.6,5850,25.935118,947700,306.6,307.5
2026-01-16 14:18:00,5.5,5.6,5.5,5.5,8775,25.232712,947700,306.7,307.5
2026-01-16 14:19:00,5.65,5.65,5.5,5.65,11700,25.571761,947700,306.85,307.5
2026-01-16 14:20:00,5.8,5.8,5.65,5.8,29250,25.907803,936000,307.0,307.5
2026-01-16 14:21:00,5.8,5.8,5.8,5.8,0,26.029967,936000,306.95,307.5
2026-01-16 14:22:00,5.8,5.8,5.8,5.8,0,26.392607,936000,306.8,307.5
2026-01-16 14:23:00,5.8,5.8,5.8,5.8,0,26.871369,936000,306.6,307.5
2026-01-16 14:24:00,5.7,5.8,5.7,5.7,23400,25.56752,938925,306.95,307.5
2026-01-16 14:25:00,5.7,5.7,5.7,5.7,0,25.325585,938925,307.05,307.5
2026-01-16 14:26:00,5.75,5.75,5.7,5.75,8775,26.043504,938925,306.85,307.5
2026-01-16 14:27:00,5.75,5.75,5.75,5.75,8775,25.802943,933075,306.95,307.5
2026-01-16 14:28:00,5.7,5.75,5.7,5.7,2925,26.765854,933075,306.45,307.5
2026-01-16 14:29:00,5.55,5.7,5.55,5.55,8775,26.420659,933075,306.3,307.5
2026-01-16 14:30:00,6.8,6.8,6.8,6.8,0,26.489656,2287350,306.2,305.0
2026-01-16 14:31:00,5.4,5.55,5.4,5.55,29250,25.715455,938925,306.6,307.5
2026-01-16 14:32:00,5.5,5.55,5.5,5.5,2925,26.190618,938925,306.3,307.5
2026-01-16 14:33:00,5.45,5.5,5.45,5.45,5850,25.958673,936000,306.3,307.5
2026-01-16 14:34:00,6.6,6.75,6.55,6.55,8775,25.310331,2287350,306.2,305.0
2026-01-16 14:35:00,5.4,5.4,5.4,5.4,0,25.257758,936000,306.5,307.5
2026-01-16 14:36:00,5.4,5.4,5.4,5.4,0,25.376608,944775,306.45,307.5
2026-01-16 14:37:00,5.4,5.4,5.4,5.4,8775,25.729486,944775,306.3,307.5
2026-01-16 14:38:00,5.55,5.6,5.4,5.6,5850,24.627591,944775,307.15,307.5
2026-01-16 14:39:00,6.0,6.05,5.6,6.05,40950,26.231132,944775,307.35,307.5
2026-01-16 14:40:00,5.95,6.05,5.95,6.0,38025,25.500913,944775,307.55,307.5
2026-01-16 14:41:00,6.1,6.1,6.0,6.1,8775,25.842475,959400,307.6,307.5
2026-01-16 14:42:00,6.1,6.1,6.1,6.1,17550,25.968842,959400,307.55,307.5
2026-01-16 14:43:00,6.0,6.1,6.0,6.05,23400,26.11093,959400,307.4,307.5
2026-01-16 14:44:00,6.1,6.1,6.05,6.1,23400,26.220478,953550,307.45,307.5
2026-01-16 14:45:00,6.1,6.1,6.1,6.1,17550,25.971668,953550,307.55,307.5
2026-01-16 14:46:00,6.05,6.1,6.05,6.05,8775,25.989397,953550,307.45,307.5
2026-01-16 14:47:00,6.05,6.05,6.05,6.05,14625,25.236167,953550,307.75,307.5
2026-01-16 14:48:00,6.2,6.35,6.05,6.35,43875,26.255355,941850,307.9,307.5
2026-01-16 14:49:00,6.25,6.35,6.25,6.25,11700,25.789456,941850,307.9,307.5
2026-01-16 14:50:00,6.25,6.25,6.25,6.25,0,26.424579,941850,307.65,307.5
2026-01-16 14:51:00,6.25,6.45,6.25,6.45,67275,26.211663,944775,308.1,307.5
2026-01-16 14:52:00,6.4,6.45,6.4,6.4,8775,25.589297,944775,308.25,307.5
2026-01-16 14:53:00,6.4,6.4,6.4,6.4,0,25.979858,944775,308.1,307.5
2026-01-16 14:54:00,6.4,6.4,6.4,6.4,23400,25.591172,941850,308.25,307.5
2026-01-16 14:55:00,6.35,6.4,6.35,6.4,20475,25.722418,941850,308.2,307.5
2026-01-16 14:56:00,6.35,6.4,6.35,6.35,5850,25.619392,941850,308.15,307.5
2026-01-16 14:57:00,6.4,6.4,6.35,6.4,20475,25.463228,941850,308.3,307.5
2026-01-16 14:58:00,6.35,6.4,6.35,6.35,5850,25.229995,941850,308.3,307.5
2026-01-16 14:59:00,6.4,6.4,6.35,6.4,8775,25.856074,936000,308.15,307.5
2026-01-16 15:00:00,6.25,6.4,6.25,6.25,26325,24.63183,936000,308.35,307.5
2026-01-16 15:01:00,6.5,6.5,6.25,6.5,17550,25.6728,936000,308.4,307.5
2026-01-16 15:02:00,6.45,6.5,6.45,6.45,2925,25.832724,936000,308.25,307.5
2026-01-16 15:03:00,6.45,6.45,6.45,6.45,0,25.702998,936000,308.3,307.5
2026-01-16 15:04:00,6.45,6.45,6.45,6.45,0,25.572824,936000,308.35,307.5
2026-01-16 15:05:00,6.4,6.45,6.4,6.45,29250,25.835561,918450,308.25,307.5
2026-01-16 15:06:00,6.45,6.45,6.45,6.45,23400,25.836506,912600,308.25,307.5
2026-01-16 15:07:00,6.5,6.55,6.45,6.55,17550,25.648755,912600,308.5,307.5
2026-01-16 15:08:00,6.55,6.55,6.55,6.55,2925,25.649696,912600,308.5,307.5
2026-01-16 15:09:00,6.55,6.55,6.55,6.55,0,25.251103,912600,308.65,307.5
2026-01-16 15:10:00,6.5,6.55,6.5,6.5,8775,25.681272,897975,308.4,307.5
2026-01-16 15:11:00,6.4,6.5,6.4,6.4,5850,25.607111,897975,308.25,307.5
2026-01-16 15:12:00,6.4,6.4,6.4,6.4,11700,24.682774,883350,308.6,307.5
2026-01-16 15:13:00,6.5,6.55,6.4,6.55,11700,25.521682,883350,308.55,307.5
2026-01-16 15:14:00,6.5,6.55,6.4,6.4,17550,25.609926,883350,308.25,307.5
2026-01-16 15:15:00,6.45,6.45,6.4,6.45,8775,25.451544,871650,308.4,307.5
2026-01-16 15:16:00,6.45,6.45,6.45,6.45,0,25.584084,871650,308.35,307.5
2026-01-16 15:17:00,6.3,6.45,6.3,6.3,5850,24.881787,871650,308.35,307.5
2026-01-16 15:18:00,6.3,6.3,6.3,6.3,2925,25.275844,871650,308.2,307.5
2026-01-16 15:19:00,6.25,6.3,6.25,6.25,26325,25.042604,871650,308.2,307.5
2026-01-16 15:20:00,6.3,6.3,6.25,6.3,8775,25.2777,871650,308.2,307.5
2026-01-16 15:21:00,6.3,6.3,6.3,6.3,5850,25.148024,865800,308.25,307.5
2026-01-16 15:22:00,6.3,6.3,6.3,6.3,0,24.886377,865800,308.35,307.5
2026-01-16 15:23:00,6.3,6.35,6.3,6.35,14625,25.25319,865800,308.3,307.5
2026-01-16 15:24:00,6.25,6.35,6.2,6.2,20475,24.943353,857025,308.15,307.5
2026-01-16 15:25:00,6.2,6.2,6.2,6.2,0,25.332764,857025,308.0,307.5
2026-01-16 15:26:00,6.1,6.2,6.1,6.1,23400,24.736631,857025,308.05,307.5
2026-01-16 15:27:00,6.05,6.1,6.05,6.05,5850,24.761742,859950,307.95,307.5
2026-01-16 15:28:00,6.05,6.05,6.05,6.05,5850,25.65326,859950,307.6,307.5
2026-01-16 15:29:00,6.1,6.1,6.05,6.1,23400,25.508525,859950,307.75,307.5
2026-01-19 09:15:00,6.35,6.35,6.35,6.35,2925,33.435857,842400,307.0,307.5
2026-01-19 09:16:00,5.55,6.35,5.55,5.55,38025,26.88935,862875,307.8,307.5
2026-01-19 09:17:00,5.55,5.55,5.55,5.55,0,26.453378,862875,307.95,307.5
2026-01-19 09:18:00,5.85,5.85,5.55,5.85,43875,29.219354,862875,307.55,307.5
2026-01-19 09:19:00,5.85,5.85,5.85,5.85,0,29.078109,895050,307.6,307.5
2026-01-19 09:20:00,5.85,5.85,5.85,5.85,0,29.647348,895050,307.4,307.5
2026-01-19 09:21:00,5.85,5.85,5.85,5.85,0,29.080811,895050,307.6,307.5
2026-01-19 09:22:00,5.7,5.85,5.7,5.7,105300,29.267813,921375,307.25,307.5
2026-01-19 09:23:00,5.7,5.7,5.7,5.7,0,27.558437,921375,307.85,307.5
2026-01-19 09:24:00,5.7,5.7,5.7,5.7,0,28.707243,921375,307.45,307.5
2026-01-19 09:25:00,5.7,5.7,5.7,5.7,0,28.850025,924300,307.4,307.5
2026-01-19 09:26:00,5.55,5.7,5.55,5.55,125775,28.04712,924300,307.4,307.5
2026-01-19 09:27:00,5.4,5.55,5.4,5.5,61425,28.620806,924300,307.1,307.5
2026-01-19 09:28:00,4.9,5.5,4.9,4.9,87750,27.308876,909675,306.4,307.5
2026-01-19 09:29:00,6.15,6.15,6.15,6.15,0,28.762603,2187900,305.85,305.0
2026-01-19 09:30:00,5.8,6.15,5.8,5.8,52650,27.01414,2187900,305.8,305.0
2026-01-19 09:31:00,5.75,5.8,5.75,5.75,5850,26.743803,2193750,305.8,305.0
2026-01-19 09:32:00,6.2,6.2,5.75,6.2,43875,28.125212,2193750,306.15,305.0
2026-01-19 09:33:00,6.15,6.2,6.15,6.15,52650,28.76799,2193750,305.85,305.0
2026-01-19 09:34:00,5.75,6.15,5.75,5.75,17550,26.898448,2179125,305.75,305.0
2026-01-19 09:35:00,6.0,6.0,5.75,6.0,87750,27.347398,2179125,306.05,305.0
2026-01-19 09:36:00,6.2,6.2,6.0,6.2,67275,28.437017,2179125,306.05,305.0
2026-01-19 09:37:00,5.0,5.0,4.85,5.0,122850,27.990392,956475,306.35,307.5
2026-01-19 09:38:00,5.2,5.2,5.0,5.2,58500,28.260361,956475,306.65,307.5
2026-01-19 09:39:00,5.15,5.2,5.15,5.15,78975,27.449114,956475,306.85,307.5
2026-01-19 09:40:00,6.4,6.4,6.35,6.4,29250,28.917141,2243475,306.25,305.0
2026-01-19 09:41:00,6.15,6.4,6.15,6.15,5850,28.778775,2243475,305.85,305.0
2026-01-19 09:42:00,6.15,6.15,6.15,6.15,0,28.780125,2243475,305.85,305.0
2026-01-19 09:43:00,6.15,6.15,6.15,6.15,61425,28.021131,2258100,306.1,305.0
2026-01-19 09:44:00,6.15,6.15,6.15,6.15,0,28.631818,2258100,305.9,305.0
2026-01-19 09:45:00,5.95,6.15,5.95,5.95,26325,28.148699,2258100,305.7,305.0
2026-01-19 09:46:00,5.85,5.95,5.85,5.85,5850,27.756706,2255175,305.65,305.0
2026-01-19 09:47:00,5.75,5.85,5.75,5.75,20475,27.956442,2255175,305.4,305.0
2026-01-19 09:48:00,5.8,5.8,5.55,5.55,76050,28.036364,2255175,305.0,305.0
2026-01-19 09:49:00,5.8,5.8,5.55,5.8,29250,28.95879,2269800,305.15,305.0
2026-01-19 09:50:00,5.7,5.8,5.7,5.7,11700,28.273791,2269800,305.2,305.0
2026-01-19 09:51:00,5.7,5.7,5.7,5.7,70200,25.578399,2269800,306.1,305.0
2026-01-19 09:52:00,6.1,6.1,5.7,6.1,26325,30.152038,2275650,305.3,305.0
2026-01-19 09:53:00,6.1,6.1,6.1,6.1,0,31.019665,2275650,305.0,305.0
2026-01-19 09:54:00,5.6,6.1,5.6,5.6,76050,28.88519,2275650,304.8,305.0
2026-01-19 09:55:00,5.55,5.6,5.55,5.55,81900,27.176181,2331225,305.3,305.0
2026-01-19 09:56:00,5.5,5.55,5.5,5.5,23400,26.612588,2331225,305.4,305.0
2026-01-19 09:57:00,5.8,5.8,5.5,5.8,38025,28.240647,2331225,305.4,305.0
2026-01-19 09:58:00,5.75,5.8,5.75,5.75,2925,26.778018,2342925,305.8,305.0
2026-01-19 09:59:00,5.75,5.75,5.75,5.75,14625,26.930274,2342925,305.75,305.0
2026-01-19 10:00:00,5.7,5.75,5.7,5.7,26325,27.702366,2342925,305.4,305.0
2026-01-19 10:01:00,5.7,5.7,5.7,5.7,0,27.259959,2357550,305.55,305.0
2026-01-19 10:02:00,5.7,5.7,5.7,5.7,26325,26.962825,2357550,305.65,305.0
2026-01-19 10:03:00,5.9,5.9,5.7,5.9,26325,26.684555,2357550,306.1,305.0
2026-01-19 10:04:00,4.65,4.65,4.65,4.65,0,26.143647,1003275,306.35,307.5
2026-01-19 10:05:00,5.95,5.95,5.95,5.95,0,26.494514,2348775,306.25,305.0
2026-01-19 10:06:00,4.85,4.85,4.65,4.85,64350,27.354279,1003275,306.3,307.5
2026-01-19 10:07:00,4.95,4.95,4.85,4.95,26325,27.359686,1029600,306.5,307.5
2026-01-19 10:08:00,5.05,5.05,4.95,5.05,8775,26.398091,1029600,307.05,307.5
2026-01-19 10:09:00,5.25,5.55,5.05,5.55,137475,27.246109,1029600,307.7,307.5
2026-01-19 10:10:00,5.5,5.55,5.5,5.5,67275,27.836241,1079325,307.4,307.5
2026-01-19 10:11:00,5.4,5.5,5.4,5.4,49725,27.582774,1079325,307.3,307.5
2026-01-19 10:12:00,5.45,5.45,5.4,5.45,43875,27.711654,1079325,307.35,307.5
2026-01-19 10:13:00,5.45,5.45,5.45,5.45,0,27.287384,1117350,307.5,307.5
2026-01-19 10:14:00,5.6,5.6,5.45,5.6,35100,27.808971,1117350,307.6,307.5
2026-01-19 10:15:00,6.1,6.1,5.6,6.1,40950,28.899175,1117350,308.15,307.5
2026-01-19 10:16:00,5.95,6.1,5.95,5.95,17550,28.534404,1117350,308.0,307.5
2026-01-19 10:17:00,6.0,6.0,5.95,6.0,87750,27.766829,1111500,308.35,307.5
2026-01-19 10:18:00,6.0,6.0,6.0,6.0,23400,27.010731,1111500,308.6,307.5
2026-01-19 10:19:00,5.1,5.1,4.95,5.1,190125,27.671384,9380475,309.1,310.0
2026-01-19 10:20:00,5.3,5.35,5.1,5.15,324675,28.73724,9380475,308.8,310.0
2026-01-19 10:21:00,6.25,6.45,6.25,6.25,26325,28.214674,1114425,308.65,307.5
2026-01-19 10:22:00,6.1,6.25,6.1,6.1,20475,28.46282,1114425,308.3,307.5
2026-01-19 10:23:00,6.0,6.1,6.0,6.0,29250,28.07391,1140750,308.25,307.5
2026-01-19 10:24:00,6.0,6.0,6.0,6.0,0,28.224063,1140750,308.2,307.5
2026-01-19 10:25:00,6.0,6.0,5.85,5.85,11700,28.154455,1137825,307.95,307.5
2026-01-19 10:26:00,5.75,5.85,5.75,5.75,32175,28.343867,1137825,307.7,307.5
2026-01-19 10:27:00,5.65,5.75,5.65,5.65,38025,27.372279,1137825,307.85,307.5
2026-01-19 10:28:00,5.8,5.8,5.65,5.75,43875,27.619823,1131975,307.95,307.5
2026-01-19 10:29:00,5.7,5.75,5.7,5.7,52650,27.204891,1131975,308.0,307.5
2026-01-19 10:30:00,5.8,5.8,5.7,5.8,23400,28.18375,1131975,307.85,307.5
2026-01-19 10:31:00,5.8,5.8,5.8,5.8,0,27.746345,1152450,308.0,307.5
2026-01-19 10:32:00,5.65,5.8,5.65,5.7,23400,27.502064,1152450,307.9,307.5
2026-01-19 10:33:00,5.7,5.7,5.7,5.7,0,27.210039,1152450,308.0,307.5
2026-01-19 10:34:00,5.7,5.7,5.7,5.7,0,27.211327,1161225,308.0,307.5
2026-01-19 10:35:00,5.65,5.7,5.65,5.65,43875,27.52812,1161225,307.8,307.5
2026-01-19 10:36:00,5.65,5.65,5.65,5.65,8775,27.67445,1161225,307.75,307.5
2026-01-19 10:37:00,5.65,5.65,5.65,5.65,14625,27.385197,1161225,307.85,307.5
2026-01-19 10:38:00,5.5,5.65,5.5,5.5,20475,28.296058,1175850,307.25,307.5
2026-01-19 10:39:00,6.45,6.8,6.45,6.45,40950,29.578567,2334150,306.15,305.0
2026-01-19 10:40:00,4.9,5.4,4.9,5.1,87750,28.343349,1213875,306.45,307.5
2026-01-19 10:41:00,5.0,5.1,5.0,5.0,64350,28.206815,1213875,306.3,307.5
2026-01-19 10:42:00,5.25,5.25,5.0,5.25,14625,28.477665,1213875,306.7,307.5
2026-01-19 10:43:00,5.15,5.25,5.15,5.15,5850,28.884078,1213875,306.35,307.5
2026-01-19 10:44:00,6.15,6.3,6.1,6.1,17550,28.135794,2357550,306.0,305.0
2026-01-19 10:45:00,6.05,6.1,6.05,6.05,17550,27.557364,2357550,306.1,305.0
2026-01-19 10:46:00,6.05,6.05,6.05,6.05,0,28.01841,2357550,305.95,305.0
2026-01-19 10:47:00,6.05,6.05,6.05,6.05,0,28.019734,2357550,305.95,305.0
2026-01-19 10:48:00,6.2,6.2,6.05,6.2,5850,29.141791,2378025,305.85,305.0
2026-01-19 10:49:00,6.05,6.2,6.05,6.05,20475,27.5626,2378025,306.1,305.0
2026-01-19 10:50:00,6.05,6.05,6.05,6.05,0,27.09888,2378025,306.25,305.0
2026-01-19 10:51:00,5.05,5.05,5.0,5.05,8775,28.22255,1263600,306.4,307.5
2026-01-19 10:52:00,5.05,5.05,5.05,5.05,0,28.357441,1263600,306.35,307.5
2026-01-19 10:53:00,5.05,5.1,5.05,5.1,38025,27.95636,1284075,306.6,307.5
2026-01-19 10:54:00,5.05,5.1,5.05,5.05,11700,28.226493,1284075,306.4,307.5
2026-01-19 10:55:00,5.05,5.05,5.05,5.05,0,28.09386,1284075,306.45,307.5
2026-01-19 10:56:00,5.05,5.05,5.05,5.05,0,28.229122,1284075,306.4,307.5
2026-01-19 10:57:00,6.15,6.2,6.15,6.15,2925,29.779635,2380950,305.55,305.0
2026-01-19 10:58:00,5.85,6.15,5.85,5.95,17550,28.095327,2380950,305.75,305.0
2026-01-19 10:59:00,5.95,5.95,5.95,5.95,87750,27.945818,2392650,305.8,305.0
2026-01-19 11:00:00,6.0,6.0,5.95,6.0,5850,27.764196,2392650,305.95,305.0
2026-01-19 11:01:00,6.0,6.0,6.0,6.0,0,27.765513,2389725,305.95,305.0
2026-01-19 11:02:00,5.95,6.0,5.9,5.9,17550,27.525771,2389725,305.85,305.0
2026-01-19 11:03:00,5.95,5.95,5.9,5.95,17550,27.342223,2389725,306.0,305.0
2026-01-19 11:04:00,5.95,5.95,5.95,5.95,0,27.035655,2389725,306.1,305.0
2026-01-19 11:05:00,6.15,6.15,5.95,6.15,5850,28.283607,2401425,306.05,305.0
2026-01-19 11:06:00,5.95,6.15,5.95,5.95,76050,27.955081,2401425,305.8,305.0
2026-01-19 11:07:00,5.95,5.95,5.95,5.95,0,27.193768,2462850,306.05,305.0
2026-01-19 11:08:00,5.85,5.95,5.85,5.85,11700,27.864305,2462850,305.65,305.0
2026-01-19 11:09:00,5.85,5.85,5.85,5.85,5850,28.015156,2462850,305.6,305.0
2026-01-19 11:10:00,5.85,5.85,5.85,5.85,0,28.165505,2462850,305.55,305.0
2026-01-19 11:11:00,5.9,5.9,5.75,5.75,49725,28.067142,2442375,305.4,305.0
2026-01-19 11:12:00,5.75,5.75,5.75,5.75,0,27.623853,2442375,305.55,305.0
2026-01-19 11:13:00,6.0,6.0,5.75,6.0,2925,28.387739,2442375,305.75,305.0
2026-01-19 11:14:00,6.05,6.05,6.0,6.05,5850,28.661542,2445300,305.75,305.0
2026-01-19 11:15:00,5.95,6.05,5.95,5.95,2925,29.307081,2445300,305.35,305.0
2026-01-19 11:16:00,5.75,5.95,5.75,5.75,49725,27.77782,2445300,305.5,305.0
2026-01-19 11:17:00,5.8,5.95,5.75,5.95,26325,28.719149,2471625,305.55,305.0
2026-01-19 11:18:00,5.8,5.95,5.8,5.8,5850,27.152826,2471625,305.8,305.0
2026-01-19 11:19:00,5.8,5.8,5.8,5.8,0,26.849823,2471625,305.9,305.0
2026-01-19 11:20:00,5.85,6.0,5.8,5.95,35100,27.670106,2465775,305.9,305.0
2026-01-19 11:21:00,4.95,4.95,4.8,4.95,5850,27.856415,1325025,306.35,307.5
2026-01-19 11:22:00,5.2,5.2,4.95,5.15,46800,27.855676,1325025,306.75,307.5
2026-01-19 11:23:00,5.15,5.15,5.15,5.15,0,28.12941,1325025,306.65,307.5
2026-01-19 11:24:00,5.15,5.15,5.15,5.15,8775,28.536569,1325025,306.5,307.5
2026-01-19 11:25:00,5.0,5.15,5.0,5.0,23400,28.264684,1325025,306.3,307.5
2026-01-19 11:26:00,5.0,5.0,5.0,5.0,0,27.86491,1325025,306.45,307.5
2026-01-19 11:27:00,5.05,5.05,5.0,5.05,8775,27.866536,1325025,306.55,307.5
2026-01-19 11:28:00,5.1,5.1,4.95,4.95,17550,27.865534,1325025,306.35,307.5
2026-01-19 11:29:00,4.95,4.95,4.95,4.95,0,27.464768,1325025,306.5,307.5
2026-01-19 11:30:00,5.05,5.05,4.95,5.05,2925,28.273926,1333800,306.4,307.5
2026-01-19 11:31:00,6.2,6.2,6.2,6.2,5850,28.283963,2427750,306.15,305.0
2026-01-19 11:32:00,4.5,4.9,4.5,4.5,295425,25.575178,1304550,306.3,307.5
2026-01-19 11:33:00,4.65,4.65,4.5,4.5,102375,25.443624,1304550,306.35,307.5
2026-01-19 11:34:00,4.55,4.55,4.5,4.55,8775,25.44784,1304550,306.45,307.5
2026-01-19 11:35:00,4.55,4.55,4.55,4.55,0,24.502122,1184625,306.8,307.5
2026-01-19 11:36:00,4.6,4.6,4.55,4.6,35100,25.719997,1184625,306.45,307.5
2026-01-19 11:37:00,4.5,4.6,4.5,4.5,78975,25.315265,1184625,306.4,307.5
2026-01-19 11:38:00,4.5,4.5,4.5,4.5,5850,25.182884,1216800,306.45,307.5
2026-01-19 11:39:00,4.6,4.6,4.5,4.6,20475,24.912921,1216800,306.75,307.5
2026-01-19 11:40:00,5.55,5.9,5.55,5.55,70200,25.967802,2512575,305.75,305.0
2026-01-19 11:41:00,5.45,5.55,5.45,5.45,58500,26.324759,2533050,305.45,305.0
2026-01-19 11:42:00,5.25,5.45,5.25,5.25,29250,25.532931,2533050,305.35,305.0
2026-01-19 11:43:00,5.25,5.25,5.25,5.25,43875,25.385936,2533050,305.4,305.0
2026-01-19 11:44:00,5.35,5.35,5.25,5.35,20475,25.634364,2588625,305.5,305.0
2026-01-19 11:45:00,5.3,5.35,5.3,5.3,23400,25.808994,2588625,305.35,305.0
2026-01-19 11:46:00,5.45,5.45,5.3,5.45,17550,26.182099,2588625,305.5,305.0
2026-01-19 11:47:00,5.3,5.45,5.3,5.3,78975,26.833801,2606175,305.0,305.0
2026-01-19 11:48:00,5.25,5.3,5.25,5.25,23400,26.850847,2606175,304.9,305.0
2026-01-19 11:49:00,5.3,5.3,5.25,5.3,26325,25.961549,2606175,305.3,305.0
2026-01-19 11:50:00,5.3,5.3,5.3,5.3,0,27.553348,2635425,304.75,305.0
2026-01-19 11:51:00,5.25,5.3,5.25,5.25,52650,25.395686,2635425,305.4,305.0
2026-01-19 11:52:00,5.4,5.4,5.25,5.4,17550,25.916923,2635425,305.5,305.0
2026-01-19 11:53:00,5.35,5.4,5.35,5.35,17550,26.091342,2629575,305.35,305.0
2026-01-19 11:54:00,5.25,5.35,5.25,5.3,70200,25.820117,2629575,305.35,305.0
2026-01-19 11:55:00,5.3,5.3,5.3,5.3,5850,25.673166,2629575,305.4,305.0
2026-01-19 11:56:00,5.25,5.3,5.15,5.15,49725,26.029097,2650050,305.0,305.0
2026-01-19 11:57:00,5.15,5.15,5.15,5.15,20475,26.8886,2650050,304.7,305.0
2026-01-19 11:58:00,5.0,5.15,5.0,5.0,49725,26.215601,2650050,304.65,305.0
2026-01-19 11:59:00,5.0,5.0,5.0,5.0,8775,26.216848,2685150,304.65,305.0
2026-01-19 12:00:00,4.9,5.0,4.85,4.85,46800,25.683937,2685150,304.55,305.0
2026-01-19 12:01:00,4.75,4.85,4.75,4.75,14625,24.85965,2685150,304.65,305.0
2026-01-19 12:02:00,4.95,4.95,4.75,4.95,40950,25.807139,2699775,304.7,305.0
2026-01-19 12:03:00,4.85,4.95,4.85,4.85,8775,25.264418,2699775,304.7,305.0
2026-01-19 12:04:00,5.0,5.0,4.85,5.0,14625,25.797181,2699775,304.8,305.0
2026-01-19 12:05:00,5.0,5.0,5.0,5.0,0,25.223728,2696850,305.0,305.0
2026-01-19 12:06:00,5.3,5.3,5.0,5.3,14625,25.686715,2696850,305.4,305.0
2026-01-19 12:07:00,5.15,5.3,5.15,5.15,84825,25.460506,2696850,305.2,305.0
2026-01-19 12:08:00,5.15,5.15,5.15,5.15,23400,25.019428,2682225,305.35,305.0
2026-01-19 12:09:00,5.25,5.25,5.15,5.25,29250,25.566018,2682225,305.35,305.0
2026-01-19 12:10:00,5.3,5.3,5.25,5.3,38025,25.092918,2682225,305.6,305.0
2026-01-19 12:11:00,5.2,5.3,5.2,5.2,29250,25.443679,2679300,305.3,305.0
2026-01-19 12:12:00,5.15,5.2,5.15,5.15,8775,24.726524,2679300,305.45,305.0
2026-01-19 12:13:00,5.4,5.4,5.15,5.4,46800,25.340559,2679300,305.7,305.0
2026-01-19 12:14:00,5.4,5.4,5.4,5.4,0,24.883616,2688075,305.85,305.0
2026-01-19 12:15:00,4.45,4.65,4.35,4.65,67275,25.633524,1067625,306.6,307.5
2026-01-19 12:16:00,6.0,6.0,5.9,6.0,38025,27.711402,2688075,306.0,305.0
2026-01-19 12:17:00,4.5,4.75,4.5,4.5,43875,25.629676,1093950,306.3,307.5
2026-01-19 12:18:00,4.65,4.65,4.5,4.65,20475,26.442094,1093950,306.3,307.5
2026-01-19 12:19:00,5.7,5.95,5.7,5.7,20475,26.071517,2652975,306.0,305.0
2026-01-19 12:20:00,5.75,5.75,5.7,5.75,8775,26.500996,2673450,305.95,305.0
2026-01-19 12:21:00,5.7,5.75,5.7,5.7,11700,26.839432,2673450,305.75,305.0
2026-01-19 12:22:00,5.6,5.7,5.6,5.6,5850,25.988826,2673450,305.85,305.0
2026-01-19 12:23:00,5.6,5.6,5.6,5.6,17550,25.372811,2682225,306.05,305.0
2026-01-19 12:24:00,5.6,5.6,5.6,5.6,0,25.52931,2682225,306.0,305.0
2026-01-19 12:25:00,5.6,5.6,5.6,5.6,0,25.219345,2682225,306.1,305.0
2026-01-19 12:26:00,5.55,5.6,5.55,5.55,5850,25.257419,2670525,306.0,305.0
2026-01-19 12:27:00,5.65,5.65,5.55,5.65,14625,25.183002,2670525,306.2,305.0
2026-01-19 12:28:00,4.35,4.5,4.35,4.4,93600,25.101995,1085175,306.3,307.5
2026-01-19 12:29:00,4.45,4.45,4.4,4.45,23400,25.373726,1053000,306.3,307.5
2026-01-19 12:30:00,5.5,5.6,5.5,5.5,20475,24.361037,2688075,306.2,305.0
2026-01-19 12:31:00,4.25,4.25,4.25,4.25,0,24.161158,1053000,306.35,307.5
2026-01-19 12:32:00,5.55,5.55,5.55,5.55,0,25.264769,2688075,306.0,305.0
2026-01-19 12:33:00,5.4,5.55,5.4,5.4,11700,24.597716,2688075,305.95,305.0
2026-01-19 12:34:00,5.5,5.5,5.4,5.5,2925,24.680632,2688075,306.1,305.0
2026-01-19 12:35:00,4.35,4.35,4.35,4.35,0,24.839746,1047150,306.3,307.5
2026-01-19 12:36:00,4.3,4.5,4.3,4.5,76050,24.848283,1044225,306.6,307.5
2026-01-19 12:37:00,5.55,5.55,5.5,5.5,40950,24.684241,2691000,306.1,305.0
2026-01-19 12:38:00,5.5,5.5,5.5,5.5,0,25.152633,2691000,305.95,305.0
2026-01-19 12:39:00,5.5,5.5,5.5,5.5,0,25.153854,2691000,305.95,305.0
2026-01-19 12:40:00,5.55,5.55,5.5,5.55,2925,24.805937,2679300,306.15,305.0
2026-01-19 12:41:00,4.4,4.4,4.25,4.4,8775,24.717401,1047150,306.45,307.5
2026-01-19 12:42:00,4.45,4.45,4.4,4.45,5850,25.256356,1035450,306.35,307.5
2026-01-19 12:43:00,5.6,5.7,5.6,5.6,14625,24.927328,2676375,306.2,305.0
2026-01-19 12:44:00,5.6,5.6,5.6,5.6,8775,24.770471,2676375,306.25,305.0
2026-01-19 12:45:00,5.6,5.6,5.6,5.6,0,26.170558,2676375,305.8,305.0
2026-01-19 12:46:00,5.5,5.6,5.5,5.5,17550,25.162403,2676375,305.95,305.0
2026-01-19 12:47:00,5.5,5.5,5.5,5.5,5850,25.008508,2664675,306.0,305.0
2026-01-19 12:48:00,5.45,5.5,5.45,5.45,2925,25.352337,2664675,305.8,305.0
2026-01-19 12:49:00,5.35,5.45,5.35,5.35,2925,24.49724,2664675,305.9,305.0
2026-01-19 12:50:00,5.45,5.45,5.35,5.45,2925,25.047386,2664675,305.9,305.0
2026-01-19 12:51:00,5.4,5.45,5.4,5.45,5850,24.893936,2658825,305.95,305.0
2026-01-19 12:52:00,5.4,5.45,5.4,5.4,2925,24.464977,2658825,306.0,305.0
2026-01-19 12:53:00,5.5,5.5,5.4,5.5,5850,25.015809,2658825,306.0,305.0
2026-01-19 12:54:00,5.45,5.5,5.45,5.45,11700,25.052256,2658825,305.9,305.0
2026-01-19 12:55:00,5.45,5.45,5.45,5.45,0,25.207521,2658825,305.85,305.0
2026-01-19 12:56:00,5.45,5.45,5.45,5.45,0,25.362165,2661750,305.8,305.0
2026-01-19 12:57:00,5.25,5.45,5.25,5.25,26325,24.572546,2661750,305.7,305.0
2026-01-19 12:58:00,5.25,5.25,5.25,5.25,0,25.028404,2661750,305.55,305.0
2026-01-19 12:59:00,5.2,5.25,5.2,5.2,14625,24.300841,2661750,305.7,305.0
2026-01-19 13:00:00,5.15,5.2,5.15,5.15,11700,24.332197,2664675,305.6,305.0
2026-01-19 13:01:00,5.35,5.35,5.15,5.35,5850,25.125436,2664675,305.7,305.0
2026-01-19 13:02:00,5.3,5.35,5.3,5.3,11700,24.238077,2667600,305.9,305.0
2026-01-19 13:03:00,5.3,5.3,5.25,5.25,8775,24.579724,2667600,305.7,305.0
2026-01-19 13:04:00,5.2,5.25,5.1,5.1,11700,24.664826,2667600,305.4,305.0
2026-01-19 13:05:00,5.1,5.1,5.1,5.1,2925,24.215552,2667600,305.55,305.0
2026-01-19 13:06:00,5.1,5.1,5.1,5.1,0,23.14319,2667600,305.9,305.0
2026-01-19 13:07:00,5.25,5.25,5.1,5.25,2925,23.657465,2670525,306.0,305.0
2026-01-19 13:08:00,5.3,5.3,5.25,5.3,5850,24.399835,2673450,305.85,305.0
2026-01-19 13:09:00,5.3,5.3,5.3,5.3,0,24.555018,2673450,305.8,305.0
2026-01-19 13:10:00,5.3,5.3,5.3,5.3,0,24.862275,2673450,305.7,305.0
2026-01-19 13:11:00,5.15,5.3,5.15,5.15,14625,24.345238,2670525,305.6,305.0
2026-01-19 13:12:00,5.15,5.15,5.15,5.15,0,23.580353,2670525,305.85,305.0
2026-01-19 13:13:00,5.35,5.35,5.15,5.35,8775,24.370784,2670525,305.95,305.0
2026-01-19 13:14:00,5.35,5.35,5.35,5.35,11700,24.371978,2667600,305.95,305.0
2026-01-19 13:15:00,5.35,5.35,5.35,5.35,5850,24.217322,2667600,306.0,305.0
2026-01-19 13:16:00,5.35,5.35,5.35,5.35,0,24.218512,2667600,306.0,305.0
2026-01-19 13:17:00,5.4,5.4,5.35,5.4,5850,24.494884,2667600,306.0,305.0
2026-01-19 13:18:00,5.4,5.4,5.4,5.4,0,24.496084,2667600,306.0,305.0
2026-01-19 13:19:00,5.4,5.4,5.4,5.4,0,24.49728,2667600,306.0,305.0
2026-01-19 13:20:00,5.5,5.55,5.4,5.55,17550,24.696619,2667600,306.2,305.0
2026-01-19 13:21:00,5.5,5.55,5.5,5.5,5850,24.263211,2667600,306.25,305.0
2026-01-19 13:22:00,4.35,4.35,4.35,4.35,0,24.895506,1020825,306.3,307.5
2026-01-19 13:23:00,5.6,5.6,5.6,5.6,0,24.817751,2667600,306.25,305.0
2026-01-19 13:24:00,5.5,5.6,5.5,5.5,5850,25.053608,2667600,306.0,305.0
2026-01-19 13:25:00,5.5,5.5,5.5,5.5,0,24.74217,2667600,306.1,305.0
2026-01-19 13:26:00,5.5,5.5,5.5,5.5,0,25.056053,2667600,306.0,305.0
2026-01-19 13:27:00,5.5,5.5,5.5,5.5,0,24.90127,2667600,306.05,305.0
2026-01-19 13:28:00,5.35,5.5,5.35,5.35,8775,23.918824,2667600,306.1,305.0
2026-01-19 13:29:00,5.4,5.4,5.35,5.4,5850,24.037929,2670525,306.15,305.0
2026-01-19 13:30:00,4.25,4.25,4.25,4.25,0,24.22954,1032525,306.35,307.5
2026-01-19 13:31:00,4.25,4.25,4.25,4.25,0,24.097274,1032525,306.4,307.5
2026-01-19 13:32:00,4.45,4.45,4.25,4.35,14625,24.907409,1038375,306.3,307.5
2026-01-19 13:33:00,5.5,5.55,5.5,5.5,8775,24.751857,2670525,306.1,305.0
2026-01-19 13:34:00,5.5,5.5,5.5,5.5,0,24.75307,2670525,306.1,305.0
2026-01-19 13:35:00,5.5,5.5,5.5,5.5,5850,24.596868,2670525,306.15,305.0
2026-01-19 13:36:00,5.45,5.5,5.45,5.5,8775,24.755492,2670525,306.1,305.0
2026-01-19 13:37:00,5.5,5.5,5.5,5.5,5850,25.224902,2670525,305.95,305.0
2026-01-19 13:38:00,5.45,5.5,5.45,5.45,2925,25.105961,2676375,305.9,305.0
2026-01-19 13:39:00,5.4,5.45,5.4,5.4,2925,24.677067,2676375,305.95,305.0
2026-01-19 13:40:00,5.55,5.55,5.4,5.55,20475,24.878752,2676375,306.15,305.0
2026-01-19 13:41:00,5.55,5.55,5.55,5.55,0,24.563414,2676375,306.25,305.0
2026-01-19 13:42:00,4.45,4.5,4.3,4.5,5850,25.600004,1053000,306.35,307.5
2026-01-19 13:43:00,4.5,4.5,4.5,4.5,0,24.928104,1053000,306.6,307.5
2026-01-19 13:44:00,4.55,4.55,4.5,4.55,23400,24.654063,1047150,306.8,307.5
2026-01-19 13:45:00,4.45,4.55,4.45,4.45,11700,24.659442,1047150,306.6,307.5
2026-01-19 13:46:00,4.5,4.5,4.45,4.5,5850,24.931696,1047150,306.6,307.5
2026-01-19 13:47:00,4.55,4.55,4.5,4.55,5850,24.65762,1047150,306.8,307.5
2026-01-19 13:48:00,4.55,4.55,4.55,4.55,2925,24.658809,1041300,306.8,307.5
2026-01-19 13:49:00,4.55,4.55,4.55,4.55,8775,24.659997,1041300,306.8,307.5
2026-01-19 13:50:00,4.6,4.6,4.55,4.6,20475,24.656249,1041300,306.9,307.5
2026-01-19 13:51:00,4.7,4.95,4.6,4.95,26325,25.289447,1050075,307.35,307.5
2026-01-19 13:52:00,4.95,4.95,4.95,4.95,29250,25.433069,1050075,307.3,307.5
2026-01-19 13:53:00,6.2,6.2,5.55,5.65,76050,25.603263,2652975,306.1,305.0
2026-01-19 13:54:00,5.55,5.65,5.05,5.15,160875,25.296531,2652975,305.3,305.0
2026-01-19 13:55:00,5.1,5.35,5.1,5.2,70200,25.124422,2652975,305.45,305.0
2026-01-19 13:56:00,5.15,5.3,5.0,5.25,210600,25.698193,2702700,305.35,305.0
2026-01-19 13:57:00,5.25,5.8,5.25,5.6,87750,25.332565,2702700,306.1,305.0
2026-01-19 13:58:00,5.65,5.9,5.55,5.55,149175,25.058031,2702700,306.1,305.0
2026-01-19 13:59:00,4.4,4.55,4.35,4.5,8775,25.620795,1099800,306.35,307.5
2026-01-19 14:00:00,4.5,4.65,4.5,4.65,40950,25.352623,1099800,306.75,307.5
2026-01-19 14:01:00,4.65,4.65,4.65,4.65,29250,26.169186,1099800,306.45,307.5
2026-01-19 14:02:00,5.7,5.95,5.7,5.7,35100,26.201757,2729025,306.0,305.0
2026-01-19 14:03:00,5.3,5.7,5.25,5.3,35100,25.381882,2729025,305.55,305.0
2026-01-19 14:04:00,5.3,5.5,5.3,5.45,14625,25.75184,2729025,305.7,305.0
2026-01-19 14:05:00,5.3,5.45,5.3,5.3,11700,25.233157,2729025,305.6,305.0
2026-01-19 14:06:00,5.3,5.3,5.3,5.3,0,24.930184,2717325,305.7,305.0
2026-01-19 14:07:00,5.55,5.6,5.3,5.6,29250,25.96712,2717325,305.9,305.0
2026-01-19 14:08:00,5.5,5.6,5.5,5.5,5850,25.107496,2717325,306.0,305.0
2026-01-19 14:09:00,5.75,5.8,5.5,5.8,32175,25.979151,2714400,306.25,305.0
2026-01-19 14:10:00,5.6,5.8,5.6,5.6,26325,25.661064,2714400,306.0,305.0
2026-01-19 14:11:00,4.55,4.55,4.35,4.55,40950,25.503867,1082250,306.5,307.5
2026-01-19 14:12:00,5.7,5.75,5.7,5.7,40950,25.588516,2717325,306.2,305.0
2026-01-19 14:13:00,5.5,5.7,5.5,5.7,52650,25.431617,2717325,306.25,305.0
2026-01-19 14:14:00,5.75,5.8,5.7,5.8,14625,25.985487,2726100,306.25,305.0
2026-01-19 14:15:00,4.5,4.55,4.45,4.55,29250,26.045712,1079325,306.3,307.5
2026-01-19 14:16:00,4.45,4.6,4.45,4.6,40950,26.318693,1079325,306.3,307.5
2026-01-19 14:17:00,5.7,5.8,5.7,5.7,5850,25.4366,2726100,306.25,305.0
2026-01-19 14:18:00,4.9,4.9,4.45,4.9,49725,26.039044,1088100,307.0,307.5
2026-01-19 14:19:00,4.85,4.9,4.85,4.85,35100,25.348415,1088100,307.15,307.5
2026-01-19 14:20:00,4.85,4.85,4.8,4.8,17550,25.777131,1079325,306.9,307.5
2026-01-19 14:21:00,4.7,4.8,4.7,4.7,20475,26.330771,1079325,306.5,307.5
2026-01-19 14:22:00,4.55,4.7,4.55,4.55,14625,26.054416,1079325,306.3,307.5
2026-01-19 14:23:00,4.5,4.55,4.5,4.55,26325,25.65342,1076400,306.45,307.5
2026-01-19 14:24:00,4.55,4.55,4.55,4.55,0,25.384472,1076400,306.55,307.5
2026-01-19 14:25:00,4.55,4.55,4.55,4.55,0,25.92445,1076400,306.35,307.5
2026-01-19 14:26:00,5.85,5.85,5.75,5.75,5850,26.196364,2696850,306.1,305.0
2026-01-19 14:27:00,5.75,5.75,5.75,5.75,0,26.040934,2696850,306.15,305.0
2026-01-19 14:28:00,5.6,5.75,5.55,5.55,23400,25.563387,2691000,305.95,305.0
2026-01-19 14:29:00,5.6,5.6,5.55,5.6,5850,25.056947,2691000,306.2,305.0
2026-01-19 14:30:00,4.45,4.45,4.35,4.45,29250,25.520563,1093950,306.3,307.5
2026-01-19 14:31:00,5.7,5.7,5.6,5.6,32175,25.059408,2691000,306.2,305.0
2026-01-19 14:32:00,5.7,5.7,5.6,5.7,2925,25.4553,2691000,306.25,305.0
2026-01-19 14:33:00,5.7,5.7,5.7,5.7,8775,25.456548,2699775,306.25,305.0
2026-01-19 14:34:00,5.7,5.7,5.7,5.7,14625,25.616064,2699775,306.2,305.0
2026-01-19 14:35:00,5.65,5.7,5.65,5.65,5850,25.655811,2699775,306.1,305.0
2026-01-19 14:36:00,5.65,5.65,5.65,5.65,0,25.813557,2699775,306.05,305.0
2026-01-19 14:37:00,5.65,5.65,5.65,5.65,0,25.814813,2696850,306.05,305.0
2026-01-19 14:38:00,4.5,4.5,4.4,4.5,2925,25.400057,1099800,306.45,307.5
2026-01-19 14:39:00,4.65,4.65,4.5,4.65,23400,25.537334,1099800,306.7,307.5
2026-01-19 14:40:00,4.7,4.7,4.65,4.7,8775,24.840721,1099800,307.05,307.5
2026-01-19 14:41:00,4.85,4.85,4.7,4.8,17550,25.524809,1099800,307.0,307.5
2026-01-19 14:42:00,4.8,4.8,4.8,4.8,0,25.665449,1099800,306.95,307.5
2026-01-19 14:43:00,4.8,4.85,4.8,4.85,35100,25.798804,1099800,307.0,307.5
2026-01-19 14:44:00,4.8,4.85,4.8,4.8,43875,25.248285,1088100,307.1,307.5
2026-01-19 14:45:00,5.0,5.0,4.8,5.0,26325,26.335752,1088100,307.1,307.5
2026-01-19 14:46:00,4.9,5.0,4.9,4.9,17550,25.653073,1088100,307.15,307.5
2026-01-19 14:47:00,4.95,4.95,4.9,4.95,2925,25.784641,1088100,307.2,307.5
2026-01-19 14:48:00,5.0,5.1,4.95,5.1,29250,26.316901,1088100,307.3,307.5
2026-01-19 14:49:00,5.0,5.1,5.0,5.0,5850,26.058758,1088100,307.2,307.5
2026-01-19 14:50:00,5.05,5.05,5.0,5.05,14625,26.047762,1088100,307.3,307.5
2026-01-19 14:51:00,5.25,5.25,5.05,5.25,26325,26.41829,1076400,307.55,307.5
2026-01-19 14:52:00,5.2,5.25,5.2,5.2,5850,26.002694,1076400,307.6,307.5
2026-01-19 14:53:00,5.15,5.2,5.1,5.1,55575,25.314401,1076400,307.65,307.5
2026-01-19 14:54:00,5.15,5.15,5.1,5.15,11700,25.733252,1076400,307.6,307.5
2026-01-19 14:55:00,5.15,5.15,5.15,5.15,8775,25.296152,1076400,307.75,307.5
2026-01-19 14:56:00,5.2,5.2,5.15,5.2,20475,25.716151,1076400,307.7,307.5
2026-01-19 14:57:00,4.95,5.2,4.95,4.95,52650,24.648895,1064700,307.6,307.5
2026-01-19 14:58:00,4.95,4.95,4.95,4.95,0,25.228263,1064700,307.4,307.5
2026-01-19 14:59:00,4.95,4.95,4.95,4.95,2925,23.76749,1064700,307.9,307.5
2026-01-19 15:00:00,4.95,4.95,4.95,4.95,0,23.318645,1064700,308.05,307.5
2026-01-19 15:01:00,5.1,5.1,4.95,5.1,35100,25.031274,1064700,307.75,307.5
2026-01-19 15:02:00,4.95,5.1,4.95,4.95,8775,24.36256,1064700,307.7,307.5
2026-01-19 15:03:00,4.95,4.95,4.95,4.95,2925,24.801472,1064700,307.55,307.5
2026-01-19 15:04:00,4.9,4.95,4.9,4.9,11700,24.385179,1064700,307.6,307.5
2026-01-19 15:05:00,4.9,5.05,4.9,5.05,29250,25.057001,1064700,307.65,307.5
2026-01-19 15:06:00,4.8,5.05,4.8,4.8,87750,24.133806,1061775,307.5,307.5
2026-01-19 15:07:00,4.9,4.9,4.8,4.9,190125,24.679109,1061775,307.5,307.5
2026-01-19 15:08:00,4.85,4.9,4.85,4.85,20475,24.696586,1061775,307.4,307.5
2026-01-19 15:09:00,4.9,4.9,4.85,4.9,114075,24.5366,1120275,307.55,307.5
2026-01-19 15:10:00,4.85,4.9,4.85,4.85,2925,24.555075,1120275,307.45,307.5
2026-01-19 15:11:00,4.8,4.85,4.8,4.8,11700,24.571629,1120275,307.35,307.5
2026-01-19 15:12:00,4.8,4.8,4.8,4.8,0,24.429378,1105650,307.4,307.5
2026-01-19 15:13:00,4.65,4.8,4.65,4.65,32175,23.614427,1105650,307.4,307.5
2026-01-19 15:14:00,4.65,4.65,4.65,4.65,2925,23.615589,1105650,307.4,307.5
2026-01-19 15:15:00,4.65,4.65,4.65,4.65,0,24.045942,1105650,307.25,307.5
2026-01-19 15:16:00,4.55,4.65,4.55,4.55,2925,23.645232,1105650,307.2,307.5
2026-01-19 15:17:00,4.55,4.55,4.55,4.55,2925,23.929,1105650,307.1,307.5
2026-01-19 15:18:00,4.5,4.55,4.5,4.5,5850,23.375568,1108575,307.2,307.5
2026-01-19 15:19:00,4.2,4.5,4.2,4.2,61425,23.138122,1108575,306.7,307.5
2026-01-19 15:20:00,4.3,4.45,4.2,4.4,70200,23.675929,1108575,306.9,307.5
2026-01-19 15:21:00,4.4,4.4,4.4,4.4,11700,23.677085,1117350,306.9,307.5
2026-01-19 15:22:00,4.4,4.4,4.4,4.4,8775,23.259475,1117350,307.05,307.5
2026-01-19 15:23:00,4.4,4.4,4.4,4.4,5850,23.260614,1117350,307.05,307.5
2026-01-19 15:24:00,4.4,4.4,4.4,4.4,0,22.696136,1117350,307.25,307.5
2026-01-19 15:25:00,4.5,4.5,4.4,4.5,40950,23.666329,1117350,307.1,307.5
2026-01-19 15:26:00,4.5,4.5,4.5,4.5,0,23.384744,1117350,307.2,307.5
2026-01-19 15:27:00,4.35,4.5,4.35,4.35,17550,23.272866,1123200,306.95,307.5
2026-01-19 15:28:00,4.3,4.35,4.3,4.3,8775,23.829313,1123200,306.65,307.5
2026-01-19 15:29:00,4.3,4.3,4.3,4.3,0,21.291262,1123200,307.55,307.5
2026-01-20 09:16:00,4.45,4.85,4.25,4.85,26325,24.569882,1137825,307.9,307.5
2026-01-20 09:17:00,4.25,4.25,3.8,4.25,257400,24.51377,9798750,309.2,310.0
2026-01-20 09:18:00,4.7,4.7,4.25,4.7,468000,26.633857,9798750,309.35,310.0
2026-01-20 09:19:00,4.75,4.75,4.6,4.65,283725,25.336432,9789975,309.7,310.0
2026-01-20 09:20:00,4.65,4.8,4.5,4.75,242775,25.756507,9789975,309.75,310.0
2026-01-20 09:21:00,4.55,4.75,4.55,4.55,289575,26.359163,9789975,309.15,310.0
2026-01-20 09:22:00,4.5,4.55,4.5,4.5,181350,26.500164,9766575,309.0,310.0
2026-01-20 09:23:00,5.55,5.8,5.45,5.45,105300,26.434529,1038375,308.4,307.5
2026-01-20 09:24:00,5.35,5.45,5.35,5.35,11700,26.182421,1038375,308.3,307.5
2026-01-20 09:25:00,5.25,5.35,5.25,5.25,43875,25.61003,1038375,308.3,307.5
2026-01-20 09:26:00,5.15,5.25,5.15,5.15,125775,26.60874,1038375,307.8,307.5
2026-01-20 09:27:00,4.9,5.15,4.9,4.9,11700,25.488786,1038375,307.7,307.5
2026-01-20 09:28:00,5.0,5.0,4.9,5.0,20475,26.061597,1038375,307.7,307.5
2026-01-20 09:29:00,5.15,5.15,5.0,5.15,8775,27.376694,1058850,307.55,307.5
2026-01-20 09:30:00,4.9,5.15,4.9,4.95,26325,26.688413,1058850,307.4,307.5
2026-01-20 09:31:00,4.8,4.95,4.8,4.8,32175,27.018122,1050075,307.0,307.5
2026-01-20 09:32:00,4.65,4.8,4.65,4.65,43875,26.309301,1050075,306.95,307.5
2026-01-20 09:33:00,4.85,4.85,4.65,4.8,70200,27.166857,1050075,306.95,307.5
2026-01-20 09:34:00,4.6,4.8,4.6,4.6,43875,27.034562,1091025,306.6,307.5
2026-01-20 09:35:00,5.7,5.95,5.7,5.7,8775,27.481422,2500875,306.1,305.0
2026-01-20 09:36:00,5.45,5.7,5.45,5.45,14625,26.360371,2500875,306.0,305.0
2026-01-20 09:37:00,5.0,5.45,5.0,5.0,61425,25.837225,2530125,305.35,305.0
2026-01-20 09:38:00,4.95,5.0,4.95,4.95,11700,26.324519,2530125,305.1,305.0
2026-01-20 09:39:00,5.15,5.15,4.95,5.15,23400,26.860929,2530125,305.3,305.0
2026-01-20 09:40:00,4.8,5.15,4.8,4.8,81900,26.374696,2530125,304.8,305.0
2026-01-20 09:41:00,4.7,4.8,4.7,4.7,38025,25.346774,2530125,304.95,305.0
2026-01-20 09:42:00,4.6,4.7,4.6,4.6,78975,25.82342,2530125,304.6,305.0
2026-01-20 09:43:00,4.9,4.9,4.6,4.9,14625,25.5802,2562300,305.25,305.0
2026-01-20 09:44:00,4.6,4.9,4.6,4.6,43875,26.121801,2562300,304.5,305.0
2026-01-20 09:45:00,4.55,4.6,4.55,4.55,43875,26.128952,2562300,304.4,305.0
2026-01-20 09:46:00,4.4,4.55,4.4,4.4,17550,24.677367,2585700,304.6,305.0
2026-01-20 09:47:00,4.55,4.55,4.2,4.2,64350,25.269754,2585700,304.0,305.0
2026-01-20 09:48:00,4.2,4.2,4.2,4.2,38025,24.698204,2585700,304.2,305.0
2026-01-20 09:49:00,4.3,4.3,4.2,4.3,2925,24.986178,2614950,304.3,305.0
2026-01-20 09:50:00,4.45,4.45,4.3,4.45,8775,25.851579,2614950,304.3,305.0
2026-01-20 09:51:00,4.4,4.5,4.4,4.5,125775,24.055166,2614950,305.0,305.0
2026-01-20 09:52:00,4.5,4.5,4.5,4.5,38025,24.512497,2623725,304.85,305.0
2026-01-20 09:53:00,4.4,4.5,4.4,4.4,8775,24.982302,2623725,304.5,305.0
2026-01-20 09:54:00,4.2,4.4,4.2,4.2,49725,25.421204,2623725,303.95,305.0
2026-01-20 09:55:00,4.2,4.2,4.2,4.2,76050,24.562923,2658825,304.25,305.0
2026-01-20 09:56:00,5.25,5.5,5.25,5.25,14625,26.108911,1518075,303.3,302.5
2026-01-20 09:57:00,4.9,5.25,4.9,4.9,67275,24.064483,1518075,303.3,302.5
2026-01-20 09:58:00,4.75,4.9,4.75,4.75,40950,22.856994,1591200,303.4,302.5
2026-01-20 09:59:00,4.9,4.9,4.75,4.9,23400,24.878298,1591200,303.05,302.5
2026-01-20 10:00:00,4.85,4.9,4.85,4.85,14625,22.775539,1591200,303.6,302.5
2026-01-20 10:01:00,4.95,4.95,4.85,4.95,76050,24.032895,1597050,303.4,302.5
2026-01-20 10:02:00,4.95,4.95,4.95,4.95,17550,24.0342,1597050,303.4,302.5
2026-01-20 10:03:00,4.85,4.95,4.85,4.85,38025,23.779725,1597050,303.3,302.5
2026-01-20 10:04:00,4.05,4.05,3.7,4.05,46800,24.141606,2717325,304.1,305.0
2026-01-20 10:05:00,4.1,4.1,4.05,4.1,20475,25.000337,2717325,303.9,305.0
2026-01-20 10:06:00,3.95,4.1,3.95,3.95,122850,22.406228,2717325,304.5,305.0
2026-01-20 10:07:00,4.3,4.3,3.95,4.3,166725,23.979915,2702700,304.65,305.0
2026-01-20 10:08:00,4.3,4.3,4.3,4.3,29250,24.719668,2702700,304.4,305.0
2026-01-20 10:09:00,5.15,5.45,5.15,5.15,8775,24.213199,1640925,303.7,302.5
2026-01-20 10:10:00,4.2,4.25,3.85,4.25,58500,25.873189,2699775,303.9,305.0
2026-01-20 10:11:00,3.95,4.25,3.95,4.1,190125,24.866682,2699775,303.95,305.0
2026-01-20 10:12:00,4.2,4.2,4.1,4.2,40950,24.585149,2699775,304.25,305.0
2026-01-20 10:13:00,4.3,4.3,4.2,4.3,58500,24.432415,2702700,304.5,305.0
2026-01-20 10:14:00,4.25,4.3,4.25,4.25,93600,25.308579,2702700,304.1,305.0
2026-01-20 10:15:00,4.3,4.3,4.25,4.3,52650,25.59846,2702700,304.1,305.0
2026-01-20 10:16:00,4.1,4.3,4.05,4.05,87750,24.726068,2711475,303.9,305.0
2026-01-20 10:17:00,4.1,4.1,4.05,4.1,26325,24.589938,2711475,304.05,305.0
2026-01-20 10:18:00,4.1,4.1,4.1,4.1,0,24.016138,2711475,304.25,305.0
2026-01-20 10:19:00,5.7,5.7,5.7,5.7,0,27.29057,1632150,303.75,302.5
2026-01-20 10:20:00,5.7,5.7,5.7,5.7,0,28.120729,1632150,303.5,302.5
2026-01-20 10:21:00,5.7,5.7,5.7,5.7,0,28.285992,1632150,303.45,302.5
2026-01-20 10:22:00,3.9,4.15,3.9,4.15,76050,24.019065,2717325,304.35,305.0
2026-01-20 10:23:00,5.4,5.4,5.4,5.4,0,26.036729,1640925,303.6,302.5
2026-01-20 10:24:00,5.15,5.4,5.15,5.15,20475,25.399492,1640925,303.35,302.5
2026-01-20 10:25:00,4.95,5.15,4.95,4.95,29250,23.898279,1635075,303.45,302.5
2026-01-20 10:26:00,4.8,4.95,4.8,4.8,11700,25.283954,1635075,302.75,302.5
2026-01-20 10:27:00,4.7,4.8,4.7,4.7,2925,22.264401,1635075,303.5,302.5
2026-01-20 10:28:00,4.7,4.7,4.7,4.7,0,24.069883,1635075,302.95,302.5
2026-01-20 10:29:00,4.7,4.7,4.7,4.7,0,24.547696,1635075,302.8,302.5
2026-01-20 10:30:00,4.7,4.7,4.7,4.7,0,24.54902,1635075,302.8,302.5
2026-01-20 10:31:00,4.7,4.7,4.7,4.7,0,24.392166,1635075,302.85,302.5
2026-01-20 10:32:00,4.7,4.7,4.7,4.7,2925,23.592242,1632150,303.1,302.5
2026-01-20 10:33:00,4.7,4.7,4.65,4.65,17550,24.103088,1632150,302.85,302.5
2026-01-20 10:34:00,4.65,4.65,4.65,4.65,0,24.262705,1632150,302.8,302.5
2026-01-20 10:35:00,4.7,4.7,4.65,4.7,5850,24.397433,1640925,302.85,302.5
2026-01-20 10:36:00,4.9,4.9,4.7,4.9,14625,23.785274,1640925,303.4,302.5
2026-01-20 10:37:00,3.85,3.9,3.8,3.9,70200,23.886263,2860650,303.9,305.0
2026-01-20 10:38:00,4.0,4.0,3.9,4.0,29250,24.0396,2831400,304.05,305.0
2026-01-20 10:39:00,4.0,4.0,4.0,4.0,52650,24.748986,2831400,303.8,305.0
2026-01-20 10:40:00,4.15,4.15,4.0,4.15,87750,24.187937,2805075,304.3,305.0
2026-01-20 10:41:00,4.1,4.15,4.1,4.1,78975,23.461851,2805075,304.45,305.0
2026-01-20 10:42:00,4.1,4.1,4.1,4.1,17550,23.756112,2805075,304.35,305.0
2026-01-20 10:43:00,4.2,4.3,4.1,4.3,23400,24.765858,2790450,304.4,305.0
2026-01-20 10:44:00,4.15,4.3,4.15,4.15,20475,24.627296,2790450,304.15,305.0
2026-01-20 10:45:00,4.05,4.15,4.05,4.05,8775,24.337605,2790450,304.05,305.0
2026-01-20 10:46:00,4.05,4.05,4.05,4.05,0,24.195753,2790450,304.1,305.0
2026-01-20 10:47:00,4.15,4.15,4.05,4.1,29250,24.486021,2805075,304.1,305.0
2026-01-20 10:48:00,4.15,4.15,4.1,4.15,5850,24.488297,2805075,304.2,305.0
2026-01-20 10:49:00,4.1,4.15,4.1,4.1,38025,24.200712,2805075,304.2,305.0
2026-01-20 10:50:00,4.05,4.1,4.05,4.05,5850,24.344102,2813850,304.05,305.0
2026-01-20 10:51:00,4.0,4.05,4.0,4.0,29250,23.625456,2813850,304.2,305.0
2026-01-20 10:52:00,4.1,4.1,4.0,4.1,35100,24.348821,2813850,304.15,305.0
2026-01-20 10:53:00,4.3,4.3,4.1,4.3,35100,24.039218,2813850,304.65,305.0
2026-01-20 10:54:00,4.25,4.3,4.25,4.25,11700,24.491593,2813850,304.4,305.0
2026-01-20 10:55:00,4.25,4.25,4.25,4.25,0,24.930531,2819700,304.25,305.0
2026-01-20 10:56:00,4.25,4.25,4.25,4.25,0,25.221144,2819700,304.15,305.0
2026-01-20 10:57:00,3.95,4.25,3.95,3.95,43875,23.91745,2819700,304.0,305.0
2026-01-20 10:58:00,4.0,4.0,3.95,4.0,17550,23.922155,2831400,304.1,305.0
2026-01-20 10:59:00,4.0,4.0,4.0,4.0,0,23.345717,2831400,304.3,305.0
2026-01-20 11:00:00,4.0,4.0,4.0,4.0,40950,23.636877,2831400,304.2,305.0
2026-01-20 11:01:00,3.95,4.0,3.95,3.95,46800,23.92257,2831400,304.0,305.0
2026-01-20 11:02:00,4.1,4.1,3.95,4.1,26325,23.192953,2822625,304.55,305.0
2026-01-20 11:03:00,4.15,4.2,4.1,4.2,23400,24.214454,2822625,304.4,305.0
2026-01-20 11:04:00,4.15,4.2,4.15,4.15,2925,24.364399,2822625,304.25,305.0
2026-01-20 11:05:00,5.0,5.25,5.0,5.0,2925,24.57569,1646775,303.35,302.5
2026-01-20 11:06:00,5.0,5.0,5.0,5.0,0,25.06835,1646775,303.2,302.5
2026-01-20 11:07:00,4.9,5.0,4.9,4.9,11700,24.156186,1646775,303.3,302.5
2026-01-20 11:08:00,4.8,4.9,4.8,4.8,2925,23.40517,1643850,303.35,302.5
2026-01-20 11:09:00,4.8,4.8,4.8,4.8,29250,24.387159,1643850,303.05,302.5
2026-01-20 11:10:00,4.65,4.8,4.65,4.65,29250,25.093011,1643850,302.55,302.5
2026-01-20 11:11:00,4.5,4.65,4.5,4.5,26325,23.434813,1643850,302.8,302.5
2026-01-20 11:12:00,4.55,4.55,4.5,4.55,29250,23.088807,1643850,303.0,302.5
2026-01-20 11:13:00,4.65,4.65,4.55,4.65,2925,23.18914,1643850,303.15,302.5
2026-01-20 11:14:00,4.6,4.65,4.6,4.6,2925,22.897168,1664325,303.15,302.5
2026-01-20 11:15:00,4.75,4.75,4.6,4.75,8775,22.7865,1664325,303.45,302.5
2026-01-20 11:16:00,3.65,3.65,3.65,3.65,0,22.204684,2968875,304.0,305.0
2026-01-20 11:17:00,3.8,3.8,3.65,3.8,245700,23.358014,2948400,303.9,305.0
2026-01-20 11:18:00,4.95,5.0,4.95,4.95,2925,23.12345,1661400,303.7,302.5
2026-01-20 11:19:00,4.9,4.95,4.85,4.85,8775,23.044217,1661400,303.55,302.5
2026-01-20 11:20:00,3.7,3.7,3.7,3.7,20475,22.64093,2892825,303.95,305.0
2026-01-20 11:21:00,3.75,3.75,3.7,3.75,8775,23.073279,2892825,303.9,305.0
2026-01-20 11:22:00,3.75,3.75,3.75,3.75,17550,22.791111,2892825,304.0,305.0
2026-01-20 11:23:00,3.85,3.85,3.75,3.8,23400,23.647198,2872350,303.8,305.0
2026-01-20 11:24:00,3.9,3.9,3.8,3.9,14625,23.376568,2872350,304.1,305.0
2026-01-20 11:25:00,3.95,3.95,3.9,3.95,32175,24.095638,2872350,303.95,305.0
2026-01-20 11:26:00,4.0,4.0,3.95,4.0,81900,23.233814,2854800,304.35,305.0
2026-01-20 11:27:00,5.0,5.1,5.0,5.0,35100,23.93883,1661400,303.55,302.5
2026-01-20 11:28:00,5.0,5.0,5.0,5.0,0,24.606466,1661400,303.35,302.5
2026-01-20 11:29:00,5.0,5.0,5.0,5.0,0,24.93639,1661400,303.25,302.5
2026-01-20 11:30:00,5.0,5.0,5.0,5.0,0,25.746891,1667250,303.0,302.5
2026-01-20 11:31:00,5.0,5.0,5.0,5.0,0,25.748279,1667250,303.0,302.5
2026-01-20 11:32:00,4.75,5.0,4.75,4.75,17550,23.472555,1658475,303.25,302.5
2026-01-20 11:33:00,4.7,4.75,4.7,4.7,55575,22.848905,1658475,303.35,302.5
2026-01-20 11:34:00,4.7,4.7,4.7,4.7,0,22.515652,1658475,303.45,302.5
2026-01-20 11:35:00,4.7,4.7,4.7,4.7,0,21.837112,1658475,303.65,302.5
2026-01-20 11:36:00,4.7,4.7,4.7,4.7,0,22.852685,1658475,303.35,302.5
2026-01-20 11:37:00,4.7,4.7,4.7,4.7,0,22.519392,1658475,303.45,302.5
2026-01-20 11:38:00,4.7,4.7,4.7,4.7,0,22.012135,1658475,303.6,302.5
2026-01-20 11:39:00,4.7,4.7,4.7,4.7,0,23.022494,1714050,303.3,302.5
2026-01-20 11:40:00,4.7,4.7,4.7,4.7,0,23.353395,1714050,303.2,302.5
2026-01-20 11:41:00,4.7,4.7,4.7,4.7,0,23.190252,1714050,303.25,302.5
2026-01-20 11:42:00,4.75,4.75,4.7,4.75,8775,23.154606,1711125,303.35,302.5
2026-01-20 11:43:00,4.7,4.75,4.7,4.7,2925,22.861513,1711125,303.35,302.5
2026-01-20 11:44:00,4.7,4.7,4.7,4.7,0,23.194078,1711125,303.25,302.5
2026-01-20 11:45:00,4.7,4.7,4.7,4.7,0,21.503539,1714050,303.75,302.5
2026-01-20 11:46:00,3.75,3.75,3.55,3.75,49725,23.245479,2886975,303.85,305.0
2026-01-20 11:47:00,3.7,3.75,3.7,3.7,2925,23.097054,2884050,303.8,305.0
2026-01-20 11:48:00,3.75,3.75,3.7,3.75,2925,22.823139,2884050,304.0,305.0
2026-01-20 11:49:00,3.8,3.8,3.75,3.8,29250,22.684706,2884050,304.15,305.0
2026-01-20 11:50:00,3.85,3.85,3.8,3.85,52650,22.831393,2878200,304.2,305.0
2026-01-20 11:51:00,3.85,3.85,3.85,3.85,11700,22.542362,2878200,304.3,305.0
2026-01-20 11:52:00,3.95,3.95,3.85,3.95,8775,22.976877,2878200,304.35,305.0
2026-01-20 11:53:00,4.1,4.1,3.95,4.1,43875,22.04886,2869425,304.95,305.0
2026-01-20 11:54:00,4.15,4.15,4.1,4.15,17550,22.493135,2869425,304.9,305.0
2026-01-20 11:55:00,4.1,4.15,4.1,4.1,43875,22.660429,2869425,304.75,305.0
2026-01-20 11:56:00,4.1,4.1,4.1,4.1,17550,23.111971,2869425,304.6,305.0
2026-01-20 11:57:00,4.05,4.1,4.0,4.0,55575,22.978968,2869425,304.45,305.0
2026-01-20 11:58:00,4.05,4.05,4.0,4.05,2925,22.973753,2869425,304.55,305.0
2026-01-20 11:59:00,4.05,4.05,4.05,4.05,26325,22.826068,2857725,304.6,305.0
2026-01-20 12:00:00,4.05,4.05,4.05,4.05,5850,23.124616,2857725,304.5,305.0
2026-01-20 12:01:00,4.0,4.05,4.0,4.0,46800,22.836173,2857725,304.5,305.0
2026-01-20 12:02:00,3.9,4.0,3.9,3.9,17550,22.552957,2875275,304.4,305.0
2026-01-20 12:03:00,3.9,3.9,3.9,3.9,35100,22.554185,2875275,304.4,305.0
2026-01-20 12:04:00,3.85,3.9,3.85,3.85,14625,22.5583,2875275,304.3,305.0
2026-01-20 12:05:00,3.9,3.9,3.75,3.75,23400,22.558181,2895750,304.1,305.0
2026-01-20 12:06:00,3.75,3.75,3.75,3.75,20475,22.845377,2895750,304.0,305.0
2026-01-20 12:07:00,3.75,3.75,3.75,3.75,17550,22.703881,2895750,304.05,305.0
2026-01-20 12:08:00,3.7,3.75,3.7,3.7,11700,22.557616,2892825,304.0,305.0
2026-01-20 12:09:00,4.6,4.9,4.6,4.6,20475,23.129994,1708200,303.1,302.5
2026-01-20 12:10:00,4.55,4.6,4.55,4.55,17550,22.010932,1708200,303.35,302.5
2026-01-20 12:11:00,4.55,4.55,4.55,4.55,0,22.012157,1708200,303.35,302.5
2026-01-20 12:12:00,4.55,4.55,4.55,4.55,0,21.506989,1708200,303.5,302.5
2026-01-20 12:13:00,4.85,4.85,4.55,4.85,26325,22.428657,1708200,303.75,302.5
2026-01-20 12:14:00,3.55,3.6,3.55,3.6,146250,22.408814,2837250,303.85,305.0
2026-01-20 12:15:00,3.65,3.65,3.6,3.65,5850,21.846363,2837250,304.15,305.0
2026-01-20 12:16:00,4.85,4.85,4.85,4.85,23400,24.117877,1722825,303.25,302.5
2026-01-20 12:17:00,4.5,4.85,4.5,4.5,14625,22.552206,1734525,303.1,302.5
2026-01-20 12:18:00,4.5,4.5,4.5,4.5,5850,21.89285,1734525,303.3,302.5
2026-01-20 12:19:00,4.45,4.5,4.45,4.45,8775,22.909108,1734525,302.9,302.5
2026-01-20 12:20:00,4.5,4.5,4.45,4.5,2925,23.042968,1728675,302.95,302.5
2026-01-20 12:21:00,4.5,4.5,4.5,4.5,0,23.044236,1728675,302.95,302.5
2026-01-20 12:22:00,4.4,4.5,4.4,4.4,23400,22.619402,1728675,302.9,302.5
2026-01-20 12:23:00,4.35,4.4,4.35,4.35,5850,22.487658,1728675,302.85,302.5
2026-01-20 12:24:00,4.45,4.45,4.35,4.45,2925,22.102617,1755000,303.15,302.5
2026-01-20 12:25:00,4.35,4.45,4.35,4.35,5850,22.168239,1755000,302.95,302.5
2026-01-20 12:26:00,4.4,4.4,4.35,4.4,17550,21.974976,1757925,303.1,302.5
2026-01-20 12:27:00,4.4,4.4,4.4,4.4,0,21.811814,1757925,303.15,302.5
2026-01-20 12:28:00,4.4,4.4,4.4,4.4,0,21.647785,1757925,303.2,302.5
2026-01-20 12:29:00,4.45,4.45,4.4,4.45,17550,21.943739,1766700,303.2,302.5
2026-01-20 12:30:00,4.45,4.45,4.45,4.45,0,22.274178,1766700,303.1,302.5
2026-01-20 12:31:00,4.35,4.45,4.35,4.35,14625,22.49759,1766700,302.85,302.5
2026-01-20 12:32:00,4.35,4.35,4.35,4.35,0,22.176839,1766700,302.95,302.5
2026-01-20 12:33:00,4.25,4.35,4.25,4.25,23400,22.706278,1763775,302.6,302.5
2026-01-20 12:34:00,4.0,4.25,4.0,4.0,20475,22.326506,1763775,302.25,302.5
2026-01-20 12:35:00,4.0,4.0,4.0,4.0,0,22.021356,1787175,302.35,302.5
2026-01-20 12:36:00,4.1,4.1,4.0,4.1,5850,22.608015,1787175,302.35,302.5
2026-01-20 12:37:00,4.1,4.1,4.1,4.1,2925,22.455169,1787175,302.4,302.5
2026-01-20 12:38:00,4.05,4.1,4.05,4.05,8775,23.078826,1784250,302.1,302.5
2026-01-20 12:39:00,4.15,4.15,4.05,4.15,40950,22.750445,1784250,302.4,302.5
2026-01-20 12:40:00,4.2,4.2,4.15,4.2,5850,22.578581,1784250,302.55,302.5
2026-01-20 12:41:00,4.2,4.2,4.2,4.2,0,23.658032,1784250,302.2,302.5
2026-01-20 12:42:00,4.0,4.2,4.0,4.0,14625,22.488572,1795950,302.2,302.5
2026-01-20 12:43:00,4.0,4.0,4.0,4.0,0,22.337541,1795950,302.25,302.5
2026-01-20 12:44:00,4.0,4.0,4.0,4.0,20475,22.793699,1793025,302.1,302.5
2026-01-20 12:45:00,4.0,4.0,4.0,4.0,2925,22.187073,1793025,302.3,302.5
2026-01-20 12:46:00,4.1,4.1,4.0,4.1,5850,22.620427,1793025,302.35,302.5
2026-01-20 12:47:00,4.1,4.1,4.1,4.1,2925,22.928025,1793025,302.25,302.5
2026-01-20 12:48:00,4.1,4.1,4.1,4.1,0,23.081521,1793025,302.2,302.5
2026-01-20 12:49:00,4.1,4.1,4.1,4.1,0,22.777665,1793025,302.3,302.5
2026-01-20 12:50:00,4.1,4.1,4.1,4.1,49725,21.372518,1790100,302.75,302.5
2026-01-20 12:51:00,4.3,4.3,4.1,4.3,20475,22.228654,1790100,302.85,302.5
2026-01-20 12:52:00,4.45,4.45,4.3,4.45,8775,22.137066,1790100,303.15,302.5
2026-01-20 12:53:00,4.45,4.45,4.45,4.45,0,22.302643,1790100,303.1,302.5
2026-01-20 12:54:00,4.45,4.45,4.45,4.45,0,22.467424,1801800,303.05,302.5
2026-01-20 12:55:00,4.3,4.45,4.3,4.3,14625,21.748453,1801800,303.0,302.5
2026-01-20 12:56:00,4.35,4.35,4.3,4.35,5850,22.044053,1801800,303.0,302.5
2026-01-20 12:57:00,4.35,4.35,4.35,4.35,0,22.529943,1810575,302.85,302.5
2026-01-20 12:58:00,4.2,4.35,4.2,4.2,46800,20.669172,1810575,303.15,302.5
2026-01-20 12:59:00,4.2,4.2,4.2,4.2,0,20.835872,1822275,303.1,302.5
2026-01-20 13:00:00,4.35,4.35,4.2,4.35,32175,22.04896,1822275,303.0,302.5
2026-01-20 13:01:00,4.35,4.35,4.3,4.3,8775,21.75573,1822275,303.0,302.5
2026-01-20 13:02:00,4.3,4.3,4.3,4.3,0,21.42936,1833975,303.1,302.5
2026-01-20 13:03:00,4.3,4.3,4.3,4.3,0,21.430559,1833975,303.1,302.5
2026-01-20 13:04:00,4.4,4.4,4.3,4.4,8775,21.856877,1833975,303.15,302.5
2026-01-20 13:05:00,4.45,4.45,4.4,4.45,14625,22.481144,1833975,303.05,302.5
2026-01-20 13:06:00,4.45,4.45,4.45,4.45,0,22.645215,1828125,303.0,302.5
2026-01-20 13:07:00,4.35,4.45,4.35,4.35,8775,21.56543,1828125,303.15,302.5
2026-01-20 13:08:00,4.2,4.35,4.2,4.2,8775,22.140749,1828125,302.7,302.5
2026-01-20 13:09:00,4.25,4.25,4.2,4.25,2925,22.435695,1822275,302.7,302.5
2026-01-20 13:10:00,4.25,4.25,4.25,4.25,0,22.752581,1822275,302.6,302.5
2026-01-20 13:11:00,4.25,4.25,4.25,4.25,0,22.59636,1822275,302.65,302.5
2026-01-20 13:12:00,4.25,4.25,4.25,4.25,0,21.960422,1822275,302.85,302.5
2026-01-20 13:13:00,4.2,4.25,4.2,4.2,20475,21.987836,1822275,302.75,302.5
2026-01-20 13:14:00,4.2,4.2,4.2,4.2,5850,21.989056,1822275,302.75,302.5
2026-01-20 13:15:00,4.15,4.25,4.15,4.25,14625,23.071791,1828125,302.5,302.5
2026-01-20 13:16:00,4.1,4.25,4.1,4.1,8775,22.964497,1828125,302.25,302.5
2026-01-20 13:17:00,4.1,4.1,4.1,4.1,20475,23.118187,1822275,302.2,302.5
2026-01-20 13:18:00,4.05,4.1,4.05,4.05,26325,22.82627,1822275,302.2,302.5
2026-01-20 13:19:00,4.05,4.05,4.05,4.05,2925,22.675054,1822275,302.25,302.5
2026-01-20 13:20:00,4.05,4.05,4.05,4.05,0,21.432431,1833975,302.65,302.5
2026-01-20 13:21:00,4.15,4.15,4.05,4.15,40950,22.33607,1833975,302.55,302.5
2026-01-20 13:22:00,4.3,4.3,4.15,4.3,23400,21.943933,1833975,302.95,302.5
2026-01-20 13:23:00,4.3,4.3,4.3,4.3,0,22.588104,1804725,302.75,302.5
2026-01-20 13:24:00,4.3,4.3,4.3,4.3,0,21.946381,1804725,302.95,302.5
2026-01-20 13:25:00,4.35,4.35,4.3,4.35,17550,22.242207,1804725,302.95,302.5
2026-01-20 13:26:00,4.35,4.35,4.35,4.35,11700,22.405189,1804725,302.9,302.5
2026-01-20 13:27:00,4.4,4.4,4.35,4.4,11700,22.861684,1804725,302.85,302.5
2026-01-20 13:28:00,4.2,4.4,4.2,4.2,5850,22.006175,1804725,302.75,302.5
2026-01-20 13:29:00,4.2,4.2,4.2,4.2,0,22.951587,1801800,302.45,302.5
2026-01-20 13:30:00,4.0,4.2,4.0,4.0,8775,22.851218,1801800,302.1,302.5
2026-01-20 13:31:00,3.9,4.0,3.85,3.85,52650,22.422812,1801800,301.95,302.5
2026-01-20 13:32:00,3.9,3.9,3.85,3.9,2925,22.717406,1801800,301.95,302.5
2026-01-20 13:33:00,3.8,3.9,3.8,3.8,40950,22.724017,1822275,301.75,302.5
2026-01-20 13:34:00,3.8,3.8,3.8,3.8,0,22.871877,1822275,301.7,302.5
2026-01-20 13:35:00,3.8,3.8,3.8,3.8,35100,22.43158,1822275,301.85,302.5
2026-01-20 13:36:00,3.8,3.8,3.8,3.8,2925,22.87438,1804725,301.7,302.5
2026-01-20 13:37:00,3.75,3.8,3.75,3.75,11700,22.140568,1804725,301.85,302.5
2026-01-20 13:38:00,3.75,3.75,3.75,3.75,17550,22.58326,1804725,301.7,302.5
2026-01-20 13:39:00,3.7,3.75,3.7,3.7,8775,22.582282,1798875,301.6,302.5
2026-01-20 13:40:00,5.0,5.0,5.0,5.0,0,23.817253,2840175,301.2,300.0
2026-01-20 13:41:00,3.5,3.55,3.5,3.5,35100,21.409575,1819350,301.6,302.5
2026-01-20 13:42:00,3.7,3.7,3.5,3.7,23400,22.147967,1819350,301.75,302.5
2026-01-20 13:43:00,3.7,3.7,3.7,3.7,0,22.002045,1819350,301.8,302.5
2026-01-20 13:44:00,3.7,3.7,3.7,3.7,0,22.150405,1819350,301.75,302.5
2026-01-20 13:45:00,3.65,3.7,3.65,3.65,32175,22.150445,1825200,301.65,302.5
2026-01-20 13:46:00,3.65,3.65,3.65,3.65,0,22.151663,1825200,301.65,302.5
2026-01-20 13:47:00,3.7,3.7,3.65,3.7,8775,22.592172,1822275,301.6,302.5
2026-01-20 13:48:00,3.7,3.7,3.7,3.7,0,22.88279,1822275,301.5,302.5
2026-01-20 13:49:00,3.55,3.7,3.55,3.55,38025,22.431221,1822275,301.35,302.5
2026-01-20 13:50:00,3.55,3.55,3.55,3.55,0,22.43245,1804725,301.35,302.5
2026-01-20 13:51:00,4.75,4.8,4.75,4.75,8775,22.504943,2848950,301.15,300.0
2026-01-20 13:52:00,4.75,4.75,4.75,4.75,2925,22.156668,2848950,301.25,300.0
2026-01-20 13:53:00,3.55,3.55,3.5,3.55,8775,22.436131,1804725,301.35,302.5
2026-01-20 13:54:00,3.5,3.55,3.5,3.5,14625,22.284931,1813500,301.3,302.5
2026-01-20 13:55:00,4.7,4.75,4.6,4.6,11700,22.128718,2854800,301.0,300.0
2026-01-20 13:56:00,4.6,4.6,4.6,4.6,26325,22.641641,2854800,300.85,300.0
2026-01-20 13:57:00,4.55,4.6,4.45,4.5,119925,22.045036,2854800,300.85,300.0
2026-01-20 13:58:00,4.45,4.5,4.45,4.45,49725,21.232759,2854800,301.0,300.0
2026-01-20 13:59:00,4.65,4.65,4.45,4.65,5850,22.088174,2854800,301.1,300.0
2026-01-20 14:00:00,4.65,4.65,4.65,4.65,0,22.434628,2854800,301.0,300.0
2026-01-20 14:01:00,4.65,4.65,4.65,4.65,0,22.263752,2854800,301.05,300.0
2026-01-20 14:02:00,4.65,4.65,4.65,4.65,0,22.265003,2854800,301.05,300.0
2026-01-20 14:03:00,4.6,4.65,4.6,4.6,5850,23.486297,2901600,300.6,300.0
2026-01-20 14:04:00,3.2,3.35,3.2,3.2,5850,20.245385,1798875,301.4,302.5
2026-01-20 14:05:00,4.7,4.7,4.6,4.7,102375,23.419138,2901600,300.8,300.0
2026-01-20 14:06:00,4.7,4.7,4.7,4.7,0,24.413947,2881125,300.5,300.0
2026-01-20 14:07:00,4.4,4.7,4.4,4.4,17550,22.793716,2881125,300.45,300.0
2026-01-20 14:08:00,4.4,4.4,4.4,4.4,0,22.466327,2881125,300.55,300.0
2026-01-20 14:09:00,4.4,4.4,4.4,4.4,0,22.632317,2881125,300.5,300.0
2026-01-20 14:10:00,4.4,4.4,4.4,4.4,0,22.136888,2872350,300.65,300.0
2026-01-20 14:11:00,4.55,4.55,4.4,4.55,5850,23.363746,2872350,300.55,300.0
2026-01-20 14:12:00,4.45,4.55,4.45,4.45,5850,23.097656,2878200,300.45,300.0
2026-01-20 14:13:00,4.15,4.45,4.15,4.3,544050,22.041646,2878200,300.5,300.0
2026-01-20 14:14:00,4.3,4.3,4.3,4.3,2925,22.370734,2796300,300.4,300.0
2026-01-20 14:15:00,4.35,4.35,4.3,4.35,11700,22.177063,2796300,300.55,300.0
2026-01-20 14:16:00,4.4,4.4,4.35,4.4,67275,22.144338,2796300,300.65,300.0
2026-01-20 14:17:00,4.4,4.4,4.4,4.4,38025,21.641031,2796300,300.8,300.0
2026-01-20 14:18:00,4.45,4.45,4.4,4.45,2925,22.776916,2764125,300.55,300.0
2026-01-20 14:19:00,4.3,4.45,4.3,4.3,61425,22.376977,2764125,300.4,300.0
2026-01-20 14:20:00,4.3,4.3,4.3,4.3,49725,22.378227,2764125,300.4,300.0
2026-01-20 14:21:00,4.3,4.3,4.3,4.3,0,22.54226,2781675,300.35,300.0
2026-01-20 14:22:00,4.15,4.3,4.15,4.15,99450,21.974924,2781675,300.25,300.0
2026-01-20 14:23:00,4.2,4.2,4.15,4.2,17550,22.273491,2781675,300.25,300.0
2026-01-20 14:24:00,4.3,4.3,4.2,4.3,49725,22.546032,2825550,300.35,300.0
2026-01-20 14:25:00,3.15,3.15,3.15,3.15,14625,20.11609,1889550,301.35,302.5
2026-01-20 14:26:00,3.5,3.5,3.15,3.5,184275,21.752059,1889550,301.5,302.5
2026-01-20 14:27:00,4.7,4.7,4.7,4.7,46800,22.074908,2919150,301.2,300.0
2026-01-20 14:28:00,3.45,3.45,3.45,3.45,8775,21.889326,1863225,301.35,302.5
2026-01-20 14:29:00,3.5,3.5,3.45,3.5,11700,22.185477,1866150,301.35,302.5
2026-01-20 14:30:00,3.6,3.6,3.5,3.6,20475,22.633621,1866150,301.4,302.5
2026-01-20 14:31:00,3.5,3.6,3.5,3.5,5850,21.901877,1866150,301.45,302.5
2026-01-20 14:32:00,3.55,3.55,3.5,3.55,38025,22.197857,1866150,301.45,302.5
2026-01-20 14:33:00,3.55,3.55,3.55,3.55,0,21.620116,1860300,301.65,302.5
2026-01-20 14:34:00,3.55,3.55,3.55,3.55,0,21.475166,1860300,301.7,302.5
2026-01-20 14:35:00,3.55,3.55,3.55,3.55,0,21.182284,1860300,301.8,302.5
2026-01-20 14:36:00,3.55,3.65,3.55,3.65,61425,21.326241,1866150,301.95,302.5
2026-01-20 14:37:00,3.65,3.65,3.65,3.65,8775,20.723977,1866150,302.15,302.5
2026-01-20 14:38:00,3.75,3.75,3.65,3.75,29250,20.854175,1866150,302.3,302.5
2026-01-20 14:39:00,3.85,3.85,3.75,3.85,35100,21.134493,1872000,302.4,302.5
2026-01-20 14:40:00,3.85,3.85,3.85,3.85,2925,21.599156,1872000,302.25,302.5
2026-01-20 14:41:00,3.85,3.85,3.85,3.85,11700,20.980939,1872000,302.45,302.5
2026-01-20 14:42:00,3.85,3.9,3.85,3.9,17550,20.486207,1869075,302.7,302.5
2026-01-20 14:43:00,4.05,4.05,3.9,4.05,114075,21.372866,1869075,302.7,302.5
2026-01-20 14:44:00,4.0,4.05,4.0,4.0,20475,21.07892,1869075,302.7,302.5
2026-01-20 14:45:00,4.0,4.0,4.0,4.0,20475,20.758872,1854450,302.8,302.5
2026-01-20 14:46:00,4.05,4.05,4.0,4.05,8775,21.055521,1854450,302.8,302.5
2026-01-20 14:47:00,4.2,4.2,4.05,4.2,43875,21.128768,1854450,303.05,302.5
2026-01-20 14:48:00,4.35,4.35,4.2,4.35,17550,21.521798,1860300,303.2,302.5
2026-01-20 14:49:00,4.4,4.4,4.35,4.4,5850,22.479565,1860300,303.0,302.5
2026-01-20 14:50:00,4.15,4.4,4.15,4.15,76050,20.83601,1860300,303.05,302.5
2026-01-20 14:51:00,4.2,4.2,4.15,4.2,26325,21.133553,1804725,303.05,302.5
2026-01-20 14:52:00,4.3,4.3,4.2,4.3,17550,21.562342,1804725,303.1,302.5
2026-01-20 14:53:00,4.35,4.35,4.3,4.35,5850,21.527886,1804725,303.2,302.5
2026-01-20 14:54:00,4.35,4.35,4.35,4.35,0,21.529106,1810575,303.2,302.5
2026-01-20 14:55:00,4.45,4.45,4.35,4.45,35100,22.783047,1810575,303.0,302.5
2026-01-20 14:56:00,4.45,4.45,4.45,4.45,0,22.784321,1810575,303.0,302.5
2026-01-20 14:57:00,4.35,4.45,4.35,4.35,5850,21.365367,1810575,303.25,302.5
2026-01-20 14:58:00,4.35,4.35,4.35,4.35,11700,21.198266,1810575,303.3,302.5
2026-01-20 14:59:00,4.3,4.35,4.3,4.3,17550,22.225941,1810575,302.9,302.5
2026-01-20 15:00:00,4.2,4.3,4.2,4.2,14625,21.308923,1801800,303.0,302.5
2026-01-20 15:01:00,4.1,4.2,4.1,4.1,49725,22.165462,1801800,302.55,302.5
2026-01-20 15:02:00,4.1,4.1,4.1,4.1,0,23.252153,1801800,302.2,302.5
2026-01-20 15:03:00,3.7,4.1,3.7,3.7,8775,19.807025,1807650,302.55,302.5
2026-01-20 15:04:00,3.7,3.7,3.7,3.7,0,20.123165,1807650,302.45,302.5
2026-01-20 15:05:00,3.85,3.85,3.7,3.85,46800,21.165356,1807650,302.4,302.5
2026-01-20 15:06:00,3.85,3.85,3.85,3.85,11700,21.166547,1781325,302.4,302.5
2026-01-20 15:07:00,3.85,3.85,3.85,3.85,0,21.323106,1781325,302.35,302.5
2026-01-20 15:08:00,3.75,3.85,3.75,3.75,20475,21.043417,1781325,302.25,302.5
2026-01-20 15:09:00,3.65,3.75,3.65,3.65,40950,21.215407,1775475,302.0,302.5
2026-01-20 15:10:00,3.7,3.7,3.65,3.7,20475,20.904398,1775475,302.2,302.5
2026-01-20 15:11:00,3.7,3.7,3.7,3.7,0,21.210372,1775475,302.1,302.5
2026-01-20 15:12:00,3.65,3.7,3.65,3.65,29250,21.068214,1772550,302.05,302.5
2026-01-20 15:13:00,3.65,3.65,3.65,3.65,8775,21.069397,1772550,302.05,302.5
2026-01-20 15:14:00,3.7,3.7,3.65,3.7,11700,21.666244,1772550,301.95,302.5
2026-01-20 15:15:00,3.65,3.7,3.65,3.65,5850,21.071756,1766700,302.05,302.5
2026-01-20 15:16:00,3.55,3.65,3.55,3.55,8775,21.525296,1766700,301.7,302.5
2026-01-20 15:17:00,3.4,3.55,3.4,3.4,5850,21.366722,1766700,301.45,302.5
2026-01-20 15:18:00,3.45,3.45,3.4,3.45,5850,21.519334,1775475,301.5,302.5
2026-01-20 15:19:00,3.45,3.45,3.45,3.45,0,21.230813,1775475,301.6,302.5
2026-01-20 15:20:00,3.45,3.45,3.45,3.45,20475,21.66575,1775475,301.45,302.5
2026-01-20 15:21:00,3.45,3.45,3.45,3.45,0,21.666952,1775475,301.45,302.5
2026-01-20 15:22:00,3.45,3.45,3.45,3.45,0,21.524112,1775475,301.5,302.5
2026-01-20 15:23:00,3.45,3.45,3.45,3.45,0,21.089801,1775475,301.65,302.5
2026-01-20 15:24:00,3.5,3.5,3.45,3.5,23400,21.821925,1775475,301.5,302.5
2026-01-20 15:25:00,3.45,3.5,3.45,3.45,11700,21.671756,1775475,301.45,302.5
2026-01-20 15:26:00,3.5,3.5,3.45,3.5,17550,21.824343,1775475,301.5,302.5
2026-01-20 15:27:00,3.5,3.5,3.5,3.5,0,21.825554,1772550,301.5,302.5
2026-01-20 15:28:00,3.55,3.55,3.5,3.55,26325,21.539672,1772550,301.7,302.5
2026-01-20 15:29:00,3.7,3.7,3.55,3.7,40950,23.298461,1772550,301.4,302.5
2026-01-21 09:16:00,2.7,2.7,2.7,2.7,0,16.699112,3015675,304.45,305.0
2026-01-21 09:17:00,4.5,4.7,4.5,4.5,17550,21.945,1772550,303.75,302.5
2026-01-21 09:18:00,3.35,3.45,3.35,3.35,70200,21.48735,3015675,304.2,305.0
2026-01-21 09:19:00,3.35,3.35,3.35,3.35,0,22.54257,2948400,303.85,305.0
2026-01-21 09:20:00,4.55,4.65,4.4,4.4,29250,24.674226,1775475,302.8,302.5
2026-01-21 09:21:00,4.25,4.4,4.1,4.1,29250,24.457983,1775475,302.3,302.5
2026-01-21 09:22:00,4.0,4.1,4.0,4.0,11700,23.836552,1775475,302.3,302.5
2026-01-21 09:23:00,4.25,4.3,4.0,4.3,11700,24.054423,1775475,302.8,302.5
2026-01-21 09:24:00,3.3,3.3,3.15,3.3,102375,22.387699,2948400,303.8,305.0
2026-01-21 09:25:00,3.65,3.65,3.3,3.65,169650,22.264825,2895750,304.55,305.0
2026-01-21 09:26:00,3.95,3.95,3.65,3.95,143325,21.67836,2895750,305.3,305.0
2026-01-21 09:27:00,3.6,3.95,3.6,3.6,81900,22.115819,2895750,304.5,305.0
2026-01-21 09:28:00,3.6,3.6,3.6,3.6,0,21.001867,2848950,304.85,305.0
2026-01-21 09:29:00,3.75,3.75,3.6,3.75,55575,22.730358,2848950,304.6,305.0
2026-01-21 09:30:00,3.45,3.75,3.45,3.45,134550,20.877827,2848950,304.6,305.0
2026-01-21 09:31:00,3.55,3.55,3.45,3.5,81900,22.279185,2793375,304.25,305.0
2026-01-21 09:32:00,3.5,3.5,3.5,3.5,0,22.586523,2793375,304.15,305.0
2026-01-21 09:33:00,4.9,4.9,4.8,4.9,8775,24.680644,1781325,303.7,302.5
2026-01-21 09:34:00,3.4,3.55,3.4,3.4,58500,20.573967,2784600,304.6,305.0
2026-01-21 09:35:00,3.65,3.65,3.4,3.65,43875,22.903716,2784600,304.35,305.0
2026-01-21 09:36:00,3.55,3.65,3.55,3.6,35100,22.59592,2784600,304.35,305.0
2026-01-21 09:37:00,3.6,3.6,3.55,3.55,137475,23.206753,2764125,304.05,305.0
2026-01-21 09:38:00,3.5,3.55,3.4,3.4,78975,23.027418,2764125,303.8,305.0
2026-01-21 09:39:00,3.4,3.4,3.4,3.4,67275,22.431311,2764125,304.0,305.0
2026-01-21 09:40:00,3.45,3.45,3.4,3.45,76050,22.591603,2723175,304.05,305.0
2026-01-21 09:41:00,3.3,3.45,3.3,3.3,29250,21.964371,2723175,303.95,305.0
2026-01-21 09:42:00,4.55,4.7,4.55,4.55,17550,23.029413,1755000,303.55,302.5
2026-01-21 09:43:00,4.3,4.55,4.25,4.25,17550,20.392308,1757925,303.75,302.5
2026-01-21 09:44:00,3.2,3.25,3.2,3.25,78975,21.055138,2705625,304.15,305.0
2026-01-21 09:45:00,3.45,3.45,3.25,3.45,184275,20.095932,2705625,304.85,305.0
2026-01-21 09:46:00,3.7,3.7,3.45,3.7,362700,22.602917,2922075,304.55,305.0
2026-01-21 09:47:00,3.55,3.7,3.55,3.7,204750,22.918404,2922075,304.45,305.0
2026-01-21 09:48:00,3.5,3.7,3.5,3.6,190125,20.8656,2922075,304.9,305.0
2026-01-21 09:49:00,3.9,3.9,3.6,3.9,190125,23.527535,3001050,304.65,305.0
2026-01-21 09:50:00,3.85,3.9,3.8,3.8,122850,22.750933,3001050,304.7,305.0
2026-01-21 09:51:00,3.85,3.85,3.8,3.85,43875,22.254245,3001050,304.95,305.0
2026-01-21 09:52:00,3.85,3.85,3.85,3.85,38025,22.255625,3042000,304.95,305.0
2026-01-21 09:53:00,3.85,3.85,3.65,3.65,102375,23.544812,3042000,304.15,305.0
2026-01-21 09:54:00,3.45,3.65,3.45,3.45,96525,22.307244,3042000,304.15,305.0
2026-01-21 09:55:00,3.65,3.65,3.45,3.65,96525,23.85214,3103425,304.05,305.0
2026-01-21 09:56:00,3.9,3.9,3.65,3.9,163800,20.725518,3103425,305.5,305.0
2026-01-21 09:57:00,4.0,4.0,3.9,4.0,73125,24.316735,3103425,304.6,305.0
2026-01-21 09:58:00,4.0,4.0,4.0,4.0,0,24.000022,3024450,304.7,305.0
2026-01-21 09:59:00,3.65,4.0,3.65,3.75,210600,23.40103,3024450,304.4,305.0
2026-01-21 10:00:00,3.5,3.75,3.5,3.5,345150,22.164825,3024450,304.3,305.0
2026-01-21 10:01:00,3.5,3.5,3.5,3.5,73125,23.081896,3235050,304.0,305.0
2026-01-21 10:02:00,4.5,4.75,4.5,4.5,26325,22.742323,1763775,303.55,302.5
2026-01-21 10:03:00,3.5,3.5,3.3,3.5,117000,22.168926,3235050,304.3,305.0
2026-01-21 10:04:00,3.5,3.5,3.45,3.45,58500,20.7632,3223350,304.65,305.0
2026-01-21 10:05:00,3.65,3.65,3.45,3.65,46800,23.408925,3223350,304.2,305.0
2026-01-21 10:06:00,3.3,3.65,3.3,3.3,87750,21.847947,3223350,304.0,305.0
2026-01-21 10:07:00,3.4,3.4,3.3,3.4,32175,22.469852,3235050,304.0,305.0
2026-01-21 10:08:00,3.3,3.4,3.3,3.3,46800,21.243828,3235050,304.2,305.0
2026-01-21 10:09:00,3.35,3.35,3.3,3.35,81900,22.162305,3235050,304.0,305.0
2026-01-21 10:10:00,3.35,3.5,3.35,3.5,35100,22.332696,3237975,304.25,305.0
2026-01-21 10:11:00,3.5,3.5,3.5,3.5,43875,22.944798,3237975,304.05,305.0
2026-01-21 10:12:00,3.5,3.5,3.5,3.5,0,23.696871,3237975,303.8,305.0
2026-01-21 10:13:00,3.5,3.5,3.5,3.5,0,23.098854,3278925,304.0,305.0
2026-01-21 10:14:00,4.55,4.55,4.55,4.55,0,23.61518,1728675,303.4,302.5
2026-01-21 10:15:00,4.4,4.55,4.4,4.4,20475,22.670723,1728675,303.4,302.5
2026-01-21 10:16:00,4.4,4.4,4.4,4.4,0,22.311496,1728675,303.5,302.5
2026-01-21 10:17:00,3.45,3.5,3.15,3.5,58500,22.95324,3293550,304.05,305.0
2026-01-21 10:18:00,4.55,4.75,4.55,4.55,2925,22.71658,1714050,303.65,302.5
2026-01-21 10:19:00,4.45,4.55,4.45,4.45,8775,21.89919,1714050,303.7,302.5
2026-01-21 10:20:00,3.4,3.45,3.35,3.45,43875,22.94891,3287700,303.95,305.0
2026-01-21 10:21:00,4.75,4.75,4.75,4.75,0,24.885816,1714050,303.4,302.5
2026-01-21 10:22:00,4.45,4.75,4.45,4.45,11700,22.636104,1714050,303.5,302.5
2026-01-21 10:23:00,4.45,4.45,4.45,4.45,0,23.353894,1719900,303.3,302.5
2026-01-21 10:24:00,4.35,4.45,4.35,4.4,40950,22.683538,1719900,303.4,302.5
2026-01-21 10:25:00,4.15,4.4,4.15,4.15,26325,21.821122,1690650,303.2,302.5
2026-01-21 10:26:00,4.15,4.15,4.15,4.15,5850,20.742311,1690650,303.5,302.5
2026-01-21 10:27:00,4.15,4.15,4.15,4.15,0,21.108048,1690650,303.4,302.5
2026-01-21 10:28:00,4.15,4.15,4.15,4.15,0,21.647835,1690650,303.25,302.5
2026-01-21 10:29:00,4.15,4.15,4.15,4.15,0,22.003055,1687725,303.15,302.5
2026-01-21 10:30:00,4.15,4.15,4.15,4.15,0,21.112077,1687725,303.4,302.5
2026-01-21 10:31:00,4.3,4.3,4.15,4.25,29250,22.459315,1687725,303.2,302.5
2026-01-21 10:32:00,4.25,4.25,4.25,4.25,0,23.159036,1687725,303.0,302.5
2026-01-21 10:33:00,4.25,4.25,4.25,4.25,0,22.462135,1687725,303.2,302.5
2026-01-21 10:34:00,4.05,4.25,4.05,4.05,2925,22.078477,1684800,302.95,302.5
2026-01-21 10:35:00,4.05,4.05,4.05,4.05,0,22.423528,1684800,302.85,302.5
2026-01-21 10:36:00,4.2,4.2,4.05,4.2,5850,22.850706,1684800,303.0,302.5
2026-01-21 10:37:00,4.2,4.2,4.2,4.2,0,23.024736,1684800,302.95,302.5
2026-01-21 10:38:00,4.2,4.2,4.2,4.2,0,24.377865,1684800,302.55,302.5
2026-01-21 10:39:00,4.2,4.2,4.2,4.2,0,25.845683,1684800,302.1,302.5
2026-01-21 10:40:00,3.7,4.2,3.7,3.7,55575,22.879833,1684800,302.05,302.5
2026-01-21 10:41:00,3.65,3.7,3.65,3.65,8775,23.043637,1681875,301.9,302.5
2026-01-21 10:42:00,3.6,3.65,3.6,3.6,5850,23.971586,1681875,301.5,302.5
2026-01-21 10:43:00,4.75,4.9,4.7,4.7,8775,23.732186,2895750,301.2,300.0
2026-01-21 10:44:00,4.65,4.7,4.65,4.65,2925,24.328289,2895750,300.95,300.0
2026-01-21 10:45:00,4.65,4.65,4.65,4.65,0,25.221087,2895750,300.7,300.0
2026-01-21 10:46:00,4.35,4.65,4.35,4.35,67275,22.96168,2895750,300.8,300.0
2026-01-21 10:47:00,4.5,4.5,4.35,4.4,20475,24.165083,2907450,300.55,300.0
2026-01-21 10:48:00,4.3,4.4,4.3,4.3,14625,23.357233,2907450,300.6,300.0
2026-01-21 10:49:00,4.2,4.3,4.15,4.15,29250,23.960109,2916225,300.15,300.0
2026-01-21 10:50:00,4.1,4.15,4.1,4.1,17550,24.481478,2916225,299.9,300.0
2026-01-21 10:51:00,3.95,4.1,3.95,3.95,23400,24.354997,2916225,299.65,300.0
2026-01-21 10:52:00,3.85,3.95,3.85,3.85,40950,23.887226,2919150,299.6,300.0
2026-01-21 10:53:00,3.85,3.85,3.7,3.7,38025,23.263604,2919150,299.5,300.0
2026-01-21 10:54:00,5.2,5.2,5.2,5.2,0,27.549288,476775,298.6,297.5
2026-01-21 10:55:00,5.2,5.2,5.2,5.2,0,28.450136,470925,298.35,297.5
2026-01-21 10:56:00,5.2,5.2,5.2,5.2,0,30.367262,470925,297.8,297.5
2026-01-21 10:57:00,3.3,3.35,3.25,3.25,157950,21.062588,2922075,299.3,300.0
2026-01-21 10:58:00,3.85,3.85,3.25,3.65,239850,21.317962,2989350,300.0,300.0
2026-01-21 10:59:00,4.0,4.0,3.65,4.0,149175,23.530966,2989350,300.0,300.0
2026-01-21 11:00:00,4.1,4.1,4.0,4.1,49725,22.977413,2989350,300.35,300.0
2026-01-21 11:01:00,4.15,4.15,4.1,4.15,46800,23.1229,2998125,300.4,300.0
2026-01-21 11:02:00,4.4,4.4,4.15,4.4,43875,23.836468,2998125,300.65,300.0
2026-01-21 11:03:00,4.5,4.5,4.4,4.4,49725,24.189118,2998125,300.55,300.0
2026-01-21 11:04:00,4.4,4.4,4.35,4.35,35100,23.344694,3001050,300.7,300.0
2026-01-21 11:05:00,4.25,4.35,4.25,4.3,40950,23.906172,3001050,300.45,300.0
2026-01-21 11:06:00,4.3,4.35,4.3,4.35,14625,23.876391,3001050,300.55,300.0
2026-01-21 11:07:00,4.3,4.35,4.3,4.3,14625,23.909146,3006900,300.45,300.0
2026-01-21 11:08:00,4.3,4.3,4.3,4.3,0,24.427344,3006900,300.3,300.0
2026-01-21 11:09:00,4.25,4.3,4.25,4.25,58500,24.622358,3006900,300.15,300.0
2026-01-21 11:10:00,4.25,4.25,4.25,4.25,8775,23.071744,3021525,300.6,300.0
2026-01-21 11:11:00,4.4,4.4,4.25,4.4,14625,23.136501,3021525,300.85,300.0
2026-01-21 11:12:00,4.5,4.5,4.4,4.5,35100,24.310123,3021525,300.7,300.0
2026-01-21 11:13:00,4.5,4.5,4.5,4.5,23400,23.955916,3018600,300.8,300.0
2026-01-21 11:14:00,4.15,4.5,4.15,4.15,32175,25.327283,3018600,299.75,300.0
2026-01-21 11:15:00,4.05,4.15,4.05,4.05,26325,25.184781,3018600,299.6,300.0
2026-01-21 11:16:00,4.05,4.05,4.05,4.05,17550,23.536344,3018600,300.1,300.0
2026-01-21 11:17:00,4.2,4.2,4.05,4.2,23400,25.154382,3018600,299.9,300.0
2026-01-21 11:18:00,4.15,4.2,4.15,4.15,11700,25.169616,3018600,299.8,300.0
2026-01-21 11:19:00,4.1,4.15,4.1,4.1,8775,23.688234,3009825,300.15,300.0
2026-01-21 11:20:00,4.05,4.1,4.05,4.05,35100,25.192507,3009825,299.6,300.0
2026-01-21 11:21:00,3.9,4.05,3.9,3.9,23400,24.568075,3009825,299.5,300.0
2026-01-21 11:22:00,3.9,3.9,3.9,3.9,0,25.521263,3009825,299.2,300.0
2026-01-21 11:23:00,3.7,3.9,3.7,3.7,43875,24.413697,3050775,299.15,300.0
2026-01-21 11:24:00,3.85,3.85,3.7,3.85,29250,25.050896,3050775,299.25,300.0
2026-01-21 11:25:00,4.7,5.85,4.7,4.7,8775,25.114242,468000,298.4,297.5
2026-01-21 11:26:00,4.7,4.7,4.7,4.7,0,25.115805,468000,298.4,297.5
2026-01-21 11:27:00,4.7,4.7,4.7,4.7,0,24.753301,468000,298.5,297.5
2026-01-21 11:28:00,4.7,4.7,4.7,4.7,0,24.571405,468000,298.55,297.5
2026-01-21 11:29:00,4.6,4.7,4.6,4.6,5850,24.839044,468000,298.3,297.5
2026-01-21 11:30:00,4.6,4.6,4.6,4.6,0,23.744703,468000,298.6,297.5
2026-01-21 11:31:00,4.6,4.6,4.6,4.6,0,23.560085,468000,298.65,297.5
2026-01-21 11:32:00,3.45,3.45,3.45,3.45,0,23.767672,3097575,298.85,300.0
2026-01-21 11:33:00,4.8,4.8,4.6,4.8,8775,24.854828,465075,298.65,297.5
2026-01-21 11:34:00,4.8,4.8,4.8,4.8,0,25.58997,465075,298.45,297.5
2026-01-21 11:35:00,4.8,4.8,4.8,4.8,0,25.226603,465075,298.55,297.5
2026-01-21 11:36:00,4.75,4.8,4.75,4.75,8775,24.350559,462150,298.7,297.5
2026-01-21 11:37:00,4.75,4.75,4.75,4.75,0,25.273089,462150,298.45,297.5
2026-01-21 11:38:00,4.55,4.75,4.55,4.55,2925,25.068257,468000,298.15,297.5
2026-01-21 11:39:00,4.35,4.55,4.35,4.35,11700,24.141773,468000,298.05,297.5
2026-01-21 11:40:00,4.35,4.35,4.35,4.35,0,23.42959,468000,298.25,297.5
2026-01-21 11:41:00,4.35,4.35,4.35,4.35,0,23.610862,476775,298.2,297.5
2026-01-21 11:42:00,4.35,4.35,4.35,4.35,0,23.07005,476775,298.35,297.5
2026-01-21 11:43:00,4.35,4.35,4.35,4.35,0,22.888767,476775,298.4,297.5
2026-01-21 11:44:00,4.35,4.35,4.35,4.35,17550,24.325563,479700,298.0,297.5
2026-01-21 11:45:00,4.45,4.45,4.35,4.45,11700,24.437556,479700,298.15,297.5
2026-01-21 11:46:00,4.4,4.45,4.4,4.4,2925,23.215409,479700,298.4,297.5
2026-01-21 11:47:00,4.4,4.4,4.4,4.4,5850,22.476654,479700,298.6,297.5
2026-01-21 11:48:00,4.4,4.4,4.4,4.4,0,24.299006,479700,298.1,297.5
2026-01-21 11:49:00,4.4,4.4,4.4,4.4,0,25.864205,479700,297.65,297.5
2026-01-21 11:50:00,4.4,4.4,4.4,4.4,0,25.865798,479700,297.65,297.5
2026-01-21 11:51:00,4.15,4.4,4.15,4.15,5850,23.0538,473850,298.0,297.5
2026-01-21 11:52:00,4.15,4.15,4.15,4.15,0,24.441283,473850,297.6,297.5
2026-01-21 11:53:00,4.15,4.15,4.15,4.15,0,24.272352,473850,297.65,297.5
2026-01-21 11:54:00,4.15,4.15,4.15,4.15,0,23.757815,473850,297.8,297.5
2026-01-21 11:55:00,4.15,4.15,4.15,4.15,0,23.932121,473850,297.75,297.5
2026-01-21 11:56:00,4.15,4.15,4.15,4.15,0,22.346826,473850,298.2,297.5
2026-01-21 11:57:00,4.15,4.15,4.15,4.15,0,20.869698,473850,298.6,297.5
2026-01-21 11:58:00,4.15,4.15,4.15,4.15,0,20.296757,473850,298.75,297.5
2026-01-21 11:59:00,4.15,4.15,4.15,4.15,0,21.435375,473850,298.45,297.5
2026-01-21 12:00:00,4.15,4.15,4.15,4.15,0,20.299399,479700,298.75,297.5
2026-01-21 12:01:00,3.5,3.5,3.35,3.5,52650,24.280175,3071250,298.8,300.0
2026-01-21 12:02:00,3.65,3.65,3.5,3.65,29250,24.466523,3068325,299.05,300.0
2026-01-21 12:03:00,3.8,3.8,3.65,3.8,49725,24.477456,3068325,299.35,300.0
2026-01-21 12:04:00,3.95,3.95,3.8,3.95,26325,24.627247,3068325,299.6,300.0
2026-01-21 12:05:00,3.9,3.95,3.9,3.9,38025,24.311994,3065400,299.6,300.0
2026-01-21 12:06:00,3.9,3.9,3.9,3.9,38025,24.475217,3065400,299.55,300.0
2026-01-21 12:07:00,3.9,3.9,3.9,3.9,0,25.748596,3065400,299.15,300.0
2026-01-21 12:08:00,3.9,3.9,3.9,3.9,0,23.827348,3062475,299.75,300.0
2026-01-21 12:09:00,3.95,3.95,3.9,3.95,87750,24.145695,3062475,299.75,300.0
2026-01-21 12:10:00,3.8,3.95,3.8,3.85,38025,24.164403,3062475,299.55,300.0
2026-01-21 12:11:00,3.8,3.85,3.8,3.8,40950,24.17054,3082950,299.45,300.0
2026-01-21 12:12:00,3.8,3.8,3.8,3.8,0,24.331856,3082950,299.4,300.0
2026-01-21 12:13:00,3.85,3.85,3.8,3.85,134550,24.490498,3082950,299.45,300.0
2026-01-21 12:14:00,3.9,3.9,3.85,3.9,2925,24.163115,3123900,299.65,300.0
2026-01-21 12:15:00,3.9,3.9,3.9,3.9,11700,24.649998,3123900,299.5,300.0
2026-01-21 12:16:00,3.9,3.9,3.9,3.9,0,24.812061,3123900,299.45,300.0
2026-01-21 12:17:00,3.9,3.9,3.9,3.9,29250,23.676196,3120975,299.8,300.0
2026-01-21 12:18:00,3.9,3.9,3.9,3.9,0,23.512461,3120975,299.85,300.0
2026-01-21 12:19:00,3.95,3.95,3.85,3.85,90675,24.016074,3120975,299.6,300.0
2026-01-21 12:20:00,3.9,3.9,3.85,3.9,14625,23.680623,3106350,299.8,300.0
2026-01-21 12:21:00,3.95,3.95,3.9,3.95,2925,24.653153,3106350,299.6,300.0
2026-01-21 12:22:00,3.8,3.95,3.8,3.8,17550,23.865311,3106350,299.55,300.0
2026-01-21 12:23:00,3.9,3.9,3.8,3.9,35100,23.353827,3097575,299.9,300.0
2026-01-21 12:24:00,3.9,3.9,3.9,3.9,0,24.178119,3097575,299.65,300.0
2026-01-21 12:25:00,3.9,3.9,3.9,3.9,0,25.462272,3097575,299.25,300.0
2026-01-21 12:26:00,3.9,3.9,3.9,3.9,0,25.305603,3085875,299.3,300.0
2026-01-21 12:27:00,3.55,3.9,3.55,3.55,70200,24.331557,3085875,298.9,300.0
2026-01-21 12:28:00,4.95,4.95,4.95,4.95,0,25.725759,453375,298.7,297.5
2026-01-21 12:29:00,4.6,4.95,4.6,4.6,2925,23.270187,453375,298.75,297.5
2026-01-21 12:30:00,3.35,3.35,3.35,3.35,0,22.910186,3085875,298.95,300.0
2026-01-21 12:31:00,3.5,3.5,3.35,3.5,43875,23.089049,3085875,299.2,300.0
2026-01-21 12:32:00,3.7,3.7,3.5,3.7,26325,24.673878,3082950,299.1,300.0
2026-01-21 12:33:00,3.5,3.7,3.5,3.5,225225,22.139214,3082950,299.5,300.0
2026-01-21 12:34:00,3.5,3.5,3.5,3.5,0,22.140603,3082950,299.5,300.0
2026-01-21 12:35:00,3.7,3.7,3.5,3.7,70200,23.411249,3138525,299.5,300.0
2026-01-21 12:36:00,3.7,3.7,3.7,3.7,0,22.763608,3138525,299.7,300.0
2026-01-21 12:37:00,4.0,4.0,3.7,4.0,46800,24.505103,3138525,299.75,300.0
2026-01-21 12:38:00,3.9,4.0,3.9,3.9,35100,24.199163,3144375,299.65,300.0
2026-01-21 12:39:00,4.0,4.0,3.9,4.0,14625,24.508149,3144375,299.75,300.0
2026-01-21 12:40:00,3.95,4.0,3.95,3.95,14625,24.356246,3144375,299.7,300.0
2026-01-21 12:41:00,4.0,4.0,3.95,4.0,11700,24.01521,3153150,299.9,300.0
2026-01-21 12:42:00,3.9,4.0,3.9,3.9,67275,24.851967,3153150,299.45,300.0
2026-01-21 12:43:00,3.95,3.95,3.9,3.95,26325,24.360789,3153150,299.7,300.0
2026-01-21 12:44:00,3.95,3.95,3.95,3.95,8775,24.525642,3179475,299.65,300.0
2026-01-21 12:45:00,3.95,3.95,3.95,3.95,29250,22.691075,3179475,300.2,300.0
2026-01-21 12:46:00,4.3,4.3,3.95,4.3,76050,24.404529,3179475,300.35,300.0
2026-01-21 12:47:00,4.3,4.3,4.3,4.3,0,24.23299,3150225,300.4,300.0
2026-01-21 12:48:00,4.3,4.3,4.3,4.3,0,22.45558,3150225,300.9,300.0
2026-01-21 12:49:00,3.4,3.4,3.05,3.4,140400,23.050025,1839825,301.45,302.5
2026-01-21 12:50:00,4.85,4.95,4.85,4.85,58500,24.702684,3109275,301.25,300.0
2026-01-21 12:51:00,3.45,3.55,3.45,3.5,114075,23.531311,1831050,301.5,302.5
2026-01-21 12:52:00,4.9,4.9,4.9,4.9,0,25.212972,3109275,301.2,300.0
2026-01-21 12:53:00,4.75,4.9,4.75,4.75,20475,24.434899,3106350,301.15,300.0
2026-01-21 12:54:00,4.75,4.75,4.75,4.75,11700,24.436444,3106350,301.15,300.0
2026-01-21 12:55:00,4.7,4.75,4.7,4.7,14625,25.030242,3106350,300.9,300.0
2026-01-21 12:56:00,4.7,4.7,4.7,4.7,0,25.211831,3115125,300.85,300.0
2026-01-21 12:57:00,4.55,4.7,4.55,4.55,23400,24.790003,3115125,300.7,300.0
2026-01-21 12:58:00,4.55,4.55,4.55,4.55,0,23.709342,3115125,301.0,300.0
2026-01-21 12:59:00,3.2,3.2,3.2,3.2,0,22.254429,1807650,301.3,302.5
2026-01-21 13:00:00,3.5,3.5,3.2,3.5,17550,23.236426,1807650,301.6,302.5
2026-01-21 13:01:00,3.6,3.6,3.5,3.6,8775,23.402066,1807650,301.75,302.5
2026-01-21 13:02:00,3.9,3.9,3.6,3.9,35100,24.02107,1822275,302.15,302.5
2026-01-21 13:03:00,3.9,3.9,3.9,3.9,43875,25.140081,1822275,301.8,302.5
2026-01-21 13:04:00,3.8,3.9,3.8,3.8,20475,24.194873,1822275,301.9,302.5
2026-01-21 13:05:00,3.8,3.8,3.8,3.8,26325,23.87784,1816425,302.0,302.5
2026-01-21 13:06:00,3.8,3.8,3.8,3.8,5850,24.197884,1816425,301.9,302.5
2026-01-21 13:07:00,3.55,3.8,3.55,3.55,17550,24.328963,1816425,301.35,302.5
2026-01-21 13:08:00,3.45,3.55,3.45,3.45,23400,23.697907,1816425,301.35,302.5
2026-01-21 13:09:00,4.95,4.95,4.8,4.95,20475,25.745882,3103425,301.15,300.0
2026-01-21 13:10:00,4.7,4.95,4.6,4.6,14625,24.773141,3103425,300.8,300.0
2026-01-21 13:11:00,4.6,4.6,4.6,4.6,0,24.594954,3100500,300.85,300.0
2026-01-21 13:12:00,4.6,4.6,4.6,4.6,0,23.868208,3100500,301.05,300.0
2026-01-21 13:13:00,4.6,4.6,4.6,4.6,0,24.053244,3100500,301.0,300.0
2026-01-21 13:14:00,4.6,4.6,4.6,4.6,0,23.87124,3100500,301.05,300.0
2026-01-21 13:15:00,4.65,4.65,4.6,4.65,11700,24.741152,3097575,300.9,300.0
2026-01-21 13:16:00,4.5,4.65,4.5,4.5,26325,23.780348,3097575,300.9,300.0
2026-01-21 13:17:00,4.4,4.5,4.4,4.4,17550,22.773107,3106350,301.0,300.0
2026-01-21 13:18:00,3.45,3.45,3.2,3.45,29250,23.407917,1781325,301.45,302.5
2026-01-21 13:19:00,3.45,3.45,3.45,3.45,0,23.714093,1781325,301.35,302.5
2026-01-21 13:20:00,4.75,4.75,4.7,4.75,5850,24.291114,3100500,301.2,300.0
2026-01-21 13:21:00,4.75,4.75,4.75,4.75,0,24.292655,3100500,301.2,300.0
2026-01-21 13:22:00,4.7,4.75,4.7,4.7,8775,24.526607,3100500,301.05,300.0
2026-01-21 13:23:00,4.7,4.7,4.7,4.7,0,23.973292,3100500,301.2,300.0
2026-01-21 13:24:00,4.7,4.7,4.7,4.7,0,24.894795,3100500,300.95,300.0
2026-01-21 13:25:00,4.7,4.7,4.7,4.7,0,25.61575,3100500,300.75,300.0
2026-01-21 13:26:00,4.7,4.7,4.7,4.7,0,25.259392,3100500,300.85,300.0
2026-01-21 13:27:00,4.5,4.7,4.5,4.5,2925,23.431387,3100500,301.0,300.0
2026-01-21 13:28:00,4.5,4.5,4.5,4.5,0,23.979809,3100500,300.85,300.0
2026-01-21 13:29:00,4.5,4.5,4.5,4.5,0,24.161738,3100500,300.8,300.0
2026-01-21 13:30:00,4.5,4.5,4.5,4.5,0,22.692223,3097575,301.2,300.0
2026-01-21 13:31:00,4.75,4.75,4.5,4.75,38025,24.678467,3097575,301.1,300.0
2026-01-21 13:32:00,4.5,4.75,4.5,4.5,14625,23.985892,3091725,300.85,300.0
2026-01-21 13:33:00,4.4,4.5,4.4,4.4,11700,23.345342,3091725,300.85,300.0
2026-01-21 13:34:00,4.35,4.4,4.35,4.35,14625,24.969867,3091725,300.3,300.0
2026-01-21 13:35:00,4.25,4.35,4.15,4.15,125775,24.209506,3106350,300.15,300.0
2026-01-21 13:36:00,3.95,4.15,3.95,3.95,46800,24.111879,3106350,299.8,300.0
2026-01-21 13:37:00,4.15,4.15,3.95,4.15,17550,23.698041,3106350,300.3,300.0
2026-01-21 13:38:00,4.1,4.15,4.1,4.1,20475,23.380312,3106350,300.3,300.0
2026-01-21 13:39:00,4.3,4.3,4.1,4.3,23400,25.172111,3115125,300.15,300.0
2026-01-21 13:40:00,4.1,4.3,4.1,4.1,5850,25.566588,3115125,299.65,300.0
2026-01-21 13:41:00,3.95,4.1,3.95,3.95,17550,25.100381,3115125,299.5,300.0
2026-01-21 13:42:00,3.8,3.95,3.8,3.8,2925,24.628127,3118050,299.35,300.0
2026-01-21 13:43:00,3.8,3.8,3.8,3.8,0,24.629662,3118050,299.35,300.0
2026-01-21 13:44:00,3.8,3.8,3.8,3.8,0,24.471257,3126825,299.4,300.0
2026-01-21 13:45:00,3.8,3.8,3.8,3.8,43875,24.312215,3126825,299.45,300.0
2026-01-21 13:46:00,3.8,3.8,3.8,3.8,0,24.474308,3126825,299.4,300.0
2026-01-21 13:47:00,3.8,3.8,3.8,3.8,0,24.475835,3132675,299.4,300.0
2026-01-21 13:48:00,3.8,3.8,3.8,3.8,0,24.955469,3132675,299.25,300.0
2026-01-21 13:49:00,3.75,3.8,3.75,3.75,32175,24.796315,3132675,299.2,300.0
2026-01-21 13:50:00,3.6,3.75,3.6,3.6,29250,24.621882,3129750,298.95,300.0
2026-01-21 13:51:00,3.55,3.6,3.55,3.55,8775,23.837523,3129750,299.1,300.0
2026-01-21 13:52:00,3.55,3.55,3.55,3.55,0,24.150569,3129750,299.0,300.0
2026-01-21 13:53:00,3.6,3.6,3.55,3.6,5850,24.78097,3129750,298.9,300.0
2026-01-21 13:54:00,3.55,3.6,3.55,3.55,11700,24.462913,3141450,298.9,300.0
2026-01-21 13:55:00,3.55,3.55,3.55,3.55,0,24.464433,3141450,298.9,300.0
2026-01-21 13:56:00,3.55,3.55,3.55,3.55,0,24.773148,3141450,298.8,300.0
2026-01-21 13:57:00,4.85,4.95,4.85,4.85,5850,25.219596,427050,298.7,297.5
2026-01-21 13:58:00,4.75,4.85,4.75,4.75,2925,24.943968,427050,298.6,297.5
2026-01-21 13:59:00,4.75,4.75,4.75,4.75,0,25.499087,427050,298.45,297.5
2026-01-21 14:00:00,4.75,4.75,4.75,4.75,0,26.226207,432900,298.25,297.5
2026-01-21 14:01:00,4.7,4.75,4.7,4.7,17550,25.178071,432900,298.45,297.5
2026-01-21 14:02:00,4.5,4.7,4.5,4.5,11700,24.792572,427050,298.2,297.5
2026-01-21 14:03:00,4.5,4.5,4.5,4.5,26325,25.50688,427050,298.0,297.5
2026-01-21 14:04:00,4.5,4.5,4.5,4.5,0,25.508484,427050,298.0,297.5
2026-01-21 14:05:00,4.5,4.5,4.5,4.5,0,25.510087,427050,298.0,297.5
2026-01-21 14:06:00,4.5,4.5,4.5,4.5,0,25.86322,429975,297.9,297.5
2026-01-21 14:07:00,4.3,4.5,4.3,4.3,38025,24.924344,429975,297.8,297.5
2026-01-21 14:08:00,4.3,4.3,4.3,4.3,5850,25.099492,429975,297.75,297.5
2026-01-21 14:09:00,4.35,4.35,4.3,4.35,2925,25.767965,450450,297.65,297.5
2026-01-21 14:10:00,4.35,4.35,4.35,4.35,0,26.281243,450450,297.5,297.5
2026-01-21 14:11:00,4.35,4.35,4.35,4.35,8775,25.942454,450450,297.6,297.5
2026-01-21 14:12:00,4.35,4.35,4.35,4.35,0,25.428057,450450,297.75,297.5
2026-01-21 14:13:00,4.35,4.35,4.35,4.35,0,25.081867,450450,297.85,297.5
2026-01-21 14:14:00,4.15,4.35,4.15,4.15,14625,24.315155,450450,297.7,297.5
2026-01-21 14:15:00,4.15,4.15,4.15,4.15,0,24.489115,450450,297.65,297.5
2026-01-21 14:16:00,4.15,4.15,4.15,4.15,0,25.17285,450450,297.45,297.5
2026-01-21 14:17:00,4.15,4.15,4.15,4.15,5850,21.813501,447525,298.4,297.5
2026-01-21 14:18:00,4.75,4.75,4.15,4.75,23400,26.613912,447525,298.15,297.5
2026-01-21 14:19:00,4.5,4.75,4.5,4.5,5850,24.275089,447525,298.35,297.5
2026-01-21 14:20:00,4.5,4.5,4.5,4.5,0,24.458947,447525,298.3,297.5
2026-01-21 14:21:00,4.55,4.55,4.5,4.55,5850,25.146089,453375,298.2,297.5
2026-01-21 14:22:00,4.55,4.55,4.55,4.55,0,26.211878,453375,297.9,297.5
2026-01-21 14:23:00,4.35,4.55,4.35,4.35,14625,25.618467,456300,297.7,297.5
2026-01-21 14:24:00,4.35,4.35,4.35,4.35,0,25.620077,456300,297.7,297.5
2026-01-21 14:25:00,4.35,4.35,4.35,4.35,0,25.448829,456300,297.75,297.5
2026-01-21 14:26:00,4.35,4.35,4.35,4.35,0,25.966812,456300,297.6,297.5
2026-01-21 14:27:00,4.35,4.35,4.35,4.35,0,26.309138,456300,297.5,297.5
2026-01-21 14:28:00,4.35,4.35,4.35,4.35,0,26.310783,456300,297.5,297.5
2026-01-21 14:29:00,4.1,4.35,4.1,4.1,29250,25.040171,456300,297.4,297.5
2026-01-21 14:30:00,4.1,4.1,4.1,4.1,11700,24.532845,473850,297.55,297.5
2026-01-21 14:31:00,4.3,4.3,4.1,4.3,14625,25.481115,473850,297.65,297.5
2026-01-21 14:32:00,4.3,4.3,4.3,4.3,0,25.310448,473850,297.7,297.5
2026-01-21 14:33:00,4.3,4.3,4.3,4.3,2925,24.261983,470925,298.0,297.5
2026-01-21 14:34:00,4.3,4.3,4.3,4.3,0,24.966786,470925,297.8,297.5
2026-01-21 14:35:00,4.3,4.3,4.3,4.3,0,24.793761,470925,297.85,297.5
2026-01-21 14:36:00,4.3,4.3,4.3,4.3,0,24.266604,476775,298.0,297.5
2026-01-21 14:37:00,4.3,4.3,4.3,4.3,0,23.731646,476775,298.15,297.5
2026-01-21 14:38:00,4.3,4.3,4.3,4.3,0,23.912898,473850,298.1,297.5
2026-01-21 14:39:00,4.3,4.3,4.3,4.3,0,22.821583,473850,298.4,297.5
2026-01-21 14:40:00,4.3,4.3,4.3,4.3,0,22.823053,473850,298.4,297.5
2026-01-21 14:41:00,3.3,3.45,3.3,3.45,55575,24.201111,3100500,298.8,300.0
2026-01-21 14:42:00,4.3,4.3,4.3,4.3,0,22.076608,470925,298.6,297.5
2026-01-21 14:43:00,4.75,4.75,4.3,4.75,29250,24.451887,470925,298.75,297.5
2026-01-21 14:44:00,4.6,4.75,4.6,4.6,17550,23.472261,470925,298.75,297.5
2026-01-21 14:45:00,4.6,4.6,4.6,4.6,0,23.852718,470925,298.65,297.5
2026-01-21 14:46:00,3.5,3.55,3.5,3.55,55575,24.850277,3074175,298.8,300.0
2026-01-21 14:47:00,3.6,3.6,3.55,3.6,35100,24.553967,3047850,299.0,300.0
2026-01-21 14:48:00,4.8,4.8,4.6,4.8,5850,24.97509,473850,298.7,297.5
2026-01-21 14:49:00,3.65,3.65,3.55,3.65,20475,24.721221,3047850,299.05,300.0
2026-01-21 14:50:00,3.65,3.65,3.65,3.65,20475,24.722765,3050775,299.05,300.0
2026-01-21 14:51:00,3.85,3.85,3.65,3.85,78975,25.53239,3050775,299.2,300.0
2026-01-21 14:52:00,3.8,3.85,3.8,3.85,5850,25.533983,3050775,299.2,300.0
2026-01-21 14:53:00,3.8,3.85,3.8,3.8,23400,25.531256,3050775,299.1,300.0
2026-01-21 14:54:00,3.8,3.8,3.8,3.8,5850,24.417559,3024450,299.45,300.0
2026-01-21 14:55:00,3.8,3.8,3.8,3.8,0,24.419092,3024450,299.45,300.0
2026-01-21 14:56:00,3.95,4.0,3.8,4.0,96525,25.8612,3024450,299.4,300.0
2026-01-21 14:57:00,3.9,4.0,3.9,3.9,35100,26.49207,3027375,299.0,300.0
2026-01-21 14:58:00,3.85,3.9,3.85,3.85,26325,25.701801,3027375,299.15,300.0
2026-01-21 14:59:00,3.75,3.85,3.75,3.75,58500,25.53392,3027375,299.0,300.0
2026-01-21 15:00:00,3.6,3.75,3.6,3.6,55575,24.261101,3024450,299.1,300.0
2026-01-21 15:01:00,3.8,3.8,3.6,3.8,14625,25.386363,3024450,299.15,300.0
2026-01-21 15:02:00,3.7,3.8,3.65,3.65,11700,24.897588,3012750,299.0,300.0
2026-01-21 15:03:00,3.65,3.65,3.65,3.65,23400,24.742881,3012750,299.05,300.0
2026-01-21 15:04:00,3.75,3.75,3.65,3.75,23400,24.112961,3012750,299.45,300.0
2026-01-21 15:05:00,3.75,3.75,3.75,3.75,0,23.952658,2995200,299.5,300.0
2026-01-21 15:06:00,3.75,3.75,3.75,3.75,73125,25.07395,2995200,299.15,300.0
2026-01-21 15:07:00,3.8,3.8,3.75,3.8,14625,24.759386,2995200,299.35,300.0
2026-01-21 15:08:00,3.75,3.8,3.75,3.75,29250,24.600789,2995200,299.3,300.0
2026-01-21 15:09:00,3.7,3.75,3.7,3.7,2925,24.915795,3001050,299.1,300.0
2026-01-21 15:10:00,3.6,3.7,3.6,3.6,17550,24.276338,3001050,299.1,300.0
2026-01-21 15:11:00,3.55,3.6,3.55,3.55,14625,24.889072,3001050,298.8,300.0
2026-01-21 15:12:00,3.5,3.55,3.5,3.5,26325,24.415574,3006900,298.85,300.0
2026-01-21 15:13:00,3.5,3.5,3.5,3.5,0,24.570905,3006900,298.8,300.0
2026-01-21 15:14:00,4.75,4.95,4.75,4.75,5850,24.689676,479700,298.7,297.5
2026-01-21 15:15:00,4.75,4.75,4.75,4.75,0,24.691257,479700,298.7,297.5
2026-01-21 15:16:00,3.45,3.45,3.4,3.45,5850,24.254168,3001050,298.8,300.0
2026-01-21 15:17:00,3.45,3.45,3.45,3.45,0,23.481606,3001050,299.05,300.0
2026-01-21 15:18:00,3.7,3.7,3.45,3.7,26325,24.772239,2954250,299.15,300.0
2026-01-21 15:19:00,3.65,3.7,3.65,3.65,5850,24.610741,2954250,299.1,300.0
2026-01-21 15:20:00,3.65,3.65,3.65,3.65,0,24.296627,2954250,299.2,300.0
2026-01-21 15:21:00,3.65,3.65,3.65,3.65,43875,24.456286,2954250,299.15,300.0
2026-01-21 15:22:00,3.55,3.65,3.55,3.55,17550,24.286909,2954250,299.0,300.0
2026-01-21 15:23:00,3.55,3.6,3.55,3.6,35100,24.138703,2954250,299.15,300.0
2026-01-21 15:24:00,3.6,3.6,3.55,3.55,8775,24.133737,2939625,299.05,300.0
2026-01-21 15:25:00,3.6,3.6,3.55,3.6,32175,24.141743,2939625,299.15,300.0
2026-01-21 15:26:00,3.6,3.6,3.6,3.6,17550,23.50723,2939625,299.35,300.0
2026-01-21 15:27:00,3.65,3.65,3.6,3.65,5850,23.507249,2936700,299.45,300.0
2026-01-21 15:28:00,3.65,3.65,3.65,3.65,0,24.308867,2936700,299.2,300.0
2026-01-21 15:29:00,3.65,3.65,3.6,3.6,67275,23.830997,2936700,299.25,300.0
2026-01-22 09:16:00,3.0,3.7,3.0,3.5,40950,20.824847,1793025,302.85,302.5
2026-01-22 09:17:00,3.8,4.05,3.5,4.05,35100,21.085642,1793025,303.75,302.5
2026-01-22 09:18:00,4.2,4.2,4.05,4.2,29250,23.119504,1793025,303.5,302.5
2026-01-22 09:19:00,3.0,3.05,3.0,3.0,87750,21.608183,3679650,304.1,305.0
2026-01-22 09:20:00,3.2,3.25,3.0,3.25,178425,21.108339,3679650,304.75,305.0
2026-01-22 09:21:00,3.7,3.7,3.25,3.6,318825,22.049623,3679650,305.15,305.0
2026-01-22 09:22:00,3.75,3.75,3.6,3.75,140400,23.239213,3533400,305.1,305.0
2026-01-22 09:23:00,4.25,4.25,3.75,4.25,605475,22.277083,3533400,306.25,305.0
2026-01-22 09:24:00,3.95,4.25,3.95,3.95,155025,22.572547,3533400,305.65,305.0
2026-01-22 09:25:00,3.85,3.95,3.85,3.85,90675,22.086347,3258450,305.6,305.0
2026-01-22 09:26:00,4.1,4.1,3.85,4.1,96525,21.456422,3258450,306.2,305.0
2026-01-22 09:27:00,4.2,4.2,4.1,4.2,134550,22.930872,3258450,306.0,305.0
2026-01-22 09:28:00,4.2,4.2,4.2,4.2,105300,22.932544,3197025,306.0,305.0
2026-01-22 09:29:00,4.25,4.25,4.1,4.1,55575,22.642761,3197025,305.9,305.0
2026-01-22 09:30:00,3.0,3.1,3.0,3.0,43875,21.437211,1123200,306.6,307.5
2026-01-22 09:31:00,3.4,3.4,3.0,3.4,210600,23.783907,1146600,306.7,307.5
2026-01-22 09:32:00,3.25,3.4,3.25,3.25,125775,23.433023,1146600,306.5,307.5
2026-01-22 09:33:00,3.4,3.4,3.25,3.4,87750,23.950722,1146600,306.65,307.5
2026-01-22 09:34:00,3.45,3.45,3.4,3.4,58500,24.760283,1126125,306.4,307.5
2026-01-22 09:35:00,3.55,3.55,3.4,3.55,125775,24.462558,1126125,306.8,307.5
2026-01-22 09:36:00,3.6,3.6,3.55,3.6,67275,24.632166,1126125,306.85,307.5
2026-01-22 09:37:00,3.6,3.6,3.6,3.6,49725,25.1292,1096875,306.7,307.5
2026-01-22 09:38:00,3.6,3.6,3.55,3.55,35100,25.124098,1096875,306.6,307.5
2026-01-22 09:39:00,3.7,3.7,3.55,3.7,26325,25.635733,1096875,306.75,307.5
2026-01-22 09:40:00,3.9,3.9,3.7,3.9,93600,26.138644,1082250,307.0,307.5
2026-01-22 09:41:00,3.65,3.9,3.65,3.65,73125,25.140391,1082250,306.8,307.5
2026-01-22 09:42:00,3.6,3.65,3.6,3.6,128700,25.138108,1082250,306.7,307.5
2026-01-22 09:43:00,3.65,3.65,3.6,3.65,43875,24.978099,1064700,306.85,307.5
2026-01-22 09:44:00,3.7,4.0,3.65,4.0,84825,25.962887,1064700,307.25,307.5
2026-01-22 09:45:00,4.2,4.2,4.0,4.15,81900,24.852881,1064700,307.85,307.5
2026-01-22 09:46:00,4.2,4.2,4.15,4.2,55575,26.433678,1020825,307.5,307.5
2026-01-22 09:47:00,3.9,4.2,3.9,3.9,52650,25.982889,1020825,307.05,307.5
2026-01-22 09:48:00,3.65,3.9,3.65,3.65,38025,24.485323,1020825,307.0,307.5
2026-01-22 09:49:00,4.0,4.0,3.65,4.0,108225,25.104302,1000350,307.5,307.5
2026-01-22 09:50:00,4.1,4.2,4.0,4.2,26325,25.55589,1000350,307.75,307.5
2026-01-22 09:51:00,4.2,4.2,4.15,4.15,29250,25.757293,1000350,307.6,307.5
2026-01-22 09:52:00,4.0,4.15,4.0,4.0,29250,25.459068,962325,307.4,307.5
2026-01-22 09:53:00,4.0,4.05,4.0,4.05,20475,25.794635,962325,307.4,307.5
2026-01-22 09:54:00,3.8,4.05,3.8,3.8,32175,25.158943,962325,307.1,307.5
2026-01-22 09:55:00,3.55,3.8,3.55,3.55,78975,24.827156,1000350,306.7,307.5
2026-01-22 09:56:00,3.5,3.55,3.5,3.5,58500,24.165151,1000350,306.8,307.5
2026-01-22 09:57:00,3.6,3.6,3.5,3.6,2925,24.669021,1000350,306.85,307.5
2026-01-22 09:58:00,3.4,3.6,3.4,3.4,11700,23.168472,1000350,306.9,307.5
2026-01-22 09:59:00,3.5,3.5,3.4,3.5,29250,24.335474,985725,306.75,307.5
2026-01-22 10:00:00,3.4,3.5,3.4,3.4,26325,23.668841,985725,306.75,307.5
2026-01-22 10:01:00,3.35,3.4,3.35,3.35,11700,23.500573,962325,306.7,307.5
2026-01-22 10:02:00,3.3,3.35,3.3,3.3,102375,24.139359,962325,306.4,307.5
2026-01-22 10:03:00,3.3,3.3,3.3,3.3,0,23.980707,962325,306.45,307.5
2026-01-22 10:04:00,3.3,3.3,3.3,3.3,0,23.659846,1000350,306.55,307.5
2026-01-22 10:05:00,3.3,3.3,3.3,3.3,0,22.511975,1000350,306.9,307.5
2026-01-22 10:06:00,3.3,3.3,3.3,3.3,239850,23.01037,1000350,306.75,307.5
2026-01-22 10:07:00,3.2,3.3,3.2,3.2,14625,22.50734,968175,306.7,307.5
2026-01-22 10:08:00,3.25,3.25,3.2,3.25,40950,22.514485,968175,306.8,307.5
2026-01-22 10:09:00,3.1,3.25,3.1,3.1,20475,22.490002,968175,306.5,307.5
2026-01-22 10:10:00,3.1,3.1,3.1,3.1,38025,22.330509,962325,306.55,307.5
2026-01-22 10:11:00,3.25,3.25,3.1,3.25,11700,22.848361,962325,306.7,307.5
2026-01-22 10:12:00,3.25,3.25,3.25,3.25,0,22.189121,962325,306.9,307.5
2026-01-22 10:13:00,3.35,3.35,3.25,3.35,52650,23.025651,936000,306.85,307.5
2026-01-22 10:14:00,3.35,3.35,3.25,3.25,32175,22.524225,936000,306.8,307.5
2026-01-22 10:15:00,3.3,3.3,3.25,3.3,11700,22.361108,936000,306.95,307.5
2026-01-22 10:16:00,3.35,3.35,3.3,3.35,5850,23.36145,933075,306.75,307.5
2026-01-22 10:17:00,3.2,3.35,3.2,3.2,81900,22.359438,933075,306.75,307.5
2026-01-22 10:18:00,2.95,3.2,2.95,2.95,111150,22.135197,933075,306.3,307.5
2026-01-22 10:19:00,4.55,4.55,4.55,4.55,0,26.72945,2290275,305.65,305.0
2026-01-22 10:20:00,3.9,4.55,3.9,3.9,181350,21.752298,2290275,305.8,305.0
2026-01-22 10:21:00,3.9,3.9,3.9,3.9,0,21.560393,2290275,305.85,305.0
2026-01-22 10:22:00,4.0,4.0,3.9,4.0,26325,21.260916,2301975,306.1,305.0
2026-01-22 10:23:00,3.95,4.0,3.95,3.95,38025,21.709961,2301975,305.9,305.0
2026-01-22 10:24:00,3.95,3.95,3.95,3.95,5850,21.319042,2301975,306.0,305.0
2026-01-22 10:25:00,3.95,3.95,3.95,3.95,0,21.320625,2299050,306.0,305.0
2026-01-22 10:26:00,3.0,3.0,2.8,3.0,14625,22.166661,1053000,306.4,307.5
2026-01-22 10:27:00,4.1,4.1,4.1,4.1,40950,22.349121,2299050,306.0,305.0
2026-01-22 10:28:00,4.1,4.1,4.1,4.1,0,21.955714,2299050,306.1,305.0
2026-01-22 10:29:00,4.05,4.1,4.05,4.05,32175,21.813424,2293200,306.05,305.0
2026-01-22 10:30:00,3.9,4.05,3.9,3.9,67275,22.531143,2293200,305.6,305.0
2026-01-22 10:31:00,3.7,3.9,3.7,3.7,20475,21.924331,2293200,305.4,305.0
2026-01-22 10:32:00,3.3,3.7,3.3,3.3,49725,18.837584,2258100,305.5,305.0
2026-01-22 10:33:00,3.7,3.7,3.3,3.7,64350,20.214249,2258100,305.85,305.0
2026-01-22 10:34:00,2.9,2.9,2.6,2.9,26325,21.188085,1044225,306.5,307.5
2026-01-22 10:35:00,3.0,3.0,2.9,3.0,93600,22.49862,1044225,306.3,307.5
2026-01-22 10:36:00,3.1,3.1,3.0,3.1,8775,22.694453,1044225,306.45,307.5
2026-01-22 10:37:00,3.2,3.2,3.1,3.2,58500,22.556082,1114425,306.7,307.5
2026-01-22 10:38:00,4.4,4.4,4.2,4.2,67275,22.057175,2220075,306.25,305.0
2026-01-22 10:39:00,3.95,4.2,3.95,3.95,11700,21.735716,2220075,305.9,305.0
2026-01-22 10:40:00,3.9,3.95,3.9,3.9,26325,21.590771,2220075,305.85,305.0
2026-01-22 10:41:00,3.95,3.95,3.9,3.95,17550,20.746637,2220075,306.15,305.0
2026-01-22 10:42:00,4.1,4.1,3.95,4.1,14625,21.978537,2220075,306.1,305.0
2026-01-22 10:43:00,3.0,3.0,2.95,3.0,8775,22.511576,1111500,306.3,307.5
2026-01-22 10:44:00,4.1,4.1,4.1,4.1,0,22.377216,2205450,306.0,305.0
2026-01-22 10:45:00,4.05,4.1,4.05,4.05,70200,22.233146,2205450,305.95,305.0
2026-01-22 10:46:00,4.05,4.05,4.05,4.05,0,22.038518,2205450,306.0,305.0
2026-01-22 10:47:00,4.05,4.05,4.05,4.05,0,22.236434,2196675,305.95,305.0
2026-01-22 10:48:00,4.0,4.05,4.0,4.0,81900,21.896292,2196675,305.95,305.0
2026-01-22 10:49:00,4.0,4.0,4.0,4.0,0,22.0934,2196675,305.9,305.0
2026-01-22 10:50:00,4.0,4.0,4.0,4.0,0,22.67435,2179125,305.75,305.0
2026-01-22 10:51:00,3.8,4.0,3.8,3.8,14625,20.925297,2179125,305.85,305.0
2026-01-22 10:52:00,3.95,3.95,3.8,3.95,43875,21.951377,2173275,305.85,305.0
2026-01-22 10:53:00,3.7,3.95,3.7,3.7,70200,20.827215,2173275,305.7,305.0
2026-01-22 10:54:00,3.8,3.8,3.7,3.8,17550,20.929983,2173275,305.85,305.0
2026-01-22 10:55:00,3.8,3.8,3.8,3.8,35100,21.70285,2120625,305.65,305.0
2026-01-22 10:56:00,3.65,3.8,3.65,3.65,11700,20.490915,2120625,305.7,305.0
2026-01-22 10:57:00,3.6,3.65,3.6,3.6,20475,20.913716,2120625,305.5,305.0
2026-01-22 10:58:00,3.6,3.6,3.6,3.6,0,21.102901,2106000,305.45,305.0
2026-01-22 10:59:00,3.6,3.6,3.6,3.6,32175,21.844142,2106000,305.25,305.0
2026-01-22 11:00:00,3.45,3.6,3.45,3.45,64350,19.89834,2106000,305.5,305.0
2026-01-22 11:01:00,3.6,3.6,3.45,3.6,49725,21.847357,2106000,305.25,305.0
2026-01-22 11:02:00,3.6,3.6,3.6,3.6,20475,21.66559,2088450,305.3,305.0
2026-01-22 11:03:00,3.75,3.75,3.6,3.75,52650,21.942539,2088450,305.5,305.0
2026-01-22 11:04:00,3.6,3.75,3.6,3.6,11700,21.484363,2088450,305.35,305.0
2026-01-22 11:05:00,3.55,3.6,3.55,3.55,20475,21.697487,2067975,305.2,305.0
2026-01-22 11:06:00,3.5,3.55,3.15,3.15,163800,22.462619,2067975,304.2,305.0
2026-01-22 11:07:00,3.25,3.25,3.15,3.25,14625,22.47295,2047500,304.4,305.0
2026-01-22 11:08:00,3.35,3.35,3.25,3.35,32175,22.298232,2047500,304.65,305.0
2026-01-22 11:09:00,3.45,3.45,3.35,3.45,8775,21.925995,2047500,304.95,305.0
2026-01-22 11:10:00,3.45,3.45,3.45,3.45,8775,21.027748,2041650,305.2,305.0
2026-01-22 11:11:00,3.6,3.6,3.45,3.6,17550,22.045922,2041650,305.2,305.0
2026-01-22 11:12:00,3.5,3.6,3.5,3.5,5850,22.79783,2041650,304.8,305.0
2026-01-22 11:13:00,3.4,3.5,3.4,3.4,11700,22.297769,2041650,304.75,305.0
2026-01-22 11:14:00,3.4,3.4,3.4,3.4,2925,22.124778,2038725,304.8,305.0
2026-01-22 11:15:00,3.55,3.55,3.4,3.55,17550,22.075872,2038725,305.1,305.0
2026-01-22 11:16:00,3.55,3.55,3.55,3.55,0,21.89678,2038725,305.15,305.0
2026-01-22 11:17:00,3.55,3.55,3.55,3.55,0,22.258896,2029950,305.05,305.0
2026-01-22 11:18:00,3.6,3.6,3.55,3.6,29250,22.419453,2029950,305.1,305.0
2026-01-22 11:19:00,3.65,3.65,3.6,3.65,8775,23.472871,2027025,304.9,305.0
2026-01-22 11:20:00,3.75,3.75,3.65,3.75,11700,23.07744,2027025,305.2,305.0
2026-01-22 11:21:00,3.8,3.8,3.75,3.8,99450,23.958583,2027025,305.05,305.0
2026-01-22 11:22:00,3.95,3.95,3.8,3.95,14625,24.797063,2000700,305.1,305.0
2026-01-22 11:23:00,3.95,3.95,3.95,3.95,0,25.686253,2000700,304.85,305.0
2026-01-22 11:24:00,3.95,3.95,3.95,3.95,0,27.409334,2000700,304.35,305.0
2026-01-22 11:25:00,3.55,3.95,3.55,3.55,38025,24.702424,1994850,304.35,305.0
2026-01-22 11:26:00,3.55,3.55,3.55,3.55,20475,24.704206,1994850,304.35,305.0
2026-01-22 11:27:00,3.5,3.55,3.5,3.5,8775,24.02926,1994850,304.45,305.0
2026-01-22 11:28:00,3.3,3.5,3.3,3.3,64350,24.010371,1994850,304.05,305.0
2026-01-22 11:29:00,3.25,3.3,3.25,3.25,2925,23.999298,2024100,303.95,305.0
2026-01-22 11:30:00,3.2,3.25,3.2,3.2,35100,24.146123,2024100,303.8,305.0
2026-01-22 11:31:00,3.2,3.2,3.2,3.2,0,23.336806,2029950,304.05,305.0
2026-01-22 11:32:00,3.45,3.45,3.2,3.45,23400,24.87065,2029950,304.1,305.0
2026-01-22 11:33:00,3.45,3.45,3.45,3.45,0,24.707066,2029950,304.15,305.0
2026-01-22 11:34:00,3.5,3.5,3.45,3.5,8775,25.048002,2035800,304.15,305.0
2026-01-22 11:35:00,3.5,3.5,3.5,3.5,0,25.049803,2035800,304.15,305.0
2026-01-22 11:36:00,3.45,3.5,3.45,3.45,26325,24.7124,2035800,304.15,305.0
2026-01-22 11:37:00,3.45,3.45,3.45,3.45,0,24.879592,2035800,304.1,305.0
2026-01-22 11:38:00,3.55,3.55,3.45,3.55,35100,25.394444,2038725,304.15,305.0
2026-01-22 11:39:00,3.45,3.55,3.45,3.45,14625,25.538779,2038725,303.9,305.0
2026-01-22 11:40:00,3.4,3.45,3.4,3.4,11700,25.362975,2035800,303.85,305.0
2026-01-22 11:41:00,4.65,4.8,4.65,4.65,8775,26.077251,1676025,303.6,302.5
2026-01-22 11:42:00,4.65,4.65,4.65,4.65,0,26.275475,1676025,303.55,302.5
2026-01-22 11:43:00,4.5,4.65,4.5,4.5,2925,25.044908,1676025,303.6,302.5
2026-01-22 11:44:00,4.4,4.5,4.4,4.4,5850,24.55335,1670175,303.55,302.5
2026-01-22 11:45:00,4.4,4.4,4.4,4.4,2925,25.336549,1670175,303.35,302.5
2026-01-22 11:46:00,4.4,4.4,4.4,4.4,0,25.144625,1670175,303.4,302.5
2026-01-22 11:47:00,4.4,4.4,4.4,4.4,0,25.146463,1670175,303.4,302.5
2026-01-22 11:48:00,4.4,4.4,4.4,4.4,14625,24.757566,1670175,303.5,302.5
2026-01-22 11:49:00,4.6,4.6,4.4,4.6,26325,25.549305,1670175,303.65,302.5
2026-01-22 11:50:00,3.4,3.4,3.2,3.4,38025,24.728048,2038725,304.05,305.0
2026-01-22 11:51:00,3.45,3.45,3.4,3.45,23400,25.069598,2038725,304.05,305.0
2026-01-22 11:52:00,3.4,3.45,3.4,3.4,17550,25.059402,2038725,303.95,305.0
2026-01-22 11:53:00,3.45,3.45,3.4,3.45,14625,25.073204,2035800,304.05,305.0
2026-01-22 11:54:00,3.45,3.45,3.45,3.45,0,24.910056,2035800,304.1,305.0
2026-01-22 11:55:00,3.45,3.45,3.45,3.45,0,25.241169,2035800,304.0,305.0
2026-01-22 11:56:00,3.4,3.45,3.4,3.4,23400,24.902979,2029950,304.0,305.0
2026-01-22 11:57:00,3.5,3.5,3.4,3.5,2925,25.255216,2029950,304.1,305.0
2026-01-22 11:58:00,3.5,3.5,3.5,3.5,11700,26.238861,2029950,303.8,305.0
2026-01-22 11:59:00,3.4,3.5,3.4,3.4,8775,25.559473,2029950,303.8,305.0
2026-01-22 12:00:00,4.7,4.7,4.7,4.7,0,26.063451,1632150,303.7,302.5
2026-01-22 12:01:00,3.45,3.45,3.4,3.45,26325,24.756982,2029950,304.15,305.0
2026-01-22 12:02:00,3.85,3.85,3.45,3.85,38025,25.255864,2018250,304.8,305.0
2026-01-22 12:03:00,3.95,3.95,3.85,3.95,76050,25.936152,2018250,304.8,305.0
2026-01-22 12:04:00,3.85,3.95,3.85,3.85,81900,27.647188,2018250,304.1,305.0
2026-01-22 12:05:00,3.75,3.85,3.75,3.75,40950,27.300266,2000700,304.0,305.0
2026-01-22 12:06:00,3.75,3.75,3.75,3.75,61425,26.971304,2000700,304.1,305.0
2026-01-22 12:07:00,3.75,3.75,3.75,3.75,2925,26.806906,2000700,304.15,305.0
2026-01-22 12:08:00,3.75,3.75,3.75,3.75,0,26.808825,2000700,304.15,305.0
2026-01-22 12:09:00,3.75,3.75,3.75,3.75,0,26.476262,1991925,304.25,305.0
2026-01-22 12:10:00,3.65,3.75,3.65,3.7,46800,26.969793,1991925,304.0,305.0
2026-01-22 12:11:00,3.75,3.75,3.7,3.75,5850,26.647631,2000700,304.2,305.0
2026-01-22 12:12:00,3.75,3.75,3.75,3.75,0,25.463202,2000700,304.55,305.0
2026-01-22 12:13:00,3.9,3.9,3.75,3.9,20475,26.996191,2000700,304.4,305.0
2026-01-22 12:14:00,3.8,3.9,3.8,3.8,14625,26.148711,1994850,304.45,305.0
2026-01-22 12:15:00,3.8,3.8,3.8,3.8,32175,26.827527,1994850,304.25,305.0
2026-01-22 12:16:00,3.8,3.8,3.8,3.8,0,26.661152,1994850,304.3,305.0
2026-01-22 12:17:00,3.8,3.8,3.8,3.8,0,25.983505,1991925,304.5,305.0
2026-01-22 12:18:00,4.05,4.05,3.8,4.05,49725,27.166431,1991925,304.65,305.0
2026-01-22 12:19:00,4.15,4.15,4.05,4.15,8775,27.324483,1991925,304.8,305.0
2026-01-22 12:20:00,4.15,4.15,4.15,4.15,0,26.797218,1986075,304.95,305.0
2026-01-22 12:21:00,4.25,4.25,4.15,4.25,17550,27.300786,1986075,305.0,305.0
2026-01-22 12:22:00,4.25,4.25,4.25,4.25,11700,27.83397,1986075,304.85,305.0
2026-01-22 12:23:00,4.15,4.25,4.15,4.15,32175,27.855522,1974375,304.65,305.0
2026-01-22 12:24:00,4.15,4.15,4.15,4.15,38025,27.509391,1974375,304.75,305.0
2026-01-22 12:25:00,4.2,4.2,4.15,4.2,23400,27.323831,1974375,304.9,305.0
2026-01-22 12:26:00,4.25,4.25,4.2,4.25,8775,28.017714,1971450,304.8,305.0
2026-01-22 12:27:00,4.25,4.25,4.0,4.0,207675,26.844293,1971450,304.65,305.0
2026-01-22 12:28:00,4.0,4.0,4.0,4.0,0,24.52955,1971450,305.3,305.0
2026-01-22 12:29:00,4.25,4.25,4.0,4.25,143325,25.681542,1962675,305.45,305.0
2026-01-22 12:30:00,4.3,4.3,4.25,4.3,5850,26.024259,1962675,305.45,305.0
2026-01-22 12:31:00,4.25,4.3,4.25,4.25,14625,26.420025,1962675,305.25,305.0
2026-01-22 12:32:00,4.3,4.3,4.25,4.3,17550,26.762303,1959750,305.25,305.0
2026-01-22 12:33:00,4.3,4.3,4.3,4.3,0,26.029953,1959750,305.45,305.0
2026-01-22 12:34:00,4.4,4.4,4.3,4.4,20475,26.528233,1959750,305.5,305.0
2026-01-22 12:35:00,4.45,4.45,4.4,4.45,2925,27.424409,1974375,305.35,305.0
2026-01-22 12:36:00,4.2,4.45,4.2,4.2,5850,26.811608,1974375,305.05,305.0
2026-01-22 12:37:00,4.2,4.2,4.2,4.2,0,27.524061,1974375,304.85,305.0
2026-01-22 12:38:00,4.1,4.2,4.1,4.1,29250,27.545585,1959750,304.65,305.0
2026-01-22 12:39:00,3.8,4.1,3.8,3.8,55575,26.705326,1959750,304.3,305.0
2026-01-22 12:40:00,3.8,3.8,3.8,3.8,23400,27.709654,1959750,304.0,305.0
2026-01-22 12:41:00,3.8,3.8,3.8,3.8,2925,27.711641,1983150,304.0,305.0
2026-01-22 12:42:00,3.85,3.85,3.8,3.85,8775,27.722484,1983150,304.1,305.0
2026-01-22 12:43:00,4.0,4.0,3.85,4.0,35100,27.393066,1983150,304.5,305.0
2026-01-22 12:44:00,4.2,4.2,4.0,4.2,20475,28.063786,1977300,304.7,305.0
2026-01-22 12:45:00,4.2,4.2,4.2,4.2,0,27.185971,1977300,304.95,305.0
2026-01-22 12:46:00,4.45,4.45,4.2,4.45,49725,28.532689,1977300,305.05,305.0
2026-01-22 12:47:00,4.25,4.45,4.25,4.25,20475,28.410024,1965600,304.7,305.0
2026-01-22 12:48:00,4.25,4.25,4.25,4.25,29250,28.759448,1965600,304.6,305.0
2026-01-22 12:49:00,4.25,4.25,4.25,4.25,0,27.888166,1965600,304.85,305.0
2026-01-22 12:50:00,4.35,4.35,4.25,4.35,2925,28.39408,1942200,304.9,305.0
2026-01-22 12:51:00,4.35,4.35,4.35,4.35,38025,28.21882,1942200,304.95,305.0
2026-01-22 12:52:00,4.3,4.35,4.3,4.3,20475,28.057846,1942200,304.9,305.0
2026-01-22 12:53:00,4.3,4.3,4.3,4.3,11700,28.059871,1953900,304.9,305.0
2026-01-22 12:54:00,4.4,4.4,4.3,4.4,8775,28.919282,1953900,304.85,305.0
2026-01-22 12:55:00,4.2,4.4,4.2,4.2,29250,28.433527,1953900,304.6,305.0
2026-01-22 12:56:00,4.2,4.2,4.2,4.2,14625,28.435572,1936350,304.6,305.0
2026-01-22 12:57:00,4.3,4.3,4.2,4.3,23400,28.770875,1936350,304.7,305.0
2026-01-22 12:58:00,4.2,4.3,4.2,4.2,14625,28.266207,1936350,304.65,305.0
2026-01-22 12:59:00,4.2,4.2,4.2,4.2,0,28.268241,1936350,304.65,305.0
2026-01-22 13:00:00,4.2,4.2,4.2,4.2,0,28.096154,1936350,304.7,305.0
2026-01-22 13:01:00,4.1,4.2,4.1,4.1,5850,28.452307,1921725,304.4,305.0
2026-01-22 13:02:00,4.05,4.1,4.05,4.05,5850,28.113673,1918800,304.4,305.0
2026-01-22 13:03:00,4.0,4.15,4.0,4.15,29250,28.10935,1918800,304.6,305.0
2026-01-22 13:04:00,4.1,4.15,4.1,4.1,11700,27.597305,1918800,304.65,305.0
2026-01-22 13:05:00,4.1,4.1,4.1,4.1,0,28.117885,1918800,304.5,305.0
2026-01-22 13:06:00,4.1,4.1,4.1,4.1,0,27.774808,1918800,304.6,305.0
2026-01-22 13:07:00,4.1,4.1,4.1,4.1,0,27.949689,1918800,304.55,305.0
2026-01-22 13:08:00,4.1,4.1,4.1,4.1,0,27.951712,1918800,304.55,305.0
2026-01-22 13:09:00,4.1,4.1,4.1,4.1,0,28.125992,1918800,304.5,305.0
2026-01-22 13:10:00,4.0,4.1,4.0,4.0,23400,28.969158,1904175,304.05,305.0
2026-01-22 13:11:00,3.6,4.0,3.55,3.55,204750,26.555982,2009475,303.85,305.0
2026-01-22 13:12:00,3.55,3.55,3.55,3.55,11700,26.065278,2009475,304.0,305.0
2026-01-22 13:13:00,3.55,3.55,3.55,3.55,0,26.067165,2009475,304.0,305.0
2026-01-22 13:14:00,3.55,3.55,3.55,3.55,0,26.069056,2009475,304.0,305.0
2026-01-22 13:15:00,3.7,3.7,3.55,3.7,43875,26.261402,2009475,304.25,305.0
2026-01-22 13:16:00,3.8,3.8,3.7,3.8,8775,26.776785,2009475,304.3,305.0
2026-01-22 13:17:00,3.75,3.8,3.75,3.75,8775,27.771779,1994850,303.9,305.0
2026-01-22 13:18:00,3.75,3.75,3.75,3.75,0,26.776603,1994850,304.2,305.0
2026-01-22 13:19:00,3.75,3.75,3.75,3.75,0,26.610288,1994850,304.25,305.0
2026-01-22 13:20:00,3.85,3.85,3.75,3.85,14625,26.785834,1997775,304.4,305.0
2026-01-22 13:21:00,3.85,3.85,3.85,3.85,0,27.296755,1997775,304.25,305.0
2026-01-22 13:22:00,3.85,3.85,3.85,3.85,14625,26.618791,1997775,304.45,305.0
2026-01-22 13:23:00,3.8,3.85,3.8,3.8,11700,26.279628,1997775,304.45,305.0
2026-01-22 13:24:00,3.9,3.9,3.8,3.9,2925,25.74813,1994850,304.8,305.0
2026-01-22 13:25:00,3.95,3.95,3.9,3.95,11700,25.559361,1994850,304.95,305.0
2026-01-22 13:26:00,4.0,4.0,3.95,4.0,11700,26.257536,1989000,304.85,305.0
2026-01-22 13:27:00,4.0,4.0,4.0,4.0,0,26.259448,1989000,304.85,305.0
2026-01-22 13:28:00,4.1,4.1,4.0,4.1,14625,25.869459,1989000,305.15,305.0
2026-01-22 13:29:00,4.1,4.1,4.1,4.1,0,26.232471,1989000,305.05,305.0
2026-01-22 13:30:00,4.1,4.1,4.1,4.1,0,26.770341,1974375,304.9,305.0
2026-01-22 13:31:00,4.3,4.3,4.1,4.3,29250,27.059707,1974375,305.2,305.0
2026-01-22 13:32:00,4.35,4.35,4.3,4.35,14625,26.854583,1971450,305.35,305.0
2026-01-22 13:33:00,4.4,4.4,4.35,4.4,14625,27.014058,1971450,305.4,305.0
2026-01-22 13:34:00,4.4,4.4,4.4,4.4,8775,26.644793,1971450,305.5,305.0
2026-01-22 13:35:00,4.45,4.45,4.4,4.45,14625,26.61473,1968525,305.6,305.0
2026-01-22 13:36:00,4.4,4.45,4.4,4.45,35100,26.616683,1968525,305.6,305.0
2026-01-22 13:37:00,4.35,4.45,4.35,4.35,8775,27.048141,1968525,305.3,305.0
2026-01-22 13:38:00,4.35,4.35,4.35,4.35,0,27.050116,1968525,305.3,305.0
2026-01-22 13:39:00,4.35,4.35,4.35,4.35,0,27.052095,1968525,305.3,305.0
2026-01-22 13:40:00,4.35,4.35,4.35,4.35,0,27.054072,1968525,305.3,305.0
2026-01-22 13:41:00,4.35,4.35,4.35,4.35,0,27.056051,1968525,305.3,305.0
2026-01-22 13:42:00,4.1,4.35,4.1,4.1,2925,25.714134,1980225,305.2,305.0
2026-01-22 13:43:00,4.1,4.1,4.1,4.1,0,25.165255,1980225,305.35,305.0
2026-01-22 13:44:00,4.1,4.1,4.1,4.1,0,24.981773,1971450,305.4,305.0
2026-01-22 13:45:00,4.1,4.1,4.1,4.1,0,24.983617,1971450,305.4,305.0
2026-01-22 13:46:00,4.3,4.3,4.1,4.3,49725,25.418156,1971450,305.65,305.0
2026-01-22 13:47:00,4.3,4.3,4.3,4.3,0,25.229866,1971450,305.7,305.0
2026-01-22 13:48:00,4.3,4.3,4.3,4.3,0,24.461028,1953900,305.9,305.0
2026-01-22 13:49:00,4.3,4.3,4.3,4.3,0,24.462854,1953900,305.9,305.0
2026-01-22 13:50:00,4.55,4.55,4.3,4.55,32175,26.186809,1950975,305.9,305.0
2026-01-22 13:51:00,4.7,4.7,4.55,4.7,38025,26.048163,1950975,306.2,305.0
2026-01-22 13:52:00,3.4,3.4,3.4,3.4,5850,25.385678,944775,306.35,307.5
2026-01-22 13:53:00,3.45,3.45,3.4,3.45,8775,25.889644,944775,306.3,307.5
2026-01-22 13:54:00,4.8,4.8,4.8,4.8,0,27.139088,1930500,306.1,305.0
2026-01-22 13:55:00,4.55,4.8,4.55,4.55,17550,25.017717,1930500,306.2,305.0
2026-01-22 13:56:00,4.6,4.6,4.55,4.6,11700,25.365813,1930500,306.2,305.0
2026-01-22 13:57:00,3.35,3.35,3.3,3.35,2925,24.729598,892125,306.45,307.5
2026-01-22 13:58:00,3.45,3.45,3.35,3.45,11700,25.899057,892125,306.3,307.5
2026-01-22 13:59:00,3.35,3.45,3.35,3.35,5850,25.21986,895050,306.3,307.5
2026-01-22 14:00:00,4.6,4.6,4.6,4.6,0,25.173431,1880775,306.25,305.0
2026-01-22 14:01:00,3.35,3.35,3.35,3.35,8775,24.573413,895050,306.5,307.5
2026-01-22 14:02:00,3.45,3.45,3.35,3.45,2925,25.255261,889200,306.5,307.5
2026-01-22 14:03:00,3.4,3.45,3.4,3.4,32175,25.40603,889200,306.35,307.5
2026-01-22 14:04:00,4.7,4.7,4.7,4.7,0,26.073315,1863225,306.2,305.0
2026-01-22 14:05:00,4.7,4.7,4.7,4.7,0,25.876012,1863225,306.25,305.0
2026-01-22 14:06:00,4.5,4.7,4.5,4.5,17550,25.287294,1857375,306.05,305.0
2026-01-22 14:07:00,4.3,4.5,4.3,4.3,17550,24.300221,1857375,305.95,305.0
2026-01-22 14:08:00,4.4,4.4,4.3,4.35,32175,24.647384,1833975,305.95,305.0
2026-01-22 14:09:00,4.35,4.35,4.35,4.35,0,24.056944,1833975,306.1,305.0
2026-01-22 14:10:00,4.35,4.35,4.35,4.35,0,23.658042,1833975,306.2,305.0
2026-01-22 14:11:00,3.2,3.2,3.2,3.2,0,24.219298,883350,306.3,307.5
2026-01-22 14:12:00,4.4,4.4,4.35,4.4,11700,23.807072,1833975,306.25,305.0
2026-01-22 14:13:00,4.5,4.5,4.4,4.5,2925,24.503728,1833975,306.25,305.0
2026-01-22 14:14:00,4.4,4.5,4.4,4.4,2925,24.012454,1833975,306.2,305.0
2026-01-22 14:15:00,4.4,4.4,4.4,4.4,0,24.014258,1833975,306.2,305.0
2026-01-22 14:16:00,4.5,4.5,4.4,4.5,8775,24.710193,1828125,306.2,305.0
2026-01-22 14:17:00,4.5,4.5,4.5,4.5,11700,24.911832,1828125,306.15,305.0
2026-01-22 14:18:00,4.45,4.5,4.45,4.45,8775,25.356617,1822275,305.95,305.0
2026-01-22 14:19:00,4.45,4.45,4.45,4.45,0,26.889146,1822275,305.55,305.0
2026-01-22 14:20:00,4.15,4.45,4.15,4.15,187200,23.088434,1822275,306.0,305.0
2026-01-22 14:21:00,4.2,4.2,4.15,4.2,93600,23.436574,1725750,306.0,305.0
2026-01-22 14:22:00,4.2,4.2,4.2,4.2,11700,22.838489,1725750,306.15,305.0
2026-01-22 14:23:00,4.25,4.25,4.2,4.25,5850,23.187782,1714050,306.15,305.0
2026-01-22 14:24:00,4.2,4.25,4.2,4.2,5850,23.441876,1714050,306.0,305.0
2026-01-22 14:25:00,4.2,4.2,4.2,4.2,0,23.044917,1714050,306.1,305.0
2026-01-22 14:26:00,4.15,4.2,4.15,4.15,23400,23.49365,1714050,305.9,305.0
2026-01-22 14:27:00,4.15,4.15,4.15,4.15,0,22.701039,1702350,306.1,305.0
2026-01-22 14:28:00,4.2,4.2,4.15,4.2,5850,23.250165,1702350,306.05,305.0
2026-01-22 14:29:00,4.3,4.3,4.2,4.3,11700,23.746226,1702350,306.1,305.0
2026-01-22 14:30:00,3.15,3.15,3.05,3.15,17550,23.911707,854100,306.3,307.5
2026-01-22 14:31:00,3.15,3.15,3.15,3.15,17550,23.427779,854100,306.45,307.5
2026-01-22 14:32:00,3.15,3.15,3.15,3.15,8775,23.915224,854100,306.3,307.5
2026-01-22 14:33:00,3.15,3.15,3.15,3.15,2925,23.593772,865800,306.4,307.5
2026-01-22 14:34:00,3.15,3.15,3.15,3.15,0,23.269795,865800,306.5,307.5
2026-01-22 14:35:00,3.2,3.2,3.15,3.2,11700,24.100501,865800,306.35,307.5
2026-01-22 14:36:00,3.15,3.2,3.15,3.15,5850,23.760934,868725,306.35,307.5
2026-01-22 14:37:00,4.4,4.4,4.4,4.4,0,24.05411,1687725,306.2,305.0
2026-01-22 14:38:00,4.4,4.4,4.4,4.4,0,25.43814,1673100,305.85,305.0
2026-01-22 14:39:00,4.2,4.4,4.2,4.2,119925,23.269524,1673100,306.05,305.0
2026-01-22 14:40:00,4.2,4.2,4.2,4.2,2925,23.271285,1673100,306.05,305.0
2026-01-22 14:41:00,4.2,4.2,4.2,4.2,0,24.449486,1673100,305.75,305.0
2026-01-22 14:42:00,3.95,4.2,3.95,3.95,20475,23.492787,1670175,305.55,305.0
2026-01-22 14:43:00,3.8,3.95,3.8,3.8,11700,23.401086,1670175,305.3,305.0
2026-01-22 14:44:00,3.6,3.8,3.6,3.6,61425,22.213577,1649700,305.25,305.0
2026-01-22 14:45:00,3.7,3.7,3.6,3.7,5850,22.15472,1649700,305.45,305.0
2026-01-22 14:46:00,3.7,3.7,3.7,3.7,5850,22.532385,1649700,305.35,305.0
2026-01-22 14:47:00,3.7,3.7,3.7,3.7,17550,22.534085,1649700,305.35,305.0
2026-01-22 14:48:00,3.55,3.7,3.55,3.55,23400,22.610454,1649700,305.05,305.0
2026-01-22 14:49:00,3.4,3.55,3.4,3.4,64350,22.480051,1649700,304.8,305.0
2026-01-22 14:50:00,3.4,3.4,3.4,3.4,26325,23.009837,1667250,304.65,305.0
2026-01-22 14:51:00,3.35,3.4,3.35,3.35,20475,22.140436,1667250,304.8,305.0
2026-01-22 14:52:00,3.35,3.35,3.35,3.35,0,20.877673,1667250,305.15,305.0
2026-01-22 14:53:00,3.55,3.55,3.35,3.55,55575,22.800109,1667250,305.0,305.0
2026-01-22 14:54:00,3.45,3.55,3.45,3.45,5850,22.831535,1655550,304.8,305.0
2026-01-22 14:55:00,3.5,3.5,3.45,3.5,11700,22.096741,1655550,305.1,305.0
2026-01-22 14:56:00,3.5,3.5,3.5,3.5,0,22.461923,1655550,305.0,305.0
2026-01-22 14:57:00,3.5,3.5,3.5,3.5,49725,22.282322,1638000,305.05,305.0
2026-01-22 14:58:00,3.6,3.6,3.5,3.6,8775,22.970911,1638000,305.05,305.0
2026-01-22 14:59:00,3.8,3.8,3.6,3.8,40950,22.487936,1638000,305.55,305.0
2026-01-22 15:00:00,3.75,3.8,3.75,3.75,11700,23.823005,1626300,305.1,305.0
2026-01-22 15:01:00,3.7,3.75,3.7,3.7,17550,24.203427,1626300,304.9,305.0
2026-01-22 15:02:00,3.4,3.7,3.4,3.4,61425,21.052881,1626300,305.2,305.0
2026-01-22 15:03:00,3.4,3.4,3.4,3.4,0,21.422643,1635075,305.1,305.0
2026-01-22 15:04:00,3.5,3.5,3.4,3.5,40950,22.475456,1635075,305.0,305.0
2026-01-22 15:05:00,3.5,3.5,3.5,3.5,2925,22.477148,1635075,305.0,305.0
2026-01-22 15:06:00,3.6,3.6,3.5,3.6,17550,21.877476,1640925,305.35,305.0
2026-01-22 15:07:00,3.6,3.6,3.6,3.6,11700,22.437235,1640925,305.2,305.0
2026-01-22 15:08:00,3.6,3.6,3.6,3.6,0,22.067873,1640925,305.3,305.0
2026-01-22 15:09:00,3.55,3.6,3.55,3.55,61425,21.911349,1617525,305.25,305.0
2026-01-22 15:10:00,3.55,3.55,3.55,3.55,0,21.913014,1617525,305.25,305.0
2026-01-22 15:11:00,3.7,3.8,3.55,3.8,43875,22.698885,1617525,305.5,305.0
2026-01-22 15:12:00,3.65,3.8,3.65,3.65,23400,23.156767,1599975,305.1,305.0
2026-01-22 15:13:00,3.65,3.65,3.65,3.65,0,23.158511,1599975,305.1,305.0
2026-01-22 15:14:00,3.65,3.65,3.65,3.65,0,22.977234,1599975,305.15,305.0
2026-01-22 15:15:00,3.65,3.65,3.65,3.65,5850,22.978964,1602900,305.15,305.0
2026-01-22 15:16:00,3.7,3.7,3.65,3.7,32175,22.95609,1602900,305.25,305.0
2026-01-22 15:17:00,3.65,3.7,3.65,3.65,2925,22.613466,1602900,305.25,305.0
2026-01-22 15:18:00,3.7,3.7,3.65,3.7,8775,22.586951,1597050,305.35,305.0
2026-01-22 15:19:00,3.7,3.7,3.7,3.7,2925,22.588662,1597050,305.35,305.0
2026-01-22 15:20:00,3.55,3.7,3.55,3.55,8775,21.929654,1597050,305.25,305.0
2026-01-22 15:21:00,3.65,3.65,3.55,3.65,5850,22.059214,1597050,305.4,305.0
2026-01-22 15:22:00,3.7,3.7,3.65,3.7,17550,21.643596,1597050,305.6,305.0
2026-01-22 15:23:00,3.7,3.7,3.7,3.7,0,22.218692,1597050,305.45,305.0
2026-01-22 15:24:00,3.7,3.7,3.7,3.7,0,22.220381,1585350,305.45,305.0
2026-01-22 15:25:00,3.7,3.7,3.7,3.7,0,22.222068,1585350,305.45,305.0
2026-01-22 15:26:00,3.75,3.75,3.7,3.75,43875,22.188342,1585350,305.55,305.0
2026-01-22 15:27:00,3.65,3.75,3.65,3.65,58500,21.68975,1573650,305.5,305.0
2026-01-22 15:28:00,3.65,3.65,3.65,3.65,0,22.446212,1573650,305.3,305.0
2026-01-22 15:29:00,3.75,3.75,3.65,3.75,14625,24.238098,1573650,305.0,305.0
2026-01-23 09:18:00,3.2,3.2,3.0,3.0,23400,21.795217,1105650,302.3,302.5
2026-01-23 09:19:00,2.95,3.0,2.95,2.95,17550,21.229935,1102725,302.35,302.5
2026-01-23 09:20:00,2.85,2.95,2.85,2.85,17550,21.998385,1102725,301.95,302.5
2026-01-23 09:21:00,2.95,2.95,2.85,2.95,29250,22.188277,1102725,302.1,302.5
2026-01-23 09:22:00,2.95,2.95,2.95,2.95,0,22.936427,1076400,301.9,302.5
2026-01-23 09:23:00,2.95,2.95,2.95,2.95,0,22.380094,1076400,302.05,302.5
2026-01-23 09:24:00,2.8,2.95,2.8,2.8,143325,21.816389,1076400,301.9,302.5
2026-01-23 09:25:00,2.85,2.85,2.8,2.85,46800,20.297947,1041300,302.4,302.5
2026-01-23 09:26:00,2.85,2.85,2.85,2.85,0,20.10424,1041300,302.45,302.5
2026-01-23 09:27:00,3.2,3.2,2.85,3.2,64350,22.335235,1041300,302.55,302.5
2026-01-23 09:28:00,3.0,3.2,3.0,3.0,29250,20.034987,1041300,302.75,302.5
2026-01-23 09:29:00,3.35,3.35,3.0,3.3,32175,22.290078,1041300,302.75,302.5
2026-01-23 09:30:00,3.2,3.3,3.2,3.2,35100,22.538229,1041300,302.5,302.5
2026-01-23 09:31:00,3.05,3.2,3.05,3.05,17550,21.807357,1047150,302.4,302.5
2026-01-23 09:32:00,3.05,3.05,3.05,3.05,20475,19.594099,1047150,302.95,302.5
2026-01-23 09:33:00,3.3,3.3,3.05,3.3,46800,22.49935,1047150,302.7,302.5
2026-01-23 09:34:00,3.2,3.3,3.2,3.2,5850,21.750525,1050075,302.7,302.5
2026-01-23 09:35:00,3.1,3.2,3.1,3.1,40950,22.189757,1050075,302.4,302.5
2026-01-23 09:36:00,3.15,3.15,3.1,3.15,11700,21.378837,1050075,302.7,302.5
2026-01-23 09:37:00,3.5,3.5,3.15,3.5,58500,21.518504,1050075,303.3,302.5
2026-01-23 09:38:00,3.45,3.5,3.45,3.45,5850,21.356766,1076400,303.25,302.5
2026-01-23 09:39:00,3.45,3.45,3.45,3.45,0,22.20567,1076400,303.05,302.5
2026-01-23 09:40:00,3.45,3.45,3.45,3.45,0,23.03316,1079325,302.85,302.5
2026-01-23 09:41:00,3.45,3.45,3.45,3.45,0,23.440661,1079325,302.75,302.5
2026-01-23 09:42:00,3.45,3.45,3.45,3.45,0,24.827879,1079325,302.4,302.5
2026-01-23 09:43:00,3.45,3.45,3.45,3.45,0,24.43933,1079325,302.5,302.5
2026-01-23 09:44:00,3.05,3.45,3.05,3.05,29250,22.793428,1079325,302.15,302.5
2026-01-23 09:45:00,3.05,3.05,3.05,3.05,0,22.795411,1079325,302.15,302.5
2026-01-23 09:46:00,2.8,3.05,2.8,2.8,38025,18.561819,1091025,302.75,302.5
2026-01-23 09:47:00,3.2,3.2,2.8,3.2,49725,20.543597,1091025,303.0,302.5
2026-01-23 09:48:00,3.0,3.2,3.0,3.0,20475,21.852523,1091025,302.3,302.5
2026-01-23 09:49:00,2.8,3.0,2.8,2.8,76050,21.305351,1129050,302.05,302.5
2026-01-23 09:50:00,2.85,2.85,2.8,2.85,46800,20.34289,1129050,302.4,302.5
2026-01-23 09:51:00,3.0,3.0,2.85,3.0,38025,20.48074,1129050,302.65,302.5
2026-01-23 09:52:00,3.0,3.0,3.0,3.0,0,19.66771,1129050,302.85,302.5
2026-01-23 09:53:00,3.0,3.0,3.0,3.0,0,19.462195,1129050,302.9,302.5
2026-01-23 09:54:00,3.0,3.0,3.0,3.0,40950,21.083717,1149525,302.5,302.5
2026-01-23 09:55:00,2.8,3.0,2.8,2.8,8775,20.557416,1146600,302.25,302.5
2026-01-23 09:56:00,2.75,2.8,2.75,2.75,14625,20.375366,1146600,302.2,302.5
2026-01-23 09:57:00,2.85,2.85,2.75,2.85,8775,21.127733,1146600,302.2,302.5
2026-01-23 09:58:00,2.8,2.85,2.8,2.8,2925,20.944619,1161225,302.15,302.5
2026-01-23 09:59:00,2.8,2.8,2.8,2.8,17550,20.756113,1161225,302.2,302.5
2026-01-23 10:00:00,2.8,2.8,2.8,2.8,0,21.513237,1161225,302.0,302.5
2026-01-23 10:01:00,2.8,2.8,2.8,2.8,14625,22.255003,1161225,301.8,302.5
2026-01-23 10:02:00,2.7,2.8,2.7,2.7,2925,20.765813,1164150,302.0,302.5
2026-01-23 10:03:00,2.8,2.8,2.7,2.8,29250,20.763447,1164150,302.2,302.5
2026-01-23 10:04:00,2.6,2.8,2.6,2.6,17550,20.38921,1164150,301.9,302.5
2026-01-23 10:05:00,2.7,2.7,2.6,2.7,35100,19.82456,1184625,302.25,302.5
2026-01-23 10:06:00,2.95,2.95,2.7,2.95,20475,20.131746,1184625,302.65,302.5
2026-01-23 10:07:00,2.95,2.95,2.95,2.95,0,21.513417,1184625,302.3,302.5
2026-01-23 10:08:00,2.8,2.95,2.8,2.8,11700,20.581068,1199250,302.25,302.5
2026-01-23 10:09:00,2.8,2.8,2.8,2.8,0,20.390221,1199250,302.3,302.5
2026-01-23 10:10:00,2.9,2.9,2.8,2.9,43875,19.356298,1199250,302.75,302.5
2026-01-23 10:11:00,2.85,2.95,2.85,2.95,46800,19.735057,1196325,302.75,302.5
2026-01-23 10:12:00,2.9,2.95,2.9,2.9,81900,20.166767,1196325,302.55,302.5
2026-01-23 10:13:00,2.9,2.9,2.9,2.9,0,19.156268,1196325,302.8,302.5
2026-01-23 10:14:00,2.7,2.9,2.7,2.7,40950,20.032081,1225575,302.2,302.5
2026-01-23 10:15:00,2.7,2.7,2.7,2.7,20475,18.466214,1225575,302.6,302.5
2026-01-23 10:16:00,2.7,2.7,2.7,2.7,0,19.065388,1234350,302.45,302.5
2026-01-23 10:17:00,2.8,2.8,2.7,2.8,40950,19.422998,1234350,302.55,302.5
2026-01-23 10:18:00,2.75,2.8,2.75,2.75,11700,19.247302,1234350,302.5,302.5
2026-01-23 10:19:00,2.75,2.75,2.75,2.75,0,19.643169,1234350,302.4,302.5
2026-01-23 10:20:00,2.7,2.75,2.7,2.7,26325,20.042771,1234350,302.2,302.5
2026-01-23 10:21:00,2.55,2.7,2.55,2.55,20475,19.858317,1234350,301.95,302.5
2026-01-23 10:22:00,2.55,2.55,2.55,2.55,11700,20.045229,1243125,301.9,302.5
2026-01-23 10:23:00,2.55,2.55,2.55,2.55,0,19.86184,1243125,301.95,302.5
2026-01-23 10:24:00,2.55,2.55,2.55,2.55,0,19.112309,1243125,302.15,302.5
2026-01-23 10:25:00,2.65,2.65,2.55,2.65,17550,19.675582,1243125,302.2,302.5
2026-01-23 10:26:00,2.6,2.65,2.6,2.6,2925,19.681405,1237275,302.1,302.5
2026-01-23 10:27:00,2.6,2.6,2.6,2.6,0,19.111089,1237275,302.25,302.5
2026-01-23 10:28:00,2.8,2.8,2.6,2.8,32175,19.442193,1225575,302.55,302.5
2026-01-23 10:29:00,2.95,2.95,2.8,2.95,20475,18.725954,1225575,303.0,302.5
2026-01-23 10:30:00,3.1,3.1,2.95,3.1,17550,18.790321,1225575,303.25,302.5
2026-01-23 10:31:00,3.1,3.1,3.1,3.1,0,16.491349,1202175,303.75,302.5
2026-01-23 10:32:00,3.35,3.35,3.1,3.35,61425,19.369288,1202175,303.55,302.5
2026-01-23 10:33:00,3.1,3.35,3.1,3.1,5850,19.445553,1202175,303.1,302.5
2026-01-23 10:34:00,2.9,3.1,2.9,2.9,46800,17.708685,1202175,303.15,302.5
2026-01-23 10:35:00,2.9,2.9,2.9,2.9,0,17.26986,1199250,303.25,302.5
2026-01-23 10:36:00,3.2,3.2,2.9,3.2,20475,19.123748,1199250,303.35,302.5
2026-01-23 10:37:00,3.25,3.25,3.2,3.25,11700,18.607951,1199250,303.55,302.5
2026-01-23 10:38:00,3.25,3.25,3.25,3.25,8775,18.609669,1190475,303.55,302.5
2026-01-23 10:39:00,3.3,3.3,3.25,3.3,35100,19.223931,1190475,303.5,302.5
2026-01-23 10:40:00,3.4,3.4,3.3,3.4,11700,21.310161,1187550,303.2,302.5
2026-01-23 10:41:00,3.1,3.4,3.1,3.1,38025,19.67309,1187550,303.05,302.5
2026-01-23 10:42:00,3.15,3.15,3.1,3.15,8775,19.410778,1187550,303.2,302.5
2026-01-23 10:43:00,3.15,3.15,3.15,3.15,0,20.267769,1178775,303.0,302.5
2026-01-23 10:44:00,3.15,3.15,3.15,3.15,0,19.630589,1178775,303.15,302.5
2026-01-23 10:45:00,3.15,3.15,3.15,3.15,0,19.416081,1178775,303.2,302.5
2026-01-23 10:46:00,3.15,3.15,3.15,3.15,46800,19.199808,1161225,303.25,302.5
2026-01-23 10:47:00,3.1,3.15,3.1,3.1,20475,19.038268,1161225,303.2,302.5
2026-01-23 10:48:00,2.8,3.1,2.8,2.8,38025,19.676479,1161225,302.5,302.5
2026-01-23 10:49:00,2.95,2.95,2.8,2.95,23400,19.597161,1155375,302.8,302.5
2026-01-23 10:50:00,2.9,2.95,2.9,2.9,14625,18.593933,1155375,302.95,302.5
2026-01-23 10:51:00,2.9,2.9,2.9,2.9,0,18.595633,1155375,302.95,302.5
2026-01-23 10:52:00,2.9,2.9,2.9,2.9,0,19.223968,1155375,302.8,302.5
2026-01-23 10:53:00,2.95,3.05,2.9,3.05,17550,19.100307,1155375,303.1,302.5
2026-01-23 10:54:00,3.05,3.05,3.05,3.05,0,18.668692,1155375,303.2,302.5
2026-01-23 10:55:00,3.2,3.2,3.05,3.2,17550,20.669251,1155375,303.0,302.5
2026-01-23 10:56:00,3.1,3.2,3.1,3.1,14625,20.122375,1155375,302.95,302.5
2026-01-23 10:57:00,3.1,3.1,3.1,3.1,0,19.272724,1155375,303.15,302.5
2026-01-23 10:58:00,3.1,3.1,3.1,3.1,0,19.489799,1158300,303.1,302.5
2026-01-23 10:59:00,3.2,3.2,3.1,3.2,102375,20.465458,1158300,303.05,302.5
2026-01-23 11:00:00,3.15,3.2,3.15,3.15,2925,20.717747,1158300,302.9,302.5
2026-01-23 11:01:00,3.15,3.15,3.15,3.15,0,21.132826,1123200,302.8,302.5
2026-01-23 11:02:00,3.15,3.15,3.15,3.15,5850,20.721474,1123200,302.9,302.5
2026-01-23 11:03:00,3.05,3.15,3.05,3.05,20475,20.788356,1123200,302.7,302.5
2026-01-23 11:04:00,3.05,3.05,3.05,3.05,2925,20.992714,1123200,302.65,302.5
2026-01-23 11:05:00,3.05,3.05,3.05,3.05,29250,19.759108,1108575,302.95,302.5
2026-01-23 11:06:00,3.1,3.1,3.05,3.1,2925,20.557383,1108575,302.85,302.5
2026-01-23 11:07:00,3.1,3.1,3.1,3.1,0,20.559237,1108575,302.85,302.5
2026-01-23 11:08:00,3.1,3.1,3.1,3.1,0,19.50757,1064700,303.1,302.5
2026-01-23 11:09:00,3.25,3.25,3.1,3.25,190125,20.651687,1064700,303.1,302.5
2026-01-23 11:10:00,3.35,3.35,3.25,3.35,17550,21.201297,1064700,303.15,302.5
2026-01-23 11:11:00,3.4,3.4,3.35,3.4,2925,21.796691,971100,303.1,302.5
2026-01-23 11:12:00,3.4,3.4,3.4,3.4,0,21.371598,971100,303.2,302.5
2026-01-23 11:13:00,3.4,3.4,3.4,3.4,0,21.587798,971100,303.15,302.5
2026-01-23 11:14:00,3.45,3.45,3.4,3.45,43875,21.756538,962325,303.2,302.5
2026-01-23 11:15:00,3.4,3.45,3.4,3.4,8775,22.225964,962325,303.0,302.5
2026-01-23 11:16:00,3.4,3.4,3.4,3.4,5850,22.227952,962325,303.0,302.5
2026-01-23 11:17:00,3.5,3.5,3.4,3.5,2925,22.569042,936000,303.1,302.5
2026-01-23 11:18:00,3.45,3.5,3.45,3.45,26325,23.02724,936000,302.9,302.5
2026-01-23 11:19:00,3.35,3.45,3.35,3.35,23400,22.886496,936000,302.75,302.5
2026-01-23 11:20:00,3.3,3.35,3.3,3.3,8775,24.490594,906750,302.25,302.5
2026-01-23 11:21:00,3.3,3.3,3.3,3.3,0,23.515512,906750,302.5,302.5
2026-01-23 11:22:00,3.3,3.3,3.3,3.3,0,22.309689,906750,302.8,302.5
2026-01-23 11:23:00,3.3,3.3,3.3,3.3,0,22.311679,906750,302.8,302.5
2026-01-23 11:24:00,3.5,3.5,3.3,3.5,32175,23.418797,906750,302.9,302.5
2026-01-23 11:25:00,3.55,3.55,3.5,3.55,14625,24.00569,906750,302.85,302.5
2026-01-23 11:26:00,3.5,3.55,3.5,3.5,49725,23.628783,889200,302.85,302.5
2026-01-23 11:27:00,3.5,3.5,3.5,3.5,0,23.83554,889200,302.8,302.5
2026-01-23 11:28:00,3.55,3.55,3.5,3.55,8775,24.012072,889200,302.85,302.5
2026-01-23 11:29:00,3.5,3.55,3.5,3.5,17550,24.245745,874575,302.7,302.5
2026-01-23 11:30:00,3.45,3.5,3.45,3.45,2925,24.470546,874575,302.55,302.5
2026-01-23 11:31:00,3.4,3.45,3.3,3.3,11700,24.514265,874575,302.25,302.5
2026-01-23 11:32:00,3.45,3.45,3.3,3.35,14625,23.317797,851175,302.65,302.5
2026-01-23 11:33:00,3.35,3.35,3.35,3.35,5850,24.508436,851175,302.35,302.5
2026-01-23 11:34:00,3.35,3.35,3.35,3.35,17550,25.283497,851175,302.15,302.5
2026-01-23 11:35:00,3.25,3.35,3.25,3.25,2925,24.720246,836550,302.1,302.5
2026-01-23 11:36:00,3.25,3.25,3.25,3.25,0,24.339616,836550,302.2,302.5
2026-01-23 11:37:00,3.2,3.25,3.2,3.2,35100,24.346293,836550,302.1,302.5
2026-01-23 11:38:00,3.15,3.2,3.1,3.1,17550,24.718408,824850,301.8,302.5
2026-01-23 11:39:00,3.1,3.1,3.1,3.1,0,24.348415,824850,301.9,302.5
2026-01-23 11:40:00,3.2,3.2,3.1,3.2,29250,25.849991,824850,301.7,302.5
2026-01-23 11:41:00,3.15,3.2,3.15,3.15,11700,25.288833,839475,301.75,302.5
2026-01-23 11:42:00,3.3,3.3,3.15,3.3,40950,26.428185,839475,301.75,302.5
2026-01-23 11:43:00,3.2,3.3,3.2,3.2,5850,25.114473,839475,301.9,302.5
2026-01-23 11:44:00,3.2,3.2,3.2,3.2,0,24.92909,819000,301.95,302.5
2026-01-23 11:45:00,3.2,3.25,3.2,3.25,26325,25.309998,819000,301.95,302.5
2026-01-23 11:46:00,3.15,3.25,3.15,3.15,23400,24.928917,819000,301.85,302.5
2026-01-23 11:47:00,3.15,3.15,3.15,3.15,8775,25.116995,819000,301.8,302.5
2026-01-23 11:48:00,3.15,3.15,3.15,3.15,26325,24.933286,819000,301.85,302.5
2026-01-23 11:49:00,3.15,3.15,3.15,3.15,0,25.857334,819000,301.6,302.5
2026-01-23 11:50:00,3.1,3.15,3.1,3.1,23400,25.113658,801450,301.7,302.5
2026-01-23 11:51:00,3.3,3.3,3.1,3.3,8775,25.702197,801450,301.95,302.5
2026-01-23 11:52:00,3.35,3.35,3.3,3.35,26325,25.705065,801450,302.05,302.5
2026-01-23 11:53:00,3.35,3.35,3.35,3.35,26325,25.325648,801450,302.15,302.5
2026-01-23 11:54:00,3.4,3.4,3.35,3.4,29250,26.654972,801450,301.9,302.5
2026-01-23 11:55:00,3.4,3.4,3.4,3.4,0,27.031145,801450,301.8,302.5
2026-01-23 11:56:00,3.3,3.4,3.25,3.25,55575,26.265692,795600,301.7,302.5
2026-01-23 11:57:00,4.25,4.7,4.25,4.25,14625,26.458184,2205450,301.1,300.0
2026-01-23 11:58:00,4.2,4.25,4.2,4.2,2925,26.073925,2205450,301.1,300.0
2026-01-23 11:59:00,4.2,4.2,4.2,4.2,0,26.076241,2205450,301.1,300.0
2026-01-23 12:00:00,4.1,4.2,4.1,4.1,17550,26.830755,2214225,300.75,300.0
2026-01-23 12:01:00,4.15,4.15,4.1,4.15,14625,26.78839,2214225,300.85,300.0
2026-01-23 12:02:00,4.25,4.25,4.15,4.25,17550,26.909887,2211300,301.0,300.0
2026-01-23 12:03:00,4.15,4.25,4.15,4.15,11700,25.475725,2211300,301.15,300.0
2026-01-23 12:04:00,4.25,4.25,4.15,4.25,40950,26.252661,2211300,301.15,300.0
2026-01-23 12:05:00,4.25,4.25,4.25,4.25,49725,26.917031,2173275,301.0,300.0
2026-01-23 12:06:00,4.25,4.25,4.25,4.25,14625,26.479325,2173275,301.1,300.0
2026-01-23 12:07:00,4.2,4.25,4.2,4.2,17550,26.094797,2173275,301.1,300.0
2026-01-23 12:08:00,4.2,4.3,4.2,4.3,17550,27.091085,2106000,301.05,300.0
2026-01-23 12:09:00,4.15,4.3,4.15,4.15,5850,25.489375,2106000,301.15,300.0
2026-01-23 12:10:00,4.2,4.2,4.15,4.2,11700,26.542804,2106000,301.0,300.0
2026-01-23 12:11:00,4.0,4.2,3.85,3.85,32175,25.783751,2082600,300.55,300.0
2026-01-23 12:12:00,3.85,3.85,3.85,3.85,0,25.574836,2082600,300.6,300.0
2026-01-23 12:13:00,3.6,3.85,3.6,3.6,46800,24.497163,2082600,300.4,300.0
2026-01-23 12:14:00,3.75,3.75,3.6,3.75,11700,24.383119,2100150,300.7,300.0
2026-01-23 12:15:00,3.85,3.85,3.75,3.85,2925,25.155585,2100150,300.7,300.0
2026-01-23 12:16:00,3.9,3.9,3.85,3.9,5850,23.563355,2100150,301.15,300.0
2026-01-23 12:17:00,3.95,3.95,3.9,3.95,20475,24.179498,2100150,301.1,300.0
2026-01-23 12:18:00,4.05,4.05,3.95,4.05,2925,24.733615,2100150,301.15,300.0
2026-01-23 12:19:00,3.0,3.0,2.85,2.95,67275,24.945811,716625,301.45,302.5
2026-01-23 12:20:00,2.95,2.95,2.95,2.95,0,24.948004,716625,301.45,302.5
2026-01-23 12:21:00,2.95,2.95,2.95,2.95,0,24.588683,716625,301.55,302.5
2026-01-23 12:22:00,3.0,3.0,2.95,3.0,2925,25.153144,702000,301.5,302.5
2026-01-23 12:23:00,3.1,3.1,3.0,3.1,2925,25.001744,702000,301.75,302.5
2026-01-23 12:24:00,3.15,3.15,3.1,3.15,2925,25.936539,702000,301.6,302.5
2026-01-23 12:25:00,3.15,3.15,3.15,3.15,0,25.93881,702000,301.6,302.5
2026-01-23 12:26:00,3.05,3.15,3.05,3.05,8775,25.361666,690300,301.55,302.5
2026-01-23 12:27:00,3.1,3.1,3.05,3.1,5850,26.288135,690300,301.4,302.5
2026-01-23 12:28:00,3.1,3.1,3.1,3.1,5850,25.928993,690300,301.5,302.5
2026-01-23 12:29:00,3.15,3.15,3.1,3.15,11700,27.033561,684450,301.3,302.5
2026-01-23 12:30:00,4.5,4.5,4.45,4.5,23400,29.982396,2015325,300.75,300.0
2026-01-23 12:31:00,4.1,4.5,4.1,4.1,49725,28.788574,2015325,300.3,300.0
2026-01-23 12:32:00,3.95,4.1,3.9,3.9,43875,26.005285,1959750,300.6,300.0
2026-01-23 12:33:00,4.05,4.05,3.9,4.05,5850,27.162084,1959750,300.6,300.0
2026-01-23 12:34:00,4.05,4.05,4.05,4.05,0,26.952814,1959750,300.65,300.0
2026-01-23 12:35:00,4.05,4.05,4.05,4.05,0,27.377481,1959750,300.55,300.0
2026-01-23 12:36:00,4.15,4.15,4.05,4.15,5850,26.871593,1971450,300.85,300.0
2026-01-23 12:37:00,4.1,4.15,4.1,4.1,14625,27.132464,1971450,300.7,300.0
2026-01-23 12:38:00,4.05,4.1,4.05,4.05,11700,26.749517,1968525,300.7,300.0
2026-01-23 12:39:00,4.05,4.05,4.05,4.05,5850,26.537871,1968525,300.75,300.0
2026-01-23 12:40:00,4.05,4.05,4.05,4.05,0,28.427449,1968525,300.3,300.0
2026-01-23 12:41:00,3.75,4.05,3.65,3.65,5850,26.776698,1965600,299.95,300.0
2026-01-23 12:42:00,3.75,3.75,3.65,3.75,5850,27.744695,1965600,299.9,300.0
2026-01-23 12:43:00,3.9,3.9,3.75,3.9,8775,27.076873,1965600,300.35,300.0
2026-01-23 12:44:00,3.9,3.9,3.9,3.9,0,27.89768,1965600,300.15,300.0
2026-01-23 12:45:00,3.9,3.9,3.9,3.9,0,26.666398,1965600,300.45,300.0
2026-01-23 12:46:00,3.9,3.9,3.9,3.9,0,27.699407,1968525,300.2,300.0
2026-01-23 12:47:00,3.9,3.9,3.9,3.9,0,29.105412,1968525,299.85,300.0
2026-01-23 12:48:00,3.55,3.9,3.55,3.55,26325,27.012049,1968525,299.7,300.0
2026-01-23 12:49:00,3.6,3.6,3.55,3.6,14625,26.809036,1968525,299.85,300.0
2026-01-23 12:50:00,3.55,3.6,3.5,3.5,8775,25.646912,1965600,299.95,300.0
2026-01-23 12:51:00,3.45,3.5,3.45,3.45,2925,25.662824,1965600,299.85,300.0
2026-01-23 12:52:00,3.45,3.45,3.45,3.45,0,26.642561,1965600,299.6,300.0
2026-01-23 12:53:00,3.5,3.5,3.45,3.5,17550,26.834879,1959750,299.65,300.0
2026-01-23 12:54:00,3.35,3.5,3.35,3.35,2925,24.703838,1959750,299.9,300.0
2026-01-23 12:55:00,3.35,3.35,3.35,3.35,0,24.904373,1959750,299.85,300.0
2026-01-23 12:56:00,3.35,3.35,3.35,3.35,2925,25.884247,1959750,299.6,300.0
2026-01-23 12:57:00,3.3,3.35,3.2,3.2,17550,25.500569,1959750,299.4,300.0
2026-01-23 12:58:00,3.25,3.25,3.15,3.15,14625,26.242061,1959750,299.1,300.0
2026-01-23 12:59:00,3.05,3.15,3.05,3.05,11700,26.206868,1959750,298.9,300.0
2026-01-23 13:00:00,3.0,3.05,3.0,3.0,26325,25.641379,1959750,298.95,300.0
2026-01-23 13:01:00,5.1,5.1,5.1,5.1,0,33.486066,371475,298.6,297.5
2026-01-23 13:02:00,3.05,3.05,2.9,3.05,40950,25.848829,1950975,299.0,300.0
2026-01-23 13:03:00,3.05,3.05,3.05,3.05,43875,26.216079,1950975,298.9,300.0
2026-01-23 13:04:00,2.9,3.05,2.9,2.9,20475,25.24096,1950975,298.85,300.0
2026-01-23 13:05:00,2.9,2.9,2.9,2.9,2925,25.243184,1950975,298.85,300.0
2026-01-23 13:06:00,2.85,2.9,2.85,2.85,17550,25.038818,1956825,298.8,300.0
2026-01-23 13:07:00,4.35,4.35,4.35,4.35,0,26.967919,371475,298.75,297.5
2026-01-23 13:08:00,4.0,4.35,4.0,4.0,5850,24.901082,371475,298.6,297.5
2026-01-23 13:09:00,4.0,4.0,4.0,4.0,0,26.671584,371475,298.2,297.5
2026-01-23 13:10:00,3.6,4.0,3.45,3.45,17550,24.511932,371475,297.7,297.5
2026-01-23 13:11:00,3.45,3.45,3.45,3.45,0,22.602684,371475,298.15,297.5
2026-01-23 13:12:00,3.45,3.45,3.45,3.45,0,23.253609,380250,298.0,297.5
2026-01-23 13:13:00,3.45,3.45,3.45,3.45,0,23.040796,380250,298.05,297.5
2026-01-23 13:14:00,3.65,3.65,3.45,3.65,8775,24.815312,380250,298.0,297.5
2026-01-23 13:15:00,3.65,3.65,3.65,3.65,0,24.603777,380250,298.05,297.5
2026-01-23 13:16:00,3.65,3.65,3.65,3.65,0,24.39095,380250,298.1,297.5
2026-01-23 13:17:00,3.65,3.65,3.65,3.65,0,24.608207,383175,298.05,297.5
2026-01-23 13:18:00,3.65,3.65,3.65,3.65,0,23.961288,383175,298.2,297.5
2026-01-23 13:19:00,3.7,3.7,3.65,3.7,46800,23.693743,383175,298.35,297.5
2026-01-23 13:20:00,3.7,3.7,3.7,3.7,0,24.137521,356850,298.25,297.5
2026-01-23 13:21:00,3.7,3.7,3.7,3.7,0,24.575836,356850,298.15,297.5
2026-01-23 13:22:00,3.45,3.7,3.45,3.45,5850,21.962839,356850,298.3,297.5
2026-01-23 13:23:00,3.45,3.45,3.45,3.45,0,23.061716,356850,298.05,297.5
2026-01-23 13:24:00,3.45,3.45,3.45,3.45,0,22.629469,356850,298.15,297.5
2026-01-23 13:25:00,3.45,3.45,3.45,3.45,0,21.29172,356850,298.45,297.5
2026-01-23 13:26:00,3.45,3.45,3.45,3.45,0,20.833371,356850,298.55,297.5
2026-01-23 13:27:00,3.45,3.45,3.45,3.45,0,20.602283,307125,298.6,297.5
2026-01-23 13:28:00,3.35,3.45,3.35,3.35,117000,20.737604,307125,298.4,297.5
2026-01-23 13:29:00,3.3,3.35,3.3,3.3,5850,20.11585,283725,298.45,297.5
2026-01-23 13:30:00,3.25,3.3,3.25,3.25,40950,22.159586,283725,297.9,297.5
2026-01-23 13:31:00,3.05,3.25,3.05,3.05,2925,21.447481,283725,297.7,297.5
2026-01-23 13:32:00,3.05,3.05,3.05,3.05,0,20.603788,283725,297.9,297.5
2026-01-23 13:33:00,3.05,3.05,3.05,3.05,0,19.514032,283725,298.15,297.5
2026-01-23 13:34:00,3.05,3.05,3.05,3.05,0,19.515852,283725,298.15,297.5
2026-01-23 13:35:00,3.05,3.05,3.05,3.05,0,17.672367,283725,298.55,297.5
2026-01-23 13:36:00,3.05,3.05,3.05,3.05,0,21.457283,283725,297.7,297.5
2026-01-23 13:37:00,3.05,3.05,3.05,3.05,49725,20.398138,283725,297.95,297.5
2026-01-23 13:38:00,3.05,3.05,3.05,3.05,0,20.400021,283725,297.95,297.5
2026-01-23 13:39:00,2.95,3.05,2.95,2.95,14625,20.684601,272025,297.7,297.5
2026-01-23 13:40:00,2.95,2.95,2.95,2.95,0,20.686502,272025,297.7,297.5
2026-01-23 13:41:00,2.95,2.95,2.95,2.95,0,20.267114,272025,297.8,297.5
2026-01-23 13:42:00,2.95,2.95,2.95,2.95,0,21.106047,272025,297.6,297.5
2026-01-23 13:43:00,2.95,2.95,2.95,2.95,0,19.190504,272025,298.05,297.5
2026-01-23 13:44:00,2.95,2.95,2.95,2.95,0,19.845397,272025,297.9,297.5
2026-01-23 13:45:00,2.95,2.95,2.95,2.95,0,20.274601,272025,297.8,297.5
2026-01-23 13:46:00,2.95,2.95,2.95,2.95,0,20.063546,272025,297.85,297.5
2026-01-23 13:47:00,2.95,2.95,2.95,2.95,0,19.634846,269100,297.95,297.5
2026-01-23 13:48:00,2.95,2.95,2.95,2.95,0,19.852764,269100,297.9,297.5
2026-01-23 13:49:00,2.95,2.95,2.95,2.95,0,19.854608,269100,297.9,297.5
2026-01-23 13:50:00,2.95,2.95,2.95,2.95,0,20.070979,286650,297.85,297.5
2026-01-23 13:51:00,2.95,2.95,2.95,2.95,0,19.858297,286650,297.9,297.5
2026-01-23 13:52:00,2.95,2.95,2.95,2.95,0,19.643988,286650,297.95,297.5
2026-01-23 13:53:00,2.95,2.95,2.95,2.95,0,18.538937,286650,298.2,297.5
2026-01-23 13:54:00,2.95,2.95,2.95,2.95,0,17.853105,286650,298.35,297.5
2026-01-23 13:55:00,3.05,3.05,2.95,3.05,137475,20.647561,286650,297.9,297.5
2026-01-23 13:56:00,3.05,3.05,3.05,3.05,0,19.332145,286650,298.2,297.5
2026-01-23 13:57:00,3.05,3.05,3.05,3.05,0,20.435916,286650,297.95,297.5
2026-01-23 13:58:00,3.05,3.05,3.05,3.05,0,20.220766,286650,298.0,297.5
2026-01-23 13:59:00,3.05,3.05,3.05,3.05,0,20.439705,286650,297.95,297.5
2026-01-23 14:00:00,2.9,3.05,2.9,2.9,14625,19.698711,283725,297.85,297.5
2026-01-23 14:01:00,2.9,2.9,2.9,2.9,8775,19.485478,283725,297.9,297.5
2026-01-23 14:02:00,2.8,2.9,2.8,2.8,2925,19.767615,286650,297.65,297.5
2026-01-23 14:03:00,2.8,2.8,2.8,2.8,0,18.488458,286650,297.95,297.5
2026-01-23 14:04:00,2.8,2.8,2.8,2.8,0,18.490199,286650,297.95,297.5
2026-01-23 14:05:00,2.8,2.8,2.65,2.65,20475,19.224779,286650,297.5,297.5
2026-01-23 14:06:00,2.6,2.65,2.45,2.45,17550,19.657039,289575,297.0,297.5
2026-01-23 14:07:00,2.45,2.45,2.45,2.45,0,18.878773,289575,297.2,297.5
2026-01-23 14:08:00,2.5,2.5,2.45,2.5,8775,18.671569,289575,297.35,297.5
2026-01-23 14:09:00,2.5,2.5,2.5,2.5,0,18.267697,289575,297.45,297.5
2026-01-23 14:10:00,2.55,2.55,2.5,2.55,11700,20.635743,289575,296.95,297.5
2026-01-23 14:11:00,2.4,2.55,2.4,2.4,2925,19.468553,289575,296.95,297.5
2026-01-23 14:12:00,2.4,2.4,2.4,2.4,0,19.278269,289575,297.0,297.5
2026-01-23 14:13:00,2.4,2.4,2.4,2.4,0,18.696753,289575,297.15,297.5
2026-01-23 14:14:00,2.3,2.4,2.3,2.3,2925,18.309405,286650,297.05,297.5
2026-01-23 14:15:00,2.3,2.3,2.3,2.3,14625,16.096025,298350,297.6,297.5
2026-01-23 14:16:00,2.3,2.3,2.3,2.3,0,16.92435,298350,297.4,297.5
2026-01-23 14:17:00,2.25,2.3,2.25,2.25,29250,16.940124,298350,297.3,297.5
2026-01-23 14:18:00,2.2,2.25,2.2,2.2,5850,16.751875,301275,297.25,297.5
2026-01-23 14:19:00,2.2,2.2,2.2,2.2,0,17.148689,301275,297.15,297.5
2026-01-23 14:20:00,2.2,2.2,2.2,2.2,0,17.345844,301275,297.1,297.5
2026-01-23 14:21:00,2.1,2.2,2.1,2.1,5850,18.269741,307125,296.65,297.5
2026-01-23 14:22:00,2.1,2.1,2.1,2.1,0,18.999189,307125,296.45,297.5
2026-01-23 14:23:00,2.1,2.1,2.1,2.1,0,18.820442,307125,296.5,297.5
2026-01-23 14:24:00,2.1,2.1,2.1,2.1,0,19.182248,307125,296.4,297.5
2026-01-23 14:25:00,2.85,2.85,2.75,2.75,11700,14.455515,1398150,296.25,295.0
2026-01-23 14:26:00,2.1,2.1,2.1,2.1,0,17.533507,307125,296.85,297.5
2026-01-23 14:27:00,2.0,2.1,2.0,2.0,38025,17.12746,307125,296.75,297.5
2026-01-23 14:28:00,2.0,2.0,2.0,2.0,2925,17.862853,307125,296.55,297.5
2026-01-23 14:29:00,1.85,2.0,1.85,1.85,8775,17.222615,307125,296.4,297.5
2026-01-23 14:30:00,1.9,1.9,1.85,1.9,5850,15.788698,339300,296.9,297.5
2026-01-23 14:31:00,1.9,1.9,1.9,1.9,0,14.828068,339300,297.15,297.5
2026-01-23 14:32:00,2.05,2.05,1.9,2.05,2925,15.603958,339300,297.25,297.5
2026-01-23 14:33:00,2.05,2.05,2.05,2.05,0,13.519483,339300,297.75,297.5
2026-01-23 14:34:00,2.05,2.05,2.05,2.05,0,13.738929,339300,297.7,297.5
2026-01-23 14:35:00,2.05,2.05,2.05,2.05,0,13.522175,339300,297.75,297.5
2026-01-23 14:36:00,2.25,2.25,2.05,2.25,5850,15.525332,336375,297.65,297.5
2026-01-23 14:37:00,2.25,2.25,2.25,2.25,0,15.526833,336375,297.65,297.5
2026-01-23 14:38:00,2.15,2.25,2.15,2.15,2925,16.591978,336375,297.2,297.5
2026-01-23 14:39:00,2.15,2.15,2.15,2.15,0,15.584634,336375,297.45,297.5
2026-01-23 14:40:00,2.15,2.15,2.15,2.15,2925,14.315655,339300,297.75,297.5
2026-01-23 14:41:00,2.15,2.15,2.15,2.15,0,14.534034,339300,297.7,297.5
2026-01-23 14:42:00,2.25,2.25,2.15,2.25,23400,15.956169,342225,297.55,297.5
2026-01-23 14:43:00,2.25,2.25,2.25,2.25,0,14.667698,342225,297.85,297.5
2026-01-23 14:44:00,2.25,2.25,2.25,2.25,2925,16.578633,342225,297.4,297.5
2026-01-23 14:45:00,2.25,2.25,2.25,2.25,0,16.783387,339300,297.35,297.5
2026-01-23 14:46:00,2.25,2.25,2.25,2.25,0,15.75228,339300,297.6,297.5
2026-01-23 14:47:00,2.25,2.25,2.25,2.25,0,16.583375,339300,297.4,297.5
2026-01-23 14:48:00,2.25,2.25,2.25,2.25,0,17.388751,339300,297.2,297.5
2026-01-23 14:49:00,1.75,2.25,1.75,1.75,17550,15.202639,342225,296.75,297.5
2026-01-23 14:50:00,2.2,2.65,2.2,2.2,32175,11.765138,1474200,295.9,295.0
2026-01-23 14:51:00,2.25,2.25,2.2,2.25,8775,10.22044,1500525,296.25,295.0
2026-01-23 14:52:00,1.75,1.75,1.75,1.75,0,15.57345,342225,296.65,297.5
2026-01-23 14:53:00,1.75,1.75,1.75,1.75,0,15.574924,348075,296.65,297.5
2026-01-23 14:54:00,1.6,1.75,1.6,1.6,14625,13.848429,351000,296.8,297.5
2026-01-23 14:55:00,1.85,1.85,1.6,1.85,8775,15.434747,351000,296.9,297.5
2026-01-23 14:56:00,1.85,1.85,1.85,1.85,0,14.668686,351000,297.1,297.5
2026-01-23 14:57:00,1.75,1.85,1.75,1.75,2925,13.692772,353925,297.15,297.5
2026-01-23 14:58:00,1.85,1.85,1.75,1.85,17550,15.249412,353925,296.95,297.5
2026-01-23 14:59:00,1.85,1.85,1.85,1.85,0,15.816131,353925,296.8,297.5
2026-01-23 15:00:00,1.8,1.85,1.8,1.8,2925,14.283377,351000,297.1,297.5
2026-01-23 15:01:00,1.6,1.8,1.6,1.6,14625,14.224865,351000,296.7,297.5
2026-01-23 15:02:00,1.6,1.6,1.6,1.6,0,14.04336,351000,296.75,297.5
2026-01-23 15:03:00,1.5,1.6,1.5,1.5,14625,11.348906,365625,297.25,297.5
2026-01-23 15:04:00,1.5,1.5,1.5,1.5,0,11.549571,365625,297.2,297.5
2026-01-23 15:05:00,1.5,1.5,1.5,1.5,0,11.149427,365625,297.3,297.5
2026-01-23 15:06:00,1.55,1.55,1.5,1.55,17550,11.943003,368550,297.2,297.5
2026-01-23 15:07:00,1.55,1.55,1.55,1.55,23400,11.132714,368550,297.4,297.5
2026-01-23 15:08:00,1.55,1.6,1.55,1.6,38025,11.106052,368550,297.5,297.5
2026-01-23 15:09:00,1.6,1.6,1.6,1.6,2925,12.337794,400725,297.2,297.5
2026-01-23 15:10:00,1.6,1.6,1.6,1.6,0,12.139561,400725,297.25,297.5
2026-01-23 15:11:00,1.4,1.6,1.4,1.4,35100,10.972688,400725,297.15,297.5
2026-01-23 15:12:00,1.45,1.45,1.4,1.45,8775,12.877028,397800,296.75,297.5
2026-01-23 15:13:00,1.35,1.45,1.35,1.35,52650,11.724938,397800,296.85,297.5
2026-01-23 15:14:00,1.35,1.35,1.35,1.35,0,11.164106,397800,297.0,297.5
2026-01-23 15:15:00,1.35,1.35,1.35,1.35,0,11.165233,424125,297.0,297.5
2026-01-23 15:16:00,1.35,1.35,1.35,1.35,0,11.355528,424125,296.95,297.5
2026-01-23 15:17:00,2.15,2.35,2.15,2.15,8775,11.903841,1626300,295.8,295.0
2026-01-23 15:18:00,1.45,2.15,1.35,1.35,14625,9.020526,1623375,295.05,295.0
2026-01-23 15:19:00,1.35,1.35,1.35,1.35,32175,8.100474,1623375,295.25,295.0
2026-01-23 15:20:00,1.6,1.6,1.35,1.6,17550,9.404558,1623375,295.4,295.0
2026-01-23 15:21:00,1.55,1.6,1.55,1.55,11700,8.231983,1640925,295.55,295.0
2026-01-23 15:22:00,1.4,1.55,1.4,1.55,26325,8.75003,1640925,295.45,295.0
2026-01-23 15:23:00,1.4,1.55,1.4,1.4,35100,7.243175,1640925,295.5,295.0
2026-01-23 15:24:00,1.4,1.4,1.4,1.4,0,8.269316,1664325,295.3,295.0
2026-01-23 15:25:00,1.5,1.5,1.4,1.5,43875,7.816558,1664325,295.55,295.0
2026-01-23 15:26:00,1.45,1.5,1.45,1.45,14625,9.60337,1664325,295.1,295.0
2026-01-23 15:27:00,1.45,1.45,1.45,1.45,29250,0.0,1705275,296.15,295.0
2026-01-23 15:28:00,1.7,1.75,1.45,1.75,23400,8.266252,1705275,295.85,295.0
2026-01-23 15:29:00,1.8,1.8,1.75,1.8,17550,7.109305,1705275,296.1,295.0
2026-01-27 09:15:00,0.5,0.6,0.5,0.6,8775,24.765062,1994850,298.8,300.0
2026-01-27 09:16:00,1.25,1.25,1.25,1.25,0,13.570953,503100,298.5,297.5
2026-01-27 09:17:00,1.5,2.4,1.5,1.55,35100,34.690523,485550,297.55,297.5
2026-01-27 09:18:00,2.85,2.85,1.55,1.95,26325,28.373935,485550,298.7,297.5
2026-01-27 09:19:00,1.95,1.95,1.95,1.95,0,38.441857,485550,298.0,297.5
2026-01-27 09:20:00,1.95,1.95,1.95,1.95,0,48.587746,470925,297.15,297.5
2026-01-27 09:21:00,1.4,1.95,1.4,1.4,14625,33.071817,470925,297.4,297.5
2026-01-27 09:22:00,1.2,1.4,1.2,1.2,8775,27.308008,459225,297.5,297.5
2026-01-27 09:23:00,1.6,1.6,1.2,1.6,26325,36.001679,459225,297.55,297.5
2026-01-27 09:24:00,1.3,1.6,1.3,1.3,2925,21.16288,459225,298.15,297.5
2026-01-27 09:25:00,2.0,2.0,1.3,2.0,17550,32.126881,459225,298.55,297.5
2026-01-27 09:26:00,2.0,2.0,2.0,2.0,0,28.972735,459225,298.75,297.5
2026-01-27 09:27:00,2.0,2.0,2.0,2.0,0,29.817816,459225,298.7,297.5
2026-01-27 09:28:00,2.0,2.0,2.0,2.0,0,30.644129,459225,298.65,297.5
2026-01-27 09:29:00,2.0,2.0,2.0,2.0,0,30.667232,459225,298.65,297.5
2026-01-27 09:30:00,2.0,2.0,2.0,2.0,0,34.472374,447525,298.4,297.5
2026-01-27 09:31:00,2.0,2.0,2.0,2.0,0,29.08249,444600,298.75,297.5
2026-01-27 09:32:00,0.8,0.8,0.65,0.8,23400,29.627311,1927575,298.85,300.0
2026-01-27 09:33:00,0.75,0.8,0.65,0.65,35100,25.489057,1927575,298.9,300.0
2026-01-27 09:34:00,2.0,2.0,2.0,2.0,0,33.102299,444600,298.5,297.5
2026-01-27 09:35:00,0.75,0.75,0.75,0.75,0,25.244876,1898325,299.2,300.0
2026-01-27 09:36:00,0.75,0.75,0.75,0.75,0,27.123198,1898325,299.0,300.0
2026-01-27 09:37:00,0.75,0.75,0.75,0.75,0,24.807541,1898325,299.25,300.0
2026-01-27 09:38:00,0.7,0.75,0.7,0.7,35100,21.687517,1886625,299.45,300.0
2026-01-27 09:39:00,0.7,0.7,0.7,0.7,0,18.619856,1886625,299.75,300.0
2026-01-27 09:40:00,0.8,0.8,0.7,0.8,55575,21.509765,1857375,299.7,300.0
2026-01-27 09:41:00,0.9,0.9,0.8,0.9,32175,25.974396,1857375,299.5,300.0
2026-01-27 09:42:00,0.9,0.9,0.9,0.9,8775,31.852214,1857375,298.9,300.0
2026-01-27 09:43:00,0.75,0.9,0.75,0.75,8775,24.438701,1851525,299.3,300.0
2026-01-27 09:44:00,0.75,0.75,0.75,0.75,0,23.478138,1851525,299.4,300.0
2026-01-27 09:45:00,0.9,0.9,0.75,0.9,38025,25.534445,1851525,299.55,300.0
2026-01-27 09:46:00,0.9,0.9,0.9,0.9,0,22.30075,1822275,299.85,300.0
2026-01-27 09:47:00,0.9,0.9,0.9,0.9,0,18.744467,1822275,300.15,300.0
2026-01-27 09:48:00,1.0,1.0,0.9,1.0,111150,29.519723,1822275,299.4,300.0
2026-01-27 09:49:00,1.0,1.0,1.0,1.0,0,27.979431,1822275,299.55,300.0
2026-01-27 09:50:00,1.0,1.0,1.0,1.0,0,29.048685,1822275,299.45,300.0
2026-01-27 09:51:00,1.0,1.0,1.0,1.0,0,24.734122,1749150,299.85,300.0
2026-01-27 09:52:00,1.0,1.0,1.0,1.0,0,27.511324,1749150,299.6,300.0
2026-01-27 09:53:00,1.0,1.0,1.0,1.0,0,29.633269,1749150,299.4,300.0
2026-01-27 09:54:00,1.0,1.0,1.0,1.0,0,29.138246,1749150,299.45,300.0
2026-01-27 09:55:00,0.75,1.0,0.75,0.75,58500,27.518468,1749150,299.0,300.0
2026-01-27 09:56:00,0.55,0.75,0.55,0.55,49725,23.379959,1749150,298.9,300.0
2026-01-27 09:57:00,0.65,0.65,0.55,0.65,8775,21.291912,1749150,299.4,300.0
2026-01-27 09:58:00,0.8,0.8,0.65,0.8,11700,23.922388,1757925,299.5,300.0
2026-01-27 09:59:00,0.75,0.8,0.75,0.75,8775,23.751918,1757925,299.4,300.0
2026-01-27 10:00:00,0.85,0.85,0.75,0.85,2925,25.159473,1757925,299.5,300.0
2026-01-27 10:01:00,0.85,0.85,0.85,0.85,0,24.656793,1757925,299.55,300.0
2026-01-27 10:02:00,0.75,0.85,0.75,0.75,8775,21.755841,1755000,299.6,300.0
2026-01-27 10:03:00,0.85,0.85,0.75,0.85,2925,22.53838,1755000,299.75,300.0
2026-01-27 10:04:00,0.8,0.85,0.8,0.8,26325,22.455351,1734525,299.65,300.0
2026-01-27 10:05:00,0.85,0.85,0.8,0.85,23400,23.668047,1734525,299.65,300.0
2026-01-27 10:06:00,0.85,0.85,0.85,0.85,0,26.310112,1734525,299.4,300.0
2026-01-27 10:07:00,0.75,0.85,0.75,0.75,5850,23.901771,1708200,299.4,300.0
2026-01-27 10:08:00,0.7,0.75,0.7,0.7,11700,23.688484,1708200,299.3,300.0
2026-01-27 10:09:00,0.7,0.7,0.7,0.7,0,21.193581,1708200,299.55,300.0
2026-01-27 10:10:00,0.7,0.7,0.7,0.7,0,23.726092,1708200,299.3,300.0
2026-01-27 10:11:00,0.7,0.7,0.7,0.7,0,22.754961,1696500,299.4,300.0
2026-01-27 10:12:00,0.8,0.8,0.7,0.8,49725,24.18805,1696500,299.5,300.0
2026-01-27 10:13:00,0.8,0.8,0.8,0.8,0,22.616743,1696500,299.65,300.0
2026-01-27 10:14:00,0.8,0.8,0.8,0.8,0,20.978247,1670175,299.8,300.0
2026-01-27 10:15:00,0.8,0.8,0.8,0.8,0,21.55587,1670175,299.75,300.0
2026-01-27 10:16:00,0.8,0.8,0.8,0.8,0,23.209288,1670175,299.6,300.0
2026-01-27 10:17:00,0.8,0.8,0.8,0.8,0,22.68957,1670175,299.65,300.0
2026-01-27 10:18:00,0.75,0.8,0.75,0.75,46800,24.112295,1652625,299.4,300.0
2026-01-27 10:19:00,0.75,0.75,0.75,0.75,0,25.136884,1652625,299.3,300.0
2026-01-27 10:20:00,0.5,0.75,0.5,0.5,8775,19.827227,1649700,299.2,300.0
2026-01-27 10:21:00,0.5,0.5,0.5,0.5,8775,19.843264,1649700,299.2,300.0
2026-01-27 10:22:00,0.5,0.5,0.5,0.5,0,19.859369,1649700,299.2,300.0
2026-01-27 10:23:00,0.5,0.5,0.5,0.5,0,17.993355,1608750,299.4,300.0
2026-01-27 10:24:00,0.5,0.5,0.5,0.5,0,19.428713,1608750,299.25,300.0
2026-01-27 10:25:00,0.5,0.5,0.5,0.5,0,20.366375,1608750,299.15,300.0
2026-01-27 10:26:00,0.45,0.5,0.45,0.45,76050,19.078518,1608750,299.15,300.0
2026-01-27 10:27:00,0.4,0.45,0.4,0.4,5850,17.331134,1608750,299.2,300.0
2026-01-27 10:28:00,0.4,0.4,0.4,0.4,20475,16.897942,1597050,299.25,300.0
2026-01-27 10:29:00,0.4,0.4,0.4,0.4,17550,18.240749,1597050,299.1,300.0
2026-01-27 10:30:00,0.4,0.4,0.4,0.4,11700,17.373951,1597050,299.2,300.0
2026-01-27 10:31:00,0.35,0.4,0.35,0.35,134550,18.589377,1597050,298.9,300.0
2026-01-27 10:32:00,0.35,0.35,0.35,0.35,0,17.775005,1614600,299.0,300.0
2026-01-27 10:33:00,0.45,0.45,0.35,0.45,23400,20.521881,1614600,299.0,300.0
2026-01-27 10:34:00,0.35,0.45,0.35,0.35,17550,16.528221,1614600,299.15,300.0
2026-01-27 10:35:00,0.45,0.45,0.35,0.45,14625,17.373476,1594125,299.35,300.0
2026-01-27 10:36:00,0.45,0.45,0.45,0.45,0,17.857985,1594125,299.3,300.0
2026-01-27 10:37:00,0.45,0.45,0.45,0.45,26325,16.926126,1594125,299.4,300.0
2026-01-27 10:38:00,0.45,0.45,0.45,0.45,43875,16.457202,1582425,299.45,300.0
2026-01-27 10:39:00,0.45,0.45,0.45,0.45,0,16.471047,1582425,299.45,300.0
2026-01-27 10:40:00,0.45,0.45,0.45,0.45,11700,20.641088,1582425,299.0,300.0
2026-01-27 10:41:00,1.55,1.55,1.55,1.55,0,25.731654,356850,298.35,297.5
2026-01-27 10:42:00,1.55,1.55,1.55,1.55,0,28.888511,356850,298.15,297.5
2026-01-27 10:43:00,1.55,1.55,1.55,1.55,0,30.384056,356850,298.05,297.5
2026-01-27 10:44:00,1.55,1.55,1.55,1.55,0,33.881162,356850,297.8,297.5
2026-01-27 10:45:00,1.55,1.55,1.55,1.55,0,33.909503,356850,297.8,297.5
2026-01-27 10:46:00,1.55,1.55,1.55,1.55,0,31.178332,356850,298.0,297.5
2026-01-27 10:47:00,1.05,1.55,1.05,1.05,17550,19.344047,356850,297.95,297.5
2026-01-27 10:48:00,1.05,1.05,1.05,1.05,0,16.950188,356850,298.1,297.5
2026-01-27 10:49:00,1.05,1.05,1.05,1.05,0,11.970534,356850,298.35,297.5
2026-01-27 10:50:00,1.05,1.05,1.05,1.05,0,11.981746,356850,298.35,297.5
2026-01-27 10:51:00,1.05,1.05,1.05,1.05,0,16.120337,356850,298.15,297.5
2026-01-27 10:52:00,1.05,1.05,1.05,1.05,0,20.180876,356850,297.9,297.5
2026-01-27 10:53:00,1.05,1.05,1.05,1.05,0,17.024788,356850,298.1,297.5
2026-01-27 10:54:00,1.05,1.05,1.05,1.05,0,17.877825,356850,298.05,297.5
2026-01-27 10:55:00,1.05,1.05,1.05,1.05,0,17.893569,356850,298.05,297.5
2026-01-27 10:56:00,1.05,1.05,1.05,1.05,0,21.701134,356850,297.8,297.5
2026-01-27 10:57:00,0.95,1.05,0.95,0.95,8775,15.280366,356850,298.05,297.5
2026-01-27 10:58:00,0.95,0.95,0.95,0.95,0,14.402417,356850,298.1,297.5
2026-01-27 10:59:00,0.95,0.95,0.95,0.95,0,15.307744,356850,298.05,297.5
2026-01-27 11:00:00,0.95,0.95,0.95,0.95,0,11.330287,356850,298.25,297.5
2026-01-27 11:01:00,0.95,0.95,0.95,0.95,0,10.056413,356850,298.3,297.5
2026-01-27 11:02:00,0.95,0.95,0.95,0.95,0,6.038748,356850,298.4,297.5
2026-01-27 11:03:00,0.95,0.95,0.95,0.95,0,11.362811,356850,298.25,297.5
2026-01-27 11:04:00,0.95,0.95,0.95,0.95,0,0.0,359775,298.6,297.5
2026-01-27 11:05:00,0.95,0.95,0.95,0.95,0,0.0,359775,298.6,297.5
2026-01-27 11:06:00,0.95,0.95,0.95,0.95,0,0.0,359775,298.6,297.5
2026-01-27 11:07:00,1.15,1.15,0.95,1.15,11700,18.180682,359775,298.2,297.5
2026-01-27 11:08:00,1.15,1.15,1.15,1.15,0,14.170104,359775,298.4,297.5
2026-01-27 11:09:00,1.15,1.15,1.15,1.15,0,14.183412,359775,298.4,297.5
2026-01-27 11:10:00,1.15,1.15,1.15,1.15,0,16.342508,356850,298.3,297.5
2026-01-27 11:11:00,1.15,1.15,1.15,1.15,0,15.325149,356850,298.35,297.5
2026-01-27 11:12:00,1.15,1.15,1.15,1.15,0,11.584123,356850,298.5,297.5
2026-01-27 11:13:00,1.15,1.15,1.15,1.15,0,15.353704,356850,298.35,297.5
2026-01-27 11:14:00,1.15,1.15,1.15,1.15,0,13.017525,356850,298.45,297.5
2026-01-27 11:15:00,1.15,1.15,1.15,1.15,0,17.390474,356850,298.25,297.5
2026-01-27 11:16:00,1.15,1.15,1.15,1.15,0,11.630747,356850,298.5,297.5
2026-01-27 11:17:00,1.3,1.3,1.15,1.3,29250,14.168927,342225,298.6,297.5
2026-01-27 11:18:00,0.5,0.5,0.45,0.5,14625,23.173628,1327950,298.95,300.0
2026-01-27 11:19:00,0.65,0.65,0.5,0.65,32175,28.253053,1327950,298.85,300.0
2026-01-27 11:20:00,0.65,0.65,0.65,0.65,0,28.750202,1327950,298.8,300.0
2026-01-27 11:21:00,0.65,0.65,0.65,0.65,26325,27.347184,1316250,298.95,300.0
2026-01-27 11:22:00,0.65,0.65,0.65,0.65,0,27.371417,1316250,298.95,300.0
2026-01-27 11:23:00,0.65,0.65,0.65,0.65,0,25.930848,1325025,299.1,300.0
2026-01-27 11:24:00,0.65,0.65,0.6,0.6,26325,27.003127,1325025,298.85,300.0
2026-01-27 11:25:00,0.55,0.6,0.55,0.55,14625,25.174156,1325025,298.9,300.0
2026-01-27 11:26:00,0.55,0.55,0.55,0.55,0,23.780094,1325025,299.05,300.0
2026-01-27 11:27:00,0.55,0.55,0.55,0.55,0,24.750509,1307475,298.95,300.0
2026-01-27 11:28:00,0.55,0.55,0.55,0.55,0,25.241812,1307475,298.9,300.0
2026-01-27 11:29:00,0.55,0.55,0.55,0.55,0,24.3216,1307475,299.0,300.0
2026-01-27 11:30:00,0.6,0.6,0.55,0.6,5850,23.751976,1304550,299.2,300.0
2026-01-27 11:31:00,0.6,0.6,0.6,0.6,8775,22.247449,1304550,299.35,300.0
2026-01-27 11:32:00,0.6,0.6,0.6,0.6,0,23.291139,1304550,299.25,300.0
2026-01-27 11:33:00,0.75,0.75,0.6,0.75,11700,27.30004,1298700,299.25,300.0
2026-01-27 11:34:00,0.75,0.75,0.75,0.75,0,27.84645,1298700,299.2,300.0
2026-01-27 11:35:00,0.75,0.75,0.75,0.75,29250,29.410748,1278225,299.05,300.0
2026-01-27 11:36:00,0.75,0.75,0.75,0.75,26325,30.941192,1278225,298.9,300.0
2026-01-27 11:37:00,0.85,0.85,0.75,0.85,20475,30.574962,1278225,299.2,300.0
2026-01-27 11:38:00,0.85,0.85,0.85,0.85,0,28.990482,1248975,299.35,300.0
2026-01-27 11:39:00,0.9,0.9,0.85,0.9,49725,29.218735,1248975,299.45,300.0
2026-01-27 11:40:00,0.85,0.9,0.85,0.85,11700,27.381132,1248975,299.5,300.0
2026-01-27 11:41:00,0.9,0.9,0.85,0.9,2925,26.979598,1213875,299.65,300.0
2026-01-27 11:42:00,0.9,0.9,0.9,0.9,0,27.004483,1213875,299.65,300.0
2026-01-27 11:43:00,1.0,1.0,0.9,1.0,119925,27.190146,1213875,299.85,300.0
2026-01-27 11:44:00,1.05,1.05,1.0,1.05,26325,29.735084,1164150,299.75,300.0
2026-01-27 11:45:00,1.0,1.05,1.0,1.0,49725,27.859986,1164150,299.8,300.0
2026-01-27 11:46:00,0.95,1.0,0.95,0.95,8775,27.205011,1164150,299.75,300.0
2026-01-27 11:47:00,0.9,0.95,0.9,0.9,2925,26.536718,1155375,299.7,300.0
2026-01-27 11:48:00,0.9,0.9,0.9,0.9,5850,29.462177,1155375,299.45,300.0
2026-01-27 11:49:00,0.9,0.9,0.9,0.9,0,28.347767,1155375,299.55,300.0
2026-01-27 11:50:00,0.8,0.9,0.8,0.8,11700,26.882025,1158300,299.45,300.0
2026-01-27 11:51:00,0.7,0.8,0.7,0.7,2925,24.259387,1158300,299.45,300.0
2026-01-27 11:52:00,0.7,0.7,0.7,0.7,0,24.282144,1158300,299.45,300.0
2026-01-27 11:53:00,0.8,0.8,0.7,0.8,20475,27.514218,1149525,299.4,300.0
2026-01-27 11:54:00,0.8,0.8,0.8,0.8,0,29.713841,1149525,299.2,300.0
2026-01-27 11:55:00,0.8,0.8,0.8,0.8,0,30.273369,1149525,299.15,300.0
2026-01-27 11:56:00,0.8,0.8,0.8,0.8,0,30.30182,1149525,299.15,300.0
2026-01-27 11:57:00,0.8,0.8,0.8,0.8,0,29.260435,1149525,299.25,300.0
2026-01-27 11:58:00,0.8,0.8,0.8,0.8,0,25.948509,1149525,299.55,300.0
2026-01-27 11:59:00,0.8,0.8,0.8,0.8,0,27.110908,1149525,299.45,300.0
2026-01-27 12:00:00,0.8,0.8,0.8,0.8,0,28.799899,1149525,299.3,300.0
2026-01-27 12:01:00,0.8,0.8,0.8,0.8,0,27.723062,1149525,299.4,300.0
2026-01-27 12:02:00,0.8,0.8,0.8,0.8,0,26.621204,1149525,299.5,300.0
2026-01-27 12:03:00,0.8,0.8,0.8,0.8,0,26.646687,1149525,299.5,300.0
2026-01-27 12:04:00,0.8,0.8,0.8,0.8,0,29.996288,1137825,299.2,300.0
2026-01-27 12:05:00,0.8,0.8,0.8,0.8,0,28.93752,1137825,299.3,300.0
2026-01-27 12:06:00,0.75,0.8,0.75,0.75,29250,27.610678,1134900,299.3,300.0
2026-01-27 12:07:00,0.75,0.75,0.75,0.75,0,28.179668,1134900,299.25,300.0
2026-01-27 12:08:00,0.75,0.75,0.75,0.75,0,27.663918,1134900,299.3,300.0
2026-01-27 12:09:00,0.65,0.75,0.65,0.65,11700,24.421998,1126125,299.35,300.0
2026-01-27 12:10:00,0.6,0.65,0.6,0.6,32175,24.13575,1126125,299.25,300.0
2026-01-27 12:11:00,0.6,0.6,0.6,0.6,0,24.681029,1126125,299.2,300.0
2026-01-27 12:12:00,0.55,0.6,0.55,0.55,5850,26.29863,1126125,298.9,300.0
2026-01-27 12:13:00,0.55,0.55,0.55,0.55,20475,22.291764,1126125,299.3,300.0
2026-01-27 12:14:00,0.5,0.55,0.5,0.5,2925,20.917173,1126125,299.3,300.0
2026-01-27 12:15:00,0.5,0.5,0.5,0.5,0,22.4648,1126125,299.15,300.0
2026-01-27 12:16:00,0.5,0.5,0.5,0.5,0,23.480642,1126125,299.05,300.0
2026-01-27 12:17:00,0.4,0.5,0.4,0.4,8775,22.435806,1120275,298.85,300.0
2026-01-27 12:18:00,1.15,1.15,1.15,1.15,0,7.894362,257400,298.6,297.5
2026-01-27 12:19:00,1.15,1.15,1.15,1.15,0,7.906459,257400,298.6,297.5
2026-01-27 12:20:00,1.15,1.15,1.15,1.15,0,12.44401,257400,298.5,297.5
2026-01-27 12:21:00,0.4,0.4,0.3,0.4,8775,21.597927,1126125,298.95,300.0
2026-01-27 12:22:00,0.4,0.4,0.4,0.4,0,22.546652,1126125,298.85,300.0
2026-01-27 12:23:00,0.4,0.4,0.4,0.4,14625,22.106834,1114425,298.9,300.0
2026-01-27 12:24:00,0.4,0.4,0.4,0.4,2925,22.591446,1114425,298.85,300.0
2026-01-27 12:25:00,0.4,0.4,0.4,0.4,0,22.613919,1114425,298.85,300.0
2026-01-27 12:26:00,1.25,1.25,1.25,1.25,0,14.812306,254475,298.55,297.5
2026-01-27 12:27:00,0.35,0.35,0.35,0.35,0,21.549251,1114425,298.8,300.0
2026-01-27 12:28:00,1.25,1.25,1.25,1.25,0,14.844494,254475,298.55,297.5
2026-01-27 12:29:00,1.0,1.25,1.0,1.0,8775,11.427311,251550,298.35,297.5
2026-01-27 12:30:00,1.0,1.0,1.0,1.0,0,0.0,251550,298.55,297.5
2026-01-27 12:31:00,1.0,1.0,1.0,1.0,0,0.0,251550,298.6,297.5
2026-01-27 12:32:00,1.05,1.05,1.0,1.05,2925,0.0,242775,298.7,297.5
2026-01-27 12:33:00,1.05,1.05,1.05,1.05,0,0.0,242775,298.75,297.5
2026-01-27 12:34:00,0.45,0.45,0.45,0.45,0,24.832747,1105650,298.8,300.0
2026-01-27 12:35:00,0.45,0.45,0.45,0.45,0,24.85791,1105650,298.8,300.0
2026-01-27 12:36:00,1.05,1.05,1.05,1.05,0,0.0,242775,298.6,297.5
2026-01-27 12:37:00,1.05,1.05,1.05,1.05,0,10.169557,242775,298.45,297.5
2026-01-27 12:38:00,1.05,1.05,1.05,1.05,0,0.0,242775,298.75,297.5
2026-01-27 12:39:00,1.05,1.05,1.05,1.05,0,0.0,242775,298.75,297.5
2026-01-27 12:40:00,1.05,1.05,1.05,1.05,0,0.0,242775,298.65,297.5
2026-01-27 12:41:00,0.4,0.4,0.4,0.4,0,23.449509,1096875,298.8,300.0
2026-01-27 12:42:00,0.4,0.4,0.4,0.4,0,23.006477,1096875,298.85,300.0
2026-01-27 12:43:00,0.4,0.4,0.4,0.4,0,23.49781,1096875,298.8,300.0
2026-01-27 12:44:00,0.4,0.4,0.4,0.4,0,23.522026,1096875,298.8,300.0
2026-01-27 12:45:00,1.2,1.25,1.2,1.2,2925,0.0,242775,298.75,297.5
2026-01-27 12:46:00,1.0,1.2,1.0,1.0,11700,19.374897,242775,298.0,297.5
2026-01-27 12:47:00,1.0,1.0,1.0,1.0,0,20.269354,242775,297.95,297.5
2026-01-27 12:48:00,1.0,1.0,1.0,1.0,0,22.753739,242775,297.8,297.5
2026-01-27 12:49:00,1.0,1.0,1.0,1.0,0,29.260014,231075,297.35,297.5
2026-01-27 12:50:00,0.4,1.0,0.4,0.4,32175,8.365563,231075,297.65,297.5
2026-01-27 12:51:00,0.65,0.65,0.4,0.65,2925,7.396192,254475,298.05,297.5
2026-01-27 12:52:00,0.65,0.65,0.65,0.65,0,0.0,254475,298.25,297.5
2026-01-27 12:53:00,0.65,0.65,0.65,0.65,0,0.0,254475,298.4,297.5
2026-01-27 12:54:00,0.65,0.65,0.65,0.65,0,10.042864,254475,297.95,297.5
2026-01-27 12:55:00,0.65,0.65,0.65,0.65,0,8.861518,254475,298.0,297.5
2026-01-27 12:56:00,0.65,0.65,0.65,0.65,0,8.872144,254475,298.0,297.5
2026-01-27 12:57:00,0.65,0.65,0.65,0.65,0,8.882796,254475,298.0,297.5
2026-01-27 12:58:00,0.65,0.65,0.65,0.65,0,8.893478,254475,298.0,297.5
2026-01-27 12:59:00,0.65,0.65,0.65,0.65,0,17.742278,254475,297.5,297.5
2026-01-27 13:00:00,0.65,0.65,0.65,0.65,0,16.304443,254475,297.6,297.5
2026-01-27 13:01:00,0.5,0.65,0.5,0.5,11700,15.631853,257400,297.35,297.5
2026-01-27 13:02:00,0.5,0.5,0.5,0.5,0,17.547904,257400,297.2,297.5
2026-01-27 13:03:00,0.5,0.5,0.5,0.5,0,17.567011,257400,297.2,297.5
2026-01-27 13:04:00,0.5,0.5,0.5,0.5,0,19.964168,263250,297.0,297.5
2026-01-27 13:05:00,0.5,0.5,0.5,0.5,0,19.985871,266175,297.0,297.5
2026-01-27 13:06:00,0.5,0.5,0.5,0.5,0,21.705264,266175,296.85,297.5
2026-01-27 13:07:00,0.5,0.5,0.5,0.5,17550,20.603418,266175,296.95,297.5
2026-01-27 13:08:00,0.5,0.5,0.5,0.5,0,22.305684,266175,296.8,297.5
2026-01-27 13:09:00,0.5,0.5,0.5,0.5,0,25.011379,266175,296.55,297.5
2026-01-27 13:10:00,0.6,0.6,0.5,0.6,2925,28.628031,274950,296.5,297.5
2026-01-27 13:11:00,0.6,0.6,0.6,0.6,0,28.120637,274950,296.55,297.5
2026-01-27 13:12:00,0.6,0.6,0.6,0.6,0,24.810266,274950,296.85,297.5
2026-01-27 13:13:00,0.6,0.6,0.6,0.6,0,23.674738,274950,296.95,297.5
2026-01-27 13:14:00,0.6,0.6,0.6,0.6,0,24.286279,274950,296.9,297.5
2026-01-27 13:15:00,0.65,0.65,0.6,0.65,14625,25.188709,277875,296.95,297.5
2026-01-27 13:16:00,0.65,0.65,0.65,0.65,0,25.216576,277875,296.95,297.5
2026-01-27 13:17:00,0.65,0.65,0.65,0.65,0,24.643731,277875,297.0,297.5
2026-01-27 13:18:00,0.65,0.65,0.65,0.65,0,23.444785,277875,297.1,297.5
2026-01-27 13:19:00,0.65,0.65,0.65,0.65,0,23.47094,277875,297.1,297.5
2026-01-27 13:20:00,0.65,0.65,0.65,0.65,0,24.726167,277875,297.0,297.5
2026-01-27 13:21:00,0.65,0.65,0.65,0.65,0,22.89553,277875,297.15,297.5
2026-01-27 13:22:00,0.65,0.65,0.65,0.65,0,19.618331,277875,297.4,297.5
2026-01-27 13:23:00,0.65,0.65,0.65,0.65,0,18.939955,277875,297.45,297.5
2026-01-27 13:24:00,0.8,0.8,0.65,0.8,8775,26.667064,295425,297.2,297.5
2026-01-27 13:25:00,0.8,0.8,0.8,0.8,0,25.364575,295425,297.3,297.5
2026-01-27 13:26:00,0.8,0.8,0.8,0.8,0,24.017122,295425,297.4,297.5
2026-01-27 13:27:00,0.7,0.8,0.7,0.7,5850,19.743407,295425,297.5,297.5
2026-01-27 13:28:00,0.7,0.7,0.7,0.7,0,19.766096,295425,297.5,297.5
2026-01-27 13:29:00,0.8,0.8,0.7,0.8,8775,14.196084,292500,298.0,297.5
2026-01-27 13:30:00,0.8,0.8,0.8,0.8,0,17.975343,292500,297.8,297.5
2026-01-27 13:31:00,0.8,0.8,0.8,0.8,0,20.453612,292500,297.65,297.5
2026-01-27 13:32:00,0.8,0.8,0.8,0.8,0,16.224992,292500,297.9,297.5
2026-01-27 13:33:00,0.8,0.8,0.8,0.8,0,19.705106,292500,297.7,297.5
2026-01-27 13:34:00,1.0,1.0,0.8,1.0,5850,24.759564,292500,297.75,297.5
2026-01-27 13:35:00,1.0,1.0,1.0,1.0,5850,24.788333,292500,297.75,297.5
2026-01-27 13:36:00,1.0,1.0,1.0,1.0,0,26.398375,292500,297.65,297.5
2026-01-27 13:37:00,1.0,1.0,1.0,1.0,0,24.846155,292500,297.75,297.5
2026-01-27 13:38:00,1.0,1.0,1.0,1.0,0,26.459934,292500,297.65,297.5
2026-01-27 13:39:00,1.0,1.0,1.0,1.0,0,24.9044,292500,297.75,297.5
2026-01-27 13:40:00,1.0,1.0,1.0,1.0,2925,19.630484,283725,298.05,297.5
2026-01-27 13:41:00,1.5,1.5,1.0,1.5,2925,24.987876,283725,298.55,297.5
2026-01-27 13:42:00,1.5,1.5,1.5,1.5,0,32.10205,283725,298.2,297.5
2026-01-27 13:43:00,1.5,1.5,1.5,1.5,0,45.704777,280800,297.35,297.5
2026-01-27 13:44:00,1.5,1.5,1.5,1.5,0,45.75803,280800,297.35,297.5
2026-01-27 13:45:00,1.5,1.5,1.5,1.5,0,43.623281,280800,297.5,297.5
2026-01-27 13:46:00,1.5,1.5,1.5,1.5,0,39.067593,280800,297.8,297.5
2026-01-27 13:47:00,1.5,1.5,1.5,1.5,0,34.092666,280800,298.1,297.5
2026-01-27 13:48:00,1.5,1.5,1.5,1.5,0,32.33092,280800,298.2,297.5
2026-01-27 13:49:00,1.5,1.5,1.5,1.5,0,30.480543,280800,298.3,297.5
2026-01-27 13:50:00,1.5,1.5,1.5,1.5,20475,28.521106,280800,298.4,297.5
2026-01-27 13:51:00,1.45,1.5,1.45,1.45,2925,30.918166,272025,298.2,297.5
2026-01-27 13:52:00,1.5,1.5,1.45,1.5,2925,36.036777,272025,298.0,297.5
2026-01-27 13:53:00,1.5,1.5,1.5,1.5,0,36.928231,272025,297.95,297.5
2026-01-27 13:54:00,1.45,1.5,1.45,1.45,2925,27.062377,269100,298.4,297.5
2026-01-27 13:55:00,1.75,1.75,1.45,1.75,5850,39.325364,269100,298.25,297.5
2026-01-27 13:56:00,1.75,1.75,1.75,1.75,0,40.270264,269100,298.2,297.5
2026-01-27 13:57:00,1.75,1.75,1.75,1.75,0,36.621763,269100,298.4,297.5
2026-01-27 13:58:00,1.75,1.75,1.75,1.75,0,31.539961,263250,298.65,297.5
2026-01-27 13:59:00,1.75,1.75,1.75,1.75,0,32.663078,263250,298.6,297.5
2026-01-27 14:00:00,1.75,1.75,1.75,1.75,0,34.781121,263250,298.5,297.5
2026-01-27 14:01:00,1.75,1.75,1.75,1.75,0,34.823881,263250,298.5,297.5
2026-01-27 14:02:00,1.75,1.75,1.75,1.75,0,38.741043,263250,298.3,297.5
2026-01-27 14:03:00,1.75,1.75,1.75,1.75,0,36.891465,263250,298.4,297.5
2026-01-27 14:04:00,1.75,1.75,1.75,1.75,0,37.896315,263250,298.35,297.5
2026-01-27 14:05:00,1.75,1.75,1.75,1.75,0,38.884224,263250,298.3,297.5
2026-01-27 14:06:00,1.75,1.75,1.75,1.75,0,42.536987,263250,298.1,297.5
2026-01-27 14:07:00,1.75,1.75,1.75,1.75,0,45.985933,263250,297.9,297.5
2026-01-27 14:08:00,1.75,1.75,1.75,1.75,0,46.865733,263250,297.85,297.5
2026-01-27 14:09:00,1.75,1.75,1.75,1.75,0,49.339043,263250,297.7,297.5
2026-01-27 14:10:00,1.75,1.75,1.75,1.75,0,45.32194,263250,297.95,297.5
2026-01-27 14:11:00,1.75,1.75,1.75,1.75,0,44.531388,263250,298.0,297.5
2026-01-27 14:12:00,1.75,1.75,1.75,1.75,0,45.43519,263250,297.95,297.5
2026-01-27 14:13:00,1.75,1.75,1.75,1.75,0,47.157903,263250,297.85,297.5
2026-01-27 14:14:00,1.75,1.75,1.75,1.75,0,50.439792,263250,297.65,297.5
2026-01-27 14:15:00,1.75,1.75,1.75,1.75,0,53.60201,263250,297.45,297.5
2026-01-27 14:16:00,1.75,1.75,1.75,1.75,0,53.669362,263250,297.45,297.5
2026-01-27 14:17:00,1.75,1.75,1.75,1.75,0,53.736955,263250,297.45,297.5
2026-01-27 14:18:00,1.75,1.75,1.75,1.75,0,53.804751,263250,297.45,297.5
2026-01-27 14:19:00,1.75,1.75,1.75,1.75,0,53.872882,263250,297.45,297.5
2026-01-27 14:20:00,1.75,1.75,1.75,1.75,0,53.94124,260325,297.45,297.5
2026-01-27 14:21:00,0.6,1.75,0.6,0.6,8775,19.538582,263250,297.4,297.5
2026-01-27 14:22:00,0.6,0.6,0.6,0.6,0,21.011532,263250,297.3,297.5
2026-01-27 14:23:00,0.6,0.6,0.6,0.6,0,20.321745,263250,297.35,297.5
2026-01-27 14:24:00,0.65,0.65,0.6,0.65,5850,21.889746,266175,297.35,297.5
2026-01-27 14:25:00,0.65,0.65,0.65,0.65,0,24.047706,266175,297.2,297.5
2026-01-27 14:26:00,0.65,0.65,0.65,0.65,0,23.380664,266175,297.25,297.5
2026-01-27 14:27:00,0.65,0.65,0.65,0.65,0,24.798772,266175,297.15,297.5
2026-01-27 14:28:00,0.65,0.65,0.65,0.65,0,18.943812,263250,297.55,297.5
2026-01-27 14:29:00,0.65,0.65,0.65,0.65,0,18.152622,263250,297.6,297.5
2026-01-27 14:30:00,0.65,0.65,0.65,0.65,0,15.551299,263250,297.75,297.5
2026-01-27 14:31:00,0.65,0.65,0.65,0.65,0,15.57237,263250,297.75,297.5
2026-01-27 14:32:00,0.65,0.65,0.65,0.65,0,10.066121,263250,298.0,297.5
2026-01-27 14:33:00,0.65,0.65,0.65,0.65,0,6.36227,266175,298.1,297.5
2026-01-27 14:34:00,0.65,0.65,0.65,0.65,0,0.0,266175,298.4,297.5
2026-01-27 14:35:00,0.65,0.65,0.65,0.65,0,0.0,266175,298.5,297.5
2026-01-27 14:36:00,0.65,0.65,0.65,0.65,0,0.0,266175,298.6,297.5
2026-01-27 14:37:00,0.65,0.65,0.65,0.65,0,0.0,266175,298.65,297.5
2026-01-27 14:38:00,0.7,0.7,0.7,0.7,0,34.87713,734175,299.0,300.0
2026-01-27 14:39:00,0.7,0.7,0.7,0.7,2925,33.704399,740025,299.1,300.0
2026-01-27 14:40:00,0.75,0.75,0.7,0.75,2925,32.207917,740025,299.35,300.0
2026-01-27 14:41:00,0.75,0.75,0.75,0.75,0,34.178737,740025,299.2,300.0
2026-01-27 14:42:00,0.75,0.75,0.75,0.75,0,24.608355,734175,299.9,300.0
2026-01-27 14:43:00,1.15,1.15,0.75,1.15,17550,37.910247,734175,299.85,300.0
2026-01-27 14:44:00,0.9,1.15,0.9,0.9,17550,30.13026,734175,299.85,300.0
2026-01-27 14:45:00,0.9,0.9,0.9,0.9,0,33.103827,713700,299.65,300.0
2026-01-27 14:46:00,0.85,0.9,0.85,0.85,11700,28.64154,713700,299.85,300.0
2026-01-27 14:47:00,0.8,0.85,0.8,0.8,8775,30.729252,713700,299.6,300.0
2026-01-27 14:48:00,0.85,0.85,0.8,0.85,8775,27.185998,713700,299.95,300.0
2026-01-27 14:49:00,0.8,0.85,0.8,0.8,5850,24.055864,713700,300.05,300.0
2026-01-27 14:50:00,0.8,0.8,0.8,0.8,0,17.795168,713700,300.4,300.0
2026-01-27 14:51:00,0.75,0.8,0.75,0.75,35100,19.092516,696150,300.25,300.0
2026-01-27 14:52:00,0.75,0.75,0.75,0.75,17550,15.106057,696150,300.45,300.0
2026-01-27 14:53:00,0.85,0.85,0.75,0.85,2925,10.474573,696150,300.75,300.0
2026-01-27 14:54:00,0.85,0.85,0.85,0.85,0,12.273241,687375,300.7,300.0
2026-01-27 14:55:00,1.1,1.1,0.85,1.1,40950,14.60827,687375,300.95,300.0
2026-01-27 14:56:00,1.25,1.25,1.1,1.25,32175,20.731602,687375,300.95,300.0
2026-01-27 14:57:00,1.0,1.25,1.0,1.0,5850,16.774993,625950,300.75,300.0
2026-01-27 14:58:00,1.0,1.0,1.0,1.0,0,16.799779,625950,300.75,300.0
2026-01-27 14:59:00,1.0,1.0,1.0,1.0,8775,11.851578,625950,300.9,300.0
2026-01-27 15:00:00,1.0,1.0,1.0,1.0,2925,19.377126,614250,300.65,300.0
2026-01-27 15:01:00,1.0,1.0,1.0,1.0,26325,19.405518,614250,300.65,300.0
2026-01-27 15:02:00,1.0,1.0,1.0,1.0,5850,0.0,614250,301.15,300.0
2026-01-27 15:03:00,1.0,1.0,1.0,1.0,0,0.0,585000,301.2,300.0
2026-01-27 15:04:00,0.45,0.45,0.45,0.45,0,26.62268,315900,301.55,302.5
2026-01-27 15:05:00,0.45,0.45,0.45,0.45,0,26.660935,315900,301.55,302.5
2026-01-27 15:06:00,0.45,0.45,0.45,0.45,0,24.32361,315900,301.75,302.5
2026-01-27 15:07:00,0.45,0.45,0.45,0.45,0,24.358834,312975,301.75,302.5
2026-01-27 15:08:00,0.45,0.45,0.45,0.45,0,24.394201,312975,301.75,302.5
2026-01-27 15:09:00,0.5,0.5,0.45,0.5,17550,29.173271,312975,301.5,302.5
2026-01-27 15:10:00,0.5,0.5,0.5,0.5,0,26.189629,312975,301.75,302.5
2026-01-27 15:11:00,0.5,0.5,0.5,0.5,0,24.971524,312975,301.85,302.5
2026-01-27 15:12:00,0.5,0.5,0.5,0.5,0,23.719565,312975,301.95,302.5
2026-01-27 15:13:00,0.5,0.5,0.5,0.5,0,21.751765,312975,302.1,302.5
2026-01-27 15:14:00,0.5,0.5,0.5,0.5,0,23.789735,312975,301.95,302.5
2026-01-27 15:15:00,0.5,0.5,0.5,0.5,0,22.495851,307125,302.05,302.5
2026-01-27 15:16:00,0.45,0.5,0.45,0.45,26325,18.803347,307125,302.2,302.5
2026-01-27 15:17:00,0.45,0.45,0.45,0.45,0,15.891816,307125,302.4,302.5
2026-01-27 15:18:00,0.45,0.45,0.45,0.45,0,14.318545,307125,302.5,302.5
2026-01-27 15:19:00,0.45,0.45,0.45,0.45,0,13.496881,307125,302.55,302.5
2026-01-27 15:20:00,0.45,0.45,0.45,0.45,0,13.517755,307125,302.55,302.5
2026-01-27 15:21:00,0.45,0.45,0.45,0.45,0,11.725909,307125,302.65,302.5
2026-01-27 15:22:00,0.45,0.45,0.45,0.45,0,10.75405,307125,302.7,302.5
2026-01-27 15:23:00,0.5,0.5,0.45,0.5,11700,19.209127,307125,302.3,302.5
2026-01-27 15:24:00,0.5,0.5,0.5,0.5,0,0.0,307125,303.15,302.5
2026-01-27 15:25:00,0.5,0.5,0.5,0.5,0,0.0,307125,303.3,302.5
2026-01-27 15:26:00,0.7,0.7,0.5,0.7,11700,0.0,301275,303.55,302.5
2026-01-27 15:27:00,0.5,0.7,0.5,0.5,11700,0.0,301275,303.45,302.5
2026-01-27 15:28:00,0.5,0.5,0.5,0.5,0,0.0,301275,303.3,302.5
2026-01-27 15:29:00,0.5,0.5,0.5,0.5,0,5.725782,301275,302.95,302.5
