datetime,open,high,low,close,volume,iv,oi,spot,strike
2022-06-29 09:15:00,2.05,2.05,2.05,2.05,200,0.0,6000,3385.2,3380.0
2022-06-29 09:16:00,42.0,42.0,42.0,42.0,200,49.237151,6000,3384.65,3380.0
2022-06-29 09:17:00,42.0,42.0,42.0,42.0,0,49.237151,6000,3376.4,3380.0
2022-06-29 09:18:00,42.0,42.0,42.0,42.0,0,49.237151,6000,3380.95,3380.0
2022-06-29 09:19:00,42.0,42.0,42.0,42.0,0,49.237151,6000,3380.25,3380.0
2022-06-29 09:20:00,42.0,42.0,42.0,42.0,0,49.237151,6000,3385.65,3380.0
2022-06-29 09:21:00,42.0,42.0,42.0,42.0,0,49.237151,6000,3385.5,3380.0
2022-06-29 09:22:00,42.0,42.0,42.0,42.0,0,49.237151,6000,3401.2,3400.0
2022-06-29 09:23:00,42.0,42.0,42.0,42.0,0,49.237151,6000,29.0,3000.0
2022-06-29 09:24:00,42.0,42.0,42.0,42.0,0,49.237151,6000,3408.8,3400.0
2022-06-29 09:25:00,42.0,42.0,42.0,42.0,0,49.237151,6000,3397.95,3400.0
2022-06-29 09:26:00,42.0,42.0,42.0,42.0,0,49.237151,6000,3397.8,3400.0
2022-06-29 09:27:00,42.0,42.0,42.0,42.0,0,49.237151,6000,3396.7,3400.0
2022-06-29 09:28:00,42.0,42.0,42.0,42.0,0,49.237151,6000,3391.8,3400.0
2022-06-29 09:29:00,42.0,42.0,42.0,42.0,0,49.237151,6000,3391.9,3400.0
2022-06-29 09:30:00,42.0,42.0,42.0,42.0,0,49.237151,6000,3388.0,3380.0
2022-06-29 09:31:00,42.0,42.0,42.0,42.0,0,49.237151,6000,3399.95,3400.0
2022-06-29 09:32:00,42.0,42.0,42.0,42.0,0,49.237151,6000,3397.55,3400.0
2022-06-29 09:33:00,42.0,42.0,42.0,42.0,0,49.237151,6000,28.01,3000.0
2022-06-29 09:34:00,42.0,42.0,42.0,42.0,0,49.237151,6000,3398.5,3400.0
2022-06-29 09:35:00,42.0,42.0,42.0,42.0,0,49.237151,6000,3400.95,3400.0
2022-06-29 09:36:00,42.0,42.0,42.0,42.0,0,49.237151,6000,3399.3,3400.0
2022-06-29 09:37:00,42.0,42.0,42.0,42.0,0,49.237151,6000,3400.45,3400.0
2022-06-29 09:38:00,42.0,42.0,42.0,42.0,0,49.237151,6000,3399.9,3400.0
2022-06-29 09:39:00,42.0,42.0,42.0,42.0,0,49.237151,6000,3400.6,3400.0
2022-06-29 09:40:00,42.0,42.0,42.0,42.0,0,49.237151,6000,28.03,3000.0
2022-06-29 09:41:00,42.0,42.0,42.0,42.0,0,49.237151,6000,3400.0,3400.0
2022-06-29 09:42:00,42.0,42.0,42.0,42.0,0,49.237151,6000,3400.05,3400.0
2022-06-29 09:43:00,42.0,42.0,42.0,42.0,0,49.237151,6000,3403.35,3400.0
2022-06-29 09:44:00,42.0,42.0,42.0,42.0,0,49.237151,6000,3402.0,3400.0
2022-06-29 09:45:00,42.0,42.0,42.0,42.0,0,49.237151,6000,3400.1,3400.0
2022-06-29 09:46:00,42.0,42.0,42.0,42.0,0,49.237151,6000,3400.55,3400.0
2022-06-29 09:47:00,42.0,42.0,42.0,42.0,0,49.237151,6000,3399.95,3400.0
2022-06-29 09:48:00,42.0,42.0,42.0,42.0,0,49.237151,6000,28.03,3000.0
2022-06-29 09:49:00,42.0,42.0,42.0,42.0,0,49.237151,6000,28.03,3000.0
2022-06-29 09:50:00,42.0,42.0,42.0,42.0,0,49.237151,6000,3398.8,3400.0
2022-06-29 09:51:00,42.0,42.0,42.0,42.0,0,49.237151,6000,3400.2,3400.0
2022-06-29 09:52:00,42.0,42.0,42.0,42.0,0,49.237151,6000,3399.45,3400.0
2022-06-29 09:53:00,42.0,42.0,42.0,42.0,0,49.237151,6000,28.03,3000.0
2022-06-29 09:54:00,42.0,42.0,42.0,42.0,0,49.237151,6000,28.03,3000.0
2022-06-29 09:55:00,42.0,42.0,42.0,42.0,0,49.237151,6000,3399.7,3400.0
2022-06-29 09:56:00,42.0,42.0,42.0,42.0,0,49.237151,6000,3400.5,3400.0
2022-06-29 09:57:00,42.0,42.0,42.0,42.0,0,49.237151,6000,3400.0,3400.0
2022-06-29 09:58:00,42.0,42.0,42.0,42.0,0,49.237151,6000,3400.2,3400.0
2022-06-29 09:59:00,42.0,42.0,42.0,42.0,0,49.237151,6000,3403.45,3400.0
2022-06-29 10:00:00,42.0,42.0,42.0,42.0,0,49.237151,6000,3404.05,3400.0
2022-06-29 10:01:00,42.0,42.0,42.0,42.0,0,49.237151,6000,3404.6,3400.0
2022-06-29 10:02:00,42.0,42.0,42.0,42.0,0,49.237151,6000,3405.0,3400.0
2022-06-29 10:03:00,42.0,42.0,42.0,42.0,0,49.237151,6000,28.03,3000.0
2022-06-29 10:04:00,42.0,42.0,42.0,42.0,0,49.237151,6000,3404.35,3400.0
2022-06-29 10:05:00,42.0,42.0,42.0,42.0,0,49.237151,6000,3405.5,3400.0
2022-06-29 10:06:00,42.0,42.0,42.0,42.0,0,49.237151,6000,3404.05,3400.0
2022-06-29 10:07:00,42.0,42.0,42.0,42.0,0,49.237151,6000,3404.8,3400.0
2022-06-29 10:08:00,42.0,42.0,42.0,42.0,0,49.237151,6000,3401.05,3400.0
2022-06-29 10:09:00,42.0,42.0,42.0,42.0,0,49.237151,6000,3401.05,3400.0
2022-06-29 10:10:00,42.0,42.0,42.0,42.0,0,49.237151,6000,3400.2,3400.0
2022-06-29 10:11:00,42.0,42.0,42.0,42.0,0,49.237151,6000,3402.65,3400.0
2022-06-29 10:12:00,42.0,42.0,42.0,42.0,0,49.237151,6000,3401.65,3400.0
2022-06-29 10:13:00,42.0,42.0,42.0,42.0,0,49.237151,6000,3401.6,3400.0
2022-06-29 10:14:00,42.0,42.0,42.0,42.0,0,49.237151,6000,3401.25,3400.0
2022-06-29 10:15:00,42.0,42.0,42.0,42.0,0,49.237151,6000,3402.0,3400.0
2022-06-29 10:16:00,42.0,42.0,42.0,42.0,0,49.237151,6000,3405.0,3400.0
2022-06-29 10:17:00,42.0,42.0,42.0,42.0,0,49.237151,6000,3403.8,3400.0
2022-06-29 10:18:00,42.0,42.0,42.0,42.0,0,49.237151,6000,3405.0,3400.0
2022-06-29 10:19:00,42.0,42.0,42.0,42.0,0,49.237151,6000,3404.9,3400.0
2022-06-29 10:20:00,42.0,42.0,42.0,42.0,0,49.237151,6000,3403.15,3400.0
2022-06-29 10:21:00,42.0,42.0,42.0,42.0,0,49.237151,6000,3403.15,3400.0
2022-06-29 10:22:00,42.0,42.0,42.0,42.0,0,49.237151,6000,3404.4,3400.0
2022-06-29 10:23:00,42.0,42.0,42.0,42.0,0,49.237151,6000,3404.0,3400.0
2022-06-29 10:24:00,42.0,42.0,42.0,42.0,0,49.237151,6000,3402.1,3400.0
2022-06-29 10:25:00,42.0,42.0,42.0,42.0,0,49.237151,6000,3402.3,3400.0
2022-06-29 10:26:00,42.0,42.0,42.0,42.0,0,49.237151,6000,28.03,3000.0
2022-06-29 10:27:00,42.0,42.0,42.0,42.0,0,49.237151,6000,28.03,3000.0
2022-06-29 10:28:00,42.0,42.0,42.0,42.0,0,49.237151,6000,3400.0,3400.0
2022-06-29 10:29:00,42.0,42.0,42.0,42.0,0,49.237151,6000,3400.65,3400.0
2022-06-29 10:30:00,42.0,42.0,42.0,42.0,0,49.237151,6000,3400.45,3400.0
2022-06-29 10:31:00,42.0,42.0,42.0,42.0,0,49.237151,6000,3400.3,3400.0
2022-06-29 10:32:00,42.0,42.0,42.0,42.0,0,49.237151,6000,3400.1,3400.0
2022-06-29 10:33:00,42.0,42.0,42.0,42.0,0,49.237151,6000,3399.5,3400.0
2022-06-29 10:34:00,42.0,42.0,42.0,42.0,0,49.237151,6000,3401.05,3400.0
2022-06-29 10:35:00,42.0,42.0,42.0,42.0,0,49.237151,6000,3399.8,3400.0
2022-06-29 10:36:00,42.0,42.0,42.0,42.0,0,49.237151,6000,3399.95,3400.0
2022-06-29 10:37:00,42.0,42.0,42.0,42.0,0,49.237151,6000,3402.45,3400.0
2022-06-29 10:38:00,42.0,42.0,42.0,42.0,0,49.237151,6000,3399.8,3400.0
2022-06-29 10:39:00,42.0,42.0,42.0,42.0,0,49.237151,6000,3400.15,3400.0
2022-06-29 10:40:00,42.0,42.0,42.0,42.0,0,49.237151,6000,3398.6,3400.0
2022-06-29 10:41:00,42.0,42.0,42.0,42.0,0,49.237151,6000,3401.8,3400.0
2022-06-29 10:42:00,42.0,42.0,42.0,42.0,0,49.237151,6000,3403.1,3400.0
2022-06-29 10:43:00,42.0,42.0,42.0,42.0,0,49.237151,6000,3403.1,3400.0
2022-06-29 10:44:00,42.0,42.0,42.0,42.0,0,49.237151,6000,3402.15,3400.0
2022-06-29 10:45:00,42.0,42.0,42.0,42.0,0,49.237151,6000,3399.55,3400.0
2022-06-29 10:46:00,42.0,42.0,42.0,42.0,0,49.237151,6000,3400.0,3400.0
2022-06-29 10:47:00,42.0,42.0,42.0,42.0,0,49.237151,6000,3400.15,3400.0
2022-06-29 10:48:00,42.0,42.0,42.0,42.0,0,49.237151,6000,3402.1,3400.0
2022-06-29 10:49:00,42.0,42.0,42.0,42.0,0,49.237151,6000,3405.0,3400.0
2022-06-29 10:50:00,42.0,42.0,42.0,42.0,0,49.237151,6000,3406.65,3400.0
2022-06-29 10:51:00,42.0,42.0,42.0,42.0,0,49.237151,6000,3404.35,3400.0
2022-06-29 10:52:00,42.0,42.0,42.0,42.0,0,49.237151,6000,3401.05,3400.0
2022-06-29 10:53:00,42.0,42.0,42.0,42.0,0,49.237151,6000,3401.0,3400.0
2022-06-29 10:54:00,42.0,42.0,42.0,42.0,0,49.237151,6000,3402.0,3400.0
2022-06-29 10:55:00,42.0,42.0,42.0,42.0,0,49.237151,6000,3400.05,3400.0
2022-06-29 10:56:00,42.0,42.0,42.0,42.0,0,49.237151,6000,3400.55,3400.0
2022-06-29 10:57:00,42.0,42.0,42.0,42.0,0,49.237151,6000,3400.2,3400.0
2022-06-29 10:58:00,42.0,42.0,42.0,42.0,0,49.237151,6000,3400.3,3400.0
2022-06-29 10:59:00,42.0,42.0,42.0,42.0,0,49.237151,6000,3400.55,3400.0
2022-06-29 11:00:00,42.0,42.0,42.0,42.0,0,49.237151,6000,3400.55,3400.0
2022-06-29 11:01:00,42.0,42.0,42.0,42.0,0,49.237151,6000,3400.85,3400.0
2022-06-29 11:02:00,42.0,42.0,42.0,42.0,0,49.237151,6000,3401.9,3400.0
2022-06-29 11:03:00,42.0,42.0,42.0,42.0,0,49.237151,6000,3405.2,3400.0
2022-06-29 11:04:00,42.0,42.0,42.0,42.0,0,49.237151,6000,3402.5,3400.0
2022-06-29 11:05:00,42.0,42.0,42.0,42.0,0,49.237151,6000,3403.35,3400.0
2022-06-29 11:06:00,42.0,42.0,42.0,42.0,0,49.237151,6000,3402.1,3400.0
2022-06-29 11:07:00,42.0,42.0,42.0,42.0,0,49.237151,6000,3402.4,3400.0
2022-06-29 11:08:00,42.0,42.0,42.0,42.0,0,49.237151,6000,3404.55,3400.0
2022-06-29 11:09:00,42.0,42.0,42.0,42.0,0,49.237151,6000,28.03,3000.0
2022-06-29 11:10:00,42.0,42.0,42.0,42.0,0,49.237151,6000,3411.0,3420.0
2022-06-29 11:11:00,42.0,42.0,42.0,42.0,0,49.237151,6000,3411.5,3420.0
2022-06-29 11:12:00,42.0,42.0,42.0,42.0,0,49.237151,6000,3413.4,3420.0
2022-06-29 11:13:00,42.0,42.0,42.0,42.0,0,49.237151,6000,3416.2,3420.0
2022-06-29 11:14:00,42.0,42.0,42.0,42.0,0,49.237151,6000,3418.95,3420.0
2022-06-29 11:15:00,42.0,42.0,42.0,42.0,0,49.237151,6000,3419.0,3420.0
2022-06-29 11:16:00,42.0,42.0,42.0,42.0,0,49.237151,6000,32.01,3000.0
2022-06-29 11:17:00,42.0,42.0,42.0,42.0,0,49.237151,6000,3419.65,3420.0
2022-06-29 11:18:00,42.0,42.0,42.0,42.0,0,49.237151,6000,3419.7,3420.0
2022-06-29 11:19:00,42.0,42.0,42.0,42.0,0,49.237151,6000,3423.15,3420.0
2022-06-29 11:20:00,42.0,42.0,42.0,42.0,0,49.237151,6000,3422.35,3420.0
2022-06-29 11:21:00,42.0,42.0,42.0,42.0,0,49.237151,6000,3421.6,3420.0
2022-06-29 11:22:00,42.0,42.0,42.0,42.0,0,49.237151,6000,3422.85,3420.0
2022-06-29 11:23:00,42.0,42.0,42.0,42.0,0,49.237151,6000,3420.7,3420.0
2022-06-29 11:24:00,42.0,42.0,42.0,42.0,0,49.237151,6000,3419.2,3420.0
2022-06-29 11:25:00,42.0,42.0,42.0,42.0,0,49.237151,6000,3419.85,3420.0
2022-06-29 11:26:00,42.0,42.0,42.0,42.0,0,49.237151,6000,3420.6,3420.0
2022-06-29 11:27:00,42.0,42.0,42.0,42.0,0,49.237151,6000,3418.05,3420.0
2022-06-29 11:28:00,42.0,42.0,42.0,42.0,0,49.237151,6000,3418.7,3420.0
2022-06-29 11:29:00,42.0,42.0,42.0,42.0,0,49.237151,6000,3421.55,3420.0
2022-06-29 11:30:00,42.0,42.0,42.0,42.0,0,49.237151,6000,3421.6,3420.0
2022-06-29 11:31:00,42.0,42.0,42.0,42.0,0,49.237151,6000,3423.05,3420.0
2022-06-29 11:32:00,42.0,42.0,42.0,42.0,0,49.237151,6000,3423.35,3420.0
2022-06-29 11:33:00,42.0,42.0,42.0,42.0,0,49.237151,6000,3421.25,3420.0
2022-06-29 11:34:00,42.0,42.0,42.0,42.0,0,49.237151,6000,3420.0,3420.0
2022-06-29 11:35:00,42.0,42.0,42.0,42.0,0,49.237151,6000,3423.0,3420.0
2022-06-29 11:36:00,42.0,42.0,42.0,42.0,0,49.237151,6000,3420.0,3420.0
2022-06-29 11:37:00,42.0,42.0,42.0,42.0,0,49.237151,6000,3420.7,3420.0
2022-06-29 11:38:00,42.0,42.0,42.0,42.0,0,49.237151,6000,3420.4,3420.0
2022-06-29 11:39:00,42.0,42.0,42.0,42.0,0,49.237151,6000,3420.55,3420.0
2022-06-29 11:40:00,42.0,42.0,42.0,42.0,0,49.237151,6000,3420.9,3420.0
2022-06-29 11:41:00,42.0,42.0,42.0,42.0,0,49.237151,6000,3422.15,3420.0
2022-06-29 11:42:00,42.0,42.0,42.0,42.0,0,49.237151,6000,3422.3,3420.0
2022-06-29 11:43:00,42.0,42.0,42.0,42.0,0,49.237151,6000,3423.75,3420.0
2022-06-29 11:44:00,42.0,42.0,42.0,42.0,0,49.237151,6000,3423.6,3420.0
2022-06-29 11:45:00,42.0,42.0,42.0,42.0,0,49.237151,6000,32.01,3000.0
2022-06-29 11:46:00,42.0,42.0,42.0,42.0,0,49.237151,6000,3422.6,3420.0
2022-06-29 11:47:00,42.0,42.0,42.0,42.0,0,49.237151,6000,3425.95,3420.0
2022-06-29 11:48:00,42.0,42.0,42.0,42.0,0,49.237151,6000,3422.65,3420.0
2022-06-29 11:49:00,42.0,42.0,42.0,42.0,0,49.237151,6000,3420.3,3420.0
2022-06-29 11:50:00,42.0,42.0,42.0,42.0,0,49.237151,6000,3421.75,3420.0
2022-06-29 11:51:00,42.0,42.0,42.0,42.0,0,49.237151,6000,3423.15,3420.0
2022-06-29 11:52:00,42.0,42.0,42.0,42.0,0,49.237151,6000,3423.0,3420.0
2022-06-29 11:53:00,42.0,42.0,42.0,42.0,0,49.237151,6000,3424.7,3420.0
2022-06-29 11:54:00,42.0,42.0,42.0,42.0,0,49.237151,6000,3423.8,3420.0
2022-06-29 11:55:00,42.0,42.0,42.0,42.0,0,49.237151,6000,3425.0,3420.0
2022-06-29 11:56:00,42.0,42.0,42.0,42.0,0,49.237151,6000,3425.0,3420.0
2022-06-29 11:57:00,42.0,42.0,42.0,42.0,0,49.237151,6000,3424.9,3420.0
2022-06-29 11:58:00,42.0,42.0,42.0,42.0,0,49.237151,6000,3425.9,3420.0
2022-06-29 11:59:00,42.0,42.0,42.0,42.0,0,49.237151,6000,3428.0,3420.0
2022-06-29 12:00:00,42.0,42.0,42.0,42.0,0,49.237151,6000,3428.1,3420.0
2022-06-29 12:01:00,42.0,42.0,42.0,42.0,0,49.237151,6000,3428.75,3420.0
2022-06-29 12:02:00,42.0,42.0,42.0,42.0,0,49.237151,6000,3429.0,3420.0
2022-06-29 12:03:00,42.0,42.0,42.0,42.0,0,49.237151,6000,3429.6,3420.0
2022-06-29 12:04:00,42.0,42.0,42.0,42.0,0,49.237151,6000,3437.1,3440.0
2022-06-29 12:05:00,42.0,42.0,42.0,42.0,0,49.237151,6000,3439.35,3440.0
2022-06-29 12:06:00,42.0,42.0,42.0,42.0,0,49.237151,6000,3440.0,3440.0
2022-06-29 12:07:00,42.0,42.0,42.0,42.0,0,49.237151,6000,3441.0,3440.0
2022-06-29 12:08:00,42.0,42.0,42.0,42.0,0,49.237151,6000,3436.1,3440.0
2022-06-29 12:09:00,42.0,42.0,42.0,42.0,0,49.237151,6000,3437.1,3440.0
2022-06-29 12:10:00,42.0,42.0,42.0,42.0,0,49.237151,6000,3438.35,3440.0
2022-06-29 12:11:00,42.0,42.0,42.0,42.0,0,49.237151,6000,3436.3,3440.0
2022-06-29 12:12:00,42.0,42.0,42.0,42.0,0,49.237151,6000,3435.3,3440.0
2022-06-29 12:13:00,42.0,42.0,42.0,42.0,0,49.237151,6000,3436.8,3440.0
2022-06-29 12:14:00,42.0,42.0,42.0,42.0,0,49.237151,6000,3433.0,3440.0
2022-06-29 12:15:00,42.0,42.0,42.0,42.0,0,49.237151,6000,3432.25,3440.0
2022-06-29 12:16:00,42.0,42.0,42.0,42.0,0,49.237151,6000,3430.9,3440.0
2022-06-29 12:17:00,42.0,42.0,42.0,42.0,0,49.237151,6000,3430.7,3440.0
2022-06-29 12:18:00,42.0,42.0,42.0,42.0,0,49.237151,6000,3432.2,3440.0
2022-06-29 12:19:00,42.0,42.0,42.0,42.0,0,49.237151,6000,3430.95,3440.0
2022-06-29 12:20:00,42.0,42.0,42.0,42.0,0,49.237151,6000,3428.7,3420.0
2022-06-29 12:21:00,42.0,42.0,42.0,42.0,0,49.237151,6000,3424.2,3420.0
2022-06-29 12:22:00,42.0,42.0,42.0,42.0,0,49.237151,6000,3422.9,3420.0
2022-06-29 12:23:00,42.0,42.0,42.0,42.0,0,49.237151,6000,3421.65,3420.0
2022-06-29 12:24:00,42.0,42.0,42.0,42.0,0,49.237151,6000,3423.25,3420.0
2022-06-29 12:25:00,42.0,42.0,42.0,42.0,0,49.237151,6000,3431.4,3440.0
2022-06-29 12:26:00,42.0,42.0,42.0,42.0,0,49.237151,6000,3432.1,3440.0
2022-06-29 12:27:00,42.0,42.0,42.0,42.0,0,49.237151,6000,3435.0,3440.0
2022-06-29 12:28:00,42.0,42.0,42.0,42.0,0,49.237151,6000,3433.05,3440.0
2022-06-29 12:29:00,42.0,42.0,42.0,42.0,0,49.237151,6000,3432.0,3440.0
2022-06-29 12:30:00,42.0,42.0,42.0,42.0,0,49.237151,6000,3432.6,3440.0
2022-06-29 12:31:00,42.0,42.0,42.0,42.0,0,49.237151,6000,3434.1,3440.0
2022-06-29 12:32:00,42.0,42.0,42.0,42.0,0,49.237151,6000,3438.0,3440.0
2022-06-29 12:33:00,42.0,42.0,42.0,42.0,0,49.237151,6000,3437.85,3440.0
2022-06-29 12:34:00,42.0,42.0,42.0,42.0,0,49.237151,6000,3442.0,3440.0
2022-06-29 12:35:00,42.0,42.0,42.0,42.0,0,49.237151,6000,3451.1,3460.0
2022-06-29 12:36:00,42.0,42.0,42.0,42.0,0,49.237151,6000,3453.7,3460.0
2022-06-29 12:37:00,42.0,42.0,42.0,42.0,0,49.237151,6000,3455.0,3460.0
2022-06-29 12:38:00,42.0,42.0,42.0,42.0,0,49.237151,6000,3454.05,3460.0
2022-06-29 12:39:00,42.0,42.0,42.0,42.0,0,49.237151,6000,3451.95,3460.0
2022-06-29 12:40:00,42.0,42.0,42.0,42.0,0,49.237151,6000,3451.3,3460.0
2022-06-29 12:41:00,42.0,42.0,42.0,42.0,0,49.237151,6000,3450.0,3460.0
2022-06-29 12:42:00,42.0,42.0,42.0,42.0,0,49.237151,6000,3449.3,3440.0
2022-06-29 12:43:00,42.0,42.0,42.0,42.0,0,49.237151,6000,3443.15,3440.0
2022-06-29 12:44:00,42.0,42.0,42.0,42.0,0,49.237151,6000,3448.25,3440.0
2022-06-29 12:45:00,42.0,42.0,42.0,42.0,0,49.237151,6000,3448.7,3440.0
2022-06-29 12:46:00,42.0,42.0,42.0,42.0,0,49.237151,6000,3449.0,3440.0
2022-06-29 12:47:00,42.0,42.0,42.0,42.0,0,49.237151,6000,3449.9,3440.0
2022-06-29 12:48:00,42.0,42.0,42.0,42.0,0,49.237151,6000,3449.95,3440.0
2022-06-29 12:49:00,42.0,42.0,42.0,42.0,0,49.237151,6000,3449.1,3440.0
2022-06-29 12:50:00,42.0,42.0,42.0,42.0,0,49.237151,6000,3447.8,3440.0
2022-06-29 12:51:00,42.0,42.0,42.0,42.0,0,49.237151,6000,3449.0,3440.0
2022-06-29 12:52:00,42.0,42.0,42.0,42.0,0,49.237151,6000,3448.65,3440.0
2022-06-29 12:53:00,42.0,42.0,42.0,42.0,0,49.237151,6000,3446.6,3440.0
2022-06-29 12:54:00,42.0,42.0,42.0,42.0,0,49.237151,6000,3444.85,3440.0
2022-06-29 12:55:00,42.0,42.0,42.0,42.0,0,49.237151,6000,3442.7,3440.0
2022-06-29 12:56:00,42.0,42.0,42.0,42.0,0,49.237151,6000,3442.0,3440.0
2022-06-29 12:57:00,42.0,42.0,42.0,42.0,0,49.237151,6000,3442.0,3440.0
2022-06-29 12:58:00,42.0,42.0,42.0,42.0,0,49.237151,6000,3448.6,3440.0
2022-06-29 12:59:00,42.0,42.0,42.0,42.0,0,49.237151,6000,3446.2,3440.0
2022-06-29 13:00:00,42.0,42.0,42.0,42.0,0,49.237151,6000,3439.9,3440.0
2022-06-29 13:01:00,42.0,42.0,42.0,42.0,0,49.237151,6000,3442.85,3440.0
2022-06-29 13:02:00,42.0,42.0,42.0,42.0,0,49.237151,6000,3445.4,3440.0
2022-06-29 13:03:00,42.0,42.0,42.0,42.0,0,49.237151,6000,3446.7,3440.0
2022-06-29 13:04:00,42.0,42.0,42.0,42.0,0,49.237151,6000,3447.95,3440.0
2022-06-29 13:05:00,42.0,42.0,42.0,42.0,0,49.237151,6000,3448.9,3440.0
2022-06-29 13:06:00,42.0,42.0,42.0,42.0,0,49.237151,6000,3444.65,3440.0
2022-06-29 13:07:00,42.0,42.0,42.0,42.0,0,49.237151,6000,3445.0,3440.0
2022-06-29 13:08:00,42.0,42.0,42.0,42.0,0,49.237151,6000,3443.6,3440.0
2022-06-29 13:09:00,42.0,42.0,42.0,42.0,0,49.237151,6000,3440.0,3440.0
2022-06-29 13:10:00,42.0,42.0,42.0,42.0,0,49.237151,6000,3440.0,3440.0
2022-06-29 13:11:00,42.0,42.0,42.0,42.0,0,49.237151,6000,3436.55,3440.0
2022-06-29 13:12:00,42.0,42.0,42.0,42.0,0,49.237151,6000,3436.5,3440.0
2022-06-29 13:13:00,42.0,42.0,42.0,42.0,0,49.237151,6000,3437.2,3440.0
2022-06-29 13:14:00,42.0,42.0,42.0,42.0,0,49.237151,6000,3439.05,3440.0
2022-06-29 13:15:00,42.0,42.0,42.0,42.0,0,49.237151,6000,3437.95,3440.0
2022-06-29 13:16:00,42.0,42.0,42.0,42.0,0,49.237151,6000,3437.45,3440.0
2022-06-29 13:17:00,42.0,42.0,42.0,42.0,0,49.237151,6000,3437.4,3440.0
2022-06-29 13:18:00,42.0,42.0,42.0,42.0,0,49.237151,6000,3431.75,3440.0
2022-06-29 13:19:00,42.0,42.0,42.0,42.0,0,49.237151,6000,3435.55,3440.0
2022-06-29 13:20:00,42.0,42.0,42.0,42.0,0,49.237151,6000,32.02,3000.0
2022-06-29 13:21:00,42.0,42.0,42.0,42.0,0,49.237151,6000,3435.3,3440.0
2022-06-29 13:22:00,42.0,42.0,42.0,42.0,0,49.237151,6000,3434.95,3440.0
2022-06-29 13:23:00,42.0,42.0,42.0,42.0,0,49.237151,6000,3435.0,3440.0
2022-06-29 13:24:00,42.0,42.0,42.0,42.0,0,49.237151,6000,3433.25,3440.0
2022-06-29 13:25:00,42.0,42.0,42.0,42.0,0,49.237151,6000,3432.65,3440.0
2022-06-29 13:26:00,42.0,42.0,42.0,42.0,0,49.237151,6000,3432.95,3440.0
2022-06-29 13:27:00,42.0,42.0,42.0,42.0,0,49.237151,6000,3432.7,3440.0
2022-06-29 13:28:00,42.0,42.0,42.0,42.0,0,49.237151,6000,3432.6,3440.0
2022-06-29 13:29:00,42.0,42.0,42.0,42.0,0,49.237151,6000,3435.0,3440.0
2022-06-29 13:30:00,42.0,42.0,42.0,42.0,0,49.237151,6000,3433.5,3440.0
2022-06-29 13:31:00,42.0,42.0,42.0,42.0,0,49.237151,6000,3436.85,3440.0
2022-06-29 13:32:00,42.0,42.0,42.0,42.0,0,49.237151,6000,3439.65,3440.0
2022-06-29 13:33:00,42.0,42.0,42.0,42.0,0,49.237151,6000,3439.6,3440.0
2022-06-29 13:34:00,42.0,42.0,42.0,42.0,0,49.237151,6000,3444.4,3440.0
2022-06-29 13:35:00,42.0,42.0,42.0,42.0,0,49.237151,6000,3442.1,3440.0
2022-06-29 13:36:00,42.0,42.0,42.0,42.0,0,49.237151,6000,3441.8,3440.0
2022-06-29 13:37:00,42.0,42.0,42.0,42.0,0,49.237151,6000,3441.9,3440.0
2022-06-29 13:38:00,42.0,42.0,42.0,42.0,0,49.237151,6000,3441.25,3440.0
2022-06-29 13:39:00,42.0,42.0,42.0,42.0,0,49.237151,6000,3443.35,3440.0
2022-06-29 13:40:00,42.0,42.0,42.0,42.0,0,49.237151,6000,3443.35,3440.0
2022-06-29 13:41:00,42.0,42.0,42.0,42.0,0,49.237151,6000,3443.1,3440.0
2022-06-29 13:42:00,42.0,42.0,42.0,42.0,0,49.237151,6000,32.02,3000.0
2022-06-29 13:43:00,42.0,42.0,42.0,42.0,0,49.237151,6000,3443.05,3440.0
2022-06-29 13:44:00,42.0,42.0,42.0,42.0,0,49.237151,6000,3442.0,3440.0
2022-06-29 13:45:00,42.0,42.0,42.0,42.0,0,49.237151,6000,3441.65,3440.0
2022-06-29 13:46:00,42.0,42.0,42.0,42.0,0,49.237151,6000,3436.0,3440.0
2022-06-29 13:47:00,42.0,42.0,42.0,42.0,0,49.237151,6000,3437.95,3440.0
2022-06-29 13:48:00,42.0,42.0,42.0,42.0,0,49.237151,6000,3439.5,3440.0
2022-06-29 13:49:00,42.0,42.0,42.0,42.0,0,49.237151,6000,3440.0,3440.0
2022-06-29 13:50:00,42.0,42.0,42.0,42.0,0,49.237151,6000,3439.9,3440.0
2022-06-29 13:51:00,42.0,42.0,42.0,42.0,0,49.237151,6000,32.02,3000.0
2022-06-29 13:52:00,42.0,42.0,42.0,42.0,0,49.237151,6000,3439.95,3440.0
2022-06-29 13:53:00,42.0,42.0,42.0,42.0,0,49.237151,6000,3440.0,3440.0
2022-06-29 13:54:00,42.0,42.0,42.0,42.0,0,49.237151,6000,3440.0,3440.0
2022-06-29 13:55:00,42.0,42.0,42.0,42.0,0,49.237151,6000,3440.0,3440.0
2022-06-29 13:56:00,42.0,42.0,42.0,42.0,0,49.237151,6000,3440.0,3440.0
2022-06-29 13:57:00,42.0,42.0,42.0,42.0,0,49.237151,6000,3440.0,3440.0
2022-06-29 13:58:00,42.0,42.0,42.0,42.0,0,49.237151,6000,3440.0,3440.0
2022-06-29 13:59:00,42.0,42.0,42.0,42.0,0,49.237151,6000,3445.8,3440.0
2022-06-29 14:00:00,42.0,42.0,42.0,42.0,0,49.237151,6000,3447.0,3440.0
2022-06-29 14:01:00,42.0,42.0,42.0,42.0,0,49.237151,6000,3446.8,3440.0
2022-06-29 14:02:00,42.0,42.0,42.0,42.0,0,49.237151,6000,3444.0,3440.0
2022-06-29 14:03:00,42.0,42.0,42.0,42.0,0,49.237151,6000,3440.85,3440.0
2022-06-29 14:04:00,42.0,42.0,42.0,42.0,0,49.237151,6000,3439.8,3440.0
2022-06-29 14:05:00,42.0,42.0,42.0,42.0,0,49.237151,6000,3440.0,3440.0
2022-06-29 14:06:00,42.0,42.0,42.0,42.0,0,49.237151,6000,3440.0,3440.0
2022-06-29 14:07:00,42.0,42.0,42.0,42.0,0,49.237151,6000,3440.0,3440.0
2022-06-29 14:08:00,42.0,42.0,42.0,42.0,0,49.237151,6000,3440.0,3440.0
2022-06-29 14:09:00,42.0,42.0,42.0,42.0,0,49.237151,6000,3440.0,3440.0
2022-06-29 14:10:00,42.0,42.0,42.0,42.0,0,49.237151,6000,3444.7,3440.0
2022-06-29 14:11:00,42.0,42.0,42.0,42.0,0,49.237151,6000,3443.8,3440.0
2022-06-29 14:12:00,42.0,42.0,42.0,42.0,0,49.237151,6000,3445.15,3440.0
2022-06-29 14:13:00,42.0,42.0,42.0,42.0,0,49.237151,6000,3445.95,3440.0
2022-06-29 14:14:00,42.0,42.0,42.0,42.0,0,49.237151,6000,3445.0,3440.0
2022-06-29 14:15:00,42.0,42.0,42.0,42.0,0,49.237151,6000,3445.0,3440.0
2022-06-29 14:16:00,42.0,42.0,42.0,42.0,0,49.237151,6000,3440.0,3440.0
2022-06-29 14:17:00,42.0,42.0,42.0,42.0,0,49.237151,6000,3440.0,3440.0
2022-06-29 14:18:00,42.0,42.0,42.0,42.0,0,49.237151,6000,3443.85,3440.0
2022-06-29 14:19:00,42.0,42.0,42.0,42.0,0,49.237151,6000,3439.95,3440.0
2022-06-29 14:20:00,42.0,42.0,42.0,42.0,0,49.237151,6000,3440.0,3440.0
2022-06-29 14:21:00,42.0,42.0,42.0,42.0,0,49.237151,6000,3440.0,3440.0
2022-06-29 14:22:00,42.0,42.0,42.0,42.0,0,49.237151,6000,3440.0,3440.0
2022-06-29 14:23:00,42.0,42.0,42.0,42.0,0,49.237151,6000,3439.95,3440.0
2022-06-29 14:24:00,42.0,42.0,42.0,42.0,0,49.237151,6000,3439.9,3440.0
2022-06-29 14:25:00,42.0,42.0,42.0,42.0,0,49.237151,6000,3440.0,3440.0
2022-06-29 14:26:00,42.0,42.0,42.0,42.0,0,49.237151,6000,3439.95,3440.0
2022-06-29 14:27:00,42.0,42.0,42.0,42.0,0,49.237151,6000,3440.0,3440.0
2022-06-29 14:28:00,42.0,42.0,42.0,42.0,0,49.237151,6000,3440.0,3440.0
2022-06-29 14:29:00,42.0,42.0,42.0,42.0,0,49.237151,6000,3440.0,3440.0
2022-06-29 14:30:00,42.0,42.0,42.0,42.0,0,49.237151,6000,3440.0,3440.0
2022-06-29 14:31:00,42.0,42.0,42.0,42.0,0,49.237151,6000,3439.95,3440.0
2022-06-29 14:32:00,42.0,42.0,42.0,42.0,0,49.237151,6000,3440.0,3440.0
2022-06-29 14:33:00,42.0,42.0,42.0,42.0,0,49.237151,6000,3439.95,3440.0
2022-06-29 14:34:00,42.0,42.0,42.0,42.0,0,49.237151,6000,3437.1,3440.0
2022-06-29 14:35:00,42.0,42.0,42.0,42.0,0,49.237151,6000,3433.95,3440.0
2022-06-29 14:36:00,42.0,42.0,42.0,42.0,0,49.237151,6000,3436.35,3440.0
2022-06-29 14:37:00,42.0,42.0,42.0,42.0,0,49.237151,6000,3435.6,3440.0
2022-06-29 14:38:00,42.0,42.0,42.0,42.0,0,49.237151,6000,3436.85,3440.0
2022-06-29 14:39:00,42.0,42.0,42.0,42.0,0,49.237151,6000,3436.75,3440.0
2022-06-29 14:40:00,42.0,42.0,42.0,42.0,0,49.237151,6000,3438.05,3440.0
2022-06-29 14:41:00,42.0,42.0,42.0,42.0,0,49.237151,6000,3438.7,3440.0
2022-06-29 14:42:00,42.0,42.0,42.0,42.0,0,49.237151,6000,3438.0,3440.0
2022-06-29 14:43:00,42.0,42.0,42.0,42.0,0,49.237151,6000,3437.9,3440.0
2022-06-29 14:44:00,42.0,42.0,42.0,42.0,0,49.237151,6000,3439.2,3440.0
2022-06-29 14:45:00,42.0,42.0,42.0,42.0,0,49.237151,6000,3440.1,3440.0
2022-06-29 14:46:00,42.0,42.0,42.0,42.0,0,49.237151,6000,3443.1,3440.0
2022-06-29 14:47:00,42.0,42.0,42.0,42.0,0,49.237151,6000,3443.85,3440.0
2022-06-29 14:48:00,42.0,42.0,42.0,42.0,0,49.237151,6000,3440.0,3440.0
2022-06-29 14:49:00,42.0,42.0,42.0,42.0,0,49.237151,6000,3441.1,3440.0
2022-06-29 14:50:00,42.0,42.0,42.0,42.0,0,49.237151,6000,3441.0,3440.0
2022-06-29 14:51:00,42.0,42.0,42.0,42.0,0,49.237151,6000,3439.95,3440.0
2022-06-29 14:52:00,42.0,42.0,42.0,42.0,0,49.237151,6000,3436.5,3440.0
2022-06-29 14:53:00,42.0,42.0,42.0,42.0,0,49.237151,6000,3433.0,3440.0
2022-06-29 14:54:00,42.0,42.0,42.0,42.0,0,49.237151,6000,3433.85,3440.0
2022-06-29 14:55:00,42.0,42.0,42.0,42.0,0,49.237151,6000,3429.85,3420.0
2022-06-29 14:56:00,42.0,42.0,42.0,42.0,0,49.237151,6000,3426.95,3420.0
2022-06-29 14:57:00,42.0,42.0,42.0,42.0,0,49.237151,6000,3429.15,3420.0
2022-06-29 14:58:00,42.0,42.0,42.0,42.0,0,49.237151,6000,3427.85,3420.0
2022-06-29 14:59:00,42.0,42.0,42.0,42.0,0,49.237151,6000,3427.0,3420.0
2022-06-29 15:00:00,42.0,42.0,42.0,42.0,0,49.237151,6000,3416.7,3420.0
2022-06-29 15:01:00,42.0,42.0,42.0,42.0,0,49.237151,6000,3413.5,3420.0
2022-06-29 15:02:00,42.0,42.0,42.0,42.0,0,49.237151,6000,3415.05,3420.0
2022-06-29 15:03:00,42.0,42.0,42.0,42.0,0,49.237151,6000,3411.35,3420.0
2022-06-29 15:04:00,42.0,42.0,42.0,42.0,0,49.237151,6000,3405.7,3400.0
2022-06-29 15:05:00,42.0,42.0,42.0,42.0,0,49.237151,6000,3411.4,3420.0
2022-06-29 15:06:00,42.0,42.0,42.0,42.0,0,49.237151,6000,3409.5,3400.0
2022-06-29 15:07:00,42.0,42.0,42.0,42.0,0,49.237151,6000,3407.05,3400.0
2022-06-29 15:08:00,42.0,42.0,42.0,42.0,0,49.237151,6000,3404.05,3400.0
2022-06-29 15:09:00,42.0,42.0,42.0,42.0,0,49.237151,6000,3405.85,3400.0
2022-06-29 15:10:00,42.0,42.0,42.0,42.0,0,49.237151,6000,3401.15,3400.0
2022-06-29 15:11:00,42.0,42.0,42.0,42.0,0,49.237151,6000,3400.15,3400.0
2022-06-29 15:12:00,42.0,42.0,42.0,42.0,0,49.237151,6000,3398.5,3400.0
2022-06-29 15:13:00,42.0,42.0,42.0,42.0,0,49.237151,6000,3397.05,3400.0
2022-06-29 15:14:00,42.0,42.0,42.0,42.0,0,49.237151,6000,3395.7,3400.0
2022-06-29 15:15:00,42.0,42.0,42.0,42.0,0,49.237151,6000,3401.05,3400.0
2022-06-29 15:16:00,42.0,42.0,42.0,42.0,0,49.237151,6000,3400.05,3400.0
2022-06-29 15:17:00,42.0,42.0,42.0,42.0,0,49.237151,6000,3400.8,3400.0
2022-06-29 15:18:00,42.0,42.0,42.0,42.0,0,49.237151,6000,3401.0,3400.0
2022-06-29 15:19:00,42.0,42.0,42.0,42.0,0,49.237151,6000,3400.0,3400.0
2022-06-29 15:20:00,42.0,42.0,42.0,42.0,0,49.237151,6000,3400.0,3400.0
2022-06-29 15:21:00,42.0,42.0,42.0,42.0,0,49.237151,6000,3400.0,3400.0
2022-06-29 15:22:00,42.0,42.0,42.0,42.0,0,49.237151,6000,3400.0,3400.0
2022-06-29 15:23:00,42.0,42.0,42.0,42.0,0,49.237151,6000,3400.05,3400.0
2022-06-29 15:24:00,42.0,42.0,42.0,42.0,0,49.237151,6000,3403.65,3400.0
2022-06-29 15:25:00,42.0,42.0,42.0,42.0,0,49.237151,6000,3401.85,3400.0
2022-06-29 15:26:00,42.0,42.0,42.0,42.0,0,49.237151,6000,3401.75,3400.0
2022-06-29 15:27:00,42.0,42.0,42.0,42.0,0,49.237151,6000,3403.9,3400.0
2022-06-29 15:28:00,42.0,42.0,42.0,42.0,0,49.237151,6000,3401.8,3400.0
2022-06-29 15:29:00,42.0,42.0,42.0,42.0,0,49.237151,6000,3415.7,3420.0
2022-06-30 11:48:00,420.0,420.0,420.0,420.0,200,0.0,200,32.1,3000.0
2022-06-30 11:49:00,420.0,420.0,420.0,420.0,0,0.0,200,32.1,3000.0
2022-06-30 11:50:00,420.0,420.0,420.0,420.0,0,0.0,200,32.1,3000.0
2022-06-30 11:51:00,420.0,420.0,420.0,420.0,0,0.0,200,32.1,3000.0
2022-06-30 11:52:00,420.0,420.0,420.0,420.0,0,0.0,200,32.1,3000.0
2022-06-30 11:53:00,420.0,420.0,420.0,420.0,0,0.0,200,32.1,3000.0
2022-06-30 11:54:00,420.0,420.0,420.0,420.0,0,0.0,200,32.1,3000.0
2022-06-30 11:55:00,420.0,420.0,420.0,420.0,0,0.0,200,32.1,3000.0
2022-06-30 11:56:00,420.0,420.0,420.0,420.0,0,0.0,200,32.1,3000.0
2022-06-30 11:57:00,420.0,420.0,420.0,420.0,0,0.0,200,32.1,3000.0
2022-06-30 11:58:00,420.0,420.0,420.0,420.0,0,0.0,200,32.1,3000.0
2022-06-30 11:59:00,420.0,420.0,420.0,420.0,0,0.0,200,32.1,3000.0
2022-06-30 12:00:00,420.0,420.0,420.0,420.0,0,0.0,200,32.1,3000.0
2022-06-30 12:01:00,420.0,420.0,420.0,420.0,0,0.0,200,32.1,3000.0
2022-06-30 12:02:00,420.0,420.0,420.0,420.0,0,0.0,200,32.1,3000.0
2022-06-30 12:03:00,420.0,420.0,420.0,420.0,0,0.0,200,32.1,3000.0
2022-06-30 12:04:00,420.0,420.0,420.0,420.0,0,0.0,200,32.1,3000.0
2022-06-30 12:05:00,420.0,420.0,420.0,420.0,0,0.0,200,32.1,3000.0
2022-06-30 12:06:00,420.0,420.0,420.0,420.0,0,0.0,200,32.1,3000.0
2022-06-30 12:07:00,420.0,420.0,420.0,420.0,0,0.0,200,32.1,3000.0
2022-06-30 12:08:00,420.0,420.0,420.0,420.0,0,0.0,200,32.1,3000.0
2022-06-30 12:09:00,420.0,420.0,420.0,420.0,0,0.0,200,32.1,3000.0
2022-06-30 12:10:00,420.0,420.0,420.0,420.0,0,0.0,200,32.1,3000.0
2022-06-30 12:11:00,420.0,420.0,420.0,420.0,0,0.0,200,32.1,3000.0
2022-06-30 12:12:00,420.0,420.0,420.0,420.0,0,0.0,200,32.1,3000.0
2022-06-30 12:13:00,420.0,420.0,420.0,420.0,0,0.0,200,32.1,3000.0
2022-06-30 12:14:00,420.0,420.0,420.0,420.0,0,0.0,200,32.1,3000.0
2022-06-30 12:15:00,420.0,420.0,420.0,420.0,0,0.0,200,32.1,3000.0
2022-06-30 12:16:00,420.0,420.0,420.0,420.0,0,0.0,200,32.1,3000.0
2022-06-30 12:17:00,420.0,420.0,420.0,420.0,0,0.0,200,32.1,3000.0
2022-06-30 12:18:00,420.0,420.0,420.0,420.0,0,0.0,200,32.1,3000.0
2022-06-30 12:19:00,420.0,420.0,420.0,420.0,0,0.0,200,32.1,3000.0
2022-06-30 12:20:00,420.0,420.0,420.0,420.0,0,0.0,200,32.1,3000.0
2022-06-30 12:21:00,420.0,420.0,420.0,420.0,0,0.0,200,32.1,3000.0
2022-06-30 12:22:00,420.0,420.0,420.0,420.0,0,0.0,200,32.1,3000.0
2022-06-30 12:23:00,420.0,420.0,420.0,420.0,0,0.0,200,32.1,3000.0
2022-06-30 12:24:00,420.0,420.0,420.0,420.0,0,0.0,200,32.1,3000.0
2022-06-30 12:25:00,420.0,420.0,420.0,420.0,0,0.0,200,32.1,3000.0
2022-06-30 12:26:00,420.0,420.0,420.0,420.0,0,0.0,200,32.1,3000.0
2022-06-30 12:27:00,420.0,420.0,420.0,420.0,0,0.0,200,32.1,3000.0
2022-06-30 12:28:00,420.0,420.0,420.0,420.0,0,0.0,200,32.1,3000.0
2022-06-30 12:29:00,420.0,420.0,420.0,420.0,0,0.0,200,32.1,3000.0
2022-06-30 12:30:00,420.0,420.0,420.0,420.0,0,0.0,200,32.1,3000.0
2022-06-30 12:31:00,420.0,420.0,420.0,420.0,0,0.0,200,32.1,3000.0
2022-06-30 12:32:00,420.0,420.0,420.0,420.0,0,0.0,200,32.1,3000.0
2022-06-30 12:33:00,420.0,420.0,420.0,420.0,0,0.0,200,32.1,3000.0
2022-06-30 12:34:00,420.0,420.0,420.0,420.0,0,0.0,200,32.1,3000.0
2022-06-30 12:35:00,420.0,420.0,420.0,420.0,0,0.0,200,32.1,3000.0
2022-06-30 12:36:00,420.0,420.0,420.0,420.0,0,0.0,200,32.1,3000.0
2022-06-30 12:37:00,420.0,420.0,420.0,420.0,0,0.0,200,32.1,3000.0
2022-06-30 12:38:00,420.0,420.0,420.0,420.0,0,0.0,200,32.1,3000.0
2022-06-30 12:39:00,420.0,420.0,420.0,420.0,0,0.0,200,32.1,3000.0
2022-06-30 12:40:00,420.0,420.0,420.0,420.0,0,0.0,200,32.1,3000.0
2022-06-30 12:41:00,420.0,420.0,420.0,420.0,0,0.0,200,32.1,3000.0
2022-06-30 12:42:00,420.0,420.0,420.0,420.0,0,0.0,200,32.1,3000.0
2022-06-30 12:43:00,420.0,420.0,420.0,420.0,0,0.0,200,32.1,3000.0
2022-06-30 12:44:00,420.0,420.0,420.0,420.0,0,0.0,200,32.1,3000.0
2022-06-30 12:45:00,420.0,420.0,420.0,420.0,0,0.0,200,32.1,3000.0
2022-06-30 12:46:00,420.0,420.0,420.0,420.0,0,0.0,200,32.1,3000.0
2022-06-30 12:47:00,420.0,420.0,420.0,420.0,0,0.0,200,32.1,3000.0
2022-06-30 12:48:00,420.0,420.0,420.0,420.0,0,0.0,200,32.1,3000.0
2022-06-30 12:49:00,420.0,420.0,420.0,420.0,0,0.0,200,32.1,3000.0
2022-06-30 12:50:00,420.0,420.0,420.0,420.0,0,0.0,200,32.1,3000.0
2022-06-30 12:51:00,420.0,420.0,420.0,420.0,0,0.0,200,32.1,3000.0
2022-06-30 12:52:00,420.0,420.0,420.0,420.0,0,0.0,200,32.1,3000.0
2022-06-30 12:53:00,420.0,420.0,420.0,420.0,0,0.0,200,32.1,3000.0
2022-06-30 12:54:00,420.0,420.0,420.0,420.0,0,0.0,200,32.1,3000.0
2022-06-30 12:55:00,420.0,420.0,420.0,420.0,0,0.0,200,32.1,3000.0
2022-06-30 12:56:00,420.0,420.0,420.0,420.0,0,0.0,200,32.1,3000.0
2022-06-30 12:57:00,420.0,420.0,420.0,420.0,0,0.0,200,32.1,3000.0
2022-06-30 12:58:00,420.0,420.0,420.0,420.0,0,0.0,200,32.1,3000.0
2022-06-30 12:59:00,420.0,420.0,420.0,420.0,0,0.0,200,32.1,3000.0
2022-06-30 13:00:00,420.0,420.0,420.0,420.0,0,0.0,200,32.1,3000.0
2022-06-30 13:01:00,420.0,420.0,420.0,420.0,0,0.0,200,32.1,3000.0
2022-06-30 13:02:00,420.0,420.0,420.0,420.0,0,0.0,200,32.1,3000.0
2022-06-30 13:03:00,420.0,420.0,420.0,420.0,0,0.0,200,32.1,3000.0
2022-06-30 13:04:00,420.0,420.0,420.0,420.0,0,0.0,200,32.1,3000.0
2022-06-30 13:05:00,420.0,420.0,420.0,420.0,0,0.0,200,32.1,3000.0
2022-06-30 13:06:00,420.0,420.0,420.0,420.0,0,0.0,200,32.1,3000.0
2022-06-30 13:07:00,420.0,420.0,420.0,420.0,0,0.0,200,32.1,3000.0
2022-06-30 13:08:00,420.0,420.0,420.0,420.0,0,0.0,200,32.1,3000.0
2022-06-30 13:09:00,420.0,420.0,420.0,420.0,0,0.0,200,32.1,3000.0
2022-06-30 13:10:00,420.0,420.0,420.0,420.0,0,0.0,200,32.1,3000.0
2022-06-30 13:11:00,420.0,420.0,420.0,420.0,0,0.0,200,32.1,3000.0
2022-06-30 13:12:00,420.0,420.0,420.0,420.0,0,0.0,200,32.1,3000.0
2022-06-30 13:13:00,420.0,420.0,420.0,420.0,0,0.0,200,32.1,3000.0
2022-06-30 13:14:00,420.0,420.0,420.0,420.0,0,0.0,200,32.1,3000.0
2022-06-30 13:15:00,420.0,420.0,420.0,420.0,0,0.0,200,32.1,3000.0
2022-06-30 13:16:00,420.0,420.0,420.0,420.0,0,0.0,200,32.1,3000.0
2022-06-30 13:17:00,420.0,420.0,420.0,420.0,0,0.0,200,32.1,3000.0
2022-06-30 13:18:00,420.0,420.0,420.0,420.0,0,0.0,200,32.1,3000.0
2022-06-30 13:19:00,420.0,420.0,420.0,420.0,0,0.0,200,32.1,3000.0
2022-06-30 13:20:00,420.0,420.0,420.0,420.0,0,0.0,200,32.1,3000.0
2022-06-30 13:21:00,420.0,420.0,420.0,420.0,0,0.0,200,32.1,3000.0
2022-06-30 13:22:00,420.0,420.0,420.0,420.0,0,0.0,200,32.1,3000.0
2022-06-30 13:23:00,420.0,420.0,420.0,420.0,0,0.0,200,32.1,3000.0
2022-06-30 13:24:00,420.0,420.0,420.0,420.0,0,0.0,200,32.1,3000.0
2022-06-30 13:25:00,420.0,420.0,420.0,420.0,0,0.0,200,32.1,3000.0
2022-06-30 13:26:00,420.0,420.0,420.0,420.0,0,0.0,200,32.1,3000.0
2022-06-30 13:27:00,420.0,420.0,420.0,420.0,0,0.0,200,32.1,3000.0
2022-06-30 13:28:00,420.0,420.0,420.0,420.0,0,0.0,200,32.1,3000.0
2022-06-30 13:29:00,420.0,420.0,420.0,420.0,0,0.0,200,32.1,3000.0
2022-06-30 13:30:00,420.0,420.0,420.0,420.0,0,0.0,200,32.1,3000.0
2022-06-30 13:31:00,420.0,420.0,420.0,420.0,0,0.0,200,32.1,3000.0
2022-06-30 13:32:00,420.0,420.0,420.0,420.0,0,0.0,200,32.1,3000.0
2022-06-30 13:33:00,420.0,420.0,420.0,420.0,0,0.0,200,32.1,3000.0
2022-06-30 13:34:00,420.0,420.0,420.0,420.0,0,0.0,200,32.1,3000.0
2022-06-30 13:35:00,420.0,420.0,420.0,420.0,0,0.0,200,32.1,3000.0
2022-06-30 13:36:00,420.0,420.0,420.0,420.0,0,0.0,200,32.1,3000.0
2022-06-30 13:37:00,420.0,420.0,420.0,420.0,0,0.0,200,32.1,3000.0
2022-06-30 13:38:00,420.0,420.0,420.0,420.0,0,0.0,200,32.1,3000.0
2022-06-30 13:39:00,420.0,420.0,420.0,420.0,0,0.0,200,32.1,3000.0
2022-06-30 13:40:00,420.0,420.0,420.0,420.0,0,0.0,200,32.1,3000.0
2022-06-30 13:41:00,420.0,420.0,420.0,420.0,0,0.0,200,32.1,3000.0
2022-06-30 13:42:00,420.0,420.0,420.0,420.0,0,0.0,200,32.1,3000.0
2022-06-30 13:43:00,420.0,420.0,420.0,420.0,0,0.0,200,32.1,3000.0
2022-06-30 13:44:00,420.0,420.0,420.0,420.0,0,0.0,200,32.1,3000.0
2022-06-30 13:45:00,420.0,420.0,420.0,420.0,0,0.0,200,32.1,3000.0
2022-06-30 13:46:00,420.0,420.0,420.0,420.0,0,0.0,200,32.1,3000.0
2022-06-30 13:47:00,420.0,420.0,420.0,420.0,0,0.0,200,32.1,3000.0
2022-06-30 13:48:00,420.0,420.0,420.0,420.0,0,0.0,200,32.1,3000.0
2022-06-30 13:49:00,420.0,420.0,420.0,420.0,0,0.0,200,32.1,3000.0
2022-06-30 13:50:00,420.0,420.0,420.0,420.0,0,0.0,200,32.1,3000.0
2022-06-30 13:51:00,420.0,420.0,420.0,420.0,0,0.0,200,32.1,3000.0
2022-06-30 13:52:00,420.0,420.0,420.0,420.0,0,0.0,200,32.1,3000.0
2022-06-30 13:53:00,420.0,420.0,420.0,420.0,0,0.0,200,32.1,3000.0
2022-06-30 13:54:00,420.0,420.0,420.0,420.0,0,0.0,200,32.1,3000.0
2022-06-30 13:55:00,420.0,420.0,420.0,420.0,0,0.0,200,32.1,3000.0
2022-06-30 13:56:00,420.0,420.0,420.0,420.0,0,0.0,200,32.1,3000.0
2022-06-30 13:57:00,420.0,420.0,420.0,420.0,0,0.0,200,32.1,3000.0
2022-06-30 13:58:00,420.0,420.0,420.0,420.0,0,0.0,200,32.1,3000.0
2022-06-30 13:59:00,420.0,420.0,420.0,420.0,0,0.0,200,32.1,3000.0
2022-06-30 14:00:00,420.0,420.0,420.0,420.0,0,0.0,200,32.1,3000.0
2022-06-30 14:01:00,420.0,420.0,420.0,420.0,0,0.0,200,32.1,3000.0
2022-06-30 14:02:00,420.0,420.0,420.0,420.0,0,0.0,200,32.1,3000.0
2022-06-30 14:03:00,420.0,420.0,420.0,420.0,0,0.0,200,32.1,3000.0
2022-06-30 14:04:00,420.0,420.0,420.0,420.0,0,0.0,200,32.1,3000.0
2022-06-30 14:05:00,420.0,420.0,420.0,420.0,0,0.0,200,32.1,3000.0
2022-06-30 14:06:00,420.0,420.0,420.0,420.0,0,0.0,200,32.1,3000.0
2022-06-30 14:07:00,420.0,420.0,420.0,420.0,0,0.0,200,32.1,3000.0
2022-06-30 14:08:00,420.0,420.0,420.0,420.0,0,0.0,200,32.1,3000.0
2022-06-30 14:09:00,420.0,420.0,420.0,420.0,0,0.0,200,32.1,3000.0
2022-06-30 14:10:00,420.0,420.0,420.0,420.0,0,0.0,200,32.1,3000.0
2022-06-30 14:11:00,420.0,420.0,420.0,420.0,0,0.0,200,32.1,3000.0
2022-06-30 14:12:00,420.0,420.0,420.0,420.0,0,0.0,200,32.1,3000.0
2022-06-30 14:13:00,420.0,420.0,420.0,420.0,0,0.0,200,32.1,3000.0
2022-06-30 14:14:00,420.0,420.0,420.0,420.0,0,0.0,200,32.1,3000.0
2022-06-30 14:15:00,420.0,420.0,420.0,420.0,0,0.0,200,32.1,3000.0
2022-06-30 14:16:00,420.0,420.0,420.0,420.0,0,0.0,200,32.1,3000.0
2022-06-30 14:17:00,420.0,420.0,420.0,420.0,0,0.0,200,32.1,3000.0
2022-06-30 14:18:00,420.0,420.0,420.0,420.0,0,0.0,200,32.1,3000.0
2022-06-30 14:19:00,420.0,420.0,420.0,420.0,0,0.0,200,32.1,3000.0
2022-06-30 14:20:00,420.0,420.0,420.0,420.0,0,0.0,200,32.1,3000.0
2022-06-30 14:21:00,420.0,420.0,420.0,420.0,0,0.0,200,32.1,3000.0
2022-06-30 14:22:00,420.0,420.0,420.0,420.0,0,0.0,200,32.1,3000.0
2022-06-30 14:23:00,420.0,420.0,420.0,420.0,0,0.0,200,32.1,3000.0
2022-06-30 14:24:00,420.0,420.0,420.0,420.0,0,0.0,200,32.1,3000.0
2022-06-30 14:25:00,420.0,420.0,420.0,420.0,0,0.0,200,32.1,3000.0
2022-06-30 14:26:00,420.0,420.0,420.0,420.0,0,0.0,200,32.1,3000.0
2022-06-30 14:27:00,420.0,420.0,420.0,420.0,0,0.0,200,32.1,3000.0
2022-06-30 14:28:00,420.0,420.0,420.0,420.0,0,0.0,200,32.1,3000.0
2022-06-30 14:29:00,420.0,420.0,420.0,420.0,0,0.0,200,32.1,3000.0
2022-06-30 14:30:00,420.0,420.0,420.0,420.0,0,0.0,200,32.1,3000.0
2022-06-30 14:31:00,420.0,420.0,420.0,420.0,0,0.0,200,32.1,3000.0
2022-06-30 14:32:00,420.0,420.0,420.0,420.0,0,0.0,200,32.1,3000.0
2022-06-30 14:33:00,420.0,420.0,420.0,420.0,0,0.0,200,32.1,3000.0
2022-06-30 14:34:00,420.0,420.0,420.0,420.0,0,0.0,200,32.1,3000.0
2022-06-30 14:35:00,420.0,420.0,420.0,420.0,0,0.0,200,32.1,3000.0
2022-06-30 14:36:00,420.0,420.0,420.0,420.0,0,0.0,200,32.1,3000.0
2022-06-30 14:37:00,420.0,420.0,420.0,420.0,0,0.0,200,32.1,3000.0
2022-06-30 14:38:00,420.0,420.0,420.0,420.0,0,0.0,200,32.1,3000.0
2022-06-30 14:39:00,420.0,420.0,420.0,420.0,0,0.0,200,32.1,3000.0
2022-06-30 14:40:00,420.0,420.0,420.0,420.0,0,0.0,200,32.1,3000.0
2022-06-30 14:41:00,420.0,420.0,420.0,420.0,0,0.0,200,32.1,3000.0
2022-06-30 14:42:00,420.0,420.0,420.0,420.0,0,0.0,200,32.1,3000.0
2022-06-30 14:43:00,420.0,420.0,420.0,420.0,0,0.0,200,32.1,3000.0
2022-06-30 14:44:00,420.0,420.0,420.0,420.0,0,0.0,200,32.1,3000.0
2022-06-30 14:45:00,420.0,420.0,420.0,420.0,0,0.0,200,32.1,3000.0
2022-06-30 14:46:00,420.0,420.0,420.0,420.0,0,0.0,200,32.1,3000.0
2022-06-30 14:47:00,420.0,420.0,420.0,420.0,0,0.0,200,32.1,3000.0
2022-06-30 14:48:00,420.0,420.0,420.0,420.0,0,0.0,200,32.1,3000.0
2022-06-30 14:49:00,420.0,420.0,420.0,420.0,0,0.0,200,32.1,3000.0
2022-06-30 14:50:00,420.0,420.0,420.0,420.0,0,0.0,200,32.1,3000.0
2022-06-30 14:51:00,420.0,420.0,420.0,420.0,0,0.0,200,32.1,3000.0
2022-06-30 14:52:00,420.0,420.0,420.0,420.0,0,0.0,200,32.1,3000.0
2022-06-30 14:53:00,420.0,420.0,420.0,420.0,0,0.0,200,32.1,3000.0
2022-06-30 14:54:00,420.0,420.0,420.0,420.0,0,0.0,200,32.1,3000.0
2022-06-30 14:55:00,420.0,420.0,420.0,420.0,0,0.0,200,32.1,3000.0
2022-06-30 14:56:00,420.0,420.0,420.0,420.0,0,0.0,200,32.1,3000.0
2022-06-30 14:57:00,420.0,420.0,420.0,420.0,0,0.0,200,32.1,3000.0
2022-06-30 14:58:00,420.0,420.0,420.0,420.0,0,0.0,200,32.1,3000.0
2022-06-30 14:59:00,420.0,420.0,420.0,420.0,0,0.0,200,32.1,3000.0
2022-06-30 15:00:00,420.0,420.0,420.0,420.0,0,0.0,200,32.1,3000.0
2022-06-30 15:01:00,420.0,420.0,420.0,420.0,0,0.0,200,32.1,3000.0
2022-06-30 15:02:00,420.0,420.0,420.0,420.0,0,0.0,200,32.1,3000.0
2022-06-30 15:03:00,420.0,420.0,420.0,420.0,0,0.0,200,32.1,3000.0
2022-06-30 15:04:00,420.0,420.0,420.0,420.0,0,0.0,200,32.1,3000.0
2022-06-30 15:05:00,420.0,420.0,420.0,420.0,0,0.0,200,32.1,3000.0
2022-06-30 15:06:00,420.0,420.0,420.0,420.0,0,0.0,200,32.1,3000.0
2022-06-30 15:07:00,420.0,420.0,420.0,420.0,0,0.0,200,32.1,3000.0
2022-06-30 15:08:00,420.0,420.0,420.0,420.0,0,0.0,200,32.1,3000.0
2022-06-30 15:09:00,420.0,420.0,420.0,420.0,0,0.0,200,32.1,3000.0
2022-06-30 15:10:00,420.0,420.0,420.0,420.0,0,0.0,200,32.1,3000.0
2022-06-30 15:11:00,420.0,420.0,420.0,420.0,0,0.0,200,32.1,3000.0
2022-06-30 15:12:00,420.0,420.0,420.0,420.0,0,0.0,200,32.1,3000.0
2022-06-30 15:13:00,420.0,420.0,420.0,420.0,0,0.0,200,32.1,3000.0
2022-06-30 15:14:00,420.0,420.0,420.0,420.0,0,0.0,200,32.1,3000.0
2022-06-30 15:15:00,420.0,420.0,420.0,420.0,0,0.0,200,32.1,3000.0
2022-06-30 15:16:00,420.0,420.0,420.0,420.0,0,0.0,200,32.1,3000.0
2022-06-30 15:17:00,420.0,420.0,420.0,420.0,0,0.0,200,32.1,3000.0
2022-06-30 15:18:00,420.0,420.0,420.0,420.0,0,0.0,200,32.1,3000.0
2022-06-30 15:19:00,420.0,420.0,420.0,420.0,0,0.0,200,32.1,3000.0
2022-06-30 15:20:00,420.0,420.0,420.0,420.0,0,0.0,200,32.1,3000.0
2022-06-30 15:21:00,420.0,420.0,420.0,420.0,0,0.0,200,32.1,3000.0
2022-06-30 15:22:00,420.0,420.0,420.0,420.0,0,0.0,200,32.1,3000.0
2022-06-30 15:23:00,420.0,420.0,420.0,420.0,0,0.0,200,32.1,3000.0
2022-06-30 15:24:00,420.0,420.0,420.0,420.0,0,0.0,200,32.1,3000.0
2022-06-30 15:25:00,420.0,420.0,420.0,420.0,0,0.0,200,32.1,3000.0
2022-06-30 15:26:00,420.0,420.0,420.0,420.0,0,0.0,200,32.1,3000.0
2022-06-30 15:27:00,420.0,420.0,420.0,420.0,0,0.0,200,32.1,3000.0
2022-06-30 15:28:00,420.0,420.0,420.0,420.0,0,0.0,200,32.1,3000.0
2022-06-30 15:29:00,420.0,420.0,420.0,420.0,0,0.0,200,32.1,3000.0
2022-07-01 09:32:00,455.0,455.0,455.0,455.0,200,0.0,200,32.3,3000.0
2022-07-01 09:33:00,455.0,455.0,455.0,455.0,0,0.0,200,32.3,3000.0
2022-07-01 09:34:00,455.0,455.0,455.0,455.0,0,0.0,200,32.3,3000.0
2022-07-01 09:35:00,455.0,455.0,455.0,455.0,0,0.0,200,32.3,3000.0
2022-07-01 09:36:00,455.0,455.0,455.0,455.0,0,0.0,200,32.3,3000.0
2022-07-01 09:37:00,455.0,455.0,455.0,455.0,0,0.0,200,32.3,3000.0
2022-07-01 09:38:00,455.0,455.0,455.0,455.0,0,0.0,200,32.3,3000.0
2022-07-01 09:39:00,455.0,455.0,455.0,455.0,0,0.0,200,32.3,3000.0
2022-07-01 09:40:00,455.0,455.0,455.0,455.0,0,0.0,200,32.3,3000.0
2022-07-01 09:41:00,455.0,455.0,455.0,455.0,0,0.0,200,32.3,3000.0
2022-07-01 09:42:00,455.0,455.0,455.0,455.0,0,0.0,200,32.3,3000.0
2022-07-01 09:43:00,455.0,455.0,455.0,455.0,0,0.0,200,32.3,3000.0
2022-07-01 09:44:00,455.0,455.0,455.0,455.0,0,0.0,200,32.3,3000.0
2022-07-01 09:45:00,455.0,455.0,455.0,455.0,0,0.0,200,32.3,3000.0
2022-07-01 09:46:00,455.0,455.0,455.0,455.0,0,0.0,200,32.3,3000.0
2022-07-01 09:47:00,455.0,455.0,455.0,455.0,0,0.0,200,32.3,3000.0
2022-07-01 09:48:00,455.0,455.0,455.0,455.0,0,0.0,200,32.3,3000.0
2022-07-01 09:49:00,455.0,455.0,455.0,455.0,0,0.0,200,32.3,3000.0
2022-07-01 09:50:00,455.0,455.0,455.0,455.0,0,0.0,200,32.3,3000.0
2022-07-01 09:51:00,455.0,455.0,455.0,455.0,0,0.0,200,32.3,3000.0
2022-07-01 09:52:00,455.0,455.0,455.0,455.0,0,0.0,200,32.3,3000.0
2022-07-01 09:53:00,455.0,455.0,455.0,455.0,0,0.0,200,32.3,3000.0
2022-07-01 09:54:00,455.0,455.0,455.0,455.0,0,0.0,200,32.3,3000.0
2022-07-01 09:55:00,455.0,455.0,455.0,455.0,0,0.0,200,32.3,3000.0
2022-07-01 09:56:00,455.0,455.0,455.0,455.0,0,0.0,200,32.3,3000.0
2022-07-01 09:57:00,455.0,455.0,455.0,455.0,0,0.0,200,32.3,3000.0
2022-07-01 09:58:00,455.0,455.0,455.0,455.0,0,0.0,200,32.3,3000.0
2022-07-01 09:59:00,455.0,455.0,455.0,455.0,0,0.0,200,32.3,3000.0
2022-07-01 10:00:00,455.0,455.0,455.0,455.0,0,0.0,200,32.3,3000.0
2022-07-01 10:01:00,455.0,455.0,455.0,455.0,0,0.0,200,32.3,3000.0
2022-07-01 10:02:00,455.0,455.0,455.0,455.0,0,0.0,200,32.3,3000.0
2022-07-01 10:03:00,455.0,455.0,455.0,455.0,0,0.0,200,32.3,3000.0
2022-07-01 10:04:00,455.0,455.0,455.0,455.0,0,0.0,200,32.3,3000.0
2022-07-01 10:05:00,455.0,455.0,455.0,455.0,0,0.0,200,32.3,3000.0
2022-07-01 10:06:00,455.0,455.0,455.0,455.0,0,0.0,200,32.3,3000.0
2022-07-01 10:07:00,455.0,455.0,455.0,455.0,0,0.0,200,32.3,3000.0
2022-07-01 10:08:00,455.0,455.0,455.0,455.0,0,0.0,200,32.3,3000.0
2022-07-01 10:09:00,455.0,455.0,455.0,455.0,0,0.0,200,32.3,3000.0
2022-07-01 10:10:00,455.0,455.0,455.0,455.0,0,0.0,200,32.3,3000.0
2022-07-01 10:11:00,455.0,455.0,455.0,455.0,0,0.0,200,32.3,3000.0
2022-07-01 10:12:00,455.0,455.0,455.0,455.0,0,0.0,200,32.3,3000.0
2022-07-01 10:13:00,455.0,455.0,455.0,455.0,0,0.0,200,32.3,3000.0
2022-07-01 10:14:00,455.0,455.0,455.0,455.0,0,0.0,200,32.3,3000.0
2022-07-01 10:15:00,455.0,455.0,455.0,455.0,0,0.0,200,32.3,3000.0
2022-07-01 10:16:00,455.0,455.0,455.0,455.0,0,0.0,200,32.3,3000.0
2022-07-01 10:17:00,455.0,455.0,455.0,455.0,0,0.0,200,32.3,3000.0
2022-07-01 10:18:00,455.0,455.0,455.0,455.0,0,0.0,200,32.3,3000.0
2022-07-01 10:19:00,455.0,455.0,455.0,455.0,0,0.0,200,32.3,3000.0
2022-07-01 10:20:00,455.0,455.0,455.0,455.0,0,0.0,200,32.3,3000.0
2022-07-01 10:21:00,455.0,455.0,455.0,455.0,0,0.0,200,32.3,3000.0
2022-07-01 10:22:00,455.0,455.0,455.0,455.0,0,0.0,200,32.3,3000.0
2022-07-01 10:23:00,455.0,455.0,455.0,455.0,0,0.0,200,32.3,3000.0
2022-07-01 10:24:00,455.0,455.0,455.0,455.0,0,0.0,200,32.3,3000.0
2022-07-01 10:25:00,455.0,455.0,455.0,455.0,0,0.0,200,32.3,3000.0
2022-07-01 10:26:00,455.0,455.0,455.0,455.0,0,0.0,200,32.3,3000.0
2022-07-01 10:27:00,455.0,455.0,455.0,455.0,0,0.0,200,32.3,3000.0
2022-07-01 10:28:00,455.0,455.0,455.0,455.0,0,0.0,200,32.3,3000.0
2022-07-01 10:29:00,455.0,455.0,455.0,455.0,0,0.0,200,32.3,3000.0
2022-07-01 10:30:00,455.0,455.0,455.0,455.0,0,0.0,200,32.3,3000.0
2022-07-01 10:31:00,455.0,455.0,455.0,455.0,0,0.0,200,32.3,3000.0
2022-07-01 10:32:00,455.0,455.0,455.0,455.0,0,0.0,200,31.97,3000.0
2022-07-01 10:33:00,455.0,455.0,455.0,455.0,0,0.0,200,32.3,3000.0
2022-07-01 10:34:00,455.0,455.0,455.0,455.0,0,0.0,200,28.06,3000.0
2022-07-01 10:35:00,455.0,455.0,455.0,455.0,0,0.0,200,32.3,3000.0
2022-07-01 10:36:00,455.0,455.0,455.0,455.0,0,0.0,200,32.3,3000.0
2022-07-01 10:37:00,455.0,455.0,455.0,455.0,0,0.0,200,32.3,3000.0
2022-07-01 10:38:00,455.0,455.0,455.0,455.0,0,0.0,200,32.3,3000.0
2022-07-01 10:39:00,455.0,455.0,455.0,455.0,0,0.0,200,32.3,3000.0
2022-07-01 10:40:00,455.0,455.0,455.0,455.0,0,0.0,200,32.3,3000.0
2022-07-01 10:41:00,455.0,455.0,455.0,455.0,0,0.0,200,32.3,3000.0
2022-07-01 10:42:00,455.0,455.0,455.0,455.0,0,0.0,200,32.3,3000.0
2022-07-01 10:43:00,455.0,455.0,455.0,455.0,0,0.0,200,32.3,3000.0
2022-07-01 10:44:00,455.0,455.0,455.0,455.0,0,0.0,200,32.3,3000.0
2022-07-01 10:45:00,455.0,455.0,455.0,455.0,0,0.0,200,32.3,3000.0
2022-07-01 10:46:00,455.0,455.0,455.0,455.0,0,0.0,200,32.3,3000.0
2022-07-01 10:47:00,455.0,455.0,455.0,455.0,0,0.0,200,32.3,3000.0
2022-07-01 10:48:00,455.0,455.0,455.0,455.0,0,0.0,200,32.3,3000.0
2022-07-01 10:49:00,455.0,455.0,455.0,455.0,0,0.0,200,32.3,3000.0
2022-07-01 10:50:00,455.0,455.0,455.0,455.0,0,0.0,200,32.3,3000.0
2022-07-01 10:51:00,455.0,455.0,455.0,455.0,0,0.0,200,32.3,3000.0
2022-07-01 10:52:00,455.0,455.0,455.0,455.0,0,0.0,200,32.3,3000.0
2022-07-01 10:53:00,455.0,455.0,455.0,455.0,0,0.0,200,32.3,3000.0
2022-07-01 10:54:00,455.0,455.0,455.0,455.0,0,0.0,200,32.3,3000.0
2022-07-01 10:55:00,455.0,455.0,455.0,455.0,0,0.0,200,28.4,3000.0
2022-07-01 10:56:00,455.0,455.0,455.0,455.0,0,0.0,200,32.3,3000.0
2022-07-01 10:57:00,455.0,455.0,455.0,455.0,0,0.0,200,32.3,3000.0
2022-07-01 10:58:00,455.0,455.0,455.0,455.0,0,0.0,200,32.3,3000.0
2022-07-01 10:59:00,455.0,455.0,455.0,455.0,0,0.0,200,32.3,3000.0
2022-07-01 11:00:00,455.0,455.0,455.0,455.0,0,0.0,200,32.3,3000.0
2022-07-01 11:01:00,455.0,455.0,455.0,455.0,0,0.0,200,32.3,3000.0
2022-07-01 11:02:00,455.0,455.0,455.0,455.0,0,0.0,200,32.3,3000.0
2022-07-01 11:03:00,455.0,455.0,455.0,455.0,0,0.0,200,32.0,3000.0
2022-07-01 11:04:00,455.0,455.0,455.0,455.0,0,0.0,200,32.0,3000.0
2022-07-01 11:05:00,455.0,455.0,455.0,455.0,0,0.0,200,32.3,3000.0
2022-07-01 11:06:00,455.0,455.0,455.0,455.0,0,0.0,200,32.3,3000.0
2022-07-01 11:07:00,455.0,455.0,455.0,455.0,0,0.0,200,32.3,3000.0
2022-07-01 11:08:00,455.0,455.0,455.0,455.0,0,0.0,200,32.3,3000.0
2022-07-01 11:09:00,455.0,455.0,455.0,455.0,0,0.0,200,32.3,3000.0
2022-07-01 11:10:00,455.0,455.0,455.0,455.0,0,0.0,200,32.3,3000.0
2022-07-01 11:11:00,455.0,455.0,455.0,455.0,0,0.0,200,32.0,3000.0
2022-07-01 11:12:00,455.0,455.0,455.0,455.0,0,0.0,200,32.3,3000.0
2022-07-01 11:13:00,455.0,455.0,455.0,455.0,0,0.0,200,32.3,3000.0
2022-07-01 11:14:00,455.0,455.0,455.0,455.0,0,0.0,200,32.3,3000.0
2022-07-01 11:15:00,455.0,455.0,455.0,455.0,0,0.0,200,32.3,3000.0
2022-07-01 11:16:00,455.0,455.0,455.0,455.0,0,0.0,200,32.0,3000.0
2022-07-01 11:17:00,455.0,455.0,455.0,455.0,0,0.0,200,32.0,3000.0
2022-07-01 11:18:00,455.0,455.0,455.0,455.0,0,0.0,200,32.0,3000.0
2022-07-01 11:19:00,455.0,455.0,455.0,455.0,0,0.0,200,32.3,3000.0
2022-07-01 11:20:00,455.0,455.0,455.0,455.0,0,0.0,200,32.0,3000.0
2022-07-01 11:21:00,455.0,455.0,455.0,455.0,0,0.0,200,32.3,3000.0
2022-07-01 11:22:00,455.0,455.0,455.0,455.0,0,0.0,200,32.3,3000.0
2022-07-01 11:23:00,455.0,455.0,455.0,455.0,0,0.0,200,32.3,3000.0
2022-07-01 11:24:00,455.0,455.0,455.0,455.0,0,0.0,200,32.3,3000.0
2022-07-01 11:25:00,455.0,455.0,455.0,455.0,0,0.0,200,32.3,3000.0
2022-07-01 11:26:00,455.0,455.0,455.0,455.0,0,0.0,200,32.3,3000.0
2022-07-01 11:27:00,455.0,455.0,455.0,455.0,0,0.0,200,32.3,3000.0
2022-07-01 11:28:00,455.0,455.0,455.0,455.0,0,0.0,200,32.3,3000.0
2022-07-01 11:29:00,455.0,455.0,455.0,455.0,0,0.0,200,32.3,3000.0
2022-07-01 11:30:00,455.0,455.0,455.0,455.0,0,0.0,200,32.3,3000.0
2022-07-01 11:31:00,455.0,455.0,455.0,455.0,0,0.0,200,32.3,3000.0
2022-07-01 11:32:00,455.0,455.0,455.0,455.0,0,0.0,200,32.3,3000.0
2022-07-01 11:33:00,455.0,455.0,455.0,455.0,0,0.0,200,32.3,3000.0
2022-07-01 11:34:00,455.0,455.0,455.0,455.0,0,0.0,200,32.3,3000.0
2022-07-01 11:35:00,455.0,455.0,455.0,455.0,0,0.0,200,32.3,3000.0
2022-07-01 11:36:00,455.0,455.0,455.0,455.0,0,0.0,200,32.3,3000.0
2022-07-01 11:37:00,455.0,455.0,455.0,455.0,0,0.0,200,32.3,3000.0
2022-07-01 11:38:00,455.0,455.0,455.0,455.0,0,0.0,200,32.3,3000.0
2022-07-01 11:39:00,455.0,455.0,455.0,455.0,0,0.0,200,32.3,3000.0
2022-07-01 11:40:00,455.0,455.0,455.0,455.0,0,0.0,200,32.3,3000.0
2022-07-01 11:41:00,455.0,455.0,455.0,455.0,0,0.0,200,32.3,3000.0
2022-07-01 11:42:00,455.0,455.0,455.0,455.0,0,0.0,200,32.3,3000.0
2022-07-01 11:43:00,455.0,455.0,455.0,455.0,0,0.0,200,32.3,3000.0
2022-07-01 11:44:00,455.0,455.0,455.0,455.0,0,0.0,200,32.3,3000.0
2022-07-01 11:45:00,455.0,455.0,455.0,455.0,0,0.0,200,32.3,3000.0
2022-07-01 11:46:00,455.0,455.0,455.0,455.0,0,0.0,200,32.3,3000.0
2022-07-01 11:47:00,455.0,455.0,455.0,455.0,0,0.0,200,32.3,3000.0
2022-07-01 11:48:00,455.0,455.0,455.0,455.0,0,0.0,200,32.3,3000.0
2022-07-01 11:49:00,455.0,455.0,455.0,455.0,0,0.0,200,32.3,3000.0
2022-07-01 11:50:00,455.0,455.0,455.0,455.0,0,0.0,200,32.3,3000.0
2022-07-01 11:51:00,455.0,455.0,455.0,455.0,0,0.0,200,32.3,3000.0
2022-07-01 11:52:00,455.0,455.0,455.0,455.0,0,0.0,200,32.3,3000.0
2022-07-01 11:53:00,455.0,455.0,455.0,455.0,0,0.0,200,32.3,3000.0
2022-07-01 11:54:00,455.0,455.0,455.0,455.0,0,0.0,200,32.3,3000.0
2022-07-01 11:55:00,455.0,455.0,455.0,455.0,0,0.0,200,32.3,3000.0
2022-07-01 11:56:00,455.0,455.0,455.0,455.0,0,0.0,200,32.3,3000.0
2022-07-01 11:57:00,455.0,455.0,455.0,455.0,0,0.0,200,32.3,3000.0
2022-07-01 11:58:00,455.0,455.0,455.0,455.0,0,0.0,200,32.3,3000.0
2022-07-01 11:59:00,455.0,455.0,455.0,455.0,0,0.0,200,32.0,3000.0
2022-07-01 12:00:00,455.0,455.0,455.0,455.0,0,0.0,200,32.3,3000.0
2022-07-01 12:01:00,455.0,455.0,455.0,455.0,0,0.0,200,32.0,3000.0
2022-07-01 12:02:00,455.0,455.0,455.0,455.0,0,0.0,200,32.0,3000.0
2022-07-01 12:03:00,455.0,455.0,455.0,455.0,0,0.0,200,32.3,3000.0
2022-07-01 12:04:00,455.0,455.0,455.0,455.0,0,0.0,200,32.3,3000.0
2022-07-01 12:05:00,455.0,455.0,455.0,455.0,0,0.0,200,32.3,3000.0
2022-07-01 12:06:00,455.0,455.0,455.0,455.0,0,0.0,200,32.0,3000.0
2022-07-01 12:07:00,455.0,455.0,455.0,455.0,0,0.0,200,32.3,3000.0
2022-07-01 12:08:00,455.0,455.0,455.0,455.0,0,0.0,200,32.3,3000.0
2022-07-01 12:09:00,455.0,455.0,455.0,455.0,0,0.0,200,32.3,3000.0
2022-07-01 12:10:00,455.0,455.0,455.0,455.0,0,0.0,200,32.3,3000.0
2022-07-01 12:11:00,455.0,455.0,455.0,455.0,0,0.0,200,32.3,3000.0
2022-07-01 12:12:00,455.0,455.0,455.0,455.0,0,0.0,200,32.3,3000.0
2022-07-01 12:13:00,455.0,455.0,455.0,455.0,0,0.0,200,32.3,3000.0
2022-07-01 12:14:00,455.0,455.0,455.0,455.0,0,0.0,200,32.3,3000.0
2022-07-01 12:15:00,455.0,455.0,455.0,455.0,0,0.0,200,32.3,3000.0
2022-07-01 12:16:00,455.0,455.0,455.0,455.0,0,0.0,200,28.05,3000.0
2022-07-01 12:17:00,455.0,455.0,455.0,455.0,0,0.0,200,32.3,3000.0
2022-07-01 12:18:00,455.0,455.0,455.0,455.0,0,0.0,200,28.05,3000.0
2022-07-01 12:19:00,455.0,455.0,455.0,455.0,0,0.0,200,32.3,3000.0
2022-07-01 12:20:00,455.0,455.0,455.0,455.0,0,0.0,200,32.3,3000.0
2022-07-01 12:21:00,455.0,455.0,455.0,455.0,0,0.0,200,32.3,3000.0
2022-07-01 12:22:00,455.0,455.0,455.0,455.0,0,0.0,200,28.05,3000.0
2022-07-01 12:23:00,455.0,455.0,455.0,455.0,0,0.0,200,32.3,3000.0
2022-07-01 12:24:00,455.0,455.0,455.0,455.0,0,0.0,200,32.3,3000.0
2022-07-01 12:25:00,455.0,455.0,455.0,455.0,0,0.0,200,32.3,3000.0
2022-07-01 12:26:00,455.0,455.0,455.0,455.0,0,0.0,200,32.3,3000.0
2022-07-01 12:27:00,455.0,455.0,455.0,455.0,0,0.0,200,32.3,3000.0
2022-07-01 12:28:00,455.0,455.0,455.0,455.0,0,0.0,200,32.3,3000.0
2022-07-01 12:29:00,455.0,455.0,455.0,455.0,0,0.0,200,32.3,3000.0
2022-07-01 12:30:00,455.0,455.0,455.0,455.0,0,0.0,200,32.3,3000.0
2022-07-01 12:31:00,455.0,455.0,455.0,455.0,0,0.0,200,32.3,3000.0
2022-07-01 12:32:00,455.0,455.0,455.0,455.0,0,0.0,200,32.3,3000.0
2022-07-01 12:33:00,455.0,455.0,455.0,455.0,0,0.0,200,32.3,3000.0
2022-07-01 12:34:00,455.0,455.0,455.0,455.0,0,0.0,200,32.3,3000.0
2022-07-01 12:35:00,455.0,455.0,455.0,455.0,0,0.0,200,32.3,3000.0
2022-07-01 12:36:00,455.0,455.0,455.0,455.0,0,0.0,200,32.3,3000.0
2022-07-01 12:37:00,455.0,455.0,455.0,455.0,0,0.0,200,32.3,3000.0
2022-07-01 12:38:00,455.0,455.0,455.0,455.0,0,0.0,200,32.3,3000.0
2022-07-01 12:39:00,455.0,455.0,455.0,455.0,0,0.0,200,32.3,3000.0
2022-07-01 12:40:00,455.0,455.0,455.0,455.0,0,0.0,200,32.3,3000.0
2022-07-01 12:41:00,455.0,455.0,455.0,455.0,0,0.0,200,32.3,3000.0
2022-07-01 12:42:00,455.0,455.0,455.0,455.0,0,0.0,200,32.3,3000.0
2022-07-01 12:43:00,455.0,455.0,455.0,455.0,0,0.0,200,32.3,3000.0
2022-07-01 12:44:00,455.0,455.0,455.0,455.0,0,0.0,200,32.3,3000.0
2022-07-01 12:45:00,455.0,455.0,455.0,455.0,0,0.0,200,32.3,3000.0
2022-07-01 12:46:00,455.0,455.0,455.0,455.0,0,0.0,200,32.3,3000.0
2022-07-01 12:47:00,455.0,455.0,455.0,455.0,0,0.0,200,32.3,3000.0
2022-07-01 12:48:00,455.0,455.0,455.0,455.0,0,0.0,200,32.3,3000.0
2022-07-01 12:49:00,455.0,455.0,455.0,455.0,0,0.0,200,32.3,3000.0
2022-07-01 12:50:00,455.0,455.0,455.0,455.0,0,0.0,200,32.3,3000.0
2022-07-01 12:51:00,455.0,455.0,455.0,455.0,0,0.0,200,32.3,3000.0
2022-07-01 12:52:00,455.0,455.0,455.0,455.0,0,0.0,200,32.3,3000.0
2022-07-01 12:53:00,455.0,455.0,455.0,455.0,0,0.0,200,32.3,3000.0
2022-07-01 12:54:00,455.0,455.0,455.0,455.0,0,0.0,200,32.3,3000.0
2022-07-01 12:55:00,455.0,455.0,455.0,455.0,0,0.0,200,32.3,3000.0
2022-07-01 12:56:00,455.0,455.0,455.0,455.0,0,0.0,200,32.3,3000.0
2022-07-01 12:57:00,455.0,455.0,455.0,455.0,0,0.0,200,32.3,3000.0
2022-07-01 12:58:00,455.0,455.0,455.0,455.0,0,0.0,200,32.3,3000.0
2022-07-01 12:59:00,455.0,455.0,455.0,455.0,0,0.0,200,32.3,3000.0
2022-07-01 13:00:00,455.0,455.0,455.0,455.0,0,0.0,200,32.3,3000.0
2022-07-01 13:01:00,455.0,455.0,455.0,455.0,0,0.0,200,32.3,3000.0
2022-07-01 13:02:00,455.0,455.0,455.0,455.0,0,0.0,200,32.3,3000.0
2022-07-01 13:03:00,455.0,455.0,455.0,455.0,0,0.0,200,32.3,3000.0
2022-07-01 13:04:00,455.0,455.0,455.0,455.0,0,0.0,200,32.3,3000.0
2022-07-01 13:05:00,455.0,455.0,455.0,455.0,0,0.0,200,32.3,3000.0
2022-07-01 13:06:00,455.0,455.0,455.0,455.0,0,0.0,200,32.3,3000.0
2022-07-01 13:07:00,455.0,455.0,455.0,455.0,0,0.0,200,32.3,3000.0
2022-07-01 13:08:00,455.0,455.0,455.0,455.0,0,0.0,200,32.3,3000.0
2022-07-01 13:09:00,455.0,455.0,455.0,455.0,0,0.0,200,32.3,3000.0
2022-07-01 13:10:00,455.0,455.0,455.0,455.0,0,0.0,200,32.3,3000.0
2022-07-01 13:11:00,455.0,455.0,455.0,455.0,0,0.0,200,32.3,3000.0
2022-07-01 13:12:00,455.0,455.0,455.0,455.0,0,0.0,200,32.3,3000.0
2022-07-01 13:13:00,455.0,455.0,455.0,455.0,0,0.0,200,32.3,3000.0
2022-07-01 13:14:00,455.0,455.0,455.0,455.0,0,0.0,200,32.3,3000.0
2022-07-01 13:15:00,455.0,455.0,455.0,455.0,0,0.0,200,32.3,3000.0
2022-07-01 13:16:00,455.0,455.0,455.0,455.0,0,0.0,200,32.3,3000.0
2022-07-01 13:17:00,455.0,455.0,455.0,455.0,0,0.0,200,32.3,3000.0
2022-07-01 13:18:00,455.0,455.0,455.0,455.0,0,0.0,200,32.3,3000.0
2022-07-01 13:19:00,455.0,455.0,455.0,455.0,0,0.0,200,32.3,3000.0
2022-07-01 13:20:00,455.0,455.0,455.0,455.0,0,0.0,200,32.3,3000.0
2022-07-01 13:21:00,455.0,455.0,455.0,455.0,0,0.0,200,32.3,3000.0
2022-07-01 13:22:00,455.0,455.0,455.0,455.0,0,0.0,200,32.3,3000.0
2022-07-01 13:23:00,455.0,455.0,455.0,455.0,0,0.0,200,32.3,3000.0
2022-07-01 13:24:00,455.0,455.0,455.0,455.0,0,0.0,200,32.3,3000.0
2022-07-01 13:25:00,455.0,455.0,455.0,455.0,0,0.0,200,32.3,3000.0
2022-07-01 13:26:00,455.0,455.0,455.0,455.0,0,0.0,200,32.3,3000.0
2022-07-01 13:27:00,455.0,455.0,455.0,455.0,0,0.0,200,32.3,3000.0
2022-07-01 13:28:00,455.0,455.0,455.0,455.0,0,0.0,200,32.3,3000.0
2022-07-01 13:29:00,455.0,455.0,455.0,455.0,0,0.0,200,32.3,3000.0
2022-07-01 13:30:00,455.0,455.0,455.0,455.0,0,0.0,200,32.3,3000.0
2022-07-01 13:31:00,455.0,455.0,455.0,455.0,0,0.0,200,32.3,3000.0
2022-07-01 13:32:00,455.0,455.0,455.0,455.0,0,0.0,200,32.3,3000.0
2022-07-01 13:33:00,455.0,455.0,455.0,455.0,0,0.0,200,32.3,3000.0
2022-07-01 13:34:00,455.0,455.0,455.0,455.0,0,0.0,200,32.3,3000.0
2022-07-01 13:35:00,455.0,455.0,455.0,455.0,0,0.0,200,32.3,3000.0
2022-07-01 13:36:00,455.0,455.0,455.0,455.0,0,0.0,200,32.3,3000.0
2022-07-01 13:37:00,455.0,455.0,455.0,455.0,0,0.0,200,32.3,3000.0
2022-07-01 13:38:00,455.0,455.0,455.0,455.0,0,0.0,200,32.3,3000.0
2022-07-01 13:39:00,455.0,455.0,455.0,455.0,0,0.0,200,32.3,3000.0
2022-07-01 13:40:00,455.0,455.0,455.0,455.0,0,0.0,200,32.3,3000.0
2022-07-01 13:41:00,455.0,455.0,455.0,455.0,0,0.0,200,32.3,3000.0
2022-07-01 13:42:00,455.0,455.0,455.0,455.0,0,0.0,200,32.3,3000.0
2022-07-01 13:43:00,455.0,455.0,455.0,455.0,0,0.0,200,32.3,3000.0
2022-07-01 13:44:00,455.0,455.0,455.0,455.0,0,0.0,200,32.3,3000.0
2022-07-01 13:45:00,455.0,455.0,455.0,455.0,0,0.0,200,32.3,3000.0
2022-07-01 13:46:00,455.0,455.0,455.0,455.0,0,0.0,200,32.3,3000.0
2022-07-01 13:47:00,455.0,455.0,455.0,455.0,0,0.0,200,32.3,3000.0
2022-07-01 13:48:00,455.0,455.0,455.0,455.0,0,0.0,200,32.3,3000.0
2022-07-01 13:49:00,455.0,455.0,455.0,455.0,0,0.0,200,32.3,3000.0
2022-07-01 13:50:00,455.0,455.0,455.0,455.0,0,0.0,200,32.3,3000.0
2022-07-01 13:51:00,455.0,455.0,455.0,455.0,0,0.0,200,32.3,3000.0
2022-07-01 13:52:00,455.0,455.0,455.0,455.0,0,0.0,200,32.3,3000.0
2022-07-01 13:53:00,455.0,455.0,455.0,455.0,0,0.0,200,32.3,3000.0
2022-07-01 13:54:00,455.0,455.0,455.0,455.0,0,0.0,200,32.3,3000.0
2022-07-01 13:55:00,455.0,455.0,455.0,455.0,0,0.0,200,32.3,3000.0
2022-07-01 13:56:00,455.0,455.0,455.0,455.0,0,0.0,200,32.3,3000.0
2022-07-01 13:57:00,455.0,455.0,455.0,455.0,0,0.0,200,32.3,3000.0
2022-07-01 13:58:00,455.0,455.0,455.0,455.0,0,0.0,200,32.3,3000.0
2022-07-01 13:59:00,455.0,455.0,455.0,455.0,0,0.0,200,32.3,3000.0
2022-07-01 14:00:00,455.0,455.0,455.0,455.0,0,0.0,200,32.3,3000.0
2022-07-01 14:01:00,455.0,455.0,455.0,455.0,0,0.0,200,32.3,3000.0
2022-07-01 14:02:00,455.0,455.0,455.0,455.0,0,0.0,200,32.3,3000.0
2022-07-01 14:03:00,455.0,455.0,455.0,455.0,0,0.0,200,32.3,3000.0
2022-07-01 14:04:00,455.0,455.0,455.0,455.0,0,0.0,200,32.3,3000.0
2022-07-01 14:05:00,455.0,455.0,455.0,455.0,0,0.0,200,32.3,3000.0
2022-07-01 14:06:00,455.0,455.0,455.0,455.0,0,0.0,200,32.3,3000.0
2022-07-01 14:07:00,455.0,455.0,455.0,455.0,0,0.0,200,32.3,3000.0
2022-07-01 14:08:00,455.0,455.0,455.0,455.0,0,0.0,200,32.3,3000.0
2022-07-01 14:09:00,455.0,455.0,455.0,455.0,0,0.0,200,32.3,3000.0
2022-07-01 14:10:00,455.0,455.0,455.0,455.0,0,0.0,200,32.3,3000.0
2022-07-01 14:11:00,455.0,455.0,455.0,455.0,0,0.0,200,32.3,3000.0
2022-07-01 14:12:00,455.0,455.0,455.0,455.0,0,0.0,200,32.3,3000.0
2022-07-01 14:13:00,455.0,455.0,455.0,455.0,0,0.0,200,32.3,3000.0
2022-07-01 14:14:00,455.0,455.0,455.0,455.0,0,0.0,200,32.3,3000.0
2022-07-01 14:15:00,455.0,455.0,455.0,455.0,0,0.0,200,32.3,3000.0
2022-07-01 14:16:00,455.0,455.0,455.0,455.0,0,0.0,200,32.3,3000.0
2022-07-01 14:17:00,455.0,455.0,455.0,455.0,0,0.0,200,32.3,3000.0
2022-07-01 14:18:00,455.0,455.0,455.0,455.0,0,0.0,200,32.3,3000.0
2022-07-01 14:19:00,455.0,455.0,455.0,455.0,0,0.0,200,32.3,3000.0
2022-07-01 14:20:00,455.0,455.0,455.0,455.0,0,0.0,200,32.3,3000.0
2022-07-01 14:21:00,455.0,455.0,455.0,455.0,0,0.0,200,32.3,3000.0
2022-07-01 14:22:00,455.0,455.0,455.0,455.0,0,0.0,200,32.3,3000.0
2022-07-01 14:23:00,455.0,455.0,455.0,455.0,0,0.0,200,32.3,3000.0
2022-07-01 14:24:00,455.0,455.0,455.0,455.0,0,0.0,200,32.3,3000.0
2022-07-01 14:25:00,455.0,455.0,455.0,455.0,0,0.0,200,32.3,3000.0
2022-07-01 14:26:00,455.0,455.0,455.0,455.0,0,0.0,200,32.3,3000.0
2022-07-01 14:27:00,455.0,455.0,455.0,455.0,0,0.0,200,32.3,3000.0
2022-07-01 14:28:00,455.0,455.0,455.0,455.0,0,0.0,200,32.3,3000.0
2022-07-01 14:29:00,455.0,455.0,455.0,455.0,0,0.0,200,32.3,3000.0
2022-07-01 14:30:00,455.0,455.0,455.0,455.0,0,0.0,200,32.3,3000.0
2022-07-01 14:31:00,455.0,455.0,455.0,455.0,0,0.0,200,32.3,3000.0
2022-07-01 14:32:00,455.0,455.0,455.0,455.0,0,0.0,200,32.3,3000.0
2022-07-01 14:33:00,455.0,455.0,455.0,455.0,0,0.0,200,32.3,3000.0
2022-07-01 14:34:00,455.0,455.0,455.0,455.0,0,0.0,200,32.3,3000.0
2022-07-01 14:35:00,455.0,455.0,455.0,455.0,0,0.0,200,32.3,3000.0
2022-07-01 14:36:00,455.0,455.0,455.0,455.0,0,0.0,200,32.0,3000.0
2022-07-01 14:37:00,455.0,455.0,455.0,455.0,0,0.0,200,32.0,3000.0
2022-07-01 14:38:00,455.0,455.0,455.0,455.0,0,0.0,200,32.0,3000.0
2022-07-01 14:39:00,455.0,455.0,455.0,455.0,0,0.0,200,32.3,3000.0
2022-07-01 14:40:00,455.0,455.0,455.0,455.0,0,0.0,200,32.3,3000.0
2022-07-01 14:41:00,455.0,455.0,455.0,455.0,0,0.0,200,32.3,3000.0
2022-07-01 14:42:00,455.0,455.0,455.0,455.0,0,0.0,200,32.3,3000.0
2022-07-01 14:43:00,455.0,455.0,455.0,455.0,0,0.0,200,32.3,3000.0
2022-07-01 14:44:00,455.0,455.0,455.0,455.0,0,0.0,200,32.3,3000.0
2022-07-01 14:45:00,455.0,455.0,455.0,455.0,0,0.0,200,32.3,3000.0
2022-07-01 14:46:00,455.0,455.0,455.0,455.0,0,0.0,200,32.3,3000.0
2022-07-01 14:47:00,455.0,455.0,455.0,455.0,0,0.0,200,32.3,3000.0
2022-07-01 14:48:00,455.0,455.0,455.0,455.0,0,0.0,200,32.3,3000.0
2022-07-01 14:49:00,455.0,455.0,455.0,455.0,0,0.0,200,32.3,3000.0
2022-07-01 14:50:00,455.0,455.0,455.0,455.0,0,0.0,200,32.3,3000.0
2022-07-01 14:51:00,455.0,455.0,455.0,455.0,0,0.0,200,32.3,3000.0
2022-07-01 14:52:00,455.0,455.0,455.0,455.0,0,0.0,200,32.3,3000.0
2022-07-01 14:53:00,455.0,455.0,455.0,455.0,0,0.0,200,32.3,3000.0
2022-07-01 14:54:00,455.0,455.0,455.0,455.0,0,0.0,200,32.3,3000.0
2022-07-01 14:55:00,455.0,455.0,455.0,455.0,0,0.0,200,32.3,3000.0
2022-07-01 14:56:00,455.0,455.0,455.0,455.0,0,0.0,200,32.3,3000.0
2022-07-01 14:57:00,455.0,455.0,455.0,455.0,0,0.0,200,32.3,3000.0
2022-07-01 14:58:00,455.0,455.0,455.0,455.0,0,0.0,200,32.3,3000.0
2022-07-01 14:59:00,455.0,455.0,455.0,455.0,0,0.0,200,32.0,3000.0
2022-07-01 15:00:00,455.0,455.0,455.0,455.0,0,0.0,200,32.3,3000.0
2022-07-01 15:01:00,455.0,455.0,455.0,455.0,0,0.0,200,32.3,3000.0
2022-07-01 15:02:00,455.0,455.0,455.0,455.0,0,0.0,200,32.3,3000.0
2022-07-01 15:03:00,455.0,455.0,455.0,455.0,0,0.0,200,32.3,3000.0
2022-07-01 15:04:00,455.0,455.0,455.0,455.0,0,0.0,200,32.3,3000.0
2022-07-01 15:05:00,455.0,455.0,455.0,455.0,0,0.0,200,32.3,3000.0
2022-07-01 15:06:00,455.0,455.0,455.0,455.0,0,0.0,200,32.3,3000.0
2022-07-01 15:07:00,455.0,455.0,455.0,455.0,0,0.0,200,32.3,3000.0
2022-07-01 15:08:00,455.0,455.0,455.0,455.0,0,0.0,200,32.3,3000.0
2022-07-01 15:09:00,455.0,455.0,455.0,455.0,0,0.0,200,32.3,3000.0
2022-07-01 15:10:00,455.0,455.0,455.0,455.0,0,0.0,200,32.3,3000.0
2022-07-01 15:11:00,455.0,455.0,455.0,455.0,0,0.0,200,32.3,3000.0
2022-07-01 15:12:00,455.0,455.0,455.0,455.0,0,0.0,200,32.3,3000.0
2022-07-01 15:13:00,455.0,455.0,455.0,455.0,0,0.0,200,32.3,3000.0
2022-07-01 15:14:00,455.0,455.0,455.0,455.0,0,0.0,200,32.3,3000.0
2022-07-01 15:15:00,455.0,455.0,455.0,455.0,0,0.0,200,32.3,3000.0
2022-07-01 15:16:00,455.0,455.0,455.0,455.0,0,0.0,200,32.3,3000.0
2022-07-01 15:17:00,455.0,455.0,455.0,455.0,0,0.0,200,32.3,3000.0
2022-07-01 15:18:00,455.0,455.0,455.0,455.0,0,0.0,200,32.3,3000.0
2022-07-01 15:19:00,455.0,455.0,455.0,455.0,0,0.0,200,32.0,3000.0
2022-07-01 15:20:00,455.0,455.0,455.0,455.0,0,0.0,200,32.3,3000.0
2022-07-01 15:21:00,455.0,455.0,455.0,455.0,0,0.0,200,32.3,3000.0
2022-07-01 15:22:00,455.0,455.0,455.0,455.0,0,0.0,200,32.3,3000.0
2022-07-01 15:23:00,455.0,455.0,455.0,455.0,0,0.0,200,32.3,3000.0
2022-07-01 15:24:00,455.0,455.0,455.0,455.0,0,0.0,200,32.3,3000.0
2022-07-01 15:25:00,455.0,455.0,455.0,455.0,0,0.0,200,32.3,3000.0
2022-07-01 15:26:00,455.0,455.0,455.0,455.0,0,0.0,200,32.3,3000.0
2022-07-01 15:27:00,455.0,455.0,455.0,455.0,0,0.0,200,32.3,3000.0
2022-07-01 15:28:00,455.0,455.0,455.0,455.0,0,0.0,200,32.3,3000.0
2022-07-01 15:29:00,455.0,455.0,455.0,455.0,0,0.0,200,32.3,3000.0
2022-07-05 09:15:00,98.35,100.0,80.05,80.05,7800,19.664859,130200,3690.3,3700.0
2022-07-05 09:16:00,80.05,80.05,80.05,80.05,0,19.664859,130200,3690.3,3700.0
2022-07-05 09:17:00,80.05,80.05,80.05,80.05,0,19.664859,130200,3690.3,3700.0
2022-07-05 09:18:00,80.05,80.05,80.05,80.05,0,19.664859,130200,3690.3,3700.0
2022-07-05 09:19:00,80.05,80.05,80.05,80.05,0,19.664859,130200,3690.3,3700.0
2022-07-05 09:20:00,105.0,105.0,86.2,86.2,200,20.769524,5600,3675.0,3680.0
2022-07-05 09:21:00,86.2,86.2,86.2,86.2,0,20.769524,5600,3675.0,3680.0
2022-07-05 09:22:00,86.2,86.2,86.2,86.2,0,20.769524,5600,3675.0,3680.0
2022-07-05 09:23:00,86.2,86.2,86.2,86.2,0,20.769524,5600,3650.9,3650.0
2022-07-05 09:24:00,86.2,86.2,86.2,86.2,0,20.769524,5600,3655.0,3650.0
2022-07-05 09:25:00,86.2,86.2,86.2,86.2,0,20.769524,5600,3675.0,3680.0
2022-07-05 09:26:00,86.2,86.2,86.2,86.2,0,20.769524,5600,3675.0,3680.0
2022-07-05 09:27:00,86.2,86.2,86.2,86.2,0,20.769524,5600,3675.0,3680.0
2022-07-05 09:28:00,86.2,86.2,86.2,86.2,0,20.769524,5600,3675.0,3680.0
2022-07-05 09:29:00,86.2,86.2,86.2,86.2,0,20.769524,5600,3675.0,3680.0
2022-07-05 09:30:00,86.2,86.2,86.2,86.2,0,20.769524,5600,3675.0,3680.0
2022-07-05 09:31:00,86.2,86.2,86.2,86.2,0,20.769524,5600,3675.0,3680.0
2022-07-05 09:32:00,86.2,86.2,86.2,86.2,0,20.769524,5600,3675.0,3680.0
2022-07-05 09:33:00,86.2,86.2,86.2,86.2,0,20.769524,5600,3675.0,3680.0
2022-07-05 09:34:00,86.2,86.2,86.2,86.2,0,20.769524,5600,3675.0,3680.0
2022-07-05 09:35:00,86.2,86.2,86.2,86.2,0,20.769524,5600,3675.0,3680.0
2022-07-05 09:36:00,86.2,86.2,86.2,86.2,0,20.769524,5600,3675.0,3680.0
2022-07-05 09:37:00,86.2,86.2,86.2,86.2,0,20.769524,5600,3675.0,3680.0
2022-07-05 09:38:00,86.2,86.2,86.2,86.2,0,20.769524,5600,3675.0,3680.0
2022-07-05 09:39:00,86.2,86.2,86.2,86.2,0,20.769524,5600,3675.0,3680.0
2022-07-05 09:40:00,86.2,86.2,86.2,86.2,0,20.769524,5600,3675.0,3680.0
2022-07-05 09:41:00,86.2,86.2,86.2,86.2,0,20.769524,5600,3675.0,3680.0
2022-07-05 09:42:00,86.2,86.2,86.2,86.2,0,20.769524,5600,3675.0,3680.0
2022-07-05 09:43:00,86.2,86.2,86.2,86.2,0,20.769524,5600,3675.0,3680.0
2022-07-05 09:44:00,86.2,86.2,86.2,86.2,0,20.769524,5600,3675.0,3680.0
2022-07-05 09:45:00,86.2,86.2,86.2,86.2,0,20.769524,5600,3675.0,3680.0
2022-07-05 09:46:00,86.2,86.2,86.2,86.2,0,20.769524,5600,3675.0,3680.0
2022-07-05 09:47:00,86.2,86.2,86.2,86.2,0,20.769524,5600,3675.0,3680.0
2022-07-05 09:48:00,86.2,86.2,86.2,86.2,0,20.769524,5600,3675.0,3680.0
2022-07-05 09:49:00,86.2,86.2,86.2,86.2,0,20.769524,5600,3675.0,3680.0
2022-07-05 09:50:00,86.2,86.2,86.2,86.2,0,20.769524,5600,3675.0,3680.0
2022-07-05 09:51:00,86.2,86.2,86.2,86.2,0,20.769524,5600,3675.0,3680.0
2022-07-05 09:52:00,86.2,86.2,86.2,86.2,0,20.769524,5600,3675.0,3680.0
2022-07-05 09:53:00,86.2,86.2,86.2,86.2,0,20.769524,5600,3675.0,3680.0
2022-07-05 09:54:00,86.2,86.2,86.2,86.2,0,20.769524,5600,3675.0,3680.0
2022-07-05 09:55:00,86.2,86.2,86.2,86.2,0,20.769524,5600,3675.0,3680.0
2022-07-05 09:56:00,86.2,86.2,86.2,86.2,0,20.769524,5600,3675.0,3680.0
2022-07-05 09:57:00,86.2,86.2,86.2,86.2,0,20.769524,5600,3675.0,3680.0
2022-07-05 09:58:00,86.2,86.2,86.2,86.2,0,20.769524,5600,3675.0,3680.0
2022-07-05 09:59:00,86.2,86.2,86.2,86.2,0,20.769524,5600,3675.0,3680.0
2022-07-05 10:00:00,86.2,86.2,86.2,86.2,0,20.769524,5600,3675.0,3680.0
2022-07-05 10:01:00,86.2,86.2,86.2,86.2,0,20.769524,5600,3675.0,3680.0
2022-07-05 10:02:00,86.2,86.2,86.2,86.2,0,20.769524,5600,3675.0,3680.0
2022-07-05 10:03:00,86.2,86.2,86.2,86.2,0,20.769524,5600,3675.0,3680.0
2022-07-05 10:04:00,86.2,86.2,86.2,86.2,0,20.769524,5600,3675.0,3680.0
2022-07-05 10:05:00,86.2,86.2,86.2,86.2,0,20.769524,5600,3675.0,3680.0
2022-07-05 10:06:00,86.2,86.2,86.2,86.2,0,20.769524,5600,3675.0,3680.0
2022-07-05 10:07:00,86.2,86.2,86.2,86.2,0,20.769524,5600,3675.0,3680.0
2022-07-05 10:08:00,86.2,86.2,86.2,86.2,0,20.769524,5600,3675.0,3680.0
2022-07-05 10:09:00,86.2,86.2,86.2,86.2,0,20.769524,5600,3675.0,3680.0
2022-07-05 10:10:00,86.2,86.2,86.2,86.2,0,20.769524,5600,3675.0,3680.0
2022-07-05 10:11:00,86.2,86.2,86.2,86.2,0,20.769524,5600,3675.0,3680.0
2022-07-05 10:12:00,86.2,86.2,86.2,86.2,0,20.769524,5600,3675.0,3680.0
2022-07-05 10:13:00,86.2,86.2,86.2,86.2,0,20.769524,5600,3675.0,3680.0
2022-07-05 10:14:00,86.2,86.2,86.2,86.2,0,20.769524,5600,3675.0,3680.0
2022-07-05 10:15:00,86.2,86.2,86.2,86.2,0,20.769524,5600,3675.0,3680.0
2022-07-05 10:16:00,86.2,86.2,86.2,86.2,0,20.769524,5600,3675.0,3680.0
2022-07-05 10:17:00,86.2,86.2,86.2,86.2,0,20.769524,5600,3675.0,3680.0
2022-07-05 10:18:00,86.2,86.2,86.2,86.2,0,20.769524,5600,3675.0,3680.0
2022-07-05 10:19:00,86.2,86.2,86.2,86.2,0,20.769524,5600,3675.0,3680.0
2022-07-05 10:20:00,86.2,86.2,86.2,86.2,0,20.769524,5600,3675.0,3680.0
2022-07-05 10:21:00,86.2,86.2,86.2,86.2,0,20.769524,5600,3675.0,3680.0
2022-07-05 10:22:00,86.2,86.2,86.2,86.2,0,20.769524,5600,3675.0,3680.0
2022-07-05 10:23:00,86.2,86.2,86.2,86.2,0,20.769524,5600,3675.0,3680.0
2022-07-05 10:24:00,86.2,86.2,86.2,86.2,0,20.769524,5600,3675.0,3680.0
2022-07-05 10:25:00,86.2,86.2,86.2,86.2,0,20.769524,5600,3675.0,3680.0
2022-07-05 10:26:00,86.2,86.2,86.2,86.2,0,20.769524,5600,3675.0,3680.0
2022-07-05 10:27:00,86.2,86.2,86.2,86.2,0,20.769524,5600,3675.0,3680.0
2022-07-05 10:28:00,86.2,86.2,86.2,86.2,0,20.769524,5600,3675.0,3680.0
2022-07-05 10:29:00,86.2,86.2,86.2,86.2,0,20.769524,5600,3675.0,3680.0
2022-07-05 10:30:00,86.2,86.2,86.2,86.2,0,20.769524,5600,3675.0,3680.0
2022-07-05 10:31:00,86.2,86.2,86.2,86.2,0,20.769524,5600,3675.0,3680.0
2022-07-05 10:32:00,86.2,86.2,86.2,86.2,0,20.769524,5600,3675.0,3680.0
2022-07-05 10:33:00,86.2,86.2,86.2,86.2,0,20.769524,5600,3675.0,3680.0
2022-07-05 10:34:00,86.2,86.2,86.2,86.2,0,20.769524,5600,3675.0,3680.0
2022-07-05 10:35:00,86.2,86.2,86.2,86.2,0,20.769524,5600,3675.0,3680.0
2022-07-05 10:36:00,86.2,86.2,86.2,86.2,0,20.769524,5600,3675.0,3680.0
2022-07-05 10:37:00,86.2,86.2,86.2,86.2,0,20.769524,5600,3675.0,3680.0
2022-07-05 10:38:00,86.2,86.2,86.2,86.2,0,20.769524,5600,3675.0,3680.0
2022-07-05 10:39:00,86.2,86.2,86.2,86.2,0,20.769524,5600,3675.0,3680.0
2022-07-05 10:40:00,86.2,86.2,86.2,86.2,0,20.769524,5600,3675.0,3680.0
2022-07-05 10:41:00,86.2,86.2,86.2,86.2,0,20.769524,5600,3675.0,3680.0
2022-07-05 10:42:00,86.2,86.2,86.2,86.2,0,20.769524,5600,3675.0,3680.0
2022-07-05 10:43:00,86.2,86.2,86.2,86.2,0,20.769524,5600,3675.0,3680.0
2022-07-05 10:44:00,86.2,86.2,86.2,86.2,0,20.769524,5600,3675.0,3680.0
2022-07-05 10:45:00,86.2,86.2,86.2,86.2,0,20.769524,5600,3675.0,3680.0
2022-07-05 10:46:00,86.2,86.2,86.2,86.2,0,20.769524,5600,3675.0,3680.0
2022-07-05 10:47:00,86.2,86.2,86.2,86.2,0,20.769524,5600,3675.0,3680.0
2022-07-05 10:48:00,86.2,86.2,86.2,86.2,0,20.769524,5600,3675.0,3680.0
2022-07-05 10:49:00,86.2,86.2,86.2,86.2,0,20.769524,5600,3675.0,3680.0
2022-07-05 10:50:00,86.2,86.2,86.2,86.2,0,20.769524,5600,3675.0,3680.0
2022-07-05 10:51:00,86.2,86.2,86.2,86.2,0,20.769524,5600,3675.0,3680.0
2022-07-05 10:52:00,86.2,86.2,86.2,86.2,0,20.769524,5600,3675.0,3680.0
2022-07-05 10:53:00,86.2,86.2,86.2,86.2,0,20.769524,5600,3675.0,3680.0
2022-07-05 10:54:00,86.2,86.2,86.2,86.2,0,20.769524,5600,3675.0,3680.0
2022-07-05 10:55:00,86.2,86.2,86.2,86.2,0,20.769524,5600,3675.0,3680.0
2022-07-05 10:56:00,86.2,86.2,86.2,86.2,0,20.769524,5600,3675.0,3680.0
2022-07-05 10:57:00,86.2,86.2,86.2,86.2,0,20.769524,5600,3675.0,3680.0
2022-07-05 10:58:00,86.2,86.2,86.2,86.2,0,20.769524,5600,3675.0,3680.0
2022-07-05 10:59:00,86.2,86.2,86.2,86.2,0,20.769524,5600,3675.0,3680.0
2022-07-05 11:00:00,86.2,86.2,86.2,86.2,0,20.769524,5600,3675.0,3680.0
2022-07-05 11:01:00,86.2,86.2,86.2,86.2,0,20.769524,5600,3675.0,3680.0
2022-07-05 11:02:00,86.2,86.2,86.2,86.2,0,20.769524,5600,3675.0,3680.0
2022-07-05 11:03:00,86.2,86.2,86.2,86.2,0,20.769524,5600,3675.0,3680.0
2022-07-05 11:04:00,86.2,86.2,86.2,86.2,0,20.769524,5600,3675.0,3680.0
2022-07-05 11:05:00,86.2,86.2,86.2,86.2,0,20.769524,5600,3675.0,3680.0
2022-07-05 11:06:00,86.2,86.2,86.2,86.2,0,20.769524,5600,3675.0,3680.0
2022-07-05 11:07:00,86.2,86.2,86.2,86.2,0,20.769524,5600,3675.0,3680.0
2022-07-05 11:08:00,86.2,86.2,86.2,86.2,0,20.769524,5600,3675.0,3680.0
2022-07-05 11:09:00,86.2,86.2,86.2,86.2,0,20.769524,5600,3675.0,3680.0
2022-07-05 11:10:00,86.2,86.2,86.2,86.2,0,20.769524,5600,3675.0,3680.0
2022-07-05 11:11:00,86.2,86.2,86.2,86.2,0,20.769524,5600,3675.0,3680.0
2022-07-05 11:12:00,86.2,86.2,86.2,86.2,0,20.769524,5600,3675.0,3680.0
2022-07-05 11:13:00,86.2,86.2,86.2,86.2,0,20.769524,5600,3675.0,3680.0
2022-07-05 11:14:00,86.2,86.2,86.2,86.2,0,20.769524,5600,3675.0,3680.0
2022-07-05 11:15:00,86.2,86.2,86.2,86.2,0,20.769524,5600,3675.0,3680.0
2022-07-05 11:16:00,86.2,86.2,86.2,86.2,0,20.769524,5600,3675.0,3680.0
2022-07-05 11:17:00,86.2,86.2,86.2,86.2,0,20.769524,5600,3675.0,3680.0
2022-07-05 11:18:00,86.2,86.2,86.2,86.2,0,20.769524,5600,3675.0,3680.0
2022-07-05 11:19:00,86.2,86.2,86.2,86.2,0,20.769524,5600,3675.0,3680.0
2022-07-05 11:20:00,86.2,86.2,86.2,86.2,0,20.769524,5600,3675.0,3680.0
2022-07-05 11:21:00,86.2,86.2,86.2,86.2,0,20.769524,5600,3675.0,3680.0
2022-07-05 11:22:00,86.2,86.2,86.2,86.2,0,20.769524,5600,3675.0,3680.0
2022-07-05 11:23:00,86.2,86.2,86.2,86.2,0,20.769524,5600,3675.0,3680.0
2022-07-05 11:24:00,86.2,86.2,86.2,86.2,0,20.769524,5600,3675.0,3680.0
2022-07-05 11:25:00,86.2,86.2,86.2,86.2,0,20.769524,5600,3675.0,3680.0
2022-07-05 11:26:00,86.2,86.2,86.2,86.2,0,20.769524,5600,3675.0,3680.0
2022-07-05 11:27:00,86.2,86.2,86.2,86.2,0,20.769524,5600,3675.0,3680.0
2022-07-05 11:28:00,86.2,86.2,86.2,86.2,0,20.769524,5600,3675.0,3680.0
2022-07-05 11:29:00,86.2,86.2,86.2,86.2,0,20.769524,5600,3675.0,3680.0
2022-07-05 11:30:00,86.2,86.2,86.2,86.2,0,20.769524,5600,3675.0,3680.0
2022-07-05 11:31:00,86.2,86.2,86.2,86.2,0,20.769524,5600,3675.0,3680.0
2022-07-05 11:32:00,86.2,86.2,86.2,86.2,0,20.769524,5600,3675.0,3680.0
2022-07-05 11:33:00,86.2,86.2,86.2,86.2,0,20.769524,5600,3675.0,3680.0
2022-07-05 11:34:00,86.2,86.2,86.2,86.2,0,20.769524,5600,3675.0,3680.0
2022-07-05 11:35:00,86.2,86.2,86.2,86.2,0,20.769524,5600,3675.0,3680.0
2022-07-05 11:36:00,86.2,86.2,86.2,86.2,0,20.769524,5600,3675.0,3680.0
2022-07-05 11:37:00,86.2,86.2,86.2,86.2,0,20.769524,5600,3675.0,3680.0
2022-07-05 11:38:00,86.2,86.2,86.2,86.2,0,20.769524,5600,3675.0,3680.0
2022-07-05 11:39:00,86.2,86.2,86.2,86.2,0,20.769524,5600,3675.0,3680.0
2022-07-05 11:40:00,86.2,86.2,86.2,86.2,0,20.769524,5600,3675.0,3680.0
2022-07-05 11:41:00,86.2,86.2,86.2,86.2,0,20.769524,5600,31.93,3000.0
2022-07-05 11:42:00,86.2,86.2,86.2,86.2,0,20.769524,5600,3675.0,3680.0
2022-07-05 11:43:00,86.2,86.2,86.2,86.2,0,20.769524,5600,3675.0,3680.0
2022-07-05 11:44:00,86.2,86.2,86.2,86.2,0,20.769524,5600,3675.0,3680.0
2022-07-05 11:45:00,86.2,86.2,86.2,86.2,0,20.769524,5600,28.12,3000.0
2022-07-05 11:46:00,86.2,86.2,86.2,86.2,0,20.769524,5600,3675.0,3680.0
2022-07-05 11:47:00,86.2,86.2,86.2,86.2,0,20.769524,5600,3675.0,3680.0
2022-07-05 11:48:00,86.2,86.2,86.2,86.2,0,20.769524,5600,3675.0,3680.0
2022-07-05 11:49:00,86.2,86.2,86.2,86.2,0,20.769524,5600,3675.0,3680.0
2022-07-05 11:50:00,86.2,86.2,86.2,86.2,0,20.769524,5600,3675.0,3680.0
2022-07-05 11:51:00,86.2,86.2,86.2,86.2,0,20.769524,5600,3675.0,3680.0
2022-07-05 11:52:00,86.2,86.2,86.2,86.2,0,20.769524,5600,3675.0,3680.0
2022-07-05 11:53:00,86.2,86.2,86.2,86.2,0,20.769524,5600,3675.0,3680.0
2022-07-05 11:54:00,86.2,86.2,86.2,86.2,0,20.769524,5600,3675.0,3680.0
2022-07-05 11:55:00,86.2,86.2,86.2,86.2,0,20.769524,5600,3675.0,3680.0
2022-07-05 11:56:00,86.2,86.2,86.2,86.2,0,20.769524,5600,3675.0,3680.0
2022-07-05 11:57:00,86.2,86.2,86.2,86.2,0,20.769524,5600,3675.0,3680.0
2022-07-05 11:58:00,86.2,86.2,86.2,86.2,0,20.769524,5600,3675.0,3680.0
2022-07-05 11:59:00,86.2,86.2,86.2,86.2,0,20.769524,5600,3675.0,3680.0
2022-07-05 12:00:00,86.2,86.2,86.2,86.2,0,20.769524,5600,3675.0,3680.0
2022-07-05 12:01:00,86.2,86.2,86.2,86.2,0,20.769524,5600,3675.0,3680.0
2022-07-05 12:02:00,86.2,86.2,86.2,86.2,0,20.769524,5600,3675.0,3680.0
2022-07-05 12:03:00,86.2,86.2,86.2,86.2,0,20.769524,5600,3675.0,3680.0
2022-07-05 12:04:00,86.2,86.2,86.2,86.2,0,20.769524,5600,3675.0,3680.0
2022-07-05 12:05:00,86.2,86.2,86.2,86.2,0,20.769524,5600,3675.0,3680.0
2022-07-05 12:06:00,86.2,86.2,86.2,86.2,0,20.769524,5600,3675.0,3680.0
2022-07-05 12:07:00,86.2,86.2,86.2,86.2,0,20.769524,5600,3675.0,3680.0
2022-07-05 12:08:00,86.2,86.2,86.2,86.2,0,20.769524,5600,3675.0,3680.0
2022-07-05 12:09:00,86.2,86.2,86.2,86.2,0,20.769524,5600,3675.0,3680.0
2022-07-05 12:10:00,86.2,86.2,86.2,86.2,0,20.769524,5600,3675.0,3680.0
2022-07-05 12:11:00,86.2,86.2,86.2,86.2,0,20.769524,5600,3675.0,3680.0
2022-07-05 12:12:00,86.2,86.2,86.2,86.2,0,20.769524,5600,3675.0,3680.0
2022-07-05 12:13:00,86.2,86.2,86.2,86.2,0,20.769524,5600,3675.0,3680.0
2022-07-05 12:14:00,86.2,86.2,86.2,86.2,0,20.769524,5600,3675.0,3680.0
2022-07-05 12:15:00,86.2,86.2,86.2,86.2,0,20.769524,5600,3675.0,3680.0
2022-07-05 12:16:00,86.2,86.2,86.2,86.2,0,20.769524,5600,3675.0,3680.0
2022-07-05 12:17:00,86.2,86.2,86.2,86.2,0,20.769524,5600,3675.0,3680.0
2022-07-05 12:18:00,86.2,86.2,86.2,86.2,0,20.769524,5600,3675.0,3680.0
2022-07-05 12:19:00,86.2,86.2,86.2,86.2,0,20.769524,5600,3675.0,3680.0
2022-07-05 12:20:00,86.2,86.2,86.2,86.2,0,20.769524,5600,3675.0,3680.0
2022-07-05 12:21:00,86.2,86.2,86.2,86.2,0,20.769524,5600,3675.0,3680.0
2022-07-05 12:22:00,86.2,86.2,86.2,86.2,0,20.769524,5600,3675.0,3680.0
2022-07-05 12:23:00,86.2,86.2,86.2,86.2,0,20.769524,5600,3675.0,3680.0
2022-07-05 12:24:00,86.2,86.2,86.2,86.2,0,20.769524,5600,3675.0,3680.0
2022-07-05 12:25:00,86.2,86.2,86.2,86.2,0,20.769524,5600,3675.0,3680.0
2022-07-05 12:26:00,86.2,86.2,86.2,86.2,0,20.769524,5600,3675.0,3680.0
2022-07-05 12:27:00,86.2,86.2,86.2,86.2,0,20.769524,5600,3675.0,3680.0
2022-07-05 12:28:00,86.2,86.2,86.2,86.2,0,20.769524,5600,3675.0,3680.0
2022-07-05 12:29:00,86.2,86.2,86.2,86.2,0,20.769524,5600,3675.0,3680.0
2022-07-05 12:30:00,86.2,86.2,86.2,86.2,0,20.769524,5600,3675.0,3680.0
2022-07-05 12:31:00,86.2,86.2,86.2,86.2,0,20.769524,5600,3675.0,3680.0
2022-07-05 12:32:00,86.2,86.2,86.2,86.2,0,20.769524,5600,3675.0,3680.0
2022-07-05 12:33:00,86.2,86.2,86.2,86.2,0,20.769524,5600,3675.0,3680.0
2022-07-05 12:34:00,86.2,86.2,86.2,86.2,0,20.769524,5600,3675.0,3680.0
2022-07-05 12:35:00,86.2,86.2,86.2,86.2,0,20.769524,5600,3675.0,3680.0
2022-07-05 12:36:00,86.2,86.2,86.2,86.2,0,20.769524,5600,3675.0,3680.0
2022-07-05 12:37:00,86.2,86.2,86.2,86.2,0,20.769524,5600,3675.0,3680.0
2022-07-05 12:38:00,86.2,86.2,86.2,86.2,0,20.769524,5600,3675.0,3680.0
2022-07-05 12:39:00,86.2,86.2,86.2,86.2,0,20.769524,5600,3675.0,3680.0
2022-07-05 12:40:00,86.2,86.2,86.2,86.2,0,20.769524,5600,3675.0,3680.0
2022-07-05 12:41:00,86.2,86.2,86.2,86.2,0,20.769524,5600,3675.0,3680.0
2022-07-05 12:42:00,86.2,86.2,86.2,86.2,0,20.769524,5600,3675.0,3680.0
2022-07-05 12:43:00,86.2,86.2,86.2,86.2,0,20.769524,5600,3675.0,3680.0
2022-07-05 12:44:00,86.2,86.2,86.2,86.2,0,20.769524,5600,3675.0,3680.0
2022-07-05 12:45:00,86.2,86.2,86.2,86.2,0,20.769524,5600,31.93,3000.0
2022-07-05 12:46:00,86.2,86.2,86.2,86.2,0,20.769524,5600,3675.0,3680.0
2022-07-05 12:47:00,86.2,86.2,86.2,86.2,0,20.769524,5600,3675.0,3680.0
2022-07-05 12:48:00,86.2,86.2,86.2,86.2,0,20.769524,5600,3675.0,3680.0
2022-07-05 12:49:00,86.2,86.2,86.2,86.2,0,20.769524,5600,3675.0,3680.0
2022-07-05 12:50:00,86.2,86.2,86.2,86.2,0,20.769524,5600,3675.0,3680.0
2022-07-05 12:51:00,86.2,86.2,86.2,86.2,0,20.769524,5600,3675.0,3680.0
2022-07-05 12:52:00,86.2,86.2,86.2,86.2,0,20.769524,5600,3675.0,3680.0
2022-07-05 12:53:00,86.2,86.2,86.2,86.2,0,20.769524,5600,3675.0,3680.0
2022-07-05 12:54:00,86.2,86.2,86.2,86.2,0,20.769524,5600,3675.0,3680.0
2022-07-05 12:55:00,86.2,86.2,86.2,86.2,0,20.769524,5600,3675.0,3680.0
2022-07-05 12:56:00,86.2,86.2,86.2,86.2,0,20.769524,5600,3675.0,3680.0
2022-07-05 12:57:00,86.2,86.2,86.2,86.2,0,20.769524,5600,3675.0,3680.0
2022-07-05 12:58:00,86.2,86.2,86.2,86.2,0,20.769524,5600,3675.0,3680.0
2022-07-05 12:59:00,86.2,86.2,86.2,86.2,0,20.769524,5600,3675.0,3680.0
2022-07-05 13:00:00,86.2,86.2,86.2,86.2,0,20.769524,5600,3675.0,3680.0
2022-07-05 13:01:00,86.2,86.2,86.2,86.2,0,20.769524,5600,3675.0,3680.0
2022-07-05 13:02:00,86.2,86.2,86.2,86.2,0,20.769524,5600,3675.0,3680.0
2022-07-05 13:03:00,86.2,86.2,86.2,86.2,0,20.769524,5600,3675.0,3680.0
2022-07-05 13:04:00,86.2,86.2,86.2,86.2,0,20.769524,5600,3675.0,3680.0
2022-07-05 13:05:00,86.2,86.2,86.2,86.2,0,20.769524,5600,3675.0,3680.0
2022-07-05 13:06:00,86.2,86.2,86.2,86.2,0,20.769524,5600,3675.0,3680.0
2022-07-05 13:07:00,86.2,86.2,86.2,86.2,0,20.769524,5600,3675.0,3680.0
2022-07-05 13:08:00,86.2,86.2,86.2,86.2,0,20.769524,5600,3675.0,3680.0
2022-07-05 13:09:00,86.2,86.2,86.2,86.2,0,20.769524,5600,3675.0,3680.0
2022-07-05 13:10:00,86.2,86.2,86.2,86.2,0,20.769524,5600,3675.0,3680.0
2022-07-05 13:11:00,86.2,86.2,86.2,86.2,0,20.769524,5600,3675.0,3680.0
2022-07-05 13:12:00,86.2,86.2,86.2,86.2,0,20.769524,5600,3675.0,3680.0
2022-07-05 13:13:00,86.2,86.2,86.2,86.2,0,20.769524,5600,3675.0,3680.0
2022-07-05 13:14:00,86.2,86.2,86.2,86.2,0,20.769524,5600,3675.0,3680.0
2022-07-05 13:15:00,86.2,86.2,86.2,86.2,0,20.769524,5600,3675.0,3680.0
2022-07-05 13:16:00,86.2,86.2,86.2,86.2,0,20.769524,5600,3675.0,3680.0
2022-07-05 13:17:00,86.2,86.2,86.2,86.2,0,20.769524,5600,3675.0,3680.0
2022-07-05 13:18:00,86.2,86.2,86.2,86.2,0,20.769524,5600,3675.0,3680.0
2022-07-05 13:19:00,86.2,86.2,86.2,86.2,0,20.769524,5600,3675.0,3680.0
2022-07-05 13:20:00,86.2,86.2,86.2,86.2,0,20.769524,5600,3675.0,3680.0
2022-07-05 13:21:00,86.2,86.2,86.2,86.2,0,20.769524,5600,3675.0,3680.0
2022-07-05 13:22:00,86.2,86.2,86.2,86.2,0,20.769524,5600,3675.0,3680.0
2022-07-05 13:23:00,86.2,86.2,86.2,86.2,0,20.769524,5600,3675.0,3680.0
2022-07-05 13:24:00,86.2,86.2,86.2,86.2,0,20.769524,5600,3675.0,3680.0
2022-07-05 13:25:00,86.2,86.2,86.2,86.2,0,20.769524,5600,3675.0,3680.0
2022-07-05 13:26:00,86.2,86.2,86.2,86.2,0,20.769524,5600,3675.0,3680.0
2022-07-05 13:27:00,86.2,86.2,86.2,86.2,0,20.769524,5600,3675.0,3680.0
2022-07-05 13:28:00,86.2,86.2,86.2,86.2,0,20.769524,5600,3675.0,3680.0
2022-07-05 13:29:00,86.2,86.2,86.2,86.2,0,20.769524,5600,3675.0,3680.0
2022-07-05 13:30:00,86.2,86.2,86.2,86.2,0,20.769524,5600,3675.0,3680.0
2022-07-05 13:31:00,86.2,86.2,86.2,86.2,0,20.769524,5600,3675.0,3680.0
2022-07-05 13:32:00,86.2,86.2,86.2,86.2,0,20.769524,5600,3675.0,3680.0
2022-07-05 13:33:00,86.2,86.2,86.2,86.2,0,20.769524,5600,3675.0,3680.0
2022-07-05 13:34:00,86.2,86.2,86.2,86.2,0,20.769524,5600,3675.0,3680.0
2022-07-05 13:35:00,86.2,86.2,86.2,86.2,0,20.769524,5600,3675.0,3680.0
2022-07-05 13:36:00,86.2,86.2,86.2,86.2,0,20.769524,5600,3675.0,3680.0
2022-07-05 13:37:00,86.2,86.2,86.2,86.2,0,20.769524,5600,3675.0,3680.0
2022-07-05 13:38:00,86.2,86.2,86.2,86.2,0,20.769524,5600,3675.0,3680.0
2022-07-05 13:39:00,86.2,86.2,86.2,86.2,0,20.769524,5600,3675.0,3680.0
2022-07-05 13:40:00,86.2,86.2,86.2,86.2,0,20.769524,5600,3675.0,3680.0
2022-07-05 13:41:00,86.2,86.2,86.2,86.2,0,20.769524,5600,3675.0,3680.0
2022-07-05 13:42:00,86.2,86.2,86.2,86.2,0,20.769524,5600,3675.0,3680.0
2022-07-05 13:43:00,86.2,86.2,86.2,86.2,0,20.769524,5600,3675.0,3680.0
2022-07-05 13:44:00,86.2,86.2,86.2,86.2,0,20.769524,5600,3675.0,3680.0
2022-07-05 13:45:00,86.2,86.2,86.2,86.2,0,20.769524,5600,3675.0,3680.0
2022-07-05 13:46:00,86.2,86.2,86.2,86.2,0,20.769524,5600,3675.0,3680.0
2022-07-05 13:47:00,86.2,86.2,86.2,86.2,0,20.769524,5600,3675.0,3680.0
2022-07-05 13:48:00,86.2,86.2,86.2,86.2,0,20.769524,5600,3675.0,3680.0
2022-07-05 13:49:00,86.2,86.2,86.2,86.2,0,20.769524,5600,3675.0,3680.0
2022-07-05 13:50:00,86.2,86.2,86.2,86.2,0,20.769524,5600,3675.0,3680.0
2022-07-05 13:51:00,86.2,86.2,86.2,86.2,0,20.769524,5600,3675.0,3680.0
2022-07-05 13:52:00,86.2,86.2,86.2,86.2,0,20.769524,5600,3675.0,3680.0
2022-07-05 13:53:00,86.2,86.2,86.2,86.2,0,20.769524,5600,3675.0,3680.0
2022-07-05 13:54:00,86.2,86.2,86.2,86.2,0,20.769524,5600,3675.0,3680.0
2022-07-05 13:55:00,86.2,86.2,86.2,86.2,0,20.769524,5600,3675.0,3680.0
2022-07-05 13:56:00,86.2,86.2,86.2,86.2,0,20.769524,5600,3675.0,3680.0
2022-07-05 13:57:00,86.2,86.2,86.2,86.2,0,20.769524,5600,3675.0,3680.0
2022-07-05 13:58:00,86.2,86.2,86.2,86.2,0,20.769524,5600,3675.0,3680.0
2022-07-05 13:59:00,86.2,86.2,86.2,86.2,0,20.769524,5600,3675.0,3680.0
2022-07-05 14:00:00,86.2,86.2,86.2,86.2,0,20.769524,5600,3675.0,3680.0
2022-07-05 14:01:00,86.2,86.2,86.2,86.2,0,20.769524,5600,3675.0,3680.0
2022-07-05 14:02:00,86.2,86.2,86.2,86.2,0,20.769524,5600,3675.0,3680.0
2022-07-05 14:03:00,86.2,86.2,86.2,86.2,0,20.769524,5600,3675.0,3680.0
2022-07-05 14:04:00,86.2,86.2,86.2,86.2,0,20.769524,5600,3675.0,3680.0
2022-07-05 14:05:00,86.2,86.2,86.2,86.2,0,20.769524,5600,3675.0,3680.0
2022-07-05 14:06:00,86.2,86.2,86.2,86.2,0,20.769524,5600,3675.0,3680.0
2022-07-05 14:07:00,86.2,86.2,86.2,86.2,0,20.769524,5600,3675.0,3680.0
2022-07-05 14:08:00,86.2,86.2,86.2,86.2,0,20.769524,5600,3675.0,3680.0
2022-07-05 14:09:00,86.2,86.2,86.2,86.2,0,20.769524,5600,3675.0,3680.0
2022-07-05 14:10:00,86.2,86.2,86.2,86.2,0,20.769524,5600,3675.0,3680.0
2022-07-05 14:11:00,86.2,86.2,86.2,86.2,0,20.769524,5600,3675.0,3680.0
2022-07-05 14:12:00,86.2,86.2,86.2,86.2,0,20.769524,5600,3675.0,3680.0
2022-07-05 14:13:00,86.2,86.2,86.2,86.2,0,20.769524,5600,3675.0,3680.0
2022-07-05 14:14:00,86.2,86.2,86.2,86.2,0,20.769524,5600,3675.0,3680.0
2022-07-05 14:15:00,86.2,86.2,86.2,86.2,0,20.769524,5600,3675.0,3680.0
2022-07-05 14:16:00,86.2,86.2,86.2,86.2,0,20.769524,5600,3675.0,3680.0
2022-07-05 14:17:00,86.2,86.2,86.2,86.2,0,20.769524,5600,3675.0,3680.0
2022-07-05 14:18:00,86.2,86.2,86.2,86.2,0,20.769524,5600,3675.0,3680.0
2022-07-05 14:19:00,86.2,86.2,86.2,86.2,0,20.769524,5600,3675.0,3680.0
2022-07-05 14:20:00,86.2,86.2,86.2,86.2,0,20.769524,5600,28.11,3000.0
2022-07-05 14:21:00,86.2,86.2,86.2,86.2,0,20.769524,5600,3675.0,3680.0
2022-07-05 14:22:00,86.2,86.2,86.2,86.2,0,20.769524,5600,3675.0,3680.0
2022-07-05 14:23:00,86.2,86.2,86.2,86.2,0,20.769524,5600,3675.0,3680.0
2022-07-05 14:24:00,86.2,86.2,86.2,86.2,0,20.769524,5600,3675.0,3680.0
2022-07-05 14:25:00,86.2,86.2,86.2,86.2,0,20.769524,5600,3675.0,3680.0
2022-07-05 14:26:00,86.2,86.2,86.2,86.2,0,20.769524,5600,3675.0,3680.0
2022-07-05 14:27:00,86.2,86.2,86.2,86.2,0,20.769524,5600,3675.0,3680.0
2022-07-05 14:28:00,86.2,86.2,86.2,86.2,0,20.769524,5600,3675.0,3680.0
2022-07-05 14:29:00,86.2,86.2,86.2,86.2,0,20.769524,5600,3675.0,3680.0
2022-07-05 14:30:00,86.2,86.2,86.2,86.2,0,20.769524,5600,3675.0,3680.0
2022-07-05 14:31:00,86.2,86.2,86.2,86.2,0,20.769524,5600,3675.0,3680.0
2022-07-05 14:32:00,86.2,86.2,86.2,86.2,0,20.769524,5600,3675.0,3680.0
2022-07-05 14:33:00,86.2,86.2,86.2,86.2,0,20.769524,5600,3675.0,3680.0
2022-07-05 14:34:00,86.2,86.2,86.2,86.2,0,20.769524,5600,3675.0,3680.0
2022-07-05 14:35:00,86.2,86.2,86.2,86.2,0,20.769524,5600,3675.0,3680.0
2022-07-05 14:36:00,86.2,86.2,86.2,86.2,0,20.769524,5600,3675.0,3680.0
2022-07-05 14:37:00,86.2,86.2,86.2,86.2,0,20.769524,5600,3675.0,3680.0
2022-07-05 14:38:00,86.2,86.2,86.2,86.2,0,20.769524,5600,3675.0,3680.0
2022-07-05 14:39:00,86.2,86.2,86.2,86.2,0,20.769524,5600,3675.0,3680.0
2022-07-05 14:40:00,86.2,86.2,86.2,86.2,0,20.769524,5600,3675.0,3680.0
2022-07-05 14:41:00,86.2,86.2,86.2,86.2,0,20.769524,5600,3675.0,3680.0
2022-07-05 14:42:00,86.2,86.2,86.2,86.2,0,20.769524,5600,3675.0,3680.0
2022-07-05 14:43:00,86.2,86.2,86.2,86.2,0,20.769524,5600,3675.0,3680.0
2022-07-05 14:44:00,86.2,86.2,86.2,86.2,0,20.769524,5600,3675.0,3680.0
2022-07-05 14:45:00,86.2,86.2,86.2,86.2,0,20.769524,5600,3675.0,3680.0
2022-07-05 14:46:00,86.2,86.2,86.2,86.2,0,20.769524,5600,3675.0,3680.0
2022-07-05 14:47:00,86.2,86.2,86.2,86.2,0,20.769524,5600,3675.0,3680.0
2022-07-05 14:48:00,86.2,86.2,86.2,86.2,0,20.769524,5600,3675.0,3680.0
2022-07-05 14:49:00,86.2,86.2,86.2,86.2,0,20.769524,5600,3675.0,3680.0
2022-07-05 14:50:00,86.2,86.2,86.2,86.2,0,20.769524,5600,3675.0,3680.0
2022-07-05 14:51:00,86.2,86.2,86.2,86.2,0,20.769524,5600,3675.0,3680.0
2022-07-05 14:52:00,86.2,86.2,86.2,86.2,0,20.769524,5600,3675.0,3680.0
2022-07-05 14:53:00,86.2,86.2,86.2,86.2,0,20.769524,5600,3675.0,3680.0
2022-07-05 14:54:00,86.2,86.2,86.2,86.2,0,20.769524,5600,3675.0,3680.0
2022-07-05 14:55:00,86.2,86.2,86.2,86.2,0,20.769524,5600,3675.0,3680.0
2022-07-05 14:56:00,86.2,86.2,86.2,86.2,0,20.769524,5600,3675.0,3680.0
2022-07-05 14:57:00,86.2,86.2,86.2,86.2,0,20.769524,5600,3675.0,3680.0
2022-07-05 14:58:00,86.2,86.2,86.2,86.2,0,20.769524,5600,3675.0,3680.0
2022-07-05 14:59:00,86.2,86.2,86.2,86.2,0,20.769524,5600,3675.0,3680.0
2022-07-05 15:00:00,86.2,86.2,86.2,86.2,0,20.769524,5600,3675.0,3680.0
2022-07-05 15:01:00,86.2,86.2,86.2,86.2,0,20.769524,5600,3675.0,3680.0
2022-07-05 15:02:00,86.2,86.2,86.2,86.2,0,20.769524,5600,3675.0,3680.0
2022-07-05 15:03:00,86.2,86.2,86.2,86.2,0,20.769524,5600,3675.0,3680.0
2022-07-05 15:04:00,86.2,86.2,86.2,86.2,0,20.769524,5600,32.04,3000.0
2022-07-05 15:05:00,86.2,86.2,86.2,86.2,0,20.769524,5600,3675.0,3680.0
2022-07-05 15:06:00,86.2,86.2,86.2,86.2,0,20.769524,5600,3675.0,3680.0
2022-07-05 15:07:00,86.2,86.2,86.2,86.2,0,20.769524,5600,3675.0,3680.0
2022-07-05 15:08:00,86.2,86.2,86.2,86.2,0,20.769524,5600,3675.0,3680.0
2022-07-05 15:09:00,86.2,86.2,86.2,86.2,0,20.769524,5600,3675.0,3680.0
2022-07-05 15:10:00,86.2,86.2,86.2,86.2,0,20.769524,5600,3675.0,3680.0
2022-07-05 15:11:00,86.2,86.2,86.2,86.2,0,20.769524,5600,3675.0,3680.0
2022-07-05 15:12:00,86.2,86.2,86.2,86.2,0,20.769524,5600,3675.0,3680.0
2022-07-05 15:13:00,86.2,86.2,86.2,86.2,0,20.769524,5600,3675.0,3680.0
2022-07-05 15:14:00,86.2,86.2,86.2,86.2,0,20.769524,5600,3675.0,3680.0
2022-07-05 15:15:00,86.2,86.2,86.2,86.2,0,20.769524,5600,3675.0,3680.0
2022-07-05 15:16:00,86.2,86.2,86.2,86.2,0,20.769524,5600,3675.0,3680.0
2022-07-05 15:17:00,86.2,86.2,86.2,86.2,0,20.769524,5600,3675.0,3680.0
2022-07-05 15:18:00,86.2,86.2,86.2,86.2,0,20.769524,5600,3675.0,3680.0
2022-07-05 15:19:00,86.2,86.2,86.2,86.2,0,20.769524,5600,3675.0,3680.0
2022-07-05 15:20:00,86.2,86.2,86.2,86.2,0,20.769524,5600,3675.0,3680.0
2022-07-05 15:21:00,86.2,86.2,86.2,86.2,0,20.769524,5600,3675.0,3680.0
2022-07-05 15:22:00,86.2,86.2,86.2,86.2,0,20.769524,5600,3675.0,3680.0
2022-07-05 15:23:00,86.2,86.2,86.2,86.2,0,20.769524,5600,3675.0,3680.0
2022-07-05 15:24:00,86.2,86.2,86.2,86.2,0,20.769524,5600,3675.0,3680.0
2022-07-05 15:25:00,86.2,86.2,86.2,86.2,0,20.769524,5600,3675.0,3680.0
2022-07-05 15:26:00,86.2,86.2,86.2,86.2,0,20.769524,5600,3675.0,3680.0
2022-07-05 15:27:00,86.2,86.2,86.2,86.2,0,20.769524,5600,3675.0,3680.0
2022-07-05 15:28:00,86.2,86.2,86.2,86.2,0,20.769524,5600,3675.0,3680.0
2022-07-05 15:29:00,86.2,86.2,86.2,86.2,0,20.769524,5600,3675.0,3680.0
2022-07-08 09:15:00,83.0,83.0,83.0,83.0,200,20.887476,6600,3814.85,3820.0
2022-07-08 09:16:00,76.25,83.5,76.25,83.5,200,20.665988,6800,3836.4,3840.0
2022-07-08 09:17:00,83.5,83.5,83.5,83.5,0,20.665988,6800,3836.4,3840.0
2022-07-08 09:18:00,83.5,83.5,83.5,83.5,0,20.665988,6800,3836.4,3840.0
2022-07-08 09:19:00,83.5,83.5,83.5,83.5,0,20.665988,6800,3836.4,3840.0
2022-07-08 09:20:00,83.5,83.5,83.5,83.5,0,20.665988,6800,3836.4,3840.0
2022-07-08 09:21:00,83.5,83.5,83.5,83.5,0,20.665988,6800,3836.4,3840.0
2022-07-08 09:22:00,83.5,83.5,83.5,83.5,0,20.665988,6800,3836.4,3840.0
2022-07-08 09:23:00,83.5,83.5,83.5,83.5,0,20.665988,6800,3836.4,3840.0
2022-07-08 09:24:00,83.5,83.5,83.5,83.5,0,20.665988,6800,3836.4,3840.0
2022-07-08 09:25:00,83.5,83.5,83.5,83.5,0,20.665988,6800,3836.4,3840.0
2022-07-08 09:26:00,83.5,83.5,83.5,83.5,0,20.665988,6800,3836.4,3840.0
2022-07-08 09:27:00,83.5,83.5,83.5,83.5,0,20.665988,6800,3836.4,3840.0
2022-07-08 09:28:00,83.5,83.5,83.5,83.5,0,20.665988,6800,3836.4,3840.0
2022-07-08 09:29:00,83.5,83.5,83.5,83.5,0,20.665988,6800,3836.4,3840.0
2022-07-08 09:30:00,83.5,83.5,83.5,83.5,0,20.665988,6800,3836.4,3840.0
2022-07-08 09:31:00,83.5,83.5,83.5,83.5,0,20.665988,6800,3836.4,3840.0
2022-07-08 09:32:00,83.5,83.5,83.5,83.5,0,20.665988,6800,3836.4,3840.0
2022-07-08 09:33:00,83.5,83.5,83.5,83.5,0,20.665988,6800,3836.4,3840.0
2022-07-08 09:34:00,83.5,83.5,83.5,83.5,0,20.665988,6800,3836.4,3840.0
2022-07-08 09:35:00,83.5,83.5,83.5,83.5,0,20.665988,6800,3836.4,3840.0
2022-07-08 09:36:00,83.5,83.5,83.5,83.5,0,20.665988,6800,3836.4,3840.0
2022-07-08 09:37:00,83.5,83.5,83.5,83.5,0,20.665988,6800,3836.4,3840.0
2022-07-08 09:38:00,83.5,83.5,83.5,83.5,0,20.665988,6800,3836.4,3840.0
2022-07-08 09:39:00,83.5,83.5,83.5,83.5,0,20.665988,6800,3836.4,3840.0
2022-07-08 09:40:00,83.5,83.5,83.5,83.5,0,20.665988,6800,3836.4,3840.0
2022-07-08 09:41:00,83.5,83.5,83.5,83.5,0,20.665988,6800,3836.4,3840.0
2022-07-08 09:42:00,83.5,83.5,83.5,83.5,0,20.665988,6800,3836.4,3840.0
2022-07-08 09:43:00,83.5,83.5,83.5,83.5,0,20.665988,6800,3836.4,3840.0
2022-07-08 09:44:00,83.5,83.5,83.5,83.5,0,20.665988,6800,3836.4,3840.0
2022-07-08 09:45:00,83.5,83.5,83.5,83.5,0,20.665988,6800,3836.4,3840.0
2022-07-08 09:46:00,83.5,83.5,83.5,83.5,0,20.665988,6800,3836.4,3840.0
2022-07-08 09:47:00,83.5,83.5,83.5,83.5,0,20.665988,6800,3836.4,3840.0
2022-07-08 09:48:00,83.5,83.5,83.5,83.5,0,20.665988,6800,3836.4,3840.0
2022-07-08 09:49:00,83.5,83.5,83.5,83.5,0,20.665988,6800,3836.4,3840.0
2022-07-08 09:50:00,83.5,83.5,83.5,83.5,0,20.665988,6800,3836.4,3840.0
2022-07-08 09:51:00,83.5,83.5,83.5,83.5,0,20.665988,6800,3836.4,3840.0
2022-07-08 09:52:00,83.5,83.5,83.5,83.5,0,20.665988,6800,3836.4,3840.0
2022-07-08 09:53:00,83.5,83.5,83.5,83.5,0,20.665988,6800,3836.4,3840.0
2022-07-08 09:54:00,83.5,83.5,83.5,83.5,0,20.665988,6800,3836.4,3840.0
2022-07-08 09:55:00,83.5,83.5,83.5,83.5,0,20.665988,6800,3836.4,3840.0
2022-07-08 09:56:00,83.5,83.5,83.5,83.5,0,20.665988,6800,3836.4,3840.0
2022-07-08 09:57:00,83.5,83.5,83.5,83.5,0,20.665988,6800,3836.4,3840.0
2022-07-08 09:58:00,83.5,83.5,83.5,83.5,0,20.665988,6800,3836.4,3840.0
2022-07-08 09:59:00,83.5,83.5,83.5,83.5,0,20.665988,6800,3836.4,3840.0
2022-07-08 10:00:00,83.5,83.5,83.5,83.5,0,20.665988,6800,3836.4,3840.0
2022-07-08 10:01:00,83.5,83.5,83.5,83.5,0,20.665988,6800,3836.4,3840.0
2022-07-08 10:02:00,83.5,83.5,83.5,83.5,0,20.665988,6800,3836.4,3840.0
2022-07-08 10:03:00,83.5,83.5,83.5,83.5,0,20.665988,6800,3836.4,3840.0
2022-07-08 10:04:00,83.5,83.5,83.5,83.5,0,20.665988,6800,3836.4,3840.0
2022-07-08 10:05:00,83.5,83.5,83.5,83.5,0,20.665988,6800,3836.4,3840.0
2022-07-08 10:06:00,83.5,83.5,83.5,83.5,0,20.665988,6800,3836.4,3840.0
2022-07-08 10:07:00,83.5,83.5,83.5,83.5,0,20.665988,6800,3836.4,3840.0
2022-07-08 10:08:00,83.5,83.5,83.5,83.5,0,20.665988,6800,3836.4,3840.0
2022-07-08 10:09:00,83.5,83.5,83.5,83.5,0,20.665988,6800,3836.4,3840.0
2022-07-08 10:10:00,83.5,83.5,83.5,83.5,0,20.665988,6800,3836.4,3840.0
2022-07-08 10:11:00,83.5,83.5,83.5,83.5,0,20.665988,6800,3836.4,3840.0
2022-07-08 10:12:00,83.5,83.5,83.5,83.5,0,20.665988,6800,3836.4,3840.0
2022-07-08 10:13:00,83.5,83.5,83.5,83.5,0,20.665988,6800,3836.4,3840.0
2022-07-08 10:14:00,83.5,83.5,83.5,83.5,0,20.665988,6800,3836.4,3840.0
2022-07-08 10:15:00,83.5,83.5,83.5,83.5,0,20.665988,6800,3836.4,3840.0
2022-07-08 10:16:00,83.5,83.5,83.5,83.5,0,20.665988,6800,3836.4,3840.0
2022-07-08 10:17:00,83.5,83.5,83.5,83.5,0,20.665988,6800,3836.4,3840.0
2022-07-08 10:18:00,83.5,83.5,83.5,83.5,0,20.665988,6800,3836.4,3840.0
2022-07-08 10:19:00,83.5,83.5,83.5,83.5,0,20.665988,6800,3836.4,3840.0
2022-07-08 10:20:00,83.5,83.5,83.5,83.5,0,20.665988,6800,3836.4,3840.0
2022-07-08 10:21:00,83.5,83.5,83.5,83.5,0,20.665988,6800,3836.4,3840.0
2022-07-08 10:22:00,83.5,83.5,83.5,83.5,0,20.665988,6800,3836.4,3840.0
2022-07-08 10:23:00,83.5,83.5,83.5,83.5,0,20.665988,6800,3836.4,3840.0
2022-07-08 10:24:00,83.5,83.5,83.5,83.5,0,20.665988,6800,3836.4,3840.0
2022-07-08 10:25:00,83.5,83.5,83.5,83.5,0,20.665988,6800,3836.4,3840.0
2022-07-08 10:26:00,83.5,83.5,83.5,83.5,0,20.665988,6800,3836.4,3840.0
2022-07-08 10:27:00,83.5,83.5,83.5,83.5,0,20.665988,6800,3836.4,3840.0
2022-07-08 10:28:00,83.5,83.5,83.5,83.5,0,20.665988,6800,3836.4,3840.0
2022-07-08 10:29:00,83.5,83.5,83.5,83.5,0,20.665988,6800,3836.4,3840.0
2022-07-08 10:30:00,83.5,83.5,83.5,83.5,0,20.665988,6800,3836.4,3840.0
2022-07-08 10:31:00,83.5,83.5,83.5,83.5,0,20.665988,6800,3836.4,3840.0
2022-07-08 10:32:00,83.5,83.5,83.5,83.5,0,20.665988,6800,3836.4,3840.0
2022-07-08 10:33:00,83.5,83.5,83.5,83.5,0,20.665988,6800,3836.4,3840.0
2022-07-08 10:34:00,83.5,83.5,83.5,83.5,0,20.665988,6800,3836.4,3840.0
2022-07-08 10:35:00,83.5,83.5,83.5,83.5,0,20.665988,6800,3836.4,3840.0
2022-07-08 10:36:00,83.5,83.5,83.5,83.5,0,20.665988,6800,3836.4,3840.0
2022-07-08 10:37:00,83.5,83.5,83.5,83.5,0,20.665988,6800,3836.4,3840.0
2022-07-08 10:38:00,83.5,83.5,83.5,83.5,0,20.665988,6800,3836.4,3840.0
2022-07-08 10:39:00,83.5,83.5,83.5,83.5,0,20.665988,6800,3836.4,3840.0
2022-07-08 10:40:00,83.5,83.5,83.5,83.5,0,20.665988,6800,3836.4,3840.0
2022-07-08 10:41:00,83.5,83.5,83.5,83.5,0,20.665988,6800,3836.4,3840.0
2022-07-08 10:42:00,83.5,83.5,83.5,83.5,0,20.665988,6800,3836.4,3840.0
2022-07-08 10:43:00,83.5,83.5,83.5,83.5,0,20.665988,6800,3836.4,3840.0
2022-07-08 10:44:00,83.5,83.5,83.5,83.5,0,20.665988,6800,3836.4,3840.0
2022-07-08 10:45:00,83.5,83.5,83.5,83.5,0,20.665988,6800,3836.4,3840.0
2022-07-08 10:46:00,83.5,83.5,83.5,83.5,0,20.665988,6800,3836.4,3840.0
2022-07-08 10:47:00,83.5,83.5,83.5,83.5,0,20.665988,6800,3836.4,3840.0
2022-07-08 10:48:00,83.5,83.5,83.5,83.5,0,20.665988,6800,3836.4,3840.0
2022-07-08 10:49:00,83.5,83.5,83.5,83.5,0,20.665988,6800,3836.4,3840.0
2022-07-08 10:50:00,83.5,83.5,83.5,83.5,0,20.665988,6800,3836.4,3840.0
2022-07-08 10:51:00,83.5,83.5,83.5,83.5,0,20.665988,6800,3836.4,3840.0
2022-07-08 10:52:00,83.5,83.5,83.5,83.5,0,20.665988,6800,3836.4,3840.0
2022-07-08 10:53:00,83.5,83.5,83.5,83.5,0,20.665988,6800,3836.4,3840.0
2022-07-08 10:54:00,83.5,83.5,83.5,83.5,0,20.665988,6800,3836.4,3840.0
2022-07-08 10:55:00,83.5,83.5,83.5,83.5,0,20.665988,6800,3836.4,3840.0
2022-07-08 10:56:00,83.5,83.5,83.5,83.5,0,20.665988,6800,3836.4,3840.0
2022-07-08 10:57:00,83.5,83.5,83.5,83.5,0,20.665988,6800,3836.4,3840.0
2022-07-08 10:58:00,83.5,83.5,83.5,83.5,0,20.665988,6800,3836.4,3840.0
2022-07-08 10:59:00,83.5,83.5,83.5,83.5,0,20.665988,6800,3836.4,3840.0
2022-07-08 11:00:00,83.5,83.5,83.5,83.5,0,20.665988,6800,3836.4,3840.0
2022-07-08 11:01:00,83.5,83.5,83.5,83.5,0,20.665988,6800,3836.4,3840.0
2022-07-08 11:02:00,83.5,83.5,83.5,83.5,0,20.665988,6800,3836.4,3840.0
2022-07-08 11:03:00,83.5,83.5,83.5,83.5,0,20.665988,6800,3836.4,3840.0
2022-07-08 11:04:00,83.5,83.5,83.5,83.5,0,20.665988,6800,3836.4,3840.0
2022-07-08 11:05:00,83.5,83.5,83.5,83.5,0,20.665988,6800,3836.4,3840.0
2022-07-08 11:06:00,83.5,83.5,83.5,83.5,0,20.665988,6800,3836.4,3840.0
2022-07-08 11:07:00,83.5,83.5,83.5,83.5,0,20.665988,6800,3836.4,3840.0
2022-07-08 11:08:00,83.5,83.5,83.5,83.5,0,20.665988,6800,3836.4,3840.0
2022-07-08 11:09:00,83.5,83.5,83.5,83.5,0,20.665988,6800,3836.4,3840.0
2022-07-08 11:10:00,83.5,83.5,83.5,83.5,0,20.665988,6800,3836.4,3840.0
2022-07-08 11:11:00,83.5,83.5,83.5,83.5,0,20.665988,6800,3836.4,3840.0
2022-07-08 11:12:00,83.5,83.5,83.5,83.5,0,20.665988,6800,3836.4,3840.0
2022-07-08 11:13:00,83.5,83.5,83.5,83.5,0,20.665988,6800,3836.4,3840.0
2022-07-08 11:14:00,83.5,83.5,83.5,83.5,0,20.665988,6800,3836.4,3840.0
2022-07-08 11:15:00,83.5,83.5,83.5,83.5,0,20.665988,6800,3836.4,3840.0
2022-07-08 11:16:00,83.5,83.5,83.5,83.5,0,20.665988,6800,3836.4,3840.0
2022-07-08 11:17:00,83.5,83.5,83.5,83.5,0,20.665988,6800,3836.4,3840.0
2022-07-08 11:18:00,83.5,83.5,83.5,83.5,0,20.665988,6800,3836.4,3840.0
2022-07-08 11:19:00,83.5,83.5,83.5,83.5,0,20.665988,6800,3836.4,3840.0
2022-07-08 11:20:00,83.5,83.5,83.5,83.5,0,20.665988,6800,3836.4,3840.0
2022-07-08 11:21:00,83.5,83.5,83.5,83.5,0,20.665988,6800,3836.4,3840.0
2022-07-08 11:22:00,83.5,83.5,83.5,83.5,0,20.665988,6800,3836.4,3840.0
2022-07-08 11:23:00,83.5,83.5,83.5,83.5,0,20.665988,6800,3836.4,3840.0
2022-07-08 11:24:00,83.5,83.5,83.5,83.5,0,20.665988,6800,3836.4,3840.0
2022-07-08 11:25:00,83.5,83.5,83.5,83.5,0,20.665988,6800,3836.4,3840.0
2022-07-08 11:26:00,83.5,83.5,83.5,83.5,0,20.665988,6800,3836.4,3840.0
2022-07-08 11:27:00,83.5,83.5,83.5,83.5,0,20.665988,6800,3836.4,3840.0
2022-07-08 11:28:00,83.5,83.5,83.5,83.5,0,20.665988,6800,3836.4,3840.0
2022-07-08 11:29:00,83.5,83.5,83.5,83.5,0,20.665988,6800,3836.4,3840.0
2022-07-08 11:30:00,83.5,83.5,83.5,83.5,0,20.665988,6800,3836.4,3840.0
2022-07-08 11:31:00,83.5,83.5,83.5,83.5,0,20.665988,6800,3836.4,3840.0
2022-07-08 11:32:00,83.5,83.5,83.5,83.5,0,20.665988,6800,3836.4,3840.0
2022-07-08 11:33:00,83.5,83.5,83.5,83.5,0,20.665988,6800,3836.4,3840.0
2022-07-08 11:34:00,83.5,83.5,83.5,83.5,0,20.665988,6800,3836.4,3840.0
2022-07-08 11:35:00,83.5,83.5,83.5,83.5,0,20.665988,6800,3836.4,3840.0
2022-07-08 11:36:00,83.5,83.5,83.5,83.5,0,20.665988,6800,3836.4,3840.0
2022-07-08 11:37:00,83.5,83.5,83.5,83.5,0,20.665988,6800,3836.4,3840.0
2022-07-08 11:38:00,83.5,83.5,83.5,83.5,0,20.665988,6800,3836.4,3840.0
2022-07-08 11:39:00,83.5,83.5,83.5,83.5,0,20.665988,6800,3836.4,3840.0
2022-07-08 11:40:00,83.5,83.5,83.5,83.5,0,20.665988,6800,3836.4,3840.0
2022-07-08 11:41:00,83.5,83.5,83.5,83.5,0,20.665988,6800,3836.4,3840.0
2022-07-08 11:42:00,83.5,83.5,83.5,83.5,0,20.665988,6800,3836.4,3840.0
2022-07-08 11:43:00,83.5,83.5,83.5,83.5,0,20.665988,6800,3836.4,3840.0
2022-07-08 11:44:00,83.5,83.5,83.5,83.5,0,20.665988,6800,3836.4,3840.0
2022-07-08 11:45:00,83.5,83.5,83.5,83.5,0,20.665988,6800,3836.4,3840.0
2022-07-08 11:46:00,83.5,83.5,83.5,83.5,0,20.665988,6800,3836.4,3840.0
2022-07-08 11:47:00,83.5,83.5,83.5,83.5,0,20.665988,6800,3836.4,3840.0
2022-07-08 11:48:00,83.5,83.5,83.5,83.5,0,20.665988,6800,3836.4,3840.0
2022-07-08 11:49:00,83.5,83.5,83.5,83.5,0,20.665988,6800,3836.4,3840.0
2022-07-08 11:50:00,83.5,83.5,83.5,83.5,0,20.665988,6800,3836.4,3840.0
2022-07-08 11:51:00,83.5,83.5,83.5,83.5,0,20.665988,6800,3836.4,3840.0
2022-07-08 11:52:00,83.5,83.5,83.5,83.5,0,20.665988,6800,3836.4,3840.0
2022-07-08 11:53:00,83.5,83.5,83.5,83.5,0,20.665988,6800,3836.4,3840.0
2022-07-08 11:54:00,83.5,83.5,83.5,83.5,0,20.665988,6800,3836.4,3840.0
2022-07-08 11:55:00,83.5,83.5,83.5,83.5,0,20.665988,6800,3836.4,3840.0
2022-07-08 11:56:00,83.5,83.5,83.5,83.5,0,20.665988,6800,3836.4,3840.0
2022-07-08 11:57:00,83.5,83.5,83.5,83.5,0,20.665988,6800,3836.4,3840.0
2022-07-08 11:58:00,83.5,83.5,83.5,83.5,0,20.665988,6800,3836.4,3840.0
2022-07-08 11:59:00,83.5,83.5,83.5,83.5,0,20.665988,6800,3836.4,3840.0
2022-07-08 12:00:00,83.5,83.5,83.5,83.5,0,20.665988,6800,3836.4,3840.0
2022-07-08 12:01:00,83.5,83.5,83.5,83.5,0,20.665988,6800,3836.4,3840.0
2022-07-08 12:02:00,83.5,83.5,83.5,83.5,0,20.665988,6800,3836.4,3840.0
2022-07-08 12:03:00,83.5,83.5,83.5,83.5,0,20.665988,6800,3836.4,3840.0
2022-07-08 12:04:00,83.5,83.5,83.5,83.5,0,20.665988,6800,3836.4,3840.0
2022-07-08 12:05:00,83.5,83.5,83.5,83.5,0,20.665988,6800,3836.4,3840.0
2022-07-08 12:06:00,83.5,83.5,83.5,83.5,0,20.665988,6800,3836.4,3840.0
2022-07-08 12:07:00,83.5,83.5,83.5,83.5,0,20.665988,6800,3836.4,3840.0
2022-07-08 12:08:00,83.5,83.5,83.5,83.5,0,20.665988,6800,3836.4,3840.0
2022-07-08 12:09:00,83.5,83.5,83.5,83.5,0,20.665988,6800,3836.4,3840.0
2022-07-08 12:10:00,83.5,83.5,83.5,83.5,0,20.665988,6800,3836.4,3840.0
2022-07-08 12:11:00,83.5,83.5,83.5,83.5,0,20.665988,6800,3836.4,3840.0
2022-07-08 12:12:00,83.5,83.5,83.5,83.5,0,20.665988,6800,3836.4,3840.0
2022-07-08 12:13:00,83.5,83.5,83.5,83.5,0,20.665988,6800,3836.4,3840.0
2022-07-08 12:14:00,83.5,83.5,83.5,83.5,0,20.665988,6800,3836.4,3840.0
2022-07-08 12:15:00,83.5,83.5,83.5,83.5,0,20.665988,6800,3836.4,3840.0
2022-07-08 12:16:00,83.5,83.5,83.5,83.5,0,20.665988,6800,3836.4,3840.0
2022-07-08 12:17:00,83.5,83.5,83.5,83.5,0,20.665988,6800,3836.4,3840.0
2022-07-08 12:18:00,83.5,83.5,83.5,83.5,0,20.665988,6800,3836.4,3840.0
2022-07-08 12:19:00,83.5,83.5,83.5,83.5,0,20.665988,6800,3836.4,3840.0
2022-07-08 12:20:00,83.5,83.5,83.5,83.5,0,20.665988,6800,3836.4,3840.0
2022-07-08 12:21:00,83.5,83.5,83.5,83.5,0,20.665988,6800,3836.4,3840.0
2022-07-08 12:22:00,83.5,83.5,83.5,83.5,0,20.665988,6800,3836.4,3840.0
2022-07-08 12:23:00,83.5,83.5,83.5,83.5,0,20.665988,6800,3836.4,3840.0
2022-07-08 12:24:00,83.5,83.5,83.5,83.5,0,20.665988,6800,3836.4,3840.0
2022-07-08 12:25:00,83.5,83.5,83.5,83.5,0,20.665988,6800,3836.4,3840.0
2022-07-08 12:26:00,83.5,83.5,83.5,83.5,0,20.665988,6800,3836.4,3840.0
2022-07-08 12:27:00,83.5,83.5,83.5,83.5,0,20.665988,6800,3836.4,3840.0
2022-07-08 12:28:00,83.5,83.5,83.5,83.5,0,20.665988,6800,3836.4,3840.0
2022-07-08 12:29:00,83.5,83.5,83.5,83.5,0,20.665988,6800,3836.4,3840.0
2022-07-08 12:30:00,83.5,83.5,83.5,83.5,0,20.665988,6800,3836.4,3840.0
2022-07-08 12:31:00,83.5,83.5,83.5,83.5,0,20.665988,6800,3836.4,3840.0
2022-07-08 12:32:00,83.5,83.5,83.5,83.5,0,20.665988,6800,3836.4,3840.0
2022-07-08 12:33:00,83.5,83.5,83.5,83.5,0,20.665988,6800,3836.4,3840.0
2022-07-08 12:34:00,83.5,83.5,83.5,83.5,0,20.665988,6800,3836.4,3840.0
2022-07-08 12:35:00,83.5,83.5,83.5,83.5,0,20.665988,6800,3836.4,3840.0
2022-07-08 12:36:00,83.5,83.5,83.5,83.5,0,20.665988,6800,3836.4,3840.0
2022-07-08 12:37:00,83.5,83.5,83.5,83.5,0,20.665988,6800,3836.4,3840.0
2022-07-08 12:38:00,83.5,83.5,83.5,83.5,0,20.665988,6800,3836.4,3840.0
2022-07-08 12:39:00,83.5,83.5,83.5,83.5,0,20.665988,6800,3836.4,3840.0
2022-07-08 12:40:00,83.5,83.5,83.5,83.5,0,20.665988,6800,3836.4,3840.0
2022-07-08 12:41:00,83.5,83.5,83.5,83.5,0,20.665988,6800,3836.4,3840.0
2022-07-08 12:42:00,83.5,83.5,83.5,83.5,0,20.665988,6800,3836.4,3840.0
2022-07-08 12:43:00,83.5,83.5,83.5,83.5,0,20.665988,6800,3836.4,3840.0
2022-07-08 12:44:00,83.5,83.5,83.5,83.5,0,20.665988,6800,3836.4,3840.0
2022-07-08 12:45:00,83.5,83.5,83.5,83.5,0,20.665988,6800,3836.4,3840.0
2022-07-08 12:46:00,83.5,83.5,83.5,83.5,0,20.665988,6800,3836.4,3840.0
2022-07-08 12:47:00,83.5,83.5,83.5,83.5,0,20.665988,6800,3836.4,3840.0
2022-07-08 12:48:00,83.5,83.5,83.5,83.5,0,20.665988,6800,3836.4,3840.0
2022-07-08 12:49:00,83.5,83.5,83.5,83.5,0,20.665988,6800,3836.4,3840.0
2022-07-08 12:50:00,83.5,83.5,83.5,83.5,0,20.665988,6800,3836.4,3840.0
2022-07-08 12:51:00,83.5,83.5,83.5,83.5,0,20.665988,6800,3836.4,3840.0
2022-07-08 12:52:00,83.5,83.5,83.5,83.5,0,20.665988,6800,3836.4,3840.0
2022-07-08 12:53:00,83.5,83.5,83.5,83.5,0,20.665988,6800,3836.4,3840.0
2022-07-08 12:54:00,83.5,83.5,83.5,83.5,0,20.665988,6800,3836.4,3840.0
2022-07-08 12:55:00,83.5,83.5,83.5,83.5,0,20.665988,6800,3836.4,3840.0
2022-07-08 12:56:00,83.5,83.5,83.5,83.5,0,20.665988,6800,3836.4,3840.0
2022-07-08 12:57:00,83.5,83.5,83.5,83.5,0,20.665988,6800,3836.4,3840.0
2022-07-08 12:58:00,83.5,83.5,83.5,83.5,0,20.665988,6800,3836.4,3840.0
2022-07-08 12:59:00,83.5,83.5,83.5,83.5,0,20.665988,6800,3836.4,3840.0
2022-07-08 13:00:00,83.5,83.5,83.5,83.5,0,20.665988,6800,3836.4,3840.0
2022-07-08 13:01:00,83.5,83.5,83.5,83.5,0,20.665988,6800,3836.4,3840.0
2022-07-08 13:02:00,83.5,83.5,83.5,83.5,0,20.665988,6800,3836.4,3840.0
2022-07-08 13:03:00,83.5,83.5,83.5,83.5,0,20.665988,6800,3836.4,3840.0
2022-07-08 13:04:00,83.5,83.5,83.5,83.5,0,20.665988,6800,3836.4,3840.0
2022-07-08 13:05:00,83.5,83.5,83.5,83.5,0,20.665988,6800,3836.4,3840.0
2022-07-08 13:06:00,83.5,83.5,83.5,83.5,0,20.665988,6800,3836.4,3840.0
2022-07-08 13:07:00,83.5,83.5,83.5,83.5,0,20.665988,6800,3836.4,3840.0
2022-07-08 13:08:00,83.5,83.5,83.5,83.5,0,20.665988,6800,3836.4,3840.0
2022-07-08 13:09:00,83.5,83.5,83.5,83.5,0,20.665988,6800,3836.4,3840.0
2022-07-08 13:10:00,83.5,83.5,83.5,83.5,0,20.665988,6800,3836.4,3840.0
2022-07-08 13:11:00,83.5,83.5,83.5,83.5,0,20.665988,6800,3836.4,3840.0
2022-07-08 13:12:00,83.5,83.5,83.5,83.5,0,20.665988,6800,3836.4,3840.0
2022-07-08 13:13:00,83.5,83.5,83.5,83.5,0,20.665988,6800,3836.4,3840.0
2022-07-08 13:14:00,83.5,83.5,83.5,83.5,0,20.665988,6800,3836.4,3840.0
2022-07-08 13:15:00,83.5,83.5,83.5,83.5,0,20.665988,6800,3836.4,3840.0
2022-07-08 13:16:00,83.5,83.5,83.5,83.5,0,20.665988,6800,3836.4,3840.0
2022-07-08 13:17:00,83.5,83.5,83.5,83.5,0,20.665988,6800,3836.4,3840.0
2022-07-08 13:18:00,83.5,83.5,83.5,83.5,0,20.665988,6800,3836.4,3840.0
2022-07-08 13:19:00,83.5,83.5,83.5,83.5,0,20.665988,6800,3836.4,3840.0
2022-07-08 13:20:00,83.5,83.5,83.5,83.5,0,20.665988,6800,3836.4,3840.0
2022-07-08 13:21:00,83.5,83.5,83.5,83.5,0,20.665988,6800,3836.4,3840.0
2022-07-08 13:22:00,83.5,83.5,83.5,83.5,0,20.665988,6800,3836.4,3840.0
2022-07-08 13:23:00,83.5,83.5,83.5,83.5,0,20.665988,6800,3836.4,3840.0
2022-07-08 13:24:00,83.5,83.5,83.5,83.5,0,20.665988,6800,3836.4,3840.0
2022-07-08 13:25:00,83.5,83.5,83.5,83.5,0,20.665988,6800,3836.4,3840.0
2022-07-08 13:26:00,83.5,83.5,83.5,83.5,0,20.665988,6800,3836.4,3840.0
2022-07-08 13:27:00,83.5,83.5,83.5,83.5,0,20.665988,6800,3836.4,3840.0
2022-07-08 13:28:00,83.5,83.5,83.5,83.5,0,20.665988,6800,3836.4,3840.0
2022-07-08 13:29:00,83.5,83.5,83.5,83.5,0,20.665988,6800,3836.4,3840.0
2022-07-08 13:30:00,83.5,83.5,83.5,83.5,0,20.665988,6800,3836.4,3840.0
2022-07-08 13:31:00,83.5,83.5,83.5,83.5,0,20.665988,6800,3836.4,3840.0
2022-07-08 13:32:00,83.5,83.5,83.5,83.5,0,20.665988,6800,3836.4,3840.0
2022-07-08 13:33:00,83.5,83.5,83.5,83.5,0,20.665988,6800,3836.4,3840.0
2022-07-08 13:34:00,83.5,83.5,83.5,83.5,0,20.665988,6800,3836.4,3840.0
2022-07-08 13:35:00,83.5,83.5,83.5,83.5,0,20.665988,6800,3836.4,3840.0
2022-07-08 13:36:00,83.5,83.5,83.5,83.5,0,20.665988,6800,3836.4,3840.0
2022-07-08 13:37:00,83.5,83.5,83.5,83.5,0,20.665988,6800,3836.4,3840.0
2022-07-08 13:38:00,83.5,83.5,83.5,83.5,0,20.665988,6800,3836.4,3840.0
2022-07-08 13:39:00,83.5,83.5,83.5,83.5,0,20.665988,6800,3836.4,3840.0
2022-07-08 13:40:00,83.5,83.5,83.5,83.5,0,20.665988,6800,3836.4,3840.0
2022-07-08 13:41:00,83.5,83.5,83.5,83.5,0,20.665988,6800,3836.4,3840.0
2022-07-08 13:42:00,83.5,83.5,83.5,83.5,0,20.665988,6800,3836.4,3840.0
2022-07-08 13:43:00,83.5,83.5,83.5,83.5,0,20.665988,6800,3836.4,3840.0
2022-07-08 13:44:00,83.5,83.5,83.5,83.5,0,20.665988,6800,3836.4,3840.0
2022-07-08 13:45:00,83.5,83.5,83.5,83.5,0,20.665988,6800,3836.4,3840.0
2022-07-08 13:46:00,83.5,83.5,83.5,83.5,0,20.665988,6800,3836.4,3840.0
2022-07-08 13:47:00,83.5,83.5,83.5,83.5,0,20.665988,6800,3836.4,3840.0
2022-07-08 13:48:00,83.5,83.5,83.5,83.5,0,20.665988,6800,3836.4,3840.0
2022-07-08 13:49:00,83.5,83.5,83.5,83.5,0,20.665988,6800,3836.4,3840.0
2022-07-08 13:50:00,83.5,83.5,83.5,83.5,0,20.665988,6800,3836.4,3840.0
2022-07-08 13:51:00,83.5,83.5,83.5,83.5,0,20.665988,6800,3836.4,3840.0
2022-07-08 13:52:00,83.5,83.5,83.5,83.5,0,20.665988,6800,3836.4,3840.0
2022-07-08 13:53:00,83.5,83.5,83.5,83.5,0,20.665988,6800,3836.4,3840.0
2022-07-08 13:54:00,83.5,83.5,83.5,83.5,0,20.665988,6800,3836.4,3840.0
2022-07-08 13:55:00,83.5,83.5,83.5,83.5,0,20.665988,6800,3836.4,3840.0
2022-07-08 13:56:00,83.5,83.5,83.5,83.5,0,20.665988,6800,3836.4,3840.0
2022-07-08 13:57:00,83.5,83.5,83.5,83.5,0,20.665988,6800,3836.4,3840.0
2022-07-08 13:58:00,83.5,83.5,83.5,83.5,0,20.665988,6800,3836.4,3840.0
2022-07-08 13:59:00,83.5,83.5,83.5,83.5,0,20.665988,6800,3836.4,3840.0
2022-07-08 14:00:00,83.5,83.5,83.5,83.5,0,20.665988,6800,3836.4,3840.0
2022-07-08 14:01:00,83.5,83.5,83.5,83.5,0,20.665988,6800,3836.4,3840.0
2022-07-08 14:02:00,83.5,83.5,83.5,83.5,0,20.665988,6800,3836.4,3840.0
2022-07-08 14:03:00,83.5,83.5,83.5,83.5,0,20.665988,6800,3836.4,3840.0
2022-07-08 14:04:00,83.5,83.5,83.5,83.5,0,20.665988,6800,3836.4,3840.0
2022-07-08 14:05:00,83.5,83.5,83.5,83.5,0,20.665988,6800,3836.4,3840.0
2022-07-08 14:06:00,83.5,83.5,83.5,83.5,0,20.665988,6800,3836.4,3840.0
2022-07-08 14:07:00,83.5,83.5,83.5,83.5,0,20.665988,6800,3836.4,3840.0
2022-07-08 14:08:00,83.5,83.5,83.5,83.5,0,20.665988,6800,3836.4,3840.0
2022-07-08 14:09:00,83.5,83.5,83.5,83.5,0,20.665988,6800,3836.4,3840.0
2022-07-08 14:10:00,83.5,83.5,83.5,83.5,0,20.665988,6800,3836.4,3840.0
2022-07-08 14:11:00,83.5,83.5,83.5,83.5,0,20.665988,6800,3836.4,3840.0
2022-07-08 14:12:00,83.5,83.5,83.5,83.5,0,20.665988,6800,3836.4,3840.0
2022-07-08 14:13:00,83.5,83.5,83.5,83.5,0,20.665988,6800,3836.4,3840.0
2022-07-08 14:14:00,83.5,83.5,83.5,83.5,0,20.665988,6800,3836.4,3840.0
2022-07-08 14:15:00,83.5,83.5,83.5,83.5,0,20.665988,6800,3836.4,3840.0
2022-07-08 14:16:00,83.5,83.5,83.5,83.5,0,20.665988,6800,3836.4,3840.0
2022-07-08 14:17:00,83.5,83.5,83.5,83.5,0,20.665988,6800,3836.4,3840.0
2022-07-08 14:18:00,83.5,83.5,83.5,83.5,0,20.665988,6800,3836.4,3840.0
2022-07-08 14:19:00,83.5,83.5,83.5,83.5,0,20.665988,6800,3836.4,3840.0
2022-07-08 14:20:00,83.5,83.5,83.5,83.5,0,20.665988,6800,3836.4,3840.0
2022-07-08 14:21:00,83.5,83.5,83.5,83.5,0,20.665988,6800,3836.4,3840.0
2022-07-08 14:22:00,83.5,83.5,83.5,83.5,0,20.665988,6800,3836.4,3840.0
2022-07-08 14:23:00,83.5,83.5,83.5,83.5,0,20.665988,6800,3836.4,3840.0
2022-07-08 14:24:00,83.5,83.5,83.5,83.5,0,20.665988,6800,3836.4,3840.0
2022-07-08 14:25:00,83.5,83.5,83.5,83.5,0,20.665988,6800,3836.4,3840.0
2022-07-08 14:26:00,83.5,83.5,83.5,83.5,0,20.665988,6800,3836.4,3840.0
2022-07-08 14:27:00,83.5,83.5,83.5,83.5,0,20.665988,6800,3836.4,3840.0
2022-07-08 14:28:00,83.5,83.5,83.5,83.5,0,20.665988,6800,3836.4,3840.0
2022-07-08 14:29:00,83.5,83.5,83.5,83.5,0,20.665988,6800,3836.4,3840.0
2022-07-08 14:30:00,83.5,83.5,83.5,83.5,0,20.665988,6800,3836.4,3840.0
2022-07-08 14:31:00,83.5,83.5,83.5,83.5,0,20.665988,6800,3836.4,3840.0
2022-07-08 14:32:00,83.5,83.5,83.5,83.5,0,20.665988,6800,3836.4,3840.0
2022-07-08 14:33:00,83.5,83.5,83.5,83.5,0,20.665988,6800,3836.4,3840.0
2022-07-08 14:34:00,83.5,83.5,83.5,83.5,0,20.665988,6800,3836.4,3840.0
2022-07-08 14:35:00,83.5,83.5,83.5,83.5,0,20.665988,6800,3836.4,3840.0
2022-07-08 14:36:00,83.5,83.5,83.5,83.5,0,20.665988,6800,3836.4,3840.0
2022-07-08 14:37:00,83.5,83.5,83.5,83.5,0,20.665988,6800,3836.4,3840.0
2022-07-08 14:38:00,83.5,83.5,83.5,83.5,0,20.665988,6800,3836.4,3840.0
2022-07-08 14:39:00,83.5,83.5,83.5,83.5,0,20.665988,6800,3836.4,3840.0
2022-07-08 14:40:00,83.5,83.5,83.5,83.5,0,20.665988,6800,3836.4,3840.0
2022-07-08 14:41:00,83.5,83.5,83.5,83.5,0,20.665988,6800,3836.4,3840.0
2022-07-08 14:42:00,83.5,83.5,83.5,83.5,0,20.665988,6800,3836.4,3840.0
2022-07-08 14:43:00,83.5,83.5,83.5,83.5,0,20.665988,6800,3836.4,3840.0
2022-07-08 14:44:00,83.5,83.5,83.5,83.5,0,20.665988,6800,3836.4,3840.0
2022-07-08 14:45:00,83.5,83.5,83.5,83.5,0,20.665988,6800,3836.4,3840.0
2022-07-08 14:46:00,83.5,83.5,83.5,83.5,0,20.665988,6800,3836.4,3840.0
2022-07-08 14:47:00,83.5,83.5,83.5,83.5,0,20.665988,6800,3836.4,3840.0
2022-07-08 14:48:00,83.5,83.5,83.5,83.5,0,20.665988,6800,3836.4,3840.0
2022-07-08 14:49:00,83.5,83.5,83.5,83.5,0,20.665988,6800,3836.4,3840.0
2022-07-08 14:50:00,83.5,83.5,83.5,83.5,0,20.665988,6800,3836.4,3840.0
2022-07-08 14:51:00,83.5,83.5,83.5,83.5,0,20.665988,6800,3836.4,3840.0
2022-07-08 14:52:00,83.5,83.5,83.5,83.5,0,20.665988,6800,3836.4,3840.0
2022-07-08 14:53:00,83.5,83.5,83.5,83.5,0,20.665988,6800,3836.4,3840.0
2022-07-08 14:54:00,83.5,83.5,83.5,83.5,0,20.665988,6800,3836.4,3840.0
2022-07-08 14:55:00,83.5,83.5,83.5,83.5,0,20.665988,6800,3836.4,3840.0
2022-07-08 14:56:00,83.5,83.5,83.5,83.5,0,20.665988,6800,3836.4,3840.0
2022-07-08 14:57:00,83.5,83.5,83.5,83.5,0,20.665988,6800,3836.4,3840.0
2022-07-08 14:58:00,83.5,83.5,83.5,83.5,0,20.665988,6800,3836.4,3840.0
2022-07-08 14:59:00,83.5,83.5,83.5,83.5,0,20.665988,6800,3836.4,3840.0
2022-07-08 15:00:00,83.5,83.5,83.5,83.5,0,20.665988,6800,3836.4,3840.0
2022-07-08 15:01:00,83.5,83.5,83.5,83.5,0,20.665988,6800,3836.4,3840.0
2022-07-08 15:02:00,83.5,83.5,83.5,83.5,0,20.665988,6800,3836.4,3840.0
2022-07-08 15:03:00,83.5,83.5,83.5,83.5,0,20.665988,6800,3836.4,3840.0
2022-07-08 15:04:00,83.5,83.5,83.5,83.5,0,20.665988,6800,3836.4,3840.0
2022-07-08 15:05:00,83.5,83.5,83.5,83.5,0,20.665988,6800,3836.4,3840.0
2022-07-08 15:06:00,83.5,83.5,83.5,83.5,0,20.665988,6800,3836.4,3840.0
2022-07-08 15:07:00,83.5,83.5,83.5,83.5,0,20.665988,6800,3836.4,3840.0
2022-07-08 15:08:00,83.5,83.5,83.5,83.5,0,20.665988,6800,3836.4,3840.0
2022-07-08 15:09:00,83.5,83.5,83.5,83.5,0,20.665988,6800,3836.4,3840.0
2022-07-08 15:10:00,83.5,83.5,83.5,83.5,0,20.665988,6800,3836.4,3840.0
2022-07-08 15:11:00,83.5,83.5,83.5,83.5,0,20.665988,6800,3836.4,3840.0
2022-07-08 15:12:00,83.5,83.5,83.5,83.5,0,20.665988,6800,3836.4,3840.0
2022-07-08 15:13:00,83.5,83.5,83.5,83.5,0,20.665988,6800,3836.4,3840.0
2022-07-08 15:14:00,83.5,83.5,83.5,83.5,0,20.665988,6800,3836.4,3840.0
2022-07-08 15:15:00,83.5,83.5,83.5,83.5,0,20.665988,6800,3836.4,3840.0
2022-07-08 15:16:00,83.5,83.5,83.5,83.5,0,20.665988,6800,3836.4,3840.0
2022-07-08 15:17:00,83.5,83.5,83.5,83.5,0,20.665988,6800,3836.4,3840.0
2022-07-08 15:18:00,83.5,83.5,83.5,83.5,0,20.665988,6800,3836.4,3840.0
2022-07-08 15:19:00,83.5,83.5,83.5,83.5,0,20.665988,6800,3836.4,3840.0
2022-07-08 15:20:00,83.5,83.5,83.5,83.5,0,20.665988,6800,3836.4,3840.0
2022-07-08 15:21:00,83.5,83.5,83.5,83.5,0,20.665988,6800,3836.4,3840.0
2022-07-08 15:22:00,83.5,83.5,83.5,83.5,0,20.665988,6800,3836.4,3840.0
2022-07-08 15:23:00,83.5,83.5,83.5,83.5,0,20.665988,6800,3836.4,3840.0
2022-07-08 15:24:00,83.5,83.5,83.5,83.5,0,20.665988,6800,3836.4,3840.0
2022-07-08 15:25:00,83.5,83.5,83.5,83.5,0,20.665988,6800,3836.4,3840.0
2022-07-08 15:26:00,83.5,83.5,83.5,83.5,0,20.665988,6800,3836.4,3840.0
2022-07-08 15:27:00,83.5,83.5,83.5,83.5,0,20.665988,6800,3836.4,3840.0
2022-07-08 15:28:00,83.5,83.5,83.5,83.5,0,20.665988,6800,32.0,3000.0
2022-07-08 15:29:00,83.5,83.5,83.5,83.5,0,20.665988,6800,3836.4,3840.0
2022-07-13 09:55:00,68.05,71.8,67.25,70.4,600,20.674151,25600,3748.6,3750.0
2022-07-13 09:56:00,70.4,70.4,70.4,70.4,0,20.674151,25600,3747.0,3750.0
2022-07-13 09:57:00,70.4,70.65,70.4,70.65,200,21.379047,25600,3745.1,3750.0
2022-07-13 09:58:00,70.65,72.85,70.65,72.85,600,21.589936,25600,3748.0,3750.0
2022-07-13 09:59:00,72.85,74.05,72.85,74.05,200,22.340081,25600,3746.0,3750.0
2022-07-13 10:00:00,74.05,74.05,74.05,74.05,0,22.340081,25600,3745.0,3750.0
2022-07-13 10:01:00,74.05,74.05,72.7,72.7,400,21.497784,25600,3748.25,3750.0
2022-07-13 10:02:00,72.7,72.7,72.5,72.5,200,21.548437,25600,3747.6,3750.0
2022-07-13 10:03:00,72.5,72.5,72.5,72.5,0,21.548437,25600,3742.25,3740.0
2022-07-13 10:04:00,72.5,72.5,72.5,72.5,0,21.548437,25600,3743.35,3740.0
2022-07-13 10:05:00,72.5,72.5,72.5,72.5,0,21.548437,25600,3743.3,3740.0
2022-07-13 10:06:00,72.5,72.5,72.5,72.5,0,21.548437,25600,3741.95,3740.0
2022-07-13 10:07:00,72.5,72.5,72.5,72.5,0,21.548437,25600,3740.15,3740.0
2022-07-13 10:08:00,72.5,72.5,72.5,72.5,0,21.548437,25600,3737.7,3740.0
2022-07-13 10:09:00,72.5,72.5,72.5,72.5,0,21.548437,25600,3740.0,3740.0
2022-07-13 10:10:00,75.85,75.9,75.85,75.9,200,21.692458,13600,3743.4,3740.0
2022-07-13 10:11:00,75.9,75.9,75.9,75.9,0,21.692458,13600,3744.4,3740.0
2022-07-13 10:12:00,75.9,75.9,75.9,75.9,0,21.692458,13600,3742.55,3740.0
2022-07-13 10:13:00,75.9,75.9,75.9,75.9,0,21.692458,13600,3744.0,3740.0
2022-07-13 10:14:00,75.9,75.9,75.9,75.9,0,21.692458,13600,3747.7,3750.0
2022-07-13 10:15:00,75.9,75.9,75.9,75.9,0,21.692458,13600,3749.25,3750.0
2022-07-13 10:16:00,75.9,75.9,75.9,75.9,0,21.692458,13600,3746.8,3750.0
2022-07-13 10:17:00,75.9,75.9,75.9,75.9,0,21.692458,13600,3749.9,3750.0
2022-07-13 10:18:00,75.9,75.9,75.9,75.9,0,21.692458,13600,3749.85,3750.0
2022-07-13 10:19:00,75.9,75.9,75.9,75.9,0,21.692458,13600,3748.15,3750.0
2022-07-13 10:20:00,75.9,75.9,75.9,75.9,0,21.692458,13600,3749.3,3750.0
2022-07-13 10:21:00,75.9,75.9,75.9,75.9,0,21.692458,13600,3749.25,3750.0
2022-07-13 10:22:00,75.9,75.9,75.9,75.9,0,21.692458,13600,3748.5,3750.0
2022-07-13 10:23:00,75.9,75.9,75.9,75.9,0,21.692458,13600,3746.8,3750.0
2022-07-13 10:24:00,75.9,75.9,75.9,75.9,0,21.692458,13600,3747.95,3750.0
2022-07-13 10:25:00,75.9,75.9,75.9,75.9,0,21.692458,13600,3750.0,3750.0
2022-07-13 10:26:00,75.9,75.9,75.9,75.9,0,21.692458,13600,3751.0,3750.0
2022-07-13 10:27:00,75.9,75.9,75.9,75.9,0,21.692458,13600,3748.9,3750.0
2022-07-13 10:28:00,75.9,75.9,75.9,75.9,0,21.692458,13600,3748.95,3750.0
2022-07-13 10:29:00,75.9,75.9,75.9,75.9,0,21.692458,13600,3750.0,3750.0
2022-07-13 10:30:00,75.9,75.9,75.9,75.9,0,21.692458,13600,3747.0,3750.0
2022-07-13 10:31:00,75.9,75.9,75.9,75.9,0,21.692458,13600,3745.2,3750.0
2022-07-13 10:32:00,75.9,75.9,75.9,75.9,0,21.692458,13600,3745.05,3750.0
2022-07-13 10:33:00,75.9,75.9,75.9,75.9,0,21.692458,13600,3745.15,3750.0
2022-07-13 10:34:00,75.9,75.9,75.9,75.9,0,21.692458,13600,3746.15,3750.0
2022-07-13 10:35:00,75.9,75.9,75.9,75.9,0,21.692458,13600,3747.0,3750.0
2022-07-13 10:36:00,75.9,75.9,75.9,75.9,0,21.692458,13600,3747.5,3750.0
2022-07-13 10:37:00,75.9,75.9,75.9,75.9,0,21.692458,13600,3747.2,3750.0
2022-07-13 10:38:00,75.9,75.9,75.9,75.9,0,21.692458,13600,3749.65,3750.0
2022-07-13 10:39:00,75.9,75.9,75.9,75.9,0,21.692458,13600,3748.0,3750.0
2022-07-13 10:40:00,75.9,75.9,75.9,75.9,0,21.692458,13600,3747.25,3750.0
2022-07-13 10:41:00,75.9,75.9,75.9,75.9,0,21.692458,13600,3747.2,3750.0
2022-07-13 10:42:00,75.9,75.9,75.9,75.9,0,21.692458,13600,3747.2,3750.0
2022-07-13 10:43:00,75.9,75.9,75.9,75.9,0,21.692458,13600,3748.9,3750.0
2022-07-13 10:44:00,75.9,75.9,75.9,75.9,0,21.692458,13600,3747.35,3750.0
2022-07-13 10:45:00,75.9,75.9,75.9,75.9,0,21.692458,13600,3747.35,3750.0
2022-07-13 10:46:00,75.9,75.9,75.9,75.9,0,21.692458,13600,3748.0,3750.0
2022-07-13 10:47:00,75.9,75.9,75.9,75.9,0,21.692458,13600,3748.0,3750.0
2022-07-13 10:48:00,75.9,75.9,75.9,75.9,0,21.692458,13600,3748.05,3750.0
2022-07-13 10:49:00,75.9,75.9,75.9,75.9,0,21.692458,13600,3748.05,3750.0
2022-07-13 10:50:00,75.9,75.9,75.9,75.9,0,21.692458,13600,3747.35,3750.0
2022-07-13 10:51:00,75.9,75.9,75.9,75.9,0,21.692458,13600,3747.3,3750.0
2022-07-13 10:52:00,75.9,75.9,75.9,75.9,0,21.692458,13600,3747.7,3750.0
2022-07-13 10:53:00,75.9,75.9,75.9,75.9,0,21.692458,13600,3747.85,3750.0
2022-07-13 10:54:00,75.9,75.9,75.9,75.9,0,21.692458,13600,3747.4,3750.0
2022-07-13 10:55:00,75.9,75.9,75.9,75.9,0,21.692458,13600,3749.35,3750.0
2022-07-13 10:56:00,75.9,75.9,75.9,75.9,0,21.692458,13600,3747.95,3750.0
2022-07-13 10:57:00,75.9,75.9,75.9,75.9,0,21.692458,13600,3747.2,3750.0
2022-07-13 10:58:00,75.9,75.9,75.9,75.9,0,21.692458,13600,3744.2,3740.0
2022-07-13 10:59:00,75.9,75.9,75.9,75.9,0,21.692458,13600,3743.75,3740.0
2022-07-13 11:00:00,75.9,75.9,75.9,75.9,0,21.692458,13600,3741.7,3740.0
2022-07-13 11:01:00,75.9,75.9,75.9,75.9,0,21.692458,13600,3740.15,3740.0
2022-07-13 11:02:00,75.9,75.9,75.9,75.9,0,21.692458,13600,3741.55,3740.0
2022-07-13 11:03:00,75.9,75.9,75.9,75.9,0,21.692458,13600,3736.05,3740.0
2022-07-13 11:04:00,75.9,75.9,75.9,75.9,0,21.692458,13600,3734.95,3730.0
2022-07-13 11:05:00,75.9,75.9,75.9,75.9,0,21.692458,13600,3732.4,3730.0
2022-07-13 11:06:00,75.9,75.9,75.9,75.9,0,21.692458,13600,3731.1,3730.0
2022-07-13 11:07:00,75.9,75.9,75.9,75.9,0,21.692458,13600,3733.15,3730.0
2022-07-13 11:08:00,75.9,75.9,75.9,75.9,0,21.692458,13600,3728.0,3730.0
2022-07-13 11:09:00,75.9,75.9,75.9,75.9,0,21.692458,13600,3733.0,3730.0
2022-07-13 11:10:00,75.9,75.9,75.9,75.9,0,21.692458,13600,3732.4,3730.0
2022-07-13 11:11:00,75.9,75.9,75.9,75.9,0,21.692458,13600,3733.05,3730.0
2022-07-13 11:12:00,75.9,75.9,75.9,75.9,0,21.692458,13600,3736.8,3740.0
2022-07-13 11:13:00,75.9,75.9,75.9,75.9,0,21.692458,13600,3735.0,3740.0
2022-07-13 11:14:00,75.9,75.9,75.9,75.9,0,21.692458,13600,3737.25,3740.0
2022-07-13 11:15:00,75.9,75.9,75.9,75.9,0,21.692458,13600,3740.0,3740.0
2022-07-13 11:16:00,75.9,75.9,75.9,75.9,0,21.692458,13600,3740.15,3740.0
2022-07-13 11:17:00,75.9,75.9,75.9,75.9,0,21.692458,13600,3740.0,3740.0
2022-07-13 11:18:00,75.9,75.9,75.9,75.9,0,21.692458,13600,3739.15,3740.0
2022-07-13 11:19:00,75.9,75.9,75.9,75.9,0,21.692458,13600,3740.0,3740.0
2022-07-13 11:20:00,75.9,75.9,75.9,75.9,0,21.692458,13600,3737.55,3740.0
2022-07-13 11:21:00,75.9,75.9,75.9,75.9,0,21.692458,13600,3742.45,3740.0
2022-07-13 11:22:00,75.9,75.9,75.9,75.9,0,21.692458,13600,3745.9,3750.0
2022-07-13 11:23:00,75.9,75.9,75.9,75.9,0,21.692458,13600,3745.05,3750.0
2022-07-13 11:24:00,75.9,75.9,75.9,75.9,0,21.692458,13600,3745.0,3750.0
2022-07-13 11:25:00,75.9,75.9,75.9,75.9,0,21.692458,13600,3745.0,3750.0
2022-07-13 11:26:00,75.9,75.9,75.9,75.9,0,21.692458,13600,3745.0,3750.0
2022-07-13 11:27:00,75.9,75.9,75.9,75.9,0,21.692458,13600,3746.0,3750.0
2022-07-13 11:28:00,75.9,75.9,75.9,75.9,0,21.692458,13600,3740.0,3740.0
2022-07-13 11:29:00,75.9,75.9,75.9,75.9,0,21.692458,13600,3740.15,3740.0
2022-07-13 11:30:00,75.9,75.9,75.9,75.9,0,21.692458,13600,3740.85,3740.0
2022-07-13 11:31:00,75.9,75.9,75.9,75.9,0,21.692458,13600,3744.8,3740.0
2022-07-13 11:32:00,75.9,75.9,75.9,75.9,0,21.692458,13600,3745.0,3750.0
2022-07-13 11:33:00,75.9,75.9,75.9,75.9,0,21.692458,13600,3745.8,3750.0
2022-07-13 11:34:00,75.9,75.9,75.9,75.9,0,21.692458,13600,3749.45,3750.0
2022-07-13 11:35:00,75.9,75.9,75.9,75.9,0,21.692458,13600,3747.4,3750.0
2022-07-13 11:36:00,75.9,75.9,75.9,75.9,0,21.692458,13600,3748.1,3750.0
2022-07-13 11:37:00,75.9,75.9,75.9,75.9,0,21.692458,13600,3748.2,3750.0
2022-07-13 11:38:00,75.9,75.9,75.9,75.9,0,21.692458,13600,3748.0,3750.0
2022-07-13 11:39:00,75.9,75.9,75.9,75.9,0,21.692458,13600,3748.0,3750.0
2022-07-13 11:40:00,75.9,75.9,75.9,75.9,0,21.692458,13600,3749.05,3750.0
2022-07-13 11:41:00,75.9,75.9,75.9,75.9,0,21.692458,13600,3748.2,3750.0
2022-07-13 11:42:00,75.9,75.9,75.9,75.9,0,21.692458,13600,3750.0,3750.0
2022-07-13 11:43:00,75.9,75.9,75.9,75.9,0,21.692458,13600,3748.5,3750.0
2022-07-13 11:44:00,75.9,75.9,75.9,75.9,0,21.692458,13600,3749.0,3750.0
2022-07-13 11:45:00,75.9,75.9,75.9,75.9,0,21.692458,13600,3745.05,3750.0
2022-07-13 11:46:00,75.9,75.9,75.9,75.9,0,21.692458,13600,3747.05,3750.0
2022-07-13 11:47:00,75.9,75.9,75.9,75.9,0,21.692458,13600,3747.1,3750.0
2022-07-13 11:48:00,75.9,75.9,75.9,75.9,0,21.692458,13600,3749.0,3750.0
2022-07-13 11:49:00,75.9,75.9,75.9,75.9,0,21.692458,13600,3750.0,3750.0
2022-07-13 11:50:00,75.9,75.9,75.9,75.9,0,21.692458,13600,3749.0,3750.0
2022-07-13 11:51:00,75.9,75.9,75.9,75.9,0,21.692458,13600,3749.05,3750.0
2022-07-13 11:52:00,75.9,75.9,75.9,75.9,0,21.692458,13600,3749.05,3750.0
2022-07-13 11:53:00,75.9,75.9,75.9,75.9,0,21.692458,13600,3749.0,3750.0
2022-07-13 11:54:00,75.9,75.9,75.9,75.9,0,21.692458,13600,3749.0,3750.0
2022-07-13 11:55:00,75.9,75.9,75.9,75.9,0,21.692458,13600,3749.05,3750.0
2022-07-13 11:56:00,75.9,75.9,75.9,75.9,0,21.692458,13600,3749.0,3750.0
2022-07-13 11:57:00,75.9,75.9,75.9,75.9,0,21.692458,13600,3749.0,3750.0
2022-07-13 11:58:00,75.9,75.9,75.9,75.9,0,21.692458,13600,3749.0,3750.0
2022-07-13 11:59:00,75.9,75.9,75.9,75.9,0,21.692458,13600,3748.4,3750.0
2022-07-13 12:00:00,75.9,75.9,75.9,75.9,0,21.692458,13600,3748.45,3750.0
2022-07-13 12:01:00,75.9,75.9,75.9,75.9,0,21.692458,13600,3746.55,3750.0
2022-07-13 12:02:00,75.9,75.9,75.9,75.9,0,21.692458,13600,3747.15,3750.0
2022-07-13 12:03:00,75.9,75.9,75.9,75.9,0,21.692458,13600,3746.95,3750.0
2022-07-13 12:04:00,75.9,75.9,75.9,75.9,0,21.692458,13600,3746.6,3750.0
2022-07-13 12:05:00,75.9,75.9,75.9,75.9,0,21.692458,13600,3746.55,3750.0
2022-07-13 12:06:00,75.9,75.9,75.9,75.9,0,21.692458,13600,3747.55,3750.0
2022-07-13 12:07:00,75.9,75.9,75.9,75.9,0,21.692458,13600,3748.0,3750.0
2022-07-13 12:08:00,75.9,75.9,75.9,75.9,0,21.692458,13600,3747.1,3750.0
2022-07-13 12:09:00,75.9,75.9,75.9,75.9,0,21.692458,13600,3748.0,3750.0
2022-07-13 12:10:00,75.9,75.9,75.9,75.9,0,21.692458,13600,3748.05,3750.0
2022-07-13 12:11:00,75.9,75.9,75.9,75.9,0,21.692458,13600,3748.1,3750.0
2022-07-13 12:12:00,75.9,75.9,75.9,75.9,0,21.692458,13600,3749.4,3750.0
2022-07-13 12:13:00,75.9,75.9,75.9,75.9,0,21.692458,13600,3749.4,3750.0
2022-07-13 12:14:00,75.9,75.9,75.9,75.9,0,21.692458,13600,3746.45,3750.0
2022-07-13 12:15:00,75.9,75.9,75.9,75.9,0,21.692458,13600,3747.15,3750.0
2022-07-13 12:16:00,75.9,75.9,75.9,75.9,0,21.692458,13600,3746.9,3750.0
2022-07-13 12:17:00,75.9,75.9,75.9,75.9,0,21.692458,13600,3747.0,3750.0
2022-07-13 12:18:00,75.9,75.9,75.9,75.9,0,21.692458,13600,3747.0,3750.0
2022-07-13 12:19:00,75.9,75.9,75.9,75.9,0,21.692458,13600,3745.0,3750.0
2022-07-13 12:20:00,75.9,75.9,75.9,75.9,0,21.692458,13600,3746.15,3750.0
2022-07-13 12:21:00,75.9,75.9,75.9,75.9,0,21.692458,13600,3745.0,3750.0
2022-07-13 12:22:00,75.9,75.9,75.9,75.9,0,21.692458,13600,3742.1,3740.0
2022-07-13 12:23:00,75.9,75.9,75.9,75.9,0,21.692458,13600,3743.5,3740.0
2022-07-13 12:24:00,75.9,75.9,75.9,75.9,0,21.692458,13600,3740.0,3740.0
2022-07-13 12:25:00,75.9,75.9,75.9,75.9,0,21.692458,13600,3739.5,3740.0
2022-07-13 12:26:00,75.9,75.9,75.9,75.9,0,21.692458,13600,3739.85,3740.0
2022-07-13 12:27:00,75.9,75.9,75.9,75.9,0,21.692458,13600,3739.5,3740.0
2022-07-13 12:28:00,75.9,75.9,75.9,75.9,0,21.692458,13600,3742.1,3740.0
2022-07-13 12:29:00,75.9,75.9,75.9,75.9,0,21.692458,13600,3738.7,3740.0
2022-07-13 12:30:00,75.9,75.9,75.9,75.9,0,21.692458,13600,3735.25,3740.0
2022-07-13 12:31:00,75.9,75.9,75.9,75.9,0,21.692458,13600,3736.2,3740.0
2022-07-13 12:32:00,75.9,75.9,75.9,75.9,0,21.692458,13600,3737.05,3740.0
2022-07-13 12:33:00,75.9,75.9,75.9,75.9,0,21.692458,13600,3741.45,3740.0
2022-07-13 12:34:00,75.9,75.9,75.9,75.9,0,21.692458,13600,3743.2,3740.0
2022-07-13 12:35:00,75.9,75.9,75.9,75.9,0,21.692458,13600,3743.2,3740.0
2022-07-13 12:36:00,75.9,75.9,75.9,75.9,0,21.692458,13600,3744.05,3740.0
2022-07-13 12:37:00,75.9,75.9,75.9,75.9,0,21.692458,13600,3745.7,3750.0
2022-07-13 12:38:00,75.9,75.9,75.9,75.9,0,21.692458,13600,3742.7,3740.0
2022-07-13 12:39:00,75.9,75.9,75.9,75.9,0,21.692458,13600,3740.45,3740.0
2022-07-13 12:40:00,75.9,75.9,75.9,75.9,0,21.692458,13600,3743.0,3740.0
2022-07-13 12:41:00,75.9,75.9,75.9,75.9,0,21.692458,13600,3743.0,3740.0
2022-07-13 12:42:00,75.9,75.9,75.9,75.9,0,21.692458,13600,3742.85,3740.0
2022-07-13 12:43:00,75.9,75.9,75.9,75.9,0,21.692458,13600,3741.35,3740.0
2022-07-13 12:44:00,75.9,75.9,75.9,75.9,0,21.692458,13600,3741.15,3740.0
2022-07-13 12:45:00,75.9,75.9,75.9,75.9,0,21.692458,13600,3741.8,3740.0
2022-07-13 12:46:00,75.9,75.9,75.9,75.9,0,21.692458,13600,3742.05,3740.0
2022-07-13 12:47:00,75.9,75.9,75.9,75.9,0,21.692458,13600,3736.05,3740.0
2022-07-13 12:48:00,75.9,75.9,75.9,75.9,0,21.692458,13600,3737.45,3740.0
2022-07-13 12:49:00,75.9,75.9,75.9,75.9,0,21.692458,13600,3741.05,3740.0
2022-07-13 12:50:00,75.9,75.9,75.9,75.9,0,21.692458,13600,3740.0,3740.0
2022-07-13 12:51:00,75.9,75.9,75.9,75.9,0,21.692458,13600,3741.45,3740.0
2022-07-13 12:52:00,75.9,75.9,75.9,75.9,0,21.692458,13600,3742.85,3740.0
2022-07-13 12:53:00,75.9,75.9,75.9,75.9,0,21.692458,13600,3741.8,3740.0
2022-07-13 12:54:00,75.9,75.9,75.9,75.9,0,21.692458,13600,3741.45,3740.0
2022-07-13 12:55:00,75.9,75.9,75.9,75.9,0,21.692458,13600,3739.9,3740.0
2022-07-13 12:56:00,75.9,75.9,75.9,75.9,0,21.692458,13600,3736.55,3740.0
2022-07-13 12:57:00,75.9,75.9,75.9,75.9,0,21.692458,13600,3736.5,3740.0
2022-07-13 12:58:00,75.9,75.9,75.9,75.9,0,21.692458,13600,3736.3,3740.0
2022-07-13 12:59:00,75.9,75.9,75.9,75.9,0,21.692458,13600,3738.1,3740.0
2022-07-13 13:00:00,75.9,75.9,75.9,75.9,0,21.692458,13600,3736.0,3740.0
2022-07-13 13:01:00,75.9,75.9,75.9,75.9,0,21.692458,13600,3735.5,3740.0
2022-07-13 13:02:00,75.9,75.9,75.9,75.9,0,21.692458,13600,3737.1,3740.0
2022-07-13 13:03:00,75.9,75.9,75.9,75.9,0,21.692458,13600,3739.05,3740.0
2022-07-13 13:04:00,75.9,75.9,75.9,75.9,0,21.692458,13600,3738.8,3740.0
2022-07-13 13:05:00,75.9,75.9,75.9,75.9,0,21.692458,13600,3737.95,3740.0
2022-07-13 13:06:00,75.9,75.9,75.9,75.9,0,21.692458,13600,3737.2,3740.0
2022-07-13 13:07:00,75.9,75.9,75.9,75.9,0,21.692458,13600,3730.0,3730.0
2022-07-13 13:08:00,75.9,75.9,75.9,75.9,0,21.692458,13600,3730.15,3730.0
2022-07-13 13:09:00,75.9,75.9,75.9,75.9,0,21.692458,13600,3732.05,3730.0
2022-07-13 13:10:00,75.9,75.9,75.9,75.9,0,21.692458,13600,3729.0,3730.0
2022-07-13 13:11:00,75.9,75.9,75.9,75.9,0,21.692458,13600,3725.1,3730.0
2022-07-13 13:12:00,75.9,75.9,75.9,75.9,0,21.692458,13600,3728.0,3730.0
2022-07-13 13:13:00,75.9,75.9,75.9,75.9,0,21.692458,13600,3729.35,3730.0
2022-07-13 13:14:00,75.9,75.9,75.9,75.9,0,21.692458,13600,3731.2,3730.0
2022-07-13 13:15:00,75.9,75.9,75.9,75.9,0,21.692458,13600,3729.95,3730.0
2022-07-13 13:16:00,75.9,75.9,75.9,75.9,0,21.692458,13600,3728.0,3730.0
2022-07-13 13:17:00,75.9,75.9,75.9,75.9,0,21.692458,13600,32.05,3100.0
2022-07-13 13:18:00,75.9,75.9,75.9,75.9,0,21.692458,13600,3729.5,3730.0
2022-07-13 13:19:00,75.9,75.9,75.9,75.9,0,21.692458,13600,3729.4,3730.0
2022-07-13 13:20:00,75.9,75.9,75.9,75.9,0,21.692458,13600,3731.0,3730.0
2022-07-13 13:21:00,75.9,75.9,75.9,75.9,0,21.692458,13600,3732.0,3730.0
2022-07-13 13:22:00,75.9,75.9,75.9,75.9,0,21.692458,13600,3729.0,3730.0
2022-07-13 13:23:00,75.9,75.9,75.9,75.9,0,21.692458,13600,3729.0,3730.0
2022-07-13 13:24:00,75.9,75.9,75.9,75.9,0,21.692458,13600,3729.0,3730.0
2022-07-13 13:25:00,75.9,75.9,75.9,75.9,0,21.692458,13600,3727.25,3730.0
2022-07-13 13:26:00,75.9,75.9,75.9,75.9,0,21.692458,13600,3728.0,3730.0
2022-07-13 13:27:00,75.9,75.9,75.9,75.9,0,21.692458,13600,32.05,3100.0
2022-07-13 13:28:00,75.9,75.9,75.9,75.9,0,21.692458,13600,3731.7,3730.0
2022-07-13 13:29:00,75.9,75.9,75.9,75.9,0,21.692458,13600,3730.0,3730.0
2022-07-13 13:30:00,75.9,75.9,75.9,75.9,0,21.692458,13600,3729.05,3730.0
2022-07-13 13:31:00,75.9,75.9,75.9,75.9,0,21.692458,13600,3731.9,3730.0
2022-07-13 13:32:00,75.9,75.9,75.9,75.9,0,21.692458,13600,3730.25,3730.0
2022-07-13 13:33:00,75.9,75.9,75.9,75.9,0,21.692458,13600,3730.65,3730.0
2022-07-13 13:34:00,75.9,75.9,75.9,75.9,0,21.692458,13600,3729.15,3730.0
2022-07-13 13:35:00,75.9,75.9,75.9,75.9,0,21.692458,13600,3730.85,3730.0
2022-07-13 13:36:00,75.9,75.9,75.9,75.9,0,21.692458,13600,3729.95,3730.0
2022-07-13 13:37:00,75.9,75.9,75.9,75.9,0,21.692458,13600,3728.5,3730.0
2022-07-13 13:38:00,75.9,75.9,75.9,75.9,0,21.692458,13600,3729.8,3730.0
2022-07-13 13:39:00,75.9,75.9,75.9,75.9,0,21.692458,13600,3727.05,3730.0
2022-07-13 13:40:00,75.9,75.9,75.9,75.9,0,21.692458,13600,3721.3,3720.0
2022-07-13 13:41:00,75.9,75.9,75.9,75.9,0,21.692458,13600,3722.45,3720.0
2022-07-13 13:42:00,75.9,75.9,75.9,75.9,0,21.692458,13600,3723.4,3720.0
2022-07-13 13:43:00,75.9,75.9,75.9,75.9,0,21.692458,13600,3722.05,3720.0
2022-07-13 13:44:00,75.9,75.9,75.9,75.9,0,21.692458,13600,3722.65,3720.0
2022-07-13 13:45:00,75.9,75.9,75.9,75.9,0,21.692458,13600,3726.5,3730.0
2022-07-13 13:46:00,75.9,75.9,75.9,75.9,0,21.692458,13600,3720.2,3720.0
2022-07-13 13:47:00,75.9,75.9,75.9,75.9,0,21.692458,13600,3720.6,3720.0
2022-07-13 13:48:00,75.9,75.9,75.9,75.9,0,21.692458,13600,3715.6,3720.0
2022-07-13 13:49:00,75.9,75.9,75.9,75.9,0,21.692458,13600,3717.35,3720.0
2022-07-13 13:50:00,75.9,75.9,75.9,75.9,0,21.692458,13600,3717.8,3720.0
2022-07-13 13:51:00,75.9,75.9,75.9,75.9,0,21.692458,13600,3717.95,3720.0
2022-07-13 13:52:00,75.9,75.9,75.9,75.9,0,21.692458,13600,3718.5,3720.0
2022-07-13 13:53:00,75.9,75.9,75.9,75.9,0,21.692458,13600,3716.55,3720.0
2022-07-13 13:54:00,75.9,75.9,75.9,75.9,0,21.692458,13600,3713.0,3710.0
2022-07-13 13:55:00,75.9,75.9,75.9,75.9,0,21.692458,13600,3714.5,3710.0
2022-07-13 13:56:00,75.9,75.9,75.9,75.9,0,21.692458,13600,3715.7,3720.0
2022-07-13 13:57:00,75.9,75.9,75.9,75.9,0,21.692458,13600,3715.7,3720.0
2022-07-13 13:58:00,75.9,75.9,75.9,75.9,0,21.692458,13600,3716.1,3720.0
2022-07-13 13:59:00,75.9,75.9,75.9,75.9,0,21.692458,13600,3715.05,3720.0
2022-07-13 14:00:00,75.9,75.9,75.9,75.9,0,21.692458,13600,3717.9,3720.0
2022-07-13 14:01:00,75.9,75.9,75.9,75.9,0,21.692458,13600,3715.0,3720.0
2022-07-13 14:02:00,75.9,75.9,75.9,75.9,0,21.692458,13600,3716.35,3720.0
2022-07-13 14:03:00,75.9,75.9,75.9,75.9,0,21.692458,13600,3715.15,3720.0
2022-07-13 14:04:00,75.9,75.9,75.9,75.9,0,21.692458,13600,3714.1,3710.0
2022-07-13 14:05:00,75.9,75.9,75.9,75.9,0,21.692458,13600,3715.7,3720.0
2022-07-13 14:06:00,75.9,75.9,75.9,75.9,0,21.692458,13600,3716.35,3720.0
2022-07-13 14:07:00,75.9,75.9,75.9,75.9,0,21.692458,13600,3715.2,3720.0
2022-07-13 14:08:00,75.9,75.9,75.9,75.9,0,21.692458,13600,3716.3,3720.0
2022-07-13 14:09:00,75.9,75.9,75.9,75.9,0,21.692458,13600,3716.4,3720.0
2022-07-13 14:10:00,75.9,75.9,75.9,75.9,0,21.692458,13600,3717.45,3720.0
2022-07-13 14:11:00,75.9,75.9,75.9,75.9,0,21.692458,13600,3717.45,3720.0
2022-07-13 14:12:00,75.9,75.9,75.9,75.9,0,21.692458,13600,3721.0,3720.0
2022-07-13 14:13:00,75.9,75.9,75.9,75.9,0,21.692458,13600,3718.3,3720.0
2022-07-13 14:14:00,75.9,75.9,75.9,75.9,0,21.692458,13600,3719.9,3720.0
2022-07-13 14:15:00,75.9,75.9,75.9,75.9,0,21.692458,13600,3718.45,3720.0
2022-07-13 14:16:00,75.9,75.9,75.9,75.9,0,21.692458,13600,3720.6,3720.0
2022-07-13 14:17:00,75.9,75.9,75.9,75.9,0,21.692458,13600,3720.8,3720.0
2022-07-13 14:18:00,75.9,75.9,75.9,75.9,0,21.692458,13600,3723.35,3720.0
2022-07-13 14:19:00,75.9,75.9,75.9,75.9,0,21.692458,13600,3722.85,3720.0
2022-07-13 14:20:00,75.9,75.9,75.9,75.9,0,21.692458,13600,3724.95,3720.0
2022-07-13 14:21:00,75.9,75.9,75.9,75.9,0,21.692458,13600,3724.7,3720.0
2022-07-13 14:22:00,75.9,75.9,75.9,75.9,0,21.692458,13600,3723.95,3720.0
2022-07-13 14:23:00,75.9,75.9,75.9,75.9,0,21.692458,13600,3723.2,3720.0
2022-07-13 14:24:00,75.9,75.9,75.9,75.9,0,21.692458,13600,3722.95,3720.0
2022-07-13 14:25:00,75.9,75.9,75.9,75.9,0,21.692458,13600,3722.95,3720.0
2022-07-13 14:26:00,75.9,75.9,75.9,75.9,0,21.692458,13600,3722.85,3720.0
2022-07-13 14:27:00,75.9,75.9,75.9,75.9,0,21.692458,13600,3723.7,3720.0
2022-07-13 14:28:00,75.9,75.9,75.9,75.9,0,21.692458,13600,3723.2,3720.0
2022-07-13 14:29:00,75.9,75.9,75.9,75.9,0,21.692458,13600,3725.0,3730.0
2022-07-13 14:30:00,75.9,75.9,75.9,75.9,0,21.692458,13600,3724.35,3720.0
2022-07-13 14:31:00,75.9,75.9,75.9,75.9,0,21.692458,13600,3722.0,3720.0
2022-07-13 14:32:00,75.9,75.9,75.9,75.9,0,21.692458,13600,3723.85,3720.0
2022-07-13 14:33:00,75.9,75.9,75.9,75.9,0,21.692458,13600,3726.8,3730.0
2022-07-13 14:34:00,75.9,75.9,75.9,75.9,0,21.692458,13600,3729.95,3730.0
2022-07-13 14:35:00,75.9,75.9,75.9,75.9,0,21.692458,13600,3729.15,3730.0
2022-07-13 14:36:00,75.9,75.9,75.9,75.9,0,21.692458,13600,3727.05,3730.0
2022-07-13 14:37:00,75.9,75.9,75.9,75.9,0,21.692458,13600,3728.8,3730.0
2022-07-13 14:38:00,75.9,75.9,75.9,75.9,0,21.692458,13600,3728.0,3730.0
2022-07-13 14:39:00,75.9,75.9,75.9,75.9,0,21.692458,13600,3728.45,3730.0
2022-07-13 14:40:00,75.9,75.9,75.9,75.9,0,21.692458,13600,3729.05,3730.0
2022-07-13 14:41:00,75.9,75.9,75.9,75.9,0,21.692458,13600,3729.05,3730.0
2022-07-13 14:42:00,75.9,75.9,75.9,75.9,0,21.692458,13600,3730.6,3730.0
2022-07-13 14:43:00,75.9,75.9,75.9,75.9,0,21.692458,13600,3733.8,3730.0
2022-07-13 14:44:00,75.9,75.9,75.9,75.9,0,21.692458,13600,3732.45,3730.0
2022-07-13 14:45:00,75.9,75.9,75.9,75.9,0,21.692458,13600,3738.9,3740.0
2022-07-13 14:46:00,75.9,75.9,75.9,75.9,0,21.692458,13600,3735.75,3740.0
2022-07-13 14:47:00,75.9,75.9,75.9,75.9,0,21.692458,13600,3734.3,3730.0
2022-07-13 14:48:00,75.9,75.9,75.9,75.9,0,21.692458,13600,3730.75,3730.0
2022-07-13 14:49:00,75.9,75.9,75.9,75.9,0,21.692458,13600,3732.5,3730.0
2022-07-13 14:50:00,75.9,75.9,75.9,75.9,0,21.692458,13600,3730.8,3730.0
2022-07-13 14:51:00,75.9,75.9,75.9,75.9,0,21.692458,13600,3732.5,3730.0
2022-07-13 14:52:00,75.9,75.9,75.9,75.9,0,21.692458,13600,3731.5,3730.0
2022-07-13 14:53:00,75.9,75.9,75.9,75.9,0,21.692458,13600,3732.95,3730.0
2022-07-13 14:54:00,75.9,75.9,75.9,75.9,0,21.692458,13600,3728.0,3730.0
2022-07-13 14:55:00,75.9,75.9,75.9,75.9,0,21.692458,13600,3728.75,3730.0
2022-07-13 14:56:00,75.9,75.9,75.9,75.9,0,21.692458,13600,3728.75,3730.0
2022-07-13 14:57:00,75.9,75.9,75.9,75.9,0,21.692458,13600,3728.1,3730.0
2022-07-13 14:58:00,75.9,75.9,75.9,75.9,0,21.692458,13600,3728.0,3730.0
2022-07-13 14:59:00,75.9,75.9,75.9,75.9,0,21.692458,13600,3728.85,3730.0
2022-07-13 15:00:00,75.9,75.9,75.9,75.9,0,21.692458,13600,3727.2,3730.0
2022-07-13 15:01:00,75.9,75.9,75.9,75.9,0,21.692458,13600,3721.35,3720.0
2022-07-13 15:02:00,75.9,75.9,75.9,75.9,0,21.692458,13600,3715.1,3720.0
2022-07-13 15:03:00,75.9,75.9,75.9,75.9,0,21.692458,13600,3715.85,3720.0
2022-07-13 15:04:00,75.9,75.9,75.9,75.9,0,21.692458,13600,3712.85,3710.0
2022-07-13 15:05:00,75.9,75.9,75.9,75.9,0,21.692458,13600,3718.95,3720.0
2022-07-13 15:06:00,75.9,75.9,75.9,75.9,0,21.692458,13600,3718.3,3720.0
2022-07-13 15:07:00,75.9,75.9,75.9,75.9,0,21.692458,13600,3720.35,3720.0
2022-07-13 15:08:00,75.9,75.9,75.9,75.9,0,21.692458,13600,3723.85,3720.0
2022-07-13 15:09:00,75.9,75.9,75.9,75.9,0,21.692458,13600,3724.3,3720.0
2022-07-13 15:10:00,75.9,75.9,75.9,75.9,0,21.692458,13600,3730.0,3730.0
2022-07-13 15:11:00,75.9,75.9,75.9,75.9,0,21.692458,13600,3726.6,3730.0
2022-07-13 15:12:00,75.9,75.9,75.9,75.9,0,21.692458,13600,3731.7,3730.0
2022-07-13 15:13:00,75.9,75.9,75.9,75.9,0,21.692458,13600,3729.55,3730.0
2022-07-13 15:14:00,75.9,75.9,75.9,75.9,0,21.692458,13600,3729.95,3730.0
2022-07-13 15:15:00,75.9,75.9,75.9,75.9,0,21.692458,13600,3728.8,3730.0
2022-07-13 15:16:00,75.9,75.9,75.9,75.9,0,21.692458,13600,3732.45,3730.0
2022-07-13 15:17:00,75.9,75.9,75.9,75.9,0,21.692458,13600,3732.0,3730.0
2022-07-13 15:18:00,75.9,75.9,75.9,75.9,0,21.692458,13600,3729.65,3730.0
2022-07-13 15:19:00,75.9,75.9,75.9,75.9,0,21.692458,13600,3732.0,3730.0
2022-07-13 15:20:00,75.9,75.9,75.9,75.9,0,21.692458,13600,3726.5,3730.0
2022-07-13 15:21:00,75.9,75.9,75.9,75.9,0,21.692458,13600,3726.55,3730.0
2022-07-13 15:22:00,75.9,75.9,75.9,75.9,0,21.692458,13600,3730.0,3730.0
2022-07-13 15:23:00,75.9,75.9,75.9,75.9,0,21.692458,13600,3726.3,3730.0
2022-07-13 15:24:00,75.9,75.9,75.9,75.9,0,21.692458,13600,3730.0,3730.0
2022-07-13 15:25:00,75.9,75.9,75.9,75.9,0,21.692458,13600,3729.85,3730.0
2022-07-13 15:26:00,75.9,75.9,75.9,75.9,0,21.692458,13600,3729.3,3730.0
2022-07-13 15:27:00,75.9,75.9,75.9,75.9,0,21.692458,13600,3728.95,3730.0
2022-07-13 15:28:00,75.9,75.9,75.9,75.9,0,21.692458,13600,3729.4,3730.0
2022-07-13 15:29:00,75.9,75.9,75.9,75.9,0,21.692458,13600,3722.3,3720.0
2022-07-14 12:38:00,65.95,67.0,65.95,67.0,200,20.302105,24200,3749.75,3750.0
2022-07-14 12:39:00,67.0,67.0,67.0,67.0,0,20.302105,24200,3749.75,3750.0
2022-07-14 12:40:00,67.0,67.0,67.0,67.0,0,20.302105,24200,3749.75,3750.0
2022-07-14 12:41:00,67.0,67.0,67.0,67.0,0,20.302105,24200,3749.75,3750.0
2022-07-14 12:42:00,67.0,67.0,67.0,67.0,0,20.302105,24200,3749.75,3750.0
2022-07-14 12:43:00,67.0,67.0,67.0,67.0,0,20.302105,24200,3749.75,3750.0
2022-07-14 12:44:00,67.0,67.0,67.0,67.0,0,20.302105,24200,3749.75,3750.0
2022-07-14 12:45:00,67.0,67.0,67.0,67.0,0,20.302105,24200,3749.75,3750.0
2022-07-14 12:46:00,67.0,67.0,67.0,67.0,0,20.302105,24200,3749.75,3750.0
2022-07-14 12:47:00,67.0,67.0,67.0,67.0,0,20.302105,24200,3749.75,3750.0
2022-07-14 12:48:00,67.0,67.0,67.0,67.0,0,20.302105,24200,3749.75,3750.0
2022-07-14 12:49:00,67.0,67.0,67.0,67.0,0,20.302105,24200,3749.75,3750.0
2022-07-14 12:50:00,67.0,67.0,67.0,67.0,0,20.302105,24200,3749.75,3750.0
2022-07-14 12:51:00,67.0,67.0,67.0,67.0,0,20.302105,24200,3749.75,3750.0
2022-07-14 12:52:00,67.0,67.0,67.0,67.0,0,20.302105,24200,3749.75,3750.0
2022-07-14 12:53:00,67.0,67.0,67.0,67.0,0,20.302105,24200,3749.75,3750.0
2022-07-14 12:54:00,67.0,67.0,67.0,67.0,0,20.302105,24200,3749.75,3750.0
2022-07-14 12:55:00,67.0,67.0,67.0,67.0,0,20.302105,24200,3749.75,3750.0
2022-07-14 12:56:00,67.0,67.0,67.0,67.0,0,20.302105,24200,3749.75,3750.0
2022-07-14 12:57:00,67.0,67.0,67.0,67.0,0,20.302105,24200,3749.75,3750.0
2022-07-14 12:58:00,67.0,67.0,67.0,67.0,0,20.302105,24200,3749.75,3750.0
2022-07-14 12:59:00,67.0,67.0,67.0,67.0,0,20.302105,24200,3749.75,3750.0
2022-07-14 13:00:00,67.0,67.0,67.0,67.0,0,20.302105,24200,3749.75,3750.0
2022-07-14 13:01:00,67.0,67.0,67.0,67.0,0,20.302105,24200,3749.75,3750.0
2022-07-14 13:02:00,67.0,67.0,67.0,67.0,0,20.302105,24200,3749.75,3750.0
2022-07-14 13:03:00,67.0,67.0,67.0,67.0,0,20.302105,24200,3749.75,3750.0
2022-07-14 13:04:00,67.0,67.0,67.0,67.0,0,20.302105,24200,3749.75,3750.0
2022-07-14 13:05:00,67.0,67.0,67.0,67.0,0,20.302105,24200,3749.75,3750.0
2022-07-14 13:06:00,67.0,67.0,67.0,67.0,0,20.302105,24200,3749.75,3750.0
2022-07-14 13:07:00,67.0,67.0,67.0,67.0,0,20.302105,24200,3749.75,3750.0
2022-07-14 13:08:00,67.0,67.0,67.0,67.0,0,20.302105,24200,3749.75,3750.0
2022-07-14 13:09:00,67.0,67.0,67.0,67.0,0,20.302105,24200,3749.75,3750.0
2022-07-14 13:10:00,67.0,67.0,67.0,67.0,0,20.302105,24200,3749.75,3750.0
2022-07-14 13:11:00,67.0,67.0,67.0,67.0,0,20.302105,24200,3749.75,3750.0
2022-07-14 13:12:00,67.0,67.0,67.0,67.0,0,20.302105,24200,3749.75,3750.0
2022-07-14 13:13:00,67.0,67.0,67.0,67.0,0,20.302105,24200,3749.75,3750.0
2022-07-14 13:14:00,67.0,67.0,67.0,67.0,0,20.302105,24200,3749.75,3750.0
2022-07-14 13:15:00,67.0,67.0,67.0,67.0,0,20.302105,24200,3749.75,3750.0
2022-07-14 13:16:00,67.0,67.0,67.0,67.0,0,20.302105,24200,3749.75,3750.0
2022-07-14 13:17:00,67.0,67.0,67.0,67.0,0,20.302105,24200,3749.75,3750.0
2022-07-14 13:18:00,67.0,67.0,67.0,67.0,0,20.302105,24200,3749.75,3750.0
2022-07-14 13:19:00,67.0,67.0,67.0,67.0,0,20.302105,24200,3749.75,3750.0
2022-07-14 13:20:00,67.0,67.0,67.0,67.0,0,20.302105,24200,3749.75,3750.0
2022-07-14 13:21:00,67.0,67.0,67.0,67.0,0,20.302105,24200,3749.75,3750.0
2022-07-14 13:22:00,67.0,67.0,67.0,67.0,0,20.302105,24200,3749.75,3750.0
2022-07-14 13:23:00,67.0,67.0,67.0,67.0,0,20.302105,24200,3749.75,3750.0
2022-07-14 13:24:00,67.0,67.0,67.0,67.0,0,20.302105,24200,3749.75,3750.0
2022-07-14 13:25:00,67.0,67.0,67.0,67.0,0,20.302105,24200,3749.75,3750.0
2022-07-14 13:26:00,67.0,67.0,67.0,67.0,0,20.302105,24200,3749.75,3750.0
2022-07-14 13:27:00,67.0,67.0,67.0,67.0,0,20.302105,24200,3749.75,3750.0
2022-07-14 13:28:00,67.0,67.0,67.0,67.0,0,20.302105,24200,3749.75,3750.0
2022-07-14 13:29:00,67.0,67.0,67.0,67.0,0,20.302105,24200,3749.75,3750.0
2022-07-14 13:30:00,67.0,67.0,67.0,67.0,0,20.302105,24200,3749.75,3750.0
2022-07-14 13:31:00,67.0,67.0,67.0,67.0,0,20.302105,24200,3749.75,3750.0
2022-07-14 13:32:00,67.0,67.0,67.0,67.0,0,20.302105,24200,3749.75,3750.0
2022-07-14 13:33:00,67.0,67.0,67.0,67.0,0,20.302105,24200,3749.75,3750.0
2022-07-14 13:34:00,67.0,67.0,67.0,67.0,0,20.302105,24200,3749.75,3750.0
2022-07-14 13:35:00,67.0,67.0,67.0,67.0,0,20.302105,24200,3749.75,3750.0
2022-07-14 13:36:00,67.0,67.0,67.0,67.0,0,20.302105,24200,3749.75,3750.0
2022-07-14 13:37:00,67.0,67.0,67.0,67.0,0,20.302105,24200,3749.75,3750.0
2022-07-14 13:38:00,67.0,67.0,67.0,67.0,0,20.302105,24200,3749.75,3750.0
2022-07-14 13:39:00,67.0,67.0,67.0,67.0,0,20.302105,24200,3749.75,3750.0
2022-07-14 13:40:00,67.0,67.0,67.0,67.0,0,20.302105,24200,3749.75,3750.0
2022-07-14 13:41:00,67.0,67.0,67.0,67.0,0,20.302105,24200,3749.75,3750.0
2022-07-14 13:42:00,67.0,67.0,67.0,67.0,0,20.302105,24200,3749.75,3750.0
2022-07-14 13:43:00,67.0,67.0,67.0,67.0,0,20.302105,24200,3749.75,3750.0
2022-07-14 13:44:00,67.0,67.0,67.0,67.0,0,20.302105,24200,3749.75,3750.0
2022-07-14 13:45:00,67.0,67.0,67.0,67.0,0,20.302105,24200,3749.75,3750.0
2022-07-14 13:46:00,67.0,67.0,67.0,67.0,0,20.302105,24200,3749.75,3750.0
2022-07-14 13:47:00,67.0,67.0,67.0,67.0,0,20.302105,24200,3749.75,3750.0
2022-07-14 13:48:00,67.0,67.0,67.0,67.0,0,20.302105,24200,3749.75,3750.0
2022-07-14 13:49:00,67.0,67.0,67.0,67.0,0,20.302105,24200,3749.75,3750.0
2022-07-14 13:50:00,67.0,67.0,67.0,67.0,0,20.302105,24200,3749.75,3750.0
2022-07-14 13:51:00,67.0,67.0,67.0,67.0,0,20.302105,24200,3749.75,3750.0
2022-07-14 13:52:00,67.0,67.0,67.0,67.0,0,20.302105,24200,3749.75,3750.0
2022-07-14 13:53:00,67.0,67.0,67.0,67.0,0,20.302105,24200,3749.75,3750.0
2022-07-14 13:54:00,67.0,67.0,67.0,67.0,0,20.302105,24200,3749.75,3750.0
2022-07-14 13:55:00,67.0,67.0,67.0,67.0,0,20.302105,24200,3749.75,3750.0
2022-07-14 13:56:00,67.0,67.0,67.0,67.0,0,20.302105,24200,3749.75,3750.0
2022-07-14 13:57:00,67.0,67.0,67.0,67.0,0,20.302105,24200,3749.75,3750.0
2022-07-14 13:58:00,67.0,67.0,67.0,67.0,0,20.302105,24200,3749.75,3750.0
2022-07-14 13:59:00,67.0,67.0,67.0,67.0,0,20.302105,24200,3749.75,3750.0
2022-07-14 14:00:00,67.0,67.0,67.0,67.0,0,20.302105,24200,3749.75,3750.0
2022-07-14 14:01:00,67.0,67.0,67.0,67.0,0,20.302105,24200,3749.75,3750.0
2022-07-14 14:02:00,67.0,67.0,67.0,67.0,0,20.302105,24200,3749.75,3750.0
2022-07-14 14:03:00,67.0,67.0,67.0,67.0,0,20.302105,24200,3749.75,3750.0
2022-07-14 14:04:00,67.0,67.0,67.0,67.0,0,20.302105,24200,3749.75,3750.0
2022-07-14 14:05:00,67.0,67.0,67.0,67.0,0,20.302105,24200,3749.75,3750.0
2022-07-14 14:06:00,67.0,67.0,67.0,67.0,0,20.302105,24200,3749.75,3750.0
2022-07-14 14:07:00,67.0,67.0,67.0,67.0,0,20.302105,24200,3749.75,3750.0
2022-07-14 14:08:00,67.0,67.0,67.0,67.0,0,20.302105,24200,3749.75,3750.0
2022-07-14 14:09:00,67.0,67.0,67.0,67.0,0,20.302105,24200,3749.75,3750.0
2022-07-14 14:10:00,67.0,67.0,67.0,67.0,0,20.302105,24200,3749.75,3750.0
2022-07-14 14:11:00,67.0,67.0,67.0,67.0,0,20.302105,24200,3749.75,3750.0
2022-07-14 14:12:00,67.0,67.0,67.0,67.0,0,20.302105,24200,3749.75,3750.0
2022-07-14 14:13:00,67.0,67.0,67.0,67.0,0,20.302105,24200,3749.75,3750.0
2022-07-14 14:14:00,67.0,67.0,67.0,67.0,0,20.302105,24200,3749.75,3750.0
2022-07-14 14:15:00,67.0,67.0,67.0,67.0,0,20.302105,24200,3749.75,3750.0
2022-07-14 14:16:00,67.0,67.0,67.0,67.0,0,20.302105,24200,3749.75,3750.0
2022-07-14 14:17:00,67.0,67.0,67.0,67.0,0,20.302105,24200,3749.75,3750.0
2022-07-14 14:18:00,67.0,67.0,67.0,67.0,0,20.302105,24200,3749.75,3750.0
2022-07-14 14:19:00,67.0,67.0,67.0,67.0,0,20.302105,24200,3749.75,3750.0
2022-07-14 14:20:00,67.0,67.0,67.0,67.0,0,20.302105,24200,3749.75,3750.0
2022-07-14 14:21:00,67.0,67.0,67.0,67.0,0,20.302105,24200,3749.75,3750.0
2022-07-14 14:22:00,67.0,67.0,67.0,67.0,0,20.302105,24200,3749.75,3750.0
2022-07-14 14:23:00,67.0,67.0,67.0,67.0,0,20.302105,24200,3749.75,3750.0
2022-07-14 14:24:00,67.0,67.0,67.0,67.0,0,20.302105,24200,3749.75,3750.0
2022-07-14 14:25:00,67.0,67.0,67.0,67.0,0,20.302105,24200,3749.75,3750.0
2022-07-14 14:26:00,67.0,67.0,67.0,67.0,0,20.302105,24200,3749.75,3750.0
2022-07-14 14:27:00,67.0,67.0,67.0,67.0,0,20.302105,24200,3749.75,3750.0
2022-07-14 14:28:00,67.0,67.0,67.0,67.0,0,20.302105,24200,3749.75,3750.0
2022-07-14 14:29:00,67.0,67.0,67.0,67.0,0,20.302105,24200,3749.75,3750.0
2022-07-14 14:30:00,67.0,67.0,67.0,67.0,0,20.302105,24200,3749.75,3750.0
2022-07-14 14:31:00,67.0,67.0,67.0,67.0,0,20.302105,24200,3749.75,3750.0
2022-07-14 14:32:00,67.0,67.0,67.0,67.0,0,20.302105,24200,3749.75,3750.0
2022-07-14 14:33:00,67.0,67.0,67.0,67.0,0,20.302105,24200,3749.75,3750.0
2022-07-14 14:34:00,67.0,67.0,67.0,67.0,0,20.302105,24200,3749.75,3750.0
2022-07-14 14:35:00,67.0,67.0,67.0,67.0,0,20.302105,24200,3749.75,3750.0
2022-07-14 14:36:00,67.0,67.0,67.0,67.0,0,20.302105,24200,3749.75,3750.0
2022-07-14 14:37:00,67.0,67.0,67.0,67.0,0,20.302105,24200,3749.75,3750.0
2022-07-14 14:38:00,67.0,67.0,67.0,67.0,0,20.302105,24200,3749.75,3750.0
2022-07-14 14:39:00,67.0,67.0,67.0,67.0,0,20.302105,24200,3749.75,3750.0
2022-07-14 14:40:00,67.0,67.0,67.0,67.0,0,20.302105,24200,3749.75,3750.0
2022-07-14 14:41:00,67.0,67.0,67.0,67.0,0,20.302105,24200,3749.75,3750.0
2022-07-14 14:42:00,67.0,67.0,67.0,67.0,0,20.302105,24200,3749.75,3750.0
2022-07-14 14:43:00,67.0,67.0,67.0,67.0,0,20.302105,24200,3749.75,3750.0
2022-07-14 14:44:00,67.0,67.0,67.0,67.0,0,20.302105,24200,3749.75,3750.0
2022-07-14 14:45:00,67.0,67.0,67.0,67.0,0,20.302105,24200,3749.75,3750.0
2022-07-14 14:46:00,67.0,67.0,67.0,67.0,0,20.302105,24200,3749.75,3750.0
2022-07-14 14:47:00,67.0,67.0,67.0,67.0,0,20.302105,24200,3749.75,3750.0
2022-07-14 14:48:00,67.0,67.0,67.0,67.0,0,20.302105,24200,3749.75,3750.0
2022-07-14 14:49:00,67.0,67.0,67.0,67.0,0,20.302105,24200,3749.75,3750.0
2022-07-14 14:50:00,67.0,67.0,67.0,67.0,0,20.302105,24200,3749.75,3750.0
2022-07-14 14:51:00,67.0,67.0,67.0,67.0,0,20.302105,24200,3749.75,3750.0
2022-07-14 14:52:00,67.0,67.0,67.0,67.0,0,20.302105,24200,3749.75,3750.0
2022-07-14 14:53:00,67.0,67.0,67.0,67.0,0,20.302105,24200,3749.75,3750.0
2022-07-14 14:54:00,67.0,67.0,67.0,67.0,0,20.302105,24200,3749.75,3750.0
2022-07-14 14:55:00,67.0,67.0,67.0,67.0,0,20.302105,24200,3749.75,3750.0
2022-07-14 14:56:00,67.0,67.0,67.0,67.0,0,20.302105,24200,3749.75,3750.0
2022-07-14 14:57:00,67.0,67.0,67.0,67.0,0,20.302105,24200,3749.75,3750.0
2022-07-14 14:58:00,67.0,67.0,67.0,67.0,0,20.302105,24200,3749.75,3750.0
2022-07-14 14:59:00,67.0,67.0,67.0,67.0,0,20.302105,24200,3749.75,3750.0
2022-07-14 15:00:00,67.0,67.0,67.0,67.0,0,20.302105,24200,3749.75,3750.0
2022-07-14 15:01:00,67.0,67.0,67.0,67.0,0,20.302105,24200,3749.75,3750.0
2022-07-14 15:02:00,67.0,67.0,67.0,67.0,0,20.302105,24200,3749.75,3750.0
2022-07-14 15:03:00,67.0,67.0,67.0,67.0,0,20.302105,24200,3749.75,3750.0
2022-07-14 15:04:00,67.0,67.0,67.0,67.0,0,20.302105,24200,3749.75,3750.0
2022-07-14 15:05:00,67.0,67.0,67.0,67.0,0,20.302105,24200,3749.75,3750.0
2022-07-14 15:06:00,67.0,67.0,67.0,67.0,0,20.302105,24200,3749.75,3750.0
2022-07-14 15:07:00,67.0,67.0,67.0,67.0,0,20.302105,24200,3749.75,3750.0
2022-07-14 15:08:00,67.0,67.0,67.0,67.0,0,20.302105,24200,3749.75,3750.0
2022-07-14 15:09:00,67.0,67.0,67.0,67.0,0,20.302105,24200,3749.75,3750.0
2022-07-14 15:10:00,67.0,67.0,67.0,67.0,0,20.302105,24200,3749.75,3750.0
2022-07-14 15:11:00,67.0,67.0,67.0,67.0,0,20.302105,24200,3749.75,3750.0
2022-07-14 15:12:00,67.0,67.0,67.0,67.0,0,20.302105,24200,3749.75,3750.0
2022-07-14 15:13:00,67.0,67.0,67.0,67.0,0,20.302105,24200,3749.75,3750.0
2022-07-14 15:14:00,67.0,67.0,67.0,67.0,0,20.302105,24200,3749.75,3750.0
2022-07-14 15:15:00,67.0,67.0,67.0,67.0,0,20.302105,24200,3749.75,3750.0
2022-07-14 15:16:00,67.0,67.0,67.0,67.0,0,20.302105,24200,3749.75,3750.0
2022-07-14 15:17:00,67.0,67.0,67.0,67.0,0,20.302105,24200,3749.75,3750.0
2022-07-14 15:18:00,67.0,67.0,67.0,67.0,0,20.302105,24200,3749.75,3750.0
2022-07-14 15:19:00,67.0,67.0,67.0,67.0,0,20.302105,24200,3749.75,3750.0
2022-07-14 15:20:00,67.0,67.0,67.0,67.0,0,20.302105,24200,3749.75,3750.0
2022-07-14 15:21:00,67.0,67.0,67.0,67.0,0,20.302105,24200,3749.75,3750.0
2022-07-14 15:22:00,67.0,67.0,67.0,67.0,0,20.302105,24200,3749.75,3750.0
2022-07-14 15:23:00,67.0,67.0,67.0,67.0,0,20.302105,24200,3749.75,3750.0
2022-07-14 15:24:00,67.0,67.0,67.0,67.0,0,20.302105,24200,3749.75,3750.0
2022-07-14 15:25:00,67.0,67.0,67.0,67.0,0,20.302105,24200,3749.75,3750.0
2022-07-14 15:26:00,67.0,67.0,67.0,67.0,0,20.302105,24200,3749.75,3750.0
2022-07-14 15:27:00,67.0,67.0,67.0,67.0,0,20.302105,24200,3749.75,3750.0
2022-07-14 15:28:00,67.0,67.0,67.0,67.0,0,20.302105,24200,3749.75,3750.0
2022-07-14 15:29:00,67.0,67.0,67.0,67.0,0,20.302105,24200,3749.75,3750.0
2022-07-15 09:15:00,60.0,65.0,56.5,65.0,3400,20.622727,121800,3797.0,3800.0
2022-07-15 09:16:00,65.0,65.0,65.0,65.0,0,20.622727,121800,3797.0,3800.0
2022-07-15 09:17:00,65.0,65.0,65.0,65.0,0,20.622727,121800,3797.0,3800.0
2022-07-15 09:18:00,65.0,65.0,65.0,65.0,0,20.622727,121800,3797.0,3800.0
2022-07-15 09:19:00,65.0,65.0,65.0,65.0,0,20.622727,121800,3797.0,3800.0
2022-07-15 09:20:00,65.0,65.0,65.0,65.0,0,20.622727,121800,3797.0,3800.0
2022-07-15 09:21:00,65.0,65.0,65.0,65.0,0,20.622727,121800,3797.0,3800.0
2022-07-15 09:22:00,65.0,65.0,65.0,65.0,0,20.622727,121800,3797.0,3800.0
2022-07-15 09:23:00,65.0,65.0,65.0,65.0,0,20.622727,121800,3797.0,3800.0
2022-07-15 09:24:00,65.0,65.0,65.0,65.0,0,20.622727,121800,3797.0,3800.0
2022-07-15 09:25:00,65.0,65.0,65.0,65.0,0,20.622727,121800,3797.0,3800.0
2022-07-15 09:26:00,65.0,65.0,65.0,65.0,0,20.622727,121800,3797.0,3800.0
2022-07-15 09:27:00,65.0,65.0,65.0,65.0,0,20.622727,121800,3797.0,3800.0
2022-07-15 09:28:00,65.0,65.0,65.0,65.0,0,20.622727,121800,3797.0,3800.0
2022-07-15 09:29:00,65.0,65.0,65.0,65.0,0,20.622727,121800,3797.0,3800.0
2022-07-15 09:30:00,65.0,65.0,65.0,65.0,0,20.622727,121800,3797.0,3800.0
2022-07-15 09:31:00,65.0,65.0,65.0,65.0,0,20.622727,121800,3797.0,3800.0
2022-07-15 09:32:00,65.0,65.0,65.0,65.0,0,20.622727,121800,3797.0,3800.0
2022-07-15 09:33:00,65.0,65.0,65.0,65.0,0,20.622727,121800,3797.0,3800.0
2022-07-15 09:34:00,65.0,65.0,65.0,65.0,0,20.622727,121800,3797.0,3800.0
2022-07-15 09:35:00,65.0,65.0,65.0,65.0,0,20.622727,121800,3797.0,3800.0
2022-07-15 09:36:00,65.0,65.0,65.0,65.0,0,20.622727,121800,3797.0,3800.0
2022-07-15 09:37:00,65.0,65.0,65.0,65.0,0,20.622727,121800,3797.0,3800.0
2022-07-15 09:38:00,65.0,65.0,65.0,65.0,0,20.622727,121800,3797.0,3800.0
2022-07-15 09:39:00,65.0,65.0,65.0,65.0,0,20.622727,121800,3797.0,3800.0
2022-07-15 09:40:00,65.0,65.0,65.0,65.0,0,20.622727,121800,3797.0,3800.0
2022-07-15 09:41:00,65.0,65.0,65.0,65.0,0,20.622727,121800,3797.0,3800.0
2022-07-15 09:42:00,65.0,65.0,65.0,65.0,0,20.622727,121800,3797.0,3800.0
2022-07-15 09:43:00,65.0,65.0,65.0,65.0,0,20.622727,121800,3797.0,3800.0
2022-07-15 09:44:00,65.0,65.0,65.0,65.0,0,20.622727,121800,3797.0,3800.0
2022-07-15 09:45:00,65.0,65.0,65.0,65.0,0,20.622727,121800,3797.0,3800.0
2022-07-15 09:46:00,65.0,65.0,65.0,65.0,0,20.622727,121800,3797.0,3800.0
2022-07-15 09:47:00,65.0,65.0,65.0,65.0,0,20.622727,121800,3797.0,3800.0
2022-07-15 09:48:00,65.0,65.0,65.0,65.0,0,20.622727,121800,3797.0,3800.0
2022-07-15 09:49:00,65.0,65.0,65.0,65.0,0,20.622727,121800,3797.0,3800.0
2022-07-15 09:50:00,65.0,65.0,65.0,65.0,0,20.622727,121800,3797.0,3800.0
2022-07-15 09:51:00,65.0,65.0,65.0,65.0,0,20.622727,121800,3797.0,3800.0
2022-07-15 09:52:00,65.0,65.0,65.0,65.0,0,20.622727,121800,3797.0,3800.0
2022-07-15 09:53:00,65.0,65.0,65.0,65.0,0,20.622727,121800,3797.0,3800.0
2022-07-15 09:54:00,65.0,65.0,65.0,65.0,0,20.622727,121800,3797.0,3800.0
2022-07-15 09:55:00,65.0,65.0,65.0,65.0,0,20.622727,121800,3797.0,3800.0
2022-07-15 09:56:00,65.0,65.0,65.0,65.0,0,20.622727,121800,3797.0,3800.0
2022-07-15 09:57:00,65.0,65.0,65.0,65.0,0,20.622727,121800,3797.0,3800.0
2022-07-15 09:58:00,65.0,65.0,65.0,65.0,0,20.622727,121800,3797.0,3800.0
2022-07-15 09:59:00,65.0,65.0,65.0,65.0,0,20.622727,121800,3797.0,3800.0
2022-07-15 10:00:00,65.0,65.0,65.0,65.0,0,20.622727,121800,3797.0,3800.0
2022-07-15 10:01:00,65.0,65.0,65.0,65.0,0,20.622727,121800,3797.0,3800.0
2022-07-15 10:02:00,65.0,65.0,65.0,65.0,0,20.622727,121800,3797.0,3800.0
2022-07-15 10:03:00,65.0,65.0,65.0,65.0,0,20.622727,121800,3797.0,3800.0
2022-07-15 10:04:00,65.0,65.0,65.0,65.0,0,20.622727,121800,3797.0,3800.0
2022-07-15 10:05:00,65.0,65.0,65.0,65.0,0,20.622727,121800,3797.0,3800.0
2022-07-15 10:06:00,65.0,65.0,65.0,65.0,0,20.622727,121800,3797.0,3800.0
2022-07-15 10:07:00,65.0,65.0,65.0,65.0,0,20.622727,121800,3797.0,3800.0
2022-07-15 10:08:00,65.0,65.0,65.0,65.0,0,20.622727,121800,3797.0,3800.0
2022-07-15 10:09:00,65.0,65.0,65.0,65.0,0,20.622727,121800,3797.0,3800.0
2022-07-15 10:10:00,65.0,65.0,65.0,65.0,0,20.622727,121800,3797.0,3800.0
2022-07-15 10:11:00,65.0,65.0,65.0,65.0,0,20.622727,121800,3797.0,3800.0
2022-07-15 10:12:00,65.0,65.0,65.0,65.0,0,20.622727,121800,3797.0,3800.0
2022-07-15 10:13:00,65.0,65.0,65.0,65.0,0,20.622727,121800,3797.0,3800.0
2022-07-15 10:14:00,65.0,65.0,65.0,65.0,0,20.622727,121800,3797.0,3800.0
2022-07-15 10:15:00,65.0,65.0,65.0,65.0,0,20.622727,121800,3797.0,3800.0
2022-07-15 10:16:00,65.0,65.0,65.0,65.0,0,20.622727,121800,3797.0,3800.0
2022-07-15 10:17:00,65.0,65.0,65.0,65.0,0,20.622727,121800,3797.0,3800.0
2022-07-15 10:18:00,65.0,65.0,65.0,65.0,0,20.622727,121800,3797.0,3800.0
2022-07-15 10:19:00,65.0,65.0,65.0,65.0,0,20.622727,121800,3797.0,3800.0
2022-07-15 10:20:00,65.0,65.0,65.0,65.0,0,20.622727,121800,3797.0,3800.0
2022-07-15 10:21:00,65.0,65.0,65.0,65.0,0,20.622727,121800,3797.0,3800.0
2022-07-15 10:22:00,65.0,65.0,65.0,65.0,0,20.622727,121800,3797.0,3800.0
2022-07-15 10:23:00,65.0,65.0,65.0,65.0,0,20.622727,121800,3797.0,3800.0
2022-07-15 10:24:00,65.0,65.0,65.0,65.0,0,20.622727,121800,3797.0,3800.0
2022-07-15 10:25:00,65.0,65.0,65.0,65.0,0,20.622727,121800,3797.0,3800.0
2022-07-15 10:26:00,65.0,65.0,65.0,65.0,0,20.622727,121800,3797.0,3800.0
2022-07-15 10:27:00,65.0,65.0,65.0,65.0,0,20.622727,121800,3797.0,3800.0
2022-07-15 10:28:00,65.0,65.0,65.0,65.0,0,20.622727,121800,3797.0,3800.0
2022-07-15 10:29:00,65.0,65.0,65.0,65.0,0,20.622727,121800,3797.0,3800.0
2022-07-15 10:30:00,65.0,65.0,65.0,65.0,0,20.622727,121800,3797.0,3800.0
2022-07-15 10:31:00,65.0,65.0,65.0,65.0,0,20.622727,121800,3797.0,3800.0
2022-07-15 10:32:00,65.0,65.0,65.0,65.0,0,20.622727,121800,3797.0,3800.0
2022-07-15 10:33:00,65.0,65.0,65.0,65.0,0,20.622727,121800,3797.0,3800.0
2022-07-15 10:34:00,65.0,65.0,65.0,65.0,0,20.622727,121800,3797.0,3800.0
2022-07-15 10:35:00,65.0,65.0,65.0,65.0,0,20.622727,121800,3797.0,3800.0
2022-07-15 10:36:00,65.0,65.0,65.0,65.0,0,20.622727,121800,3797.0,3800.0
2022-07-15 10:37:00,65.0,65.0,65.0,65.0,0,20.622727,121800,3797.0,3800.0
2022-07-15 10:38:00,65.0,65.0,65.0,65.0,0,20.622727,121800,3797.0,3800.0
2022-07-15 10:39:00,65.0,65.0,65.0,65.0,0,20.622727,121800,3797.0,3800.0
2022-07-15 10:40:00,65.0,65.0,65.0,65.0,0,20.622727,121800,3797.0,3800.0
2022-07-15 10:41:00,65.0,65.0,65.0,65.0,0,20.622727,121800,3797.0,3800.0
2022-07-15 10:42:00,65.0,65.0,65.0,65.0,0,20.622727,121800,3797.0,3800.0
2022-07-15 10:43:00,65.0,65.0,65.0,65.0,0,20.622727,121800,3797.0,3800.0
2022-07-15 10:44:00,65.0,65.0,65.0,65.0,0,20.622727,121800,3797.0,3800.0
2022-07-15 10:45:00,65.0,65.0,65.0,65.0,0,20.622727,121800,3797.0,3800.0
2022-07-15 10:46:00,65.0,65.0,65.0,65.0,0,20.622727,121800,3797.0,3800.0
2022-07-15 10:47:00,65.0,65.0,65.0,65.0,0,20.622727,121800,3797.0,3800.0
2022-07-15 10:48:00,65.0,65.0,65.0,65.0,0,20.622727,121800,3797.0,3800.0
2022-07-15 10:49:00,65.0,65.0,65.0,65.0,0,20.622727,121800,3797.0,3800.0
2022-07-15 10:50:00,65.0,65.0,65.0,65.0,0,20.622727,121800,3797.0,3800.0
2022-07-15 10:51:00,65.0,65.0,65.0,65.0,0,20.622727,121800,3797.0,3800.0
2022-07-15 10:52:00,65.0,65.0,65.0,65.0,0,20.622727,121800,3797.0,3800.0
2022-07-15 10:53:00,65.0,65.0,65.0,65.0,0,20.622727,121800,3797.0,3800.0
2022-07-15 10:54:00,65.0,65.0,65.0,65.0,0,20.622727,121800,3797.0,3800.0
2022-07-15 10:55:00,65.0,65.0,65.0,65.0,0,20.622727,121800,3797.0,3800.0
2022-07-15 10:56:00,65.0,65.0,65.0,65.0,0,20.622727,121800,3797.0,3800.0
2022-07-15 10:57:00,65.0,65.0,65.0,65.0,0,20.622727,121800,3797.0,3800.0
2022-07-15 10:58:00,65.0,65.0,65.0,65.0,0,20.622727,121800,3797.0,3800.0
2022-07-15 10:59:00,65.0,65.0,65.0,65.0,0,20.622727,121800,3797.0,3800.0
2022-07-15 11:00:00,65.0,65.0,65.0,65.0,0,20.622727,121800,3797.0,3800.0
2022-07-15 11:01:00,65.0,65.0,65.0,65.0,0,20.622727,121800,3797.0,3800.0
2022-07-15 11:02:00,65.0,65.0,65.0,65.0,0,20.622727,121800,3797.0,3800.0
2022-07-15 11:03:00,65.0,65.0,65.0,65.0,0,20.622727,121800,3797.0,3800.0
2022-07-15 11:04:00,65.0,65.0,65.0,65.0,0,20.622727,121800,3797.0,3800.0
2022-07-15 11:05:00,65.0,65.0,65.0,65.0,0,20.622727,121800,3797.0,3800.0
2022-07-15 11:06:00,65.0,65.0,65.0,65.0,0,20.622727,121800,3797.0,3800.0
2022-07-15 11:07:00,65.0,65.0,65.0,65.0,0,20.622727,121800,3797.0,3800.0
2022-07-15 11:08:00,65.0,65.0,65.0,65.0,0,20.622727,121800,3797.0,3800.0
2022-07-15 11:09:00,65.0,65.0,65.0,65.0,0,20.622727,121800,3797.0,3800.0
2022-07-15 11:10:00,65.0,65.0,65.0,65.0,0,20.622727,121800,3797.0,3800.0
2022-07-15 11:11:00,65.0,65.0,65.0,65.0,0,20.622727,121800,3797.0,3800.0
2022-07-15 11:12:00,65.0,65.0,65.0,65.0,0,20.622727,121800,3797.0,3800.0
2022-07-15 11:13:00,65.0,65.0,65.0,65.0,0,20.622727,121800,3797.0,3800.0
2022-07-15 11:14:00,65.0,65.0,65.0,65.0,0,20.622727,121800,3797.0,3800.0
2022-07-15 11:15:00,65.0,65.0,65.0,65.0,0,20.622727,121800,3797.0,3800.0
2022-07-15 11:16:00,65.0,65.0,65.0,65.0,0,20.622727,121800,3797.0,3800.0
2022-07-15 11:17:00,65.0,65.0,65.0,65.0,0,20.622727,121800,3797.0,3800.0
2022-07-15 11:18:00,65.0,65.0,65.0,65.0,0,20.622727,121800,3797.0,3800.0
2022-07-15 11:19:00,65.0,65.0,65.0,65.0,0,20.622727,121800,3797.0,3800.0
2022-07-15 11:20:00,65.0,65.0,65.0,65.0,0,20.622727,121800,3797.0,3800.0
2022-07-15 11:21:00,65.0,65.0,65.0,65.0,0,20.622727,121800,3797.0,3800.0
2022-07-15 11:22:00,65.0,65.0,65.0,65.0,0,20.622727,121800,3797.0,3800.0
2022-07-15 11:23:00,65.0,65.0,65.0,65.0,0,20.622727,121800,3797.0,3800.0
2022-07-15 11:24:00,65.0,65.0,65.0,65.0,0,20.622727,121800,3797.0,3800.0
2022-07-15 11:25:00,65.0,65.0,65.0,65.0,0,20.622727,121800,3797.0,3800.0
2022-07-15 11:26:00,65.0,65.0,65.0,65.0,0,20.622727,121800,3797.0,3800.0
2022-07-15 11:27:00,65.0,65.0,65.0,65.0,0,20.622727,121800,3797.0,3800.0
2022-07-15 11:28:00,65.0,65.0,65.0,65.0,0,20.622727,121800,3797.0,3800.0
2022-07-15 11:29:00,65.0,65.0,65.0,65.0,0,20.622727,121800,3797.0,3800.0
2022-07-15 11:30:00,65.0,65.0,65.0,65.0,0,20.622727,121800,3797.0,3800.0
2022-07-15 11:31:00,65.0,65.0,65.0,65.0,0,20.622727,121800,3797.0,3800.0
2022-07-15 11:32:00,65.0,65.0,65.0,65.0,0,20.622727,121800,3797.0,3800.0
2022-07-15 11:33:00,65.0,65.0,65.0,65.0,0,20.622727,121800,3797.0,3800.0
2022-07-15 11:34:00,65.0,65.0,65.0,65.0,0,20.622727,121800,3797.0,3800.0
2022-07-15 11:35:00,65.0,65.0,65.0,65.0,0,20.622727,121800,3797.0,3800.0
2022-07-15 11:36:00,65.0,65.0,65.0,65.0,0,20.622727,121800,3797.0,3800.0
2022-07-15 11:37:00,65.0,65.0,65.0,65.0,0,20.622727,121800,3797.0,3800.0
2022-07-15 11:38:00,65.0,65.0,65.0,65.0,0,20.622727,121800,3797.0,3800.0
2022-07-15 11:39:00,65.0,65.0,65.0,65.0,0,20.622727,121800,3797.0,3800.0
2022-07-15 11:40:00,65.0,65.0,65.0,65.0,0,20.622727,121800,3797.0,3800.0
2022-07-15 11:41:00,65.0,65.0,65.0,65.0,0,20.622727,121800,3797.0,3800.0
2022-07-15 11:42:00,65.0,65.0,65.0,65.0,0,20.622727,121800,3797.0,3800.0
2022-07-15 11:43:00,65.0,65.0,65.0,65.0,0,20.622727,121800,3797.0,3800.0
2022-07-15 11:44:00,65.0,65.0,65.0,65.0,0,20.622727,121800,3797.0,3800.0
2022-07-15 11:45:00,65.0,65.0,65.0,65.0,0,20.622727,121800,3797.0,3800.0
2022-07-15 11:46:00,65.0,65.0,65.0,65.0,0,20.622727,121800,3797.0,3800.0
2022-07-15 11:47:00,65.0,65.0,65.0,65.0,0,20.622727,121800,3797.0,3800.0
2022-07-15 11:48:00,65.0,65.0,65.0,65.0,0,20.622727,121800,3797.0,3800.0
2022-07-15 11:49:00,65.0,65.0,65.0,65.0,0,20.622727,121800,3797.0,3800.0
2022-07-15 11:50:00,65.0,65.0,65.0,65.0,0,20.622727,121800,3797.0,3800.0
2022-07-15 11:51:00,65.0,65.0,65.0,65.0,0,20.622727,121800,3797.0,3800.0
2022-07-15 11:52:00,65.0,65.0,65.0,65.0,0,20.622727,121800,3797.0,3800.0
2022-07-15 11:53:00,65.0,65.0,65.0,65.0,0,20.622727,121800,3797.0,3800.0
2022-07-15 11:54:00,65.0,65.0,65.0,65.0,0,20.622727,121800,3797.0,3800.0
2022-07-15 11:55:00,65.0,65.0,65.0,65.0,0,20.622727,121800,3797.0,3800.0
2022-07-15 11:56:00,65.0,65.0,65.0,65.0,0,20.622727,121800,32.1,3000.0
2022-07-15 11:57:00,65.0,65.0,65.0,65.0,0,20.622727,121800,3797.0,3800.0
2022-07-15 11:58:00,65.0,65.0,65.0,65.0,0,20.622727,121800,3797.0,3800.0
2022-07-15 11:59:00,65.0,65.0,65.0,65.0,0,20.622727,121800,3797.0,3800.0
2022-07-15 12:00:00,65.0,65.0,65.0,65.0,0,20.622727,121800,3797.0,3800.0
2022-07-15 12:01:00,65.0,65.0,65.0,65.0,0,20.622727,121800,3797.0,3800.0
2022-07-15 12:02:00,65.0,65.0,65.0,65.0,0,20.622727,121800,3797.0,3800.0
2022-07-15 12:03:00,65.0,65.0,65.0,65.0,0,20.622727,121800,3797.0,3800.0
2022-07-15 12:04:00,65.0,65.0,65.0,65.0,0,20.622727,121800,3797.0,3800.0
2022-07-15 12:05:00,65.0,65.0,65.0,65.0,0,20.622727,121800,3797.0,3800.0
2022-07-15 12:06:00,65.0,65.0,65.0,65.0,0,20.622727,121800,3797.0,3800.0
2022-07-15 12:07:00,65.0,65.0,65.0,65.0,0,20.622727,121800,3797.0,3800.0
2022-07-15 12:08:00,65.0,65.0,65.0,65.0,0,20.622727,121800,3797.0,3800.0
2022-07-15 12:09:00,65.0,65.0,65.0,65.0,0,20.622727,121800,3797.0,3800.0
2022-07-15 12:10:00,65.0,65.0,65.0,65.0,0,20.622727,121800,3797.0,3800.0
2022-07-15 12:11:00,65.0,65.0,65.0,65.0,0,20.622727,121800,3797.0,3800.0
2022-07-15 12:12:00,65.0,65.0,65.0,65.0,0,20.622727,121800,3797.0,3800.0
2022-07-15 12:13:00,65.0,65.0,65.0,65.0,0,20.622727,121800,3797.0,3800.0
2022-07-15 12:14:00,65.0,65.0,65.0,65.0,0,20.622727,121800,3797.0,3800.0
2022-07-15 12:15:00,65.0,65.0,65.0,65.0,0,20.622727,121800,3797.0,3800.0
2022-07-15 12:16:00,65.0,65.0,65.0,65.0,0,20.622727,121800,3797.0,3800.0
2022-07-15 12:17:00,65.0,65.0,65.0,65.0,0,20.622727,121800,3797.0,3800.0
2022-07-15 12:18:00,65.0,65.0,65.0,65.0,0,20.622727,121800,3797.0,3800.0
2022-07-15 12:19:00,65.0,65.0,65.0,65.0,0,20.622727,121800,3797.0,3800.0
2022-07-15 12:20:00,65.0,65.0,65.0,65.0,0,20.622727,121800,3797.0,3800.0
2022-07-15 12:21:00,65.0,65.0,65.0,65.0,0,20.622727,121800,3797.0,3800.0
2022-07-15 12:22:00,65.0,65.0,65.0,65.0,0,20.622727,121800,3797.0,3800.0
2022-07-15 12:23:00,65.0,65.0,65.0,65.0,0,20.622727,121800,3797.0,3800.0
2022-07-15 12:24:00,65.0,65.0,65.0,65.0,0,20.622727,121800,3797.0,3800.0
2022-07-15 12:25:00,65.0,65.0,65.0,65.0,0,20.622727,121800,3797.0,3800.0
2022-07-15 12:26:00,65.0,65.0,65.0,65.0,0,20.622727,121800,3797.0,3800.0
2022-07-15 12:27:00,65.0,65.0,65.0,65.0,0,20.622727,121800,3797.0,3800.0
2022-07-15 12:28:00,65.0,65.0,65.0,65.0,0,20.622727,121800,3797.0,3800.0
2022-07-15 12:29:00,65.0,65.0,65.0,65.0,0,20.622727,121800,3797.0,3800.0
2022-07-15 12:30:00,65.0,65.0,65.0,65.0,0,20.622727,121800,3797.0,3800.0
2022-07-15 12:31:00,65.0,65.0,65.0,65.0,0,20.622727,121800,3797.0,3800.0
2022-07-15 12:32:00,65.0,65.0,65.0,65.0,0,20.622727,121800,3797.0,3800.0
2022-07-15 12:33:00,65.0,65.0,65.0,65.0,0,20.622727,121800,3797.0,3800.0
2022-07-15 12:34:00,65.0,65.0,65.0,65.0,0,20.622727,121800,3797.0,3800.0
2022-07-15 12:35:00,65.0,65.0,65.0,65.0,0,20.622727,121800,3797.0,3800.0
2022-07-15 12:36:00,65.0,65.0,65.0,65.0,0,20.622727,121800,3797.0,3800.0
2022-07-15 12:37:00,65.0,65.0,65.0,65.0,0,20.622727,121800,3797.0,3800.0
2022-07-15 12:38:00,65.0,65.0,65.0,65.0,0,20.622727,121800,3797.0,3800.0
2022-07-15 12:39:00,65.0,65.0,65.0,65.0,0,20.622727,121800,3797.0,3800.0
2022-07-15 12:40:00,65.0,65.0,65.0,65.0,0,20.622727,121800,3797.0,3800.0
2022-07-15 12:41:00,65.0,65.0,65.0,65.0,0,20.622727,121800,3797.0,3800.0
2022-07-15 12:42:00,65.0,65.0,65.0,65.0,0,20.622727,121800,3797.0,3800.0
2022-07-15 12:43:00,65.0,65.0,65.0,65.0,0,20.622727,121800,3797.0,3800.0
2022-07-15 12:44:00,65.0,65.0,65.0,65.0,0,20.622727,121800,3797.0,3800.0
2022-07-15 12:45:00,65.0,65.0,65.0,65.0,0,20.622727,121800,3797.0,3800.0
2022-07-15 12:46:00,65.0,65.0,65.0,65.0,0,20.622727,121800,3797.0,3800.0
2022-07-15 12:47:00,65.0,65.0,65.0,65.0,0,20.622727,121800,3797.0,3800.0
2022-07-15 12:48:00,65.0,65.0,65.0,65.0,0,20.622727,121800,3797.0,3800.0
2022-07-15 12:49:00,65.0,65.0,65.0,65.0,0,20.622727,121800,3797.0,3800.0
2022-07-15 12:50:00,65.0,65.0,65.0,65.0,0,20.622727,121800,3797.0,3800.0
2022-07-15 12:51:00,65.0,65.0,65.0,65.0,0,20.622727,121800,3797.0,3800.0
2022-07-15 12:52:00,65.0,65.0,65.0,65.0,0,20.622727,121800,3797.0,3800.0
2022-07-15 12:53:00,65.0,65.0,65.0,65.0,0,20.622727,121800,3797.0,3800.0
2022-07-15 12:54:00,65.0,65.0,65.0,65.0,0,20.622727,121800,3797.0,3800.0
2022-07-15 12:55:00,65.0,65.0,65.0,65.0,0,20.622727,121800,3797.0,3800.0
2022-07-15 12:56:00,65.0,65.0,65.0,65.0,0,20.622727,121800,3797.0,3800.0
2022-07-15 12:57:00,65.0,65.0,65.0,65.0,0,20.622727,121800,3797.0,3800.0
2022-07-15 12:58:00,65.0,65.0,65.0,65.0,0,20.622727,121800,3797.0,3800.0
2022-07-15 12:59:00,65.0,65.0,65.0,65.0,0,20.622727,121800,3797.0,3800.0
2022-07-15 13:00:00,65.0,65.0,65.0,65.0,0,20.622727,121800,3797.0,3800.0
2022-07-15 13:01:00,65.0,65.0,65.0,65.0,0,20.622727,121800,3797.0,3800.0
2022-07-15 13:02:00,65.0,65.0,65.0,65.0,0,20.622727,121800,3797.0,3800.0
2022-07-15 13:03:00,65.0,65.0,65.0,65.0,0,20.622727,121800,3797.0,3800.0
2022-07-15 13:04:00,65.0,65.0,65.0,65.0,0,20.622727,121800,3797.0,3800.0
2022-07-15 13:05:00,65.0,65.0,65.0,65.0,0,20.622727,121800,3797.0,3800.0
2022-07-15 13:06:00,65.0,65.0,65.0,65.0,0,20.622727,121800,3797.0,3800.0
2022-07-15 13:07:00,65.0,65.0,65.0,65.0,0,20.622727,121800,3797.0,3800.0
2022-07-15 13:08:00,65.0,65.0,65.0,65.0,0,20.622727,121800,3797.0,3800.0
2022-07-15 13:09:00,65.0,65.0,65.0,65.0,0,20.622727,121800,3797.0,3800.0
2022-07-15 13:10:00,65.0,65.0,65.0,65.0,0,20.622727,121800,3797.0,3800.0
2022-07-15 13:11:00,65.0,65.0,65.0,65.0,0,20.622727,121800,3797.0,3800.0
2022-07-15 13:12:00,65.0,65.0,65.0,65.0,0,20.622727,121800,3797.0,3800.0
2022-07-15 13:13:00,65.0,65.0,65.0,65.0,0,20.622727,121800,3797.0,3800.0
2022-07-15 13:14:00,65.0,65.0,65.0,65.0,0,20.622727,121800,3797.0,3800.0
2022-07-15 13:15:00,65.0,65.0,65.0,65.0,0,20.622727,121800,3797.0,3800.0
2022-07-15 13:16:00,65.0,65.0,65.0,65.0,0,20.622727,121800,3797.0,3800.0
2022-07-15 13:17:00,65.0,65.0,65.0,65.0,0,20.622727,121800,28.25,3000.0
2022-07-15 13:18:00,65.0,65.0,65.0,65.0,0,20.622727,121800,3797.0,3800.0
2022-07-15 13:19:00,65.0,65.0,65.0,65.0,0,20.622727,121800,3797.0,3800.0
2022-07-15 13:20:00,65.0,65.0,65.0,65.0,0,20.622727,121800,3797.0,3800.0
2022-07-15 13:21:00,65.0,65.0,65.0,65.0,0,20.622727,121800,3797.0,3800.0
2022-07-15 13:22:00,65.0,65.0,65.0,65.0,0,20.622727,121800,3797.0,3800.0
2022-07-15 13:23:00,65.0,65.0,65.0,65.0,0,20.622727,121800,3797.0,3800.0
2022-07-15 13:24:00,65.0,65.0,65.0,65.0,0,20.622727,121800,3797.0,3800.0
2022-07-15 13:25:00,65.0,65.0,65.0,65.0,0,20.622727,121800,3797.0,3800.0
2022-07-15 13:26:00,65.0,65.0,65.0,65.0,0,20.622727,121800,3797.0,3800.0
2022-07-15 13:27:00,65.0,65.0,65.0,65.0,0,20.622727,121800,3797.0,3800.0
2022-07-15 13:28:00,65.0,65.0,65.0,65.0,0,20.622727,121800,3797.0,3800.0
2022-07-15 13:29:00,65.0,65.0,65.0,65.0,0,20.622727,121800,3797.0,3800.0
2022-07-15 13:30:00,65.0,65.0,65.0,65.0,0,20.622727,121800,3797.0,3800.0
2022-07-15 13:31:00,65.0,65.0,65.0,65.0,0,20.622727,121800,3797.0,3800.0
2022-07-15 13:32:00,65.0,65.0,65.0,65.0,0,20.622727,121800,3797.0,3800.0
2022-07-15 13:33:00,65.0,65.0,65.0,65.0,0,20.622727,121800,3797.0,3800.0
2022-07-15 13:34:00,65.0,65.0,65.0,65.0,0,20.622727,121800,3797.0,3800.0
2022-07-15 13:35:00,65.0,65.0,65.0,65.0,0,20.622727,121800,3797.0,3800.0
2022-07-15 13:36:00,65.0,65.0,65.0,65.0,0,20.622727,121800,3797.0,3800.0
2022-07-15 13:37:00,65.0,65.0,65.0,65.0,0,20.622727,121800,3797.0,3800.0
2022-07-15 13:38:00,65.0,65.0,65.0,65.0,0,20.622727,121800,3797.0,3800.0
2022-07-15 13:39:00,65.0,65.0,65.0,65.0,0,20.622727,121800,3797.0,3800.0
2022-07-15 13:40:00,65.0,65.0,65.0,65.0,0,20.622727,121800,3797.0,3800.0
2022-07-15 13:41:00,65.0,65.0,65.0,65.0,0,20.622727,121800,3797.0,3800.0
2022-07-15 13:42:00,65.0,65.0,65.0,65.0,0,20.622727,121800,3797.0,3800.0
2022-07-15 13:43:00,65.0,65.0,65.0,65.0,0,20.622727,121800,3797.0,3800.0
2022-07-15 13:44:00,65.0,65.0,65.0,65.0,0,20.622727,121800,3797.0,3800.0
2022-07-15 13:45:00,65.0,65.0,65.0,65.0,0,20.622727,121800,3797.0,3800.0
2022-07-15 13:46:00,65.0,65.0,65.0,65.0,0,20.622727,121800,3797.0,3800.0
2022-07-15 13:47:00,65.0,65.0,65.0,65.0,0,20.622727,121800,3797.0,3800.0
2022-07-15 13:48:00,65.0,65.0,65.0,65.0,0,20.622727,121800,3797.0,3800.0
2022-07-15 13:49:00,65.0,65.0,65.0,65.0,0,20.622727,121800,3797.0,3800.0
2022-07-15 13:50:00,65.0,65.0,65.0,65.0,0,20.622727,121800,3797.0,3800.0
2022-07-15 13:51:00,65.0,65.0,65.0,65.0,0,20.622727,121800,3797.0,3800.0
2022-07-15 13:52:00,65.0,65.0,65.0,65.0,0,20.622727,121800,3797.0,3800.0
2022-07-15 13:53:00,65.0,65.0,65.0,65.0,0,20.622727,121800,3797.0,3800.0
2022-07-15 13:54:00,65.0,65.0,65.0,65.0,0,20.622727,121800,3797.0,3800.0
2022-07-15 13:55:00,65.0,65.0,65.0,65.0,0,20.622727,121800,3797.0,3800.0
2022-07-15 13:56:00,65.0,65.0,65.0,65.0,0,20.622727,121800,3797.0,3800.0
2022-07-15 13:57:00,65.0,65.0,65.0,65.0,0,20.622727,121800,3797.0,3800.0
2022-07-15 13:58:00,65.0,65.0,65.0,65.0,0,20.622727,121800,3797.0,3800.0
2022-07-15 13:59:00,65.0,65.0,65.0,65.0,0,20.622727,121800,3797.0,3800.0
2022-07-15 14:00:00,65.0,65.0,65.0,65.0,0,20.622727,121800,3797.0,3800.0
2022-07-15 14:01:00,65.0,65.0,65.0,65.0,0,20.622727,121800,3797.0,3800.0
2022-07-15 14:02:00,65.0,65.0,65.0,65.0,0,20.622727,121800,3797.0,3800.0
2022-07-15 14:03:00,65.0,65.0,65.0,65.0,0,20.622727,121800,3797.0,3800.0
2022-07-15 14:04:00,65.0,65.0,65.0,65.0,0,20.622727,121800,3797.0,3800.0
2022-07-15 14:05:00,65.0,65.0,65.0,65.0,0,20.622727,121800,3797.0,3800.0
2022-07-15 14:06:00,65.0,65.0,65.0,65.0,0,20.622727,121800,3797.0,3800.0
2022-07-15 14:07:00,65.0,65.0,65.0,65.0,0,20.622727,121800,3797.0,3800.0
2022-07-15 14:08:00,65.0,65.0,65.0,65.0,0,20.622727,121800,3797.0,3800.0
2022-07-15 14:09:00,65.0,65.0,65.0,65.0,0,20.622727,121800,3797.0,3800.0
2022-07-15 14:10:00,65.0,65.0,65.0,65.0,0,20.622727,121800,3797.0,3800.0
2022-07-15 14:11:00,65.0,65.0,65.0,65.0,0,20.622727,121800,3797.0,3800.0
2022-07-15 14:12:00,65.0,65.0,65.0,65.0,0,20.622727,121800,3797.0,3800.0
2022-07-15 14:13:00,65.0,65.0,65.0,65.0,0,20.622727,121800,3797.0,3800.0
2022-07-15 14:14:00,65.0,65.0,65.0,65.0,0,20.622727,121800,3797.0,3800.0
2022-07-15 14:15:00,65.0,65.0,65.0,65.0,0,20.622727,121800,3797.0,3800.0
2022-07-15 14:16:00,65.0,65.0,65.0,65.0,0,20.622727,121800,3797.0,3800.0
2022-07-15 14:17:00,65.0,65.0,65.0,65.0,0,20.622727,121800,3797.0,3800.0
2022-07-15 14:18:00,65.0,65.0,65.0,65.0,0,20.622727,121800,3797.0,3800.0
2022-07-15 14:19:00,65.0,65.0,65.0,65.0,0,20.622727,121800,3797.0,3800.0
2022-07-15 14:20:00,65.0,65.0,65.0,65.0,0,20.622727,121800,3797.0,3800.0
2022-07-15 14:21:00,65.0,65.0,65.0,65.0,0,20.622727,121800,3797.0,3800.0
2022-07-15 14:22:00,65.0,65.0,65.0,65.0,0,20.622727,121800,3797.0,3800.0
2022-07-15 14:23:00,65.0,65.0,65.0,65.0,0,20.622727,121800,3797.0,3800.0
2022-07-15 14:24:00,65.0,65.0,65.0,65.0,0,20.622727,121800,3797.0,3800.0
2022-07-15 14:25:00,65.0,65.0,65.0,65.0,0,20.622727,121800,3797.0,3800.0
2022-07-15 14:26:00,65.0,65.0,65.0,65.0,0,20.622727,121800,3797.0,3800.0
2022-07-15 14:27:00,65.0,65.0,65.0,65.0,0,20.622727,121800,3797.0,3800.0
2022-07-15 14:28:00,65.0,65.0,65.0,65.0,0,20.622727,121800,3797.0,3800.0
2022-07-15 14:29:00,65.0,65.0,65.0,65.0,0,20.622727,121800,3797.0,3800.0
2022-07-15 14:30:00,65.0,65.0,65.0,65.0,0,20.622727,121800,3797.0,3800.0
2022-07-15 14:31:00,65.0,65.0,65.0,65.0,0,20.622727,121800,3797.0,3800.0
2022-07-15 14:32:00,65.0,65.0,65.0,65.0,0,20.622727,121800,3797.0,3800.0
2022-07-15 14:33:00,65.0,65.0,65.0,65.0,0,20.622727,121800,3797.0,3800.0
2022-07-15 14:34:00,65.0,65.0,65.0,65.0,0,20.622727,121800,3797.0,3800.0
2022-07-15 14:35:00,65.0,65.0,65.0,65.0,0,20.622727,121800,3797.0,3800.0
2022-07-15 14:36:00,65.0,65.0,65.0,65.0,0,20.622727,121800,3797.0,3800.0
2022-07-15 14:37:00,65.0,65.0,65.0,65.0,0,20.622727,121800,3797.0,3800.0
2022-07-15 14:38:00,65.0,65.0,65.0,65.0,0,20.622727,121800,3797.0,3800.0
2022-07-15 14:39:00,65.0,65.0,65.0,65.0,0,20.622727,121800,3797.0,3800.0
2022-07-15 14:40:00,65.0,65.0,65.0,65.0,0,20.622727,121800,3797.0,3800.0
2022-07-15 14:41:00,65.0,65.0,65.0,65.0,0,20.622727,121800,3797.0,3800.0
2022-07-15 14:42:00,65.0,65.0,65.0,65.0,0,20.622727,121800,3797.0,3800.0
2022-07-15 14:43:00,65.0,65.0,65.0,65.0,0,20.622727,121800,3797.0,3800.0
2022-07-15 14:44:00,65.0,65.0,65.0,65.0,0,20.622727,121800,3797.0,3800.0
2022-07-15 14:45:00,65.0,65.0,65.0,65.0,0,20.622727,121800,3797.0,3800.0
2022-07-15 14:46:00,65.0,65.0,65.0,65.0,0,20.622727,121800,3797.0,3800.0
2022-07-15 14:47:00,65.0,65.0,65.0,65.0,0,20.622727,121800,3797.0,3800.0
2022-07-15 14:48:00,65.0,65.0,65.0,65.0,0,20.622727,121800,3797.0,3800.0
2022-07-15 14:49:00,65.0,65.0,65.0,65.0,0,20.622727,121800,3797.0,3800.0
2022-07-15 14:50:00,65.0,65.0,65.0,65.0,0,20.622727,121800,3797.0,3800.0
2022-07-15 14:51:00,65.0,65.0,65.0,65.0,0,20.622727,121800,3797.0,3800.0
2022-07-15 14:52:00,65.0,65.0,65.0,65.0,0,20.622727,121800,3797.0,3800.0
2022-07-15 14:53:00,65.0,65.0,65.0,65.0,0,20.622727,121800,3797.0,3800.0
2022-07-15 14:54:00,65.0,65.0,65.0,65.0,0,20.622727,121800,3797.0,3800.0
2022-07-15 14:55:00,65.0,65.0,65.0,65.0,0,20.622727,121800,3797.0,3800.0
2022-07-15 14:56:00,65.0,65.0,65.0,65.0,0,20.622727,121800,3797.0,3800.0
2022-07-15 14:57:00,65.0,65.0,65.0,65.0,0,20.622727,121800,3797.0,3800.0
2022-07-15 14:58:00,65.0,65.0,65.0,65.0,0,20.622727,121800,3797.0,3800.0
2022-07-15 14:59:00,65.0,65.0,65.0,65.0,0,20.622727,121800,3797.0,3800.0
2022-07-15 15:00:00,65.0,65.0,65.0,65.0,0,20.622727,121800,3797.0,3800.0
2022-07-15 15:01:00,65.0,65.0,65.0,65.0,0,20.622727,121800,3797.0,3800.0
2022-07-15 15:02:00,65.0,65.0,65.0,65.0,0,20.622727,121800,3797.0,3800.0
2022-07-15 15:03:00,65.0,65.0,65.0,65.0,0,20.622727,121800,3797.0,3800.0
2022-07-15 15:04:00,65.0,65.0,65.0,65.0,0,20.622727,121800,3797.0,3800.0
2022-07-15 15:05:00,65.0,65.0,65.0,65.0,0,20.622727,121800,3797.0,3800.0
2022-07-15 15:06:00,65.0,65.0,65.0,65.0,0,20.622727,121800,3797.0,3800.0
2022-07-15 15:07:00,65.0,65.0,65.0,65.0,0,20.622727,121800,3797.0,3800.0
2022-07-15 15:08:00,65.0,65.0,65.0,65.0,0,20.622727,121800,3797.0,3800.0
2022-07-15 15:09:00,65.0,65.0,65.0,65.0,0,20.622727,121800,3797.0,3800.0
2022-07-15 15:10:00,65.0,65.0,65.0,65.0,0,20.622727,121800,3797.0,3800.0
2022-07-15 15:11:00,65.0,65.0,65.0,65.0,0,20.622727,121800,3797.0,3800.0
2022-07-15 15:12:00,65.0,65.0,65.0,65.0,0,20.622727,121800,3797.0,3800.0
2022-07-15 15:13:00,65.0,65.0,65.0,65.0,0,20.622727,121800,3797.0,3800.0
2022-07-15 15:14:00,65.0,65.0,65.0,65.0,0,20.622727,121800,3797.0,3800.0
2022-07-15 15:15:00,65.0,65.0,65.0,65.0,0,20.622727,121800,3797.0,3800.0
2022-07-15 15:16:00,65.0,65.0,65.0,65.0,0,20.622727,121800,3797.0,3800.0
2022-07-15 15:17:00,65.0,65.0,65.0,65.0,0,20.622727,121800,3797.0,3800.0
2022-07-15 15:18:00,65.0,65.0,65.0,65.0,0,20.622727,121800,3797.0,3800.0
2022-07-15 15:19:00,65.0,65.0,65.0,65.0,0,20.622727,121800,3797.0,3800.0
2022-07-15 15:20:00,65.0,65.0,65.0,65.0,0,20.622727,121800,3797.0,3800.0
2022-07-15 15:21:00,65.0,65.0,65.0,65.0,0,20.622727,121800,3797.0,3800.0
2022-07-15 15:22:00,65.0,65.0,65.0,65.0,0,20.622727,121800,3797.0,3800.0
2022-07-15 15:23:00,65.0,65.0,65.0,65.0,0,20.622727,121800,3797.0,3800.0
2022-07-15 15:24:00,65.0,65.0,65.0,65.0,0,20.622727,121800,3797.0,3800.0
2022-07-15 15:25:00,65.0,65.0,65.0,65.0,0,20.622727,121800,3797.0,3800.0
2022-07-15 15:26:00,65.0,65.0,65.0,65.0,0,20.622727,121800,3797.0,3800.0
2022-07-15 15:27:00,65.0,65.0,65.0,65.0,0,20.622727,121800,3797.0,3800.0
2022-07-15 15:28:00,65.0,65.0,65.0,65.0,0,20.622727,121800,3797.0,3800.0
2022-07-15 15:29:00,65.0,65.0,65.0,65.0,0,20.622727,121800,3797.0,3800.0
2022-07-19 09:15:00,67.1,67.1,67.1,67.1,600,28.023766,10200,3770.35,3780.0
2022-07-19 09:16:00,67.1,67.1,67.1,67.1,0,28.023766,10200,3770.35,3780.0
2022-07-19 09:17:00,67.1,67.1,67.1,67.1,0,28.023766,10200,3770.35,3780.0
2022-07-19 09:18:00,67.1,67.1,67.1,67.1,0,28.023766,10200,3770.35,3780.0
2022-07-19 09:19:00,67.1,67.1,67.1,67.1,0,28.023766,10200,3770.35,3780.0
2022-07-19 09:20:00,67.1,67.1,67.1,67.1,0,28.023766,10200,3770.35,3780.0
2022-07-19 09:21:00,67.1,67.1,67.1,67.1,0,28.023766,10200,3770.35,3780.0
2022-07-19 09:22:00,67.1,67.1,67.1,67.1,0,28.023766,10200,3770.35,3780.0
2022-07-19 09:23:00,67.1,67.1,67.1,67.1,0,28.023766,10200,3770.35,3780.0
2022-07-19 09:24:00,67.1,67.1,67.1,67.1,0,28.023766,10200,3770.35,3780.0
2022-07-19 09:25:00,67.1,67.1,67.1,67.1,0,28.023766,10200,3770.35,3780.0
2022-07-19 09:26:00,67.1,67.1,67.1,67.1,0,28.023766,10200,3770.35,3780.0
2022-07-19 09:27:00,67.1,67.1,67.1,67.1,0,28.023766,10200,3770.35,3780.0
2022-07-19 09:28:00,67.1,67.1,67.1,67.1,0,28.023766,10200,3770.35,3780.0
2022-07-19 09:29:00,67.1,67.1,67.1,67.1,0,28.023766,10200,3770.35,3780.0
2022-07-19 09:30:00,67.1,67.1,67.1,67.1,0,28.023766,10200,3770.35,3780.0
2022-07-19 09:31:00,67.1,67.1,67.1,67.1,0,28.023766,10200,3770.35,3780.0
2022-07-19 09:32:00,67.1,67.1,67.1,67.1,0,28.023766,10200,3770.35,3780.0
2022-07-19 09:33:00,67.1,67.1,67.1,67.1,0,28.023766,10200,3770.35,3780.0
2022-07-19 09:34:00,67.1,67.1,67.1,67.1,0,28.023766,10200,3770.35,3780.0
2022-07-19 09:35:00,67.1,67.1,67.1,67.1,0,28.023766,10200,3770.35,3780.0
2022-07-19 09:36:00,67.1,67.1,67.1,67.1,0,28.023766,10200,3770.35,3780.0
2022-07-19 09:37:00,67.1,67.1,67.1,67.1,0,28.023766,10200,3770.35,3780.0
2022-07-19 09:38:00,67.1,67.1,67.1,67.1,0,28.023766,10200,3770.35,3780.0
2022-07-19 09:39:00,67.1,67.1,67.1,67.1,0,28.023766,10200,3770.35,3780.0
2022-07-19 09:40:00,67.1,67.1,67.1,67.1,0,28.023766,10200,3770.35,3780.0
2022-07-19 09:41:00,67.1,67.1,67.1,67.1,0,28.023766,10200,3770.35,3780.0
2022-07-19 09:42:00,67.1,67.1,67.1,67.1,0,28.023766,10200,3770.35,3780.0
2022-07-19 09:43:00,67.1,67.1,67.1,67.1,0,28.023766,10200,3770.35,3780.0
2022-07-19 09:44:00,67.1,67.1,67.1,67.1,0,28.023766,10200,3770.35,3780.0
2022-07-19 09:45:00,67.1,67.1,67.1,67.1,0,28.023766,10200,3770.35,3780.0
2022-07-19 09:46:00,67.1,67.1,67.1,67.1,0,28.023766,10200,3770.35,3780.0
2022-07-19 09:47:00,67.1,67.1,67.1,67.1,0,28.023766,10200,3770.35,3780.0
2022-07-19 09:48:00,67.1,67.1,67.1,67.1,0,28.023766,10200,3770.35,3780.0
2022-07-19 09:49:00,67.1,67.1,67.1,67.1,0,28.023766,10200,3770.35,3780.0
2022-07-19 09:50:00,67.1,67.1,67.1,67.1,0,28.023766,10200,3770.35,3780.0
2022-07-19 09:51:00,67.1,67.1,67.1,67.1,0,28.023766,10200,3770.35,3780.0
2022-07-19 09:52:00,67.1,67.1,67.1,67.1,0,28.023766,10200,3770.35,3780.0
2022-07-19 09:53:00,67.1,67.1,67.1,67.1,0,28.023766,10200,3770.35,3780.0
2022-07-19 09:54:00,67.1,67.1,67.1,67.1,0,28.023766,10200,3770.35,3780.0
2022-07-19 09:55:00,67.1,67.1,67.1,67.1,0,28.023766,10200,3770.35,3780.0
2022-07-19 09:56:00,67.1,67.1,67.1,67.1,0,28.023766,10200,3770.35,3780.0
2022-07-19 09:57:00,67.1,67.1,67.1,67.1,0,28.023766,10200,3770.35,3780.0
2022-07-19 09:58:00,67.1,67.1,67.1,67.1,0,28.023766,10200,3770.35,3780.0
2022-07-19 09:59:00,67.1,67.1,67.1,67.1,0,28.023766,10200,3770.35,3780.0
2022-07-19 10:00:00,67.1,67.1,67.1,67.1,0,28.023766,10200,3770.35,3780.0
2022-07-19 10:01:00,67.1,67.1,67.1,67.1,0,28.023766,10200,3770.35,3780.0
2022-07-19 10:02:00,67.1,67.1,67.1,67.1,0,28.023766,10200,3770.35,3780.0
2022-07-19 10:03:00,67.1,67.1,67.1,67.1,0,28.023766,10200,3770.35,3780.0
2022-07-19 10:04:00,67.1,67.1,67.1,67.1,0,28.023766,10200,3770.35,3780.0
2022-07-19 10:05:00,67.1,67.1,67.1,67.1,0,28.023766,10200,3770.35,3780.0
2022-07-19 10:06:00,67.1,67.1,67.1,67.1,0,28.023766,10200,3770.35,3780.0
2022-07-19 10:07:00,67.1,67.1,67.1,67.1,0,28.023766,10200,3770.35,3780.0
2022-07-19 10:08:00,67.1,67.1,67.1,67.1,0,28.023766,10200,3770.35,3780.0
2022-07-19 10:09:00,67.1,67.1,67.1,67.1,0,28.023766,10200,3770.35,3780.0
2022-07-19 10:10:00,67.1,67.1,67.1,67.1,0,28.023766,10200,3770.35,3780.0
2022-07-19 10:11:00,67.1,67.1,67.1,67.1,0,28.023766,10200,3770.35,3780.0
2022-07-19 10:12:00,67.1,67.1,67.1,67.1,0,28.023766,10200,3770.35,3780.0
2022-07-19 10:13:00,67.1,67.1,67.1,67.1,0,28.023766,10200,3770.35,3780.0
2022-07-19 10:14:00,67.1,67.1,67.1,67.1,0,28.023766,10200,3770.35,3780.0
2022-07-19 10:15:00,67.1,67.1,67.1,67.1,0,28.023766,10200,3770.35,3780.0
2022-07-19 10:16:00,67.1,67.1,67.1,67.1,0,28.023766,10200,3770.35,3780.0
2022-07-19 10:17:00,67.1,67.1,67.1,67.1,0,28.023766,10200,3770.35,3780.0
2022-07-19 10:18:00,67.1,67.1,67.1,67.1,0,28.023766,10200,3770.35,3780.0
2022-07-19 10:19:00,67.1,67.1,67.1,67.1,0,28.023766,10200,3770.35,3780.0
2022-07-19 10:20:00,67.1,67.1,67.1,67.1,0,28.023766,10200,3770.35,3780.0
2022-07-19 10:21:00,67.1,67.1,67.1,67.1,0,28.023766,10200,3770.35,3780.0
2022-07-19 10:22:00,67.1,67.1,67.1,67.1,0,28.023766,10200,3770.35,3780.0
2022-07-19 10:23:00,67.1,67.1,67.1,67.1,0,28.023766,10200,3770.35,3780.0
2022-07-19 10:24:00,67.1,67.1,67.1,67.1,0,28.023766,10200,3770.35,3780.0
2022-07-19 10:25:00,67.1,67.1,67.1,67.1,0,28.023766,10200,3770.35,3780.0
2022-07-19 10:26:00,67.1,67.1,67.1,67.1,0,28.023766,10200,3770.35,3780.0
2022-07-19 10:27:00,67.1,67.1,67.1,67.1,0,28.023766,10200,3770.35,3780.0
2022-07-19 10:28:00,67.1,67.1,67.1,67.1,0,28.023766,10200,3770.35,3780.0
2022-07-19 10:29:00,67.1,67.1,67.1,67.1,0,28.023766,10200,3770.35,3780.0
2022-07-19 10:30:00,67.1,67.1,67.1,67.1,0,28.023766,10200,3770.35,3780.0
2022-07-19 10:31:00,67.1,67.1,67.1,67.1,0,28.023766,10200,3770.35,3780.0
2022-07-19 10:32:00,67.1,67.1,67.1,67.1,0,28.023766,10200,3770.35,3780.0
2022-07-19 10:33:00,67.1,67.1,67.1,67.1,0,28.023766,10200,3770.35,3780.0
2022-07-19 10:34:00,67.1,67.1,67.1,67.1,0,28.023766,10200,3770.35,3780.0
2022-07-19 10:35:00,67.1,67.1,67.1,67.1,0,28.023766,10200,3770.35,3780.0
2022-07-19 10:36:00,67.1,67.1,67.1,67.1,0,28.023766,10200,3770.35,3780.0
2022-07-19 10:37:00,67.1,67.1,67.1,67.1,0,28.023766,10200,3770.35,3780.0
2022-07-19 10:38:00,67.1,67.1,67.1,67.1,0,28.023766,10200,3770.35,3780.0
2022-07-19 10:39:00,67.1,67.1,67.1,67.1,0,28.023766,10200,3770.35,3780.0
2022-07-19 10:40:00,67.1,67.1,67.1,67.1,0,28.023766,10200,3770.35,3780.0
2022-07-19 10:41:00,67.1,67.1,67.1,67.1,0,28.023766,10200,3770.35,3780.0
2022-07-19 10:42:00,67.1,67.1,67.1,67.1,0,28.023766,10200,3770.35,3780.0
2022-07-19 10:43:00,67.1,67.1,67.1,67.1,0,28.023766,10200,3770.35,3780.0
2022-07-19 10:44:00,67.1,67.1,67.1,67.1,0,28.023766,10200,3770.35,3780.0
2022-07-19 10:45:00,67.1,67.1,67.1,67.1,0,28.023766,10200,3770.35,3780.0
2022-07-19 10:46:00,67.1,67.1,67.1,67.1,0,28.023766,10200,3770.35,3780.0
2022-07-19 10:47:00,67.1,67.1,67.1,67.1,0,28.023766,10200,3770.35,3780.0
2022-07-19 10:48:00,67.1,67.1,67.1,67.1,0,28.023766,10200,3770.35,3780.0
2022-07-19 10:49:00,67.1,67.1,67.1,67.1,0,28.023766,10200,3770.35,3780.0
2022-07-19 10:50:00,67.1,67.1,67.1,67.1,0,28.023766,10200,3770.35,3780.0
2022-07-19 10:51:00,67.1,67.1,67.1,67.1,0,28.023766,10200,3770.35,3780.0
2022-07-19 10:52:00,67.1,67.1,67.1,67.1,0,28.023766,10200,3770.35,3780.0
2022-07-19 10:53:00,67.1,67.1,67.1,67.1,0,28.023766,10200,3770.35,3780.0
2022-07-19 10:54:00,67.1,67.1,67.1,67.1,0,28.023766,10200,3770.35,3780.0
2022-07-19 10:55:00,67.1,67.1,67.1,67.1,0,28.023766,10200,3770.35,3780.0
2022-07-19 10:56:00,67.1,67.1,67.1,67.1,0,28.023766,10200,3770.35,3780.0
2022-07-19 10:57:00,67.1,67.1,67.1,67.1,0,28.023766,10200,3770.35,3780.0
2022-07-19 10:58:00,67.1,67.1,67.1,67.1,0,28.023766,10200,3770.35,3780.0
2022-07-19 10:59:00,67.1,67.1,67.1,67.1,0,28.023766,10200,3770.35,3780.0
2022-07-19 11:00:00,67.1,67.1,67.1,67.1,0,28.023766,10200,3770.35,3780.0
2022-07-19 11:01:00,67.1,67.1,67.1,67.1,0,28.023766,10200,3770.35,3780.0
2022-07-19 11:02:00,67.1,67.1,67.1,67.1,0,28.023766,10200,3770.35,3780.0
2022-07-19 11:03:00,67.1,67.1,67.1,67.1,0,28.023766,10200,3770.35,3780.0
2022-07-19 11:04:00,67.1,67.1,67.1,67.1,0,28.023766,10200,3770.35,3780.0
2022-07-19 11:05:00,67.1,67.1,67.1,67.1,0,28.023766,10200,3770.35,3780.0
2022-07-19 11:06:00,67.1,67.1,67.1,67.1,0,28.023766,10200,3770.35,3780.0
2022-07-19 11:07:00,67.1,67.1,67.1,67.1,0,28.023766,10200,3770.35,3780.0
2022-07-19 11:08:00,67.1,67.1,67.1,67.1,0,28.023766,10200,3770.35,3780.0
2022-07-19 11:09:00,67.1,67.1,67.1,67.1,0,28.023766,10200,3770.35,3780.0
2022-07-19 11:10:00,67.1,67.1,67.1,67.1,0,28.023766,10200,3770.35,3780.0
2022-07-19 11:11:00,67.1,67.1,67.1,67.1,0,28.023766,10200,3770.35,3780.0
2022-07-19 11:12:00,67.1,67.1,67.1,67.1,0,28.023766,10200,3770.35,3780.0
2022-07-19 11:13:00,67.1,67.1,67.1,67.1,0,28.023766,10200,3770.35,3780.0
2022-07-19 11:14:00,67.1,67.1,67.1,67.1,0,28.023766,10200,3770.35,3780.0
2022-07-19 11:15:00,67.1,67.1,67.1,67.1,0,28.023766,10200,3770.35,3780.0
2022-07-19 11:16:00,67.1,67.1,67.1,67.1,0,28.023766,10200,3770.35,3780.0
2022-07-19 11:17:00,67.1,67.1,67.1,67.1,0,28.023766,10200,3770.35,3780.0
2022-07-19 11:18:00,67.1,67.1,67.1,67.1,0,28.023766,10200,3770.35,3780.0
2022-07-19 11:19:00,67.1,67.1,67.1,67.1,0,28.023766,10200,3770.35,3780.0
2022-07-19 11:20:00,67.1,67.1,67.1,67.1,0,28.023766,10200,3770.35,3780.0
2022-07-19 11:21:00,67.1,67.1,67.1,67.1,0,28.023766,10200,3770.35,3780.0
2022-07-19 11:22:00,67.1,67.1,67.1,67.1,0,28.023766,10200,3770.35,3780.0
2022-07-19 11:23:00,67.1,67.1,67.1,67.1,0,28.023766,10200,3770.35,3780.0
2022-07-19 11:24:00,67.1,67.1,67.1,67.1,0,28.023766,10200,3770.35,3780.0
2022-07-19 11:25:00,67.1,67.1,67.1,67.1,0,28.023766,10200,3770.35,3780.0
2022-07-19 11:26:00,67.1,67.1,67.1,67.1,0,28.023766,10200,3770.35,3780.0
2022-07-19 11:27:00,67.1,67.1,67.1,67.1,0,28.023766,10200,3770.35,3780.0
2022-07-19 11:28:00,67.1,67.1,67.1,67.1,0,28.023766,10200,3770.35,3780.0
2022-07-19 11:29:00,67.1,67.1,67.1,67.1,0,28.023766,10200,3770.35,3780.0
2022-07-19 11:30:00,67.1,67.1,67.1,67.1,0,28.023766,10200,3770.35,3780.0
2022-07-19 11:31:00,67.1,67.1,67.1,67.1,0,28.023766,10200,3770.35,3780.0
2022-07-19 11:32:00,67.1,67.1,67.1,67.1,0,28.023766,10200,3770.35,3780.0
2022-07-19 11:33:00,67.1,67.1,67.1,67.1,0,28.023766,10200,3770.35,3780.0
2022-07-19 11:34:00,67.1,67.1,67.1,67.1,0,28.023766,10200,3770.35,3780.0
2022-07-19 11:35:00,67.1,67.1,67.1,67.1,0,28.023766,10200,3770.35,3780.0
2022-07-19 11:36:00,67.1,67.1,67.1,67.1,0,28.023766,10200,3770.35,3780.0
2022-07-19 11:37:00,67.1,67.1,67.1,67.1,0,28.023766,10200,3770.35,3780.0
2022-07-19 11:38:00,67.1,67.1,67.1,67.1,0,28.023766,10200,3770.35,3780.0
2022-07-19 11:39:00,67.1,67.1,67.1,67.1,0,28.023766,10200,3770.35,3780.0
2022-07-19 11:40:00,67.1,67.1,67.1,67.1,0,28.023766,10200,3770.35,3780.0
2022-07-19 11:41:00,67.1,67.1,67.1,67.1,0,28.023766,10200,3770.35,3780.0
2022-07-19 11:42:00,67.1,67.1,67.1,67.1,0,28.023766,10200,3770.35,3780.0
2022-07-19 11:43:00,67.1,67.1,67.1,67.1,0,28.023766,10200,3770.35,3780.0
2022-07-19 11:44:00,67.1,67.1,67.1,67.1,0,28.023766,10200,3770.35,3780.0
2022-07-19 11:45:00,67.1,67.1,67.1,67.1,0,28.023766,10200,28.3,3100.0
2022-07-19 11:46:00,67.1,67.1,67.1,67.1,0,28.023766,10200,3770.35,3780.0
2022-07-19 11:47:00,67.1,67.1,67.1,67.1,0,28.023766,10200,3770.35,3780.0
2022-07-19 11:48:00,67.1,67.1,67.1,67.1,0,28.023766,10200,3770.35,3780.0
2022-07-19 11:49:00,67.1,67.1,67.1,67.1,0,28.023766,10200,3770.35,3780.0
2022-07-19 11:50:00,67.1,67.1,67.1,67.1,0,28.023766,10200,3770.35,3780.0
2022-07-19 11:51:00,67.1,67.1,67.1,67.1,0,28.023766,10200,28.3,3100.0
2022-07-19 11:52:00,67.1,67.1,67.1,67.1,0,28.023766,10200,3770.35,3780.0
2022-07-19 11:53:00,67.1,67.1,67.1,67.1,0,28.023766,10200,3770.35,3780.0
2022-07-19 11:54:00,67.1,67.1,67.1,67.1,0,28.023766,10200,3770.35,3780.0
2022-07-19 11:55:00,67.1,67.1,67.1,67.1,0,28.023766,10200,3770.35,3780.0
2022-07-19 11:56:00,67.1,67.1,67.1,67.1,0,28.023766,10200,3770.35,3780.0
2022-07-19 11:57:00,67.1,67.1,67.1,67.1,0,28.023766,10200,3770.35,3780.0
2022-07-19 11:58:00,67.1,67.1,67.1,67.1,0,28.023766,10200,3770.35,3780.0
2022-07-19 11:59:00,67.1,67.1,67.1,67.1,0,28.023766,10200,3770.35,3780.0
2022-07-19 12:00:00,67.1,67.1,67.1,67.1,0,28.023766,10200,3770.35,3780.0
2022-07-19 12:01:00,67.1,67.1,67.1,67.1,0,28.023766,10200,3770.35,3780.0
2022-07-19 12:02:00,67.1,67.1,67.1,67.1,0,28.023766,10200,3770.35,3780.0
2022-07-19 12:03:00,67.1,67.1,67.1,67.1,0,28.023766,10200,3770.35,3780.0
2022-07-19 12:04:00,67.1,67.1,67.1,67.1,0,28.023766,10200,3770.35,3780.0
2022-07-19 12:05:00,67.1,67.1,67.1,67.1,0,28.023766,10200,3770.35,3780.0
2022-07-19 12:06:00,67.1,67.1,67.1,67.1,0,28.023766,10200,3770.35,3780.0
2022-07-19 12:07:00,67.1,67.1,67.1,67.1,0,28.023766,10200,3770.35,3780.0
2022-07-19 12:08:00,67.1,67.1,67.1,67.1,0,28.023766,10200,3770.35,3780.0
2022-07-19 12:09:00,67.1,67.1,67.1,67.1,0,28.023766,10200,3770.35,3780.0
2022-07-19 12:10:00,67.1,67.1,67.1,67.1,0,28.023766,10200,3770.35,3780.0
2022-07-19 12:11:00,67.1,67.1,67.1,67.1,0,28.023766,10200,3770.35,3780.0
2022-07-19 12:12:00,67.1,67.1,67.1,67.1,0,28.023766,10200,3770.35,3780.0
2022-07-19 12:13:00,67.1,67.1,67.1,67.1,0,28.023766,10200,3770.35,3780.0
2022-07-19 12:14:00,67.1,67.1,67.1,67.1,0,28.023766,10200,3770.35,3780.0
2022-07-19 12:15:00,67.1,67.1,67.1,67.1,0,28.023766,10200,3770.35,3780.0
2022-07-19 12:16:00,67.1,67.1,67.1,67.1,0,28.023766,10200,3770.35,3780.0
2022-07-19 12:17:00,67.1,67.1,67.1,67.1,0,28.023766,10200,3770.35,3780.0
2022-07-19 12:18:00,67.1,67.1,67.1,67.1,0,28.023766,10200,3770.35,3780.0
2022-07-19 12:19:00,67.1,67.1,67.1,67.1,0,28.023766,10200,3770.35,3780.0
2022-07-19 12:20:00,67.1,67.1,67.1,67.1,0,28.023766,10200,3770.35,3780.0
2022-07-19 12:21:00,67.1,67.1,67.1,67.1,0,28.023766,10200,3770.35,3780.0
2022-07-19 12:22:00,67.1,67.1,67.1,67.1,0,28.023766,10200,3770.35,3780.0
2022-07-19 12:23:00,67.1,67.1,67.1,67.1,0,28.023766,10200,3770.35,3780.0
2022-07-19 12:24:00,67.1,67.1,67.1,67.1,0,28.023766,10200,3770.35,3780.0
2022-07-19 12:25:00,67.1,67.1,67.1,67.1,0,28.023766,10200,3770.35,3780.0
2022-07-19 12:26:00,67.1,67.1,67.1,67.1,0,28.023766,10200,3770.35,3780.0
2022-07-19 12:27:00,67.1,67.1,67.1,67.1,0,28.023766,10200,3770.35,3780.0
2022-07-19 12:28:00,67.1,67.1,67.1,67.1,0,28.023766,10200,3770.35,3780.0
2022-07-19 12:29:00,67.1,67.1,67.1,67.1,0,28.023766,10200,3770.35,3780.0
2022-07-19 12:30:00,67.1,67.1,67.1,67.1,0,28.023766,10200,3770.35,3780.0
2022-07-19 12:31:00,67.1,67.1,67.1,67.1,0,28.023766,10200,3770.35,3780.0
2022-07-19 12:32:00,67.1,67.1,67.1,67.1,0,28.023766,10200,3770.35,3780.0
2022-07-19 12:33:00,67.1,67.1,67.1,67.1,0,28.023766,10200,3770.35,3780.0
2022-07-19 12:34:00,67.1,67.1,67.1,67.1,0,28.023766,10200,3770.35,3780.0
2022-07-19 12:35:00,67.1,67.1,67.1,67.1,0,28.023766,10200,3770.35,3780.0
2022-07-19 12:36:00,67.1,67.1,67.1,67.1,0,28.023766,10200,3770.35,3780.0
2022-07-19 12:37:00,67.1,67.1,67.1,67.1,0,28.023766,10200,3770.35,3780.0
2022-07-19 12:38:00,67.1,67.1,67.1,67.1,0,28.023766,10200,3770.35,3780.0
2022-07-19 12:39:00,67.1,67.1,67.1,67.1,0,28.023766,10200,3770.35,3780.0
2022-07-19 12:40:00,67.1,67.1,67.1,67.1,0,28.023766,10200,3770.35,3780.0
2022-07-19 12:41:00,67.1,67.1,67.1,67.1,0,28.023766,10200,3770.35,3780.0
2022-07-19 12:42:00,67.1,67.1,67.1,67.1,0,28.023766,10200,3770.35,3780.0
2022-07-19 12:43:00,67.1,67.1,67.1,67.1,0,28.023766,10200,3770.35,3780.0
2022-07-19 12:44:00,67.1,67.1,67.1,67.1,0,28.023766,10200,3770.35,3780.0
2022-07-19 12:45:00,67.1,67.1,67.1,67.1,0,28.023766,10200,3770.35,3780.0
2022-07-19 12:46:00,67.1,67.1,67.1,67.1,0,28.023766,10200,3770.35,3780.0
2022-07-19 12:47:00,67.1,67.1,67.1,67.1,0,28.023766,10200,3770.35,3780.0
2022-07-19 12:48:00,67.1,67.1,67.1,67.1,0,28.023766,10200,3770.35,3780.0
2022-07-19 12:49:00,67.1,67.1,67.1,67.1,0,28.023766,10200,3770.35,3780.0
2022-07-19 12:50:00,67.1,67.1,67.1,67.1,0,28.023766,10200,3770.35,3780.0
2022-07-19 12:51:00,67.1,67.1,67.1,67.1,0,28.023766,10200,3770.35,3780.0
2022-07-19 12:52:00,67.1,67.1,67.1,67.1,0,28.023766,10200,3770.35,3780.0
2022-07-19 12:53:00,67.1,67.1,67.1,67.1,0,28.023766,10200,3770.35,3780.0
2022-07-19 12:54:00,67.1,67.1,67.1,67.1,0,28.023766,10200,3770.35,3780.0
2022-07-19 12:55:00,67.1,67.1,67.1,67.1,0,28.023766,10200,3770.35,3780.0
2022-07-19 12:56:00,67.1,67.1,67.1,67.1,0,28.023766,10200,3770.35,3780.0
2022-07-19 12:57:00,67.1,67.1,67.1,67.1,0,28.023766,10200,3770.35,3780.0
2022-07-19 12:58:00,67.1,67.1,67.1,67.1,0,28.023766,10200,3770.35,3780.0
2022-07-19 12:59:00,67.1,67.1,67.1,67.1,0,28.023766,10200,3770.35,3780.0
2022-07-19 13:00:00,67.1,67.1,67.1,67.1,0,28.023766,10200,3770.35,3780.0
2022-07-19 13:01:00,67.1,67.1,67.1,67.1,0,28.023766,10200,3770.35,3780.0
2022-07-19 13:02:00,67.1,67.1,67.1,67.1,0,28.023766,10200,3770.35,3780.0
2022-07-19 13:03:00,67.1,67.1,67.1,67.1,0,28.023766,10200,3770.35,3780.0
2022-07-19 13:04:00,67.1,67.1,67.1,67.1,0,28.023766,10200,3770.35,3780.0
2022-07-19 13:05:00,67.1,67.1,67.1,67.1,0,28.023766,10200,3770.35,3780.0
2022-07-19 13:06:00,67.1,67.1,67.1,67.1,0,28.023766,10200,3770.35,3780.0
2022-07-19 13:07:00,67.1,67.1,67.1,67.1,0,28.023766,10200,3770.35,3780.0
2022-07-19 13:08:00,67.1,67.1,67.1,67.1,0,28.023766,10200,3770.35,3780.0
2022-07-19 13:09:00,67.1,67.1,67.1,67.1,0,28.023766,10200,3770.35,3780.0
2022-07-19 13:10:00,67.1,67.1,67.1,67.1,0,28.023766,10200,3770.35,3780.0
2022-07-19 13:11:00,67.1,67.1,67.1,67.1,0,28.023766,10200,3770.35,3780.0
2022-07-19 13:12:00,67.1,67.1,67.1,67.1,0,28.023766,10200,3770.35,3780.0
2022-07-19 13:13:00,67.1,67.1,67.1,67.1,0,28.023766,10200,3770.35,3780.0
2022-07-19 13:14:00,67.1,67.1,67.1,67.1,0,28.023766,10200,3770.35,3780.0
2022-07-19 13:15:00,67.1,67.1,67.1,67.1,0,28.023766,10200,3770.35,3780.0
2022-07-19 13:16:00,67.1,67.1,67.1,67.1,0,28.023766,10200,3770.35,3780.0
2022-07-19 13:17:00,67.1,67.1,67.1,67.1,0,28.023766,10200,3770.35,3780.0
2022-07-19 13:18:00,67.1,67.1,67.1,67.1,0,28.023766,10200,3770.35,3780.0
2022-07-19 13:19:00,67.1,67.1,67.1,67.1,0,28.023766,10200,3770.35,3780.0
2022-07-19 13:20:00,67.1,67.1,67.1,67.1,0,28.023766,10200,3770.35,3780.0
2022-07-19 13:21:00,67.1,67.1,67.1,67.1,0,28.023766,10200,3770.35,3780.0
2022-07-19 13:22:00,67.1,67.1,67.1,67.1,0,28.023766,10200,3770.35,3780.0
2022-07-19 13:23:00,67.1,67.1,67.1,67.1,0,28.023766,10200,3770.35,3780.0
2022-07-19 13:24:00,67.1,67.1,67.1,67.1,0,28.023766,10200,3770.35,3780.0
2022-07-19 13:25:00,67.1,67.1,67.1,67.1,0,28.023766,10200,3770.35,3780.0
2022-07-19 13:26:00,67.1,67.1,67.1,67.1,0,28.023766,10200,3770.35,3780.0
2022-07-19 13:27:00,67.1,67.1,67.1,67.1,0,28.023766,10200,3770.35,3780.0
2022-07-19 13:28:00,67.1,67.1,67.1,67.1,0,28.023766,10200,3770.35,3780.0
2022-07-19 13:29:00,67.1,67.1,67.1,67.1,0,28.023766,10200,3770.35,3780.0
2022-07-19 13:30:00,67.1,67.1,67.1,67.1,0,28.023766,10200,3770.35,3780.0
2022-07-19 13:31:00,67.1,67.1,67.1,67.1,0,28.023766,10200,3770.35,3780.0
2022-07-19 13:32:00,67.1,67.1,67.1,67.1,0,28.023766,10200,3770.35,3780.0
2022-07-19 13:33:00,67.1,67.1,67.1,67.1,0,28.023766,10200,3770.35,3780.0
2022-07-19 13:34:00,67.1,67.1,67.1,67.1,0,28.023766,10200,3770.35,3780.0
2022-07-19 13:35:00,67.1,67.1,67.1,67.1,0,28.023766,10200,3770.35,3780.0
2022-07-19 13:36:00,67.1,67.1,67.1,67.1,0,28.023766,10200,3770.35,3780.0
2022-07-19 13:37:00,67.1,67.1,67.1,67.1,0,28.023766,10200,3770.35,3780.0
2022-07-19 13:38:00,67.1,67.1,67.1,67.1,0,28.023766,10200,3770.35,3780.0
2022-07-19 13:39:00,67.1,67.1,67.1,67.1,0,28.023766,10200,3770.35,3780.0
2022-07-19 13:40:00,67.1,67.1,67.1,67.1,0,28.023766,10200,3770.35,3780.0
2022-07-19 13:41:00,67.1,67.1,67.1,67.1,0,28.023766,10200,3770.35,3780.0
2022-07-19 13:42:00,67.1,67.1,67.1,67.1,0,28.023766,10200,3770.35,3780.0
2022-07-19 13:43:00,67.1,67.1,67.1,67.1,0,28.023766,10200,3770.35,3780.0
2022-07-19 13:44:00,67.1,67.1,67.1,67.1,0,28.023766,10200,3770.35,3780.0
2022-07-19 13:45:00,67.1,67.1,67.1,67.1,0,28.023766,10200,3770.35,3780.0
2022-07-19 13:46:00,67.1,67.1,67.1,67.1,0,28.023766,10200,3770.35,3780.0
2022-07-19 13:47:00,67.1,67.1,67.1,67.1,0,28.023766,10200,3770.35,3780.0
2022-07-19 13:48:00,67.1,67.1,67.1,67.1,0,28.023766,10200,3770.35,3780.0
2022-07-19 13:49:00,67.1,67.1,67.1,67.1,0,28.023766,10200,3770.35,3780.0
2022-07-19 13:50:00,67.1,67.1,67.1,67.1,0,28.023766,10200,3770.35,3780.0
2022-07-19 13:51:00,67.1,67.1,67.1,67.1,0,28.023766,10200,3770.35,3780.0
2022-07-19 13:52:00,67.1,67.1,67.1,67.1,0,28.023766,10200,3770.35,3780.0
2022-07-19 13:53:00,67.1,67.1,67.1,67.1,0,28.023766,10200,3770.35,3780.0
2022-07-19 13:54:00,67.1,67.1,67.1,67.1,0,28.023766,10200,3770.35,3780.0
2022-07-19 13:55:00,67.1,67.1,67.1,67.1,0,28.023766,10200,3770.35,3780.0
2022-07-19 13:56:00,67.1,67.1,67.1,67.1,0,28.023766,10200,3770.35,3780.0
2022-07-19 13:57:00,67.1,67.1,67.1,67.1,0,28.023766,10200,3770.35,3780.0
2022-07-19 13:58:00,67.1,67.1,67.1,67.1,0,28.023766,10200,3770.35,3780.0
2022-07-19 13:59:00,67.1,67.1,67.1,67.1,0,28.023766,10200,3770.35,3780.0
2022-07-19 14:00:00,67.1,67.1,67.1,67.1,0,28.023766,10200,3770.35,3780.0
2022-07-19 14:01:00,67.1,67.1,67.1,67.1,0,28.023766,10200,3770.35,3780.0
2022-07-19 14:02:00,67.1,67.1,67.1,67.1,0,28.023766,10200,3770.35,3780.0
2022-07-19 14:03:00,67.1,67.1,67.1,67.1,0,28.023766,10200,3770.35,3780.0
2022-07-19 14:04:00,67.1,67.1,67.1,67.1,0,28.023766,10200,3770.35,3780.0
2022-07-19 14:05:00,67.1,67.1,67.1,67.1,0,28.023766,10200,3770.35,3780.0
2022-07-19 14:06:00,67.1,67.1,67.1,67.1,0,28.023766,10200,3770.35,3780.0
2022-07-19 14:07:00,67.1,67.1,67.1,67.1,0,28.023766,10200,3770.35,3780.0
2022-07-19 14:08:00,67.1,67.1,67.1,67.1,0,28.023766,10200,3770.35,3780.0
2022-07-19 14:09:00,67.1,67.1,67.1,67.1,0,28.023766,10200,3770.35,3780.0
2022-07-19 14:10:00,67.1,67.1,67.1,67.1,0,28.023766,10200,3770.35,3780.0
2022-07-19 14:11:00,67.1,67.1,67.1,67.1,0,28.023766,10200,3770.35,3780.0
2022-07-19 14:12:00,67.1,67.1,67.1,67.1,0,28.023766,10200,3770.35,3780.0
2022-07-19 14:13:00,67.1,67.1,67.1,67.1,0,28.023766,10200,3770.35,3780.0
2022-07-19 14:14:00,67.1,67.1,67.1,67.1,0,28.023766,10200,3770.35,3780.0
2022-07-19 14:15:00,67.1,67.1,67.1,67.1,0,28.023766,10200,3770.35,3780.0
2022-07-19 14:16:00,67.1,67.1,67.1,67.1,0,28.023766,10200,3770.35,3780.0
2022-07-19 14:17:00,67.1,67.1,67.1,67.1,0,28.023766,10200,3770.35,3780.0
2022-07-19 14:18:00,67.1,67.1,67.1,67.1,0,28.023766,10200,3770.35,3780.0
2022-07-19 14:19:00,67.1,67.1,67.1,67.1,0,28.023766,10200,3770.35,3780.0
2022-07-19 14:20:00,67.1,67.1,67.1,67.1,0,28.023766,10200,3770.35,3780.0
2022-07-19 14:21:00,67.1,67.1,67.1,67.1,0,28.023766,10200,3770.35,3780.0
2022-07-19 14:22:00,67.1,67.1,67.1,67.1,0,28.023766,10200,3770.35,3780.0
2022-07-19 14:23:00,67.1,67.1,67.1,67.1,0,28.023766,10200,3770.35,3780.0
2022-07-19 14:24:00,67.1,67.1,67.1,67.1,0,28.023766,10200,3770.35,3780.0
2022-07-19 14:25:00,67.1,67.1,67.1,67.1,0,28.023766,10200,3770.35,3780.0
2022-07-19 14:26:00,67.1,67.1,67.1,67.1,0,28.023766,10200,3770.35,3780.0
2022-07-19 14:27:00,67.1,67.1,67.1,67.1,0,28.023766,10200,3770.35,3780.0
2022-07-19 14:28:00,67.1,67.1,67.1,67.1,0,28.023766,10200,3770.35,3780.0
2022-07-19 14:29:00,67.1,67.1,67.1,67.1,0,28.023766,10200,3770.35,3780.0
2022-07-19 14:30:00,67.1,67.1,67.1,67.1,0,28.023766,10200,3770.35,3780.0
2022-07-19 14:31:00,67.1,67.1,67.1,67.1,0,28.023766,10200,3770.35,3780.0
2022-07-19 14:32:00,67.1,67.1,67.1,67.1,0,28.023766,10200,3770.35,3780.0
2022-07-19 14:33:00,67.1,67.1,67.1,67.1,0,28.023766,10200,3770.35,3780.0
2022-07-19 14:34:00,67.1,67.1,67.1,67.1,0,28.023766,10200,3770.35,3780.0
2022-07-19 14:35:00,67.1,67.1,67.1,67.1,0,28.023766,10200,3770.35,3780.0
2022-07-19 14:36:00,67.1,67.1,67.1,67.1,0,28.023766,10200,3770.35,3780.0
2022-07-19 14:37:00,67.1,67.1,67.1,67.1,0,28.023766,10200,3770.35,3780.0
2022-07-19 14:38:00,67.1,67.1,67.1,67.1,0,28.023766,10200,3770.35,3780.0
2022-07-19 14:39:00,67.1,67.1,67.1,67.1,0,28.023766,10200,3770.35,3780.0
2022-07-19 14:40:00,67.1,67.1,67.1,67.1,0,28.023766,10200,3770.35,3780.0
2022-07-19 14:41:00,67.1,67.1,67.1,67.1,0,28.023766,10200,3770.35,3780.0
2022-07-19 14:42:00,67.1,67.1,67.1,67.1,0,28.023766,10200,3770.35,3780.0
2022-07-19 14:43:00,67.1,67.1,67.1,67.1,0,28.023766,10200,3770.35,3780.0
2022-07-19 14:44:00,67.1,67.1,67.1,67.1,0,28.023766,10200,3770.35,3780.0
2022-07-19 14:45:00,67.1,67.1,67.1,67.1,0,28.023766,10200,3770.35,3780.0
2022-07-19 14:46:00,67.1,67.1,67.1,67.1,0,28.023766,10200,3770.35,3780.0
2022-07-19 14:47:00,67.1,67.1,67.1,67.1,0,28.023766,10200,3770.35,3780.0
2022-07-19 14:48:00,67.1,67.1,67.1,67.1,0,28.023766,10200,3770.35,3780.0
2022-07-19 14:49:00,67.1,67.1,67.1,67.1,0,28.023766,10200,3770.35,3780.0
2022-07-19 14:50:00,67.1,67.1,67.1,67.1,0,28.023766,10200,3770.35,3780.0
2022-07-19 14:51:00,67.1,67.1,67.1,67.1,0,28.023766,10200,3770.35,3780.0
2022-07-19 14:52:00,67.1,67.1,67.1,67.1,0,28.023766,10200,3770.35,3780.0
2022-07-19 14:53:00,67.1,67.1,67.1,67.1,0,28.023766,10200,3770.35,3780.0
2022-07-19 14:54:00,67.1,67.1,67.1,67.1,0,28.023766,10200,3770.35,3780.0
2022-07-19 14:55:00,67.1,67.1,67.1,67.1,0,28.023766,10200,3770.35,3780.0
2022-07-19 14:56:00,67.1,67.1,67.1,67.1,0,28.023766,10200,3770.35,3780.0
2022-07-19 14:57:00,67.1,67.1,67.1,67.1,0,28.023766,10200,3770.35,3780.0
2022-07-19 14:58:00,67.1,67.1,67.1,67.1,0,28.023766,10200,3770.35,3780.0
2022-07-19 14:59:00,67.1,67.1,67.1,67.1,0,28.023766,10200,3770.35,3780.0
2022-07-19 15:00:00,67.1,67.1,67.1,67.1,0,28.023766,10200,3770.35,3780.0
2022-07-19 15:01:00,67.1,67.1,67.1,67.1,0,28.023766,10200,3770.35,3780.0
2022-07-19 15:02:00,67.1,67.1,67.1,67.1,0,28.023766,10200,3770.35,3780.0
2022-07-19 15:03:00,67.1,67.1,67.1,67.1,0,28.023766,10200,3770.35,3780.0
2022-07-19 15:04:00,67.1,67.1,67.1,67.1,0,28.023766,10200,3770.35,3780.0
2022-07-19 15:05:00,67.1,67.1,67.1,67.1,0,28.023766,10200,3770.35,3780.0
2022-07-19 15:06:00,67.1,67.1,67.1,67.1,0,28.023766,10200,3770.35,3780.0
2022-07-19 15:07:00,67.1,67.1,67.1,67.1,0,28.023766,10200,3770.35,3780.0
2022-07-19 15:08:00,67.1,67.1,67.1,67.1,0,28.023766,10200,3770.35,3780.0
2022-07-19 15:09:00,67.1,67.1,67.1,67.1,0,28.023766,10200,3770.35,3780.0
2022-07-19 15:10:00,67.1,67.1,67.1,67.1,0,28.023766,10200,3770.35,3780.0
2022-07-19 15:11:00,67.1,67.1,67.1,67.1,0,28.023766,10200,3770.35,3780.0
2022-07-19 15:12:00,67.1,67.1,67.1,67.1,0,28.023766,10200,3770.35,3780.0
2022-07-19 15:13:00,67.1,67.1,67.1,67.1,0,28.023766,10200,3770.35,3780.0
2022-07-19 15:14:00,67.1,67.1,67.1,67.1,0,28.023766,10200,3770.35,3780.0
2022-07-19 15:15:00,67.1,67.1,67.1,67.1,0,28.023766,10200,3770.35,3780.0
2022-07-19 15:16:00,67.1,67.1,67.1,67.1,0,28.023766,10200,3770.35,3780.0
2022-07-19 15:17:00,67.1,67.1,67.1,67.1,0,28.023766,10200,3770.35,3780.0
2022-07-19 15:18:00,67.1,67.1,67.1,67.1,0,28.023766,10200,3770.35,3780.0
2022-07-19 15:19:00,67.1,67.1,67.1,67.1,0,28.023766,10200,3770.35,3780.0
2022-07-19 15:20:00,67.1,67.1,67.1,67.1,0,28.023766,10200,3770.35,3780.0
2022-07-19 15:21:00,67.1,67.1,67.1,67.1,0,28.023766,10200,3770.35,3780.0
2022-07-19 15:22:00,67.1,67.1,67.1,67.1,0,28.023766,10200,3770.35,3780.0
2022-07-19 15:23:00,67.1,67.1,67.1,67.1,0,28.023766,10200,3770.35,3780.0
2022-07-19 15:24:00,67.1,67.1,67.1,67.1,0,28.023766,10200,3770.35,3780.0
2022-07-19 15:25:00,67.1,67.1,67.1,67.1,0,28.023766,10200,3770.35,3780.0
2022-07-19 15:26:00,67.1,67.1,67.1,67.1,0,28.023766,10200,3770.35,3780.0
2022-07-19 15:27:00,67.1,67.1,67.1,67.1,0,28.023766,10200,3770.35,3780.0
2022-07-19 15:28:00,67.1,67.1,67.1,67.1,0,28.023766,10200,3770.35,3780.0
2022-07-19 15:29:00,67.1,67.1,67.1,67.1,0,28.023766,10200,3770.35,3780.0
2022-07-20 09:15:00,45.15,51.0,45.15,51.0,1000,20.212902,26000,3820.5,3820.0
2022-07-20 09:16:00,60.65,60.85,58.0,58.0,3600,22.84377,124600,3802.9,3800.0
2022-07-20 09:17:00,50.0,50.0,49.85,49.85,200,22.031331,26000,3810.3,3820.0
2022-07-20 09:18:00,49.85,53.6,49.85,53.6,200,21.681976,26000,3819.1,3820.0
2022-07-20 09:19:00,53.6,53.6,53.6,53.6,0,21.681976,26000,3819.1,3820.0
2022-07-20 09:20:00,53.6,53.6,53.6,53.6,0,21.681976,26000,3819.1,3820.0
2022-07-20 09:21:00,53.6,53.6,53.6,53.6,0,21.681976,26000,3819.1,3820.0
2022-07-20 09:22:00,53.6,53.6,53.6,53.6,0,21.681976,26000,3819.1,3820.0
2022-07-20 09:23:00,53.6,53.6,53.6,53.6,0,21.681976,26000,3819.1,3820.0
2022-07-20 09:24:00,53.6,53.6,53.6,53.6,0,21.681976,26000,3819.1,3820.0
2022-07-20 09:25:00,53.6,53.6,53.6,53.6,0,21.681976,26000,3819.1,3820.0
2022-07-20 09:26:00,53.6,53.6,53.6,53.6,0,21.681976,26000,3819.1,3820.0
2022-07-20 09:27:00,53.6,53.6,53.6,53.6,0,21.681976,26000,3819.1,3820.0
2022-07-20 09:28:00,53.6,53.6,53.6,53.6,0,21.681976,26000,3819.1,3820.0
2022-07-20 09:29:00,53.6,53.6,53.6,53.6,0,21.681976,26000,3819.1,3820.0
2022-07-20 09:30:00,53.6,53.6,53.6,53.6,0,21.681976,26000,3819.1,3820.0
2022-07-20 09:31:00,53.6,53.6,53.6,53.6,0,21.681976,26000,3819.1,3820.0
2022-07-20 09:32:00,53.6,53.6,53.6,53.6,0,21.681976,26000,3819.1,3820.0
2022-07-20 09:33:00,53.6,53.6,53.6,53.6,0,21.681976,26000,3819.1,3820.0
2022-07-20 09:34:00,53.6,53.6,53.6,53.6,0,21.681976,26000,3819.1,3820.0
2022-07-20 09:35:00,53.6,53.6,53.6,53.6,0,21.681976,26000,3819.1,3820.0
2022-07-20 09:36:00,50.0,51.5,50.0,51.1,600,21.161103,25600,3816.7,3820.0
2022-07-20 09:37:00,51.1,51.1,51.1,51.1,0,21.161103,25600,3816.7,3820.0
2022-07-20 09:38:00,51.1,51.1,51.1,51.1,0,21.161103,25600,3816.7,3820.0
2022-07-20 09:39:00,51.1,51.1,51.1,51.1,0,21.161103,25600,3816.7,3820.0
2022-07-20 09:40:00,51.1,51.1,51.1,51.1,0,21.161103,25600,3816.7,3820.0
2022-07-20 09:41:00,51.1,51.1,51.1,51.1,0,21.161103,25600,3816.7,3820.0
2022-07-20 09:42:00,51.1,51.1,51.1,51.1,0,21.161103,25600,3816.7,3820.0
2022-07-20 09:43:00,51.1,51.1,51.1,51.1,0,21.161103,25600,3816.7,3820.0
2022-07-20 09:44:00,51.1,51.1,51.1,51.1,0,21.161103,25600,3816.7,3820.0
2022-07-20 09:45:00,51.1,51.1,51.1,51.1,0,21.161103,25600,3816.7,3820.0
2022-07-20 09:46:00,51.1,51.1,51.1,51.1,0,21.161103,25600,3816.7,3820.0
2022-07-20 09:47:00,51.1,51.1,51.1,51.1,0,21.161103,25600,3816.7,3820.0
2022-07-20 09:48:00,51.1,51.1,51.1,51.1,0,21.161103,25600,3816.7,3820.0
2022-07-20 09:49:00,51.1,51.1,51.1,51.1,0,21.161103,25600,3816.7,3820.0
2022-07-20 09:50:00,51.1,51.1,51.1,51.1,0,21.161103,25600,3816.7,3820.0
2022-07-20 09:51:00,51.1,51.1,51.1,51.1,0,21.161103,25600,3816.7,3820.0
2022-07-20 09:52:00,51.1,51.1,51.1,51.1,0,21.161103,25600,3816.7,3820.0
2022-07-20 09:53:00,51.1,51.1,51.1,51.1,0,21.161103,25600,3816.7,3820.0
2022-07-20 09:54:00,51.1,51.1,51.1,51.1,0,21.161103,25600,3816.7,3820.0
2022-07-20 09:55:00,51.1,51.1,51.1,51.1,0,21.161103,25600,3816.7,3820.0
2022-07-20 09:56:00,51.1,51.1,51.1,51.1,0,21.161103,25600,3816.7,3820.0
2022-07-20 09:57:00,51.1,51.1,51.1,51.1,0,21.161103,25600,3816.7,3820.0
2022-07-20 09:58:00,51.1,51.1,51.1,51.1,0,21.161103,25600,3816.7,3820.0
2022-07-20 09:59:00,51.1,51.1,51.1,51.1,0,21.161103,25600,3816.7,3820.0
2022-07-20 10:00:00,51.1,51.1,51.1,51.1,0,21.161103,25600,3816.7,3820.0
2022-07-20 10:01:00,51.1,51.1,51.1,51.1,0,21.161103,25600,3816.7,3820.0
2022-07-20 10:02:00,51.1,51.1,51.1,51.1,0,21.161103,25600,3816.7,3820.0
2022-07-20 10:03:00,51.1,51.1,51.1,51.1,0,21.161103,25600,3816.7,3820.0
2022-07-20 10:04:00,51.1,51.1,51.1,51.1,0,21.161103,25600,3816.7,3820.0
2022-07-20 10:05:00,51.1,51.1,51.1,51.1,0,21.161103,25600,3816.7,3820.0
2022-07-20 10:06:00,51.1,51.1,51.1,51.1,0,21.161103,25600,3816.7,3820.0
2022-07-20 10:07:00,51.1,51.1,51.1,51.1,0,21.161103,25600,3816.7,3820.0
2022-07-20 10:08:00,51.1,51.1,51.1,51.1,0,21.161103,25600,3816.7,3820.0
2022-07-20 10:09:00,51.1,51.1,51.1,51.1,0,21.161103,25600,3816.7,3820.0
2022-07-20 10:10:00,51.1,51.1,51.1,51.1,0,21.161103,25600,3816.7,3820.0
2022-07-20 10:11:00,51.1,51.1,51.1,51.1,0,21.161103,25600,3816.7,3820.0
2022-07-20 10:12:00,51.1,51.1,51.1,51.1,0,21.161103,25600,3816.7,3820.0
2022-07-20 10:13:00,51.1,51.1,51.1,51.1,0,21.161103,25600,3816.7,3820.0
2022-07-20 10:14:00,51.1,51.1,51.1,51.1,0,21.161103,25600,3816.7,3820.0
2022-07-20 10:15:00,51.1,51.1,51.1,51.1,0,21.161103,25600,3816.7,3820.0
2022-07-20 10:16:00,51.1,51.1,51.1,51.1,0,21.161103,25600,3816.7,3820.0
2022-07-20 10:17:00,51.1,51.1,51.1,51.1,0,21.161103,25600,3816.7,3820.0
2022-07-20 10:18:00,51.1,51.1,51.1,51.1,0,21.161103,25600,3816.7,3820.0
2022-07-20 10:19:00,51.1,51.1,51.1,51.1,0,21.161103,25600,3816.7,3820.0
2022-07-20 10:20:00,51.1,51.1,51.1,51.1,0,21.161103,25600,3816.7,3820.0
2022-07-20 10:21:00,51.1,51.1,51.1,51.1,0,21.161103,25600,3816.7,3820.0
2022-07-20 10:22:00,51.1,51.1,51.1,51.1,0,21.161103,25600,3816.7,3820.0
2022-07-20 10:23:00,51.1,51.1,51.1,51.1,0,21.161103,25600,3816.7,3820.0
2022-07-20 10:24:00,51.1,51.1,51.1,51.1,0,21.161103,25600,3816.7,3820.0
2022-07-20 10:25:00,51.1,51.1,51.1,51.1,0,21.161103,25600,3816.7,3820.0
2022-07-20 10:26:00,51.1,51.1,51.1,51.1,0,21.161103,25600,3816.7,3820.0
2022-07-20 10:27:00,51.1,51.1,51.1,51.1,0,21.161103,25600,3816.7,3820.0
2022-07-20 10:28:00,51.1,51.1,51.1,51.1,0,21.161103,25600,3816.7,3820.0
2022-07-20 10:29:00,51.1,51.1,51.1,51.1,0,21.161103,25600,3816.7,3820.0
2022-07-20 10:30:00,51.1,51.1,51.1,51.1,0,21.161103,25600,3816.7,3820.0
2022-07-20 10:31:00,51.1,51.1,51.1,51.1,0,21.161103,25600,3816.7,3820.0
2022-07-20 10:32:00,51.1,51.1,51.1,51.1,0,21.161103,25600,3816.7,3820.0
2022-07-20 10:33:00,51.1,51.1,51.1,51.1,0,21.161103,25600,3816.7,3820.0
2022-07-20 10:34:00,51.1,51.1,51.1,51.1,0,21.161103,25600,3816.7,3820.0
2022-07-20 10:35:00,51.1,51.1,51.1,51.1,0,21.161103,25600,3816.7,3820.0
2022-07-20 10:36:00,51.1,51.1,51.1,51.1,0,21.161103,25600,3816.7,3820.0
2022-07-20 10:37:00,51.1,51.1,51.1,51.1,0,21.161103,25600,3816.7,3820.0
2022-07-20 10:38:00,51.1,51.1,51.1,51.1,0,21.161103,25600,3816.7,3820.0
2022-07-20 10:39:00,51.1,51.1,51.1,51.1,0,21.161103,25600,3816.7,3820.0
2022-07-20 10:40:00,51.1,51.1,51.1,51.1,0,21.161103,25600,3816.7,3820.0
2022-07-20 10:41:00,51.1,51.1,51.1,51.1,0,21.161103,25600,3816.7,3820.0
2022-07-20 10:42:00,51.1,51.1,51.1,51.1,0,21.161103,25600,3816.7,3820.0
2022-07-20 10:43:00,51.1,51.1,51.1,51.1,0,21.161103,25600,3816.7,3820.0
2022-07-20 10:44:00,51.1,51.1,51.1,51.1,0,21.161103,25600,3816.7,3820.0
2022-07-20 10:45:00,51.1,51.1,51.1,51.1,0,21.161103,25600,3816.7,3820.0
2022-07-20 10:46:00,51.1,51.1,51.1,51.1,0,21.161103,25600,3816.7,3820.0
2022-07-20 10:47:00,51.1,51.1,51.1,51.1,0,21.161103,25600,3816.7,3820.0
2022-07-20 10:48:00,51.1,51.1,51.1,51.1,0,21.161103,25600,3816.7,3820.0
2022-07-20 10:49:00,51.1,51.1,51.1,51.1,0,21.161103,25600,3816.7,3820.0
2022-07-20 10:50:00,51.1,51.1,51.1,51.1,0,21.161103,25600,3816.7,3820.0
2022-07-20 10:51:00,51.1,51.1,51.1,51.1,0,21.161103,25600,3816.7,3820.0
2022-07-20 10:52:00,51.1,51.1,51.1,51.1,0,21.161103,25600,3816.7,3820.0
2022-07-20 10:53:00,51.1,51.1,51.1,51.1,0,21.161103,25600,3816.7,3820.0
2022-07-20 10:54:00,51.1,51.1,51.1,51.1,0,21.161103,25600,3816.7,3820.0
2022-07-20 10:55:00,51.1,51.1,51.1,51.1,0,21.161103,25600,3816.7,3820.0
2022-07-20 10:56:00,51.1,51.1,51.1,51.1,0,21.161103,25600,3816.7,3820.0
2022-07-20 10:57:00,51.1,51.1,51.1,51.1,0,21.161103,25600,3816.7,3820.0
2022-07-20 10:58:00,51.1,51.1,51.1,51.1,0,21.161103,25600,3816.7,3820.0
2022-07-20 10:59:00,51.1,51.1,51.1,51.1,0,21.161103,25600,3816.7,3820.0
2022-07-20 11:00:00,51.1,51.1,51.1,51.1,0,21.161103,25600,3816.7,3820.0
2022-07-20 11:01:00,51.1,51.1,51.1,51.1,0,21.161103,25600,3816.7,3820.0
2022-07-20 11:02:00,51.1,51.1,51.1,51.1,0,21.161103,25600,3816.7,3820.0
2022-07-20 11:03:00,51.1,51.1,51.1,51.1,0,21.161103,25600,3816.7,3820.0
2022-07-20 11:04:00,51.1,51.1,51.1,51.1,0,21.161103,25600,3816.7,3820.0
2022-07-20 11:05:00,51.1,51.1,51.1,51.1,0,21.161103,25600,3816.7,3820.0
2022-07-20 11:06:00,51.1,51.1,51.1,51.1,0,21.161103,25600,3816.7,3820.0
2022-07-20 11:07:00,51.1,51.1,51.1,51.1,0,21.161103,25600,3816.7,3820.0
2022-07-20 11:08:00,51.1,51.1,51.1,51.1,0,21.161103,25600,3816.7,3820.0
2022-07-20 11:09:00,51.1,51.1,51.1,51.1,0,21.161103,25600,3816.7,3820.0
2022-07-20 11:10:00,51.1,51.1,51.1,51.1,0,21.161103,25600,3816.7,3820.0
2022-07-20 11:11:00,51.1,51.1,51.1,51.1,0,21.161103,25600,3816.7,3820.0
2022-07-20 11:12:00,51.1,51.1,51.1,51.1,0,21.161103,25600,3816.7,3820.0
2022-07-20 11:13:00,51.1,51.1,51.1,51.1,0,21.161103,25600,3816.7,3820.0
2022-07-20 11:14:00,51.1,51.1,51.1,51.1,0,21.161103,25600,3816.7,3820.0
2022-07-20 11:15:00,51.1,51.1,51.1,51.1,0,21.161103,25600,3816.7,3820.0
2022-07-20 11:16:00,51.1,51.1,51.1,51.1,0,21.161103,25600,3816.7,3820.0
2022-07-20 11:17:00,51.1,51.1,51.1,51.1,0,21.161103,25600,3816.7,3820.0
2022-07-20 11:18:00,51.1,51.1,51.1,51.1,0,21.161103,25600,3816.7,3820.0
2022-07-20 11:19:00,51.1,51.1,51.1,51.1,0,21.161103,25600,3816.7,3820.0
2022-07-20 11:20:00,51.1,51.1,51.1,51.1,0,21.161103,25600,3816.7,3820.0
2022-07-20 11:21:00,51.1,51.1,51.1,51.1,0,21.161103,25600,3816.7,3820.0
2022-07-20 11:22:00,51.1,51.1,51.1,51.1,0,21.161103,25600,3816.7,3820.0
2022-07-20 11:23:00,51.1,51.1,51.1,51.1,0,21.161103,25600,3816.7,3820.0
2022-07-20 11:24:00,51.1,51.1,51.1,51.1,0,21.161103,25600,3816.7,3820.0
2022-07-20 11:25:00,51.1,51.1,51.1,51.1,0,21.161103,25600,3816.7,3820.0
2022-07-20 11:26:00,51.1,51.1,51.1,51.1,0,21.161103,25600,3816.7,3820.0
2022-07-20 11:27:00,51.1,51.1,51.1,51.1,0,21.161103,25600,3816.7,3820.0
2022-07-20 11:28:00,51.1,51.1,51.1,51.1,0,21.161103,25600,3816.7,3820.0
2022-07-20 11:29:00,51.1,51.1,51.1,51.1,0,21.161103,25600,3816.7,3820.0
2022-07-20 11:30:00,51.1,51.1,51.1,51.1,0,21.161103,25600,3816.7,3820.0
2022-07-20 11:31:00,51.1,51.1,51.1,51.1,0,21.161103,25600,3816.7,3820.0
2022-07-20 11:32:00,51.1,51.1,51.1,51.1,0,21.161103,25600,3816.7,3820.0
2022-07-20 11:33:00,51.1,51.1,51.1,51.1,0,21.161103,25600,3816.7,3820.0
2022-07-20 11:34:00,51.1,51.1,51.1,51.1,0,21.161103,25600,3816.7,3820.0
2022-07-20 11:35:00,51.1,51.1,51.1,51.1,0,21.161103,25600,3816.7,3820.0
2022-07-20 11:36:00,51.1,51.1,51.1,51.1,0,21.161103,25600,3816.7,3820.0
2022-07-20 11:37:00,51.1,51.1,51.1,51.1,0,21.161103,25600,3816.7,3820.0
2022-07-20 11:38:00,51.1,51.1,51.1,51.1,0,21.161103,25600,3816.7,3820.0
2022-07-20 11:39:00,51.1,51.1,51.1,51.1,0,21.161103,25600,3816.7,3820.0
2022-07-20 11:40:00,51.1,51.1,51.1,51.1,0,21.161103,25600,3816.7,3820.0
2022-07-20 11:41:00,51.1,51.1,51.1,51.1,0,21.161103,25600,3816.7,3820.0
2022-07-20 11:42:00,51.1,51.1,51.1,51.1,0,21.161103,25600,3816.7,3820.0
2022-07-20 11:43:00,51.1,51.1,51.1,51.1,0,21.161103,25600,3816.7,3820.0
2022-07-20 11:44:00,51.1,51.1,51.1,51.1,0,21.161103,25600,3816.7,3820.0
2022-07-20 11:45:00,51.1,51.1,51.1,51.1,0,21.161103,25600,3816.7,3820.0
2022-07-20 11:46:00,51.1,51.1,51.1,51.1,0,21.161103,25600,3816.7,3820.0
2022-07-20 11:47:00,51.1,51.1,51.1,51.1,0,21.161103,25600,3816.7,3820.0
2022-07-20 11:48:00,51.1,51.1,51.1,51.1,0,21.161103,25600,3816.7,3820.0
2022-07-20 11:49:00,51.1,51.1,51.1,51.1,0,21.161103,25600,3816.7,3820.0
2022-07-20 11:50:00,51.1,51.1,51.1,51.1,0,21.161103,25600,3816.7,3820.0
2022-07-20 11:51:00,51.1,51.1,51.1,51.1,0,21.161103,25600,3816.7,3820.0
2022-07-20 11:52:00,51.1,51.1,51.1,51.1,0,21.161103,25600,3816.7,3820.0
2022-07-20 11:53:00,51.1,51.1,51.1,51.1,0,21.161103,25600,3816.7,3820.0
2022-07-20 11:54:00,51.1,51.1,51.1,51.1,0,21.161103,25600,3816.7,3820.0
2022-07-20 11:55:00,51.1,51.1,51.1,51.1,0,21.161103,25600,3816.7,3820.0
2022-07-20 11:56:00,51.1,51.1,51.1,51.1,0,21.161103,25600,3816.7,3820.0
2022-07-20 11:57:00,51.1,51.1,51.1,51.1,0,21.161103,25600,3816.7,3820.0
2022-07-20 11:58:00,51.1,51.1,51.1,51.1,0,21.161103,25600,3816.7,3820.0
2022-07-20 11:59:00,51.1,51.1,51.1,51.1,0,21.161103,25600,3816.7,3820.0
2022-07-20 12:00:00,51.1,51.1,51.1,51.1,0,21.161103,25600,3816.7,3820.0
2022-07-20 12:01:00,51.1,51.1,51.1,51.1,0,21.161103,25600,3816.7,3820.0
2022-07-20 12:02:00,51.1,51.1,51.1,51.1,0,21.161103,25600,3816.7,3820.0
2022-07-20 12:03:00,51.1,51.1,51.1,51.1,0,21.161103,25600,3816.7,3820.0
2022-07-20 12:04:00,51.1,51.1,51.1,51.1,0,21.161103,25600,3816.7,3820.0
2022-07-20 12:05:00,51.1,51.1,51.1,51.1,0,21.161103,25600,3816.7,3820.0
2022-07-20 12:06:00,51.1,51.1,51.1,51.1,0,21.161103,25600,3816.7,3820.0
2022-07-20 12:07:00,51.1,51.1,51.1,51.1,0,21.161103,25600,3816.7,3820.0
2022-07-20 12:08:00,51.1,51.1,51.1,51.1,0,21.161103,25600,3816.7,3820.0
2022-07-20 12:09:00,51.1,51.1,51.1,51.1,0,21.161103,25600,3816.7,3820.0
2022-07-20 12:10:00,51.1,51.1,51.1,51.1,0,21.161103,25600,3816.7,3820.0
2022-07-20 12:11:00,51.1,51.1,51.1,51.1,0,21.161103,25600,3816.7,3820.0
2022-07-20 12:12:00,51.1,51.1,51.1,51.1,0,21.161103,25600,3816.7,3820.0
2022-07-20 12:13:00,51.1,51.1,51.1,51.1,0,21.161103,25600,3816.7,3820.0
2022-07-20 12:14:00,51.1,51.1,51.1,51.1,0,21.161103,25600,3816.7,3820.0
2022-07-20 12:15:00,51.1,51.1,51.1,51.1,0,21.161103,25600,3816.7,3820.0
2022-07-20 12:16:00,51.1,51.1,51.1,51.1,0,21.161103,25600,3816.7,3820.0
2022-07-20 12:17:00,51.1,51.1,51.1,51.1,0,21.161103,25600,3816.7,3820.0
2022-07-20 12:18:00,51.1,51.1,51.1,51.1,0,21.161103,25600,3816.7,3820.0
2022-07-20 12:19:00,51.1,51.1,51.1,51.1,0,21.161103,25600,3816.7,3820.0
2022-07-20 12:20:00,51.1,51.1,51.1,51.1,0,21.161103,25600,3816.7,3820.0
2022-07-20 12:21:00,51.1,51.1,51.1,51.1,0,21.161103,25600,3816.7,3820.0
2022-07-20 12:22:00,51.1,51.1,51.1,51.1,0,21.161103,25600,3816.7,3820.0
2022-07-20 12:23:00,51.1,51.1,51.1,51.1,0,21.161103,25600,3816.7,3820.0
2022-07-20 12:24:00,51.1,51.1,51.1,51.1,0,21.161103,25600,3816.7,3820.0
2022-07-20 12:25:00,51.1,51.1,51.1,51.1,0,21.161103,25600,3816.7,3820.0
2022-07-20 12:26:00,51.1,51.1,51.1,51.1,0,21.161103,25600,3816.7,3820.0
2022-07-20 12:27:00,51.1,51.1,51.1,51.1,0,21.161103,25600,3816.7,3820.0
2022-07-20 12:28:00,51.1,51.1,51.1,51.1,0,21.161103,25600,3816.7,3820.0
2022-07-20 12:29:00,51.1,51.1,51.1,51.1,0,21.161103,25600,3816.7,3820.0
2022-07-20 12:30:00,51.1,51.1,51.1,51.1,0,21.161103,25600,3816.7,3820.0
2022-07-20 12:31:00,51.1,51.1,51.1,51.1,0,21.161103,25600,3816.7,3820.0
2022-07-20 12:32:00,51.1,51.1,51.1,51.1,0,21.161103,25600,3816.7,3820.0
2022-07-20 12:33:00,51.1,51.1,51.1,51.1,0,21.161103,25600,3816.7,3820.0
2022-07-20 12:34:00,51.1,51.1,51.1,51.1,0,21.161103,25600,3816.7,3820.0
2022-07-20 12:35:00,51.1,51.1,51.1,51.1,0,21.161103,25600,3816.7,3820.0
2022-07-20 12:36:00,51.1,51.1,51.1,51.1,0,21.161103,25600,3816.7,3820.0
2022-07-20 12:37:00,51.1,51.1,51.1,51.1,0,21.161103,25600,3816.7,3820.0
2022-07-20 12:38:00,51.1,51.1,51.1,51.1,0,21.161103,25600,3816.7,3820.0
2022-07-20 12:39:00,51.1,51.1,51.1,51.1,0,21.161103,25600,3816.7,3820.0
2022-07-20 12:40:00,51.1,51.1,51.1,51.1,0,21.161103,25600,3816.7,3820.0
2022-07-20 12:41:00,51.1,51.1,51.1,51.1,0,21.161103,25600,3816.7,3820.0
2022-07-20 12:42:00,51.1,51.1,51.1,51.1,0,21.161103,25600,3816.7,3820.0
2022-07-20 12:43:00,51.1,51.1,51.1,51.1,0,21.161103,25600,3816.7,3820.0
2022-07-20 12:44:00,51.1,51.1,51.1,51.1,0,21.161103,25600,3816.7,3820.0
2022-07-20 12:45:00,51.1,51.1,51.1,51.1,0,21.161103,25600,3816.7,3820.0
2022-07-20 12:46:00,51.1,51.1,51.1,51.1,0,21.161103,25600,3816.7,3820.0
2022-07-20 12:47:00,51.1,51.1,51.1,51.1,0,21.161103,25600,3816.7,3820.0
2022-07-20 12:48:00,51.1,51.1,51.1,51.1,0,21.161103,25600,3816.7,3820.0
2022-07-20 12:49:00,51.1,51.1,51.1,51.1,0,21.161103,25600,3816.7,3820.0
2022-07-20 12:50:00,51.1,51.1,51.1,51.1,0,21.161103,25600,3816.7,3820.0
2022-07-20 12:51:00,51.1,51.1,51.1,51.1,0,21.161103,25600,3816.7,3820.0
2022-07-20 12:52:00,51.1,51.1,51.1,51.1,0,21.161103,25600,3816.7,3820.0
2022-07-20 12:53:00,51.1,51.1,51.1,51.1,0,21.161103,25600,3816.7,3820.0
2022-07-20 12:54:00,51.1,51.1,51.1,51.1,0,21.161103,25600,3816.7,3820.0
2022-07-20 12:55:00,51.1,51.1,51.1,51.1,0,21.161103,25600,3816.7,3820.0
2022-07-20 12:56:00,51.1,51.1,51.1,51.1,0,21.161103,25600,3816.7,3820.0
2022-07-20 12:57:00,51.1,51.1,51.1,51.1,0,21.161103,25600,3816.7,3820.0
2022-07-20 12:58:00,51.1,51.1,51.1,51.1,0,21.161103,25600,3816.7,3820.0
2022-07-20 12:59:00,51.1,51.1,51.1,51.1,0,21.161103,25600,3816.7,3820.0
2022-07-20 13:00:00,51.1,51.1,51.1,51.1,0,21.161103,25600,3816.7,3820.0
2022-07-20 13:01:00,51.1,51.1,51.1,51.1,0,21.161103,25600,3816.7,3820.0
2022-07-20 13:02:00,51.1,51.1,51.1,51.1,0,21.161103,25600,3816.7,3820.0
2022-07-20 13:03:00,51.1,51.1,51.1,51.1,0,21.161103,25600,3816.7,3820.0
2022-07-20 13:04:00,51.1,51.1,51.1,51.1,0,21.161103,25600,3816.7,3820.0
2022-07-20 13:05:00,51.1,51.1,51.1,51.1,0,21.161103,25600,3816.7,3820.0
2022-07-20 13:06:00,51.1,51.1,51.1,51.1,0,21.161103,25600,3816.7,3820.0
2022-07-20 13:07:00,51.1,51.1,51.1,51.1,0,21.161103,25600,3816.7,3820.0
2022-07-20 13:08:00,51.1,51.1,51.1,51.1,0,21.161103,25600,3816.7,3820.0
2022-07-20 13:09:00,51.1,51.1,51.1,51.1,0,21.161103,25600,3816.7,3820.0
2022-07-20 13:10:00,51.1,51.1,51.1,51.1,0,21.161103,25600,3816.7,3820.0
2022-07-20 13:11:00,51.1,51.1,51.1,51.1,0,21.161103,25600,3816.7,3820.0
2022-07-20 13:12:00,51.1,51.1,51.1,51.1,0,21.161103,25600,3816.7,3820.0
2022-07-20 13:13:00,51.1,51.1,51.1,51.1,0,21.161103,25600,3816.7,3820.0
2022-07-20 13:14:00,51.1,51.1,51.1,51.1,0,21.161103,25600,3816.7,3820.0
2022-07-20 13:15:00,51.1,51.1,51.1,51.1,0,21.161103,25600,3816.7,3820.0
2022-07-20 13:16:00,51.1,51.1,51.1,51.1,0,21.161103,25600,3816.7,3820.0
2022-07-20 13:17:00,51.1,51.1,51.1,51.1,0,21.161103,25600,3816.7,3820.0
2022-07-20 13:18:00,51.1,51.1,51.1,51.1,0,21.161103,25600,3816.7,3820.0
2022-07-20 13:19:00,51.1,51.1,51.1,51.1,0,21.161103,25600,3816.7,3820.0
2022-07-20 13:20:00,51.1,51.1,51.1,51.1,0,21.161103,25600,3816.7,3820.0
2022-07-20 13:21:00,51.1,51.1,51.1,51.1,0,21.161103,25600,3816.7,3820.0
2022-07-20 13:22:00,51.1,51.1,51.1,51.1,0,21.161103,25600,3816.7,3820.0
2022-07-20 13:23:00,51.1,51.1,51.1,51.1,0,21.161103,25600,3816.7,3820.0
2022-07-20 13:24:00,51.1,51.1,51.1,51.1,0,21.161103,25600,3816.7,3820.0
2022-07-20 13:25:00,51.1,51.1,51.1,51.1,0,21.161103,25600,3816.7,3820.0
2022-07-20 13:26:00,51.1,51.1,51.1,51.1,0,21.161103,25600,3816.7,3820.0
2022-07-20 13:27:00,51.1,51.1,51.1,51.1,0,21.161103,25600,3816.7,3820.0
2022-07-20 13:28:00,51.1,51.1,51.1,51.1,0,21.161103,25600,3816.7,3820.0
2022-07-20 13:29:00,51.1,51.1,51.1,51.1,0,21.161103,25600,3816.7,3820.0
2022-07-20 13:30:00,51.1,51.1,51.1,51.1,0,21.161103,25600,3816.7,3820.0
2022-07-20 13:31:00,51.1,51.1,51.1,51.1,0,21.161103,25600,3816.7,3820.0
2022-07-20 13:32:00,51.1,51.1,51.1,51.1,0,21.161103,25600,3816.7,3820.0
2022-07-20 13:33:00,51.1,51.1,51.1,51.1,0,21.161103,25600,3816.7,3820.0
2022-07-20 13:34:00,51.1,51.1,51.1,51.1,0,21.161103,25600,3816.7,3820.0
2022-07-20 13:35:00,51.1,51.1,51.1,51.1,0,21.161103,25600,3816.7,3820.0
2022-07-20 13:36:00,51.1,51.1,51.1,51.1,0,21.161103,25600,3816.7,3820.0
2022-07-20 13:37:00,51.1,51.1,51.1,51.1,0,21.161103,25600,3816.7,3820.0
2022-07-20 13:38:00,51.1,51.1,51.1,51.1,0,21.161103,25600,3816.7,3820.0
2022-07-20 13:39:00,51.1,51.1,51.1,51.1,0,21.161103,25600,28.29,3000.0
2022-07-20 13:40:00,51.1,51.1,51.1,51.1,0,21.161103,25600,3816.7,3820.0
2022-07-20 13:41:00,51.1,51.1,51.1,51.1,0,21.161103,25600,3816.7,3820.0
2022-07-20 13:42:00,51.1,51.1,51.1,51.1,0,21.161103,25600,3816.7,3820.0
2022-07-20 13:43:00,51.1,51.1,51.1,51.1,0,21.161103,25600,3816.7,3820.0
2022-07-20 13:44:00,51.1,51.1,51.1,51.1,0,21.161103,25600,3816.7,3820.0
2022-07-20 13:45:00,51.1,51.1,51.1,51.1,0,21.161103,25600,3816.7,3820.0
2022-07-20 13:46:00,51.1,51.1,51.1,51.1,0,21.161103,25600,3816.7,3820.0
2022-07-20 13:47:00,51.1,51.1,51.1,51.1,0,21.161103,25600,3816.7,3820.0
2022-07-20 13:48:00,51.1,51.1,51.1,51.1,0,21.161103,25600,3816.7,3820.0
2022-07-20 13:49:00,51.1,51.1,51.1,51.1,0,21.161103,25600,3816.7,3820.0
2022-07-20 13:50:00,51.1,51.1,51.1,51.1,0,21.161103,25600,3816.7,3820.0
2022-07-20 13:51:00,51.1,51.1,51.1,51.1,0,21.161103,25600,3816.7,3820.0
2022-07-20 13:52:00,51.1,51.1,51.1,51.1,0,21.161103,25600,3816.7,3820.0
2022-07-20 13:53:00,51.1,51.1,51.1,51.1,0,21.161103,25600,3816.7,3820.0
2022-07-20 13:54:00,51.1,51.1,51.1,51.1,0,21.161103,25600,3816.7,3820.0
2022-07-20 13:55:00,51.1,51.1,51.1,51.1,0,21.161103,25600,3816.7,3820.0
2022-07-20 13:56:00,51.1,51.1,51.1,51.1,0,21.161103,25600,3816.7,3820.0
2022-07-20 13:57:00,51.1,51.1,51.1,51.1,0,21.161103,25600,3816.7,3820.0
2022-07-20 13:58:00,51.1,51.1,51.1,51.1,0,21.161103,25600,3816.7,3820.0
2022-07-20 13:59:00,51.1,51.1,51.1,51.1,0,21.161103,25600,3816.7,3820.0
2022-07-20 14:00:00,51.1,51.1,51.1,51.1,0,21.161103,25600,3816.7,3820.0
2022-07-20 14:01:00,51.1,51.1,51.1,51.1,0,21.161103,25600,3816.7,3820.0
2022-07-20 14:02:00,51.1,51.1,51.1,51.1,0,21.161103,25600,3816.7,3820.0
2022-07-20 14:03:00,51.1,51.1,51.1,51.1,0,21.161103,25600,3816.7,3820.0
2022-07-20 14:04:00,51.1,51.1,51.1,51.1,0,21.161103,25600,3816.7,3820.0
2022-07-20 14:05:00,51.1,51.1,51.1,51.1,0,21.161103,25600,3816.7,3820.0
2022-07-20 14:06:00,51.1,51.1,51.1,51.1,0,21.161103,25600,3816.7,3820.0
2022-07-20 14:07:00,51.1,51.1,51.1,51.1,0,21.161103,25600,3816.7,3820.0
2022-07-20 14:08:00,51.1,51.1,51.1,51.1,0,21.161103,25600,3816.7,3820.0
2022-07-20 14:09:00,51.1,51.1,51.1,51.1,0,21.161103,25600,3816.7,3820.0
2022-07-20 14:10:00,51.1,51.1,51.1,51.1,0,21.161103,25600,3816.7,3820.0
2022-07-20 14:11:00,51.1,51.1,51.1,51.1,0,21.161103,25600,3816.7,3820.0
2022-07-20 14:12:00,51.1,51.1,51.1,51.1,0,21.161103,25600,3816.7,3820.0
2022-07-20 14:13:00,51.1,51.1,51.1,51.1,0,21.161103,25600,3816.7,3820.0
2022-07-20 14:14:00,51.1,51.1,51.1,51.1,0,21.161103,25600,3816.7,3820.0
2022-07-20 14:15:00,51.1,51.1,51.1,51.1,0,21.161103,25600,3816.7,3820.0
2022-07-20 14:16:00,51.1,51.1,51.1,51.1,0,21.161103,25600,3816.7,3820.0
2022-07-20 14:17:00,51.1,51.1,51.1,51.1,0,21.161103,25600,3816.7,3820.0
2022-07-20 14:18:00,51.1,51.1,51.1,51.1,0,21.161103,25600,3816.7,3820.0
2022-07-20 14:19:00,51.1,51.1,51.1,51.1,0,21.161103,25600,3816.7,3820.0
2022-07-20 14:20:00,51.1,51.1,51.1,51.1,0,21.161103,25600,3816.7,3820.0
2022-07-20 14:21:00,51.1,51.1,51.1,51.1,0,21.161103,25600,3816.7,3820.0
2022-07-20 14:22:00,51.1,51.1,51.1,51.1,0,21.161103,25600,3816.7,3820.0
2022-07-20 14:23:00,51.1,51.1,51.1,51.1,0,21.161103,25600,3816.7,3820.0
2022-07-20 14:24:00,51.1,51.1,51.1,51.1,0,21.161103,25600,3816.7,3820.0
2022-07-20 14:25:00,51.1,51.1,51.1,51.1,0,21.161103,25600,3816.7,3820.0
2022-07-20 14:26:00,51.1,51.1,51.1,51.1,0,21.161103,25600,3816.7,3820.0
2022-07-20 14:27:00,51.1,51.1,51.1,51.1,0,21.161103,25600,3816.7,3820.0
2022-07-20 14:28:00,51.1,51.1,51.1,51.1,0,21.161103,25600,3816.7,3820.0
2022-07-20 14:29:00,51.1,51.1,51.1,51.1,0,21.161103,25600,3816.7,3820.0
2022-07-20 14:30:00,51.1,51.1,51.1,51.1,0,21.161103,25600,3816.7,3820.0
2022-07-20 14:31:00,51.1,51.1,51.1,51.1,0,21.161103,25600,3816.7,3820.0
2022-07-20 14:32:00,51.1,51.1,51.1,51.1,0,21.161103,25600,3816.7,3820.0
2022-07-20 14:33:00,51.1,51.1,51.1,51.1,0,21.161103,25600,3816.7,3820.0
2022-07-20 14:34:00,51.1,51.1,51.1,51.1,0,21.161103,25600,3816.7,3820.0
2022-07-20 14:35:00,51.1,51.1,51.1,51.1,0,21.161103,25600,3816.7,3820.0
2022-07-20 14:36:00,51.1,51.1,51.1,51.1,0,21.161103,25600,3816.7,3820.0
2022-07-20 14:37:00,51.1,51.1,51.1,51.1,0,21.161103,25600,3816.7,3820.0
2022-07-20 14:38:00,51.1,51.1,51.1,51.1,0,21.161103,25600,3816.7,3820.0
2022-07-20 14:39:00,51.1,51.1,51.1,51.1,0,21.161103,25600,3816.7,3820.0
2022-07-20 14:40:00,51.1,51.1,51.1,51.1,0,21.161103,25600,3816.7,3820.0
2022-07-20 14:41:00,51.1,51.1,51.1,51.1,0,21.161103,25600,3816.7,3820.0
2022-07-20 14:42:00,51.1,51.1,51.1,51.1,0,21.161103,25600,3816.7,3820.0
2022-07-20 14:43:00,51.1,51.1,51.1,51.1,0,21.161103,25600,3816.7,3820.0
2022-07-20 14:44:00,51.1,51.1,51.1,51.1,0,21.161103,25600,3816.7,3820.0
2022-07-20 14:45:00,51.1,51.1,51.1,51.1,0,21.161103,25600,3816.7,3820.0
2022-07-20 14:46:00,51.1,51.1,51.1,51.1,0,21.161103,25600,3816.7,3820.0
2022-07-20 14:47:00,51.1,51.1,51.1,51.1,0,21.161103,25600,3816.7,3820.0
2022-07-20 14:48:00,51.1,51.1,51.1,51.1,0,21.161103,25600,3816.7,3820.0
2022-07-20 14:49:00,51.1,51.1,51.1,51.1,0,21.161103,25600,3816.7,3820.0
2022-07-20 14:50:00,51.1,51.1,51.1,51.1,0,21.161103,25600,3816.7,3820.0
2022-07-20 14:51:00,51.1,51.1,51.1,51.1,0,21.161103,25600,28.34,3000.0
2022-07-20 14:52:00,51.1,51.1,51.1,51.1,0,21.161103,25600,3816.7,3820.0
2022-07-20 14:53:00,51.1,51.1,51.1,51.1,0,21.161103,25600,3816.7,3820.0
2022-07-20 14:54:00,51.1,51.1,51.1,51.1,0,21.161103,25600,3816.7,3820.0
2022-07-20 14:55:00,51.1,51.1,51.1,51.1,0,21.161103,25600,3816.7,3820.0
2022-07-20 14:56:00,51.1,51.1,51.1,51.1,0,21.161103,25600,3816.7,3820.0
2022-07-20 14:57:00,51.1,51.1,51.1,51.1,0,21.161103,25600,3816.7,3820.0
2022-07-20 14:58:00,51.1,51.1,51.1,51.1,0,21.161103,25600,3816.7,3820.0
2022-07-20 14:59:00,51.1,51.1,51.1,51.1,0,21.161103,25600,3816.7,3820.0
2022-07-20 15:00:00,51.1,51.1,51.1,51.1,0,21.161103,25600,3816.7,3820.0
2022-07-20 15:01:00,51.1,51.1,51.1,51.1,0,21.161103,25600,3816.7,3820.0
2022-07-20 15:02:00,51.1,51.1,51.1,51.1,0,21.161103,25600,3816.7,3820.0
2022-07-20 15:03:00,51.1,51.1,51.1,51.1,0,21.161103,25600,3816.7,3820.0
2022-07-20 15:04:00,51.1,51.1,51.1,51.1,0,21.161103,25600,3816.7,3820.0
2022-07-20 15:05:00,51.1,51.1,51.1,51.1,0,21.161103,25600,3816.7,3820.0
2022-07-20 15:06:00,51.1,51.1,51.1,51.1,0,21.161103,25600,3816.7,3820.0
2022-07-20 15:07:00,51.1,51.1,51.1,51.1,0,21.161103,25600,3816.7,3820.0
2022-07-20 15:08:00,51.1,51.1,51.1,51.1,0,21.161103,25600,3816.7,3820.0
2022-07-20 15:09:00,51.1,51.1,51.1,51.1,0,21.161103,25600,3816.7,3820.0
2022-07-20 15:10:00,51.1,51.1,51.1,51.1,0,21.161103,25600,3816.7,3820.0
2022-07-20 15:11:00,51.1,51.1,51.1,51.1,0,21.161103,25600,3816.7,3820.0
2022-07-20 15:12:00,51.1,51.1,51.1,51.1,0,21.161103,25600,3816.7,3820.0
2022-07-20 15:13:00,51.1,51.1,51.1,51.1,0,21.161103,25600,3816.7,3820.0
2022-07-20 15:14:00,51.1,51.1,51.1,51.1,0,21.161103,25600,3816.7,3820.0
2022-07-20 15:15:00,51.1,51.1,51.1,51.1,0,21.161103,25600,3816.7,3820.0
2022-07-20 15:16:00,51.1,51.1,51.1,51.1,0,21.161103,25600,3816.7,3820.0
2022-07-20 15:17:00,51.1,51.1,51.1,51.1,0,21.161103,25600,3816.7,3820.0
2022-07-20 15:18:00,51.1,51.1,51.1,51.1,0,21.161103,25600,3816.7,3820.0
2022-07-20 15:19:00,51.1,51.1,51.1,51.1,0,21.161103,25600,3816.7,3820.0
2022-07-20 15:20:00,51.1,51.1,51.1,51.1,0,21.161103,25600,3816.7,3820.0
2022-07-20 15:21:00,51.1,51.1,51.1,51.1,0,21.161103,25600,3816.7,3820.0
2022-07-20 15:22:00,51.1,51.1,51.1,51.1,0,21.161103,25600,3816.7,3820.0
2022-07-20 15:23:00,51.1,51.1,51.1,51.1,0,21.161103,25600,3816.7,3820.0
2022-07-20 15:24:00,51.1,51.1,51.1,51.1,0,21.161103,25600,3816.7,3820.0
2022-07-20 15:25:00,51.1,51.1,51.1,51.1,0,21.161103,25600,3816.7,3820.0
2022-07-20 15:26:00,51.1,51.1,51.1,51.1,0,21.161103,25600,3816.7,3820.0
2022-07-20 15:27:00,51.1,51.1,51.1,51.1,0,21.161103,25600,3816.7,3820.0
2022-07-20 15:28:00,51.1,51.1,51.1,51.1,0,21.161103,25600,3816.7,3820.0
2022-07-20 15:29:00,51.1,51.1,51.1,51.1,0,21.161103,25600,3816.7,3820.0
2022-07-21 09:15:00,39.7,44.65,39.7,44.6,600,20.144864,27200,3834.65,3840.0
2022-07-21 09:16:00,44.6,44.6,44.6,44.6,0,20.144864,27200,3849.0,3850.0
2022-07-21 09:17:00,44.6,44.6,44.6,44.6,0,20.144864,27200,3847.25,3850.0
2022-07-21 09:18:00,44.6,44.6,44.6,44.6,0,20.144864,27200,3849.95,3850.0
2022-07-21 09:19:00,44.6,44.6,44.6,44.6,0,20.144864,27200,3841.65,3840.0
2022-07-21 09:20:00,44.6,44.6,44.6,44.6,0,20.144864,27200,3839.5,3840.0
2022-07-21 09:21:00,44.6,44.6,44.6,44.6,0,20.144864,27200,3840.6,3840.0
2022-07-21 09:22:00,44.6,44.6,44.6,44.6,0,20.144864,27200,3842.6,3840.0
2022-07-21 09:23:00,44.6,44.6,44.6,44.6,0,20.144864,27200,3843.15,3840.0
2022-07-21 09:24:00,44.6,44.6,44.6,44.6,0,20.144864,27200,3850.0,3850.0
2022-07-21 09:25:00,44.6,44.6,44.6,44.6,0,20.144864,27200,3851.45,3850.0
2022-07-21 09:26:00,44.6,44.6,44.6,44.6,0,20.144864,27200,3850.1,3850.0
2022-07-21 09:27:00,44.6,44.6,44.6,44.6,0,20.144864,27200,3844.0,3840.0
2022-07-21 09:28:00,44.6,44.6,44.6,44.6,0,20.144864,27200,3844.0,3840.0
2022-07-21 09:29:00,44.6,44.6,44.6,44.6,0,20.144864,27200,3849.9,3850.0
2022-07-21 09:30:00,44.6,44.6,44.6,44.6,0,20.144864,27200,3852.75,3850.0
2022-07-21 09:31:00,44.6,44.6,44.6,44.6,0,20.144864,27200,3848.55,3850.0
2022-07-21 09:32:00,44.6,44.6,44.6,44.6,0,20.144864,27200,3842.2,3840.0
2022-07-21 09:33:00,44.6,44.6,44.6,44.6,0,20.144864,27200,3844.0,3840.0
2022-07-21 09:34:00,44.6,44.6,44.6,44.6,0,20.144864,27200,3844.7,3840.0
2022-07-21 09:35:00,44.6,44.6,44.6,44.6,0,20.144864,27200,3844.0,3840.0
2022-07-21 09:36:00,44.6,44.6,44.6,44.6,0,20.144864,27200,3844.8,3840.0
2022-07-21 09:37:00,44.6,44.6,44.6,44.6,0,20.144864,27200,3845.3,3850.0
2022-07-21 09:38:00,44.6,44.6,44.6,44.6,0,20.144864,27200,3848.8,3850.0
2022-07-21 09:39:00,44.6,44.6,44.6,44.6,0,20.144864,27200,3847.0,3850.0
2022-07-21 09:40:00,44.6,44.6,44.6,44.6,0,20.144864,27200,3846.0,3850.0
2022-07-21 09:41:00,44.6,44.6,44.6,44.6,0,20.144864,27200,3846.85,3850.0
2022-07-21 09:42:00,44.6,44.6,44.6,44.6,0,20.144864,27200,3849.25,3850.0
2022-07-21 09:43:00,44.6,44.6,44.6,44.6,0,20.144864,27200,3849.0,3850.0
2022-07-21 09:44:00,44.6,44.6,44.6,44.6,0,20.144864,27200,3848.9,3850.0
2022-07-21 09:45:00,44.6,44.6,44.6,44.6,0,20.144864,27200,3846.3,3850.0
2022-07-21 09:46:00,44.6,44.6,44.6,44.6,0,20.144864,27200,3848.65,3850.0
2022-07-21 09:47:00,44.6,44.6,44.6,44.6,0,20.144864,27200,3849.9,3850.0
2022-07-21 09:48:00,44.6,44.6,44.6,44.6,0,20.144864,27200,3851.25,3850.0
2022-07-21 09:49:00,44.6,44.6,44.6,44.6,0,20.144864,27200,3853.25,3850.0
2022-07-21 09:50:00,44.6,44.6,44.6,44.6,0,20.144864,27200,3849.0,3850.0
2022-07-21 09:51:00,44.6,44.6,44.6,44.6,0,20.144864,27200,3846.1,3850.0
2022-07-21 09:52:00,44.6,44.6,44.6,44.6,0,20.144864,27200,3853.5,3850.0
2022-07-21 09:53:00,44.6,44.6,44.6,44.6,0,20.144864,27200,3850.05,3850.0
2022-07-21 09:54:00,44.6,44.6,44.6,44.6,0,20.144864,27200,3852.4,3850.0
2022-07-21 09:55:00,44.6,44.6,44.6,44.6,0,20.144864,27200,3851.0,3850.0
2022-07-21 09:56:00,44.6,44.6,44.6,44.6,0,20.144864,27200,3852.25,3850.0
2022-07-21 09:57:00,44.6,44.6,44.6,44.6,0,20.144864,27200,3851.55,3850.0
2022-07-21 09:58:00,44.6,44.6,44.6,44.6,0,20.144864,27200,3852.95,3850.0
2022-07-21 09:59:00,44.6,44.6,44.6,44.6,0,20.144864,27200,3844.85,3840.0
2022-07-21 10:00:00,44.6,44.6,44.6,44.6,0,20.144864,27200,28.6,3100.0
2022-07-21 10:01:00,44.6,44.6,44.6,44.6,0,20.144864,27200,3848.0,3850.0
2022-07-21 10:02:00,44.6,44.6,44.6,44.6,0,20.144864,27200,3845.2,3850.0
2022-07-21 10:03:00,44.6,44.6,44.6,44.6,0,20.144864,27200,3846.95,3850.0
2022-07-21 10:04:00,44.6,44.6,44.6,44.6,0,20.144864,27200,3846.0,3850.0
2022-07-21 10:05:00,44.6,44.6,44.6,44.6,0,20.144864,27200,3845.05,3850.0
2022-07-21 10:06:00,44.6,44.6,44.6,44.6,0,20.144864,27200,3845.4,3850.0
2022-07-21 10:07:00,44.6,44.6,44.6,44.6,0,20.144864,27200,3845.35,3850.0
2022-07-21 10:08:00,44.6,44.6,44.6,44.6,0,20.144864,27200,3849.6,3850.0
2022-07-21 10:09:00,44.6,44.6,44.6,44.6,0,20.144864,27200,3849.95,3850.0
2022-07-21 10:10:00,44.6,44.6,44.6,44.6,0,20.144864,27200,3850.95,3850.0
2022-07-21 10:11:00,44.6,44.6,44.6,44.6,0,20.144864,27200,3848.6,3850.0
2022-07-21 10:12:00,44.6,44.6,44.6,44.6,0,20.144864,27200,3848.6,3850.0
2022-07-21 10:13:00,44.6,44.6,44.6,44.6,0,20.144864,27200,3849.6,3850.0
2022-07-21 10:14:00,44.6,44.6,44.6,44.6,0,20.144864,27200,3847.5,3850.0
2022-07-21 10:15:00,44.6,44.6,44.6,44.6,0,20.144864,27200,3849.9,3850.0
2022-07-21 10:16:00,44.6,44.6,44.6,44.6,0,20.144864,27200,3847.4,3850.0
2022-07-21 10:17:00,44.6,44.6,44.6,44.6,0,20.144864,27200,3849.5,3850.0
2022-07-21 10:18:00,44.6,44.6,44.6,44.6,0,20.144864,27200,3849.5,3850.0
2022-07-21 10:19:00,44.6,44.6,44.6,44.6,0,20.144864,27200,3849.5,3850.0
2022-07-21 10:20:00,44.6,44.6,44.6,44.6,0,20.144864,27200,3849.85,3850.0
2022-07-21 10:21:00,44.6,44.6,44.6,44.6,0,20.144864,27200,3849.9,3850.0
2022-07-21 10:22:00,44.6,44.6,44.6,44.6,0,20.144864,27200,3849.4,3850.0
2022-07-21 10:23:00,44.6,44.6,44.6,44.6,0,20.144864,27200,3853.0,3850.0
2022-07-21 10:24:00,44.6,44.6,44.6,44.6,0,20.144864,27200,3851.0,3850.0
2022-07-21 10:25:00,44.6,44.6,44.6,44.6,0,20.144864,27200,3850.0,3850.0
2022-07-21 10:26:00,44.6,44.6,44.6,44.6,0,20.144864,27200,3849.45,3850.0
2022-07-21 10:27:00,44.6,44.6,44.6,44.6,0,20.144864,27200,3848.0,3850.0
2022-07-21 10:28:00,44.6,44.6,44.6,44.6,0,20.144864,27200,3849.55,3850.0
2022-07-21 10:29:00,44.6,44.6,44.6,44.6,0,20.144864,27200,3848.0,3850.0
2022-07-21 10:30:00,44.6,44.6,44.6,44.6,0,20.144864,27200,3850.0,3850.0
2022-07-21 10:31:00,44.6,44.6,44.6,44.6,0,20.144864,27200,3850.0,3850.0
2022-07-21 10:32:00,44.6,44.6,44.6,44.6,0,20.144864,27200,3851.0,3850.0
2022-07-21 10:33:00,44.6,44.6,44.6,44.6,0,20.144864,27200,3851.0,3850.0
2022-07-21 10:34:00,44.6,44.6,44.6,44.6,0,20.144864,27200,3850.55,3850.0
2022-07-21 10:35:00,44.6,44.6,44.6,44.6,0,20.144864,27200,3851.0,3850.0
2022-07-21 10:36:00,44.6,44.6,44.6,44.6,0,20.144864,27200,3852.0,3850.0
2022-07-21 10:37:00,44.6,44.6,44.6,44.6,0,20.144864,27200,3848.0,3850.0
2022-07-21 10:38:00,44.6,44.6,44.6,44.6,0,20.144864,27200,3847.1,3850.0
2022-07-21 10:39:00,44.6,44.6,44.6,44.6,0,20.144864,27200,3846.35,3850.0
2022-07-21 10:40:00,44.6,44.6,44.6,44.6,0,20.144864,27200,3848.0,3850.0
2022-07-21 10:41:00,44.6,44.6,44.6,44.6,0,20.144864,27200,3846.5,3850.0
2022-07-21 10:42:00,44.6,44.6,44.6,44.6,0,20.144864,27200,3849.2,3850.0
2022-07-21 10:43:00,44.6,44.6,44.6,44.6,0,20.144864,27200,3847.45,3850.0
2022-07-21 10:44:00,44.6,44.6,44.6,44.6,0,20.144864,27200,3850.0,3850.0
2022-07-21 10:45:00,44.6,44.6,44.6,44.6,0,20.144864,27200,3850.0,3850.0
2022-07-21 10:46:00,44.6,44.6,44.6,44.6,0,20.144864,27200,3850.0,3850.0
2022-07-21 10:47:00,44.6,44.6,44.6,44.6,0,20.144864,27200,3846.25,3850.0
2022-07-21 10:48:00,44.6,44.6,44.6,44.6,0,20.144864,27200,3846.45,3850.0
2022-07-21 10:49:00,44.6,44.6,44.6,44.6,0,20.144864,27200,3847.85,3850.0
2022-07-21 10:50:00,44.6,44.6,44.6,44.6,0,20.144864,27200,3846.7,3850.0
2022-07-21 10:51:00,44.6,44.6,44.6,44.6,0,20.144864,27200,3848.45,3850.0
2022-07-21 10:52:00,44.6,44.6,44.6,44.6,0,20.144864,27200,3848.0,3850.0
2022-07-21 10:53:00,44.6,44.6,44.6,44.6,0,20.144864,27200,3848.75,3850.0
2022-07-21 10:54:00,44.6,44.6,44.6,44.6,0,20.144864,27200,3850.0,3850.0
2022-07-21 10:55:00,44.6,44.6,44.6,44.6,0,20.144864,27200,3850.0,3850.0
2022-07-21 10:56:00,44.6,44.6,44.6,44.6,0,20.144864,27200,3850.0,3850.0
2022-07-21 10:57:00,44.6,44.6,44.6,44.6,0,20.144864,27200,3849.7,3850.0
2022-07-21 10:58:00,44.6,44.6,44.6,44.6,0,20.144864,27200,3849.55,3850.0
2022-07-21 10:59:00,44.6,44.6,44.6,44.6,0,20.144864,27200,3844.0,3840.0
2022-07-21 11:00:00,44.6,44.6,44.6,44.6,0,20.144864,27200,3845.0,3850.0
2022-07-21 11:01:00,44.6,44.6,44.6,44.6,0,20.144864,27200,3844.5,3840.0
2022-07-21 11:02:00,44.6,44.6,44.6,44.6,0,20.144864,27200,3844.5,3840.0
2022-07-21 11:03:00,44.6,44.6,44.6,44.6,0,20.144864,27200,3844.05,3840.0
2022-07-21 11:04:00,44.6,44.6,44.6,44.6,0,20.144864,27200,3844.05,3840.0
2022-07-21 11:05:00,44.6,44.6,44.6,44.6,0,20.144864,27200,3844.5,3840.0
2022-07-21 11:06:00,44.6,44.6,44.6,44.6,0,20.144864,27200,3844.1,3840.0
2022-07-21 11:07:00,44.6,44.6,44.6,44.6,0,20.144864,27200,3844.0,3840.0
2022-07-21 11:08:00,44.6,44.6,44.6,44.6,0,20.144864,27200,3844.0,3840.0
2022-07-21 11:09:00,44.6,44.6,44.6,44.6,0,20.144864,27200,3844.5,3840.0
2022-07-21 11:10:00,44.6,44.6,44.6,44.6,0,20.144864,27200,3844.5,3840.0
2022-07-21 11:11:00,44.6,44.6,44.6,44.6,0,20.144864,27200,3843.65,3840.0
2022-07-21 11:12:00,44.6,44.6,44.6,44.6,0,20.144864,27200,3843.2,3840.0
2022-07-21 11:13:00,44.6,44.6,44.6,44.6,0,20.144864,27200,3841.45,3840.0
2022-07-21 11:14:00,44.6,44.6,44.6,44.6,0,20.144864,27200,3840.7,3840.0
2022-07-21 11:15:00,44.6,44.6,44.6,44.6,0,20.144864,27200,3834.7,3830.0
2022-07-21 11:16:00,44.6,44.6,44.6,44.6,0,20.144864,27200,3837.75,3840.0
2022-07-21 11:17:00,44.6,44.6,44.6,44.6,0,20.144864,27200,3839.15,3840.0
2022-07-21 11:18:00,44.6,44.6,44.6,44.6,0,20.144864,27200,3840.35,3840.0
2022-07-21 11:19:00,44.6,44.6,44.6,44.6,0,20.144864,27200,3842.8,3840.0
2022-07-21 11:20:00,44.6,44.6,44.6,44.6,0,20.144864,27200,3840.1,3840.0
2022-07-21 11:21:00,44.6,44.6,44.6,44.6,0,20.144864,27200,3836.0,3840.0
2022-07-21 11:22:00,44.6,44.6,44.6,44.6,0,20.144864,27200,3840.0,3840.0
2022-07-21 11:23:00,44.6,44.6,44.6,44.6,0,20.144864,27200,3839.5,3840.0
2022-07-21 11:24:00,44.6,44.6,44.6,44.6,0,20.144864,27200,3839.5,3840.0
2022-07-21 11:25:00,44.6,44.6,44.6,44.6,0,20.144864,27200,3839.55,3840.0
2022-07-21 11:26:00,44.6,44.6,44.6,44.6,0,20.144864,27200,3840.0,3840.0
2022-07-21 11:27:00,44.6,44.6,44.6,44.6,0,20.144864,27200,3840.0,3840.0
2022-07-21 11:28:00,44.6,44.6,44.6,44.6,0,20.144864,27200,3839.1,3840.0
2022-07-21 11:29:00,44.6,44.6,44.6,44.6,0,20.144864,27200,3839.8,3840.0
2022-07-21 11:30:00,44.6,44.6,44.6,44.6,0,20.144864,27200,3839.9,3840.0
2022-07-21 11:31:00,44.6,44.6,44.6,44.6,0,20.144864,27200,3839.5,3840.0
2022-07-21 11:32:00,44.6,44.6,44.6,44.6,0,20.144864,27200,3839.5,3840.0
2022-07-21 11:33:00,44.6,44.6,44.6,44.6,0,20.144864,27200,3840.0,3840.0
2022-07-21 11:34:00,44.6,44.6,44.6,44.6,0,20.144864,27200,3837.6,3840.0
2022-07-21 11:35:00,44.6,44.6,44.6,44.6,0,20.144864,27200,3835.0,3840.0
2022-07-21 11:36:00,44.6,44.6,44.6,44.6,0,20.144864,27200,3832.3,3830.0
2022-07-21 11:37:00,44.6,44.6,44.6,44.6,0,20.144864,27200,3834.95,3830.0
2022-07-21 11:38:00,44.6,44.6,44.6,44.6,0,20.144864,27200,3837.5,3840.0
2022-07-21 11:39:00,44.6,44.6,44.6,44.6,0,20.144864,27200,3837.55,3840.0
2022-07-21 11:40:00,44.6,44.6,44.6,44.6,0,20.144864,27200,3838.75,3840.0
2022-07-21 11:41:00,44.6,44.6,44.6,44.6,0,20.144864,27200,3839.8,3840.0
2022-07-21 11:42:00,44.6,44.6,44.6,44.6,0,20.144864,27200,3837.55,3840.0
2022-07-21 11:43:00,44.6,44.6,44.6,44.6,0,20.144864,27200,3839.0,3840.0
2022-07-21 11:44:00,44.6,44.6,44.6,44.6,0,20.144864,27200,3839.0,3840.0
2022-07-21 11:45:00,44.6,44.6,44.6,44.6,0,20.144864,27200,3840.0,3840.0
2022-07-21 11:46:00,44.6,44.6,44.6,44.6,0,20.144864,27200,3840.0,3840.0
2022-07-21 11:47:00,44.6,44.6,44.6,44.6,0,20.144864,27200,3840.0,3840.0
2022-07-21 11:48:00,44.6,44.6,44.6,44.6,0,20.144864,27200,3840.1,3840.0
2022-07-21 11:49:00,44.6,44.6,44.6,44.6,0,20.144864,27200,3839.85,3840.0
2022-07-21 11:50:00,44.6,44.6,44.6,44.6,0,20.144864,27200,3839.6,3840.0
2022-07-21 11:51:00,44.6,44.6,44.6,44.6,0,20.144864,27200,3839.0,3840.0
2022-07-21 11:52:00,44.6,44.6,44.6,44.6,0,20.144864,27200,3839.0,3840.0
2022-07-21 11:53:00,44.6,44.6,44.6,44.6,0,20.144864,27200,3839.95,3840.0
2022-07-21 11:54:00,44.6,44.6,44.6,44.6,0,20.144864,27200,3839.0,3840.0
2022-07-21 11:55:00,44.6,44.6,44.6,44.6,0,20.144864,27200,3839.0,3840.0
2022-07-21 11:56:00,44.6,44.6,44.6,44.6,0,20.144864,27200,3840.0,3840.0
2022-07-21 11:57:00,44.6,44.6,44.6,44.6,0,20.144864,27200,3839.65,3840.0
2022-07-21 11:58:00,44.6,44.6,44.6,44.6,0,20.144864,27200,3837.8,3840.0
2022-07-21 11:59:00,44.6,44.6,44.6,44.6,0,20.144864,27200,3834.15,3830.0
2022-07-21 12:00:00,44.6,44.6,44.6,44.6,0,20.144864,27200,3836.55,3840.0
2022-07-21 12:01:00,44.6,44.6,44.6,44.6,0,20.144864,27200,3837.75,3840.0
2022-07-21 12:02:00,44.6,44.6,44.6,44.6,0,20.144864,27200,3838.1,3840.0
2022-07-21 12:03:00,44.6,44.6,44.6,44.6,0,20.144864,27200,3839.25,3840.0
2022-07-21 12:04:00,44.6,44.6,44.6,44.6,0,20.144864,27200,3838.5,3840.0
2022-07-21 12:05:00,44.6,44.6,44.6,44.6,0,20.144864,27200,3838.65,3840.0
2022-07-21 12:06:00,44.6,44.6,44.6,44.6,0,20.144864,27200,3838.8,3840.0
2022-07-21 12:07:00,44.6,44.6,44.6,44.6,0,20.144864,27200,3840.0,3840.0
2022-07-21 12:08:00,44.6,44.6,44.6,44.6,0,20.144864,27200,3840.55,3840.0
2022-07-21 12:09:00,44.6,44.6,44.6,44.6,0,20.144864,27200,3840.0,3840.0
2022-07-21 12:10:00,44.6,44.6,44.6,44.6,0,20.144864,27200,3840.0,3840.0
2022-07-21 12:11:00,44.6,44.6,44.6,44.6,0,20.144864,27200,3839.0,3840.0
2022-07-21 12:12:00,44.6,44.6,44.6,44.6,0,20.144864,27200,3839.0,3840.0
2022-07-21 12:13:00,44.6,44.6,44.6,44.6,0,20.144864,27200,3840.0,3840.0
2022-07-21 12:14:00,44.6,44.6,44.6,44.6,0,20.144864,27200,3839.05,3840.0
2022-07-21 12:15:00,44.6,44.6,44.6,44.6,0,20.144864,27200,3840.0,3840.0
2022-07-21 12:16:00,44.6,44.6,44.6,44.6,0,20.144864,27200,3840.0,3840.0
2022-07-21 12:17:00,44.6,44.6,44.6,44.6,0,20.144864,27200,3839.95,3840.0
2022-07-21 12:18:00,44.6,44.6,44.6,44.6,0,20.144864,27200,3837.0,3840.0
2022-07-21 12:19:00,44.6,44.6,44.6,44.6,0,20.144864,27200,3837.9,3840.0
2022-07-21 12:20:00,44.6,44.6,44.6,44.6,0,20.144864,27200,3837.65,3840.0
2022-07-21 12:21:00,44.6,44.6,44.6,44.6,0,20.144864,27200,3840.0,3840.0
2022-07-21 12:22:00,44.6,44.6,44.6,44.6,0,20.144864,27200,3839.95,3840.0
2022-07-21 12:23:00,44.6,44.6,44.6,44.6,0,20.144864,27200,3834.0,3830.0
2022-07-21 12:24:00,44.6,44.6,44.6,44.6,0,20.144864,27200,3835.1,3840.0
2022-07-21 12:25:00,44.6,44.6,44.6,44.6,0,20.144864,27200,3834.15,3830.0
2022-07-21 12:26:00,44.6,44.6,44.6,44.6,0,20.144864,27200,3835.0,3840.0
2022-07-21 12:27:00,44.6,44.6,44.6,44.6,0,20.144864,27200,3834.0,3830.0
2022-07-21 12:28:00,44.6,44.6,44.6,44.6,0,20.144864,27200,3835.0,3840.0
2022-07-21 12:29:00,44.6,44.6,44.6,44.6,0,20.144864,27200,3835.0,3840.0
2022-07-21 12:30:00,44.6,44.6,44.6,44.6,0,20.144864,27200,3834.15,3830.0
2022-07-21 12:31:00,44.6,44.6,44.6,44.6,0,20.144864,27200,3835.0,3840.0
2022-07-21 12:32:00,44.6,44.6,44.6,44.6,0,20.144864,27200,3835.0,3840.0
2022-07-21 12:33:00,44.6,44.6,44.6,44.6,0,20.144864,27200,3835.0,3840.0
2022-07-21 12:34:00,44.6,44.6,44.6,44.6,0,20.144864,27200,3834.8,3830.0
2022-07-21 12:35:00,44.6,44.6,44.6,44.6,0,20.144864,27200,3834.8,3830.0
2022-07-21 12:36:00,44.6,44.6,44.6,44.6,0,20.144864,27200,3830.05,3830.0
2022-07-21 12:37:00,44.6,44.6,44.6,44.6,0,20.144864,27200,3831.7,3830.0
2022-07-21 12:38:00,44.6,44.6,44.6,44.6,0,20.144864,27200,3833.4,3830.0
2022-07-21 12:39:00,44.6,44.6,44.6,44.6,0,20.144864,27200,3832.8,3830.0
2022-07-21 12:40:00,44.6,44.6,44.6,44.6,0,20.144864,27200,3832.85,3830.0
2022-07-21 12:41:00,44.6,44.6,44.6,44.6,0,20.144864,27200,3832.4,3830.0
2022-07-21 12:42:00,44.6,44.6,44.6,44.6,0,20.144864,27200,3834.0,3830.0
2022-07-21 12:43:00,44.6,44.6,44.6,44.6,0,20.144864,27200,3834.0,3830.0
2022-07-21 12:44:00,44.6,44.6,44.6,44.6,0,20.144864,27200,3834.0,3830.0
2022-07-21 12:45:00,44.6,44.6,44.6,44.6,0,20.144864,27200,3833.6,3830.0
2022-07-21 12:46:00,44.6,44.6,44.6,44.6,0,20.144864,27200,3833.5,3830.0
2022-07-21 12:47:00,44.6,44.6,44.6,44.6,0,20.144864,27200,3833.1,3830.0
2022-07-21 12:48:00,44.6,44.6,44.6,44.6,0,20.144864,27200,3834.3,3830.0
2022-07-21 12:49:00,44.6,44.6,44.6,44.6,0,20.144864,27200,3834.3,3830.0
2022-07-21 12:50:00,44.6,44.6,44.6,44.6,0,20.144864,27200,3834.4,3830.0
2022-07-21 12:51:00,44.6,44.6,44.6,44.6,0,20.144864,27200,3835.0,3840.0
2022-07-21 12:52:00,44.6,44.6,44.6,44.6,0,20.144864,27200,3835.0,3840.0
2022-07-21 12:53:00,44.6,44.6,44.6,44.6,0,20.144864,27200,3834.25,3830.0
2022-07-21 12:54:00,44.6,44.6,44.6,44.6,0,20.144864,27200,3834.0,3830.0
2022-07-21 12:55:00,44.6,44.6,44.6,44.6,0,20.144864,27200,3834.05,3830.0
2022-07-21 12:56:00,44.6,44.6,44.6,44.6,0,20.144864,27200,3832.8,3830.0
2022-07-21 12:57:00,44.6,44.6,44.6,44.6,0,20.144864,27200,3832.9,3830.0
2022-07-21 12:58:00,44.6,44.6,44.6,44.6,0,20.144864,27200,3833.8,3830.0
2022-07-21 12:59:00,44.6,44.6,44.6,44.6,0,20.144864,27200,3833.4,3830.0
2022-07-21 13:00:00,44.6,44.6,44.6,44.6,0,20.144864,27200,3831.65,3830.0
2022-07-21 13:01:00,44.6,44.6,44.6,44.6,0,20.144864,27200,3830.25,3830.0
2022-07-21 13:02:00,44.6,44.6,44.6,44.6,0,20.144864,27200,3830.6,3830.0
2022-07-21 13:03:00,44.6,44.6,44.6,44.6,0,20.144864,27200,3830.05,3830.0
2022-07-21 13:04:00,44.6,44.6,44.6,44.6,0,20.144864,27200,3830.05,3830.0
2022-07-21 13:05:00,44.6,44.6,44.6,44.6,0,20.144864,27200,3831.2,3830.0
2022-07-21 13:06:00,44.6,44.6,44.6,44.6,0,20.144864,27200,3834.0,3830.0
2022-07-21 13:07:00,44.6,44.6,44.6,44.6,0,20.144864,27200,3833.0,3830.0
2022-07-21 13:08:00,44.6,44.6,44.6,44.6,0,20.144864,27200,3833.25,3830.0
2022-07-21 13:09:00,44.6,44.6,44.6,44.6,0,20.144864,27200,3832.15,3830.0
2022-07-21 13:10:00,44.6,44.6,44.6,44.6,0,20.144864,27200,3834.8,3830.0
2022-07-21 13:11:00,44.6,44.6,44.6,44.6,0,20.144864,27200,3832.4,3830.0
2022-07-21 13:12:00,44.6,44.6,44.6,44.6,0,20.144864,27200,3831.0,3830.0
2022-07-21 13:13:00,44.6,44.6,44.6,44.6,0,20.144864,27200,3831.55,3830.0
2022-07-21 13:14:00,44.6,44.6,44.6,44.6,0,20.144864,27200,3831.6,3830.0
2022-07-21 13:15:00,44.6,44.6,44.6,44.6,0,20.144864,27200,3832.0,3830.0
2022-07-21 13:16:00,44.6,44.6,44.6,44.6,0,20.144864,27200,3832.0,3830.0
2022-07-21 13:17:00,44.6,44.6,44.6,44.6,0,20.144864,27200,3834.55,3830.0
2022-07-21 13:18:00,44.6,44.6,44.6,44.6,0,20.144864,27200,3834.5,3830.0
2022-07-21 13:19:00,44.6,44.6,44.6,44.6,0,20.144864,27200,3830.65,3830.0
2022-07-21 13:20:00,44.6,44.6,44.6,44.6,0,20.144864,27200,3829.15,3830.0
2022-07-21 13:21:00,44.6,44.6,44.6,44.6,0,20.144864,27200,3829.1,3830.0
2022-07-21 13:22:00,44.6,44.6,44.6,44.6,0,20.144864,27200,3833.0,3830.0
2022-07-21 13:23:00,44.6,44.6,44.6,44.6,0,20.144864,27200,3832.2,3830.0
2022-07-21 13:24:00,44.6,44.6,44.6,44.6,0,20.144864,27200,3833.0,3830.0
2022-07-21 13:25:00,44.6,44.6,44.6,44.6,0,20.144864,27200,3832.95,3830.0
2022-07-21 13:26:00,44.6,44.6,44.6,44.6,0,20.144864,27200,3833.0,3830.0
2022-07-21 13:27:00,44.6,44.6,44.6,44.6,0,20.144864,27200,3833.25,3830.0
2022-07-21 13:28:00,44.6,44.6,44.6,44.6,0,20.144864,27200,3833.0,3830.0
2022-07-21 13:29:00,44.6,44.6,44.6,44.6,0,20.144864,27200,3832.0,3830.0
2022-07-21 13:30:00,44.6,44.6,44.6,44.6,0,20.144864,27200,3830.0,3830.0
2022-07-21 13:31:00,44.6,44.6,44.6,44.6,0,20.144864,27200,3830.15,3830.0
2022-07-21 13:32:00,44.6,44.6,44.6,44.6,0,20.144864,27200,3832.75,3830.0
2022-07-21 13:33:00,44.6,44.6,44.6,44.6,0,20.144864,27200,3831.15,3830.0
2022-07-21 13:34:00,44.6,44.6,44.6,44.6,0,20.144864,27200,3830.8,3830.0
2022-07-21 13:35:00,44.6,44.6,44.6,44.6,0,20.144864,27200,3830.0,3830.0
2022-07-21 13:36:00,44.6,44.6,44.6,44.6,0,20.144864,27200,3829.4,3830.0
2022-07-21 13:37:00,44.6,44.6,44.6,44.6,0,20.144864,27200,3829.0,3830.0
2022-07-21 13:38:00,44.6,44.6,44.6,44.6,0,20.144864,27200,3827.7,3830.0
2022-07-21 13:39:00,44.6,44.6,44.6,44.6,0,20.144864,27200,3823.95,3820.0
2022-07-21 13:40:00,44.6,44.6,44.6,44.6,0,20.144864,27200,3824.1,3820.0
2022-07-21 13:41:00,44.6,44.6,44.6,44.6,0,20.144864,27200,3821.9,3820.0
2022-07-21 13:42:00,44.6,44.6,44.6,44.6,0,20.144864,27200,3822.3,3820.0
2022-07-21 13:43:00,44.6,44.6,44.6,44.6,0,20.144864,27200,3827.85,3830.0
2022-07-21 13:44:00,44.6,44.6,44.6,44.6,0,20.144864,27200,3833.0,3830.0
2022-07-21 13:45:00,44.6,44.6,44.6,44.6,0,20.144864,27200,3833.0,3830.0
2022-07-21 13:46:00,44.6,44.6,44.6,44.6,0,20.144864,27200,3831.5,3830.0
2022-07-21 13:47:00,44.6,44.6,44.6,44.6,0,20.144864,27200,3834.5,3830.0
2022-07-21 13:48:00,44.6,44.6,44.6,44.6,0,20.144864,27200,3833.8,3830.0
2022-07-21 13:49:00,44.6,44.6,44.6,44.6,0,20.144864,27200,3831.35,3830.0
2022-07-21 13:50:00,44.6,44.6,44.6,44.6,0,20.144864,27200,3831.7,3830.0
2022-07-21 13:51:00,44.6,44.6,44.6,44.6,0,20.144864,27200,3834.45,3830.0
2022-07-21 13:52:00,44.6,44.6,44.6,44.6,0,20.144864,27200,3834.5,3830.0
2022-07-21 13:53:00,44.6,44.6,44.6,44.6,0,20.144864,27200,3830.0,3830.0
2022-07-21 13:54:00,44.6,44.6,44.6,44.6,0,20.144864,27200,3828.5,3830.0
2022-07-21 13:55:00,44.6,44.6,44.6,44.6,0,20.144864,27200,3829.8,3830.0
2022-07-21 13:56:00,44.6,44.6,44.6,44.6,0,20.144864,27200,3833.15,3830.0
2022-07-21 13:57:00,44.6,44.6,44.6,44.6,0,20.144864,27200,3834.15,3830.0
2022-07-21 13:58:00,44.6,44.6,44.6,44.6,0,20.144864,27200,3837.8,3840.0
2022-07-21 13:59:00,44.6,44.6,44.6,44.6,0,20.144864,27200,3837.75,3840.0
2022-07-21 14:00:00,44.6,44.6,44.6,44.6,0,20.144864,27200,3838.0,3840.0
2022-07-21 14:01:00,44.6,44.6,44.6,44.6,0,20.144864,27200,3838.0,3840.0
2022-07-21 14:02:00,44.6,44.6,44.6,44.6,0,20.144864,27200,3838.0,3840.0
2022-07-21 14:03:00,44.6,44.6,44.6,44.6,0,20.144864,27200,3838.0,3840.0
2022-07-21 14:04:00,44.6,44.6,44.6,44.6,0,20.144864,27200,3838.5,3840.0
2022-07-21 14:05:00,44.6,44.6,44.6,44.6,0,20.144864,27200,3839.7,3840.0
2022-07-21 14:06:00,44.6,44.6,44.6,44.6,0,20.144864,27200,3840.0,3840.0
2022-07-21 14:07:00,44.6,44.6,44.6,44.6,0,20.144864,27200,3839.95,3840.0
2022-07-21 14:08:00,44.6,44.6,44.6,44.6,0,20.144864,27200,3841.15,3840.0
2022-07-21 14:09:00,44.6,44.6,44.6,44.6,0,20.144864,27200,3845.0,3850.0
2022-07-21 14:10:00,44.6,44.6,44.6,44.6,0,20.144864,27200,3845.0,3850.0
2022-07-21 14:11:00,44.6,44.6,44.6,44.6,0,20.144864,27200,3843.6,3840.0
2022-07-21 14:12:00,44.6,44.6,44.6,44.6,0,20.144864,27200,3843.5,3840.0
2022-07-21 14:13:00,44.6,44.6,44.6,44.6,0,20.144864,27200,3844.05,3840.0
2022-07-21 14:14:00,44.6,44.6,44.6,44.6,0,20.144864,27200,3845.0,3850.0
2022-07-21 14:15:00,44.6,44.6,44.6,44.6,0,20.144864,27200,3846.65,3850.0
2022-07-21 14:16:00,44.6,44.6,44.6,44.6,0,20.144864,27200,3848.2,3850.0
2022-07-21 14:17:00,44.6,44.6,44.6,44.6,0,20.144864,27200,3848.2,3850.0
2022-07-21 14:18:00,44.6,44.6,44.6,44.6,0,20.144864,27200,3846.65,3850.0
2022-07-21 14:19:00,44.6,44.6,44.6,44.6,0,20.144864,27200,3844.95,3840.0
2022-07-21 14:20:00,44.6,44.6,44.6,44.6,0,20.144864,27200,3844.95,3840.0
2022-07-21 14:21:00,44.6,44.6,44.6,44.6,0,20.144864,27200,3844.55,3840.0
2022-07-21 14:22:00,44.6,44.6,44.6,44.6,0,20.144864,27200,3844.55,3840.0
2022-07-21 14:23:00,44.6,44.6,44.6,44.6,0,20.144864,27200,3845.0,3850.0
2022-07-21 14:24:00,44.6,44.6,44.6,44.6,0,20.144864,27200,3845.0,3850.0
2022-07-21 14:25:00,44.6,44.6,44.6,44.6,0,20.144864,27200,3844.7,3840.0
2022-07-21 14:26:00,44.6,44.6,44.6,44.6,0,20.144864,27200,3846.6,3850.0
2022-07-21 14:27:00,44.6,44.6,44.6,44.6,0,20.144864,27200,3847.05,3850.0
2022-07-21 14:28:00,44.6,44.6,44.6,44.6,0,20.144864,27200,3846.4,3850.0
2022-07-21 14:29:00,44.6,44.6,44.6,44.6,0,20.144864,27200,3847.15,3850.0
2022-07-21 14:30:00,44.6,44.6,44.6,44.6,0,20.144864,27200,3849.0,3850.0
2022-07-21 14:31:00,44.6,44.6,44.6,44.6,0,20.144864,27200,3849.75,3850.0
2022-07-21 14:32:00,44.6,44.6,44.6,44.6,0,20.144864,27200,3850.0,3850.0
2022-07-21 14:33:00,44.6,44.6,44.6,44.6,0,20.144864,27200,3850.1,3850.0
2022-07-21 14:34:00,44.6,44.6,44.6,44.6,0,20.144864,27200,3850.6,3850.0
2022-07-21 14:35:00,44.6,44.6,44.6,44.6,0,20.144864,27200,3851.8,3850.0
2022-07-21 14:36:00,44.6,44.6,44.6,44.6,0,20.144864,27200,3851.0,3850.0
2022-07-21 14:37:00,44.6,44.6,44.6,44.6,0,20.144864,27200,3849.0,3850.0
2022-07-21 14:38:00,44.6,44.6,44.6,44.6,0,20.144864,27200,3845.7,3850.0
2022-07-21 14:39:00,44.6,44.6,44.6,44.6,0,20.144864,27200,3841.25,3840.0
2022-07-21 14:40:00,44.6,44.6,44.6,44.6,0,20.144864,27200,3846.5,3850.0
2022-07-21 14:41:00,44.6,44.6,44.6,44.6,0,20.144864,27200,3844.9,3840.0
2022-07-21 14:42:00,44.6,44.6,44.6,44.6,0,20.144864,27200,3846.95,3850.0
2022-07-21 14:43:00,44.6,44.6,44.6,44.6,0,20.144864,27200,3847.3,3850.0
2022-07-21 14:44:00,44.6,44.6,44.6,44.6,0,20.144864,27200,3846.6,3850.0
2022-07-21 14:45:00,44.6,44.6,44.6,44.6,0,20.144864,27200,3843.0,3840.0
2022-07-21 14:46:00,44.6,44.6,44.6,44.6,0,20.144864,27200,3842.1,3840.0
2022-07-21 14:47:00,44.6,44.6,44.6,44.6,0,20.144864,27200,3842.55,3840.0
2022-07-21 14:48:00,44.6,44.6,44.6,44.6,0,20.144864,27200,3842.25,3840.0
2022-07-21 14:49:00,44.6,44.6,44.6,44.6,0,20.144864,27200,3840.0,3840.0
2022-07-21 14:50:00,44.6,44.6,44.6,44.6,0,20.144864,27200,3842.0,3840.0
2022-07-21 14:51:00,44.6,44.6,44.6,44.6,0,20.144864,27200,3840.05,3840.0
2022-07-21 14:52:00,44.6,44.6,44.6,44.6,0,20.144864,27200,3840.95,3840.0
2022-07-21 14:53:00,44.6,44.6,44.6,44.6,0,20.144864,27200,3842.95,3840.0
2022-07-21 14:54:00,44.6,44.6,44.6,44.6,0,20.144864,27200,3841.95,3840.0
2022-07-21 14:55:00,44.6,44.6,44.6,44.6,0,20.144864,27200,3845.0,3850.0
2022-07-21 14:56:00,44.6,44.6,44.6,44.6,0,20.144864,27200,3844.9,3840.0
2022-07-21 14:57:00,44.6,44.6,44.6,44.6,0,20.144864,27200,3842.85,3840.0
2022-07-21 14:58:00,44.6,44.6,44.6,44.6,0,20.144864,27200,3839.4,3840.0
2022-07-21 14:59:00,44.6,44.6,44.6,44.6,0,20.144864,27200,3838.25,3840.0
2022-07-21 15:00:00,44.6,44.6,44.6,44.6,0,20.144864,27200,3832.35,3830.0
2022-07-21 15:01:00,44.6,44.6,44.6,44.6,0,20.144864,27200,3831.05,3830.0
2022-07-21 15:02:00,44.6,44.6,44.6,44.6,0,20.144864,27200,3832.4,3830.0
2022-07-21 15:03:00,44.6,44.6,44.6,44.6,0,20.144864,27200,3837.1,3840.0
2022-07-21 15:04:00,44.6,44.6,44.6,44.6,0,20.144864,27200,3843.9,3840.0
2022-07-21 15:05:00,44.6,44.6,44.6,44.6,0,20.144864,27200,3847.2,3850.0
2022-07-21 15:06:00,44.6,44.6,44.6,44.6,0,20.144864,27200,3848.95,3850.0
2022-07-21 15:07:00,44.6,44.6,44.6,44.6,0,20.144864,27200,3853.1,3850.0
2022-07-21 15:08:00,44.6,44.6,44.6,44.6,0,20.144864,27200,3860.95,3860.0
2022-07-21 15:09:00,44.6,44.6,44.6,44.6,0,20.144864,27200,3857.05,3860.0
2022-07-21 15:10:00,44.6,44.6,44.6,44.6,0,20.144864,27200,3853.95,3850.0
2022-07-21 15:11:00,44.6,44.6,44.6,44.6,0,20.144864,27200,3864.0,3860.0
2022-07-21 15:12:00,44.6,44.6,44.6,44.6,0,20.144864,27200,3860.9,3860.0
2022-07-21 15:13:00,44.6,44.6,44.6,44.6,0,20.144864,27200,3858.4,3860.0
2022-07-21 15:14:00,44.6,44.6,44.6,44.6,0,20.144864,27200,3863.45,3860.0
2022-07-21 15:15:00,44.6,44.6,44.6,44.6,0,20.144864,27200,3860.7,3860.0
2022-07-21 15:16:00,44.6,44.6,44.6,44.6,0,20.144864,27200,3860.65,3860.0
2022-07-21 15:17:00,44.6,44.6,44.6,44.6,0,20.144864,27200,3860.75,3860.0
2022-07-21 15:18:00,44.6,44.6,44.6,44.6,0,20.144864,27200,3865.0,3870.0
2022-07-21 15:19:00,44.6,44.6,44.6,44.6,0,20.144864,27200,3863.4,3860.0
2022-07-21 15:20:00,44.6,44.6,44.6,44.6,0,20.144864,27200,3857.5,3860.0
2022-07-21 15:21:00,44.6,44.6,44.6,44.6,0,20.144864,27200,3859.0,3860.0
2022-07-21 15:22:00,44.6,44.6,44.6,44.6,0,20.144864,27200,3859.0,3860.0
2022-07-21 15:23:00,44.6,44.6,44.6,44.6,0,20.144864,27200,3854.35,3850.0
2022-07-21 15:24:00,44.6,44.6,44.6,44.6,0,20.144864,27200,3859.0,3860.0
2022-07-21 15:25:00,44.6,44.6,44.6,44.6,0,20.144864,27200,3858.9,3860.0
2022-07-21 15:26:00,44.6,44.6,44.6,44.6,0,20.144864,27200,3859.0,3860.0
2022-07-21 15:27:00,44.6,44.6,44.6,44.6,0,20.144864,27200,3853.45,3850.0
2022-07-21 15:28:00,44.6,44.6,44.6,44.6,0,20.144864,27200,3843.3,3840.0
2022-07-21 15:29:00,44.6,44.6,44.6,44.6,0,20.144864,27200,3840.0,3840.0
