datetime,open,high,low,close,volume,iv,oi,spot,strike
2026-01-27 09:15:00,6.8,6.8,5.95,5.95,4500,41.853596,344250,930.4,930.0
2026-01-27 09:16:00,3.6,5.95,3.6,3.6,3000,30.692523,345000,928.7,930.0
2026-01-27 09:17:00,3.6,3.6,3.6,3.6,0,37.618999,345000,926.55,930.0
2026-01-27 09:18:00,4.05,4.05,3.6,4.05,3750,36.930704,345000,927.85,930.0
2026-01-27 09:19:00,4.1,4.1,4.05,4.1,1500,43.186404,345000,926.0,930.0
2026-01-27 09:20:00,7.9,7.9,7.9,7.9,0,37.465538,152250,924.85,920.0
2026-01-27 09:21:00,7.9,7.9,7.9,7.9,0,46.612882,152250,922.95,920.0
2026-01-27 09:22:00,7.9,7.9,7.9,7.9,0,40.089056,152250,924.35,920.0
2026-01-27 09:23:00,7.9,7.9,7.9,7.9,0,46.236746,151500,923.05,920.0
2026-01-27 09:24:00,7.9,7.9,7.9,7.9,0,50.588777,151500,922.05,920.0
2026-01-27 09:25:00,7.9,7.9,7.9,7.9,0,49.358186,151500,922.35,920.0
2026-01-27 09:26:00,7.9,7.9,7.9,7.9,0,52.933966,151500,921.5,920.0
2026-01-27 09:27:00,7.9,7.9,7.9,7.9,0,51.741802,151500,921.8,920.0
2026-01-27 09:28:00,7.9,7.9,7.9,7.9,0,53.822599,151500,921.3,920.0
2026-01-27 09:29:00,7.9,7.9,7.9,7.9,0,55.263089,151500,920.95,920.0
2026-01-27 09:30:00,7.9,7.9,7.9,7.9,0,59.190182,151500,919.95,920.0
2026-01-27 09:31:00,7.9,7.9,7.9,7.9,0,54.946292,151500,921.05,920.0
2026-01-27 09:32:00,7.9,7.9,7.9,7.9,0,58.512107,151500,920.15,920.0
2026-01-27 09:33:00,7.9,7.9,7.9,7.9,0,52.179323,151500,921.75,920.0
2026-01-27 09:34:00,7.9,7.9,7.9,7.9,0,52.631591,151500,921.65,920.0
2026-01-27 09:35:00,7.9,7.9,7.9,7.9,0,46.649934,150750,923.05,920.0
2026-01-27 09:36:00,7.9,7.9,7.9,7.9,0,37.916677,150750,924.85,920.0
2026-01-27 09:37:00,4.6,4.7,4.6,4.6,6000,50.426436,321750,925.1,930.0
2026-01-27 09:38:00,4.5,4.6,4.5,4.5,9750,41.73197,321750,927.6,930.0
2026-01-27 09:39:00,4.85,4.85,4.5,4.85,1500,44.2547,321750,927.65,930.0
2026-01-27 09:40:00,5.15,5.15,4.85,4.9,8250,41.400788,318750,928.6,930.0
2026-01-27 09:41:00,4.9,4.9,4.9,4.9,0,48.657164,318750,926.45,930.0
2026-01-27 09:42:00,4.9,4.9,4.9,4.9,0,46.405489,318750,927.15,930.0
2026-01-27 09:43:00,4.9,4.9,4.9,4.9,0,40.4304,318750,928.9,930.0
2026-01-27 09:44:00,4.9,4.9,4.9,4.9,0,40.639509,312000,928.85,930.0
2026-01-27 09:45:00,4.9,4.9,4.9,4.9,0,43.815099,312000,927.95,930.0
2026-01-27 09:46:00,4.9,4.9,4.9,4.9,0,40.342955,312000,928.95,930.0
2026-01-27 09:47:00,5.1,5.1,4.9,5.1,30750,35.059536,312000,930.75,930.0
2026-01-27 09:48:00,5.1,5.1,5.1,5.1,0,34.884734,312000,930.8,930.0
2026-01-27 09:49:00,5.1,5.1,5.1,5.1,0,37.090592,309000,930.25,930.0
2026-01-27 09:50:00,5.15,5.15,5.1,5.15,15000,42.179462,309000,929.0,930.0
2026-01-27 09:51:00,4.45,5.15,4.45,4.45,9750,39.719087,309000,928.2,930.0
2026-01-27 09:52:00,4.45,4.45,4.45,4.45,0,36.932266,302250,929.0,930.0
2026-01-27 09:53:00,4.45,4.45,4.45,4.45,0,37.140333,302250,928.95,930.0
2026-01-27 09:54:00,4.45,4.45,4.45,4.45,0,39.810359,302250,928.2,930.0
2026-01-27 09:55:00,3.75,4.45,3.75,3.75,6750,36.653617,302250,927.55,930.0
2026-01-27 09:56:00,3.6,3.75,3.6,3.6,2250,37.142718,302250,927.05,930.0
2026-01-27 09:57:00,3.8,3.8,3.6,3.8,3750,37.427328,302250,927.45,930.0
2026-01-27 09:58:00,3.8,3.8,3.8,3.8,0,38.600211,302250,927.1,930.0
2026-01-27 09:59:00,3.8,3.8,3.8,3.8,0,37.485131,302250,927.45,930.0
2026-01-27 10:00:00,3.8,3.8,3.8,3.8,0,36.350156,306000,927.8,930.0
2026-01-27 10:01:00,3.8,3.8,3.8,3.8,0,33.462273,306000,928.65,930.0
2026-01-27 10:02:00,3.8,3.8,3.8,3.8,0,35.391578,306000,928.1,930.0
2026-01-27 10:03:00,3.8,3.8,3.8,3.8,0,31.728991,306000,929.15,930.0
2026-01-27 10:04:00,3.8,3.8,3.8,3.8,0,33.364437,306000,928.7,930.0
2026-01-27 10:05:00,3.8,3.8,3.8,3.8,0,31.596715,306000,929.2,930.0
2026-01-27 10:06:00,3.8,3.8,3.8,3.8,0,37.523681,306000,927.5,930.0
2026-01-27 10:07:00,3.9,3.9,3.8,3.9,8250,36.476324,306750,928.05,930.0
2026-01-27 10:08:00,3.9,3.9,3.9,3.9,0,40.013841,306750,927.0,930.0
2026-01-27 10:09:00,3.9,3.9,3.9,3.9,0,38.892963,306750,927.35,930.0
2026-01-27 10:10:00,3.9,3.9,3.9,3.9,0,41.051877,306750,926.7,930.0
2026-01-27 10:11:00,3.25,3.9,3.25,3.25,750,34.003295,307500,927.3,930.0
2026-01-27 10:12:00,10.85,10.85,10.85,10.85,0,71.409662,139500,923.0,920.0
2026-01-27 10:13:00,2.5,3.25,2.5,2.5,27000,33.490346,308250,925.5,930.0
2026-01-27 10:14:00,2.5,2.5,2.5,2.5,0,27.796793,308250,927.4,930.0
2026-01-27 10:15:00,3.75,4.0,2.5,4.0,6000,38.00275,308250,927.9,930.0
2026-01-27 10:16:00,4.0,4.0,4.0,4.0,0,37.170283,306750,928.15,930.0
2026-01-27 10:17:00,4.0,4.0,4.0,4.0,0,37.199851,306750,928.15,930.0
2026-01-27 10:18:00,4.0,4.0,4.0,4.0,0,36.001344,306750,928.5,930.0
2026-01-27 10:19:00,4.45,4.45,4.0,4.45,28500,43.702693,304500,927.3,930.0
2026-01-27 10:20:00,5.05,5.05,4.45,5.05,3750,47.936348,304500,927.45,930.0
2026-01-27 10:21:00,5.45,5.45,5.05,5.45,6000,54.19739,304500,926.55,930.0
2026-01-27 10:22:00,5.2,5.45,5.2,5.2,750,50.56825,304500,927.05,930.0
2026-01-27 10:23:00,5.2,5.2,5.2,5.2,750,56.271655,308250,925.35,930.0
2026-01-27 10:24:00,7.25,7.25,7.25,7.25,0,32.914303,138750,925.0,920.0
2026-01-27 10:25:00,4.5,5.2,4.5,4.5,5250,51.040776,308250,925.25,930.0
2026-01-27 10:26:00,8.7,8.7,8.7,8.7,0,45.33173,135000,925.0,920.0
2026-01-27 10:27:00,8.7,8.7,8.7,8.7,0,47.97552,135000,924.5,920.0
2026-01-27 10:28:00,8.7,8.7,8.7,8.7,0,53.85342,135000,923.3,920.0
2026-01-27 10:29:00,8.7,8.7,8.7,8.7,0,61.878677,135000,921.5,920.0
2026-01-27 10:30:00,8.7,8.7,8.7,8.7,0,60.433034,135000,921.85,920.0
2026-01-27 10:31:00,8.7,8.7,8.7,8.7,0,58.519806,135000,922.3,920.0
2026-01-27 10:32:00,8.7,8.7,8.7,8.7,0,52.132678,135000,923.7,920.0
2026-01-27 10:33:00,8.7,8.7,8.7,8.7,0,55.920984,135000,922.9,920.0
2026-01-27 10:34:00,8.7,8.7,8.7,8.7,0,58.44102,135000,922.35,920.0
2026-01-27 10:35:00,6.2,8.7,6.2,6.2,1500,36.807659,135000,922.7,920.0
2026-01-27 10:36:00,6.2,6.2,6.2,6.2,0,37.561544,135000,922.55,920.0
2026-01-27 10:37:00,6.2,6.2,6.2,6.2,0,35.385708,135000,923.0,920.0
2026-01-27 10:38:00,6.2,6.2,6.2,6.2,0,33.617252,135000,923.35,920.0
2026-01-27 10:39:00,6.2,6.2,6.2,6.2,0,35.94497,135000,922.9,920.0
2026-01-27 10:40:00,6.2,6.2,6.2,6.2,0,38.401216,135000,922.4,920.0
2026-01-27 10:41:00,6.2,6.2,6.2,6.2,0,44.488875,135000,921.05,920.0
2026-01-27 10:42:00,6.2,6.2,6.2,6.2,0,43.012335,135000,921.4,920.0
2026-01-27 10:43:00,6.2,6.2,6.2,6.2,0,43.266554,135000,921.35,920.0
2026-01-27 10:44:00,6.2,6.2,6.2,6.2,0,44.813141,135000,921.0,920.0
2026-01-27 10:45:00,6.2,6.2,6.2,6.2,0,46.953545,135000,920.5,920.0
2026-01-27 10:46:00,5.7,6.2,5.7,5.7,750,45.049022,135000,920.0,920.0
2026-01-27 10:47:00,5.7,5.7,5.7,5.7,0,43.244147,135000,920.45,920.0
2026-01-27 10:48:00,5.7,5.7,5.7,5.7,0,43.487533,135000,920.4,920.0
2026-01-27 10:49:00,5.7,5.7,5.7,5.7,0,39.017949,135000,921.45,920.0
2026-01-27 10:50:00,5.7,5.7,5.7,5.7,0,42.515569,135000,920.65,920.0
2026-01-27 10:51:00,5.7,5.7,5.7,5.7,0,47.039945,135000,919.55,920.0
2026-01-27 10:52:00,6.4,6.4,5.7,6.4,1500,52.296691,135000,919.65,920.0
2026-01-27 10:53:00,6.4,6.4,6.4,6.4,0,57.957294,135000,918.2,920.0
2026-01-27 10:54:00,6.4,6.4,6.4,6.4,0,58.756668,135000,918.0,920.0
2026-01-27 10:55:00,6.4,6.4,6.4,6.4,0,58.618635,135000,918.05,920.0
2026-01-27 10:56:00,6.4,6.4,6.4,6.4,0,60.343821,135000,917.6,920.0
2026-01-27 10:57:00,6.4,6.4,6.4,6.4,0,55.084458,135000,919.0,920.0
2026-01-27 10:58:00,6.5,6.5,6.4,6.5,1500,56.133072,135000,918.95,920.0
2026-01-27 10:59:00,6.5,6.5,6.5,6.5,0,57.726968,135000,918.55,920.0
2026-01-27 11:00:00,6.5,6.5,6.5,6.5,0,58.540926,135000,918.35,920.0
2026-01-27 11:01:00,6.5,6.5,6.5,6.5,0,57.439751,135000,918.65,920.0
2026-01-27 11:02:00,5.0,6.5,5.0,5.0,1500,48.482413,135000,917.8,920.0
2026-01-27 11:03:00,5.0,5.0,5.0,5.0,0,51.230893,135000,917.05,920.0
2026-01-27 11:04:00,5.0,5.0,5.0,5.0,0,51.096244,135000,917.1,920.0
2026-01-27 11:05:00,5.0,5.0,5.0,5.0,0,52.382199,135000,916.75,920.0
2026-01-27 11:06:00,3.5,5.0,3.5,3.5,6000,41.434869,135000,916.3,920.0
2026-01-27 11:07:00,3.5,3.5,3.5,3.5,0,42.623722,135000,915.95,920.0
2026-01-27 11:08:00,3.5,3.5,3.5,3.5,0,42.332062,135000,916.05,920.0
2026-01-27 11:09:00,3.5,3.5,3.5,3.5,0,39.864305,135000,916.8,920.0
2026-01-27 11:10:00,3.5,3.5,3.5,3.5,0,39.898727,135000,916.8,920.0
2026-01-27 11:11:00,3.5,3.5,3.5,3.5,0,39.933213,135000,916.8,920.0
2026-01-27 11:12:00,4.1,4.1,3.5,4.1,2250,45.528086,135750,916.65,920.0
2026-01-27 11:13:00,4.1,4.1,4.1,4.1,0,46.255478,135750,916.45,920.0
2026-01-27 11:14:00,4.1,4.1,4.1,4.1,750,47.657909,135750,916.05,920.0
2026-01-27 11:15:00,4.1,4.1,4.1,4.1,0,48.205749,135750,915.9,920.0
2026-01-27 11:16:00,4.1,4.1,4.1,4.1,0,40.882844,135750,918.0,920.0
2026-01-27 11:17:00,5.5,5.5,4.1,5.5,3000,50.979144,135000,918.4,920.0
2026-01-27 11:18:00,5.5,5.5,5.5,5.5,0,47.504303,135000,919.3,920.0
2026-01-27 11:19:00,5.5,5.5,5.5,5.5,0,48.341408,135000,919.1,920.0
2026-01-27 11:20:00,5.95,5.95,5.5,5.95,750,54.051496,136500,918.6,920.0
2026-01-27 11:21:00,5.95,5.95,5.95,5.95,0,51.531908,136500,919.25,920.0
2026-01-27 11:22:00,5.95,5.95,5.95,5.95,0,51.175352,136500,919.35,920.0
2026-01-27 11:23:00,5.95,5.95,5.95,5.95,0,48.140306,137250,920.1,920.0
2026-01-27 11:24:00,4.7,5.95,4.7,4.7,750,37.463241,137250,920.2,920.0
2026-01-27 11:25:00,4.7,4.7,4.7,4.7,0,42.380626,137250,919.0,920.0
2026-01-27 11:26:00,4.7,4.7,4.7,4.7,0,38.78715,136500,919.9,920.0
2026-01-27 11:27:00,4.7,4.7,4.7,4.7,0,40.46112,136500,919.5,920.0
2026-01-27 11:28:00,4.7,4.7,4.7,4.7,0,36.310499,136500,920.5,920.0
2026-01-27 11:29:00,4.7,4.7,4.7,4.7,0,40.533441,136500,919.5,920.0
2026-01-27 11:30:00,4.7,4.7,4.7,4.7,0,38.926102,136500,919.9,920.0
2026-01-27 11:31:00,4.7,4.7,4.7,4.7,0,37.485515,136500,920.25,920.0
2026-01-27 11:32:00,4.7,4.7,4.7,4.7,0,37.944949,136500,920.15,920.0
2026-01-27 11:33:00,4.7,4.7,4.7,4.7,0,41.688997,135750,919.25,920.0
2026-01-27 11:34:00,4.7,4.7,4.7,4.7,0,43.7062,135750,918.75,920.0
2026-01-27 11:35:00,4.7,4.7,4.7,4.7,0,40.343841,135750,919.6,920.0
2026-01-27 11:36:00,4.7,4.7,4.7,4.7,0,42.800192,135750,919.0,920.0
2026-01-27 11:37:00,5.05,5.05,4.7,5.05,4500,42.922273,135750,919.7,920.0
2026-01-27 11:38:00,5.05,5.05,5.05,5.05,0,48.550073,135750,918.3,920.0
2026-01-27 11:39:00,5.05,5.05,5.05,5.05,0,46.838433,135750,918.75,920.0
2026-01-27 11:40:00,4.75,5.05,4.75,4.75,750,44.363838,135750,918.75,920.0
2026-01-27 11:41:00,4.75,4.75,4.75,4.75,0,38.88795,136500,920.1,920.0
2026-01-27 11:42:00,4.6,4.75,4.6,4.6,3000,35.716381,136500,920.55,920.0
2026-01-27 11:43:00,4.6,4.6,4.6,4.6,0,37.058803,136500,920.25,920.0
2026-01-27 11:44:00,4.2,4.6,4.2,4.2,5250,31.976143,139500,920.65,920.0
2026-01-27 11:45:00,4.2,4.2,4.2,4.2,0,31.78087,139500,920.7,920.0
2026-01-27 11:46:00,4.2,4.2,4.2,4.2,0,33.145501,139500,920.4,920.0
2026-01-27 11:47:00,3.95,4.2,3.95,3.95,3000,28.347334,139500,921.0,920.0
2026-01-27 11:48:00,3.6,3.95,3.6,3.6,750,31.357084,139500,919.65,920.0
2026-01-27 11:49:00,3.6,3.6,3.6,3.6,0,35.378737,139500,918.65,920.0
2026-01-27 11:50:00,2.95,3.6,2.95,2.95,3000,30.822745,139500,918.4,920.0
2026-01-27 11:51:00,2.95,2.95,2.95,2.95,0,32.692136,139500,917.9,920.0
2026-01-27 11:52:00,2.95,2.95,2.95,2.95,0,34.865423,139500,917.3,920.0
2026-01-27 11:53:00,2.95,2.95,2.95,2.95,0,36.808363,138000,916.75,920.0
2026-01-27 11:54:00,1.3,2.95,1.3,1.3,3000,24.327185,138000,915.9,920.0
2026-01-27 11:55:00,1.55,1.55,1.3,1.55,1500,28.842674,138000,915.2,920.0
2026-01-27 11:56:00,1.5,1.55,1.5,1.55,4500,27.557791,141000,915.65,920.0
2026-01-27 11:57:00,1.5,1.55,1.5,1.5,1500,27.386877,141000,915.55,920.0
2026-01-27 11:58:00,1.8,1.8,1.5,1.8,9000,28.02764,141000,916.3,920.0
2026-01-27 11:59:00,1.9,1.9,1.8,1.9,2250,30.698678,141000,915.75,920.0
2026-01-27 12:00:00,1.9,1.9,1.9,1.9,750,30.727615,142500,915.75,920.0
2026-01-27 12:01:00,1.9,1.9,1.9,1.9,0,31.217159,142500,915.6,920.0
2026-01-27 12:02:00,1.9,1.9,1.9,1.9,0,25.667735,142500,917.35,920.0
2026-01-27 12:03:00,1.9,1.9,1.9,1.9,0,24.340477,144750,917.75,920.0
2026-01-27 12:04:00,1.9,1.9,1.9,1.9,6750,25.88363,144750,917.3,920.0
2026-01-27 12:05:00,1.9,1.9,1.9,1.9,0,25.237602,144750,917.5,920.0
2026-01-27 12:06:00,1.9,1.9,1.9,1.9,0,29.812592,144750,916.1,920.0
2026-01-27 12:07:00,1.9,1.9,1.9,1.9,0,29.209787,144750,916.3,920.0
2026-01-27 12:08:00,2.1,2.1,1.9,2.1,1500,31.267651,142500,916.25,920.0
2026-01-27 12:09:00,2.15,2.15,2.1,2.15,5250,32.40778,142500,916.05,920.0
2026-01-27 12:10:00,1.9,2.15,1.9,1.9,4500,28.97542,142500,916.4,920.0
2026-01-27 12:11:00,1.9,1.9,1.9,1.9,0,27.71174,142500,916.8,920.0
2026-01-27 12:12:00,1.75,1.9,1.75,1.75,1500,26.661592,143250,916.7,920.0
2026-01-27 12:13:00,1.75,1.75,1.75,1.75,0,24.566259,143250,917.35,920.0
2026-01-27 12:14:00,1.75,1.75,1.75,1.75,0,29.385915,143250,915.85,920.0
2026-01-27 12:15:00,1.75,1.75,1.75,1.75,0,30.182249,143250,915.6,920.0
2026-01-27 12:16:00,1.75,1.75,1.75,1.75,0,29.905208,143250,915.7,920.0
2026-01-27 12:17:00,1.75,1.75,1.75,1.75,0,30.546487,143250,915.5,920.0
2026-01-27 12:18:00,7.0,7.0,7.0,7.0,0,35.096135,66000,914.9,910.0
2026-01-27 12:19:00,7.0,7.0,7.0,7.0,0,39.633279,66000,914.2,910.0
2026-01-27 12:20:00,1.15,1.2,1.15,1.15,6750,25.527722,138750,915.15,920.0
2026-01-27 12:21:00,1.15,1.15,1.15,1.15,0,22.703254,138750,916.15,920.0
2026-01-27 12:22:00,7.0,7.0,7.0,7.0,0,34.544769,66000,915.0,910.0
2026-01-27 12:23:00,1.3,1.3,1.15,1.3,2250,25.457665,136500,915.75,920.0
2026-01-27 12:24:00,1.3,1.3,1.3,1.3,0,20.274366,136500,917.45,920.0
2026-01-27 12:25:00,1.3,1.3,1.3,1.3,0,20.294626,136500,917.45,920.0
2026-01-27 12:26:00,2.0,2.0,1.3,2.0,1500,27.7125,134250,917.2,920.0
2026-01-27 12:27:00,2.0,2.0,2.0,2.0,0,30.084867,134250,916.5,920.0
2026-01-27 12:28:00,2.0,2.0,2.0,2.0,0,29.286314,134250,916.75,920.0
2026-01-27 12:29:00,2.0,2.0,2.0,2.0,0,30.144947,134250,916.5,920.0
2026-01-27 12:30:00,2.0,2.0,2.0,2.0,0,30.339959,134250,916.45,920.0
2026-01-27 12:31:00,2.0,2.0,2.0,2.0,0,28.193109,132000,917.1,920.0
2026-01-27 12:32:00,2.0,2.0,2.0,2.0,0,27.189819,132000,917.4,920.0
2026-01-27 12:33:00,2.0,2.0,2.0,2.0,0,28.759882,132000,916.95,920.0
2026-01-27 12:34:00,2.0,2.0,2.0,2.0,0,29.126952,132000,916.85,920.0
2026-01-27 12:35:00,2.0,2.0,2.0,2.0,0,28.477907,132000,917.05,920.0
2026-01-27 12:36:00,2.0,2.0,2.0,2.0,0,30.523865,132000,916.45,920.0
2026-01-27 12:37:00,2.0,2.0,2.0,2.0,0,28.876563,132000,916.95,920.0
2026-01-27 12:38:00,1.85,2.0,1.85,1.85,4500,27.820713,131250,916.85,920.0
2026-01-27 12:39:00,1.85,1.85,1.85,1.85,0,28.016098,131250,916.8,920.0
2026-01-27 12:40:00,1.85,1.85,1.85,1.85,0,28.377836,131250,916.7,920.0
2026-01-27 12:41:00,1.85,1.85,1.85,1.85,0,28.90381,131250,916.55,920.0
2026-01-27 12:42:00,1.85,1.85,1.85,1.85,0,28.102303,130500,916.8,920.0
2026-01-27 12:43:00,1.85,1.85,1.85,1.85,0,27.7954,130500,916.9,920.0
2026-01-27 12:44:00,1.85,1.85,1.85,1.85,0,28.160194,130500,916.8,920.0
2026-01-27 12:45:00,1.85,1.85,1.85,1.85,0,27.85275,130500,916.9,920.0
2026-01-27 12:46:00,1.85,1.85,1.85,1.85,0,27.372954,130500,917.05,920.0
2026-01-27 12:47:00,1.45,1.85,1.45,1.45,2250,25.621938,129750,916.4,920.0
2026-01-27 12:48:00,1.3,1.45,1.3,1.3,3000,25.809472,129750,915.85,920.0
2026-01-27 12:49:00,1.15,1.3,1.15,1.15,750,24.10172,129750,915.9,920.0
2026-01-27 12:50:00,1.15,1.15,1.15,1.15,0,22.930505,129750,916.3,920.0
2026-01-27 12:51:00,1.15,1.15,1.15,1.15,0,23.105479,129750,916.25,920.0
2026-01-27 12:52:00,1.15,1.15,1.15,1.15,0,21.290074,129750,916.85,920.0
2026-01-27 12:53:00,1.15,1.15,1.15,1.15,0,20.208995,129750,917.2,920.0
2026-01-27 12:54:00,1.15,1.15,1.15,1.15,0,20.864495,129750,917.0,920.0
2026-01-27 12:55:00,1.15,1.15,1.15,1.15,0,20.411246,129750,917.15,920.0
2026-01-27 12:56:00,1.15,1.15,1.15,1.15,0,21.066351,129750,916.95,920.0
2026-01-27 12:57:00,1.15,1.15,1.15,1.15,0,21.559333,129750,916.8,920.0
2026-01-27 12:58:00,1.15,1.15,1.15,1.15,0,21.425737,129750,916.85,920.0
2026-01-27 12:59:00,1.15,1.15,1.15,1.15,0,21.44856,129750,916.85,920.0
2026-01-27 13:00:00,1.15,1.15,1.15,1.15,0,21.940825,129750,916.7,920.0
2026-01-27 13:01:00,1.15,1.15,1.15,1.15,3000,24.707657,129750,915.8,920.0
2026-01-27 13:02:00,1.15,1.15,1.15,1.15,0,25.624254,129750,915.5,920.0
2026-01-27 13:03:00,7.0,7.0,7.0,7.0,0,36.053158,66000,915.0,910.0
2026-01-27 13:04:00,0.7,1.15,0.7,0.7,9750,21.39832,129750,915.15,920.0
2026-01-27 13:05:00,7.0,7.0,7.0,7.0,0,37.560147,66000,914.8,910.0
2026-01-27 13:06:00,7.0,7.0,7.0,7.0,0,36.892969,66000,914.9,910.0
2026-01-27 13:07:00,7.0,7.0,7.0,7.0,0,37.991551,66000,914.75,910.0
2026-01-27 13:08:00,0.7,0.7,0.7,0.7,0,20.956234,132000,915.35,920.0
2026-01-27 13:09:00,0.5,0.7,0.5,0.5,10500,18.613912,132000,915.25,920.0
2026-01-27 13:10:00,7.0,7.0,7.0,7.0,0,39.824839,66000,914.5,910.0
2026-01-27 13:11:00,7.0,7.0,7.0,7.0,0,42.471626,66000,914.1,910.0
2026-01-27 13:12:00,7.0,7.0,7.0,7.0,0,38.893773,66000,914.65,910.0
2026-01-27 13:13:00,7.0,7.0,7.0,7.0,0,40.290746,66000,914.45,910.0
2026-01-27 13:14:00,7.0,7.0,7.0,7.0,0,36.491028,66000,915.0,910.0
2026-01-27 13:15:00,0.6,0.6,0.6,0.6,0,19.568387,125250,915.45,920.0
2026-01-27 13:16:00,0.6,0.6,0.6,0.6,0,17.166775,125250,916.35,920.0
2026-01-27 13:17:00,0.7,0.7,0.6,0.7,4500,18.818061,125250,916.2,920.0
2026-01-27 13:18:00,0.7,0.7,0.7,0.7,0,18.556528,123750,916.3,920.0
2026-01-27 13:19:00,0.7,0.7,0.7,0.7,0,18.007417,123750,916.5,920.0
2026-01-27 13:20:00,0.7,0.7,0.7,0.7,0,19.302818,123750,916.05,920.0
2026-01-27 13:21:00,1.0,1.0,0.7,1.0,2250,21.454493,123750,916.5,920.0
2026-01-27 13:22:00,1.05,1.05,1.0,1.05,750,14.664741,123750,918.7,920.0
2026-01-27 13:23:00,1.05,1.05,1.05,1.05,0,16.476314,123750,918.2,920.0
2026-01-27 13:24:00,2.05,2.05,1.05,2.05,750,23.625021,123750,918.85,920.0
2026-01-27 13:25:00,2.05,2.05,2.05,2.05,0,23.240674,123750,918.95,920.0
2026-01-27 13:26:00,1.9,2.05,1.9,1.9,1500,19.747524,123750,919.45,920.0
2026-01-27 13:27:00,2.5,2.5,1.9,2.5,4500,23.788445,122250,919.8,920.0
2026-01-27 13:28:00,2.5,2.5,2.5,2.5,0,22.885197,122250,920.0,920.0
2026-01-27 13:29:00,2.3,2.5,2.3,2.3,750,15.298001,122250,921.1,920.0
2026-01-27 13:30:00,3.0,3.0,2.3,3.0,1500,22.572038,122250,921.0,920.0
2026-01-27 13:31:00,3.0,3.0,3.0,3.0,1500,21.494175,122250,921.2,920.0
2026-01-27 13:32:00,2.8,3.0,2.8,2.8,2250,17.811597,117750,921.5,920.0
2026-01-27 13:33:00,2.8,2.8,2.8,2.8,0,17.519246,117750,921.55,920.0
2026-01-27 13:34:00,2.55,2.8,2.55,2.55,3000,23.748498,117750,919.95,920.0
2026-01-27 13:35:00,2.55,2.55,2.55,2.55,0,30.333437,117750,918.45,920.0
2026-01-27 13:36:00,2.55,2.55,2.55,2.55,0,36.243141,117750,916.95,920.0
2026-01-27 13:37:00,2.55,2.55,2.55,2.55,0,37.219514,117750,916.7,920.0
2026-01-27 13:38:00,2.55,2.55,2.55,2.55,0,40.726213,117750,915.75,920.0
2026-01-27 13:39:00,2.55,2.55,2.55,2.55,0,43.247463,117750,915.05,920.0
2026-01-27 13:40:00,2.55,2.55,2.55,2.55,0,40.10046,117750,915.95,920.0
2026-01-27 13:41:00,2.55,2.55,2.55,2.55,0,40.507795,117750,915.85,920.0
2026-01-27 13:42:00,7.0,7.0,7.0,7.0,0,38.05544,66000,914.95,910.0
2026-01-27 13:43:00,7.0,7.0,7.0,7.0,0,43.046005,66000,914.25,910.0
2026-01-27 13:44:00,7.0,7.0,7.0,7.0,0,43.761431,66000,914.15,910.0
2026-01-27 13:45:00,7.0,7.0,7.0,7.0,0,47.636256,66000,913.55,910.0
2026-01-27 13:46:00,7.0,7.0,7.0,7.0,0,50.404078,66000,913.1,910.0
2026-01-27 13:47:00,7.0,7.0,7.0,7.0,0,52.498311,66000,912.75,910.0
2026-01-27 13:48:00,7.0,7.0,7.0,7.0,0,51.694665,66000,912.9,910.0
2026-01-27 13:49:00,7.0,7.0,7.0,7.0,0,52.04566,66000,912.85,910.0
2026-01-27 13:50:00,7.0,7.0,7.0,7.0,0,57.1452,66000,911.95,910.0
2026-01-27 13:51:00,7.0,7.0,7.0,7.0,0,59.882259,66000,911.45,910.0
2026-01-27 13:52:00,7.0,7.0,7.0,7.0,0,57.821981,66000,911.85,910.0
2026-01-27 13:53:00,7.0,7.0,7.0,7.0,0,59.496067,66000,911.55,910.0
2026-01-27 13:54:00,7.0,7.0,7.0,7.0,0,58.767041,66000,911.7,910.0
2026-01-27 13:55:00,2.95,7.0,2.95,2.95,2250,19.731247,65250,911.55,910.0
2026-01-27 13:56:00,2.95,2.95,2.95,2.95,0,20.694937,65250,911.4,910.0
2026-01-27 13:57:00,2.95,2.95,2.95,2.95,0,16.685197,65250,912.0,910.0
2026-01-27 13:58:00,2.95,2.95,2.95,2.95,0,20.43635,65250,911.45,910.0
2026-01-27 13:59:00,2.95,2.95,2.95,2.95,0,20.771929,65250,911.4,910.0
2026-01-27 14:00:00,2.95,2.95,2.95,2.95,0,22.588544,65250,911.1,910.0
2026-01-27 14:01:00,2.95,2.95,2.95,2.95,0,19.878983,65250,911.55,910.0
2026-01-27 14:02:00,2.95,2.95,2.95,2.95,0,26.211179,65250,910.45,910.0
2026-01-27 14:03:00,2.95,2.95,2.95,2.95,0,25.981241,65250,910.5,910.0
2026-01-27 14:04:00,2.95,2.95,2.95,2.95,0,28.317616,65250,910.05,910.0
2026-01-27 14:05:00,2.95,2.95,2.95,2.95,0,25.514442,65250,910.6,910.0
2026-01-27 14:06:00,2.95,2.95,2.95,2.95,0,27.377129,65250,910.25,910.0
2026-01-27 14:07:00,2.95,2.95,2.95,2.95,0,28.672465,65250,910.0,910.0
2026-01-27 14:08:00,2.95,2.95,2.95,2.95,0,28.458575,65250,910.05,910.0
2026-01-27 14:09:00,2.95,2.95,2.95,2.95,0,27.479768,65250,910.25,910.0
2026-01-27 14:10:00,2.95,2.95,2.95,2.95,0,24.581711,65250,910.8,910.0
2026-01-27 14:11:00,2.95,2.95,2.95,2.95,0,24.889486,65250,910.75,910.0
2026-01-27 14:12:00,2.95,2.95,2.95,2.95,0,24.643994,65250,910.8,910.0
2026-01-27 14:13:00,2.95,2.95,2.95,2.95,0,27.359675,65250,910.3,910.0
2026-01-27 14:14:00,2.95,2.95,2.95,2.95,0,26.34181,65250,910.5,910.0
2026-01-27 14:15:00,2.95,2.95,2.95,2.95,0,26.641445,66750,910.45,910.0
2026-01-27 14:16:00,2.95,2.95,2.95,2.95,0,28.998648,66750,910.0,910.0
2026-01-27 14:17:00,2.95,2.95,2.95,2.95,0,32.202999,66750,909.35,910.0
2026-01-27 14:18:00,2.95,2.95,2.95,2.95,0,32.715237,66750,909.25,910.0
2026-01-27 14:19:00,2.95,2.95,2.95,2.95,0,32.521499,66750,909.3,910.0
2026-01-27 14:20:00,2.95,2.95,2.95,2.95,0,31.126882,66750,909.6,910.0
2026-01-27 14:21:00,2.95,2.95,2.95,2.95,0,30.923341,66750,909.65,910.0
2026-01-27 14:22:00,2.95,2.95,2.95,2.95,0,30.224563,66750,909.8,910.0
2026-01-27 14:23:00,2.95,2.95,2.95,2.95,0,34.093974,66750,909.0,910.0
2026-01-27 14:24:00,2.95,2.95,2.95,2.95,0,37.081555,66750,908.35,910.0
2026-01-27 14:25:00,2.95,2.95,2.95,2.95,0,36.684384,66750,908.45,910.0
2026-01-27 14:26:00,2.95,2.95,2.95,2.95,0,36.283266,66750,908.55,910.0
2026-01-27 14:27:00,2.95,2.95,2.95,2.95,0,34.270694,66750,909.0,910.0
2026-01-27 14:28:00,2.95,2.95,2.95,2.95,0,36.602759,66750,908.5,910.0
2026-01-27 14:29:00,2.95,2.95,2.95,2.95,0,37.09904,66750,908.4,910.0
2026-01-27 14:30:00,2.95,2.95,2.95,2.95,0,36.698209,66750,908.5,910.0
2026-01-27 14:31:00,3.3,3.3,2.95,3.3,6000,39.420039,66750,908.7,910.0
2026-01-27 14:32:00,3.3,3.3,3.3,3.3,0,40.391075,66750,908.5,910.0
2026-01-27 14:33:00,3.3,3.3,3.3,3.3,0,38.590993,66750,908.9,910.0
2026-01-27 14:34:00,3.3,3.3,3.3,3.3,0,38.170302,66750,909.0,910.0
2026-01-27 14:35:00,3.3,3.3,3.3,3.3,0,37.266075,66750,909.2,910.0
2026-01-27 14:36:00,3.2,3.3,3.2,3.2,5250,37.008019,63750,909.05,910.0
2026-01-27 14:37:00,3.2,3.2,3.2,3.2,0,38.236301,63750,908.8,910.0
2026-01-27 14:38:00,3.2,3.2,3.2,3.2,0,31.882257,63750,910.1,910.0
2026-01-27 14:39:00,3.2,3.2,3.2,3.2,0,22.909501,63750,911.65,910.0
2026-01-27 14:40:00,3.2,3.2,3.2,3.2,0,24.876069,63750,911.35,910.0
2026-01-27 14:41:00,3.2,3.2,3.2,3.2,0,24.277999,63750,911.45,910.0
2026-01-27 14:42:00,3.2,3.2,3.2,3.2,0,9.200372,63750,913.05,910.0
2026-01-27 14:43:00,3.2,3.2,3.2,3.2,0,19.437078,63750,912.15,910.0
2026-01-27 14:44:00,3.2,3.2,3.2,3.2,0,22.042136,63750,911.8,910.0
2026-01-27 14:45:00,3.2,3.2,3.2,3.2,0,16.039251,63750,912.55,910.0
2026-01-27 14:46:00,3.2,3.2,3.2,3.2,0,21.394398,63750,911.9,910.0
2026-01-27 14:47:00,3.2,3.2,3.2,3.2,0,26.65696,63750,911.1,910.0
2026-01-27 14:48:00,3.2,3.2,3.2,3.2,0,19.574412,63750,912.15,910.0
2026-01-27 14:49:00,3.2,3.2,3.2,3.2,0,18.383118,63750,912.3,910.0
2026-01-27 14:50:00,3.2,3.2,3.2,3.2,0,16.155954,63750,912.55,910.0
2026-01-27 14:51:00,3.0,3.2,3.0,3.0,750,7.416205,64500,912.9,910.0
2026-01-27 14:52:00,3.0,3.0,3.0,3.0,0,0.0,64500,913.0,910.0
2026-01-27 14:53:00,3.0,3.0,3.0,3.0,0,0.0,64500,913.2,910.0
2026-01-27 14:54:00,3.0,3.0,3.0,3.0,0,0.0,64500,913.95,910.0
2026-01-27 14:55:00,3.0,3.0,3.0,3.0,0,0.0,64500,914.35,910.0
2026-01-27 14:56:00,3.0,3.0,3.0,3.0,0,0.0,64500,914.85,910.0
2026-01-27 14:57:00,3.0,3.0,3.0,3.0,0,0.0,64500,914.35,910.0
2026-01-27 14:58:00,3.0,3.0,3.0,3.0,0,0.0,64500,914.55,910.0
2026-01-27 14:59:00,3.0,3.0,3.0,3.0,0,0.0,64500,914.65,910.0
2026-01-27 15:00:00,3.0,3.0,3.0,3.0,0,9.046563,63750,912.85,910.0
2026-01-27 15:01:00,3.0,3.0,3.0,3.0,0,0.0,63750,913.15,910.0
2026-01-27 15:02:00,4.0,4.0,3.0,4.0,3000,17.895504,63750,913.45,910.0
2026-01-27 15:03:00,4.0,4.0,4.0,4.0,0,20.108289,63750,913.25,910.0
2026-01-27 15:04:00,3.5,4.0,3.5,3.5,1500,16.411694,63750,912.95,910.0
2026-01-27 15:05:00,3.5,3.5,3.5,3.5,0,14.623812,63750,913.1,910.0
2026-01-27 15:06:00,3.5,3.5,3.5,3.5,0,0.0,63750,913.65,910.0
2026-01-27 15:07:00,3.5,3.5,3.5,3.5,0,11.467393,63750,913.3,910.0
2026-01-27 15:08:00,4.25,4.25,3.5,3.75,2250,13.078676,62250,913.5,910.0
2026-01-27 15:09:00,3.75,3.75,3.75,3.75,0,19.46047,62250,913.0,910.0
2026-01-27 15:10:00,3.75,3.75,3.75,3.75,0,17.912824,62250,913.15,910.0
2026-01-27 15:11:00,3.75,3.75,3.75,3.75,0,0.0,62250,914.5,910.0
2026-01-27 15:12:00,0.35,0.35,0.35,0.35,0,19.435646,97500,915.15,920.0
2026-01-27 15:13:00,0.35,0.35,0.35,0.35,0,19.464193,97500,915.15,920.0
2026-01-27 15:14:00,3.75,3.75,3.75,3.75,0,0.0,62250,914.8,910.0
2026-01-27 15:15:00,1.0,1.0,0.8,1.0,750,27.771924,93750,915.65,920.0
2026-01-27 15:16:00,0.5,1.0,0.5,0.5,750,20.967317,93750,915.55,920.0
2026-01-27 15:17:00,0.5,0.5,0.5,0.5,0,19.948637,93750,915.9,920.0
2026-01-27 15:18:00,0.5,0.5,0.5,0.5,0,21.029736,93750,915.55,920.0
2026-01-27 15:19:00,0.5,0.5,0.5,0.5,0,20.461438,93750,915.75,920.0
2026-01-27 15:20:00,0.5,0.5,0.5,0.5,0,21.984539,93750,915.25,920.0
2026-01-27 15:21:00,0.5,0.5,0.5,0.5,0,22.460313,93750,915.1,920.0
2026-01-27 15:22:00,0.5,0.5,0.5,0.5,0,21.156274,93000,915.55,920.0
2026-01-27 15:23:00,0.5,0.5,0.5,0.5,0,20.43334,93000,915.8,920.0
2026-01-27 15:24:00,0.5,0.5,0.5,0.5,0,20.15964,93000,915.9,920.0
2026-01-27 15:25:00,0.5,0.5,0.5,0.5,0,16.731759,93000,917.0,920.0
2026-01-27 15:26:00,0.5,0.5,0.5,0.5,0,17.722642,93000,916.7,920.0
2026-01-27 15:27:00,1.5,1.5,0.5,1.5,1500,29.754194,92250,916.95,920.0
2026-01-27 15:28:00,1.5,1.5,1.5,1.5,0,31.374965,92250,916.55,920.0
2026-01-27 15:29:00,1.5,1.5,1.5,1.5,0,29.845686,92250,916.95,920.0
2026-01-28 09:15:00,30.0,35.0,30.0,34.5,31500,32.101499,507750,926.95,930.0
2026-01-28 09:16:00,34.6,35.95,33.3,33.7,42000,32.180184,507750,925.3,930.0
2026-01-28 09:17:00,38.6,39.15,37.75,38.0,10500,32.286893,416250,923.65,920.0
2026-01-28 09:18:00,38.35,38.65,37.95,38.65,9000,32.423974,416250,924.55,920.0
2026-01-28 09:19:00,39.5,39.5,38.65,39.5,1500,33.019195,420000,925.0,920.0
2026-01-28 09:20:00,34.7,34.8,33.2,33.3,75000,31.864683,507750,925.15,930.0
2026-01-28 09:21:00,38.95,38.95,38.15,38.15,8250,32.325143,420000,923.85,920.0
2026-01-28 09:22:00,32.7,33.5,32.65,33.5,11250,31.906638,520500,925.45,930.0
2026-01-28 09:23:00,33.8,33.8,33.5,33.8,6750,32.02036,520500,925.8,930.0
2026-01-28 09:24:00,33.55,33.8,33.55,33.55,21000,32.06181,524250,925.25,930.0
2026-01-28 09:25:00,33.55,33.55,33.55,33.55,7500,31.642346,524250,926.05,930.0
2026-01-28 09:26:00,33.85,33.85,33.55,33.85,9000,32.333583,524250,925.3,930.0
2026-01-28 09:27:00,33.0,33.85,33.0,33.0,3000,31.309304,524250,925.65,930.0
2026-01-28 09:28:00,39.45,39.45,38.55,39.45,4500,33.146576,423000,924.7,920.0
2026-01-28 09:29:00,33.85,33.85,33.8,33.85,7500,32.204074,523500,925.55,930.0
2026-01-28 09:30:00,33.5,33.85,33.5,33.5,5250,31.989102,524250,925.3,930.0
2026-01-28 09:31:00,33.3,33.5,33.3,33.3,6750,31.424156,524250,926.0,930.0
2026-01-28 09:32:00,39.05,39.05,38.45,38.45,12000,32.373901,422250,924.3,920.0
2026-01-28 09:33:00,38.4,38.45,38.4,38.45,1500,32.028345,422250,924.9,920.0
2026-01-28 09:34:00,37.9,38.45,37.9,37.9,9750,32.48001,426000,923.15,920.0
2026-01-28 09:35:00,37.9,37.9,37.9,37.9,4500,32.195488,426000,923.65,920.0
2026-01-28 09:36:00,37.9,37.9,37.9,37.9,0,32.481016,426000,923.15,920.0
2026-01-28 09:37:00,37.2,37.9,37.2,37.2,6750,32.232414,425250,922.35,920.0
2026-01-28 09:38:00,36.8,37.2,36.8,36.8,5250,32.000894,425250,922.05,920.0
2026-01-28 09:39:00,36.8,36.8,36.8,36.8,0,31.548905,425250,922.85,920.0
2026-01-28 09:40:00,37.4,37.4,36.8,37.4,6000,31.924176,421500,923.25,920.0
2026-01-28 09:41:00,37.7,38.05,37.4,38.05,24750,32.091369,421500,924.1,920.0
2026-01-28 09:42:00,38.3,38.4,38.0,38.4,11250,32.299924,421500,924.35,920.0
2026-01-28 09:43:00,38.4,38.4,38.4,38.4,750,32.300425,423000,924.35,920.0
2026-01-28 09:44:00,38.8,38.8,38.4,38.8,3750,33.018109,423000,923.8,920.0
2026-01-28 09:45:00,38.2,38.8,37.6,37.6,9000,32.383158,423000,922.8,920.0
2026-01-28 09:46:00,37.9,37.9,37.6,37.9,750,33.02355,426750,922.2,920.0
2026-01-28 09:47:00,37.45,37.9,37.45,37.45,5250,32.713463,426750,921.95,920.0
2026-01-28 09:48:00,37.5,37.5,37.45,37.5,3000,32.28431,426750,922.8,920.0
2026-01-28 09:49:00,37.5,37.5,37.5,37.5,0,31.772059,426750,923.7,920.0
2026-01-28 09:50:00,38.2,38.2,37.5,38.2,2250,32.332647,425250,923.95,920.0
2026-01-28 09:51:00,38.2,38.2,38.2,38.2,0,32.504811,425250,923.65,920.0
2026-01-28 09:52:00,38.2,38.2,38.2,38.2,0,32.704896,436500,923.3,920.0
2026-01-28 09:53:00,38.2,38.2,38.2,38.2,26250,32.334154,436500,923.95,920.0
2026-01-28 09:54:00,38.35,38.35,38.2,38.35,5250,32.828035,436500,923.35,920.0
2026-01-28 09:55:00,38.15,38.35,38.0,38.0,7500,32.076819,436500,924.05,920.0
2026-01-28 09:56:00,37.95,38.0,37.95,37.95,1500,32.654875,436500,922.95,920.0
2026-01-28 09:57:00,37.95,37.95,37.95,37.95,750,32.570203,436500,923.1,920.0
2026-01-28 09:58:00,37.95,37.95,37.95,37.95,0,32.257222,438750,923.65,920.0
2026-01-28 09:59:00,37.95,37.95,37.95,37.95,0,31.509209,438750,924.95,920.0
2026-01-28 10:00:00,37.95,37.95,37.95,37.95,0,32.143768,438750,923.85,920.0
2026-01-28 10:01:00,37.95,37.95,37.95,37.95,0,32.372937,440250,923.45,920.0
2026-01-28 10:02:00,37.95,37.95,37.95,37.95,0,31.94386,440250,924.2,920.0
2026-01-28 10:03:00,38.15,38.15,37.95,38.15,11250,32.460637,440250,923.65,920.0
2026-01-28 10:04:00,38.45,38.45,38.15,38.45,750,32.390001,437250,924.3,920.0
2026-01-28 10:05:00,38.45,38.45,38.45,38.45,750,32.304176,437250,924.45,920.0
2026-01-28 10:06:00,38.45,38.45,38.45,38.45,0,32.160478,437250,924.7,920.0
2026-01-28 10:07:00,38.6,38.6,38.25,38.25,11250,32.132877,439500,924.4,920.0
2026-01-28 10:08:00,38.2,38.25,38.2,38.2,1500,32.65604,439500,923.4,920.0
2026-01-28 10:09:00,38.2,38.2,38.2,38.2,0,33.082285,439500,922.65,920.0
2026-01-28 10:10:00,38.2,38.2,38.2,38.2,0,32.770908,438000,923.2,920.0
2026-01-28 10:11:00,37.7,38.2,37.35,37.35,5250,32.258583,438000,922.6,920.0
2026-01-28 10:12:00,37.35,37.35,37.35,37.35,750,32.003734,438000,923.05,920.0
2026-01-28 10:13:00,37.35,37.35,37.35,37.35,750,32.54189,438000,922.1,920.0
2026-01-28 10:14:00,37.55,37.55,37.35,37.55,3750,32.404199,438000,922.7,920.0
2026-01-28 10:15:00,37.6,37.6,37.55,37.6,750,32.341486,438000,922.9,920.0
2026-01-28 10:16:00,37.6,37.6,37.6,37.6,0,32.455391,438000,922.7,920.0
2026-01-28 10:17:00,37.0,37.6,37.0,37.0,2250,31.966872,437250,922.5,920.0
2026-01-28 10:18:00,37.0,37.0,37.0,37.0,15000,32.136872,437250,922.2,920.0
2026-01-28 10:19:00,37.05,37.05,37.0,37.05,1500,31.791226,437250,922.9,920.0
2026-01-28 10:20:00,37.9,37.9,37.05,37.9,8250,32.560019,452250,923.05,920.0
2026-01-28 10:21:00,37.15,37.9,37.15,37.15,1500,32.119427,452250,922.5,920.0
2026-01-28 10:22:00,37.15,37.15,37.15,37.15,0,32.626733,452250,921.6,920.0
2026-01-28 10:23:00,36.95,37.15,36.95,36.95,750,32.173752,447750,922.05,920.0
2026-01-28 10:24:00,36.95,36.95,36.95,36.95,0,32.202409,447750,922.0,920.0
2026-01-28 10:25:00,37.05,37.05,36.95,37.05,750,32.218736,448500,922.15,920.0
2026-01-28 10:26:00,37.05,37.05,37.05,37.05,0,32.275588,448500,922.05,920.0
2026-01-28 10:27:00,37.05,37.05,37.05,37.05,0,32.360507,448500,921.9,920.0
2026-01-28 10:28:00,37.05,37.05,37.05,37.05,0,32.304744,448500,922.0,920.0
2026-01-28 10:29:00,37.05,37.05,37.05,37.05,2250,32.248919,450000,922.1,920.0
2026-01-28 10:30:00,37.05,37.05,37.05,37.05,0,32.390123,450000,921.85,920.0
2026-01-28 10:31:00,37.05,37.05,37.05,37.05,0,32.306246,450000,922.0,920.0
2026-01-28 10:32:00,37.5,37.5,37.05,37.5,2250,32.107447,448500,923.15,920.0
2026-01-28 10:33:00,37.5,37.5,37.5,37.5,0,31.535461,448500,924.15,920.0
2026-01-28 10:34:00,37.5,37.5,37.5,37.5,0,31.362957,449250,924.45,920.0
2026-01-28 10:35:00,37.95,37.95,37.5,37.95,7500,31.960299,449250,924.2,920.0
2026-01-28 10:36:00,37.95,37.95,37.95,37.95,0,31.989556,449250,924.15,920.0
2026-01-28 10:37:00,33.0,33.0,32.4,33.0,4500,31.343074,584250,925.65,930.0
2026-01-28 10:38:00,32.95,33.0,32.95,32.95,9000,31.55606,584250,925.15,930.0
2026-01-28 10:39:00,33.15,33.15,32.95,33.15,750,31.623813,584250,925.4,930.0
2026-01-28 10:40:00,33.15,33.15,33.15,33.15,0,31.702865,582000,925.25,930.0
2026-01-28 10:41:00,33.4,33.4,33.15,33.4,2250,31.636114,582000,925.85,930.0
2026-01-28 10:42:00,33.3,33.4,33.3,33.4,2250,31.794279,582000,925.55,930.0
2026-01-28 10:43:00,33.35,33.4,33.35,33.35,1500,31.954807,583500,925.15,930.0
2026-01-28 10:44:00,38.6,38.75,38.6,38.6,750,32.156904,444000,925.0,920.0
2026-01-28 10:45:00,38.35,38.6,38.35,38.35,3000,32.625627,444000,923.75,920.0
2026-01-28 10:46:00,38.1,38.35,38.1,38.1,3750,31.799342,444000,924.75,920.0
2026-01-28 10:47:00,38.1,38.1,38.1,38.1,0,31.915455,444000,924.55,920.0
2026-01-28 10:48:00,38.1,38.1,38.1,38.1,2250,32.11766,444000,924.2,920.0
2026-01-28 10:49:00,32.6,32.6,32.6,32.6,0,31.214598,591750,925.15,930.0
2026-01-28 10:50:00,32.6,32.6,32.6,32.6,0,30.795232,591750,925.95,930.0
2026-01-28 10:51:00,33.4,33.4,32.6,33.15,5250,31.577211,591750,925.5,930.0
2026-01-28 10:52:00,33.4,33.4,33.15,33.4,1500,31.483345,591750,926.15,930.0
2026-01-28 10:53:00,33.75,33.75,33.4,33.75,2250,31.406771,591750,926.95,930.0
2026-01-28 10:54:00,33.75,33.75,33.75,33.75,3750,31.619569,591750,926.55,930.0
2026-01-28 10:55:00,33.4,33.75,33.4,33.4,3750,31.299759,590250,926.5,930.0
2026-01-28 10:56:00,33.4,33.4,33.4,33.4,0,31.088019,590250,926.9,930.0
2026-01-28 10:57:00,33.8,34.25,33.4,34.25,15750,31.369869,590250,927.95,930.0
2026-01-28 10:58:00,34.25,34.25,34.25,34.25,10500,31.477616,585750,927.75,930.0
2026-01-28 10:59:00,34.15,34.25,34.15,34.15,1500,31.352208,585750,927.8,930.0
2026-01-28 11:00:00,34.15,34.15,34.15,34.15,0,31.191636,585750,928.1,930.0
2026-01-28 11:01:00,34.15,34.15,34.15,34.15,4500,31.084484,585750,928.3,930.0
2026-01-28 11:02:00,34.05,34.3,34.05,34.3,4500,31.368143,585750,928.05,930.0
2026-01-28 11:03:00,34.2,34.3,34.2,34.2,1500,31.18885,585750,928.2,930.0
2026-01-28 11:04:00,34.45,34.5,34.2,34.5,2250,31.000254,585750,929.1,930.0
2026-01-28 11:05:00,34.5,34.5,34.5,34.5,6000,31.379444,586500,928.4,930.0
2026-01-28 11:06:00,34.5,34.5,34.5,34.5,3000,31.001218,586500,929.1,930.0
2026-01-28 11:07:00,34.35,34.5,34.35,34.35,6000,30.961456,587250,928.9,930.0
2026-01-28 11:08:00,34.4,34.4,34.35,34.4,1500,31.227832,587250,928.5,930.0
2026-01-28 11:09:00,34.3,34.7,34.3,34.7,4500,31.119488,587250,929.25,930.0
2026-01-28 11:10:00,35.0,35.0,34.7,35.0,29250,31.363077,581250,929.35,930.0
2026-01-28 11:11:00,35.45,35.45,35.0,35.45,16500,31.318149,581250,930.25,930.0
2026-01-28 11:12:00,35.5,35.5,35.45,35.5,18000,31.313341,581250,930.35,930.0
2026-01-28 11:13:00,35.5,35.5,35.5,35.5,2250,31.368731,586500,930.25,930.0
2026-01-28 11:14:00,35.45,35.5,35.45,35.45,7500,31.31961,586500,930.25,930.0
2026-01-28 11:15:00,35.45,35.45,35.45,35.45,2250,31.127676,586500,930.6,930.0
2026-01-28 11:16:00,35.8,35.85,35.45,35.85,6750,31.744863,583500,930.2,930.0
2026-01-28 11:17:00,35.65,35.85,35.45,35.45,6000,31.649349,583500,929.65,930.0
2026-01-28 11:18:00,35.6,35.6,35.45,35.6,750,31.60739,583500,930.0,930.0
2026-01-28 11:19:00,35.6,36.05,35.6,36.05,17250,31.310714,577500,931.35,930.0
2026-01-28 11:20:00,36.0,36.35,36.0,36.35,6000,31.107775,577500,932.25,930.0
2026-01-28 11:21:00,36.35,36.35,36.35,36.35,12750,31.164202,577500,932.15,930.0
2026-01-28 11:22:00,36.5,36.5,36.35,36.5,3000,31.033516,583500,932.65,930.0
2026-01-28 11:23:00,36.5,36.5,36.5,36.5,6000,31.062094,583500,932.6,930.0
2026-01-28 11:24:00,36.5,36.75,36.5,36.75,8250,31.114257,583500,932.95,930.0
2026-01-28 11:25:00,36.55,36.75,36.55,36.65,9000,31.184113,582750,932.65,930.0
2026-01-28 11:26:00,36.6,36.65,36.6,36.6,4500,31.022387,582750,932.85,930.0
2026-01-28 11:27:00,36.75,36.85,36.6,36.85,6750,31.608086,582750,932.25,930.0
2026-01-28 11:28:00,36.75,36.85,36.75,36.75,2250,31.453244,584250,932.35,930.0
2026-01-28 11:29:00,36.45,36.75,36.45,36.45,3000,31.26748,584250,932.15,930.0
2026-01-28 11:30:00,36.45,36.75,36.45,36.75,10500,31.20165,584250,932.8,930.0
2026-01-28 11:31:00,36.35,36.75,36.35,36.35,750,31.085133,582750,932.3,930.0
2026-01-28 11:32:00,36.95,36.95,36.35,36.95,6750,31.034624,582750,933.45,930.0
2026-01-28 11:33:00,37.1,37.1,36.95,37.1,3750,31.382203,582750,933.1,930.0
2026-01-28 11:34:00,36.5,37.1,36.5,36.5,3750,31.347558,581250,932.1,930.0
2026-01-28 11:35:00,36.3,36.5,36.3,36.3,1500,30.953284,581250,932.45,930.0
2026-01-28 11:36:00,36.8,36.8,36.3,36.8,3000,31.028757,581250,933.2,930.0
2026-01-28 11:37:00,36.1,36.8,36.1,36.1,8250,31.369163,580500,931.35,930.0
2026-01-28 11:38:00,35.9,36.1,35.9,35.9,5250,31.475314,580500,930.8,930.0
2026-01-28 11:39:00,35.75,35.9,35.75,35.75,3750,31.326883,580500,930.8,930.0
2026-01-28 11:40:00,35.65,35.75,35.65,35.65,750,31.283251,580500,930.7,930.0
2026-01-28 11:41:00,35.65,35.65,35.65,35.65,0,31.173352,580500,930.9,930.0
2026-01-28 11:42:00,35.85,35.85,35.65,35.85,750,31.48278,579750,930.7,930.0
2026-01-28 11:43:00,35.85,35.85,35.85,35.85,0,31.317654,579000,931.0,930.0
2026-01-28 11:44:00,35.85,35.85,35.85,35.85,0,31.648867,579000,930.4,930.0
2026-01-28 11:45:00,35.85,35.85,35.85,35.85,0,31.566868,579000,930.55,930.0
2026-01-28 11:46:00,35.7,35.85,35.7,35.7,14250,31.500961,574500,930.4,930.0
2026-01-28 11:47:00,35.7,35.7,35.7,35.7,0,31.19829,574500,930.95,930.0
2026-01-28 11:48:00,35.9,35.9,35.7,35.9,3000,31.369749,574500,931.0,930.0
2026-01-28 11:49:00,35.95,35.95,35.9,35.9,4500,31.370237,573750,931.0,930.0
2026-01-28 11:50:00,35.9,35.9,35.9,35.9,0,31.20459,573750,931.3,930.0
2026-01-28 11:51:00,36.2,36.2,35.9,36.2,4500,30.8616,573750,932.45,930.0
2026-01-28 11:52:00,36.5,36.85,36.2,36.85,3750,31.255569,570750,932.9,930.0
2026-01-28 11:53:00,36.85,36.85,36.85,36.85,0,31.424767,570750,932.6,930.0
2026-01-28 11:54:00,36.65,36.85,36.65,36.8,12750,31.206807,570750,932.9,930.0
2026-01-28 11:55:00,36.8,36.8,36.8,36.8,0,31.263602,570750,932.8,930.0
2026-01-28 11:56:00,36.8,36.8,36.8,36.8,6000,30.925319,576750,933.4,930.0
2026-01-28 11:57:00,37.05,37.05,36.8,37.05,6750,32.322581,576750,931.35,930.0
2026-01-28 11:58:00,36.0,37.05,36.0,36.0,4500,31.969262,572250,930.1,930.0
2026-01-28 11:59:00,36.0,36.0,36.0,36.0,0,32.133868,572250,929.8,930.0
2026-01-28 12:00:00,35.25,36.0,35.25,35.4,6750,31.538927,572250,929.8,930.0
2026-01-28 12:01:00,35.15,35.4,34.75,34.75,3750,31.248646,573750,929.15,930.0
2026-01-28 12:02:00,35.0,35.0,34.75,35.0,750,30.841291,573750,930.35,930.0
2026-01-28 12:03:00,35.4,35.4,35.0,35.4,3750,31.430967,573750,930.0,930.0
2026-01-28 12:04:00,35.45,35.45,35.4,35.45,2250,31.37144,573750,930.2,930.0
2026-01-28 12:05:00,35.45,35.45,35.45,35.45,750,31.399362,576000,930.15,930.0
2026-01-28 12:06:00,35.3,35.5,35.3,35.5,3000,31.422056,576000,930.2,930.0
2026-01-28 12:07:00,35.6,35.6,35.5,35.6,2250,31.466921,576000,930.3,930.0
2026-01-28 12:08:00,35.75,35.75,35.6,35.75,1500,31.671223,573000,930.2,930.0
2026-01-28 12:09:00,35.0,35.75,35.0,35.0,3750,31.527763,573000,929.1,930.0
2026-01-28 12:10:00,35.0,35.0,35.0,35.0,0,32.417175,573000,927.45,930.0
2026-01-28 12:11:00,35.0,35.0,35.0,35.0,0,32.015346,573000,928.2,930.0
2026-01-28 12:12:00,34.25,35.0,34.25,34.25,4500,31.244927,573000,928.25,930.0
2026-01-28 12:13:00,34.25,34.25,34.1,34.1,4500,31.204277,573000,928.05,930.0
2026-01-28 12:14:00,34.2,34.2,34.1,34.2,8250,31.465064,575250,927.75,930.0
2026-01-28 12:15:00,34.4,34.4,34.2,34.4,4500,31.529725,575250,928.0,930.0
2026-01-28 12:16:00,34.4,34.4,34.4,34.4,0,31.476437,575250,928.1,930.0
2026-01-28 12:17:00,34.4,34.4,34.4,34.4,0,31.530701,576000,928.0,930.0
2026-01-28 12:18:00,34.25,34.4,34.25,34.25,2250,31.355505,576000,928.05,930.0
2026-01-28 12:19:00,34.0,34.25,34.0,34.0,750,31.242285,576000,927.8,930.0
2026-01-28 12:20:00,34.0,34.0,34.0,34.0,0,31.643759,576000,927.05,930.0
2026-01-28 12:21:00,33.6,34.0,33.6,33.6,1500,31.247492,578250,927.05,930.0
2026-01-28 12:22:00,33.6,33.6,33.6,33.6,1500,31.540257,579750,926.5,930.0
2026-01-28 12:23:00,33.35,33.6,33.35,33.6,10500,31.540745,579750,926.5,930.0
2026-01-28 12:24:00,34.0,34.0,33.6,34.0,3000,31.805325,579750,926.75,930.0
2026-01-28 12:25:00,33.9,34.0,33.9,33.9,750,32.024522,579750,926.15,930.0
2026-01-28 12:26:00,33.9,33.9,33.9,33.9,0,31.892769,587250,926.4,930.0
2026-01-28 12:27:00,33.9,33.9,33.9,33.9,0,31.734162,587250,926.7,930.0
2026-01-28 12:28:00,33.9,33.9,33.9,33.9,0,32.052415,587250,926.1,930.0
2026-01-28 12:29:00,33.65,33.9,33.65,33.65,3750,31.699188,585750,926.3,930.0
2026-01-28 12:30:00,33.65,33.65,33.65,33.65,1500,32.042589,585750,925.65,930.0
2026-01-28 12:31:00,33.2,33.65,33.2,33.2,2250,31.306655,582750,926.2,930.0
2026-01-28 12:32:00,33.6,33.6,33.2,33.5,3750,31.894763,582750,925.65,930.0
2026-01-28 12:33:00,33.5,33.5,33.5,33.5,0,32.026611,582750,925.4,930.0
2026-01-28 12:34:00,33.45,33.5,33.45,33.5,6000,31.73773,582750,925.95,930.0
2026-01-28 12:35:00,34.25,34.25,33.5,34.25,6000,31.925746,585750,927.0,930.0
2026-01-28 12:36:00,33.95,34.35,33.9,33.9,6000,31.738573,585750,926.7,930.0
2026-01-28 12:37:00,34.35,34.35,33.9,34.25,4500,31.953356,585750,926.95,930.0
2026-01-28 12:38:00,34.0,34.25,34.0,34.0,750,31.944888,589500,926.5,930.0
2026-01-28 12:39:00,34.0,34.0,34.0,34.0,0,32.183462,589500,926.05,930.0
2026-01-28 12:40:00,33.55,34.0,33.55,33.55,3750,32.027157,589500,925.5,930.0
2026-01-28 12:41:00,33.25,33.55,33.25,33.25,2250,31.782496,588750,925.4,930.0
2026-01-28 12:42:00,39.05,39.95,39.05,39.05,3000,32.901157,424500,924.6,920.0
2026-01-28 12:43:00,39.05,39.05,39.05,39.05,0,32.728278,424500,924.9,920.0
2026-01-28 12:44:00,33.25,33.25,33.25,33.25,0,31.731458,588750,925.5,930.0
2026-01-28 12:45:00,33.25,33.25,33.25,33.25,0,31.836916,588000,925.3,930.0
2026-01-28 12:46:00,33.25,33.25,33.25,33.25,0,31.706163,588000,925.55,930.0
2026-01-28 12:47:00,33.5,33.5,33.25,33.5,6000,32.112193,586500,925.25,930.0
2026-01-28 12:48:00,39.2,39.2,39.2,39.2,0,33.05533,425250,924.6,920.0
2026-01-28 12:49:00,38.9,39.2,38.9,38.9,4500,32.695866,423750,924.7,920.0
2026-01-28 12:50:00,38.75,38.9,38.75,38.75,750,32.516309,423000,924.75,920.0
2026-01-28 12:51:00,34.3,34.3,33.2,34.3,6750,32.381374,588000,926.25,930.0
2026-01-28 12:52:00,34.4,34.4,34.3,34.4,750,32.401687,588000,926.4,930.0
2026-01-28 12:53:00,34.4,34.4,34.4,34.4,0,32.110087,588000,926.95,930.0
2026-01-28 12:54:00,34.4,34.4,34.4,34.4,0,32.243536,588000,926.7,930.0
2026-01-28 12:55:00,34.4,34.4,34.4,34.4,0,32.164297,588000,926.85,930.0
2026-01-28 12:56:00,34.4,34.4,34.4,34.4,0,32.535979,588000,926.15,930.0
2026-01-28 12:57:00,34.4,34.4,34.4,34.4,0,32.510042,588000,926.2,930.0
2026-01-28 12:58:00,34.0,34.4,34.0,34.25,6750,32.123231,584250,926.65,930.0
2026-01-28 12:59:00,34.4,34.4,34.25,34.4,750,32.431661,585000,926.35,930.0
2026-01-28 13:00:00,34.4,34.4,34.4,34.4,0,32.21995,585000,926.75,930.0
2026-01-28 13:01:00,34.4,34.4,34.4,34.4,0,32.140668,585000,926.9,930.0
2026-01-28 13:02:00,34.45,34.45,34.4,34.45,750,32.190782,585000,926.9,930.0
2026-01-28 13:03:00,34.7,34.7,34.45,34.65,4500,32.20318,585000,927.25,930.0
2026-01-28 13:04:00,34.65,34.65,34.65,34.65,0,32.283713,585000,927.1,930.0
2026-01-28 13:05:00,34.65,34.65,34.65,34.65,0,31.882912,585000,927.85,930.0
2026-01-28 13:06:00,34.65,34.65,34.65,34.65,0,31.910248,585000,927.8,930.0
2026-01-28 13:07:00,35.0,35.0,34.65,35.0,6000,31.881245,584250,928.5,930.0
2026-01-28 13:08:00,35.0,35.0,35.0,35.0,0,31.773592,584250,928.7,930.0
2026-01-28 13:09:00,35.75,35.75,35.0,35.75,10500,32.002381,585000,929.65,930.0
2026-01-28 13:10:00,35.45,35.75,35.45,35.45,6750,31.759509,585000,929.55,930.0
2026-01-28 13:11:00,35.9,35.9,35.45,35.9,3000,32.125048,586500,929.7,930.0
2026-01-28 13:12:00,35.9,35.9,35.9,35.9,0,32.180136,586500,929.6,930.0
2026-01-28 13:13:00,35.9,35.9,35.9,35.9,0,31.989331,586500,929.95,930.0
2026-01-28 13:14:00,35.9,35.9,35.9,35.9,0,32.181133,586500,929.6,930.0
2026-01-28 13:15:00,35.9,35.9,35.9,35.9,0,32.263421,587250,929.45,930.0
2026-01-28 13:16:00,35.5,35.9,35.5,35.5,3750,31.702899,587250,929.75,930.0
2026-01-28 13:17:00,35.95,35.95,35.5,35.95,6000,32.150384,586500,929.75,930.0
2026-01-28 13:18:00,35.95,35.95,35.95,35.95,0,32.068854,586500,929.9,930.0
2026-01-28 13:19:00,36.05,36.05,35.95,36.05,4500,31.839385,586500,930.5,930.0
2026-01-28 13:20:00,36.0,36.05,36.0,36.0,1500,31.927653,586500,930.25,930.0
2026-01-28 13:21:00,35.95,36.0,35.95,35.95,3750,32.179695,588750,929.7,930.0
2026-01-28 13:22:00,34.5,35.95,34.5,34.5,3000,31.039756,588750,929.15,930.0
2026-01-28 13:23:00,34.85,34.85,34.5,34.85,1500,31.767222,585750,928.45,930.0
2026-01-28 13:24:00,34.8,34.85,34.75,34.75,4500,31.370553,585750,929.0,930.0
2026-01-28 13:25:00,34.8,34.8,34.75,34.8,3000,31.420698,585750,929.0,930.0
2026-01-28 13:26:00,34.8,34.8,34.8,34.8,0,31.285258,585750,929.25,930.0
2026-01-28 13:27:00,35.0,35.0,34.8,35.0,3000,31.348156,585000,929.5,930.0
2026-01-28 13:28:00,35.0,35.0,35.0,35.0,0,31.348645,585000,929.5,930.0
2026-01-28 13:29:00,35.0,35.0,35.0,35.0,0,31.18518,585000,929.8,930.0
2026-01-28 13:30:00,35.0,35.0,35.0,35.0,0,31.103501,585000,929.95,930.0
2026-01-28 13:31:00,35.0,35.0,35.0,35.0,0,31.32282,585000,929.55,930.0
2026-01-28 13:32:00,35.0,35.0,35.0,35.0,0,31.323307,585000,929.55,930.0
2026-01-28 13:33:00,35.0,35.0,35.0,35.0,0,31.758841,585000,928.75,930.0
2026-01-28 13:34:00,35.0,35.0,35.0,35.0,0,31.840524,585000,928.6,930.0
2026-01-28 13:35:00,34.65,35.0,34.45,34.45,2250,31.294801,582000,928.6,930.0
2026-01-28 13:36:00,34.45,34.45,34.45,34.45,0,31.349372,582000,928.5,930.0
2026-01-28 13:37:00,34.45,34.45,34.45,34.45,0,31.376881,582000,928.45,930.0
2026-01-28 13:38:00,34.45,34.45,34.45,34.45,0,31.187933,582750,928.8,930.0
2026-01-28 13:39:00,34.45,34.45,34.45,34.45,0,30.998318,582750,929.15,930.0
2026-01-28 13:40:00,34.9,34.9,34.45,34.9,2250,31.255149,582750,929.5,930.0
2026-01-28 13:41:00,34.9,34.9,34.9,34.9,0,31.473522,582750,929.1,930.0
2026-01-28 13:42:00,34.9,34.9,34.9,34.9,750,31.446822,582750,929.15,930.0
2026-01-28 13:43:00,34.95,34.95,34.9,34.95,750,31.442568,582750,929.25,930.0
2026-01-28 13:44:00,34.9,34.95,34.9,34.9,750,32.015981,582750,928.1,930.0
2026-01-28 13:45:00,34.9,34.9,34.9,34.9,0,31.665428,582750,928.75,930.0
2026-01-28 13:46:00,34.75,34.9,34.45,34.45,3750,31.218926,582750,928.75,930.0
2026-01-28 13:47:00,34.45,34.45,34.45,34.45,0,31.731891,581250,927.8,930.0
2026-01-28 13:48:00,34.45,34.45,34.45,34.45,0,31.651779,581250,927.95,930.0
2026-01-28 13:49:00,34.4,34.45,34.4,34.4,3000,31.360088,581250,928.4,930.0
2026-01-28 13:50:00,34.15,34.4,34.15,34.15,4500,31.274084,581250,928.1,930.0
2026-01-28 13:51:00,34.7,34.7,34.15,34.7,3000,31.577976,581250,928.55,930.0
2026-01-28 13:52:00,34.7,34.7,34.7,34.7,3000,31.361708,581250,928.95,930.0
2026-01-28 13:53:00,34.95,35.0,34.7,35.0,2250,31.30625,581250,929.6,930.0
2026-01-28 13:54:00,35.0,35.0,35.0,35.0,0,31.279414,581250,929.65,930.0
2026-01-28 13:55:00,35.0,35.0,35.0,35.0,0,31.307227,581250,929.6,930.0
2026-01-28 13:56:00,35.0,35.0,35.0,35.0,0,31.253048,581250,929.7,930.0
2026-01-28 13:57:00,35.1,35.1,35.0,35.1,1500,30.637163,581250,931.0,930.0
2026-01-28 13:58:00,36.0,36.0,35.1,35.95,8250,31.538523,581250,930.9,930.0
2026-01-28 13:59:00,35.7,35.95,35.7,35.7,1500,31.345661,581250,930.8,930.0
2026-01-28 14:00:00,35.75,35.75,35.6,35.6,2250,31.163711,581250,930.95,930.0
2026-01-28 14:01:00,35.7,35.7,35.6,35.7,1500,31.567266,581250,930.4,930.0
2026-01-28 14:02:00,35.7,35.7,35.7,35.7,0,31.402376,581250,930.7,930.0
2026-01-28 14:03:00,35.8,35.8,35.7,35.8,1500,31.419443,581250,930.85,930.0
2026-01-28 14:04:00,35.8,35.8,35.8,35.8,750,31.475198,581250,930.75,930.0
2026-01-28 14:05:00,35.55,35.8,35.55,35.55,2250,31.282268,582750,930.65,930.0
2026-01-28 14:06:00,35.55,35.55,35.55,35.55,3750,31.282757,582750,930.65,930.0
2026-01-28 14:07:00,35.55,35.55,35.55,35.55,0,31.145066,582750,930.9,930.0
2026-01-28 14:08:00,35.55,35.55,35.55,35.55,0,31.311327,582750,930.6,930.0
2026-01-28 14:09:00,35.55,35.55,35.55,35.55,0,31.669243,582750,929.95,930.0
2026-01-28 14:10:00,35.55,35.55,35.55,35.55,0,31.560011,582750,930.15,930.0
2026-01-28 14:11:00,35.5,35.55,35.5,35.5,2250,31.675306,585750,929.85,930.0
2026-01-28 14:12:00,35.0,35.5,35.0,35.0,2250,31.233496,588000,929.75,930.0
2026-01-28 14:13:00,35.3,35.3,35.0,35.3,1500,31.450078,588000,929.9,930.0
2026-01-28 14:14:00,35.3,35.3,35.3,35.3,0,31.3134,588000,930.15,930.0
2026-01-28 14:15:00,35.3,35.3,35.3,35.3,0,31.478451,588000,929.85,930.0
2026-01-28 14:16:00,35.05,35.3,35.05,35.05,750,31.339858,587250,929.65,930.0
2026-01-28 14:17:00,35.05,35.05,35.05,35.05,0,31.803126,587250,928.8,930.0
2026-01-28 14:18:00,34.2,35.05,34.2,34.2,4500,30.65971,586500,929.35,930.0
2026-01-28 14:19:00,34.2,34.2,34.2,34.2,0,30.414097,586500,929.8,930.0
2026-01-28 14:20:00,34.85,34.85,34.2,34.85,2250,31.334057,586500,929.3,930.0
2026-01-28 14:21:00,34.4,34.85,34.4,34.4,750,31.132022,586500,928.85,930.0
2026-01-28 14:22:00,34.4,34.4,34.4,34.4,0,31.240947,586500,928.65,930.0
2026-01-28 14:23:00,34.2,34.4,34.2,34.2,1500,31.096826,588000,928.55,930.0
2026-01-28 14:24:00,34.55,34.55,34.2,34.55,3000,31.092286,588000,929.2,930.0
2026-01-28 14:25:00,34.55,34.55,34.55,34.55,0,31.228748,588000,928.95,930.0
2026-01-28 14:26:00,34.6,34.6,34.55,34.6,1500,31.333226,588000,928.85,930.0
2026-01-28 14:27:00,34.85,34.85,34.6,34.85,1500,31.201054,586500,929.55,930.0
2026-01-28 14:28:00,34.85,34.85,34.85,34.85,0,31.39244,586500,929.2,930.0
2026-01-28 14:29:00,34.85,34.85,34.85,34.85,0,31.283926,586500,929.4,930.0
2026-01-28 14:30:00,34.85,34.85,34.85,34.85,0,31.120495,586500,929.7,930.0
2026-01-28 14:31:00,34.85,34.85,34.85,34.85,0,31.230317,586500,929.5,930.0
2026-01-28 14:32:00,34.85,34.85,34.85,34.85,0,31.258105,586500,929.45,930.0
2026-01-28 14:33:00,34.5,34.85,34.5,34.5,14250,31.453922,588000,928.45,930.0
2026-01-28 14:34:00,34.5,34.5,34.5,34.5,0,31.56243,588000,928.25,930.0
2026-01-28 14:35:00,34.5,34.5,34.5,34.5,0,31.427863,588000,928.5,930.0
2026-01-28 14:36:00,34.1,34.5,34.1,34.1,16500,31.192873,591750,928.2,930.0
2026-01-28 14:37:00,34.3,34.3,34.1,34.3,750,31.230065,591750,928.5,930.0
2026-01-28 14:38:00,34.3,34.3,34.25,34.25,1500,31.099645,591750,928.65,930.0
2026-01-28 14:39:00,34.2,34.25,34.2,34.2,3750,30.806051,591750,929.1,930.0
2026-01-28 14:40:00,34.35,34.35,34.2,34.35,2250,30.846704,591750,929.3,930.0
2026-01-28 14:41:00,34.35,34.35,34.35,34.35,0,30.956146,591750,929.1,930.0
2026-01-28 14:42:00,34.6,34.6,34.35,34.6,750,30.932428,594000,929.6,930.0
2026-01-28 14:43:00,34.65,34.65,34.6,34.65,1500,30.818318,594000,929.9,930.0
2026-01-28 14:44:00,34.65,34.65,34.65,34.65,0,31.092383,594000,929.4,930.0
2026-01-28 14:45:00,34.65,34.65,34.65,34.65,750,30.846706,594000,929.85,930.0
2026-01-28 14:46:00,34.65,34.65,34.65,34.65,0,31.011426,594000,929.55,930.0
2026-01-28 14:47:00,35.05,35.05,34.65,35.05,1500,30.888094,593250,930.5,930.0
2026-01-28 14:48:00,35.3,35.3,35.05,35.3,1500,30.860825,593250,931.0,930.0
2026-01-28 14:49:00,35.7,35.7,35.3,35.7,750,31.037339,593250,931.4,930.0
2026-01-28 14:50:00,35.7,35.7,35.7,35.7,2250,30.982146,591750,931.5,930.0
2026-01-28 14:51:00,35.6,35.7,35.6,35.6,9000,30.631687,591750,931.95,930.0
2026-01-28 14:52:00,36.0,36.0,35.6,36.0,2250,30.918655,591750,932.15,930.0
2026-01-28 14:53:00,36.15,36.15,36.0,36.15,3000,30.843878,591750,932.55,930.0
2026-01-28 14:54:00,36.0,36.15,36.0,36.0,1500,30.213753,585000,933.4,930.0
2026-01-28 14:55:00,36.6,36.6,36.0,36.55,9000,30.848238,585000,933.25,930.0
2026-01-28 14:56:00,36.25,36.6,36.25,36.6,5250,30.585828,584250,933.8,930.0
2026-01-28 14:57:00,36.6,36.6,36.6,36.6,750,30.614829,584250,933.75,930.0
2026-01-28 14:58:00,36.4,36.6,36.4,36.4,2250,30.329982,584250,933.9,930.0
2026-01-28 14:59:00,36.4,36.6,36.4,36.6,6000,30.758135,582750,933.5,930.0
2026-01-28 15:00:00,36.8,37.0,36.6,37.0,33000,30.557827,582750,934.55,930.0
2026-01-28 15:01:00,31.55,31.55,31.5,31.55,19500,29.906113,897000,935.2,940.0
2026-01-28 15:02:00,31.75,31.75,31.55,31.75,750,30.103254,888750,935.2,940.0
2026-01-28 15:03:00,37.05,37.2,37.05,37.05,2250,30.378782,576750,934.95,930.0
2026-01-28 15:04:00,36.7,37.05,36.65,36.65,10500,30.181113,576750,934.6,930.0
2026-01-28 15:05:00,36.75,36.75,36.65,36.75,750,30.108553,575250,934.9,930.0
2026-01-28 15:06:00,31.5,31.5,31.2,31.5,3000,29.807358,887250,935.3,940.0
2026-01-28 15:07:00,37.05,37.05,37.05,37.05,0,30.496093,575250,934.75,930.0
2026-01-28 15:08:00,37.05,37.05,37.05,37.05,0,30.410068,570750,934.9,930.0
2026-01-28 15:09:00,31.3,31.3,31.25,31.3,11250,29.71586,885000,935.1,940.0
2026-01-28 15:10:00,36.55,36.85,36.55,36.6,5250,30.076363,570750,934.7,930.0
2026-01-28 15:11:00,36.75,36.75,36.6,36.75,1500,30.399471,570750,934.4,930.0
2026-01-28 15:12:00,36.75,36.75,36.75,36.75,0,30.342483,570750,934.5,930.0
2026-01-28 15:13:00,36.35,36.75,36.35,36.35,2250,29.943034,571500,934.5,930.0
2026-01-28 15:14:00,36.5,36.5,36.35,36.5,9000,30.265841,571500,934.2,930.0
2026-01-28 15:15:00,36.5,36.5,36.5,36.5,0,29.949881,579000,934.75,930.0
2026-01-28 15:16:00,37.0,37.0,36.5,37.0,6000,30.335042,579000,934.95,930.0
2026-01-28 15:17:00,31.65,31.65,31.25,31.65,4500,29.803931,888000,935.6,940.0
2026-01-28 15:18:00,31.45,31.65,31.45,31.5,3000,29.50033,886500,935.9,940.0
2026-01-28 15:19:00,31.7,31.7,31.5,31.6,5250,29.703557,886500,935.7,940.0
2026-01-28 15:20:00,31.6,31.6,31.6,31.6,1500,29.756155,886500,935.6,940.0
2026-01-28 15:21:00,31.6,31.6,31.6,31.6,11250,29.678404,886500,935.75,940.0
2026-01-28 15:22:00,31.55,31.6,31.5,31.5,4500,29.632672,886500,935.65,940.0
2026-01-28 15:23:00,31.65,31.65,31.5,31.65,3000,29.754599,886500,935.7,940.0
2026-01-28 15:24:00,36.95,37.15,36.95,36.95,6750,30.259975,542250,935.0,930.0
2026-01-28 15:25:00,31.45,31.65,31.35,31.65,2250,29.963768,884250,935.3,940.0
2026-01-28 15:26:00,31.7,31.7,31.65,31.7,7500,29.909398,884250,935.5,940.0
2026-01-28 15:27:00,31.75,31.75,31.7,31.75,65250,30.063072,890250,935.3,940.0
2026-01-28 15:28:00,31.75,31.8,31.75,31.8,18000,30.060738,890250,935.4,940.0
2026-01-28 15:29:00,31.95,31.95,31.8,31.95,3750,29.895771,866250,936.0,940.0
2026-01-29 09:15:00,34.0,34.0,31.5,32.3,14250,30.450178,543000,927.25,930.0
2026-01-29 09:16:00,33.95,33.95,32.3,33.95,9750,30.827092,553500,929.6,930.0
2026-01-29 09:17:00,33.95,33.95,33.95,33.95,7500,30.577699,553500,930.05,930.0
2026-01-29 09:18:00,33.95,33.95,33.95,33.95,0,30.410929,553500,930.35,930.0
2026-01-29 09:19:00,34.85,34.85,33.95,34.85,5250,30.646023,552750,931.55,930.0
2026-01-29 09:20:00,35.15,35.15,34.85,35.15,750,31.2592,552750,931.0,930.0
2026-01-29 09:21:00,36.7,36.7,35.15,36.7,6000,30.768814,552750,934.6,930.0
2026-01-29 09:22:00,36.45,36.7,35.55,35.55,12750,30.672875,555000,932.75,930.0
2026-01-29 09:23:00,36.15,36.5,35.55,36.5,6750,31.11775,555000,933.65,930.0
2026-01-29 09:24:00,36.45,36.5,36.2,36.2,8250,31.216804,555000,932.95,930.0
2026-01-29 09:25:00,36.5,36.5,36.2,36.5,3000,30.392894,564000,934.9,930.0
2026-01-29 09:26:00,37.0,37.0,36.5,37.0,1500,31.307632,564000,934.2,930.0
2026-01-29 09:27:00,36.4,37.0,36.4,36.4,10500,31.277356,564000,933.2,930.0
2026-01-29 09:28:00,36.4,36.4,36.4,36.4,0,31.506821,564750,932.8,930.0
2026-01-29 09:29:00,36.2,36.4,36.2,36.2,9000,31.190698,564750,933.0,930.0
2026-01-29 09:30:00,35.85,36.2,35.65,35.65,6750,30.863683,564750,932.6,930.0
2026-01-29 09:31:00,37.0,37.0,35.65,37.0,2250,31.019636,573000,934.7,930.0
2026-01-29 09:32:00,37.0,37.0,37.0,37.0,0,31.020138,573000,934.7,930.0
2026-01-29 09:33:00,36.5,37.0,36.5,36.5,10500,30.513735,573000,934.7,930.0
2026-01-29 09:34:00,36.65,36.65,36.5,36.65,1500,30.490987,575250,935.0,930.0
2026-01-29 09:35:00,36.65,36.65,36.65,36.65,0,30.812457,575250,934.45,930.0
2026-01-29 09:36:00,36.4,36.65,36.4,36.4,2250,31.852472,575250,932.2,930.0
2026-01-29 09:37:00,35.8,36.4,35.8,35.8,9000,31.161329,579000,932.35,930.0
2026-01-29 09:38:00,36.05,36.05,35.8,36.05,1500,31.043495,579000,933.0,930.0
2026-01-29 09:39:00,36.1,36.25,36.05,36.25,1500,31.189014,579000,933.1,930.0
2026-01-29 09:40:00,36.65,36.65,36.25,36.65,750,31.508166,577500,933.25,930.0
2026-01-29 09:41:00,36.65,36.65,36.65,36.65,0,31.479978,577500,933.3,930.0
2026-01-29 09:42:00,36.0,36.65,36.0,36.0,3000,31.19508,577500,932.65,930.0
2026-01-29 09:43:00,35.8,36.0,35.8,35.8,3000,30.821726,577500,932.95,930.0
2026-01-29 09:44:00,35.6,35.8,35.6,35.6,2250,31.472546,577500,931.45,930.0
2026-01-29 09:45:00,35.1,35.6,35.1,35.1,750,30.939742,577500,931.5,930.0
2026-01-29 09:46:00,35.6,35.6,35.1,35.6,2250,30.935169,579000,932.4,930.0
2026-01-29 09:47:00,36.0,36.0,35.6,36.0,8250,31.368553,579000,932.35,930.0
2026-01-29 09:48:00,36.05,36.05,36.0,36.05,750,31.248666,579000,932.65,930.0
2026-01-29 09:49:00,36.05,36.05,36.05,36.05,750,31.590494,579000,932.05,930.0
2026-01-29 09:50:00,35.75,36.05,35.75,35.75,2250,31.316158,582000,932.0,930.0
2026-01-29 09:51:00,35.6,35.75,35.6,35.6,3000,30.994611,582000,932.3,930.0
2026-01-29 09:52:00,35.6,35.6,35.6,35.6,0,31.476593,582000,931.45,930.0
2026-01-29 09:53:00,35.6,35.6,35.6,35.6,0,31.814341,582000,930.85,930.0
2026-01-29 09:54:00,34.6,35.6,34.6,34.6,6750,31.279855,580500,930.0,930.0
2026-01-29 09:55:00,34.75,34.75,34.6,34.75,1500,32.804684,579750,927.5,930.0
2026-01-29 09:56:00,33.6,34.75,33.45,33.45,9000,31.765072,579750,927.0,930.0
2026-01-29 09:57:00,33.35,33.45,33.35,33.4,9000,31.444396,579750,927.5,930.0
2026-01-29 09:58:00,33.65,33.85,33.4,33.85,9000,31.681163,582000,927.9,930.0
2026-01-29 09:59:00,33.85,34.15,33.85,34.15,3750,31.793212,582000,928.25,930.0
2026-01-29 10:00:00,34.15,34.15,34.15,34.15,0,31.216737,582000,929.3,930.0
2026-01-29 10:01:00,34.2,34.2,34.15,34.2,1500,31.570663,582750,928.75,930.0
2026-01-29 10:02:00,34.05,34.2,34.05,34.05,750,31.061556,582750,929.4,930.0
2026-01-29 10:03:00,34.85,35.0,34.05,35.0,4500,30.932328,582750,931.35,930.0
2026-01-29 10:04:00,35.0,35.0,35.0,35.0,0,31.073609,585000,931.1,930.0
2026-01-29 10:05:00,35.5,35.5,35.0,35.5,2250,32.193789,585000,930.0,930.0
2026-01-29 10:06:00,34.75,35.5,34.75,34.75,1500,31.242311,585000,930.35,930.0
2026-01-29 10:07:00,34.6,34.75,34.6,34.6,750,31.035507,585000,930.45,930.0
2026-01-29 10:08:00,34.5,34.6,34.5,34.5,1500,31.269317,583500,929.85,930.0
2026-01-29 10:09:00,34.5,34.5,34.5,34.5,1500,31.353064,583500,929.7,930.0
2026-01-29 10:10:00,34.55,34.55,34.5,34.55,750,31.348551,583500,929.8,930.0
2026-01-29 10:11:00,33.85,34.55,33.85,33.85,4500,30.531216,586500,930.0,930.0
2026-01-29 10:12:00,34.8,34.8,33.85,34.8,750,31.044059,586500,930.8,930.0
2026-01-29 10:13:00,35.0,35.0,34.8,35.0,3750,31.134329,587250,931.0,930.0
2026-01-29 10:14:00,35.0,35.0,35.0,35.0,0,31.190984,587250,930.9,930.0
2026-01-29 10:15:00,34.9,35.0,34.9,34.9,750,31.174599,587250,930.75,930.0
2026-01-29 10:16:00,34.9,34.9,34.9,34.9,0,30.978583,588000,931.1,930.0
2026-01-29 10:17:00,35.0,35.0,34.9,35.0,2250,31.220543,588000,930.85,930.0
2026-01-29 10:18:00,35.0,35.0,35.0,35.0,0,31.333118,588000,930.65,930.0
2026-01-29 10:19:00,34.75,35.0,34.75,34.75,3000,31.276743,587250,930.3,930.0
2026-01-29 10:20:00,34.5,34.75,34.5,34.5,1500,31.275341,587250,929.85,930.0
2026-01-29 10:21:00,33.8,34.5,33.8,33.8,2250,32.076691,587250,927.1,930.0
2026-01-29 10:22:00,33.45,33.8,33.45,33.45,13500,31.80524,587250,926.95,930.0
2026-01-29 10:23:00,33.2,33.45,33.2,33.2,2250,30.655095,587250,928.6,930.0
2026-01-29 10:24:00,33.75,33.75,33.2,33.75,750,31.374982,587250,928.3,930.0
2026-01-29 10:25:00,33.65,33.75,33.2,33.2,4500,31.256705,590250,927.5,930.0
2026-01-29 10:26:00,32.5,33.2,32.5,32.5,5250,30.496691,590250,927.6,930.0
2026-01-29 10:27:00,32.5,32.5,32.5,32.5,0,30.687154,590250,927.25,930.0
2026-01-29 10:28:00,33.4,33.4,32.5,33.4,3000,31.595558,591000,927.25,930.0
2026-01-29 10:29:00,33.25,33.4,33.25,33.25,6750,31.498892,591000,927.15,930.0
2026-01-29 10:30:00,32.85,33.25,32.85,32.85,750,31.446592,591000,926.5,930.0
2026-01-29 10:31:00,32.85,32.85,32.85,32.85,1500,31.231523,591000,926.9,930.0
2026-01-29 10:32:00,32.85,32.85,32.85,32.85,0,30.525556,593250,928.2,930.0
2026-01-29 10:33:00,32.85,32.85,32.85,32.85,0,30.443934,593250,928.35,930.0
2026-01-29 10:34:00,33.4,33.4,32.85,33.4,3000,31.299829,594000,927.8,930.0
2026-01-29 10:35:00,33.15,33.4,33.15,33.15,750,31.211259,594000,927.5,930.0
2026-01-29 10:36:00,33.05,33.15,33.05,33.05,750,30.838625,594000,928.0,930.0
2026-01-29 10:37:00,33.05,33.05,33.05,33.05,0,30.757181,594000,928.15,930.0
2026-01-29 10:38:00,33.0,33.05,33.0,33.0,3750,31.305294,595500,927.05,930.0
2026-01-29 10:39:00,32.7,33.0,32.7,32.7,1500,31.568108,595500,926.0,930.0
2026-01-29 10:40:00,37.2,38.15,37.2,37.2,1500,31.667085,400500,924.65,920.0
2026-01-29 10:41:00,37.2,37.2,37.2,37.2,0,31.697013,400500,924.6,920.0
2026-01-29 10:42:00,31.55,31.55,31.55,31.55,0,30.40932,602250,926.0,930.0
2026-01-29 10:43:00,31.55,31.55,31.55,31.55,0,30.756684,602250,925.35,930.0
2026-01-29 10:44:00,32.3,32.3,31.55,32.3,750,31.167029,606000,926.0,930.0
2026-01-29 10:45:00,32.25,32.3,32.25,32.25,3750,31.25077,606000,925.75,930.0
2026-01-29 10:46:00,32.25,32.25,32.25,32.25,0,31.197828,606000,925.85,930.0
2026-01-29 10:47:00,32.0,32.25,32.0,32.0,3000,31.026204,609000,925.7,930.0
2026-01-29 10:48:00,31.9,32.0,31.9,31.9,1500,31.192096,609000,925.2,930.0
2026-01-29 10:49:00,37.7,37.7,37.7,37.7,0,32.037103,399750,924.9,920.0
2026-01-29 10:50:00,31.6,31.65,31.6,31.6,750,30.916894,613500,925.15,930.0
2026-01-29 10:51:00,37.2,37.35,37.2,37.2,3750,31.49584,399750,924.95,920.0
2026-01-29 10:52:00,32.15,32.15,31.75,32.15,750,31.18005,612000,925.7,930.0
2026-01-29 10:53:00,32.2,32.2,32.15,32.2,1500,31.177586,612000,925.8,930.0
2026-01-29 10:54:00,32.2,32.2,32.2,32.2,0,30.990719,612000,926.15,930.0
2026-01-29 10:55:00,32.6,32.6,32.2,32.5,8250,30.510916,612750,927.6,930.0
2026-01-29 10:56:00,33.0,33.0,32.5,33.0,4500,30.77076,612750,928.05,930.0
2026-01-29 10:57:00,33.5,33.5,33.0,33.25,10500,31.512977,612750,927.15,930.0
2026-01-29 10:58:00,33.25,33.25,33.25,33.25,0,31.540543,612750,927.1,930.0
2026-01-29 10:59:00,33.05,33.25,33.05,33.05,9750,31.176628,616500,927.4,930.0
2026-01-29 11:00:00,33.5,33.5,33.05,33.5,4500,31.304721,616500,928.0,930.0
2026-01-29 11:01:00,33.3,33.55,33.3,33.55,2250,31.191689,615000,928.3,930.0
2026-01-29 11:02:00,33.55,33.55,33.55,33.55,0,31.164808,615000,928.35,930.0
2026-01-29 11:03:00,33.55,33.55,33.55,33.55,0,31.055645,615000,928.55,930.0
2026-01-29 11:04:00,33.75,33.75,33.55,33.75,1500,31.175671,614250,928.7,930.0
2026-01-29 11:05:00,33.7,33.75,33.7,33.7,10500,31.153166,614250,928.65,930.0
2026-01-29 11:06:00,33.3,33.7,33.3,33.3,1500,30.419048,614250,929.25,930.0
2026-01-29 11:07:00,34.2,34.2,33.3,34.2,1500,31.106994,606750,929.65,930.0
2026-01-29 11:08:00,34.1,34.2,34.05,34.05,3000,30.955981,606750,929.65,930.0
2026-01-29 11:09:00,34.0,34.05,33.8,33.8,2250,30.787137,606750,929.5,930.0
2026-01-29 11:10:00,33.8,33.8,33.8,33.8,1500,30.509801,609000,930.0,930.0
2026-01-29 11:11:00,34.2,34.6,33.8,34.6,3750,30.843353,609000,930.85,930.0
2026-01-29 11:12:00,34.6,34.95,34.6,34.95,9750,31.197668,609000,930.85,930.0
2026-01-29 11:13:00,34.7,34.95,34.7,34.7,3750,31.085645,615750,930.6,930.0
2026-01-29 11:14:00,34.75,34.75,34.7,34.75,4500,30.912196,615750,931.0,930.0
2026-01-29 11:15:00,34.75,34.75,34.75,34.75,0,30.715469,615750,931.35,930.0
2026-01-29 11:16:00,34.9,34.9,34.75,34.85,8250,30.929884,619500,931.15,930.0
2026-01-29 11:17:00,35.5,35.5,34.85,35.5,3750,31.220608,619500,931.8,930.0
2026-01-29 11:18:00,35.5,35.5,35.5,35.5,0,31.334313,619500,931.6,930.0
2026-01-29 11:19:00,35.5,35.5,35.5,35.5,0,31.334819,618000,931.6,930.0
2026-01-29 11:20:00,35.05,35.5,35.05,35.05,1500,30.795166,618000,931.75,930.0
2026-01-29 11:21:00,35.05,35.05,35.05,35.05,0,31.078291,618000,931.25,930.0
2026-01-29 11:22:00,35.05,35.05,35.05,35.05,0,30.568929,618000,932.15,930.0
2026-01-29 11:23:00,35.05,35.05,35.05,35.05,3000,30.597887,618750,932.1,930.0
2026-01-29 11:24:00,35.45,35.45,35.05,35.45,1500,30.946367,618750,932.2,930.0
2026-01-29 11:25:00,35.05,35.45,35.05,35.05,3000,30.769311,618000,931.8,930.0
2026-01-29 11:26:00,35.05,35.05,35.05,35.05,0,31.557815,618000,930.4,930.0
2026-01-29 11:27:00,35.05,35.05,35.05,35.05,0,31.278245,618000,930.9,930.0
2026-01-29 11:28:00,35.05,35.05,35.05,35.05,0,31.530888,618000,930.45,930.0
2026-01-29 11:29:00,34.65,35.05,34.65,34.65,6750,30.846685,617250,930.95,930.0
2026-01-29 11:30:00,35.0,35.15,34.65,35.15,3000,30.787869,617250,931.95,930.0
2026-01-29 11:31:00,34.8,35.15,34.8,34.8,3000,30.858635,622500,931.2,930.0
2026-01-29 11:32:00,34.7,34.8,34.7,34.7,750,31.011079,622500,930.75,930.0
2026-01-29 11:33:00,34.7,34.7,34.7,34.7,0,31.569704,622500,929.75,930.0
2026-01-29 11:34:00,34.7,34.7,34.7,34.7,0,31.985068,622500,929.0,930.0
2026-01-29 11:35:00,34.7,34.7,34.7,34.7,0,31.709354,622500,929.5,930.0
2026-01-29 11:36:00,33.75,34.7,33.75,33.75,5250,30.611243,624000,929.75,930.0
2026-01-29 11:37:00,34.25,34.25,33.75,34.25,3750,30.558534,624000,930.75,930.0
2026-01-29 11:38:00,34.25,34.25,34.25,34.25,0,30.643185,624000,930.6,930.0
2026-01-29 11:39:00,34.25,34.25,34.25,34.25,0,30.811586,622500,930.3,930.0
2026-01-29 11:40:00,34.5,34.5,34.25,34.5,1500,31.120641,622500,930.2,930.0
2026-01-29 11:41:00,34.25,34.5,34.25,34.25,750,30.840513,621750,930.25,930.0
2026-01-29 11:42:00,34.25,34.25,34.25,34.25,0,30.952592,621750,930.05,930.0
2026-01-29 11:43:00,34.5,34.5,34.25,34.5,5250,31.233634,621750,930.0,930.0
2026-01-29 11:44:00,34.1,34.5,34.1,34.1,750,31.02447,620250,929.65,930.0
2026-01-29 11:45:00,34.1,34.1,34.1,34.1,0,31.10817,620250,929.5,930.0
2026-01-29 11:46:00,34.1,34.1,34.1,34.1,0,30.969932,620250,929.75,930.0
2026-01-29 11:47:00,34.1,34.1,34.1,34.1,0,30.970429,620250,929.75,930.0
2026-01-29 11:48:00,34.1,34.1,34.1,34.1,0,31.248058,620250,929.25,930.0
2026-01-29 11:49:00,34.0,34.1,34.0,34.0,2250,30.786927,620250,929.9,930.0
2026-01-29 11:50:00,34.0,34.0,34.0,34.0,0,30.424336,620250,930.55,930.0
2026-01-29 11:51:00,34.25,34.25,34.0,34.25,3000,30.957086,621000,930.05,930.0
2026-01-29 11:52:00,34.25,34.25,34.25,34.25,0,31.013294,621000,929.95,930.0
2026-01-29 11:53:00,34.25,34.25,34.25,34.25,0,30.846491,621000,930.25,930.0
2026-01-29 11:54:00,34.25,34.25,34.25,34.25,0,31.153313,621000,929.7,930.0
2026-01-29 11:55:00,34.25,34.25,34.25,34.25,0,31.292474,621000,929.45,930.0
2026-01-29 11:56:00,34.25,34.25,34.25,34.25,0,31.12654,621000,929.75,930.0
2026-01-29 11:57:00,34.25,34.25,34.25,34.25,0,31.154818,621000,929.7,930.0
2026-01-29 11:58:00,34.25,34.25,34.25,34.25,0,31.071949,621000,929.85,930.0
2026-01-29 11:59:00,34.25,34.25,34.25,34.25,0,30.988947,621000,930.0,930.0
2026-01-29 12:00:00,34.25,34.25,34.25,34.25,0,30.849979,621000,930.25,930.0
2026-01-29 12:01:00,34.25,34.25,34.25,34.25,0,30.738635,621000,930.45,930.0
2026-01-29 12:02:00,34.25,34.25,34.25,34.25,0,30.711133,621000,930.5,930.0
2026-01-29 12:03:00,34.6,34.6,34.25,34.6,2250,30.784931,619500,931.0,930.0
2026-01-29 12:04:00,34.45,34.6,34.45,34.45,2250,30.605504,619500,931.05,930.0
2026-01-29 12:05:00,34.45,34.45,34.45,34.45,0,30.549635,619500,931.15,930.0
2026-01-29 12:06:00,34.45,34.45,34.45,34.45,6750,30.775219,618000,930.75,930.0
2026-01-29 12:07:00,34.45,34.45,34.45,34.45,0,30.747634,618000,930.8,930.0
2026-01-29 12:08:00,34.7,34.7,34.45,34.7,1500,30.775918,618750,931.2,930.0
2026-01-29 12:09:00,34.7,34.7,34.7,34.7,0,30.323175,618750,932.0,930.0
2026-01-29 12:10:00,34.85,34.85,34.7,34.85,750,30.787544,618750,931.45,930.0
2026-01-29 12:11:00,34.85,34.85,34.85,34.85,0,30.985573,618750,931.1,930.0
2026-01-29 12:12:00,34.85,34.85,34.85,34.85,0,31.294979,618750,930.55,930.0
2026-01-29 12:13:00,34.85,34.85,34.85,34.85,0,31.239452,618750,930.65,930.0
2026-01-29 12:14:00,34.35,34.85,34.35,34.35,4500,30.3682,620250,931.3,930.0
2026-01-29 12:15:00,34.5,34.5,34.35,34.5,2250,30.661561,620250,931.05,930.0
2026-01-29 12:16:00,34.5,34.5,34.5,34.5,0,30.690218,620250,931.0,930.0
2026-01-29 12:17:00,34.55,34.55,34.5,34.5,2250,30.662556,620250,931.05,930.0
2026-01-29 12:18:00,34.7,34.7,34.5,34.7,1500,31.006054,620250,930.8,930.0
2026-01-29 12:19:00,34.7,34.7,34.7,34.7,0,30.809601,620250,931.15,930.0
2026-01-29 12:20:00,34.7,34.7,34.7,34.7,0,31.063192,620250,930.7,930.0
2026-01-29 12:21:00,34.6,34.7,34.6,34.6,2250,30.313117,621750,931.85,930.0
2026-01-29 12:22:00,34.85,35.2,34.6,35.2,12000,31.457765,621750,930.9,930.0
2026-01-29 12:23:00,35.2,35.2,35.2,35.2,0,31.317622,621750,931.15,930.0
2026-01-29 12:24:00,35.05,35.2,35.05,35.05,1500,30.855474,624000,931.7,930.0
2026-01-29 12:25:00,35.05,35.05,35.05,35.05,0,30.855974,624000,931.7,930.0
2026-01-29 12:26:00,35.05,35.05,35.05,35.05,750,30.998005,624000,931.45,930.0
2026-01-29 12:27:00,35.05,35.05,35.05,35.05,0,30.885311,624000,931.65,930.0
2026-01-29 12:28:00,35.05,35.05,35.05,35.05,2250,31.309031,624000,930.9,930.0
2026-01-29 12:29:00,35.05,35.05,35.05,35.05,0,31.084246,624000,931.3,930.0
2026-01-29 12:30:00,35.0,35.05,35.0,35.0,750,30.523559,625500,932.2,930.0
2026-01-29 12:31:00,35.0,35.0,35.0,35.0,0,30.723224,625500,931.85,930.0
2026-01-29 12:32:00,35.3,35.3,35.0,35.3,750,30.970774,624750,931.95,930.0
2026-01-29 12:33:00,35.3,35.3,35.3,35.3,0,30.857502,624750,932.15,930.0
2026-01-29 12:34:00,35.2,35.3,35.1,35.1,4500,30.683849,624750,932.1,930.0
2026-01-29 12:35:00,35.1,35.1,35.1,35.1,0,30.798107,624750,931.9,930.0
2026-01-29 12:36:00,35.1,35.1,35.1,35.1,0,30.656367,624750,932.15,930.0
2026-01-29 12:37:00,35.1,35.1,35.1,35.1,0,30.685345,624750,932.1,930.0
2026-01-29 12:38:00,35.1,35.1,35.1,35.1,2250,30.884762,626250,931.75,930.0
2026-01-29 12:39:00,35.1,35.1,35.1,35.1,0,30.771689,626250,931.95,930.0
2026-01-29 12:40:00,35.25,35.25,35.1,35.1,4500,30.857394,626250,931.8,930.0
2026-01-29 12:41:00,35.0,35.1,35.0,35.0,2250,30.756604,632250,931.8,930.0
2026-01-29 12:42:00,35.0,35.0,35.0,35.0,0,30.700303,632250,931.9,930.0
2026-01-29 12:43:00,35.35,35.35,35.0,35.35,3750,30.913172,632250,932.15,930.0
2026-01-29 12:44:00,34.95,35.35,34.95,34.95,750,31.131511,630750,931.05,930.0
2026-01-29 12:45:00,34.95,34.95,34.95,34.95,0,30.906281,630750,931.45,930.0
2026-01-29 12:46:00,34.95,34.95,34.95,34.95,0,30.793543,630750,931.65,930.0
2026-01-29 12:47:00,34.95,34.95,34.95,34.95,0,30.708948,630750,931.8,930.0
2026-01-29 12:48:00,35.4,35.4,34.95,35.4,3750,31.363452,631500,931.45,930.0
2026-01-29 12:49:00,35.4,35.4,35.4,35.4,0,31.363959,631500,931.45,930.0
2026-01-29 12:50:00,35.4,35.4,35.4,35.4,0,30.938867,631500,932.2,930.0
2026-01-29 12:51:00,35.4,35.4,35.4,35.4,0,30.567624,631500,932.85,930.0
2026-01-29 12:52:00,35.4,35.4,35.4,35.4,0,30.797215,631500,932.45,930.0
2026-01-29 12:53:00,36.1,36.1,35.4,35.95,4500,31.412234,631500,932.35,930.0
2026-01-29 12:54:00,35.95,35.95,35.95,35.95,0,31.32715,631500,932.5,930.0
2026-01-29 12:55:00,36.0,36.0,35.95,36.0,750,31.149414,631500,932.9,930.0
2026-01-29 12:56:00,35.85,36.0,35.85,35.85,750,31.198236,631500,932.55,930.0
2026-01-29 12:57:00,35.85,35.85,35.85,35.85,0,31.284402,631500,932.4,930.0
2026-01-29 12:58:00,35.5,35.85,35.5,35.5,3000,31.29998,631500,931.75,930.0
2026-01-29 12:59:00,35.5,35.5,35.5,35.5,0,31.470293,631500,931.45,930.0
2026-01-29 13:00:00,35.5,35.5,35.5,35.5,0,31.272637,631500,931.8,930.0
2026-01-29 13:01:00,35.15,35.5,35.15,35.15,750,30.861771,631500,931.9,930.0
2026-01-29 13:02:00,35.85,35.85,35.15,35.85,3000,30.943413,630000,933.0,930.0
2026-01-29 13:03:00,36.15,36.15,35.85,36.15,3000,30.931469,630000,933.55,930.0
2026-01-29 13:04:00,36.05,36.15,36.05,36.05,750,30.714766,630000,933.75,930.0
2026-01-29 13:05:00,36.05,36.05,36.05,36.05,0,30.830973,629250,933.55,930.0
2026-01-29 13:06:00,36.5,37.05,36.05,37.05,5250,31.003561,629250,935.0,930.0
2026-01-29 13:07:00,31.55,31.8,31.45,31.8,15000,30.65928,933750,935.45,940.0
2026-01-29 13:08:00,32.2,32.2,31.8,32.2,9000,30.768691,920250,936.0,940.0
2026-01-29 13:09:00,32.2,32.2,31.8,31.8,5250,30.765752,920250,935.25,940.0
2026-01-29 13:10:00,37.2,37.6,37.0,37.0,2250,31.159494,629250,934.65,930.0
2026-01-29 13:11:00,31.45,31.7,31.45,31.7,3750,30.402623,920250,935.75,940.0
2026-01-29 13:12:00,37.2,37.2,37.1,37.2,3000,31.305389,628500,934.75,930.0
2026-01-29 13:13:00,37.2,37.2,37.2,37.2,0,31.509941,628500,934.4,930.0
2026-01-29 13:14:00,36.85,37.2,36.85,36.85,3000,30.979845,627000,934.7,930.0
2026-01-29 13:15:00,37.2,37.2,36.85,37.2,1500,31.336119,627000,934.7,930.0
2026-01-29 13:16:00,37.3,37.3,37.2,37.3,12000,31.292132,627000,934.95,930.0
2026-01-29 13:17:00,37.7,37.7,37.3,37.7,750,31.72852,622500,934.9,930.0
2026-01-29 13:18:00,32.15,32.15,32.1,32.15,8250,31.225633,919500,935.05,940.0
2026-01-29 13:19:00,32.0,32.15,32.0,32.0,1500,30.997106,919500,935.2,940.0
2026-01-29 13:20:00,32.45,32.45,32.0,32.45,4500,31.024688,919500,936.0,940.0
2026-01-29 13:21:00,31.85,32.45,31.85,31.85,3750,30.636932,919500,935.6,940.0
2026-01-29 13:22:00,32.0,32.3,31.85,32.3,3000,30.87564,919500,936.0,940.0
2026-01-29 13:23:00,32.35,32.35,32.3,32.35,750,31.111641,922500,935.65,940.0
2026-01-29 13:24:00,32.35,32.35,32.35,32.35,0,31.059205,922500,935.75,940.0
2026-01-29 13:25:00,32.0,32.35,32.0,32.0,4500,30.577029,922500,936.0,940.0
2026-01-29 13:26:00,32.1,32.1,31.95,31.95,6000,30.607072,923250,935.85,940.0
2026-01-29 13:27:00,32.0,32.05,31.95,32.05,4500,30.601482,923250,936.05,940.0
2026-01-29 13:28:00,32.05,32.05,32.05,32.05,0,30.65506,923250,935.95,940.0
2026-01-29 13:29:00,31.95,32.05,31.95,31.95,25500,30.369491,924000,936.3,940.0
2026-01-29 13:30:00,31.85,31.95,31.85,31.85,5250,30.216677,924000,936.4,940.0
2026-01-29 13:31:00,31.85,31.85,31.85,31.85,0,30.270431,924000,936.3,940.0
2026-01-29 13:32:00,32.2,32.35,31.85,32.35,12750,30.477506,909750,936.85,940.0
2026-01-29 13:33:00,32.6,32.6,32.35,32.6,1500,30.10902,909750,938.0,940.0
2026-01-29 13:34:00,33.0,33.0,32.6,32.75,18750,30.502697,909750,937.55,940.0
2026-01-29 13:35:00,32.85,32.85,32.75,32.85,1500,30.684027,909750,937.4,940.0
2026-01-29 13:36:00,33.05,33.05,32.85,32.95,3750,30.703795,920250,937.55,940.0
2026-01-29 13:37:00,33.15,33.15,32.95,33.15,3750,30.904403,920250,937.55,940.0
2026-01-29 13:38:00,33.0,33.15,33.0,33.0,9000,30.781754,920250,937.5,940.0
2026-01-29 13:39:00,33.1,33.15,33.0,33.15,3750,30.472542,920250,938.35,940.0
2026-01-29 13:40:00,33.3,33.3,33.15,33.3,7500,31.271123,920250,937.15,940.0
2026-01-29 13:41:00,32.75,33.3,32.75,32.75,4500,30.801791,924000,937.0,940.0
2026-01-29 13:42:00,32.95,32.95,32.75,32.95,3750,30.760636,924000,937.45,940.0
2026-01-29 13:43:00,32.95,32.95,32.95,32.95,0,30.788047,924000,937.4,940.0
2026-01-29 13:44:00,33.25,33.25,32.95,33.25,2250,30.927055,918000,937.7,940.0
2026-01-29 13:45:00,33.2,33.25,33.15,33.15,9750,30.827484,918000,937.7,940.0
2026-01-29 13:46:00,32.95,33.15,32.95,32.95,2250,30.627837,918000,937.7,940.0
2026-01-29 13:47:00,33.4,33.8,32.95,33.8,27000,30.936661,915000,938.7,940.0
2026-01-29 13:48:00,33.65,33.8,33.4,33.5,6750,30.636851,915000,938.7,940.0
2026-01-29 13:49:00,33.85,33.9,33.5,33.9,6000,31.309561,915000,938.2,940.0
2026-01-29 13:50:00,33.85,33.9,33.85,33.85,3000,30.715024,908250,939.2,940.0
2026-01-29 13:51:00,33.9,33.9,33.6,33.6,6000,30.738445,908250,938.7,940.0
2026-01-29 13:52:00,33.7,33.7,33.6,33.65,3000,30.652551,908250,938.95,940.0
2026-01-29 13:53:00,33.6,33.65,33.6,33.6,1500,30.630306,908250,938.9,940.0
2026-01-29 13:54:00,33.5,33.6,33.35,33.35,2250,30.516907,908250,938.65,940.0
2026-01-29 13:55:00,33.05,33.35,33.05,33.05,3750,30.488896,908250,938.15,940.0
2026-01-29 13:56:00,32.95,33.05,32.95,32.95,3000,30.280714,909000,938.35,940.0
2026-01-29 13:57:00,33.25,33.25,32.95,33.2,2250,30.231777,909000,938.9,940.0
2026-01-29 13:58:00,33.2,33.2,33.2,33.2,0,30.531964,909000,938.35,940.0
2026-01-29 13:59:00,33.0,33.2,33.0,33.0,5250,30.33224,909000,938.35,940.0
2026-01-29 14:00:00,33.2,33.2,33.0,33.2,750,30.34243,909000,938.7,940.0
2026-01-29 14:01:00,33.2,33.2,33.2,33.2,0,30.614889,909000,938.2,940.0
2026-01-29 14:02:00,33.0,33.2,33.0,33.0,3750,30.523585,908250,938.0,940.0
2026-01-29 14:03:00,33.05,33.1,33.0,33.1,3750,30.597099,908250,938.05,940.0
2026-01-29 14:04:00,32.9,33.1,32.9,32.9,1500,30.882838,908250,937.15,940.0
2026-01-29 14:05:00,32.4,32.9,32.4,32.45,10500,30.887543,906000,936.3,940.0
2026-01-29 14:06:00,32.15,32.45,32.1,32.1,3750,30.670737,906000,936.05,940.0
2026-01-29 14:07:00,32.0,32.1,31.9,31.9,4500,30.550701,906000,935.9,940.0
2026-01-29 14:08:00,31.85,31.9,31.85,31.85,750,30.792193,904500,935.35,940.0
2026-01-29 14:09:00,37.0,37.45,37.0,37.0,750,31.48072,591750,934.15,930.0
2026-01-29 14:10:00,37.0,37.0,37.0,37.0,0,31.043723,591750,934.9,930.0
2026-01-29 14:11:00,37.25,37.25,37.0,37.25,1500,31.415562,591750,934.7,930.0
2026-01-29 14:12:00,31.9,31.9,31.3,31.9,4500,30.738557,904500,935.55,940.0
2026-01-29 14:13:00,31.9,31.9,31.9,31.9,0,30.686143,904500,935.65,940.0
2026-01-29 14:14:00,32.2,32.2,31.9,32.2,1500,31.303685,904500,935.05,940.0
2026-01-29 14:15:00,32.2,32.2,32.2,32.2,0,31.225164,904500,935.2,940.0
2026-01-29 14:16:00,32.2,32.2,32.2,32.2,0,30.855428,904500,935.9,940.0
2026-01-29 14:17:00,32.4,32.4,32.2,32.4,750,30.976469,904500,936.05,940.0
2026-01-29 14:18:00,32.6,32.6,32.4,32.4,6000,31.083154,906000,935.85,940.0
2026-01-29 14:19:00,32.4,32.4,32.4,32.4,0,31.453754,906000,935.15,940.0
2026-01-29 14:20:00,32.05,32.4,32.05,32.05,2250,31.156512,909000,935.05,940.0
2026-01-29 14:21:00,37.65,37.65,37.65,37.65,0,31.65215,591750,935.0,930.0
2026-01-29 14:22:00,32.05,32.05,32.05,32.05,0,31.157509,909000,935.05,940.0
2026-01-29 14:23:00,31.8,32.05,31.8,31.8,3750,30.907698,909000,935.05,940.0
2026-01-29 14:24:00,31.8,31.8,31.8,31.8,0,30.829178,908250,935.2,940.0
2026-01-29 14:25:00,31.9,31.9,31.8,31.9,1500,30.98249,908250,935.1,940.0
2026-01-29 14:26:00,32.0,32.05,31.9,32.05,3000,30.948522,907500,935.45,940.0
2026-01-29 14:27:00,32.05,32.05,32.05,32.05,750,30.949019,907500,935.45,940.0
2026-01-29 14:28:00,32.0,32.05,32.0,32.05,1500,30.604965,907500,936.1,940.0
2026-01-29 14:29:00,32.25,32.25,32.05,32.25,750,30.619266,907500,936.45,940.0
2026-01-29 14:30:00,32.35,32.35,32.25,32.35,1500,30.853101,907500,936.2,940.0
2026-01-29 14:31:00,32.5,32.5,32.35,32.5,750,30.656714,907500,936.85,940.0
2026-01-29 14:32:00,32.7,32.7,32.5,32.7,2250,30.615889,908250,937.3,940.0
2026-01-29 14:33:00,32.7,32.7,32.7,32.7,0,30.589479,908250,937.35,940.0
2026-01-29 14:34:00,32.4,32.7,32.4,32.4,1500,30.343389,908250,937.25,940.0
2026-01-29 14:35:00,32.8,32.85,32.4,32.85,3000,31.009124,908250,936.85,940.0
2026-01-29 14:36:00,33.05,33.05,32.85,33.05,29250,31.156286,910500,936.95,940.0
2026-01-29 14:37:00,32.75,33.05,32.6,32.6,14250,30.572006,910500,937.2,940.0
2026-01-29 14:38:00,32.6,32.6,32.6,32.6,0,30.545618,910500,937.25,940.0
2026-01-29 14:39:00,32.45,32.6,32.45,32.45,3750,30.530195,912750,937.0,940.0
2026-01-29 14:40:00,32.45,32.45,32.45,32.45,0,30.611099,912750,936.85,940.0
2026-01-29 14:41:00,32.5,32.5,32.45,32.5,24000,30.581247,914250,937.0,940.0
2026-01-29 14:42:00,32.65,32.9,32.5,32.9,8250,30.82111,914250,937.3,940.0
2026-01-29 14:43:00,32.8,32.9,32.8,32.8,2250,30.909458,914250,936.95,940.0
2026-01-29 14:44:00,32.65,33.2,32.65,33.2,13500,30.825834,924750,937.85,940.0
2026-01-29 14:45:00,33.0,33.2,32.9,32.9,3750,30.714888,924750,937.5,940.0
2026-01-29 14:46:00,32.95,32.95,32.9,32.95,1500,30.711522,924750,937.6,940.0
2026-01-29 14:47:00,33.05,33.2,32.95,33.1,6750,30.754214,931500,937.8,940.0
2026-01-29 14:48:00,32.85,33.1,32.85,32.85,8250,30.585373,931500,937.65,940.0
2026-01-29 14:49:00,33.2,33.2,32.85,33.2,3750,30.80127,931500,937.9,940.0
2026-01-29 14:50:00,33.15,33.3,33.15,33.3,2250,30.983044,933750,937.75,940.0
2026-01-29 14:51:00,33.0,33.3,33.0,33.2,9750,30.964388,933750,937.6,940.0
2026-01-29 14:52:00,33.2,33.2,33.2,33.2,750,30.991862,933750,937.55,940.0
2026-01-29 14:53:00,33.0,33.2,33.0,33.0,3750,31.141539,933750,936.9,940.0
2026-01-29 14:54:00,32.9,33.0,32.9,32.9,3750,31.068686,934500,936.85,940.0
2026-01-29 14:55:00,32.7,32.9,32.7,32.7,750,31.056083,934500,936.5,940.0
2026-01-29 14:56:00,32.7,32.7,32.7,32.7,2250,31.163273,934500,936.3,940.0
2026-01-29 14:57:00,32.25,32.7,32.25,32.25,1500,30.952396,933750,935.85,940.0
2026-01-29 14:58:00,32.3,32.3,32.1,32.1,7500,30.988076,933750,935.5,940.0
2026-01-29 14:59:00,32.0,32.3,32.0,32.3,7500,31.215339,933000,935.45,940.0
2026-01-29 15:00:00,32.45,32.45,32.3,32.45,9000,31.445341,933000,935.3,940.0
2026-01-29 15:01:00,32.95,32.95,32.45,32.95,2250,31.575842,933000,936.0,940.0
2026-01-29 15:02:00,32.6,32.95,32.6,32.6,1500,31.464445,933000,935.55,940.0
2026-01-29 15:03:00,32.4,32.6,32.4,32.4,3750,31.291069,933750,935.5,940.0
2026-01-29 15:04:00,32.5,32.6,32.4,32.6,3000,31.438984,933750,935.6,940.0
2026-01-29 15:05:00,32.6,32.6,32.6,32.6,750,31.571715,933750,935.35,940.0
2026-01-29 15:06:00,32.6,32.6,32.6,32.6,1500,31.730498,935250,935.05,940.0
2026-01-29 15:07:00,38.1,38.1,38.1,38.1,0,32.192393,572250,934.9,930.0
2026-01-29 15:08:00,37.8,38.1,37.7,37.7,3000,32.106606,573000,934.35,930.0
2026-01-29 15:09:00,37.7,37.7,37.7,37.7,2250,31.990709,570750,934.55,930.0
2026-01-29 15:10:00,37.75,37.75,37.7,37.75,4500,32.100328,570750,934.45,930.0
2026-01-29 15:11:00,37.7,37.85,37.7,37.8,17250,31.889163,570750,934.9,930.0
2026-01-29 15:12:00,37.8,37.8,37.8,37.8,0,32.093999,570750,934.55,930.0
2026-01-29 15:13:00,37.8,37.8,37.8,37.8,0,32.036225,570750,934.65,930.0
2026-01-29 15:14:00,37.65,37.8,37.65,37.65,750,32.087948,562500,934.3,930.0
2026-01-29 15:15:00,37.65,37.65,37.65,37.65,3000,32.175579,562500,934.15,930.0
2026-01-29 15:16:00,37.65,37.9,37.65,37.9,2250,32.226928,562500,934.5,930.0
2026-01-29 15:17:00,32.65,32.65,32.0,32.35,6750,31.406501,934500,935.2,940.0
2026-01-29 15:18:00,32.6,32.6,32.35,32.6,9000,31.446041,931500,935.6,940.0
2026-01-29 15:19:00,32.6,32.6,32.5,32.5,4500,31.584177,931500,935.15,940.0
2026-01-29 15:20:00,38.15,38.15,38.15,38.15,0,32.250074,559500,934.9,930.0
2026-01-29 15:21:00,38.15,38.15,38.15,38.15,1500,32.338185,558750,934.75,930.0
2026-01-29 15:22:00,38.2,38.2,37.75,37.75,1500,32.164757,558750,934.35,930.0
2026-01-29 15:23:00,37.95,37.95,37.75,37.95,4500,32.83159,565500,933.55,930.0
2026-01-29 15:24:00,37.8,37.95,37.8,37.8,15000,32.129378,565500,934.5,930.0
2026-01-29 15:25:00,31.9,31.9,31.9,31.9,0,30.721726,935250,935.65,940.0
2026-01-29 15:26:00,32.3,32.3,31.9,32.15,11250,30.999192,935250,935.6,940.0
2026-01-29 15:27:00,32.6,32.6,32.15,32.6,3750,31.051955,928500,936.35,940.0
2026-01-29 15:28:00,32.5,32.6,32.4,32.4,9750,30.825397,928500,936.4,940.0
2026-01-29 15:29:00,32.3,32.6,32.3,32.6,9000,30.57081,933000,937.25,940.0
2026-01-30 09:15:00,36.5,36.5,33.8,33.8,12000,32.68583,561000,927.3,930.0
2026-01-30 09:16:00,33.35,34.2,33.35,33.65,20250,32.284021,564000,927.75,930.0
2026-01-30 09:17:00,33.55,34.8,33.55,34.8,3750,32.714816,564000,929.1,930.0
2026-01-30 09:18:00,34.8,35.4,34.8,35.05,8250,32.494417,564000,929.95,930.0
2026-01-30 09:19:00,35.4,35.4,35.0,35.2,2250,32.733734,573000,929.8,930.0
2026-01-30 09:20:00,35.2,35.2,35.1,35.1,3000,32.518652,573000,930.0,930.0
2026-01-30 09:21:00,35.3,35.4,35.1,35.4,8250,32.345587,573000,930.85,930.0
2026-01-30 09:22:00,34.9,35.4,34.9,34.9,9000,32.764246,579000,929.2,930.0
2026-01-30 09:23:00,34.7,34.9,34.7,34.75,6750,32.778544,579000,928.9,930.0
2026-01-30 09:24:00,34.5,34.75,34.0,34.0,4500,32.675454,579000,927.7,930.0
2026-01-30 09:25:00,33.95,34.0,33.95,33.95,2250,32.292077,587250,928.3,930.0
2026-01-30 09:26:00,34.85,34.85,33.95,34.85,6000,33.022453,587250,928.65,930.0
2026-01-30 09:27:00,34.05,34.85,34.05,34.05,9750,32.423667,587250,928.25,930.0
2026-01-30 09:28:00,34.05,34.05,34.05,34.05,0,32.894531,592500,927.4,930.0
2026-01-30 09:29:00,34.0,34.05,34.0,34.0,8250,33.200863,592500,926.75,930.0
2026-01-30 09:30:00,33.5,34.0,33.5,33.5,6000,33.557973,592500,925.15,930.0
2026-01-30 09:31:00,33.6,33.6,33.5,33.6,6000,33.064311,594750,926.25,930.0
2026-01-30 09:32:00,33.6,33.6,33.6,33.6,0,33.255427,594750,925.9,930.0
2026-01-30 09:33:00,33.45,33.6,33.45,33.45,3000,32.47341,594750,927.05,930.0
2026-01-30 09:34:00,33.55,33.9,33.45,33.9,7500,32.963716,598500,927.0,930.0
2026-01-30 09:35:00,33.9,33.9,33.9,33.9,4500,32.854327,598500,927.2,930.0
2026-01-30 09:36:00,33.85,33.9,33.85,33.9,6000,32.634393,598500,927.6,930.0
2026-01-30 09:37:00,34.6,34.6,33.9,34.6,17250,32.882932,602250,928.45,930.0
2026-01-30 09:38:00,34.8,35.7,34.6,35.7,11250,32.833825,602250,930.55,930.0
2026-01-30 09:39:00,35.55,35.7,35.55,35.55,6750,33.245037,602250,929.55,930.0
2026-01-30 09:40:00,35.0,35.55,35.0,35.0,3750,33.128403,607500,928.75,930.0
2026-01-30 09:41:00,35.0,35.0,35.0,35.0,0,32.652627,607500,929.6,930.0
2026-01-30 09:42:00,35.75,35.75,35.0,35.75,6000,33.760604,607500,929.0,930.0
2026-01-30 09:43:00,34.5,35.75,34.5,34.5,1500,32.699851,611250,928.6,930.0
2026-01-30 09:44:00,35.0,35.0,34.5,35.0,1500,33.102665,611250,928.8,930.0
2026-01-30 09:45:00,35.05,35.05,35.0,35.05,1500,33.765632,611250,927.7,930.0
2026-01-30 09:46:00,34.85,35.05,34.85,34.85,2250,32.977502,612000,928.75,930.0
2026-01-30 09:47:00,34.65,34.85,34.65,34.65,750,33.38334,612000,927.65,930.0
2026-01-30 09:48:00,34.5,34.65,34.5,34.5,750,32.897327,612000,928.25,930.0
2026-01-30 09:49:00,34.65,34.65,34.5,34.65,12000,32.996434,612750,928.35,930.0
2026-01-30 09:50:00,34.55,34.65,34.55,34.55,750,32.810725,612750,928.5,930.0
2026-01-30 09:51:00,35.05,35.15,34.55,35.15,4500,33.204777,612750,928.9,930.0
2026-01-30 09:52:00,35.05,35.15,35.05,35.05,1500,33.018635,614250,929.05,930.0
2026-01-30 09:53:00,35.05,35.05,35.05,35.05,0,33.687075,614250,927.85,930.0
2026-01-30 09:54:00,34.7,35.05,34.7,34.7,3000,32.883453,614250,928.65,930.0
2026-01-30 09:55:00,34.7,34.7,34.7,34.7,1500,33.245398,613500,928.0,930.0
2026-01-30 09:56:00,34.6,34.7,34.6,34.6,9750,33.14317,613500,928.0,930.0
2026-01-30 09:57:00,34.1,34.6,34.1,34.1,79500,33.400977,613500,926.6,930.0
2026-01-30 09:58:00,34.0,34.1,34.0,34.0,750,32.859322,675000,927.4,930.0
2026-01-30 09:59:00,34.5,34.5,34.0,34.5,2250,33.208099,675000,927.7,930.0
2026-01-30 10:00:00,34.5,34.5,34.5,34.5,0,33.097975,675000,927.9,930.0
2026-01-30 10:01:00,34.7,34.7,34.5,34.7,2250,32.887234,676500,928.65,930.0
2026-01-30 10:02:00,35.0,35.0,34.7,35.0,1500,33.335415,676500,928.4,930.0
2026-01-30 10:03:00,34.9,35.0,34.9,34.9,2250,32.95431,676500,928.9,930.0
2026-01-30 10:04:00,34.8,34.9,34.8,34.8,5250,33.463851,676500,927.8,930.0
2026-01-30 10:05:00,34.6,34.8,34.6,34.6,750,33.314143,678750,927.7,930.0
2026-01-30 10:06:00,34.6,34.6,34.6,34.6,0,33.480316,678750,927.4,930.0
2026-01-30 10:07:00,34.3,34.6,34.3,34.3,3000,32.979231,678750,927.75,930.0
2026-01-30 10:08:00,34.3,34.3,34.3,34.3,750,33.117899,678750,927.5,930.0
2026-01-30 10:09:00,34.3,34.3,34.3,34.3,2250,33.14603,678750,927.45,930.0
2026-01-30 10:10:00,34.3,34.3,34.3,34.3,0,33.091384,679500,927.55,930.0
2026-01-30 10:11:00,34.65,34.7,34.3,34.7,3000,33.447843,679500,927.65,930.0
2026-01-30 10:12:00,34.6,34.7,34.6,34.6,1500,32.76247,679500,928.7,930.0
2026-01-30 10:13:00,34.6,34.6,34.6,34.6,0,32.818796,679500,928.6,930.0
2026-01-30 10:14:00,34.6,34.6,34.6,34.6,0,32.539853,679500,929.1,930.0
2026-01-30 10:15:00,35.25,35.25,34.6,35.25,4500,33.040492,679500,929.4,930.0
2026-01-30 10:16:00,35.4,35.4,35.25,35.4,1500,32.998374,681000,929.75,930.0
2026-01-30 10:17:00,35.4,35.4,35.4,35.4,0,33.13964,681000,929.5,930.0
2026-01-30 10:18:00,35.45,35.45,35.4,35.45,3000,32.966289,681000,929.9,930.0
2026-01-30 10:19:00,35.15,35.45,35.15,35.15,3750,33.080099,677250,929.15,930.0
2026-01-30 10:20:00,35.2,35.2,34.9,34.9,3750,32.99147,677250,928.85,930.0
2026-01-30 10:21:00,35.05,35.05,34.9,35.05,6000,33.006369,677250,929.1,930.0
2026-01-30 10:22:00,34.8,35.05,34.8,34.8,2250,33.112877,676500,928.45,930.0
2026-01-30 10:23:00,34.6,34.8,34.6,34.6,4500,33.462044,676500,927.45,930.0
2026-01-30 10:24:00,34.4,34.6,34.4,34.4,11250,33.118891,676500,927.7,930.0
2026-01-30 10:25:00,34.1,34.4,34.1,34.1,1500,33.031806,670500,927.3,930.0
2026-01-30 10:26:00,34.2,34.2,34.1,34.2,9750,32.775936,670500,927.95,930.0
2026-01-30 10:27:00,34.2,34.2,34.2,34.2,0,32.831882,670500,927.85,930.0
2026-01-30 10:28:00,34.15,34.2,34.15,34.15,11250,32.808699,670500,927.8,930.0
2026-01-30 10:29:00,34.15,34.15,34.15,34.15,0,32.753854,670500,927.9,930.0
2026-01-30 10:30:00,34.15,34.15,34.15,34.15,0,32.72668,681000,927.95,930.0
2026-01-30 10:31:00,34.45,34.45,34.15,34.45,1500,33.007959,681000,928.0,930.0
2026-01-30 10:32:00,35.0,35.0,34.45,35.0,2250,32.876808,681000,929.25,930.0
2026-01-30 10:33:00,35.2,35.2,35.0,35.2,21000,32.830039,681000,929.7,930.0
2026-01-30 10:34:00,35.1,35.2,35.1,35.1,33750,32.671318,666750,929.8,930.0
2026-01-30 10:35:00,35.1,35.1,35.1,35.1,0,32.784572,666750,929.6,930.0
2026-01-30 10:36:00,35.1,35.1,35.1,35.1,0,33.373285,666750,928.55,930.0
2026-01-30 10:37:00,35.1,35.1,35.1,35.1,0,33.318069,666750,928.65,930.0
2026-01-30 10:38:00,34.7,35.1,34.7,34.7,9750,32.62756,666750,929.15,930.0
2026-01-30 10:39:00,35.05,35.05,34.7,35.05,750,32.707133,666750,929.65,930.0
2026-01-30 10:40:00,35.25,35.25,35.05,35.25,750,32.941593,666750,929.6,930.0
2026-01-30 10:41:00,35.5,35.5,35.25,35.5,12000,32.803969,666750,930.3,930.0
2026-01-30 10:42:00,35.5,35.5,35.5,35.5,0,33.058989,666750,929.85,930.0
2026-01-30 10:43:00,35.25,35.5,35.25,35.25,750,33.139935,666000,929.25,930.0
2026-01-30 10:44:00,34.85,35.25,34.85,34.85,3750,32.869137,666000,929.0,930.0
2026-01-30 10:45:00,34.85,34.85,34.85,34.85,0,33.009483,666000,928.75,930.0
2026-01-30 10:46:00,34.85,34.85,34.85,34.85,0,32.533292,666000,929.6,930.0
2026-01-30 10:47:00,35.6,35.6,34.85,35.6,3750,32.881792,669750,930.35,930.0
2026-01-30 10:48:00,35.6,35.6,35.6,35.6,2250,33.221549,669750,929.75,930.0
2026-01-30 10:49:00,35.6,35.6,35.6,35.6,0,33.362848,669750,929.5,930.0
2026-01-30 10:50:00,35.4,35.6,35.4,35.4,3000,33.298064,669750,929.25,930.0
2026-01-30 10:51:00,35.15,35.4,35.15,35.15,750,32.76014,669750,929.75,930.0
2026-01-30 10:52:00,35.0,35.15,35.0,35.0,11250,33.055764,672750,928.95,930.0
2026-01-30 10:53:00,35.0,35.0,35.0,35.0,0,33.112243,672750,928.85,930.0
2026-01-30 10:54:00,34.85,35.0,34.85,34.85,3750,33.070201,672750,928.65,930.0
2026-01-30 10:55:00,34.85,34.85,34.85,34.85,0,32.678769,672750,929.35,930.0
2026-01-30 10:56:00,34.85,34.85,34.85,34.85,0,32.594962,672750,929.5,930.0
2026-01-30 10:57:00,34.85,34.85,34.85,34.85,0,32.5392,672750,929.6,930.0
2026-01-30 10:58:00,34.85,34.85,34.85,34.85,0,32.539737,672750,929.6,930.0
2026-01-30 10:59:00,35.1,35.1,34.85,35.1,6000,32.910069,673500,929.4,930.0
2026-01-30 11:00:00,35.1,35.1,35.1,35.1,0,32.994862,673500,929.25,930.0
2026-01-30 11:01:00,35.1,35.1,35.1,35.1,0,33.10755,673500,929.05,930.0
2026-01-30 11:02:00,35.25,35.25,35.1,35.25,1500,33.513947,673500,928.6,930.0
2026-01-30 11:03:00,34.8,35.25,34.8,34.8,3000,33.023654,673500,928.65,930.0
2026-01-30 11:04:00,34.5,34.8,34.5,34.5,750,32.519837,673500,929.0,930.0
2026-01-30 11:05:00,34.5,34.5,34.5,34.5,0,32.548374,675000,928.95,930.0
2026-01-30 11:06:00,34.45,34.5,34.45,34.45,1500,32.66519,675000,928.65,930.0
2026-01-30 11:07:00,34.45,34.45,34.45,34.45,0,32.13288,675000,929.6,930.0
2026-01-30 11:08:00,34.45,34.45,34.45,34.45,0,32.302225,675000,929.3,930.0
2026-01-30 11:09:00,35.0,35.0,34.45,35.0,22500,33.399887,674250,928.35,930.0
2026-01-30 11:10:00,34.5,35.0,34.5,34.5,4500,33.246758,664500,927.7,930.0
2026-01-30 11:11:00,34.3,34.5,34.3,34.3,1500,33.372624,664500,927.1,930.0
2026-01-30 11:12:00,33.7,34.65,33.7,34.65,9000,33.013599,664500,928.4,930.0
2026-01-30 11:13:00,34.65,34.65,34.65,34.65,0,32.986289,664500,928.45,930.0
2026-01-30 11:14:00,34.65,34.65,34.65,34.65,0,33.292494,664500,927.9,930.0
2026-01-30 11:15:00,34.65,34.65,34.65,34.65,0,33.182071,668250,928.1,930.0
2026-01-30 11:16:00,35.1,35.75,34.65,35.75,4500,32.853132,668250,930.7,930.0
2026-01-30 11:17:00,35.55,35.75,35.55,35.55,2250,32.61923,668250,930.75,930.0
2026-01-30 11:18:00,35.7,35.7,35.55,35.7,3000,32.916444,668250,930.5,930.0
2026-01-30 11:19:00,35.75,35.75,35.7,35.75,750,32.540852,664500,931.25,930.0
2026-01-30 11:20:00,36.45,36.45,35.75,36.15,9750,32.724209,664500,931.65,930.0
2026-01-30 11:21:00,36.15,36.15,36.15,36.15,3000,32.753464,664500,931.6,930.0
2026-01-30 11:22:00,36.2,36.2,36.15,36.2,1500,32.805533,664500,931.6,930.0
2026-01-30 11:23:00,36.25,36.25,36.0,36.0,11250,32.427414,661500,931.9,930.0
2026-01-30 11:24:00,36.0,36.0,36.0,36.0,0,32.081193,661500,932.5,930.0
2026-01-30 11:25:00,36.8,36.8,36.0,36.75,3750,32.970954,661500,932.3,930.0
2026-01-30 11:26:00,36.75,36.75,36.75,36.75,0,33.029248,661500,932.2,930.0
2026-01-30 11:27:00,36.6,36.75,36.6,36.6,18000,32.817379,661500,932.3,930.0
2026-01-30 11:28:00,36.85,36.85,36.6,36.85,750,33.10458,661500,932.25,930.0
2026-01-30 11:29:00,36.85,36.85,36.85,36.85,0,33.105126,661500,932.25,930.0
2026-01-30 11:30:00,36.3,36.85,36.3,36.3,750,32.364882,660750,932.55,930.0
2026-01-30 11:31:00,36.3,36.3,36.3,36.3,0,32.452324,660750,932.4,930.0
2026-01-30 11:32:00,36.6,36.6,36.3,36.6,1500,32.355748,661500,933.1,930.0
2026-01-30 11:33:00,36.85,36.85,36.35,36.35,6000,32.562828,661500,932.3,930.0
2026-01-30 11:34:00,36.5,36.5,36.35,36.5,3000,32.602323,661500,932.5,930.0
2026-01-30 11:35:00,36.4,36.5,36.4,36.4,750,32.470734,660750,932.55,930.0
2026-01-30 11:36:00,36.4,36.4,36.4,36.4,750,32.500253,660750,932.5,930.0
2026-01-30 11:37:00,36.4,36.4,36.4,36.4,0,32.616559,660750,932.3,930.0
2026-01-30 11:38:00,37.1,37.1,36.4,37.1,2250,32.816756,660000,933.2,930.0
2026-01-30 11:39:00,37.05,37.1,37.05,37.05,3750,32.561229,660000,933.55,930.0
2026-01-30 11:40:00,37.5,37.5,37.05,37.5,6000,33.317983,660000,933.05,930.0
2026-01-30 11:41:00,37.15,37.5,37.15,37.15,750,32.840843,661500,933.25,930.0
2026-01-30 11:42:00,37.05,37.15,37.05,37.05,1500,32.767327,661500,933.2,930.0
2026-01-30 11:43:00,37.05,37.05,37.05,37.05,0,32.942522,661500,932.9,930.0
2026-01-30 11:44:00,37.05,37.05,37.05,37.05,0,32.797563,661500,933.15,930.0
2026-01-30 11:45:00,37.0,37.05,37.0,37.0,7500,33.26858,661500,932.25,930.0
2026-01-30 11:46:00,37.0,37.0,37.0,37.0,1500,33.355669,661500,932.1,930.0
2026-01-30 11:47:00,37.0,37.0,37.0,37.0,0,32.893113,665250,932.9,930.0
2026-01-30 11:48:00,37.0,37.0,37.0,37.0,0,33.125698,665250,932.5,930.0
2026-01-30 11:49:00,36.7,37.0,36.7,36.9,2250,32.907174,665250,932.7,930.0
2026-01-30 11:50:00,37.0,37.0,36.9,37.0,750,32.427666,664500,933.7,930.0
2026-01-30 11:51:00,37.2,37.2,37.0,37.2,3000,32.281935,664500,934.3,930.0
2026-01-30 11:52:00,37.9,37.95,37.2,37.95,4500,32.732722,664500,934.85,930.0
2026-01-30 11:53:00,32.4,32.5,32.3,32.5,6750,32.088897,996000,935.4,940.0
2026-01-30 11:54:00,32.6,32.6,32.5,32.5,23250,32.089426,996000,935.4,940.0
2026-01-30 11:55:00,32.75,32.75,32.5,32.75,5250,32.344587,1014750,935.4,940.0
2026-01-30 11:56:00,38.2,38.4,38.2,38.2,1500,33.288738,663000,934.35,930.0
2026-01-30 11:57:00,38.2,38.2,38.2,38.2,0,33.524376,663000,933.95,930.0
2026-01-30 11:58:00,37.8,38.2,37.8,37.8,4500,33.17042,663000,933.85,930.0
2026-01-30 11:59:00,37.8,37.8,37.8,37.8,0,32.935919,663000,934.25,930.0
2026-01-30 12:00:00,37.8,37.8,37.8,37.8,0,33.054122,663000,934.05,930.0
2026-01-30 12:01:00,37.6,37.8,37.6,37.6,750,33.024108,664500,933.75,930.0
2026-01-30 12:02:00,37.6,37.6,37.6,37.6,0,32.642395,665250,934.4,930.0
2026-01-30 12:03:00,38.0,38.0,37.6,38.0,4500,33.115363,665250,934.3,930.0
2026-01-30 12:04:00,38.0,38.0,38.0,38.0,0,32.938927,665250,934.6,930.0
2026-01-30 12:05:00,37.8,38.0,37.8,37.8,750,32.525333,665250,934.95,930.0
2026-01-30 12:06:00,37.8,37.8,37.8,37.8,0,33.028026,665250,934.1,930.0
2026-01-30 12:07:00,37.85,37.85,37.8,37.85,750,32.726319,665250,934.7,930.0
2026-01-30 12:08:00,37.85,37.85,37.85,37.85,0,32.726865,665250,934.7,930.0
2026-01-30 12:09:00,37.85,37.85,37.85,37.85,0,32.697809,665250,934.75,930.0
2026-01-30 12:10:00,32.35,32.35,32.1,32.35,6000,31.622385,1015500,936.0,940.0
2026-01-30 12:11:00,32.7,32.7,32.35,32.7,4500,32.167902,1023000,935.65,940.0
2026-01-30 12:12:00,32.6,32.7,32.6,32.6,1500,31.661945,1023000,936.4,940.0
2026-01-30 12:13:00,33.2,33.2,32.6,33.2,9750,31.756986,1023000,937.35,940.0
2026-01-30 12:14:00,33.2,33.2,33.2,33.2,6000,31.948402,1025250,937.0,940.0
2026-01-30 12:15:00,33.1,33.25,33.1,33.15,11250,32.115384,1025250,936.6,940.0
2026-01-30 12:16:00,33.1,33.15,32.9,32.9,5250,31.969637,1025250,936.4,940.0
2026-01-30 12:17:00,32.85,32.9,32.85,32.85,3000,32.323898,1029000,935.65,940.0
2026-01-30 12:18:00,32.75,32.85,32.5,32.5,3000,32.021591,1029000,935.55,940.0
2026-01-30 12:19:00,38.3,38.3,38.3,38.3,0,33.050271,664500,934.95,930.0
2026-01-30 12:20:00,32.4,32.4,32.25,32.4,7500,32.028093,1031250,935.35,940.0
2026-01-30 12:21:00,32.4,32.4,32.25,32.3,2250,31.658045,1031250,935.85,940.0
2026-01-30 12:22:00,32.65,32.65,32.3,32.65,5250,31.528297,1031250,936.75,940.0
2026-01-30 12:23:00,32.8,32.8,32.65,32.8,10500,32.060661,1035750,936.05,940.0
2026-01-30 12:24:00,32.85,32.85,32.8,32.85,2250,31.841643,1035750,936.55,940.0
2026-01-30 12:25:00,32.85,32.85,32.8,32.8,9000,31.68268,1035750,936.75,940.0
2026-01-30 12:26:00,32.5,32.8,32.5,32.5,11250,31.621518,1043250,936.3,940.0
2026-01-30 12:27:00,32.5,32.5,32.5,32.5,6000,31.594986,1043250,936.35,940.0
2026-01-30 12:28:00,32.65,32.95,32.5,32.95,5250,32.135114,1043250,936.2,940.0
2026-01-30 12:29:00,32.7,32.95,32.7,32.7,3000,31.988926,1035000,936.0,940.0
2026-01-30 12:30:00,32.5,32.7,32.5,32.5,3000,31.758695,1035000,936.05,940.0
2026-01-30 12:31:00,32.65,32.65,32.5,32.65,6000,31.451442,1035000,936.9,940.0
2026-01-30 12:32:00,32.9,32.9,32.65,32.7,3000,31.774309,1044000,936.4,940.0
2026-01-30 12:33:00,32.5,32.7,32.5,32.5,5250,31.733278,1044000,936.1,940.0
2026-01-30 12:34:00,32.6,32.6,32.5,32.6,3750,31.916638,1044000,935.95,940.0
2026-01-30 12:35:00,32.5,32.6,32.3,32.3,5250,31.826757,1050000,935.55,940.0
2026-01-30 12:36:00,32.2,32.3,32.2,32.2,1500,31.61784,1050000,935.75,940.0
2026-01-30 12:37:00,32.2,32.2,32.2,32.2,0,31.40268,1050000,936.15,940.0
2026-01-30 12:38:00,38.1,38.1,38.1,38.1,750,32.883424,659250,934.9,930.0
2026-01-30 12:39:00,32.8,32.8,32.35,32.8,3000,31.825701,1051500,936.5,940.0
2026-01-30 12:40:00,32.9,32.9,32.8,32.85,6000,32.066597,1051500,936.15,940.0
2026-01-30 12:41:00,32.8,32.85,32.8,32.85,6000,32.229,1051500,935.85,940.0
2026-01-30 12:42:00,32.75,32.85,32.75,32.75,3000,32.127622,1051500,935.85,940.0
2026-01-30 12:43:00,32.95,32.95,32.75,32.95,8250,32.251086,1051500,936.0,940.0
2026-01-30 12:44:00,32.7,32.95,32.7,32.7,11250,32.453709,1053750,935.15,940.0
2026-01-30 12:45:00,32.4,32.7,32.4,32.4,3750,32.148456,1053750,935.15,940.0
2026-01-30 12:46:00,32.7,32.7,32.4,32.55,12750,32.355396,1053750,935.05,940.0
2026-01-30 12:47:00,32.5,32.7,32.5,32.7,4500,32.267608,1057500,935.5,940.0
2026-01-30 12:48:00,32.65,32.7,32.65,32.7,3750,32.348658,1057500,935.35,940.0
2026-01-30 12:49:00,32.65,32.7,32.65,32.65,1500,32.271398,1057500,935.4,940.0
2026-01-30 12:50:00,32.9,32.9,32.65,32.9,3750,32.338605,1059000,935.75,940.0
2026-01-30 12:51:00,32.9,32.9,32.7,32.7,12000,32.403873,1059000,935.25,940.0
2026-01-30 12:52:00,38.65,38.65,38.65,38.65,0,33.401014,657000,935.0,930.0
2026-01-30 12:53:00,32.6,32.65,32.45,32.65,5250,32.192968,1066500,935.55,940.0
2026-01-30 12:54:00,32.75,32.75,32.65,32.75,3000,32.40282,1066500,935.35,940.0
2026-01-30 12:55:00,32.65,32.75,32.65,32.65,3750,32.140262,1066500,935.65,940.0
2026-01-30 12:56:00,32.65,32.65,32.65,32.65,0,32.221424,1066500,935.5,940.0
2026-01-30 12:57:00,33.0,33.0,32.65,33.0,5250,32.36344,1065750,935.9,940.0
2026-01-30 12:58:00,33.0,33.0,33.0,33.0,0,32.4448,1065750,935.75,940.0
2026-01-30 12:59:00,33.0,33.0,33.0,33.0,0,32.445335,1065750,935.75,940.0
2026-01-30 13:00:00,33.0,33.0,33.0,33.0,0,32.44587,1065750,935.75,940.0
2026-01-30 13:01:00,33.0,33.0,33.0,33.0,0,32.446403,1065750,935.75,940.0
2026-01-30 13:02:00,33.0,33.0,33.0,33.0,0,32.446937,1063500,935.75,940.0
2026-01-30 13:03:00,33.0,33.0,33.0,33.0,0,32.474391,1063500,935.7,940.0
2026-01-30 13:04:00,32.7,33.0,32.7,32.7,4500,32.196005,1063500,935.65,940.0
2026-01-30 13:05:00,32.75,32.75,32.7,32.75,3750,32.220602,1064250,935.7,940.0
2026-01-30 13:06:00,38.25,38.25,38.25,38.25,0,33.379193,649500,934.35,930.0
2026-01-30 13:07:00,37.55,38.25,37.55,37.55,2250,32.685117,649500,934.3,930.0
2026-01-30 13:08:00,37.45,37.55,37.45,37.45,750,33.139989,649500,933.35,930.0
2026-01-30 13:09:00,36.9,37.45,36.9,36.9,4500,32.601339,646500,933.3,930.0
2026-01-30 13:10:00,37.1,37.1,36.9,37.1,3750,32.808592,646500,933.3,930.0
2026-01-30 13:11:00,37.1,37.1,37.1,37.1,0,32.779916,646500,933.35,930.0
2026-01-30 13:12:00,36.6,37.1,36.6,36.6,4500,32.729762,648750,932.55,930.0
2026-01-30 13:13:00,36.6,36.6,36.6,36.6,750,32.322646,648750,933.25,930.0
2026-01-30 13:14:00,36.6,36.6,36.6,36.6,0,32.469135,648750,933.0,930.0
2026-01-30 13:15:00,36.4,36.6,36.4,36.4,2250,33.21693,646500,931.35,930.0
2026-01-30 13:16:00,35.2,36.4,35.2,35.2,18000,32.748863,646500,930.0,930.0
2026-01-30 13:17:00,35.75,35.75,35.2,35.75,1500,33.401361,658500,929.85,930.0
2026-01-30 13:18:00,35.3,35.75,35.3,35.3,3750,32.994448,658500,929.75,930.0
2026-01-30 13:19:00,35.3,35.3,35.3,35.3,0,33.360979,658500,929.1,930.0
2026-01-30 13:20:00,35.05,35.3,35.05,35.05,2250,33.187977,658500,928.95,930.0
2026-01-30 13:21:00,35.0,35.05,35.0,35.0,3000,33.16501,658500,928.9,930.0
2026-01-30 13:22:00,35.0,35.0,35.0,35.0,0,33.137532,658500,928.95,930.0
2026-01-30 13:23:00,35.55,35.55,35.0,35.55,2250,33.676981,656250,929.0,930.0
2026-01-30 13:24:00,35.4,35.55,35.4,35.4,3750,33.466812,656250,929.1,930.0
2026-01-30 13:25:00,35.1,35.4,35.1,35.1,750,32.96128,656250,929.45,930.0
2026-01-30 13:26:00,35.35,35.35,35.1,35.35,750,33.163231,657000,929.55,930.0
2026-01-30 13:27:00,35.35,35.35,35.35,35.35,0,33.444982,657000,929.05,930.0
2026-01-30 13:28:00,35.35,35.35,35.35,35.35,0,32.853414,657000,930.1,930.0
2026-01-30 13:29:00,35.35,35.35,35.35,35.35,0,33.24938,657000,929.4,930.0
2026-01-30 13:30:00,35.35,35.35,35.35,35.35,0,33.137226,657000,929.6,930.0
2026-01-30 13:31:00,35.35,35.35,35.35,35.35,0,32.940011,657000,929.95,930.0
2026-01-30 13:32:00,35.95,35.95,35.35,35.95,6750,33.3042,656250,930.4,930.0
2026-01-30 13:33:00,35.95,35.95,35.95,35.95,0,33.672915,656250,929.75,930.0
2026-01-30 13:34:00,35.95,35.95,35.95,35.95,0,33.276883,656250,930.45,930.0
2026-01-30 13:35:00,36.05,36.05,35.9,35.9,2250,33.254275,656250,930.4,930.0
2026-01-30 13:36:00,35.9,35.9,35.9,35.9,0,32.855649,656250,931.1,930.0
2026-01-30 13:37:00,36.45,36.45,35.9,36.45,4500,33.108384,656250,931.65,930.0
2026-01-30 13:38:00,36.35,37.0,36.35,37.0,9000,32.632748,657000,933.45,930.0
2026-01-30 13:39:00,37.0,37.0,37.0,37.0,12000,32.427958,657000,933.8,930.0
2026-01-30 13:40:00,37.0,37.0,37.0,37.0,0,32.015415,657000,934.5,930.0
2026-01-30 13:41:00,38.0,38.0,37.0,38.0,3750,32.814447,650250,934.9,930.0
2026-01-30 13:42:00,32.5,32.5,32.3,32.5,3000,32.119735,1077750,935.45,940.0
2026-01-30 13:43:00,32.5,32.5,32.5,32.5,8250,32.093398,1077750,935.5,940.0
2026-01-30 13:44:00,32.2,32.5,32.2,32.2,7500,31.81479,1079250,935.45,940.0
2026-01-30 13:45:00,32.2,32.2,32.2,32.2,0,31.788454,1079250,935.5,940.0
2026-01-30 13:46:00,37.45,38.0,37.45,37.45,3000,32.66191,645000,934.2,930.0
2026-01-30 13:47:00,37.45,37.45,37.45,37.45,750,32.632955,645000,934.25,930.0
2026-01-30 13:48:00,37.45,37.45,37.45,37.45,0,33.191247,645000,933.3,930.0
2026-01-30 13:49:00,37.45,37.45,37.45,37.45,0,32.427082,645000,934.6,930.0
2026-01-30 13:50:00,37.3,37.45,37.3,37.3,750,32.242617,645750,934.65,930.0
2026-01-30 13:51:00,37.25,37.3,37.25,37.25,2250,32.132012,645750,934.75,930.0
2026-01-30 13:52:00,37.25,37.25,37.25,37.25,0,32.221554,645750,934.6,930.0
2026-01-30 13:53:00,37.25,37.25,37.25,37.25,750,32.370093,645750,934.35,930.0
2026-01-30 13:54:00,37.25,37.25,37.25,37.25,2250,32.074209,645000,934.85,930.0
2026-01-30 13:55:00,31.85,31.85,31.7,31.85,3000,31.570847,1094250,935.25,940.0
2026-01-30 13:56:00,32.0,32.0,31.85,32.0,6000,31.697587,1098750,935.3,940.0
2026-01-30 13:57:00,37.75,37.75,37.75,37.75,0,32.504773,645000,935.0,930.0
2026-01-30 13:58:00,32.25,32.25,32.2,32.25,3000,31.980514,1098750,935.25,940.0
2026-01-30 13:59:00,32.25,32.25,32.25,32.25,0,32.034643,1098750,935.15,940.0
2026-01-30 14:00:00,32.25,32.25,32.25,32.25,0,31.92792,1100250,935.35,940.0
2026-01-30 14:01:00,32.0,32.25,32.0,32.0,4500,31.646539,1100250,935.4,940.0
2026-01-30 14:02:00,32.0,32.0,32.0,32.0,0,31.431883,1101000,935.8,940.0
2026-01-30 14:03:00,32.2,32.2,32.0,32.0,6750,31.701258,1101000,935.3,940.0
2026-01-30 14:04:00,37.65,37.75,37.65,37.65,65250,32.404947,651000,935.0,930.0
2026-01-30 14:05:00,32.3,32.3,32.0,32.3,8250,31.954728,1101000,935.4,940.0
2026-01-30 14:06:00,32.4,32.4,32.2,32.2,1500,31.799496,1098000,935.5,940.0
2026-01-30 14:07:00,32.7,32.75,32.2,32.75,32250,31.576365,1098000,936.95,940.0
2026-01-30 14:08:00,32.65,32.75,32.65,32.7,6750,31.444075,1077750,937.1,940.0
2026-01-30 14:09:00,32.8,32.8,32.7,32.8,750,31.080775,1077750,937.95,940.0
2026-01-30 14:10:00,32.8,32.8,32.8,32.8,0,31.792212,1077750,936.65,940.0
2026-01-30 14:11:00,32.5,32.8,32.5,32.5,7500,31.649464,1074750,936.35,940.0
2026-01-30 14:12:00,32.55,32.55,32.4,32.4,12750,31.737308,1074750,936.0,940.0
2026-01-30 14:13:00,32.35,32.4,32.35,32.4,5250,31.872702,1074750,935.75,940.0
2026-01-30 14:14:00,32.25,32.4,32.25,32.25,2250,31.368866,1074750,936.4,940.0
2026-01-30 14:15:00,32.4,32.4,32.25,32.3,6750,31.690837,1080000,935.9,940.0
2026-01-30 14:16:00,32.2,32.3,32.2,32.2,2250,31.562341,1080000,935.95,940.0
2026-01-30 14:17:00,32.2,32.2,31.75,31.75,17250,31.533897,1086750,935.15,940.0
2026-01-30 14:18:00,31.75,31.9,31.75,31.9,11250,31.418986,1086750,935.65,940.0
2026-01-30 14:19:00,31.9,31.9,31.9,31.9,0,31.553922,1086750,935.4,940.0
2026-01-30 14:20:00,37.45,37.45,37.45,37.45,0,32.206301,624000,935.0,930.0
2026-01-30 14:21:00,31.8,32.0,31.75,31.75,3000,31.535986,1097250,935.15,940.0
2026-01-30 14:22:00,36.8,37.25,36.8,36.8,8250,33.003698,627000,932.5,930.0
2026-01-30 14:23:00,35.95,36.8,35.95,35.95,8250,32.472987,627000,931.9,930.0
2026-01-30 14:24:00,35.55,35.95,35.3,35.3,12000,32.490929,621750,930.7,930.0
2026-01-30 14:25:00,35.35,35.35,35.3,35.35,2250,32.884458,621750,930.1,930.0
2026-01-30 14:26:00,35.35,35.35,35.35,35.35,3000,32.714579,621000,930.4,930.0
2026-01-30 14:27:00,34.85,35.35,34.85,34.85,3000,32.511144,621000,929.85,930.0
2026-01-30 14:28:00,34.75,34.9,34.75,34.9,3750,32.421593,621000,930.1,930.0
2026-01-30 14:29:00,34.9,34.9,34.9,34.9,0,32.194664,621000,930.5,930.0
2026-01-30 14:30:00,34.9,34.9,34.9,34.9,0,32.422671,625500,930.1,930.0
2026-01-30 14:31:00,34.65,34.9,34.65,34.65,3000,32.306868,625500,929.85,930.0
2026-01-30 14:32:00,34.9,34.9,34.65,34.9,750,32.25323,625500,930.4,930.0
2026-01-30 14:33:00,35.55,35.55,34.9,35.55,750,32.867952,624750,930.5,930.0
2026-01-30 14:34:00,35.0,35.55,35.0,35.0,2250,32.215068,624750,930.65,930.0
2026-01-30 14:35:00,35.45,35.45,35.0,35.45,750,32.480312,624750,931.0,930.0
2026-01-30 14:36:00,35.55,35.55,35.45,35.55,1500,32.354721,625500,931.4,930.0
2026-01-30 14:37:00,35.55,35.55,35.55,35.55,0,32.240187,625500,931.6,930.0
2026-01-30 14:38:00,35.4,35.55,35.4,35.4,2250,32.200813,625500,931.4,930.0
2026-01-30 14:39:00,35.3,35.4,35.3,35.3,750,32.040491,628500,931.5,930.0
2026-01-30 14:40:00,35.3,35.3,35.3,35.3,0,32.156027,628500,931.3,930.0
2026-01-30 14:41:00,35.2,35.3,35.2,35.2,750,32.19667,628500,931.05,930.0
2026-01-30 14:42:00,34.45,35.2,34.1,34.1,6000,31.829895,629250,929.7,930.0
2026-01-30 14:43:00,33.75,34.1,33.75,33.85,4500,32.386855,629250,928.25,930.0
2026-01-30 14:44:00,33.85,33.85,33.85,33.85,0,32.359501,627750,928.3,930.0
2026-01-30 14:45:00,33.85,33.85,33.85,33.85,0,32.499364,627750,928.05,930.0
2026-01-30 14:46:00,33.9,33.9,33.85,33.9,2250,32.160525,627750,928.75,930.0
2026-01-30 14:47:00,34.2,34.2,33.9,34.2,17250,31.051726,627750,931.25,930.0
2026-01-30 14:48:00,34.55,34.55,34.2,34.35,5250,31.836052,627000,930.15,930.0
2026-01-30 14:49:00,34.85,34.85,34.35,34.85,750,31.291882,627000,932.0,930.0
2026-01-30 14:50:00,34.85,34.85,34.85,34.85,0,31.20544,627000,932.15,930.0
2026-01-30 14:51:00,35.35,35.35,34.85,35.35,2250,31.694123,627750,932.2,930.0
2026-01-30 14:52:00,35.1,35.35,35.1,35.1,750,31.638791,627750,931.85,930.0
2026-01-30 14:53:00,35.0,35.1,35.0,35.0,750,31.766691,629250,931.45,930.0
2026-01-30 14:54:00,35.0,35.0,35.0,35.0,0,31.767223,629250,931.45,930.0
2026-01-30 14:55:00,34.8,35.0,34.8,34.8,1500,31.733502,629250,931.15,930.0
2026-01-30 14:56:00,34.65,34.8,34.65,34.65,4500,31.377674,629250,931.5,930.0
2026-01-30 14:57:00,34.65,34.65,34.65,34.65,3000,31.435805,632250,931.4,930.0
2026-01-30 14:58:00,34.65,34.65,34.65,34.65,0,30.944645,632250,932.25,930.0
2026-01-30 14:59:00,34.65,34.65,34.65,34.65,0,31.580599,632250,931.15,930.0
2026-01-30 15:00:00,34.0,34.65,34.0,34.0,3750,32.383216,632250,928.55,930.0
2026-01-30 15:01:00,33.6,34.0,33.5,33.5,5250,32.007405,632250,928.3,930.0
2026-01-30 15:02:00,34.3,34.3,33.5,34.3,4500,31.905414,632250,929.95,930.0
2026-01-30 15:03:00,34.3,34.3,34.3,34.3,0,31.077114,636000,931.4,930.0
2026-01-30 15:04:00,34.85,34.85,34.3,34.85,5250,31.038386,636000,932.45,930.0
2026-01-30 15:05:00,34.85,34.85,34.85,34.85,0,31.44495,636000,931.75,930.0
2026-01-30 15:06:00,35.05,35.05,34.85,35.05,2250,31.507707,636000,932.0,930.0
2026-01-30 15:07:00,34.35,35.05,34.35,34.35,3750,31.817727,636000,930.2,930.0
2026-01-30 15:08:00,34.7,34.7,34.35,34.7,1500,31.464507,639000,931.45,930.0
2026-01-30 15:09:00,34.7,34.7,34.7,34.7,750,31.493831,639000,931.4,930.0
2026-01-30 15:10:00,34.75,34.75,34.7,34.75,750,31.025325,639000,932.3,930.0
2026-01-30 15:11:00,35.0,35.0,34.75,35.0,12000,31.342647,639000,932.2,930.0
2026-01-30 15:12:00,34.85,35.0,34.85,34.85,750,31.765506,643500,931.2,930.0
2026-01-30 15:13:00,34.45,34.85,34.45,34.45,750,31.724818,643500,930.55,930.0
2026-01-30 15:14:00,34.45,34.45,34.45,34.45,0,32.066738,643500,929.95,930.0
2026-01-30 15:15:00,34.05,34.45,34.05,34.15,15000,31.72902,645750,930.0,930.0
2026-01-30 15:16:00,34.55,34.85,34.15,34.7,14250,32.070255,645750,930.4,930.0
2026-01-30 15:17:00,34.4,34.7,34.0,34.4,9750,32.327815,645750,929.4,930.0
2026-01-30 15:18:00,34.1,34.4,34.05,34.05,2250,31.910464,636000,929.5,930.0
2026-01-30 15:19:00,34.05,34.05,33.75,33.95,9750,32.64874,636000,928.0,930.0
2026-01-30 15:20:00,33.9,33.95,33.9,33.9,3000,32.234747,636000,928.65,930.0
2026-01-30 15:21:00,33.7,33.9,33.35,33.5,8250,32.684139,636750,927.1,930.0
2026-01-30 15:22:00,33.35,33.5,33.3,33.5,4500,32.629462,636750,927.2,930.0
2026-01-30 15:23:00,33.5,33.55,33.5,33.55,5250,32.404743,636750,927.7,930.0
2026-01-30 15:24:00,34.05,34.05,33.4,33.4,10500,32.830383,639000,926.65,930.0
2026-01-30 15:25:00,33.45,34.25,33.4,34.25,4500,32.933846,639000,928.05,930.0
2026-01-30 15:26:00,34.4,34.55,34.25,34.55,2250,32.459356,639000,929.45,930.0
2026-01-30 15:27:00,34.55,34.55,34.2,34.5,7500,32.745891,636750,928.85,930.0
2026-01-30 15:28:00,34.25,34.5,34.25,34.25,3750,32.460229,636750,928.9,930.0
2026-01-30 15:29:00,34.45,35.2,34.25,35.2,20250,32.337014,640500,930.85,930.0
2026-02-01 09:15:00,35.2,35.2,35.2,35.2,1500,34.432586,641250,929.7,930.0
2026-02-01 09:16:00,34.15,35.2,34.15,34.15,7500,33.803989,640500,928.85,930.0
2026-02-01 09:17:00,34.15,34.15,34.15,34.15,0,33.105838,640500,930.05,930.0
2026-02-01 09:18:00,34.2,34.2,34.15,34.2,5250,32.718879,640500,930.8,930.0
2026-02-01 09:19:00,33.75,34.2,33.75,33.75,5250,32.67897,637500,930.05,930.0
2026-02-01 09:20:00,32.7,33.75,32.7,32.7,2250,32.400041,637500,928.6,930.0
2026-02-01 09:21:00,32.5,32.7,32.5,32.5,4500,32.128866,637500,928.7,930.0
2026-02-01 09:22:00,32.9,33.0,32.5,33.0,3750,32.199691,642750,929.5,930.0
2026-02-01 09:23:00,32.95,33.0,32.95,32.95,3000,31.913001,642750,929.9,930.0
2026-02-01 09:24:00,33.0,33.0,32.95,33.0,1500,32.084082,642750,929.7,930.0
2026-02-01 09:25:00,32.6,33.0,32.5,32.5,1500,31.928293,645750,929.05,930.0
2026-02-01 09:26:00,32.75,32.75,32.5,32.75,750,31.729932,645750,929.85,930.0
2026-02-01 09:27:00,32.75,32.75,32.75,32.75,0,31.935034,645750,929.5,930.0
2026-02-01 09:28:00,33.05,33.05,32.75,32.85,3000,31.750209,645750,930.0,930.0
2026-02-01 09:29:00,32.85,32.85,32.85,32.85,0,31.750775,645750,930.0,930.0
2026-02-01 09:30:00,33.8,33.8,32.85,33.8,1500,32.533353,645750,930.4,930.0
2026-02-01 09:31:00,33.8,33.8,33.8,33.8,0,32.533932,645750,930.4,930.0
2026-02-01 09:32:00,33.8,33.8,33.8,33.8,0,32.827878,646500,929.9,930.0
2026-02-01 09:33:00,33.8,33.8,33.8,33.8,0,32.828461,646500,929.9,930.0
2026-02-01 09:34:00,33.95,33.95,33.8,33.95,4500,32.931037,646500,930.0,930.0
2026-02-01 09:35:00,33.95,33.95,33.95,33.95,0,33.077873,646500,929.75,930.0
2026-02-01 09:36:00,33.95,33.95,33.95,33.95,0,33.020001,646500,929.85,930.0
2026-02-01 09:37:00,33.95,33.95,33.95,33.95,1500,32.991335,646500,929.9,930.0
2026-02-01 09:38:00,33.95,33.95,33.95,33.95,0,33.108835,646500,929.7,930.0
2026-02-01 09:39:00,33.95,33.95,33.95,33.95,750,32.992504,646500,929.9,930.0
2026-02-01 09:40:00,33.95,33.95,33.95,33.95,0,32.993089,646500,929.9,930.0
2026-02-01 09:41:00,33.5,33.95,33.5,33.5,2250,33.036468,648000,929.0,930.0
2026-02-01 09:42:00,33.4,33.5,33.4,33.4,2250,32.668396,648000,929.45,930.0
2026-02-01 09:43:00,33.25,33.4,33.25,33.25,750,33.059492,650250,928.5,930.0
2026-02-01 09:44:00,33.5,33.5,33.25,33.5,4500,32.893012,650250,929.25,930.0
2026-02-01 09:45:00,33.5,33.5,33.5,33.5,0,32.572827,650250,929.8,930.0
2026-02-01 09:46:00,33.5,33.5,33.5,33.5,0,32.2802,650250,930.3,930.0
2026-02-01 09:47:00,33.5,33.5,33.5,33.5,0,32.221946,650250,930.4,930.0
2026-02-01 09:48:00,33.4,33.5,33.4,33.4,18750,33.049464,651000,928.8,930.0
2026-02-01 09:49:00,33.35,33.4,33.35,33.35,750,32.793527,660000,929.15,930.0
2026-02-01 09:50:00,33.35,33.35,33.35,33.35,0,33.026074,660000,928.75,930.0
2026-02-01 09:51:00,34.0,34.0,33.35,34.0,10500,33.577385,660000,929.0,930.0
2026-02-01 09:52:00,34.3,34.3,33.95,33.95,9750,33.669298,659250,928.75,930.0
2026-02-01 09:53:00,33.95,33.95,33.95,33.95,0,33.525062,659250,929.0,930.0
2026-02-01 09:54:00,34.45,34.45,33.95,34.45,1500,33.682616,659250,929.65,930.0
2026-02-01 09:55:00,34.45,34.45,34.45,34.45,0,34.061333,659250,929.0,930.0
2026-02-01 09:56:00,34.25,34.45,34.0,34.0,4500,33.202111,659250,929.65,930.0
2026-02-01 09:57:00,34.0,34.0,34.0,34.0,0,32.998004,659250,930.0,930.0
2026-02-01 09:58:00,34.0,34.0,34.0,34.0,0,33.17409,659250,929.7,930.0
2026-02-01 09:59:00,34.0,34.0,34.0,34.0,0,33.116235,659250,929.8,930.0
2026-02-01 10:00:00,35.05,35.05,34.0,35.05,33750,32.971084,658500,931.95,930.0
2026-02-01 10:01:00,35.05,35.05,35.05,35.05,4500,33.53621,662250,931.0,930.0
2026-02-01 10:02:00,35.0,35.05,35.0,35.0,1500,33.512804,662250,930.95,930.0
2026-02-01 10:03:00,34.6,35.0,34.6,34.6,1500,32.877555,662250,931.3,930.0
2026-02-01 10:04:00,34.6,34.6,34.6,34.6,0,33.05592,662250,931.0,930.0
2026-02-01 10:05:00,35.0,35.05,34.6,35.05,5250,33.301562,663750,931.4,930.0
2026-02-01 10:06:00,35.0,35.05,35.0,35.0,2250,33.189158,663750,931.5,930.0
2026-02-01 10:07:00,35.0,35.0,35.0,35.0,0,33.249165,664500,931.4,930.0
2026-02-01 10:08:00,34.85,35.0,34.85,34.85,12000,33.089012,664500,931.4,930.0
2026-02-01 10:09:00,34.9,34.9,34.85,34.9,750,33.202547,664500,931.3,930.0
2026-02-01 10:10:00,34.8,34.9,34.75,34.75,2250,33.190565,667500,931.05,930.0
2026-02-01 10:11:00,34.75,34.75,34.75,34.75,0,32.625989,667500,932.0,930.0
2026-02-01 10:12:00,35.2,35.2,34.75,35.2,1500,32.538484,667500,932.95,930.0
2026-02-01 10:13:00,35.35,35.4,35.2,35.4,9750,32.90439,666000,932.7,930.0
2026-02-01 10:14:00,35.45,35.45,35.4,35.45,2250,32.777773,666000,933.0,930.0
2026-02-01 10:15:00,35.55,35.55,35.45,35.55,3750,32.003016,666000,934.45,930.0
2026-02-01 10:16:00,35.9,35.9,35.55,35.9,11250,32.471859,673500,934.3,930.0
2026-02-01 10:17:00,35.9,35.9,35.9,35.9,750,32.929641,673500,933.55,930.0
2026-02-01 10:18:00,35.9,35.9,35.9,35.9,0,33.17249,673500,933.15,930.0
2026-02-01 10:19:00,35.4,35.9,35.4,35.4,1500,32.454571,673500,933.45,930.0
2026-02-01 10:20:00,35.4,35.4,35.4,35.4,0,32.606693,675000,933.2,930.0
2026-02-01 10:21:00,35.4,35.4,35.4,35.4,0,32.546711,675000,933.3,930.0
2026-02-01 10:22:00,35.55,35.55,35.4,35.55,6000,32.465482,675000,933.7,930.0
2026-02-01 10:23:00,35.6,35.6,35.55,35.6,1500,32.519779,675750,933.7,930.0
2026-02-01 10:24:00,35.65,35.65,35.6,35.65,3750,32.574074,675750,933.7,930.0
2026-02-01 10:25:00,35.7,35.7,35.65,35.7,2250,32.658781,675750,933.65,930.0
2026-02-01 10:26:00,35.75,35.75,35.7,35.7,4500,32.689759,676500,933.6,930.0
2026-02-01 10:27:00,35.7,35.7,35.7,35.7,0,32.629538,676500,933.7,930.0
2026-02-01 10:28:00,35.8,35.95,35.7,35.95,7500,32.868271,668250,933.75,930.0
2026-02-01 10:29:00,35.95,35.95,35.95,35.95,0,32.899272,668250,933.7,930.0
2026-02-01 10:30:00,35.7,35.95,35.7,35.7,3000,32.752837,668250,933.5,930.0
2026-02-01 10:31:00,35.3,35.7,35.3,35.3,2250,32.414823,669000,933.35,930.0
2026-02-01 10:32:00,35.3,35.3,35.3,35.3,2250,32.445723,669000,933.3,930.0
2026-02-01 10:33:00,35.3,35.3,35.3,35.3,0,32.627863,669000,933.0,930.0
2026-02-01 10:34:00,35.3,35.3,35.3,35.3,0,32.446885,669000,933.3,930.0
2026-02-01 10:35:00,35.15,35.3,35.15,35.15,1500,32.225677,669750,933.4,930.0
2026-02-01 10:36:00,35.15,35.15,35.15,35.15,0,32.195887,669750,933.45,930.0
2026-02-01 10:37:00,34.9,35.15,34.9,34.9,1500,31.95825,670500,933.4,930.0
2026-02-01 10:38:00,34.85,34.9,34.85,34.9,2250,31.989193,670500,933.35,930.0
2026-02-01 10:39:00,34.9,34.9,34.9,34.9,0,32.020117,670500,933.3,930.0
2026-02-01 10:40:00,35.0,35.0,34.9,35.0,2250,32.279577,670500,933.05,930.0
2026-02-01 10:41:00,35.0,35.0,35.0,35.0,750,32.128697,670500,933.3,930.0
2026-02-01 10:42:00,35.15,35.15,35.0,35.15,750,32.260075,670500,933.35,930.0
2026-02-01 10:43:00,35.15,35.15,35.15,35.15,0,32.260654,669750,933.35,930.0
2026-02-01 10:44:00,35.15,35.15,35.15,35.15,0,32.473213,669750,933.0,930.0
2026-02-01 10:45:00,35.15,35.15,35.15,35.15,0,32.624696,669750,932.75,930.0
2026-02-01 10:46:00,34.35,35.15,34.35,34.35,5250,32.037313,669750,932.3,930.0
2026-02-01 10:47:00,34.6,34.6,34.35,34.6,1500,32.456098,669750,932.05,930.0
2026-02-01 10:48:00,35.4,35.4,34.6,35.4,21750,32.136388,669750,934.0,930.0
2026-02-01 10:49:00,35.6,35.6,35.4,35.6,750,32.565359,669750,933.65,930.0
2026-02-01 10:50:00,35.3,35.6,35.3,35.3,1500,32.607563,669000,933.05,930.0
2026-02-01 10:51:00,35.25,35.4,35.25,35.4,1500,32.685304,669000,933.1,930.0
2026-02-01 10:52:00,35.05,35.4,35.05,35.05,750,32.370467,669750,933.0,930.0
2026-02-01 10:53:00,35.05,35.05,35.05,35.05,0,32.461667,669750,932.85,930.0
2026-02-01 10:54:00,35.1,35.1,35.05,35.1,750,32.243639,669750,933.3,930.0
2026-02-01 10:55:00,35.1,35.1,35.1,35.1,0,32.244218,669750,933.3,930.0
2026-02-01 10:56:00,35.1,35.1,35.1,35.1,0,32.335721,669750,933.15,930.0
2026-02-01 10:57:00,35.1,35.1,35.1,35.1,0,32.063052,669750,933.6,930.0
2026-02-01 10:58:00,35.25,35.25,35.1,35.25,2250,32.558527,670500,933.05,930.0
2026-02-01 10:59:00,35.25,35.25,35.25,35.25,4500,32.407702,670500,933.3,930.0
2026-02-01 11:00:00,35.25,35.25,35.25,35.25,0,32.650334,670500,932.9,930.0
2026-02-01 11:01:00,35.0,35.25,35.0,35.0,4500,32.533233,670500,932.65,930.0
2026-02-01 11:02:00,35.0,35.0,35.0,35.0,0,33.666646,670500,930.75,930.0
2026-02-01 11:03:00,35.0,35.0,35.0,35.0,0,33.371337,670500,931.25,930.0
2026-02-01 11:04:00,35.0,35.0,35.0,35.0,0,32.925141,670500,932.0,930.0
2026-02-01 11:05:00,34.45,35.0,34.45,34.45,1500,31.793929,670500,932.9,930.0
2026-02-01 11:06:00,35.0,35.0,34.45,35.0,750,32.385325,670500,932.9,930.0
2026-02-01 11:07:00,35.0,35.0,35.0,35.0,0,32.022176,670500,933.5,930.0
2026-02-01 11:08:00,34.9,35.0,34.9,34.9,750,32.036806,669750,933.3,930.0
2026-02-01 11:09:00,34.9,34.9,34.9,34.9,0,31.426709,669750,934.3,930.0
2026-02-01 11:10:00,35.15,35.15,34.9,35.15,750,31.665645,669750,934.35,930.0
2026-02-01 11:11:00,35.15,35.15,35.15,35.15,750,31.911346,669000,933.95,930.0
2026-02-01 11:12:00,35.3,35.3,35.15,35.3,750,32.10381,669000,933.9,930.0
2026-02-01 11:13:00,35.3,35.3,35.3,35.3,0,32.408882,669000,933.4,930.0
2026-02-01 11:14:00,35.3,35.3,35.3,35.3,0,32.226976,670500,933.7,930.0
2026-02-01 11:15:00,35.3,35.3,35.3,35.3,0,32.258014,670500,933.65,930.0
2026-02-01 11:16:00,35.3,35.3,35.3,35.3,0,32.380256,670500,933.45,930.0
2026-02-01 11:17:00,35.3,35.3,35.3,35.3,0,32.228714,670500,933.7,930.0
2026-02-01 11:18:00,35.3,35.3,35.3,35.3,0,32.320621,670500,933.55,930.0
2026-02-01 11:19:00,34.7,35.3,34.7,34.7,10500,31.888859,670500,933.2,930.0
2026-02-01 11:20:00,34.7,34.7,34.7,34.7,0,32.252213,670500,932.6,930.0
2026-02-01 11:21:00,34.7,34.7,34.7,34.7,0,31.707665,670500,933.5,930.0
2026-02-01 11:22:00,34.3,34.7,34.3,34.3,3750,31.460582,670500,933.2,930.0
2026-02-01 11:23:00,34.3,34.3,34.3,34.3,0,31.794108,670500,932.65,930.0
2026-02-01 11:24:00,34.3,34.3,34.3,34.3,0,31.91523,670500,932.45,930.0
2026-02-01 11:25:00,34.2,34.3,33.85,33.85,2250,31.702891,668250,932.0,930.0
2026-02-01 11:26:00,33.85,33.85,33.85,33.85,0,31.100443,668250,933.0,930.0
2026-02-01 11:27:00,35.2,35.2,33.85,35.2,3750,31.667724,668250,934.45,930.0
2026-02-01 11:28:00,34.75,35.2,34.75,34.75,3750,31.337442,668250,934.2,930.0
2026-02-01 11:29:00,34.75,34.75,34.7,34.7,1500,31.406852,667500,934.0,930.0
2026-02-01 11:30:00,34.7,34.7,34.7,34.7,0,31.438042,667500,933.95,930.0
2026-02-01 11:31:00,34.8,34.8,34.7,34.8,750,31.851357,667500,933.45,930.0
2026-02-01 11:32:00,34.5,34.8,34.5,34.5,2250,31.620553,667500,933.3,930.0
2026-02-01 11:33:00,34.4,34.5,34.4,34.4,3750,31.452753,667500,933.4,930.0
2026-02-01 11:34:00,34.4,34.4,34.4,34.4,0,31.453321,667500,933.4,930.0
2026-02-01 11:35:00,34.4,34.4,34.4,34.4,0,31.240384,667500,933.75,930.0
2026-02-01 11:36:00,34.4,34.4,34.4,34.4,0,31.240949,667500,933.75,930.0
2026-02-01 11:37:00,34.4,34.4,34.4,34.4,0,31.119101,667500,933.95,930.0
2026-02-01 11:38:00,34.4,34.4,34.4,34.4,0,31.18091,667500,933.85,930.0
2026-02-01 11:39:00,34.4,34.4,34.4,34.4,0,31.273204,667500,933.7,930.0
2026-02-01 11:40:00,34.9,34.9,34.4,34.85,1500,31.818949,668250,933.6,930.0
2026-02-01 11:41:00,34.2,34.85,34.2,34.2,3000,31.30303,668250,933.3,930.0
2026-02-01 11:42:00,34.2,34.2,34.2,34.2,0,31.212259,668250,933.45,930.0
2026-02-01 11:43:00,34.15,34.2,34.15,34.15,1500,31.523448,669750,932.85,930.0
2026-02-01 11:44:00,33.85,34.15,33.85,33.85,3000,31.563592,669750,932.25,930.0
2026-02-01 11:45:00,33.5,33.85,33.5,33.5,3750,31.935023,669750,931.0,930.0
2026-02-01 11:46:00,33.5,33.5,33.5,33.5,0,31.935595,669750,931.0,930.0
2026-02-01 11:47:00,33.5,33.5,33.5,33.5,0,32.084302,669750,930.75,930.0
2026-02-01 11:48:00,33.65,33.65,33.5,33.65,1500,32.393526,671250,930.5,930.0
2026-02-01 11:49:00,33.65,33.65,33.65,33.65,0,32.246398,671250,930.75,930.0
2026-02-01 11:50:00,33.65,33.65,33.65,33.65,0,31.291905,670500,932.35,930.0
2026-02-01 11:51:00,33.65,33.65,33.65,33.65,0,31.502879,670500,932.0,930.0
2026-02-01 11:52:00,34.2,34.2,33.65,34.2,2250,31.914121,670500,932.3,930.0
2026-02-01 11:53:00,34.2,34.2,34.2,34.2,0,31.673593,670500,932.7,930.0
2026-02-01 11:54:00,33.75,34.2,33.75,33.75,2250,32.622158,669000,930.3,930.0
2026-02-01 11:55:00,33.0,33.75,33.0,33.0,3750,31.788681,669000,930.35,930.0
2026-02-01 11:56:00,33.0,33.0,33.0,33.0,1500,31.907044,672750,930.15,930.0
2026-02-01 11:57:00,33.2,33.2,33.0,33.2,12000,31.381868,672750,931.4,930.0
2026-02-01 11:58:00,33.2,33.2,33.2,33.2,0,31.352606,672750,931.45,930.0
2026-02-01 11:59:00,33.95,34.35,33.2,34.1,9000,32.25993,671250,931.55,930.0
2026-02-01 12:00:00,33.2,34.1,33.1,33.1,1500,32.075411,671250,930.05,930.0
2026-02-01 12:01:00,33.1,33.1,33.1,33.1,750,32.281286,671250,929.7,930.0
2026-02-01 12:02:00,33.7,33.7,33.1,33.7,1500,33.158976,675000,929.3,930.0
2026-02-01 12:03:00,33.0,33.7,33.0,33.0,1500,32.438064,675000,929.25,930.0
2026-02-01 12:04:00,33.3,33.3,33.0,33.3,1500,32.818593,675000,929.15,930.0
2026-02-01 12:05:00,33.3,33.3,33.3,33.3,0,32.906427,674250,929.0,930.0
2026-02-01 12:06:00,33.0,33.3,33.0,33.0,3000,32.759461,674250,928.7,930.0
2026-02-01 12:07:00,33.0,33.0,33.0,33.0,0,32.614962,674250,928.95,930.0
2026-02-01 12:08:00,33.0,33.0,33.0,33.0,0,32.67362,672750,928.85,930.0
2026-02-01 12:09:00,33.7,33.7,33.0,33.7,3000,33.075601,672750,929.45,930.0
2026-02-01 12:10:00,33.95,33.95,33.7,33.95,1500,33.373485,672750,929.4,930.0
2026-02-01 12:11:00,33.95,33.95,33.95,33.95,1500,34.242742,672000,927.9,930.0
2026-02-01 12:12:00,37.3,39.3,37.3,37.3,10500,35.007083,438750,923.4,920.0
2026-02-01 12:13:00,32.15,32.15,31.8,32.15,9000,33.706716,674250,925.45,930.0
2026-02-01 12:14:00,37.4,37.7,36.05,37.7,3000,34.64305,441000,924.7,920.0
2026-02-01 12:15:00,36.6,37.7,36.6,36.6,1500,34.644977,441000,922.75,920.0
2026-02-01 12:16:00,36.6,36.6,36.6,36.6,0,35.340836,441000,921.6,920.0
2026-02-01 12:17:00,36.3,36.6,36.1,36.1,1500,35.456924,441750,920.5,920.0
2026-02-01 12:18:00,35.25,36.1,34.05,34.05,8250,35.285022,441750,917.0,920.0
2026-02-01 12:19:00,34.1,34.3,34.05,34.3,1500,35.238802,441750,917.55,920.0
2026-02-01 12:20:00,34.0,34.3,33.15,33.15,1500,35.055535,446250,915.7,920.0
2026-02-01 12:21:00,33.5,33.5,33.15,33.5,750,35.435641,446250,915.7,920.0
2026-02-01 12:22:00,33.6,33.85,33.5,33.85,2250,35.644569,446250,916.0,920.0
2026-02-01 12:23:00,33.85,33.85,33.85,33.85,0,35.12893,446250,916.9,920.0
2026-02-01 12:24:00,33.8,33.85,33.15,33.15,4500,34.686642,448500,916.35,920.0
2026-02-01 12:25:00,33.15,33.15,33.15,33.15,0,34.140592,448500,917.3,920.0
2026-02-01 12:26:00,33.0,33.15,33.0,33.0,1500,35.010395,448500,915.5,920.0
2026-02-01 12:27:00,38.0,38.0,38.0,38.0,0,36.022272,175500,913.7,910.0
2026-02-01 12:28:00,38.0,38.0,38.0,38.0,0,36.331742,175500,913.2,910.0
2026-02-01 12:29:00,38.0,38.0,38.0,38.0,0,38.094535,176250,910.3,910.0
2026-02-01 12:30:00,43.0,43.0,43.0,43.0,0,43.915452,412500,900.6,900.0
2026-02-01 12:31:00,37.8,44.0,37.8,37.8,2250,38.681052,51000,890.5,890.0
2026-02-01 12:32:00,33.85,33.85,32.65,33.85,3000,33.682412,417000,900.75,900.0
2026-02-01 12:33:00,33.85,33.85,33.85,33.85,0,36.195978,417000,896.55,900.0
2026-02-01 12:34:00,35.0,36.0,33.85,36.0,9750,36.311318,417000,900.35,900.0
2026-02-01 12:35:00,37.2,37.2,36.0,37.2,750,36.633492,423750,902.0,900.0
2026-02-01 12:36:00,32.3,33.15,32.3,32.3,1500,34.699128,177000,905.45,910.0
2026-02-01 12:37:00,32.3,32.3,32.3,32.3,0,34.87181,177000,905.15,910.0
2026-02-01 12:38:00,38.8,38.8,35.7,35.85,29250,35.812665,428250,900.9,900.0
2026-02-01 12:39:00,32.1,32.1,31.0,32.1,9750,34.309133,177000,905.75,910.0
2026-02-01 12:40:00,38.85,38.85,36.85,37.8,12000,35.585625,428250,904.75,900.0
2026-02-01 12:41:00,33.7,34.05,32.1,34.05,3000,36.621275,178500,905.45,910.0
2026-02-01 12:42:00,32.4,34.05,32.4,32.4,6750,35.041803,178500,905.05,910.0
2026-02-01 12:43:00,32.4,32.4,32.4,32.4,0,34.265026,178500,906.4,910.0
2026-02-01 12:44:00,33.65,33.65,32.4,33.65,4500,35.199862,177750,907.15,910.0
2026-02-01 12:45:00,33.65,33.65,33.65,33.65,4500,35.491605,177750,906.65,910.0
2026-02-01 12:46:00,33.65,33.65,33.65,33.65,0,33.515343,177750,910.0,910.0
2026-02-01 12:47:00,35.95,35.95,33.65,35.95,9000,34.8901,177750,911.9,910.0
2026-02-01 12:48:00,35.95,35.95,35.95,35.95,0,36.63503,177750,909.0,910.0
2026-02-01 12:49:00,33.8,35.95,33.8,33.8,2250,34.189299,177750,909.15,910.0
2026-02-01 12:50:00,34.9,34.9,33.8,34.9,2250,35.157812,179250,909.55,910.0
2026-02-01 12:51:00,34.15,34.9,34.15,34.15,2250,34.335981,179250,909.55,910.0
2026-02-01 12:52:00,34.3,34.3,34.15,34.3,6000,34.620344,179250,909.35,910.0
2026-02-01 12:53:00,34.0,34.3,34.0,34.0,2250,34.796344,180750,908.5,910.0
2026-02-01 12:54:00,33.4,34.0,33.4,33.4,1500,32.914876,180750,910.55,910.0
2026-02-01 12:55:00,33.85,33.85,33.4,33.85,750,33.740094,180750,910.0,910.0
2026-02-01 12:56:00,33.85,33.85,33.85,33.85,0,33.500268,181500,910.4,910.0
2026-02-01 12:57:00,36.0,36.0,33.85,36.0,1500,34.337874,181500,912.9,910.0
2026-02-01 12:58:00,36.0,36.0,36.0,36.0,0,34.615267,181500,912.45,910.0
2026-02-01 12:59:00,36.0,36.0,36.0,36.0,0,34.585192,181500,912.5,910.0
2026-02-01 13:00:00,34.5,36.0,34.5,34.5,6750,33.183405,182250,912.1,910.0
2026-02-01 13:01:00,33.5,34.5,33.5,33.5,750,31.467649,182250,913.1,910.0
2026-02-01 13:02:00,33.4,33.5,33.4,33.4,3000,32.282138,189000,911.6,910.0
2026-02-01 13:03:00,33.0,33.4,33.0,33.0,3000,31.135842,189000,912.75,910.0
2026-02-01 13:04:00,32.9,33.0,32.9,32.9,2250,31.088322,189000,912.65,910.0
2026-02-01 13:05:00,32.55,32.9,32.55,32.55,5250,31.166282,196500,911.9,910.0
2026-02-01 13:06:00,32.0,32.55,32.0,32.0,2250,32.817673,196500,908.15,910.0
2026-02-01 13:07:00,30.65,32.0,30.65,30.65,2250,33.108556,196500,905.1,910.0
2026-02-01 13:08:00,30.05,30.65,30.05,30.05,1500,31.499896,196500,906.75,910.0
2026-02-01 13:09:00,30.85,30.85,30.05,30.85,1500,32.580826,196500,906.4,910.0
2026-02-01 13:10:00,31.3,31.3,30.85,31.3,6000,32.199514,196500,907.9,910.0
2026-02-01 13:11:00,31.45,31.45,31.3,31.45,11250,33.471314,198000,906.0,910.0
2026-02-01 13:12:00,30.65,31.45,30.65,30.65,6000,32.363217,198000,906.4,910.0
2026-02-01 13:13:00,31.8,31.8,30.65,31.8,3000,33.042837,198000,907.4,910.0
2026-02-01 13:14:00,32.5,32.5,31.8,32.5,1500,32.39008,198000,909.8,910.0
2026-02-01 13:15:00,32.5,32.5,32.5,32.5,1500,33.22378,198750,908.4,910.0
2026-02-01 13:16:00,32.5,32.5,32.5,32.5,750,33.046852,198750,908.7,910.0
2026-02-01 13:17:00,32.3,32.5,32.3,32.3,1500,32.916895,200250,908.55,910.0
2026-02-01 13:18:00,32.3,32.3,32.3,32.3,0,32.769344,200250,908.8,910.0
2026-02-01 13:19:00,32.3,32.3,32.3,32.3,0,33.036306,200250,908.35,910.0
2026-02-01 13:20:00,32.3,32.3,32.3,32.3,1500,33.066415,201000,908.3,910.0
2026-02-01 13:21:00,32.3,32.3,32.3,32.3,0,33.067003,201000,908.3,910.0
2026-02-01 13:22:00,32.3,32.3,32.3,32.3,0,32.949407,201000,908.5,910.0
2026-02-01 13:23:00,32.8,33.4,32.3,33.4,2250,33.592246,201750,909.45,910.0
2026-02-01 13:24:00,33.0,33.4,33.0,33.0,750,33.481423,201750,908.9,910.0
2026-02-01 13:25:00,32.9,33.0,32.9,32.9,2250,34.16858,201750,907.55,910.0
2026-02-01 13:26:00,32.4,32.9,32.4,32.4,750,33.591441,204750,907.6,910.0
2026-02-01 13:27:00,32.0,32.4,32.0,32.0,2250,34.60178,204750,905.1,910.0
2026-02-01 13:28:00,32.0,32.0,32.0,32.0,0,34.54508,204750,905.2,910.0
2026-02-01 13:29:00,36.7,37.55,36.7,36.7,7500,35.243082,484500,903.4,900.0
2026-02-01 13:30:00,35.7,36.7,35.7,35.7,750,34.56905,484500,902.7,900.0
2026-02-01 13:31:00,35.8,35.8,35.7,35.8,4500,34.960177,484500,902.25,900.0
2026-02-01 13:32:00,35.95,35.95,35.8,35.95,1500,35.065476,489750,902.35,900.0
2026-02-01 13:33:00,35.65,35.95,35.65,35.65,3750,34.140604,489750,903.3,900.0
2026-02-01 13:34:00,36.4,36.4,35.65,36.4,4500,34.092544,489750,904.7,900.0
2026-02-01 13:35:00,31.65,31.65,30.5,31.65,3000,34.07915,208500,905.35,910.0
2026-02-01 13:36:00,31.65,31.65,31.65,31.65,0,34.251716,208500,905.05,910.0
2026-02-01 13:37:00,31.4,31.65,31.4,31.4,750,33.977913,208500,905.05,910.0
2026-02-01 13:38:00,31.5,31.5,31.4,31.5,1500,33.830173,210000,905.5,910.0
2026-02-01 13:39:00,31.5,31.5,31.5,31.5,0,33.658113,210000,905.8,910.0
2026-02-01 13:40:00,31.5,31.5,31.5,31.5,0,33.658705,210000,905.8,910.0
2026-02-01 13:41:00,31.5,31.5,31.5,31.5,0,33.515048,210000,906.05,910.0
2026-02-01 13:42:00,31.5,31.5,31.5,31.5,0,34.090674,210750,905.05,910.0
2026-02-01 13:43:00,35.5,36.5,35.5,35.5,750,34.07379,488250,903.15,900.0
2026-02-01 13:44:00,30.15,30.15,30.15,30.15,0,32.064309,215250,906.0,910.0
2026-02-01 13:45:00,31.9,31.9,30.15,31.9,3000,33.927469,215250,906.1,910.0
2026-02-01 13:46:00,31.9,31.9,31.9,31.9,0,33.956966,215250,906.05,910.0
2026-02-01 13:47:00,31.45,31.9,31.45,31.45,8250,33.492612,219000,906.0,910.0
2026-02-01 13:48:00,31.45,31.45,31.45,31.45,0,33.838711,219000,905.4,910.0
2026-02-01 13:49:00,31.0,31.45,31.0,31.0,7500,33.345371,219000,905.4,910.0
2026-02-01 13:50:00,30.95,31.0,30.95,30.95,1500,33.43443,219000,905.15,910.0
2026-02-01 13:51:00,30.95,30.95,30.95,30.95,0,33.119202,219000,905.7,910.0
2026-02-01 13:52:00,36.05,36.05,36.05,36.05,0,33.777117,499500,904.6,900.0
2026-02-01 13:53:00,35.75,36.05,35.75,35.75,7500,33.188451,505500,905.0,900.0
2026-02-01 13:54:00,35.4,35.75,35.4,35.4,1500,32.894581,505500,904.85,900.0
2026-02-01 13:55:00,35.4,35.4,35.4,35.4,0,33.02272,505500,904.65,900.0
2026-02-01 13:56:00,30.55,30.55,30.55,30.55,0,32.912887,222000,905.3,910.0
2026-02-01 13:57:00,36.0,36.0,35.4,35.4,3750,33.404742,507000,904.05,900.0
2026-02-01 13:58:00,30.9,30.9,30.55,30.9,3000,33.12597,222750,905.6,910.0
2026-02-01 13:59:00,30.9,30.9,30.9,30.9,0,32.722584,222750,906.3,910.0
2026-02-01 14:00:00,30.9,30.9,30.9,30.9,0,32.403829,222750,906.85,910.0
2026-02-01 14:01:00,31.0,31.0,30.9,31.0,3000,33.438511,222750,905.25,910.0
2026-02-01 14:02:00,35.2,36.3,35.2,35.2,6000,33.089954,516000,904.2,900.0
2026-02-01 14:03:00,35.4,35.4,35.2,35.4,1500,33.755133,516000,903.5,900.0
2026-02-01 14:04:00,35.2,35.4,35.2,35.2,750,33.438713,516000,903.65,900.0
2026-02-01 14:05:00,34.6,35.2,34.6,34.6,5250,33.802295,521250,902.0,900.0
2026-02-01 14:06:00,34.5,34.6,34.5,34.5,3000,33.194123,521250,902.8,900.0
2026-02-01 14:07:00,34.5,34.5,34.5,34.5,750,33.50625,521250,902.3,900.0
2026-02-01 14:08:00,34.95,34.95,34.5,34.95,750,33.539639,521250,903.05,900.0
2026-02-01 14:09:00,35.0,35.0,34.95,35.0,3000,34.125443,522000,902.2,900.0
2026-02-01 14:10:00,34.5,35.0,34.5,34.5,3000,33.32133,522000,902.6,900.0
2026-02-01 14:11:00,34.5,34.5,34.5,34.5,0,33.228332,522000,902.75,900.0
2026-02-01 14:12:00,34.9,34.9,34.5,34.9,1500,33.58024,522000,902.9,900.0
2026-02-01 14:13:00,34.95,35.0,34.9,35.0,3000,33.660843,522000,902.95,900.0
2026-02-01 14:14:00,35.4,35.4,35.0,35.2,4500,33.883967,522000,902.95,900.0
2026-02-01 14:15:00,34.65,35.2,34.65,34.65,7500,33.52233,522000,902.55,900.0
2026-02-01 14:16:00,34.65,34.65,34.65,34.65,0,33.241891,522000,903.0,900.0
2026-02-01 14:17:00,34.85,34.85,34.65,34.85,750,33.465059,522000,903.0,900.0
2026-02-01 14:18:00,35.35,35.35,34.85,35.35,1500,34.489043,528750,902.25,900.0
2026-02-01 14:19:00,35.0,35.35,35.0,35.0,3000,34.131523,528750,902.2,900.0
2026-02-01 14:20:00,35.0,35.0,35.0,35.0,0,34.256041,529500,902.0,900.0
2026-02-01 14:21:00,35.0,35.0,35.0,35.0,0,35.177777,529500,900.5,900.0
2026-02-01 14:22:00,34.0,35.0,34.0,34.05,12750,34.305972,529500,900.2,900.0
2026-02-01 14:23:00,33.95,34.05,33.95,33.95,8250,34.408,537750,899.85,900.0
2026-02-01 14:24:00,33.95,33.95,33.95,33.95,2250,34.347978,537750,899.95,900.0
2026-02-01 14:25:00,33.95,33.95,33.95,33.95,1500,34.318247,537750,900.0,900.0
2026-02-01 14:26:00,35.0,35.0,33.95,35.0,20250,34.13578,537750,902.2,900.0
2026-02-01 14:27:00,35.0,35.0,35.0,35.0,3750,33.575385,523500,903.1,900.0
2026-02-01 14:28:00,35.0,35.0,35.0,35.0,750,33.19882,523500,903.7,900.0
2026-02-01 14:29:00,35.05,35.05,35.0,35.05,750,33.475417,525750,903.35,900.0
2026-02-01 14:30:00,34.95,35.05,34.95,34.95,2250,33.364673,525750,903.35,900.0
2026-02-01 14:31:00,35.3,35.3,34.95,35.3,25500,33.4717,525750,903.8,900.0
2026-02-01 14:32:00,35.45,35.45,35.3,35.45,750,33.544677,525750,903.95,900.0
2026-02-01 14:33:00,30.05,30.05,30.05,30.05,0,32.097871,231750,905.8,910.0
2026-02-01 14:34:00,30.05,30.05,30.05,30.05,0,32.069622,231750,905.85,910.0
2026-02-01 14:35:00,30.05,30.05,30.05,30.05,0,32.357773,231000,905.35,910.0
2026-02-01 14:36:00,30.4,30.55,30.05,30.55,9750,32.301819,231000,906.4,910.0
2026-02-01 14:37:00,30.3,30.55,30.3,30.3,750,32.547375,231000,905.5,910.0
2026-02-01 14:38:00,30.1,30.3,30.1,30.15,2250,32.641242,231000,905.05,910.0
2026-02-01 14:39:00,30.1,30.15,30.1,30.1,750,32.529649,231000,905.15,910.0
2026-02-01 14:40:00,30.1,30.1,30.1,30.1,0,32.271942,231000,905.6,910.0
2026-02-01 14:41:00,30.1,30.1,30.1,30.1,3000,31.984204,231000,906.1,910.0
2026-02-01 14:42:00,30.0,30.1,30.0,30.0,1500,32.450157,233250,905.1,910.0
2026-02-01 14:43:00,35.0,35.25,35.0,35.0,5250,33.018164,546000,904.0,900.0
2026-02-01 14:44:00,35.0,35.0,35.0,35.0,0,33.460148,546000,903.3,900.0
2026-02-01 14:45:00,35.0,35.0,35.0,35.0,0,33.49214,552000,903.25,900.0
2026-02-01 14:46:00,35.0,35.0,35.0,35.0,3750,32.479018,552000,904.85,900.0
2026-02-01 14:47:00,35.0,35.0,35.0,35.0,750,32.957188,550500,904.1,900.0
2026-02-01 14:48:00,34.65,35.0,34.6,34.6,3000,32.954151,550500,903.4,900.0
2026-02-01 14:49:00,33.8,34.6,33.8,33.8,1500,33.06286,550500,901.8,900.0
2026-02-01 14:50:00,33.2,33.95,33.2,33.95,11250,32.357037,557250,903.2,900.0
2026-02-01 14:51:00,33.6,33.95,33.6,33.6,1500,33.487966,557250,900.75,900.0
2026-02-01 14:52:00,33.15,33.6,32.0,32.75,38250,32.451727,557250,900.9,900.0
2026-02-01 14:53:00,33.25,33.25,32.75,33.25,750,32.142681,579750,902.3,900.0
2026-02-01 14:54:00,33.55,33.65,32.7,32.7,8250,32.089499,579750,901.4,900.0
2026-02-01 14:55:00,32.55,32.7,32.55,32.55,3750,32.720134,579750,900.1,900.0
2026-02-01 14:56:00,32.4,32.9,32.0,32.8,6000,32.448238,587250,901.0,900.0
2026-02-01 14:57:00,32.6,32.8,32.6,32.6,750,31.979994,587250,901.4,900.0
2026-02-01 14:58:00,32.85,32.85,32.4,32.4,7500,32.280582,587250,900.55,900.0
2026-02-01 14:59:00,32.75,32.75,32.4,32.75,4500,32.209709,590250,901.3,900.0
2026-02-01 15:00:00,32.5,32.75,32.5,32.5,2250,32.423489,590250,900.5,900.0
2026-02-01 15:01:00,32.5,32.5,32.5,32.5,750,32.454631,590250,900.45,900.0
2026-02-01 15:02:00,32.5,32.5,32.5,32.5,0,31.809829,590250,901.5,900.0
2026-02-01 15:03:00,33.0,33.0,32.5,33.0,750,32.118987,591000,901.9,900.0
2026-02-01 15:04:00,33.05,33.4,33.0,33.0,4500,32.490692,591000,901.3,900.0
2026-02-01 15:05:00,33.0,33.0,33.0,33.0,0,32.089103,591000,901.95,900.0
2026-02-01 15:06:00,32.5,33.0,32.5,33.0,2250,32.860494,592500,900.7,900.0
2026-02-01 15:07:00,32.5,33.0,32.5,32.5,750,32.396985,592500,900.55,900.0
2026-02-01 15:08:00,32.7,32.7,32.5,32.7,9000,32.035813,597750,901.5,900.0
2026-02-01 15:09:00,32.75,32.75,32.35,32.6,5250,32.017786,597750,901.35,900.0
2026-02-01 15:10:00,32.8,32.8,32.6,32.8,750,32.179131,597750,901.45,900.0
2026-02-01 15:11:00,32.5,32.8,32.5,32.5,6000,31.784068,597750,901.55,900.0
2026-02-01 15:12:00,33.2,33.2,32.5,33.2,1500,32.284722,601500,902.0,900.0
2026-02-01 15:13:00,33.4,33.4,33.2,33.4,3000,32.507923,601500,902.0,900.0
2026-02-01 15:14:00,33.6,33.65,33.05,33.65,4500,32.786766,601500,902.0,900.0
2026-02-01 15:15:00,33.6,33.65,33.15,33.15,6750,32.23081,601500,902.0,900.0
2026-02-01 15:16:00,33.65,33.75,33.15,33.75,3750,32.337793,601500,902.9,900.0
2026-02-01 15:17:00,33.95,34.75,33.75,34.6,9000,32.018463,594750,904.9,900.0
2026-02-01 15:18:00,34.6,34.6,34.6,34.6,0,32.94046,594750,903.45,900.0
2026-02-01 15:19:00,33.9,34.6,33.9,33.9,4500,32.255303,594750,903.3,900.0
2026-02-01 15:20:00,34.0,34.0,33.9,34.0,3000,31.669968,594750,904.4,900.0
2026-02-01 15:21:00,34.25,34.25,34.0,34.25,2250,31.693887,589500,904.8,900.0
2026-02-01 15:22:00,34.1,34.25,33.0,33.0,22500,31.662322,589500,902.65,900.0
2026-02-01 15:23:00,33.55,33.55,33.0,33.55,1500,32.244364,589500,902.7,900.0
2026-02-01 15:24:00,33.55,33.75,33.55,33.75,5250,32.46775,581250,902.7,900.0
2026-02-01 15:25:00,33.95,33.95,33.75,33.95,750,32.722389,581250,902.65,900.0
2026-02-01 15:26:00,33.5,34.0,33.5,34.0,9000,31.481546,581250,904.7,900.0
2026-02-01 15:27:00,34.6,34.6,34.0,34.6,2250,32.59816,581250,904.0,900.0
2026-02-01 15:28:00,34.1,34.6,34.1,34.1,1500,32.29427,581250,903.6,900.0
2026-02-01 15:29:00,34.1,34.45,34.1,34.45,1500,32.113813,581250,904.5,900.0
2026-02-02 09:15:00,33.55,33.55,26.2,31.5,34500,34.999771,582000,895.45,900.0
2026-02-02 09:16:00,32.25,32.25,31.5,32.25,57750,33.625494,588750,899.15,900.0
2026-02-02 09:17:00,34.45,34.45,32.25,34.45,30000,35.619728,588750,899.95,900.0
2026-02-02 09:18:00,34.25,34.45,33.35,33.55,45000,35.733136,588750,898.1,900.0
2026-02-02 09:19:00,33.6,33.8,33.2,33.8,27750,35.530233,618750,898.9,900.0
2026-02-02 09:20:00,33.95,34.8,33.25,33.75,72750,35.046254,618750,899.6,900.0
2026-02-02 09:21:00,33.7,34.95,33.55,34.35,24000,34.610087,618750,901.4,900.0
2026-02-02 09:22:00,34.6,35.3,34.35,35.3,50250,34.677471,666000,903.0,900.0
2026-02-02 09:23:00,35.25,35.4,34.4,34.65,24000,34.196095,666000,902.6,900.0
2026-02-02 09:24:00,34.55,35.3,34.3,34.7,11250,34.474311,666000,902.25,900.0
2026-02-02 09:25:00,34.35,34.7,33.65,33.65,13500,34.257481,698250,900.7,900.0
2026-02-02 09:26:00,34.4,34.6,33.65,34.25,18750,34.811884,698250,900.9,900.0
2026-02-02 09:27:00,34.2,34.25,34.2,34.2,17250,34.693808,698250,901.0,900.0
2026-02-02 09:28:00,32.45,34.2,32.45,33.35,120000,33.452669,770250,901.45,900.0
2026-02-02 09:29:00,33.35,33.35,32.8,32.8,4500,33.392499,770250,900.55,900.0
2026-02-02 09:30:00,32.6,32.8,32.6,32.6,48000,32.259871,770250,902.0,900.0
2026-02-02 09:31:00,33.55,33.55,32.6,33.55,9000,33.743232,769500,901.35,900.0
2026-02-02 09:32:00,28.9,28.9,28.35,28.9,7500,31.597592,500250,905.6,910.0
2026-02-02 09:33:00,34.85,34.85,33.5,33.5,27000,32.646504,769500,903.0,900.0
2026-02-02 09:34:00,33.35,33.6,33.35,33.5,5250,33.563356,786000,901.55,900.0
2026-02-02 09:35:00,32.9,33.5,32.8,32.8,16500,33.365157,786000,900.6,900.0
2026-02-02 09:36:00,32.15,32.8,32.15,32.15,14250,31.974728,786000,901.65,900.0
2026-02-02 09:37:00,33.2,33.2,32.15,33.2,2250,33.037488,791250,901.85,900.0
2026-02-02 09:38:00,32.8,33.2,32.8,32.8,3750,32.269803,791250,902.35,900.0
2026-02-02 09:39:00,33.3,33.3,32.8,33.3,7500,33.839613,791250,900.75,900.0
2026-02-02 09:40:00,32.05,33.3,32.05,32.05,2250,32.302469,796500,900.95,900.0
2026-02-02 09:41:00,33.4,33.4,32.05,33.4,750,32.601786,796500,902.9,900.0
2026-02-02 09:42:00,33.1,33.4,33.1,33.1,1500,32.675096,796500,902.25,900.0
2026-02-02 09:43:00,33.25,33.3,33.1,33.3,12750,33.405375,797250,901.45,900.0
2026-02-02 09:44:00,33.3,33.3,33.3,33.3,3750,33.028946,797250,902.05,900.0
2026-02-02 09:45:00,33.6,33.6,33.3,33.6,9000,33.211264,797250,902.3,900.0
2026-02-02 09:46:00,33.3,33.6,33.3,33.3,15000,32.74568,793500,902.5,900.0
2026-02-02 09:47:00,33.3,33.3,33.3,33.3,0,32.523981,793500,902.85,900.0
2026-02-02 09:48:00,34.0,34.0,33.3,34.0,4500,32.870695,793500,903.55,900.0
2026-02-02 09:49:00,33.95,34.0,33.95,33.95,3750,33.356644,795000,902.7,900.0
2026-02-02 09:50:00,33.8,33.95,33.05,33.05,14250,33.095563,795000,901.5,900.0
2026-02-02 09:51:00,32.8,33.05,32.8,32.8,750,31.576174,795000,903.45,900.0
2026-02-02 09:52:00,33.3,33.3,32.8,33.3,6750,31.886599,804750,903.85,900.0
2026-02-02 09:53:00,33.95,33.95,33.3,33.95,5250,32.849107,804750,903.5,900.0
2026-02-02 09:54:00,33.6,33.95,33.6,33.6,1500,32.292447,804750,903.75,900.0
2026-02-02 09:55:00,33.2,33.6,33.2,33.2,6000,32.415529,810000,902.85,900.0
2026-02-02 09:56:00,33.3,33.3,33.2,33.3,6000,31.953385,810000,903.75,900.0
2026-02-02 09:57:00,33.3,33.3,33.3,33.3,0,32.306761,810000,903.2,900.0
2026-02-02 09:58:00,33.0,33.3,33.0,33.0,10500,32.886905,817500,901.75,900.0
2026-02-02 09:59:00,32.6,33.0,32.6,32.6,14250,32.623279,817500,901.45,900.0
2026-02-02 10:00:00,32.7,32.7,32.6,32.7,6750,32.674294,817500,901.55,900.0
2026-02-02 10:01:00,32.7,32.7,32.7,32.7,0,32.580657,822000,901.7,900.0
2026-02-02 10:02:00,32.6,32.8,32.6,32.8,10500,32.725863,822000,901.65,900.0
2026-02-02 10:03:00,32.8,32.8,32.8,32.8,0,32.789272,822000,901.55,900.0
2026-02-02 10:04:00,32.8,32.8,32.8,32.8,0,33.165207,825000,900.95,900.0
2026-02-02 10:05:00,32.6,32.8,32.15,32.15,19500,32.586367,825000,900.7,900.0
2026-02-02 10:06:00,32.3,32.3,32.15,32.3,2250,32.569661,825000,901.0,900.0
2026-02-02 10:07:00,32.65,32.65,32.3,32.65,750,33.18415,823500,900.65,900.0
2026-02-02 10:08:00,32.0,32.65,32.0,32.0,6750,32.511802,823500,900.55,900.0
2026-02-02 10:09:00,32.05,32.05,32.0,32.05,750,32.288639,823500,901.0,900.0
2026-02-02 10:10:00,32.3,32.3,32.05,32.3,2250,32.852295,825750,900.55,900.0
2026-02-02 10:11:00,33.2,33.2,32.3,33.2,6000,32.963788,825750,902.0,900.0
2026-02-02 10:12:00,33.2,33.2,33.2,33.2,1500,32.711605,825750,902.4,900.0
2026-02-02 10:13:00,33.1,33.2,33.1,33.1,3000,33.103484,820500,901.6,900.0
2026-02-02 10:14:00,32.85,33.1,32.85,32.85,1500,32.125858,820500,902.7,900.0
2026-02-02 10:15:00,33.15,33.15,32.85,33.15,4500,32.909623,820500,902.0,900.0
2026-02-02 10:16:00,33.15,33.15,33.15,33.15,0,33.099097,825750,901.7,900.0
2026-02-02 10:17:00,32.5,33.15,32.5,32.5,3000,32.489615,825750,901.5,900.0
2026-02-02 10:18:00,32.45,32.5,32.45,32.45,2250,32.433623,825750,901.5,900.0
2026-02-02 10:19:00,33.05,33.05,32.45,33.05,1500,32.704143,825000,902.15,900.0
2026-02-02 10:20:00,32.5,33.05,32.5,32.5,3000,32.679428,825000,901.2,900.0
2026-02-02 10:21:00,32.5,32.5,32.5,32.5,0,32.492029,825000,901.5,900.0
2026-02-02 10:22:00,32.3,32.5,32.3,32.35,12000,32.573428,825000,901.1,900.0
2026-02-02 10:23:00,32.35,32.5,32.35,32.5,1500,32.430422,825000,901.6,900.0
2026-02-02 10:24:00,32.65,32.65,32.5,32.65,750,33.007755,825000,900.95,900.0
2026-02-02 10:25:00,32.0,32.65,32.0,32.0,4500,31.644892,825000,901.95,900.0
2026-02-02 10:26:00,33.0,33.35,32.0,33.35,9750,32.252887,825000,903.4,900.0
2026-02-02 10:27:00,28.2,28.2,27.95,28.2,6750,30.759404,528750,905.75,910.0
2026-02-02 10:28:00,29.0,29.05,28.2,29.05,21750,32.031098,528750,905.2,910.0
2026-02-02 10:29:00,34.35,34.55,34.0,34.0,8250,31.957801,825000,905.0,900.0
2026-02-02 10:30:00,34.0,34.0,34.0,34.0,12750,32.380967,825000,904.35,900.0
2026-02-02 10:31:00,34.0,34.0,34.0,34.0,0,32.056827,825000,904.85,900.0
2026-02-02 10:32:00,34.0,34.0,34.0,34.0,0,31.959599,825000,905.0,900.0
2026-02-02 10:33:00,28.7,28.75,28.7,28.7,3750,31.67169,522750,905.15,910.0
2026-02-02 10:34:00,28.7,28.7,28.7,28.7,0,31.643204,521250,905.2,910.0
2026-02-02 10:35:00,29.2,29.2,28.7,29.2,10500,31.559497,521250,906.3,910.0
2026-02-02 10:36:00,29.2,29.2,28.85,28.85,4500,31.812133,521250,905.2,910.0
2026-02-02 10:37:00,33.5,34.0,33.5,33.5,750,31.71992,821250,904.5,900.0
2026-02-02 10:38:00,33.7,33.7,33.5,33.7,3750,32.045074,821250,904.35,900.0
2026-02-02 10:39:00,33.5,33.7,33.5,33.5,3000,31.786044,821250,904.4,900.0
2026-02-02 10:40:00,33.7,33.7,33.5,33.7,3750,31.688562,819000,904.9,900.0
2026-02-02 10:41:00,33.8,33.8,33.7,33.8,1500,32.289885,819000,904.15,900.0
2026-02-02 10:42:00,32.95,33.8,32.95,33.7,13500,32.402712,819000,903.8,900.0
2026-02-02 10:43:00,33.5,33.7,33.5,33.7,4500,32.048075,818250,904.35,900.0
2026-02-02 10:44:00,33.25,33.7,33.2,33.2,3750,32.125605,818250,903.35,900.0
2026-02-02 10:45:00,33.25,33.45,33.2,33.45,1500,32.345723,818250,903.45,900.0
2026-02-02 10:46:00,33.3,33.45,33.3,33.4,4500,31.611631,819750,904.5,900.0
2026-02-02 10:47:00,33.45,33.45,33.4,33.45,750,31.60402,819750,904.6,900.0
2026-02-02 10:48:00,33.6,33.6,33.45,33.6,750,31.775118,819750,904.6,900.0
2026-02-02 10:49:00,33.6,33.6,33.6,33.6,0,31.743181,819750,904.65,900.0
2026-02-02 10:50:00,33.8,33.8,33.4,33.5,18750,31.630097,818250,904.65,900.0
2026-02-02 10:51:00,33.6,33.6,33.5,33.6,750,32.519537,818250,903.45,900.0
2026-02-02 10:52:00,33.6,33.6,33.6,33.6,0,32.552194,818250,903.4,900.0
2026-02-02 10:53:00,32.95,33.6,32.55,32.55,2250,32.189873,825750,902.1,900.0
2026-02-02 10:54:00,32.0,32.55,31.85,31.85,9750,31.838599,825750,901.4,900.0
2026-02-02 10:55:00,31.75,31.85,31.75,31.8,4500,31.845332,825750,901.3,900.0
2026-02-02 10:56:00,31.8,31.8,31.8,31.8,2250,31.625902,829500,901.65,900.0
2026-02-02 10:57:00,31.75,31.8,31.75,31.8,6000,31.971841,829500,901.1,900.0
2026-02-02 10:58:00,32.3,32.3,31.8,32.3,7500,32.256428,829500,901.55,900.0
2026-02-02 10:59:00,32.3,32.3,32.3,32.3,0,32.099633,829500,901.8,900.0
2026-02-02 11:00:00,32.05,32.3,32.05,32.05,4500,31.942982,829500,901.6,900.0
2026-02-02 11:01:00,31.75,32.05,31.75,31.75,2250,32.167409,831000,900.7,900.0
2026-02-02 11:02:00,31.65,31.75,31.65,31.65,5250,31.585376,831000,901.45,900.0
2026-02-02 11:03:00,31.7,31.75,31.65,31.7,10500,31.674029,831000,901.4,900.0
2026-02-02 11:04:00,31.25,31.7,31.25,31.25,12750,31.22766,831000,901.3,900.0
2026-02-02 11:05:00,31.25,31.25,31.25,31.25,750,31.666028,837000,900.6,900.0
2026-02-02 11:06:00,31.55,31.55,31.25,31.55,1500,31.850391,837000,900.85,900.0
2026-02-02 11:07:00,30.8,31.55,30.8,30.8,6000,32.145746,834750,899.0,900.0
2026-02-02 11:08:00,30.5,30.8,30.45,30.55,23250,31.740972,834750,899.2,900.0
2026-02-02 11:09:00,30.5,30.55,30.5,30.5,102000,31.868737,834750,898.9,900.0
2026-02-02 11:10:00,30.1,30.95,30.1,30.95,21750,31.484855,834750,900.35,900.0
2026-02-02 11:11:00,31.2,31.25,30.95,31.0,2250,31.728111,798750,900.05,900.0
2026-02-02 11:12:00,31.0,31.0,31.0,31.0,1500,31.821494,798750,899.9,900.0
2026-02-02 11:13:00,30.65,31.0,30.65,30.8,6750,31.192353,803250,900.55,900.0
2026-02-02 11:14:00,31.25,31.25,30.8,31.25,3000,32.198238,803250,899.75,900.0
2026-02-02 11:15:00,31.25,31.25,31.25,31.25,0,32.13711,803250,899.85,900.0
2026-02-02 11:16:00,31.0,31.25,31.0,31.0,6750,31.823863,803250,899.9,900.0
2026-02-02 11:17:00,31.0,31.0,30.9,30.9,2250,31.773054,806250,899.8,900.0
2026-02-02 11:18:00,30.8,30.9,30.8,30.8,750,31.722183,806250,899.7,900.0
2026-02-02 11:19:00,30.8,30.8,30.8,30.8,0,32.366723,807000,898.65,900.0
2026-02-02 11:20:00,30.05,30.8,29.85,29.85,12000,31.200947,807000,898.8,900.0
2026-02-02 11:21:00,30.0,30.0,29.85,30.0,3750,31.248893,807000,899.0,900.0
2026-02-02 11:22:00,29.5,30.0,29.4,29.4,7500,30.906481,817500,898.45,900.0
2026-02-02 11:23:00,29.4,29.4,29.4,29.4,0,30.998321,817500,898.3,900.0
2026-02-02 11:24:00,29.25,29.4,29.25,29.25,16500,31.222931,817500,897.65,900.0
2026-02-02 11:25:00,29.5,29.8,29.25,29.8,3750,31.299865,825000,898.55,900.0
2026-02-02 11:26:00,30.45,30.45,29.8,30.45,6000,31.515562,825000,899.4,900.0
2026-02-02 11:27:00,30.7,30.7,30.45,30.7,3000,31.70678,825000,899.55,900.0
2026-02-02 11:28:00,30.7,30.7,30.7,30.7,7500,31.336519,827250,900.15,900.0
2026-02-02 11:29:00,30.85,30.85,30.7,30.85,2250,31.444902,827250,900.25,900.0
2026-02-02 11:30:00,31.05,31.05,30.85,31.05,2250,31.266982,827250,900.9,900.0
2026-02-02 11:31:00,31.6,31.6,31.05,31.6,9000,31.702844,827250,901.2,900.0
2026-02-02 11:32:00,31.65,32.0,31.6,32.0,12750,30.855948,827250,903.25,900.0
2026-02-02 11:33:00,33.3,33.3,32.0,33.3,6000,32.460608,827250,903.05,900.0
2026-02-02 11:34:00,32.85,33.3,32.85,32.85,27750,31.40392,828750,903.9,900.0
2026-02-02 11:35:00,32.8,32.85,32.2,32.2,11250,31.213163,828750,903.05,900.0
2026-02-02 11:36:00,32.0,32.2,32.0,32.0,4500,31.465146,828750,902.3,900.0
2026-02-02 11:37:00,32.05,32.05,31.8,31.8,7500,31.776064,827250,901.45,900.0
2026-02-02 11:38:00,31.95,31.95,31.8,31.95,750,31.789279,827250,901.7,900.0
2026-02-02 11:39:00,32.45,32.45,31.95,32.3,2250,31.393074,827250,902.95,900.0
2026-02-02 11:40:00,31.95,32.3,31.95,31.95,3000,31.884961,827250,901.55,900.0
2026-02-02 11:41:00,32.2,32.2,31.95,32.2,6750,32.011418,829500,901.8,900.0
2026-02-02 11:42:00,32.05,32.2,32.05,32.05,6000,31.398255,829500,902.5,900.0
2026-02-02 11:43:00,32.6,32.6,32.05,32.6,750,32.308234,829500,902.05,900.0
2026-02-02 11:44:00,32.6,32.6,32.6,32.6,0,31.768565,840000,902.9,900.0
2026-02-02 11:45:00,32.65,32.65,32.6,32.65,21000,31.761995,840000,903.0,900.0
2026-02-02 11:46:00,32.45,32.65,32.45,32.45,15000,31.599475,840000,902.9,900.0
2026-02-02 11:47:00,32.6,32.6,32.45,32.6,750,31.897982,845250,902.7,900.0
2026-02-02 11:48:00,32.6,32.6,32.6,32.6,0,31.8667,845250,902.75,900.0
2026-02-02 11:49:00,32.6,32.6,32.6,32.6,0,32.343462,845250,902.0,900.0
2026-02-02 11:50:00,32.2,32.6,32.2,32.2,4500,31.922057,845250,901.95,900.0
2026-02-02 11:51:00,31.9,32.2,31.9,32.1,4500,31.650924,845250,902.2,900.0
2026-02-02 11:52:00,32.5,32.5,32.1,32.5,750,32.168609,845250,902.1,900.0
2026-02-02 11:53:00,32.2,32.5,32.2,32.2,5250,31.670355,846000,902.35,900.0
2026-02-02 11:54:00,32.2,32.2,32.2,32.2,3000,31.766152,846000,902.2,900.0
2026-02-02 11:55:00,31.95,32.2,31.95,31.95,2250,31.830907,846000,901.65,900.0
2026-02-02 11:56:00,32.15,32.15,31.95,32.15,1500,31.678897,849750,902.25,900.0
2026-02-02 11:57:00,32.15,32.15,32.15,32.15,0,31.615991,849750,902.35,900.0
2026-02-02 11:58:00,32.15,32.15,32.15,32.15,0,31.964882,849750,901.8,900.0
2026-02-02 11:59:00,32.0,32.15,32.0,32.0,1500,31.510476,850500,902.25,900.0
2026-02-02 12:00:00,32.0,32.0,32.0,32.0,0,31.79596,850500,901.8,900.0
2026-02-02 12:01:00,32.0,32.0,32.0,32.0,0,31.764975,850500,901.85,900.0
2026-02-02 12:02:00,31.7,32.0,31.35,31.35,4500,31.343571,851250,901.35,900.0
2026-02-02 12:03:00,31.55,31.55,31.35,31.55,2250,31.44507,851250,901.55,900.0
2026-02-02 12:04:00,31.5,31.55,31.5,31.5,2250,31.388955,851250,901.55,900.0
2026-02-02 12:05:00,31.75,31.75,31.5,31.75,1500,31.736005,853500,901.45,900.0
2026-02-02 12:06:00,31.5,31.75,31.5,31.5,750,31.327082,853500,901.65,900.0
2026-02-02 12:07:00,31.5,31.5,31.5,31.5,0,31.390722,853500,901.55,900.0
2026-02-02 12:08:00,31.55,31.55,31.5,31.55,7500,31.605304,854250,901.3,900.0
2026-02-02 12:09:00,31.55,31.55,31.55,31.55,0,31.290843,854250,901.8,900.0
2026-02-02 12:10:00,31.55,31.55,31.55,31.55,0,31.512169,854250,901.45,900.0
2026-02-02 12:11:00,31.4,31.55,31.4,31.4,15000,31.625174,855000,901.0,900.0
2026-02-02 12:12:00,31.45,31.6,31.4,31.6,2250,31.222779,855000,902.0,900.0
2026-02-02 12:13:00,31.6,31.6,31.6,31.6,0,31.53917,855000,901.5,900.0
2026-02-02 12:14:00,31.6,31.6,31.6,31.6,0,30.778522,848250,902.7,900.0
2026-02-02 12:15:00,32.15,32.15,31.6,32.15,4500,31.626665,848250,902.35,900.0
2026-02-02 12:16:00,32.25,32.25,32.15,32.25,3000,31.19783,848250,903.2,900.0
2026-02-02 12:17:00,32.45,32.45,32.25,32.45,12750,31.457767,849000,903.15,900.0
2026-02-02 12:18:00,32.45,32.7,32.45,32.7,3000,32.157389,849000,902.5,900.0
2026-02-02 12:19:00,32.3,32.7,32.3,32.3,4500,31.767526,849000,902.4,900.0
2026-02-02 12:20:00,31.9,32.3,31.9,31.9,750,31.472857,852000,902.15,900.0
2026-02-02 12:21:00,31.9,31.9,31.9,31.9,0,31.631799,852000,901.9,900.0
2026-02-02 12:22:00,31.9,31.95,31.9,31.95,4500,31.562496,852000,902.1,900.0
2026-02-02 12:23:00,32.05,32.05,31.95,32.05,750,31.644881,852000,902.15,900.0
2026-02-02 12:24:00,32.05,32.05,32.05,32.05,0,31.930084,852000,901.7,900.0
2026-02-02 12:25:00,32.05,32.05,32.05,32.05,0,31.993722,852000,901.6,900.0
2026-02-02 12:26:00,31.9,32.05,31.6,31.6,27000,31.357569,852000,901.8,900.0
2026-02-02 12:27:00,31.6,31.6,31.5,31.5,17250,31.434003,852000,901.5,900.0
2026-02-02 12:28:00,31.5,31.5,31.5,31.5,0,31.497549,852000,901.4,900.0
2026-02-02 12:29:00,31.3,31.5,31.1,31.1,18750,31.23293,875250,901.1,900.0
2026-02-02 12:30:00,31.2,31.25,31.1,31.25,29250,31.46632,875250,901.0,900.0
2026-02-02 12:31:00,31.05,31.25,31.0,31.0,30000,31.057896,875250,901.2,900.0
2026-02-02 12:32:00,31.1,31.1,31.0,31.05,11250,31.490771,884250,900.6,900.0
2026-02-02 12:33:00,30.95,31.05,30.95,31.0,33000,31.278496,884250,900.85,900.0
2026-02-02 12:34:00,30.7,31.55,30.7,31.55,27750,31.808885,884250,901.0,900.0
2026-02-02 12:35:00,30.95,31.55,30.95,30.95,750,30.498334,893250,902.0,900.0
2026-02-02 12:36:00,31.3,31.3,30.95,31.3,6000,31.24389,893250,901.45,900.0
2026-02-02 12:37:00,32.3,32.3,31.3,31.95,31500,31.792826,893250,901.75,900.0
2026-02-02 12:38:00,31.35,31.95,30.8,31.0,19500,31.093387,899250,901.15,900.0
2026-02-02 12:39:00,30.95,31.0,30.95,30.95,750,30.848505,899250,901.45,900.0
2026-02-02 12:40:00,30.85,30.95,30.75,30.85,39000,31.548765,899250,900.15,900.0
2026-02-02 12:41:00,30.7,30.85,30.65,30.65,6750,30.886233,896250,900.85,900.0
2026-02-02 12:42:00,30.8,30.8,30.65,30.8,750,30.805969,896250,901.25,900.0
2026-02-02 12:43:00,30.8,30.8,30.8,30.8,0,30.837987,896250,901.2,900.0
2026-02-02 12:44:00,30.8,30.8,30.8,30.8,0,31.214358,893250,900.6,900.0
2026-02-02 12:45:00,30.75,30.8,30.75,30.75,6750,30.876631,893250,901.05,900.0
2026-02-02 12:46:00,31.15,31.15,30.75,31.15,750,31.51877,893250,900.75,900.0
2026-02-02 12:47:00,30.8,31.15,30.8,30.8,2250,31.216115,898500,900.6,900.0
2026-02-02 12:48:00,30.8,30.8,30.8,30.8,0,30.872311,898500,901.15,900.0
2026-02-02 12:49:00,31.25,31.25,30.8,31.25,3000,30.59271,898500,902.4,900.0
2026-02-02 12:50:00,31.5,31.5,31.25,31.5,1500,31.447568,898500,901.5,900.0
2026-02-02 12:51:00,31.4,31.5,31.4,31.4,3000,31.145251,898500,901.8,900.0
2026-02-02 12:52:00,31.4,31.4,31.4,31.4,0,31.177456,898500,901.75,900.0
2026-02-02 12:53:00,31.15,31.4,31.15,31.15,4500,31.303728,900750,901.1,900.0
2026-02-02 12:54:00,31.15,31.15,31.15,31.15,0,30.9896,900750,901.6,900.0
2026-02-02 12:55:00,31.5,31.5,31.15,31.5,1500,31.102764,900750,902.05,900.0
2026-02-02 12:56:00,31.35,31.5,31.1,31.1,4500,30.680801,903000,902.0,900.0
2026-02-02 12:57:00,31.1,31.1,31.1,31.1,0,30.554296,903000,902.2,900.0
2026-02-02 12:58:00,31.1,31.1,31.1,31.1,0,30.331691,903000,902.55,900.0
2026-02-02 12:59:00,32.0,32.0,31.1,32.0,10500,31.035186,906750,903.05,900.0
2026-02-02 13:00:00,32.0,32.0,32.0,32.0,0,30.971556,906750,903.15,900.0
2026-02-02 13:01:00,32.0,32.0,31.8,31.8,3000,30.969207,906750,902.8,900.0
2026-02-02 13:02:00,32.0,32.0,31.8,32.0,1500,32.053595,906750,901.45,900.0
2026-02-02 13:03:00,31.35,32.0,31.35,31.35,1500,31.505159,908250,901.15,900.0
2026-02-02 13:04:00,31.35,31.35,31.35,31.35,1500,31.096096,908250,901.8,900.0
2026-02-02 13:05:00,31.55,31.55,31.35,31.55,4500,31.418563,911250,901.65,900.0
2026-02-02 13:06:00,31.55,31.55,31.55,31.55,0,31.450709,911250,901.6,900.0
2026-02-02 13:07:00,31.45,31.55,31.45,31.45,1500,31.432355,911250,901.45,900.0
2026-02-02 13:08:00,31.35,31.45,31.35,31.35,2250,31.445297,911250,901.25,900.0
2026-02-02 13:09:00,31.35,31.35,31.35,31.35,0,31.634119,912750,900.95,900.0
2026-02-02 13:10:00,31.2,31.65,31.2,31.65,13500,31.881094,912750,901.1,900.0
2026-02-02 13:11:00,31.6,31.85,31.6,31.6,12000,31.730792,909000,901.25,900.0
2026-02-02 13:12:00,31.6,31.6,31.55,31.55,1500,31.86282,909000,900.95,900.0
2026-02-02 13:13:00,31.35,31.55,31.35,31.35,5250,31.948756,909000,900.45,900.0
2026-02-02 13:14:00,31.6,31.6,31.35,31.6,3750,32.295121,900000,900.35,900.0
2026-02-02 13:15:00,31.5,31.6,31.5,31.5,7500,32.244467,900000,900.25,900.0
2026-02-02 13:16:00,31.45,31.5,31.45,31.45,7500,32.405376,900000,899.9,900.0
2026-02-02 13:17:00,31.4,31.45,31.4,31.4,6750,32.750109,903000,899.25,900.0
2026-02-02 13:18:00,29.75,31.4,29.75,29.75,13500,32.457193,903000,896.65,900.0
2026-02-02 13:19:00,34.15,34.95,34.15,34.15,6000,33.321025,177750,893.95,890.0
2026-02-02 13:20:00,34.05,34.15,33.4,33.4,6000,32.946792,188250,893.2,890.0
2026-02-02 13:21:00,33.4,33.4,33.4,33.4,4500,33.238109,188250,892.75,890.0
2026-02-02 13:22:00,33.85,33.85,33.4,33.85,3750,33.755676,188250,892.75,890.0
2026-02-02 13:23:00,32.7,33.85,32.7,33.3,9000,33.253194,189000,892.55,890.0
2026-02-02 13:24:00,32.85,33.3,32.6,33.2,9750,32.751727,189000,893.15,890.0
2026-02-02 13:25:00,32.8,33.2,32.6,32.6,5250,33.05851,189000,891.6,890.0
2026-02-02 13:26:00,32.25,32.6,32.25,32.25,18000,33.259351,189000,890.65,890.0
2026-02-02 13:27:00,32.0,32.75,31.75,32.75,9000,33.738925,189000,890.8,890.0
2026-02-02 13:28:00,31.8,32.95,31.75,32.95,6000,33.652701,189000,891.3,890.0
2026-02-02 13:29:00,32.95,32.95,32.95,32.95,0,33.526326,195000,891.5,890.0
2026-02-02 13:30:00,32.55,32.95,32.55,32.55,12000,33.511363,195000,890.8,890.0
2026-02-02 13:31:00,32.3,32.55,32.05,32.05,11250,33.190405,195000,890.4,890.0
2026-02-02 13:32:00,32.1,32.1,32.05,32.1,3750,34.059998,210750,889.1,890.0
2026-02-02 13:33:00,31.95,32.1,31.95,32.1,12750,33.624991,210750,889.8,890.0
2026-02-02 13:34:00,32.0,32.1,32.0,32.0,9750,33.071985,210750,890.5,890.0
2026-02-02 13:35:00,32.75,32.75,32.0,32.75,750,33.743923,217500,890.8,890.0
2026-02-02 13:36:00,32.85,32.85,32.75,32.75,2250,33.428162,217500,891.3,890.0
2026-02-02 13:37:00,33.05,33.05,32.75,33.05,3000,33.071051,217500,892.4,890.0
2026-02-02 13:38:00,33.55,33.55,33.05,33.55,3000,33.356547,224250,892.85,890.0
2026-02-02 13:39:00,33.55,33.55,33.55,33.55,1500,33.324909,224250,892.9,890.0
2026-02-02 13:40:00,33.75,33.75,33.55,33.65,6000,33.246546,224250,893.2,890.0
2026-02-02 13:41:00,33.9,33.9,33.65,33.9,2250,33.275102,224250,893.6,890.0
2026-02-02 13:42:00,34.2,34.2,33.9,34.2,7500,32.934166,226500,894.65,890.0
2026-02-02 13:43:00,29.4,29.7,28.85,29.1,91500,32.537446,981000,895.3,900.0
2026-02-02 13:44:00,34.3,34.3,33.7,33.7,50250,33.111922,228000,893.5,890.0
2026-02-02 13:45:00,33.7,33.7,33.7,33.7,0,32.293994,228000,894.75,890.0
2026-02-02 13:46:00,34.25,34.25,33.7,34.25,16500,33.58323,228000,893.75,890.0
2026-02-02 13:47:00,34.0,34.45,33.9,34.0,14250,33.328804,231750,893.7,890.0
2026-02-02 13:48:00,34.05,34.65,34.0,34.65,3750,33.357514,231750,894.8,890.0
2026-02-02 13:49:00,29.1,29.6,29.1,29.45,16500,32.642123,970500,895.8,900.0
2026-02-02 13:50:00,29.65,29.65,29.3,29.45,11250,32.790863,976500,895.55,900.0
2026-02-02 13:51:00,29.55,29.75,29.45,29.75,5250,32.983545,976500,895.8,900.0
2026-02-02 13:52:00,30.2,30.2,29.75,30.2,45750,32.987858,976500,896.65,900.0
2026-02-02 13:53:00,30.05,30.2,29.65,29.65,6750,32.603737,971250,896.25,900.0
2026-02-02 13:54:00,29.95,29.95,29.65,29.7,5250,32.780132,971250,896.05,900.0
2026-02-02 13:55:00,29.55,29.7,29.5,29.6,7500,33.023186,971250,895.45,900.0
2026-02-02 13:56:00,29.95,29.95,29.6,29.85,13500,33.010916,969750,895.95,900.0
2026-02-02 13:57:00,29.4,29.85,29.4,29.4,3750,32.530878,969750,895.9,900.0
2026-02-02 13:58:00,29.5,29.8,29.4,29.8,9000,32.687373,969750,896.4,900.0
2026-02-02 13:59:00,30.0,30.0,29.6,29.6,16500,32.758913,965250,895.9,900.0
2026-02-02 14:00:00,29.75,29.85,29.1,29.1,6750,32.488606,965250,895.4,900.0
2026-02-02 14:01:00,29.3,29.3,29.1,29.3,4500,32.419867,965250,895.9,900.0
2026-02-02 14:02:00,29.9,29.9,29.3,29.9,12000,32.892694,963750,896.25,900.0
2026-02-02 14:03:00,29.75,29.9,29.75,29.75,2250,32.663538,963750,896.35,900.0
2026-02-02 14:04:00,30.05,30.05,29.75,30.0,4500,32.858084,963750,896.5,900.0
2026-02-02 14:05:00,30.05,30.05,30.0,30.05,4500,32.915396,963750,896.5,900.0
2026-02-02 14:06:00,30.15,30.15,30.0,30.0,3750,33.038346,955500,896.2,900.0
2026-02-02 14:07:00,30.15,30.15,30.0,30.15,4500,33.030027,955500,896.5,900.0
2026-02-02 14:08:00,30.05,30.15,29.8,29.8,6750,32.931781,954750,896.0,900.0
2026-02-02 14:09:00,29.9,29.9,29.8,29.9,2250,33.401643,954750,895.4,900.0
2026-02-02 14:10:00,29.7,29.9,29.7,29.7,9000,33.322978,954750,895.15,900.0
2026-02-02 14:11:00,29.55,29.7,29.55,29.55,6750,33.153384,959250,895.15,900.0
2026-02-02 14:12:00,29.75,29.75,29.55,29.75,3750,32.96664,959250,895.85,900.0
2026-02-02 14:13:00,29.8,29.8,29.55,29.55,7500,33.006984,959250,895.4,900.0
2026-02-02 14:14:00,29.8,29.8,29.55,29.7,5250,32.940822,957000,895.8,900.0
2026-02-02 14:15:00,29.9,29.9,29.65,29.65,12000,33.003301,957000,895.6,900.0
2026-02-02 14:16:00,29.6,29.65,29.6,29.6,3000,32.858259,957000,895.75,900.0
2026-02-02 14:17:00,35.25,35.25,35.25,35.25,0,34.165546,236250,894.65,890.0
2026-02-02 14:18:00,35.25,35.25,35.25,35.25,0,33.935932,236250,895.0,890.0
2026-02-02 14:19:00,34.5,35.25,34.5,34.5,1500,33.630686,236250,894.15,890.0
2026-02-02 14:20:00,34.4,34.5,34.4,34.4,2250,32.957314,236250,895.0,890.0
2026-02-02 14:21:00,29.55,29.7,29.4,29.65,3750,33.213963,955500,895.25,900.0
2026-02-02 14:22:00,29.7,29.7,29.65,29.7,3000,32.707764,955500,896.2,900.0
2026-02-02 14:23:00,29.9,29.9,29.7,29.9,15000,33.232566,963750,895.7,900.0
2026-02-02 14:24:00,29.7,29.9,29.7,29.85,18750,33.146779,963750,895.75,900.0
2026-02-02 14:25:00,29.8,29.85,29.75,29.75,10500,33.093232,963750,895.65,900.0
2026-02-02 14:26:00,30.0,30.0,29.75,30.0,3750,33.050549,970500,896.2,900.0
2026-02-02 14:27:00,30.0,30.0,30.0,30.0,3000,32.991519,970500,896.3,900.0
2026-02-02 14:28:00,30.25,30.25,30.0,30.25,9750,32.886611,970500,896.95,900.0
2026-02-02 14:29:00,30.35,30.35,30.25,30.35,3750,33.270364,970500,896.5,900.0
2026-02-02 14:30:00,30.2,30.35,30.0,30.0,19500,33.023177,971250,896.25,900.0
2026-02-02 14:31:00,29.95,30.0,29.95,29.95,11250,32.99687,971250,896.2,900.0
2026-02-02 14:32:00,29.85,29.95,29.5,29.5,33000,32.78415,971250,895.7,900.0
2026-02-02 14:33:00,35.65,35.65,35.0,35.55,6750,34.652395,237000,894.45,890.0
2026-02-02 14:34:00,34.25,35.55,34.25,34.25,750,33.580737,237000,893.8,890.0
2026-02-02 14:35:00,34.25,34.25,34.25,34.25,0,33.12324,237000,894.5,890.0
2026-02-02 14:36:00,34.25,34.25,34.25,34.25,0,33.287926,237000,894.25,890.0
2026-02-02 14:37:00,34.25,34.25,34.25,34.25,0,33.12448,237000,894.5,890.0
2026-02-02 14:38:00,34.9,34.9,34.25,34.9,2250,33.676935,237000,894.8,890.0
2026-02-02 14:39:00,29.75,29.75,29.6,29.75,3000,33.13142,978000,895.6,900.0
2026-02-02 14:40:00,29.9,29.9,29.75,29.85,6750,33.304775,978000,895.5,900.0
2026-02-02 14:41:00,30.0,30.0,29.85,30.0,2250,33.593978,981750,895.3,900.0
2026-02-02 14:42:00,29.85,30.15,29.85,30.15,13500,33.646533,981750,895.5,900.0
2026-02-02 14:43:00,29.9,30.15,29.9,29.9,3750,33.511238,981750,895.25,900.0
2026-02-02 14:44:00,29.8,29.95,29.8,29.85,9000,33.425549,981750,895.3,900.0
2026-02-02 14:45:00,29.95,29.95,29.85,29.9,3000,33.334984,983250,895.55,900.0
2026-02-02 14:46:00,30.1,30.1,29.85,29.85,6750,33.515372,983250,895.15,900.0
2026-02-02 14:47:00,30.0,30.0,29.85,30.0,3750,33.390448,983250,895.65,900.0
2026-02-02 14:48:00,30.1,30.15,30.0,30.15,15000,33.383128,988500,895.95,900.0
2026-02-02 14:49:00,30.3,30.3,30.15,30.3,25500,33.672877,988500,895.75,900.0
2026-02-02 14:50:00,30.1,30.3,29.9,30.25,50250,33.497867,981750,895.95,900.0
2026-02-02 14:51:00,30.2,30.4,30.2,30.4,3000,33.370527,981750,896.45,900.0
2026-02-02 14:52:00,31.4,31.4,30.4,31.4,30750,34.356404,981750,896.7,900.0
2026-02-02 14:53:00,30.4,31.4,30.05,30.25,35250,33.051862,1007250,896.7,900.0
2026-02-02 14:54:00,30.5,31.2,30.25,31.2,36000,33.739733,1007250,897.35,900.0
2026-02-02 14:55:00,31.25,31.75,31.2,31.3,27750,33.551405,1007250,897.85,900.0
2026-02-02 14:56:00,31.25,31.8,30.9,31.75,15750,32.992037,1007250,899.6,900.0
2026-02-02 14:57:00,31.65,31.85,31.4,31.6,24000,33.375461,1011750,898.7,900.0
2026-02-02 14:58:00,31.45,31.6,31.0,31.45,7500,33.662833,1011750,897.95,900.0
2026-02-02 14:59:00,31.45,31.85,31.45,31.85,18000,33.476697,1014000,899.0,900.0
2026-02-02 15:00:00,32.15,32.15,31.85,32.15,12000,32.859217,1014000,900.55,900.0
2026-02-02 15:01:00,32.55,32.75,32.15,32.75,6000,33.166203,1014000,901.15,900.0
2026-02-02 15:02:00,32.4,32.75,32.4,32.7,105000,33.110002,1051500,901.15,900.0
2026-02-02 15:03:00,32.65,32.7,32.65,32.65,18750,33.553578,1051500,900.35,900.0
2026-02-02 15:04:00,31.9,32.65,31.75,31.85,15750,32.95592,1051500,899.85,900.0
2026-02-02 15:05:00,31.8,32.55,31.8,32.55,9000,32.847167,1051500,901.3,900.0
2026-02-02 15:06:00,32.85,32.95,32.55,32.7,12750,33.018271,1058250,901.3,900.0
2026-02-02 15:07:00,32.5,33.0,32.25,32.45,27750,32.577306,1058250,901.55,900.0
2026-02-02 15:08:00,32.5,32.6,32.25,32.5,15750,32.159781,1058250,902.3,900.0
2026-02-02 15:09:00,32.7,33.1,32.5,32.95,13500,31.936438,1078500,903.45,900.0
2026-02-02 15:10:00,32.65,32.95,32.6,32.9,9000,32.040957,1078500,903.2,900.0
2026-02-02 15:11:00,32.95,32.95,32.9,32.95,2250,32.73712,1078500,902.2,900.0
2026-02-02 15:12:00,32.6,32.95,32.5,32.5,13500,32.034814,1076250,902.5,900.0
2026-02-02 15:13:00,32.8,33.0,32.5,33.0,9750,31.542739,1076250,904.15,900.0
2026-02-02 15:14:00,33.55,33.75,33.0,33.5,21750,32.307999,1076250,903.85,900.0
2026-02-02 15:15:00,33.75,33.85,33.5,33.85,9000,32.350921,1074750,904.4,900.0
2026-02-02 15:16:00,33.95,33.95,33.8,33.85,23250,32.286431,1074750,904.5,900.0
2026-02-02 15:17:00,33.7,33.85,33.55,33.75,3750,31.944375,1074750,904.85,900.0
2026-02-02 15:18:00,33.65,33.75,33.4,33.5,6750,31.659535,1078500,904.85,900.0
2026-02-02 15:19:00,33.75,33.75,33.5,33.5,6000,31.660134,1078500,904.85,900.0
2026-02-02 15:20:00,33.45,33.65,33.45,33.55,12000,31.94656,1078500,904.5,900.0
2026-02-02 15:21:00,33.4,33.6,33.4,33.45,3750,31.505853,1080750,905.0,900.0
2026-02-02 15:22:00,33.4,33.6,33.1,33.5,20250,31.596377,1080750,904.95,900.0
2026-02-02 15:23:00,28.1,28.7,28.1,28.7,18750,30.900839,440250,906.75,910.0
2026-02-02 15:24:00,28.75,28.75,28.7,28.7,6750,31.315176,442500,906.05,910.0
2026-02-02 15:25:00,28.65,28.7,28.65,28.7,2250,31.726533,442500,905.35,910.0
2026-02-02 15:26:00,28.45,28.7,28.45,28.7,5250,31.28689,442500,906.1,910.0
2026-02-02 15:27:00,28.7,28.85,28.5,28.85,3750,31.426468,447000,906.15,910.0
2026-02-02 15:28:00,28.8,29.35,28.55,28.8,23250,30.38947,447000,907.8,910.0
2026-02-02 15:29:00,29.15,29.9,28.8,29.9,21000,31.505265,447000,908.0,910.0
2026-02-03 09:15:00,18.0,32.65,18.0,25.45,66000,23.645306,645750,961.1,960.0
2026-02-03 09:16:00,24.15,25.45,23.6,23.6,151500,21.968843,651000,960.55,960.0
2026-02-03 09:17:00,24.85,28.0,23.6,28.0,260250,23.987933,651000,965.0,960.0
2026-02-03 09:18:00,27.15,28.0,27.15,27.15,42000,26.005759,651000,960.25,960.0
2026-02-03 09:19:00,26.3,27.15,24.3,24.3,74250,24.040765,712500,958.35,960.0
2026-02-03 09:20:00,24.55,28.3,24.3,28.0,64500,24.910699,712500,963.55,960.0
2026-02-03 09:21:00,27.5,28.2,26.85,26.85,84750,24.681942,712500,961.9,960.0
2026-02-03 09:22:00,27.0,28.45,26.85,27.45,47250,24.749018,741750,962.85,960.0
2026-02-03 09:23:00,27.65,27.65,25.7,26.1,53250,24.898926,741750,960.2,960.0
2026-02-03 09:24:00,25.8,26.75,24.1,26.2,76500,25.543619,741750,959.3,960.0
2026-02-03 09:25:00,26.1,26.2,25.8,25.9,21750,26.126166,749250,957.75,960.0
2026-02-03 09:26:00,30.8,31.3,28.5,28.5,30750,25.509662,1889250,953.95,950.0
2026-02-03 09:27:00,23.95,25.05,23.9,24.3,93000,25.397468,749250,956.0,960.0
2026-02-03 09:28:00,24.3,25.55,24.3,25.3,15750,25.651436,743250,957.45,960.0
2026-02-03 09:29:00,25.25,26.65,25.25,26.65,24750,25.707815,743250,959.85,960.0
2026-02-03 09:30:00,26.1,26.95,26.0,26.55,46500,25.390873,743250,960.2,960.0
2026-02-03 09:31:00,26.55,28.3,26.55,27.9,42000,25.275114,745500,962.8,960.0
2026-02-03 09:32:00,27.6,28.2,26.75,27.6,39000,25.656294,745500,961.65,960.0
2026-02-03 09:33:00,27.95,28.15,27.5,27.8,21750,25.599069,745500,962.1,960.0
2026-02-03 09:34:00,27.7,27.8,25.9,26.05,29250,25.208275,751500,959.6,960.0
2026-02-03 09:35:00,26.55,26.55,24.05,24.75,87750,25.576028,751500,956.55,960.0
2026-02-03 09:36:00,25.0,25.15,24.4,24.45,17250,25.365682,751500,956.35,960.0
2026-02-03 09:37:00,24.6,25.15,24.45,25.15,12000,26.492702,772500,955.7,960.0
2026-02-03 09:38:00,24.95,25.55,24.8,24.85,90000,25.37084,772500,957.1,960.0
2026-02-03 09:39:00,30.35,30.35,27.0,27.4,57750,25.124374,1869000,952.65,950.0
2026-02-03 09:40:00,27.7,28.15,25.65,26.4,73500,25.199552,1866750,950.75,950.0
2026-02-03 09:41:00,26.65,27.5,26.0,27.5,45000,26.163325,1866750,951.15,950.0
2026-02-03 09:42:00,27.0,27.5,25.65,25.65,36750,25.876819,1866750,948.25,950.0
2026-02-03 09:43:00,25.9,26.45,25.35,25.75,33750,26.163222,1869750,947.95,950.0
2026-02-03 09:44:00,25.55,26.25,25.5,26.25,45750,26.357805,1869750,948.55,950.0
2026-02-03 09:45:00,26.25,26.85,26.15,26.2,21000,26.392174,1869750,948.4,950.0
2026-02-03 09:46:00,26.0,26.4,25.45,25.6,36000,26.58364,1866750,946.95,950.0
2026-02-03 09:47:00,25.8,26.85,25.35,26.85,24750,27.310889,1866750,948.05,950.0
2026-02-03 09:48:00,26.7,27.35,26.15,26.65,48000,26.620333,1866750,948.85,950.0
2026-02-03 09:49:00,26.6,27.55,26.4,27.55,9000,26.466349,1875750,950.75,950.0
2026-02-03 09:50:00,27.25,27.55,26.7,26.7,21750,27.206967,1875750,947.95,950.0
2026-02-03 09:51:00,26.4,27.2,26.4,27.2,21750,27.666886,1875750,948.1,950.0
2026-02-03 09:52:00,27.15,28.1,27.1,27.1,42000,27.440342,1875750,948.3,950.0
2026-02-03 09:53:00,32.4,33.55,30.5,30.6,39000,28.076181,1098000,944.1,940.0
2026-02-03 09:54:00,31.1,31.35,30.55,31.05,17250,28.768546,1098000,943.8,940.0
2026-02-03 09:55:00,30.95,31.55,30.85,31.15,17250,28.912073,1097250,943.75,940.0
2026-02-03 09:56:00,25.9,26.7,25.55,26.65,90750,27.767227,1892250,946.9,950.0
2026-02-03 09:57:00,26.7,27.6,26.65,27.0,27000,27.947857,1892250,947.25,950.0
2026-02-03 09:58:00,32.6,32.8,31.7,31.95,10500,29.135006,1095000,944.8,940.0
2026-02-03 09:59:00,31.1,31.95,30.65,30.65,17250,28.76886,1095000,943.1,940.0
2026-02-03 10:00:00,30.8,31.0,30.55,30.7,7500,28.47769,1095000,943.65,940.0
2026-02-03 10:01:00,30.7,31.2,30.7,31.2,11250,28.461285,1089750,944.55,940.0
2026-02-03 10:02:00,31.05,31.2,31.05,31.05,5250,28.994662,1089750,943.45,940.0
2026-02-03 10:03:00,26.05,27.3,26.05,27.25,36000,28.6301,1888500,946.55,950.0
2026-02-03 10:04:00,27.35,27.7,26.9,26.9,12750,28.963137,1890750,945.3,950.0
2026-02-03 10:05:00,26.95,27.7,26.9,27.45,6750,28.965363,1890750,946.35,950.0
2026-02-03 10:06:00,27.7,27.7,27.1,27.5,11250,29.135604,1890750,946.15,950.0
2026-02-03 10:07:00,27.1,28.3,26.95,28.3,8250,28.968164,1893000,947.95,950.0
2026-02-03 10:08:00,28.3,28.4,28.3,28.3,3000,29.173377,1893000,947.6,950.0
2026-02-03 10:09:00,28.5,28.75,27.7,27.8,66750,29.350821,1893000,946.35,950.0
2026-02-03 10:10:00,27.6,28.1,27.45,27.85,15000,29.146559,1920750,946.8,950.0
2026-02-03 10:11:00,28.0,28.0,27.3,27.3,17250,29.005508,1920750,946.0,950.0
2026-02-03 10:12:00,27.45,27.9,27.3,27.75,9000,29.211412,1920750,946.5,950.0
2026-02-03 10:13:00,27.7,28.8,27.5,28.4,16500,29.692589,1920000,946.9,950.0
2026-02-03 10:14:00,28.5,28.65,28.0,28.55,7500,30.001945,1920000,946.65,950.0
2026-02-03 10:15:00,28.65,29.4,28.55,29.25,40500,30.246763,1920000,947.55,950.0
2026-02-03 10:16:00,29.25,29.95,28.95,29.45,42000,29.938975,1890000,948.45,950.0
2026-02-03 10:17:00,29.6,30.0,29.35,29.35,21750,29.741613,1890000,948.6,950.0
2026-02-03 10:18:00,29.65,30.75,29.35,29.75,53250,30.298144,1890000,948.4,950.0
2026-02-03 10:19:00,29.9,30.0,29.7,29.85,9750,30.55517,1884000,948.15,950.0
2026-02-03 10:20:00,29.9,29.95,29.5,29.6,11250,30.57463,1884000,947.65,950.0
2026-02-03 10:21:00,29.6,31.0,29.6,31.0,22500,30.749554,1884000,949.95,950.0
2026-02-03 10:22:00,30.8,32.0,30.8,31.6,35250,30.442211,1884750,951.55,950.0
2026-02-03 10:23:00,31.35,31.8,31.25,31.3,15000,30.779626,1884750,950.45,950.0
2026-02-03 10:24:00,31.3,31.3,30.7,30.85,35250,30.67664,1884750,949.8,950.0
2026-02-03 10:25:00,30.5,30.85,30.1,30.5,198750,30.203928,1869750,949.95,950.0
2026-02-03 10:26:00,30.2,31.0,29.85,29.85,115500,29.521955,1869750,949.9,950.0
2026-02-03 10:27:00,30.0,30.8,29.6,30.0,118500,29.627053,1869750,950.0,950.0
2026-02-03 10:28:00,29.8,30.45,29.7,30.45,132750,29.609077,1794750,950.85,950.0
2026-02-03 10:29:00,30.5,30.95,30.35,30.55,18000,29.719361,1794750,950.85,950.0
2026-02-03 10:30:00,30.55,30.55,30.0,30.15,22500,29.492641,1794750,950.5,950.0
2026-02-03 10:31:00,30.15,30.55,30.15,30.55,15000,28.088823,1779750,953.5,950.0
2026-02-03 10:32:00,31.75,32.5,30.55,32.5,17250,29.671741,1779750,954.4,950.0
2026-02-03 10:33:00,27.0,28.3,26.7,28.15,69750,29.376368,810000,956.4,960.0
2026-02-03 10:34:00,33.25,33.75,32.65,32.9,45750,30.458624,1776750,953.85,950.0
2026-02-03 10:35:00,32.5,33.15,31.75,31.75,57000,30.001758,1776750,952.55,950.0
2026-02-03 10:36:00,32.1,32.8,31.75,32.0,8250,30.338651,1776750,952.45,950.0
2026-02-03 10:37:00,32.0,33.3,32.0,33.0,21000,30.257013,1770750,954.35,950.0
2026-02-03 10:38:00,32.95,33.15,32.0,33.0,20250,30.226149,1770750,954.4,950.0
2026-02-03 10:39:00,32.9,33.2,32.85,33.05,3750,30.470245,1770750,954.1,950.0
2026-02-03 10:40:00,27.45,27.45,27.1,27.25,3750,28.603974,808500,956.05,960.0
2026-02-03 10:41:00,27.85,27.95,27.25,27.8,37500,29.030069,808500,956.35,960.0
2026-02-03 10:42:00,27.8,27.8,27.75,27.75,3000,29.004922,808500,956.3,960.0
2026-02-03 10:43:00,27.75,27.75,27.75,27.75,9000,29.119274,819000,956.1,960.0
2026-02-03 10:44:00,33.6,33.6,33.3,33.6,6000,30.984739,1764750,954.25,950.0
2026-02-03 10:45:00,27.0,27.5,26.7,27.25,27750,29.030957,819000,955.3,960.0
2026-02-03 10:46:00,27.55,27.55,27.2,27.2,6750,28.920954,828750,955.4,960.0
2026-02-03 10:47:00,27.45,27.8,27.2,27.8,9000,29.374297,828750,955.75,960.0
2026-02-03 10:48:00,27.55,27.8,27.55,27.55,3000,29.47052,828750,955.1,960.0
2026-02-03 10:49:00,27.5,27.55,27.5,27.55,7500,29.471095,833250,955.1,960.0
2026-02-03 10:50:00,33.4,33.4,31.7,32.1,39750,30.610526,1802250,952.2,950.0
2026-02-03 10:51:00,32.0,32.6,32.0,32.25,22500,30.56074,1802250,952.55,950.0
2026-02-03 10:52:00,32.1,32.25,31.85,31.85,6000,30.765022,1802250,951.5,950.0
2026-02-03 10:53:00,31.85,31.85,31.3,31.3,11250,30.70731,1815000,950.6,950.0
2026-02-03 10:54:00,31.3,31.55,31.3,31.4,4500,30.938021,1815000,950.4,950.0
2026-02-03 10:55:00,31.55,32.35,31.4,31.45,21000,30.601108,1815750,951.05,950.0
2026-02-03 10:56:00,31.4,31.95,31.35,31.95,24000,30.387916,1815750,952.3,950.0
2026-02-03 10:57:00,32.15,33.0,31.85,33.0,31500,30.519967,1815750,953.95,950.0
2026-02-03 10:58:00,33.3,33.3,32.85,32.95,16500,30.214474,1806750,954.35,950.0
2026-02-03 10:59:00,33.2,33.35,32.95,33.0,9750,30.427196,1806750,954.1,950.0
2026-02-03 11:00:00,32.85,33.0,32.85,32.95,1500,30.184194,1806750,954.4,950.0
2026-02-03 11:01:00,33.0,33.0,32.7,32.7,15000,30.285909,1806750,953.8,950.0
2026-02-03 11:02:00,32.95,32.95,32.5,32.5,12000,29.909625,1815750,954.05,950.0
2026-02-03 11:03:00,32.6,32.9,32.45,32.45,12750,29.855134,1815750,954.05,950.0
2026-02-03 11:04:00,33.0,33.1,32.45,32.75,11250,30.092021,1815750,954.2,950.0
2026-02-03 11:05:00,32.65,33.0,32.55,32.55,12750,29.997856,1821000,954.0,950.0
2026-02-03 11:06:00,32.45,32.7,32.45,32.6,3750,29.770462,1821000,954.45,950.0
2026-02-03 11:07:00,32.8,32.8,32.6,32.8,1500,29.770333,1821000,954.8,950.0
2026-02-03 11:08:00,32.55,32.8,32.35,32.35,9000,30.278798,1824000,953.2,950.0
2026-02-03 11:09:00,32.15,32.35,32.1,32.1,4500,29.692517,1824000,953.7,950.0
2026-02-03 11:10:00,32.05,32.2,31.8,31.8,19500,29.581359,1824000,953.35,950.0
2026-02-03 11:11:00,32.1,32.1,31.8,32.1,3000,29.974417,1839000,953.25,950.0
2026-02-03 11:12:00,31.6,32.1,31.4,31.5,3000,29.964357,1839000,952.2,950.0
2026-02-03 11:13:00,31.5,31.5,31.5,31.5,0,29.532755,1839000,952.9,950.0
2026-02-03 11:14:00,32.0,32.0,31.5,32.0,6000,29.866135,1842000,953.25,950.0
2026-02-03 11:15:00,31.8,32.0,31.8,31.9,12000,30.31356,1842000,952.35,950.0
2026-02-03 11:16:00,31.3,31.95,31.3,31.95,15750,30.215081,1842000,952.6,950.0
2026-02-03 11:17:00,31.85,32.45,31.85,32.45,4500,29.957514,1845750,953.9,950.0
2026-02-03 11:18:00,32.5,32.7,32.45,32.5,14250,29.635704,1845750,954.5,950.0
2026-02-03 11:19:00,32.55,32.6,32.25,32.25,13500,29.549837,1845750,954.2,950.0
2026-02-03 11:20:00,33.0,33.0,32.0,32.0,30000,29.053665,1847250,954.55,950.0
2026-02-03 11:21:00,32.2,32.2,31.8,31.8,9750,29.212226,1847250,953.95,950.0
2026-02-03 11:22:00,31.8,32.05,31.75,32.05,9000,28.887819,1847250,954.9,950.0
2026-02-03 11:23:00,26.85,26.85,26.5,26.7,7500,28.201672,990750,955.75,960.0
2026-02-03 11:24:00,26.7,26.7,26.7,26.7,0,28.371803,990750,955.45,960.0
2026-02-03 11:25:00,27.05,27.05,26.7,27.05,11250,28.412297,990750,956.05,960.0
2026-02-03 11:26:00,27.25,27.25,27.0,27.0,6750,28.38702,996000,956.0,960.0
2026-02-03 11:27:00,27.0,27.0,27.0,27.0,0,28.614223,996000,955.6,960.0
2026-02-03 11:28:00,27.0,27.25,26.8,26.8,14250,28.397802,996000,955.6,960.0
2026-02-03 11:29:00,26.65,26.8,26.65,26.65,750,28.376742,1004250,955.35,960.0
2026-02-03 11:30:00,26.65,26.65,26.65,26.65,0,28.292673,1004250,955.5,960.0
2026-02-03 11:31:00,27.05,27.05,26.65,27.05,4500,28.783675,1004250,955.4,960.0
2026-02-03 11:32:00,27.05,27.05,27.05,27.05,750,28.159841,1004250,956.5,960.0
2026-02-03 11:33:00,27.25,27.25,27.05,27.25,4500,28.320217,1004250,956.6,960.0
2026-02-03 11:34:00,27.25,27.25,27.2,27.2,7500,28.180679,1004250,956.75,960.0
2026-02-03 11:35:00,27.25,27.5,27.15,27.15,18750,28.040986,1000500,956.9,960.0
2026-02-03 11:36:00,27.15,27.15,27.0,27.0,9750,28.050664,1000500,956.6,960.0
2026-02-03 11:37:00,26.75,27.0,26.75,26.75,1500,28.178676,1000500,955.9,960.0
2026-02-03 11:38:00,27.0,27.0,26.75,27.0,1500,28.535515,1008750,955.75,960.0
2026-02-03 11:39:00,26.85,27.0,26.85,26.9,37500,28.3709,1008750,955.85,960.0
2026-02-03 11:40:00,26.9,26.9,26.9,26.9,6750,28.087148,1008750,956.35,960.0
2026-02-03 11:41:00,27.05,27.05,26.85,26.85,1500,28.317763,996750,955.85,960.0
2026-02-03 11:42:00,27.4,27.4,26.85,27.4,10500,28.716246,996750,956.2,960.0
2026-02-03 11:43:00,27.0,27.4,27.0,27.1,17250,28.334327,996750,956.3,960.0
2026-02-03 11:44:00,27.1,27.1,27.1,27.1,9750,28.249316,1008000,956.45,960.0
2026-02-03 11:45:00,27.2,27.2,27.1,27.2,3750,28.100782,1008000,956.9,960.0
2026-02-03 11:46:00,27.05,27.3,27.05,27.3,6000,28.524514,1008000,956.35,960.0
2026-02-03 11:47:00,27.25,27.3,26.95,26.95,5250,28.571197,1008000,955.6,960.0
2026-02-03 11:48:00,27.05,27.05,26.95,26.95,11250,28.82561,1008000,955.15,960.0
2026-02-03 11:49:00,27.0,27.0,26.95,27.0,16500,28.880446,1008000,955.15,960.0
2026-02-03 11:50:00,26.9,27.0,26.9,26.9,21000,28.575136,1038750,955.5,960.0
2026-02-03 11:51:00,26.85,26.9,26.85,26.85,750,28.634282,1038750,955.3,960.0
2026-02-03 11:52:00,26.85,26.85,26.85,26.85,1500,28.663018,1038750,955.25,960.0
2026-02-03 11:53:00,26.85,26.85,26.85,26.85,4500,28.494297,1037250,955.55,960.0
2026-02-03 11:54:00,27.0,27.0,26.85,27.0,750,28.544488,1037250,955.75,960.0
2026-02-03 11:55:00,27.0,27.0,27.0,27.0,0,28.60167,1037250,955.65,960.0
2026-02-03 11:56:00,27.0,27.0,27.0,27.0,750,28.658791,1039500,955.55,960.0
2026-02-03 11:57:00,26.95,27.35,26.95,27.35,7500,28.698909,1039500,956.15,960.0
2026-02-03 11:58:00,27.5,27.5,27.35,27.5,5250,28.634097,1039500,956.55,960.0
2026-02-03 11:59:00,27.55,28.2,27.5,28.05,35250,28.366601,1041750,958.05,960.0
2026-02-03 12:00:00,28.0,28.05,28.0,28.0,1500,28.833677,1041750,957.15,960.0
2026-02-03 12:01:00,27.65,28.0,27.25,27.25,7500,28.507182,1041750,956.3,960.0
2026-02-03 12:02:00,27.0,27.25,27.0,27.0,1500,28.463921,1042500,955.9,960.0
2026-02-03 12:03:00,26.95,27.0,26.95,26.95,21000,28.495265,1042500,955.75,960.0
2026-02-03 12:04:00,27.25,27.25,26.95,27.25,7500,28.934686,1042500,955.55,960.0
2026-02-03 12:05:00,26.9,27.25,26.75,26.8,4500,28.616046,1043250,955.25,960.0
2026-02-03 12:06:00,27.0,27.0,26.8,27.0,2250,28.918205,1043250,955.1,960.0
2026-02-03 12:07:00,27.0,27.0,27.0,27.0,4500,28.495092,1043250,955.85,960.0
2026-02-03 12:08:00,27.3,27.3,27.0,27.3,5250,28.508336,1043250,956.4,960.0
2026-02-03 12:09:00,27.5,27.5,27.2,27.5,5250,28.840037,1041750,956.2,960.0
2026-02-03 12:10:00,27.5,27.5,27.5,27.5,3750,28.89753,1041750,956.1,960.0
2026-02-03 12:11:00,27.25,27.5,27.25,27.25,4500,28.626708,1042500,956.1,960.0
2026-02-03 12:12:00,27.5,27.5,27.25,27.5,3750,28.784746,1042500,956.3,960.0
2026-02-03 12:13:00,27.2,27.5,27.2,27.2,3750,28.60199,1042500,956.05,960.0
2026-02-03 12:14:00,27.35,27.35,27.2,27.35,4500,28.850622,1040250,955.9,960.0
2026-02-03 12:15:00,27.05,27.35,27.05,27.05,2250,28.525487,1040250,955.9,960.0
2026-02-03 12:16:00,27.0,27.5,27.0,27.5,6750,28.672829,1040250,956.5,960.0
2026-02-03 12:17:00,27.35,27.5,27.2,27.2,6000,28.632665,1035000,956.0,960.0
2026-02-03 12:18:00,27.15,27.2,27.0,27.0,3000,28.529618,1035000,955.8,960.0
2026-02-03 12:19:00,27.3,27.55,27.0,27.55,32250,28.89999,1035000,956.2,960.0
2026-02-03 12:20:00,27.55,27.75,27.55,27.75,19500,29.231515,1062000,956.0,960.0
2026-02-03 12:21:00,27.7,27.75,27.45,27.45,5250,28.991548,1062000,955.85,960.0
2026-02-03 12:22:00,27.5,27.5,27.4,27.4,27000,28.96619,1062000,955.8,960.0
2026-02-03 12:23:00,27.25,27.4,27.05,27.25,27750,29.058458,1100250,955.35,960.0
2026-02-03 12:24:00,27.4,27.4,27.25,27.4,6750,29.165456,1100250,955.45,960.0
2026-02-03 12:25:00,27.35,27.4,27.35,27.4,3750,29.137769,1100250,955.5,960.0
2026-02-03 12:26:00,27.5,27.5,27.3,27.3,20250,28.859875,1127250,955.8,960.0
2026-02-03 12:27:00,27.3,27.3,27.3,27.3,2250,29.14325,1127250,955.3,960.0
2026-02-03 12:28:00,27.2,27.5,27.2,27.5,3750,29.248082,1127250,955.5,960.0
2026-02-03 12:29:00,27.3,27.5,27.3,27.3,1500,29.059707,1122750,955.45,960.0
2026-02-03 12:30:00,27.3,27.3,27.3,27.3,0,28.862142,1122750,955.8,960.0
2026-02-03 12:31:00,27.5,27.5,27.3,27.5,12750,28.994748,1122750,955.95,960.0
2026-02-03 12:32:00,27.7,27.7,27.5,27.7,3000,28.727246,1123500,956.8,960.0
2026-02-03 12:33:00,27.8,28.2,27.55,28.2,7500,28.780836,1123500,957.65,960.0
2026-02-03 12:34:00,28.2,28.3,28.2,28.3,7500,28.803053,1123500,957.8,960.0
2026-02-03 12:35:00,28.1,28.45,28.1,28.45,12750,28.850368,1122750,958.0,960.0
2026-02-03 12:36:00,28.0,28.45,28.0,28.0,15000,28.767657,1122750,957.3,960.0
2026-02-03 12:37:00,28.2,28.3,28.0,28.3,6750,28.949602,1122750,957.55,960.0
2026-02-03 12:38:00,28.3,28.3,28.3,28.3,6000,28.74727,1123500,957.9,960.0
2026-02-03 12:39:00,28.4,28.95,28.3,28.95,8250,29.104211,1123500,958.5,960.0
2026-02-03 12:40:00,29.0,29.0,28.9,28.9,10500,28.609907,1123500,959.25,960.0
2026-02-03 12:41:00,29.35,29.5,28.9,29.2,30000,28.936523,1104000,959.25,960.0
2026-02-03 12:42:00,29.35,29.35,28.85,28.85,11250,28.909489,1104000,958.65,960.0
2026-02-03 12:43:00,28.95,28.95,28.85,28.95,1500,28.930761,1104000,958.8,960.0
2026-02-03 12:44:00,28.85,28.95,28.8,28.8,8250,29.031765,1112250,958.35,960.0
2026-02-03 12:45:00,28.75,28.8,28.75,28.75,4500,29.181953,1112250,958.0,960.0
2026-02-03 12:46:00,28.75,28.9,28.75,28.9,6000,29.258181,1112250,958.15,960.0
2026-02-03 12:47:00,28.8,29.0,28.8,29.0,17250,29.250773,1112250,958.35,960.0
2026-02-03 12:48:00,29.4,29.4,29.0,29.3,15000,29.167054,1112250,959.05,960.0
2026-02-03 12:49:00,29.45,29.45,29.1,29.1,8250,29.214423,1112250,958.6,960.0
2026-02-03 12:50:00,29.75,29.75,29.1,29.7,4500,29.691078,1101000,958.9,960.0
2026-02-03 12:51:00,29.6,29.7,29.55,29.55,9000,29.234143,1101000,959.4,960.0
2026-02-03 12:52:00,29.65,29.65,29.35,29.35,12750,29.135352,1101000,959.2,960.0
2026-02-03 12:53:00,29.35,29.35,29.15,29.15,9750,29.153829,1095750,958.8,960.0
2026-02-03 12:54:00,29.55,29.55,29.15,29.55,24000,29.471635,1095750,959.0,960.0
2026-02-03 12:55:00,29.55,29.55,29.4,29.4,5250,29.073386,1095750,959.4,960.0
2026-02-03 12:56:00,29.7,29.75,29.4,29.75,12000,29.217613,1104000,959.8,960.0
2026-02-03 12:57:00,29.75,29.95,29.75,29.9,17250,29.529428,1104000,959.55,960.0
2026-02-03 12:58:00,30.0,30.15,29.9,30.15,39750,29.653719,1104000,959.8,960.0
2026-02-03 12:59:00,30.15,30.55,30.15,30.55,9750,29.37261,1127250,961.0,960.0
2026-02-03 13:00:00,30.9,31.3,30.55,31.15,29250,29.482381,1127250,961.9,960.0
2026-02-03 13:01:00,31.3,31.6,31.15,31.35,29250,29.273773,1127250,962.6,960.0
2026-02-03 13:02:00,31.7,31.95,31.2,31.55,44250,30.010257,1155000,961.75,960.0
2026-02-03 13:03:00,30.95,31.55,29.9,30.15,24750,29.686297,1155000,959.75,960.0
2026-02-03 13:04:00,30.15,30.95,30.0,30.95,30000,30.378739,1155000,960.05,960.0
2026-02-03 13:05:00,31.0,31.4,30.5,31.05,15000,29.528072,1151250,961.65,960.0
2026-02-03 13:06:00,31.2,31.7,31.05,31.7,5250,29.872143,1151250,962.25,960.0
2026-02-03 13:07:00,31.3,31.7,31.2,31.2,13500,29.35831,1151250,962.2,960.0
2026-02-03 13:08:00,31.25,31.25,31.2,31.25,4500,29.808188,1144500,961.55,960.0
2026-02-03 13:09:00,31.0,31.25,30.85,30.85,4500,29.614712,1144500,961.15,960.0
2026-02-03 13:10:00,30.6,30.95,30.6,30.8,21000,29.349532,1144500,961.5,960.0
2026-02-03 13:11:00,30.65,30.9,30.65,30.9,1500,29.45903,1144500,961.5,960.0
2026-02-03 13:12:00,30.8,30.9,30.45,30.45,2250,28.969464,1141500,961.5,960.0
2026-02-03 13:13:00,30.7,30.7,30.45,30.7,5250,29.843885,1141500,960.5,960.0
2026-02-03 13:14:00,30.15,30.7,30.05,30.35,15000,29.043061,1137000,961.2,960.0
2026-02-03 13:15:00,30.45,31.05,30.35,30.95,33750,29.09045,1137000,962.2,960.0
2026-02-03 13:16:00,30.9,31.1,30.7,30.75,6000,29.238001,1137000,961.6,960.0
2026-02-03 13:17:00,30.9,30.9,30.75,30.9,3750,29.401988,1134000,961.6,960.0
2026-02-03 13:18:00,30.7,30.9,30.7,30.8,6750,29.232998,1134000,961.7,960.0
2026-02-03 13:19:00,30.8,30.8,30.8,30.8,0,28.468911,1134000,962.95,960.0
2026-02-03 13:20:00,31.35,31.65,30.8,31.4,18000,29.216629,1128000,962.8,960.0
2026-02-03 13:21:00,31.4,31.4,31.2,31.2,5250,28.998995,1128000,962.8,960.0
2026-02-03 13:22:00,31.8,32.05,31.2,32.05,18750,29.340456,1128000,963.75,960.0
2026-02-03 13:23:00,31.8,32.2,31.8,31.85,33000,29.277668,1110000,963.5,960.0
2026-02-03 13:24:00,31.8,31.85,31.8,31.8,4500,29.06849,1110000,963.75,960.0
2026-02-03 13:25:00,31.6,31.8,31.5,31.5,6750,29.267164,1110000,962.9,960.0
2026-02-03 13:26:00,30.9,31.5,30.9,31.05,15750,28.899676,1110000,962.7,960.0
2026-02-03 13:27:00,30.75,31.75,30.75,31.75,15750,29.046679,1110000,963.7,960.0
2026-02-03 13:28:00,31.7,32.05,31.7,32.0,9750,28.663744,1110000,964.75,960.0
2026-02-03 13:29:00,32.25,32.25,32.0,32.0,18750,28.884276,1119750,964.4,960.0
2026-02-03 13:30:00,32.05,32.25,32.0,32.05,12750,28.876831,1119750,964.5,960.0
2026-02-03 13:31:00,26.6,26.75,26.6,26.75,3750,28.254727,694500,965.3,970.0
2026-02-03 13:32:00,32.65,32.65,32.4,32.5,30000,29.055913,1102500,965.0,960.0
2026-02-03 13:33:00,32.0,32.5,31.95,31.95,29250,28.925844,1102500,964.25,960.0
2026-02-03 13:34:00,31.95,31.95,31.15,31.15,15000,28.519334,1102500,963.5,960.0
2026-02-03 13:35:00,31.0,31.15,31.0,31.0,13500,28.911716,1102500,962.6,960.0
2026-02-03 13:36:00,30.75,31.0,30.75,30.75,5250,28.792772,1105500,962.35,960.0
2026-02-03 13:37:00,30.6,30.75,30.6,30.7,21750,28.646877,1105500,962.5,960.0
2026-02-03 13:38:00,30.7,31.2,30.7,31.2,5250,28.420763,1094250,963.75,960.0
2026-02-03 13:39:00,31.15,31.6,31.15,31.6,7500,28.920794,1094250,963.65,960.0
2026-02-03 13:40:00,31.75,32.0,31.6,32.0,4500,29.265275,1094250,963.8,960.0
2026-02-03 13:41:00,31.85,32.0,31.85,31.9,20250,29.620755,1093500,963.05,960.0
2026-02-03 13:42:00,31.8,31.9,31.8,31.8,2250,29.388818,1093500,963.25,960.0
2026-02-03 13:43:00,31.4,32.0,31.35,31.35,18750,28.867014,1093500,963.3,960.0
2026-02-03 13:44:00,31.05,31.35,31.05,31.3,3750,28.874834,1087500,963.2,960.0
2026-02-03 13:45:00,31.35,31.45,31.3,31.45,5250,29.131837,1087500,963.05,960.0
2026-02-03 13:46:00,30.9,32.1,30.9,32.1,23250,28.909427,1087500,964.55,960.0
2026-02-03 13:47:00,32.0,32.1,31.9,31.9,3000,28.65963,1087500,964.6,960.0
2026-02-03 13:48:00,26.7,27.5,26.65,27.5,13500,28.847234,693000,965.7,970.0
2026-02-03 13:49:00,27.3,27.5,27.3,27.5,8250,28.622671,693000,966.1,970.0
2026-02-03 13:50:00,27.15,27.5,27.15,27.15,6000,28.387417,692250,965.85,970.0
2026-02-03 13:51:00,27.3,27.6,27.15,27.2,3750,28.27276,692250,966.15,970.0
2026-02-03 13:52:00,27.7,28.2,27.2,28.0,22500,28.59512,692250,967.1,970.0
2026-02-03 13:53:00,28.1,28.1,27.9,27.9,6750,28.545093,708750,967.0,970.0
2026-02-03 13:54:00,28.1,28.1,26.9,27.7,18750,28.387387,708750,966.9,970.0
2026-02-03 13:55:00,27.8,28.0,27.7,27.9,17250,28.546221,708750,967.0,970.0
2026-02-03 13:56:00,27.9,27.9,27.9,27.9,0,28.518284,708750,967.05,970.0
2026-02-03 13:57:00,28.4,28.4,27.7,27.7,5250,28.983279,696000,965.85,970.0
2026-02-03 13:58:00,32.8,33.2,32.7,32.7,5250,29.290149,1068000,965.0,960.0
2026-02-03 13:59:00,27.05,27.65,27.05,27.2,13500,28.838543,696000,965.15,970.0
2026-02-03 14:00:00,32.2,32.65,31.9,31.9,15000,28.667121,1066500,964.6,960.0
2026-02-03 14:01:00,32.0,32.0,31.75,31.75,5250,28.534883,1066500,964.55,960.0
2026-02-03 14:02:00,31.95,32.2,31.75,32.2,6000,28.965342,1059750,964.65,960.0
2026-02-03 14:03:00,31.95,32.2,31.95,31.95,2250,29.068262,1059750,964.05,960.0
2026-02-03 14:04:00,31.9,32.6,31.9,32.4,19500,29.091128,1059750,964.8,960.0
2026-02-03 14:05:00,32.35,32.4,32.2,32.2,6000,29.249214,1059750,964.2,960.0
2026-02-03 14:06:00,27.35,27.35,26.8,27.35,4500,28.808209,708750,965.5,970.0
2026-02-03 14:07:00,27.6,27.6,27.35,27.6,750,29.105926,708750,965.45,970.0
2026-02-03 14:08:00,27.4,27.6,27.4,27.4,750,28.835138,705000,965.55,970.0
2026-02-03 14:09:00,27.4,27.4,27.4,27.4,0,28.667186,705000,965.85,970.0
2026-02-03 14:10:00,27.6,27.6,27.4,27.6,21750,29.079622,705000,965.5,970.0
2026-02-03 14:11:00,27.3,27.6,27.3,27.5,6000,28.719666,711750,965.95,970.0
2026-02-03 14:12:00,27.95,28.0,27.5,28.0,15000,28.834182,711750,966.7,970.0
2026-02-03 14:13:00,28.2,28.2,28.0,28.15,9000,29.307722,711750,966.15,970.0
2026-02-03 14:14:00,32.55,33.55,32.55,32.55,2250,29.135189,1061250,965.0,960.0
2026-02-03 14:15:00,27.25,27.5,27.25,27.5,10500,28.918725,713250,965.6,970.0
2026-02-03 14:16:00,27.55,27.55,27.5,27.55,14250,28.945058,713250,965.65,970.0
2026-02-03 14:17:00,27.7,27.7,27.55,27.7,8250,28.966543,713250,965.9,970.0
2026-02-03 14:18:00,33.0,33.2,32.75,32.75,1500,29.35667,1059000,965.0,960.0
2026-02-03 14:19:00,27.2,27.4,27.2,27.2,15000,28.849892,716250,965.15,970.0
2026-02-03 14:20:00,27.3,27.3,27.2,27.3,9750,28.762317,716250,965.5,970.0
2026-02-03 14:21:00,27.6,27.6,27.3,27.55,5250,28.779164,708000,965.95,970.0
2026-02-03 14:22:00,27.75,27.8,27.55,27.8,3000,29.133349,708000,965.8,970.0
2026-02-03 14:23:00,27.65,27.8,27.65,27.7,3000,28.489041,708000,966.75,970.0
2026-02-03 14:24:00,27.7,28.35,27.7,28.35,3750,28.961512,708750,967.15,970.0
2026-02-03 14:25:00,28.3,28.5,28.3,28.5,9000,29.180657,708750,967.05,970.0
2026-02-03 14:26:00,28.65,29.35,28.5,29.35,59250,29.465218,711000,968.15,970.0
2026-02-03 14:27:00,29.3,29.4,29.0,29.4,50250,29.113889,711000,968.85,970.0
2026-02-03 14:28:00,29.4,29.4,29.15,29.4,19500,29.05623,711000,968.95,970.0
2026-02-03 14:29:00,29.4,29.6,29.25,29.25,53250,28.720055,711000,969.25,970.0
2026-02-03 14:30:00,29.7,30.0,29.25,29.85,19500,28.956248,758250,969.95,970.0
2026-02-03 14:31:00,30.0,30.5,29.5,29.7,42000,29.001033,758250,969.6,970.0
2026-02-03 14:32:00,29.5,29.8,28.05,28.05,31500,28.728647,758250,967.0,970.0
2026-02-03 14:33:00,28.25,28.3,27.95,27.95,9750,28.421571,749250,967.35,970.0
2026-02-03 14:34:00,28.4,28.4,27.95,28.3,8250,28.82765,749250,967.3,970.0
2026-02-03 14:35:00,28.3,28.4,28.3,28.4,2250,28.763986,749250,967.6,970.0
2026-02-03 14:36:00,28.4,28.4,28.4,28.4,3000,29.13632,748500,966.95,970.0
2026-02-03 14:37:00,28.0,28.4,27.6,27.6,33000,28.898417,748500,965.85,970.0
2026-02-03 14:38:00,27.75,27.9,27.0,27.0,30000,28.645251,748500,965.15,970.0
2026-02-03 14:39:00,32.15,32.15,31.35,31.35,24750,29.084842,1026750,963.0,960.0
2026-02-03 14:40:00,31.35,31.6,31.05,31.55,17250,28.71446,1026750,963.95,960.0
2026-02-03 14:41:00,31.95,32.1,31.55,31.7,30750,28.565992,1026750,964.45,960.0
2026-02-03 14:42:00,31.85,31.9,31.7,31.9,2250,29.036253,1025250,964.05,960.0
2026-02-03 14:43:00,31.9,32.2,31.9,32.2,11250,29.645142,1025250,963.6,960.0
2026-02-03 14:44:00,31.65,32.2,31.65,31.95,24750,29.123364,1025250,964.0,960.0
2026-02-03 14:45:00,31.6,32.0,31.4,32.0,16500,29.116219,1029000,964.1,960.0
2026-02-03 14:46:00,32.0,32.45,31.6,32.35,42000,29.996572,1029000,963.3,960.0
2026-02-03 14:47:00,31.6,32.35,31.4,31.55,9750,29.060751,1029000,963.4,960.0
2026-02-03 14:48:00,31.7,32.0,31.5,31.9,6750,29.164521,1039500,963.85,960.0
2026-02-03 14:49:00,31.55,31.9,31.55,31.85,12000,29.327976,1039500,963.5,960.0
2026-02-03 14:50:00,32.0,32.0,31.85,31.85,1500,29.390543,1039500,963.4,960.0
2026-02-03 14:51:00,31.35,31.85,31.15,31.15,26250,29.027307,1035000,962.75,960.0
2026-02-03 14:52:00,31.15,31.5,31.15,31.5,12000,29.008979,1035000,963.4,960.0
2026-02-03 14:53:00,31.6,32.8,31.5,32.2,46500,29.057903,1035000,964.55,960.0
2026-02-03 14:54:00,32.0,32.2,31.8,31.8,6000,29.027415,1013250,963.9,960.0
2026-02-03 14:55:00,32.5,32.5,31.8,32.15,5250,29.192468,1013250,964.25,960.0
2026-02-03 14:56:00,32.05,32.25,32.05,32.25,3000,29.208593,1013250,964.4,960.0
2026-02-03 14:57:00,32.15,32.25,32.15,32.2,8250,29.123041,1016250,964.45,960.0
2026-02-03 14:58:00,32.5,32.55,32.2,32.4,5250,29.436682,1016250,964.3,960.0
2026-02-03 14:59:00,32.0,32.4,32.0,32.0,2250,28.999208,1016250,964.3,960.0
2026-02-03 15:00:00,32.15,32.15,31.75,31.75,3750,29.007359,1021500,963.85,960.0
2026-02-03 15:01:00,32.15,32.15,31.75,32.15,7500,29.133333,1021500,964.35,960.0
2026-02-03 15:02:00,32.4,32.6,32.15,32.5,11250,29.673507,1021500,964.1,960.0
2026-02-03 15:03:00,32.6,32.65,32.35,32.35,4500,29.758968,1020000,963.7,960.0
2026-02-03 15:04:00,32.6,32.6,32.35,32.6,6750,29.784147,1020000,964.1,960.0
2026-02-03 15:05:00,32.4,32.6,32.3,32.3,6750,29.984134,1020000,963.25,960.0
2026-02-03 15:06:00,32.3,32.35,32.3,32.35,3000,29.574071,1025250,964.0,960.0
2026-02-03 15:07:00,32.6,32.6,32.35,32.6,3000,29.567073,1025250,964.45,960.0
2026-02-03 15:08:00,32.65,32.65,32.6,32.65,4500,29.996927,1025250,963.85,960.0
2026-02-03 15:09:00,32.3,32.65,32.3,32.6,1500,30.43768,1026750,963.05,960.0
2026-02-03 15:10:00,32.0,32.6,31.35,32.2,18750,29.692128,1026750,963.55,960.0
2026-02-03 15:11:00,32.0,32.2,32.0,32.0,1500,29.566929,1026750,963.4,960.0
2026-02-03 15:12:00,32.0,32.2,32.0,32.2,3000,30.278821,1029750,962.6,960.0
2026-02-03 15:13:00,32.25,32.35,32.2,32.35,7500,29.702755,1029750,963.8,960.0
2026-02-03 15:14:00,32.65,33.0,32.35,33.0,11250,29.663759,1029750,965.0,960.0
2026-02-03 15:15:00,27.65,28.05,27.5,27.95,19500,29.40979,726000,965.65,970.0
2026-02-03 15:16:00,28.05,28.4,27.9,28.05,26250,29.854359,726000,965.05,970.0
2026-02-03 15:17:00,33.75,34.05,33.35,33.75,15750,30.487595,1022250,965.0,960.0
2026-02-03 15:18:00,28.25,28.55,28.2,28.45,9000,30.230801,715500,965.15,970.0
2026-02-03 15:19:00,28.55,28.95,28.45,28.9,24000,30.125769,715500,966.2,970.0
2026-02-03 15:20:00,33.75,34.25,33.75,33.9,8250,30.77934,1043250,964.8,960.0
2026-02-03 15:21:00,33.95,34.0,33.75,34.0,26250,30.858125,1041000,964.85,960.0
2026-02-03 15:22:00,28.35,28.5,28.3,28.3,2250,29.509197,719250,966.15,970.0
2026-02-03 15:23:00,34.0,34.0,32.5,33.15,62250,30.147692,1041000,964.5,960.0
2026-02-03 15:24:00,33.15,33.6,33.15,33.6,20250,30.672336,1029000,964.45,960.0
2026-02-03 15:25:00,28.15,28.75,28.15,28.5,14250,29.867628,732000,965.9,970.0
2026-02-03 15:26:00,28.9,29.0,28.5,28.9,15000,30.720663,732000,965.15,970.0
2026-02-03 15:27:00,28.5,28.9,28.3,28.3,16500,30.046434,721500,965.2,970.0
2026-02-03 15:28:00,28.2,28.3,28.05,28.25,7500,29.824958,721500,965.5,970.0
2026-02-03 15:29:00,33.3,33.6,33.1,33.5,32250,30.846348,1014000,964.0,960.0
2026-02-04 09:15:00,30.05,30.05,24.45,24.6,246000,26.762543,1470750,946.05,950.0
2026-02-04 09:16:00,24.7,28.75,24.6,28.75,105000,27.396329,1470750,952.65,950.0
2026-02-04 09:17:00,28.8,30.95,28.65,30.35,63000,27.784596,1470750,954.85,950.0
2026-02-04 09:18:00,24.9,27.9,24.7,25.9,112500,27.341078,1070250,957.0,960.0
2026-02-04 09:19:00,31.9,32.0,28.9,28.9,37500,27.914505,1481250,952.1,950.0
2026-02-04 09:20:00,29.35,30.15,28.9,30.05,20250,27.545311,1481250,954.7,950.0
2026-02-04 09:21:00,30.15,30.6,29.75,30.0,27000,27.846405,1481250,954.15,950.0
2026-02-04 09:22:00,24.45,26.0,23.75,25.9,88500,27.401845,1089750,956.9,960.0
2026-02-04 09:23:00,26.0,26.0,24.7,25.5,92250,27.221453,1089750,956.45,960.0
2026-02-04 09:24:00,25.4,25.85,24.65,25.7,48750,27.034868,1089750,957.15,960.0
2026-02-04 09:25:00,25.55,27.5,25.5,27.5,63750,26.902799,1091250,960.7,960.0
2026-02-04 09:26:00,27.85,30.7,27.5,28.45,101250,27.497098,1091250,961.45,960.0
2026-02-04 09:27:00,28.35,28.65,27.1,27.6,75750,27.442345,1091250,960.0,960.0
2026-02-04 09:28:00,27.35,27.6,25.75,25.9,54000,26.757524,1074750,958.0,960.0
2026-02-04 09:29:00,25.85,25.9,24.55,24.55,15750,26.60583,1074750,955.7,960.0
2026-02-04 09:30:00,24.75,25.5,24.4,25.3,29250,26.152594,1074750,957.9,960.0
2026-02-04 09:31:00,25.4,25.45,24.85,25.35,15750,26.326926,1089750,957.7,960.0
2026-02-04 09:32:00,25.0,25.35,24.6,24.6,15000,25.643412,1089750,957.45,960.0
2026-02-04 09:33:00,30.2,30.2,28.9,28.95,24000,26.374993,1475250,954.6,950.0
2026-02-04 09:34:00,23.25,23.85,23.2,23.85,30000,25.456536,1117500,956.35,960.0
2026-02-04 09:35:00,29.15,29.15,27.95,28.3,18000,25.377362,1482750,955.0,950.0
2026-02-04 09:36:00,29.05,29.05,28.3,28.35,9750,25.959635,1482750,954.2,950.0
2026-02-04 09:37:00,28.2,29.35,27.35,27.65,43500,24.807129,1490250,954.75,950.0
2026-02-04 09:38:00,27.8,27.8,25.5,26.1,34500,25.217156,1490250,951.4,950.0
2026-02-04 09:39:00,25.8,26.3,25.15,25.6,42750,25.465622,1490250,950.1,950.0
2026-02-04 09:40:00,25.25,26.15,25.25,25.8,15000,25.287763,1523250,950.75,950.0
2026-02-04 09:41:00,25.45,27.45,25.45,27.05,15000,25.078107,1523250,953.3,950.0
2026-02-04 09:42:00,27.3,27.45,26.5,27.45,18750,25.075949,1523250,954.0,950.0
2026-02-04 09:43:00,27.8,27.85,26.95,27.85,17250,24.937834,1525500,954.9,950.0
2026-02-04 09:44:00,27.6,28.2,27.2,27.9,46500,25.258735,1525500,954.5,950.0
2026-02-04 09:45:00,22.05,24.65,21.6,24.35,118500,25.077382,1170750,957.95,960.0
2026-02-04 09:46:00,24.0,27.0,23.75,27.0,84000,25.04772,1170750,962.8,960.0
2026-02-04 09:47:00,27.55,28.75,27.0,27.7,72750,25.126759,1170750,963.9,960.0
2026-02-04 09:48:00,27.7,28.35,26.25,27.1,88500,25.287098,1170750,962.6,960.0
2026-02-04 09:49:00,27.45,27.55,26.8,26.8,16500,25.2683,1156500,962.1,960.0
2026-02-04 09:50:00,26.7,28.0,26.25,27.9,33750,25.319882,1156500,963.95,960.0
2026-02-04 09:51:00,27.6,28.45,27.05,28.4,21750,25.263949,1156500,964.9,960.0
2026-02-04 09:52:00,22.8,25.65,22.8,25.0,165750,24.732981,825750,969.25,970.0
2026-02-04 09:53:00,25.1,25.25,23.6,23.7,74250,24.805659,825750,966.7,970.0
2026-02-04 09:54:00,23.7,23.7,22.85,22.85,72750,24.703248,825750,965.25,970.0
2026-02-04 09:55:00,22.85,23.15,22.25,22.65,27750,24.455869,844500,965.3,970.0
2026-02-04 09:56:00,28.25,28.4,27.2,27.55,24000,24.312897,1149750,964.9,960.0
2026-02-04 09:57:00,27.35,27.55,26.9,26.9,17250,24.430359,1149750,963.6,960.0
2026-02-04 09:58:00,21.3,22.9,21.3,22.5,21750,24.349425,857250,965.2,970.0
2026-02-04 09:59:00,22.6,22.8,21.8,22.75,29250,24.454104,857250,965.5,970.0
2026-02-04 10:00:00,23.5,23.5,22.5,23.1,31500,24.78191,857250,965.6,970.0
2026-02-04 10:01:00,28.35,28.4,27.95,27.95,20250,24.895351,1164000,964.7,960.0
2026-02-04 10:02:00,27.8,27.95,27.35,27.35,9750,24.968503,1164000,963.55,960.0
2026-02-04 10:03:00,27.5,28.05,27.35,28.0,11250,24.854463,1164000,964.85,960.0
2026-02-04 10:04:00,28.35,29.0,27.65,27.85,40500,25.335946,1153500,963.85,960.0
2026-02-04 10:05:00,27.8,28.65,27.8,28.35,4500,25.248135,1153500,964.85,960.0
2026-02-04 10:06:00,27.9,28.35,26.45,28.0,68250,24.856072,1153500,964.85,960.0
2026-02-04 10:07:00,28.3,28.35,27.15,28.35,27750,25.314475,1158000,964.75,960.0
2026-02-04 10:08:00,28.6,28.7,28.25,28.5,30000,25.352657,1158000,964.95,960.0
2026-02-04 10:09:00,22.75,23.0,22.55,22.55,17250,24.21122,909000,965.55,970.0
2026-02-04 10:10:00,22.8,23.8,22.55,23.8,12000,24.546861,919500,967.35,970.0
2026-02-04 10:11:00,23.75,23.8,23.2,23.2,5250,24.381598,919500,966.5,970.0
2026-02-04 10:12:00,23.3,23.4,22.5,23.0,45000,24.76373,919500,965.45,970.0
2026-02-04 10:13:00,22.9,23.2,22.5,23.2,25500,24.411451,937500,966.45,970.0
2026-02-04 10:14:00,23.0,23.2,22.85,22.85,7500,24.600065,937500,965.45,970.0
2026-02-04 10:15:00,23.0,23.0,22.2,22.5,24750,24.187837,937500,965.5,970.0
2026-02-04 10:16:00,28.45,28.45,27.85,27.85,3750,24.627514,1134750,964.95,960.0
2026-02-04 10:17:00,27.8,27.85,27.1,27.45,12000,24.668882,1134750,964.2,960.0
2026-02-04 10:18:00,27.45,28.5,27.45,28.5,5250,25.488632,1134750,964.75,960.0
2026-02-04 10:19:00,27.65,28.5,26.75,26.85,9750,24.866104,1134750,962.85,960.0
2026-02-04 10:20:00,26.55,27.2,26.55,27.1,5250,24.569663,1134750,963.75,960.0
2026-02-04 10:21:00,27.5,27.5,26.25,26.45,15000,24.895203,1134750,962.1,960.0
2026-02-04 10:22:00,26.3,26.8,25.45,26.6,25500,24.715563,1150500,962.65,960.0
2026-02-04 10:23:00,26.1,26.6,25.5,25.5,7500,24.895226,1150500,960.4,960.0
2026-02-04 10:24:00,25.5,26.6,25.05,26.3,111750,24.980529,1150500,961.7,960.0
2026-02-04 10:25:00,26.25,26.3,25.2,25.2,5250,24.562513,1141500,960.4,960.0
2026-02-04 10:26:00,25.45,26.1,25.2,25.8,19500,24.736306,1141500,961.2,960.0
2026-02-04 10:27:00,25.85,26.15,25.25,25.55,7500,24.952972,1141500,960.4,960.0
2026-02-04 10:28:00,25.4,25.85,25.0,25.4,26250,24.447079,1143750,960.95,960.0
2026-02-04 10:29:00,25.85,27.15,25.4,26.45,32250,24.136579,1143750,963.3,960.0
2026-02-04 10:30:00,26.55,27.05,26.25,27.05,7500,24.324825,1143750,964.05,960.0
2026-02-04 10:31:00,26.9,27.05,26.65,26.9,6750,24.092199,1145250,964.15,960.0
2026-02-04 10:32:00,26.9,27.0,26.85,27.0,4500,24.204862,1145250,964.15,960.0
2026-02-04 10:33:00,21.45,21.9,21.25,21.8,4500,23.371266,926250,965.6,970.0
2026-02-04 10:34:00,26.75,27.65,26.75,27.3,12000,24.183418,1143000,964.7,960.0
2026-02-04 10:35:00,21.9,22.6,21.6,22.6,12750,23.907679,922500,966.2,970.0
2026-02-04 10:36:00,22.5,23.0,22.3,23.0,44250,23.885355,922500,967.0,970.0
2026-02-04 10:37:00,22.95,23.0,22.35,22.35,6000,23.834693,932250,965.85,970.0
2026-02-04 10:38:00,22.35,22.6,22.35,22.6,27000,23.851708,932250,966.3,970.0
2026-02-04 10:39:00,22.8,24.25,22.6,24.05,33750,23.622483,932250,969.4,970.0
2026-02-04 10:40:00,24.25,24.6,23.9,23.95,51750,23.842415,901500,968.85,970.0
2026-02-04 10:41:00,23.75,24.5,23.5,24.1,31500,24.037696,901500,968.8,970.0
2026-02-04 10:42:00,24.1,24.8,24.0,24.8,51000,24.298873,901500,969.65,970.0
2026-02-04 10:43:00,24.75,26.45,24.4,24.4,57750,24.368633,909750,968.8,970.0
2026-02-04 10:44:00,24.4,24.7,23.8,24.0,17250,23.539902,909750,969.45,970.0
2026-02-04 10:45:00,24.55,24.55,23.0,23.0,16500,24.979546,909750,965.1,970.0
2026-02-04 10:46:00,22.45,23.45,22.4,22.9,42000,24.386214,923250,965.95,970.0
2026-02-04 10:47:00,23.15,23.8,22.9,23.45,14250,24.356287,923250,967.05,970.0
2026-02-04 10:48:00,23.8,23.8,23.45,23.8,750,23.71133,923250,968.8,970.0
2026-02-04 10:49:00,24.3,24.45,23.8,24.45,11250,24.187795,927750,969.2,970.0
2026-02-04 10:50:00,24.6,24.65,24.15,24.65,21750,24.527957,927750,969.0,970.0
2026-02-04 10:51:00,24.65,25.3,24.65,24.7,24750,24.253722,927750,969.55,970.0
2026-02-04 10:52:00,25.0,25.0,24.5,24.5,9750,24.542795,927750,968.7,970.0
2026-02-04 10:53:00,24.15,24.5,23.5,23.5,15000,24.385244,927750,967.1,970.0
2026-02-04 10:54:00,23.2,23.5,23.2,23.4,7500,24.013219,927750,967.55,970.0
2026-02-04 10:55:00,23.9,24.35,23.4,24.1,12000,24.518843,928500,968.0,970.0
2026-02-04 10:56:00,24.5,25.5,24.1,25.5,5250,24.683465,928500,970.3,970.0
2026-02-04 10:57:00,25.3,25.5,25.0,25.3,44250,24.494068,928500,970.25,970.0
2026-02-04 10:58:00,25.5,25.8,25.3,25.55,6750,24.495716,917250,970.7,970.0
2026-02-04 10:59:00,26.35,27.2,25.55,27.2,42000,24.983911,917250,972.85,970.0
2026-02-04 11:00:00,27.1,27.9,26.85,27.9,51000,24.676653,917250,974.55,970.0
2026-02-04 11:01:00,28.0,28.5,27.1,27.35,99000,24.739853,896250,973.5,970.0
2026-02-04 11:02:00,27.65,27.7,27.1,27.3,30750,24.716779,896250,973.45,970.0
2026-02-04 11:03:00,27.5,27.7,26.7,26.9,21000,24.622659,896250,972.9,970.0
2026-02-04 11:04:00,26.8,27.0,26.8,26.8,18750,24.701365,889500,972.6,970.0
2026-02-04 11:05:00,26.9,27.0,26.45,27.0,18750,24.702833,889500,972.95,970.0
2026-02-04 11:06:00,26.5,27.0,26.5,26.7,13500,24.966877,889500,972.0,970.0
2026-02-04 11:07:00,26.85,26.85,25.9,26.1,11250,24.830921,873000,971.15,970.0
2026-02-04 11:08:00,26.1,26.95,25.8,26.95,43500,25.181837,873000,972.1,970.0
2026-02-04 11:09:00,26.9,27.45,26.75,27.45,33000,25.610075,873000,972.3,970.0
2026-02-04 11:10:00,27.0,27.45,26.9,26.9,21750,25.096545,883500,972.15,970.0
2026-02-04 11:11:00,26.75,26.9,26.35,26.35,14250,25.016503,883500,971.3,970.0
2026-02-04 11:12:00,26.1,26.35,25.7,26.05,9750,24.71686,883500,971.25,970.0
2026-02-04 11:13:00,25.85,26.25,25.75,25.75,9750,24.50951,888750,971.05,970.0
2026-02-04 11:14:00,25.1,25.75,25.1,25.15,10500,24.5197,888750,969.95,970.0
2026-02-04 11:15:00,25.25,25.55,24.2,24.2,16500,24.432518,888750,968.35,970.0
2026-02-04 11:16:00,24.05,24.2,23.7,23.7,15750,24.354294,892500,967.55,970.0
2026-02-04 11:17:00,23.7,24.25,23.7,24.1,24000,24.91149,892500,967.35,970.0
2026-02-04 11:18:00,23.65,24.1,23.45,24.0,6000,25.005931,892500,967.0,970.0
2026-02-04 11:19:00,23.9,24.0,23.5,23.6,13500,24.595816,899250,966.95,970.0
2026-02-04 11:20:00,23.8,24.0,23.4,24.0,12000,25.180942,899250,966.7,970.0
2026-02-04 11:21:00,23.4,24.0,23.2,23.75,9000,24.877728,899250,966.75,970.0
2026-02-04 11:22:00,24.0,24.35,22.9,23.2,24000,24.820385,885000,965.8,970.0
2026-02-04 11:23:00,23.35,24.05,23.0,24.05,12000,25.497137,885000,966.25,970.0
2026-02-04 11:24:00,23.5,24.05,23.2,23.65,55500,24.885053,885000,966.55,970.0
2026-02-04 11:25:00,23.65,23.65,23.2,23.5,2250,25.03721,880500,966.0,970.0
2026-02-04 11:26:00,23.85,23.85,23.5,23.7,15750,24.738422,880500,966.9,970.0
2026-02-04 11:27:00,23.9,23.95,23.6,23.85,12750,25.019758,880500,966.7,970.0
2026-02-04 11:28:00,23.6,23.85,23.6,23.85,8250,24.875345,885000,966.95,970.0
2026-02-04 11:29:00,23.5,23.85,23.2,23.25,18000,24.216228,885000,966.95,970.0
2026-02-04 11:30:00,23.25,23.3,23.25,23.25,4500,24.187686,885000,967.0,970.0
2026-02-04 11:31:00,23.0,23.25,23.0,23.0,3000,24.174139,885000,966.55,970.0
2026-02-04 11:32:00,23.75,23.75,23.0,23.65,4500,24.686589,892500,966.9,970.0
2026-02-04 11:33:00,23.0,23.65,22.4,22.65,11250,23.84811,892500,966.45,970.0
2026-02-04 11:34:00,23.3,23.3,22.5,23.0,7500,24.549544,894000,965.9,970.0
2026-02-04 11:35:00,22.65,23.0,22.5,22.5,5250,24.285667,894000,965.4,970.0
2026-02-04 11:36:00,22.5,22.5,22.5,22.5,0,24.399774,894000,965.2,970.0
2026-02-04 11:37:00,22.05,22.5,22.05,22.05,10500,23.962123,894000,965.1,970.0
2026-02-04 11:38:00,22.3,22.3,22.05,22.3,1500,24.038846,900750,965.45,970.0
2026-02-04 11:39:00,22.45,22.45,22.1,22.1,21000,24.018122,900750,965.1,970.0
2026-02-04 11:40:00,21.85,22.1,21.55,21.55,29250,23.272017,911250,965.35,970.0
2026-02-04 11:41:00,21.55,21.85,21.55,21.85,10500,23.545545,911250,965.45,970.0
2026-02-04 11:42:00,21.8,22.3,21.5,22.2,28500,23.329001,911250,966.5,970.0
2026-02-04 11:43:00,22.2,22.2,21.75,21.8,3750,23.234714,924750,965.9,970.0
2026-02-04 11:44:00,22.05,22.05,21.8,22.05,3000,23.337954,924750,966.2,970.0
2026-02-04 11:45:00,21.65,22.05,21.65,21.65,5250,23.185124,924750,965.7,970.0
2026-02-04 11:46:00,21.85,21.85,21.65,21.85,2250,23.746726,924750,965.1,970.0
2026-02-04 11:47:00,21.5,21.85,21.5,21.5,2250,22.906806,924750,965.9,970.0
2026-02-04 11:48:00,22.0,22.0,21.5,22.0,13500,23.05425,924750,966.6,970.0
2026-02-04 11:49:00,22.15,22.15,22.0,22.15,63750,23.306379,924750,966.45,970.0
2026-02-04 11:50:00,22.0,22.15,21.6,21.6,3000,23.445448,931500,965.15,970.0
2026-02-04 11:51:00,21.8,21.85,21.6,21.7,2250,23.385586,931500,965.45,970.0
2026-02-04 11:52:00,21.7,21.7,21.7,21.7,0,23.329143,931500,965.55,970.0
2026-02-04 11:53:00,21.75,21.75,21.7,21.75,3750,23.470017,927750,965.4,970.0
2026-02-04 11:54:00,21.6,22.9,21.6,22.9,18000,23.844132,927750,966.95,970.0
2026-02-04 11:55:00,22.65,22.95,22.65,22.95,1500,23.899635,921750,966.95,970.0
2026-02-04 11:56:00,22.75,22.95,22.75,22.75,4500,23.680157,921750,966.95,970.0
2026-02-04 11:57:00,22.75,22.75,22.75,22.75,10500,23.709718,921750,966.9,970.0
2026-02-04 11:58:00,22.75,22.75,22.6,22.6,1500,23.805809,921750,966.45,970.0
2026-02-04 11:59:00,22.45,22.6,22.45,22.45,6000,23.814133,924750,966.15,970.0
2026-02-04 12:00:00,22.6,22.8,22.45,22.8,6000,23.79527,924750,966.85,970.0
2026-02-04 12:01:00,22.55,24.05,22.55,23.85,19500,23.803541,924750,968.8,970.0
2026-02-04 12:02:00,24.1,24.1,23.75,23.75,3750,23.664067,924000,968.85,970.0
2026-02-04 12:03:00,23.55,23.75,22.9,22.9,4500,23.556992,924000,967.45,970.0
2026-02-04 12:04:00,23.05,23.35,22.9,23.35,3750,24.315179,924750,967.0,970.0
2026-02-04 12:05:00,23.35,23.4,23.1,23.4,4500,24.225047,924750,967.25,970.0
2026-02-04 12:06:00,23.5,23.5,23.4,23.45,2250,24.25138,924750,967.3,970.0
2026-02-04 12:07:00,23.45,23.7,23.45,23.45,6750,24.164194,930000,967.45,970.0
2026-02-04 12:08:00,23.65,23.75,23.45,23.45,9750,24.193964,930000,967.4,970.0
2026-02-04 12:09:00,23.45,23.5,23.3,23.3,8250,24.291826,930000,966.95,970.0
2026-02-04 12:10:00,23.3,23.3,22.85,22.85,3000,24.259738,930000,966.15,970.0
2026-02-04 12:11:00,22.85,22.85,22.85,22.85,0,24.116284,933750,966.4,970.0
2026-02-04 12:12:00,22.85,22.85,22.85,22.85,0,23.856374,933750,966.85,970.0
2026-02-04 12:13:00,22.4,22.85,22.35,22.35,20250,23.451683,933750,966.6,970.0
2026-02-04 12:14:00,22.8,22.8,22.35,22.8,2250,23.802379,938250,966.85,970.0
2026-02-04 12:15:00,22.95,22.95,22.8,22.95,2250,23.851646,938250,967.05,970.0
2026-02-04 12:16:00,22.75,22.95,22.75,22.75,4500,23.690275,942750,966.95,970.0
2026-02-04 12:17:00,22.75,22.75,22.75,22.75,0,23.545146,942750,967.2,970.0
2026-02-04 12:18:00,23.1,23.1,22.75,23.0,6750,23.879069,942750,967.1,970.0
2026-02-04 12:19:00,23.15,23.15,23.0,23.15,3000,24.04464,942750,967.1,970.0
2026-02-04 12:20:00,22.8,23.15,22.8,22.8,1500,23.805426,942000,966.85,970.0
2026-02-04 12:21:00,22.75,22.8,22.4,22.4,13500,23.885108,942000,965.95,970.0
2026-02-04 12:22:00,22.2,22.4,22.2,22.2,750,24.12171,948000,965.15,970.0
2026-02-04 12:23:00,27.5,27.55,27.45,27.45,12000,24.573223,1104000,964.45,960.0
2026-02-04 12:24:00,21.5,21.8,21.5,21.8,21000,23.540543,948000,965.4,970.0
2026-02-04 12:25:00,27.2,27.2,27.2,27.2,0,24.063603,1113000,964.8,960.0
2026-02-04 12:26:00,27.35,27.35,27.2,27.3,21000,24.176689,1113000,964.8,960.0
2026-02-04 12:27:00,27.3,27.3,27.3,27.3,0,24.602336,1113000,964.15,960.0
2026-02-04 12:28:00,27.3,27.3,27.3,27.3,0,24.829735,1113000,963.8,960.0
2026-02-04 12:29:00,26.75,27.3,26.75,26.75,15000,24.115736,1119750,963.95,960.0
2026-02-04 12:30:00,27.0,27.0,26.75,27.0,750,24.591165,1119750,963.65,960.0
2026-02-04 12:31:00,26.5,27.15,26.5,27.15,5250,24.565917,1122000,963.95,960.0
2026-02-04 12:32:00,21.6,22.5,21.0,22.5,88500,24.485378,964500,965.1,970.0
2026-02-04 12:33:00,22.2,22.5,22.1,22.1,45750,23.932104,964500,965.3,970.0
2026-02-04 12:34:00,22.2,22.2,22.1,22.1,2250,24.07445,964500,965.05,970.0
2026-02-04 12:35:00,27.8,27.85,27.6,27.85,5250,25.094228,1122750,964.35,960.0
2026-02-04 12:36:00,27.5,27.85,27.5,27.5,5250,24.831737,1122750,964.15,960.0
2026-02-04 12:37:00,22.0,22.0,21.85,22.0,1500,23.510313,972750,965.85,970.0
2026-02-04 12:38:00,22.05,22.2,22.0,22.2,9000,24.129887,969750,965.15,970.0
2026-02-04 12:39:00,21.75,22.2,21.55,21.65,18750,23.439822,969750,965.3,970.0
2026-02-04 12:40:00,27.5,27.55,27.5,27.5,7500,24.343412,1115250,964.9,960.0
2026-02-04 12:41:00,27.1,27.5,27.1,27.1,2250,23.992338,1122750,964.75,960.0
2026-02-04 12:42:00,27.35,27.35,27.1,27.35,750,24.438235,1122750,964.5,960.0
2026-02-04 12:43:00,26.8,27.35,26.8,27.0,4500,24.143293,1122750,964.35,960.0
2026-02-04 12:44:00,27.1,27.1,27.0,27.1,3000,24.419254,1127250,964.1,960.0
2026-02-04 12:45:00,26.85,27.1,26.8,26.8,4500,23.952125,1127250,964.3,960.0
2026-02-04 12:46:00,26.8,26.8,26.8,26.8,750,24.050619,1127250,964.15,960.0
2026-02-04 12:47:00,27.3,27.3,26.8,27.3,750,24.515318,1125000,964.3,960.0
2026-02-04 12:48:00,27.2,27.3,27.2,27.2,750,24.501194,1125000,964.15,960.0
2026-02-04 12:49:00,26.65,27.65,26.65,27.65,6750,24.5828,1125000,964.8,960.0
2026-02-04 12:50:00,27.5,27.65,27.5,27.5,750,24.282802,1125000,965.0,960.0
2026-02-04 12:51:00,27.65,27.65,27.5,27.65,2250,24.649481,1125000,964.7,960.0
2026-02-04 12:52:00,27.65,27.65,27.65,27.65,0,24.584403,1125000,964.8,960.0
2026-02-04 12:53:00,27.05,27.65,27.05,27.35,17250,24.214322,1128750,964.85,960.0
2026-02-04 12:54:00,27.35,27.35,27.35,27.35,0,24.181905,1128750,964.9,960.0
2026-02-04 12:55:00,27.3,27.35,27.3,27.3,7500,24.093124,1128750,964.95,960.0
2026-02-04 12:56:00,21.7,21.7,21.7,21.7,0,23.503375,977250,965.3,970.0
2026-02-04 12:57:00,22.0,22.0,21.7,22.0,3750,23.43434,978000,966.0,970.0
2026-02-04 12:58:00,22.25,22.25,22.0,22.25,3750,23.450933,978000,966.45,970.0
2026-02-04 12:59:00,22.7,22.7,22.25,22.65,16500,23.718155,977250,966.75,970.0
2026-02-04 13:00:00,21.9,22.65,21.85,21.85,9750,23.528192,977250,965.55,970.0
2026-02-04 13:01:00,27.65,27.65,27.65,27.65,0,24.556358,1121250,964.85,960.0
2026-02-04 13:02:00,21.55,21.85,21.55,21.55,12000,23.483052,972000,965.05,970.0
2026-02-04 13:03:00,21.75,21.75,21.55,21.75,1500,23.675473,972000,965.1,970.0
2026-02-04 13:04:00,21.95,22.1,21.75,22.1,6000,23.547955,972000,966.0,970.0
2026-02-04 13:05:00,22.25,22.25,22.1,22.25,750,23.280729,974250,966.75,970.0
2026-02-04 13:06:00,22.75,22.75,21.95,21.95,30000,23.527067,974250,965.75,970.0
2026-02-04 13:07:00,21.95,21.95,21.95,21.95,0,23.326842,974250,966.1,970.0
2026-02-04 13:08:00,22.05,22.05,21.95,22.05,1500,23.206815,972750,966.5,970.0
2026-02-04 13:09:00,22.1,22.1,22.05,22.1,3000,23.117539,972750,966.75,970.0
2026-02-04 13:10:00,22.3,22.3,22.1,22.3,750,23.192932,972750,967.0,970.0
2026-02-04 13:11:00,22.3,22.3,22.3,22.3,0,23.047528,972750,967.25,970.0
2026-02-04 13:12:00,22.85,22.85,22.3,22.85,4500,23.36053,971250,967.75,970.0
2026-02-04 13:13:00,22.85,22.85,22.85,22.85,18000,23.566583,971250,967.4,970.0
2026-02-04 13:14:00,22.85,22.85,22.85,22.85,750,23.625622,966750,967.3,970.0
2026-02-04 13:15:00,23.0,23.0,22.75,22.75,1500,23.720181,966750,966.95,970.0
2026-02-04 13:16:00,22.8,22.8,22.75,22.8,9750,23.862959,966750,966.8,970.0
2026-02-04 13:17:00,22.75,22.8,22.75,22.75,9750,23.692087,960750,967.0,970.0
2026-02-04 13:18:00,22.75,22.75,22.75,22.75,0,24.040537,960750,966.4,970.0
2026-02-04 13:19:00,22.2,22.75,22.1,22.1,15000,23.469279,960750,966.15,970.0
2026-02-04 13:20:00,22.15,22.15,22.1,22.15,6750,23.496068,971250,966.2,970.0
2026-02-04 13:21:00,22.15,22.15,22.15,22.15,0,23.207592,971250,966.7,970.0
2026-02-04 13:22:00,22.4,22.4,22.15,22.4,750,23.309076,971250,967.0,970.0
2026-02-04 13:23:00,23.5,24.2,22.4,24.2,12000,23.84138,977250,969.45,970.0
2026-02-04 13:24:00,24.1,24.2,24.1,24.2,9000,23.599878,977250,969.85,970.0
2026-02-04 13:25:00,24.2,24.2,24.2,24.2,750,22.926594,977250,970.95,970.0
2026-02-04 13:26:00,24.8,25.05,24.2,25.0,28500,23.81195,964500,970.95,970.0
2026-02-04 13:27:00,25.3,25.3,25.0,25.0,18750,23.996952,964500,970.65,970.0
2026-02-04 13:28:00,24.85,25.0,24.85,24.85,6750,23.954232,964500,970.45,970.0
2026-02-04 13:29:00,24.9,24.9,24.85,24.9,1500,24.040567,964500,970.4,970.0
2026-02-04 13:30:00,24.55,24.9,24.55,24.55,8250,23.867901,963750,970.05,970.0
2026-02-04 13:31:00,24.55,24.7,24.55,24.7,9750,23.912248,963750,970.25,970.0
2026-02-04 13:32:00,24.8,24.85,24.7,24.85,6000,23.803041,956250,970.7,970.0
2026-02-04 13:33:00,25.1,25.1,24.85,24.9,14250,23.85883,956250,970.7,970.0
2026-02-04 13:34:00,25.2,25.2,24.9,25.2,6750,23.882909,956250,971.2,970.0
2026-02-04 13:35:00,25.45,25.45,25.2,25.3,20250,24.179135,954000,970.9,970.0
2026-02-04 13:36:00,25.05,25.3,25.05,25.05,4500,23.625007,954000,971.35,970.0
2026-02-04 13:37:00,25.1,25.1,24.95,24.95,30750,24.069394,954000,970.45,970.0
2026-02-04 13:38:00,25.05,25.05,24.95,25.05,8250,24.575848,938250,969.8,970.0
2026-02-04 13:39:00,24.55,25.05,24.55,24.55,17250,23.720114,938250,970.3,970.0
2026-02-04 13:40:00,24.55,24.55,24.55,24.55,0,23.659484,938250,970.4,970.0
2026-02-04 13:41:00,24.7,24.75,24.55,24.65,15000,23.984026,942750,970.05,970.0
2026-02-04 13:42:00,24.25,24.65,24.25,24.25,6000,23.573121,942750,970.0,970.0
2026-02-04 13:43:00,24.1,24.25,24.1,24.1,9000,23.801569,942750,969.35,970.0
2026-02-04 13:44:00,24.1,24.1,24.1,24.1,0,23.771946,942750,969.4,970.0
2026-02-04 13:45:00,24.0,24.1,24.0,24.0,11250,23.992364,939000,968.85,970.0
2026-02-04 13:46:00,23.3,24.0,23.3,23.3,3000,23.726224,939000,968.0,970.0
2026-02-04 13:47:00,23.35,23.35,23.0,23.0,7500,23.690478,940500,967.5,970.0
2026-02-04 13:48:00,23.0,23.0,23.0,23.0,4500,23.30768,940500,968.15,970.0
2026-02-04 13:49:00,23.45,23.45,23.0,23.45,1500,24.099421,940500,967.65,970.0
2026-02-04 13:50:00,23.25,23.45,23.25,23.25,3750,24.113982,937500,967.25,970.0
2026-02-04 13:51:00,23.1,23.25,23.1,23.1,4500,23.360164,937500,968.25,970.0
2026-02-04 13:52:00,23.85,23.85,23.1,23.85,1500,24.15812,937500,968.3,970.0
2026-02-04 13:53:00,23.6,23.85,23.6,23.6,2250,23.853247,941250,968.35,970.0
2026-02-04 13:54:00,23.65,23.65,23.6,23.65,4500,23.968249,941250,968.25,970.0
2026-02-04 13:55:00,23.65,23.65,23.5,23.5,9750,24.069355,941250,967.8,970.0
2026-02-04 13:56:00,23.4,23.5,23.4,23.4,10500,23.900647,951750,967.9,970.0
2026-02-04 13:57:00,23.4,23.4,23.4,23.4,9750,23.871643,951750,967.95,970.0
2026-02-04 13:58:00,23.3,23.55,23.3,23.55,12750,24.12603,951750,967.8,970.0
2026-02-04 13:59:00,23.2,23.55,23.2,23.2,3750,23.946398,969750,967.45,970.0
2026-02-04 14:00:00,23.25,23.25,23.2,23.25,2250,24.060626,969750,967.35,970.0
2026-02-04 14:01:00,23.25,23.25,23.25,23.25,4500,23.914495,969750,967.6,970.0
2026-02-04 14:02:00,23.25,23.25,23.25,23.25,3000,23.915008,970500,967.6,970.0
2026-02-04 14:03:00,23.3,23.3,23.25,23.3,1500,23.793964,970500,967.9,970.0
2026-02-04 14:04:00,23.45,23.45,23.3,23.4,3750,23.875229,970500,967.95,970.0
2026-02-04 14:05:00,23.45,23.45,23.4,23.45,1500,23.960402,974250,967.9,970.0
2026-02-04 14:06:00,23.2,23.45,23.1,23.1,3750,23.956863,974250,967.25,970.0
2026-02-04 14:07:00,23.35,23.35,23.1,23.25,6000,24.15197,974250,967.2,970.0
2026-02-04 14:08:00,23.2,23.25,23.2,23.2,12000,24.126569,975000,967.15,970.0
2026-02-04 14:09:00,23.4,23.4,23.2,23.4,750,24.113365,975000,967.55,970.0
2026-02-04 14:10:00,23.6,23.6,23.4,23.6,9750,24.069345,975000,968.0,970.0
2026-02-04 14:11:00,23.55,23.6,23.55,23.55,3750,24.162197,974250,967.75,970.0
2026-02-04 14:12:00,23.65,23.65,23.55,23.65,3000,24.036782,974250,968.15,970.0
2026-02-04 14:13:00,24.0,24.0,23.65,24.0,2250,24.15608,974250,968.6,970.0
2026-02-04 14:14:00,23.95,24.0,23.95,23.95,9750,23.922214,978750,968.9,970.0
2026-02-04 14:15:00,24.0,24.1,23.95,24.1,9000,24.20783,978750,968.7,970.0
2026-02-04 14:16:00,23.65,24.1,23.65,23.65,3000,24.186647,978750,967.9,970.0
2026-02-04 14:17:00,23.4,23.65,23.4,23.6,9750,24.249876,988500,967.7,970.0
2026-02-04 14:18:00,23.85,23.85,23.6,23.65,5250,24.158165,988500,967.95,970.0
2026-02-04 14:19:00,23.45,23.65,23.45,23.45,2250,24.20302,988500,967.5,970.0
2026-02-04 14:20:00,23.4,23.45,23.4,23.4,750,24.207043,991500,967.4,970.0
2026-02-04 14:21:00,23.5,23.7,23.4,23.7,3000,24.362242,991500,967.7,970.0
2026-02-04 14:22:00,23.5,23.7,23.5,23.5,2250,24.552091,991500,967.0,970.0
2026-02-04 14:23:00,23.25,23.5,23.25,23.25,3750,24.130997,994500,967.25,970.0
2026-02-04 14:24:00,23.05,23.25,23.05,23.05,2250,24.202386,994500,966.75,970.0
2026-02-04 14:25:00,22.7,23.05,22.7,22.7,14250,24.106387,994500,966.25,970.0
2026-02-04 14:26:00,22.6,22.7,22.6,22.6,18750,23.823236,985500,966.55,970.0
2026-02-04 14:27:00,22.85,22.85,22.6,22.85,3000,24.186198,985500,966.4,970.0
2026-02-04 14:28:00,23.0,23.0,22.8,22.8,38250,24.333397,985500,966.05,970.0
2026-02-04 14:29:00,22.55,22.8,22.55,22.55,750,24.000688,985500,966.15,970.0
2026-02-04 14:30:00,22.55,22.55,22.5,22.5,13500,24.233085,1010250,965.65,970.0
2026-02-04 14:31:00,22.25,22.5,22.25,22.25,2250,24.129173,1010250,965.35,970.0
2026-02-04 14:32:00,22.05,22.25,22.05,22.05,12750,24.022894,1010250,965.15,970.0
2026-02-04 14:33:00,22.05,22.05,22.0,22.0,1500,23.996653,1029000,965.1,970.0
2026-02-04 14:34:00,27.5,27.5,27.2,27.2,14250,24.197482,1102500,964.7,960.0
2026-02-04 14:35:00,27.45,27.45,27.2,27.45,750,24.414082,1102500,964.8,960.0
2026-02-04 14:36:00,27.45,27.45,27.45,27.45,0,24.348707,1101750,964.9,960.0
2026-02-04 14:37:00,27.45,27.45,27.45,27.45,0,24.316239,1101750,964.95,960.0
2026-02-04 14:38:00,22.0,22.0,21.9,21.9,3750,23.860508,1029750,965.15,970.0
2026-02-04 14:39:00,22.25,22.25,21.9,22.25,1500,24.076265,1031250,965.45,970.0
2026-02-04 14:40:00,22.05,22.25,22.05,22.05,3750,23.856186,1031250,965.45,970.0
2026-02-04 14:41:00,22.1,22.15,22.05,22.15,5250,24.109382,1035750,965.2,970.0
2026-02-04 14:42:00,22.15,22.15,22.15,22.15,0,23.938967,1035750,965.5,970.0
2026-02-04 14:43:00,22.15,22.15,22.15,22.15,4500,23.939477,1035750,965.5,970.0
2026-02-04 14:44:00,22.5,22.5,22.15,22.5,1500,24.211686,1035750,965.7,970.0
2026-02-04 14:45:00,22.45,22.5,22.25,22.25,3000,24.250172,1035750,965.15,970.0
2026-02-04 14:46:00,22.15,22.25,22.15,22.15,3000,24.197158,1035750,965.05,970.0
2026-02-04 14:47:00,27.75,27.9,27.75,27.75,6000,24.692967,1110750,964.9,960.0
2026-02-04 14:48:00,27.6,27.75,27.6,27.6,12000,24.754295,1106250,964.55,960.0
2026-02-04 14:49:00,27.55,27.6,27.25,27.25,2250,24.360413,1106250,964.55,960.0
2026-02-04 14:50:00,27.3,27.3,27.25,27.3,1500,24.285826,1106250,964.75,960.0
2026-02-04 14:51:00,27.3,27.3,27.2,27.2,2250,24.436191,1110000,964.35,960.0
2026-02-04 14:52:00,27.3,27.3,27.2,27.3,3750,24.319804,1110000,964.7,960.0
2026-02-04 14:53:00,27.3,27.3,27.3,27.3,0,24.386078,1110000,964.6,960.0
2026-02-04 14:54:00,27.3,27.3,27.3,27.3,1500,24.353754,1107000,964.65,960.0
2026-02-04 14:55:00,27.3,27.3,27.3,27.3,0,24.354287,1107000,964.65,960.0
2026-02-04 14:56:00,27.3,27.3,27.1,27.1,1500,24.326187,1107000,964.35,960.0
2026-02-04 14:57:00,27.1,27.1,27.1,27.1,0,24.096854,1106250,964.7,960.0
2026-02-04 14:58:00,27.3,27.6,27.1,27.6,3750,24.595542,1106250,964.8,960.0
2026-02-04 14:59:00,27.6,27.6,27.6,27.6,0,24.596079,1106250,964.8,960.0
2026-02-04 15:00:00,21.65,21.8,21.65,21.65,5250,23.42504,1018500,965.45,970.0
2026-02-04 15:01:00,27.7,27.7,27.3,27.65,3000,24.653542,1105500,964.8,960.0
2026-02-04 15:02:00,27.4,27.65,27.25,27.25,2250,24.136814,1105500,964.9,960.0
2026-02-04 15:03:00,21.8,21.85,21.7,21.85,2250,23.761189,1016250,965.25,970.0
2026-02-04 15:04:00,21.8,21.85,21.8,21.8,750,23.791792,1016250,965.1,970.0
2026-02-04 15:05:00,27.3,27.4,27.3,27.4,1500,24.241646,1107000,965.0,960.0
2026-02-04 15:06:00,21.65,21.65,21.65,21.65,0,23.542011,1016250,965.25,970.0
2026-02-04 15:07:00,27.7,27.7,27.45,27.7,51000,24.680259,1107750,964.85,960.0
2026-02-04 15:08:00,22.05,22.45,22.05,22.45,9000,24.454312,1017000,965.2,970.0
2026-02-04 15:09:00,22.35,22.45,22.35,22.35,3750,24.372908,981750,965.15,970.0
2026-02-04 15:10:00,27.95,27.95,27.95,27.95,0,25.45361,1105500,964.1,960.0
2026-02-04 15:11:00,27.4,27.95,27.4,27.4,1500,24.932721,1104750,963.95,960.0
2026-02-04 15:12:00,27.8,27.8,27.4,27.8,2250,24.992611,1104750,964.55,960.0
2026-02-04 15:13:00,27.7,27.8,27.7,27.7,1500,25.206445,1104750,964.05,960.0
2026-02-04 15:14:00,27.5,27.85,27.5,27.85,3750,25.408164,1100250,964.0,960.0
2026-02-04 15:15:00,28.1,28.2,27.85,28.2,3750,25.705157,1100250,964.15,960.0
2026-02-04 15:16:00,27.95,28.2,27.95,28.0,9000,25.610338,1100250,963.95,960.0
2026-02-04 15:17:00,27.75,28.0,27.75,27.75,15750,25.459083,1099500,963.75,960.0
2026-02-04 15:18:00,27.75,27.75,27.75,27.75,3000,25.459631,1099500,963.75,960.0
2026-02-04 15:19:00,27.75,27.75,27.75,27.75,0,26.227442,1099500,962.55,960.0
2026-02-04 15:20:00,26.75,27.75,26.55,26.6,28500,25.444058,1099500,961.75,960.0
2026-02-04 15:21:00,26.25,26.6,25.8,25.8,15000,25.235147,1094250,960.65,960.0
2026-02-04 15:22:00,25.7,25.8,25.35,25.8,27000,25.018476,1094250,961.0,960.0
2026-02-04 15:23:00,25.85,26.8,25.8,26.55,17250,24.596461,1097250,963.0,960.0
2026-02-04 15:24:00,26.55,26.65,26.55,26.65,2250,23.997418,1097250,964.1,960.0
2026-02-04 15:25:00,26.8,26.8,26.65,26.8,6000,24.166982,1097250,964.1,960.0
2026-02-04 15:26:00,26.8,27.4,26.8,27.4,3750,24.38488,1097250,964.8,960.0
2026-02-04 15:27:00,27.5,27.5,27.0,27.15,7500,24.267855,1098000,964.55,960.0
2026-02-04 15:28:00,27.0,27.15,26.45,26.45,12000,24.454691,1098000,963.05,960.0
2026-02-04 15:29:00,26.65,26.8,26.45,26.5,5250,23.928968,1096500,963.95,960.0
2026-02-05 09:15:00,27.2,27.25,20.8,21.1,42000,22.907159,1094250,956.7,960.0
2026-02-05 09:16:00,21.25,22.05,21.0,21.75,38250,22.680516,1107000,958.3,960.0
2026-02-05 09:17:00,22.0,22.0,20.85,21.55,46500,23.180241,1107000,957.1,960.0
2026-02-05 09:18:00,21.5,21.75,21.5,21.75,6750,22.466981,1107000,958.65,960.0
2026-02-05 09:19:00,22.15,22.15,21.75,22.15,19500,22.271676,1135500,959.7,960.0
2026-02-05 09:20:00,22.15,22.15,22.15,22.15,12000,23.045655,1135500,958.45,960.0
2026-02-05 09:21:00,21.4,22.15,21.4,21.4,30750,22.740957,1135500,957.55,960.0
2026-02-05 09:22:00,20.6,21.4,20.6,20.6,24750,22.521139,1136250,956.4,960.0
2026-02-05 09:23:00,21.15,21.15,20.6,21.15,9750,22.154403,1136250,958.05,960.0
2026-02-05 09:24:00,21.4,21.4,21.15,21.4,6000,22.833009,1136250,957.4,960.0
2026-02-05 09:25:00,21.5,21.5,21.4,21.5,5250,22.522912,1145250,958.1,960.0
2026-02-05 09:26:00,21.8,22.25,21.5,22.25,8250,22.700445,1145250,959.2,960.0
2026-02-05 09:27:00,22.2,22.25,22.2,22.2,7500,23.044862,1145250,958.55,960.0
2026-02-05 09:28:00,22.2,22.2,22.2,22.2,3000,23.198404,1146750,958.3,960.0
2026-02-05 09:29:00,22.6,22.6,22.2,22.6,15000,22.758104,1146750,959.75,960.0
2026-02-05 09:30:00,22.8,22.8,22.6,22.8,26250,23.142328,1146750,959.5,960.0
2026-02-05 09:31:00,23.0,23.0,22.8,23.0,15750,23.089639,1146750,959.95,960.0
2026-02-05 09:32:00,23.3,23.3,23.0,23.3,13500,23.117547,1146750,960.45,960.0
2026-02-05 09:33:00,23.2,23.3,23.2,23.2,1500,23.035618,1146750,960.4,960.0
2026-02-05 09:34:00,23.2,23.2,23.0,23.0,3000,23.620111,1152000,959.1,960.0
2026-02-05 09:35:00,23.3,23.3,23.0,23.3,4500,22.578238,1152000,961.3,960.0
2026-02-05 09:36:00,23.8,23.8,23.3,23.8,15750,23.404888,1152000,960.9,960.0
2026-02-05 09:37:00,23.8,23.8,23.8,23.8,12750,22.69957,1164000,962.0,960.0
2026-02-05 09:38:00,23.8,23.8,23.8,23.8,8250,23.214825,1164000,961.2,960.0
2026-02-05 09:39:00,23.8,23.8,23.8,23.8,0,23.023202,1164000,961.5,960.0
2026-02-05 09:40:00,23.5,23.8,23.5,23.5,3750,23.444338,1157250,960.3,960.0
2026-02-05 09:41:00,22.95,23.5,22.95,22.95,3000,23.069204,1157250,959.9,960.0
2026-02-05 09:42:00,22.75,22.95,22.75,22.75,750,22.621798,1157250,960.25,960.0
2026-02-05 09:43:00,22.85,22.85,22.75,22.85,3750,23.515905,1159500,959.0,960.0
2026-02-05 09:44:00,22.4,22.85,21.65,21.65,9750,23.097332,1159500,957.45,960.0
2026-02-05 09:45:00,21.4,21.65,21.4,21.4,9000,22.783426,1159500,957.5,960.0
2026-02-05 09:46:00,21.45,22.1,21.4,22.1,9750,22.848765,1167000,958.7,960.0
2026-02-05 09:47:00,22.0,22.1,22.0,22.0,6750,22.888974,1167000,958.45,960.0
2026-02-05 09:48:00,22.0,22.0,22.0,22.0,5250,23.46718,1167000,957.5,960.0
2026-02-05 09:49:00,22.0,22.0,22.0,22.0,0,23.012356,1163250,958.25,960.0
2026-02-05 09:50:00,22.1,22.35,22.0,22.35,6750,22.484024,1163250,959.75,960.0
2026-02-05 09:51:00,22.75,22.75,22.35,22.75,12000,23.00283,1163250,959.65,960.0
2026-02-05 09:52:00,22.5,22.75,22.5,22.5,2250,23.214771,1170000,958.85,960.0
2026-02-05 09:53:00,22.4,22.5,22.25,22.25,9000,22.745297,1170000,959.15,960.0
2026-02-05 09:54:00,22.25,22.25,22.25,22.25,0,23.207666,1170000,958.4,960.0
2026-02-05 09:55:00,22.2,22.25,22.2,22.2,3750,22.997961,1170750,958.65,960.0
2026-02-05 09:56:00,22.35,22.35,22.2,22.35,6750,23.383635,1170750,958.3,960.0
2026-02-05 09:57:00,22.25,22.35,22.25,22.25,10500,23.331445,1170750,958.2,960.0
2026-02-05 09:58:00,22.15,22.25,22.15,22.15,15750,22.819468,1176000,958.85,960.0
2026-02-05 09:59:00,22.3,22.3,22.15,22.3,5250,23.389375,1176000,958.2,960.0
2026-02-05 10:00:00,21.65,22.3,21.65,21.65,12750,23.045222,1176000,957.55,960.0
2026-02-05 10:01:00,21.65,21.65,21.65,21.65,11250,23.406671,1190250,956.95,960.0
2026-02-05 10:02:00,21.45,21.65,21.1,21.1,7500,23.198839,1190250,956.25,960.0
2026-02-05 10:03:00,21.2,21.2,21.1,21.2,12000,23.549412,1190250,955.85,960.0
2026-02-05 10:04:00,26.0,26.8,25.6,25.6,14250,23.57567,1544250,954.25,950.0
2026-02-05 10:05:00,25.2,25.6,25.2,25.45,15750,23.163924,1544250,954.6,950.0
2026-02-05 10:06:00,25.6,25.6,25.45,25.6,5250,23.339099,1544250,954.6,950.0
2026-02-05 10:07:00,25.6,25.6,25.6,25.6,0,23.305546,1544250,954.65,950.0
2026-02-05 10:08:00,25.25,25.6,25.25,25.25,6750,23.17082,1546500,954.25,950.0
2026-02-05 10:09:00,24.9,25.25,24.9,24.9,13500,22.593679,1546500,954.5,950.0
2026-02-05 10:10:00,20.55,20.8,20.05,20.55,20250,22.754955,1251000,955.95,960.0
2026-02-05 10:11:00,20.6,20.6,20.5,20.5,3000,22.610006,1251000,956.1,960.0
2026-02-05 10:12:00,20.8,20.8,20.5,20.8,4500,22.505592,1251000,956.85,960.0
2026-02-05 10:13:00,21.2,21.2,20.8,20.95,15000,22.915229,1260750,956.45,960.0
2026-02-05 10:14:00,21.05,21.5,20.95,21.5,7500,23.002544,1260750,957.35,960.0
2026-02-05 10:15:00,21.45,21.5,21.2,21.35,11250,22.982827,1260750,957.1,960.0
2026-02-05 10:16:00,21.4,21.4,21.15,21.15,6000,22.965458,1265250,956.75,960.0
2026-02-05 10:17:00,21.15,21.15,21.15,21.15,8250,23.263464,1265250,956.25,960.0
2026-02-05 10:18:00,21.05,21.15,21.0,21.0,3750,22.825737,1265250,956.7,960.0
2026-02-05 10:19:00,21.0,21.05,21.0,21.05,19500,22.972539,1275750,956.55,960.0
2026-02-05 10:20:00,21.0,21.05,21.0,21.0,2250,22.073239,1275750,957.95,960.0
2026-02-05 10:21:00,21.6,22.2,21.0,22.2,24000,22.48509,1275750,959.5,960.0
2026-02-05 10:22:00,22.2,22.4,22.0,22.4,8250,22.400517,1272750,960.0,960.0
2026-02-05 10:23:00,22.6,22.6,22.4,22.6,9000,23.004298,1272750,959.4,960.0
2026-02-05 10:24:00,22.6,22.6,22.6,22.6,0,22.755163,1272750,959.8,960.0
2026-02-05 10:25:00,22.25,22.6,22.25,22.55,12000,22.761248,1265250,959.7,960.0
2026-02-05 10:26:00,22.45,22.55,22.45,22.45,4500,22.772625,1265250,959.5,960.0
2026-02-05 10:27:00,22.45,22.45,22.45,22.45,0,23.114391,1265250,958.95,960.0
2026-02-05 10:28:00,22.2,22.45,22.2,22.2,5250,23.015056,1263000,958.65,960.0
2026-02-05 10:29:00,22.2,22.2,22.2,22.2,0,22.954036,1263000,958.75,960.0
2026-02-05 10:30:00,21.9,22.2,21.9,21.9,1500,22.272297,1263000,959.3,960.0
2026-02-05 10:31:00,21.9,22.15,21.9,22.15,3000,22.588831,1263000,959.25,960.0
2026-02-05 10:32:00,22.25,22.25,22.15,22.25,2250,22.858249,1265250,959.0,960.0
2026-02-05 10:33:00,21.9,22.25,21.9,21.9,1500,22.768157,1265250,958.5,960.0
2026-02-05 10:34:00,21.55,21.9,21.55,21.55,750,22.431449,1265250,958.4,960.0
2026-02-05 10:35:00,21.55,21.55,21.55,21.55,0,22.554385,1265250,958.2,960.0
2026-02-05 10:36:00,21.4,21.55,21.4,21.4,4500,22.414658,1265250,958.15,960.0
2026-02-05 10:37:00,21.6,21.6,21.4,21.6,1500,22.612334,1265250,958.2,960.0
2026-02-05 10:38:00,21.4,21.6,21.4,21.45,3750,22.7161,1263750,957.75,960.0
2026-02-05 10:39:00,21.7,21.7,21.45,21.6,21750,22.796239,1263750,957.9,960.0
2026-02-05 10:40:00,21.45,21.6,21.25,21.25,5250,22.459107,1272000,957.8,960.0
2026-02-05 10:41:00,21.4,21.4,21.25,21.4,1500,22.017966,1272000,958.8,960.0
2026-02-05 10:42:00,21.4,21.4,21.4,21.4,0,22.29533,1272000,958.35,960.0
2026-02-05 10:43:00,21.4,21.4,21.4,21.4,1500,22.509722,1271250,958.0,960.0
2026-02-05 10:44:00,21.4,21.4,21.4,21.4,0,22.326973,1271250,958.3,960.0
2026-02-05 10:45:00,21.4,21.4,21.4,21.4,0,22.296847,1271250,958.35,960.0
2026-02-05 10:46:00,21.3,21.4,21.3,21.3,6000,22.519075,1272000,957.8,960.0
2026-02-05 10:47:00,21.35,21.35,20.75,20.75,10500,22.705099,1272000,956.45,960.0
2026-02-05 10:48:00,20.75,20.75,20.75,20.75,0,22.765048,1272000,956.35,960.0
2026-02-05 10:49:00,20.4,20.75,20.4,20.55,8250,22.774828,1271250,955.95,960.0
2026-02-05 10:50:00,20.55,20.55,20.55,20.55,0,22.449283,1271250,956.5,960.0
2026-02-05 10:51:00,20.7,20.7,20.55,20.7,15750,22.231531,1271250,957.15,960.0
2026-02-05 10:52:00,20.7,20.7,20.7,20.7,0,22.352142,1267500,956.95,960.0
2026-02-05 10:53:00,20.7,20.7,20.7,20.7,3750,22.710702,1267500,956.35,960.0
2026-02-05 10:54:00,20.45,20.7,20.45,20.45,3750,22.722568,1267500,955.85,960.0
2026-02-05 10:55:00,20.45,20.45,20.45,20.45,0,21.828438,1266000,957.35,960.0
2026-02-05 10:56:00,20.8,20.8,20.45,20.8,22500,22.647425,1266000,956.65,960.0
2026-02-05 10:57:00,20.7,20.8,20.7,20.7,3750,22.414577,1266000,956.85,960.0
2026-02-05 10:58:00,20.7,20.7,20.7,20.7,0,22.653802,1266000,956.45,960.0
2026-02-05 10:59:00,20.5,20.7,20.5,20.5,750,22.128018,1263000,956.95,960.0
2026-02-05 11:00:00,20.5,20.5,20.5,20.5,0,22.158493,1263000,956.9,960.0
2026-02-05 11:01:00,20.8,20.8,20.5,20.8,750,22.709604,1263000,956.55,960.0
2026-02-05 11:02:00,20.5,20.8,20.5,20.5,6000,22.12952,1263000,956.95,960.0
2026-02-05 11:03:00,20.95,20.95,20.5,20.95,3000,22.431838,1263000,957.3,960.0
2026-02-05 11:04:00,21.0,21.0,20.95,21.0,750,22.338236,1265250,957.55,960.0
2026-02-05 11:05:00,20.95,21.0,20.95,20.95,4500,22.03884,1265250,957.95,960.0
2026-02-05 11:06:00,20.95,20.95,20.95,20.95,0,21.081737,1265250,959.5,960.0
2026-02-05 11:07:00,21.75,22.0,20.95,22.0,5250,21.998277,1266000,959.95,960.0
2026-02-05 11:08:00,22.0,22.0,22.0,22.0,4500,21.998781,1266000,959.95,960.0
2026-02-05 11:09:00,22.0,22.0,22.0,22.0,0,22.187647,1266000,959.65,960.0
2026-02-05 11:10:00,22.1,22.1,21.9,21.9,3000,22.230277,1266000,959.4,960.0
2026-02-05 11:11:00,22.15,22.15,21.9,22.15,3000,22.04548,1266000,960.15,960.0
2026-02-05 11:12:00,22.25,22.25,22.15,22.25,2250,21.490724,1266000,961.2,960.0
2026-02-05 11:13:00,22.8,22.95,22.25,22.95,45000,22.099363,1256250,961.5,960.0
2026-02-05 11:14:00,23.0,23.3,22.95,23.3,7500,22.24185,1256250,961.9,960.0
2026-02-05 11:15:00,23.2,23.3,23.2,23.2,3000,22.257452,1256250,961.7,960.0
2026-02-05 11:16:00,23.05,23.2,23.05,23.05,3000,21.956281,1256250,961.9,960.0
2026-02-05 11:17:00,23.0,23.05,23.0,23.0,6000,22.09405,1256250,961.6,960.0
2026-02-05 11:18:00,23.1,23.1,23.0,23.1,8250,22.56281,1256250,961.05,960.0
2026-02-05 11:19:00,23.05,23.1,23.0,23.0,11250,22.384865,1263000,961.15,960.0
2026-02-05 11:20:00,22.9,23.0,22.9,22.9,10500,22.174574,1263000,961.3,960.0
2026-02-05 11:21:00,22.95,22.95,22.9,22.95,4500,22.424752,1263000,961.0,960.0
2026-02-05 11:22:00,22.7,22.95,22.7,22.7,1500,22.107216,1263000,961.05,960.0
2026-02-05 11:23:00,22.7,22.7,22.7,22.7,3750,22.299466,1261500,960.75,960.0
2026-02-05 11:24:00,22.65,22.7,22.4,22.4,9000,22.432188,1261500,960.0,960.0
2026-02-05 11:25:00,22.2,22.4,22.2,22.2,9000,22.517819,1257750,959.5,960.0
2026-02-05 11:26:00,22.0,22.2,22.0,22.0,6750,22.3525,1257750,959.4,960.0
2026-02-05 11:27:00,21.8,22.0,21.8,21.95,2250,22.482568,1257750,959.1,960.0
2026-02-05 11:28:00,21.8,21.95,21.8,21.8,2250,22.682476,1258500,958.5,960.0
2026-02-05 11:29:00,21.6,21.8,21.6,21.6,1500,22.638929,1258500,958.2,960.0
2026-02-05 11:30:00,21.6,21.6,21.6,21.6,7500,22.578233,1258500,958.3,960.0
2026-02-05 11:31:00,21.6,21.6,21.6,21.6,3750,22.70106,1258500,958.1,960.0
2026-02-05 11:32:00,21.2,21.6,21.2,21.35,12750,22.538635,1263000,957.9,960.0
2026-02-05 11:33:00,21.35,21.35,21.35,21.35,0,22.356045,1263000,958.2,960.0
2026-02-05 11:34:00,21.35,21.35,21.35,21.35,750,22.570085,1263000,957.85,960.0
2026-02-05 11:35:00,21.15,21.35,21.0,21.0,1500,22.20219,1266000,957.8,960.0
2026-02-05 11:36:00,21.5,21.5,21.0,21.5,2250,21.599006,1266000,959.7,960.0
2026-02-05 11:37:00,21.5,21.5,21.5,21.5,0,21.378974,1266000,960.05,960.0
2026-02-05 11:38:00,22.4,22.4,21.5,22.4,3750,22.37634,1263000,960.1,960.0
2026-02-05 11:39:00,22.55,22.55,22.4,22.55,3750,21.589424,1263000,961.6,960.0
2026-02-05 11:40:00,22.95,22.95,22.55,22.95,5250,21.788589,1253250,962.0,960.0
2026-02-05 11:41:00,23.3,23.3,22.95,23.3,12000,21.764745,1253250,962.65,960.0
2026-02-05 11:42:00,24.2,24.3,23.3,24.25,21750,22.026552,1253250,963.9,960.0
2026-02-05 11:43:00,24.3,24.9,24.25,24.75,13500,21.994631,1250250,964.8,960.0
2026-02-05 11:44:00,24.55,24.75,24.55,24.55,750,22.440599,1250250,963.8,960.0
2026-02-05 11:45:00,24.7,24.7,24.55,24.7,8250,22.613973,1250250,963.8,960.0
2026-02-05 11:46:00,24.9,24.9,24.7,24.9,2250,22.169727,1246500,964.8,960.0
2026-02-05 11:47:00,25.0,25.0,24.9,24.9,12000,22.374292,1246500,964.5,960.0
2026-02-05 11:48:00,24.9,24.9,24.9,24.9,0,23.178444,1246500,963.3,960.0
2026-02-05 11:49:00,24.0,24.9,24.0,24.0,15000,21.808991,1246500,963.8,960.0
2026-02-05 11:50:00,24.25,24.25,24.0,24.25,18750,21.65847,1241250,964.45,960.0
2026-02-05 11:51:00,24.55,24.55,24.25,24.3,8250,22.489822,1241250,963.3,960.0
2026-02-05 11:52:00,24.1,24.3,24.1,24.1,8250,22.293371,1241250,963.25,960.0
2026-02-05 11:53:00,24.15,24.15,24.1,24.15,3750,22.31821,1242000,963.3,960.0
2026-02-05 11:54:00,24.15,24.15,24.15,24.15,0,22.318725,1242000,963.3,960.0
2026-02-05 11:55:00,24.4,24.9,24.15,24.9,9000,22.037595,1242750,965.0,960.0
2026-02-05 11:56:00,24.65,24.9,24.65,24.65,4500,22.394299,1242750,964.05,960.0
2026-02-05 11:57:00,24.65,24.65,24.65,24.65,0,22.762849,1242750,963.5,960.0
2026-02-05 11:58:00,24.15,24.65,24.15,24.15,750,21.953011,1242750,963.85,960.0
2026-02-05 11:59:00,24.15,24.15,24.15,24.15,0,21.784931,1242750,964.1,960.0
2026-02-05 12:00:00,24.65,24.65,24.15,24.65,3750,22.126055,1242000,964.45,960.0
2026-02-05 12:01:00,24.55,24.65,24.55,24.55,2250,22.616498,1242000,963.55,960.0
2026-02-05 12:02:00,24.0,24.55,24.0,24.2,1500,22.280561,1241250,963.45,960.0
2026-02-05 12:03:00,24.15,24.2,24.15,24.15,750,22.056298,1241250,963.7,960.0
2026-02-05 12:04:00,24.45,24.45,24.15,24.45,750,22.735523,1241250,963.2,960.0
2026-02-05 12:05:00,23.65,24.45,23.65,23.65,5250,22.04735,1240500,962.85,960.0
2026-02-05 12:06:00,23.8,23.8,23.65,23.8,2250,22.286362,1240500,962.75,960.0
2026-02-05 12:07:00,23.5,23.8,23.5,23.5,2250,22.204963,1240500,962.35,960.0
2026-02-05 12:08:00,23.75,23.75,23.5,23.75,7500,22.623155,1240500,962.15,960.0
2026-02-05 12:09:00,23.55,23.75,23.55,23.55,750,21.901263,1240500,962.9,960.0
2026-02-05 12:10:00,23.55,23.55,23.55,23.55,0,22.394648,1240500,962.15,960.0
2026-02-05 12:11:00,23.55,23.55,23.55,23.55,0,22.557852,1243500,961.9,960.0
2026-02-05 12:12:00,23.55,23.55,23.55,23.55,0,22.88145,1243500,961.4,960.0
2026-02-05 12:13:00,23.25,23.55,23.25,23.25,5250,22.666835,1243500,961.2,960.0
2026-02-05 12:14:00,23.0,23.25,23.0,23.0,3000,22.316709,1242750,961.3,960.0
2026-02-05 12:15:00,23.0,23.05,23.0,23.05,1500,22.438795,1242750,961.2,960.0
2026-02-05 12:16:00,23.2,23.2,23.05,23.2,2250,22.288708,1242750,961.7,960.0
2026-02-05 12:17:00,23.7,23.7,23.2,23.7,3750,22.077946,1242750,962.9,960.0
2026-02-05 12:18:00,23.7,23.7,23.7,23.7,0,22.60354,1242750,962.1,960.0
2026-02-05 12:19:00,23.7,23.7,23.7,23.7,0,22.895879,1242750,961.65,960.0
2026-02-05 12:20:00,23.45,23.7,23.45,23.45,2250,22.415294,1242750,961.95,960.0
2026-02-05 12:21:00,23.45,23.45,23.45,23.45,750,22.350723,1242750,962.05,960.0
2026-02-05 12:22:00,23.45,23.45,23.45,23.45,0,22.155215,1242750,962.35,960.0
2026-02-05 12:23:00,23.45,23.45,23.45,23.45,750,22.804785,1242750,961.35,960.0
2026-02-05 12:24:00,23.45,23.45,23.45,23.45,0,22.837441,1242750,961.3,960.0
2026-02-05 12:25:00,22.85,23.45,22.85,22.85,5250,22.279019,1242750,961.1,960.0
2026-02-05 12:26:00,22.8,22.85,22.8,22.8,3750,22.190144,1242750,961.15,960.0
2026-02-05 12:27:00,23.2,23.2,22.8,23.2,5250,22.294354,1242750,961.7,960.0
2026-02-05 12:28:00,23.2,23.2,23.2,23.2,1500,22.424222,1242750,961.5,960.0
2026-02-05 12:29:00,23.2,23.2,23.2,23.2,0,22.392444,1242750,961.55,960.0
2026-02-05 12:30:00,23.55,23.55,23.2,23.55,22500,22.470156,1242000,962.05,960.0
2026-02-05 12:31:00,23.75,24.5,23.55,24.5,21750,22.17184,1242000,964.15,960.0
2026-02-05 12:32:00,24.2,24.5,23.9,23.9,3000,22.579099,1253250,962.5,960.0
2026-02-05 12:33:00,23.9,23.9,23.9,23.9,750,22.873421,1253250,962.05,960.0
2026-02-05 12:34:00,23.9,23.9,23.9,23.9,0,22.58014,1253250,962.5,960.0
2026-02-05 12:35:00,23.55,23.9,23.55,23.55,5250,22.079673,1254000,962.65,960.0
2026-02-05 12:36:00,23.75,23.75,23.55,23.75,750,22.277271,1254000,962.7,960.0
2026-02-05 12:37:00,23.75,23.75,23.75,23.75,0,21.979924,1254000,963.15,960.0
2026-02-05 12:38:00,24.1,24.1,23.75,24.1,1500,22.482917,1252500,963.0,960.0
2026-02-05 12:39:00,24.25,24.25,24.1,24.25,2250,22.72207,1252500,962.9,960.0
2026-02-05 12:40:00,24.0,24.25,24.0,24.0,1500,22.467997,1252500,962.85,960.0
2026-02-05 12:41:00,24.9,24.9,24.0,24.9,13500,22.806948,1254750,963.9,960.0
2026-02-05 12:42:00,24.9,24.9,24.8,24.8,3000,22.355101,1254750,964.4,960.0
2026-02-05 12:43:00,24.8,24.8,24.8,24.8,1500,22.490853,1254750,964.2,960.0
2026-02-05 12:44:00,24.9,24.9,24.55,24.55,4500,22.538776,1254750,963.7,960.0
2026-02-05 12:45:00,24.8,24.8,24.55,24.8,3000,22.390523,1254750,964.35,960.0
2026-02-05 12:46:00,19.8,20.05,19.45,20.05,24750,22.440803,1060500,965.2,970.0
2026-02-05 12:47:00,19.85,20.05,19.85,19.85,18000,22.30229,1055250,965.05,970.0
2026-02-05 12:48:00,25.4,25.4,25.4,25.4,5250,22.644226,1251750,965.0,960.0
2026-02-05 12:49:00,20.05,20.05,20.05,20.05,6750,22.529069,1055250,965.05,970.0
2026-02-05 12:50:00,20.05,20.05,20.05,20.05,7500,22.326855,1057500,965.4,970.0
2026-02-05 12:51:00,20.2,20.25,20.05,20.25,7500,22.553109,1057500,965.4,970.0
2026-02-05 12:52:00,20.4,20.4,20.25,20.4,6750,22.402153,1057500,965.95,970.0
2026-02-05 12:53:00,20.4,20.4,20.3,20.3,18750,22.289791,1067250,965.95,970.0
2026-02-05 12:54:00,20.65,20.65,20.3,20.5,18750,22.545307,1067250,965.9,970.0
2026-02-05 12:55:00,20.7,20.7,20.5,20.6,2250,22.775565,1067250,965.7,970.0
2026-02-05 12:56:00,20.6,20.6,20.6,20.6,0,22.979787,1070250,965.35,970.0
2026-02-05 12:57:00,20.4,20.6,20.4,20.4,13500,22.375384,1070250,966.0,970.0
2026-02-05 12:58:00,20.9,20.9,20.4,20.9,23250,22.940276,1070250,966.0,970.0
2026-02-05 12:59:00,21.1,21.15,20.9,21.15,22500,22.987802,1089000,966.4,970.0
2026-02-05 13:00:00,21.1,21.15,21.1,21.1,7500,22.872858,1089000,966.5,970.0
2026-02-05 13:01:00,21.0,21.1,21.0,21.0,6000,22.790011,1089000,966.45,970.0
2026-02-05 13:02:00,21.0,21.0,21.0,21.0,1500,22.908389,1094250,966.25,970.0
2026-02-05 13:03:00,20.85,21.0,20.85,20.85,8250,22.768986,1094250,966.2,970.0
2026-02-05 13:04:00,20.8,20.85,20.8,20.8,1500,22.85978,1094250,965.95,970.0
2026-02-05 13:05:00,20.65,20.8,20.65,20.65,1500,22.661655,1092750,966.0,970.0
2026-02-05 13:06:00,20.85,20.9,20.65,20.9,2250,22.915075,1092750,966.05,970.0
2026-02-05 13:07:00,21.0,21.0,20.9,21.0,4500,23.116397,1092750,965.9,970.0
2026-02-05 13:08:00,21.0,21.0,21.0,21.0,0,23.146175,1092750,965.85,970.0
2026-02-05 13:09:00,20.65,21.0,20.65,21.0,12750,22.735044,1095750,966.55,970.0
2026-02-05 13:10:00,21.2,21.2,21.0,21.2,750,22.931796,1095750,966.6,970.0
2026-02-05 13:11:00,21.1,21.2,20.85,20.85,13500,22.655293,1109250,966.4,970.0
2026-02-05 13:12:00,20.85,20.85,20.85,20.85,750,22.773601,1109250,966.2,970.0
2026-02-05 13:13:00,20.6,20.85,20.6,20.6,3000,22.579958,1109250,966.05,970.0
2026-02-05 13:14:00,20.75,20.75,20.6,20.75,24000,22.661716,1115250,966.2,970.0
2026-02-05 13:15:00,21.0,21.0,20.75,21.0,25500,22.708548,1115250,966.6,970.0
2026-02-05 13:16:00,21.0,21.0,21.0,21.0,9000,22.709061,1115250,966.6,970.0
2026-02-05 13:17:00,20.9,21.0,20.9,20.9,4500,22.448434,1107000,966.85,970.0
2026-02-05 13:18:00,21.05,21.1,20.9,21.1,5250,22.734149,1107000,966.75,970.0
2026-02-05 13:19:00,21.2,21.2,21.1,21.15,3000,22.672329,1107000,966.95,970.0
2026-02-05 13:20:00,21.15,21.15,21.15,21.15,3000,22.702576,1105500,966.9,970.0
2026-02-05 13:21:00,21.15,21.15,21.15,21.15,2250,22.732799,1105500,966.85,970.0
2026-02-05 13:22:00,21.15,21.15,21.15,21.15,0,22.34523,1105500,967.5,970.0
2026-02-05 13:23:00,21.55,21.55,21.15,21.4,81000,22.658142,1138500,967.45,970.0
2026-02-05 13:24:00,21.4,21.4,21.35,21.35,2250,22.662081,1138500,967.35,970.0
2026-02-05 13:25:00,21.35,21.35,21.2,21.2,3750,22.791322,1138500,966.85,970.0
2026-02-05 13:26:00,21.3,21.3,21.2,21.3,1500,22.785796,1137750,967.05,970.0
2026-02-05 13:27:00,21.1,21.3,21.1,21.1,3000,22.679408,1137750,966.85,970.0
2026-02-05 13:28:00,21.0,21.1,21.0,21.0,6000,22.715211,1137750,966.6,970.0
2026-02-05 13:29:00,20.9,21.0,20.65,20.65,9750,22.527021,1136250,966.25,970.0
2026-02-05 13:30:00,20.8,20.8,20.65,20.7,2250,22.377402,1136250,966.6,970.0
2026-02-05 13:31:00,20.75,20.75,20.7,20.75,750,22.017757,1136250,967.3,970.0
2026-02-05 13:32:00,20.75,20.75,20.75,20.75,0,22.286626,1136250,966.85,970.0
2026-02-05 13:33:00,21.0,21.0,20.75,21.0,3000,22.628895,1134000,966.75,970.0
2026-02-05 13:34:00,21.05,21.05,21.0,21.05,9000,22.656212,1134000,966.8,970.0
2026-02-05 13:35:00,21.05,21.3,21.05,21.3,3750,22.671061,1141500,967.25,970.0
2026-02-05 13:36:00,21.2,21.55,21.2,21.55,14250,22.593713,1141500,967.85,970.0
2026-02-05 13:37:00,21.4,21.55,21.4,21.45,1500,22.481209,1141500,967.85,970.0
2026-02-05 13:38:00,21.65,21.65,21.45,21.5,10500,22.598526,1134000,967.75,970.0
2026-02-05 13:39:00,21.7,21.7,21.5,21.7,2250,22.613655,1134000,968.1,970.0
2026-02-05 13:40:00,21.5,21.7,21.5,21.5,3000,22.959322,1134000,967.15,970.0
2026-02-05 13:41:00,21.5,21.5,21.5,21.5,0,22.600063,1132500,967.75,970.0
2026-02-05 13:42:00,21.4,21.5,21.4,21.4,3000,23.115032,1132500,966.7,970.0
2026-02-05 13:43:00,20.8,21.4,20.7,20.7,3750,22.41358,1132500,966.55,970.0
2026-02-05 13:44:00,20.8,20.8,20.7,20.8,2250,22.438227,1131000,966.7,970.0
2026-02-05 13:45:00,20.8,20.8,20.8,20.8,750,22.734052,1131000,966.2,970.0
2026-02-05 13:46:00,20.65,20.8,20.65,20.65,2250,22.358615,1131000,966.55,970.0
2026-02-05 13:47:00,20.5,20.65,20.5,20.5,6750,22.513651,1131000,966.0,970.0
2026-02-05 13:48:00,20.5,21.2,20.5,21.2,25500,21.961898,1131000,968.25,970.0
2026-02-05 13:49:00,21.55,21.55,21.2,21.55,28500,22.539983,1131000,967.95,970.0
2026-02-05 13:50:00,21.3,21.55,21.3,21.3,23250,22.227612,1152000,968.0,970.0
2026-02-05 13:51:00,21.6,21.6,21.2,21.2,27000,22.115056,1152000,968.0,970.0
2026-02-05 13:52:00,21.4,21.4,21.2,21.4,2250,22.068351,1152000,968.45,970.0
2026-02-05 13:53:00,21.4,21.4,21.4,21.4,5250,22.643544,1172250,967.5,970.0
2026-02-05 13:54:00,21.2,21.4,21.0,21.0,12000,22.371664,1172250,967.2,970.0
2026-02-05 13:55:00,21.0,21.0,21.0,21.0,0,22.431889,1172250,967.1,970.0
2026-02-05 13:56:00,21.0,21.0,21.0,21.0,1500,22.372681,1172250,967.2,970.0
2026-02-05 13:57:00,21.0,21.0,21.0,21.0,750,22.46273,1177500,967.05,970.0
2026-02-05 13:58:00,20.65,21.0,20.65,20.65,3000,22.364697,1177500,966.55,970.0
2026-02-05 13:59:00,20.5,20.65,20.4,20.45,3750,22.316298,1178250,966.25,970.0
2026-02-05 14:00:00,20.45,20.45,20.45,20.45,3000,22.930325,1178250,965.2,970.0
2026-02-05 14:01:00,20.1,20.45,20.1,20.35,3000,22.730758,1178250,965.35,970.0
2026-02-05 14:02:00,20.05,20.35,20.0,20.0,10500,22.480647,1178250,965.1,970.0
2026-02-05 14:03:00,19.95,20.0,19.95,19.95,1500,22.453562,1172250,965.05,970.0
2026-02-05 14:04:00,19.65,19.95,19.65,19.75,8250,22.227994,1172250,965.05,970.0
2026-02-05 14:05:00,19.85,19.85,19.75,19.85,2250,22.341534,1172250,965.05,970.0
2026-02-05 14:06:00,25.0,25.2,25.0,25.0,8250,22.562569,1215000,964.5,960.0
2026-02-05 14:07:00,19.7,19.7,19.6,19.7,2250,22.172977,1172250,965.05,970.0
2026-02-05 14:08:00,19.8,19.8,19.7,19.8,3000,22.286524,1170750,965.05,970.0
2026-02-05 14:09:00,24.8,25.2,24.8,24.8,2250,22.603325,1201500,964.1,960.0
2026-02-05 14:10:00,24.6,24.8,24.6,24.6,3000,22.439999,1201500,964.0,960.0
2026-02-05 14:11:00,24.05,24.6,24.05,24.05,4500,22.374161,1198500,963.15,960.0
2026-02-05 14:12:00,23.95,24.05,23.95,23.95,5250,22.226068,1198500,963.2,960.0
2026-02-05 14:13:00,24.3,24.3,23.95,24.3,8250,22.262961,1198500,963.75,960.0
2026-02-05 14:14:00,24.8,24.8,24.3,24.8,2250,22.436963,1196250,964.35,960.0
2026-02-05 14:15:00,24.75,25.05,24.75,25.05,3750,22.726824,1196250,964.35,960.0
2026-02-05 14:16:00,24.85,25.05,24.85,24.85,1500,22.529744,1196250,964.3,960.0
2026-02-05 14:17:00,24.55,24.85,24.55,24.55,21750,22.318362,1197750,964.1,960.0
2026-02-05 14:18:00,24.55,24.55,24.55,24.55,0,22.386357,1197750,964.0,960.0
2026-02-05 14:19:00,24.55,24.55,24.55,24.55,0,22.048065,1197750,964.5,960.0
2026-02-05 14:20:00,25.15,25.15,24.55,25.15,6750,22.709682,1197000,964.55,960.0
2026-02-05 14:21:00,19.85,20.2,19.85,20.2,4500,22.542336,1168500,965.4,970.0
2026-02-05 14:22:00,20.2,20.2,20.1,20.1,6000,22.313305,1168500,965.6,970.0
2026-02-05 14:23:00,20.05,20.15,20.0,20.0,6000,22.520228,1169250,965.05,970.0
2026-02-05 14:24:00,25.0,25.45,25.0,25.0,2250,22.470024,1197750,964.65,960.0
2026-02-05 14:25:00,25.0,25.0,24.85,24.85,1500,22.703245,1197750,964.05,960.0
2026-02-05 14:26:00,25.0,25.0,24.85,25.0,1500,22.573078,1197750,964.5,960.0
2026-02-05 14:27:00,19.7,19.7,19.7,19.7,0,22.154076,1173000,965.1,970.0
2026-02-05 14:28:00,25.0,25.0,25.0,25.0,0,22.232824,1200000,965.0,960.0
2026-02-05 14:29:00,25.45,25.45,25.0,25.45,4500,22.789685,1200750,964.95,960.0
2026-02-05 14:30:00,25.45,25.45,25.45,25.45,0,23.096179,1200750,964.5,960.0
2026-02-05 14:31:00,25.45,25.45,25.45,25.45,0,23.062857,1200750,964.55,960.0
2026-02-05 14:32:00,19.95,19.95,19.75,19.95,2250,21.914692,1173750,966.0,970.0
2026-02-05 14:33:00,20.25,20.25,19.95,20.0,72750,22.351346,1172250,965.35,970.0
2026-02-05 14:34:00,20.05,20.05,20.0,20.05,750,22.408394,1172250,965.35,970.0
2026-02-05 14:35:00,25.25,25.25,25.25,25.25,0,22.629234,1200750,964.85,960.0
2026-02-05 14:36:00,25.2,25.25,25.1,25.1,5250,22.489954,1200750,964.8,960.0
2026-02-05 14:37:00,25.05,25.1,25.05,25.05,6000,22.432489,1200750,964.8,960.0
2026-02-05 14:38:00,25.05,25.05,25.05,25.05,0,22.433013,1200750,964.8,960.0
2026-02-05 14:39:00,25.0,25.05,25.0,25.0,750,22.613851,1201500,964.45,960.0
2026-02-05 14:40:00,25.0,25.0,25.0,25.0,0,23.119276,1201500,963.7,960.0
2026-02-05 14:41:00,25.0,25.0,25.0,25.0,0,22.614906,1201500,964.45,960.0
2026-02-05 14:42:00,25.0,25.0,25.0,25.0,0,22.581495,1201500,964.5,960.0
2026-02-05 14:43:00,25.0,25.0,25.0,25.0,0,22.785123,1201500,964.2,960.0
2026-02-05 14:44:00,24.65,25.0,24.5,24.5,10500,22.61077,1207500,963.6,960.0
2026-02-05 14:45:00,24.5,24.5,24.5,24.5,0,22.376302,1207500,963.95,960.0
2026-02-05 14:46:00,24.95,24.95,24.5,24.95,10500,22.286986,1207500,964.85,960.0
2026-02-05 14:47:00,25.2,25.2,24.95,25.1,6000,22.835422,1206750,964.3,960.0
2026-02-05 14:48:00,25.0,25.1,25.0,25.0,16500,22.754002,1206750,964.25,960.0
2026-02-05 14:49:00,25.05,25.05,25.0,25.05,2250,22.43878,1206750,964.8,960.0
2026-02-05 14:50:00,25.05,25.05,25.05,25.05,0,22.473451,1206750,964.75,960.0
2026-02-05 14:51:00,25.05,25.05,25.05,25.05,0,22.473976,1206750,964.75,960.0
2026-02-05 14:52:00,25.05,25.05,25.05,25.05,0,22.610723,1206750,964.55,960.0
2026-02-05 14:53:00,20.05,20.05,20.0,20.05,8250,22.447074,1183500,965.3,970.0
2026-02-05 14:54:00,25.2,25.2,25.2,25.2,0,22.785581,1221750,964.55,960.0
2026-02-05 14:55:00,20.05,20.05,20.05,20.05,0,22.331728,1183500,965.5,970.0
2026-02-05 14:56:00,20.05,20.05,20.05,20.05,0,22.390457,1183500,965.4,970.0
2026-02-05 14:57:00,20.05,20.05,20.05,20.05,0,22.332739,1182750,965.5,970.0
2026-02-05 14:58:00,20.0,20.05,20.0,20.0,10500,22.422079,1182750,965.25,970.0
2026-02-05 14:59:00,25.3,25.45,25.3,25.3,3000,22.699906,1207500,964.85,960.0
2026-02-05 15:00:00,25.65,25.65,25.3,25.65,3000,23.003996,1209000,965.0,960.0
2026-02-05 15:01:00,20.15,20.25,20.15,20.25,18000,22.53188,1184250,965.55,970.0
2026-02-05 15:02:00,20.25,20.25,20.1,20.1,3750,22.508212,1184250,965.3,970.0
2026-02-05 15:03:00,19.95,20.1,19.95,19.95,1500,22.426048,1183500,965.15,970.0
2026-02-05 15:04:00,20.2,20.2,19.95,20.2,9000,22.564226,1183500,965.4,970.0
2026-02-05 15:05:00,20.2,20.2,20.2,20.2,0,22.477346,1183500,965.55,970.0
2026-02-05 15:06:00,25.35,25.5,25.35,25.35,1500,22.693287,1204500,964.95,960.0
2026-02-05 15:07:00,19.95,20.2,19.95,19.95,750,22.45705,1184250,965.1,970.0
2026-02-05 15:08:00,20.05,20.05,19.95,20.05,3000,22.570722,1184250,965.1,970.0
2026-02-05 15:09:00,25.15,25.25,25.15,25.15,9750,22.531149,1203750,964.85,960.0
2026-02-05 15:10:00,25.15,25.15,25.15,25.15,0,22.702135,1203750,964.6,960.0
2026-02-05 15:11:00,25.0,25.15,25.0,25.0,1500,22.596764,1203750,964.5,960.0
2026-02-05 15:12:00,25.0,25.0,25.0,25.0,0,22.529279,1203750,964.6,960.0
2026-02-05 15:13:00,25.0,25.0,25.0,25.0,0,22.461648,1203750,964.7,960.0
2026-02-05 15:14:00,25.1,25.1,25.0,25.0,9750,22.359662,1201500,964.85,960.0
2026-02-05 15:15:00,24.9,25.0,24.9,24.95,2250,22.574879,1201500,964.45,960.0
2026-02-05 15:16:00,24.85,25.05,24.85,25.05,1500,22.315953,1201500,965.0,960.0
2026-02-05 15:17:00,25.05,25.05,25.05,25.05,0,22.861008,1201500,964.2,960.0
2026-02-05 15:18:00,25.05,25.05,25.05,25.05,0,23.029864,1198500,963.95,960.0
2026-02-05 15:19:00,25.05,25.05,25.05,25.05,0,23.397787,1198500,963.4,960.0
2026-02-05 15:20:00,24.65,25.05,24.6,24.6,4500,22.1717,1198500,964.45,960.0
2026-02-05 15:21:00,24.7,24.7,24.6,24.7,1500,22.014888,1197750,964.85,960.0
2026-02-05 15:22:00,24.8,24.8,24.7,24.8,2250,22.062934,1197750,964.95,960.0
2026-02-05 15:23:00,24.8,24.8,24.8,24.8,0,22.063453,1197750,964.95,960.0
2026-02-05 15:24:00,24.85,24.85,24.8,24.85,17250,22.224951,1194000,964.8,960.0
2026-02-05 15:25:00,24.65,24.85,24.65,24.65,24000,22.130035,1194000,964.6,960.0
2026-02-05 15:26:00,24.65,24.65,24.65,24.65,2250,22.402519,1194000,964.2,960.0
2026-02-05 15:27:00,24.35,24.65,24.35,24.6,8250,22.038862,1186500,964.65,960.0
2026-02-05 15:28:00,24.95,24.95,24.6,24.95,1500,22.377349,1186500,964.75,960.0
2026-02-05 15:29:00,24.85,24.95,24.85,24.85,27000,22.330104,1166250,964.65,960.0
2026-02-06 09:15:00,18.85,20.35,18.65,20.35,72750,21.516853,937500,977.95,980.0
2026-02-06 09:16:00,20.35,21.5,20.3,21.15,182250,21.505262,957750,979.45,980.0
2026-02-06 09:17:00,21.4,23.85,21.15,23.45,228000,22.189995,957750,982.5,980.0
2026-02-06 09:18:00,23.6,23.6,22.65,22.85,76500,21.989982,957750,981.75,980.0
2026-02-06 09:19:00,23.1,23.45,21.95,22.05,78000,22.160565,1050000,980.05,980.0
2026-02-06 09:20:00,22.0,22.5,21.25,22.1,66750,21.965091,1050000,980.45,980.0
2026-02-06 09:21:00,22.15,22.35,21.25,21.75,104250,22.443866,1050000,979.05,980.0
2026-02-06 09:22:00,22.0,22.0,21.35,21.45,70500,22.194158,1089750,978.9,980.0
2026-02-06 09:23:00,21.5,21.5,19.75,20.3,102750,22.605776,1089750,976.05,980.0
2026-02-06 09:24:00,20.05,21.5,20.05,21.5,54000,22.49929,1089750,978.5,980.0
2026-02-06 09:25:00,21.45,22.25,21.25,22.1,71250,22.37842,1110000,979.8,980.0
2026-02-06 09:26:00,22.2,22.35,20.9,20.9,94500,22.726324,1110000,977.0,980.0
2026-02-06 09:27:00,20.95,21.3,20.3,20.65,43500,22.740438,1110000,976.5,980.0
2026-02-06 09:28:00,20.55,21.3,20.55,20.75,42750,22.795564,1158750,976.6,980.0
2026-02-06 09:29:00,20.85,21.2,20.7,20.75,79500,22.526479,1158750,977.05,980.0
2026-02-06 09:30:00,21.0,21.3,20.75,21.05,52500,22.628579,1158750,977.45,980.0
2026-02-06 09:31:00,21.1,21.15,20.65,21.15,25500,22.591856,1176000,977.7,980.0
2026-02-06 09:32:00,21.0,21.25,21.0,21.25,48000,22.063416,1176000,978.75,980.0
2026-02-06 09:33:00,21.65,21.75,20.8,20.8,40500,22.675827,1176000,976.9,980.0
2026-02-06 09:34:00,20.75,20.85,20.0,20.35,63000,22.727907,1186500,975.95,980.0
2026-02-06 09:35:00,20.2,20.4,20.0,20.35,51000,22.698868,1186500,976.0,980.0
2026-02-06 09:36:00,20.35,20.5,20.15,20.45,15750,22.813671,1186500,976.0,980.0
2026-02-06 09:37:00,20.55,20.55,20.45,20.55,9750,22.720835,1183500,976.35,980.0
2026-02-06 09:38:00,20.7,20.7,20.55,20.7,30750,22.743776,1183500,976.6,980.0
2026-02-06 09:39:00,25.45,25.95,25.45,25.45,19500,23.142515,1002000,974.95,970.0
2026-02-06 09:40:00,19.8,20.25,19.7,20.25,18750,22.58725,1176750,976.0,980.0
2026-02-06 09:41:00,20.1,20.25,19.95,19.95,33000,22.656882,1176750,975.3,980.0
2026-02-06 09:42:00,19.85,20.3,19.85,20.15,20250,22.474028,1176750,976.0,980.0
2026-02-06 09:43:00,20.2,20.2,19.7,19.75,23250,22.575387,1181250,975.05,980.0
2026-02-06 09:44:00,19.85,19.85,19.75,19.85,2250,22.485582,1181250,975.4,980.0
2026-02-06 09:45:00,21.35,21.35,19.85,21.35,41250,22.246439,1181250,978.65,980.0
2026-02-06 09:46:00,22.0,23.6,21.35,23.6,153750,22.378319,1150500,982.5,980.0
2026-02-06 09:47:00,23.55,24.7,23.55,24.2,127500,22.475647,1150500,983.4,980.0
2026-02-06 09:48:00,24.3,24.65,24.05,24.3,105750,22.591655,1150500,983.4,980.0
2026-02-06 09:49:00,24.05,24.3,23.4,23.85,82500,22.667908,1165500,982.5,980.0
2026-02-06 09:50:00,23.8,23.95,23.0,23.6,82500,22.413288,1165500,982.45,980.0
2026-02-06 09:51:00,23.65,24.35,23.6,24.25,63000,22.800864,1165500,983.0,980.0
2026-02-06 09:52:00,24.25,24.25,23.85,24.2,33000,22.61132,1189500,983.2,980.0
2026-02-06 09:53:00,24.1,24.2,23.3,23.45,55500,22.536259,1189500,982.0,980.0
2026-02-06 09:54:00,23.45,23.45,22.4,22.75,63750,22.47399,1189500,980.85,980.0
2026-02-06 09:55:00,22.65,22.75,21.75,22.2,54000,22.571778,1183500,979.7,980.0
2026-02-06 09:56:00,22.2,22.35,21.7,21.7,20250,22.652794,1183500,978.65,980.0
2026-02-06 09:57:00,21.75,21.75,21.3,21.3,11250,22.80762,1183500,977.65,980.0
2026-02-06 09:58:00,21.0,21.5,20.85,21.05,57750,22.673768,1181250,977.4,980.0
2026-02-06 09:59:00,21.25,21.35,20.7,21.2,39750,22.542245,1181250,977.9,980.0
2026-02-06 10:00:00,21.45,21.5,20.3,20.5,43500,22.61639,1181250,976.45,980.0
2026-02-06 10:01:00,20.55,20.7,20.2,20.25,29250,22.746076,1214250,975.75,980.0
2026-02-06 10:02:00,25.5,25.7,25.5,25.5,7500,23.522067,933750,974.5,970.0
2026-02-06 10:03:00,24.35,25.5,24.35,24.35,28500,23.42435,933750,972.65,970.0
2026-02-06 10:04:00,23.95,24.75,23.95,24.4,22500,22.780849,936000,973.7,970.0
2026-02-06 10:05:00,24.4,24.4,24.0,24.35,5250,22.992323,936000,973.3,970.0
2026-02-06 10:06:00,24.3,24.35,23.9,23.9,17250,23.429314,936000,971.85,970.0
2026-02-06 10:07:00,23.45,23.9,23.45,23.45,12750,22.010643,936000,973.2,970.0
2026-02-06 10:08:00,23.85,23.85,23.4,23.75,16500,22.327648,936000,973.25,970.0
2026-02-06 10:09:00,23.45,23.75,23.45,23.45,3750,21.775247,936000,973.55,970.0
2026-02-06 10:10:00,23.9,23.9,23.45,23.65,12750,21.975634,935250,973.6,970.0
2026-02-06 10:11:00,23.85,24.05,23.2,23.25,18750,22.742321,935250,971.75,970.0
2026-02-06 10:12:00,23.2,23.25,23.2,23.2,9000,22.123478,935250,972.6,970.0
2026-02-06 10:13:00,23.25,23.25,23.2,23.25,3750,22.57933,939000,972.0,970.0
2026-02-06 10:14:00,23.2,23.25,23.2,23.2,15000,22.521725,939000,972.0,970.0
2026-02-06 10:15:00,22.85,23.2,22.85,22.85,21000,22.768095,939000,971.0,970.0
2026-02-06 10:16:00,22.85,22.85,22.4,22.4,24000,22.888477,940500,970.0,970.0
2026-02-06 10:17:00,22.25,22.4,22.25,22.35,27000,22.799267,940500,970.05,970.0
2026-02-06 10:18:00,22.1,22.9,22.1,22.85,18750,22.607639,940500,971.25,970.0
2026-02-06 10:19:00,22.75,23.2,22.75,22.9,18000,22.601203,948000,971.35,970.0
2026-02-06 10:20:00,23.0,23.55,22.9,23.2,23250,22.426106,948000,972.15,970.0
2026-02-06 10:21:00,23.4,23.95,23.2,23.85,14250,22.685801,948000,972.9,970.0
2026-02-06 10:22:00,23.8,23.85,23.5,23.5,9000,22.278304,943500,972.9,970.0
2026-02-06 10:23:00,24.0,24.7,23.5,24.55,25500,22.729271,943500,974.05,970.0
2026-02-06 10:24:00,24.2,24.9,24.2,24.9,41250,22.557182,943500,974.9,970.0
2026-02-06 10:25:00,24.8,25.25,24.25,24.4,23250,22.656899,951000,973.9,970.0
2026-02-06 10:26:00,24.45,25.3,24.35,24.85,14250,22.774818,951000,974.5,970.0
2026-02-06 10:27:00,24.35,24.85,24.15,24.4,8250,22.7258,951000,973.8,970.0
2026-02-06 10:28:00,24.35,24.4,24.2,24.25,18000,22.449161,950250,973.95,970.0
2026-02-06 10:29:00,24.35,24.35,23.85,23.9,15000,22.480444,950250,973.3,970.0
2026-02-06 10:30:00,23.55,23.9,23.5,23.7,12750,22.146289,950250,973.45,970.0
2026-02-06 10:31:00,23.65,23.7,23.65,23.65,750,22.223317,956250,973.25,970.0
2026-02-06 10:32:00,23.8,23.8,23.65,23.8,6750,22.432576,956250,973.2,970.0
2026-02-06 10:33:00,23.65,23.8,23.65,23.65,3000,22.258033,956250,973.2,970.0
2026-02-06 10:34:00,23.5,23.85,23.5,23.85,6750,22.32368,957000,973.45,970.0
2026-02-06 10:35:00,23.85,23.85,23.85,23.85,4500,22.155008,957000,973.7,970.0
2026-02-06 10:36:00,24.1,24.1,23.85,24.1,3750,22.583039,957000,973.5,970.0
2026-02-06 10:37:00,23.85,24.1,23.85,23.85,9000,23.322967,950250,971.95,970.0
2026-02-06 10:38:00,23.05,23.85,23.05,23.5,9750,22.219944,950250,973.0,970.0
2026-02-06 10:39:00,23.85,23.85,23.5,23.85,3000,22.258799,950250,973.55,970.0
2026-02-06 10:40:00,19.25,19.35,18.8,19.35,21000,21.972351,1454250,975.35,980.0
2026-02-06 10:41:00,24.85,24.85,23.9,23.9,17250,22.318314,948750,973.55,970.0
2026-02-06 10:42:00,19.1,19.9,18.9,19.5,121500,22.291301,1454250,975.1,980.0
2026-02-06 10:43:00,24.65,24.65,24.0,24.0,11250,22.062366,948750,974.1,970.0
2026-02-06 10:44:00,24.15,24.15,24.0,24.15,2250,22.340855,966750,973.95,970.0
2026-02-06 10:45:00,24.15,24.55,24.15,24.55,12750,22.192435,966750,974.85,970.0
2026-02-06 10:46:00,19.45,20.0,19.3,19.65,27000,22.289451,1473750,975.4,980.0
2026-02-06 10:47:00,24.95,25.0,22.85,22.85,39000,22.329519,964500,971.7,970.0
2026-02-06 10:48:00,22.85,22.85,20.65,21.65,54750,22.731551,964500,968.9,970.0
2026-02-06 10:49:00,21.5,21.7,20.95,21.6,27000,22.799186,970500,968.7,970.0
2026-02-06 10:50:00,21.5,21.8,20.25,20.9,45750,22.762165,970500,967.45,970.0
2026-02-06 10:51:00,20.95,21.5,20.8,21.25,26250,22.519822,970500,968.5,970.0
2026-02-06 10:52:00,20.8,21.25,20.6,20.95,38250,22.513959,969750,967.95,970.0
2026-02-06 10:53:00,21.1,21.6,20.95,21.6,21000,22.613715,969750,969.0,970.0
2026-02-06 10:54:00,21.6,21.6,21.4,21.4,15000,22.726097,969750,968.45,970.0
2026-02-06 10:55:00,21.4,21.85,21.2,21.8,8250,22.341431,979500,969.8,970.0
2026-02-06 10:56:00,21.95,22.5,21.8,22.3,19500,22.281091,979500,970.8,970.0
2026-02-06 10:57:00,22.5,23.0,22.3,22.8,18000,22.112325,979500,971.95,970.0
2026-02-06 10:58:00,22.85,23.2,22.8,23.15,12750,22.18962,969750,972.45,970.0
2026-02-06 10:59:00,23.2,23.2,23.15,23.2,6000,21.880976,969750,973.0,970.0
2026-02-06 11:00:00,23.45,23.45,23.2,23.45,750,21.598064,969750,973.85,970.0
2026-02-06 11:01:00,23.85,24.55,23.45,24.55,59250,22.270243,969000,974.75,970.0
2026-02-06 11:02:00,24.25,24.55,23.4,23.55,54750,21.988114,969000,973.45,970.0
2026-02-06 11:03:00,23.25,23.55,22.5,22.7,13500,22.06499,969000,971.85,970.0
2026-02-06 11:04:00,22.95,23.3,22.7,23.3,2250,22.033974,969000,972.95,970.0
2026-02-06 11:05:00,22.95,23.3,22.95,22.95,7500,21.014666,979500,973.85,970.0
2026-02-06 11:06:00,23.75,23.75,22.95,23.75,13500,22.35898,979500,973.25,970.0
2026-02-06 11:07:00,23.2,23.75,23.1,23.1,24000,22.102898,984000,972.5,970.0
2026-02-06 11:08:00,23.3,23.3,23.1,23.3,2250,21.59705,984000,973.6,970.0
2026-02-06 11:09:00,23.15,23.3,23.15,23.15,8250,21.962058,984000,972.8,970.0
2026-02-06 11:10:00,23.9,23.9,23.15,23.5,15750,21.696058,990750,973.8,970.0
2026-02-06 11:11:00,23.1,23.5,23.1,23.1,8250,22.038415,990750,972.6,970.0
2026-02-06 11:12:00,23.05,23.15,23.05,23.15,3000,22.428963,990750,972.1,970.0
2026-02-06 11:13:00,22.95,23.15,22.95,22.95,16500,21.897843,990750,972.55,970.0
2026-02-06 11:14:00,22.85,22.95,22.65,22.65,6750,21.880653,990750,972.05,970.0
2026-02-06 11:15:00,23.05,23.05,22.65,23.05,1500,22.708098,990750,971.5,970.0
2026-02-06 11:16:00,22.0,23.05,22.0,22.0,10500,22.072496,990750,970.6,970.0
2026-02-06 11:17:00,22.1,22.1,22.0,22.1,15000,21.930346,987000,971.0,970.0
2026-02-06 11:18:00,22.2,22.2,21.8,22.1,42000,22.125164,987000,970.7,970.0
2026-02-06 11:19:00,22.1,22.1,22.1,22.1,1500,21.86639,975000,971.1,970.0
2026-02-06 11:20:00,22.05,22.2,22.05,22.2,10500,21.983177,975000,971.1,970.0
2026-02-06 11:21:00,22.2,22.2,22.2,22.2,2250,21.918594,975000,971.2,970.0
2026-02-06 11:22:00,22.5,22.5,22.2,22.5,5250,21.610657,975000,972.2,970.0
2026-02-06 11:23:00,23.0,23.0,22.5,23.0,9000,22.061355,975000,972.4,970.0
2026-02-06 11:24:00,23.15,23.2,23.0,23.2,15000,21.55641,975000,973.5,970.0
2026-02-06 11:25:00,23.55,23.65,23.2,23.65,7500,21.879731,972750,973.8,970.0
2026-02-06 11:26:00,23.7,23.85,23.55,23.55,20250,21.694842,972750,973.9,970.0
2026-02-06 11:27:00,24.05,24.05,23.55,24.05,5250,21.973172,972750,974.35,970.0
2026-02-06 11:28:00,24.05,24.05,24.05,24.05,0,22.281672,972750,973.9,970.0
2026-02-06 11:29:00,23.8,24.05,23.8,23.8,12750,21.784022,970500,974.2,970.0
2026-02-06 11:30:00,23.85,23.85,23.8,23.85,9000,22.048502,970500,973.9,970.0
2026-02-06 11:31:00,23.85,23.85,23.85,23.85,750,21.946559,970500,974.05,970.0
2026-02-06 11:32:00,23.85,23.85,23.85,23.85,1500,21.981292,969750,974.0,970.0
2026-02-06 11:33:00,23.8,24.05,23.8,24.05,12750,21.734741,969750,974.7,970.0
2026-02-06 11:34:00,19.4,19.4,19.1,19.4,5250,21.317111,1458750,976.6,980.0
2026-02-06 11:35:00,19.8,19.8,19.4,19.5,49500,21.730149,1458750,976.1,980.0
2026-02-06 11:36:00,19.65,19.7,19.5,19.5,7500,21.908322,1458750,975.8,980.0
2026-02-06 11:37:00,19.6,19.7,19.5,19.7,5250,21.662229,1451250,976.6,980.0
2026-02-06 11:38:00,20.25,20.25,19.7,20.25,33750,22.022439,1451250,977.05,980.0
2026-02-06 11:39:00,20.35,20.4,20.25,20.4,68250,21.678915,1451250,977.9,980.0
2026-02-06 11:40:00,20.65,21.0,20.4,20.85,36000,21.641095,1422750,978.8,980.0
2026-02-06 11:41:00,21.0,21.4,20.85,21.2,51000,21.606376,1422750,979.5,980.0
2026-02-06 11:42:00,21.2,22.25,21.2,22.25,80250,21.731732,1422750,981.2,980.0
2026-02-06 11:43:00,22.1,22.3,21.85,22.15,75000,21.810331,1377750,980.9,980.0
2026-02-06 11:44:00,22.1,22.25,21.95,22.2,27750,21.675203,1377750,981.2,980.0
2026-02-06 11:45:00,22.0,22.2,21.55,21.75,46500,21.511438,1377750,980.65,980.0
2026-02-06 11:46:00,21.8,22.65,21.75,22.65,96000,21.903122,1371000,981.65,980.0
2026-02-06 11:47:00,22.8,22.8,22.5,22.75,69000,21.823382,1371000,981.95,980.0
2026-02-06 11:48:00,22.75,22.8,22.4,22.65,40500,21.741231,1371000,981.9,980.0
2026-02-06 11:49:00,22.75,23.0,22.6,22.9,39750,21.603178,1356750,982.55,980.0
2026-02-06 11:50:00,22.75,22.9,22.65,22.65,46500,21.611334,1356750,982.1,980.0
2026-02-06 11:51:00,22.85,22.85,22.65,22.85,15750,22.038728,1356750,981.8,980.0
2026-02-06 11:52:00,22.65,22.85,22.65,22.75,22500,21.629305,1356750,982.25,980.0
2026-02-06 11:53:00,22.4,22.75,22.4,22.4,9000,21.780959,1338750,981.4,980.0
2026-02-06 11:54:00,22.1,22.4,22.1,22.2,24000,21.48609,1338750,981.5,980.0
2026-02-06 11:55:00,22.4,22.4,22.2,22.4,24750,21.489161,1338750,981.85,980.0
2026-02-06 11:56:00,22.4,22.4,22.4,22.4,16500,21.750132,1332000,981.45,980.0
2026-02-06 11:57:00,22.8,22.8,22.4,22.8,15750,21.458693,1332000,982.6,980.0
2026-02-06 11:58:00,22.8,22.8,22.8,22.8,51750,21.657314,1332000,982.3,980.0
2026-02-06 11:59:00,22.8,22.8,22.8,22.8,8250,21.393431,1376250,982.7,980.0
2026-02-06 12:00:00,18.95,18.95,17.7,18.95,63750,21.075454,675000,985.75,990.0
2026-02-06 12:01:00,19.1,19.45,18.9,19.35,33750,21.41249,675000,985.95,990.0
2026-02-06 12:02:00,24.55,24.7,23.45,23.75,69000,20.972676,1362750,984.95,980.0
2026-02-06 12:03:00,18.75,18.85,18.1,18.85,37500,21.196708,690750,985.35,990.0
2026-02-06 12:04:00,23.95,24.5,23.95,24.15,20250,21.509181,1362750,984.85,980.0
2026-02-06 12:05:00,23.8,24.15,23.2,23.2,21000,21.324978,1364250,983.5,980.0
2026-02-06 12:06:00,22.95,23.2,22.2,22.2,43500,21.16574,1364250,982.0,980.0
2026-02-06 12:07:00,22.2,22.35,22.1,22.15,21750,21.108511,1364250,982.0,980.0
2026-02-06 12:08:00,22.0,22.15,21.8,21.95,27750,21.270103,1371000,981.4,980.0
2026-02-06 12:09:00,21.65,21.95,21.65,21.65,5250,21.536758,1371000,980.45,980.0
2026-02-06 12:10:00,21.15,21.65,21.15,21.35,23250,21.255927,1371000,980.35,980.0
2026-02-06 12:11:00,21.5,21.5,21.35,21.5,12000,21.044259,1368000,980.95,980.0
2026-02-06 12:12:00,21.75,22.25,21.5,22.25,14250,21.029034,1368000,982.3,980.0
2026-02-06 12:13:00,22.45,22.45,22.25,22.45,3000,20.82888,1368000,982.95,980.0
2026-02-06 12:14:00,22.65,22.75,22.45,22.75,22500,21.276944,1386750,982.8,980.0
2026-02-06 12:15:00,22.8,22.8,22.5,22.5,13500,21.712939,1386750,981.7,980.0
2026-02-06 12:16:00,21.9,22.5,21.9,21.9,9750,21.604098,1386750,980.8,980.0
2026-02-06 12:17:00,21.4,21.9,21.4,21.4,33750,21.412609,1404750,980.2,980.0
2026-02-06 12:18:00,21.75,21.75,21.4,21.75,14250,21.400273,1404750,980.85,980.0
2026-02-06 12:19:00,21.6,21.75,21.6,21.6,5250,21.484435,1404750,980.45,980.0
2026-02-06 12:20:00,21.2,21.6,21.2,21.2,8250,21.215896,1402500,980.15,980.0
2026-02-06 12:21:00,20.65,21.2,20.65,20.65,41250,21.618683,1402500,978.5,980.0
2026-02-06 12:22:00,20.4,20.65,19.6,19.6,38250,21.390736,1402500,976.9,980.0
2026-02-06 12:23:00,19.6,19.75,19.6,19.65,17250,21.628675,1375500,976.6,980.0
2026-02-06 12:24:00,19.65,20.15,19.6,20.15,33750,21.507202,1375500,977.75,980.0
2026-02-06 12:25:00,20.15,20.2,19.65,19.8,17250,21.561322,1375500,977.0,980.0
2026-02-06 12:26:00,20.15,20.15,19.8,20.15,3000,21.963097,1384500,977.0,980.0
2026-02-06 12:27:00,20.15,20.15,20.15,20.15,3750,21.630613,1384500,977.55,980.0
2026-02-06 12:28:00,20.2,20.2,19.95,19.95,8250,21.734845,1384500,977.0,980.0
2026-02-06 12:29:00,20.05,20.05,19.95,20.05,84000,21.819864,1375500,977.05,980.0
2026-02-06 12:30:00,19.95,20.05,19.65,19.65,17250,21.632289,1375500,976.6,980.0
2026-02-06 12:31:00,19.6,19.65,19.4,19.4,25500,21.614741,1375500,976.15,980.0
2026-02-06 12:32:00,19.5,19.5,19.4,19.4,27750,21.555748,1357500,976.25,980.0
2026-02-06 12:33:00,19.7,19.7,19.3,19.3,3750,21.649476,1357500,975.9,980.0
2026-02-06 12:34:00,19.35,19.35,19.2,19.2,8250,21.505718,1357500,975.95,980.0
2026-02-06 12:35:00,19.7,20.35,19.2,20.2,36000,21.600741,1367250,977.7,980.0
2026-02-06 12:36:00,20.2,20.2,20.1,20.2,6750,21.387152,1367250,978.05,980.0
2026-02-06 12:37:00,20.35,20.35,20.2,20.35,12000,21.834765,1367250,977.6,980.0
2026-02-06 12:38:00,20.0,20.35,19.6,19.75,5250,21.238313,1372500,977.45,980.0
2026-02-06 12:39:00,20.2,20.2,19.75,20.2,15750,21.724587,1372500,977.5,980.0
2026-02-06 12:40:00,19.65,20.25,19.65,20.25,9000,21.630181,1372500,977.75,980.0
2026-02-06 12:41:00,20.25,20.7,20.2,20.7,17250,21.871371,1372500,978.2,980.0
2026-02-06 12:42:00,20.45,20.7,20.15,20.15,21750,21.699175,1372500,977.45,980.0
2026-02-06 12:43:00,20.25,20.25,20.15,20.25,13500,21.662245,1372500,977.7,980.0
2026-02-06 12:44:00,20.4,20.4,20.25,20.4,4500,21.743263,1393500,977.85,980.0
2026-02-06 12:45:00,20.4,20.4,20.4,20.4,3000,21.559899,1393500,978.15,980.0
2026-02-06 12:46:00,20.25,20.4,20.25,20.4,10500,21.529675,1393500,978.2,980.0
2026-02-06 12:47:00,20.2,20.4,20.0,20.0,15000,21.5297,1401750,977.45,980.0
2026-02-06 12:48:00,19.7,20.0,19.7,19.7,2250,21.967539,1401750,976.15,980.0
2026-02-06 12:49:00,19.35,19.7,19.35,19.35,6750,21.268078,1401750,976.65,980.0
2026-02-06 12:50:00,19.35,19.5,19.35,19.5,13500,21.560351,1407000,976.45,980.0
2026-02-06 12:51:00,19.6,19.7,19.5,19.7,10500,21.640518,1407000,976.7,980.0
2026-02-06 12:52:00,19.5,19.7,19.3,19.3,6750,21.092113,1407000,976.85,980.0
2026-02-06 12:53:00,19.5,19.5,19.2,19.2,11250,21.337175,1396500,976.25,980.0
2026-02-06 12:54:00,19.4,19.4,19.2,19.4,3000,21.596844,1396500,976.2,980.0
2026-02-06 12:55:00,19.2,19.4,19.2,19.2,750,21.099089,1396500,976.65,980.0
2026-02-06 12:56:00,19.5,19.55,18.8,18.95,39000,21.613602,1393500,975.3,980.0
2026-02-06 12:57:00,19.0,19.15,18.95,19.05,6750,21.787469,1393500,975.2,980.0
2026-02-06 12:58:00,19.0,19.45,19.0,19.45,11250,21.92319,1393500,975.75,980.0
2026-02-06 12:59:00,19.3,19.45,19.2,19.2,13500,21.931288,1404750,975.25,980.0
2026-02-06 13:00:00,19.25,19.25,19.2,19.25,11250,22.018486,1404750,975.2,980.0
2026-02-06 13:01:00,24.35,24.5,24.35,24.35,3000,22.410581,827250,974.3,970.0
2026-02-06 13:02:00,23.8,24.35,23.8,23.8,9000,22.209731,828000,973.65,970.0
2026-02-06 13:03:00,24.0,24.2,23.8,24.05,11250,21.990383,828000,974.4,970.0
2026-02-06 13:04:00,24.05,24.25,24.0,24.25,7500,22.122583,828000,974.55,970.0
2026-02-06 13:05:00,24.2,24.25,24.05,24.05,3750,21.783935,823500,974.7,970.0
2026-02-06 13:06:00,24.05,24.05,24.05,24.05,1500,21.853802,823500,974.6,970.0
2026-02-06 13:07:00,24.05,24.05,24.05,24.05,0,21.958047,823500,974.45,970.0
2026-02-06 13:08:00,19.3,19.4,18.95,19.4,6000,21.930102,1426500,975.65,980.0
2026-02-06 13:09:00,19.3,19.5,19.3,19.5,14250,22.133795,1426500,975.5,980.0
2026-02-06 13:10:00,19.55,19.55,19.5,19.55,2250,22.073722,1426500,975.7,980.0
2026-02-06 13:11:00,19.6,19.6,19.55,19.6,8250,22.3672,1424250,975.3,980.0
2026-02-06 13:12:00,19.3,19.6,19.3,19.3,3000,21.846948,1424250,975.6,980.0
2026-02-06 13:13:00,19.4,19.4,19.3,19.4,2250,21.962208,1424250,975.6,980.0
2026-02-06 13:14:00,19.6,19.6,19.4,19.6,1500,22.162716,1427250,975.65,980.0
2026-02-06 13:15:00,19.65,19.65,19.45,19.6,13500,22.222232,1427250,975.55,980.0
2026-02-06 13:16:00,19.5,19.6,19.25,19.25,12000,22.026834,1427250,975.2,980.0
2026-02-06 13:17:00,19.35,19.75,19.25,19.75,3000,22.158881,1434000,975.95,980.0
2026-02-06 13:18:00,19.75,20.55,19.75,20.55,15750,22.14661,1434000,977.5,980.0
2026-02-06 13:19:00,20.4,20.75,20.4,20.75,54000,22.224421,1434000,977.75,980.0
2026-02-06 13:20:00,20.65,20.8,20.4,20.8,63000,22.282349,1494000,977.75,980.0
2026-02-06 13:21:00,20.65,21.4,20.65,21.4,38250,22.107815,1494000,979.15,980.0
2026-02-06 13:22:00,21.35,21.4,21.1,21.2,6750,22.034283,1494000,978.9,980.0
2026-02-06 13:23:00,21.35,21.4,21.0,21.4,44250,22.077641,1515000,979.2,980.0
2026-02-06 13:24:00,21.5,21.7,21.1,21.1,36750,22.230149,1515000,978.4,980.0
2026-02-06 13:25:00,21.1,21.1,20.9,21.0,11250,21.899235,1515000,978.75,980.0
2026-02-06 13:26:00,21.05,21.05,20.85,20.85,3750,21.91317,1507500,978.45,980.0
2026-02-06 13:27:00,20.9,21.0,20.85,21.0,21000,21.775926,1507500,978.95,980.0
2026-02-06 13:28:00,20.85,21.0,20.85,20.85,6000,22.313478,1507500,977.8,980.0
2026-02-06 13:29:00,20.15,20.9,20.15,20.9,24750,21.568432,1496250,979.1,980.0
2026-02-06 13:30:00,21.6,21.6,20.9,21.05,20250,21.866104,1496250,978.9,980.0
2026-02-06 13:31:00,20.8,21.05,20.45,20.45,9750,21.977806,1496250,977.6,980.0
2026-02-06 13:32:00,20.4,20.45,19.95,19.95,90000,22.038636,1429500,976.55,980.0
2026-02-06 13:33:00,19.75,20.05,19.55,20.05,21000,21.580471,1429500,977.5,980.0
2026-02-06 13:34:00,20.4,20.8,20.05,20.8,6750,21.643037,1429500,978.8,980.0
2026-02-06 13:35:00,20.65,20.8,20.65,20.65,2250,21.718987,1429500,978.4,980.0
2026-02-06 13:36:00,20.65,20.65,20.4,20.4,5250,21.831518,1420500,977.75,980.0
2026-02-06 13:37:00,20.4,20.4,20.4,20.4,750,21.648325,1420500,978.05,980.0
2026-02-06 13:38:00,20.8,20.8,20.4,20.8,15000,21.738248,1417500,978.65,980.0
2026-02-06 13:39:00,20.35,20.8,20.35,20.35,4500,21.561213,1417500,978.1,980.0
2026-02-06 13:40:00,20.35,20.35,20.35,20.35,0,21.345959,1417500,978.45,980.0
2026-02-06 13:41:00,20.4,20.4,20.35,20.4,10500,21.58895,1427250,978.15,980.0
2026-02-06 13:42:00,20.4,20.4,20.4,20.4,12000,21.712276,1427250,977.95,980.0
2026-02-06 13:43:00,20.3,20.5,20.3,20.5,18750,21.396024,1427250,978.65,980.0
2026-02-06 13:44:00,20.2,20.5,20.2,20.2,13500,21.452899,1418250,978.0,980.0
2026-02-06 13:45:00,20.4,20.6,20.2,20.6,20250,21.387719,1418250,978.85,980.0
2026-02-06 13:46:00,20.75,20.8,20.6,20.8,5250,21.866231,1418250,978.45,980.0
2026-02-06 13:47:00,20.4,20.8,20.4,20.4,5250,21.376101,1416750,978.5,980.0
2026-02-06 13:48:00,20.5,20.5,20.4,20.5,1500,21.830285,1416750,977.95,980.0
2026-02-06 13:49:00,20.25,20.5,20.25,20.25,6000,21.266575,1416750,978.4,980.0
2026-02-06 13:50:00,20.35,20.35,20.25,20.35,16500,21.566923,1428000,978.1,980.0
2026-02-06 13:51:00,20.45,20.45,20.35,20.45,750,21.31163,1428000,978.7,980.0
2026-02-06 13:52:00,20.65,20.8,20.45,20.8,13500,21.496634,1428000,979.05,980.0
2026-02-06 13:53:00,20.6,20.95,20.6,20.8,18750,21.403332,1430250,979.2,980.0
2026-02-06 13:54:00,21.0,21.0,20.8,21.0,12750,21.727718,1430250,979.05,980.0
2026-02-06 13:55:00,21.05,21.05,21.0,21.05,3750,21.219289,1430250,979.95,980.0
2026-02-06 13:56:00,20.8,21.05,20.8,20.8,9000,21.153407,1438500,979.6,980.0
2026-02-06 13:57:00,21.1,21.1,20.8,21.1,9750,21.467772,1438500,979.65,980.0
2026-02-06 13:58:00,20.95,21.1,20.95,20.95,750,21.453058,1438500,979.4,980.0
2026-02-06 13:59:00,20.7,20.95,20.7,20.7,50250,21.071355,1432500,979.55,980.0
2026-02-06 14:00:00,20.95,21.0,20.7,21.0,10500,21.259366,1432500,979.8,980.0
2026-02-06 14:01:00,21.2,21.4,21.0,21.4,6750,21.178813,1432500,980.65,980.0
2026-02-06 14:02:00,21.65,21.65,21.4,21.65,15000,21.371297,1431750,980.8,980.0
2026-02-06 14:03:00,21.5,21.65,21.5,21.5,7500,21.391421,1431750,980.5,980.0
2026-02-06 14:04:00,21.1,21.5,21.1,21.15,10500,21.339151,1431750,979.95,980.0
2026-02-06 14:05:00,21.0,21.15,21.0,21.15,9750,21.371385,1431750,979.9,980.0
2026-02-06 14:06:00,21.2,21.2,21.0,21.0,33750,21.135598,1430250,980.0,980.0
2026-02-06 14:07:00,21.0,21.15,21.0,21.15,3000,20.989806,1430250,980.5,980.0
2026-02-06 14:08:00,21.2,21.2,21.0,21.0,10500,21.073008,1437750,980.1,980.0
2026-02-06 14:09:00,20.75,21.0,20.75,20.75,3750,20.817192,1437750,980.05,980.0
2026-02-06 14:10:00,20.75,20.75,20.75,20.75,750,21.479691,1437750,979.0,980.0
2026-02-06 14:11:00,20.4,20.75,20.4,20.45,6000,21.228614,1437750,978.85,980.0
2026-02-06 14:12:00,20.4,20.55,20.4,20.55,5250,21.125443,1437750,979.2,980.0
2026-02-06 14:13:00,20.5,20.55,20.2,20.2,7500,21.344881,1437750,978.2,980.0
2026-02-06 14:14:00,20.45,20.5,20.2,20.5,8250,21.1941,1437750,979.0,980.0
2026-02-06 14:15:00,20.4,20.5,20.4,20.4,2250,21.016985,1437750,979.1,980.0
2026-02-06 14:16:00,20.65,20.65,20.25,20.25,20250,21.342245,1437750,978.3,980.0
2026-02-06 14:17:00,20.25,20.25,20.25,20.25,11250,21.280982,1437750,978.4,980.0
2026-02-06 14:18:00,20.5,20.55,20.25,20.55,4500,21.316111,1437750,978.9,980.0
2026-02-06 14:19:00,21.0,21.15,20.55,21.15,4500,21.41035,1437750,979.85,980.0
2026-02-06 14:20:00,20.9,21.15,20.9,20.9,1500,21.186149,1436250,979.75,980.0
2026-02-06 14:21:00,20.9,20.9,20.9,20.9,0,21.155005,1436250,979.8,980.0
2026-02-06 14:22:00,20.75,20.9,20.75,20.75,7500,21.172282,1436250,979.5,980.0
2026-02-06 14:23:00,20.75,20.75,20.75,20.75,5250,21.172795,1437000,979.5,980.0
2026-02-06 14:24:00,20.85,20.85,20.75,20.85,750,21.664423,1437000,978.9,980.0
2026-02-06 14:25:00,20.7,20.85,20.7,20.7,21750,21.367437,1437000,979.1,980.0
2026-02-06 14:26:00,20.5,20.7,20.5,20.5,1500,21.293875,1449000,978.85,980.0
2026-02-06 14:27:00,20.5,20.5,20.5,20.5,0,21.169531,1449000,979.05,980.0
2026-02-06 14:28:00,20.5,20.5,20.5,20.5,0,21.481347,1449000,978.55,980.0
2026-02-06 14:29:00,20.1,20.5,19.95,19.95,25500,21.157996,1449000,978.05,980.0
2026-02-06 14:30:00,20.05,20.05,19.95,20.0,5250,20.658021,1445250,978.95,980.0
2026-02-06 14:31:00,20.4,20.4,20.0,20.4,3750,21.305812,1445250,978.65,980.0
2026-02-06 14:32:00,20.4,20.4,20.4,20.4,0,21.337368,1445250,978.6,980.0
2026-02-06 14:33:00,20.4,20.4,20.4,20.4,0,21.708221,1445250,978.0,980.0
2026-02-06 14:34:00,20.5,20.5,20.4,20.5,8250,21.235628,1445250,978.95,980.0
2026-02-06 14:35:00,20.5,20.5,20.5,20.5,1500,21.515962,1445250,978.5,980.0
2026-02-06 14:36:00,20.5,20.5,20.5,20.5,0,21.330187,1444500,978.8,980.0
2026-02-06 14:37:00,20.5,20.5,20.5,20.5,0,21.237172,1444500,978.95,980.0
2026-02-06 14:38:00,20.7,20.7,20.5,20.7,13500,21.747611,1451250,978.5,980.0
2026-02-06 14:39:00,20.45,20.7,20.45,20.45,1500,21.118137,1451250,979.05,980.0
2026-02-06 14:40:00,20.65,20.65,20.45,20.65,6750,21.129346,1451250,979.4,980.0
2026-02-06 14:41:00,20.65,20.65,20.45,20.45,3750,21.461552,1451250,978.5,980.0
2026-02-06 14:42:00,20.45,20.45,20.45,20.45,3000,21.244583,1445250,978.85,980.0
2026-02-06 14:43:00,20.55,20.55,20.45,20.55,8250,21.172724,1445250,979.15,980.0
2026-02-06 14:44:00,20.25,20.55,20.25,20.25,10500,21.356699,1450500,978.3,980.0
2026-02-06 14:45:00,20.2,20.3,20.2,20.3,33000,20.948489,1450500,979.05,980.0
2026-02-06 14:46:00,20.4,20.4,20.3,20.4,9000,21.126678,1450500,978.95,980.0
2026-02-06 14:47:00,20.25,20.4,20.25,20.25,6750,21.234522,1450500,978.5,980.0
2026-02-06 14:48:00,20.1,20.25,20.1,20.1,1500,21.21706,1446750,978.25,980.0
2026-02-06 14:49:00,20.1,20.1,20.1,20.1,17250,21.279236,1446750,978.15,980.0
2026-02-06 14:50:00,20.3,20.45,20.1,20.45,32250,21.155061,1465500,979.0,980.0
2026-02-06 14:51:00,20.4,20.45,20.4,20.4,17250,21.097998,1465500,979.0,980.0
2026-02-06 14:52:00,20.25,20.4,20.15,20.15,17250,20.966668,1465500,978.75,980.0
2026-02-06 14:53:00,20.4,20.4,20.15,20.2,7500,20.962411,1465500,978.85,980.0
2026-02-06 14:54:00,20.3,20.3,20.2,20.3,1500,21.078065,1469250,978.85,980.0
2026-02-06 14:55:00,20.5,20.5,20.3,20.5,3750,21.121311,1469250,979.15,980.0
2026-02-06 14:56:00,20.6,20.6,20.5,20.6,21750,21.111433,1469250,979.35,980.0
2026-02-06 14:57:00,20.65,21.2,20.6,21.2,23250,21.073249,1470750,980.5,980.0
2026-02-06 14:58:00,21.2,21.35,21.15,21.15,7500,20.98392,1470750,980.55,980.0
2026-02-06 14:59:00,21.0,21.15,21.0,21.0,3750,20.811202,1459500,980.55,980.0
2026-02-06 15:00:00,21.2,21.2,21.0,21.2,31500,20.393611,1459500,981.55,980.0
2026-02-06 15:01:00,21.25,21.25,21.2,21.25,6750,20.419219,1459500,981.6,980.0
2026-02-06 15:02:00,21.5,21.5,21.25,21.45,24000,20.880006,1459500,981.25,980.0
2026-02-06 15:03:00,21.05,21.45,21.0,21.05,12000,20.70986,1440000,980.8,980.0
2026-02-06 15:04:00,21.0,21.05,21.0,21.0,24000,20.684882,1440000,980.75,980.0
2026-02-06 15:05:00,20.9,21.0,20.9,20.9,14250,20.698758,1434000,980.55,980.0
2026-02-06 15:06:00,20.8,20.9,20.8,20.8,5250,20.712223,1434000,980.35,980.0
2026-02-06 15:07:00,20.85,20.85,20.8,20.85,17250,20.513041,1434000,980.75,980.0
2026-02-06 15:08:00,20.85,20.85,20.7,20.8,17250,20.520323,1434000,980.65,980.0
2026-02-06 15:09:00,20.8,20.8,20.8,20.8,0,20.164,1420500,981.2,980.0
2026-02-06 15:10:00,21.15,21.45,20.8,21.45,38250,20.720955,1420500,981.5,980.0
2026-02-06 15:11:00,21.4,21.45,21.4,21.45,15000,20.590313,1420500,981.7,980.0
2026-02-06 15:12:00,21.5,21.5,21.45,21.5,43500,20.615887,1418250,981.75,980.0
2026-02-06 15:13:00,21.5,21.65,21.45,21.6,36750,20.567503,1418250,982.0,980.0
2026-02-06 15:14:00,21.65,21.7,21.6,21.7,18000,20.683976,1418250,982.0,980.0
2026-02-06 15:15:00,21.6,21.7,21.6,21.6,18750,20.535461,1398000,982.05,980.0
2026-02-06 15:16:00,21.55,21.6,21.45,21.5,31500,20.386848,1398000,982.1,980.0
2026-02-06 15:17:00,21.5,21.5,21.35,21.35,15000,20.146867,1398000,982.2,980.0
2026-02-06 15:18:00,21.45,21.45,21.35,21.45,35250,20.296674,1402500,982.15,980.0
2026-02-06 15:19:00,21.35,21.45,21.35,21.35,15000,20.280566,1402500,982.0,980.0
2026-02-06 15:20:00,21.55,21.55,21.35,21.55,21000,19.979417,1402500,982.8,980.0
2026-02-06 15:21:00,21.6,21.7,21.5,21.65,90000,20.263968,1390500,982.55,980.0
2026-02-06 15:22:00,21.65,21.7,21.45,21.45,17250,20.065456,1390500,982.5,980.0
2026-02-06 15:23:00,21.4,21.45,21.4,21.4,16500,20.141392,1390500,982.3,980.0
2026-02-06 15:24:00,21.55,21.7,21.4,21.45,25500,20.33288,1398750,982.1,980.0
2026-02-06 15:25:00,21.5,21.5,21.25,21.35,20250,20.250477,1398750,982.05,980.0
2026-02-06 15:26:00,21.35,21.35,21.35,21.35,45000,20.217824,1398750,982.1,980.0
2026-02-06 15:27:00,21.15,21.35,21.1,21.15,48750,20.01934,1443000,982.05,980.0
2026-02-06 15:28:00,21.2,21.2,21.15,21.2,21750,19.911544,1443000,982.3,980.0
2026-02-06 15:29:00,21.25,21.4,21.05,21.2,21000,20.111542,1443000,982.0,980.0
2026-02-09 09:15:00,22.25,22.25,21.45,21.45,52500,21.341233,1452750,983.8,980.0
2026-02-09 09:16:00,20.95,21.45,20.95,20.95,51000,22.607157,1461000,981.15,980.0
2026-02-09 09:17:00,18.9,20.95,18.85,18.85,57000,22.281682,1461000,977.75,980.0
2026-02-09 09:18:00,19.25,19.8,18.85,19.45,66750,22.635115,1461000,978.35,980.0
2026-02-09 09:19:00,19.2,19.45,19.2,19.25,5250,22.153447,1506750,978.7,980.0
2026-02-09 09:20:00,19.65,19.65,19.25,19.65,35250,22.586565,1506750,978.8,980.0
2026-02-09 09:21:00,19.15,19.65,19.15,19.15,33750,23.211894,1506750,976.9,980.0
2026-02-09 09:22:00,18.35,19.15,18.35,18.35,54000,22.504692,1545000,976.45,980.0
2026-02-09 09:23:00,17.9,18.55,17.9,18.4,24000,22.374669,1545000,976.75,980.0
2026-02-09 09:24:00,18.5,18.7,18.4,18.4,25500,22.760341,1545000,976.15,980.0
2026-02-09 09:25:00,18.2,18.4,18.2,18.2,14250,22.638979,1548000,975.95,980.0
2026-02-09 09:26:00,18.3,18.3,18.2,18.3,6750,22.986503,1548000,975.6,980.0
2026-02-09 09:27:00,18.1,18.3,17.65,17.9,45750,22.645858,1548000,975.35,980.0
2026-02-09 09:28:00,22.8,23.3,22.6,23.05,33000,22.89804,742500,974.8,970.0
2026-02-09 09:29:00,17.6,18.15,17.6,17.9,6750,22.52087,1552500,975.55,980.0
2026-02-09 09:30:00,17.85,18.1,17.7,18.1,19500,22.644403,1552500,975.75,980.0
2026-02-09 09:31:00,18.1,18.75,18.1,18.7,31500,22.656937,1525500,976.9,980.0
2026-02-09 09:32:00,18.7,19.05,18.35,18.9,16500,22.254756,1525500,977.9,980.0
2026-02-09 09:33:00,18.9,19.0,18.45,18.45,30750,22.281597,1525500,977.0,980.0
2026-02-09 09:34:00,18.55,18.55,17.9,17.95,11250,21.787835,1547250,976.8,980.0
2026-02-09 09:35:00,18.0,18.0,17.95,18.0,1500,22.044006,1547250,976.5,980.0
2026-02-09 09:36:00,18.3,18.3,18.0,18.3,4500,22.418883,1547250,976.5,980.0
2026-02-09 09:37:00,18.15,18.3,17.7,17.7,27750,22.307789,1550250,975.5,980.0
2026-02-09 09:38:00,17.8,17.8,17.7,17.8,7500,22.622267,1550250,975.2,980.0
2026-02-09 09:39:00,17.75,17.8,17.75,17.75,12750,22.371427,1550250,975.5,980.0
2026-02-09 09:40:00,17.55,17.75,17.55,17.55,15000,22.37417,1560750,975.1,980.0
2026-02-09 09:41:00,17.55,17.55,17.55,17.55,6000,21.996502,1560750,975.7,980.0
2026-02-09 09:42:00,17.55,17.55,17.55,17.55,6750,21.325873,1560750,976.75,980.0
2026-02-09 09:43:00,18.25,18.35,17.55,18.35,22500,22.22773,1566000,976.9,980.0
2026-02-09 09:44:00,18.15,18.35,18.15,18.15,18750,22.107951,1566000,976.7,980.0
2026-02-09 09:45:00,18.2,18.2,18.15,18.2,6000,22.299666,1566000,976.5,980.0
2026-02-09 09:46:00,17.95,18.2,17.95,17.95,6750,22.688551,1571250,975.4,980.0
2026-02-09 09:47:00,17.85,17.95,17.85,17.85,3000,21.670915,1571250,976.8,980.0
2026-02-09 09:48:00,18.3,18.3,17.85,18.3,10500,22.103661,1571250,977.0,980.0
2026-02-09 09:49:00,18.55,18.55,18.3,18.55,5250,22.156125,1573500,977.4,980.0
2026-02-09 09:50:00,18.45,18.55,18.4,18.4,14250,22.35907,1573500,976.8,980.0
2026-02-09 09:51:00,18.15,18.4,18.15,18.15,6000,22.337222,1573500,976.35,980.0
2026-02-09 09:52:00,18.15,18.15,18.15,18.15,33000,22.305778,1590750,976.4,980.0
2026-02-09 09:53:00,18.55,18.55,18.15,18.55,4500,21.929453,1590750,977.75,980.0
2026-02-09 09:54:00,18.6,18.6,18.55,18.6,9750,22.25422,1590750,977.35,980.0
2026-02-09 09:55:00,18.85,18.85,18.6,18.85,16500,22.697035,1594500,977.15,980.0
2026-02-09 09:56:00,18.7,19.0,18.7,19.0,35250,22.262537,1594500,978.1,980.0
2026-02-09 09:57:00,19.05,19.05,19.0,19.05,18750,22.358597,1594500,978.05,980.0
2026-02-09 09:58:00,18.6,19.05,18.6,18.6,21750,22.321838,1613250,977.25,980.0
2026-02-09 09:59:00,23.95,23.95,23.95,23.95,0,23.919408,769500,975.0,970.0
2026-02-09 10:00:00,22.7,23.95,22.7,22.7,10500,22.733033,769500,974.45,970.0
2026-02-09 10:01:00,17.5,17.65,17.45,17.65,13500,22.323216,1641750,975.4,980.0
2026-02-09 10:02:00,17.65,18.2,17.65,18.1,9000,22.568981,1641750,975.9,980.0
2026-02-09 10:03:00,18.0,18.1,17.8,17.8,1500,22.480228,1641750,975.45,980.0
2026-02-09 10:04:00,22.6,23.0,22.6,22.6,7500,22.194212,772500,975.0,970.0
2026-02-09 10:05:00,17.5,17.7,17.5,17.6,22500,22.483383,1645500,975.05,980.0
2026-02-09 10:06:00,22.6,22.75,22.6,22.6,2250,22.758098,772500,974.25,970.0
2026-02-09 10:07:00,22.6,22.6,22.6,22.6,0,23.238599,774000,973.6,970.0
2026-02-09 10:08:00,22.0,22.6,22.0,22.0,12000,22.657968,774000,973.35,970.0
2026-02-09 10:09:00,21.35,22.0,21.35,21.8,6750,22.146184,774000,973.7,970.0
2026-02-09 10:10:00,21.6,21.8,21.6,21.6,5250,22.441809,775500,972.95,970.0
2026-02-09 10:11:00,21.85,22.0,21.55,21.55,6750,22.342391,775500,973.0,970.0
2026-02-09 10:12:00,21.6,21.6,21.55,21.55,6750,22.343023,775500,973.0,970.0
2026-02-09 10:13:00,21.4,21.55,21.4,21.4,7500,22.659309,784500,972.3,970.0
2026-02-09 10:14:00,21.25,21.4,21.25,21.25,2250,22.325284,784500,972.5,970.0
2026-02-09 10:15:00,21.15,21.25,20.95,20.95,26250,21.908229,784500,972.55,970.0
2026-02-09 10:16:00,20.9,20.95,20.9,20.9,16500,22.025864,797250,972.3,970.0
2026-02-09 10:17:00,21.5,21.75,20.9,21.6,20250,22.300394,797250,973.15,970.0
2026-02-09 10:18:00,16.8,17.65,16.5,17.65,9750,22.207261,1682250,975.6,980.0
2026-02-09 10:19:00,17.6,17.75,17.4,17.75,13500,22.522282,1693500,975.3,980.0
2026-02-09 10:20:00,17.75,17.75,17.75,17.75,9000,22.396676,1693500,975.5,980.0
2026-02-09 10:21:00,17.9,17.9,17.75,17.9,18000,22.011441,1693500,976.4,980.0
2026-02-09 10:22:00,18.1,18.35,17.9,18.0,60000,22.328991,1706250,976.1,980.0
2026-02-09 10:23:00,18.0,18.3,17.85,17.9,21000,22.332202,1706250,975.9,980.0
2026-02-09 10:24:00,17.9,17.9,17.9,17.9,4500,21.884693,1706250,976.6,980.0
2026-02-09 10:25:00,18.2,18.5,17.9,18.35,32250,22.253585,1703250,976.9,980.0
2026-02-09 10:26:00,18.35,18.35,18.2,18.35,5250,22.189406,1703250,977.0,980.0
2026-02-09 10:27:00,18.5,18.5,18.15,18.15,27750,21.940234,1703250,977.0,980.0
2026-02-09 10:28:00,18.4,18.4,18.15,18.3,12750,22.354498,1710750,976.65,980.0
2026-02-09 10:29:00,18.0,18.3,17.8,17.8,18000,22.147273,1710750,976.0,980.0
2026-02-09 10:30:00,18.0,18.0,17.8,18.0,2250,22.013244,1710750,976.6,980.0
2026-02-09 10:31:00,18.2,18.45,18.0,18.45,4500,22.219975,1713000,977.15,980.0
2026-02-09 10:32:00,18.8,18.8,18.45,18.8,12000,22.199845,1713000,977.85,980.0
2026-02-09 10:33:00,18.95,18.95,18.4,18.4,33750,22.611234,1713000,976.45,980.0
2026-02-09 10:34:00,18.15,18.4,18.0,18.0,4500,22.686109,1703250,975.55,980.0
2026-02-09 10:35:00,17.95,18.0,17.95,17.95,2250,22.560895,1703250,975.65,980.0
2026-02-09 10:36:00,18.2,18.2,17.95,18.2,3750,22.810462,1703250,975.75,980.0
2026-02-09 10:37:00,18.35,18.35,18.2,18.35,4500,22.583384,1698750,976.4,980.0
2026-02-09 10:38:00,18.55,18.55,18.35,18.55,4500,22.479058,1698750,976.95,980.0
2026-02-09 10:39:00,19.0,19.0,18.55,18.8,5250,22.072266,1698750,978.05,980.0
2026-02-09 10:40:00,19.3,19.3,18.8,19.3,36000,21.65955,1697250,979.6,980.0
2026-02-09 10:41:00,19.5,19.5,19.3,19.35,21000,22.262285,1697250,978.8,980.0
2026-02-09 10:42:00,19.5,19.5,19.35,19.5,3000,22.550708,1697250,978.65,980.0
2026-02-09 10:43:00,19.35,19.5,19.35,19.35,8250,21.927281,1689000,979.3,980.0
2026-02-09 10:44:00,19.65,19.65,19.35,19.65,19500,22.303274,1689000,979.3,980.0
2026-02-09 10:45:00,19.65,19.65,19.65,19.65,12000,22.572972,1689000,978.9,980.0
2026-02-09 10:46:00,19.6,19.65,19.45,19.45,52500,22.390449,1681500,978.8,980.0
2026-02-09 10:47:00,19.5,19.5,19.45,19.5,9000,22.386622,1681500,978.9,980.0
2026-02-09 10:48:00,19.55,19.55,19.5,19.55,12750,22.516761,1681500,978.8,980.0
2026-02-09 10:49:00,19.3,19.55,19.3,19.3,9750,22.6042,1677750,978.2,980.0
2026-02-09 10:50:00,19.1,19.3,19.1,19.1,32250,22.088891,1677750,978.6,980.0
2026-02-09 10:51:00,19.25,19.25,19.1,19.25,13500,22.609119,1677750,978.1,980.0
2026-02-09 10:52:00,19.0,19.25,19.0,19.0,6000,22.527959,1681500,977.75,980.0
2026-02-09 10:53:00,19.05,19.05,19.0,19.05,3000,22.094884,1681500,978.5,980.0
2026-02-09 10:54:00,19.4,19.4,19.05,19.4,6000,22.399781,1681500,978.7,980.0
2026-02-09 10:55:00,19.25,19.4,19.25,19.25,1500,22.479165,1682250,978.3,980.0
2026-02-09 10:56:00,19.25,19.25,19.25,19.25,0,22.346847,1682250,978.5,980.0
2026-02-09 10:57:00,19.25,19.25,19.25,19.25,0,22.480415,1682250,978.3,980.0
2026-02-09 10:58:00,19.2,19.25,19.2,19.2,20250,22.551,1671750,978.1,980.0
2026-02-09 10:59:00,19.4,19.4,19.2,19.4,2250,22.636042,1671750,978.35,980.0
2026-02-09 11:00:00,19.4,19.4,19.3,19.3,3000,22.544813,1671750,978.3,980.0
2026-02-09 11:01:00,19.4,19.4,19.25,19.25,17250,22.482918,1669500,978.3,980.0
2026-02-09 11:02:00,19.25,19.25,19.25,19.25,0,22.649069,1669500,978.05,980.0
2026-02-09 11:03:00,19.05,19.25,19.05,19.05,9000,22.531556,1669500,977.85,980.0
2026-02-09 11:04:00,19.05,19.05,19.05,19.05,3000,22.729204,1668000,977.55,980.0
2026-02-09 11:05:00,19.0,19.05,19.0,19.0,12000,22.371386,1668000,978.0,980.0
2026-02-09 11:06:00,19.25,19.5,19.0,19.5,14250,22.297748,1668000,979.05,980.0
2026-02-09 11:07:00,19.5,19.5,19.5,19.5,5250,22.732922,1668000,978.4,980.0
2026-02-09 11:08:00,19.35,19.5,19.35,19.35,3000,22.810903,1662750,978.0,980.0
2026-02-09 11:09:00,19.35,19.35,19.35,19.35,0,22.811537,1662750,978.0,980.0
2026-02-09 11:10:00,19.2,19.35,19.2,19.2,6750,22.624597,1662750,978.0,980.0
2026-02-09 11:11:00,19.2,19.2,18.9,18.9,5250,22.217031,1664250,978.05,980.0
2026-02-09 11:12:00,18.9,18.9,18.9,18.9,0,22.250686,1664250,978.0,980.0
2026-02-09 11:13:00,19.0,19.05,18.9,19.05,9000,22.438895,1664250,978.0,980.0
2026-02-09 11:14:00,18.9,19.05,18.9,18.9,20250,22.416673,1665000,977.75,980.0
2026-02-09 11:15:00,19.0,19.0,18.9,19.0,4500,22.377612,1665000,978.0,980.0
2026-02-09 11:16:00,19.0,19.0,19.0,19.0,4500,22.378235,1683000,978.0,980.0
2026-02-09 11:17:00,19.1,19.1,19.0,19.0,4500,22.345822,1683000,978.05,980.0
2026-02-09 11:18:00,19.0,19.0,19.0,19.0,14250,22.379479,1683000,978.0,980.0
2026-02-09 11:19:00,18.8,19.0,18.8,18.8,1500,22.096904,1683000,978.05,980.0
2026-02-09 11:20:00,18.8,18.8,18.8,18.8,0,22.130565,1683000,978.0,980.0
2026-02-09 11:21:00,18.9,18.9,18.8,18.9,750,22.223225,1685250,978.05,980.0
2026-02-09 11:22:00,18.9,18.9,18.9,18.9,3750,22.157668,1684500,978.15,980.0
2026-02-09 11:23:00,19.1,19.1,18.9,19.1,1500,22.50768,1684500,978.0,980.0
2026-02-09 11:24:00,19.1,19.1,19.1,19.1,0,22.475269,1684500,978.05,980.0
2026-02-09 11:25:00,19.1,19.1,19.1,19.1,8250,22.574918,1684500,977.9,980.0
2026-02-09 11:26:00,18.8,19.1,18.8,18.8,9750,22.134271,1684500,978.0,980.0
2026-02-09 11:27:00,18.8,18.8,18.8,18.8,0,22.134889,1684500,978.0,980.0
2026-02-09 11:28:00,18.8,18.8,18.8,18.8,0,22.135507,1684500,978.0,980.0
2026-02-09 11:29:00,18.85,18.85,18.8,18.85,4500,22.198677,1687500,978.0,980.0
2026-02-09 11:30:00,18.85,18.85,18.85,18.85,2250,22.199295,1687500,978.0,980.0
2026-02-09 11:31:00,18.75,18.85,18.75,18.75,3000,22.04175,1687500,978.05,980.0
2026-02-09 11:32:00,19.0,19.0,18.75,19.0,750,22.222679,1686750,978.25,980.0
2026-02-09 11:33:00,19.15,19.15,19.0,19.15,18000,21.707524,1686750,979.3,980.0
2026-02-09 11:34:00,19.4,19.4,19.15,19.4,4500,21.885803,1686750,979.5,980.0
2026-02-09 11:35:00,19.45,19.45,19.4,19.45,4500,22.185855,1684500,979.15,980.0
2026-02-09 11:36:00,19.2,19.45,19.15,19.15,17250,22.146499,1684500,978.65,980.0
2026-02-09 11:37:00,19.15,19.15,19.15,19.15,750,22.013186,1684500,978.85,980.0
2026-02-09 11:38:00,19.4,19.5,19.15,19.5,7500,22.115246,1695750,979.35,980.0
2026-02-09 11:39:00,19.5,19.5,19.5,19.5,750,22.048121,1695750,979.45,980.0
2026-02-09 11:40:00,19.6,19.6,19.5,19.55,2250,22.077477,1695750,979.5,980.0
2026-02-09 11:41:00,19.55,19.55,19.55,19.55,750,22.449427,1694250,978.95,980.0
2026-02-09 11:42:00,19.35,19.55,19.35,19.35,6000,21.963619,1694250,979.3,980.0
2026-02-09 11:43:00,19.15,19.35,19.15,19.15,6000,21.236532,1692750,980.0,980.0
2026-02-09 11:44:00,19.25,19.45,19.15,19.45,4500,21.784479,1692750,979.75,980.0
2026-02-09 11:45:00,19.55,19.55,19.4,19.4,9000,22.061924,1692750,979.25,980.0
2026-02-09 11:46:00,19.1,19.4,19.1,19.1,1500,22.190237,1692750,978.5,980.0
2026-02-09 11:47:00,19.1,19.1,19.1,19.1,4500,21.990277,1691250,978.8,980.0
2026-02-09 11:48:00,19.2,19.2,19.1,19.2,2250,22.049032,1691250,978.9,980.0
2026-02-09 11:49:00,19.2,19.2,19.2,19.2,2250,21.915068,1691250,979.1,980.0
2026-02-09 11:50:00,19.3,19.3,19.2,19.3,1500,22.175523,1692000,978.9,980.0
2026-02-09 11:51:00,19.3,19.3,19.3,19.3,750,22.443754,1692000,978.5,980.0
2026-02-09 11:52:00,19.0,19.3,19.0,19.0,6750,22.035385,1692000,978.55,980.0
2026-02-09 11:53:00,19.0,19.0,18.85,18.85,21750,21.948183,1689750,978.4,980.0
2026-02-09 11:54:00,18.8,18.85,18.8,18.8,1500,21.819538,1689750,978.5,980.0
2026-02-09 11:55:00,18.85,19.1,18.8,19.1,12000,22.195822,1689750,978.5,980.0
2026-02-09 11:56:00,18.6,19.1,18.6,18.6,4500,21.869376,1682250,978.05,980.0
2026-02-09 11:57:00,18.5,18.6,18.5,18.6,15000,21.903064,1682250,978.0,980.0
2026-02-09 11:58:00,18.6,18.6,18.6,18.6,750,21.303493,1682250,978.9,980.0
2026-02-09 11:59:00,18.95,18.95,18.6,18.95,6000,22.010455,1671000,978.5,980.0
2026-02-09 12:00:00,18.95,18.95,18.95,18.95,3750,21.709612,1671000,978.95,980.0
2026-02-09 12:01:00,18.95,18.95,18.95,18.95,750,21.777438,1671000,978.85,980.0
2026-02-09 12:02:00,18.9,18.95,18.9,18.9,3000,21.84947,1671750,978.65,980.0
2026-02-09 12:03:00,19.0,19.0,18.9,19.0,750,21.908391,1671750,978.75,980.0
2026-02-09 12:04:00,19.25,19.25,19.0,19.25,750,21.817985,1671750,979.35,980.0
2026-02-09 12:05:00,19.35,19.6,19.25,19.6,3750,22.019634,1670250,979.7,980.0
2026-02-09 12:06:00,19.4,19.6,19.4,19.45,6750,21.934242,1670250,979.55,980.0
2026-02-09 12:07:00,19.5,19.5,19.45,19.5,1500,22.065473,1670250,979.45,980.0
2026-02-09 12:08:00,19.45,19.5,19.45,19.45,4500,21.628158,1671000,980.0,980.0
2026-02-09 12:09:00,19.45,19.45,19.45,19.45,0,21.422331,1671000,980.3,980.0
2026-02-09 12:10:00,19.9,20.0,19.45,20.0,33750,22.113576,1671000,980.3,980.0
2026-02-09 12:11:00,19.8,20.0,19.8,19.8,4500,21.724925,1665750,980.5,980.0
2026-02-09 12:12:00,19.85,19.85,19.8,19.85,1500,21.891999,1665750,980.35,980.0
2026-02-09 12:13:00,20.0,20.0,19.85,19.9,12000,21.886357,1665750,980.45,980.0
2026-02-09 12:14:00,19.9,19.9,19.9,19.9,750,22.059346,1662750,980.2,980.0
2026-02-09 12:15:00,19.9,19.9,19.8,19.8,16500,21.658092,1662750,980.6,980.0
2026-02-09 12:16:00,19.8,19.8,19.8,19.8,4500,21.762596,1662750,980.45,980.0
2026-02-09 12:17:00,19.95,19.95,19.8,19.95,6000,21.98618,1661250,980.4,980.0
2026-02-09 12:18:00,20.25,20.85,19.95,20.65,25500,21.280122,1661250,982.65,980.0
2026-02-09 12:19:00,20.8,20.95,20.65,20.9,32250,21.883704,1661250,982.25,980.0
2026-02-09 12:20:00,20.65,20.9,20.55,20.7,14250,22.164193,1647750,981.5,980.0
2026-02-09 12:21:00,20.6,20.7,20.6,20.6,4500,21.933119,1647750,981.65,980.0
2026-02-09 12:22:00,20.7,20.7,20.6,20.6,4500,22.21517,1647750,981.25,980.0
2026-02-09 12:23:00,20.5,20.6,20.5,20.6,5250,22.250813,1649250,981.2,980.0
2026-02-09 12:24:00,20.55,20.6,20.55,20.55,2250,22.397928,1649250,980.9,980.0
2026-02-09 12:25:00,20.45,20.55,20.45,20.45,9750,22.411788,1649250,980.7,980.0
2026-02-09 12:26:00,20.2,20.45,20.2,20.2,3000,22.167557,1645500,980.6,980.0
2026-02-09 12:27:00,20.1,20.2,20.1,20.1,2250,22.215316,1645500,980.35,980.0
2026-02-09 12:28:00,20.0,20.1,20.0,20.0,3750,22.124802,1645500,980.3,980.0
2026-02-09 12:29:00,19.95,20.0,19.95,19.95,8250,22.097065,1645500,980.25,980.0
2026-02-09 12:30:00,19.8,19.95,19.75,19.75,5250,22.291463,1645500,979.6,980.0
2026-02-09 12:31:00,19.15,19.75,19.15,19.15,7500,21.87826,1645500,979.1,980.0
2026-02-09 12:32:00,19.05,19.25,19.05,19.25,9000,21.801294,1647000,979.4,980.0
2026-02-09 12:33:00,19.5,19.5,19.25,19.5,3000,21.706255,1647000,980.0,980.0
2026-02-09 12:34:00,19.7,19.7,19.5,19.5,3750,21.67254,1647000,980.05,980.0
2026-02-09 12:35:00,19.7,19.7,19.5,19.7,2250,21.64863,1646250,980.45,980.0
2026-02-09 12:36:00,19.5,19.7,19.4,19.4,6000,21.719535,1646250,979.8,980.0
2026-02-09 12:37:00,19.4,19.4,19.4,19.4,750,21.583125,1646250,980.0,980.0
2026-02-09 12:38:00,19.7,19.7,19.4,19.7,3000,21.960487,1645500,980.0,980.0
2026-02-09 12:39:00,19.7,19.7,19.7,19.7,750,21.961108,1645500,980.0,980.0
2026-02-09 12:40:00,19.95,19.95,19.7,19.9,6000,21.625312,1645500,980.85,980.0
2026-02-09 12:41:00,20.25,20.25,19.9,20.25,5250,21.961582,1646250,981.0,980.0
2026-02-09 12:42:00,20.0,20.25,19.9,19.9,4500,21.869722,1646250,980.5,980.0
2026-02-09 12:43:00,20.0,20.0,19.85,19.85,4500,22.014588,1646250,980.2,980.0
2026-02-09 12:44:00,19.95,19.95,19.85,19.95,2250,21.795092,1642500,980.7,980.0
2026-02-09 12:45:00,20.0,20.05,19.95,20.05,1500,21.431564,1642500,981.4,980.0
2026-02-09 12:46:00,20.35,20.35,20.05,20.35,13500,21.810096,1642500,981.4,980.0
2026-02-09 12:47:00,20.35,20.35,20.35,20.35,8250,21.98626,1642500,981.15,980.0
2026-02-09 12:48:00,20.2,20.35,20.2,20.2,750,21.798059,1650000,981.15,980.0
2026-02-09 12:49:00,20.1,20.2,20.1,20.1,1500,21.952085,1650000,980.75,980.0
2026-02-09 12:50:00,20.25,20.25,20.1,20.25,1500,22.141363,1650000,980.75,980.0
2026-02-09 12:51:00,20.4,20.4,20.2,20.2,4500,21.799917,1650000,981.15,980.0
2026-02-09 12:52:00,20.1,20.2,20.05,20.05,2250,21.891056,1650000,980.75,980.0
2026-02-09 12:53:00,20.0,20.2,20.0,20.2,12750,21.871174,1643250,981.05,980.0
2026-02-09 12:54:00,20.0,20.2,20.0,20.05,18750,21.717951,1643250,981.0,980.0
2026-02-09 12:55:00,19.95,20.05,19.95,19.95,6000,21.732305,1643250,980.8,980.0
2026-02-09 12:56:00,20.1,20.3,19.95,20.3,2250,22.03385,1635750,981.0,980.0
2026-02-09 12:57:00,20.2,20.3,20.2,20.2,3000,21.663144,1635750,981.35,980.0
2026-02-09 12:58:00,20.3,20.3,20.2,20.2,1500,21.944154,1635750,980.95,980.0
2026-02-09 12:59:00,20.2,20.2,20.2,20.2,3750,21.979663,1635750,980.9,980.0
2026-02-09 13:00:00,20.2,20.2,20.2,20.2,0,21.87552,1635750,981.05,980.0
2026-02-09 13:01:00,20.2,20.2,20.2,20.2,0,21.630392,1635750,981.4,980.0
2026-02-09 13:02:00,20.4,20.5,20.2,20.5,4500,22.044178,1636500,981.35,980.0
2026-02-09 13:03:00,20.25,20.5,20.2,20.2,4500,21.877383,1636500,981.05,980.0
2026-02-09 13:04:00,20.05,20.2,20.05,20.05,3000,21.724127,1636500,981.0,980.0
2026-02-09 13:05:00,20.2,20.2,20.05,20.2,1500,21.913588,1637250,981.0,980.0
2026-02-09 13:06:00,20.05,20.2,20.05,20.05,3000,21.830103,1637250,980.85,980.0
2026-02-09 13:07:00,20.05,20.05,20.05,20.05,10500,21.830722,1637250,980.85,980.0
2026-02-09 13:08:00,20.15,20.15,20.05,20.15,5250,21.852504,1632000,981.0,980.0
2026-02-09 13:09:00,20.15,20.15,20.15,20.15,0,21.88806,1632000,980.95,980.0
2026-02-09 13:10:00,20.15,20.15,20.15,20.15,0,21.888683,1632000,980.95,980.0
2026-02-09 13:11:00,20.25,20.25,20.1,20.1,2250,21.826356,1632000,980.95,980.0
2026-02-09 13:12:00,20.1,20.1,20.1,20.1,0,22.070585,1632000,980.6,980.0
2026-02-09 13:13:00,20.2,20.2,20.1,20.2,8250,21.883597,1632000,981.05,980.0
2026-02-09 13:14:00,20.2,20.2,20.2,20.2,0,22.058695,1631250,980.8,980.0
2026-02-09 13:15:00,20.45,20.45,20.2,20.4,5250,22.066705,1631250,981.15,980.0
2026-02-09 13:16:00,20.2,20.4,20.2,20.2,750,21.745221,1631250,981.25,980.0
2026-02-09 13:17:00,20.3,20.3,20.15,20.15,1500,21.541956,1631250,981.45,980.0
2026-02-09 13:18:00,20.15,20.15,20.15,20.15,0,21.718579,1631250,981.2,980.0
2026-02-09 13:19:00,20.0,20.15,20.0,20.0,4500,21.530188,1634250,981.2,980.0
2026-02-09 13:20:00,20.0,20.0,20.0,20.0,0,21.845513,1636500,980.75,980.0
2026-02-09 13:21:00,19.65,20.0,19.65,19.65,3000,21.370649,1636500,980.8,980.0
2026-02-09 13:22:00,19.6,19.65,19.6,19.6,3750,21.482353,1636500,980.55,980.0
2026-02-09 13:23:00,19.6,19.6,19.6,19.6,750,21.378641,1632750,980.7,980.0
2026-02-09 13:24:00,19.6,19.6,19.6,19.6,9750,21.483576,1632750,980.55,980.0
2026-02-09 13:25:00,19.6,19.6,19.6,19.6,750,21.310123,1632750,980.8,980.0
2026-02-09 13:26:00,19.55,19.65,19.55,19.65,3750,21.478228,1631250,980.65,980.0
2026-02-09 13:27:00,19.65,19.65,19.65,19.65,0,21.513609,1631250,980.6,980.0
2026-02-09 13:28:00,19.65,19.65,19.65,19.65,3000,21.479451,1631250,980.65,980.0
2026-02-09 13:29:00,19.65,19.65,19.65,19.65,1500,21.54957,1629000,980.55,980.0
2026-02-09 13:30:00,19.65,19.65,19.65,19.65,1500,21.480676,1629000,980.65,980.0
2026-02-09 13:31:00,19.8,20.25,19.65,20.25,27750,21.782378,1629000,981.3,980.0
2026-02-09 13:32:00,20.0,20.25,20.0,20.0,2250,21.748363,1619250,980.9,980.0
2026-02-09 13:33:00,20.15,20.3,20.0,20.3,3750,21.705685,1619250,981.5,980.0
2026-02-09 13:34:00,20.3,20.3,20.25,20.25,3750,21.643237,1619250,981.5,980.0
2026-02-09 13:35:00,20.5,20.5,20.25,20.5,9000,21.888531,1619250,981.6,980.0
2026-02-09 13:36:00,20.4,20.5,20.4,20.4,9000,21.762998,1619250,981.6,980.0
2026-02-09 13:37:00,20.4,20.4,20.4,20.4,1500,21.798976,1619250,981.55,980.0
2026-02-09 13:38:00,20.25,20.4,20.25,20.25,750,21.645709,1615500,981.5,980.0
2026-02-09 13:39:00,20.4,20.4,20.25,20.4,2250,21.835541,1615500,981.5,980.0
2026-02-09 13:40:00,20.4,20.4,20.4,20.4,750,21.836163,1615500,981.5,980.0
2026-02-09 13:41:00,20.4,20.4,20.4,20.4,0,21.836786,1615500,981.5,980.0
2026-02-09 13:42:00,20.4,20.4,20.4,20.4,0,21.837409,1615500,981.5,980.0
2026-02-09 13:43:00,20.3,20.65,20.3,20.65,12000,21.79888,1614750,982.0,980.0
2026-02-09 13:44:00,20.5,20.65,20.5,20.5,2250,21.574329,1609500,982.05,980.0
2026-02-09 13:45:00,20.5,20.5,20.5,20.5,2250,21.539216,1609500,982.1,980.0
2026-02-09 13:46:00,20.5,20.5,20.5,20.5,20250,21.575567,1609500,982.05,980.0
2026-02-09 13:47:00,20.4,20.5,20.4,20.4,750,21.485528,1611000,982.0,980.0
2026-02-09 13:48:00,20.4,20.4,20.35,20.35,5250,21.387239,1611000,982.05,980.0
2026-02-09 13:49:00,20.3,20.35,20.3,20.3,750,21.644869,1611000,981.6,980.0
2026-02-09 13:50:00,20.1,20.5,20.1,20.5,9000,21.542304,1611750,982.1,980.0
2026-02-09 13:51:00,20.5,20.5,20.5,20.5,1500,21.614352,1611750,982.0,980.0
2026-02-09 13:52:00,20.45,20.5,20.45,20.45,1500,21.551792,1611750,982.0,980.0
2026-02-09 13:53:00,20.4,20.45,20.4,20.4,12750,21.844256,1611000,981.5,980.0
2026-02-09 13:54:00,20.2,20.4,20.2,20.2,3750,21.12965,1611000,982.15,980.0
2026-02-09 13:55:00,20.6,20.6,20.2,20.6,18000,21.743184,1611000,982.0,980.0
2026-02-09 13:56:00,20.25,20.6,20.25,20.25,1500,21.301488,1611750,982.0,980.0
2026-02-09 13:57:00,20.25,20.25,20.2,20.2,3750,21.310306,1611750,981.9,980.0
2026-02-09 13:58:00,20.3,20.3,20.2,20.3,2250,21.50849,1611750,981.8,980.0
2026-02-09 13:59:00,19.95,20.3,19.95,19.95,13500,21.526881,1611750,981.15,980.0
2026-02-09 14:00:00,19.9,20.0,19.9,20.0,2250,21.237408,1611750,981.65,980.0
2026-02-09 14:01:00,20.0,20.2,20.0,20.2,3000,21.596828,1611750,981.5,980.0
2026-02-09 14:02:00,20.15,20.2,20.15,20.15,2250,21.357031,1610250,981.75,980.0
2026-02-09 14:03:00,20.0,20.15,19.75,19.75,7500,21.487407,1610250,980.85,980.0
2026-02-09 14:04:00,19.75,19.75,19.75,19.75,3750,21.383021,1610250,981.0,980.0
2026-02-09 14:05:00,19.75,19.75,19.75,19.75,0,21.243103,1610250,981.2,980.0
2026-02-09 14:06:00,19.75,19.85,19.75,19.85,3750,21.087104,1609500,981.6,980.0
2026-02-09 14:07:00,20.1,20.1,19.85,20.1,3000,21.296925,1609500,981.75,980.0
2026-02-09 14:08:00,20.1,20.1,20.1,20.1,0,21.33309,1611750,981.7,980.0
2026-02-09 14:09:00,20.0,20.1,20.0,20.0,12000,20.885727,1611750,982.15,980.0
2026-02-09 14:10:00,20.0,20.0,20.0,20.0,0,20.993914,1611750,982.0,980.0
2026-02-09 14:11:00,20.2,20.2,20.0,20.2,8250,21.283187,1611750,981.95,980.0
2026-02-09 14:12:00,20.2,20.2,20.2,20.2,0,21.212289,1611750,982.05,980.0
2026-02-09 14:13:00,20.35,20.4,20.2,20.4,9750,21.50156,1607250,982.0,980.0
2026-02-09 14:14:00,20.25,20.4,20.25,20.25,750,21.276751,1609500,982.05,980.0
2026-02-09 14:15:00,20.4,20.4,20.25,20.4,3000,21.467061,1609500,982.05,980.0
2026-02-09 14:16:00,20.35,20.4,20.35,20.35,1500,21.440193,1609500,982.0,980.0
2026-02-09 14:17:00,20.35,20.35,20.35,20.35,0,21.476513,1609500,981.95,980.0
2026-02-09 14:18:00,20.2,20.35,20.15,20.15,4500,21.259956,1608000,981.9,980.0
2026-02-09 14:19:00,20.2,20.2,20.15,20.2,750,21.501682,1608000,981.65,980.0
2026-02-09 14:20:00,20.25,20.25,20.2,20.2,2250,21.608571,1608000,981.5,980.0
2026-02-09 14:21:00,19.95,20.2,19.95,20.1,6750,21.305494,1607250,981.75,980.0
2026-02-09 14:22:00,20.1,20.1,20.1,20.1,0,21.483525,1607250,981.5,980.0
2026-02-09 14:23:00,20.0,20.1,20.0,20.0,3750,21.286953,1607250,981.6,980.0
2026-02-09 14:24:00,20.0,20.0,20.0,20.0,0,21.429194,1605750,981.4,980.0
2026-02-09 14:25:00,20.0,20.0,20.0,20.0,0,21.288175,1605750,981.6,980.0
2026-02-09 14:26:00,19.95,20.0,19.95,19.95,3000,21.402604,1605750,981.35,980.0
2026-02-09 14:27:00,20.05,20.05,19.95,20.0,5250,21.360296,1605750,981.5,980.0
2026-02-09 14:28:00,19.9,20.05,19.9,20.05,3750,21.103869,1605750,981.95,980.0
2026-02-09 14:29:00,20.05,20.05,20.05,20.05,0,21.140216,1607250,981.9,980.0
2026-02-09 14:30:00,20.05,20.05,20.05,20.05,0,21.354415,1607250,981.6,980.0
2026-02-09 14:31:00,20.15,20.15,20.05,20.15,3000,21.196434,1607250,982.0,980.0
2026-02-09 14:32:00,20.15,20.15,20.15,20.15,750,21.375438,1609500,981.75,980.0
2026-02-09 14:33:00,20.15,20.15,20.15,20.15,2250,21.197656,1609500,982.0,980.0
2026-02-09 14:34:00,20.25,20.25,20.15,20.2,9750,21.404283,1609500,981.8,980.0
2026-02-09 14:35:00,20.15,20.2,20.15,20.15,3750,21.163077,1609500,982.05,980.0
2026-02-09 14:36:00,20.2,20.2,20.15,20.2,750,21.405512,1608750,981.8,980.0
2026-02-09 14:37:00,20.3,20.4,20.2,20.25,5250,21.326624,1608750,982.0,980.0
2026-02-09 14:38:00,20.05,20.25,20.05,20.1,4500,20.957955,1608750,982.25,980.0
2026-02-09 14:39:00,20.3,20.3,20.1,20.3,2250,21.39111,1612500,982.0,980.0
2026-02-09 14:40:00,20.3,20.3,20.3,20.3,0,21.534411,1612500,981.8,980.0
2026-02-09 14:41:00,20.2,20.3,20.2,20.2,9000,21.408588,1612500,981.8,980.0
2026-02-09 14:42:00,20.65,20.65,20.2,20.65,10500,21.549006,1612500,982.4,980.0
2026-02-09 14:43:00,20.7,20.7,20.65,20.7,5250,21.360041,1612500,982.75,980.0
2026-02-09 14:44:00,20.55,20.7,20.55,20.55,2250,21.603182,1612500,982.15,980.0
2026-02-09 14:45:00,20.55,20.6,20.55,20.6,6750,21.487535,1611750,982.4,980.0
2026-02-09 14:46:00,20.65,20.65,20.6,20.65,2250,21.659301,1611750,982.25,980.0
2026-02-09 14:47:00,20.7,20.7,20.65,20.7,6000,21.615434,1611750,982.4,980.0
2026-02-09 14:48:00,20.65,20.7,20.65,20.65,5250,21.803745,1611000,982.05,980.0
2026-02-09 14:49:00,20.6,20.65,20.6,20.65,5250,21.840073,1611000,982.0,980.0
2026-02-09 14:50:00,20.75,20.75,20.65,20.75,6000,21.572509,1611000,982.55,980.0
2026-02-09 14:51:00,20.9,20.9,20.75,20.9,17250,22.121871,1611000,982.05,980.0
2026-02-09 14:52:00,20.7,20.9,20.7,20.75,6750,21.753755,1611000,982.3,980.0
2026-02-09 14:53:00,20.65,20.75,20.65,20.7,8250,21.905825,1611750,982.0,980.0
2026-02-09 14:54:00,20.7,20.7,20.7,20.7,0,21.763436,1611750,982.2,980.0
2026-02-09 14:55:00,20.7,20.7,20.7,20.7,0,21.76406,1611750,982.2,980.0
2026-02-09 14:56:00,21.05,21.05,20.7,21.05,4500,21.848102,1611750,982.7,980.0
2026-02-09 14:57:00,21.25,21.25,21.05,21.25,4500,21.884848,1612500,983.0,980.0
2026-02-09 14:58:00,21.3,21.3,21.25,21.3,3750,21.839708,1612500,983.15,980.0
2026-02-09 14:59:00,21.15,21.3,21.15,21.15,13500,21.722813,1611750,983.05,980.0
2026-02-09 15:00:00,20.85,21.15,20.65,20.65,7500,21.234411,1611750,982.85,980.0
2026-02-09 15:01:00,21.0,21.0,20.65,21.0,3750,21.57008,1611750,983.0,980.0
2026-02-09 15:02:00,21.05,21.2,21.0,21.2,12750,21.605576,1610250,983.3,980.0
2026-02-09 15:03:00,21.15,21.2,21.0,21.0,5250,21.388684,1610250,983.25,980.0
2026-02-09 15:04:00,21.2,21.2,21.0,21.2,1500,21.606823,1610250,983.3,980.0
2026-02-09 15:05:00,21.2,21.2,21.2,21.2,0,21.570803,1610250,983.35,980.0
2026-02-09 15:06:00,20.8,21.2,20.8,20.8,18750,21.062839,1610250,983.35,980.0
2026-02-09 15:07:00,20.8,20.8,20.7,20.8,7500,21.063451,1610250,983.35,980.0
2026-02-09 15:08:00,20.85,21.0,20.8,21.0,6000,21.281665,1610250,983.4,980.0
2026-02-09 15:09:00,21.0,21.1,21.0,21.1,10500,21.335882,1610250,983.5,980.0
2026-02-09 15:10:00,21.1,21.4,21.1,21.4,29250,21.31122,1610250,984.05,980.0
2026-02-09 15:11:00,21.5,21.5,21.25,21.25,14250,21.23221,1610250,983.9,980.0
2026-02-09 15:12:00,21.4,21.4,21.0,21.0,6750,20.914143,1608000,983.9,980.0
2026-02-09 15:13:00,21.05,21.1,20.9,21.05,6750,21.163992,1608000,983.65,980.0
2026-02-09 15:14:00,21.15,21.2,21.0,21.1,9000,21.228274,1608000,983.65,980.0
2026-02-09 15:15:00,21.0,21.1,20.55,21.0,14250,21.359451,1606500,983.3,980.0
2026-02-09 15:16:00,20.8,21.0,20.8,20.95,4500,21.479464,1606500,983.05,980.0
2026-02-09 15:17:00,20.85,20.95,20.85,20.95,8250,21.698244,1606500,982.75,980.0
2026-02-09 15:18:00,20.8,20.95,20.8,20.9,15750,21.526502,1602750,982.9,980.0
2026-02-09 15:19:00,20.95,20.95,20.75,20.75,17250,21.263757,1602750,983.0,980.0
2026-02-09 15:20:00,20.9,20.9,20.75,20.9,4500,21.088143,1601250,983.5,980.0
2026-02-09 15:21:00,20.95,20.95,20.9,20.95,15000,20.893101,1601250,983.85,980.0
2026-02-09 15:22:00,20.95,20.95,20.7,20.7,8250,20.797727,1601250,983.55,980.0
2026-02-09 15:23:00,20.7,20.85,20.7,20.85,4500,21.063221,1601250,983.45,980.0
2026-02-09 15:24:00,20.65,20.85,20.6,20.6,9000,20.782455,1605000,983.4,980.0
2026-02-09 15:25:00,20.35,20.6,20.35,20.35,6750,21.159198,1605000,982.45,980.0
2026-02-09 15:26:00,20.0,20.35,20.0,20.0,13500,21.040071,1605000,982.0,980.0
2026-02-09 15:27:00,20.0,20.5,19.75,20.5,27000,21.673955,1596750,982.0,980.0
2026-02-09 15:28:00,20.5,20.8,20.5,20.65,20250,22.219659,1596750,981.5,980.0
2026-02-09 15:29:00,20.6,20.65,20.2,20.2,7500,21.65133,1596750,981.5,980.0
2026-02-10 09:15:00,20.5,21.35,19.55,20.15,16500,21.981209,1603500,981.9,980.0
2026-02-10 09:16:00,20.0,20.15,20.0,20.0,12000,21.750754,1604250,981.95,980.0
2026-02-10 09:17:00,20.0,20.0,20.0,20.0,10500,22.794714,1604250,980.5,980.0
2026-02-10 09:18:00,19.0,20.0,19.0,19.0,11250,21.644332,1604250,980.3,980.0
2026-02-10 09:19:00,18.9,19.0,18.9,18.9,10500,22.425004,1603500,979.0,980.0
2026-02-10 09:20:00,18.4,18.9,18.4,18.4,22500,22.261125,1603500,978.3,980.0
2026-02-10 09:21:00,17.9,18.4,17.9,17.9,39750,22.924327,1603500,976.35,980.0
2026-02-10 09:22:00,17.55,17.9,17.55,17.55,24000,23.029829,1615500,975.5,980.0
2026-02-10 09:23:00,16.6,17.55,16.6,16.6,25500,21.609902,1615500,975.8,980.0
2026-02-10 09:24:00,16.95,16.95,16.6,16.95,19500,20.699769,1615500,977.85,980.0
2026-02-10 09:25:00,17.8,17.8,16.95,17.8,31500,22.500349,1625250,976.8,980.0
2026-02-10 09:26:00,17.35,17.8,17.35,17.35,15000,22.350024,1625250,976.15,980.0
2026-02-10 09:27:00,17.35,17.35,17.35,17.35,5250,22.252063,1625250,976.3,980.0
2026-02-10 09:28:00,17.65,17.65,17.35,17.65,5250,22.771036,1632750,976.1,980.0
2026-02-10 09:29:00,17.35,17.65,17.35,17.35,9750,22.581123,1632750,975.8,980.0
2026-02-10 09:30:00,17.4,17.4,17.35,17.4,13500,22.515495,1632750,976.0,980.0
2026-02-10 09:31:00,17.25,17.4,16.9,16.9,45000,22.262039,1637250,975.4,980.0
2026-02-10 09:32:00,21.85,22.4,21.85,21.85,10500,22.329095,759750,974.75,970.0
2026-02-10 09:33:00,16.7,16.7,16.7,16.7,0,21.679973,1637250,975.9,980.0
2026-02-10 09:34:00,16.9,16.9,16.7,16.9,15750,22.393387,1640250,975.2,980.0
2026-02-10 09:35:00,21.65,22.3,21.65,21.65,8250,22.491921,764250,974.2,970.0
2026-02-10 09:36:00,21.65,21.65,21.65,21.65,1500,22.531003,764250,974.15,970.0
2026-02-10 09:37:00,21.65,21.65,21.65,21.65,4500,22.608352,765000,974.05,970.0
2026-02-10 09:38:00,21.55,21.65,21.55,21.55,2250,22.169027,765000,974.45,970.0
2026-02-10 09:39:00,21.8,21.8,21.55,21.8,1500,22.384113,765000,974.6,970.0
2026-02-10 09:40:00,21.9,21.9,21.8,21.9,9000,22.478287,769500,974.65,970.0
2026-02-10 09:41:00,21.9,21.9,21.9,21.9,3000,22.440174,769500,974.7,970.0
2026-02-10 09:42:00,21.75,21.9,21.75,21.75,1500,22.551792,769500,974.3,970.0
2026-02-10 09:43:00,21.15,21.75,21.15,21.15,12000,23.01152,775500,972.65,970.0
2026-02-10 09:44:00,20.8,21.15,20.8,20.8,9750,22.627097,775500,972.55,970.0
2026-02-10 09:45:00,20.75,20.8,20.7,20.7,21000,22.756205,775500,972.2,970.0
2026-02-10 09:46:00,20.7,20.7,20.7,20.7,7500,23.014679,783000,971.85,970.0
2026-02-10 09:47:00,20.7,20.7,20.7,20.7,3000,22.941901,783000,971.95,970.0
2026-02-10 09:48:00,20.5,20.7,20.5,20.5,6750,22.606695,783000,972.05,970.0
2026-02-10 09:49:00,20.5,20.5,20.5,20.5,22500,23.55356,800250,970.75,970.0
2026-02-10 09:50:00,20.4,20.5,20.35,20.35,45750,23.214137,800250,970.95,970.0
2026-02-10 09:51:00,20.35,20.35,20.35,20.35,750,23.178725,800250,971.0,970.0
2026-02-10 09:52:00,20.3,20.35,20.3,20.3,13500,23.758505,815250,970.1,970.0
2026-02-10 09:53:00,19.85,20.3,19.85,19.85,35250,23.100343,815250,970.2,970.0
2026-02-10 09:54:00,19.0,19.85,19.0,19.0,33750,23.494297,815250,968.05,970.0
2026-02-10 09:55:00,18.85,19.75,18.85,19.75,11250,23.53671,832500,969.4,970.0
2026-02-10 09:56:00,19.55,19.8,19.55,19.8,6750,23.49725,832500,969.55,970.0
2026-02-10 09:57:00,19.5,19.8,19.5,19.5,6000,23.491651,832500,969.0,970.0
2026-02-10 09:58:00,19.65,19.65,19.5,19.65,11250,23.443355,837000,969.35,970.0
2026-02-10 09:59:00,19.5,19.65,19.5,19.5,3000,23.839959,837000,968.5,970.0
2026-02-10 10:00:00,19.35,19.5,19.35,19.35,14250,23.679576,837000,968.45,970.0
2026-02-10 10:01:00,19.25,19.35,19.25,19.25,8250,23.722081,839250,968.2,970.0
2026-02-10 10:02:00,19.0,19.25,18.9,18.9,51000,23.642759,839250,967.65,970.0
2026-02-10 10:03:00,19.2,19.2,18.9,19.2,15000,23.347684,839250,968.65,970.0
2026-02-10 10:04:00,19.3,19.35,19.2,19.2,7500,23.590151,851250,968.3,970.0
2026-02-10 10:05:00,19.2,19.2,18.9,18.9,10500,23.746855,851250,967.5,970.0
2026-02-10 10:06:00,18.7,18.9,18.7,18.7,9000,23.55467,851250,967.4,970.0
2026-02-10 10:07:00,18.2,18.7,18.2,18.2,36000,23.841852,881250,966.0,970.0
2026-02-10 10:08:00,18.0,18.2,17.9,18.0,32250,23.415733,881250,966.25,970.0
2026-02-10 10:09:00,18.0,18.0,18.0,18.0,7500,23.54923,881250,966.05,970.0
2026-02-10 10:10:00,17.9,18.0,17.9,17.9,18000,24.011858,907500,965.15,970.0
2026-02-10 10:11:00,17.35,17.9,17.35,17.55,33000,23.490333,907500,965.25,970.0
2026-02-10 10:12:00,17.4,17.55,17.4,17.45,6000,23.163808,907500,965.55,970.0
2026-02-10 10:13:00,17.65,17.65,17.45,17.65,5250,23.523953,922500,965.4,970.0
2026-02-10 10:14:00,23.0,23.05,23.0,23.0,6750,24.389752,900000,964.45,960.0
2026-02-10 10:15:00,21.7,23.0,21.05,21.05,54000,23.692575,900000,961.95,960.0
2026-02-10 10:16:00,21.1,22.4,21.05,22.4,15750,23.784457,905250,964.2,960.0
2026-02-10 10:17:00,22.15,22.6,22.15,22.6,4500,23.935915,905250,964.35,960.0
2026-02-10 10:18:00,22.6,22.6,22.6,22.6,0,24.282933,905250,963.9,960.0
2026-02-10 10:19:00,22.45,22.6,22.45,22.45,5250,23.659765,906750,964.45,960.0
2026-02-10 10:20:00,22.45,22.45,22.45,22.45,0,23.892507,906750,964.15,960.0
2026-02-10 10:21:00,22.55,22.55,22.45,22.5,10500,23.99836,906750,964.1,960.0
2026-02-10 10:22:00,22.55,22.55,22.3,22.3,4500,24.001303,911250,963.75,960.0
2026-02-10 10:23:00,22.4,22.4,22.3,22.4,9000,24.211464,911250,963.65,960.0
2026-02-10 10:24:00,22.05,22.4,22.05,22.05,4500,24.08884,911250,963.2,960.0
2026-02-10 10:25:00,22.25,22.25,22.05,22.25,19500,24.165707,923250,963.45,960.0
2026-02-10 10:26:00,22.2,22.25,22.2,22.2,6000,23.057623,923250,964.8,960.0
2026-02-10 10:27:00,22.9,22.9,22.2,22.8,8250,24.670176,923250,963.75,960.0
2026-02-10 10:28:00,22.1,22.8,22.1,22.1,11250,23.854029,923250,963.6,960.0
2026-02-10 10:29:00,22.35,22.35,22.1,22.35,1500,24.034581,930000,963.8,960.0
2026-02-10 10:30:00,22.4,22.4,22.2,22.2,13500,24.026647,930000,963.55,960.0
2026-02-10 10:31:00,22.8,22.8,22.2,22.8,12750,24.405198,934500,964.1,960.0
2026-02-10 10:32:00,17.25,17.6,17.15,17.55,39750,23.537337,1016250,965.2,970.0
2026-02-10 10:33:00,17.55,17.9,17.55,17.9,14250,23.435133,1016250,966.05,970.0
2026-02-10 10:34:00,18.15,18.5,17.9,18.5,32250,23.21104,1030500,967.55,970.0
2026-02-10 10:35:00,18.6,18.6,18.5,18.6,14250,23.613415,1030500,967.15,970.0
2026-02-10 10:36:00,18.3,18.7,18.3,18.7,23250,23.473344,1030500,967.55,970.0
2026-02-10 10:37:00,18.85,18.85,18.7,18.85,21000,23.121634,1037250,968.35,970.0
2026-02-10 10:38:00,19.0,19.1,18.7,19.0,58500,23.249037,1037250,968.45,970.0
2026-02-10 10:39:00,18.8,19.0,18.8,18.8,27000,23.126678,1037250,968.25,970.0
2026-02-10 10:40:00,18.7,18.8,18.7,18.7,27000,23.949584,1042500,966.85,970.0
2026-02-10 10:41:00,18.25,18.7,18.15,18.45,31500,23.320311,1042500,967.3,970.0
2026-02-10 10:42:00,18.45,18.45,18.45,18.45,0,23.792508,1042500,966.6,970.0
2026-02-10 10:43:00,18.05,18.45,18.05,18.05,9000,22.968743,1042500,967.05,970.0
2026-02-10 10:44:00,17.75,18.05,17.75,17.75,16500,22.913799,1047000,966.55,970.0
2026-02-10 10:45:00,17.7,17.75,17.7,17.7,10500,23.149051,1047000,966.1,970.0
2026-02-10 10:46:00,17.6,17.75,17.6,17.75,10500,23.148555,1049250,966.2,970.0
2026-02-10 10:47:00,17.75,17.75,17.75,17.75,3000,23.049362,1049250,966.35,970.0
2026-02-10 10:48:00,17.65,17.75,17.65,17.65,2250,22.88616,1049250,966.4,970.0
2026-02-10 10:49:00,17.35,17.65,17.2,17.35,13500,23.123848,1052250,965.45,970.0
2026-02-10 10:50:00,17.55,17.55,17.35,17.55,3750,23.188244,1052250,965.75,970.0
2026-02-10 10:51:00,17.5,17.55,17.5,17.5,1500,22.792302,1052250,966.25,970.0
2026-02-10 10:52:00,17.75,18.0,17.5,18.0,7500,23.077873,1048500,966.8,970.0
2026-02-10 10:53:00,17.95,18.0,17.95,17.95,3000,22.743593,1048500,967.2,970.0
2026-02-10 10:54:00,17.95,17.95,17.95,17.95,2250,22.642635,1048500,967.35,970.0
2026-02-10 10:55:00,18.15,18.15,17.95,18.1,17250,22.805161,1049250,967.4,970.0
2026-02-10 10:56:00,18.3,18.3,18.1,18.25,1500,22.865595,1049250,967.6,970.0
2026-02-10 10:57:00,18.25,18.4,18.25,18.4,6000,23.096131,1049250,967.55,970.0
2026-02-10 10:58:00,18.0,18.4,18.0,18.0,6000,23.615931,1056000,966.0,970.0
2026-02-10 10:59:00,17.8,18.0,17.8,17.8,3750,23.222623,1056000,966.2,970.0
2026-02-10 11:00:00,17.85,17.85,17.55,17.55,7500,23.095863,1056000,965.9,970.0
2026-02-10 11:01:00,17.65,17.65,17.55,17.65,1500,23.127746,1059750,966.05,970.0
2026-02-10 11:02:00,17.75,17.75,17.65,17.75,2250,23.192606,1059750,966.15,970.0
2026-02-10 11:03:00,17.6,17.75,17.6,17.6,4500,23.196264,1059750,965.85,970.0
2026-02-10 11:04:00,17.45,17.6,17.45,17.45,5250,23.231752,1064250,965.5,970.0
2026-02-10 11:05:00,17.6,17.6,17.45,17.6,5250,23.031956,1064250,966.1,970.0
2026-02-10 11:06:00,17.8,17.8,17.6,17.8,4500,23.194086,1064250,966.25,970.0
2026-02-10 11:07:00,17.5,17.8,17.5,17.5,3750,23.167403,1070250,965.7,970.0
2026-02-10 11:08:00,17.5,17.5,17.5,17.5,2250,23.135084,1070250,965.75,970.0
2026-02-10 11:09:00,17.6,17.6,17.5,17.6,3750,23.20032,1070250,965.85,970.0
2026-02-10 11:10:00,17.6,17.6,17.6,17.6,750,23.464684,1072500,965.45,970.0
2026-02-10 11:11:00,17.3,17.6,17.3,17.3,18000,23.237188,1072500,965.2,970.0
2026-02-10 11:12:00,22.85,22.85,22.65,22.85,1500,23.802842,874500,965.0,960.0
2026-02-10 11:13:00,22.5,22.85,22.5,22.5,3750,23.413445,875250,964.9,960.0
2026-02-10 11:14:00,22.8,22.8,22.5,22.8,12750,23.971896,875250,964.7,960.0
2026-02-10 11:15:00,17.3,17.3,17.15,17.3,3000,23.04316,1073250,965.5,970.0
2026-02-10 11:16:00,17.3,17.3,17.3,17.3,0,23.207844,1073250,965.25,970.0
2026-02-10 11:17:00,17.45,17.45,17.3,17.45,3000,23.371845,1064250,965.3,970.0
2026-02-10 11:18:00,22.7,22.7,22.7,22.7,0,23.802031,874500,964.75,960.0
2026-02-10 11:19:00,17.25,17.35,17.25,17.25,8250,23.275241,1064250,965.05,970.0
2026-02-10 11:20:00,17.3,17.3,17.25,17.3,750,23.275974,1063500,965.15,970.0
2026-02-10 11:21:00,17.45,17.45,17.3,17.45,8250,23.505459,1063500,965.1,970.0
2026-02-10 11:22:00,22.55,22.55,22.55,22.55,0,23.68229,875250,964.65,960.0
2026-02-10 11:23:00,22.5,22.55,22.5,22.5,7500,23.965468,874500,964.2,960.0
2026-02-10 11:24:00,22.5,22.5,22.5,22.5,0,23.927541,874500,964.25,960.0
2026-02-10 11:25:00,22.9,22.9,22.5,22.9,9750,23.879044,874500,965.0,960.0
2026-02-10 11:26:00,17.5,17.7,17.5,17.5,4500,23.279096,1062000,965.55,970.0
2026-02-10 11:27:00,17.8,17.8,17.5,17.8,4500,23.473878,1062000,965.85,970.0
2026-02-10 11:28:00,17.8,17.8,17.4,17.4,6750,23.444848,1062000,965.1,970.0
2026-02-10 11:29:00,17.4,17.4,17.4,17.4,0,23.412842,1064250,965.15,970.0
2026-02-10 11:30:00,17.5,17.5,17.4,17.5,8250,23.478832,1064250,965.25,970.0
2026-02-10 11:31:00,17.5,17.7,17.5,17.7,3000,23.24653,1064250,966.0,970.0
2026-02-10 11:32:00,17.75,17.75,17.7,17.75,5250,23.411943,1069500,965.85,970.0
2026-02-10 11:33:00,17.75,17.8,17.75,17.8,4500,23.610138,1069500,965.65,970.0
2026-02-10 11:34:00,17.55,17.8,17.55,17.55,750,23.382801,1069500,965.5,970.0
2026-02-10 11:35:00,17.6,17.6,17.55,17.6,1500,23.481741,1072500,965.45,970.0
2026-02-10 11:36:00,17.5,17.6,17.5,17.5,3000,23.417348,1072500,965.35,970.0
2026-02-10 11:37:00,17.5,17.5,17.5,17.5,0,23.581786,1072500,965.1,970.0
2026-02-10 11:38:00,22.8,23.1,22.8,22.8,5250,23.793619,876750,964.95,960.0
2026-02-10 11:39:00,22.55,22.8,22.55,22.55,2250,23.694342,876750,964.65,960.0
2026-02-10 11:40:00,22.55,22.55,22.55,22.55,0,23.656014,878250,964.7,960.0
2026-02-10 11:41:00,22.5,22.55,22.5,22.5,6750,23.667863,878250,964.6,960.0
2026-02-10 11:42:00,22.5,22.5,22.5,22.5,0,23.590511,878250,964.7,960.0
2026-02-10 11:43:00,17.2,17.2,17.2,17.2,3750,23.193419,1068750,965.1,970.0
2026-02-10 11:44:00,17.45,17.45,17.2,17.45,2250,23.521167,1068000,965.1,970.0
2026-02-10 11:45:00,22.75,22.9,22.75,22.75,2250,23.809992,879750,964.85,960.0
2026-02-10 11:46:00,22.75,22.75,22.75,22.75,0,23.810705,879750,964.85,960.0
2026-02-10 11:47:00,22.5,22.75,22.5,22.5,7500,23.633104,879750,964.65,960.0
2026-02-10 11:48:00,22.5,22.5,22.5,22.5,1500,23.750715,879750,964.5,960.0
2026-02-10 11:49:00,22.5,22.5,22.5,22.5,0,24.022662,879750,964.15,960.0
2026-02-10 11:50:00,22.4,22.5,22.4,22.4,3000,23.579422,883500,964.55,960.0
2026-02-10 11:51:00,22.95,22.95,22.4,22.95,7500,24.003787,883500,964.95,960.0
2026-02-10 11:52:00,22.8,22.95,22.8,22.8,10500,23.803596,883500,964.95,960.0
2026-02-10 11:53:00,17.6,17.6,17.3,17.6,3750,23.526914,1076250,965.4,970.0
2026-02-10 11:54:00,17.55,17.6,17.55,17.55,4500,22.63233,1076250,966.65,970.0
2026-02-10 11:55:00,18.05,18.05,17.55,17.8,12750,23.193966,1076250,966.3,970.0
2026-02-10 11:56:00,18.3,18.3,17.8,18.3,15000,23.243262,1064250,967.2,970.0
2026-02-10 11:57:00,18.35,18.4,18.3,18.4,21750,23.170896,1064250,967.5,970.0
2026-02-10 11:58:00,18.5,18.5,18.4,18.5,6000,23.302304,1064250,967.5,970.0
2026-02-10 11:59:00,18.45,18.5,18.45,18.45,3750,23.203556,1056000,967.55,970.0
2026-02-10 12:00:00,18.35,18.45,18.35,18.35,6750,23.446628,1056000,967.0,970.0
2026-02-10 12:01:00,18.5,18.5,18.35,18.5,6000,23.677169,1056000,966.95,970.0
2026-02-10 12:02:00,18.1,18.5,18.1,18.1,6000,23.591015,1056750,966.3,970.0
2026-02-10 12:03:00,18.2,18.2,18.1,18.2,5250,23.555277,1056750,966.55,970.0
2026-02-10 12:04:00,18.2,18.2,18.15,18.15,4500,23.086463,1056750,967.15,970.0
2026-02-10 12:05:00,18.35,18.35,18.15,18.2,24750,23.657056,1056750,966.4,970.0
2026-02-10 12:06:00,18.05,18.2,18.05,18.05,750,23.494995,1056750,966.35,970.0
2026-02-10 12:07:00,18.0,18.05,17.75,17.75,3750,22.96957,1056750,966.55,970.0
2026-02-10 12:08:00,18.15,18.15,17.75,17.95,7500,23.398965,1057500,966.3,970.0
2026-02-10 12:09:00,17.8,17.95,17.8,17.8,750,23.667876,1057500,965.6,970.0
2026-02-10 12:10:00,17.8,17.8,17.8,17.8,2250,23.437015,1057500,965.95,970.0
2026-02-10 12:11:00,17.8,17.8,17.8,17.8,0,23.404513,1056000,966.0,970.0
2026-02-10 12:12:00,17.7,17.8,17.7,17.7,6000,23.241167,1056000,966.05,970.0
2026-02-10 12:13:00,17.7,17.7,17.7,17.7,6000,23.30824,1056000,965.95,970.0
2026-02-10 12:14:00,17.6,17.7,17.6,17.6,2250,23.606994,1055250,965.3,970.0
2026-02-10 12:15:00,17.6,17.6,17.6,17.6,6750,23.31122,1055250,965.75,970.0
2026-02-10 12:16:00,17.6,17.6,17.6,17.6,4500,23.27883,1055250,965.8,970.0
2026-02-10 12:17:00,17.6,17.6,17.6,17.6,0,23.312582,1052250,965.75,970.0
2026-02-10 12:18:00,17.75,17.75,17.55,17.55,12750,23.247832,1052250,965.75,970.0
2026-02-10 12:19:00,17.75,17.75,17.55,17.75,3000,23.211529,1052250,966.2,970.0
2026-02-10 12:20:00,17.75,17.75,17.75,17.75,0,23.212209,1047750,966.2,970.0
2026-02-10 12:21:00,18.05,18.05,17.75,18.05,6750,23.538682,1047750,966.3,970.0
2026-02-10 12:22:00,18.1,18.1,17.95,17.95,1500,23.375151,1047750,966.35,970.0
2026-02-10 12:23:00,17.85,17.95,17.65,17.65,3750,23.149977,1047000,966.1,970.0
2026-02-10 12:24:00,17.9,17.9,17.65,17.85,3000,23.512024,1047000,965.95,970.0
2026-02-10 12:25:00,17.75,17.85,17.75,17.75,1500,23.381846,1047000,965.95,970.0
2026-02-10 12:26:00,17.75,17.75,17.7,17.7,6750,23.383398,1046250,965.85,970.0
2026-02-10 12:27:00,17.6,17.7,17.5,17.5,9000,23.517798,1046250,965.25,970.0
2026-02-10 12:28:00,17.5,17.5,17.5,17.5,0,23.419969,1046250,965.4,970.0
2026-02-10 12:29:00,17.55,17.55,17.5,17.55,2250,23.518986,1053750,965.35,970.0
2026-02-10 12:30:00,17.55,17.75,17.55,17.75,5250,23.715767,1053750,965.45,970.0
2026-02-10 12:31:00,17.75,18.25,17.75,18.25,12750,23.269466,1053750,967.1,970.0
2026-02-10 12:32:00,18.5,18.5,18.25,18.45,6000,23.464073,1047000,967.2,970.0
2026-02-10 12:33:00,18.5,18.5,18.45,18.5,6000,23.53018,1047000,967.2,970.0
2026-02-10 12:34:00,18.85,18.85,18.5,18.85,19500,23.373892,1047000,968.1,970.0
2026-02-10 12:35:00,18.85,18.85,18.85,18.85,13500,23.512058,1040250,967.9,970.0
2026-02-10 12:36:00,18.6,18.85,18.55,18.55,9750,23.631557,1040250,967.15,970.0
2026-02-10 12:37:00,18.55,18.55,18.55,18.55,3000,23.257879,1040250,967.7,970.0
2026-02-10 12:38:00,18.5,18.55,18.5,18.5,4500,23.465763,1037250,967.3,970.0
2026-02-10 12:39:00,18.65,18.65,18.5,18.65,2250,23.390108,1037250,967.7,970.0
2026-02-10 12:40:00,18.5,18.65,18.5,18.5,2250,23.365121,1037250,967.45,970.0
2026-02-10 12:41:00,18.7,18.7,18.5,18.7,8250,23.763497,1035750,967.25,970.0
2026-02-10 12:42:00,18.6,18.7,18.6,18.6,750,23.360919,1035750,967.65,970.0
2026-02-10 12:43:00,18.55,18.6,18.55,18.55,4500,22.780166,1035750,968.4,970.0
2026-02-10 12:44:00,18.95,18.95,18.55,18.95,21000,23.546084,1028250,968.05,970.0
2026-02-10 12:45:00,18.9,18.95,18.85,18.85,6000,23.243464,1028250,968.3,970.0
2026-02-10 12:46:00,18.85,19.05,18.85,19.05,18750,22.667483,1028250,969.5,970.0
2026-02-10 12:47:00,19.15,19.15,19.05,19.15,12750,23.360184,1034250,968.7,970.0
2026-02-10 12:48:00,18.8,19.15,18.8,18.8,10500,22.657984,1034250,969.05,970.0
2026-02-10 12:49:00,19.0,19.0,18.8,19.0,12750,23.060554,1034250,968.85,970.0
2026-02-10 12:50:00,18.8,19.0,18.8,18.8,1500,22.938689,1038750,968.65,970.0
2026-02-10 12:51:00,18.95,18.95,18.8,18.9,6750,23.139834,1038750,968.55,970.0
2026-02-10 12:52:00,19.1,19.1,18.9,19.1,750,23.402423,1038750,968.55,970.0
2026-02-10 12:53:00,19.0,19.1,19.0,19.0,5250,23.133037,1039500,968.75,970.0
2026-02-10 12:54:00,19.0,19.0,19.0,19.0,5250,23.203347,1039500,968.65,970.0
2026-02-10 12:55:00,19.3,19.3,19.0,19.3,12750,23.212586,1039500,969.2,970.0
2026-02-10 12:56:00,19.4,19.4,19.3,19.4,6000,23.062347,1042500,969.6,970.0
2026-02-10 12:57:00,19.4,19.4,19.4,19.4,2250,22.885703,1042500,969.85,970.0
2026-02-10 12:58:00,19.7,19.7,19.4,19.7,14250,22.958723,1042500,970.3,970.0
2026-02-10 12:59:00,19.8,19.8,19.7,19.8,33750,23.233662,1043250,970.1,970.0
2026-02-10 13:00:00,19.6,19.8,19.5,19.5,6000,22.912116,1043250,970.0,970.0
2026-02-10 13:01:00,19.4,19.5,19.4,19.4,2250,22.923964,1043250,969.8,970.0
2026-02-10 13:02:00,19.5,19.5,19.4,19.5,2250,22.913479,1046250,970.0,970.0
2026-02-10 13:03:00,19.35,19.5,18.95,18.95,18000,22.688987,1046250,969.3,970.0
2026-02-10 13:04:00,18.95,18.95,18.95,18.95,3750,22.935376,1046250,968.95,970.0
2026-02-10 13:05:00,18.85,18.95,18.85,18.85,5250,22.909845,1045500,968.8,970.0
2026-02-10 13:06:00,19.1,19.1,18.85,19.05,4500,22.822105,1045500,969.3,970.0
2026-02-10 13:07:00,19.05,19.05,19.05,19.05,750,22.822783,1045500,969.3,970.0
2026-02-10 13:08:00,19.3,19.3,19.05,19.3,1500,23.115984,1043250,969.35,970.0
2026-02-10 13:09:00,19.15,19.3,19.15,19.3,5250,23.116669,1043250,969.35,970.0
2026-02-10 13:10:00,18.9,19.3,18.9,18.9,2250,22.803876,1043250,969.05,970.0
2026-02-10 13:11:00,19.0,19.0,18.9,19.0,2250,23.319243,1043250,968.5,970.0
2026-02-10 13:12:00,18.8,19.0,18.8,18.8,3000,22.744223,1044000,968.95,970.0
2026-02-10 13:13:00,18.95,18.95,18.8,18.95,2250,23.220395,1044000,968.55,970.0
2026-02-10 13:14:00,18.95,18.95,18.95,18.95,0,23.290486,1044000,968.45,970.0
2026-02-10 13:15:00,18.7,18.95,18.7,18.7,3000,23.067536,1042500,968.3,970.0
2026-02-10 13:16:00,18.7,18.8,18.7,18.8,8250,23.164626,1042500,968.35,970.0
2026-02-10 13:17:00,18.8,18.8,18.8,18.8,0,23.338008,1041750,968.1,970.0
2026-02-10 13:18:00,18.6,18.8,18.6,18.6,2250,23.385668,1041750,967.65,970.0
2026-02-10 13:19:00,18.6,18.6,18.6,18.6,0,23.454688,1041750,967.55,970.0
2026-02-10 13:20:00,18.6,18.6,18.6,18.6,0,23.455377,1041000,967.55,970.0
2026-02-10 13:21:00,18.5,18.6,18.5,18.5,15750,23.222528,1041000,967.7,970.0
2026-02-10 13:22:00,18.3,18.5,18.3,18.3,2250,23.200105,1041000,967.35,970.0
2026-02-10 13:23:00,18.2,18.3,18.2,18.2,3000,22.96759,1032750,967.5,970.0
2026-02-10 13:24:00,18.4,18.4,18.2,18.4,6000,22.956404,1032750,967.9,970.0
2026-02-10 13:25:00,18.4,18.4,18.4,18.4,0,22.681236,1032750,968.3,970.0
2026-02-10 13:26:00,18.75,18.75,18.4,18.7,9750,22.936402,1034250,968.5,970.0
2026-02-10 13:27:00,18.55,18.7,18.55,18.55,4500,22.740487,1034250,968.5,970.0
2026-02-10 13:28:00,18.7,18.7,18.55,18.7,3000,22.693896,1034250,968.85,970.0
2026-02-10 13:29:00,18.6,18.7,18.6,18.6,750,23.049701,1035000,968.15,970.0
2026-02-10 13:30:00,18.4,18.6,18.4,18.4,2250,22.960478,1035000,967.9,970.0
2026-02-10 13:31:00,18.1,18.4,18.1,18.1,3750,22.671013,1035000,967.75,970.0
2026-02-10 13:32:00,18.2,18.2,18.1,18.2,7500,22.527534,1036500,968.15,970.0
2026-02-10 13:33:00,18.3,18.3,18.2,18.3,3000,22.693768,1036500,968.1,970.0
2026-02-10 13:34:00,18.35,18.35,18.3,18.35,750,22.828884,1036500,968.0,970.0
2026-02-10 13:35:00,17.9,18.35,17.9,17.9,2250,22.308629,1035000,967.9,970.0
2026-02-10 13:36:00,18.3,18.3,17.9,18.3,9000,22.453559,1035000,968.45,970.0
2026-02-10 13:37:00,18.3,18.3,18.3,18.3,750,22.488929,1035000,968.4,970.0
2026-02-10 13:38:00,18.2,18.3,18.2,18.2,1500,22.600546,1035750,968.05,970.0
2026-02-10 13:39:00,18.2,18.2,18.2,18.2,0,22.566735,1035750,968.1,970.0
2026-02-10 13:40:00,18.45,18.45,18.2,18.45,3750,22.583397,1035750,968.55,970.0
2026-02-10 13:41:00,18.45,18.45,18.45,18.45,0,22.584068,1034250,968.55,970.0
2026-02-10 13:42:00,18.55,18.55,18.25,18.25,2250,22.426722,1034250,968.4,970.0
2026-02-10 13:43:00,18.6,18.6,18.25,18.6,8250,22.851575,1034250,968.45,970.0
2026-02-10 13:44:00,18.55,18.6,18.55,18.55,750,22.751968,1034250,968.5,970.0
2026-02-10 13:45:00,18.6,18.6,18.55,18.6,750,22.887624,1041000,968.4,970.0
2026-02-10 13:46:00,18.6,18.6,18.6,18.6,0,22.679652,1041000,968.7,970.0
2026-02-10 13:47:00,18.65,18.65,18.5,18.5,1500,22.896341,1039500,968.2,970.0
2026-02-10 13:48:00,18.5,18.5,18.5,18.5,0,22.966069,1039500,968.1,970.0
2026-02-10 13:49:00,18.5,18.5,18.5,18.5,0,22.897698,1039500,968.2,970.0
2026-02-10 13:50:00,18.4,18.5,18.4,18.4,2250,22.732687,1039500,968.25,970.0
2026-02-10 13:51:00,18.6,18.6,18.4,18.6,4500,22.995599,1039500,968.25,970.0
2026-02-10 13:52:00,18.4,18.6,18.4,18.4,1500,22.803163,1039500,968.15,970.0
2026-02-10 13:53:00,18.6,18.6,18.4,18.6,750,23.135062,1038000,968.05,970.0
2026-02-10 13:54:00,18.5,18.6,18.5,18.6,5250,22.963039,1038000,968.3,970.0
2026-02-10 13:55:00,18.35,18.6,18.35,18.35,3750,22.774151,1038000,968.1,970.0
2026-02-10 13:56:00,18.0,18.35,18.0,18.0,3000,22.625237,1040250,967.65,970.0
2026-02-10 13:57:00,18.45,18.45,18.0,18.45,3750,22.906629,1040250,968.1,970.0
2026-02-10 13:58:00,18.35,18.45,18.35,18.35,1500,22.948313,1040250,967.85,970.0
2026-02-10 13:59:00,18.15,18.35,18.0,18.0,4500,22.455692,1040250,967.9,970.0
2026-02-10 14:00:00,18.0,18.0,18.0,18.0,750,22.764614,1044750,967.45,970.0
2026-02-10 14:01:00,18.0,18.0,18.0,18.0,9000,22.697001,1044750,967.55,970.0
2026-02-10 14:02:00,17.9,18.15,17.9,18.15,24750,22.723112,1034250,967.8,970.0
2026-02-10 14:03:00,18.15,18.15,18.15,18.15,0,23.031481,1034250,967.35,970.0
2026-02-10 14:04:00,18.15,18.15,18.15,18.15,0,22.793053,1034250,967.7,970.0
2026-02-10 14:05:00,18.15,18.15,18.15,18.15,0,22.449499,1045500,968.2,970.0
2026-02-10 14:06:00,18.3,18.3,18.15,18.3,3000,22.646917,1045500,968.2,970.0
2026-02-10 14:07:00,18.5,18.5,18.3,18.5,3000,22.771388,1045500,968.4,970.0
2026-02-10 14:08:00,18.6,18.6,18.5,18.6,1500,22.972573,1043250,968.3,970.0
2026-02-10 14:09:00,18.6,18.6,18.6,18.6,0,22.90393,1043250,968.4,970.0
2026-02-10 14:10:00,18.7,18.7,18.6,18.7,6000,23.035798,1043250,968.4,970.0
2026-02-10 14:11:00,18.5,18.7,18.5,18.5,1500,22.808779,1039500,968.35,970.0
2026-02-10 14:12:00,18.7,18.7,18.5,18.7,9750,23.1411,1039500,968.25,970.0
2026-02-10 14:13:00,18.7,18.7,18.7,18.7,0,23.003138,1039500,968.45,970.0
2026-02-10 14:14:00,18.65,18.7,18.65,18.65,2250,22.659355,1039500,968.85,970.0
2026-02-10 14:15:00,18.8,18.8,18.6,18.6,2250,22.90801,1036500,968.4,970.0
2026-02-10 14:16:00,18.6,18.6,18.6,18.6,1500,22.664999,1036500,968.75,970.0
2026-02-10 14:17:00,18.75,19.2,18.6,19.2,9750,22.570443,1038000,970.0,970.0
2026-02-10 14:18:00,19.2,19.2,19.1,19.1,8250,22.475402,1038000,969.95,970.0
2026-02-10 14:19:00,19.1,19.1,19.1,19.1,2250,22.297048,1038000,970.2,970.0
2026-02-10 14:20:00,19.0,19.1,19.0,19.0,7500,22.982688,1038000,969.05,970.0
2026-02-10 14:21:00,18.8,19.0,18.8,18.8,6750,22.895957,1036500,968.8,970.0
2026-02-10 14:22:00,18.8,18.8,18.75,18.75,11250,22.761028,1036500,968.9,970.0
2026-02-10 14:23:00,18.75,18.75,18.75,18.75,750,22.97125,1036500,968.6,970.0
2026-02-10 14:24:00,18.7,18.75,18.7,18.75,6000,22.902213,1035750,968.7,970.0
2026-02-10 14:25:00,18.65,18.75,18.65,18.65,750,22.701766,1035750,968.8,970.0
2026-02-10 14:26:00,18.8,18.8,18.65,18.8,5250,23.281926,1032000,968.25,970.0
2026-02-10 14:27:00,18.45,18.8,18.45,18.45,6750,22.892479,1032000,968.15,970.0
2026-02-10 14:28:00,18.45,19.0,18.45,19.0,12000,22.882681,1032000,969.2,970.0
2026-02-10 14:29:00,19.1,19.1,19.0,19.0,8250,22.600594,1032000,969.6,970.0
2026-02-10 14:30:00,18.9,19.0,18.9,19.0,3000,22.494657,1032750,969.75,970.0
2026-02-10 14:31:00,19.0,19.0,19.0,19.0,750,22.919921,1032750,969.15,970.0
2026-02-10 14:32:00,18.9,19.0,18.9,18.9,750,22.612908,1033500,969.4,970.0
2026-02-10 14:33:00,18.85,19.0,18.85,18.85,3750,22.899802,1033500,968.9,970.0
2026-02-10 14:34:00,18.85,18.85,18.85,18.85,0,22.795263,1033500,969.05,970.0
2026-02-10 14:35:00,18.65,18.85,18.5,18.55,3750,22.225751,1032750,969.3,970.0
2026-02-10 14:36:00,18.55,18.55,18.55,18.55,0,21.692557,1032750,970.05,970.0
2026-02-10 14:37:00,19.1,19.1,18.55,19.1,750,22.87908,1032750,969.4,970.0
2026-02-10 14:38:00,18.55,19.1,18.55,18.55,3750,22.439056,1032750,969.0,970.0
2026-02-10 14:39:00,18.2,18.55,18.2,18.2,3000,22.468614,1036500,968.3,970.0
2026-02-10 14:40:00,18.2,18.2,18.2,18.2,0,22.120928,1036500,968.8,970.0
2026-02-10 14:41:00,18.45,18.45,18.2,18.35,2250,22.874291,1036500,968.0,970.0
2026-02-10 14:42:00,18.25,18.35,18.25,18.35,9750,22.87497,1035000,968.0,970.0
2026-02-10 14:43:00,18.15,18.35,18.15,18.15,1500,22.613114,1035000,968.0,970.0
2026-02-10 14:44:00,18.3,18.3,18.15,18.3,2250,22.7762,1035000,968.05,970.0
2026-02-10 14:45:00,18.35,18.7,18.3,18.7,2250,22.920617,1035000,968.6,970.0
2026-02-10 14:46:00,18.7,18.7,18.6,18.6,2250,22.685275,1035000,968.75,970.0
2026-02-10 14:47:00,18.6,18.6,18.6,18.6,7500,22.860292,1032000,968.5,970.0
2026-02-10 14:48:00,18.5,18.6,18.5,18.5,750,22.972408,1032000,968.15,970.0
2026-02-10 14:49:00,18.5,18.5,18.5,18.5,0,22.73033,1032000,968.5,970.0
2026-02-10 14:50:00,18.5,18.5,18.5,18.5,0,22.90457,1032000,968.25,970.0
2026-02-10 14:51:00,18.5,18.5,18.5,18.5,0,22.731683,1032750,968.5,970.0
2026-02-10 14:52:00,18.2,18.5,18.1,18.1,3750,23.237127,1032750,967.0,970.0
2026-02-10 14:53:00,18.0,18.1,17.8,17.8,30000,22.911675,1041750,966.9,970.0
2026-02-10 14:54:00,17.9,18.0,17.8,18.0,19500,22.937442,1041750,967.25,970.0
2026-02-10 14:55:00,18.1,18.1,18.0,18.1,8250,23.035361,1041750,967.3,970.0
2026-02-10 14:56:00,18.15,18.15,18.1,18.15,750,22.931013,1041750,967.55,970.0
2026-02-10 14:57:00,18.25,18.25,18.15,18.25,3000,23.23366,1035000,967.3,970.0
2026-02-10 14:58:00,18.25,18.3,18.25,18.3,3000,23.163514,1035000,967.5,970.0
2026-02-10 14:59:00,18.3,18.3,18.25,18.25,4500,22.995868,1036500,967.65,970.0
2026-02-10 15:00:00,18.25,18.25,17.95,17.95,3750,23.450215,1036500,966.4,970.0
2026-02-10 15:01:00,18.0,18.0,17.9,17.9,6000,23.385241,1036500,966.4,970.0
2026-02-10 15:02:00,17.8,17.9,17.8,17.8,3750,23.288124,1036500,966.35,970.0
2026-02-10 15:03:00,17.9,17.9,17.8,17.9,9000,23.319476,1040250,966.5,970.0
2026-02-10 15:04:00,17.8,17.9,17.8,17.8,3750,23.155221,1040250,966.55,970.0
2026-02-10 15:05:00,17.95,17.95,17.8,17.95,5250,23.015172,1040250,967.05,970.0
2026-02-10 15:06:00,18.2,18.2,17.95,18.2,14250,23.344152,1040250,967.05,970.0
2026-02-10 15:07:00,18.0,18.2,18.0,18.0,12000,23.654697,1040250,966.2,970.0
2026-02-10 15:08:00,18.0,18.0,18.0,18.0,1500,23.55495,1036500,966.35,970.0
2026-02-10 15:09:00,17.9,18.0,17.85,17.85,4500,23.392114,1036500,966.3,970.0
2026-02-10 15:10:00,17.9,17.9,17.85,17.9,2250,23.189645,1036500,966.7,970.0
2026-02-10 15:11:00,18.1,18.1,17.9,18.0,8250,23.590537,1036500,966.3,970.0
2026-02-10 15:12:00,17.95,18.0,17.95,17.95,1500,23.659313,1035750,966.1,970.0
2026-02-10 15:13:00,17.9,17.95,17.9,17.9,750,23.794142,1035750,965.8,970.0
2026-02-10 15:14:00,17.45,17.9,17.45,17.45,4500,23.402214,1035750,965.5,970.0
2026-02-10 15:15:00,17.45,17.45,17.4,17.4,6000,23.60066,1035750,965.1,970.0
2026-02-10 15:16:00,17.4,17.5,17.4,17.5,8250,23.732857,1035750,965.1,970.0
2026-02-10 15:17:00,17.7,17.7,17.5,17.7,3750,23.367662,1035750,966.05,970.0
2026-02-10 15:18:00,23.15,23.15,22.8,22.8,12750,23.912086,796500,965.0,960.0
2026-02-10 15:19:00,22.8,22.8,22.6,22.6,6750,23.801059,796500,964.8,960.0
2026-02-10 15:20:00,17.45,17.5,17.45,17.45,3000,23.637026,1034250,965.15,970.0
2026-02-10 15:21:00,22.7,22.7,22.7,22.7,0,23.779597,791250,965.0,960.0
2026-02-10 15:22:00,22.35,22.7,22.35,22.35,8250,23.663071,791250,964.55,960.0
2026-02-10 15:23:00,22.5,22.5,22.35,22.5,8250,23.787161,791250,964.65,960.0
2026-02-10 15:24:00,22.55,22.55,22.5,22.55,3000,23.894293,786750,964.6,960.0
2026-02-10 15:25:00,22.7,22.7,22.55,22.7,2250,23.861298,786750,964.9,960.0
2026-02-10 15:26:00,22.7,22.7,22.7,22.7,1500,23.862019,786750,964.9,960.0
2026-02-10 15:27:00,22.5,22.7,22.45,22.45,3750,23.722774,785250,964.65,960.0
2026-02-10 15:28:00,22.2,22.45,22.2,22.2,12750,23.855448,785250,964.05,960.0
2026-02-10 15:29:00,16.7,16.9,16.5,16.9,14250,22.919805,1036500,965.15,970.0
2026-02-11 09:15:00,15.2,17.55,15.15,17.35,26250,23.83584,1041000,965.8,970.0
2026-02-11 09:16:00,16.95,17.85,16.95,17.85,19500,22.987053,1041750,968.0,970.0
2026-02-11 09:17:00,18.0,18.2,17.2,18.0,50250,23.225487,1041750,967.95,970.0
2026-02-11 09:18:00,18.0,18.0,17.8,17.9,15750,23.442574,1041750,967.45,970.0
2026-02-11 09:19:00,18.0,18.0,17.9,18.0,6750,23.787536,1053750,967.15,970.0
2026-02-11 09:20:00,17.4,18.0,17.4,17.4,16500,23.599909,1053750,966.25,970.0
2026-02-11 09:21:00,17.7,17.7,17.4,17.55,13500,23.424541,1053750,966.8,970.0
2026-02-11 09:22:00,17.4,17.55,17.4,17.4,6000,22.910415,1051500,967.25,970.0
2026-02-11 09:23:00,17.6,17.6,17.4,17.6,27750,23.424251,1051500,966.9,970.0
2026-02-11 09:24:00,17.65,17.65,17.6,17.65,2250,23.561683,1051500,966.8,970.0
2026-02-11 09:25:00,17.75,17.75,17.65,17.75,5250,23.938767,1047750,966.45,970.0
2026-02-11 09:26:00,17.5,17.75,17.5,17.5,14250,23.773538,1047750,966.2,970.0
2026-02-11 09:27:00,17.0,17.5,17.0,17.3,24000,23.367116,1047750,966.4,970.0
2026-02-11 09:28:00,17.0,17.3,17.0,17.0,750,23.20242,1044750,966.05,970.0
2026-02-11 09:29:00,17.15,17.15,17.0,17.15,17250,23.371543,1044750,966.1,970.0
2026-02-11 09:30:00,22.0,22.7,22.0,22.0,3750,24.148161,821250,964.35,960.0
2026-02-11 09:31:00,21.35,22.0,21.35,21.35,15000,22.968847,821250,964.7,960.0
2026-02-11 09:32:00,21.5,21.5,21.35,21.5,9000,23.659418,821250,964.1,960.0
2026-02-11 09:33:00,20.8,21.5,20.8,20.8,7500,24.261924,821250,962.1,960.0
2026-02-11 09:34:00,20.8,20.8,20.8,20.8,0,23.799562,822750,962.7,960.0
2026-02-11 09:35:00,20.3,20.8,20.3,20.3,30000,23.307526,822750,962.45,960.0
2026-02-11 09:36:00,20.4,20.4,20.3,20.4,4500,23.251438,822750,962.7,960.0
2026-02-11 09:37:00,20.75,21.0,20.4,21.0,12000,23.33153,816750,963.65,960.0
2026-02-11 09:38:00,20.45,21.0,20.45,20.45,5250,23.048044,816750,963.05,960.0
2026-02-11 09:39:00,20.6,20.65,20.45,20.65,3000,23.829745,816750,962.4,960.0
2026-02-11 09:40:00,20.45,20.65,20.45,20.45,1500,23.633174,818250,962.3,960.0
2026-02-11 09:41:00,20.45,20.45,20.45,20.45,5250,23.16777,818250,962.9,960.0
2026-02-11 09:42:00,20.45,20.45,20.45,20.45,0,23.129372,818250,962.95,960.0
2026-02-11 09:43:00,20.6,20.6,20.2,20.2,15750,23.176057,818250,962.45,960.0
2026-02-11 09:44:00,20.0,20.2,19.9,19.9,16500,23.189254,818250,961.9,960.0
2026-02-11 09:45:00,19.9,19.9,19.9,19.9,3750,23.495637,818250,961.5,960.0
2026-02-11 09:46:00,20.4,20.4,19.9,20.4,4500,23.336614,822750,962.6,960.0
2026-02-11 09:47:00,20.45,20.45,20.4,20.45,7500,22.85782,822750,963.3,960.0
2026-02-11 09:48:00,21.3,21.3,20.45,21.3,10500,23.435271,822750,964.05,960.0
2026-02-11 09:49:00,21.25,21.3,21.25,21.25,4500,23.406909,821250,964.0,960.0
2026-02-11 09:50:00,21.15,21.25,21.15,21.15,3000,23.389184,821250,963.85,960.0
2026-02-11 09:51:00,21.0,21.15,21.0,21.0,6000,23.775292,821250,963.1,960.0
2026-02-11 09:52:00,21.15,21.15,21.0,21.15,4500,23.39067,824250,963.85,960.0
2026-02-11 09:53:00,16.15,16.5,15.8,16.5,14250,23.18786,1055250,965.1,970.0
2026-02-11 09:54:00,16.9,16.9,16.5,16.9,10500,23.324276,1055250,965.7,970.0
2026-02-11 09:55:00,16.75,16.9,16.75,16.75,1500,23.156167,1050750,965.65,970.0
2026-02-11 09:56:00,16.75,16.75,16.75,16.75,0,23.393528,1050750,965.3,970.0
2026-02-11 09:57:00,16.45,16.75,16.45,16.45,6000,22.887385,1050750,965.45,970.0
2026-02-11 09:58:00,16.45,16.45,16.45,16.45,0,22.921855,1050750,965.4,970.0
2026-02-11 09:59:00,21.55,21.9,21.55,21.65,6000,23.404857,829500,964.7,960.0
2026-02-11 10:00:00,21.45,21.65,21.45,21.45,28500,23.330671,829500,964.45,960.0
2026-02-11 10:01:00,21.15,21.45,21.15,21.15,2250,23.556186,833250,963.65,960.0
2026-02-11 10:02:00,20.6,21.15,20.6,20.85,11250,23.10344,833250,963.7,960.0
2026-02-11 10:03:00,21.05,21.05,20.85,21.05,3000,23.459398,833250,963.6,960.0
2026-02-11 10:04:00,21.05,21.05,21.05,21.05,0,23.853873,834000,963.1,960.0
2026-02-11 10:05:00,20.5,21.05,20.5,20.65,9000,22.869396,834000,963.65,960.0
2026-02-11 10:06:00,20.15,20.65,20.15,20.15,3000,22.929649,834000,962.7,960.0
2026-02-11 10:07:00,20.15,20.15,20.15,20.15,0,22.695396,834000,963.0,960.0
2026-02-11 10:08:00,20.15,20.15,20.15,20.15,0,22.970115,834000,962.65,960.0
2026-02-11 10:09:00,20.15,20.15,20.15,20.15,0,22.814547,834000,962.85,960.0
2026-02-11 10:10:00,20.7,20.7,20.15,20.7,6000,23.415764,835500,963.05,960.0
2026-02-11 10:11:00,20.75,20.75,20.7,20.75,1500,23.367576,835500,963.2,960.0
2026-02-11 10:12:00,20.45,20.75,20.45,20.45,2250,22.518622,835500,963.75,960.0
2026-02-11 10:13:00,20.7,20.7,20.45,20.7,6750,22.90448,838500,963.7,960.0
2026-02-11 10:14:00,20.8,20.8,20.7,20.8,750,22.843791,838500,963.95,960.0
2026-02-11 10:15:00,21.15,21.15,20.8,21.15,3750,23.127957,838500,964.2,960.0
2026-02-11 10:16:00,21.5,21.5,21.15,21.5,2250,23.047327,839250,964.9,960.0
2026-02-11 10:17:00,21.5,21.5,21.5,21.5,0,23.007322,839250,964.95,960.0
2026-02-11 10:18:00,16.3,16.3,16.3,16.3,19500,22.800598,1073250,965.3,970.0
2026-02-11 10:19:00,16.7,17.05,16.3,17.05,8250,22.929154,1057500,966.6,970.0
2026-02-11 10:20:00,16.95,17.05,16.95,17.05,11250,22.58343,1057500,967.1,970.0
2026-02-11 10:21:00,16.75,17.05,16.75,16.75,8250,22.593973,1057500,966.5,970.0
2026-02-11 10:22:00,16.85,16.85,16.75,16.85,6750,22.69542,1055250,966.55,970.0
2026-02-11 10:23:00,17.05,17.05,16.85,17.05,3750,22.724507,1055250,966.9,970.0
2026-02-11 10:24:00,17.3,17.3,17.05,17.1,15750,22.549287,1055250,967.25,970.0
2026-02-11 10:25:00,17.1,17.1,17.1,17.1,750,22.584876,1053750,967.2,970.0
2026-02-11 10:26:00,17.0,17.1,17.0,17.0,11250,22.589632,1053750,967.0,970.0
2026-02-11 10:27:00,17.05,17.05,17.0,17.05,8250,22.657928,1053750,967.0,970.0
2026-02-11 10:28:00,16.85,17.05,16.85,16.9,2250,22.455867,1059000,967.0,970.0
2026-02-11 10:29:00,16.9,16.9,16.9,16.9,0,22.456571,1059000,967.0,970.0
2026-02-11 10:30:00,17.1,17.25,16.9,17.25,7500,22.299815,1059000,967.9,970.0
2026-02-11 10:31:00,17.6,17.6,17.25,17.5,10500,22.212188,1051500,968.5,970.0
2026-02-11 10:32:00,17.85,17.85,17.5,17.8,24000,22.547105,1051500,968.6,970.0
2026-02-11 10:33:00,17.45,17.8,17.45,17.45,12000,22.110211,1051500,968.55,970.0
2026-02-11 10:34:00,17.45,17.45,17.45,17.45,0,21.823564,1056000,968.95,970.0
2026-02-11 10:35:00,17.95,17.95,17.45,17.95,12000,22.572772,1056000,968.85,970.0
2026-02-11 10:36:00,17.55,17.95,17.55,17.8,32250,22.045365,1056000,969.3,970.0
2026-02-11 10:37:00,18.85,18.85,17.8,18.85,138000,22.177327,1072500,971.05,970.0
2026-02-11 10:38:00,18.9,19.0,18.85,18.85,52500,22.065234,1072500,971.2,970.0
2026-02-11 10:39:00,18.65,18.95,18.65,18.95,6000,22.352006,1072500,971.0,970.0
2026-02-11 10:40:00,19.05,19.05,18.95,19.05,10500,22.187428,1050000,971.4,970.0
2026-02-11 10:41:00,19.1,19.7,19.05,19.7,18750,22.116092,1050000,972.65,970.0
2026-02-11 10:42:00,19.55,19.7,19.55,19.7,37500,22.000331,1050000,972.8,970.0
2026-02-11 10:43:00,20.25,20.25,19.7,20.25,57000,22.517939,1030500,973.1,970.0
2026-02-11 10:44:00,20.55,20.55,20.2,20.2,39750,22.176004,1030500,973.45,970.0
2026-02-11 10:45:00,20.3,20.3,20.2,20.3,22500,22.03689,1030500,973.8,970.0
2026-02-11 10:46:00,20.0,20.3,20.0,20.0,6750,21.745774,1029000,973.65,970.0
2026-02-11 10:47:00,20.3,20.3,20.0,20.3,44250,21.719231,1029000,974.2,970.0
2026-02-11 10:48:00,20.55,20.55,20.3,20.55,7500,22.460419,1029000,973.7,970.0
2026-02-11 10:49:00,20.5,20.55,20.5,20.5,25500,21.754013,1009500,974.5,970.0
2026-02-11 10:50:00,20.15,20.5,20.15,20.15,52500,22.464463,1009500,973.0,970.0
2026-02-11 10:51:00,20.1,20.15,20.1,20.1,23250,22.435883,1009500,972.95,970.0
2026-02-11 10:52:00,19.75,20.1,19.45,19.45,22500,22.053517,1008750,972.3,970.0
2026-02-11 10:53:00,19.35,19.45,19.35,19.35,3750,22.301029,1008750,971.8,970.0
2026-02-11 10:54:00,18.8,19.35,18.8,18.8,14250,22.083863,1008750,971.1,970.0
2026-02-11 10:55:00,18.5,18.8,18.5,18.5,9750,21.789763,1008750,970.95,970.0
2026-02-11 10:56:00,18.55,18.55,18.5,18.55,30000,22.082758,1008750,970.65,970.0
2026-02-11 10:57:00,18.5,18.55,18.5,18.5,8250,22.275586,1008750,970.3,970.0
2026-02-11 10:58:00,18.75,18.75,18.5,18.75,6750,21.716479,1016250,971.5,970.0
2026-02-11 10:59:00,19.0,19.0,18.75,19.0,9000,21.675931,1016250,972.0,970.0
2026-02-11 11:00:00,19.25,19.25,19.0,19.25,14250,22.169936,1016250,971.8,970.0
2026-02-11 11:01:00,19.0,19.25,19.0,19.0,8250,21.715656,1007250,971.95,970.0
2026-02-11 11:02:00,19.5,19.5,19.0,19.5,3750,21.624301,1007250,972.95,970.0
2026-02-11 11:03:00,19.95,19.95,19.5,19.95,21000,22.627229,1007250,972.45,970.0
2026-02-11 11:04:00,19.95,19.95,19.95,19.95,0,22.820045,1007250,972.2,970.0
2026-02-11 11:05:00,19.4,19.95,19.4,19.4,1500,22.186653,995250,972.05,970.0
2026-02-11 11:06:00,19.4,19.4,19.4,19.4,0,22.681688,995250,971.4,970.0
2026-02-11 11:07:00,19.15,19.4,19.0,19.0,9000,22.40235,995250,971.05,970.0
2026-02-11 11:08:00,18.6,19.0,18.6,18.6,23250,22.307872,994500,970.45,970.0
2026-02-11 11:09:00,18.35,18.6,18.3,18.3,19500,22.160582,994500,970.1,970.0
2026-02-11 11:10:00,19.0,19.0,18.3,19.0,17250,22.254012,991500,971.25,970.0
2026-02-11 11:11:00,18.95,19.0,18.95,18.95,1500,22.186753,991500,971.25,970.0
2026-02-11 11:12:00,19.15,19.15,18.95,19.1,5250,21.974246,991500,971.8,970.0
2026-02-11 11:13:00,19.1,19.1,19.1,19.1,0,21.898545,991500,971.9,970.0
2026-02-11 11:14:00,19.4,19.4,19.1,19.4,8250,23.360627,990000,970.5,970.0
2026-02-11 11:15:00,18.65,19.4,18.65,18.65,18000,22.343568,990000,970.5,970.0
2026-02-11 11:16:00,18.5,18.65,18.5,18.5,10500,22.214939,999000,970.4,970.0
2026-02-11 11:17:00,18.4,18.5,18.4,18.4,3750,22.154065,999000,970.3,970.0
2026-02-11 11:18:00,18.35,18.4,18.35,18.35,3750,22.27162,999000,970.05,970.0
2026-02-11 11:19:00,18.35,18.35,18.35,18.35,1500,22.748091,999000,969.4,970.0
2026-02-11 11:20:00,18.1,18.35,17.8,17.8,11250,22.329594,999750,968.95,970.0
2026-02-11 11:21:00,17.8,17.8,17.8,17.8,12750,22.581959,999750,968.6,970.0
2026-02-11 11:22:00,17.75,18.0,17.75,18.0,10500,22.601933,1008000,968.95,970.0
2026-02-11 11:23:00,17.85,18.0,17.85,17.85,3000,21.485873,1008000,970.2,970.0
2026-02-11 11:24:00,18.1,18.1,17.85,18.1,14250,22.521841,1008000,969.25,970.0
2026-02-11 11:25:00,18.05,18.1,18.05,18.05,750,22.491057,1011750,969.2,970.0
2026-02-11 11:26:00,18.35,18.35,18.05,18.35,3750,22.203512,1011750,970.15,970.0
2026-02-11 11:27:00,18.85,18.85,18.35,18.85,6000,22.400121,1011750,970.8,970.0
2026-02-11 11:28:00,18.7,18.85,18.7,18.7,4500,22.309058,1007250,970.65,970.0
2026-02-11 11:29:00,18.5,18.7,18.5,18.5,5250,22.335285,1007250,970.25,970.0
2026-02-11 11:30:00,18.75,18.75,18.5,18.75,2250,22.415641,1007250,970.6,970.0
2026-02-11 11:31:00,18.75,18.8,18.75,18.8,3750,22.558628,1007250,970.5,970.0
2026-02-11 11:32:00,18.8,18.8,18.8,18.8,1500,22.707614,1008750,970.3,970.0
2026-02-11 11:33:00,18.8,18.8,18.8,18.8,3000,22.522895,1008750,970.55,970.0
2026-02-11 11:34:00,18.9,18.9,18.8,18.9,750,22.622217,1008750,970.6,970.0
2026-02-11 11:35:00,18.75,18.9,18.75,18.75,2250,22.493599,1008000,970.5,970.0
2026-02-11 11:36:00,18.75,18.75,18.75,18.75,5250,22.605607,1008000,970.35,970.0
2026-02-11 11:37:00,18.75,18.75,18.75,18.75,1500,22.754174,1008000,970.15,970.0
2026-02-11 11:38:00,18.75,18.75,18.75,18.75,3750,22.71799,1008000,970.2,970.0
2026-02-11 11:39:00,18.75,18.75,18.75,18.75,1500,22.235376,1008000,970.85,970.0
2026-02-11 11:40:00,19.25,19.25,18.75,19.25,6750,22.65307,1008000,971.2,970.0
2026-02-11 11:41:00,19.1,19.25,19.0,19.0,6750,22.688597,1008000,970.7,970.0
2026-02-11 11:42:00,19.0,19.0,19.0,19.0,750,22.800989,1008000,970.55,970.0
2026-02-11 11:43:00,19.1,19.1,19.0,19.1,4500,22.863145,1008000,970.65,970.0
2026-02-11 11:44:00,19.1,19.1,19.1,19.1,0,23.271086,1008000,970.1,970.0
2026-02-11 11:45:00,18.65,19.1,18.65,18.65,2250,22.734749,1008000,970.0,970.0
2026-02-11 11:46:00,18.9,18.9,18.65,18.9,3000,23.037947,1008000,970.05,970.0
2026-02-11 11:47:00,18.9,18.9,18.9,18.9,0,23.075458,1008000,970.0,970.0
2026-02-11 11:48:00,18.55,18.9,18.55,18.55,6750,22.231214,1008000,970.5,970.0
2026-02-11 11:49:00,18.7,18.7,18.55,18.7,2250,22.658037,1006500,970.2,970.0
2026-02-11 11:50:00,18.75,18.75,18.7,18.75,2250,22.800433,1006500,970.1,970.0
2026-02-11 11:51:00,18.75,18.75,18.75,18.75,750,22.764278,1006500,970.15,970.0
2026-02-11 11:52:00,18.75,18.75,18.75,18.75,750,22.765,1006500,970.15,970.0
2026-02-11 11:53:00,18.7,18.75,18.7,18.7,2250,22.771573,1007250,970.05,970.0
2026-02-11 11:54:00,18.6,18.7,18.6,18.6,2250,22.67337,1007250,970.0,970.0
2026-02-11 11:55:00,18.45,18.6,18.45,18.45,1500,22.836806,1005750,969.5,970.0
2026-02-11 11:56:00,18.25,18.45,18.0,18.0,10500,22.481592,1005750,969.15,970.0
2026-02-11 11:57:00,18.0,18.0,18.0,18.0,4500,22.409763,1005750,969.25,970.0
2026-02-11 11:58:00,18.25,18.25,18.0,18.25,750,22.894404,1008000,969.05,970.0
2026-02-11 11:59:00,17.5,18.25,17.5,17.5,12000,22.630392,1008000,968.0,970.0
2026-02-11 12:00:00,17.55,17.55,17.5,17.55,6750,22.378353,1008000,968.45,970.0
2026-02-11 12:01:00,18.0,18.0,17.55,18.0,5250,22.230595,1008000,969.5,970.0
2026-02-11 12:02:00,18.0,18.0,18.0,18.0,2250,22.485869,1005000,969.15,970.0
2026-02-11 12:03:00,17.6,18.0,17.6,17.6,4500,21.944032,1005000,969.15,970.0
2026-02-11 12:04:00,17.6,17.6,17.6,17.6,0,22.341509,1005000,968.6,970.0
2026-02-11 12:05:00,17.8,17.8,17.6,17.8,35250,22.397551,1005750,968.9,970.0
2026-02-11 12:06:00,17.75,17.8,17.75,17.75,1500,22.366516,1005750,968.85,970.0
2026-02-11 12:07:00,17.85,17.85,17.65,17.65,1500,22.411421,999000,968.6,970.0
2026-02-11 12:08:00,17.35,17.65,17.35,17.35,6750,22.504382,999000,967.9,970.0
2026-02-11 12:09:00,17.3,17.35,17.3,17.3,7500,22.401903,999000,967.95,970.0
2026-02-11 12:10:00,17.3,17.55,17.3,17.55,2250,22.24206,996000,968.65,970.0
2026-02-11 12:11:00,17.5,17.55,17.5,17.5,1500,22.282562,996000,968.5,970.0
2026-02-11 12:12:00,17.5,17.5,17.5,17.5,0,22.211571,996000,968.6,970.0
2026-02-11 12:13:00,17.6,17.6,17.5,17.6,5250,22.45536,996000,968.45,970.0
2026-02-11 12:14:00,17.45,17.6,17.3,17.3,6000,22.44087,994500,967.9,970.0
2026-02-11 12:15:00,16.9,17.3,16.9,16.9,11250,22.566267,994500,966.95,970.0
2026-02-11 12:16:00,16.85,16.9,16.85,16.85,3000,22.394678,994500,967.1,970.0
2026-02-11 12:17:00,16.75,16.85,16.3,16.3,9000,22.409494,994500,966.0,970.0
2026-02-11 12:18:00,16.6,16.6,16.3,16.6,11250,22.022288,994500,967.15,970.0
2026-02-11 12:19:00,16.6,16.6,16.6,16.6,7500,22.092761,999000,967.05,970.0
2026-02-11 12:20:00,16.6,16.6,16.6,16.6,0,22.093459,999000,967.05,970.0
2026-02-11 12:21:00,16.5,16.6,16.5,16.5,3750,21.923714,999000,967.1,970.0
2026-02-11 12:22:00,16.5,16.5,16.5,16.5,3000,22.02893,999000,966.95,970.0
2026-02-11 12:23:00,16.2,16.5,16.1,16.1,11250,22.108227,999750,966.05,970.0
2026-02-11 12:24:00,16.2,16.2,16.1,16.2,2250,22.210332,999750,966.1,970.0
2026-02-11 12:25:00,15.65,16.2,15.65,15.65,15750,21.873445,999750,965.5,970.0
2026-02-11 12:26:00,15.85,15.85,15.65,15.85,4500,22.111688,1012500,965.55,970.0
2026-02-11 12:27:00,16.25,16.25,15.85,16.25,8250,22.005239,1012500,966.5,970.0
2026-02-11 12:28:00,16.4,16.4,16.25,16.4,7500,22.140283,1012500,966.6,970.0
2026-02-11 12:29:00,16.4,16.4,16.4,16.4,9750,22.106396,1011750,966.65,970.0
2026-02-11 12:30:00,16.3,16.45,16.3,16.45,3000,22.036229,1011750,966.85,970.0
2026-02-11 12:31:00,16.35,16.45,16.35,16.35,6000,22.143647,1011750,966.5,970.0
2026-02-11 12:32:00,16.35,16.35,16.35,16.35,750,22.419428,1015500,966.1,970.0
2026-02-11 12:33:00,16.2,16.35,16.2,16.2,2250,21.976078,1015500,966.45,970.0
2026-02-11 12:34:00,16.1,16.2,16.0,16.0,1500,22.048582,1015500,965.95,970.0
2026-02-11 12:35:00,16.45,16.45,16.0,16.45,1500,22.074432,1016250,966.8,970.0
2026-02-11 12:36:00,16.15,16.45,16.15,16.15,750,22.116613,1016250,966.15,970.0
2026-02-11 12:37:00,16.15,16.15,16.15,16.15,0,22.288367,1016250,965.9,970.0
2026-02-11 12:38:00,16.05,16.15,16.05,16.05,4500,21.948026,1017750,966.2,970.0
2026-02-11 12:39:00,15.95,16.05,15.95,15.95,1500,22.358108,1017750,965.4,970.0
2026-02-11 12:40:00,15.95,15.95,15.95,15.95,0,22.46017,1017750,965.25,970.0
2026-02-11 12:41:00,15.8,15.95,15.8,15.8,9750,22.020318,1018500,965.6,970.0
2026-02-11 12:42:00,15.8,15.8,15.8,15.8,0,22.325264,1018500,965.15,970.0
2026-02-11 12:43:00,16.0,16.0,15.8,16.0,25500,22.088984,1018500,965.9,970.0
2026-02-11 12:44:00,15.85,16.0,15.85,15.85,4500,21.266762,1015500,966.8,970.0
2026-02-11 12:45:00,15.9,15.9,15.85,15.9,1500,21.714995,1015500,966.25,970.0
2026-02-11 12:46:00,15.7,15.9,15.7,15.7,2250,21.88801,1015500,965.6,970.0
2026-02-11 12:47:00,15.65,15.7,15.65,15.65,2250,21.650775,1017750,965.85,970.0
2026-02-11 12:48:00,15.7,15.7,15.65,15.7,6000,21.479964,1017750,966.2,970.0
2026-02-11 12:49:00,15.8,15.8,15.7,15.8,2250,21.889855,1017750,965.8,970.0
2026-02-11 12:50:00,15.8,15.8,15.8,15.8,0,21.685608,1017750,966.1,970.0
2026-02-11 12:51:00,15.8,15.8,15.8,15.8,750,21.925287,1020750,965.75,970.0
2026-02-11 12:52:00,15.9,15.9,15.8,15.9,2250,22.163748,1020750,965.6,970.0
2026-02-11 12:53:00,15.9,15.9,15.9,15.9,0,22.028392,1020750,965.8,970.0
2026-02-11 12:54:00,15.85,15.9,15.85,15.85,750,21.721953,1021500,966.15,970.0
2026-02-11 12:55:00,15.85,15.85,15.85,15.85,0,21.688339,1021500,966.2,970.0
2026-02-11 12:56:00,15.85,15.85,15.85,15.85,0,21.723328,1021500,966.15,970.0
2026-02-11 12:57:00,16.3,16.3,15.85,16.3,6000,20.972145,1021500,968.1,970.0
2026-02-11 12:58:00,16.55,16.55,16.3,16.55,15750,21.701665,1021500,967.55,970.0
2026-02-11 12:59:00,16.25,16.55,16.25,16.25,5250,21.365623,1017750,967.45,970.0
2026-02-11 13:00:00,16.0,16.25,16.0,16.0,6750,21.792277,1017750,966.35,970.0
2026-02-11 13:01:00,15.65,16.0,15.65,15.65,6750,21.898279,1017750,965.5,970.0
2026-02-11 13:02:00,21.0,21.0,21.0,21.0,0,22.432985,826500,964.95,960.0
2026-02-11 13:03:00,15.2,15.4,15.2,15.2,750,21.457199,1025250,965.25,970.0
2026-02-11 13:04:00,20.45,21.0,20.45,20.45,5250,21.708145,826500,964.9,960.0
2026-02-11 13:05:00,15.7,15.7,15.15,15.7,18000,21.457217,1029750,966.25,970.0
2026-02-11 13:06:00,15.5,15.7,15.5,15.5,1500,20.979716,1029750,966.55,970.0
2026-02-11 13:07:00,16.0,16.0,15.5,16.0,3000,21.207129,1029750,967.2,970.0
2026-02-11 13:08:00,16.55,16.55,16.0,16.55,15000,21.14043,1029000,968.35,970.0
2026-02-11 13:09:00,16.65,16.65,16.55,16.65,13500,21.668438,1029000,967.8,970.0
2026-02-11 13:10:00,16.7,16.7,16.65,16.7,7500,21.559572,1029000,968.05,970.0
2026-02-11 13:11:00,16.9,16.9,16.7,16.9,2250,21.581938,1022250,968.4,970.0
2026-02-11 13:12:00,16.95,17.7,16.9,17.7,12000,21.208175,1022250,970.4,970.0
2026-02-11 13:13:00,17.65,17.7,17.65,17.65,6000,21.400978,1022250,970.05,970.0
2026-02-11 13:14:00,17.6,17.65,17.45,17.45,22500,21.424612,1019250,969.65,970.0
2026-02-11 13:15:00,17.95,17.95,17.45,17.95,4500,21.175824,1019250,970.9,970.0
2026-02-11 13:16:00,17.6,17.95,17.55,17.55,13500,21.525253,1019250,969.7,970.0
2026-02-11 13:17:00,17.8,18.2,17.55,18.2,15000,21.253368,1017750,971.25,970.0
2026-02-11 13:18:00,18.0,18.2,18.0,18.0,10500,21.358948,1017750,970.75,970.0
2026-02-11 13:19:00,18.0,18.0,18.0,18.0,750,21.434685,1017750,970.65,970.0
2026-02-11 13:20:00,18.05,18.05,18.0,18.05,3750,20.974622,1018500,971.35,970.0
2026-02-11 13:21:00,18.0,18.2,18.0,18.2,11250,21.483139,1018500,970.95,970.0
2026-02-11 13:22:00,17.85,18.2,17.85,17.85,3000,21.531051,1018500,970.25,970.0
2026-02-11 13:23:00,17.95,17.95,17.85,17.9,3000,21.711131,1019250,970.1,970.0
2026-02-11 13:24:00,17.55,17.9,17.55,17.55,4500,21.494006,1019250,969.75,970.0
2026-02-11 13:25:00,17.55,17.55,17.55,17.55,2250,21.23606,1019250,970.1,970.0
2026-02-11 13:26:00,17.7,17.7,17.55,17.7,2250,21.551994,1020000,969.95,970.0
2026-02-11 13:27:00,17.7,17.7,17.7,17.7,0,21.29303,1020000,970.3,970.0
2026-02-11 13:28:00,17.75,18.0,17.7,18.0,12750,21.40341,1020000,970.7,970.0
2026-02-11 13:29:00,18.1,18.1,18.0,18.1,1500,21.540412,1019250,970.7,970.0
2026-02-11 13:30:00,18.1,18.1,18.1,18.1,1500,21.616052,1019250,970.6,970.0
2026-02-11 13:31:00,18.1,18.1,18.1,18.1,0,21.616749,1019250,970.6,970.0
2026-02-11 13:32:00,18.1,18.1,18.1,18.1,0,21.692227,1019250,970.5,970.0
2026-02-11 13:33:00,17.7,18.1,17.7,17.7,10500,21.48286,1017750,970.05,970.0
2026-02-11 13:34:00,17.75,17.75,17.7,17.75,750,21.773086,1017750,969.75,970.0
2026-02-11 13:35:00,17.75,17.75,17.75,17.75,750,21.441044,1017750,970.2,970.0
2026-02-11 13:36:00,17.75,17.75,17.75,17.75,1500,21.884682,1017000,969.6,970.0
2026-02-11 13:37:00,17.75,17.75,17.45,17.45,1500,21.182254,1017000,970.0,970.0
2026-02-11 13:38:00,17.9,17.9,17.45,17.9,2250,21.386458,1016250,970.55,970.0
2026-02-11 13:39:00,18.0,18.0,17.9,18.0,3000,21.411028,1016250,970.7,970.0
2026-02-11 13:40:00,18.0,18.0,18.0,18.0,1500,21.486716,1016250,970.6,970.0
2026-02-11 13:41:00,18.05,18.05,18.0,18.05,750,21.555568,1016250,970.6,970.0
2026-02-11 13:42:00,18.05,18.05,18.05,18.05,750,21.481285,1014750,970.7,970.0
2026-02-11 13:43:00,18.15,18.15,18.05,18.15,4500,21.730693,1014750,970.55,970.0
2026-02-11 13:44:00,17.6,18.15,17.6,17.6,3750,21.575911,1011750,969.75,970.0
2026-02-11 13:45:00,17.5,17.6,17.5,17.5,4500,21.514059,1011750,969.65,970.0
2026-02-11 13:46:00,17.7,17.7,17.5,17.7,2250,21.491866,1011750,970.05,970.0
2026-02-11 13:47:00,17.7,17.7,17.7,17.7,0,21.455491,1011750,970.1,970.0
2026-02-11 13:48:00,17.7,17.7,17.7,17.7,1500,21.898363,1007250,969.5,970.0
2026-02-11 13:49:00,17.65,17.7,17.65,17.65,2250,21.425845,1007250,970.05,970.0
2026-02-11 13:50:00,17.65,17.65,17.65,17.65,0,22.412815,1007250,968.7,970.0
2026-02-11 13:51:00,16.9,17.65,16.8,16.8,7500,21.759335,1005750,968.0,970.0
2026-02-11 13:52:00,16.4,16.8,16.4,16.45,12000,21.213115,1005750,968.1,970.0
2026-02-11 13:53:00,17.0,17.0,16.45,17.0,4500,21.241401,1007250,969.1,970.0
2026-02-11 13:54:00,17.0,17.0,17.0,17.0,6000,21.423474,1007250,968.85,970.0
2026-02-11 13:55:00,17.1,17.1,17.0,17.1,750,21.451469,1007250,969.0,970.0
2026-02-11 13:56:00,17.0,17.1,17.0,17.0,750,21.497143,1006500,968.75,970.0
2026-02-11 13:57:00,17.0,17.0,17.0,17.0,0,21.425541,1006500,968.85,970.0
2026-02-11 13:58:00,17.0,17.0,17.0,17.0,0,21.570669,1006500,968.65,970.0
2026-02-11 13:59:00,17.15,17.15,17.0,17.15,3750,21.630942,1005000,968.85,970.0
2026-02-11 14:00:00,17.0,17.15,17.0,17.0,6750,21.282555,1005000,969.05,970.0
2026-02-11 14:01:00,17.0,17.0,17.0,17.0,0,21.283239,1005000,969.05,970.0
2026-02-11 14:02:00,17.25,17.25,17.0,17.25,12750,21.111757,1008000,969.75,970.0
2026-02-11 14:03:00,17.45,17.45,17.25,17.45,5250,21.531912,1008000,969.55,970.0
2026-02-11 14:04:00,17.35,17.45,17.35,17.35,1500,21.212446,1008000,969.8,970.0
2026-02-11 14:05:00,17.35,17.35,17.35,17.35,1500,21.433827,1008000,969.5,970.0
2026-02-11 14:06:00,17.35,17.35,17.35,17.35,0,21.653794,1011000,969.2,970.0
2026-02-11 14:07:00,17.35,17.35,17.35,17.35,0,21.288233,1011000,969.7,970.0
2026-02-11 14:08:00,17.35,17.35,17.35,17.35,0,21.141293,1011750,969.9,970.0
2026-02-11 14:09:00,17.8,17.8,17.35,17.8,105000,21.865688,1011750,969.75,970.0
2026-02-11 14:10:00,17.9,17.9,17.8,17.9,3750,21.63258,1011750,970.25,970.0
2026-02-11 14:11:00,18.1,18.1,17.9,18.1,13500,22.054289,979500,970.05,970.0
2026-02-11 14:12:00,18.1,18.1,18.1,18.1,23250,22.017964,979500,970.1,970.0
2026-02-11 14:13:00,18.05,18.1,18.05,18.05,2250,21.913449,979500,970.15,970.0
2026-02-11 14:14:00,18.0,18.3,18.0,18.3,7500,21.807136,966000,970.75,970.0
2026-02-11 14:15:00,18.15,18.3,18.15,18.15,9000,21.67822,966000,970.65,970.0
2026-02-11 14:16:00,18.1,18.15,18.0,18.0,5250,21.511746,966000,970.6,970.0
2026-02-11 14:17:00,18.0,18.0,18.0,18.0,0,21.885209,960000,970.1,970.0
2026-02-11 14:18:00,17.85,18.0,17.85,17.85,3750,21.718529,960000,970.05,970.0
2026-02-11 14:19:00,17.75,17.85,17.75,17.75,2250,21.841408,960000,969.7,970.0
2026-02-11 14:20:00,17.55,17.75,17.55,17.55,2250,21.972213,957000,969.15,970.0
2026-02-11 14:21:00,17.5,17.55,17.05,17.05,8250,21.582455,957000,968.75,970.0
2026-02-11 14:22:00,16.9,17.05,16.9,16.9,4500,22.058995,957000,967.8,970.0
2026-02-11 14:23:00,16.65,16.9,16.65,16.65,2250,21.931807,960750,967.5,970.0
2026-02-11 14:24:00,16.65,16.65,16.65,16.65,1500,21.897238,960750,967.55,970.0
2026-02-11 14:25:00,16.65,16.65,16.65,16.65,0,21.897936,960750,967.55,970.0
2026-02-11 14:26:00,16.85,16.85,16.65,16.85,750,21.744757,961500,968.15,970.0
2026-02-11 14:27:00,16.85,16.85,16.85,16.85,3000,21.816786,961500,968.05,970.0
2026-02-11 14:28:00,16.9,16.9,16.85,16.9,2250,21.635219,961500,968.4,970.0
2026-02-11 14:29:00,16.9,16.9,16.9,16.9,0,22.170136,961500,967.65,970.0
2026-02-11 14:30:00,16.7,16.9,16.7,16.7,5250,22.039954,961500,967.45,970.0
2026-02-11 14:31:00,16.7,16.7,16.7,16.7,0,21.864115,961500,967.7,970.0
2026-02-11 14:32:00,16.7,16.7,16.7,16.7,5250,22.006118,961500,967.5,970.0
2026-02-11 14:33:00,16.5,16.7,16.5,16.5,3750,21.769996,962250,967.45,970.0
2026-02-11 14:34:00,16.7,16.7,16.5,16.7,750,21.901588,962250,967.65,970.0
2026-02-11 14:35:00,16.7,16.7,16.7,16.7,0,21.725043,962250,967.9,970.0
2026-02-11 14:36:00,16.7,16.7,16.7,16.7,0,21.690183,962250,967.95,970.0
2026-02-11 14:37:00,16.7,16.7,16.7,16.7,0,21.903686,963750,967.65,970.0
2026-02-11 14:38:00,16.7,16.7,16.7,16.7,0,21.939733,963750,967.6,970.0
2026-02-11 14:39:00,16.7,16.7,16.7,16.7,2250,22.011028,963750,967.5,970.0
2026-02-11 14:40:00,16.4,16.7,16.4,16.4,1500,22.371382,963750,966.4,970.0
2026-02-11 14:41:00,16.15,16.4,16.1,16.1,7500,22.032813,966750,966.3,970.0
2026-02-11 14:42:00,15.9,16.1,15.9,15.95,13500,21.829352,966750,966.3,970.0
2026-02-11 14:43:00,16.3,16.3,15.95,16.3,1500,21.96002,966750,966.8,970.0
2026-02-11 14:44:00,16.25,16.45,16.25,16.45,1500,21.955429,966750,967.1,970.0
2026-02-11 14:45:00,16.45,16.45,16.45,16.45,0,22.026066,963000,967.0,970.0
2026-02-11 14:46:00,16.5,16.5,16.45,16.5,3000,21.919712,963000,967.25,970.0
2026-02-11 14:47:00,16.55,16.55,16.4,16.4,5250,22.376342,963000,966.4,970.0
2026-02-11 14:48:00,16.2,16.4,16.2,16.2,750,22.070246,964500,966.45,970.0
2026-02-11 14:49:00,16.2,16.2,16.2,16.2,6750,21.653688,964500,967.05,970.0
2026-02-11 14:50:00,16.3,16.35,16.2,16.35,7500,21.99814,961500,966.85,970.0
2026-02-11 14:51:00,16.35,16.35,16.35,16.35,0,22.103217,961500,966.7,970.0
2026-02-11 14:52:00,16.35,16.35,16.35,16.35,3000,22.208013,961500,966.55,970.0
2026-02-11 14:53:00,16.35,16.35,16.35,16.35,1500,21.825622,961500,967.1,970.0
2026-02-11 14:54:00,16.5,16.5,16.35,16.5,8250,21.855023,961500,967.35,970.0
2026-02-11 14:55:00,16.55,16.8,16.5,16.8,11250,21.875079,961500,967.9,970.0
2026-02-11 14:56:00,17.0,17.0,16.8,17.0,5250,22.076872,961500,968.0,970.0
2026-02-11 14:57:00,17.0,17.0,17.0,17.0,1500,21.611577,956250,968.65,970.0
2026-02-11 14:58:00,17.0,17.0,17.0,17.0,2250,22.006981,956250,968.1,970.0
2026-02-11 14:59:00,17.0,17.0,17.0,17.0,0,21.721053,954750,968.5,970.0
2026-02-11 15:00:00,17.2,17.9,17.0,17.9,11250,21.66755,954750,970.25,970.0
2026-02-11 15:01:00,17.8,17.9,17.8,17.8,11250,21.717528,954750,970.0,970.0
2026-02-11 15:02:00,17.8,17.8,17.8,17.8,0,21.939839,954750,969.7,970.0
2026-02-11 15:03:00,17.5,17.8,17.5,17.5,750,21.788404,944250,969.35,970.0
2026-02-11 15:04:00,17.3,17.5,17.3,17.3,3000,21.626083,944250,969.2,970.0
2026-02-11 15:05:00,17.25,17.3,17.25,17.25,750,21.448998,944250,969.35,970.0
2026-02-11 15:06:00,17.25,17.25,17.25,17.25,0,21.486275,943500,969.3,970.0
2026-02-11 15:07:00,17.0,17.25,17.0,17.0,3750,21.437609,943500,968.9,970.0
2026-02-11 15:08:00,17.1,17.1,17.0,17.1,1500,21.719353,941250,968.7,970.0
2026-02-11 15:09:00,17.1,17.1,17.1,17.1,4500,21.68391,941250,968.75,970.0
2026-02-11 15:10:00,16.95,17.1,16.95,16.95,18000,21.552495,941250,968.65,970.0
2026-02-11 15:11:00,16.9,16.95,16.9,16.9,750,21.412792,941250,968.75,970.0
2026-02-11 15:12:00,16.8,16.9,16.8,16.8,750,21.277218,933000,968.75,970.0
2026-02-11 15:13:00,16.95,16.95,16.8,16.95,750,21.337308,933000,968.95,970.0
2026-02-11 15:14:00,17.05,17.05,16.95,17.05,3750,22.335377,934500,967.75,970.0
2026-02-11 15:15:00,16.9,17.05,16.9,16.9,19500,21.451713,934500,968.7,970.0
2026-02-11 15:16:00,17.1,17.1,16.9,17.05,7500,21.548245,934500,968.85,970.0
2026-02-11 15:17:00,16.95,17.05,16.95,16.95,2250,21.593435,940500,968.6,970.0
2026-02-11 15:18:00,17.0,17.0,16.95,17.0,6000,21.590063,940500,968.7,970.0
2026-02-11 15:19:00,17.0,17.0,17.0,17.0,0,21.590758,940500,968.7,970.0
2026-02-11 15:20:00,16.85,17.0,16.85,16.85,750,21.350862,943500,968.75,970.0
2026-02-11 15:21:00,16.95,16.95,16.85,16.95,5250,21.233652,943500,969.1,970.0
2026-02-11 15:22:00,16.9,16.95,16.9,16.9,3750,21.311666,943500,968.9,970.0
2026-02-11 15:23:00,16.9,16.9,16.9,16.9,3000,21.276037,943500,968.95,970.0
2026-02-11 15:24:00,16.85,16.9,16.3,16.3,16500,21.673885,940500,967.25,970.0
2026-02-11 15:25:00,16.4,16.4,16.3,16.4,5250,21.279931,940500,968.0,970.0
2026-02-11 15:26:00,16.3,16.55,16.3,16.55,15750,21.234521,940500,968.35,970.0
2026-02-11 15:27:00,16.55,16.55,16.55,16.55,3000,21.306951,939000,968.25,970.0
2026-02-11 15:28:00,16.6,16.6,16.55,16.6,750,21.375771,939000,968.25,970.0
2026-02-11 15:29:00,16.7,16.7,16.6,16.65,8250,22.294443,939000,967.05,970.0
2026-02-12 09:15:00,15.05,15.75,15.05,15.75,2250,21.314592,935250,967.75,970.0
2026-02-12 09:16:00,16.5,16.5,15.75,16.5,16500,21.964497,935250,968.3,970.0
2026-02-12 09:17:00,16.75,16.75,16.5,16.75,5250,21.119507,935250,969.9,970.0
2026-02-12 09:18:00,17.3,17.3,16.75,17.3,3000,21.357015,935250,970.6,970.0
2026-02-12 09:19:00,17.55,17.55,17.3,17.55,4500,22.054499,940500,970.15,970.0
2026-02-12 09:20:00,17.15,17.55,17.15,17.15,28500,21.759532,940500,969.8,970.0
2026-02-12 09:21:00,17.45,17.45,17.15,17.45,5250,20.472018,940500,972.0,970.0
2026-02-12 09:22:00,18.55,18.55,17.45,18.5,16500,22.192545,962250,971.7,970.0
2026-02-12 09:23:00,18.45,18.5,17.7,17.7,19500,21.613786,962250,971.0,970.0
2026-02-12 09:24:00,17.0,17.7,17.0,17.0,6000,21.551788,962250,969.8,970.0
2026-02-12 09:25:00,17.2,17.2,17.0,17.2,3750,20.911096,966000,971.0,970.0
2026-02-12 09:26:00,18.1,18.1,17.2,18.1,3750,22.179159,966000,971.0,970.0
2026-02-12 09:27:00,18.15,18.15,18.1,18.15,6000,21.899318,966000,971.45,970.0
2026-02-12 09:28:00,18.35,18.35,18.15,18.35,3750,21.94614,967500,971.75,970.0
2026-02-12 09:29:00,18.3,18.35,18.3,18.3,3750,22.462964,967500,971.0,970.0
2026-02-12 09:30:00,18.05,18.3,18.05,18.05,5250,21.799808,967500,971.4,970.0
2026-02-12 09:31:00,17.9,18.05,17.9,17.9,6000,21.745597,972750,971.2,970.0
2026-02-12 09:32:00,18.1,18.1,17.9,18.1,16500,21.754051,972750,971.55,970.0
2026-02-12 09:33:00,18.1,18.1,18.1,18.1,0,21.039219,972750,972.45,970.0
2026-02-12 09:34:00,18.65,18.65,18.1,18.55,33000,22.114373,964500,971.9,970.0
2026-02-12 09:35:00,18.65,18.65,18.55,18.65,3750,22.01829,964500,972.2,970.0
2026-02-12 09:36:00,18.5,18.65,18.5,18.5,6750,22.20316,964500,971.7,970.0
2026-02-12 09:37:00,18.25,18.5,18.25,18.25,3750,21.693176,969000,971.9,970.0
2026-02-12 09:38:00,18.55,18.8,18.25,18.8,28500,21.711319,969000,972.85,970.0
2026-02-12 09:39:00,18.7,18.8,18.7,18.7,24000,21.651227,969000,972.75,970.0
2026-02-12 09:40:00,18.85,18.85,18.7,18.85,9750,22.065184,963750,972.5,970.0
2026-02-12 09:41:00,18.6,18.85,18.6,18.6,14250,21.712361,963750,972.5,970.0
2026-02-12 09:42:00,18.25,18.6,18.25,18.25,9750,21.33831,963750,972.35,970.0
2026-02-12 09:43:00,18.15,18.25,18.15,18.15,12750,21.397454,955500,972.1,970.0
2026-02-12 09:44:00,18.25,18.25,18.15,18.25,2250,20.238026,955500,973.7,970.0
2026-02-12 09:45:00,19.3,19.3,18.25,19.3,18750,21.150849,955500,974.4,970.0
2026-02-12 09:46:00,19.75,20.1,19.3,20.1,62250,21.83071,954000,974.95,970.0
2026-02-12 09:47:00,19.65,20.1,19.65,19.65,24750,22.107914,954000,973.85,970.0
2026-02-12 09:48:00,14.8,14.8,14.65,14.8,21000,21.362786,1802250,975.5,980.0
2026-02-12 09:49:00,15.05,15.05,14.8,15.05,30000,21.986144,1809000,975.1,980.0
2026-02-12 09:50:00,20.0,20.05,20.0,20.0,18000,21.648512,959250,975.0,970.0
2026-02-12 09:51:00,15.1,15.75,14.9,15.75,113250,22.199185,1809000,976.2,980.0
2026-02-12 09:52:00,15.95,15.95,15.75,15.8,33000,22.687101,1807500,975.6,980.0
2026-02-12 09:53:00,15.7,15.8,15.7,15.7,30750,22.617984,1807500,975.5,980.0
2026-02-12 09:54:00,15.35,15.7,15.35,15.35,24000,22.372956,1807500,975.15,980.0
2026-02-12 09:55:00,15.4,15.45,15.35,15.4,50250,22.374563,1818000,975.25,980.0
2026-02-12 09:56:00,15.35,15.4,15.35,15.35,18750,22.305749,1818000,975.25,980.0
2026-02-12 09:57:00,15.45,15.45,15.35,15.35,15750,22.306496,1818000,975.25,980.0
2026-02-12 09:58:00,15.2,15.35,15.2,15.2,3000,21.891794,1831500,975.55,980.0
2026-02-12 09:59:00,15.65,15.65,15.2,15.65,36750,22.205862,1831500,976.0,980.0
2026-02-12 10:00:00,15.65,15.65,15.65,15.65,24750,22.449907,1831500,975.65,980.0
2026-02-12 10:01:00,15.6,15.65,15.6,15.6,13500,22.553977,1840500,975.4,980.0
2026-02-12 10:02:00,15.45,15.6,15.4,15.4,36750,22.138331,1840500,975.6,980.0
2026-02-12 10:03:00,15.85,15.85,15.4,15.85,38250,22.277048,1840500,976.3,980.0
2026-02-12 10:04:00,15.6,15.85,15.6,15.6,13500,22.693991,1859250,975.2,980.0
2026-02-12 10:05:00,15.45,15.6,15.45,15.5,21750,22.348816,1859250,975.5,980.0
2026-02-12 10:06:00,16.0,16.0,15.5,15.95,73500,22.836992,1859250,975.7,980.0
2026-02-12 10:07:00,15.9,15.95,15.9,15.9,30750,22.24417,1847250,976.45,980.0
2026-02-12 10:08:00,16.5,16.55,15.9,16.55,42000,23.183615,1847250,976.4,980.0
2026-02-12 10:09:00,16.35,17.3,16.35,17.3,60750,23.156902,1847250,977.9,980.0
2026-02-12 10:10:00,16.65,17.3,16.6,16.6,88500,22.865846,1804500,976.95,980.0
2026-02-12 10:11:00,16.55,17.05,16.55,16.7,188250,23.359265,1804500,976.45,980.0
2026-02-12 10:12:00,16.55,16.8,16.55,16.8,19500,23.109799,1804500,977.0,980.0
2026-02-12 10:13:00,17.05,17.05,16.8,17.05,22500,23.386838,1761000,977.1,980.0
2026-02-12 10:14:00,17.35,17.7,17.05,17.5,100500,23.402572,1761000,977.95,980.0
2026-02-12 10:15:00,17.35,17.5,17.15,17.15,40500,23.205378,1761000,977.55,980.0
2026-02-12 10:16:00,17.3,17.3,17.1,17.2,7500,23.562019,1747500,977.15,980.0
2026-02-12 10:17:00,16.95,17.2,16.95,16.95,73500,23.143919,1747500,977.25,980.0
2026-02-12 10:18:00,17.2,17.2,16.95,17.2,10500,23.313115,1747500,977.5,980.0
2026-02-12 10:19:00,17.2,17.2,17.2,17.2,12000,23.170046,1743750,977.7,980.0
2026-02-12 10:20:00,17.45,17.45,17.2,17.45,13500,23.083572,1743750,978.3,980.0
2026-02-12 10:21:00,17.35,17.45,17.35,17.35,8250,23.054479,1743750,978.15,980.0
2026-02-12 10:22:00,17.35,17.35,17.35,17.35,7500,22.579917,1746750,978.8,980.0
2026-02-12 10:23:00,17.9,18.15,17.35,17.9,78750,23.087336,1746750,979.15,980.0
2026-02-12 10:24:00,17.8,17.9,17.8,17.8,15000,23.059916,1746750,979.0,980.0
2026-02-12 10:25:00,17.95,17.95,17.8,17.95,3750,22.972889,1749750,979.4,980.0
2026-02-12 10:26:00,17.85,18.45,17.8,18.45,60000,23.220786,1749750,980.0,980.0
2026-02-12 10:27:00,18.15,18.45,18.15,18.25,36750,23.242899,1749750,979.6,980.0
2026-02-12 10:28:00,18.2,18.25,18.15,18.15,60750,23.179092,1748250,979.5,980.0
2026-02-12 10:29:00,18.15,18.35,18.05,18.1,51750,23.29617,1748250,979.25,980.0
2026-02-12 10:30:00,18.35,18.5,18.1,18.15,30000,22.918857,1748250,979.85,980.0
2026-02-12 10:31:00,18.2,18.5,18.15,18.5,15000,22.992199,1753500,980.4,980.0
2026-02-12 10:32:00,18.45,18.5,18.45,18.45,7500,23.263088,1753500,979.95,980.0
2026-02-12 10:33:00,18.65,19.1,18.45,19.0,262500,22.497285,1753500,981.95,980.0
2026-02-12 10:34:00,19.0,19.6,18.75,19.4,120750,22.506066,1637250,982.65,980.0
2026-02-12 10:35:00,19.55,19.55,18.75,18.75,51000,22.500176,1637250,981.5,980.0
2026-02-12 10:36:00,18.8,18.8,18.35,18.45,48750,22.236827,1637250,981.3,980.0
2026-02-12 10:37:00,18.5,20.9,18.45,20.7,144750,22.840391,1619250,984.5,980.0
2026-02-12 10:38:00,20.8,21.15,20.45,20.55,78000,22.875823,1619250,984.2,980.0
2026-02-12 10:39:00,20.35,20.85,20.15,20.85,54750,23.053518,1619250,984.5,980.0
2026-02-12 10:40:00,20.7,20.85,19.45,19.45,87000,23.24912,1603500,981.8,980.0
2026-02-12 10:41:00,19.35,19.55,19.0,19.2,38250,22.744094,1603500,982.0,980.0
2026-02-12 10:42:00,19.0,19.45,18.95,19.45,21000,21.981279,1603500,983.4,980.0
2026-02-12 10:43:00,20.15,20.15,19.45,19.8,24000,22.514445,1590000,983.35,980.0
2026-02-12 10:44:00,19.8,20.0,19.45,20.0,35250,23.076613,1590000,983.0,980.0
2026-02-12 10:45:00,19.75,20.2,19.5,20.2,29250,22.673854,1590000,983.85,980.0
2026-02-12 10:46:00,20.4,20.4,20.0,20.1,20250,22.81747,1593000,983.5,980.0
2026-02-12 10:47:00,20.2,20.2,20.1,20.2,12000,22.958806,1593000,983.5,980.0
2026-02-12 10:48:00,19.9,20.2,19.9,19.9,18750,22.335187,1593000,983.75,980.0
2026-02-12 10:49:00,20.2,20.3,19.9,20.3,27000,22.777084,1587750,983.9,980.0
2026-02-12 10:50:00,20.45,20.45,20.3,20.45,15750,22.94836,1587750,983.95,980.0
2026-02-12 10:51:00,20.25,20.45,20.25,20.25,22500,22.667529,1587750,983.95,980.0
2026-02-12 10:52:00,20.6,21.2,20.25,21.2,192750,23.186508,1608750,984.95,980.0
2026-02-12 10:53:00,21.2,21.6,21.0,21.4,165000,23.428447,1608750,985.0,980.0
2026-02-12 10:54:00,21.25,21.4,21.15,21.15,54000,23.406397,1608750,984.6,980.0
2026-02-12 10:55:00,16.25,16.5,16.15,16.3,61500,23.411087,866250,985.25,990.0
2026-02-12 10:56:00,16.4,16.5,16.3,16.4,16500,23.378496,866250,985.5,990.0
2026-02-12 10:57:00,16.6,17.3,16.4,17.3,84750,23.926785,866250,986.5,990.0
2026-02-12 10:58:00,17.2,17.5,16.95,17.35,78750,23.821264,861750,986.75,990.0
2026-02-12 10:59:00,17.4,17.7,17.2,17.35,57750,23.85716,861750,986.7,990.0
2026-02-12 11:00:00,17.3,17.35,16.95,17.3,105000,23.929174,861750,986.5,990.0
2026-02-12 11:01:00,17.3,17.35,17.0,17.15,36750,23.79314,948000,986.4,990.0
2026-02-12 11:02:00,17.3,17.3,16.9,16.9,27000,23.866005,948000,985.8,990.0
2026-02-12 11:03:00,16.9,16.9,16.9,16.9,39750,23.240288,948000,986.7,990.0
2026-02-12 11:04:00,17.4,17.4,16.9,17.1,76500,23.726608,936000,986.4,990.0
2026-02-12 11:05:00,17.2,17.2,17.0,17.1,35250,23.341631,936000,986.95,990.0
2026-02-12 11:06:00,17.8,18.5,17.1,18.2,132750,23.786399,936000,988.45,990.0
2026-02-12 11:07:00,17.9,18.2,17.4,17.85,64500,24.270715,928500,987.1,990.0
2026-02-12 11:08:00,17.7,18.05,17.7,17.9,46500,23.985395,928500,987.6,990.0
2026-02-12 11:09:00,17.95,17.95,17.9,17.9,28500,24.128578,928500,987.4,990.0
2026-02-12 11:10:00,18.05,18.05,17.9,18.05,36000,24.086562,923250,987.75,990.0
2026-02-12 11:11:00,17.9,18.1,17.9,18.1,47250,24.441294,923250,987.35,990.0
2026-02-12 11:12:00,17.9,18.1,17.85,17.85,67500,24.097612,923250,987.35,990.0
2026-02-12 11:13:00,17.95,17.95,17.4,17.4,48750,23.726052,946500,987.0,990.0
2026-02-12 11:14:00,17.75,18.25,17.4,18.25,33000,24.329614,946500,987.8,990.0
2026-02-12 11:15:00,18.35,18.35,18.25,18.35,21000,24.682395,946500,987.5,990.0
2026-02-12 11:16:00,18.2,18.35,17.75,17.75,36000,24.562263,963000,986.5,990.0
2026-02-12 11:17:00,17.45,17.9,17.45,17.9,50250,24.594479,963000,986.75,990.0
2026-02-12 11:18:00,17.0,17.9,17.0,17.3,86250,24.430438,963000,985.8,990.0
2026-02-12 11:19:00,17.6,18.1,17.3,18.1,21750,24.305499,987750,987.55,990.0
2026-02-12 11:20:00,17.8,18.1,17.8,18.0,45750,24.346278,987750,987.3,990.0
2026-02-12 11:21:00,18.15,18.15,18.0,18.15,39750,23.982126,987750,988.1,990.0
2026-02-12 11:22:00,18.5,18.5,18.1,18.1,46500,24.556648,960750,987.2,990.0
2026-02-12 11:23:00,18.1,18.15,17.8,17.8,39000,24.531754,960750,986.65,990.0
2026-02-12 11:24:00,18.0,18.0,17.8,18.0,19500,23.993116,960750,987.8,990.0
2026-02-12 11:25:00,18.0,18.25,18.0,18.25,41250,24.195095,976500,988.0,990.0
2026-02-12 11:26:00,18.8,19.2,18.25,19.1,103500,24.643156,976500,989.0,990.0
2026-02-12 11:27:00,19.15,19.55,18.6,18.6,75750,24.679211,976500,988.0,990.0
2026-02-12 11:28:00,18.65,18.8,18.5,18.55,25500,24.611103,980250,988.0,990.0
2026-02-12 11:29:00,18.5,18.55,18.5,18.5,21000,24.90067,980250,987.5,990.0
2026-02-12 11:30:00,18.4,18.55,18.4,18.55,18750,25.148145,980250,987.25,990.0
2026-02-12 11:31:00,17.9,18.55,17.9,18.05,43500,24.742354,977250,986.85,990.0
2026-02-12 11:32:00,17.65,18.05,17.45,17.45,53250,24.371034,977250,986.2,990.0
2026-02-12 11:33:00,17.5,17.5,16.9,17.1,60750,24.201161,977250,985.75,990.0
2026-02-12 11:34:00,17.1,17.25,16.85,17.25,23250,24.061915,956250,986.25,990.0
2026-02-12 11:35:00,17.5,17.75,17.25,17.75,15000,24.43745,956250,986.7,990.0
2026-02-12 11:36:00,17.15,17.75,17.15,17.15,22500,23.855813,956250,986.35,990.0
2026-02-12 11:37:00,17.3,17.3,17.05,17.05,18000,24.376567,960750,985.4,990.0
2026-02-12 11:38:00,21.9,22.15,21.65,21.65,26250,23.818213,1557750,985.0,980.0
2026-02-12 11:39:00,16.5,16.5,16.5,16.5,12750,23.584433,960750,985.45,990.0
2026-02-12 11:40:00,16.95,17.0,16.5,17.0,21750,24.172293,959250,985.6,990.0
2026-02-12 11:41:00,17.25,17.55,17.0,17.55,20250,24.585921,959250,986.1,990.0
2026-02-12 11:42:00,17.55,17.55,17.4,17.4,11250,24.414511,959250,986.05,990.0
2026-02-12 11:43:00,17.0,17.4,17.0,17.0,14250,24.449599,959250,985.2,990.0
2026-02-12 11:44:00,16.9,17.0,16.8,16.8,11250,24.071317,965250,985.35,990.0
2026-02-12 11:45:00,16.95,16.95,16.8,16.95,7500,24.072787,965250,985.65,990.0
2026-02-12 11:46:00,17.55,17.6,16.95,17.6,16500,24.867254,966000,985.8,990.0
2026-02-12 11:47:00,17.3,17.6,17.3,17.3,6750,24.315276,966000,986.0,990.0
2026-02-12 11:48:00,17.35,17.35,17.3,17.35,3000,24.385097,966000,986.0,990.0
2026-02-12 11:49:00,17.3,17.35,17.3,17.3,2250,24.247392,966000,986.1,990.0
2026-02-12 11:50:00,17.3,17.3,17.3,17.3,3750,24.421738,970500,985.85,990.0
2026-02-12 11:51:00,17.6,17.6,17.3,17.4,6000,24.421804,970500,986.05,990.0
2026-02-12 11:52:00,17.45,17.65,17.4,17.65,11250,24.732923,966750,986.1,990.0
2026-02-12 11:53:00,17.4,17.65,17.4,17.5,9750,24.491882,966750,986.15,990.0
2026-02-12 11:54:00,17.7,17.7,17.5,17.7,30000,24.699047,966750,986.25,990.0
2026-02-12 11:55:00,17.6,17.7,17.6,17.6,14250,24.526937,978750,986.3,990.0
2026-02-12 11:56:00,17.5,17.6,17.1,17.1,36000,24.185064,978750,985.8,990.0
2026-02-12 11:57:00,17.15,17.15,17.1,17.1,10500,24.701816,978750,985.05,990.0
2026-02-12 11:58:00,17.3,17.3,17.1,17.3,1500,24.324162,978750,986.0,990.0
2026-02-12 11:59:00,17.15,17.3,17.15,17.15,12750,24.083131,966000,986.05,990.0
2026-02-12 12:00:00,17.4,17.4,17.15,17.4,2250,24.324682,966000,986.2,990.0
2026-02-12 12:01:00,17.4,17.4,17.4,17.4,5250,24.325492,966000,986.2,990.0
2026-02-12 12:02:00,17.3,17.4,17.3,17.3,6000,24.292651,972000,986.05,990.0
2026-02-12 12:03:00,17.35,17.6,17.3,17.6,7500,24.288317,972000,986.65,990.0
2026-02-12 12:04:00,17.75,17.75,17.6,17.75,3750,23.644396,972000,987.85,990.0
2026-02-12 12:05:00,17.8,18.0,17.75,18.0,18750,24.026042,965250,987.8,990.0
2026-02-12 12:06:00,18.3,18.3,18.0,18.3,58500,24.261302,965250,988.05,990.0
2026-02-12 12:07:00,18.2,18.75,18.2,18.55,52500,24.354456,975750,988.4,990.0
2026-02-12 12:08:00,18.9,19.1,18.55,19.0,84000,24.722222,975750,988.75,990.0
2026-02-12 12:09:00,18.95,19.0,18.6,18.6,37500,24.243641,975750,988.65,990.0
2026-02-12 12:10:00,18.75,18.85,18.6,18.85,18750,24.698536,975750,988.5,990.0
2026-02-12 12:11:00,18.7,18.85,18.55,18.55,17250,24.502314,991500,988.2,990.0
2026-02-12 12:12:00,18.45,18.55,18.45,18.55,20250,24.286038,991500,988.5,990.0
2026-02-12 12:13:00,18.6,18.6,18.55,18.6,14250,24.210497,991500,988.7,990.0
2026-02-12 12:14:00,18.8,18.8,18.6,18.8,15000,24.451034,975750,988.75,990.0
2026-02-12 12:15:00,18.9,19.8,18.8,19.7,66750,24.55032,975750,990.3,990.0
2026-02-12 12:16:00,19.55,19.8,19.0,19.15,49500,24.237892,975750,989.7,990.0
2026-02-12 12:17:00,19.0,19.4,18.75,19.4,18750,24.621215,982500,989.65,990.0
2026-02-12 12:18:00,19.5,19.5,19.15,19.5,37500,24.500341,982500,990.0,990.0
2026-02-12 12:19:00,19.3,19.5,19.1,19.4,27000,24.325643,982500,990.05,990.0
2026-02-12 12:20:00,19.3,19.4,19.3,19.3,15000,24.411385,984000,989.75,990.0
2026-02-12 12:21:00,19.3,19.3,19.25,19.25,16500,24.119879,984000,990.05,990.0
2026-02-12 12:22:00,19.2,19.25,19.2,19.2,13500,24.163341,984000,989.9,990.0
2026-02-12 12:23:00,19.25,19.3,19.15,19.15,12750,24.280653,980250,989.65,990.0
2026-02-12 12:24:00,19.15,19.15,19.15,19.15,750,24.244416,980250,989.7,990.0
2026-02-12 12:25:00,19.3,19.3,18.1,18.45,62250,24.08586,980250,988.6,990.0
2026-02-12 12:26:00,18.45,18.85,18.2,18.85,34500,24.383876,975000,988.95,990.0
2026-02-12 12:27:00,18.75,19.8,18.65,19.8,37500,24.848029,975000,990.1,990.0
2026-02-12 12:28:00,19.75,20.1,19.55,19.95,69000,24.151029,975000,991.3,990.0
2026-02-12 12:29:00,19.85,20.05,19.4,19.55,41250,23.902085,972750,990.9,990.0
2026-02-12 12:30:00,19.6,19.7,19.45,19.5,8250,23.947253,972750,990.75,990.0
2026-02-12 12:31:00,19.5,19.5,19.5,19.5,0,23.948063,972750,990.75,990.0
2026-02-12 12:32:00,19.55,19.75,19.5,19.75,27000,23.72398,976500,991.5,990.0
2026-02-12 12:33:00,19.8,20.15,19.75,20.15,34500,24.394114,976500,991.35,990.0
2026-02-12 12:34:00,20.0,20.4,20.0,20.3,51750,24.257811,976500,991.8,990.0
2026-02-12 12:35:00,20.2,21.9,20.2,21.55,102750,23.743116,983250,994.65,990.0
2026-02-12 12:36:00,21.95,21.95,21.15,21.3,135750,24.240208,983250,993.6,990.0
2026-02-12 12:37:00,21.55,21.75,20.95,21.7,69750,24.358973,983250,994.15,990.0
2026-02-12 12:38:00,21.7,22.05,21.5,21.6,69000,24.380723,953250,993.95,990.0
2026-02-12 12:39:00,16.55,17.6,16.55,17.6,318750,24.397465,3084750,996.15,1000.0
2026-02-12 12:40:00,17.55,17.85,17.35,17.65,321750,24.397569,3084750,996.25,1000.0
2026-02-12 12:41:00,17.65,17.65,17.0,17.35,196500,24.263616,3265500,995.85,1000.0
2026-02-12 12:42:00,17.4,18.05,17.15,18.0,260250,24.28568,3265500,997.1,1000.0
2026-02-12 12:43:00,18.05,18.15,17.7,18.05,187500,24.284628,3265500,997.2,1000.0
2026-02-12 12:44:00,18.05,18.35,17.9,18.2,491250,24.630994,3226500,997.0,1000.0
2026-02-12 12:45:00,18.2,19.9,18.1,19.9,456000,25.386498,3226500,999.2,1000.0
2026-02-12 12:46:00,19.95,20.4,19.65,20.3,807000,25.422913,3226500,999.9,1000.0
2026-02-12 12:47:00,20.3,20.3,18.45,18.6,431250,24.828671,3744750,997.5,1000.0
2026-02-12 12:48:00,18.5,18.6,17.25,17.95,429750,24.641219,3744750,996.5,1000.0
2026-02-12 12:49:00,18.0,18.6,17.9,18.3,169500,24.70175,3744750,997.1,1000.0
2026-02-12 12:50:00,18.35,18.5,17.85,18.4,115500,24.557573,3900750,997.5,1000.0
2026-02-12 12:51:00,18.7,19.7,18.4,18.9,214500,24.457445,3900750,998.6,1000.0
2026-02-12 12:52:00,18.75,19.5,18.4,18.85,123000,25.104053,3900750,997.6,1000.0
2026-02-12 12:53:00,18.95,19.2,18.75,18.9,78750,24.638796,3999000,998.35,1000.0
2026-02-12 12:54:00,19.0,19.1,18.05,18.4,203250,24.912848,3999000,997.0,1000.0
2026-02-12 12:55:00,18.4,19.15,18.35,19.0,110250,25.098787,3999000,997.9,1000.0
2026-02-12 12:56:00,18.95,19.1,18.0,18.7,186750,25.008273,4146750,997.45,1000.0
2026-02-12 12:57:00,18.6,18.75,18.4,18.6,61500,24.374836,4146750,998.15,1000.0
2026-02-12 12:58:00,18.55,18.75,18.15,18.6,56250,24.232408,4146750,998.35,1000.0
2026-02-12 12:59:00,18.6,18.75,18.55,18.7,60750,24.727233,4165500,997.85,1000.0
2026-02-12 13:00:00,18.45,18.7,17.7,17.75,135750,24.377322,4165500,996.5,1000.0
2026-02-12 13:01:00,17.55,17.75,17.25,17.5,144000,24.243889,4165500,996.2,1000.0
2026-02-12 13:02:00,17.5,17.85,17.35,17.8,38250,24.203393,4106250,996.85,1000.0
2026-02-12 13:03:00,17.8,17.8,17.7,17.7,18750,24.17208,4106250,996.7,1000.0
2026-02-12 13:04:00,17.15,18.0,17.15,17.9,194250,24.236856,4106250,997.0,1000.0
2026-02-12 13:05:00,17.95,18.35,17.85,18.35,39750,24.607397,4053000,997.35,1000.0
2026-02-12 13:06:00,18.35,18.35,18.0,18.15,33750,24.510466,4053000,997.1,1000.0
2026-02-12 13:07:00,18.3,18.3,18.1,18.1,18000,24.61807,4053000,996.85,1000.0
2026-02-12 13:08:00,18.0,18.2,18.0,18.2,29250,24.615642,4064250,997.05,1000.0
2026-02-12 13:09:00,18.1,18.2,18.1,18.1,3000,24.654672,4064250,996.8,1000.0
2026-02-12 13:10:00,17.9,18.1,17.9,17.95,51000,24.694038,4064250,996.45,1000.0
2026-02-12 13:11:00,23.15,23.15,22.9,23.15,12750,26.171532,816000,994.45,990.0
2026-02-12 13:12:00,22.35,23.15,21.2,21.25,103500,23.96027,816000,993.9,990.0
2026-02-12 13:13:00,16.5,17.75,16.25,17.45,373500,24.495206,4015500,995.75,1000.0
2026-02-12 13:14:00,17.6,17.7,17.35,17.45,76500,24.940048,4143750,995.1,1000.0
2026-02-12 13:15:00,17.35,17.5,17.2,17.4,45000,24.838328,4143750,995.15,1000.0
2026-02-12 13:16:00,17.3,17.4,17.25,17.35,18000,24.804595,4143750,995.1,1000.0
2026-02-12 13:17:00,17.25,17.35,17.25,17.25,16500,24.532214,4143750,995.3,1000.0
2026-02-12 13:18:00,17.15,17.25,17.15,17.15,43500,23.881844,4143750,996.05,1000.0
2026-02-12 13:19:00,17.7,17.8,17.15,17.8,57000,24.773058,4143750,996.05,1000.0
2026-02-12 13:20:00,17.85,17.85,17.8,17.85,21000,24.876886,4122000,996.0,1000.0
2026-02-12 13:21:00,17.55,17.85,17.55,17.55,27750,24.60441,4122000,995.8,1000.0
2026-02-12 13:22:00,17.9,17.9,17.55,17.9,16500,25.050422,4122000,995.85,1000.0
2026-02-12 13:23:00,17.7,17.9,17.7,17.9,61500,24.531879,4119000,996.6,1000.0
2026-02-12 13:24:00,17.95,17.95,17.9,17.95,43500,24.321554,4119000,997.0,1000.0
2026-02-12 13:25:00,18.1,18.2,17.95,18.2,58500,24.559352,4119000,997.15,1000.0
2026-02-12 13:26:00,18.2,18.2,18.2,18.2,27000,24.419278,4092750,997.35,1000.0
2026-02-12 13:27:00,18.1,18.2,18.1,18.15,51750,24.597888,4092750,997.0,1000.0
2026-02-12 13:28:00,18.05,18.15,18.05,18.05,18750,24.601827,4092750,996.8,1000.0
2026-02-12 13:29:00,18.0,18.05,17.95,17.95,42000,24.360684,4094250,996.95,1000.0
2026-02-12 13:30:00,18.05,18.05,17.95,18.05,21750,24.603473,4094250,996.8,1000.0
2026-02-12 13:31:00,17.65,18.3,17.65,18.3,63750,24.595592,4094250,997.3,1000.0
2026-02-12 13:32:00,18.1,18.3,18.1,18.1,12750,24.287232,4053750,997.35,1000.0
2026-02-12 13:33:00,18.0,18.1,18.0,18.0,6750,24.711897,4053750,996.55,1000.0
2026-02-12 13:34:00,17.9,18.0,17.4,17.4,47250,24.237252,4053750,996.05,1000.0
2026-02-12 13:35:00,17.8,17.8,17.4,17.8,33000,24.369855,4047750,996.65,1000.0
2026-02-12 13:36:00,17.7,17.8,17.6,17.6,10500,24.026886,4047750,996.75,1000.0
2026-02-12 13:37:00,17.85,17.9,17.6,17.9,30000,24.578184,4047750,996.55,1000.0
2026-02-12 13:38:00,18.05,18.05,17.9,18.05,13500,24.645002,4047000,996.75,1000.0
2026-02-12 13:39:00,18.0,18.05,18.0,18.0,6750,24.507387,4047000,996.85,1000.0
2026-02-12 13:40:00,17.85,18.0,17.85,17.85,21000,24.33768,4047000,996.8,1000.0
2026-02-12 13:41:00,17.7,17.85,17.7,17.7,9000,24.515787,4047000,996.25,1000.0
2026-02-12 13:42:00,17.7,17.75,17.7,17.75,30000,24.167321,4047000,996.85,1000.0
2026-02-12 13:43:00,17.7,17.75,17.7,17.7,7500,24.204465,4047000,996.7,1000.0
2026-02-12 13:44:00,17.6,17.7,17.6,17.65,9000,24.066899,4029000,996.8,1000.0
2026-02-12 13:45:00,17.8,17.8,17.65,17.8,6000,24.517297,4029000,996.45,1000.0
2026-02-12 13:46:00,17.75,17.8,17.75,17.75,4500,24.205542,4029000,996.8,1000.0
2026-02-12 13:47:00,17.55,17.75,17.55,17.55,45750,24.211035,3986250,996.4,1000.0
2026-02-12 13:48:00,17.6,17.6,17.55,17.6,33000,24.315093,3986250,996.35,1000.0
2026-02-12 13:49:00,22.3,22.8,22.3,22.3,8250,24.732884,844500,994.8,990.0
2026-02-12 13:50:00,17.4,17.4,17.3,17.4,176250,24.388091,3942000,995.85,1000.0
2026-02-12 13:51:00,17.4,17.4,17.4,17.4,42000,24.112706,3942000,996.25,1000.0
2026-02-12 13:52:00,17.3,17.4,17.3,17.3,30750,24.389993,3942000,995.65,1000.0
2026-02-12 13:53:00,17.4,17.4,17.3,17.4,30000,24.493655,3917250,995.7,1000.0
2026-02-12 13:54:00,17.3,17.4,17.3,17.3,27000,23.630217,3917250,996.75,1000.0
2026-02-12 13:55:00,17.7,17.7,17.3,17.7,34500,24.561895,3917250,996.2,1000.0
2026-02-12 13:56:00,17.6,17.7,17.6,17.6,5250,24.252129,3917250,996.45,1000.0
2026-02-12 13:57:00,17.6,17.6,17.6,17.6,750,24.495611,3908250,996.1,1000.0
2026-02-12 13:58:00,17.55,17.6,17.55,17.6,22500,24.323231,3908250,996.35,1000.0
2026-02-12 13:59:00,17.65,17.65,17.55,17.55,9000,24.186014,3915000,996.45,1000.0
2026-02-12 14:00:00,17.7,17.7,17.55,17.7,11250,24.113373,3915000,996.85,1000.0
2026-02-12 14:01:00,17.7,17.75,17.7,17.75,33750,24.252681,3915000,996.75,1000.0
2026-02-12 14:02:00,17.75,17.75,17.75,17.75,4500,24.043264,3888000,997.05,1000.0
2026-02-12 14:03:00,18.1,18.1,17.75,18.1,42750,24.59407,3888000,996.95,1000.0
2026-02-12 14:04:00,18.0,18.2,18.0,18.2,31500,24.556214,3888000,997.2,1000.0
2026-02-12 14:05:00,18.1,18.2,18.1,18.1,76500,24.665818,3873000,996.85,1000.0
2026-02-12 14:06:00,17.75,18.1,17.7,17.7,35250,24.501591,3873000,996.3,1000.0
2026-02-12 14:07:00,17.45,17.7,17.45,17.45,25500,24.332603,3873000,996.05,1000.0
2026-02-12 14:08:00,17.7,17.7,17.45,17.7,7500,24.710898,3878250,996.0,1000.0
2026-02-12 14:09:00,17.45,17.7,17.45,17.45,7500,24.368759,3878250,996.0,1000.0
2026-02-12 14:10:00,17.55,17.55,17.45,17.55,15000,24.610205,3878250,995.85,1000.0
2026-02-12 14:11:00,17.55,17.55,17.55,17.55,8250,25.090555,3870000,995.15,1000.0
2026-02-12 14:12:00,17.05,17.55,17.05,17.4,54000,24.714805,3870000,995.4,1000.0
2026-02-12 14:13:00,17.35,17.4,17.3,17.3,18750,24.372775,3870000,995.7,1000.0
2026-02-12 14:14:00,17.4,17.4,17.3,17.4,3000,24.613764,3846000,995.55,1000.0
2026-02-12 14:15:00,17.5,17.5,17.4,17.5,15000,24.820353,3846000,995.45,1000.0
2026-02-12 14:16:00,17.4,17.5,17.4,17.45,26250,24.546727,3846000,995.75,1000.0
2026-02-12 14:17:00,17.6,17.6,17.45,17.55,32250,24.512498,3838500,996.0,1000.0
2026-02-12 14:18:00,17.55,17.55,17.55,17.55,21000,24.685617,3838500,995.75,1000.0
2026-02-12 14:19:00,17.35,17.55,17.35,17.35,22500,24.30867,3838500,995.9,1000.0
2026-02-12 14:20:00,17.65,17.65,17.35,17.65,8250,24.270598,3840000,996.55,1000.0
2026-02-12 14:21:00,17.75,17.75,17.65,17.75,18750,24.617186,3840000,996.25,1000.0
2026-02-12 14:22:00,17.7,17.75,17.7,17.7,3750,24.340818,3840000,996.55,1000.0
2026-02-12 14:23:00,17.6,17.7,17.6,17.6,5250,24.274082,3847500,996.45,1000.0
2026-02-12 14:24:00,17.4,17.6,17.4,17.4,6750,24.139394,3847500,996.25,1000.0
2026-02-12 14:25:00,17.4,17.45,17.4,17.45,13500,24.243468,3847500,996.2,1000.0
2026-02-12 14:26:00,17.5,17.5,17.45,17.5,26250,24.416703,3854250,996.05,1000.0
2026-02-12 14:27:00,17.35,17.5,17.35,17.4,5250,24.452701,3854250,995.8,1000.0
2026-02-12 14:28:00,17.3,17.4,17.3,17.3,10500,24.385002,3854250,995.7,1000.0
2026-02-12 14:29:00,17.45,17.45,17.3,17.3,21000,24.42016,3845250,995.65,1000.0
2026-02-12 14:30:00,17.25,17.3,17.25,17.25,12750,24.317983,3845250,995.7,1000.0
2026-02-12 14:31:00,17.3,17.3,17.25,17.3,14250,24.353077,3845250,995.75,1000.0
2026-02-12 14:32:00,17.35,17.35,17.3,17.35,6750,24.559888,3831000,995.55,1000.0
2026-02-12 14:33:00,17.2,17.6,17.2,17.6,20250,24.247413,3831000,996.5,1000.0
2026-02-12 14:34:00,17.65,17.65,17.45,17.45,10500,24.423677,3831000,995.95,1000.0
2026-02-12 14:35:00,17.45,17.45,17.45,17.45,2250,24.527899,3831750,995.8,1000.0
2026-02-12 14:36:00,17.4,17.45,17.35,17.35,10500,24.494545,3831750,995.65,1000.0
2026-02-12 14:37:00,17.25,17.35,17.2,17.2,25500,24.151819,3831750,995.85,1000.0
2026-02-12 14:38:00,17.3,17.3,17.2,17.3,17250,24.220993,3816000,995.95,1000.0
2026-02-12 14:39:00,17.3,17.3,17.3,17.3,0,24.118165,3816000,996.1,1000.0
2026-02-12 14:40:00,17.8,17.8,17.3,17.6,48000,24.218263,3816000,996.55,1000.0
2026-02-12 14:41:00,17.5,17.6,17.5,17.5,3750,24.463528,3796500,996.0,1000.0
2026-02-12 14:42:00,17.2,17.5,17.2,17.2,10500,24.190299,3796500,995.8,1000.0
2026-02-12 14:43:00,17.2,17.2,16.35,17.0,117000,24.429401,3796500,995.05,1000.0
2026-02-12 14:44:00,22.0,22.25,20.7,20.75,74250,23.975505,862500,993.1,990.0
2026-02-12 14:45:00,20.85,21.4,20.75,20.75,48750,24.44879,862500,992.5,990.0
2026-02-12 14:46:00,21.1,21.1,19.8,20.35,150750,23.891735,862500,992.5,990.0
2026-02-12 14:47:00,20.1,20.55,19.75,19.75,58500,23.44648,872250,992.0,990.0
2026-02-12 14:48:00,19.75,21.95,19.6,21.05,83250,23.718924,872250,993.95,990.0
2026-02-12 14:49:00,21.1,21.35,20.25,20.65,36750,23.76047,872250,993.2,990.0
2026-02-12 14:50:00,20.45,21.25,20.3,21.25,54000,23.758325,885750,994.25,990.0
2026-02-12 14:51:00,15.95,16.85,15.85,16.4,240750,23.610995,3708000,995.05,1000.0
2026-02-12 14:52:00,16.7,16.7,16.25,16.25,32250,23.269577,3708000,995.25,1000.0
2026-02-12 14:53:00,16.75,16.75,16.25,16.6,36000,23.751484,3716250,995.25,1000.0
2026-02-12 14:54:00,21.6,21.7,21.6,21.6,5250,24.292941,880500,994.2,990.0
2026-02-12 14:55:00,21.75,21.75,21.6,21.65,49500,23.87578,880500,994.8,990.0
2026-02-12 14:56:00,16.65,16.7,16.65,16.65,47250,23.549053,3690750,995.65,1000.0
2026-02-12 14:57:00,17.05,17.05,16.65,17.05,81000,24.441511,3690750,995.15,1000.0
2026-02-12 14:58:00,16.9,17.05,16.9,16.9,42000,24.031275,3690750,995.45,1000.0
2026-02-12 14:59:00,16.95,16.95,16.9,16.95,27000,24.100807,3717750,995.45,1000.0
2026-02-12 15:00:00,17.0,17.0,16.95,17.0,24750,23.792186,3717750,996.0,1000.0
2026-02-12 15:01:00,17.2,17.2,17.0,17.2,21750,23.998612,3717750,996.1,1000.0
2026-02-12 15:02:00,17.15,17.45,17.15,17.45,183750,24.065025,3723000,996.5,1000.0
2026-02-12 15:03:00,17.5,17.5,17.3,17.4,38250,23.647233,3723000,997.0,1000.0
2026-02-12 15:04:00,17.35,17.4,17.35,17.35,64500,23.998924,3723000,996.4,1000.0
2026-02-12 15:05:00,17.5,17.5,17.35,17.5,36750,24.101267,3651750,996.55,1000.0
2026-02-12 15:06:00,17.2,17.5,17.2,17.2,23250,24.002649,3651750,996.1,1000.0
2026-02-12 15:07:00,17.2,17.2,17.2,17.2,10500,24.072614,3651750,996.0,1000.0
2026-02-12 15:08:00,17.2,17.2,17.2,17.2,9750,23.796097,3643500,996.4,1000.0
2026-02-12 15:09:00,17.25,17.35,17.2,17.35,45000,23.82865,3643500,996.65,1000.0
2026-02-12 15:10:00,17.75,17.75,17.35,17.75,49500,23.886681,3643500,997.35,1000.0
2026-02-12 15:11:00,17.7,17.75,17.7,17.7,66750,24.380881,3636750,996.55,1000.0
2026-02-12 15:12:00,17.7,17.7,17.4,17.55,63750,23.754851,3636750,997.15,1000.0
2026-02-12 15:13:00,17.6,18.1,17.55,18.0,74250,24.019654,3636750,997.65,1000.0
2026-02-12 15:14:00,18.0,18.0,17.7,17.7,25500,24.103243,3608250,996.95,1000.0
2026-02-12 15:15:00,17.9,18.75,17.7,18.6,156000,23.360362,3608250,999.7,1000.0
2026-02-12 15:16:00,18.65,19.0,18.45,18.9,124500,23.290991,3608250,1000.35,1000.0
2026-02-12 15:17:00,19.0,19.1,18.75,19.1,171000,23.641708,3546000,1000.25,1000.0
2026-02-12 15:18:00,19.0,20.0,19.0,20.0,387750,24.58229,3546000,1000.65,1000.0
2026-02-12 15:19:00,20.0,20.65,19.8,20.65,421500,25.2152,3546000,1001.0,1000.0
2026-02-12 15:20:00,20.5,20.65,20.05,20.25,285000,25.040286,4059750,1000.5,1000.0
2026-02-12 15:21:00,20.2,20.25,19.4,19.4,231750,24.685917,4059750,999.4,1000.0
2026-02-12 15:22:00,19.4,19.85,19.3,19.6,75000,24.814861,4059750,999.6,1000.0
2026-02-12 15:23:00,19.5,19.75,19.45,19.5,48000,24.825065,4017750,999.4,1000.0
2026-02-12 15:24:00,19.5,19.65,19.4,19.6,49500,24.595258,4017750,999.9,1000.0
2026-02-12 15:25:00,19.65,20.1,19.6,20.0,74250,24.775065,4017750,1000.4,1000.0
2026-02-12 15:26:00,20.0,20.15,19.65,19.7,69750,25.065897,4037250,999.45,1000.0
2026-02-12 15:27:00,19.7,20.35,19.5,20.25,113250,24.821527,4037250,1000.8,1000.0
2026-02-12 15:28:00,20.3,21.2,20.1,21.0,462000,25.365032,4037250,1001.45,1000.0
2026-02-12 15:29:00,21.0,21.35,21.0,21.15,201000,25.912413,4257000,1001.0,1000.0
2026-02-13 09:15:00,17.5,19.35,13.25,16.4,234000,22.486959,4259250,997.9,1000.0
2026-02-13 09:16:00,21.85,22.7,20.7,20.85,39000,23.495954,786000,995.0,990.0
2026-02-13 09:17:00,16.05,18.25,15.5,17.65,198000,23.965441,4244250,998.3,1000.0
2026-02-13 09:18:00,17.85,18.4,17.6,17.75,48750,24.402962,4244250,997.9,1000.0
2026-02-13 09:19:00,17.85,18.3,17.35,18.2,76500,24.449834,4303500,998.7,1000.0
2026-02-13 09:20:00,18.15,18.25,17.7,17.7,76500,23.74178,4303500,998.7,1000.0
2026-02-13 09:21:00,18.05,18.05,17.7,18.05,68250,24.052125,4303500,998.95,1000.0
2026-02-13 09:22:00,18.2,18.2,18.05,18.2,54750,23.318269,4413750,1000.2,1000.0
2026-02-13 09:23:00,20.0,20.8,18.2,20.7,272250,24.916011,4413750,1002.7,1000.0
2026-02-13 09:24:00,20.75,21.45,20.65,21.2,363000,25.469862,4413750,1002.9,1000.0
2026-02-13 09:25:00,21.2,21.75,20.4,21.25,234750,25.139154,4762500,1003.4,1000.0
2026-02-13 09:26:00,21.25,22.0,20.9,21.1,224250,25.329036,4762500,1002.9,1000.0
2026-02-13 09:27:00,21.3,21.3,19.35,20.6,278250,25.999018,4762500,1001.15,1000.0
2026-02-13 09:28:00,20.6,21.35,20.5,21.2,96000,25.792979,4866000,1002.5,1000.0
2026-02-13 09:29:00,21.1,21.2,20.85,21.2,43500,25.674416,4866000,1002.65,1000.0
2026-02-13 09:30:00,21.1,21.2,21.1,21.1,77250,25.292547,4866000,1002.95,1000.0
2026-02-13 09:31:00,22.35,22.35,21.1,22.35,176250,27.036392,4845000,1003.0,1000.0
2026-02-13 09:32:00,20.65,22.35,20.0,20.8,290250,25.858914,4845000,1001.7,1000.0
2026-02-13 09:33:00,20.6,21.3,20.4,21.25,66000,25.868871,4845000,1002.5,1000.0
2026-02-13 09:34:00,21.3,21.6,21.2,21.35,66000,26.012317,4836000,1002.5,1000.0
2026-02-13 09:35:00,21.3,21.9,21.3,21.9,86250,26.398488,4836000,1003.0,1000.0
2026-02-13 09:36:00,22.6,23.15,21.9,22.95,273750,26.969876,4836000,1004.15,1000.0
2026-02-13 09:37:00,22.55,23.5,22.35,23.0,198750,27.042339,4872000,1004.15,1000.0
2026-02-13 09:38:00,23.0,24.0,22.85,23.75,138750,27.584522,4872000,1004.8,1000.0
2026-02-13 09:39:00,23.65,23.8,22.55,23.35,140250,27.218083,4872000,1004.55,1000.0
2026-02-13 09:40:00,23.45,23.45,22.7,23.25,124500,27.116905,4904250,1004.5,1000.0
2026-02-13 09:41:00,23.35,23.45,22.8,23.2,67500,27.4541,4904250,1004.0,1000.0
2026-02-13 09:42:00,23.0,23.2,23.0,23.0,84750,27.331391,4904250,1003.8,1000.0
2026-02-13 09:43:00,23.2,23.2,23.0,23.2,59250,27.130138,4907250,1004.4,1000.0
2026-02-13 09:44:00,22.85,23.2,22.85,22.85,42000,26.793764,4907250,1004.2,1000.0
2026-02-13 09:45:00,22.7,23.5,22.7,23.5,126000,27.274483,4907250,1004.75,1000.0
2026-02-13 09:46:00,18.0,18.05,18.0,18.0,65250,25.200043,969000,1006.95,1010.0
2026-02-13 09:47:00,18.55,18.65,18.0,18.3,113250,26.929293,969000,1005.1,1010.0
2026-02-13 09:48:00,23.65,23.75,23.6,23.7,36000,27.604921,4902000,1004.7,1000.0
2026-02-13 09:49:00,23.1,23.7,22.7,22.7,149250,26.624758,4917000,1004.15,1000.0
2026-02-13 09:50:00,23.5,23.5,22.7,23.5,45750,27.073183,4917000,1005.0,1000.0
2026-02-13 09:51:00,23.2,23.5,22.75,22.75,62250,27.023408,4917000,1003.75,1000.0
2026-02-13 09:52:00,23.0,23.0,22.75,23.0,21750,27.30066,4920000,1003.85,1000.0
2026-02-13 09:53:00,23.0,23.0,23.0,23.0,42000,27.220533,4920000,1003.95,1000.0
2026-02-13 09:54:00,23.0,23.0,23.0,23.0,63000,26.936344,4920000,1004.3,1000.0
2026-02-13 09:55:00,23.05,23.05,23.0,23.05,18750,27.008879,4960500,1004.3,1000.0
2026-02-13 09:56:00,23.25,23.25,23.05,23.25,20250,27.173422,4960500,1004.45,1000.0
2026-02-13 09:57:00,23.25,23.25,23.25,23.25,17250,27.133427,4960500,1004.5,1000.0
2026-02-13 09:58:00,23.25,23.25,23.1,23.1,57750,26.960579,4947000,1004.45,1000.0
2026-02-13 09:59:00,23.05,23.1,23.05,23.05,28500,26.848912,4947000,1004.5,1000.0
2026-02-13 10:00:00,23.2,23.2,23.05,23.2,35250,27.228428,4947000,1004.3,1000.0
2026-02-13 10:01:00,23.4,23.4,23.2,23.4,19500,26.940431,4950000,1005.0,1000.0
2026-02-13 10:02:00,23.45,23.45,21.8,21.8,132750,25.593749,4950000,1003.85,1000.0
2026-02-13 10:03:00,22.35,22.5,21.8,22.4,67500,27.018545,4950000,1003.15,1000.0
2026-02-13 10:04:00,22.4,22.75,22.0,22.75,24750,26.628942,4931250,1004.25,1000.0
2026-02-13 10:05:00,22.45,22.75,22.45,22.45,21750,26.20021,4931250,1004.25,1000.0
2026-02-13 10:06:00,22.65,22.85,22.45,22.85,45750,26.937283,4931250,1004.05,1000.0
2026-02-13 10:07:00,22.6,22.85,22.6,22.6,31500,26.334982,4923750,1004.35,1000.0
2026-02-13 10:08:00,17.35,17.35,17.3,17.35,9750,25.157175,969750,1005.75,1010.0
2026-02-13 10:09:00,18.35,18.4,17.35,18.35,84000,26.740784,969750,1005.5,1010.0
2026-02-13 10:10:00,18.2,18.35,17.65,18.15,24750,26.67006,975750,1005.2,1010.0
2026-02-13 10:11:00,18.2,18.2,17.65,18.15,15750,26.461158,975750,1005.5,1010.0
2026-02-13 10:12:00,18.15,18.15,18.15,18.15,12000,25.755732,975750,1006.5,1010.0
2026-02-13 10:13:00,18.9,19.4,18.15,19.4,215250,26.796204,1011000,1007.5,1010.0
2026-02-13 10:14:00,18.75,19.4,18.3,18.65,111000,26.886234,1011000,1005.9,1010.0
2026-02-13 10:15:00,18.9,18.9,17.75,18.65,123750,26.816531,1011000,1006.0,1010.0
2026-02-13 10:16:00,24.25,24.4,23.2,23.75,136500,27.663146,4953750,1004.75,1000.0
2026-02-13 10:17:00,18.25,18.45,17.95,18.35,65250,26.888387,1064250,1005.3,1010.0
2026-02-13 10:18:00,18.45,18.8,18.35,18.7,42750,26.960381,1064250,1005.9,1010.0
2026-02-13 10:19:00,18.9,19.0,18.7,18.8,26250,27.558953,1062750,1005.25,1010.0
2026-02-13 10:20:00,23.5,24.1,23.5,23.5,29250,27.226308,4963500,1004.85,1000.0
2026-02-13 10:21:00,22.85,23.5,22.85,22.85,70500,27.63852,4963500,1003.2,1000.0
2026-02-13 10:22:00,23.0,23.0,22.85,23.0,101250,27.612788,5003250,1003.5,1000.0
2026-02-13 10:23:00,23.15,23.15,23.0,23.15,46500,28.228597,5003250,1003.0,1000.0
2026-02-13 10:24:00,22.6,23.15,22.6,22.6,30750,27.842282,5003250,1002.5,1000.0
2026-02-13 10:25:00,22.25,22.6,22.0,22.05,79500,27.058824,5002500,1002.5,1000.0
2026-02-13 10:26:00,22.0,22.6,22.0,22.6,11250,27.286368,5002500,1003.2,1000.0
2026-02-13 10:27:00,23.0,23.0,22.6,23.0,53250,26.55695,5002500,1004.8,1000.0
2026-02-13 10:28:00,23.4,23.4,23.0,23.4,70500,27.255441,4995000,1004.65,1000.0
2026-02-13 10:29:00,23.5,23.5,23.4,23.5,69000,27.727182,4995000,1004.25,1000.0
2026-02-13 10:30:00,18.55,18.55,17.9,18.55,18750,26.084928,1032000,1006.85,1010.0
2026-02-13 10:31:00,19.25,20.0,18.55,19.85,189750,27.264736,1015500,1007.75,1010.0
2026-02-13 10:32:00,19.8,20.45,19.8,20.0,116250,27.513032,1015500,1007.7,1010.0
2026-02-13 10:33:00,20.1,20.65,20.0,20.5,68250,27.484808,1015500,1008.7,1010.0
2026-02-13 10:34:00,20.95,21.2,20.5,20.85,170250,27.383826,1054500,1009.5,1010.0
2026-02-13 10:35:00,20.85,22.85,20.75,22.8,294750,27.521358,1054500,1012.9,1010.0
2026-02-13 10:36:00,22.3,22.8,21.6,21.95,185250,26.675567,1054500,1012.45,1010.0
2026-02-13 10:37:00,22.2,22.5,21.8,22.1,52500,26.966922,1101000,1012.35,1010.0
2026-02-13 10:38:00,22.1,22.3,21.95,22.25,45750,25.459126,1101000,1014.5,1010.0
2026-02-13 10:39:00,18.45,20.8,18.3,20.0,402750,27.155516,1368750,1017.8,1020.0
2026-02-13 10:40:00,20.0,20.9,19.5,20.3,277500,27.429947,1424250,1018.0,1020.0
2026-02-13 10:41:00,20.1,20.3,19.15,19.85,220500,27.450538,1424250,1017.1,1020.0
2026-02-13 10:42:00,19.7,20.8,19.55,20.8,177000,28.09228,1424250,1018.05,1020.0
2026-02-13 10:43:00,25.7,26.15,21.3,21.6,210000,27.656894,1036500,1010.55,1010.0
2026-02-13 10:44:00,21.35,22.15,20.8,20.8,96000,27.173293,1036500,1009.7,1010.0
2026-02-13 10:45:00,20.75,22.45,20.4,22.0,146250,27.879227,1036500,1011.0,1010.0
2026-02-13 10:46:00,22.0,23.4,21.6,22.8,71250,27.886139,1026750,1012.45,1010.0
2026-02-13 10:47:00,22.7,23.0,22.45,22.7,69750,28.252304,1026750,1011.8,1010.0
2026-02-13 10:48:00,22.45,22.8,22.2,22.3,23250,27.766358,1026750,1011.7,1010.0
2026-02-13 10:49:00,22.4,23.0,22.3,22.8,27000,27.967389,1058250,1012.35,1010.0
2026-02-13 10:50:00,22.4,23.0,21.5,23.0,67500,27.422404,1058250,1013.4,1010.0
2026-02-13 10:51:00,23.15,24.25,23.0,24.25,59250,28.392656,1058250,1014.4,1010.0
2026-02-13 10:52:00,24.1,24.45,22.95,23.15,57750,27.596898,1069500,1013.45,1010.0
2026-02-13 10:53:00,23.0,23.35,22.5,22.5,59250,27.19374,1069500,1012.8,1010.0
2026-02-13 10:54:00,22.7,22.9,22.45,22.7,18000,27.398589,1069500,1012.9,1010.0
2026-02-13 10:55:00,23.0,23.0,22.7,23.0,27750,27.626058,1056750,1013.15,1010.0
2026-02-13 10:56:00,22.75,23.0,22.75,22.9,26250,27.801734,1056750,1012.75,1010.0
2026-02-13 10:57:00,23.45,23.45,22.9,23.45,17250,27.666877,1056750,1013.9,1010.0
2026-02-13 10:58:00,23.7,23.7,23.45,23.55,22500,28.129362,1062750,1013.5,1010.0
2026-02-13 10:59:00,23.45,23.55,23.45,23.45,14250,28.147829,1062750,1013.3,1010.0
2026-02-13 11:00:00,22.55,23.45,22.55,22.55,36750,28.092349,1062750,1011.75,1010.0
2026-02-13 11:01:00,22.75,22.75,22.4,22.45,86250,27.48476,1068750,1012.35,1010.0
2026-02-13 11:02:00,22.05,22.45,21.5,21.5,26250,27.267481,1068750,1010.9,1010.0
2026-02-13 11:03:00,22.25,22.8,21.5,22.7,37500,27.486391,1068750,1012.8,1010.0
2026-02-13 11:04:00,22.8,23.0,22.5,22.75,24000,27.400009,1056000,1013.0,1010.0
2026-02-13 11:05:00,22.8,22.8,22.55,22.55,6000,27.630018,1056000,1012.35,1010.0
2026-02-13 11:06:00,22.0,22.55,22.0,22.0,20250,27.282964,1056000,1011.8,1010.0
2026-02-13 11:07:00,22.0,22.0,22.0,22.0,24000,27.862684,1058250,1011.05,1010.0
2026-02-13 11:08:00,22.05,22.05,22.0,22.05,12000,27.043691,1058250,1012.2,1010.0
2026-02-13 11:09:00,22.5,22.5,22.05,22.2,21750,27.723337,1058250,1011.6,1010.0
2026-02-13 11:10:00,22.2,22.2,22.2,22.2,14250,27.530488,1058250,1011.85,1010.0
2026-02-13 11:11:00,22.55,22.55,22.2,22.35,21000,27.548709,1071750,1012.1,1010.0
2026-02-13 11:12:00,22.35,22.8,22.35,22.65,14250,27.895553,1071750,1012.2,1010.0
2026-02-13 11:13:00,22.75,22.95,22.65,22.95,9000,27.849912,1079250,1012.8,1010.0
2026-02-13 11:14:00,23.2,23.2,22.95,23.2,15750,27.087136,1079250,1014.2,1010.0
2026-02-13 11:15:00,23.9,24.35,23.2,24.35,87750,28.071835,1079250,1015.0,1010.0
2026-02-13 11:16:00,24.05,24.35,23.65,23.65,40500,27.727911,1061250,1014.2,1010.0
2026-02-13 11:17:00,23.65,23.65,23.4,23.4,3750,27.252619,1061250,1014.35,1010.0
2026-02-13 11:18:00,23.55,24.55,23.4,24.05,60750,27.852205,1061250,1014.75,1010.0
2026-02-13 11:19:00,24.15,24.15,23.75,23.8,16500,27.579275,1056750,1014.65,1010.0
2026-02-13 11:20:00,23.65,23.8,23.0,23.4,12750,27.255559,1056750,1014.35,1010.0
2026-02-13 11:21:00,23.7,23.7,23.4,23.7,9000,27.601622,1056750,1014.45,1010.0
2026-02-13 11:22:00,23.4,23.7,22.65,22.65,34500,27.276067,1056000,1013.0,1010.0
2026-02-13 11:23:00,22.4,22.65,22.35,22.35,30750,27.247169,1056000,1012.5,1010.0
2026-02-13 11:24:00,21.65,22.35,21.65,21.8,43500,27.443514,1056000,1011.25,1010.0
2026-02-13 11:25:00,22.5,22.5,21.8,22.5,6000,27.303868,1056000,1012.7,1010.0
2026-02-13 11:26:00,22.45,22.5,22.25,22.25,25500,27.265641,1071000,1012.3,1010.0
2026-02-13 11:27:00,22.05,22.25,22.05,22.05,18000,27.567931,1071000,1011.55,1010.0
2026-02-13 11:28:00,22.05,22.05,22.05,22.05,0,26.511374,1071000,1012.9,1010.0
2026-02-13 11:29:00,22.75,22.75,22.05,22.75,42750,27.384895,1076250,1013.05,1010.0
2026-02-13 11:30:00,22.9,22.9,22.75,22.9,6000,28.149648,1076250,1012.35,1010.0
2026-02-13 11:31:00,22.8,22.9,22.8,22.8,20250,27.457683,1076250,1013.05,1010.0
2026-02-13 11:32:00,22.6,22.8,22.6,22.6,7500,27.412819,1079250,1012.75,1010.0
2026-02-13 11:33:00,22.65,22.65,22.6,22.65,3000,27.681419,1079250,1012.5,1010.0
2026-02-13 11:34:00,22.7,22.75,22.65,22.65,26250,27.36702,1079250,1012.9,1010.0
2026-02-13 11:35:00,22.9,22.9,22.65,22.85,17250,27.373545,1081500,1013.25,1010.0
2026-02-13 11:36:00,22.55,22.85,22.4,22.4,17250,27.487598,1081500,1012.3,1010.0
2026-02-13 11:37:00,22.3,22.4,22.3,22.3,2250,26.794832,1081500,1013.0,1010.0
2026-02-13 11:38:00,22.65,22.65,22.25,22.25,27000,27.511891,1073250,1012.0,1010.0
2026-02-13 11:39:00,21.0,22.25,21.0,21.0,38250,26.750653,1073250,1010.7,1010.0
2026-02-13 11:40:00,21.0,21.0,20.8,20.8,25500,26.812074,1073250,1010.25,1010.0
2026-02-13 11:41:00,19.6,20.8,19.6,19.6,78750,26.724167,1088250,1008.1,1010.0
2026-02-13 11:42:00,18.95,19.6,18.8,19.4,96000,26.84445,1088250,1007.55,1010.0
2026-02-13 11:43:00,19.35,19.6,19.35,19.4,12000,26.590477,1088250,1007.9,1010.0
2026-02-13 11:44:00,19.4,19.4,19.4,19.4,0,26.18787,1071750,1008.45,1010.0
2026-02-13 11:45:00,20.05,20.5,19.4,20.35,77250,26.67269,1071750,1009.6,1010.0
2026-02-13 11:46:00,20.5,20.5,20.3,20.45,28500,26.701918,1071750,1009.75,1010.0
2026-02-13 11:47:00,20.55,20.55,20.45,20.55,27000,25.815494,1104750,1011.1,1010.0
2026-02-13 11:48:00,21.25,21.25,20.55,21.25,31500,27.302903,1104750,1010.45,1010.0
2026-02-13 11:49:00,20.75,21.25,20.75,20.75,13500,26.939475,1104750,1010.0,1010.0
2026-02-13 11:50:00,20.65,20.75,20.45,20.45,11250,26.81852,1119000,1009.6,1010.0
2026-02-13 11:51:00,20.55,20.55,20.45,20.55,4500,26.77243,1119000,1009.85,1010.0
2026-02-13 11:52:00,20.6,20.6,20.55,20.6,9000,26.768465,1119000,1009.95,1010.0
2026-02-13 11:53:00,20.6,20.6,19.7,19.7,21750,26.766497,1121250,1008.25,1010.0
2026-02-13 11:54:00,19.9,19.9,19.7,19.9,26250,27.049458,1121250,1008.25,1010.0
2026-02-13 11:55:00,19.55,19.9,19.55,19.55,5250,26.922807,1121250,1007.75,1010.0
2026-02-13 11:56:00,19.0,19.55,18.0,19.3,83250,26.680432,1104750,1007.6,1010.0
2026-02-13 11:57:00,19.3,20.0,19.15,20.0,18000,26.972392,1104750,1008.55,1010.0
2026-02-13 11:58:00,19.9,20.15,19.8,20.1,24750,27.445434,1104750,1008.1,1010.0
2026-02-13 11:59:00,20.0,20.2,20.0,20.2,30750,26.773904,1113750,1009.2,1010.0
2026-02-13 12:00:00,20.6,20.6,20.2,20.6,10500,26.813879,1113750,1009.9,1010.0
2026-02-13 12:01:00,20.55,20.6,20.0,20.0,18750,26.754154,1113750,1008.85,1010.0
2026-02-13 12:02:00,19.75,20.0,19.75,19.75,6000,26.513654,1116000,1008.7,1010.0
2026-02-13 12:03:00,20.0,20.0,19.75,20.0,18750,26.941212,1116000,1008.6,1010.0
2026-02-13 12:04:00,19.95,20.0,19.65,19.65,6750,26.448471,1116000,1008.6,1010.0
2026-02-13 12:05:00,19.25,19.65,19.2,19.2,10500,26.256059,1127250,1008.0,1010.0
2026-02-13 12:06:00,19.3,19.3,19.2,19.25,36000,25.700817,1127250,1008.85,1010.0
2026-02-13 12:07:00,19.35,19.35,19.25,19.35,17250,26.322866,1127250,1008.2,1010.0
2026-02-13 12:08:00,19.65,19.65,19.35,19.65,5250,27.258245,1116000,1007.5,1010.0
2026-02-13 12:09:00,19.35,19.65,19.15,19.15,41250,26.77118,1116000,1007.2,1010.0
2026-02-13 12:10:00,19.4,19.4,19.15,19.4,11250,26.943781,1116000,1007.45,1010.0
2026-02-13 12:11:00,19.4,19.4,19.3,19.3,8250,27.056955,1104750,1007.1,1010.0
2026-02-13 12:12:00,19.6,19.6,19.3,19.6,12750,26.826937,1104750,1008.0,1010.0
2026-02-13 12:13:00,19.7,19.7,19.6,19.7,5250,26.822303,1104750,1008.2,1010.0
2026-02-13 12:14:00,19.95,19.95,19.7,19.95,13500,27.065668,1106250,1008.35,1010.0
2026-02-13 12:15:00,20.0,20.0,19.95,20.0,9000,27.32089,1106250,1008.1,1010.0
2026-02-13 12:16:00,19.6,20.0,19.6,19.6,4500,26.573742,1106250,1008.35,1010.0
2026-02-13 12:17:00,19.8,19.8,19.4,19.4,13500,26.476223,1112250,1008.1,1010.0
2026-02-13 12:18:00,19.55,19.55,19.4,19.55,1500,26.652138,1112250,1008.15,1010.0
2026-02-13 12:19:00,19.4,19.75,19.4,19.75,7500,26.825065,1112250,1008.3,1010.0
2026-02-13 12:20:00,19.6,19.75,19.6,19.6,3000,26.577535,1113750,1008.35,1010.0
2026-02-13 12:21:00,20.2,20.2,19.6,20.2,3000,26.906805,1113750,1009.05,1010.0
2026-02-13 12:22:00,20.2,20.2,20.2,20.2,12000,27.241715,1113750,1008.6,1010.0
2026-02-13 12:23:00,19.65,20.2,19.25,19.25,15750,26.233506,1120500,1008.15,1010.0
2026-02-13 12:24:00,19.8,19.8,19.25,19.8,4500,26.716049,1120500,1008.55,1010.0
2026-02-13 12:25:00,19.5,19.8,19.4,19.4,32250,26.520449,1120500,1008.05,1010.0
2026-02-13 12:26:00,19.45,19.45,19.4,19.45,750,26.334662,1118250,1008.4,1010.0
2026-02-13 12:27:00,19.55,19.55,19.45,19.55,9000,26.106561,1118250,1008.9,1010.0
2026-02-13 12:28:00,19.5,19.55,19.3,19.3,29250,26.710827,1118250,1007.6,1010.0
2026-02-13 12:29:00,19.1,19.3,19.1,19.1,12750,26.611035,1117500,1007.35,1010.0
2026-02-13 12:30:00,19.25,19.25,19.1,19.25,13500,26.532846,1117500,1007.75,1010.0
2026-02-13 12:31:00,19.3,19.3,19.05,19.05,10500,26.469799,1117500,1007.45,1010.0
2026-02-13 12:32:00,19.0,19.05,19.0,19.0,13500,26.363842,1117500,1007.5,1010.0
2026-02-13 12:33:00,19.15,19.15,19.0,19.15,9000,26.35802,1117500,1007.8,1010.0
2026-02-13 12:34:00,19.35,19.35,19.15,19.35,14250,26.458381,1117500,1008.05,1010.0
2026-02-13 12:35:00,19.15,19.35,19.15,19.15,6000,27.726953,1113000,1005.9,1010.0
2026-02-13 12:36:00,18.95,19.15,18.95,19.05,63000,26.21966,1113000,1007.8,1010.0
2026-02-13 12:37:00,19.1,19.15,19.05,19.15,3000,26.361786,1113000,1007.8,1010.0
2026-02-13 12:38:00,19.3,19.3,19.15,19.3,15000,26.391564,1115250,1008.05,1010.0
2026-02-13 12:39:00,19.4,19.4,19.3,19.4,14250,26.570355,1115250,1008.0,1010.0
2026-02-13 12:40:00,19.45,19.45,19.4,19.45,4500,26.531859,1115250,1008.15,1010.0
2026-02-13 12:41:00,19.45,19.45,19.45,19.45,2250,26.679476,1122750,1007.95,1010.0
2026-02-13 12:42:00,19.5,19.5,19.45,19.5,6000,26.677754,1122750,1008.05,1010.0
2026-02-13 12:43:00,19.75,19.85,19.5,19.85,17250,26.396284,1122750,1009.1,1010.0
2026-02-13 12:44:00,19.8,19.85,19.8,19.8,6750,25.989469,1121250,1009.55,1010.0
2026-02-13 12:45:00,20.3,20.3,19.8,20.3,27750,26.470855,1121250,1009.85,1010.0
2026-02-13 12:46:00,20.6,20.6,20.3,20.5,21000,26.565247,1121250,1010.1,1010.0
2026-02-13 12:47:00,20.5,20.5,20.5,20.5,14250,26.566199,1130250,1010.1,1010.0
2026-02-13 12:48:00,20.65,20.65,20.5,20.65,15000,26.741279,1130250,1010.15,1010.0
2026-02-13 12:49:00,20.7,21.05,20.65,20.75,30750,26.921551,1130250,1010.1,1010.0
2026-02-13 12:50:00,20.3,20.75,20.3,20.3,11250,26.701702,1129500,1009.55,1010.0
2026-02-13 12:51:00,20.15,20.3,20.15,20.15,6750,26.264515,1129500,1009.85,1010.0
2026-02-13 12:52:00,19.95,20.15,19.95,20.0,14250,26.354763,1129500,1009.45,1010.0
2026-02-13 12:53:00,19.9,20.0,19.9,19.9,5250,26.364295,1133250,1009.25,1010.0
2026-02-13 12:54:00,20.05,20.05,19.9,20.0,14250,26.543949,1133250,1009.2,1010.0
2026-02-13 12:55:00,20.05,20.05,20.0,20.05,9750,26.240168,1133250,1009.7,1010.0
2026-02-13 12:56:00,20.15,20.15,20.05,20.15,6000,26.645559,1136250,1009.35,1010.0
2026-02-13 12:57:00,20.35,20.35,20.15,20.35,5250,26.325644,1136250,1010.15,1010.0
2026-02-13 12:58:00,20.6,20.6,20.35,20.55,12000,26.419167,1136250,1010.4,1010.0
2026-02-13 12:59:00,20.3,20.55,20.3,20.3,3000,26.142686,1140750,1010.3,1010.0
2026-02-13 13:00:00,20.65,20.7,20.3,20.7,15750,26.480483,1140750,1010.6,1010.0
2026-02-13 13:01:00,20.5,20.7,20.5,20.5,4500,26.5036,1140750,1010.2,1010.0
2026-02-13 13:02:00,20.4,20.5,20.3,20.3,27750,26.259653,1125000,1010.15,1010.0
2026-02-13 13:03:00,20.35,20.35,20.3,20.35,3750,26.064535,1125000,1010.5,1010.0
2026-02-13 13:04:00,20.5,20.65,20.35,20.65,36000,26.566362,1125000,1010.4,1010.0
2026-02-13 13:05:00,20.65,20.65,20.6,20.6,14250,26.267083,1122000,1010.7,1010.0
2026-02-13 13:06:00,20.6,20.6,20.55,20.55,21750,26.043532,1122000,1010.9,1010.0
2026-02-13 13:07:00,20.7,20.7,20.55,20.7,7500,25.792436,1122000,1011.5,1010.0
2026-02-13 13:08:00,21.05,21.05,20.7,20.85,45750,26.277427,1131000,1011.15,1010.0
2026-02-13 13:09:00,21.4,21.4,20.85,21.3,7500,26.25442,1131000,1012.0,1010.0
2026-02-13 13:10:00,21.45,21.45,21.3,21.45,12750,25.836117,1131000,1012.8,1010.0
2026-02-13 13:11:00,21.85,22.25,21.45,22.25,53250,26.374298,1130250,1013.55,1010.0
2026-02-13 13:12:00,17.35,18.15,17.0,18.0,143250,26.312055,1516500,1015.25,1020.0
2026-02-13 13:13:00,18.15,18.15,17.85,18.0,66750,26.417125,1516500,1015.1,1020.0
2026-02-13 13:14:00,18.0,18.2,17.9,18.2,44250,25.999529,1545000,1016.1,1020.0
2026-02-13 13:15:00,18.55,19.6,18.2,19.5,215250,26.169744,1545000,1018.4,1020.0
2026-02-13 13:16:00,19.65,20.6,19.5,19.55,255750,26.204092,1545000,1018.45,1020.0
2026-02-13 13:17:00,19.7,19.9,19.4,19.4,78000,25.958446,1554750,1018.5,1020.0
2026-02-13 13:18:00,19.35,20.15,18.95,19.9,159000,25.957951,1554750,1019.45,1020.0
2026-02-13 13:19:00,19.9,20.1,19.55,19.9,106500,26.181603,1554750,1019.15,1020.0
2026-02-13 13:20:00,19.8,19.9,19.35,19.55,78750,26.390465,1565250,1018.2,1020.0
2026-02-13 13:21:00,19.2,19.55,18.2,18.2,117000,25.723409,1565250,1016.5,1020.0
2026-02-13 13:22:00,18.2,18.75,17.8,18.75,112500,25.707649,1565250,1017.6,1020.0
2026-02-13 13:23:00,18.85,18.95,18.45,18.45,37500,25.933376,1516500,1016.7,1020.0
2026-02-13 13:24:00,18.35,18.45,18.15,18.2,22500,25.832372,1516500,1016.35,1020.0
2026-02-13 13:25:00,18.0,18.2,18.0,18.0,71250,25.694298,1516500,1016.15,1020.0
2026-02-13 13:26:00,17.8,18.0,17.8,17.8,17250,25.905504,1489500,1015.45,1020.0
2026-02-13 13:27:00,22.8,23.1,22.55,22.55,20250,25.963088,1005000,1014.6,1010.0
2026-02-13 13:28:00,17.5,17.5,17.4,17.5,46500,25.764477,1489500,1015.05,1020.0
2026-02-13 13:29:00,18.35,18.55,17.5,18.55,66750,25.972173,1492500,1016.85,1020.0
2026-02-13 13:30:00,18.7,19.0,18.55,18.6,48750,25.971759,1492500,1016.95,1020.0
2026-02-13 13:31:00,18.6,19.25,18.6,19.15,59250,26.20384,1492500,1017.7,1020.0
2026-02-13 13:32:00,19.15,19.15,18.7,19.0,25500,26.066986,1511250,1017.6,1020.0
2026-02-13 13:33:00,19.1,19.25,18.95,19.25,31500,25.542849,1511250,1018.8,1020.0
2026-02-13 13:34:00,19.95,19.95,19.25,19.95,76500,26.005742,1511250,1019.5,1020.0
2026-02-13 13:35:00,20.35,20.35,19.95,20.35,105000,26.938027,1519500,1019.0,1020.0
2026-02-13 13:36:00,19.65,20.35,19.65,20.2,107250,26.728861,1519500,1019.0,1020.0
2026-02-13 13:37:00,20.15,20.2,20.0,20.05,46500,26.740776,1519500,1018.7,1020.0
2026-02-13 13:38:00,19.85,20.05,19.85,19.85,33750,26.535039,1515000,1018.6,1020.0
2026-02-13 13:39:00,19.7,19.85,19.7,19.7,30750,26.61855,1515000,1018.2,1020.0
2026-02-13 13:40:00,19.6,19.7,19.55,19.55,54750,26.518661,1515000,1018.05,1020.0
2026-02-13 13:41:00,19.6,19.6,19.55,19.6,8250,26.553254,1512000,1018.1,1020.0
2026-02-13 13:42:00,19.65,19.65,19.6,19.65,20250,26.405256,1512000,1018.4,1020.0
2026-02-13 13:43:00,20.0,20.0,19.65,19.85,38250,26.832493,1512000,1018.2,1020.0
2026-02-13 13:44:00,19.55,19.85,19.5,19.5,21000,27.030824,1508250,1017.25,1020.0
2026-02-13 13:45:00,18.6,19.5,18.2,18.6,126750,26.16403,1508250,1016.7,1020.0
2026-02-13 13:46:00,19.2,19.25,18.6,18.95,33750,26.405559,1508250,1017.05,1020.0
2026-02-13 13:47:00,19.0,19.6,18.55,19.15,58500,26.073931,1487250,1017.9,1020.0
2026-02-13 13:48:00,19.1,19.2,18.95,19.1,18750,26.004815,1487250,1017.9,1020.0
2026-02-13 13:49:00,18.8,19.1,18.8,18.8,37500,25.874843,1487250,1017.5,1020.0
2026-02-13 13:50:00,18.75,18.8,18.65,18.65,31500,26.238795,1499250,1016.7,1020.0
2026-02-13 13:51:00,18.75,18.8,18.45,18.5,48750,25.636243,1499250,1017.25,1020.0
2026-02-13 13:52:00,18.8,19.0,18.5,19.0,22500,26.337848,1499250,1017.25,1020.0
2026-02-13 13:53:00,19.05,19.05,19.0,19.0,22500,26.660945,1508250,1016.8,1020.0
2026-02-13 13:54:00,19.15,19.15,19.0,19.15,9000,26.478048,1508250,1017.35,1020.0
2026-02-13 13:55:00,19.1,19.2,19.1,19.2,17250,26.620981,1508250,1017.25,1020.0
2026-02-13 13:56:00,19.4,19.4,19.2,19.4,14250,26.866297,1507500,1017.3,1020.0
2026-02-13 13:57:00,19.35,19.4,19.2,19.2,10500,26.658801,1507500,1017.2,1020.0
2026-02-13 13:58:00,18.85,19.2,18.85,18.85,12000,26.240909,1507500,1017.1,1020.0
2026-02-13 13:59:00,19.05,19.05,18.85,19.05,7500,26.126194,1506750,1017.65,1020.0
2026-02-13 14:00:00,19.15,19.15,19.05,19.15,22500,26.194909,1506750,1017.75,1020.0
2026-02-13 14:01:00,18.9,19.15,18.9,18.9,13500,26.170227,1506750,1017.3,1020.0
2026-02-13 14:02:00,18.85,18.9,18.65,18.65,64500,26.463233,1491750,1016.4,1020.0
2026-02-13 14:03:00,18.85,19.4,18.65,19.2,67500,25.867554,1491750,1018.3,1020.0
2026-02-13 14:04:00,19.2,19.4,19.2,19.4,4500,26.801987,1491750,1017.4,1020.0
2026-02-13 14:05:00,19.0,20.4,19.0,20.4,172500,24.759599,1452000,1022.0,1020.0
2026-02-13 14:06:00,21.5,21.8,20.4,21.45,273000,26.509733,1452000,1021.65,1020.0
2026-02-13 14:07:00,21.4,21.5,20.85,21.15,123750,26.435401,1452000,1021.2,1020.0
2026-02-13 14:08:00,21.2,21.25,20.7,20.75,62250,26.521857,1477500,1020.35,1020.0
2026-02-13 14:09:00,20.65,20.75,20.35,20.4,51000,26.818671,1477500,1019.3,1020.0
2026-02-13 14:10:00,19.75,20.4,19.75,19.75,57750,25.87077,1477500,1019.35,1020.0
2026-02-13 14:11:00,20.0,20.1,19.75,19.95,63750,26.337852,1459500,1019.1,1020.0
2026-02-13 14:12:00,20.0,20.2,19.9,19.95,33750,26.854367,1459500,1018.4,1020.0
2026-02-13 14:13:00,19.55,19.95,19.55,19.65,16500,27.089042,1459500,1017.5,1020.0
2026-02-13 14:14:00,19.2,19.65,18.7,18.9,57750,26.146458,1471500,1017.35,1020.0
2026-02-13 14:15:00,18.85,19.05,18.85,18.95,14250,26.397151,1471500,1017.1,1020.0
2026-02-13 14:16:00,18.8,18.95,18.6,18.6,20250,25.799558,1471500,1017.25,1020.0
2026-02-13 14:17:00,19.2,19.2,18.6,18.8,87750,26.045019,1485000,1017.3,1020.0
2026-02-13 14:18:00,18.7,18.95,18.7,18.9,30000,26.365706,1485000,1017.05,1020.0
2026-02-13 14:19:00,18.9,18.9,18.9,18.9,4500,25.680635,1485000,1018.0,1020.0
2026-02-13 14:20:00,19.6,19.6,18.9,19.45,59250,26.452895,1505250,1018.0,1020.0
2026-02-13 14:21:00,19.45,19.6,19.35,19.5,11250,26.81415,1505250,1017.6,1020.0
2026-02-13 14:22:00,19.4,19.5,18.8,18.8,39000,26.265029,1505250,1017.0,1020.0
2026-02-13 14:23:00,18.5,18.8,18.25,18.25,30750,25.351038,1475250,1017.2,1020.0
2026-02-13 14:24:00,19.35,19.35,18.25,18.9,45750,26.407201,1475250,1017.0,1020.0
2026-02-13 14:25:00,18.9,19.05,18.9,19.05,12750,26.367205,1475250,1017.35,1020.0
2026-02-13 14:26:00,19.1,19.1,19.05,19.05,20250,26.583712,1475250,1017.05,1020.0
2026-02-13 14:27:00,18.95,19.05,18.95,18.95,9000,26.551761,1475250,1016.9,1020.0
2026-02-13 14:28:00,19.1,19.15,18.95,19.15,11250,26.976178,1475250,1016.7,1020.0
2026-02-13 14:29:00,19.15,19.15,19.15,19.15,0,27.048399,1470750,1016.6,1020.0
2026-02-13 14:30:00,18.85,19.15,18.85,18.9,33750,26.627265,1470750,1016.7,1020.0
2026-02-13 14:31:00,18.85,18.9,18.85,18.85,6000,26.020199,1470750,1017.45,1020.0
2026-02-13 14:32:00,19.25,19.25,18.85,19.25,24750,26.54625,1477500,1017.5,1020.0
2026-02-13 14:33:00,19.4,19.4,19.25,19.4,12750,26.757659,1477500,1017.5,1020.0
2026-02-13 14:34:00,19.25,19.4,19.25,19.25,8250,26.620316,1477500,1017.4,1020.0
2026-02-13 14:35:00,19.8,19.8,19.25,19.8,12000,26.666069,1473750,1018.4,1020.0
2026-02-13 14:36:00,19.7,19.8,19.3,19.35,48750,26.29138,1473750,1018.05,1020.0
2026-02-13 14:37:00,19.4,19.45,19.2,19.2,11250,26.263659,1473750,1017.8,1020.0
2026-02-13 14:38:00,19.4,19.4,19.2,19.4,18000,26.180876,1455750,1018.3,1020.0
2026-02-13 14:39:00,19.75,19.75,19.4,19.65,37500,26.128359,1455750,1018.85,1020.0
2026-02-13 14:40:00,19.6,19.65,19.6,19.6,21000,26.16976,1455750,1018.7,1020.0
2026-02-13 14:41:00,20.05,20.05,19.6,20.05,69000,26.3582,1458000,1019.3,1020.0
2026-02-13 14:42:00,20.0,20.05,20.0,20.0,49500,26.511573,1458000,1019.0,1020.0
2026-02-13 14:43:00,19.55,20.0,19.55,19.55,11250,26.396114,1458000,1018.3,1020.0
2026-02-13 14:44:00,19.75,20.1,19.55,20.0,38250,26.328037,1467000,1019.25,1020.0
2026-02-13 14:45:00,19.95,20.0,19.9,19.9,8250,26.188583,1467000,1019.25,1020.0
2026-02-13 14:46:00,20.0,20.0,19.8,19.8,27000,26.345536,1467000,1018.85,1020.0
2026-02-13 14:47:00,19.65,19.95,19.6,19.95,85500,26.409124,1506750,1019.05,1020.0
2026-02-13 14:48:00,19.8,20.1,19.75,20.1,79500,26.32333,1506750,1019.45,1020.0
2026-02-13 14:49:00,20.05,20.1,19.85,20.0,7500,26.407075,1506750,1019.15,1020.0
2026-02-13 14:50:00,19.8,20.0,19.65,19.75,53250,25.982676,1506750,1019.25,1020.0
2026-02-13 14:51:00,19.75,19.75,19.7,19.7,33750,25.727042,1530000,1019.5,1020.0
2026-02-13 14:52:00,19.85,19.85,19.7,19.85,18000,26.78921,1530000,1018.35,1020.0
2026-02-13 14:53:00,19.2,19.85,19.2,19.2,37500,25.287407,1530000,1019.15,1020.0
2026-02-13 14:54:00,19.85,19.85,19.2,19.85,78000,26.05245,1511250,1019.35,1020.0
2026-02-13 14:55:00,19.8,19.85,19.8,19.8,8250,25.871252,1511250,1019.5,1020.0
2026-02-13 14:56:00,19.9,19.9,19.8,19.9,45750,25.900477,1511250,1019.65,1020.0
2026-02-13 14:57:00,20.2,20.2,19.9,20.2,42750,26.360323,1509750,1019.6,1020.0
2026-02-13 14:58:00,20.25,20.25,20.2,20.25,21000,26.468898,1509750,1019.55,1020.0
2026-02-13 14:59:00,20.4,20.4,20.1,20.2,22500,26.249884,1513500,1019.75,1020.0
2026-02-13 15:00:00,19.75,20.2,19.75,19.75,62250,25.805694,1513500,1019.5,1020.0
2026-02-13 15:01:00,19.9,19.9,19.7,19.75,46500,25.80663,1513500,1019.5,1020.0
2026-02-13 15:02:00,19.75,19.85,19.75,19.85,14250,26.097238,1513500,1019.3,1020.0
2026-02-13 15:03:00,19.75,19.85,19.75,19.75,22500,26.069242,1481250,1019.15,1020.0
2026-02-13 15:04:00,19.55,19.75,19.55,19.55,64500,25.789223,1481250,1019.15,1020.0
2026-02-13 15:05:00,19.3,19.55,19.05,19.3,164250,25.772025,1481250,1018.7,1020.0
2026-02-13 15:06:00,19.1,19.3,18.25,19.0,102750,25.864714,1422750,1018.0,1020.0
2026-02-13 15:07:00,18.85,19.25,18.8,19.2,69750,25.780653,1422750,1018.5,1020.0
2026-02-13 15:08:00,19.2,19.2,18.85,19.0,21750,25.537398,1422750,1018.45,1020.0
2026-02-13 15:09:00,19.0,19.3,19.0,19.25,39000,25.852752,1380000,1018.5,1020.0
2026-02-13 15:10:00,19.1,19.25,19.05,19.25,9750,25.743311,1380000,1018.65,1020.0
2026-02-13 15:11:00,19.3,19.3,19.25,19.3,15750,25.924861,1380000,1018.5,1020.0
2026-02-13 15:12:00,19.15,19.3,19.15,19.15,24000,25.715081,1353000,1018.5,1020.0
2026-02-13 15:13:00,19.25,19.25,19.1,19.1,41250,25.68251,1353000,1018.45,1020.0
2026-02-13 15:14:00,19.1,19.1,19.1,19.1,19500,25.793459,1353000,1018.3,1020.0
2026-02-13 15:15:00,19.2,19.2,19.05,19.05,32250,25.059645,1338750,1019.2,1020.0
2026-02-13 15:16:00,19.6,19.7,19.05,19.6,48000,25.721836,1338750,1019.35,1020.0
2026-02-13 15:17:00,19.5,19.7,19.5,19.55,53250,25.689765,1338750,1019.3,1020.0
2026-02-13 15:18:00,19.7,19.85,19.55,19.85,12000,25.208872,1339500,1020.5,1020.0
2026-02-13 15:19:00,20.1,20.1,19.85,19.9,108750,26.10904,1339500,1019.4,1020.0
2026-02-13 15:20:00,19.5,19.9,18.55,18.55,91500,25.788879,1339500,1017.25,1020.0
2026-02-13 15:21:00,18.5,19.95,17.45,19.95,129750,28.365823,1312500,1016.4,1020.0
2026-02-13 15:22:00,20.4,20.75,19.7,20.65,241500,23.420924,1312500,1024.2,1020.0
2026-02-13 15:23:00,15.85,16.75,15.75,16.5,99000,24.20407,939750,1025.05,1030.0
2026-02-13 15:24:00,16.5,16.9,16.15,16.9,96000,23.719825,930000,1026.55,1030.0
2026-02-13 15:25:00,16.9,17.2,16.0,16.9,172500,23.755872,930000,1026.5,1030.0
2026-02-13 15:26:00,16.9,18.75,16.8,17.9,219750,24.006932,930000,1028.1,1030.0
2026-02-13 15:27:00,18.1,19.15,17.65,18.8,126750,23.861935,927000,1030.0,1030.0
2026-02-13 15:28:00,18.75,18.9,18.0,18.5,75000,23.444706,927000,1030.0,1030.0
2026-02-13 15:29:00,18.45,18.95,18.15,18.65,86250,22.12345,927000,1032.0,1030.0
2026-02-16 09:15:00,21.05,23.3,18.35,22.45,143250,30.750881,1110750,1024.0,1020.0
2026-02-16 09:16:00,21.25,22.45,19.35,19.4,93750,28.487194,1136250,1021.0,1020.0
2026-02-16 09:17:00,19.45,19.85,17.4,17.4,136500,28.542852,1136250,1017.1,1020.0
2026-02-16 09:18:00,17.3,17.45,16.45,16.65,90750,28.138696,1136250,1016.1,1020.0
2026-02-16 09:19:00,16.7,18.75,16.65,18.75,70500,28.003609,1165500,1020.35,1020.0
2026-02-16 09:20:00,18.95,19.4,18.75,19.15,69750,27.781572,1165500,1021.35,1020.0
2026-02-16 09:21:00,19.4,19.9,19.15,19.4,42750,27.210938,1165500,1022.45,1020.0
2026-02-16 09:22:00,19.5,19.5,19.4,19.5,35250,28.39467,1207500,1021.3,1020.0
2026-02-16 09:23:00,19.05,19.5,19.05,19.05,21000,27.930134,1207500,1021.0,1020.0
2026-02-16 09:24:00,18.8,19.05,18.8,18.8,29250,27.744677,1207500,1020.75,1020.0
2026-02-16 09:25:00,18.6,18.8,18.6,18.6,20250,27.595962,1225500,1020.55,1020.0
2026-02-16 09:26:00,18.15,18.6,18.15,18.15,21000,27.171706,1225500,1020.2,1020.0
2026-02-16 09:27:00,18.1,18.15,18.1,18.1,15000,27.005904,1225500,1020.3,1020.0
2026-02-16 09:28:00,18.0,18.1,18.0,18.0,6000,25.440866,1227000,1021.9,1020.0
2026-02-16 09:29:00,19.35,19.35,18.0,19.25,48750,27.558053,1227000,1021.8,1020.0
2026-02-16 09:30:00,19.8,19.8,19.25,19.8,24000,27.239161,1227000,1023.15,1020.0
2026-02-16 09:31:00,19.55,19.8,19.55,19.55,10500,27.601709,1245750,1022.3,1020.0
2026-02-16 09:32:00,19.35,19.55,19.35,19.35,12750,26.873375,1245750,1022.75,1020.0
2026-02-16 09:33:00,20.15,20.15,19.35,20.15,14250,26.846447,1245750,1024.2,1020.0
2026-02-16 09:34:00,15.6,16.65,14.95,16.5,118500,26.948461,1011000,1026.95,1030.0
2026-02-16 09:35:00,16.2,16.5,15.75,16.05,67500,26.985913,1011000,1026.0,1030.0
2026-02-16 09:36:00,16.1,16.3,15.85,16.25,24000,26.910772,1011000,1026.5,1030.0
2026-02-16 09:37:00,16.15,17.3,16.1,16.9,167250,27.552775,1063500,1027.0,1030.0
2026-02-16 09:38:00,16.9,17.2,16.6,16.6,123750,27.234178,1063500,1026.8,1030.0
2026-02-16 09:39:00,16.65,16.75,16.0,16.15,85500,27.230337,1063500,1025.9,1030.0
2026-02-16 09:40:00,20.85,21.05,20.8,20.8,16500,27.49643,1361250,1024.65,1020.0
2026-02-16 09:41:00,20.3,20.8,20.3,20.3,66750,27.054904,1361250,1024.25,1020.0
2026-02-16 09:42:00,19.7,20.3,19.7,19.7,21000,26.495088,1361250,1023.8,1020.0
2026-02-16 09:43:00,19.45,19.7,19.45,19.45,33750,27.63375,1367250,1022.1,1020.0
2026-02-16 09:44:00,18.8,19.45,18.8,18.8,65250,26.93638,1367250,1021.7,1020.0
2026-02-16 09:45:00,18.9,18.9,18.75,18.75,29250,26.589573,1367250,1022.0,1020.0
2026-02-16 09:46:00,19.05,19.05,18.75,19.05,22500,26.629437,1357500,1022.5,1020.0
2026-02-16 09:47:00,18.25,19.05,18.25,18.25,10500,25.600953,1357500,1022.2,1020.0
2026-02-16 09:48:00,18.65,18.65,18.25,18.65,23250,26.875265,1357500,1021.5,1020.0
2026-02-16 09:49:00,18.15,18.65,18.15,18.15,27750,26.286383,1354500,1021.25,1020.0
2026-02-16 09:50:00,17.95,18.15,17.95,17.95,20250,26.619102,1354500,1020.5,1020.0
2026-02-16 09:51:00,17.75,17.95,17.75,17.75,20250,26.035237,1354500,1020.8,1020.0
2026-02-16 09:52:00,17.95,17.95,17.75,17.95,14250,26.967238,1358250,1020.1,1020.0
2026-02-16 09:53:00,18.45,18.45,17.95,18.45,10500,26.201849,1358250,1021.9,1020.0
2026-02-16 09:54:00,18.65,18.65,18.45,18.65,12000,26.527785,1358250,1021.9,1020.0
2026-02-16 09:55:00,18.6,18.65,18.55,18.55,18750,26.72194,1374750,1021.5,1020.0
2026-02-16 09:56:00,18.0,18.55,18.0,18.0,45000,26.533749,1374750,1020.7,1020.0
2026-02-16 09:57:00,18.65,19.15,18.0,19.0,61500,26.516909,1374750,1022.55,1020.0
2026-02-16 09:58:00,19.0,19.0,18.7,18.75,12750,26.337072,1424250,1022.3,1020.0
2026-02-16 09:59:00,18.75,18.75,18.75,18.75,9000,26.383261,1424250,1022.25,1020.0
2026-02-16 10:00:00,18.65,18.75,18.65,18.65,9750,27.110952,1424250,1021.25,1020.0
2026-02-16 10:01:00,18.35,18.65,18.35,18.35,15000,26.493425,1430250,1021.4,1020.0
2026-02-16 10:02:00,18.3,18.35,18.3,18.3,10500,26.413557,1430250,1021.4,1020.0
2026-02-16 10:03:00,18.3,18.3,18.3,18.3,0,25.791592,1430250,1022.1,1020.0
2026-02-16 10:04:00,18.55,18.55,18.3,18.55,14250,25.566664,1431000,1022.8,1020.0
2026-02-16 10:05:00,19.25,19.25,18.55,19.25,19500,26.113197,1431000,1023.45,1020.0
2026-02-16 10:06:00,19.2,19.25,19.2,19.2,18750,25.940644,1431000,1023.55,1020.0
2026-02-16 10:07:00,19.05,19.25,19.05,19.25,34500,26.11569,1461750,1023.45,1020.0
2026-02-16 10:08:00,19.0,19.25,19.0,19.0,29250,25.431265,1461750,1023.75,1020.0
2026-02-16 10:09:00,19.75,19.75,19.0,19.75,23250,25.578537,1461750,1024.9,1020.0
2026-02-16 10:10:00,19.85,19.85,19.4,19.4,29250,25.854537,1473750,1024.0,1020.0
2026-02-16 10:11:00,19.5,19.5,19.4,19.5,4500,26.711954,1473750,1023.25,1020.0
2026-02-16 10:12:00,19.45,19.5,19.45,19.45,15750,26.031864,1473750,1023.9,1020.0
2026-02-16 10:13:00,19.95,19.95,19.45,19.95,12750,25.959,1470750,1024.85,1020.0
2026-02-16 10:14:00,19.45,19.95,19.45,19.55,15000,25.635866,1470750,1024.5,1020.0
2026-02-16 10:15:00,19.7,19.7,19.55,19.7,3750,26.117641,1470750,1024.25,1020.0
2026-02-16 10:16:00,19.5,19.7,19.5,19.5,21000,25.838537,1483500,1024.2,1020.0
2026-02-16 10:17:00,15.3,15.3,14.95,15.3,52500,25.991718,1251750,1025.8,1030.0
2026-02-16 10:18:00,15.7,16.35,15.3,16.15,51000,26.280982,1251750,1027.15,1030.0
2026-02-16 10:19:00,16.0,17.15,16.0,16.95,101250,26.378194,1243500,1028.6,1030.0
2026-02-16 10:20:00,16.65,16.95,16.4,16.4,36750,26.115417,1243500,1027.85,1030.0
2026-02-16 10:21:00,16.3,16.6,16.15,16.5,29250,26.6032,1243500,1027.45,1030.0
2026-02-16 10:22:00,16.45,16.5,16.3,16.3,13500,26.647658,1278000,1027.0,1030.0
2026-02-16 10:23:00,16.2,16.3,16.2,16.2,26250,26.568919,1278000,1026.9,1030.0
2026-02-16 10:24:00,15.95,16.2,15.95,15.95,36000,26.289323,1278000,1026.75,1030.0
2026-02-16 10:25:00,15.9,15.95,15.9,15.9,8250,26.807819,1280250,1026.0,1030.0
2026-02-16 10:26:00,15.9,15.9,15.9,15.9,9000,26.769469,1280250,1026.05,1030.0
2026-02-16 10:27:00,15.7,15.9,15.7,15.7,9000,26.290679,1280250,1026.25,1030.0
2026-02-16 10:28:00,16.05,16.25,15.7,15.95,21750,26.13357,1281750,1026.95,1030.0
2026-02-16 10:29:00,16.5,16.5,15.95,16.5,17250,26.815918,1281750,1027.2,1030.0
2026-02-16 10:30:00,16.2,16.5,16.2,16.2,4500,27.256604,1281750,1026.05,1030.0
2026-02-16 10:31:00,16.25,16.25,16.2,16.25,6750,26.979932,1285500,1026.5,1030.0
2026-02-16 10:32:00,16.1,16.25,16.1,16.1,10500,26.700281,1285500,1026.55,1030.0
2026-02-16 10:33:00,16.25,16.25,16.1,16.25,3750,26.982457,1285500,1026.5,1030.0
2026-02-16 10:34:00,16.3,16.3,16.25,16.3,2250,27.103993,1288500,1026.45,1030.0
2026-02-16 10:35:00,16.1,16.3,16.1,16.1,20250,27.693441,1288500,1025.3,1030.0
2026-02-16 10:36:00,16.0,16.1,16.0,16.0,21000,26.863384,1288500,1026.15,1030.0
2026-02-16 10:37:00,16.0,16.0,16.0,16.0,9000,27.181288,1281750,1025.75,1030.0
2026-02-16 10:38:00,16.0,16.0,16.0,16.0,0,27.457956,1281750,1025.4,1030.0
2026-02-16 10:39:00,15.7,16.0,15.65,15.65,33750,26.856781,1281750,1025.45,1030.0
2026-02-16 10:40:00,16.0,16.0,15.65,16.0,8250,27.066583,1272750,1025.9,1030.0
2026-02-16 10:41:00,15.7,16.0,15.7,15.7,5250,26.703804,1272750,1025.75,1030.0
2026-02-16 10:42:00,15.8,15.8,15.7,15.8,3750,27.375897,1272750,1025.1,1030.0
2026-02-16 10:43:00,20.1,20.4,20.1,20.1,9000,26.100077,1474500,1025.0,1020.0
2026-02-16 10:44:00,15.3,15.35,15.3,15.3,11250,26.573181,1263750,1025.1,1030.0
2026-02-16 10:45:00,20.2,20.9,20.2,20.25,102000,26.821466,1474500,1024.5,1020.0
2026-02-16 10:46:00,20.0,20.25,19.5,19.5,47250,26.710625,1516500,1023.3,1020.0
2026-02-16 10:47:00,19.3,19.5,19.15,19.15,11250,26.461105,1516500,1022.95,1020.0
2026-02-16 10:48:00,19.15,19.15,19.1,19.1,4500,26.698946,1516500,1022.6,1020.0
2026-02-16 10:49:00,18.85,19.1,18.85,19.0,27750,26.582535,1512750,1022.55,1020.0
2026-02-16 10:50:00,19.15,19.15,19.0,19.15,21000,26.963597,1512750,1022.4,1020.0
2026-02-16 10:51:00,19.55,19.55,19.15,19.55,11250,26.890275,1512750,1023.2,1020.0
2026-02-16 10:52:00,19.45,19.55,19.45,19.45,17250,26.774132,1512750,1023.15,1020.0
2026-02-16 10:53:00,19.25,19.45,19.25,19.25,3750,26.586186,1512750,1023.0,1020.0
2026-02-16 10:54:00,19.5,19.5,19.25,19.5,3750,27.086352,1512750,1022.9,1020.0
2026-02-16 10:55:00,19.35,19.5,19.3,19.3,8250,27.124147,1512750,1022.5,1020.0
2026-02-16 10:56:00,19.3,19.3,19.3,19.3,3000,27.170547,1502250,1022.45,1020.0
2026-02-16 10:57:00,19.05,19.3,19.05,19.05,3000,27.124104,1502250,1022.05,1020.0
2026-02-16 10:58:00,19.45,19.45,19.05,19.45,3000,27.10087,1506000,1022.8,1020.0
2026-02-16 10:59:00,19.45,19.45,19.25,19.25,12750,27.047832,1506000,1022.5,1020.0
2026-02-16 11:00:00,19.4,19.4,19.25,19.4,3000,27.652951,1506000,1022.1,1020.0
2026-02-16 11:01:00,19.4,19.4,19.4,19.4,4500,28.143597,1507500,1021.55,1020.0
2026-02-16 11:02:00,18.85,19.4,18.85,18.85,23250,27.250498,1507500,1021.55,1020.0
2026-02-16 11:03:00,18.75,18.85,18.5,18.75,9750,26.955902,1507500,1021.7,1020.0
2026-02-16 11:04:00,18.8,18.95,18.75,18.95,3750,26.610478,1507500,1022.45,1020.0
2026-02-16 11:05:00,19.2,19.2,18.95,19.2,1500,26.792963,1515000,1022.7,1020.0
2026-02-16 11:06:00,19.25,19.25,19.1,19.1,2250,26.494716,1515000,1022.85,1020.0
2026-02-16 11:07:00,19.15,19.15,19.1,19.15,2250,26.895119,1513500,1022.5,1020.0
2026-02-16 11:08:00,19.15,19.4,19.15,19.4,6000,26.895677,1513500,1022.95,1020.0
2026-02-16 11:09:00,19.35,19.4,19.35,19.35,750,26.997347,1513500,1022.75,1020.0
2026-02-16 11:10:00,19.0,19.35,19.0,19.0,6000,26.834906,1514250,1022.3,1020.0
2026-02-16 11:11:00,19.0,19.0,19.0,19.0,3000,26.700877,1514250,1022.45,1020.0
2026-02-16 11:12:00,19.1,19.1,19.0,19.1,5250,27.000426,1514250,1022.3,1020.0
2026-02-16 11:13:00,18.8,19.1,18.8,18.8,4500,26.332052,1514250,1022.5,1020.0
2026-02-16 11:14:00,18.8,18.8,18.8,18.8,750,26.378562,1515000,1022.45,1020.0
2026-02-16 11:15:00,18.95,18.95,18.8,18.95,2250,26.804815,1515000,1022.25,1020.0
2026-02-16 11:16:00,18.8,18.95,18.8,18.8,2250,26.696462,1515750,1022.1,1020.0
2026-02-16 11:17:00,18.75,18.8,18.75,18.75,13500,26.571343,1515750,1022.15,1020.0
2026-02-16 11:18:00,18.8,18.8,18.75,18.8,6750,26.473969,1515750,1022.35,1020.0
2026-02-16 11:19:00,18.75,19.0,18.75,19.0,8250,26.210861,1517250,1023.0,1020.0
2026-02-16 11:20:00,19.05,19.05,19.0,19.05,7500,26.33952,1517250,1022.95,1020.0
2026-02-16 11:21:00,18.95,19.05,18.95,18.95,750,26.45083,1517250,1022.65,1020.0
2026-02-16 11:22:00,19.0,19.0,18.95,19.0,1500,26.624389,1517250,1022.55,1020.0
2026-02-16 11:23:00,18.75,19.0,18.75,18.85,6750,26.561833,1518750,1022.35,1020.0
2026-02-16 11:24:00,19.0,19.0,18.85,19.0,6000,26.490804,1518750,1022.7,1020.0
2026-02-16 11:25:00,18.95,19.0,18.95,18.95,1500,26.952399,1524000,1022.1,1020.0
2026-02-16 11:26:00,18.55,18.95,18.45,18.45,27750,26.048553,1524000,1022.2,1020.0
2026-02-16 11:27:00,18.45,18.45,18.45,18.45,2250,26.139844,1524000,1022.1,1020.0
2026-02-16 11:28:00,18.55,18.55,18.2,18.2,18750,25.868257,1531500,1021.95,1020.0
2026-02-16 11:29:00,18.15,18.2,18.15,18.15,4500,26.189906,1531500,1021.5,1020.0
2026-02-16 11:30:00,18.05,18.15,18.05,18.15,11250,25.923644,1531500,1021.8,1020.0
2026-02-16 11:31:00,17.8,18.15,17.8,17.8,12750,25.755564,1531500,1021.35,1020.0
2026-02-16 11:32:00,17.95,17.95,17.8,17.95,7500,26.089643,1531500,1021.25,1020.0
2026-02-16 11:33:00,17.95,17.95,17.95,17.95,7500,25.957967,1531500,1021.4,1020.0
2026-02-16 11:34:00,18.05,18.05,17.95,18.05,3750,25.988773,1535250,1021.55,1020.0
2026-02-16 11:35:00,17.95,18.05,17.95,17.95,2250,26.093379,1535250,1021.25,1020.0
2026-02-16 11:36:00,17.9,17.95,17.7,17.7,13500,25.643188,1535250,1021.3,1020.0
2026-02-16 11:37:00,17.95,17.95,17.7,17.95,5250,25.874059,1544250,1021.5,1020.0
2026-02-16 11:38:00,17.7,17.95,17.7,17.7,10500,25.556879,1544250,1021.4,1020.0
2026-02-16 11:39:00,17.65,17.7,17.6,17.6,1500,25.616799,1544250,1021.15,1020.0
2026-02-16 11:40:00,17.2,17.6,17.2,17.2,23250,26.826901,1542000,1019.0,1020.0
2026-02-16 11:41:00,16.65,17.2,16.35,16.55,60000,25.644673,1542000,1019.15,1020.0
2026-02-16 11:42:00,16.6,17.1,16.55,16.95,33750,25.912069,1542000,1019.6,1020.0
2026-02-16 11:43:00,17.0,17.05,16.7,16.7,30000,26.018141,1542000,1019.0,1020.0
2026-02-16 11:44:00,16.9,16.9,16.7,16.7,7500,25.849636,1542000,1019.2,1020.0
2026-02-16 11:45:00,16.7,16.7,16.7,16.7,12750,26.189696,1542000,1018.8,1020.0
2026-02-16 11:46:00,16.35,16.7,15.7,15.7,66000,26.423838,1551000,1016.55,1020.0
2026-02-16 11:47:00,16.0,16.25,15.7,15.9,115500,26.057503,1551000,1017.4,1020.0
2026-02-16 11:48:00,15.9,16.0,15.7,16.0,18000,25.891448,1551000,1017.8,1020.0
2026-02-16 11:49:00,16.0,16.0,15.9,15.95,5250,25.520709,1551000,1018.15,1020.0
2026-02-16 11:50:00,15.95,16.0,15.95,16.0,11250,26.100379,1551750,1017.55,1020.0
2026-02-16 11:51:00,15.65,16.0,15.65,15.65,12750,26.429521,1551750,1016.45,1020.0
2026-02-16 11:52:00,15.3,15.65,15.3,15.4,27000,26.144753,1551750,1016.3,1020.0
2026-02-16 11:53:00,15.5,15.75,15.3,15.65,20250,26.472372,1556250,1016.4,1020.0
2026-02-16 11:54:00,15.6,15.7,15.5,15.55,9750,26.230097,1556250,1016.5,1020.0
2026-02-16 11:55:00,15.5,15.55,15.5,15.5,1500,26.270993,1556250,1016.35,1020.0
2026-02-16 11:56:00,15.6,15.6,15.5,15.55,14250,25.82671,1569000,1017.0,1020.0
2026-02-16 11:57:00,15.75,15.9,15.55,15.9,14250,25.905172,1569000,1017.6,1020.0
2026-02-16 11:58:00,15.85,15.9,15.8,15.85,4500,25.783819,1569000,1017.65,1020.0
2026-02-16 11:59:00,16.0,16.1,15.85,16.1,22500,25.984695,1581750,1017.9,1020.0
2026-02-16 12:00:00,15.55,16.1,15.55,15.55,25500,26.237531,1581750,1016.5,1020.0
2026-02-16 12:01:00,15.55,15.55,15.5,15.5,11250,25.751466,1581750,1017.0,1020.0
2026-02-16 12:02:00,15.75,15.75,15.5,15.7,19500,26.24102,1611750,1016.8,1020.0
2026-02-16 12:03:00,15.75,15.75,15.6,15.6,9750,25.916649,1611750,1017.0,1020.0
2026-02-16 12:04:00,15.65,15.65,15.1,15.55,46500,26.684998,1611750,1015.95,1020.0
2026-02-16 12:05:00,20.25,20.25,20.25,20.25,0,26.73362,768750,1015.0,1010.0
2026-02-16 12:06:00,15.1,15.1,14.8,15.1,57000,26.629085,1632000,1015.1,1020.0
2026-02-16 12:07:00,14.95,15.15,14.9,14.9,12000,25.9877,1632000,1015.5,1020.0
2026-02-16 12:08:00,14.75,14.95,14.75,14.9,5250,25.630627,1639500,1015.95,1020.0
2026-02-16 12:09:00,14.95,14.95,14.9,14.95,21000,26.071711,1639500,1015.5,1020.0
2026-02-16 12:10:00,14.95,14.95,14.9,14.9,12000,25.951701,1639500,1015.55,1020.0
2026-02-16 12:11:00,14.9,14.9,14.75,14.75,19500,25.509446,1635000,1015.8,1020.0
2026-02-16 12:12:00,14.9,14.9,14.75,14.8,6000,26.028528,1635000,1015.25,1020.0
2026-02-16 12:13:00,19.15,19.5,19.1,19.1,13500,24.925394,774750,1014.9,1010.0
2026-02-16 12:14:00,19.1,19.1,19.1,19.1,0,25.023557,770250,1014.8,1010.0
2026-02-16 12:15:00,19.0,19.1,18.95,18.95,7500,25.064479,770250,1014.5,1010.0
2026-02-16 12:16:00,18.95,18.95,18.95,18.95,0,24.581531,770250,1015.0,1010.0
2026-02-16 12:17:00,14.55,14.85,14.2,14.85,21000,26.03723,1644000,1015.35,1020.0
2026-02-16 12:18:00,14.55,14.85,14.55,14.55,13500,25.430059,1644000,1015.5,1020.0
2026-02-16 12:19:00,19.25,19.5,19.25,19.25,6000,25.231214,765750,1014.85,1010.0
2026-02-16 12:20:00,19.35,19.35,19.2,19.2,7500,25.868447,765750,1014.1,1010.0
2026-02-16 12:21:00,18.95,19.2,18.95,18.95,7500,25.071802,765750,1014.5,1010.0
2026-02-16 12:22:00,18.9,18.95,18.9,18.9,750,24.74838,765750,1014.75,1010.0
2026-02-16 12:23:00,19.0,19.0,18.9,19.0,750,24.867842,763500,1014.8,1010.0
2026-02-16 12:24:00,19.0,19.0,19.0,19.0,750,25.158695,763500,1014.5,1010.0
2026-02-16 12:25:00,18.75,19.0,18.75,18.75,2250,24.983805,763500,1014.25,1010.0
2026-02-16 12:26:00,18.8,18.8,18.75,18.8,3000,24.58647,759750,1014.75,1010.0
2026-02-16 12:27:00,18.95,18.95,18.8,18.95,15000,24.789322,759750,1014.8,1010.0
2026-02-16 12:28:00,18.95,18.95,18.95,18.95,0,24.644717,759750,1014.95,1010.0
2026-02-16 12:29:00,19.0,19.0,18.85,18.85,8250,24.818625,761250,1014.6,1010.0
2026-02-16 12:30:00,19.4,19.4,18.85,19.35,24000,25.265986,761250,1015.0,1010.0
2026-02-16 12:31:00,14.6,14.6,14.5,14.6,1500,25.725191,1698750,1015.25,1020.0
2026-02-16 12:32:00,19.15,19.4,19.15,19.15,21000,25.273849,749250,1014.65,1010.0
2026-02-16 12:33:00,19.15,19.2,19.15,19.2,10500,25.116564,749250,1014.9,1010.0
2026-02-16 12:34:00,19.2,19.2,19.2,19.2,0,25.117788,749250,1014.9,1010.0
2026-02-16 12:35:00,14.35,14.45,14.25,14.25,10500,25.237003,1714500,1015.15,1020.0
2026-02-16 12:36:00,19.1,19.1,19.05,19.1,6000,25.243678,747750,1014.6,1010.0
2026-02-16 12:37:00,19.0,19.1,19.0,19.0,9750,24.981711,747750,1014.7,1010.0
2026-02-16 12:38:00,18.85,19.0,18.7,18.7,6750,25.155168,755250,1014.0,1010.0
2026-02-16 12:39:00,18.7,18.7,18.7,18.7,0,25.298891,755250,1013.85,1010.0
2026-02-16 12:40:00,18.4,18.7,18.4,18.4,6000,25.367489,755250,1013.25,1010.0
2026-02-16 12:41:00,18.35,18.4,18.35,18.35,1500,25.472609,754500,1013.05,1010.0
2026-02-16 12:42:00,18.0,18.35,18.0,18.0,5250,25.26554,754500,1012.65,1010.0
2026-02-16 12:43:00,18.0,18.05,18.0,18.05,3000,25.024611,754500,1013.0,1010.0
2026-02-16 12:44:00,18.1,18.1,18.05,18.1,6000,25.571842,756000,1012.5,1010.0
2026-02-16 12:45:00,17.9,18.1,17.85,17.85,24750,25.020916,756000,1012.65,1010.0
2026-02-16 12:46:00,17.85,17.85,17.85,17.85,0,24.743426,756000,1012.95,1010.0
2026-02-16 12:47:00,17.85,17.85,17.85,17.85,0,24.604473,759750,1013.1,1010.0
2026-02-16 12:48:00,18.0,18.0,17.85,18.0,3750,25.272883,759750,1012.65,1010.0
2026-02-16 12:49:00,17.9,18.0,17.9,17.9,1500,25.522688,759750,1012.2,1010.0
2026-02-16 12:50:00,17.4,17.9,17.4,17.4,6000,24.88022,762000,1012.0,1010.0
2026-02-16 12:51:00,17.35,17.45,17.35,17.45,30000,24.597008,762000,1012.4,1010.0
2026-02-16 12:52:00,17.95,18.3,17.45,18.3,9750,24.981418,762000,1013.5,1010.0
2026-02-16 12:53:00,18.35,18.35,18.3,18.35,2250,25.533989,756750,1013.0,1010.0
2026-02-16 12:54:00,18.05,18.35,18.05,18.05,7500,24.757098,756750,1013.3,1010.0
2026-02-16 12:55:00,18.2,18.2,18.05,18.2,21000,25.287857,756750,1013.0,1010.0
2026-02-16 12:56:00,18.1,18.2,18.1,18.1,3000,25.724602,757500,1012.35,1010.0
2026-02-16 12:57:00,17.45,18.1,17.1,17.1,21750,24.80211,757500,1011.55,1010.0
2026-02-16 12:58:00,16.5,17.1,16.5,16.65,30750,24.95625,757500,1010.55,1010.0
2026-02-16 12:59:00,16.75,16.75,16.65,16.75,10500,25.562803,762750,1010.05,1010.0
2026-02-16 13:00:00,16.75,16.75,16.75,16.75,2250,25.30032,762750,1010.35,1010.0
2026-02-16 13:01:00,16.85,16.85,16.75,16.8,4500,24.446988,762750,1011.4,1010.0
2026-02-16 13:02:00,17.1,17.1,16.8,17.1,17250,25.30287,769500,1011.0,1010.0
2026-02-16 13:03:00,17.15,17.15,17.1,17.15,4500,25.16253,769500,1011.25,1010.0
2026-02-16 13:04:00,16.95,17.15,16.95,16.95,3750,25.057768,769500,1011.0,1010.0
2026-02-16 13:05:00,16.75,16.95,16.75,16.9,3750,25.861159,779250,1010.0,1010.0
2026-02-16 13:06:00,16.6,16.9,16.6,16.6,3000,25.192465,779250,1010.2,1010.0
2026-02-16 13:07:00,16.65,16.65,16.6,16.65,1500,24.833927,779250,1010.7,1010.0
2026-02-16 13:08:00,16.65,16.65,16.65,16.65,0,24.835128,779250,1010.7,1010.0
2026-02-16 13:09:00,16.75,16.8,16.65,16.8,5250,25.083817,780750,1010.7,1010.0
2026-02-16 13:10:00,17.2,17.2,16.8,17.2,750,24.937727,780750,1011.6,1010.0
2026-02-16 13:11:00,17.0,17.2,17.0,17.0,8250,25.681887,785250,1010.4,1010.0
2026-02-16 13:12:00,17.0,17.0,16.95,16.95,8250,25.37936,785250,1010.65,1010.0
2026-02-16 13:13:00,16.95,16.95,16.95,16.95,0,25.424948,785250,1010.6,1010.0
2026-02-16 13:14:00,16.7,16.95,16.7,16.7,9000,25.32308,784500,1010.25,1010.0
2026-02-16 13:15:00,16.55,16.7,16.55,16.55,5250,25.120941,784500,1010.2,1010.0
2026-02-16 13:16:00,16.7,16.7,16.55,16.6,7500,24.939776,784500,1010.5,1010.0
2026-02-16 13:17:00,16.75,16.75,16.6,16.75,2250,25.232713,784500,1010.45,1010.0
2026-02-16 13:18:00,16.75,16.75,16.75,16.75,0,25.189684,791250,1010.5,1010.0
2026-02-16 13:19:00,16.5,16.75,16.5,16.5,9000,25.218974,791250,1010.0,1010.0
2026-02-16 13:20:00,16.5,16.5,16.5,16.5,750,25.220191,796500,1010.0,1010.0
2026-02-16 13:21:00,16.5,16.5,16.5,16.5,3000,25.396311,796500,1009.8,1010.0
2026-02-16 13:22:00,16.05,16.5,16.05,16.05,3750,24.916705,796500,1009.5,1010.0
2026-02-16 13:23:00,16.35,16.35,16.05,16.05,14250,25.091099,801750,1009.3,1010.0
2026-02-16 13:24:00,16.05,16.05,16.05,16.05,0,25.35074,801750,1009.0,1010.0
2026-02-16 13:25:00,16.05,16.05,16.0,16.0,11250,25.483706,801750,1008.75,1010.0
2026-02-16 13:26:00,15.95,16.0,15.95,15.95,750,24.669738,801750,1009.6,1010.0
2026-02-16 13:27:00,16.1,16.1,15.95,16.1,4500,25.736335,804750,1008.65,1010.0
2026-02-16 13:28:00,16.0,16.1,16.0,16.0,4500,25.358998,804750,1008.9,1010.0
2026-02-16 13:29:00,16.0,16.0,16.0,16.0,2250,24.842673,808500,1009.5,1010.0
2026-02-16 13:30:00,16.15,16.15,16.0,16.0,4500,25.275627,808500,1009.0,1010.0
2026-02-16 13:31:00,15.95,16.0,15.6,15.6,9750,24.959665,808500,1008.6,1010.0
2026-02-16 13:32:00,15.4,15.6,15.35,15.45,6750,25.724006,818250,1007.4,1010.0
2026-02-16 13:33:00,15.35,15.45,15.35,15.35,1500,25.058134,818250,1008.0,1010.0
2026-02-16 13:34:00,15.35,15.35,15.35,15.35,0,25.269301,818250,1007.75,1010.0
2026-02-16 13:35:00,15.35,15.45,15.35,15.45,10500,25.351541,820500,1007.85,1010.0
2026-02-16 13:36:00,15.35,15.5,15.35,15.5,6750,25.477165,820500,1007.8,1010.0
2026-02-16 13:37:00,15.6,15.6,15.5,15.6,3000,25.977576,820500,1007.4,1010.0
2026-02-16 13:38:00,15.35,15.6,15.35,15.4,18750,25.020104,820500,1008.15,1010.0
2026-02-16 13:39:00,15.4,15.4,15.4,15.4,0,25.147813,821250,1008.0,1010.0
2026-02-16 13:40:00,15.35,15.4,15.3,15.3,3750,25.319618,821250,1007.6,1010.0
2026-02-16 13:41:00,15.55,15.55,15.3,15.55,1500,25.52377,823500,1007.85,1010.0
2026-02-16 13:42:00,15.55,15.55,15.55,15.55,0,25.608893,823500,1007.75,1010.0
2026-02-16 13:43:00,15.3,15.55,15.3,15.3,8250,25.365022,823500,1007.55,1010.0
2026-02-16 13:44:00,15.35,15.35,15.3,15.35,1500,25.406962,823500,1007.6,1010.0
2026-02-16 13:45:00,15.45,15.45,15.35,15.45,3750,25.823188,828750,1007.3,1010.0
2026-02-16 13:46:00,15.45,15.45,15.45,15.45,0,25.364919,828750,1007.85,1010.0
2026-02-16 13:47:00,15.55,15.55,15.45,15.55,31500,25.615029,831000,1007.75,1010.0
2026-02-16 13:48:00,15.35,15.55,15.35,15.35,81000,25.951779,831000,1006.95,1010.0
2026-02-16 13:49:00,15.35,15.35,15.35,15.35,55500,26.158981,831000,1006.7,1010.0
2026-02-16 13:50:00,15.35,15.5,15.35,15.5,3750,26.16059,936750,1007.0,1010.0
2026-02-16 13:51:00,15.25,15.5,15.25,15.25,1500,26.3239,936750,1006.3,1010.0
2026-02-16 13:52:00,14.95,15.25,14.95,15.0,21750,26.115479,936750,1006.05,1010.0
2026-02-16 13:53:00,14.8,15.0,14.8,14.8,27000,25.948111,952500,1005.85,1010.0
2026-02-16 13:54:00,14.7,14.8,14.7,14.7,14250,26.306488,952500,1005.2,1010.0
2026-02-16 13:55:00,15.4,15.5,14.7,15.15,21750,26.204431,952500,1006.25,1010.0
2026-02-16 13:56:00,15.05,15.15,15.05,15.05,3750,26.324786,950250,1005.9,1010.0
2026-02-16 13:57:00,15.05,15.05,15.05,15.05,2250,26.204365,950250,1006.05,1010.0
2026-02-16 13:58:00,15.05,15.05,14.9,14.9,5250,26.079222,950250,1005.9,1010.0
2026-02-16 13:59:00,14.8,14.9,14.75,14.75,6750,25.872826,950250,1005.85,1010.0
2026-02-16 14:00:00,14.8,14.85,14.75,14.85,12000,26.1203,950250,1005.75,1010.0
2026-02-16 14:01:00,14.8,15.15,14.8,15.15,15000,25.966649,950250,1006.55,1010.0
2026-02-16 14:02:00,15.05,15.15,15.05,15.05,1500,25.761636,944250,1006.6,1010.0
2026-02-16 14:03:00,15.1,15.1,15.05,15.1,6000,25.968397,944250,1006.45,1010.0
2026-02-16 14:04:00,15.15,15.25,15.1,15.25,11250,26.176625,944250,1006.5,1010.0
2026-02-16 14:05:00,15.1,15.25,15.1,15.1,2250,25.929941,944250,1006.5,1010.0
2026-02-16 14:06:00,15.25,15.5,15.1,15.5,17250,26.01483,953250,1007.2,1010.0
2026-02-16 14:07:00,15.3,15.5,15.3,15.35,10500,25.934019,953250,1007.0,1010.0
2026-02-16 14:08:00,15.3,15.35,15.3,15.3,1500,26.387047,960750,1006.35,1010.0
2026-02-16 14:09:00,15.0,15.3,14.95,15.05,4500,26.015761,960750,1006.3,1010.0
2026-02-16 14:10:00,15.0,15.05,15.0,15.0,1500,26.178496,960750,1006.0,1010.0
2026-02-16 14:11:00,15.0,15.0,14.95,14.95,5250,25.689382,967500,1006.5,1010.0
2026-02-16 14:12:00,15.2,15.2,14.95,15.0,2250,26.099737,967500,1006.1,1010.0
2026-02-16 14:13:00,15.0,15.0,15.0,15.0,0,26.18224,967500,1006.0,1010.0
2026-02-16 14:14:00,14.95,15.0,14.95,14.95,36750,26.464643,990000,1005.55,1010.0
2026-02-16 14:15:00,14.8,14.95,14.75,14.75,56250,26.535504,990000,1005.05,1010.0
2026-02-16 14:16:00,19.7,19.75,19.7,19.7,6750,26.606601,3123000,1004.65,1000.0
2026-02-16 14:17:00,14.85,14.85,14.85,14.85,6000,26.503723,1021500,1005.3,1010.0
2026-02-16 14:18:00,14.9,14.9,14.85,14.85,7500,26.50498,1021500,1005.3,1010.0
2026-02-16 14:19:00,20.1,20.1,19.5,19.5,13500,26.321561,3127500,1004.6,1000.0
2026-02-16 14:20:00,19.55,19.55,19.5,19.55,18750,26.407243,3142500,1004.6,1000.0
2026-02-16 14:21:00,19.2,19.55,19.2,19.55,42000,26.213489,3142500,1004.8,1000.0
2026-02-16 14:22:00,19.6,19.6,19.55,19.6,3000,26.494215,3142500,1004.6,1000.0
2026-02-16 14:23:00,19.6,19.6,19.6,19.6,3000,26.104546,3142500,1005.0,1000.0
2026-02-16 14:24:00,19.6,19.6,19.6,19.6,0,26.20395,3142500,1004.9,1000.0
2026-02-16 14:25:00,19.4,19.6,19.4,19.4,5250,25.916095,3144000,1004.85,1000.0
2026-02-16 14:26:00,19.3,19.4,19.3,19.3,12000,25.649969,3153000,1004.95,1000.0
2026-02-16 14:27:00,19.6,19.7,19.3,19.7,81000,26.37685,3153000,1004.9,1000.0
2026-02-16 14:28:00,19.85,19.85,19.7,19.85,1500,26.533752,3153000,1005.0,1000.0
2026-02-16 14:29:00,14.8,14.8,14.7,14.8,4500,26.435968,1032000,1005.3,1010.0
2026-02-16 14:30:00,15.05,15.05,14.8,15.05,16500,26.610173,1032000,1005.6,1010.0
2026-02-16 14:31:00,14.9,15.05,14.9,14.9,8250,26.322551,1032000,1005.65,1010.0
2026-02-16 14:32:00,14.9,15.0,14.9,15.0,3750,26.408668,1032000,1005.75,1010.0
2026-02-16 14:33:00,15.65,15.65,15.0,15.65,13500,25.372525,1039500,1008.3,1010.0
2026-02-16 14:34:00,16.25,16.6,15.65,16.55,67500,26.090351,1039500,1009.2,1010.0
2026-02-16 14:35:00,16.5,17.05,16.5,16.9,45000,26.192405,1055250,1009.75,1010.0
2026-02-16 14:36:00,16.9,16.9,16.85,16.85,1500,26.241825,1055250,1009.6,1010.0
2026-02-16 14:37:00,17.15,17.15,16.85,16.95,38250,26.058668,1055250,1010.0,1010.0
2026-02-16 14:38:00,16.85,16.95,16.75,16.75,36750,25.860628,1062750,1009.85,1010.0
2026-02-16 14:39:00,16.85,17.0,16.75,17.0,17250,26.055999,1062750,1010.1,1010.0
2026-02-16 14:40:00,17.15,17.25,17.0,17.25,92250,26.733924,1062750,1009.8,1010.0
2026-02-16 14:41:00,17.6,17.7,17.25,17.35,61500,26.900617,1062750,1009.8,1010.0
2026-02-16 14:42:00,17.15,17.35,16.8,16.95,11250,26.45834,1067250,1009.55,1010.0
2026-02-16 14:43:00,17.15,17.15,16.95,17.1,20250,26.226512,1067250,1010.1,1010.0
2026-02-16 14:44:00,17.1,17.1,17.1,17.1,10500,26.139695,1067250,1010.2,1010.0
2026-02-16 14:45:00,17.15,17.15,17.1,17.15,10500,26.836458,1065000,1009.5,1010.0
2026-02-16 14:46:00,17.0,17.25,17.0,17.25,11250,26.610296,1065000,1009.95,1010.0
2026-02-16 14:47:00,17.05,17.25,17.05,17.05,6750,26.368273,1065750,1009.85,1010.0
2026-02-16 14:48:00,17.25,17.25,17.05,17.25,16500,26.568985,1065750,1010.0,1010.0
2026-02-16 14:49:00,17.35,17.35,17.25,17.35,16500,26.383182,1065750,1010.4,1010.0
2026-02-16 14:50:00,17.4,17.4,17.35,17.35,27750,26.028889,1076250,1010.8,1010.0
2026-02-16 14:51:00,17.35,17.35,17.35,17.35,8250,26.030149,1076250,1010.8,1010.0
2026-02-16 14:52:00,17.15,17.35,17.15,17.15,12750,26.408594,1076250,1010.0,1010.0
2026-02-16 14:53:00,16.75,17.15,16.75,16.75,15750,25.703777,1076250,1010.05,1010.0
2026-02-16 14:54:00,16.8,16.8,16.75,16.8,16500,25.787797,1066500,1010.05,1010.0
2026-02-16 14:55:00,17.0,17.0,16.8,17.0,3000,26.339462,1066500,1009.8,1010.0
2026-02-16 14:56:00,17.45,17.45,17.0,17.45,155250,25.888534,1065000,1011.15,1010.0
2026-02-16 14:57:00,17.5,17.5,17.45,17.5,23250,25.701963,1065000,1011.45,1010.0
2026-02-16 14:58:00,17.4,17.5,17.4,17.4,6000,26.032458,1065000,1010.9,1010.0
2026-02-16 14:59:00,17.2,17.4,17.2,17.2,3750,25.342395,1065000,1011.3,1010.0
2026-02-16 15:00:00,17.55,17.55,17.2,17.55,5250,25.743386,973500,1011.5,1010.0
2026-02-16 15:01:00,17.45,17.55,17.45,17.45,16500,25.578673,973500,1011.5,1010.0
2026-02-16 15:02:00,17.35,17.45,17.35,17.35,6750,25.685191,973500,1011.2,1010.0
2026-02-16 15:03:00,17.35,17.35,17.35,17.35,4500,25.415177,977250,1011.5,1010.0
2026-02-16 15:04:00,17.85,17.85,17.35,17.85,20250,25.928129,977250,1011.85,1010.0
2026-02-16 15:05:00,17.55,17.85,17.4,17.55,17250,25.613423,958500,1011.65,1010.0
2026-02-16 15:06:00,17.7,17.95,17.55,17.95,25500,25.684062,958500,1012.3,1010.0
2026-02-16 15:07:00,18.0,18.05,17.95,18.05,19500,25.666881,958500,1012.5,1010.0
2026-02-16 15:08:00,18.0,18.05,17.9,17.9,17250,25.511075,958500,1012.4,1010.0
2026-02-16 15:09:00,17.9,17.9,17.8,17.8,4500,25.113972,936000,1012.65,1010.0
2026-02-16 15:10:00,17.55,17.85,17.55,17.85,6750,25.011915,936000,1012.85,1010.0
2026-02-16 15:11:00,18.15,18.4,17.85,18.4,10500,25.318865,936000,1013.5,1010.0
2026-02-16 15:12:00,18.2,18.4,18.2,18.2,12000,25.410499,929250,1013.05,1010.0
2026-02-16 15:13:00,18.0,18.2,18.0,18.0,4500,25.544844,929250,1012.55,1010.0
2026-02-16 15:14:00,17.85,18.0,17.85,17.85,1500,25.156855,929250,1012.7,1010.0
2026-02-16 15:15:00,18.0,18.0,17.85,18.0,1500,25.314752,924750,1012.8,1010.0
2026-02-16 15:16:00,18.0,18.0,18.0,18.0,7500,25.128875,924750,1013.0,1010.0
2026-02-16 15:17:00,18.0,18.0,18.0,18.0,3750,25.223788,924750,1012.9,1010.0
2026-02-16 15:18:00,18.1,18.1,18.0,18.0,9750,25.318476,919500,1012.8,1010.0
2026-02-16 15:19:00,17.8,18.0,17.8,17.8,6750,24.986375,919500,1012.8,1010.0
2026-02-16 15:20:00,17.9,17.9,17.8,17.9,5250,25.013926,919500,1012.95,1010.0
2026-02-16 15:21:00,18.0,18.0,17.9,18.0,6000,25.135049,911250,1013.0,1010.0
2026-02-16 15:22:00,17.75,18.0,17.75,17.75,16500,24.95342,911250,1012.75,1010.0
2026-02-16 15:23:00,17.7,18.15,17.7,18.15,19500,24.916099,911250,1013.5,1010.0
2026-02-16 15:24:00,18.0,18.3,17.95,18.2,9000,25.000882,895500,1013.5,1010.0
2026-02-16 15:25:00,18.15,18.3,18.1,18.2,17250,24.907091,895500,1013.6,1010.0
2026-02-16 15:26:00,18.25,18.35,18.2,18.2,6000,24.908319,895500,1013.6,1010.0
2026-02-16 15:27:00,18.4,18.4,18.2,18.25,6000,25.08814,890250,1013.5,1010.0
2026-02-16 15:28:00,18.1,18.25,18.1,18.1,7500,25.776508,890250,1012.5,1010.0
2026-02-16 15:29:00,17.9,18.15,17.9,18.15,24750,25.395178,890250,1013.0,1010.0
2026-02-17 09:15:00,17.9,17.9,14.15,14.6,39750,25.595578,881250,1007.65,1010.0
2026-02-17 09:16:00,15.25,16.0,14.6,15.7,18000,26.307751,888000,1009.0,1010.0
2026-02-17 09:17:00,15.75,15.8,14.85,14.85,17250,25.59221,888000,1008.15,1010.0
2026-02-17 09:18:00,14.75,15.5,14.55,15.5,20250,25.282089,888000,1009.75,1010.0
2026-02-17 09:19:00,15.4,15.5,14.9,14.9,3000,24.651351,888000,1009.3,1010.0
2026-02-17 09:20:00,14.65,14.9,14.25,14.5,14250,24.855462,888000,1008.3,1010.0
2026-02-17 09:21:00,14.55,14.55,14.5,14.55,11250,25.822352,888000,1007.3,1010.0
2026-02-17 09:22:00,14.0,14.55,14.0,14.0,17250,25.17101,889500,1006.95,1010.0
2026-02-17 09:23:00,13.85,14.0,13.85,13.85,110250,24.997733,889500,1006.85,1010.0
2026-02-17 09:24:00,13.25,13.85,13.25,13.25,13500,24.553232,889500,1006.15,1010.0
2026-02-17 09:25:00,13.65,13.65,13.25,13.65,6000,24.133028,945750,1007.45,1010.0
2026-02-17 09:26:00,14.05,14.05,13.65,14.05,6750,25.220082,945750,1007.0,1010.0
2026-02-17 09:27:00,13.8,14.05,13.8,13.8,19500,25.429688,945750,1006.25,1010.0
2026-02-17 09:28:00,13.65,13.8,13.65,13.65,41250,24.999431,966000,1006.45,1010.0
2026-02-17 09:29:00,13.45,13.65,13.45,13.45,7500,24.950385,966000,1006.1,1010.0
2026-02-17 09:30:00,13.0,13.45,13.0,13.0,12750,24.672836,966000,1005.5,1010.0
2026-02-17 09:31:00,17.5,17.75,17.5,17.5,16500,24.200532,2644500,1004.75,1000.0
2026-02-17 09:32:00,17.35,17.5,17.35,17.35,4500,23.672281,2644500,1005.0,1000.0
2026-02-17 09:33:00,12.75,12.75,12.75,12.75,0,24.073236,990750,1005.7,1010.0
2026-02-17 09:34:00,12.75,12.75,12.75,12.75,0,23.90639,992250,1005.9,1010.0
2026-02-17 09:35:00,12.75,12.75,12.75,12.75,19500,24.201454,992250,1005.55,1010.0
2026-02-17 09:36:00,17.4,17.55,17.4,17.4,7500,24.236803,2643750,1004.55,1000.0
2026-02-17 09:37:00,17.4,17.4,17.4,17.4,12000,23.925535,2652000,1004.85,1000.0
2026-02-17 09:38:00,12.7,12.7,12.4,12.7,3000,24.076227,1005000,1005.6,1010.0
2026-02-17 09:39:00,17.7,17.7,17.6,17.7,2250,24.619684,2652000,1004.7,1000.0
2026-02-17 09:40:00,12.4,12.9,12.4,12.65,4500,24.033393,1008000,1005.55,1010.0
2026-02-17 09:41:00,12.6,12.65,12.6,12.6,2250,24.155977,1008000,1005.3,1010.0
2026-02-17 09:42:00,12.65,12.65,12.6,12.65,4500,24.24455,1008000,1005.3,1010.0
2026-02-17 09:43:00,12.5,12.75,12.5,12.75,21000,24.001977,1008000,1005.8,1010.0
2026-02-17 09:44:00,12.7,12.75,12.7,12.7,9000,23.493579,1002750,1006.3,1010.0
2026-02-17 09:45:00,13.35,13.35,12.7,13.35,12750,23.593278,1002750,1007.5,1010.0
2026-02-17 09:46:00,13.7,13.7,13.35,13.5,7500,23.811791,1005750,1007.55,1010.0
2026-02-17 09:47:00,13.5,13.5,13.5,13.5,7500,24.290836,1005750,1007.0,1010.0
2026-02-17 09:48:00,13.6,13.6,13.5,13.6,6000,23.944567,1005750,1007.6,1010.0
2026-02-17 09:49:00,13.6,13.6,13.6,13.6,0,23.417458,1005750,1008.2,1010.0
2026-02-17 09:50:00,13.95,13.95,13.6,13.95,9000,24.292542,1010250,1007.9,1010.0
2026-02-17 09:51:00,14.0,14.0,13.95,14.0,6000,24.644286,1010250,1007.6,1010.0
2026-02-17 09:52:00,13.75,14.0,13.75,13.75,6750,23.726419,1014750,1008.15,1010.0
2026-02-17 09:53:00,13.8,13.85,13.75,13.85,5250,23.768528,1014750,1008.3,1010.0
2026-02-17 09:54:00,13.8,13.85,13.8,13.8,1500,23.727248,1014750,1008.25,1010.0
2026-02-17 09:55:00,13.8,13.8,13.6,13.6,6000,24.040929,1018500,1007.5,1010.0
2026-02-17 09:56:00,13.5,13.6,13.5,13.5,1500,24.129294,1018500,1007.2,1010.0
2026-02-17 09:57:00,13.1,13.5,13.1,13.2,12000,23.78137,1018500,1007.0,1010.0
2026-02-17 09:58:00,13.2,13.2,13.2,13.2,0,23.041957,1023750,1007.85,1010.0
2026-02-17 09:59:00,13.2,13.2,13.2,13.2,9000,23.870168,1023750,1006.9,1010.0
2026-02-17 10:00:00,13.1,13.2,13.1,13.1,1500,23.524599,1023750,1007.1,1010.0
2026-02-17 10:01:00,13.45,13.45,13.1,13.45,6000,23.612494,1025250,1007.7,1010.0
2026-02-17 10:02:00,13.45,13.45,13.45,13.45,0,23.919574,1025250,1007.35,1010.0
2026-02-17 10:03:00,13.2,13.45,13.2,13.2,4500,23.788981,1025250,1007.0,1010.0
2026-02-17 10:04:00,13.1,13.2,13.1,13.1,2250,23.486339,1025250,1007.15,1010.0
2026-02-17 10:05:00,13.2,13.2,13.1,13.2,750,24.006889,1027500,1006.75,1010.0
2026-02-17 10:06:00,13.2,13.2,13.2,13.2,0,23.619676,1027500,1007.2,1010.0
2026-02-17 10:07:00,13.2,13.2,13.2,13.2,2250,23.794059,1027500,1007.0,1010.0
2026-02-17 10:08:00,13.3,13.3,13.2,13.3,6750,23.622468,1028250,1007.4,1010.0
2026-02-17 10:09:00,13.3,13.3,13.3,13.3,1500,23.797643,1028250,1007.2,1010.0
2026-02-17 10:10:00,13.3,13.3,13.3,13.3,0,23.798914,1028250,1007.2,1010.0
2026-02-17 10:11:00,13.0,13.3,13.0,13.0,3000,23.622988,1029750,1006.8,1010.0
2026-02-17 10:12:00,13.2,13.2,13.0,13.2,9000,23.234914,1029750,1007.65,1010.0
2026-02-17 10:13:00,13.5,13.5,13.2,13.5,3750,23.006393,1027500,1008.5,1010.0
2026-02-17 10:14:00,13.7,13.7,13.5,13.7,8250,22.951578,1027500,1008.95,1010.0
2026-02-17 10:15:00,13.75,13.75,13.7,13.75,1500,23.666898,1027500,1008.25,1010.0
2026-02-17 10:16:00,13.5,13.75,13.3,13.3,13500,23.370222,1027500,1007.7,1010.0
2026-02-17 10:17:00,14.3,14.3,13.3,14.3,15000,23.040234,1036500,1010.0,1010.0
2026-02-17 10:18:00,14.4,14.4,14.3,14.4,7500,22.796787,1036500,1010.45,1010.0
2026-02-17 10:19:00,14.5,15.0,14.4,15.0,24000,22.608767,1043250,1011.75,1010.0
2026-02-17 10:20:00,15.3,15.3,15.0,15.3,9000,22.989827,1043250,1011.9,1010.0
2026-02-17 10:21:00,15.45,15.45,15.3,15.45,13500,24.115233,1043250,1011.0,1010.0
2026-02-17 10:22:00,14.75,15.45,14.75,14.75,19500,23.224772,1055250,1010.65,1010.0
2026-02-17 10:23:00,14.65,14.75,14.65,14.65,3000,22.910105,1055250,1010.8,1010.0
2026-02-17 10:24:00,14.35,14.65,14.35,14.35,6000,23.136149,1055250,1010.0,1010.0
2026-02-17 10:25:00,14.35,14.35,14.35,14.35,0,22.811789,1054500,1010.35,1010.0
2026-02-17 10:26:00,14.9,14.9,14.35,14.9,5250,22.635494,1054500,1011.55,1010.0
2026-02-17 10:27:00,15.15,15.15,14.9,15.15,6750,22.296009,1054500,1012.35,1010.0
2026-02-17 10:28:00,15.4,15.4,15.15,15.4,8250,23.077895,1054500,1012.0,1010.0
2026-02-17 10:29:00,15.2,15.4,15.2,15.2,15000,22.728742,1047750,1012.0,1010.0
2026-02-17 10:30:00,15.45,15.45,15.2,15.45,5250,22.727764,1047750,1012.45,1010.0
2026-02-17 10:31:00,15.4,15.45,15.4,15.45,8250,22.729007,1047000,1012.45,1010.0
2026-02-17 10:32:00,15.4,15.45,15.4,15.4,3000,22.593191,1047000,1012.5,1010.0
2026-02-17 10:33:00,15.4,15.4,15.4,15.4,12000,22.545056,1047000,1012.55,1010.0
2026-02-17 10:34:00,15.05,15.4,15.05,15.05,8250,22.374404,1044750,1012.1,1010.0
2026-02-17 10:35:00,15.25,15.25,15.05,15.25,6750,22.382842,1044750,1012.45,1010.0
2026-02-17 10:36:00,15.3,15.3,15.25,15.3,6000,22.521147,1044750,1012.4,1010.0
2026-02-17 10:37:00,15.35,15.35,15.3,15.35,2250,22.560909,1044750,1012.45,1010.0
2026-02-17 10:38:00,15.35,15.35,15.35,15.35,0,22.314749,1045500,1012.7,1010.0
2026-02-17 10:39:00,15.45,15.45,15.35,15.45,148500,22.192645,1045500,1013.0,1010.0
2026-02-17 10:40:00,15.35,15.45,15.35,15.35,6000,21.766065,993000,1013.25,1010.0
2026-02-17 10:41:00,16.55,16.75,15.35,16.6,44250,22.436021,993000,1014.75,1010.0
2026-02-17 10:42:00,16.8,16.8,16.45,16.75,18750,22.703654,993000,1014.75,1010.0
2026-02-17 10:43:00,16.6,16.75,16.3,16.3,11250,22.27109,983250,1014.4,1010.0
2026-02-17 10:44:00,16.15,16.3,16.15,16.15,9000,23.030095,983250,1013.4,1010.0
2026-02-17 10:45:00,15.5,16.15,15.5,15.5,14250,21.009955,983250,1014.25,1010.0
2026-02-17 10:46:00,15.9,15.9,15.5,15.9,15000,22.943504,983250,1013.05,1010.0
2026-02-17 10:47:00,15.7,15.9,15.7,15.7,750,22.891654,975750,1012.75,1010.0
2026-02-17 10:48:00,15.35,15.7,15.35,15.35,8250,22.127675,975750,1012.9,1010.0
2026-02-17 10:49:00,15.9,15.9,15.35,15.9,13500,22.847184,975750,1013.15,1010.0
2026-02-17 10:50:00,15.7,15.9,15.7,15.7,750,22.646407,975750,1013.0,1010.0
2026-02-17 10:51:00,15.55,15.7,15.55,15.55,3000,22.533347,975750,1012.85,1010.0
2026-02-17 10:52:00,15.55,15.55,15.55,15.55,0,21.054774,975750,1014.3,1010.0
2026-02-17 10:53:00,16.3,16.3,15.55,15.8,8250,21.811229,975750,1014.0,1010.0
2026-02-17 10:54:00,16.05,16.05,15.8,16.05,3000,22.048786,975750,1014.2,1010.0
2026-02-17 10:55:00,16.25,16.25,16.05,16.25,1500,22.967614,975750,1013.65,1010.0
2026-02-17 10:56:00,16.1,16.25,16.1,16.1,6000,23.358113,975750,1013.0,1010.0
2026-02-17 10:57:00,15.7,16.1,15.7,15.7,7500,22.605095,975750,1013.05,1010.0
2026-02-17 10:58:00,15.5,15.7,15.5,15.5,7500,22.253911,979500,1013.05,1010.0
2026-02-17 10:59:00,15.7,15.7,15.5,15.7,7500,22.507254,979500,1013.15,1010.0
2026-02-17 11:00:00,15.7,15.7,15.7,15.7,0,22.558702,979500,1013.1,1010.0
2026-02-17 11:01:00,15.65,15.7,15.45,15.45,6000,22.419543,979500,1012.8,1010.0
2026-02-17 11:02:00,15.15,15.45,15.15,15.15,10500,22.779513,980250,1011.9,1010.0
2026-02-17 11:03:00,15.25,15.25,15.0,15.0,20250,22.420079,980250,1012.0,1010.0
2026-02-17 11:04:00,15.2,15.2,15.0,15.2,3750,22.966824,980250,1011.8,1010.0
2026-02-17 11:05:00,15.2,15.2,15.2,15.2,0,22.18334,964500,1012.6,1010.0
2026-02-17 11:06:00,14.8,15.2,14.8,14.8,10500,22.267626,964500,1011.8,1010.0
2026-02-17 11:07:00,15.0,15.0,14.8,14.95,3000,22.386035,964500,1011.95,1010.0
2026-02-17 11:08:00,14.95,14.95,14.95,14.95,0,22.823425,963750,1011.5,1010.0
2026-02-17 11:09:00,14.95,14.95,14.35,14.35,12000,22.252588,963750,1011.0,1010.0
2026-02-17 11:10:00,14.4,14.4,14.35,14.4,1500,22.720344,963750,1010.6,1010.0
2026-02-17 11:11:00,14.25,14.4,14.25,14.25,14250,22.412007,964500,1010.65,1010.0
2026-02-17 11:12:00,14.35,14.35,14.15,14.15,6000,22.567347,964500,1010.3,1010.0
2026-02-17 11:13:00,14.15,14.15,14.15,14.15,0,22.568577,964500,1010.3,1010.0
2026-02-17 11:14:00,14.25,14.25,14.1,14.1,2250,22.341688,957000,1010.45,1010.0
2026-02-17 11:15:00,14.1,14.1,14.1,14.1,0,22.389877,957000,1010.4,1010.0
2026-02-17 11:16:00,14.1,14.1,14.1,14.1,84000,22.297107,957000,1010.5,1010.0
2026-02-17 11:17:00,14.15,14.15,14.1,14.15,3000,21.959706,908250,1010.95,1010.0
2026-02-17 11:18:00,14.45,14.45,14.15,14.45,3000,22.438745,908250,1011.0,1010.0
2026-02-17 11:19:00,14.3,14.45,14.3,14.3,750,22.367398,908250,1010.8,1010.0
2026-02-17 11:20:00,14.4,14.4,14.3,14.4,750,22.401242,909000,1010.95,1010.0
2026-02-17 11:21:00,14.1,14.4,13.75,13.75,3750,22.620822,909000,1009.5,1010.0
2026-02-17 11:22:00,13.7,13.75,13.7,13.7,750,22.25819,909000,1009.8,1010.0
2026-02-17 11:23:00,13.8,13.8,13.7,13.8,12000,22.387932,909000,1009.85,1010.0
2026-02-17 11:24:00,13.75,13.8,13.75,13.75,750,22.440433,909000,1009.7,1010.0
2026-02-17 11:25:00,13.75,13.75,13.65,13.65,9750,22.725452,909000,1009.2,1010.0
2026-02-17 11:26:00,13.5,13.65,13.25,13.25,8250,22.615773,913500,1008.55,1010.0
2026-02-17 11:27:00,13.35,13.35,13.25,13.35,2250,22.881325,913500,1008.45,1010.0
2026-02-17 11:28:00,13.2,13.35,13.2,13.2,3750,22.665262,913500,1008.4,1010.0
2026-02-17 11:29:00,13.15,13.2,13.15,13.15,7500,22.489606,908250,1008.5,1010.0
2026-02-17 11:30:00,13.4,13.4,13.15,13.4,12750,22.837856,908250,1008.6,1010.0
2026-02-17 11:31:00,13.4,13.4,13.4,13.4,750,22.568532,908250,1008.9,1010.0
2026-02-17 11:32:00,13.25,13.4,13.25,13.25,3750,22.307647,906750,1008.9,1010.0
2026-02-17 11:33:00,13.45,13.45,13.25,13.45,6000,21.973027,906750,1009.65,1010.0
2026-02-17 11:34:00,13.75,13.75,13.45,13.75,4500,22.682762,906750,1009.45,1010.0
2026-02-17 11:35:00,14.1,14.1,13.75,14.1,9000,21.510076,905250,1011.35,1010.0
2026-02-17 11:36:00,14.75,14.75,14.1,14.75,14250,22.699982,905250,1011.3,1010.0
2026-02-17 11:37:00,14.5,14.75,14.35,14.35,11250,22.713494,905250,1010.55,1010.0
2026-02-17 11:38:00,14.2,14.35,14.2,14.2,16500,23.152289,898500,1009.8,1010.0
2026-02-17 11:39:00,14.1,14.2,14.1,14.1,5250,23.071008,898500,1009.7,1010.0
2026-02-17 11:40:00,14.1,14.1,14.1,14.1,0,23.072264,898500,1009.7,1010.0
2026-02-17 11:41:00,14.1,14.1,14.1,14.1,0,22.981135,885750,1009.8,1010.0
2026-02-17 11:42:00,14.1,14.1,14.1,14.1,0,23.805817,885750,1008.9,1010.0
2026-02-17 11:43:00,13.6,14.1,13.6,13.6,4500,22.932957,885750,1008.9,1010.0
2026-02-17 11:44:00,13.35,13.6,13.35,13.35,3000,22.991939,884250,1008.35,1010.0
2026-02-17 11:45:00,13.25,13.35,13.25,13.25,6000,22.459102,884250,1008.75,1010.0
2026-02-17 11:46:00,13.4,13.4,13.25,13.4,2250,22.496302,884250,1009.0,1010.0
2026-02-17 11:47:00,13.1,13.4,13.1,13.1,4500,22.647835,882750,1008.25,1010.0
2026-02-17 11:48:00,13.1,13.1,13.1,13.1,0,22.425452,882750,1008.5,1010.0
2026-02-17 11:49:00,13.1,13.1,13.1,13.1,0,22.291851,882750,1008.65,1010.0
2026-02-17 11:50:00,13.3,13.3,13.1,13.3,9000,22.552669,882750,1008.75,1010.0
2026-02-17 11:51:00,13.3,13.3,13.3,13.3,1500,22.41825,879750,1008.9,1010.0
2026-02-17 11:52:00,13.3,13.3,13.2,13.2,6000,22.694859,879750,1008.4,1010.0
2026-02-17 11:53:00,13.05,13.2,12.65,12.65,8250,22.531052,883500,1007.5,1010.0
2026-02-17 11:54:00,12.65,12.65,12.65,12.65,750,21.869358,883500,1008.25,1010.0
2026-02-17 11:55:00,12.65,12.65,12.65,12.65,7500,22.577286,883500,1007.45,1010.0
2026-02-17 11:56:00,12.7,12.7,12.65,12.7,2250,22.490553,885000,1007.65,1010.0
2026-02-17 11:57:00,12.7,12.7,12.7,12.7,0,22.66725,885000,1007.45,1010.0
2026-02-17 11:58:00,12.7,12.7,12.7,12.7,18000,22.755921,885000,1007.35,1010.0
2026-02-17 11:59:00,12.7,12.7,12.7,12.7,0,22.625914,885000,1007.5,1010.0
2026-02-17 12:00:00,12.9,12.9,12.7,12.9,2250,22.66912,883500,1007.85,1010.0
2026-02-17 12:01:00,13.0,13.05,12.9,13.05,3000,22.888626,883500,1007.9,1010.0
2026-02-17 12:02:00,13.2,13.2,13.05,13.1,5250,22.532243,884250,1008.4,1010.0
2026-02-17 12:03:00,13.1,13.1,13.1,13.1,3000,22.622919,884250,1008.3,1010.0
2026-02-17 12:04:00,12.95,13.1,12.95,12.95,750,22.495436,884250,1008.15,1010.0
2026-02-17 12:05:00,12.7,12.95,12.7,12.7,3000,22.369387,884250,1007.8,1010.0
2026-02-17 12:06:00,12.8,12.8,12.7,12.8,3750,22.633837,887250,1007.7,1010.0
2026-02-17 12:07:00,12.8,12.8,12.8,12.8,0,22.590998,887250,1007.75,1010.0
2026-02-17 12:08:00,12.8,12.8,12.8,12.8,0,22.592227,886500,1007.75,1010.0
2026-02-17 12:09:00,12.5,12.8,12.5,12.5,12750,22.636986,886500,1007.1,1010.0
2026-02-17 12:10:00,12.8,12.8,12.5,12.8,5250,23.250647,886500,1007.0,1010.0
2026-02-17 12:11:00,12.6,12.8,12.6,12.6,2250,23.074463,889500,1006.8,1010.0
2026-02-17 12:12:00,12.5,12.6,12.5,12.5,2250,22.814031,889500,1006.9,1010.0
2026-02-17 12:13:00,13.0,13.0,12.5,13.0,5250,22.549457,889500,1008.2,1010.0
2026-02-17 12:14:00,13.1,13.1,13.0,13.0,9000,22.817252,888750,1007.9,1010.0
2026-02-17 12:15:00,12.9,13.0,12.9,12.9,750,22.731821,888750,1007.8,1010.0
2026-02-17 12:16:00,12.9,12.9,12.9,12.9,0,22.333441,888750,1008.25,1010.0
2026-02-17 12:17:00,12.9,12.9,12.9,12.9,0,22.33466,888750,1008.25,1010.0
2026-02-17 12:18:00,13.35,13.35,12.9,13.35,2250,22.989686,891750,1008.4,1010.0
2026-02-17 12:19:00,13.45,13.45,13.35,13.45,3000,23.031383,891750,1008.55,1010.0
2026-02-17 12:20:00,13.25,13.45,13.25,13.25,4500,22.906584,894000,1008.3,1010.0
2026-02-17 12:21:00,13.3,13.3,13.25,13.3,5250,23.084712,894000,1008.2,1010.0
2026-02-17 12:22:00,13.5,13.5,13.3,13.5,3750,22.987553,894000,1008.7,1010.0
2026-02-17 12:23:00,13.85,13.85,13.5,13.85,3000,22.409769,892500,1010.0,1010.0
2026-02-17 12:24:00,14.2,14.2,13.85,14.0,9000,22.813512,892500,1009.85,1010.0
2026-02-17 12:25:00,14.05,14.05,14.0,14.05,7500,22.902415,892500,1009.85,1010.0
2026-02-17 12:26:00,13.9,14.05,13.9,13.9,3750,23.056104,894750,1009.4,1010.0
2026-02-17 12:27:00,13.9,13.9,13.9,13.9,0,23.422771,894750,1009.0,1010.0
2026-02-17 12:28:00,13.6,13.9,13.6,13.6,4500,23.170267,894750,1008.7,1010.0
2026-02-17 12:29:00,13.55,13.6,13.55,13.55,3750,22.629722,889500,1009.2,1010.0
2026-02-17 12:30:00,13.5,13.55,13.5,13.5,6000,22.907179,889500,1008.8,1010.0
2026-02-17 12:31:00,13.5,13.5,13.5,13.5,0,22.635875,889500,1009.1,1010.0
2026-02-17 12:32:00,13.8,13.8,13.5,13.8,1500,22.888379,891000,1009.4,1010.0
2026-02-17 12:33:00,13.85,13.85,13.8,13.85,4500,22.931339,891000,1009.45,1010.0
2026-02-17 12:34:00,13.8,13.85,13.8,13.8,1500,22.936777,891000,1009.35,1010.0
2026-02-17 12:35:00,13.8,13.8,13.8,13.8,0,22.938032,889500,1009.35,1010.0
2026-02-17 12:36:00,13.65,13.8,13.65,13.65,8250,22.722168,889500,1009.3,1010.0
2026-02-17 12:37:00,13.65,13.65,13.65,13.65,0,22.631654,889500,1009.4,1010.0
2026-02-17 12:38:00,13.75,13.75,13.65,13.75,3000,22.716253,889500,1009.5,1010.0
2026-02-17 12:39:00,13.8,13.8,13.75,13.8,750,22.805177,888750,1009.5,1010.0
2026-02-17 12:40:00,13.7,13.9,13.7,13.9,6000,22.981795,888750,1009.5,1010.0
2026-02-17 12:41:00,13.65,13.9,13.65,13.65,2250,23.093241,888750,1008.9,1010.0
2026-02-17 12:42:00,13.7,13.7,13.65,13.7,750,23.04576,892500,1009.05,1010.0
2026-02-17 12:43:00,13.7,13.7,13.7,13.7,0,22.68082,892500,1009.45,1010.0
2026-02-17 12:44:00,13.7,13.7,13.7,13.7,0,22.312122,892500,1009.85,1010.0
2026-02-17 12:45:00,13.7,13.7,13.7,13.7,0,22.82107,892500,1009.3,1010.0
2026-02-17 12:46:00,13.7,13.7,13.7,13.7,0,22.913881,892500,1009.2,1010.0
2026-02-17 12:47:00,13.55,13.7,13.55,13.55,6750,22.834547,892500,1009.0,1010.0
2026-02-17 12:48:00,13.55,13.55,13.55,13.55,750,23.017404,892500,1008.8,1010.0
2026-02-17 12:49:00,13.55,13.55,13.55,13.55,0,22.562952,892500,1009.3,1010.0
2026-02-17 12:50:00,13.55,13.55,13.55,13.55,0,22.472364,892500,1009.4,1010.0
2026-02-17 12:51:00,13.85,13.85,13.55,13.85,3750,22.953957,889500,1009.45,1010.0
2026-02-17 12:52:00,13.85,13.85,13.85,13.85,0,22.909177,889500,1009.5,1010.0
2026-02-17 12:53:00,13.85,13.85,13.85,13.85,0,22.212704,890250,1010.25,1010.0
2026-02-17 12:54:00,14.05,14.05,13.85,14.05,4500,22.799224,890250,1010.0,1010.0
2026-02-17 12:55:00,14.05,14.05,14.05,14.05,0,23.125503,890250,1009.65,1010.0
2026-02-17 12:56:00,13.75,14.05,13.75,13.75,13500,23.014165,885750,1009.2,1010.0
2026-02-17 12:57:00,13.5,13.75,13.5,13.5,1500,22.850282,885750,1008.9,1010.0
2026-02-17 12:58:00,13.5,13.5,13.5,13.5,5250,22.76058,885750,1009.0,1010.0
2026-02-17 12:59:00,13.55,13.55,13.5,13.5,3000,23.034043,885750,1008.7,1010.0
2026-02-17 13:00:00,13.45,13.5,13.45,13.45,12750,22.538468,885000,1009.15,1010.0
2026-02-17 13:01:00,13.45,13.45,13.45,13.45,6000,22.079671,885000,1009.65,1010.0
2026-02-17 13:02:00,13.85,14.05,13.45,14.05,7500,22.809258,885750,1010.0,1010.0
2026-02-17 13:03:00,14.05,14.05,14.05,14.05,0,23.089376,885750,1009.7,1010.0
2026-02-17 13:04:00,14.05,14.05,13.75,13.75,13500,23.206831,885750,1009.0,1010.0
2026-02-17 13:05:00,13.35,13.75,13.35,13.35,3750,22.551576,888000,1008.95,1010.0
2026-02-17 13:06:00,13.5,13.5,13.35,13.5,6000,22.173581,888000,1009.65,1010.0
2026-02-17 13:07:00,14.05,14.05,13.5,13.9,3000,22.551986,888000,1010.0,1010.0
2026-02-17 13:08:00,13.9,13.9,13.9,13.9,0,22.64648,894750,1009.9,1010.0
2026-02-17 13:09:00,13.8,13.9,13.8,13.8,3750,22.144458,894750,1010.25,1010.0
2026-02-17 13:10:00,13.9,13.9,13.8,13.9,18000,22.368461,894750,1010.2,1010.0
2026-02-17 13:11:00,13.9,13.9,13.9,13.9,0,22.039546,882000,1010.55,1010.0
2026-02-17 13:12:00,14.05,14.05,13.9,14.05,7500,22.209804,882000,1010.65,1010.0
2026-02-17 13:13:00,13.45,14.05,13.45,13.45,6000,22.737063,882000,1008.95,1010.0
2026-02-17 13:14:00,13.35,13.45,13.35,13.35,750,22.699018,885000,1008.8,1010.0
2026-02-17 13:15:00,13.3,13.6,13.3,13.6,14250,22.683034,885000,1009.3,1010.0
2026-02-17 13:16:00,13.7,13.7,13.6,13.7,2250,22.583505,885000,1009.6,1010.0
2026-02-17 13:17:00,13.7,13.7,13.7,13.7,0,22.58475,884250,1009.6,1010.0
2026-02-17 13:18:00,13.7,13.7,13.7,13.7,0,22.724474,884250,1009.45,1010.0
2026-02-17 13:19:00,13.65,13.7,13.65,13.65,6000,22.683932,884250,1009.4,1010.0
2026-02-17 13:20:00,13.65,13.65,13.65,13.65,0,21.941133,884250,1010.2,1010.0
2026-02-17 13:21:00,13.65,13.65,13.65,13.65,0,22.176567,885750,1009.95,1010.0
2026-02-17 13:22:00,13.7,13.7,13.65,13.7,1500,22.451938,885750,1009.75,1010.0
2026-02-17 13:23:00,13.6,13.7,13.6,13.6,750,22.555008,885750,1009.45,1010.0
2026-02-17 13:24:00,13.7,13.7,13.6,13.7,2250,22.174675,884250,1010.05,1010.0
2026-02-17 13:25:00,13.75,13.75,13.7,13.75,750,22.450558,884250,1009.85,1010.0
2026-02-17 13:26:00,13.75,13.75,13.75,13.75,1500,22.451799,884250,1009.85,1010.0
2026-02-17 13:27:00,13.75,13.75,13.75,13.75,0,22.359797,884250,1009.95,1010.0
2026-02-17 13:28:00,13.75,13.75,13.75,13.75,0,22.45428,884250,1009.85,1010.0
2026-02-17 13:29:00,13.9,13.9,13.75,13.9,3000,22.579384,882750,1010.0,1010.0
2026-02-17 13:30:00,13.9,13.9,13.9,13.9,0,22.393215,882750,1010.2,1010.0
2026-02-17 13:31:00,13.9,13.9,13.9,13.9,0,22.581877,882750,1010.0,1010.0
2026-02-17 13:32:00,14.0,14.0,13.9,14.0,3000,22.241347,882750,1010.55,1010.0
2026-02-17 13:33:00,14.2,14.2,14.0,14.1,14250,22.466036,881250,1010.5,1010.0
2026-02-17 13:34:00,14.25,14.25,14.1,14.25,1500,22.731391,881250,1010.5,1010.0
2026-02-17 13:35:00,14.25,14.25,14.25,14.25,0,22.827133,882750,1010.4,1010.0
2026-02-17 13:36:00,14.2,14.25,14.2,14.2,6750,22.598513,882750,1010.55,1010.0
2026-02-17 13:37:00,14.0,14.2,14.0,14.0,9750,22.29491,882750,1010.5,1010.0
2026-02-17 13:38:00,14.0,14.0,14.0,14.0,0,22.999476,882750,1009.75,1010.0
2026-02-17 13:39:00,13.7,14.0,13.7,13.7,750,22.565845,891000,1009.65,1010.0
2026-02-17 13:40:00,13.6,13.7,13.6,13.6,8250,22.391193,891000,1009.65,1010.0
2026-02-17 13:41:00,13.7,13.7,13.6,13.7,3000,22.568337,891000,1009.65,1010.0
2026-02-17 13:42:00,13.7,13.8,13.7,13.8,1500,22.419613,888000,1010.0,1010.0
2026-02-17 13:43:00,13.8,13.8,13.8,13.8,0,22.233277,888000,1010.2,1010.0
2026-02-17 13:44:00,14.05,14.05,13.8,14.05,6000,22.391655,888000,1010.5,1010.0
2026-02-17 13:45:00,14.05,14.05,14.05,14.05,0,22.345501,892500,1010.55,1010.0
2026-02-17 13:46:00,13.95,14.05,13.95,13.95,9750,22.688617,892500,1010.0,1010.0
2026-02-17 13:47:00,13.75,13.95,13.75,13.75,1500,22.290985,892500,1010.05,1010.0
2026-02-17 13:48:00,13.65,13.75,13.65,13.75,6750,22.245341,900000,1010.1,1010.0
2026-02-17 13:49:00,13.7,13.75,13.7,13.7,1500,22.392357,900000,1009.85,1010.0
2026-02-17 13:50:00,13.5,13.7,13.5,13.5,6000,21.948132,900750,1009.95,1010.0
2026-02-17 13:51:00,13.5,13.5,13.5,13.5,750,21.478447,900750,1010.45,1010.0
2026-02-17 13:52:00,14.05,14.05,13.5,14.05,3000,22.30671,900750,1010.6,1010.0
2026-02-17 13:53:00,14.05,14.05,14.05,14.05,0,21.925739,900750,1011.0,1010.0
2026-02-17 13:54:00,14.05,14.05,14.05,14.05,0,22.78111,902250,1010.1,1010.0
2026-02-17 13:55:00,13.8,14.05,13.75,13.75,4500,22.347709,902250,1010.0,1010.0
2026-02-17 13:56:00,13.65,13.75,13.65,13.65,750,22.684112,900750,1009.45,1010.0
2026-02-17 13:57:00,13.4,13.65,13.4,13.4,24000,22.612874,900750,1009.05,1010.0
2026-02-17 13:58:00,13.25,13.4,13.25,13.25,1500,22.350185,900750,1009.05,1010.0
2026-02-17 13:59:00,13.3,13.3,13.2,13.2,7500,22.627393,900750,1008.65,1010.0
2026-02-17 14:00:00,13.1,13.2,13.1,13.1,5250,22.088685,892500,1009.05,1010.0
2026-02-17 14:01:00,13.35,13.35,13.1,13.35,6000,21.837456,892500,1009.8,1010.0
2026-02-17 14:02:00,13.7,13.7,13.35,13.7,1500,21.986232,892500,1010.3,1010.0
2026-02-17 14:03:00,13.7,13.7,13.7,13.7,0,22.175768,888000,1010.1,1010.0
2026-02-17 14:04:00,13.85,13.85,13.7,13.85,6000,22.300245,888000,1010.25,1010.0
2026-02-17 14:05:00,13.9,13.9,13.85,13.9,2250,22.483713,893250,1010.15,1010.0
2026-02-17 14:06:00,13.9,13.9,13.9,13.9,0,22.390857,893250,1010.25,1010.0
2026-02-17 14:07:00,13.85,13.9,13.85,13.85,3000,22.538793,893250,1010.0,1010.0
2026-02-17 14:08:00,13.7,13.85,13.7,13.7,1500,22.462563,893250,1009.8,1010.0
2026-02-17 14:09:00,13.7,13.7,13.7,13.7,0,22.972688,892500,1009.25,1010.0
2026-02-17 14:10:00,13.5,13.7,13.5,13.5,3000,22.759409,892500,1009.1,1010.0
2026-02-17 14:11:00,13.4,13.5,13.4,13.4,1500,22.63036,892500,1009.05,1010.0
2026-02-17 14:12:00,13.0,13.4,13.0,13.0,8250,22.831172,893250,1008.05,1010.0
2026-02-17 14:13:00,12.75,13.0,12.75,12.75,6000,23.143758,893250,1007.2,1010.0
2026-02-17 14:14:00,12.6,12.75,12.6,12.7,11250,22.660898,892500,1007.65,1010.0
2026-02-17 14:15:00,13.2,13.2,12.7,13.2,2250,22.32888,892500,1009.0,1010.0
2026-02-17 14:16:00,13.2,13.2,13.2,13.2,0,21.544623,892500,1009.85,1010.0
2026-02-17 14:17:00,13.85,13.85,13.2,13.85,15000,22.22195,892500,1010.35,1010.0
2026-02-17 14:18:00,13.85,13.85,13.85,13.85,6000,21.84289,897000,1010.75,1010.0
2026-02-17 14:19:00,13.85,13.85,13.85,13.85,0,22.740645,897000,1009.8,1010.0
2026-02-17 14:20:00,13.8,13.85,13.8,13.8,6000,22.420021,897000,1010.05,1010.0
2026-02-17 14:21:00,13.9,13.9,13.8,13.9,3000,22.315115,898500,1010.35,1010.0
2026-02-17 14:22:00,13.9,13.9,13.9,13.9,4500,22.221681,898500,1010.45,1010.0
2026-02-17 14:23:00,13.9,13.9,13.9,13.9,750,22.553177,898500,1010.1,1010.0
2026-02-17 14:24:00,13.75,13.9,13.75,13.8,8250,22.378056,897750,1010.1,1010.0
2026-02-17 14:25:00,13.8,13.8,13.8,13.8,750,22.519954,897750,1009.95,1010.0
2026-02-17 14:26:00,13.8,13.8,13.8,13.8,0,22.614669,897750,1009.85,1010.0
2026-02-17 14:27:00,13.85,13.85,13.8,13.85,750,22.375916,901500,1010.2,1010.0
2026-02-17 14:28:00,13.65,13.85,13.65,13.65,3000,22.399329,901500,1009.8,1010.0
2026-02-17 14:29:00,13.7,13.7,13.65,13.7,6750,22.301739,901500,1010.0,1010.0
2026-02-17 14:30:00,13.6,13.7,13.6,13.6,1500,22.313643,902250,1009.8,1010.0
2026-02-17 14:31:00,13.5,13.6,13.5,13.5,4500,22.138522,902250,1009.8,1010.0
2026-02-17 14:32:00,13.7,13.7,13.5,13.6,4500,21.609264,902250,1010.55,1010.0
2026-02-17 14:33:00,13.9,13.9,13.6,13.9,1500,22.045089,900750,1010.65,1010.0
2026-02-17 14:34:00,14.2,14.2,13.9,14.2,21750,22.337294,900750,1010.9,1010.0
2026-02-17 14:35:00,14.1,14.2,14.1,14.1,6000,21.824214,900750,1011.25,1010.0
2026-02-17 14:36:00,14.3,14.3,14.1,14.3,1500,21.64243,888750,1011.8,1010.0
2026-02-17 14:37:00,14.6,14.7,14.3,14.7,27000,22.007348,888750,1012.15,1010.0
2026-02-17 14:38:00,14.75,14.75,14.7,14.75,6000,21.344861,888750,1012.9,1010.0
2026-02-17 14:39:00,15.0,15.0,14.75,15.0,6750,21.022039,890250,1013.65,1010.0
2026-02-17 14:40:00,15.1,15.1,15.0,15.1,6750,21.869324,890250,1013.0,1010.0
2026-02-17 14:41:00,14.85,15.1,14.85,14.85,7500,21.425038,890250,1013.0,1010.0
2026-02-17 14:42:00,14.95,14.95,14.85,14.95,3750,21.857694,890250,1012.75,1010.0
2026-02-17 14:43:00,14.45,14.95,14.45,14.45,2250,21.966094,890250,1011.75,1010.0
2026-02-17 14:44:00,14.15,14.45,14.15,14.15,750,21.336808,890250,1011.85,1010.0
2026-02-17 14:45:00,14.6,14.6,14.15,14.45,5250,21.82092,891000,1011.9,1010.0
2026-02-17 14:46:00,14.35,14.45,14.35,14.35,750,21.694057,891000,1011.85,1010.0
2026-02-17 14:47:00,14.35,14.35,14.35,14.35,9000,21.842819,891000,1011.7,1010.0
2026-02-17 14:48:00,14.35,14.45,14.35,14.45,2250,21.775237,894000,1011.95,1010.0
2026-02-17 14:49:00,14.45,14.45,14.45,14.45,1500,21.378693,894000,1012.35,1010.0
2026-02-17 14:50:00,14.7,14.95,14.45,14.95,6750,21.56339,894000,1013.05,1010.0
2026-02-17 14:51:00,14.8,14.95,14.8,14.8,3000,20.573784,897000,1013.75,1010.0
2026-02-17 14:52:00,15.15,15.15,14.8,15.15,7500,21.358042,897000,1013.6,1010.0
2026-02-17 14:53:00,15.15,15.15,14.95,14.95,9750,21.311218,897000,1013.3,1010.0
2026-02-17 14:54:00,15.25,15.25,14.95,15.25,15000,21.591087,901500,1013.55,1010.0
2026-02-17 14:55:00,15.1,15.25,15.05,15.05,1500,21.645902,901500,1013.15,1010.0
2026-02-17 14:56:00,14.75,15.05,14.75,14.75,1500,21.720341,901500,1012.55,1010.0
2026-02-17 14:57:00,14.7,14.75,14.7,14.7,2250,21.481429,902250,1012.7,1010.0
2026-02-17 14:58:00,14.9,14.9,14.7,14.9,1500,21.279312,902250,1013.25,1010.0
2026-02-17 14:59:00,15.15,15.15,14.9,15.15,6000,21.366564,902250,1013.6,1010.0
2026-02-17 15:00:00,15.5,15.5,15.15,15.5,9750,21.209905,898500,1014.35,1010.0
2026-02-17 15:01:00,15.7,15.7,15.5,15.7,8250,21.570705,898500,1014.35,1010.0
2026-02-17 15:02:00,15.45,15.7,15.45,15.45,3000,21.281003,898500,1014.2,1010.0
2026-02-17 15:03:00,15.6,15.6,15.45,15.5,4500,21.686507,896250,1013.9,1010.0
2026-02-17 15:04:00,15.45,15.5,15.45,15.5,1500,21.161737,896250,1014.4,1010.0
2026-02-17 15:05:00,15.65,15.7,15.15,15.15,25500,21.989453,896250,1013.0,1010.0
2026-02-17 15:06:00,14.95,15.2,14.95,15.2,6000,21.619587,897000,1013.45,1010.0
2026-02-17 15:07:00,15.15,15.2,15.0,15.0,12750,21.520198,897000,1013.2,1010.0
2026-02-17 15:08:00,15.1,15.1,15.0,15.1,3750,21.802189,897000,1013.1,1010.0
2026-02-17 15:09:00,15.0,15.1,15.0,15.0,10500,21.828413,887250,1012.9,1010.0
2026-02-17 15:10:00,15.3,15.35,15.0,15.35,3750,21.738023,887250,1013.6,1010.0
2026-02-17 15:11:00,15.3,15.35,15.3,15.3,12000,21.285363,887250,1013.95,1010.0
2026-02-17 15:12:00,15.45,15.45,15.3,15.45,2250,22.125384,879750,1013.4,1010.0
2026-02-17 15:13:00,15.45,15.45,15.45,15.45,0,21.609203,879750,1013.9,1010.0
2026-02-17 15:14:00,15.25,15.45,15.25,15.25,3750,21.512111,879750,1013.65,1010.0
2026-02-17 15:15:00,15.8,15.8,15.25,15.8,15750,21.235165,879750,1014.85,1010.0
2026-02-17 15:16:00,15.85,15.85,15.8,15.85,17250,21.647173,879750,1014.55,1010.0
2026-02-17 15:17:00,15.45,15.85,15.45,15.8,21000,21.505157,879750,1014.6,1010.0
2026-02-17 15:18:00,15.75,15.85,15.75,15.85,13500,21.436359,884250,1014.75,1010.0
2026-02-17 15:19:00,15.8,15.95,15.8,15.95,31500,21.564464,884250,1014.8,1010.0
2026-02-17 15:20:00,15.7,15.95,15.7,15.7,750,20.952694,884250,1014.95,1010.0
2026-02-17 15:21:00,15.8,15.8,15.7,15.8,2250,21.563308,884250,1014.55,1010.0
2026-02-17 15:22:00,15.55,15.8,15.55,15.55,750,21.113976,879000,1014.55,1010.0
2026-02-17 15:23:00,15.7,15.7,15.55,15.65,4500,21.560741,879000,1014.3,1010.0
2026-02-17 15:24:00,15.65,15.65,15.3,15.65,38250,21.243351,873750,1014.6,1010.0
2026-02-17 15:25:00,15.6,15.75,15.25,15.55,9000,21.751221,873750,1013.95,1010.0
2026-02-17 15:26:00,15.1,15.55,15.0,15.0,5250,21.798676,873750,1012.95,1010.0
2026-02-17 15:27:00,14.75,15.0,14.4,14.4,16500,21.684776,867000,1012.0,1010.0
2026-02-17 15:28:00,14.4,14.7,14.3,14.7,6750,22.020958,867000,1012.2,1010.0
2026-02-17 15:29:00,14.65,14.7,13.75,13.95,18750,20.886612,867000,1012.0,1010.0
2026-02-18 09:15:00,14.9,15.35,14.1,15.25,18750,21.949489,862500,1014.55,1010.0
2026-02-18 09:16:00,10.75,12.5,10.5,12.4,126000,22.178788,1774500,1018.95,1020.0
2026-02-18 09:17:00,12.45,13.0,12.15,12.9,109500,21.09541,1774500,1021.0,1020.0
2026-02-18 09:18:00,12.85,13.0,12.5,12.5,90750,22.031163,1774500,1019.3,1020.0
2026-02-18 09:19:00,12.5,12.5,12.5,12.5,0,20.356602,1760250,1021.0,1020.0
2026-02-18 09:20:00,13.1,13.1,12.5,13.1,124500,21.470022,1760250,1021.0,1020.0
2026-02-18 09:21:00,13.15,13.15,13.1,13.15,111000,25.387124,1760250,1017.0,1020.0
2026-02-18 09:22:00,11.4,13.15,11.4,11.4,120750,22.736646,1759500,1016.35,1020.0
2026-02-18 09:23:00,11.2,11.4,11.2,11.3,75750,21.968125,1759500,1017.0,1020.0
2026-02-18 09:24:00,11.65,11.65,11.3,11.65,57750,22.435055,1759500,1017.2,1020.0
2026-02-18 09:25:00,11.6,11.65,11.6,11.6,42000,20.377563,1782000,1019.3,1020.0
2026-02-18 09:26:00,12.25,12.25,11.6,12.25,16500,22.716831,1782000,1018.1,1020.0
2026-02-18 09:27:00,12.3,12.3,12.25,12.3,42750,22.056711,1782000,1018.9,1020.0
2026-02-18 09:28:00,11.85,12.3,11.85,11.85,24000,22.073568,1800000,1018.0,1020.0
2026-02-18 09:29:00,11.5,11.85,11.5,11.5,60000,21.567265,1800000,1017.85,1020.0
2026-02-18 09:30:00,11.85,11.85,11.5,11.85,30750,21.749242,1800000,1018.35,1020.0
2026-02-18 09:31:00,12.1,12.25,11.85,12.2,36750,22.256301,1776750,1018.5,1020.0
2026-02-18 09:32:00,12.2,12.2,12.2,12.2,6750,22.304769,1776750,1018.45,1020.0
2026-02-18 09:33:00,12.1,12.2,12.1,12.1,27750,22.074227,1776750,1018.5,1020.0
2026-02-18 09:34:00,11.85,12.1,11.85,11.85,12750,21.754615,1797750,1018.35,1020.0
2026-02-18 09:35:00,12.1,12.1,11.85,12.1,27750,21.266601,1797750,1019.35,1020.0
2026-02-18 09:36:00,12.3,12.3,12.1,12.3,18750,21.492802,1797750,1019.5,1020.0
2026-02-18 09:37:00,12.3,12.3,12.3,12.3,24750,21.92717,1813500,1019.05,1020.0
2026-02-18 09:38:00,12.2,12.3,12.2,12.2,23250,22.453987,1813500,1018.3,1020.0
2026-02-18 09:39:00,11.9,12.2,11.9,11.9,11250,21.947566,1813500,1018.25,1020.0
2026-02-18 09:40:00,11.8,11.9,11.8,11.8,16500,21.997425,1820250,1018.0,1020.0
2026-02-18 09:41:00,11.6,11.8,11.6,11.6,13500,21.906982,1820250,1017.7,1020.0
2026-02-18 09:42:00,11.6,11.6,11.6,11.6,17250,21.303094,1820250,1018.35,1020.0
2026-02-18 09:43:00,12.15,12.15,11.6,12.15,17250,22.227434,1815000,1018.45,1020.0
2026-02-18 09:44:00,11.9,12.15,11.9,11.9,8250,21.244717,1815000,1019.0,1020.0
2026-02-18 09:45:00,12.2,12.2,11.9,12.2,27000,22.322645,1815000,1018.45,1020.0
2026-02-18 09:46:00,12.4,12.4,12.2,12.4,31500,22.124356,1813500,1019.05,1020.0
2026-02-18 09:47:00,12.2,12.4,12.2,12.4,18000,21.981921,1813500,1019.2,1020.0
2026-02-18 09:48:00,12.3,12.4,12.25,12.3,13500,21.798287,1813500,1019.2,1020.0
2026-02-18 09:49:00,12.35,12.35,12.3,12.35,21000,21.554246,1818750,1019.55,1020.0
2026-02-18 09:50:00,12.35,12.35,12.35,12.35,27750,21.989453,1818750,1019.1,1020.0
2026-02-18 09:51:00,12.35,12.35,12.35,12.35,14250,21.653818,1818750,1019.45,1020.0
2026-02-18 09:52:00,12.25,12.35,12.25,12.25,18000,21.902865,1821750,1019.0,1020.0
2026-02-18 09:53:00,12.25,12.25,12.25,12.25,20250,21.951984,1821750,1018.95,1020.0
2026-02-18 09:54:00,11.8,12.25,11.8,11.8,44250,21.689026,1821750,1018.35,1020.0
2026-02-18 09:55:00,11.25,11.8,11.25,11.25,18750,21.827845,1826250,1017.1,1020.0
2026-02-18 09:56:00,11.3,11.3,11.25,11.3,45750,22.012721,1826250,1017.0,1020.0
2026-02-18 09:57:00,11.2,11.3,11.2,11.2,24750,22.054938,1826250,1016.75,1020.0
2026-02-18 09:58:00,11.1,11.2,11.1,11.1,14250,22.050798,1797750,1016.55,1020.0
2026-02-18 09:59:00,10.8,11.1,10.8,10.8,9750,21.089997,1797750,1017.0,1020.0
2026-02-18 10:00:00,10.9,10.9,10.8,10.9,17250,21.861382,1797750,1016.35,1020.0
2026-02-18 10:01:00,10.8,10.9,10.8,10.8,12750,21.498207,1789500,1016.55,1020.0
2026-02-18 10:02:00,10.9,10.9,10.8,10.9,19500,22.219573,1789500,1015.95,1020.0
2026-02-18 10:03:00,10.8,10.9,10.8,10.8,12750,21.946548,1789500,1016.05,1020.0
2026-02-18 10:04:00,11.45,11.45,10.8,11.45,23250,21.614035,1784250,1017.75,1020.0
2026-02-18 10:05:00,11.8,11.8,11.45,11.8,8250,21.98478,1784250,1018.05,1020.0
2026-02-18 10:06:00,12.1,12.1,11.8,12.1,30000,21.25939,1784250,1019.4,1020.0
2026-02-18 10:07:00,12.5,12.5,12.1,12.25,132750,22.161595,1803750,1018.75,1020.0
2026-02-18 10:08:00,12.3,12.3,12.25,12.25,28500,21.876752,1803750,1019.05,1020.0
2026-02-18 10:09:00,12.05,12.25,12.05,12.05,5250,21.936264,1803750,1018.6,1020.0
2026-02-18 10:10:00,12.05,12.05,12.05,12.05,12000,22.407922,1861500,1018.1,1020.0
2026-02-18 10:11:00,11.9,12.05,11.9,11.9,14250,21.802921,1861500,1018.45,1020.0
2026-02-18 10:12:00,12.25,12.25,11.9,12.25,21750,22.640653,1861500,1018.25,1020.0
2026-02-18 10:13:00,12.05,12.25,12.05,12.05,6750,21.846903,1872750,1018.7,1020.0
2026-02-18 10:14:00,12.0,12.05,12.0,12.0,9000,22.320832,1872750,1018.1,1020.0
2026-02-18 10:15:00,12.1,12.1,12.0,12.1,11250,22.413863,1872750,1018.2,1020.0
2026-02-18 10:16:00,11.9,12.1,11.7,11.7,14250,21.907686,1874250,1017.95,1020.0
2026-02-18 10:17:00,11.65,11.7,11.65,11.65,13500,21.862906,1874250,1017.9,1020.0
2026-02-18 10:18:00,12.1,12.1,11.65,12.1,15750,21.323688,1874250,1019.35,1020.0
2026-02-18 10:19:00,12.45,12.45,12.1,12.45,17250,21.779945,1877250,1019.55,1020.0
2026-02-18 10:20:00,12.8,12.8,12.45,12.8,29250,21.99058,1877250,1020.0,1020.0
2026-02-18 10:21:00,13.05,13.25,12.8,13.25,45750,22.629736,1877250,1020.2,1020.0
2026-02-18 10:22:00,12.8,13.25,12.8,12.8,21000,22.091476,1870500,1019.9,1020.0
2026-02-18 10:23:00,12.75,12.8,12.75,12.75,22500,22.292997,1870500,1019.6,1020.0
2026-02-18 10:24:00,12.75,12.75,12.75,12.75,13500,21.656619,1870500,1020.25,1020.0
2026-02-18 10:25:00,12.85,12.85,12.75,12.85,7500,22.0902,1867500,1020.0,1020.0
2026-02-18 10:26:00,12.8,12.85,12.5,12.5,72750,21.491345,1867500,1019.95,1020.0
2026-02-18 10:27:00,12.45,12.5,12.45,12.45,47250,22.321242,1867500,1019.0,1020.0
2026-02-18 10:28:00,12.05,12.45,12.05,12.05,38250,21.724486,1923750,1018.85,1020.0
2026-02-18 10:29:00,12.4,12.4,12.05,12.4,10500,21.700802,1923750,1019.55,1020.0
2026-02-18 10:30:00,12.3,12.4,12.3,12.3,15000,21.807106,1923750,1019.25,1020.0
2026-02-18 10:31:00,12.4,12.4,12.3,12.4,18000,22.138201,1942500,1019.1,1020.0
2026-02-18 10:32:00,12.4,12.4,12.35,12.35,16500,21.950717,1942500,1019.2,1020.0
2026-02-18 10:33:00,12.35,12.35,12.35,12.35,15750,22.382761,1942500,1018.75,1020.0
2026-02-18 10:34:00,12.4,12.4,12.35,12.4,14250,22.47686,1971000,1018.75,1020.0
2026-02-18 10:35:00,12.2,12.4,12.2,12.2,72000,22.580101,1971000,1018.25,1020.0
2026-02-18 10:36:00,12.25,12.35,12.2,12.3,21000,22.055532,1971000,1019.0,1020.0
2026-02-18 10:37:00,12.2,12.3,12.15,12.15,21000,21.826575,1967250,1018.95,1020.0
2026-02-18 10:38:00,12.2,12.2,12.15,12.2,6750,22.348655,1967250,1018.5,1020.0
2026-02-18 10:39:00,12.05,12.2,12.05,12.05,16500,22.727883,1967250,1017.8,1020.0
2026-02-18 10:40:00,12.05,12.05,12.0,12.0,30750,22.960335,2007000,1017.45,1020.0
2026-02-18 10:41:00,11.55,12.0,11.55,11.55,20250,22.810559,2007000,1016.7,1020.0
2026-02-18 10:42:00,11.45,11.55,11.45,11.45,18750,22.399424,2007000,1016.95,1020.0
2026-02-18 10:43:00,11.6,11.6,11.45,11.45,33000,22.081235,2010000,1017.3,1020.0
2026-02-18 10:44:00,11.6,11.6,11.45,11.6,6000,22.269326,2010000,1017.4,1020.0
2026-02-18 10:45:00,11.55,11.6,11.55,11.55,11250,21.947294,2010000,1017.65,1020.0
2026-02-18 10:46:00,11.65,12.1,11.55,12.1,54750,22.362892,2038500,1018.3,1020.0
2026-02-18 10:47:00,12.25,12.25,12.1,12.25,12750,22.359193,2038500,1018.6,1020.0
2026-02-18 10:48:00,12.25,12.25,12.25,12.25,39750,22.170403,2038500,1018.8,1020.0
2026-02-18 10:49:00,12.1,12.25,12.1,12.15,14250,20.822842,2064750,1020.0,1020.0
2026-02-18 10:50:00,12.7,13.3,12.15,13.25,204000,22.322979,2064750,1020.55,1020.0
2026-02-18 10:51:00,12.5,13.25,12.25,12.45,63750,21.62838,2064750,1019.75,1020.0
2026-02-18 10:52:00,12.5,12.5,12.25,12.25,15750,21.502101,1972500,1019.5,1020.0
2026-02-18 10:53:00,12.4,12.4,12.25,12.3,6750,21.10685,1972500,1020.0,1020.0
2026-02-18 10:54:00,12.85,12.85,12.3,12.85,40500,20.978824,1972500,1021.15,1020.0
2026-02-18 10:55:00,13.05,13.05,12.85,13.05,48000,21.454501,1982250,1021.05,1020.0
2026-02-18 10:56:00,12.9,13.05,12.9,12.9,20250,20.716023,1982250,1021.5,1020.0
2026-02-18 10:57:00,12.9,12.9,12.7,12.7,24750,20.855857,1982250,1021.0,1020.0
2026-02-18 10:58:00,12.7,12.7,12.7,12.7,9000,20.907907,1982250,1020.95,1020.0
2026-02-18 10:59:00,12.7,12.7,12.7,12.7,3000,20.909232,1982250,1020.95,1020.0
2026-02-18 11:00:00,12.9,12.9,12.7,12.9,27750,20.824203,1982250,1021.4,1020.0
2026-02-18 11:01:00,13.0,13.0,12.9,13.0,41250,21.420172,1997250,1021.0,1020.0
2026-02-18 11:02:00,12.9,13.0,12.9,12.9,6000,20.878182,1997250,1021.35,1020.0
2026-02-18 11:03:00,12.95,12.95,12.85,12.85,29250,21.396022,1997250,1020.75,1020.0
2026-02-18 11:04:00,12.95,12.95,12.85,12.95,39750,21.025369,1983000,1021.3,1020.0
2026-02-18 11:05:00,12.95,12.95,12.95,12.95,0,21.484163,1983000,1020.85,1020.0
2026-02-18 11:06:00,12.8,12.95,12.8,12.8,45000,21.357265,1983000,1020.7,1020.0
2026-02-18 11:07:00,13.45,13.45,12.8,13.45,28500,21.499557,1965750,1021.75,1020.0
2026-02-18 11:08:00,13.45,13.5,13.45,13.5,13500,21.334556,1965750,1022.0,1020.0
2026-02-18 11:09:00,13.85,14.05,13.5,14.05,189000,21.09274,1965750,1023.2,1020.0
2026-02-18 11:10:00,14.0,14.3,13.9,14.0,90750,21.215722,1973250,1023.0,1020.0
2026-02-18 11:11:00,14.0,14.0,13.65,13.65,13500,20.55887,1973250,1023.0,1020.0
2026-02-18 11:12:00,13.35,13.65,13.35,13.35,46500,21.059313,1973250,1022.0,1020.0
2026-02-18 11:13:00,13.5,13.5,13.35,13.5,23250,21.704514,1983750,1021.65,1020.0
2026-02-18 11:14:00,13.55,13.55,13.5,13.55,18000,21.747671,1983750,1021.7,1020.0
2026-02-18 11:15:00,13.55,13.55,13.55,13.55,12000,21.48971,1983750,1021.95,1020.0
2026-02-18 11:16:00,13.55,13.55,13.5,13.5,12000,21.863055,1983750,1021.5,1020.0
2026-02-18 11:17:00,13.2,13.5,13.15,13.15,22500,21.518192,1984500,1021.2,1020.0
2026-02-18 11:18:00,13.05,13.15,13.05,13.05,12000,21.889482,1984500,1020.65,1020.0
2026-02-18 11:19:00,12.45,13.05,12.4,12.4,38250,21.129568,1962750,1020.2,1020.0
2026-02-18 11:20:00,12.4,12.45,12.4,12.45,24750,21.074742,1962750,1020.35,1020.0
2026-02-18 11:21:00,12.3,12.45,12.3,12.3,22500,20.696745,1962750,1020.45,1020.0
2026-02-18 11:22:00,12.4,12.4,12.3,12.4,4500,21.331583,1963500,1020.0,1020.0
2026-02-18 11:23:00,12.0,12.4,12.0,12.0,45750,20.687081,1963500,1019.9,1020.0
2026-02-18 11:24:00,12.05,12.05,12.0,12.05,24000,20.58376,1963500,1020.1,1020.0
2026-02-18 11:25:00,12.25,12.25,12.05,12.25,33000,21.54666,1968750,1019.5,1020.0
2026-02-18 11:26:00,11.85,12.25,11.85,11.85,25500,20.803886,1968750,1019.5,1020.0
2026-02-18 11:27:00,11.55,11.85,11.55,11.55,14250,20.731015,1968750,1019.0,1020.0
2026-02-18 11:28:00,11.65,11.95,11.55,11.95,53250,21.138397,1982250,1019.35,1020.0
2026-02-18 11:29:00,12.25,12.25,11.95,12.25,17250,21.061709,1982250,1020.0,1020.0
2026-02-18 11:30:00,12.0,12.25,12.0,12.0,6750,21.088259,1982250,1019.5,1020.0
2026-02-18 11:31:00,11.8,12.0,11.8,11.8,24000,21.105054,1982250,1019.1,1020.0
2026-02-18 11:32:00,11.85,12.35,11.8,12.35,27000,20.954261,2013750,1020.3,1020.0
2026-02-18 11:33:00,12.7,12.7,12.35,12.7,3000,21.50807,2013750,1020.4,1020.0
2026-02-18 11:34:00,12.6,12.7,12.6,12.6,7500,21.223024,2013750,1020.5,1020.0
2026-02-18 11:35:00,12.6,12.6,12.6,12.6,9000,20.309648,2005500,1021.4,1020.0
2026-02-18 11:36:00,13.0,13.0,12.6,12.8,34500,20.478266,2005500,1021.6,1020.0
2026-02-18 11:37:00,12.9,12.9,12.8,12.9,6000,21.180519,2005500,1021.1,1020.0
2026-02-18 11:38:00,12.85,12.9,12.8,12.8,6000,21.096918,1991250,1021.0,1020.0
2026-02-18 11:39:00,12.65,12.8,12.65,12.65,3000,21.22264,1991250,1020.6,1020.0
2026-02-18 11:40:00,12.65,12.65,12.65,12.65,0,21.374382,1991250,1020.45,1020.0
2026-02-18 11:41:00,12.05,12.65,12.05,12.05,29250,20.456782,1976250,1020.25,1020.0
2026-02-18 11:42:00,12.3,12.3,12.05,12.3,18000,20.774422,1976250,1020.4,1020.0
2026-02-18 11:43:00,12.0,12.3,11.9,11.9,2250,20.329004,1976250,1020.1,1020.0
2026-02-18 11:44:00,12.0,12.0,11.9,12.0,6000,20.813126,1962000,1019.8,1020.0
2026-02-18 11:45:00,12.0,12.0,12.0,12.0,32250,21.592258,1962000,1019.0,1020.0
2026-02-18 11:46:00,11.65,12.0,11.65,11.65,12000,20.55516,1962000,1019.4,1020.0
2026-02-18 11:47:00,11.95,12.1,11.65,12.1,15750,21.003403,1960500,1019.8,1020.0
2026-02-18 11:48:00,12.05,12.1,12.05,12.05,1500,21.058784,1960500,1019.65,1020.0
2026-02-18 11:49:00,12.05,12.05,12.05,12.05,0,20.76501,1960500,1019.95,1020.0
2026-02-18 11:50:00,12.15,12.15,12.05,12.05,69000,21.256748,1920750,1019.45,1020.0
2026-02-18 11:51:00,12.05,12.05,12.05,12.05,14250,21.01377,1920750,1019.7,1020.0
2026-02-18 11:52:00,12.25,12.25,12.05,12.25,27000,21.092375,1920750,1020.0,1020.0
2026-02-18 11:53:00,12.25,12.25,12.25,12.25,7500,20.945007,1919250,1020.15,1020.0
2026-02-18 11:54:00,12.5,12.5,12.25,12.5,7500,20.353104,1919250,1021.2,1020.0
2026-02-18 11:55:00,12.85,12.85,12.5,12.7,17250,20.625877,1919250,1021.3,1020.0
2026-02-18 11:56:00,12.75,12.75,12.7,12.75,3750,21.331528,1924500,1020.7,1020.0
2026-02-18 11:57:00,12.8,12.8,12.5,12.5,11250,20.663397,1924500,1020.9,1020.0
2026-02-18 11:58:00,12.3,12.5,12.3,12.3,7500,21.193632,1924500,1020.0,1020.0
2026-02-18 11:59:00,12.3,12.3,12.3,12.3,12750,20.846909,1922250,1020.35,1020.0
2026-02-18 12:00:00,12.3,12.3,12.3,12.3,0,20.445753,1922250,1020.75,1020.0
2026-02-18 12:01:00,12.7,12.7,12.3,12.7,13500,21.042505,1922250,1020.9,1020.0
2026-02-18 12:02:00,12.85,12.85,12.7,12.85,6750,21.120685,1923000,1021.1,1020.0
2026-02-18 12:03:00,12.65,12.85,12.65,12.65,6000,20.849996,1923000,1021.0,1020.0
2026-02-18 12:04:00,12.7,12.7,12.65,12.7,9000,20.431321,1923000,1021.5,1020.0
2026-02-18 12:05:00,13.2,13.2,12.7,13.2,24000,21.317603,1923000,1021.55,1020.0
2026-02-18 12:06:00,13.2,13.2,13.2,13.2,12750,21.163568,1923000,1021.7,1020.0
2026-02-18 12:07:00,13.2,13.25,13.2,13.25,30000,21.05031,1923000,1021.9,1020.0
2026-02-18 12:08:00,13.1,13.25,13.1,13.1,9000,20.978801,1899750,1021.7,1020.0
2026-02-18 12:09:00,13.1,13.1,13.1,13.1,3000,20.876012,1899750,1021.8,1020.0
2026-02-18 12:10:00,13.1,13.1,13.1,13.1,3000,20.877349,1899750,1021.8,1020.0
2026-02-18 12:11:00,13.15,13.15,13.1,13.15,5250,20.815673,1900500,1021.95,1020.0
2026-02-18 12:12:00,12.85,13.15,12.85,12.9,9000,20.919923,1900500,1021.4,1020.0
2026-02-18 12:13:00,12.9,12.9,12.9,12.9,1500,20.662425,1900500,1021.65,1020.0
2026-02-18 12:14:00,13.05,13.05,12.9,13.05,6000,20.78888,1900500,1021.8,1020.0
2026-02-18 12:15:00,13.1,13.1,13.05,13.1,3750,20.988195,1900500,1021.7,1020.0
2026-02-18 12:16:00,13.25,13.25,13.1,13.25,22500,21.010107,1900500,1021.95,1020.0
2026-02-18 12:17:00,13.2,13.25,13.2,13.2,3750,21.230347,1887000,1021.65,1020.0
2026-02-18 12:18:00,13.25,13.25,13.1,13.1,18750,20.992222,1887000,1021.7,1020.0
2026-02-18 12:19:00,13.15,13.15,13.1,13.15,6750,20.826355,1887000,1021.95,1020.0
2026-02-18 12:20:00,13.0,13.15,13.0,13.0,4500,20.598389,1887000,1021.9,1020.0
2026-02-18 12:21:00,13.0,13.0,13.0,13.0,2250,21.016129,1887000,1021.5,1020.0
2026-02-18 12:22:00,13.2,13.2,13.0,13.2,3750,21.133194,1887000,1021.75,1020.0
2026-02-18 12:23:00,13.05,13.2,13.05,13.05,2250,20.327271,1880250,1022.25,1020.0
2026-02-18 12:24:00,13.25,13.25,13.05,13.25,4500,20.704911,1880250,1022.25,1020.0
2026-02-18 12:25:00,13.25,13.25,13.25,13.25,0,21.022224,1880250,1021.95,1020.0
2026-02-18 12:26:00,13.05,13.25,13.05,13.1,8250,20.794191,1878750,1021.9,1020.0
2026-02-18 12:27:00,13.05,13.1,13.05,13.05,6000,20.806216,1878750,1021.8,1020.0
2026-02-18 12:28:00,13.1,13.1,13.05,13.1,6000,20.796862,1878750,1021.9,1020.0
2026-02-18 12:29:00,13.2,13.2,13.1,13.2,750,20.986054,1869000,1021.9,1020.0
2026-02-18 12:30:00,13.2,13.2,13.2,13.2,0,20.882547,1869000,1022.0,1020.0
2026-02-18 12:31:00,13.25,13.25,12.9,12.9,27000,20.634227,1869000,1021.7,1020.0
2026-02-18 12:32:00,12.85,12.9,12.85,12.85,5250,20.541665,1860750,1021.7,1020.0
2026-02-18 12:33:00,12.85,12.85,12.85,12.85,6750,20.542984,1860750,1021.7,1020.0
2026-02-18 12:34:00,12.65,12.85,12.65,12.65,5250,20.635169,1860750,1021.25,1020.0
2026-02-18 12:35:00,12.6,12.65,12.55,12.55,13500,20.500432,1852500,1021.2,1020.0
2026-02-18 12:36:00,12.6,12.7,12.55,12.7,5250,21.140302,1852500,1020.85,1020.0
2026-02-18 12:37:00,12.55,12.7,12.55,12.55,3750,20.656875,1852500,1021.05,1020.0
2026-02-18 12:38:00,12.5,12.55,12.5,12.5,4500,21.621232,1851750,1020.0,1020.0
2026-02-18 12:39:00,11.95,12.5,11.95,11.95,57000,20.693736,1851750,1019.9,1020.0
2026-02-18 12:40:00,11.25,11.95,11.25,11.25,32250,21.40508,1851750,1017.8,1020.0
2026-02-18 12:41:00,10.6,11.25,10.4,10.4,42000,21.899468,1808250,1015.5,1020.0
2026-02-18 12:42:00,10.1,10.4,10.1,10.15,33000,20.452374,1808250,1016.6,1020.0
2026-02-18 12:43:00,10.85,10.85,10.15,10.85,88500,21.033019,1808250,1017.4,1020.0
2026-02-18 12:44:00,10.85,10.85,10.85,10.85,21750,21.21847,1765500,1017.2,1020.0
2026-02-18 12:45:00,10.65,10.85,10.65,10.65,15000,21.392367,1765500,1016.6,1020.0
2026-02-18 12:46:00,10.7,10.7,10.65,10.7,9750,21.260524,1765500,1016.85,1020.0
2026-02-18 12:47:00,10.8,10.8,10.7,10.75,8250,21.218644,1783500,1017.0,1020.0
2026-02-18 12:48:00,10.75,10.75,10.75,10.75,15000,21.265628,1783500,1016.95,1020.0
2026-02-18 12:49:00,10.55,10.75,10.55,10.6,19500,21.574391,1783500,1016.3,1020.0
2026-02-18 12:50:00,10.7,10.7,10.6,10.7,30000,21.356771,1783500,1016.75,1020.0
2026-02-18 12:51:00,10.55,10.7,10.55,10.55,42750,20.849759,1783500,1017.0,1020.0
2026-02-18 12:52:00,10.8,10.8,10.55,10.8,51000,21.273154,1783500,1017.05,1020.0
2026-02-18 12:53:00,10.7,10.8,10.7,10.7,7500,21.041612,1783500,1017.1,1020.0
2026-02-18 12:54:00,10.95,10.95,10.7,10.95,8250,20.909865,1811250,1017.75,1020.0
2026-02-18 12:55:00,10.9,10.95,10.8,10.8,15000,20.770288,1811250,1017.6,1020.0
2026-02-18 12:56:00,10.75,10.8,10.75,10.75,2250,20.770797,1826250,1017.5,1020.0
2026-02-18 12:57:00,10.9,10.95,10.75,10.95,12750,20.960418,1826250,1017.7,1020.0
2026-02-18 12:58:00,10.9,10.95,10.9,10.9,6000,21.146452,1826250,1017.4,1020.0
2026-02-18 12:59:00,10.9,10.95,10.9,10.95,22500,21.102462,1833000,1017.55,1020.0
2026-02-18 13:00:00,11.25,11.25,10.95,11.25,3000,21.385336,1833000,1017.85,1020.0
2026-02-18 13:01:00,11.2,11.25,11.2,11.2,26250,21.711695,1833000,1017.4,1020.0
2026-02-18 13:02:00,11.0,11.2,10.95,10.95,14250,21.429689,1848000,1017.2,1020.0
2026-02-18 13:03:00,10.85,10.95,10.85,10.85,19500,21.427256,1848000,1017.0,1020.0
2026-02-18 13:04:00,11.25,11.25,10.85,11.25,22500,20.919849,1848000,1018.35,1020.0
2026-02-18 13:05:00,11.5,11.5,11.25,11.5,20250,22.278512,1806750,1017.4,1020.0
2026-02-18 13:06:00,11.2,11.5,11.15,11.15,53250,21.393029,1806750,1017.65,1020.0
2026-02-18 13:07:00,11.05,11.15,11.05,11.05,4500,21.439181,1806750,1017.4,1020.0
2026-02-18 13:08:00,10.9,11.05,10.8,10.8,6750,21.794941,1803750,1016.5,1020.0
2026-02-18 13:09:00,10.3,10.8,10.3,10.35,31500,20.997583,1803750,1016.45,1020.0
2026-02-18 13:10:00,10.35,10.35,10.35,10.35,59250,21.845088,1803750,1015.5,1020.0
2026-02-18 13:11:00,10.65,10.65,10.35,10.65,27000,21.607977,1785750,1016.4,1020.0
2026-02-18 13:12:00,10.7,10.7,10.65,10.7,12000,21.386336,1785750,1016.75,1020.0
2026-02-18 13:13:00,10.85,10.95,10.7,10.95,9000,21.628083,1785750,1017.0,1020.0
2026-02-18 13:14:00,11.0,11.0,10.95,11.0,4500,20.795863,1788000,1018.0,1020.0
2026-02-18 13:15:00,11.45,11.45,11.0,11.4,37500,21.592529,1788000,1017.95,1020.0
2026-02-18 13:16:00,11.35,11.4,11.35,11.35,750,21.780877,1788000,1017.65,1020.0
2026-02-18 13:17:00,11.15,11.35,11.1,11.1,3750,21.50004,1786500,1017.45,1020.0
2026-02-18 13:18:00,11.35,11.35,11.1,11.35,36750,21.456081,1786500,1018.0,1020.0
2026-02-18 13:19:00,11.2,11.35,11.2,11.2,7500,21.317441,1786500,1017.85,1020.0
2026-02-18 13:20:00,11.0,11.25,11.0,11.25,4500,20.988521,1789500,1018.3,1020.0
2026-02-18 13:21:00,11.25,11.25,11.25,11.25,3000,21.272999,1789500,1018.0,1020.0
2026-02-18 13:22:00,11.35,11.35,11.25,11.35,6750,21.083416,1789500,1018.4,1020.0
2026-02-18 13:23:00,11.35,11.35,11.35,11.35,0,20.31587,1786500,1019.2,1020.0
2026-02-18 13:24:00,11.7,11.7,11.35,11.7,34500,20.923687,1786500,1019.25,1020.0
2026-02-18 13:25:00,11.5,11.7,11.5,11.5,2250,21.081844,1786500,1018.7,1020.0
2026-02-18 13:26:00,11.35,11.5,11.35,11.35,3750,20.993595,1785000,1018.5,1020.0
2026-02-18 13:27:00,11.35,11.35,11.35,11.35,0,20.514996,1785000,1019.0,1020.0
2026-02-18 13:28:00,11.65,11.65,11.35,11.65,9000,21.510122,1785000,1018.55,1020.0
2026-02-18 13:29:00,11.3,11.65,11.3,11.3,27000,20.712828,1773750,1018.7,1020.0
2026-02-18 13:30:00,11.45,11.45,11.3,11.45,1500,21.090677,1773750,1018.6,1020.0
2026-02-18 13:31:00,11.45,11.45,11.45,11.45,750,21.139785,1773750,1018.55,1020.0
2026-02-18 13:32:00,11.4,11.45,11.4,11.45,6000,21.379003,1773750,1018.3,1020.0
2026-02-18 13:33:00,11.45,11.45,11.45,11.45,5250,21.237823,1773750,1018.45,1020.0
2026-02-18 13:34:00,11.35,11.45,11.35,11.35,750,21.241845,1773750,1018.25,1020.0
2026-02-18 13:35:00,11.35,11.4,11.35,11.4,9000,21.336826,1773750,1018.25,1020.0
2026-02-18 13:36:00,11.45,11.45,11.4,11.45,3000,21.526423,1773750,1018.15,1020.0
2026-02-18 13:37:00,11.2,11.45,11.2,11.2,3000,21.200919,1773750,1018.0,1020.0
2026-02-18 13:38:00,11.0,11.2,11.0,11.1,11250,20.967872,1781250,1018.05,1020.0
2026-02-18 13:39:00,11.5,11.5,11.1,11.5,4500,20.811716,1781250,1019.0,1020.0
2026-02-18 13:40:00,11.6,11.6,11.5,11.6,4500,21.193251,1781250,1018.8,1020.0
2026-02-18 13:41:00,11.75,11.75,11.6,11.75,16500,21.23432,1773750,1019.05,1020.0
2026-02-18 13:42:00,11.8,11.8,11.65,11.65,22500,21.09672,1773750,1019.0,1020.0
2026-02-18 13:43:00,11.7,11.7,11.6,11.6,10500,21.341276,1773750,1018.65,1020.0
2026-02-18 13:44:00,11.75,11.75,11.6,11.75,6000,20.995386,1800000,1019.3,1020.0
2026-02-18 13:45:00,12.0,12.15,11.75,12.15,26250,21.25543,1800000,1019.8,1020.0
2026-02-18 13:46:00,12.15,12.15,12.15,12.15,14250,21.306204,1800000,1019.75,1020.0
2026-02-18 13:47:00,12.15,12.15,12.1,12.1,57000,21.459844,1829250,1019.5,1020.0
2026-02-18 13:48:00,12.15,12.25,12.1,12.25,22500,21.447049,1829250,1019.8,1020.0
2026-02-18 13:49:00,13.3,13.35,12.25,13.35,110250,20.74117,1829250,1022.5,1020.0
2026-02-18 13:50:00,13.2,13.35,13.0,13.0,63000,20.560034,1781250,1022.05,1020.0
2026-02-18 13:51:00,13.15,13.15,12.9,12.9,7500,20.636134,1781250,1021.8,1020.0
2026-02-18 13:52:00,12.7,12.9,12.05,12.05,39750,20.62899,1781250,1020.25,1020.0
2026-02-18 13:53:00,11.65,12.05,11.6,11.6,25500,21.30691,1774500,1018.7,1020.0
2026-02-18 13:54:00,11.7,11.7,11.6,11.6,54750,20.970727,1774500,1019.05,1020.0
2026-02-18 13:55:00,11.3,11.6,11.3,11.3,26250,19.173908,1774500,1020.3,1020.0
2026-02-18 13:56:00,12.0,12.0,11.3,11.85,28500,20.158084,1794750,1020.35,1020.0
2026-02-18 13:57:00,11.95,11.95,11.85,11.95,4500,19.788239,1794750,1020.9,1020.0
2026-02-18 13:58:00,11.95,12.05,11.95,12.05,4500,20.334437,1794750,1020.55,1020.0
2026-02-18 13:59:00,11.95,12.05,11.95,11.95,9750,20.450458,1794000,1020.25,1020.0
2026-02-18 14:00:00,11.9,11.95,11.9,11.9,7500,20.558096,1794000,1020.05,1020.0
2026-02-18 14:01:00,11.6,11.9,11.6,11.6,3000,20.045988,1794000,1020.0,1020.0
2026-02-18 14:02:00,11.6,11.6,11.6,11.6,3000,20.047284,1794000,1020.0,1020.0
2026-02-18 14:03:00,11.75,11.75,11.6,11.75,750,20.33027,1794000,1020.0,1020.0
2026-02-18 14:04:00,11.7,11.75,11.7,11.7,3750,20.237679,1794000,1020.0,1020.0
2026-02-18 14:05:00,11.5,11.7,11.5,11.5,4500,19.713231,1795500,1020.15,1020.0
2026-02-18 14:06:00,11.5,11.5,11.5,11.5,12750,19.71451,1795500,1020.15,1020.0
2026-02-18 14:07:00,11.5,11.5,11.5,11.5,750,19.865921,1795500,1020.0,1020.0
2026-02-18 14:08:00,11.55,11.55,11.5,11.55,6750,19.911182,1795500,1020.05,1020.0
2026-02-18 14:09:00,11.7,11.7,11.55,11.7,3750,19.791964,1809750,1020.45,1020.0
2026-02-18 14:10:00,11.65,11.7,11.65,11.65,2250,20.001536,1809750,1020.15,1020.0
2026-02-18 14:11:00,11.65,11.65,11.65,11.65,0,19.189691,1806000,1020.95,1020.0
2026-02-18 14:12:00,11.95,11.95,11.65,11.95,22500,19.756187,1806000,1020.95,1020.0
2026-02-18 14:13:00,11.9,11.95,11.9,11.9,4500,20.625223,1806000,1020.0,1020.0
2026-02-18 14:14:00,11.5,12.3,11.5,12.3,49500,19.320769,1779750,1022.0,1020.0
2026-02-18 14:15:00,12.25,12.3,12.25,12.25,20250,19.650523,1779750,1021.6,1020.0
2026-02-18 14:16:00,12.15,12.25,12.15,12.15,9750,19.35758,1779750,1021.7,1020.0
2026-02-18 14:17:00,12.15,12.15,12.15,12.15,6000,19.464157,1761750,1021.6,1020.0
2026-02-18 14:18:00,12.4,12.4,12.15,12.4,4500,19.515184,1761750,1022.0,1020.0
2026-02-18 14:19:00,12.65,12.65,12.4,12.65,17250,19.669407,1761750,1022.3,1020.0
2026-02-18 14:20:00,12.9,12.9,12.65,12.9,21750,19.713075,1744500,1022.7,1020.0
2026-02-18 14:21:00,12.85,12.9,12.85,12.85,17250,20.051118,1744500,1022.3,1020.0
2026-02-18 14:22:00,13.0,13.25,12.85,13.2,96750,20.447538,1744500,1022.55,1020.0
2026-02-18 14:23:00,13.15,13.2,13.15,13.15,14250,19.974328,1729500,1022.9,1020.0
2026-02-18 14:24:00,13.2,13.2,13.15,13.2,27000,20.125259,1729500,1022.85,1020.0
2026-02-18 14:25:00,13.0,13.2,13.0,13.0,48750,20.23351,1729500,1022.4,1020.0
2026-02-18 14:26:00,13.0,13.0,13.0,13.0,24000,20.127268,1672500,1022.5,1020.0
2026-02-18 14:27:00,13.1,13.1,13.0,13.1,22500,20.425779,1672500,1022.4,1020.0
2026-02-18 14:28:00,13.05,13.1,13.05,13.05,9000,20.385911,1672500,1022.35,1020.0
2026-02-18 14:29:00,12.7,13.05,12.7,12.7,12750,20.203365,1650000,1021.9,1020.0
2026-02-18 14:30:00,12.2,12.7,12.2,12.2,41250,19.836931,1650000,1021.35,1020.0
2026-02-18 14:31:00,11.95,12.2,11.95,11.95,8250,19.729171,1650000,1021.0,1020.0
2026-02-18 14:32:00,12.0,12.0,11.95,12.0,12750,19.513896,1626750,1021.3,1020.0
2026-02-18 14:33:00,12.15,12.15,12.0,12.15,15750,20.211785,1626750,1020.9,1020.0
2026-02-18 14:34:00,11.85,12.15,11.85,11.85,5250,19.954342,1626750,1020.6,1020.0
2026-02-18 14:35:00,12.3,12.3,11.85,12.3,6000,20.188065,1623000,1021.2,1020.0
2026-02-18 14:36:00,12.45,12.45,12.3,12.45,4500,20.212709,1623000,1021.45,1020.0
2026-02-18 14:37:00,12.55,12.55,12.45,12.55,13500,20.558972,1623000,1021.3,1020.0
2026-02-18 14:38:00,12.45,12.55,12.45,12.45,6000,20.629979,1623000,1021.05,1020.0
2026-02-18 14:39:00,12.2,12.45,12.2,12.2,10500,19.796451,1611750,1021.4,1020.0
2026-02-18 14:40:00,12.35,12.35,12.2,12.35,15750,19.448657,1611750,1022.0,1020.0
2026-02-18 14:41:00,12.4,12.4,12.35,12.4,12750,19.704088,1611750,1021.85,1020.0
2026-02-18 14:42:00,12.45,12.45,12.4,12.45,6750,19.852976,1611750,1021.8,1020.0
2026-02-18 14:43:00,12.6,12.6,12.45,12.6,5250,20.243611,1611750,1021.7,1020.0
2026-02-18 14:44:00,12.6,12.6,12.6,12.6,0,19.927663,1611750,1022.0,1020.0
2026-02-18 14:45:00,12.4,12.6,12.4,12.4,21750,19.549863,1608750,1022.0,1020.0
2026-02-18 14:46:00,12.4,12.4,12.35,12.35,6750,19.562777,1608750,1021.9,1020.0
2026-02-18 14:47:00,12.7,12.7,12.35,12.7,20250,20.067932,1610250,1022.05,1020.0
2026-02-18 14:48:00,12.5,12.7,12.5,12.5,3750,19.475892,1610250,1022.25,1020.0
2026-02-18 14:49:00,12.55,12.75,12.5,12.75,9000,19.301161,1610250,1022.85,1020.0
2026-02-18 14:50:00,12.6,12.75,12.6,12.6,3750,19.126186,1606500,1022.75,1020.0
2026-02-18 14:51:00,12.8,12.8,12.6,12.8,5250,19.289141,1606500,1022.95,1020.0
2026-02-18 14:52:00,12.75,12.8,12.7,12.7,18000,19.591363,1606500,1022.5,1020.0
2026-02-18 14:53:00,12.75,12.75,12.65,12.65,6750,19.497564,1597500,1022.5,1020.0
2026-02-18 14:54:00,12.55,12.65,12.55,12.55,6750,17.098481,1597500,1024.45,1020.0
2026-02-18 14:55:00,13.45,13.45,12.55,13.45,84000,19.362663,1597500,1024.0,1020.0
2026-02-18 14:56:00,13.3,13.45,13.3,13.4,27750,19.832027,1557750,1023.5,1020.0
2026-02-18 14:57:00,13.5,13.5,13.4,13.5,39000,19.117473,1557750,1024.3,1020.0
2026-02-18 14:58:00,13.5,13.5,13.5,13.5,0,19.291293,1557750,1024.15,1020.0
2026-02-18 14:59:00,13.6,13.6,13.5,13.6,77250,19.71294,1557750,1023.95,1020.0
2026-02-18 15:00:00,13.3,13.6,13.3,13.3,60750,18.148583,1524750,1024.8,1020.0
2026-02-18 15:01:00,8.9,8.9,8.85,8.9,1500,19.093466,1151250,1025.45,1030.0
2026-02-18 15:02:00,13.45,13.45,13.3,13.45,81000,19.200143,1477500,1024.15,1020.0
2026-02-18 15:03:00,12.5,13.45,12.5,12.5,78000,17.772543,1477500,1023.8,1020.0
2026-02-18 15:04:00,12.6,12.6,12.5,12.6,24000,17.443825,1477500,1024.25,1020.0
2026-02-18 15:05:00,12.1,12.6,12.1,12.1,20250,17.857418,1461750,1023.05,1020.0
2026-02-18 15:06:00,11.8,12.1,11.8,11.8,24750,16.009231,1461750,1024.15,1020.0
2026-02-18 15:07:00,12.4,12.4,11.8,12.4,31500,17.176965,1461750,1024.15,1020.0
2026-02-18 15:08:00,12.25,12.4,12.25,12.25,21750,16.590088,1449750,1024.4,1020.0
2026-02-18 15:09:00,12.3,12.4,12.25,12.4,33000,17.061511,1449750,1024.25,1020.0
2026-02-18 15:10:00,12.4,12.4,12.25,12.25,17250,16.83028,1449750,1024.2,1020.0
2026-02-18 15:11:00,12.55,12.55,12.25,12.55,40500,17.296236,1449750,1024.3,1020.0
2026-02-18 15:12:00,12.35,12.55,12.35,12.35,12000,17.261623,1430250,1024.0,1020.0
2026-02-18 15:13:00,12.0,12.35,12.0,12.0,2250,17.562916,1430250,1023.15,1020.0
2026-02-18 15:14:00,11.85,12.0,11.4,11.4,43500,16.862291,1430250,1022.75,1020.0
2026-02-18 15:15:00,12.3,12.3,11.4,12.15,69000,16.582189,1422750,1024.25,1020.0
2026-02-18 15:16:00,12.1,12.2,12.0,12.0,29250,17.22583,1422750,1023.45,1020.0
2026-02-18 15:17:00,11.9,12.1,11.7,12.1,21750,16.724011,1422750,1024.05,1020.0
2026-02-18 15:18:00,11.9,12.1,11.9,11.95,25500,16.492714,1398750,1024.0,1020.0
2026-02-18 15:19:00,11.9,12.2,11.9,11.9,15750,17.036592,1398750,1023.45,1020.0
2026-02-18 15:20:00,12.25,12.25,11.9,12.25,3000,17.077284,1398750,1024.0,1020.0
2026-02-18 15:21:00,11.95,12.25,11.95,11.95,14250,17.020497,1400250,1023.55,1020.0
2026-02-18 15:22:00,11.45,11.95,11.45,11.45,14250,16.458772,1400250,1023.2,1020.0
2026-02-18 15:23:00,11.6,11.6,11.45,11.6,45750,16.805809,1400250,1023.15,1020.0
2026-02-18 15:24:00,12.0,12.0,11.6,12.0,12750,16.714234,1369500,1023.9,1020.0
2026-02-18 15:25:00,11.85,12.0,11.85,11.85,27000,17.175616,1369500,1023.25,1020.0
2026-02-18 15:26:00,11.85,11.85,11.7,11.7,15000,17.001707,1369500,1023.15,1020.0
2026-02-18 15:27:00,11.65,11.7,11.55,11.55,81750,16.770993,1351500,1023.1,1020.0
2026-02-18 15:28:00,11.55,11.6,11.55,11.6,12000,16.981476,1351500,1023.0,1020.0
2026-02-18 15:29:00,11.45,11.6,11.45,11.45,13500,19.372275,1351500,1020.5,1020.0
2026-02-19 09:15:00,11.5,11.5,9.7,11.35,21750,19.835535,1335750,1021.25,1020.0
2026-02-19 09:16:00,10.6,11.35,10.6,10.6,21750,20.680304,1335750,1019.05,1020.0
2026-02-19 09:17:00,9.95,10.6,9.95,9.95,41250,18.803829,1335750,1019.6,1020.0
2026-02-19 09:18:00,9.8,9.95,9.45,9.45,54000,17.589184,1335750,1019.8,1020.0
2026-02-19 09:19:00,9.7,9.7,9.45,9.7,20250,18.461919,1330500,1019.45,1020.0
2026-02-19 09:20:00,10.0,10.0,9.7,10.0,17250,19.065856,1330500,1019.45,1020.0
2026-02-19 09:21:00,10.05,10.2,10.0,10.2,58500,18.673957,1330500,1020.2,1020.0
2026-02-19 09:22:00,10.0,10.2,10.0,10.0,35250,18.487293,1332000,1020.0,1020.0
2026-02-19 09:23:00,10.0,10.0,10.0,10.0,39750,18.381699,1332000,1020.1,1020.0
2026-02-19 09:24:00,9.35,10.0,9.35,9.45,23250,18.38282,1332000,1019.05,1020.0
2026-02-19 09:25:00,9.35,9.45,9.35,9.35,72000,17.975864,1326000,1019.25,1020.0
2026-02-19 09:26:00,9.15,9.35,9.15,9.15,12000,18.447426,1326000,1018.4,1020.0
2026-02-19 09:27:00,9.15,9.15,9.15,9.15,0,18.092841,1326000,1018.75,1020.0
2026-02-19 09:28:00,9.15,9.15,9.15,9.15,0,18.802001,1347000,1018.05,1020.0
2026-02-19 09:29:00,9.15,9.15,9.15,9.15,0,18.299461,1347000,1018.55,1020.0
2026-02-19 09:30:00,9.05,9.15,9.05,9.05,126750,17.742074,1347000,1018.9,1020.0
2026-02-19 09:31:00,9.5,9.5,9.05,9.5,13500,18.544462,1351500,1019.0,1020.0
2026-02-19 09:32:00,9.5,9.5,9.5,9.5,18750,18.182376,1351500,1019.35,1020.0
2026-02-19 09:33:00,9.3,9.5,9.3,9.3,24000,17.93811,1351500,1019.2,1020.0
2026-02-19 09:34:00,9.65,9.65,9.3,9.65,20250,19.055726,1352250,1018.8,1020.0
2026-02-19 09:35:00,9.35,9.65,9.35,9.35,16500,18.861634,1352250,1018.4,1020.0
2026-02-19 09:36:00,9.35,9.35,9.35,9.35,6750,18.404318,1352250,1018.85,1020.0
2026-02-19 09:37:00,9.3,9.35,9.2,9.2,10500,18.714282,1354500,1018.25,1020.0
2026-02-19 09:38:00,9.5,9.5,9.2,9.5,9000,19.167321,1354500,1018.4,1020.0
2026-02-19 09:39:00,9.5,9.5,9.5,9.5,7500,18.555443,1354500,1019.0,1020.0
2026-02-19 09:40:00,9.6,9.75,9.5,9.75,6750,18.221944,1357500,1019.8,1020.0
2026-02-19 09:41:00,10.05,10.05,9.75,10.05,22500,18.345709,1357500,1020.25,1020.0
2026-02-19 09:42:00,10.25,10.25,10.05,10.25,30000,18.642073,1357500,1020.35,1020.0
2026-02-19 09:43:00,9.85,10.25,9.85,9.85,15750,18.374161,1360500,1019.85,1020.0
2026-02-19 09:44:00,9.85,9.85,9.85,9.85,0,18.692906,1360500,1019.55,1020.0
2026-02-19 09:45:00,9.5,9.85,9.5,9.5,18000,17.990058,1360500,1019.55,1020.0
2026-02-19 09:46:00,9.7,9.7,9.5,9.7,6000,18.341169,1357500,1019.6,1020.0
2026-02-19 09:47:00,10.05,10.05,9.7,10.05,6000,18.568926,1357500,1020.05,1020.0
2026-02-19 09:48:00,9.9,10.05,9.9,9.9,26250,18.428448,1357500,1019.9,1020.0
2026-02-19 09:49:00,10.45,10.45,9.9,10.45,26250,18.619439,1339500,1020.75,1020.0
2026-02-19 09:50:00,10.05,10.45,10.05,10.05,10500,18.626583,1339500,1020.0,1020.0
2026-02-19 09:51:00,10.1,10.1,10.05,10.1,6750,18.514119,1339500,1020.2,1020.0
2026-02-19 09:52:00,9.85,10.1,9.85,9.85,21750,18.439655,1343250,1019.8,1020.0
2026-02-19 09:53:00,9.9,9.9,9.85,9.9,3750,18.753377,1343250,1019.6,1020.0
2026-02-19 09:54:00,9.9,9.9,9.9,9.9,3000,18.912524,1343250,1019.45,1020.0
2026-02-19 09:55:00,9.9,9.9,9.9,9.9,12750,18.331254,1344750,1020.0,1020.0
2026-02-19 09:56:00,9.8,9.9,9.8,9.8,5250,18.184574,1344750,1019.95,1020.0
2026-02-19 09:57:00,9.8,9.8,9.8,9.8,3750,18.715409,1344750,1019.45,1020.0
2026-02-19 09:58:00,9.75,9.85,9.7,9.85,33000,18.234582,1338000,1020.0,1020.0
2026-02-19 09:59:00,9.85,9.85,9.85,9.85,11250,18.766348,1338000,1019.5,1020.0
2026-02-19 10:00:00,9.7,9.85,9.7,9.7,9000,18.360314,1338000,1019.6,1020.0
2026-02-19 10:01:00,9.75,9.75,9.7,9.75,3750,18.567747,1332000,1019.5,1020.0
2026-02-19 10:02:00,9.55,9.75,9.55,9.55,15000,18.480288,1332000,1019.2,1020.0
2026-02-19 10:03:00,9.65,9.65,9.55,9.65,1500,18.735013,1332000,1019.15,1020.0
2026-02-19 10:04:00,9.55,9.65,9.55,9.55,4500,18.326455,1337250,1019.35,1020.0
2026-02-19 10:05:00,9.55,9.55,9.55,9.55,0,18.170378,1337250,1019.5,1020.0
2026-02-19 10:06:00,9.5,9.55,9.5,9.5,2250,18.385095,1337250,1019.2,1020.0
2026-02-19 10:07:00,9.55,9.55,9.5,9.55,12000,18.278162,1330500,1019.4,1020.0
2026-02-19 10:08:00,9.55,9.55,9.55,9.55,3750,17.856876,1330500,1019.8,1020.0
2026-02-19 10:09:00,9.7,9.7,9.55,9.7,10500,18.47806,1330500,1019.5,1020.0
2026-02-19 10:10:00,9.6,9.7,9.6,9.6,3000,18.382998,1332750,1019.4,1020.0
2026-02-19 10:11:00,9.45,9.6,9.45,9.45,19500,18.653588,1332750,1018.85,1020.0
2026-02-19 10:12:00,9.4,9.45,9.4,9.4,9000,18.295847,1332750,1019.1,1020.0
2026-02-19 10:13:00,9.4,9.4,9.4,9.4,17250,18.141057,1347750,1019.25,1020.0
2026-02-19 10:14:00,9.4,9.4,9.4,9.4,11250,18.813253,1347750,1018.6,1020.0
2026-02-19 10:15:00,9.1,9.4,9.1,9.1,25500,18.261228,1347750,1018.55,1020.0
2026-02-19 10:16:00,9.2,9.2,9.1,9.2,7500,18.259583,1347750,1018.75,1020.0
2026-02-19 10:17:00,9.3,9.3,9.2,9.3,3750,18.717849,1356000,1018.5,1020.0
2026-02-19 10:18:00,9.15,9.3,9.05,9.05,4500,18.317005,1356000,1018.4,1020.0
2026-02-19 10:19:00,8.75,9.05,8.75,8.75,54750,17.915757,1352250,1018.2,1020.0
2026-02-19 10:20:00,8.65,8.75,8.65,8.65,8250,17.916107,1352250,1018.0,1020.0
2026-02-19 10:21:00,8.85,8.85,8.65,8.85,9000,18.12002,1352250,1018.2,1020.0
2026-02-19 10:22:00,8.8,8.85,8.8,8.8,5250,17.818514,1351500,1018.4,1020.0
2026-02-19 10:23:00,9.0,9.0,8.8,9.0,57000,18.070528,1351500,1018.55,1020.0
2026-02-19 10:24:00,8.9,9.0,8.9,8.9,15000,18.224882,1351500,1018.2,1020.0
2026-02-19 10:25:00,9.0,9.0,8.9,9.0,20250,18.32698,1370250,1018.3,1020.0
2026-02-19 10:26:00,9.1,9.1,9.0,9.1,6000,18.225163,1370250,1018.6,1020.0
2026-02-19 10:27:00,9.05,9.1,9.05,9.05,8250,17.76608,1370250,1018.95,1020.0
2026-02-19 10:28:00,9.05,9.05,9.05,9.05,5250,18.279864,1371750,1018.45,1020.0
2026-02-19 10:29:00,8.8,9.05,8.8,8.8,7500,18.330636,1371750,1017.9,1020.0
2026-02-19 10:30:00,8.55,8.8,8.55,8.55,14250,18.026178,1371750,1017.7,1020.0
2026-02-19 10:31:00,8.55,8.55,8.55,8.55,0,17.928342,1371750,1017.8,1020.0
2026-02-19 10:32:00,8.6,8.6,8.55,8.6,17250,18.228686,1362750,1017.6,1020.0
2026-02-19 10:33:00,8.5,8.75,8.5,8.75,18000,17.884046,1362750,1018.25,1020.0
2026-02-19 10:34:00,8.65,8.75,8.65,8.65,2250,18.233458,1361250,1017.7,1020.0
2026-02-19 10:35:00,8.55,8.65,8.55,8.55,3000,18.03288,1361250,1017.7,1020.0
2026-02-19 10:36:00,8.7,8.7,8.55,8.7,5250,17.988311,1361250,1018.05,1020.0
2026-02-19 10:37:00,8.95,8.95,8.7,8.95,20250,18.141139,1366500,1018.4,1020.0
2026-02-19 10:38:00,8.65,8.95,8.65,8.65,39000,17.486385,1366500,1018.45,1020.0
2026-02-19 10:39:00,8.8,8.8,8.65,8.8,15000,18.443885,1366500,1017.8,1020.0
2026-02-19 10:40:00,8.6,8.8,8.6,8.75,36000,18.044434,1379250,1018.1,1020.0
2026-02-19 10:41:00,8.95,8.95,8.75,8.95,3000,18.298423,1379250,1018.25,1020.0
2026-02-19 10:42:00,8.85,8.95,8.8,8.8,6000,17.641477,1379250,1018.6,1020.0
2026-02-19 10:43:00,9.1,9.1,8.8,9.1,26250,17.836537,1379250,1019.0,1020.0
2026-02-19 10:44:00,9.1,9.1,9.1,9.1,0,17.941363,1375500,1018.9,1020.0
2026-02-19 10:45:00,9.2,9.2,9.1,9.2,12000,18.041079,1375500,1019.0,1020.0
2026-02-19 10:46:00,9.15,9.2,9.15,9.15,9750,17.68111,1374000,1019.25,1020.0
2026-02-19 10:47:00,9.5,9.55,9.15,9.55,56250,17.855924,1374000,1019.85,1020.0
2026-02-19 10:48:00,9.95,9.95,9.55,9.95,8250,18.181492,1374000,1020.3,1020.0
2026-02-19 10:49:00,10.25,10.25,9.95,10.25,25500,18.187572,1364250,1020.85,1020.0
2026-02-19 10:50:00,10.0,10.25,10.0,10.0,13500,18.60916,1364250,1020.0,1020.0
2026-02-19 10:51:00,9.85,10.0,9.85,9.85,6750,17.874327,1364250,1020.4,1020.0
2026-02-19 10:52:00,10.1,10.1,9.85,10.1,30750,17.887433,1364250,1020.85,1020.0
2026-02-19 10:53:00,10.1,10.1,10.1,10.1,4500,18.164626,1348500,1020.6,1020.0
2026-02-19 10:54:00,9.8,10.1,9.8,9.8,750,17.994513,1348500,1020.2,1020.0
2026-02-19 10:55:00,9.8,9.8,9.8,9.8,5250,18.638109,1348500,1019.6,1020.0
2026-02-19 10:56:00,9.65,9.8,9.65,9.65,10500,18.96498,1348500,1019.0,1020.0
2026-02-19 10:57:00,9.15,9.65,9.15,9.15,111000,18.368377,1348500,1018.6,1020.0
2026-02-19 10:58:00,8.95,9.15,8.85,8.85,9750,17.81479,1353750,1018.55,1020.0
2026-02-19 10:59:00,8.8,8.85,8.8,8.8,2250,18.120769,1353750,1018.15,1020.0
2026-02-19 11:00:00,9.05,9.05,8.8,9.05,51000,17.965102,1353750,1018.8,1020.0
2026-02-19 11:01:00,9.4,9.4,9.05,9.4,15750,18.101521,1344750,1019.35,1020.0
2026-02-19 11:02:00,9.4,9.4,9.4,9.4,0,19.388051,1344750,1018.1,1020.0
2026-02-19 11:03:00,9.05,9.4,9.05,9.05,6000,17.658328,1344750,1019.1,1020.0
2026-02-19 11:04:00,9.15,9.15,9.05,9.15,8250,18.377985,1344750,1018.6,1020.0
2026-02-19 11:05:00,9.15,9.15,9.15,9.15,8250,17.967108,1346250,1019.0,1020.0
2026-02-19 11:06:00,9.05,9.15,9.05,9.05,9750,17.921614,1346250,1018.85,1020.0
2026-02-19 11:07:00,9.05,9.05,9.05,9.05,1500,17.922961,1346250,1018.85,1020.0
2026-02-19 11:08:00,9.05,9.05,9.05,9.05,0,18.130107,1345500,1018.65,1020.0
2026-02-19 11:09:00,8.75,9.05,8.75,8.75,9000,17.83097,1345500,1018.35,1020.0
2026-02-19 11:10:00,8.75,8.75,8.75,8.75,0,17.577532,1345500,1018.6,1020.0
2026-02-19 11:11:00,8.9,8.9,8.75,8.9,2250,17.830906,1344750,1018.65,1020.0
2026-02-19 11:12:00,9.25,9.25,8.9,9.25,11250,17.813091,1344750,1019.35,1020.0
2026-02-19 11:13:00,9.05,9.25,9.05,9.05,52500,17.982646,1352250,1018.8,1020.0
2026-02-19 11:14:00,9.0,9.05,9.0,9.0,15750,17.934399,1352250,1018.75,1020.0
2026-02-19 11:15:00,9.0,9.0,9.0,9.0,9000,17.935748,1352250,1018.75,1020.0
2026-02-19 11:16:00,8.9,9.0,8.9,8.9,2250,18.396512,1352250,1018.1,1020.0
2026-02-19 11:17:00,8.95,8.95,8.9,8.95,2250,17.001409,1347000,1019.55,1020.0
2026-02-19 11:18:00,8.95,8.95,8.95,8.95,0,17.735514,1347000,1018.85,1020.0
2026-02-19 11:19:00,9.05,9.05,8.95,9.05,34500,18.196326,1347000,1018.6,1020.0
2026-02-19 11:20:00,9.2,9.2,9.05,9.2,750,18.398533,1343250,1018.7,1020.0
2026-02-19 11:21:00,8.9,9.2,8.9,8.9,2250,18.20129,1343250,1018.3,1020.0
2026-02-19 11:22:00,8.9,8.9,8.9,8.9,0,18.455078,1346250,1018.05,1020.0
2026-02-19 11:23:00,8.7,8.9,8.7,8.7,27000,18.500572,1346250,1017.6,1020.0
2026-02-19 11:24:00,8.4,8.7,8.4,8.4,6000,17.844603,1346250,1017.65,1020.0
2026-02-19 11:25:00,8.55,8.55,8.4,8.55,30750,18.100228,1346250,1017.7,1020.0
2026-02-19 11:26:00,8.75,8.75,8.55,8.75,8250,18.257255,1334250,1017.95,1020.0
2026-02-19 11:27:00,8.75,8.75,8.75,8.75,0,18.308685,1334250,1017.9,1020.0
2026-02-19 11:28:00,8.6,8.75,8.6,8.75,17250,18.310054,1334250,1017.9,1020.0
2026-02-19 11:29:00,8.75,8.75,8.75,8.75,7500,18.110639,1336500,1018.1,1020.0
2026-02-19 11:30:00,8.95,8.95,8.75,8.95,6000,17.699824,1336500,1018.9,1020.0
2026-02-19 11:31:00,9.1,9.1,8.95,9.1,3750,18.159792,1336500,1018.75,1020.0
2026-02-19 11:32:00,9.1,9.1,9.1,9.1,4500,17.746057,1338750,1019.15,1020.0
2026-02-19 11:33:00,9.4,9.4,9.1,9.4,2250,18.092524,1338750,1019.4,1020.0
2026-02-19 11:34:00,9.35,9.4,9.35,9.35,3000,18.411359,1338750,1019.0,1020.0
2026-02-19 11:35:00,10.0,10.0,9.35,10.0,20250,18.779609,1339500,1019.9,1020.0
2026-02-19 11:36:00,9.7,10.0,9.6,9.6,4500,17.64591,1339500,1020.2,1020.0
2026-02-19 11:37:00,10.1,10.1,9.6,10.1,3750,18.87786,1339500,1020.0,1020.0
2026-02-19 11:38:00,10.1,10.1,10.1,10.1,6000,18.391235,1332000,1020.45,1020.0
2026-02-19 11:39:00,10.15,10.15,10.1,10.15,6000,18.219415,1332000,1020.7,1020.0
2026-02-19 11:40:00,10.2,10.2,10.15,10.2,4500,18.43266,1332000,1020.6,1020.0
2026-02-19 11:41:00,10.0,10.2,10.0,10.0,1500,18.680683,1332000,1020.0,1020.0
2026-02-19 11:42:00,9.8,10.0,9.8,9.8,4500,19.23,1332000,1019.1,1020.0
2026-02-19 11:43:00,9.4,9.8,9.4,9.4,4500,17.947512,1332000,1019.55,1020.0
2026-02-19 11:44:00,9.4,9.4,9.4,9.4,0,17.521236,1332750,1019.95,1020.0
2026-02-19 11:45:00,9.5,9.5,9.4,9.5,15000,17.725515,1332750,1019.95,1020.0
2026-02-19 11:46:00,9.8,9.8,9.5,9.8,32250,18.496528,1332750,1019.8,1020.0
2026-02-19 11:47:00,10.3,10.3,9.8,10.3,37500,18.034332,1341750,1021.15,1020.0
2026-02-19 11:48:00,10.45,10.45,10.3,10.45,17250,18.565065,1341750,1020.95,1020.0
2026-02-19 11:49:00,10.45,10.45,10.45,10.45,0,19.063169,1341750,1020.5,1020.0
2026-02-19 11:50:00,10.45,10.45,10.45,10.45,0,19.499074,1341750,1020.1,1020.0
2026-02-19 11:51:00,10.05,10.45,10.05,10.05,15750,18.471523,1345500,1020.3,1020.0
2026-02-19 11:52:00,10.1,10.1,10.05,10.1,2250,18.190931,1345500,1020.65,1020.0
2026-02-19 11:53:00,9.9,10.1,9.9,9.9,1500,18.114966,1345500,1020.35,1020.0
2026-02-19 11:54:00,9.9,9.9,9.9,9.9,0,18.170893,1345500,1020.3,1020.0
2026-02-19 11:55:00,10.2,10.2,9.9,10.2,7500,18.009776,1345500,1021.0,1020.0
2026-02-19 11:56:00,10.4,10.4,10.2,10.4,6750,17.854386,1349250,1021.5,1020.0
2026-02-19 11:57:00,10.3,10.4,10.3,10.3,9000,18.327901,1349250,1020.9,1020.0
2026-02-19 11:58:00,10.2,10.35,10.2,10.35,35250,18.763021,1349250,1020.6,1020.0
2026-02-19 11:59:00,10.8,10.8,10.35,10.8,9750,18.447631,1348500,1021.7,1020.0
2026-02-19 12:00:00,10.5,10.8,10.5,10.5,8250,18.291232,1348500,1021.3,1020.0
2026-02-19 12:01:00,10.25,10.5,10.25,10.3,8250,18.277747,1348500,1020.95,1020.0
2026-02-19 12:02:00,10.25,10.3,10.25,10.25,3000,17.896652,1341750,1021.2,1020.0
2026-02-19 12:03:00,10.25,10.25,10.25,10.25,750,17.898025,1341750,1021.2,1020.0
2026-02-19 12:04:00,10.5,10.5,10.25,10.5,2250,18.409614,1341750,1021.2,1020.0
2026-02-19 12:05:00,10.5,10.5,10.5,10.5,0,17.726861,1343250,1021.8,1020.0
2026-02-19 12:06:00,10.7,10.7,10.5,10.7,15000,18.707933,1343250,1021.3,1020.0
2026-02-19 12:07:00,10.2,10.7,10.2,10.2,1500,18.082229,1343250,1020.95,1020.0
2026-02-19 12:08:00,10.25,10.35,10.2,10.35,4500,18.221562,1338000,1021.1,1020.0
2026-02-19 12:09:00,10.2,10.35,10.2,10.2,13500,19.018797,1338000,1020.1,1020.0
2026-02-19 12:10:00,9.85,10.2,9.85,9.85,3000,18.036681,1338000,1020.35,1020.0
2026-02-19 12:11:00,9.95,9.95,9.85,9.95,1500,18.404981,1339500,1020.2,1020.0
2026-02-19 12:12:00,10.0,10.0,9.95,10.0,6750,18.670534,1339500,1020.05,1020.0
2026-02-19 12:13:00,10.0,10.0,10.0,10.0,0,18.994179,1339500,1019.75,1020.0
2026-02-19 12:14:00,9.75,10.0,9.75,9.75,24750,18.594377,1339500,1019.65,1020.0
2026-02-19 12:15:00,9.5,9.75,9.5,9.5,6000,18.034469,1339500,1019.7,1020.0
2026-02-19 12:16:00,9.4,9.5,9.4,9.4,3750,18.151479,1339500,1019.4,1020.0
2026-02-19 12:17:00,9.4,9.4,9.4,9.4,12000,18.310971,1338750,1019.25,1020.0
2026-02-19 12:18:00,9.55,9.6,9.4,9.6,8250,18.718566,1338750,1019.25,1020.0
2026-02-19 12:19:00,9.6,9.6,9.6,9.6,0,18.403,1338750,1019.55,1020.0
2026-02-19 12:20:00,9.05,9.6,8.9,8.95,75000,17.136633,1341750,1019.5,1020.0
2026-02-19 12:21:00,8.95,8.95,8.85,8.9,11250,16.876406,1341750,1019.65,1020.0
2026-02-19 12:22:00,8.85,8.9,8.85,8.85,11250,16.989115,1341750,1019.45,1020.0
2026-02-19 12:23:00,8.3,8.85,8.1,8.1,78750,16.863425,1344000,1018.1,1020.0
2026-02-19 12:24:00,8.2,8.2,8.05,8.1,30000,17.215577,1344000,1017.75,1020.0
2026-02-19 12:25:00,8.2,8.2,8.1,8.2,20250,17.470048,1344000,1017.7,1020.0
2026-02-19 12:26:00,8.15,8.2,8.15,8.15,8250,16.201633,1327500,1018.85,1020.0
2026-02-19 12:27:00,8.7,8.7,8.15,8.7,24000,16.423832,1327500,1019.7,1020.0
2026-02-19 12:28:00,8.8,8.8,8.7,8.8,26250,17.001232,1327500,1019.35,1020.0
2026-02-19 12:29:00,8.8,8.8,8.8,8.8,0,17.474293,1338750,1018.9,1020.0
2026-02-19 12:30:00,8.85,8.85,8.8,8.85,36000,17.105496,1338750,1019.35,1020.0
2026-02-19 12:31:00,8.85,8.85,8.85,8.85,12750,17.000854,1338750,1019.45,1020.0
2026-02-19 12:32:00,8.85,8.85,8.85,8.85,7500,17.735427,1332000,1018.75,1020.0
2026-02-19 12:33:00,8.55,8.85,8.55,8.55,37500,17.740765,1332000,1018.15,1020.0
2026-02-19 12:34:00,8.65,8.65,8.55,8.65,12750,18.09694,1332000,1018.0,1020.0
2026-02-19 12:35:00,8.35,8.65,8.35,8.4,9750,17.286233,1334250,1018.3,1020.0
2026-02-19 12:36:00,8.25,8.4,8.25,8.25,6750,17.336299,1334250,1017.95,1020.0
2026-02-19 12:37:00,7.25,8.25,7.2,7.4,105000,17.962206,1334250,1015.5,1020.0
2026-02-19 12:38:00,7.4,7.5,7.1,7.1,105750,17.392827,1329000,1015.45,1020.0
2026-02-19 12:39:00,11.75,11.95,11.2,11.2,15000,15.805759,887250,1014.7,1010.0
2026-02-19 12:40:00,7.0,7.0,6.7,7.0,79500,17.464281,1329000,1015.15,1020.0
2026-02-19 12:41:00,7.35,7.35,7.0,7.35,10500,17.725763,1365750,1015.65,1020.0
2026-02-19 12:42:00,7.45,7.45,7.35,7.45,11250,18.302451,1365750,1015.25,1020.0
2026-02-19 12:43:00,12.2,12.5,12.2,12.2,8250,17.556195,883500,1015.0,1010.0
2026-02-19 12:44:00,7.25,7.25,7.25,7.25,7500,17.847413,1365750,1015.3,1020.0
2026-02-19 12:45:00,7.3,7.35,7.25,7.35,11250,17.962518,1365750,1015.4,1020.0
2026-02-19 12:46:00,7.4,7.4,7.35,7.4,5250,17.225216,1365750,1016.3,1020.0
2026-02-19 12:47:00,7.7,7.7,7.4,7.7,18750,18.312482,1383750,1015.8,1020.0
2026-02-19 12:48:00,7.65,7.7,7.65,7.65,2250,17.787177,1383750,1016.25,1020.0
2026-02-19 12:49:00,7.65,7.65,7.65,7.65,0,17.406818,1383750,1016.65,1020.0
2026-02-19 12:50:00,7.65,7.65,7.65,7.65,10500,17.503995,1382250,1016.55,1020.0
2026-02-19 12:51:00,7.7,7.7,7.65,7.7,750,17.750909,1382250,1016.4,1020.0
2026-02-19 12:52:00,7.7,7.7,7.7,7.7,0,17.608913,1382250,1016.55,1020.0
2026-02-19 12:53:00,7.6,7.7,7.6,7.6,12000,17.927647,1380750,1016.0,1020.0
2026-02-19 12:54:00,8.0,8.0,7.6,8.0,9000,18.080835,1380750,1016.7,1020.0
2026-02-19 12:55:00,7.75,8.0,7.75,7.75,9750,17.906276,1380750,1016.35,1020.0
2026-02-19 12:56:00,7.75,7.75,7.7,7.7,1500,18.136814,1380750,1016.0,1020.0
2026-02-19 12:57:00,7.6,7.7,7.6,7.6,6000,17.696766,1380750,1016.25,1020.0
2026-02-19 12:58:00,7.6,7.6,7.6,7.6,0,17.792817,1380750,1016.15,1020.0
2026-02-19 12:59:00,7.6,7.6,7.6,7.6,2250,18.217059,1380000,1015.7,1020.0
2026-02-19 13:00:00,7.35,7.6,7.35,7.35,1500,17.704515,1380000,1015.7,1020.0
2026-02-19 13:01:00,7.6,7.6,7.35,7.6,27000,18.266455,1380000,1015.65,1020.0
2026-02-19 13:02:00,7.45,7.6,7.45,7.45,11250,17.537716,1383750,1016.1,1020.0
2026-02-19 13:03:00,7.5,7.5,7.45,7.5,15750,17.499762,1383750,1016.25,1020.0
2026-02-19 13:04:00,7.5,7.5,7.5,7.5,0,17.50108,1383750,1016.25,1020.0
2026-02-19 13:05:00,7.75,7.75,7.5,7.75,3750,17.680571,1379250,1016.6,1020.0
2026-02-19 13:06:00,7.9,7.9,7.75,7.9,3750,18.036957,1379250,1016.55,1020.0
2026-02-19 13:07:00,7.8,7.9,7.8,7.8,5250,17.154682,1379250,1017.25,1020.0
2026-02-19 13:08:00,8.05,8.05,7.8,8.05,32250,17.469399,1378500,1017.45,1020.0
2026-02-19 13:09:00,8.5,8.5,8.05,8.5,7500,17.381556,1378500,1018.45,1020.0
2026-02-19 13:10:00,8.1,8.5,8.1,8.1,750,17.175808,1378500,1017.85,1020.0
2026-02-19 13:11:00,8.3,8.3,8.1,8.3,3750,17.180871,1380750,1018.25,1020.0
2026-02-19 13:12:00,8.25,8.3,8.25,8.25,5250,17.181824,1380750,1018.15,1020.0
2026-02-19 13:13:00,8.15,8.25,8.15,8.15,26250,16.826846,1380750,1018.3,1020.0
2026-02-19 13:14:00,8.3,8.3,8.15,8.3,10500,16.92928,1383000,1018.5,1020.0
2026-02-19 13:15:00,8.2,8.3,8.2,8.2,7500,17.586312,1383000,1017.65,1020.0
2026-02-19 13:16:00,8.0,8.2,8.0,8.0,8250,17.770948,1383000,1017.05,1020.0
2026-02-19 13:17:00,7.85,8.0,7.85,7.95,2250,17.425087,1383750,1017.3,1020.0
2026-02-19 13:18:00,7.95,7.95,7.95,7.95,6000,17.080042,1383750,1017.65,1020.0
2026-02-19 13:19:00,8.1,8.1,7.95,8.1,3750,17.635567,1383750,1017.4,1020.0
2026-02-19 13:20:00,7.95,8.1,7.95,7.95,3750,17.429061,1385250,1017.3,1020.0
2026-02-19 13:21:00,8.1,8.1,7.95,8.05,29250,17.58546,1385250,1017.35,1020.0
2026-02-19 13:22:00,8.05,8.05,8.05,8.05,2250,17.586797,1385250,1017.35,1020.0
2026-02-19 13:23:00,8.0,8.05,8.0,8.0,6000,17.731497,1385250,1017.1,1020.0
2026-02-19 13:24:00,8.05,8.05,8.0,8.05,6750,17.540106,1371750,1017.4,1020.0
2026-02-19 13:25:00,8.1,8.1,8.05,8.1,3000,17.692989,1371750,1017.35,1020.0
2026-02-19 13:26:00,8.1,8.1,8.1,8.1,0,17.891076,1376250,1017.15,1020.0
2026-02-19 13:27:00,8.0,8.1,8.0,8.0,13500,17.491281,1376250,1017.35,1020.0
2026-02-19 13:28:00,8.05,8.05,8.0,8.05,15000,17.247477,1376250,1017.7,1020.0
2026-02-19 13:29:00,8.05,8.05,8.05,8.05,0,17.248796,1377000,1017.7,1020.0
2026-02-19 13:30:00,7.95,8.05,7.95,7.95,5250,17.442325,1377000,1017.3,1020.0
2026-02-19 13:31:00,7.95,7.95,7.95,7.95,9000,17.639953,1377000,1017.1,1020.0
2026-02-19 13:32:00,7.9,7.95,7.9,7.9,5250,17.490035,1374000,1017.15,1020.0
2026-02-19 13:33:00,7.9,7.95,7.9,7.95,7500,17.740328,1374000,1017.0,1020.0
2026-02-19 13:34:00,7.7,7.95,7.7,7.9,37500,17.639309,1374000,1017.0,1020.0
2026-02-19 13:35:00,13.1,13.1,12.75,13.1,2250,20.513961,885750,1014.25,1010.0
2026-02-19 13:36:00,7.15,7.15,6.85,7.15,26250,17.106722,1365000,1015.95,1020.0
2026-02-19 13:37:00,7.6,7.85,7.15,7.85,15000,17.148455,1365000,1017.4,1020.0
2026-02-19 13:38:00,7.9,7.95,7.85,7.9,9750,17.693397,1355250,1016.95,1020.0
2026-02-19 13:39:00,8.0,8.25,7.9,8.25,13500,17.520382,1355250,1017.85,1020.0
2026-02-19 13:40:00,8.25,8.25,8.25,8.25,0,18.217096,1355250,1017.15,1020.0
2026-02-19 13:41:00,7.85,8.25,7.85,7.95,6750,17.456947,1355250,1017.3,1020.0
2026-02-19 13:42:00,7.9,7.95,7.9,7.9,3750,17.405167,1349250,1017.25,1020.0
2026-02-19 13:43:00,7.9,7.95,7.85,7.85,3750,16.758414,1349250,1017.8,1020.0
2026-02-19 13:44:00,8.3,8.3,7.85,8.3,10500,17.578955,1355250,1017.9,1020.0
2026-02-19 13:45:00,8.3,8.35,8.3,8.35,18750,17.531011,1355250,1018.05,1020.0
2026-02-19 13:46:00,8.4,8.4,8.35,8.4,4500,16.968714,1355250,1018.7,1020.0
2026-02-19 13:47:00,8.8,8.8,8.4,8.8,21000,17.263871,1356000,1019.2,1020.0
2026-02-19 13:48:00,8.65,9.85,8.65,9.65,98250,15.577589,1356000,1022.25,1020.0
2026-02-19 13:49:00,9.0,9.65,9.0,9.25,5250,15.049005,1356000,1022.0,1020.0
2026-02-19 13:50:00,9.85,9.85,9.25,9.85,35250,17.394416,1359000,1021.05,1020.0
2026-02-19 13:51:00,9.55,9.85,9.35,9.35,6750,16.930964,1359000,1020.55,1020.0
2026-02-19 13:52:00,9.1,9.35,9.1,9.1,1500,16.861921,1359000,1020.15,1020.0
2026-02-19 13:53:00,8.5,9.1,8.5,8.65,17250,16.269309,1358250,1019.85,1020.0
2026-02-19 13:54:00,8.6,8.65,8.6,8.6,2250,17.075007,1358250,1019.0,1020.0
2026-02-19 13:55:00,8.5,8.6,8.5,8.5,5250,16.342257,1358250,1019.5,1020.0
2026-02-19 13:56:00,8.5,8.5,8.5,8.5,0,16.873275,1362750,1019.0,1020.0
2026-02-19 13:57:00,8.4,8.5,8.4,8.4,10500,16.670196,1362750,1019.0,1020.0
2026-02-19 13:58:00,7.95,8.4,7.95,7.95,7500,17.380812,1362750,1017.4,1020.0
2026-02-19 13:59:00,7.85,7.95,7.85,7.85,6750,17.423556,1366500,1017.15,1020.0
2026-02-19 14:00:00,7.65,7.85,7.65,7.8,13500,16.018635,1366500,1018.45,1020.0
2026-02-19 14:01:00,8.2,8.2,7.8,8.2,23250,16.786217,1366500,1018.5,1020.0
2026-02-19 14:02:00,8.25,8.25,8.2,8.25,15750,16.264806,1366500,1019.1,1020.0
2026-02-19 14:03:00,8.25,8.25,8.25,8.25,3750,16.891043,1373250,1018.5,1020.0
2026-02-19 14:04:00,8.1,8.25,8.1,8.1,1500,16.6884,1373250,1018.4,1020.0
2026-02-19 14:05:00,7.95,8.1,7.95,7.95,750,16.790109,1373250,1018.0,1020.0
2026-02-19 14:06:00,7.95,7.95,7.95,7.95,0,16.074743,1374000,1018.7,1020.0
2026-02-19 14:07:00,8.05,8.05,7.95,8.05,6000,16.332335,1374000,1018.65,1020.0
2026-02-19 14:08:00,8.05,8.05,8.05,8.05,0,16.488516,1374000,1018.5,1020.0
2026-02-19 14:09:00,8.05,8.05,8.05,8.05,0,16.746043,1375500,1018.25,1020.0
2026-02-19 14:10:00,7.85,8.05,7.85,7.85,24750,16.591917,1375500,1018.0,1020.0
2026-02-19 14:11:00,7.65,7.85,7.65,7.65,750,16.684168,1375500,1017.5,1020.0
2026-02-19 14:12:00,7.7,7.7,7.65,7.7,1500,16.68853,1376250,1017.6,1020.0
2026-02-19 14:13:00,7.75,7.9,7.7,7.9,3000,16.596861,1376250,1018.1,1020.0
2026-02-19 14:14:00,7.9,7.9,7.9,7.9,2250,15.982484,1378500,1018.7,1020.0
2026-02-19 14:15:00,7.85,7.9,7.85,7.85,6000,15.620557,1378500,1018.95,1020.0
2026-02-19 14:16:00,7.85,7.85,7.85,7.85,0,13.709101,1378500,1020.7,1020.0
2026-02-19 14:17:00,8.65,8.65,7.85,8.65,11250,15.414364,1375500,1020.65,1020.0
2026-02-19 14:18:00,8.55,8.65,8.5,8.5,24000,15.993756,1375500,1019.85,1020.0
2026-02-19 14:19:00,8.5,8.5,8.5,8.5,10500,16.049359,1375500,1019.8,1020.0
2026-02-19 14:20:00,8.2,8.5,8.2,8.2,2250,15.381163,1379250,1019.85,1020.0
2026-02-19 14:21:00,8.2,8.2,8.2,8.2,10500,16.133778,1379250,1019.15,1020.0
2026-02-19 14:22:00,7.85,8.2,7.45,7.45,21750,16.23855,1379250,1017.55,1020.0
2026-02-19 14:23:00,7.3,7.45,7.3,7.3,4500,15.932193,1384500,1017.55,1020.0
2026-02-19 14:24:00,7.45,7.45,7.3,7.45,27000,16.241066,1384500,1017.55,1020.0
2026-02-19 14:25:00,7.25,7.45,7.25,7.25,12750,16.177167,1384500,1017.2,1020.0
2026-02-19 14:26:00,7.25,7.25,7.25,7.25,2250,16.17842,1384500,1017.2,1020.0
2026-02-19 14:27:00,6.9,7.25,6.9,6.9,16500,16.231763,1392750,1016.4,1020.0
2026-02-19 14:28:00,6.9,6.9,6.9,6.9,18750,16.375307,1392750,1016.25,1020.0
2026-02-19 14:29:00,6.6,6.9,6.6,6.6,12750,16.822542,1389750,1015.1,1020.0
2026-02-19 14:30:00,6.55,6.6,6.55,6.55,16500,16.353714,1389750,1015.5,1020.0
2026-02-19 14:31:00,6.75,6.75,6.55,6.75,17250,15.832284,1389750,1016.5,1020.0
2026-02-19 14:32:00,6.9,6.9,6.75,6.9,6750,15.758498,1389750,1016.9,1020.0
2026-02-19 14:33:00,7.2,7.4,6.9,7.4,12750,16.397061,1396500,1017.3,1020.0
2026-02-19 14:34:00,7.35,7.4,7.35,7.35,9000,16.295635,1396500,1017.3,1020.0
2026-02-19 14:35:00,7.25,7.35,7.25,7.25,9750,16.238674,1396500,1017.15,1020.0
2026-02-19 14:36:00,7.15,7.25,7.05,7.05,21000,15.681869,1398750,1017.3,1020.0
2026-02-19 14:37:00,7.1,7.1,7.05,7.1,3000,15.883928,1398750,1017.2,1020.0
2026-02-19 14:38:00,7.3,7.3,7.1,7.3,4500,16.099359,1398750,1017.4,1020.0
2026-02-19 14:39:00,7.2,7.3,7.2,7.2,5250,16.042893,1401000,1017.25,1020.0
2026-02-19 14:40:00,7.25,7.25,7.2,7.25,9000,16.244966,1401000,1017.15,1020.0
2026-02-19 14:41:00,7.0,7.25,7.0,7.0,1500,16.023758,1401000,1016.85,1020.0
2026-02-19 14:42:00,7.0,7.0,7.0,7.0,5250,15.879578,1401000,1017.0,1020.0
2026-02-19 14:43:00,7.0,7.0,7.0,7.0,18750,17.024572,1401000,1015.8,1020.0
2026-02-19 14:44:00,6.8,7.0,6.8,6.8,10500,16.424487,1401000,1016.0,1020.0
2026-02-19 14:45:00,6.7,6.8,6.7,6.7,23250,16.171895,1404000,1016.05,1020.0
2026-02-19 14:46:00,6.7,6.7,6.7,6.7,10500,16.500043,1404000,1015.7,1020.0
2026-02-19 14:47:00,6.75,6.75,6.7,6.75,6750,16.744142,1407000,1015.55,1020.0
2026-02-19 14:48:00,6.75,6.75,6.75,6.75,18000,16.513146,1407000,1015.8,1020.0
2026-02-19 14:49:00,6.95,6.95,6.75,6.95,8250,16.075369,1407000,1016.7,1020.0
2026-02-19 14:50:00,7.25,7.25,6.95,7.25,8250,16.598375,1407000,1016.8,1020.0
2026-02-19 14:51:00,7.05,7.25,7.05,7.05,3000,16.187558,1403250,1016.8,1020.0
2026-02-19 14:52:00,7.0,7.05,7.0,7.0,6750,15.989012,1403250,1016.9,1020.0
2026-02-19 14:53:00,7.25,7.25,7.0,7.25,3000,15.916331,1403250,1017.5,1020.0
2026-02-19 14:54:00,7.35,7.35,7.25,7.35,2250,16.073432,1401750,1017.55,1020.0
2026-02-19 14:55:00,7.25,7.35,7.25,7.25,5250,15.968369,1401750,1017.45,1020.0
2026-02-19 14:56:00,7.25,7.25,7.25,7.25,0,16.411734,1401750,1017.0,1020.0
2026-02-19 14:57:00,7.15,7.25,7.15,7.15,48000,15.566577,1404000,1017.65,1020.0
2026-02-19 14:58:00,6.95,7.15,6.95,6.95,23250,15.404567,1404000,1017.4,1020.0
2026-02-19 14:59:00,7.2,7.2,6.95,7.2,750,16.458392,1404000,1016.85,1020.0
2026-02-19 15:00:00,6.85,7.2,6.85,6.85,3750,15.930802,1398750,1016.65,1020.0
2026-02-19 15:01:00,6.85,6.85,6.85,6.85,5250,15.980005,1398750,1016.6,1020.0
2026-02-19 15:02:00,6.75,6.85,6.75,6.75,18000,15.918044,1398750,1016.45,1020.0
2026-02-19 15:03:00,6.85,6.85,6.75,6.85,27750,15.790112,1402500,1016.8,1020.0
2026-02-19 15:04:00,6.8,6.85,6.8,6.8,16500,16.119033,1402500,1016.35,1020.0
2026-02-19 15:05:00,6.65,6.8,6.65,6.75,25500,15.68252,1402500,1016.7,1020.0
2026-02-19 15:06:00,6.8,6.8,6.75,6.8,15750,16.026331,1404000,1016.45,1020.0
2026-02-19 15:07:00,6.75,6.8,6.75,6.75,22500,16.255893,1404000,1016.1,1020.0
2026-02-19 15:08:00,6.75,6.75,6.75,6.75,40500,16.020607,1404000,1016.35,1020.0
2026-02-19 15:09:00,7.2,7.2,6.75,7.2,11250,16.37394,1411500,1016.95,1020.0
2026-02-19 15:10:00,6.9,7.2,6.9,6.9,9000,15.901904,1411500,1016.8,1020.0
2026-02-19 15:11:00,6.95,6.95,6.9,6.95,7500,16.342652,1411500,1016.45,1020.0
2026-02-19 15:12:00,6.55,6.95,6.55,6.55,3000,16.035142,1412250,1015.9,1020.0
2026-02-19 15:13:00,6.7,6.7,6.55,6.7,7500,16.065465,1412250,1016.2,1020.0
2026-02-19 15:14:00,6.9,6.9,6.7,6.9,21000,16.290781,1412250,1016.4,1020.0
2026-02-19 15:15:00,6.55,6.9,6.55,6.55,24000,16.317882,1407000,1015.6,1020.0
2026-02-19 15:16:00,9.3,11.45,9.3,9.3,27750,14.74862,904500,1012.55,1010.0
2026-02-19 15:17:00,5.15,6.05,5.15,5.15,32250,10.359615,1407000,1018.75,1020.0
2026-02-19 15:18:00,5.2,6.05,5.15,5.9,187500,12.670199,1418250,1018.0,1020.0
2026-02-19 15:19:00,5.8,6.05,5.45,5.8,51750,14.019127,1418250,1016.4,1020.0
2026-02-19 15:20:00,5.8,6.5,5.3,6.25,113250,13.39209,1418250,1018.0,1020.0
2026-02-19 15:21:00,6.15,6.25,5.6,5.8,12750,14.990914,1449750,1015.35,1020.0
2026-02-19 15:22:00,10.15,10.3,9.6,9.6,5250,14.368029,887250,1013.35,1010.0
2026-02-19 15:23:00,9.55,10.15,9.0,9.7,40500,13.361491,887250,1014.25,1010.0
2026-02-19 15:24:00,9.25,9.7,8.5,8.5,9000,14.537289,888000,1011.35,1010.0
2026-02-19 15:25:00,8.45,8.55,8.05,8.15,17250,15.079632,888000,1010.25,1010.0
2026-02-19 15:26:00,8.1,8.15,8.1,8.1,17250,14.750122,888000,1010.45,1010.0
2026-02-19 15:27:00,8.15,8.15,8.1,8.15,7500,15.08206,886500,1010.25,1010.0
2026-02-19 15:28:00,8.05,8.15,8.05,8.05,10500,15.155051,886500,1010.0,1010.0
2026-02-19 15:29:00,7.2,8.05,7.2,7.4,30000,16.943602,886500,1007.0,1010.0
2026-02-20 09:15:00,11.7,11.7,9.3,10.1,17250,15.602351,873750,1014.3,1010.0
2026-02-20 09:16:00,9.9,10.55,9.25,9.75,74250,14.704077,876750,1014.35,1010.0
2026-02-20 09:17:00,10.25,10.4,8.3,9.2,31500,15.229945,876750,1013.1,1010.0
2026-02-20 09:18:00,8.8,9.2,8.15,8.6,6750,14.947004,876750,1012.3,1010.0
2026-02-20 09:19:00,8.5,8.6,8.0,8.4,23250,14.354925,886500,1012.4,1010.0
2026-02-20 09:20:00,8.4,8.4,8.4,8.4,0,14.424197,886500,1012.35,1010.0
2026-02-20 09:21:00,8.85,8.85,8.4,8.85,32250,18.226357,886500,1010.15,1010.0
2026-02-20 09:22:00,8.15,8.85,8.15,8.15,36750,14.523828,883500,1011.85,1010.0
2026-02-20 09:23:00,8.55,8.55,8.15,8.55,22500,16.331927,883500,1011.15,1010.0
2026-02-20 09:24:00,8.2,8.55,8.2,8.2,12000,16.22602,883500,1010.6,1010.0
2026-02-20 09:25:00,7.65,8.2,7.65,7.65,10500,16.882854,882750,1009.0,1010.0
2026-02-20 09:26:00,7.2,7.65,7.2,7.2,22500,15.29797,882750,1009.5,1010.0
2026-02-20 09:27:00,7.1,7.2,7.1,7.1,17250,13.874524,882750,1010.5,1010.0
2026-02-20 09:28:00,7.6,7.7,7.1,7.7,12750,15.83293,887250,1010.0,1010.0
2026-02-20 09:29:00,7.7,7.7,7.7,7.7,8250,15.953506,887250,1009.9,1010.0
2026-02-20 09:30:00,7.75,7.75,7.7,7.75,9750,14.212082,887250,1011.4,1010.0
2026-02-20 09:31:00,7.8,7.8,7.75,7.8,9000,15.334972,883500,1010.6,1010.0
2026-02-20 09:32:00,8.0,8.0,7.8,7.8,5250,15.52031,883500,1010.45,1010.0
2026-02-20 09:33:00,8.75,8.75,7.8,8.75,9000,13.923932,883500,1013.3,1010.0
2026-02-20 09:34:00,9.6,9.6,8.75,9.6,7500,15.970103,885000,1013.25,1010.0
2026-02-20 09:35:00,9.9,9.9,9.6,9.9,5250,15.602285,885000,1014.0,1010.0
2026-02-20 09:36:00,10.1,10.1,9.9,10.1,12750,15.109527,885000,1014.65,1010.0
2026-02-20 09:37:00,6.35,6.35,5.75,6.3,71250,17.84533,1404000,1015.05,1020.0
2026-02-20 09:38:00,10.65,10.95,10.5,10.5,24000,16.282615,889500,1014.5,1010.0
2026-02-20 09:39:00,10.85,10.9,10.5,10.9,6750,16.483279,889500,1015.0,1010.0
2026-02-20 09:40:00,6.75,6.75,6.4,6.75,35250,18.522621,1395000,1015.4,1020.0
2026-02-20 09:41:00,11.1,11.2,11.05,11.05,21750,16.916143,901500,1014.95,1010.0
2026-02-20 09:42:00,11.05,11.05,11.05,11.05,19500,17.287164,901500,1014.7,1010.0
2026-02-20 09:43:00,6.75,6.75,6.5,6.75,36000,18.527504,1386750,1015.4,1020.0
2026-02-20 09:44:00,6.8,6.8,6.75,6.8,14250,17.989785,1386750,1016.05,1020.0
2026-02-20 09:45:00,7.85,7.85,6.8,7.85,66750,17.959917,1386750,1018.3,1020.0
2026-02-20 09:46:00,7.9,7.9,7.85,7.9,35250,18.510349,1380000,1017.9,1020.0
2026-02-20 09:47:00,7.95,7.95,7.9,7.95,24000,18.514503,1380000,1018.0,1020.0
2026-02-20 09:48:00,8.3,8.3,7.95,8.3,91500,18.013889,1380000,1019.15,1020.0
2026-02-20 09:49:00,8.8,8.8,8.3,8.8,36000,18.32045,1403250,1019.85,1020.0
2026-02-20 09:50:00,9.65,9.65,8.8,9.65,93750,17.721786,1403250,1021.9,1020.0
2026-02-20 09:51:00,9.65,9.65,9.15,9.15,47250,18.153356,1403250,1020.65,1020.0
2026-02-20 09:52:00,9.15,9.15,8.8,8.8,13500,17.97228,1389000,1020.15,1020.0
2026-02-20 09:53:00,8.6,8.8,8.6,8.6,22500,18.689583,1389000,1019.15,1020.0
2026-02-20 09:54:00,8.15,8.6,8.15,8.15,66750,17.288222,1389000,1019.5,1020.0
2026-02-20 09:55:00,8.7,8.7,8.15,8.7,18000,18.282597,1389750,1019.7,1020.0
2026-02-20 09:56:00,8.8,8.8,8.7,8.8,14250,18.448757,1389750,1019.75,1020.0
2026-02-20 09:57:00,8.75,8.8,8.75,8.75,16500,18.339036,1389750,1019.75,1020.0
2026-02-20 09:58:00,8.5,8.75,8.5,8.5,26250,19.262403,1392000,1018.45,1020.0
2026-02-20 09:59:00,8.0,8.5,8.0,8.0,9750,18.917446,1392000,1017.75,1020.0
2026-02-20 10:00:00,7.5,8.0,7.5,7.5,20250,18.072639,1392000,1017.5,1020.0
2026-02-20 10:01:00,8.1,8.1,7.5,8.1,4500,19.413497,1396500,1017.5,1020.0
2026-02-20 10:02:00,7.5,8.1,7.5,7.5,13500,18.606534,1396500,1017.0,1020.0
2026-02-20 10:03:00,7.65,7.65,7.5,7.65,6750,19.362774,1396500,1016.6,1020.0
2026-02-20 10:04:00,7.85,7.85,7.65,7.85,28500,20.381964,1402500,1016.05,1020.0
2026-02-20 10:05:00,7.35,7.85,7.35,7.35,18000,19.817859,1402500,1015.5,1020.0
2026-02-20 10:06:00,7.0,7.35,7.0,7.0,15000,19.079965,1402500,1015.45,1020.0
2026-02-20 10:07:00,6.85,7.0,6.85,6.85,15000,18.842496,1398750,1015.35,1020.0
2026-02-20 10:08:00,6.85,6.85,6.85,6.85,0,18.993118,1398750,1015.2,1020.0
2026-02-20 10:09:00,6.65,6.85,6.65,6.65,24000,18.343838,1398750,1015.4,1020.0
2026-02-20 10:10:00,6.7,6.7,6.65,6.7,6750,18.259108,1401750,1015.6,1020.0
2026-02-20 10:11:00,7.0,7.0,6.7,7.0,8250,18.330071,1401750,1016.2,1020.0
2026-02-20 10:12:00,7.3,7.3,7.0,7.3,3000,18.800331,1401750,1016.4,1020.0
2026-02-20 10:13:00,7.0,7.3,7.0,7.0,18000,19.041661,1408500,1015.5,1020.0
2026-02-20 10:14:00,6.5,7.0,6.5,6.5,16500,17.763721,1408500,1015.65,1020.0
2026-02-20 10:15:00,6.95,6.95,6.5,6.95,3750,18.427858,1408500,1016.0,1020.0
2026-02-20 10:16:00,7.0,7.0,6.95,7.0,9750,17.193548,1404000,1017.3,1020.0
2026-02-20 10:17:00,7.6,7.6,7.0,7.6,11250,18.802472,1404000,1017.05,1020.0
2026-02-20 10:18:00,7.6,7.9,7.6,7.9,24750,18.454139,1404000,1018.0,1020.0
2026-02-20 10:19:00,8.25,8.25,7.9,8.25,31500,18.629482,1406250,1018.55,1020.0
2026-02-20 10:20:00,8.1,8.25,8.1,8.1,2250,17.96017,1406250,1018.85,1020.0
2026-02-20 10:21:00,8.1,8.1,8.1,8.1,9750,18.353945,1406250,1018.5,1020.0
2026-02-20 10:22:00,8.35,8.35,8.1,8.35,11250,17.429074,1400250,1019.8,1020.0
2026-02-20 10:23:00,8.65,8.65,8.35,8.65,25500,18.507179,1400250,1019.45,1020.0
2026-02-20 10:24:00,8.6,8.65,8.6,8.6,13500,18.223616,1400250,1019.6,1020.0
2026-02-20 10:25:00,8.75,8.75,8.6,8.75,6750,18.091915,1398750,1020.0,1020.0
2026-02-20 10:26:00,9.5,9.5,8.75,9.5,44250,18.322528,1398750,1021.2,1020.0
2026-02-20 10:27:00,9.6,9.6,9.5,9.6,9750,18.424773,1398750,1021.3,1020.0
2026-02-20 10:28:00,9.0,9.6,9.0,9.0,16500,18.059748,1389750,1020.5,1020.0
2026-02-20 10:29:00,9.1,9.1,9.0,9.1,4500,18.643833,1389750,1020.2,1020.0
2026-02-20 10:30:00,9.1,9.1,9.1,9.1,23250,18.045102,1389750,1020.7,1020.0
2026-02-20 10:31:00,9.0,9.1,8.65,8.7,36000,17.930922,1394250,1020.05,1020.0
2026-02-20 10:32:00,8.8,8.85,8.7,8.85,6000,17.970636,1394250,1020.3,1020.0
2026-02-20 10:33:00,8.75,8.85,8.75,8.75,9750,17.986734,1394250,1020.1,1020.0
2026-02-20 10:34:00,8.9,8.9,8.75,8.9,4500,18.085772,1382250,1020.3,1020.0
2026-02-20 10:35:00,9.0,9.0,8.9,9.0,7500,18.311146,1382250,1020.3,1020.0
2026-02-20 10:36:00,8.65,9.0,8.65,8.65,24000,17.827274,1382250,1020.05,1020.0
2026-02-20 10:37:00,8.2,8.65,8.2,8.2,15750,18.211029,1374750,1018.85,1020.0
2026-02-20 10:38:00,8.2,8.2,8.2,8.2,16500,18.661043,1374750,1018.45,1020.0
2026-02-20 10:39:00,8.15,8.2,8.15,8.15,21750,17.416955,1374750,1019.45,1020.0
2026-02-20 10:40:00,8.85,8.85,8.15,8.85,9750,18.399152,1368750,1019.95,1020.0
2026-02-20 10:41:00,8.7,8.85,8.7,8.7,9750,18.183067,1368750,1019.85,1020.0
2026-02-20 10:42:00,8.8,8.8,8.7,8.8,6000,18.23168,1368750,1020.0,1020.0
2026-02-20 10:43:00,8.95,8.95,8.8,8.95,8250,17.730159,1371000,1020.7,1020.0
2026-02-20 10:44:00,8.95,8.95,8.95,8.95,0,19.154852,1371000,1019.5,1020.0
2026-02-20 10:45:00,8.9,9.65,8.9,9.65,48750,18.317904,1371000,1021.5,1020.0
2026-02-20 10:46:00,9.35,9.65,9.35,9.35,17250,18.388406,1371750,1020.9,1020.0
2026-02-20 10:47:00,9.35,9.35,9.35,9.35,0,19.470429,1371750,1020.0,1020.0
2026-02-20 10:48:00,8.75,9.35,8.75,8.75,6000,18.423677,1371750,1019.75,1020.0
2026-02-20 10:49:00,8.75,8.75,8.75,8.75,3000,18.425349,1371750,1019.75,1020.0
2026-02-20 10:50:00,8.65,8.75,8.25,8.25,4500,17.308573,1371750,1019.75,1020.0
2026-02-20 10:51:00,8.5,8.75,8.25,8.5,8250,16.915888,1371750,1020.55,1020.0
2026-02-20 10:52:00,8.9,9.0,8.5,8.95,3750,18.287183,1369500,1020.25,1020.0
2026-02-20 10:53:00,9.05,9.05,8.95,9.05,750,18.927328,1369500,1019.9,1020.0
2026-02-20 10:54:00,8.9,9.05,8.9,8.9,2250,18.710772,1369500,1019.8,1020.0
2026-02-20 10:55:00,8.6,8.9,8.6,8.6,3750,18.041117,1371000,1019.8,1020.0
2026-02-20 10:56:00,8.65,8.65,8.6,8.65,3000,18.504494,1371000,1019.5,1020.0
2026-02-20 10:57:00,8.65,8.65,8.65,8.65,0,17.920654,1371000,1020.0,1020.0
2026-02-20 10:58:00,8.5,8.65,8.5,8.55,7500,17.875358,1374000,1019.85,1020.0
2026-02-20 10:59:00,8.45,8.7,8.45,8.7,4500,17.857867,1374000,1020.15,1020.0
2026-02-20 11:00:00,8.85,8.85,8.15,8.55,26250,17.582891,1374000,1020.1,1020.0
2026-02-20 11:01:00,8.3,8.55,8.0,8.0,8250,18.196337,1374000,1018.5,1020.0
2026-02-20 11:02:00,8.15,8.35,8.0,8.35,11250,17.256714,1379250,1020.0,1020.0
2026-02-20 11:03:00,8.6,8.6,8.35,8.4,13500,17.370333,1379250,1020.0,1020.0
2026-02-20 11:04:00,8.4,8.4,8.4,8.4,6000,16.9537,1379250,1020.35,1020.0
2026-02-20 11:05:00,9.2,9.2,8.4,8.9,18000,17.470103,1377750,1020.85,1020.0
2026-02-20 11:06:00,8.9,8.9,8.9,8.9,750,17.776908,1377750,1020.6,1020.0
2026-02-20 11:07:00,8.7,8.9,8.7,8.7,3750,17.691621,1377750,1020.3,1020.0
2026-02-20 11:08:00,8.5,8.7,8.5,8.5,6000,17.36437,1385250,1020.2,1020.0
2026-02-20 11:09:00,8.5,8.5,8.5,8.5,0,17.544737,1385250,1020.05,1020.0
2026-02-20 11:10:00,8.5,8.5,8.5,8.5,2250,17.605678,1389750,1020.0,1020.0
2026-02-20 11:11:00,8.45,8.5,8.45,8.45,2250,17.49519,1389750,1020.0,1020.0
2026-02-20 11:12:00,8.65,8.65,8.45,8.65,6000,17.527446,1389750,1020.35,1020.0
2026-02-20 11:13:00,8.65,8.65,8.65,8.65,0,17.946851,1389750,1020.0,1020.0
2026-02-20 11:14:00,8.65,8.65,8.65,8.65,0,17.948492,1389750,1020.0,1020.0
2026-02-20 11:15:00,8.9,8.9,8.65,8.9,4500,17.052481,1387500,1021.2,1020.0
2026-02-20 11:16:00,9.15,9.25,8.9,9.25,34500,17.967313,1368750,1021.1,1020.0
2026-02-20 11:17:00,9.15,9.25,9.15,9.15,4500,17.867426,1368750,1021.0,1020.0
2026-02-20 11:18:00,9.75,9.75,9.15,9.75,21750,16.642308,1368750,1023.0,1020.0
2026-02-20 11:19:00,10.6,10.6,9.75,10.6,48750,18.049074,1357500,1023.4,1020.0
2026-02-20 11:20:00,10.65,10.65,10.6,10.65,21750,18.368921,1357500,1023.25,1020.0
2026-02-20 11:21:00,11.3,11.3,10.65,11.3,68250,18.417327,1357500,1024.3,1020.0
2026-02-20 11:22:00,11.3,11.3,11.3,11.3,44250,19.114554,1357500,1023.8,1020.0
2026-02-20 11:23:00,11.05,11.3,11.05,11.05,8250,20.274861,1340250,1022.5,1020.0
2026-02-20 11:24:00,10.15,11.05,10.1,10.1,42750,18.05343,1340250,1022.55,1020.0
2026-02-20 11:25:00,10.6,10.6,10.1,10.6,20250,17.853661,1340250,1023.55,1020.0
2026-02-20 11:26:00,10.9,10.9,10.6,10.9,20250,16.471909,1329000,1025.0,1020.0
2026-02-20 11:27:00,11.5,11.5,10.9,11.5,25500,17.886489,1329000,1025.0,1020.0
2026-02-20 11:28:00,7.5,7.5,6.7,7.5,86250,19.023888,1093500,1026.55,1030.0
2026-02-20 11:29:00,7.2,7.5,7.2,7.2,49500,18.867011,1093500,1026.05,1030.0
2026-02-20 11:30:00,7.5,7.6,7.2,7.6,13500,18.781364,1093500,1027.0,1030.0
2026-02-20 11:31:00,7.55,7.6,7.55,7.55,26250,18.671532,1093500,1027.0,1030.0
2026-02-20 11:32:00,7.25,7.55,7.25,7.25,7500,18.780146,1091250,1026.25,1030.0
2026-02-20 11:33:00,7.35,7.35,7.25,7.35,24750,18.593561,1091250,1026.65,1030.0
2026-02-20 11:34:00,7.35,7.45,7.35,7.45,6000,18.610484,1091250,1026.85,1030.0
2026-02-20 11:35:00,7.0,7.45,7.0,7.0,24000,17.814472,1095000,1026.65,1030.0
2026-02-20 11:36:00,7.3,7.3,7.0,7.3,14250,17.486879,1095000,1027.6,1030.0
2026-02-20 11:37:00,7.8,7.8,7.3,7.8,53250,17.896425,1095000,1028.25,1030.0
2026-02-20 11:38:00,8.0,8.0,7.7,7.7,97500,19.018007,1094250,1027.0,1030.0
2026-02-20 11:39:00,7.55,7.7,7.55,7.55,113250,18.368265,1094250,1027.3,1030.0
2026-02-20 11:40:00,7.6,7.6,7.55,7.6,29250,18.534417,1094250,1027.25,1030.0
2026-02-20 11:41:00,7.5,7.6,7.5,7.5,17250,17.180914,1114500,1028.3,1030.0
2026-02-20 11:42:00,8.25,8.65,7.5,8.65,129750,18.098305,1114500,1029.75,1030.0
2026-02-20 11:43:00,9.05,9.55,8.65,9.15,81750,18.447072,1114500,1030.4,1030.0
2026-02-20 11:44:00,9.15,9.15,8.85,8.85,33000,18.19546,1118250,1030.05,1030.0
2026-02-20 11:45:00,8.9,8.9,8.85,8.9,17250,18.948739,1118250,1029.5,1030.0
2026-02-20 11:46:00,8.6,8.9,8.5,8.5,104250,18.233294,1118250,1029.35,1030.0
2026-02-20 11:47:00,8.45,8.5,8.45,8.45,28500,18.859534,1150500,1028.7,1030.0
2026-02-20 11:48:00,8.0,8.45,8.0,8.0,41250,19.173278,1150500,1027.5,1030.0
2026-02-20 11:49:00,8.3,8.3,7.95,7.95,38250,18.523337,1150500,1028.0,1030.0
2026-02-20 11:50:00,7.95,7.95,7.95,7.95,20250,18.525019,1164000,1028.0,1030.0
2026-02-20 11:51:00,7.85,7.95,7.85,7.85,14250,18.790441,1164000,1027.55,1030.0
2026-02-20 11:52:00,7.8,7.85,7.8,7.8,6000,18.734246,1164000,1027.5,1030.0
2026-02-20 11:53:00,7.9,7.9,7.8,7.9,12000,18.418707,1161750,1028.0,1030.0
2026-02-20 11:54:00,7.6,7.9,7.2,7.2,72000,16.861323,1161750,1028.0,1030.0
2026-02-20 11:55:00,6.5,7.2,6.5,6.5,73500,16.880374,1161750,1026.5,1030.0
2026-02-20 11:56:00,6.65,6.65,6.5,6.65,32250,17.012623,1136250,1026.7,1030.0
2026-02-20 11:57:00,7.05,7.05,6.65,7.05,5250,16.962688,1136250,1027.6,1030.0
2026-02-20 11:58:00,7.2,7.2,7.05,7.2,12750,17.829471,1136250,1027.1,1030.0
2026-02-20 11:59:00,7.55,7.55,7.2,7.55,10500,18.081184,1145250,1027.6,1030.0
2026-02-20 12:00:00,7.8,7.8,7.55,7.8,19500,17.546589,1145250,1028.6,1030.0
2026-02-20 12:01:00,8.7,9.35,7.8,9.35,99000,18.014624,1145250,1031.15,1030.0
2026-02-20 12:02:00,9.15,9.35,8.55,8.8,37500,17.936628,1137000,1030.2,1030.0
2026-02-20 12:03:00,9.0,9.0,8.8,9.0,8250,18.324992,1137000,1030.25,1030.0
2026-02-20 12:04:00,8.8,9.0,8.8,8.8,12000,17.339766,1137000,1030.7,1030.0
2026-02-20 12:05:00,8.8,8.9,8.8,8.9,18750,18.045762,1137000,1030.3,1030.0
2026-02-20 12:06:00,8.95,8.95,8.9,8.95,29250,18.277865,1137000,1030.2,1030.0
2026-02-20 12:07:00,8.85,8.95,8.85,8.85,6000,17.577491,1137000,1030.6,1030.0
2026-02-20 12:08:00,9.3,9.3,8.85,9.3,15750,18.584539,1125750,1030.6,1030.0
2026-02-20 12:09:00,9.2,9.3,9.2,9.3,53250,18.28363,1125750,1030.85,1030.0
2026-02-20 12:10:00,9.35,9.35,9.3,9.35,21750,18.579055,1125750,1030.7,1030.0
2026-02-20 12:11:00,9.15,9.35,9.15,9.15,17250,17.951444,1115250,1030.85,1030.0
2026-02-20 12:12:00,10.35,10.35,9.15,10.35,133500,19.717155,1115250,1031.6,1030.0
2026-02-20 12:13:00,10.15,10.55,10.15,10.55,60000,19.091552,1115250,1032.45,1030.0
2026-02-20 12:14:00,10.5,11.4,10.5,11.3,168750,19.343456,1067250,1033.55,1030.0
2026-02-20 12:15:00,11.3,11.55,10.7,10.95,45750,19.282431,1067250,1033.0,1030.0
2026-02-20 12:16:00,11.0,11.35,10.95,11.35,35250,18.91744,1067250,1033.95,1030.0
2026-02-20 12:17:00,11.7,11.7,11.35,11.7,19500,18.959092,1040250,1034.5,1030.0
2026-02-20 12:18:00,6.95,6.95,6.9,6.95,55500,18.248625,1011750,1036.0,1040.0
2026-02-20 12:19:00,7.5,7.5,6.95,7.5,229500,20.029086,1011750,1035.45,1040.0
2026-02-20 12:20:00,7.45,7.65,7.3,7.3,74250,19.384208,1041750,1035.65,1040.0
2026-02-20 12:21:00,7.35,7.6,7.3,7.5,11250,19.681798,1041750,1035.8,1040.0
2026-02-20 12:22:00,7.45,7.5,7.4,7.4,87000,20.009671,1041750,1035.25,1040.0
2026-02-20 12:23:00,7.0,7.4,7.0,7.0,59250,19.31204,1000500,1035.05,1040.0
2026-02-20 12:24:00,7.05,7.05,7.0,7.05,37500,18.882284,1000500,1035.6,1040.0
2026-02-20 12:25:00,7.45,7.45,7.05,7.45,35250,19.928018,1000500,1035.45,1040.0
2026-02-20 12:26:00,7.35,7.7,7.35,7.7,132750,19.832618,1016250,1036.1,1040.0
2026-02-20 12:27:00,7.6,7.7,7.6,7.6,42000,20.016299,1016250,1035.7,1040.0
2026-02-20 12:28:00,7.6,7.6,7.6,7.6,22500,19.40934,1016250,1036.3,1040.0
2026-02-20 12:29:00,12.5,12.55,11.7,11.7,43500,18.411383,920250,1034.9,1030.0
2026-02-20 12:30:00,11.9,11.9,11.7,11.9,31500,18.877359,920250,1034.9,1030.0
2026-02-20 12:31:00,11.5,11.9,11.5,11.5,30000,18.094161,920250,1034.8,1030.0
2026-02-20 12:32:00,10.85,11.5,10.4,10.5,29250,17.955522,884250,1033.25,1030.0
2026-02-20 12:33:00,10.45,10.75,10.35,10.75,5250,19.384924,884250,1032.6,1030.0
2026-02-20 12:34:00,10.4,10.75,10.4,10.4,16500,18.199532,884250,1032.9,1030.0
2026-02-20 12:35:00,10.15,10.5,10.15,10.5,12000,18.295735,876750,1033.0,1030.0
2026-02-20 12:36:00,10.0,10.5,10.0,10.0,18000,17.558873,876750,1032.7,1030.0
2026-02-20 12:37:00,10.1,10.1,10.0,10.05,9750,18.002494,876750,1032.45,1030.0
2026-02-20 12:38:00,9.95,10.05,9.95,9.95,22500,18.102217,868500,1032.2,1030.0
2026-02-20 12:39:00,9.9,9.95,9.9,9.9,18750,18.055348,868500,1032.15,1030.0
2026-02-20 12:40:00,9.45,9.9,9.45,9.45,21750,17.742932,868500,1031.6,1030.0
2026-02-20 12:41:00,9.35,9.45,9.15,9.15,25500,17.445879,849750,1031.3,1030.0
2026-02-20 12:42:00,9.0,9.15,9.0,9.0,24750,17.849614,849750,1030.7,1030.0
2026-02-20 12:43:00,8.65,9.0,8.6,8.6,5250,17.317763,849750,1030.4,1030.0
2026-02-20 12:44:00,8.7,8.95,8.6,8.95,34500,17.557832,858750,1030.85,1030.0
2026-02-20 12:45:00,8.6,8.95,8.6,8.6,7500,19.406536,858750,1028.6,1030.0
2026-02-20 12:46:00,7.85,8.6,7.85,8.55,54750,17.509754,858750,1030.15,1030.0
2026-02-20 12:47:00,8.45,8.55,8.45,8.45,8250,17.406369,846000,1030.05,1030.0
2026-02-20 12:48:00,8.75,8.95,8.45,8.95,6000,16.17902,846000,1031.95,1030.0
2026-02-20 12:49:00,9.25,9.25,8.95,9.25,11250,18.421845,846000,1030.7,1030.0
2026-02-20 12:50:00,8.85,9.25,8.6,8.6,8250,17.208478,847500,1030.5,1030.0
2026-02-20 12:51:00,8.6,8.6,8.6,8.6,3000,17.748571,847500,1030.05,1030.0
2026-02-20 12:52:00,8.8,8.8,8.6,8.8,1500,17.960133,847500,1030.25,1030.0
2026-02-20 12:53:00,8.65,8.8,8.4,8.4,39000,17.363415,837750,1030.0,1030.0
2026-02-20 12:54:00,8.7,8.7,8.4,8.7,3000,17.074123,837750,1030.8,1030.0
2026-02-20 12:55:00,9.05,9.05,8.7,9.05,14250,17.800444,837750,1030.85,1030.0
2026-02-20 12:56:00,8.5,9.05,8.5,8.5,8250,17.054309,841500,1030.45,1030.0
2026-02-20 12:57:00,8.4,8.5,8.4,8.4,2250,17.369891,841500,1030.0,1030.0
2026-02-20 12:58:00,8.05,8.4,8.05,8.05,32250,16.289346,841500,1030.25,1030.0
2026-02-20 12:59:00,8.45,8.45,8.05,8.45,3750,16.458863,844500,1030.85,1030.0
2026-02-20 13:00:00,8.8,8.8,8.45,8.8,6000,16.876058,844500,1031.15,1030.0
2026-02-20 13:01:00,8.65,8.8,8.65,8.65,4500,17.936264,844500,1030.0,1030.0
2026-02-20 13:02:00,8.3,8.65,8.3,8.35,9000,16.908161,840750,1030.3,1030.0
2026-02-20 13:03:00,8.35,8.35,8.35,8.35,0,17.267615,840750,1030.0,1030.0
2026-02-20 13:04:00,8.1,8.35,8.1,8.1,26250,16.290341,840750,1030.35,1030.0
2026-02-20 13:05:00,8.35,8.35,8.1,8.35,6000,16.610793,841500,1030.55,1030.0
2026-02-20 13:06:00,8.0,8.35,8.0,8.0,750,16.369125,841500,1030.1,1030.0
2026-02-20 13:07:00,7.25,8.0,7.15,7.15,48000,15.862857,841500,1028.9,1030.0
2026-02-20 13:08:00,7.35,7.35,7.15,7.35,28500,14.794122,832500,1030.2,1030.0
2026-02-20 13:09:00,7.65,7.65,7.35,7.65,12750,15.648567,832500,1030.05,1030.0
2026-02-20 13:10:00,7.55,7.65,7.55,7.55,3750,16.649055,832500,1029.0,1030.0
2026-02-20 13:11:00,6.65,7.55,6.65,6.65,18750,15.584921,832500,1028.15,1030.0
2026-02-20 13:12:00,6.9,6.9,6.65,6.9,26250,15.140163,832500,1029.05,1030.0
2026-02-20 13:13:00,7.5,7.5,6.9,7.5,3750,14.589153,832500,1030.65,1030.0
2026-02-20 13:14:00,7.65,7.65,7.5,7.65,9750,15.476218,835500,1030.2,1030.0
2026-02-20 13:15:00,7.65,7.65,7.65,7.65,0,15.717126,835500,1030.0,1030.0
2026-02-20 13:16:00,7.6,7.65,7.6,7.6,22500,15.185607,835500,1030.35,1030.0
2026-02-20 13:17:00,7.5,7.6,7.5,7.5,12000,15.383566,829500,1030.0,1030.0
2026-02-20 13:18:00,7.55,7.55,7.5,7.55,11250,15.497228,829500,1030.0,1030.0
2026-02-20 13:19:00,7.25,7.55,6.8,6.8,16500,14.406839,829500,1029.5,1030.0
2026-02-20 13:20:00,7.05,7.05,6.8,7.05,2250,15.771385,824250,1028.8,1030.0
2026-02-20 13:21:00,6.15,7.05,6.15,6.15,7500,15.548914,824250,1027.15,1030.0
2026-02-20 13:22:00,6.3,6.65,6.15,6.65,27000,15.214404,824250,1028.5,1030.0
2026-02-20 13:23:00,6.6,6.65,6.6,6.6,17250,15.214835,831000,1028.4,1030.0
2026-02-20 13:24:00,6.8,6.8,6.6,6.8,6000,15.273522,831000,1028.75,1030.0
2026-02-20 13:25:00,6.95,6.95,6.8,6.95,9000,15.213747,831000,1029.1,1030.0
2026-02-20 13:26:00,7.0,7.0,6.95,7.0,11250,15.384408,828000,1029.05,1030.0
2026-02-20 13:27:00,6.9,7.0,6.8,6.8,15000,15.051562,828000,1028.95,1030.0
2026-02-20 13:28:00,7.05,7.05,6.8,7.05,9000,15.499397,828000,1029.05,1030.0
2026-02-20 13:29:00,7.1,7.1,7.05,7.1,9000,14.681589,828000,1029.85,1030.0
2026-02-20 13:30:00,7.4,7.4,7.1,7.4,3000,15.058274,825750,1030.1,1030.0
2026-02-20 13:31:00,7.6,7.6,7.4,7.6,18000,14.901697,825750,1030.6,1030.0
2026-02-20 13:32:00,7.95,7.95,7.6,7.95,5250,15.568653,817500,1030.7,1030.0
2026-02-20 13:33:00,7.85,7.95,7.85,7.85,5250,15.893719,817500,1030.25,1030.0
2026-02-20 13:34:00,7.85,7.85,7.85,7.85,10500,15.469356,817500,1030.6,1030.0
2026-02-20 13:35:00,8.15,8.15,7.85,8.15,11250,15.209808,809250,1031.35,1030.0
2026-02-20 13:36:00,7.75,8.15,7.75,7.75,9000,15.79376,809250,1030.15,1030.0
2026-02-20 13:37:00,7.65,7.75,7.65,7.65,2250,14.961395,809250,1030.65,1030.0
2026-02-20 13:38:00,7.5,7.65,7.5,7.5,9000,15.474084,808500,1029.95,1030.0
2026-02-20 13:39:00,7.25,7.5,7.25,7.25,6750,15.386283,808500,1029.55,1030.0
2026-02-20 13:40:00,7.25,7.25,7.25,7.25,9750,15.620573,808500,1029.35,1030.0
2026-02-20 13:41:00,7.05,7.25,7.05,7.05,6750,15.28884,809250,1029.25,1030.0
2026-02-20 13:42:00,6.8,7.05,6.8,6.8,6000,15.579929,809250,1028.5,1030.0
2026-02-20 13:43:00,6.95,6.95,6.8,6.95,7500,14.184934,809250,1030.0,1030.0
2026-02-20 13:44:00,7.35,7.35,6.95,7.35,5250,15.085986,813000,1030.0,1030.0
2026-02-20 13:45:00,7.7,7.7,7.35,7.7,8250,15.874485,813000,1030.0,1030.0
2026-02-20 13:46:00,7.35,7.7,7.25,7.25,10500,14.804008,813000,1030.05,1030.0
2026-02-20 13:47:00,7.35,7.35,7.25,7.35,2250,14.849761,813000,1030.2,1030.0
2026-02-20 13:48:00,7.5,7.5,7.35,7.5,3000,14.88495,812250,1030.45,1030.0
2026-02-20 13:49:00,7.6,7.6,7.5,7.6,2250,14.989211,812250,1030.55,1030.0
2026-02-20 13:50:00,7.6,7.6,7.6,7.6,750,14.618559,812250,1030.85,1030.0
2026-02-20 13:51:00,7.6,7.6,7.6,7.6,0,15.114754,813750,1030.45,1030.0
2026-02-20 13:52:00,7.4,7.6,7.4,7.4,8250,15.210101,813750,1030.0,1030.0
2026-02-20 13:53:00,7.3,7.4,7.3,7.3,750,14.986514,815250,1030.0,1030.0
2026-02-20 13:54:00,7.4,7.4,7.3,7.4,3000,15.213019,815250,1030.0,1030.0
2026-02-20 13:55:00,7.5,7.5,7.4,7.5,750,14.586649,815250,1030.7,1030.0
2026-02-20 13:56:00,7.6,7.6,7.5,7.6,2250,15.122047,815250,1030.45,1030.0
2026-02-20 13:57:00,7.75,7.75,7.6,7.75,6000,15.09236,816000,1030.75,1030.0
2026-02-20 13:58:00,8.25,8.25,7.75,8.25,5250,15.214059,816000,1031.55,1030.0
2026-02-20 13:59:00,8.1,8.25,8.1,8.1,5250,14.809514,816000,1031.6,1030.0
2026-02-20 14:00:00,8.35,8.35,8.1,8.35,9750,15.250218,817500,1031.7,1030.0
2026-02-20 14:01:00,8.35,8.75,8.35,8.75,2250,15.771365,817500,1032.0,1030.0
2026-02-20 14:02:00,8.5,8.75,8.5,8.5,6000,15.529765,817500,1031.75,1030.0
2026-02-20 14:03:00,8.35,8.5,8.35,8.35,750,15.384338,814500,1031.6,1030.0
2026-02-20 14:04:00,8.45,8.45,8.35,8.45,9750,15.613301,814500,1031.6,1030.0
2026-02-20 14:05:00,8.1,8.45,8.1,8.1,750,15.268167,814500,1031.25,1030.0
2026-02-20 14:06:00,8.3,8.3,8.1,8.3,14250,15.210231,813750,1031.65,1030.0
2026-02-20 14:07:00,8.3,8.3,8.3,8.3,0,14.281838,813750,1032.35,1030.0
2026-02-20 14:08:00,9.0,9.0,8.3,9.0,8250,15.142607,813750,1032.9,1030.0
2026-02-20 14:09:00,10.15,10.15,9.0,10.15,27750,14.764903,813750,1035.0,1030.0
2026-02-20 14:10:00,6.1,6.1,6.1,6.1,41250,17.458211,1172250,1035.05,1040.0
2026-02-20 14:11:00,10.1,10.35,9.7,9.7,36750,14.989934,819750,1034.15,1030.0
2026-02-20 14:12:00,9.3,9.7,9.3,9.3,6000,15.425307,819750,1033.2,1030.0
2026-02-20 14:13:00,9.3,9.3,9.3,9.3,0,15.426829,819750,1033.2,1030.0
2026-02-20 14:14:00,9.25,9.3,9.25,9.25,11250,15.729075,818250,1032.9,1030.0
2026-02-20 14:15:00,9.3,9.3,9.25,9.3,1500,16.388086,818250,1032.5,1030.0
2026-02-20 14:16:00,8.9,9.3,8.85,8.85,5250,15.491475,818250,1032.4,1030.0
2026-02-20 14:17:00,8.75,8.85,8.75,8.75,3750,15.195788,818250,1032.45,1030.0
2026-02-20 14:18:00,8.7,8.75,8.7,8.7,6000,14.532497,819000,1032.85,1030.0
2026-02-20 14:19:00,8.95,8.95,8.7,8.95,3750,17.529754,819000,1031.0,1030.0
2026-02-20 14:20:00,7.85,8.95,7.85,7.85,9750,15.414441,820500,1030.7,1030.0
2026-02-20 14:21:00,8.0,8.0,7.85,8.0,11250,15.940059,820500,1030.55,1030.0
2026-02-20 14:22:00,7.85,8.0,7.85,7.85,6000,15.907724,820500,1030.3,1030.0
2026-02-20 14:23:00,7.8,7.85,7.8,7.8,4500,15.977709,821250,1030.15,1030.0
2026-02-20 14:24:00,7.8,7.8,7.8,7.8,3750,15.737105,821250,1030.35,1030.0
2026-02-20 14:25:00,7.9,7.9,7.8,7.9,4500,16.386346,821250,1030.0,1030.0
2026-02-20 14:26:00,7.7,7.9,7.55,7.55,9750,15.598375,820500,1030.0,1030.0
2026-02-20 14:27:00,7.5,7.55,7.5,7.5,1500,15.487058,820500,1030.0,1030.0
2026-02-20 14:28:00,7.5,7.5,7.5,7.5,9000,15.368384,820500,1030.1,1030.0
2026-02-20 14:29:00,7.5,7.5,7.25,7.25,113250,14.865689,873000,1030.05,1030.0
2026-02-20 14:30:00,7.6,7.6,7.25,7.6,102750,14.35969,873000,1031.1,1030.0
2026-02-20 14:31:00,7.6,7.6,7.6,7.6,21000,14.169081,873000,1031.25,1030.0
2026-02-20 14:32:00,7.65,7.65,7.6,7.65,5250,14.666281,873000,1030.95,1030.0
2026-02-20 14:33:00,7.65,7.65,7.65,7.65,10500,14.221401,935250,1031.3,1030.0
2026-02-20 14:34:00,7.75,7.75,7.65,7.75,1500,14.514899,935250,1031.25,1030.0
2026-02-20 14:35:00,7.6,7.75,7.6,7.6,1500,13.453615,935250,1031.8,1030.0
2026-02-20 14:36:00,7.85,7.85,7.6,7.85,5250,14.487722,935250,1031.45,1030.0
2026-02-20 14:37:00,7.8,7.85,7.8,7.8,750,14.951057,935250,1031.0,1030.0
2026-02-20 14:38:00,7.4,7.8,7.4,7.4,7500,14.545659,935250,1030.6,1030.0
2026-02-20 14:39:00,7.4,7.4,7.4,7.4,0,14.108249,936000,1030.95,1030.0
2026-02-20 14:40:00,7.65,7.65,7.4,7.65,14250,14.614588,936000,1031.0,1030.0
2026-02-20 14:41:00,7.95,7.95,7.65,7.95,8250,13.173209,936000,1032.6,1030.0
2026-02-20 14:42:00,8.1,8.1,7.95,8.1,3750,14.344122,936000,1032.0,1030.0
2026-02-20 14:43:00,8.1,8.1,8.1,8.1,0,13.871286,936000,1032.35,1030.0
2026-02-20 14:44:00,8.35,8.45,8.1,8.45,13500,14.475807,936000,1032.5,1030.0
2026-02-20 14:45:00,8.2,8.45,8.2,8.2,3750,13.478531,942000,1032.8,1030.0
2026-02-20 14:46:00,8.4,8.4,8.2,8.4,3000,13.733552,942000,1032.95,1030.0
2026-02-20 14:47:00,8.3,8.4,8.3,8.4,9000,14.501533,946500,1032.4,1030.0
2026-02-20 14:48:00,8.85,8.85,8.4,8.85,6000,14.431258,946500,1033.2,1030.0
2026-02-20 14:49:00,8.85,8.85,8.85,8.85,0,13.999061,946500,1033.5,1030.0
2026-02-20 14:50:00,8.85,8.85,8.85,8.85,0,15.543258,946500,1032.4,1030.0
2026-02-20 14:51:00,8.1,8.85,8.1,8.1,29250,13.744598,946500,1032.45,1030.0
2026-02-20 14:52:00,8.1,8.1,8.1,8.1,0,14.020696,946500,1032.25,1030.0
2026-02-20 14:53:00,8.15,8.15,8.1,8.15,10500,14.474784,946500,1032.0,1030.0
2026-02-20 14:54:00,8.05,8.15,8.05,8.05,7500,13.770967,949500,1032.35,1030.0
2026-02-20 14:55:00,8.1,8.1,8.05,8.1,2250,14.362712,949500,1032.0,1030.0
2026-02-20 14:56:00,7.85,8.1,7.85,7.9,3000,13.90392,949500,1032.0,1030.0
2026-02-20 14:57:00,7.9,7.9,7.9,7.9,26250,13.905316,948750,1032.0,1030.0
2026-02-20 14:58:00,7.85,7.9,7.85,7.85,3000,13.588058,948750,1032.15,1030.0
2026-02-20 14:59:00,8.15,8.15,7.85,8.15,2250,13.0941,948750,1033.0,1030.0
2026-02-20 15:00:00,8.2,8.2,8.1,8.1,17250,13.477932,942750,1032.65,1030.0
2026-02-20 15:01:00,8.1,8.1,8.1,8.1,2250,13.619471,942750,1032.55,1030.0
2026-02-20 15:02:00,7.55,8.1,7.55,7.55,33750,12.968166,942750,1032.1,1030.0
2026-02-20 15:03:00,7.45,7.55,7.45,7.45,53250,11.594325,914250,1032.9,1030.0
2026-02-20 15:04:00,7.8,8.15,7.45,8.0,68250,12.747972,914250,1033.0,1030.0
2026-02-20 15:05:00,7.75,8.1,7.4,8.1,19500,12.984662,914250,1033.0,1030.0
2026-02-20 15:06:00,7.8,8.1,7.55,7.55,7500,12.485607,922500,1032.45,1030.0
2026-02-20 15:07:00,7.75,7.75,7.55,7.75,9000,13.093038,922500,1032.35,1030.0
2026-02-20 15:08:00,7.75,7.75,7.75,7.75,0,13.506956,922500,1032.05,1030.0
2026-02-20 15:09:00,7.6,7.75,7.6,7.6,6750,13.229814,923250,1032.0,1030.0
2026-02-20 15:10:00,7.55,7.6,7.55,7.55,8250,13.115614,923250,1032.0,1030.0
2026-02-20 15:11:00,6.65,7.55,6.65,6.65,31500,13.199232,923250,1030.35,1030.0
2026-02-20 15:12:00,6.6,6.65,6.6,6.6,16500,13.515674,917250,1030.0,1030.0
2026-02-20 15:13:00,6.6,6.6,6.6,6.6,8250,13.517015,917250,1030.0,1030.0
2026-02-20 15:14:00,6.85,6.85,6.6,6.85,10500,13.346437,917250,1030.6,1030.0
2026-02-20 15:15:00,6.9,6.9,6.85,6.9,14250,13.772346,914250,1030.35,1030.0
2026-02-20 15:16:00,6.9,6.9,6.9,6.9,0,13.957928,914250,1030.2,1030.0
2026-02-20 15:17:00,6.85,6.9,6.85,6.85,3000,14.919685,914250,1029.3,1030.0
2026-02-20 15:18:00,6.4,6.85,6.0,6.0,33000,14.080463,914250,1028.35,1030.0
2026-02-20 15:19:00,5.65,6.0,5.65,5.65,25500,14.21456,914250,1027.5,1030.0
2026-02-20 15:20:00,5.4,5.65,5.4,5.4,23250,15.096196,914250,1026.1,1030.0
2026-02-20 15:21:00,5.25,5.4,5.25,5.25,27000,14.853529,921000,1026.0,1030.0
2026-02-20 15:22:00,5.1,5.25,5.1,5.1,22500,14.955431,921000,1025.55,1030.0
2026-02-20 15:23:00,9.8,9.8,9.6,9.8,7500,14.502552,936000,1024.8,1020.0
2026-02-20 15:24:00,9.4,9.8,9.3,9.45,9000,13.725757,939750,1024.75,1020.0
2026-02-20 15:25:00,9.5,9.5,9.25,9.25,6750,13.151547,939750,1024.8,1020.0
2026-02-20 15:26:00,9.0,9.25,9.0,9.0,5250,16.319245,939750,1022.25,1020.0
2026-02-20 15:27:00,9.25,9.4,9.0,9.4,18000,14.318793,945000,1024.3,1020.0
2026-02-20 15:28:00,9.1,9.4,9.1,9.1,750,12.445405,945000,1025.0,1020.0
2026-02-20 15:29:00,9.4,9.55,9.1,9.55,10500,13.572669,945000,1025.0,1020.0
2026-02-23 09:15:00,3.4,4.85,3.25,4.25,93000,23.044619,1204500,1035.45,1040.0
2026-02-23 09:16:00,4.0,4.25,4.0,4.0,49500,22.144622,1183500,1035.4,1040.0
2026-02-23 09:17:00,4.5,4.65,4.0,4.65,105750,20.417548,1183500,1038.0,1040.0
2026-02-23 09:18:00,5.2,5.45,4.65,5.45,134250,24.507374,1183500,1037.4,1040.0
2026-02-23 09:19:00,5.1,5.85,5.1,5.3,93000,23.510534,1218750,1037.65,1040.0
2026-02-23 09:20:00,5.2,5.3,4.85,5.0,30000,23.976747,1218750,1036.7,1040.0
2026-02-23 09:21:00,4.9,5.0,4.9,4.9,26250,23.181954,1218750,1036.95,1040.0
2026-02-23 09:22:00,4.7,4.9,4.7,4.7,40500,23.079321,1233000,1036.55,1040.0
2026-02-23 09:23:00,4.35,4.7,4.35,4.35,60750,19.47696,1233000,1037.9,1040.0
2026-02-23 09:24:00,4.3,4.35,4.3,4.3,27750,22.026885,1233000,1036.25,1040.0
2026-02-23 09:25:00,3.65,4.3,3.65,3.75,72000,19.965298,1230750,1036.2,1040.0
2026-02-23 09:26:00,3.9,3.9,3.75,3.9,39750,19.758982,1230750,1036.7,1040.0
2026-02-23 09:27:00,3.65,3.9,3.65,3.65,30000,19.504748,1230750,1036.25,1040.0
2026-02-23 09:28:00,3.85,3.85,3.65,3.85,48000,18.512701,1208250,1037.35,1040.0
2026-02-23 09:29:00,3.75,3.85,3.75,3.75,63750,19.350733,1208250,1036.6,1040.0
2026-02-23 09:30:00,3.85,3.85,3.75,3.85,21750,19.26073,1208250,1036.9,1040.0
2026-02-23 09:31:00,4.25,4.25,3.85,4.25,40500,19.476061,1236750,1037.7,1040.0
2026-02-23 09:32:00,4.2,4.25,4.2,4.2,33000,15.879853,1236750,1039.6,1040.0
2026-02-23 09:33:00,4.85,4.85,4.2,4.85,79500,18.252763,1236750,1039.65,1040.0
2026-02-23 09:34:00,4.8,4.85,4.8,4.8,46500,19.833784,1260000,1038.7,1040.0
2026-02-23 09:35:00,4.95,4.95,4.8,4.95,44250,20.948832,1260000,1038.4,1040.0
2026-02-23 09:36:00,4.8,4.95,4.8,4.8,82500,18.172659,1260000,1039.6,1040.0
2026-02-23 09:37:00,5.4,5.4,4.8,5.35,60750,17.46434,1263000,1041.0,1040.0
2026-02-23 09:38:00,4.55,5.35,4.45,4.45,116250,19.411048,1263000,1038.2,1040.0
2026-02-23 09:39:00,4.55,4.55,4.45,4.55,64500,22.921746,1263000,1036.35,1040.0
2026-02-23 09:40:00,8.6,8.65,7.8,7.8,70500,22.726064,886500,1033.0,1030.0
2026-02-23 09:41:00,6.15,7.8,6.15,6.3,17250,15.616803,886500,1033.45,1030.0
2026-02-23 09:42:00,6.5,6.6,6.3,6.6,37500,17.488296,886500,1033.2,1030.0
2026-02-23 09:43:00,7.55,7.55,6.6,7.55,60750,17.096372,882750,1034.8,1030.0
2026-02-23 09:44:00,7.35,7.55,7.35,7.35,21750,17.113319,882750,1034.5,1030.0
2026-02-23 09:45:00,4.1,4.1,3.4,4.05,74250,21.323822,1330500,1036.15,1040.0
2026-02-23 09:46:00,3.8,4.05,3.8,3.8,32250,20.817877,1353750,1035.85,1040.0
2026-02-23 09:47:00,4.25,4.25,3.8,4.25,63750,20.898633,1353750,1036.9,1040.0
2026-02-23 09:48:00,4.4,4.4,4.25,4.4,45750,20.308396,1353750,1037.6,1040.0
2026-02-23 09:49:00,4.5,4.5,4.4,4.5,24000,21.208869,1356000,1037.3,1040.0
2026-02-23 09:50:00,4.05,4.5,4.05,4.05,18000,20.464137,1356000,1036.7,1040.0
2026-02-23 09:51:00,4.5,4.5,4.05,4.5,17250,21.472401,1356000,1037.15,1040.0
2026-02-23 09:52:00,4.4,4.5,4.4,4.4,30750,22.247948,1358250,1036.45,1040.0
2026-02-23 09:53:00,4.35,4.45,4.35,4.45,12000,21.54075,1358250,1037.0,1040.0
2026-02-23 09:54:00,4.45,4.45,4.45,4.45,6000,21.378948,1358250,1037.1,1040.0
2026-02-23 09:55:00,4.6,4.6,4.45,4.6,7500,19.982013,1345500,1038.25,1040.0
2026-02-23 09:56:00,4.5,4.6,4.5,4.5,24750,18.157742,1345500,1039.05,1040.0
2026-02-23 09:57:00,5.2,5.2,4.5,5.2,88500,21.661353,1345500,1038.6,1040.0
2026-02-23 09:58:00,5.1,5.2,5.1,5.1,42000,18.544326,1311750,1040.05,1040.0
2026-02-23 09:59:00,6.05,6.05,5.1,6.05,99000,21.679116,1311750,1040.3,1040.0
2026-02-23 10:00:00,6.05,6.05,6.05,6.05,0,25.020968,1311750,1038.55,1040.0
2026-02-23 10:01:00,4.95,6.05,4.95,4.95,140250,20.544609,1237500,1038.7,1040.0
2026-02-23 10:02:00,5.45,5.45,4.95,5.45,44250,19.602831,1237500,1040.2,1040.0
2026-02-23 10:03:00,5.75,5.75,5.45,5.75,148500,20.754283,1237500,1040.2,1040.0
2026-02-23 10:04:00,5.65,5.75,5.65,5.65,35250,21.646493,1146750,1039.55,1040.0
2026-02-23 10:05:00,5.4,5.65,5.4,5.4,36750,20.696978,1146750,1039.55,1040.0
2026-02-23 10:06:00,5.15,5.4,5.15,5.15,11250,18.674916,1146750,1040.1,1040.0
2026-02-23 10:07:00,5.35,5.35,5.15,5.35,21000,20.992332,1125750,1039.3,1040.0
2026-02-23 10:08:00,5.4,5.4,5.35,5.4,27000,19.838535,1125750,1040.0,1040.0
2026-02-23 10:09:00,5.6,5.6,5.4,5.6,10500,21.290686,1125750,1039.65,1040.0
2026-02-23 10:10:00,5.5,5.6,5.5,5.5,6000,20.32974,1135500,1039.95,1040.0
2026-02-23 10:11:00,5.85,5.85,5.5,5.85,81000,21.575923,1135500,1040.0,1040.0
2026-02-23 10:12:00,5.6,5.85,5.6,5.6,15750,19.927374,1135500,1040.35,1040.0
2026-02-23 10:13:00,5.45,5.6,5.45,5.45,11250,22.891891,1124250,1038.5,1040.0
2026-02-23 10:14:00,4.85,5.45,4.85,4.85,36000,19.209543,1124250,1039.25,1040.0
2026-02-23 10:15:00,5.5,5.5,4.85,5.5,15000,25.313354,1124250,1037.25,1040.0
2026-02-23 10:16:00,4.6,5.5,4.6,4.6,43500,21.401082,1120500,1037.5,1040.0
2026-02-23 10:17:00,5.2,5.2,4.6,5.2,30000,22.315963,1120500,1038.3,1040.0
2026-02-23 10:18:00,5.2,5.2,5.2,5.2,79500,22.05073,1120500,1038.45,1040.0
2026-02-23 10:19:00,4.75,5.2,4.75,4.75,6000,22.683791,1136250,1037.1,1040.0
2026-02-23 10:20:00,4.45,4.75,4.45,4.45,18000,19.084812,1136250,1038.5,1040.0
2026-02-23 10:21:00,4.75,4.75,4.45,4.55,57750,20.365172,1136250,1038.0,1040.0
2026-02-23 10:22:00,4.35,4.55,4.35,4.35,30750,19.596971,1143750,1038.0,1040.0
2026-02-23 10:23:00,4.45,4.45,4.35,4.45,32250,20.07662,1143750,1037.95,1040.0
2026-02-23 10:24:00,4.6,4.6,4.45,4.6,4500,20.574312,1143750,1038.0,1040.0
2026-02-23 10:25:00,4.8,4.8,4.6,4.8,13500,20.90853,1142250,1038.25,1040.0
2026-02-23 10:26:00,4.9,4.9,4.8,4.85,6000,21.285571,1142250,1038.15,1040.0
2026-02-23 10:27:00,4.7,4.85,4.7,4.7,69000,20.443675,1142250,1038.3,1040.0
2026-02-23 10:28:00,4.8,4.8,4.7,4.8,20250,21.721831,1150500,1037.8,1040.0
2026-02-23 10:29:00,4.3,4.8,4.3,4.3,18750,20.646039,1150500,1037.3,1040.0
2026-02-23 10:30:00,4.3,4.3,4.3,4.3,0,20.481195,1150500,1037.4,1040.0
2026-02-23 10:31:00,4.3,4.3,4.3,4.3,0,21.662938,1170750,1036.7,1040.0
2026-02-23 10:32:00,4.4,4.9,4.3,4.9,77250,22.132078,1170750,1037.8,1040.0
2026-02-23 10:33:00,4.75,4.9,4.75,4.75,7500,22.078467,1170750,1037.5,1040.0
2026-02-23 10:34:00,5.0,5.0,4.75,5.0,38250,22.794859,1171500,1037.65,1040.0
2026-02-23 10:35:00,4.9,5.0,4.9,4.9,9000,21.884439,1171500,1037.95,1040.0
2026-02-23 10:36:00,4.9,4.9,4.85,4.85,15000,21.696197,1171500,1037.95,1040.0
2026-02-23 10:37:00,4.75,4.85,4.75,4.75,11250,22.703266,1167750,1037.15,1040.0
2026-02-23 10:38:00,4.75,4.75,4.75,4.75,0,22.709114,1167750,1037.15,1040.0
2026-02-23 10:39:00,4.65,5.0,4.65,5.0,90750,22.82422,1167750,1037.65,1040.0
2026-02-23 10:40:00,4.7,5.0,4.7,4.7,750,23.28682,1167750,1036.7,1040.0
2026-02-23 10:41:00,4.25,4.7,4.25,4.25,12000,21.852071,1155750,1036.5,1040.0
2026-02-23 10:42:00,4.2,4.25,4.2,4.2,6750,21.412762,1155750,1036.65,1040.0
2026-02-23 10:43:00,4.45,4.45,4.2,4.45,3000,22.321028,1159500,1036.7,1040.0
2026-02-23 10:44:00,4.5,4.5,4.45,4.5,14250,22.939494,1159500,1036.45,1040.0
2026-02-23 10:45:00,9.35,9.35,9.35,9.35,0,24.924298,844500,1034.8,1030.0
2026-02-23 10:46:00,3.25,3.9,3.25,3.25,38250,19.230803,1173750,1035.65,1040.0
2026-02-23 10:47:00,3.6,3.7,3.25,3.7,218250,21.834028,1173750,1035.15,1040.0
2026-02-23 10:48:00,3.8,3.8,3.7,3.8,36000,21.543926,1173750,1035.6,1040.0
2026-02-23 10:49:00,3.8,3.8,3.5,3.5,18000,20.877654,1168500,1035.25,1040.0
2026-02-23 10:50:00,3.55,3.55,3.5,3.55,105000,21.316738,1168500,1035.1,1040.0
2026-02-23 10:51:00,3.8,3.8,3.55,3.8,15000,21.952049,1168500,1035.35,1040.0
2026-02-23 10:52:00,3.6,3.8,3.6,3.6,11250,20.680257,1168500,1035.65,1040.0
2026-02-23 10:53:00,3.95,3.95,3.6,3.95,51000,20.729245,1179000,1036.5,1040.0
2026-02-23 10:54:00,4.15,4.15,3.95,4.15,24750,20.781792,1179000,1036.95,1040.0
2026-02-23 10:55:00,4.25,4.45,4.15,4.45,30000,21.715879,1179000,1037.1,1040.0
2026-02-23 10:56:00,4.25,4.45,4.25,4.25,11250,21.018829,1163250,1037.05,1040.0
2026-02-23 10:57:00,4.6,4.6,4.25,4.6,18000,21.628769,1163250,1037.5,1040.0
2026-02-23 10:58:00,4.6,4.6,4.6,4.6,0,21.807617,1163250,1037.4,1040.0
2026-02-23 10:59:00,4.95,4.95,4.6,4.95,16500,21.587251,1164750,1038.3,1040.0
2026-02-23 11:00:00,5.25,5.25,4.95,5.25,7500,21.086714,1164750,1039.2,1040.0
2026-02-23 11:01:00,5.7,5.75,5.25,5.75,42750,22.258775,1164750,1039.6,1040.0
2026-02-23 11:02:00,5.4,5.75,5.4,5.4,23250,20.615678,1127250,1039.75,1040.0
2026-02-23 11:03:00,5.7,5.7,5.4,5.7,9750,22.464269,1127250,1039.4,1040.0
2026-02-23 11:04:00,4.9,5.7,4.9,4.9,27750,22.844463,1127250,1037.5,1040.0
2026-02-23 11:05:00,4.55,4.9,4.5,4.5,28500,21.88424,1113000,1037.15,1040.0
2026-02-23 11:06:00,4.35,4.5,4.35,4.35,12000,22.804694,1113000,1036.25,1040.0
2026-02-23 11:07:00,4.35,4.35,4.35,4.35,0,23.138539,1113000,1036.05,1040.0
2026-02-23 11:08:00,4.5,4.5,4.35,4.5,76500,22.157203,1098000,1037.0,1040.0
2026-02-23 11:09:00,4.3,4.5,4.3,4.3,18750,21.203095,1098000,1037.1,1040.0
2026-02-23 11:10:00,4.4,4.4,4.3,4.4,7500,21.688706,1098000,1037.05,1040.0
2026-02-23 11:11:00,4.4,4.4,4.4,4.4,6750,21.779327,1115250,1037.0,1040.0
2026-02-23 11:12:00,4.35,4.4,4.35,4.35,2250,22.260053,1115250,1036.6,1040.0
2026-02-23 11:13:00,4.75,4.75,4.35,4.75,27750,22.046057,1115250,1037.65,1040.0
2026-02-23 11:14:00,4.9,4.9,4.75,4.9,18000,21.386255,1107750,1038.35,1040.0
2026-02-23 11:15:00,5.0,5.0,4.9,4.9,46500,21.844531,1107750,1038.1,1040.0
2026-02-23 11:16:00,5.1,5.1,4.9,5.1,15000,22.991986,1107750,1037.9,1040.0
2026-02-23 11:17:00,4.85,5.1,4.85,4.85,14250,22.196551,1105500,1037.8,1040.0
2026-02-23 11:18:00,4.8,4.85,4.8,4.8,9750,23.315845,1105500,1037.05,1040.0
2026-02-23 11:19:00,4.6,4.8,4.6,4.75,3750,22.865896,1105500,1037.2,1040.0
2026-02-23 11:20:00,4.5,4.75,4.5,4.5,10500,21.015767,1093500,1037.7,1040.0
2026-02-23 11:21:00,4.7,4.7,4.35,4.35,21750,22.479501,1093500,1036.5,1040.0
2026-02-23 11:22:00,4.0,4.35,4.0,4.0,12000,21.004649,1093500,1036.55,1040.0
2026-02-23 11:23:00,4.0,4.0,4.0,4.0,18750,21.339415,1075500,1036.35,1040.0
2026-02-23 11:24:00,4.05,4.05,4.0,4.05,7500,21.298409,1075500,1036.5,1040.0
2026-02-23 11:25:00,4.0,4.05,4.0,4.0,5250,21.758892,1075500,1036.1,1040.0
2026-02-23 11:26:00,4.0,4.0,4.0,4.0,0,22.410295,1067250,1035.7,1040.0
2026-02-23 11:27:00,3.85,4.0,3.85,3.85,111000,20.513555,1067250,1036.5,1040.0
2026-02-23 11:28:00,4.2,4.25,3.85,4.25,24000,20.940089,1067250,1037.2,1040.0
2026-02-23 11:29:00,4.3,4.3,4.25,4.3,3750,21.823989,1070250,1036.8,1040.0
2026-02-23 11:30:00,4.05,4.3,4.05,4.05,2250,22.313896,1070250,1035.9,1040.0
2026-02-23 11:31:00,3.9,4.05,3.9,3.9,26250,21.145827,1070250,1036.25,1040.0
2026-02-23 11:32:00,3.9,3.9,3.9,3.9,15000,20.327591,1056750,1036.75,1040.0
2026-02-23 11:33:00,3.7,3.9,3.6,3.65,38250,19.082575,1056750,1036.9,1040.0
2026-02-23 11:34:00,3.65,3.65,3.65,3.65,4500,19.500885,1056750,1036.65,1040.0
2026-02-23 11:35:00,3.6,3.65,3.6,3.6,16500,18.222539,1039500,1037.3,1040.0
2026-02-23 11:36:00,4.0,4.0,3.6,4.0,6000,19.734048,1039500,1037.35,1040.0
2026-02-23 11:37:00,3.95,4.0,3.95,3.95,12750,18.409558,1039500,1038.0,1040.0
2026-02-23 11:38:00,4.45,4.45,3.95,4.45,21000,19.572801,1039500,1038.45,1040.0
2026-02-23 11:39:00,4.45,4.45,4.45,4.45,0,20.92433,1039500,1037.7,1040.0
2026-02-23 11:40:00,4.45,4.45,4.45,4.45,0,20.841638,1039500,1037.75,1040.0
2026-02-23 11:41:00,4.1,4.45,4.1,4.25,113250,19.613729,1042500,1038.0,1040.0
2026-02-23 11:42:00,4.35,4.35,4.25,4.35,2250,19.473811,1042500,1038.3,1040.0
2026-02-23 11:43:00,4.4,4.4,4.35,4.4,1500,19.856916,1042500,1038.2,1040.0
2026-02-23 11:44:00,4.3,4.4,4.3,4.3,1500,19.377889,1040250,1038.25,1040.0
2026-02-23 11:45:00,4.25,4.3,4.25,4.25,10500,19.095612,1040250,1038.3,1040.0
2026-02-23 11:46:00,4.05,4.25,4.05,4.05,56250,18.040544,1040250,1038.45,1040.0
2026-02-23 11:47:00,4.2,4.2,4.05,4.2,36750,19.714128,1041000,1037.85,1040.0
2026-02-23 11:48:00,3.75,4.2,3.75,3.85,30000,19.199475,1041000,1037.35,1040.0
2026-02-23 11:49:00,3.7,3.85,3.7,3.7,27000,18.434891,1041000,1037.45,1040.0
2026-02-23 11:50:00,3.7,3.7,3.7,3.7,0,19.370537,1050750,1036.9,1040.0
2026-02-23 11:51:00,3.8,3.8,3.7,3.8,38250,19.44072,1050750,1037.1,1040.0
2026-02-23 11:52:00,3.9,4.25,3.8,4.25,114000,19.222305,1050750,1038.25,1040.0
2026-02-23 11:53:00,4.3,4.3,4.25,4.3,43500,19.243295,1044750,1038.35,1040.0
2026-02-23 11:54:00,4.4,4.4,4.3,4.4,12750,20.898324,1044750,1037.65,1040.0
2026-02-23 11:55:00,4.4,4.4,4.4,4.4,0,21.079935,1044750,1037.55,1040.0
2026-02-23 11:56:00,3.75,4.4,3.75,3.75,56250,19.181608,1006500,1037.15,1040.0
2026-02-23 11:57:00,3.5,3.75,3.5,3.5,17250,18.766648,1006500,1036.8,1040.0
2026-02-23 11:58:00,3.4,3.5,3.4,3.4,32250,18.695548,1006500,1036.6,1040.0
2026-02-23 11:59:00,3.35,3.4,3.35,3.35,3750,19.144648,1016250,1036.2,1040.0
2026-02-23 12:00:00,3.2,3.35,3.2,3.2,9000,18.134401,1016250,1036.45,1040.0
2026-02-23 12:01:00,2.9,3.2,2.9,2.9,51750,17.068578,1016250,1036.35,1040.0
2026-02-23 12:02:00,2.65,2.9,2.65,2.65,27000,16.964869,993750,1035.75,1040.0
2026-02-23 12:03:00,2.65,2.65,2.65,2.65,12000,16.663891,993750,1035.95,1040.0
2026-02-23 12:04:00,2.55,2.65,2.55,2.55,29250,15.943217,993750,1036.15,1040.0
2026-02-23 12:05:00,3.05,3.05,2.55,3.05,97500,18.022096,1014750,1036.15,1040.0
2026-02-23 12:06:00,3.1,3.25,3.05,3.25,41250,17.550811,1014750,1036.95,1040.0
2026-02-23 12:07:00,3.3,3.3,3.25,3.3,21000,17.67529,1014750,1037.0,1040.0
2026-02-23 12:08:00,3.5,3.5,3.3,3.5,26250,18.321342,994500,1037.1,1040.0
2026-02-23 12:09:00,3.1,3.5,3.0,3.0,12000,16.63089,994500,1036.9,1040.0
2026-02-23 12:10:00,2.95,3.0,2.95,2.95,3750,17.31658,994500,1036.35,1040.0
2026-02-23 12:11:00,3.0,3.0,2.95,3.0,8250,16.393956,997500,1037.05,1040.0
2026-02-23 12:12:00,3.1,3.15,3.0,3.15,25500,16.674788,997500,1037.25,1040.0
2026-02-23 12:13:00,3.15,3.15,3.05,3.05,7500,17.58271,997500,1036.45,1040.0
2026-02-23 12:14:00,3.35,3.35,3.05,3.3,49500,16.695628,996750,1037.6,1040.0
2026-02-23 12:15:00,3.25,3.3,3.25,3.25,4500,16.669977,996750,1037.5,1040.0
2026-02-23 12:16:00,3.2,3.25,3.2,3.2,6000,17.229581,996750,1037.05,1040.0
2026-02-23 12:17:00,3.25,3.25,3.2,3.25,50250,16.163677,998250,1037.8,1040.0
2026-02-23 12:18:00,3.4,3.4,3.25,3.4,30750,18.301023,998250,1036.9,1040.0
2026-02-23 12:19:00,3.65,3.65,3.4,3.65,24750,18.29827,998250,1037.5,1040.0
2026-02-23 12:20:00,3.4,3.65,3.4,3.4,8250,18.394194,1002000,1036.85,1040.0
2026-02-23 12:21:00,3.6,3.6,3.4,3.6,103500,18.450739,1002000,1037.3,1040.0
2026-02-23 12:22:00,3.65,3.65,3.6,3.65,11250,18.485792,1002000,1037.4,1040.0
2026-02-23 12:23:00,3.85,3.85,3.65,3.85,102750,17.701857,1020000,1038.3,1040.0
2026-02-23 12:24:00,3.9,4.15,3.85,4.15,101250,18.809779,1020000,1038.35,1040.0
2026-02-23 12:25:00,4.45,4.45,4.15,4.45,18000,21.185224,1020000,1037.7,1040.0
2026-02-23 12:26:00,4.25,4.45,4.25,4.25,3750,19.854276,1015500,1038.0,1040.0
2026-02-23 12:27:00,4.25,4.25,4.25,4.25,0,19.406379,1015500,1038.25,1040.0
2026-02-23 12:28:00,4.3,4.3,4.25,4.3,15000,19.151086,1015500,1038.5,1040.0
2026-02-23 12:29:00,4.7,4.7,4.3,4.7,62250,19.706906,1014000,1039.05,1040.0
2026-02-23 12:30:00,4.35,4.7,4.05,4.15,118500,19.114694,1014000,1038.2,1040.0
2026-02-23 12:31:00,3.85,4.15,3.85,3.85,3750,16.818532,1014000,1038.8,1040.0
2026-02-23 12:32:00,4.35,4.5,3.85,4.5,130500,18.833787,974250,1039.1,1040.0
2026-02-23 12:33:00,4.5,4.5,4.5,4.5,47250,19.411171,974250,1038.8,1040.0
2026-02-23 12:34:00,5.05,5.05,4.5,5.05,49500,15.16137,974250,1041.85,1040.0
2026-02-23 12:35:00,6.8,6.8,5.05,6.8,150000,16.825899,954000,1044.0,1040.0
2026-02-23 12:36:00,7.65,7.65,6.8,6.8,212250,21.889501,954000,1042.0,1040.0
2026-02-23 12:37:00,6.75,7.05,6.5,6.5,41250,21.711689,954000,1041.55,1040.0
2026-02-23 12:38:00,5.9,6.5,5.9,5.9,6750,20.533269,909750,1041.0,1040.0
2026-02-23 12:39:00,6.2,6.2,5.9,6.2,25500,21.735218,909750,1041.0,1040.0
2026-02-23 12:40:00,6.15,6.2,6.15,6.15,31500,21.541882,909750,1041.0,1040.0
2026-02-23 12:41:00,6.0,6.15,6.0,6.0,12000,20.949466,900000,1041.0,1040.0
2026-02-23 12:42:00,5.85,6.0,5.85,5.85,7500,20.465212,900000,1040.95,1040.0
2026-02-23 12:43:00,5.55,5.85,5.55,5.65,38250,21.15861,900000,1040.25,1040.0
2026-02-23 12:44:00,6.3,6.3,5.65,6.3,15000,22.056177,897000,1041.05,1040.0
2026-02-23 12:45:00,6.3,6.3,6.3,6.3,19500,20.618133,897000,1041.7,1040.0
2026-02-23 12:46:00,6.6,6.6,6.3,6.6,9000,21.829991,897000,1041.7,1040.0
2026-02-23 12:47:00,6.55,6.6,6.55,6.55,12000,23.073174,893250,1041.05,1040.0
2026-02-23 12:48:00,5.95,6.55,5.95,5.95,12000,21.75489,893250,1040.55,1040.0
2026-02-23 12:49:00,6.0,6.0,5.95,6.0,3000,21.320843,893250,1040.85,1040.0
2026-02-23 12:50:00,5.8,6.0,5.8,5.8,4500,21.168848,892500,1040.55,1040.0
2026-02-23 12:51:00,5.4,5.8,5.3,5.3,39000,18.095085,892500,1041.05,1040.0
2026-02-23 12:52:00,5.5,5.5,5.3,5.5,10500,20.405117,892500,1040.35,1040.0
2026-02-23 12:53:00,5.5,5.5,5.5,5.5,12750,22.736167,883500,1039.2,1040.0
2026-02-23 12:54:00,4.9,5.5,4.9,4.9,51000,20.154627,883500,1039.3,1040.0
2026-02-23 12:55:00,4.2,4.9,4.2,4.2,42000,21.496399,883500,1037.05,1040.0
2026-02-23 12:56:00,3.9,4.2,3.6,3.6,72750,19.228255,836250,1036.95,1040.0
2026-02-23 12:57:00,4.1,4.1,3.6,4.1,17250,19.421085,836250,1038.0,1040.0
2026-02-23 12:58:00,4.15,4.15,4.1,4.15,1500,19.537086,836250,1038.05,1040.0
2026-02-23 12:59:00,4.1,4.15,4.0,4.0,18000,18.390828,843000,1038.35,1040.0
2026-02-23 13:00:00,4.1,4.1,4.0,4.1,8250,18.519728,843000,1038.5,1040.0
2026-02-23 13:01:00,4.2,4.2,4.1,4.2,16500,19.019173,843000,1038.45,1040.0
2026-02-23 13:02:00,4.2,4.2,4.2,4.2,0,20.212549,843000,1037.8,1040.0
2026-02-23 13:03:00,3.55,4.2,3.5,3.5,32250,18.171985,843000,1037.35,1040.0
2026-02-23 13:04:00,3.5,3.5,3.5,3.5,17250,15.288639,843000,1038.95,1040.0
2026-02-23 13:05:00,4.25,4.25,3.5,4.25,21000,20.25087,848250,1037.9,1040.0
2026-02-23 13:06:00,3.65,4.25,3.65,3.7,6750,17.583899,848250,1038.15,1040.0
2026-02-23 13:07:00,3.5,3.7,3.5,3.5,23250,17.582391,848250,1037.7,1040.0
2026-02-23 13:08:00,3.6,3.6,3.5,3.6,3750,17.099446,855000,1038.2,1040.0
2026-02-23 13:09:00,3.85,3.85,3.45,3.45,46500,18.170373,855000,1037.25,1040.0
2026-02-23 13:10:00,3.6,3.6,3.45,3.6,27750,18.003698,855000,1037.7,1040.0
2026-02-23 13:11:00,3.5,3.6,3.5,3.5,6000,18.126186,849000,1037.4,1040.0
2026-02-23 13:12:00,3.45,3.5,3.4,3.4,12000,17.462422,849000,1037.55,1040.0
2026-02-23 13:13:00,3.1,3.4,3.1,3.1,27000,17.175597,849000,1037.0,1040.0
2026-02-23 13:14:00,3.1,3.1,3.1,3.1,6750,15.899433,827250,1037.75,1040.0
2026-02-23 13:15:00,3.2,3.2,3.1,3.2,12750,17.089667,827250,1037.3,1040.0
2026-02-23 13:16:00,3.15,3.2,3.15,3.15,9750,16.889046,827250,1037.3,1040.0
2026-02-23 13:17:00,3.25,3.25,3.15,3.25,4500,15.54503,827250,1038.3,1040.0
2026-02-23 13:18:00,3.45,3.75,3.25,3.75,12750,16.922862,827250,1038.65,1040.0
2026-02-23 13:19:00,3.8,3.8,3.75,3.8,20250,16.078131,827250,1039.2,1040.0
2026-02-23 13:20:00,4.05,4.05,3.8,4.05,25500,16.988835,840000,1039.25,1040.0
2026-02-23 13:21:00,4.05,4.05,3.9,3.9,33000,17.068074,840000,1038.9,1040.0
2026-02-23 13:22:00,3.95,3.95,3.9,3.95,15000,17.082263,840000,1039.0,1040.0
2026-02-23 13:23:00,3.85,3.95,3.85,3.85,22500,17.537728,855750,1038.55,1040.0
2026-02-23 13:24:00,4.0,4.0,3.85,4.0,29250,17.676152,855750,1038.8,1040.0
2026-02-23 13:25:00,4.2,4.2,4.0,4.2,27750,19.612447,855750,1038.2,1040.0
2026-02-23 13:26:00,3.8,4.2,3.8,3.8,15750,17.069211,861000,1038.7,1040.0
2026-02-23 13:27:00,3.95,3.95,3.8,3.95,14250,18.14853,861000,1038.45,1040.0
2026-02-23 13:28:00,4.15,4.15,3.95,4.15,6000,17.917129,861000,1039.0,1040.0
2026-02-23 13:29:00,4.25,4.25,4.15,4.25,20250,17.739018,854250,1039.3,1040.0
2026-02-23 13:30:00,4.15,4.25,4.15,4.15,4500,17.538201,854250,1039.2,1040.0
2026-02-23 13:31:00,4.25,4.3,4.15,4.3,11250,17.352007,854250,1039.6,1040.0
2026-02-23 13:32:00,3.95,4.3,3.95,3.95,17250,16.840301,854250,1039.15,1040.0
2026-02-23 13:33:00,3.85,3.95,3.85,3.85,11250,19.498179,852750,1037.5,1040.0
2026-02-23 13:34:00,3.55,3.85,3.55,3.55,45000,17.56526,852750,1037.9,1040.0
2026-02-23 13:35:00,3.75,3.75,3.55,3.75,18000,17.379469,872250,1038.45,1040.0
2026-02-23 13:36:00,3.75,3.75,3.75,3.75,0,16.8213,872250,1038.75,1040.0
2026-02-23 13:37:00,3.8,3.8,3.75,3.75,21750,17.759296,872250,1038.25,1040.0
2026-02-23 13:38:00,3.8,3.8,3.75,3.8,3000,18.059516,872250,1038.2,1040.0
2026-02-23 13:39:00,3.8,3.8,3.8,3.8,6750,17.508994,881250,1038.5,1040.0
2026-02-23 13:40:00,3.6,3.8,3.55,3.55,15000,17.952475,881250,1037.7,1040.0
2026-02-23 13:41:00,3.4,3.55,3.4,3.4,29250,17.955747,877500,1037.35,1040.0
2026-02-23 13:42:00,3.4,3.4,3.4,3.4,11250,16.084554,877500,1038.4,1040.0
2026-02-23 13:43:00,3.7,3.7,3.4,3.7,16500,17.401849,877500,1038.35,1040.0
2026-02-23 13:44:00,3.6,3.7,3.6,3.6,10500,18.355633,877500,1037.6,1040.0
2026-02-23 13:45:00,3.6,3.6,3.6,3.6,3750,18.004698,877500,1037.8,1040.0
2026-02-23 13:46:00,3.5,3.6,3.5,3.5,11250,17.059899,877500,1038.1,1040.0
2026-02-23 13:47:00,3.65,3.65,3.5,3.55,7500,18.077287,877500,1037.65,1040.0
2026-02-23 13:48:00,3.65,3.65,3.55,3.65,6000,18.314704,881250,1037.75,1040.0
2026-02-23 13:49:00,3.4,3.65,3.4,3.4,24750,17.559085,881250,1037.6,1040.0
2026-02-23 13:50:00,3.45,3.45,3.4,3.45,10500,17.504093,861750,1037.75,1040.0
2026-02-23 13:51:00,3.45,3.45,3.45,3.45,8250,17.951251,861750,1037.5,1040.0
2026-02-23 13:52:00,3.5,3.5,3.45,3.5,12000,17.630368,861750,1037.8,1040.0
2026-02-23 13:53:00,3.45,3.5,3.45,3.45,3000,17.785316,870000,1037.6,1040.0
2026-02-23 13:54:00,3.1,3.45,3.0,3.0,54750,18.606125,870000,1036.0,1040.0
2026-02-23 13:55:00,3.0,3.0,3.0,3.0,13500,18.691965,870000,1035.95,1040.0
2026-02-23 13:56:00,3.0,3.0,3.0,3.0,21750,19.336158,882000,1035.55,1040.0
2026-02-23 13:57:00,2.7,3.0,2.65,2.65,37500,18.13774,882000,1035.35,1040.0
2026-02-23 13:58:00,2.6,2.65,2.6,2.6,15750,16.912112,882000,1036.0,1040.0
2026-02-23 13:59:00,2.7,2.75,2.6,2.75,22500,17.721431,884250,1035.9,1040.0
2026-02-23 14:00:00,2.75,2.75,2.75,2.75,12000,18.277854,884250,1035.55,1040.0
2026-02-23 14:01:00,6.25,6.65,6.1,6.2,8250,11.092048,676500,1035.0,1030.0
2026-02-23 14:02:00,5.7,6.2,4.95,4.95,31500,11.834392,676500,1033.1,1030.0
2026-02-23 14:03:00,4.5,4.95,4.0,4.1,23250,12.602018,669000,1031.5,1030.0
2026-02-23 14:04:00,4.25,4.5,4.1,4.5,14250,10.561537,669000,1032.85,1030.0
2026-02-23 14:05:00,4.4,4.5,4.4,4.4,12000,11.623931,669000,1032.35,1030.0
2026-02-23 14:06:00,4.4,4.4,4.4,4.4,0,8.876149,669750,1033.2,1030.0
2026-02-23 14:07:00,5.15,5.15,4.4,5.15,8250,9.627897,669750,1034.0,1030.0
2026-02-23 14:08:00,5.2,5.2,5.15,5.2,3000,11.557935,669750,1033.55,1030.0
2026-02-23 14:09:00,5.1,5.2,5.1,5.1,2250,12.848151,672000,1033.0,1030.0
2026-02-23 14:10:00,4.65,5.1,4.65,4.65,11250,10.957247,672000,1032.95,1030.0
2026-02-23 14:11:00,4.5,4.65,4.5,4.5,4500,13.174409,672000,1031.95,1030.0
2026-02-23 14:12:00,4.35,4.5,4.3,4.3,5250,12.186722,670500,1032.0,1030.0
2026-02-23 14:13:00,4.3,4.4,4.3,4.4,15750,13.275734,670500,1031.75,1030.0
2026-02-23 14:14:00,4.5,4.5,4.4,4.5,1500,13.704019,670500,1031.75,1030.0
2026-02-23 14:15:00,4.5,4.5,4.5,4.5,750,12.381276,672750,1032.25,1030.0
2026-02-23 14:16:00,4.4,4.5,4.4,4.4,25500,13.415891,672750,1031.7,1030.0
2026-02-23 14:17:00,4.45,4.45,4.4,4.45,7500,14.008761,672750,1031.55,1030.0
2026-02-23 14:18:00,4.3,4.45,4.3,4.3,6000,12.477592,677250,1031.9,1030.0
2026-02-23 14:19:00,4.45,4.5,4.3,4.5,33750,14.596329,677250,1031.4,1030.0
2026-02-23 14:20:00,4.25,4.5,4.25,4.25,5250,14.859716,677250,1030.85,1030.0
2026-02-23 14:21:00,4.25,4.25,4.25,4.25,6000,14.8642,684750,1030.85,1030.0
2026-02-23 14:22:00,4.35,4.35,4.25,4.35,3750,14.701582,684750,1031.1,1030.0
2026-02-23 14:23:00,4.2,4.35,4.2,4.2,1500,13.228619,684750,1031.45,1030.0
2026-02-23 14:24:00,4.1,4.2,4.1,4.1,3000,13.182299,685500,1031.3,1030.0
2026-02-23 14:25:00,4.7,4.7,4.1,4.7,6750,14.849432,685500,1031.65,1030.0
2026-02-23 14:26:00,4.5,4.7,4.5,4.5,2250,14.869607,685500,1031.3,1030.0
2026-02-23 14:27:00,4.4,4.5,4.4,4.4,2250,15.167399,687000,1031.0,1030.0
2026-02-23 14:28:00,4.15,4.4,4.15,4.2,7500,14.338088,687000,1031.0,1030.0
2026-02-23 14:29:00,4.6,4.6,4.2,4.6,4500,13.413415,687000,1032.05,1030.0
2026-02-23 14:30:00,5.25,5.25,4.6,5.25,15750,10.629942,690750,1033.9,1030.0
2026-02-23 14:31:00,5.25,5.25,5.25,5.25,0,7.893601,690750,1034.5,1030.0
2026-02-23 14:32:00,6.3,6.3,5.25,6.1,37500,13.407892,690750,1034.3,1030.0
2026-02-23 14:33:00,5.7,6.1,5.6,5.6,6000,13.689968,696000,1033.5,1030.0
2026-02-23 14:34:00,5.7,5.7,5.6,5.7,6000,14.606329,696000,1033.35,1030.0
2026-02-23 14:35:00,5.7,5.7,5.7,5.7,5250,11.424034,696000,1034.3,1030.0
2026-02-23 14:36:00,6.0,6.0,5.7,6.0,1500,15.517509,695250,1033.5,1030.0
2026-02-23 14:37:00,5.15,6.0,5.15,5.25,13500,13.4897,695250,1033.05,1030.0
2026-02-23 14:38:00,4.65,5.25,4.65,4.65,1500,14.821606,695250,1031.6,1030.0
2026-02-23 14:39:00,4.65,4.65,4.65,4.65,0,14.321924,687000,1031.8,1030.0
2026-02-23 14:40:00,4.65,4.65,4.65,4.65,0,14.068866,687000,1031.9,1030.0
2026-02-23 14:41:00,4.75,4.75,4.65,4.75,7500,13.575097,687000,1032.25,1030.0
2026-02-23 14:42:00,4.7,4.75,4.7,4.7,1500,12.805089,686250,1032.45,1030.0
2026-02-23 14:43:00,4.4,4.7,4.4,4.4,2250,14.034211,686250,1031.5,1030.0
2026-02-23 14:44:00,3.75,4.4,3.75,3.75,9000,12.519397,686250,1031.0,1030.0
2026-02-23 14:45:00,3.75,3.75,3.75,3.75,0,12.643325,685500,1030.95,1030.0
2026-02-23 14:46:00,3.95,3.95,3.75,3.95,6750,11.608428,685500,1031.7,1030.0
2026-02-23 14:47:00,4.25,4.25,3.95,4.25,8250,13.910909,685500,1031.3,1030.0
2026-02-23 14:48:00,4.25,4.25,4.25,4.25,0,14.635958,687750,1031.0,1030.0
2026-02-23 14:49:00,4.1,4.25,4.1,4.2,12750,11.755661,687750,1032.05,1030.0
2026-02-23 14:50:00,4.15,4.2,4.15,4.15,7500,14.225242,687750,1031.0,1030.0
2026-02-23 14:51:00,4.05,4.15,4.05,4.05,750,14.625006,689250,1030.65,1030.0
2026-02-23 14:52:00,3.95,4.05,3.95,3.95,1500,14.096878,689250,1030.7,1030.0
2026-02-23 14:53:00,3.95,3.95,3.95,3.95,0,13.985682,689250,1030.75,1030.0
2026-02-23 14:54:00,3.85,4.0,3.85,4.0,28500,12.881574,688500,1031.3,1030.0
2026-02-23 14:55:00,4.0,4.0,4.0,4.0,0,11.858479,688500,1031.7,1030.0
2026-02-23 14:56:00,4.0,4.0,4.0,4.0,0,13.136662,688500,1031.2,1030.0
2026-02-23 14:57:00,4.1,4.1,4.0,4.1,8250,11.485655,681000,1032.0,1030.0
2026-02-23 14:58:00,4.0,4.1,3.65,3.65,23250,14.10602,681000,1030.15,1030.0
2026-02-23 14:59:00,3.6,3.65,3.6,3.6,12000,12.542535,681000,1030.75,1030.0
2026-02-23 15:00:00,4.35,4.75,3.6,4.75,26250,11.919384,689250,1032.85,1030.0
2026-02-23 15:01:00,5.15,5.15,4.75,5.15,47250,10.801223,689250,1033.75,1030.0
2026-02-23 15:02:00,4.85,5.15,4.85,4.85,3750,11.761313,689250,1033.05,1030.0
2026-02-23 15:03:00,5.0,5.0,4.85,5.0,3000,9.208523,699750,1033.95,1030.0
2026-02-23 15:04:00,5.35,5.35,4.7,4.7,87000,10.204741,699750,1033.3,1030.0
2026-02-23 15:05:00,4.75,4.85,4.7,4.85,5250,12.396692,699750,1032.85,1030.0
2026-02-23 15:06:00,4.5,4.85,4.5,4.5,12000,11.257952,696000,1032.7,1030.0
2026-02-23 15:07:00,4.1,4.5,4.1,4.1,3750,13.235859,696000,1031.35,1030.0
2026-02-23 15:08:00,3.65,4.1,3.65,3.65,15750,10.921806,696000,1031.5,1030.0
2026-02-23 15:09:00,3.8,3.8,3.65,3.8,1500,12.339616,689250,1031.2,1030.0
2026-02-23 15:10:00,3.8,3.8,3.8,3.8,0,12.467543,689250,1031.15,1030.0
2026-02-23 15:11:00,3.75,3.8,3.75,3.75,6750,11.882436,689250,1031.3,1030.0
2026-02-23 15:12:00,3.7,3.75,3.7,3.7,2250,12.659719,689250,1030.9,1030.0
2026-02-23 15:13:00,3.55,3.7,3.55,3.55,6000,13.082493,689250,1030.45,1030.0
2026-02-23 15:14:00,3.5,3.55,3.5,3.5,6000,13.875934,689250,1030.0,1030.0
2026-02-23 15:15:00,3.7,3.7,3.5,3.7,22500,14.608075,707250,1030.05,1030.0
2026-02-23 15:16:00,3.85,4.0,3.7,4.0,9750,15.758796,707250,1030.1,1030.0
2026-02-23 15:17:00,4.0,4.1,4.0,4.1,10500,16.182111,707250,1030.1,1030.0
2026-02-23 15:18:00,3.95,4.1,3.95,3.95,5250,15.776298,699000,1030.0,1030.0
2026-02-23 15:19:00,3.75,3.95,3.75,3.75,17250,15.479182,699000,1029.75,1030.0
2026-02-23 15:20:00,3.85,3.85,3.75,3.85,3750,16.529884,699000,1029.45,1030.0
2026-02-23 15:21:00,3.7,3.95,3.7,3.95,18750,15.790863,708750,1030.0,1030.0
2026-02-23 15:22:00,3.7,3.95,3.7,3.7,38250,15.808238,708750,1029.5,1030.0
2026-02-23 15:23:00,3.9,3.9,3.7,3.9,2250,16.442352,708750,1029.6,1030.0
2026-02-23 15:24:00,4.05,4.05,3.9,4.05,9000,15.117897,710250,1030.5,1030.0
2026-02-23 15:25:00,4.5,4.75,4.05,4.2,17250,15.181103,710250,1030.75,1030.0
2026-02-23 15:26:00,4.1,4.2,3.9,3.9,2250,13.918995,710250,1030.75,1030.0
2026-02-23 15:27:00,4.0,4.1,3.8,4.1,15750,14.999836,704250,1030.65,1030.0
2026-02-23 15:28:00,4.1,4.35,4.05,4.2,15750,13.627462,704250,1031.4,1030.0
2026-02-23 15:29:00,4.3,4.85,4.2,4.25,27750,15.870271,704250,1030.55,1030.0
2026-02-24 09:15:00,6.55,6.55,4.45,4.45,3000,18.581326,678750,1022.75,1020.0
2026-02-24 09:16:00,2.9,4.45,2.25,3.2,17250,20.698962,674250,1020.1,1020.0
2026-02-24 09:17:00,3.1,3.55,2.75,2.75,41250,25.83318,674250,1017.45,1020.0
2026-02-24 09:18:00,2.8,2.8,2.0,2.8,29250,25.064362,674250,1017.85,1020.0
2026-02-24 09:19:00,3.75,3.75,2.8,3.6,36000,27.539543,656250,1018.85,1020.0
2026-02-24 09:20:00,2.75,3.6,2.75,2.75,12000,27.818754,656250,1016.75,1020.0
2026-02-24 09:21:00,2.75,2.75,2.75,2.75,0,25.486602,656250,1017.6,1020.0
2026-02-24 09:22:00,2.75,2.75,2.75,2.75,0,27.723904,660750,1016.8,1020.0
2026-02-24 09:23:00,3.25,3.25,2.75,3.25,33000,28.263239,660750,1017.85,1020.0
2026-02-24 09:24:00,3.35,3.35,3.25,3.35,18750,29.994358,660750,1017.5,1020.0
2026-02-24 09:25:00,3.2,3.35,3.2,3.2,15000,28.543258,654750,1017.65,1020.0
2026-02-24 09:26:00,3.25,3.25,3.2,3.25,15750,26.684501,654750,1018.4,1020.0
2026-02-24 09:27:00,3.25,3.25,3.25,3.25,0,27.904182,654750,1018.0,1020.0
2026-02-24 09:28:00,3.05,3.25,3.05,3.05,27750,30.521659,651000,1016.6,1020.0
2026-02-24 09:29:00,2.5,3.05,2.5,2.5,7500,29.36217,651000,1015.55,1020.0
2026-02-24 09:30:00,5.65,7.55,5.65,5.65,46500,19.316279,648750,1014.4,1010.0
2026-02-24 09:31:00,5.55,5.65,5.55,5.55,8250,27.228283,648750,1012.7,1010.0
2026-02-24 09:32:00,4.45,5.55,4.45,4.45,3000,22.455114,637500,1012.0,1010.0
2026-02-24 09:33:00,4.05,4.45,4.05,4.05,11250,23.529684,637500,1011.05,1010.0
2026-02-24 09:34:00,3.95,4.05,3.95,3.95,11250,13.471697,637500,1013.05,1010.0
2026-02-24 09:35:00,3.95,3.95,3.95,3.95,0,0.0,625500,1015.0,1010.0
2026-02-24 09:36:00,1.25,1.25,1.25,1.25,0,20.473686,684000,1015.3,1020.0
2026-02-24 09:37:00,6.5,6.5,3.95,6.5,16500,28.005072,621000,1014.05,1010.0
2026-02-24 09:38:00,5.0,6.5,5.0,5.0,9000,16.428809,621000,1014.0,1010.0
2026-02-24 09:39:00,5.0,5.0,5.0,5.0,9000,10.882649,621000,1014.65,1010.0
2026-02-24 09:40:00,1.25,1.25,1.2,1.25,12000,21.095159,684000,1015.05,1020.0
2026-02-24 09:41:00,1.5,1.5,1.25,1.5,29250,21.995037,684000,1015.55,1020.0
2026-02-24 09:42:00,5.9,5.9,5.9,5.9,3750,25.592856,613500,1013.65,1010.0
2026-02-24 09:43:00,5.9,5.9,5.9,5.9,0,27.989029,613500,1013.15,1010.0
2026-02-24 09:44:00,5.9,5.9,5.9,5.9,0,30.867804,612750,1012.5,1010.0
2026-02-24 09:45:00,3.5,5.9,3.5,3.5,24000,14.79004,612750,1012.2,1010.0
2026-02-24 09:46:00,3.5,3.5,3.5,3.5,0,12.599362,612750,1012.6,1010.0
2026-02-24 09:47:00,3.5,3.5,3.5,3.5,0,7.882985,612750,1013.2,1010.0
2026-02-24 09:48:00,4.9,4.9,3.5,4.9,14250,18.49038,612750,1013.55,1010.0
2026-02-24 09:49:00,4.4,4.9,4.4,4.4,1500,20.120417,612750,1012.5,1010.0
2026-02-24 09:50:00,4.4,4.4,4.4,4.4,0,18.656936,612000,1012.8,1010.0
2026-02-24 09:51:00,4.4,4.4,4.4,4.4,0,21.988766,612000,1012.1,1010.0
2026-02-24 09:52:00,4.4,4.4,4.4,4.4,0,20.405807,612000,1012.45,1010.0
2026-02-24 09:53:00,4.4,4.4,4.4,4.4,0,21.120928,612000,1012.3,1010.0
2026-02-24 09:54:00,4.4,4.4,4.4,4.4,0,17.662797,609750,1013.0,1010.0
2026-02-24 09:55:00,4.45,4.45,3.8,3.8,83250,16.439334,603000,1012.35,1010.0
2026-02-24 09:56:00,3.5,3.8,3.5,3.5,13500,10.70433,603000,1012.9,1010.0
2026-02-24 09:57:00,4.35,5.05,3.5,5.05,12000,11.155781,603000,1014.7,1010.0
2026-02-24 09:58:00,1.95,1.95,1.5,1.95,34500,23.140816,668250,1016.6,1020.0
2026-02-24 09:59:00,1.9,1.95,1.9,1.9,20250,23.302306,668250,1016.4,1020.0
2026-02-24 10:00:00,2.0,2.0,1.9,2.0,1500,27.372001,668250,1015.1,1020.0
2026-02-24 10:01:00,5.6,6.3,5.05,5.05,12750,0.0,586500,1014.95,1010.0
2026-02-24 10:02:00,4.85,5.05,4.85,4.85,5250,19.15054,585750,1013.4,1010.0
2026-02-24 10:03:00,4.9,4.9,4.85,4.9,6750,13.095114,585750,1014.35,1010.0
2026-02-24 10:04:00,4.45,4.9,4.45,4.45,4500,10.800318,585750,1014.05,1010.0
2026-02-24 10:05:00,4.45,4.45,4.45,4.45,0,0.0,585750,1014.6,1010.0
2026-02-24 10:06:00,1.8,1.8,1.3,1.8,45000,23.17947,657750,1016.2,1020.0
2026-02-24 10:07:00,1.95,1.95,1.8,1.95,6750,23.040334,657750,1016.7,1020.0
2026-02-24 10:08:00,2.0,2.0,1.95,2.0,750,22.629922,653250,1017.0,1020.0
2026-02-24 10:09:00,1.7,2.0,1.7,1.7,3750,19.330524,653250,1017.4,1020.0
2026-02-24 10:10:00,2.0,2.0,1.7,2.0,9750,22.39431,653250,1017.1,1020.0
2026-02-24 10:11:00,2.0,2.0,2.0,2.0,0,23.490339,648000,1016.7,1020.0
2026-02-24 10:12:00,1.7,2.0,1.7,1.7,38250,21.619028,648000,1016.55,1020.0
2026-02-24 10:13:00,1.7,1.7,1.7,1.7,0,24.647129,648000,1015.35,1020.0
2026-02-24 10:14:00,1.7,1.7,1.7,1.7,0,21.653499,650250,1016.55,1020.0
2026-02-24 10:15:00,1.7,1.7,1.7,1.7,0,24.686296,650250,1015.35,1020.0
2026-02-24 10:16:00,1.6,1.7,1.6,1.6,22500,21.926402,650250,1016.15,1020.0
2026-02-24 10:17:00,1.3,1.6,1.3,1.3,750,21.790658,654000,1015.2,1020.0
2026-02-24 10:18:00,1.5,1.5,1.3,1.5,1500,19.783615,654000,1016.7,1020.0
2026-02-24 10:19:00,1.8,1.8,1.5,1.8,2250,19.822633,654000,1017.55,1020.0
2026-02-24 10:20:00,1.9,1.9,1.8,1.9,2250,16.924221,654750,1018.8,1020.0
2026-02-24 10:21:00,1.9,1.9,1.9,1.9,6000,19.321215,654750,1018.0,1020.0
2026-02-24 10:22:00,1.9,1.9,1.9,1.9,0,18.313027,654750,1018.35,1020.0
2026-02-24 10:23:00,1.9,1.9,1.9,1.9,4500,19.352673,651750,1018.0,1020.0
2026-02-24 10:24:00,1.9,1.9,1.9,1.9,0,20.928807,651750,1017.45,1020.0
2026-02-24 10:25:00,1.95,1.95,1.9,1.95,6750,18.271649,651750,1018.5,1020.0
2026-02-24 10:26:00,1.95,1.95,1.95,1.95,0,17.676838,651000,1018.7,1020.0
2026-02-24 10:27:00,1.95,1.95,1.95,1.95,0,16.274891,651000,1019.15,1020.0
2026-02-24 10:28:00,1.95,1.95,1.95,1.95,0,16.926425,653250,1018.95,1020.0
2026-02-24 10:29:00,2.05,2.05,1.95,2.05,24750,16.527503,653250,1019.3,1020.0
2026-02-24 10:30:00,2.05,2.05,2.05,2.05,750,16.541265,653250,1019.3,1020.0
2026-02-24 10:31:00,2.0,2.05,2.0,2.0,9750,20.217883,653250,1018.0,1020.0
2026-02-24 10:32:00,1.7,2.0,1.7,1.7,3000,18.012653,658500,1018.0,1020.0
2026-02-24 10:33:00,1.95,1.95,1.7,1.95,3750,18.544356,658500,1018.45,1020.0
2026-02-24 10:34:00,1.95,1.95,1.95,1.95,0,17.794374,658500,1018.7,1020.0
2026-02-24 10:35:00,1.8,1.95,1.8,1.8,3000,15.783196,660000,1019.0,1020.0
2026-02-24 10:36:00,1.8,1.8,1.8,1.8,0,15.477882,660000,1019.1,1020.0
2026-02-24 10:37:00,1.95,1.95,1.8,1.95,5250,15.251351,660000,1019.5,1020.0
2026-02-24 10:38:00,1.95,1.95,1.95,1.95,0,14.750681,660000,1019.65,1020.0
2026-02-24 10:39:00,2.1,2.1,1.95,2.1,2250,16.691843,654750,1019.4,1020.0
2026-02-24 10:40:00,1.9,2.1,1.9,1.9,12000,17.519144,654750,1018.7,1020.0
2026-02-24 10:41:00,1.75,1.9,1.75,1.75,4500,18.377778,658500,1018.05,1020.0
2026-02-24 10:42:00,1.85,1.85,1.75,1.85,1500,14.933719,658500,1019.4,1020.0
2026-02-24 10:43:00,2.0,2.0,1.85,2.0,5250,16.692997,658500,1019.2,1020.0
2026-02-24 10:44:00,2.0,2.0,2.0,2.0,0,18.153473,658500,1018.75,1020.0
2026-02-24 10:45:00,1.65,2.0,1.65,1.65,13500,15.909637,651000,1018.65,1020.0
2026-02-24 10:46:00,1.5,1.65,1.5,1.5,15750,16.571185,651000,1018.05,1020.0
2026-02-24 10:47:00,1.5,1.5,1.5,1.5,0,15.86412,648000,1018.3,1020.0
2026-02-24 10:48:00,1.5,1.5,1.5,1.5,15750,17.585752,648000,1017.7,1020.0
2026-02-24 10:49:00,1.5,1.5,1.5,1.5,0,18.834205,648000,1017.25,1020.0
2026-02-24 10:50:00,1.2,1.5,1.2,1.2,21750,16.987187,651000,1017.05,1020.0
2026-02-24 10:51:00,1.15,1.2,1.15,1.15,4500,17.227045,651000,1016.8,1020.0
2026-02-24 10:52:00,0.95,1.15,0.95,0.95,22500,16.164752,651000,1016.55,1020.0
2026-02-24 10:53:00,1.05,1.05,0.95,1.05,12000,16.669118,658500,1016.7,1020.0
2026-02-24 10:54:00,1.05,1.05,1.05,1.05,3000,14.534348,658500,1017.55,1020.0
2026-02-24 10:55:00,1.3,1.55,1.05,1.55,3000,16.351036,658500,1018.3,1020.0
2026-02-24 10:56:00,1.45,1.55,1.45,1.45,4500,16.473911,655500,1018.0,1020.0
2026-02-24 10:57:00,1.4,1.45,1.4,1.4,3750,17.082655,655500,1017.65,1020.0
2026-02-24 10:58:00,1.4,1.4,1.4,1.4,0,16.117634,655500,1018.0,1020.0
2026-02-24 10:59:00,1.4,1.4,1.4,1.4,0,14.828386,655500,1018.45,1020.0
2026-02-24 11:00:00,1.5,1.5,1.4,1.5,40500,12.438429,655500,1019.45,1020.0
2026-02-24 11:01:00,2.25,2.25,1.5,2.25,34500,11.650389,655500,1021.05,1020.0
2026-02-24 11:02:00,2.25,2.25,2.25,2.25,0,8.447683,651750,1021.65,1020.0
2026-02-24 11:03:00,2.65,2.65,2.25,2.65,27750,7.864729,651750,1022.25,1020.0
2026-02-24 11:04:00,2.5,2.65,2.5,2.5,6000,11.654364,651750,1021.45,1020.0
2026-02-24 11:05:00,2.5,2.5,2.5,2.5,0,11.405107,652500,1021.5,1020.0
2026-02-24 11:06:00,2.3,2.5,2.3,2.3,7500,0.0,652500,1022.4,1020.0
2026-02-24 11:07:00,2.45,2.45,2.3,2.45,750,6.01533,652500,1022.2,1020.0
2026-02-24 11:08:00,2.45,2.45,2.45,2.45,3000,0.0,654000,1022.8,1020.0
2026-02-24 11:09:00,2.65,2.65,2.45,2.65,4500,0.0,654000,1022.65,1020.0
2026-02-24 11:10:00,2.7,2.7,2.65,2.7,3750,0.0,654000,1022.85,1020.0
2026-02-24 11:11:00,3.45,3.45,2.7,3.45,8250,0.0,654000,1023.6,1020.0
2026-02-24 11:12:00,3.3,3.45,3.3,3.3,18750,0.0,654000,1023.25,1020.0
2026-02-24 11:13:00,3.3,3.3,3.3,3.3,0,0.0,654000,1023.35,1020.0
2026-02-24 11:14:00,3.35,3.45,3.3,3.45,3000,0.0,653250,1023.45,1020.0
2026-02-24 11:15:00,3.45,3.45,3.45,3.45,0,9.567116,653250,1023.05,1020.0
2026-02-24 11:16:00,3.0,3.45,3.0,3.0,5250,8.204221,653250,1022.65,1020.0
2026-02-24 11:17:00,2.9,3.0,2.9,2.9,7500,8.493625,648750,1022.5,1020.0
2026-02-24 11:18:00,2.9,2.9,2.9,2.9,0,0.0,648750,1022.85,1020.0
2026-02-24 11:19:00,3.15,3.25,2.9,3.25,2250,7.520341,648750,1023.0,1020.0
2026-02-24 11:20:00,3.05,3.25,3.05,3.05,3750,0.0,640500,1023.45,1020.0
2026-02-24 11:21:00,3.05,3.05,3.05,3.05,0,0.0,640500,1023.65,1020.0
2026-02-24 11:22:00,3.5,3.55,3.05,3.5,6750,0.0,640500,1023.55,1020.0
2026-02-24 11:23:00,3.5,3.5,3.5,3.5,0,13.597843,641250,1022.6,1020.0
2026-02-24 11:24:00,3.5,3.5,3.5,3.5,0,10.236554,641250,1023.05,1020.0
2026-02-24 11:25:00,3.5,3.5,3.5,3.5,0,6.07388,641250,1023.35,1020.0
2026-02-24 11:26:00,3.5,3.5,3.5,3.5,26250,6.084903,630000,1023.35,1020.0
2026-02-24 11:27:00,3.35,3.5,3.35,3.35,7500,0.0,630000,1023.3,1020.0
2026-02-24 11:28:00,3.35,3.35,3.35,3.35,0,6.992084,630000,1023.15,1020.0
2026-02-24 11:29:00,1.3,1.3,0.75,1.3,25500,21.949386,707250,1025.6,1030.0
2026-02-24 11:30:00,4.7,4.7,3.35,4.7,44250,7.794844,627750,1024.55,1020.0
2026-02-24 11:31:00,4.25,4.7,4.25,4.25,4500,0.0,627750,1024.8,1020.0
2026-02-24 11:32:00,1.25,1.25,1.25,1.25,4500,22.425328,720750,1025.25,1030.0
2026-02-24 11:33:00,4.4,4.4,4.4,4.4,0,0.0,627000,1024.4,1020.0
2026-02-24 11:34:00,0.95,1.25,0.95,0.95,38250,20.04667,720750,1025.1,1030.0
2026-02-24 11:35:00,1.15,1.15,0.95,1.15,6000,21.098984,695250,1025.45,1030.0
2026-02-24 11:36:00,1.15,1.15,1.15,1.15,750,21.118188,695250,1025.45,1030.0
2026-02-24 11:37:00,1.0,1.15,1.0,1.0,2250,19.522138,695250,1025.55,1030.0
2026-02-24 11:38:00,1.1,1.1,1.0,1.1,10500,20.821025,690000,1025.4,1030.0
2026-02-24 11:39:00,4.45,4.8,4.1,4.15,66000,0.0,633750,1024.95,1020.0
2026-02-24 11:40:00,0.95,1.0,0.95,0.95,15750,20.272022,690000,1025.05,1030.0
2026-02-24 11:41:00,0.95,0.95,0.95,0.95,0,20.290616,690000,1025.05,1030.0
2026-02-24 11:42:00,4.4,4.5,4.4,4.4,1500,0.0,634500,1024.5,1020.0
2026-02-24 11:43:00,3.9,4.4,3.9,3.9,750,0.0,634500,1024.15,1020.0
2026-02-24 11:44:00,3.25,3.9,3.25,3.25,17250,11.917345,636750,1022.55,1020.0
2026-02-24 11:45:00,2.9,3.25,2.9,2.9,2250,10.385244,636750,1022.3,1020.0
2026-02-24 11:46:00,2.55,2.9,2.55,2.55,17250,10.233633,636750,1021.85,1020.0
2026-02-24 11:47:00,2.55,2.55,2.55,2.55,0,9.916659,635250,1021.9,1020.0
2026-02-24 11:48:00,2.3,2.55,2.3,2.3,3750,8.976205,635250,1021.7,1020.0
2026-02-24 11:49:00,2.3,2.3,2.3,2.3,0,4.535843,635250,1022.15,1020.0
2026-02-24 11:50:00,2.2,2.3,2.2,2.2,6750,9.965065,635250,1021.4,1020.0
2026-02-24 11:51:00,2.3,2.3,2.2,2.3,750,5.425791,636000,1022.1,1020.0
2026-02-24 11:52:00,2.65,2.65,2.3,2.65,2250,6.044626,636000,1022.45,1020.0
2026-02-24 11:53:00,2.85,2.85,2.65,2.85,3000,0.0,636000,1022.8,1020.0
2026-02-24 11:54:00,2.85,2.85,2.85,2.85,0,8.258433,636000,1022.5,1020.0
2026-02-24 11:55:00,2.85,2.85,2.85,2.85,0,5.435423,636000,1022.7,1020.0
2026-02-24 11:56:00,3.1,3.1,2.85,3.1,8250,8.782532,636000,1022.75,1020.0
2026-02-24 11:57:00,3.1,3.1,3.1,3.1,0,12.061171,636000,1022.35,1020.0
2026-02-24 11:58:00,2.75,3.1,2.75,2.75,2250,6.269516,632250,1022.55,1020.0
2026-02-24 11:59:00,2.55,2.75,2.55,2.55,2250,8.964563,633750,1022.05,1020.0
2026-02-24 12:00:00,2.55,2.55,2.55,2.55,0,12.173168,633750,1021.55,1020.0
2026-02-24 12:01:00,2.55,2.55,2.55,2.55,0,15.188924,633750,1020.95,1020.0
2026-02-24 12:02:00,1.95,2.55,1.95,2.05,6750,9.671877,633000,1021.25,1020.0
2026-02-24 12:03:00,2.05,2.05,2.05,2.05,0,0.0,633000,1022.2,1020.0
2026-02-24 12:04:00,2.6,2.6,2.05,2.6,1500,0.0,633000,1022.65,1020.0
2026-02-24 12:05:00,2.8,2.8,2.6,2.8,1500,0.0,632250,1023.1,1020.0
2026-02-24 12:06:00,2.9,2.9,2.75,2.75,2250,5.388709,632250,1022.6,1020.0
2026-02-24 12:07:00,2.75,2.75,2.75,2.75,0,13.107654,632250,1021.7,1020.0
2026-02-24 12:08:00,2.75,2.75,2.75,2.75,0,13.940177,632250,1021.55,1020.0
2026-02-24 12:09:00,2.75,2.75,2.75,2.75,0,15.959809,632250,1021.15,1020.0
2026-02-24 12:10:00,1.95,2.75,1.95,1.95,15000,9.468528,632250,1021.15,1020.0
2026-02-24 12:11:00,1.85,1.95,1.85,1.85,9000,12.930821,624000,1020.25,1020.0
2026-02-24 12:12:00,1.85,1.85,1.85,1.85,0,10.724206,624000,1020.75,1020.0
2026-02-24 12:13:00,1.8,1.85,1.8,1.8,7500,6.164603,624000,1021.45,1020.0
2026-02-24 12:14:00,1.9,1.9,1.8,1.9,6750,10.160779,622500,1020.95,1020.0
2026-02-24 12:15:00,1.9,1.9,1.9,1.9,0,11.393987,622500,1020.7,1020.0
2026-02-24 12:16:00,1.9,1.9,1.9,1.9,0,10.685311,622500,1020.85,1020.0
2026-02-24 12:17:00,1.4,1.9,1.3,1.3,8250,10.133327,627750,1019.9,1020.0
2026-02-24 12:18:00,1.3,1.3,1.3,1.3,0,10.338109,627750,1019.85,1020.0
2026-02-24 12:19:00,1.15,1.3,1.15,1.15,1500,7.966198,627750,1020.15,1020.0
2026-02-24 12:20:00,1.35,1.35,1.15,1.35,20250,10.159492,623250,1020.0,1020.0
2026-02-24 12:21:00,0.85,1.35,0.85,0.85,6000,6.846596,623250,1019.85,1020.0
2026-02-24 12:22:00,0.85,0.85,0.85,0.85,6750,8.646744,623250,1019.35,1020.0
2026-02-24 12:23:00,0.85,0.85,0.85,0.85,9000,8.655761,624750,1019.35,1020.0
2026-02-24 12:24:00,0.85,0.85,0.85,0.85,0,12.499946,624750,1018.1,1020.0
2026-02-24 12:25:00,0.7,0.85,0.7,0.7,21750,8.427807,624750,1019.05,1020.0
2026-02-24 12:26:00,0.7,0.7,0.7,0.7,4500,9.93407,624750,1018.55,1020.0
2026-02-24 12:27:00,0.6,0.7,0.6,0.6,750,8.21069,628500,1018.85,1020.0
2026-02-24 12:28:00,0.65,0.65,0.6,0.65,8250,8.192238,628500,1019.0,1020.0
2026-02-24 12:29:00,0.75,0.75,0.65,0.75,3750,8.558904,623250,1019.15,1020.0
2026-02-24 12:30:00,0.65,0.75,0.65,0.65,2250,7.585552,623250,1019.2,1020.0
2026-02-24 12:31:00,0.6,0.65,0.6,0.65,8250,9.26186,623250,1018.65,1020.0
2026-02-24 12:32:00,0.65,0.65,0.65,0.65,1500,8.681495,623250,1018.85,1020.0
2026-02-24 12:33:00,0.7,0.7,0.65,0.7,6000,9.713547,621750,1018.65,1020.0
2026-02-24 12:34:00,0.7,0.7,0.7,0.7,750,9.276413,621750,1018.8,1020.0
2026-02-24 12:35:00,0.7,0.8,0.7,0.8,7500,9.822969,627000,1018.9,1020.0
2026-02-24 12:36:00,0.8,0.8,0.8,0.8,1500,10.297852,627000,1018.75,1020.0
2026-02-24 12:37:00,0.8,0.8,0.8,0.8,0,9.044428,627000,1019.15,1020.0
2026-02-24 12:38:00,0.85,0.85,0.8,0.85,6000,7.914399,627000,1019.6,1020.0
2026-02-24 12:39:00,0.85,0.85,0.85,0.85,0,7.923002,627000,1019.6,1020.0
2026-02-24 12:40:00,1.05,1.05,0.85,1.05,1500,9.720555,624000,1019.55,1020.0
2026-02-24 12:41:00,1.05,1.05,1.05,1.05,0,10.092674,624000,1019.45,1020.0
2026-02-24 12:42:00,0.75,1.05,0.75,0.75,3000,10.088349,624750,1018.7,1020.0
2026-02-24 12:43:00,0.75,0.75,0.75,0.75,1500,9.010269,624750,1019.05,1020.0
2026-02-24 12:44:00,0.75,0.75,0.75,0.75,0,7.86199,624750,1019.4,1020.0
2026-02-24 12:45:00,0.95,0.95,0.75,0.95,750,9.325376,625500,1019.45,1020.0
2026-02-24 12:46:00,0.8,0.95,0.8,0.8,4500,10.56194,625500,1018.7,1020.0
2026-02-24 12:47:00,0.8,0.8,0.8,0.8,0,10.107034,625500,1018.85,1020.0
2026-02-24 12:48:00,0.75,0.8,0.75,0.75,6750,10.456052,624750,1018.6,1020.0
2026-02-24 12:49:00,0.75,0.75,0.75,0.75,0,10.011253,624750,1018.75,1020.0
2026-02-24 12:50:00,0.85,0.85,0.75,0.85,5250,11.346875,622500,1018.6,1020.0
2026-02-24 12:51:00,0.75,0.85,0.75,0.75,6000,10.032952,622500,1018.75,1020.0
2026-02-24 12:52:00,0.85,0.85,0.75,0.85,3750,11.061125,622500,1018.7,1020.0
2026-02-24 12:53:00,0.9,0.9,0.85,0.9,750,12.583074,622500,1018.35,1020.0
2026-02-24 12:54:00,0.9,0.9,0.9,0.9,0,10.048334,622500,1019.15,1020.0
2026-02-24 12:55:00,0.9,0.9,0.9,0.9,0,11.684659,622500,1018.65,1020.0
2026-02-24 12:56:00,0.95,0.95,0.9,0.95,4500,12.442428,622500,1018.55,1020.0
2026-02-24 12:57:00,0.95,0.95,0.95,0.95,0,14.573155,623250,1017.85,1020.0
2026-02-24 12:58:00,0.85,0.95,0.85,0.85,3750,14.530795,623250,1017.55,1020.0
2026-02-24 12:59:00,0.85,0.85,0.85,0.85,6750,12.523119,623250,1018.25,1020.0
2026-02-24 13:00:00,0.75,0.85,0.75,0.75,1500,10.593282,623250,1018.6,1020.0
2026-02-24 13:01:00,0.75,0.75,0.75,0.75,0,9.189699,623250,1019.05,1020.0
2026-02-24 13:02:00,0.85,0.85,0.75,0.85,3000,10.216498,623250,1019.0,1020.0
2026-02-24 13:03:00,1.4,1.4,0.85,1.4,6750,7.770173,623250,1020.7,1020.0
2026-02-24 13:04:00,1.4,1.4,1.4,1.4,0,8.30865,623250,1020.6,1020.0
2026-02-24 13:05:00,1.7,1.7,1.4,1.6,21000,9.500366,623250,1020.7,1020.0
2026-02-24 13:06:00,1.65,1.65,1.6,1.65,18000,9.935636,621000,1020.7,1020.0
2026-02-24 13:07:00,1.6,1.65,1.6,1.6,15000,9.261047,621000,1020.75,1020.0
2026-02-24 13:08:00,1.6,1.6,1.6,1.6,0,9.003891,621000,1020.8,1020.0
2026-02-24 13:09:00,1.55,1.6,1.55,1.55,2250,9.630063,599250,1020.6,1020.0
2026-02-24 13:10:00,1.25,1.55,1.25,1.25,6750,8.343174,599250,1020.35,1020.0
2026-02-24 13:11:00,1.1,1.25,1.1,1.1,2250,6.056818,599250,1020.55,1020.0
2026-02-24 13:12:00,1.3,1.3,1.1,1.3,1500,4.981853,599250,1021.0,1020.0
2026-02-24 13:13:00,1.3,1.3,1.3,1.3,0,7.538072,599250,1020.6,1020.0
2026-02-24 13:14:00,1.3,1.3,1.3,1.3,0,9.493101,599250,1020.2,1020.0
2026-02-24 13:15:00,1.05,1.3,1.05,1.05,5250,6.952058,598500,1020.3,1020.0
2026-02-24 13:16:00,0.95,1.05,0.95,0.95,3750,5.605235,598500,1020.4,1020.0
2026-02-24 13:17:00,0.95,0.95,0.95,0.95,0,5.612337,598500,1020.4,1020.0
2026-02-24 13:18:00,1.2,1.2,0.95,1.2,3750,6.131711,597750,1020.7,1020.0
2026-02-24 13:19:00,1.2,1.2,1.2,1.2,0,5.82957,597750,1020.75,1020.0
2026-02-24 13:20:00,1.2,1.2,1.2,1.2,0,5.159946,597750,1020.85,1020.0
2026-02-24 13:21:00,1.2,1.2,1.2,1.2,0,5.166984,597750,1020.85,1020.0
2026-02-24 13:22:00,1.2,1.2,1.2,1.2,0,5.524213,597750,1020.8,1020.0
2026-02-24 13:23:00,1.1,1.2,1.1,1.1,1500,6.149109,597750,1020.55,1020.0
2026-02-24 13:24:00,0.75,1.1,0.75,0.75,3750,5.441791,597750,1020.1,1020.0
2026-02-24 13:25:00,0.6,0.75,0.6,0.6,6750,4.415667,597750,1020.05,1020.0
2026-02-24 13:26:00,0.6,0.6,0.6,0.6,0,3.946954,597750,1020.15,1020.0
2026-02-24 13:27:00,0.75,0.75,0.6,0.75,3000,0.0,596250,1020.8,1020.0
2026-02-24 13:28:00,0.75,0.75,0.75,0.75,0,0.0,596250,1020.75,1020.0
2026-02-24 13:29:00,0.6,0.75,0.6,0.6,3750,4.663532,595500,1020.0,1020.0
2026-02-24 13:30:00,0.6,0.6,0.6,0.6,5250,8.168795,595500,1019.05,1020.0
2026-02-24 13:31:00,0.7,0.7,0.6,0.6,3750,11.339212,595500,1018.0,1020.0
2026-02-24 13:32:00,0.6,0.6,0.6,0.6,0,11.35245,594750,1018.0,1020.0
2026-02-24 13:33:00,0.55,0.6,0.55,0.55,5250,11.28161,594750,1017.85,1020.0
2026-02-24 13:34:00,0.55,0.55,0.55,0.55,0,11.569021,594750,1017.75,1020.0
2026-02-24 13:35:00,0.4,0.55,0.4,0.4,12750,9.068195,594750,1018.1,1020.0
2026-02-24 13:36:00,0.4,0.4,0.4,0.4,6000,10.251626,594000,1017.65,1020.0
2026-02-24 13:37:00,0.2,0.4,0.2,0.2,3000,5.337285,594000,1018.7,1020.0
2026-02-24 13:38:00,0.2,0.2,0.2,0.2,0,3.596416,594000,1019.35,1020.0
2026-02-24 13:39:00,0.3,0.3,0.2,0.3,3750,3.010235,594750,1019.8,1020.0
2026-02-24 13:40:00,0.3,0.3,0.3,0.3,2250,4.556869,594750,1019.35,1020.0
2026-02-24 13:41:00,0.3,0.3,0.3,0.3,5250,8.155153,594750,1018.05,1020.0
2026-02-24 13:42:00,0.4,0.4,0.3,0.4,3000,8.326808,595500,1018.4,1020.0
2026-02-24 13:43:00,0.4,0.4,0.4,0.4,0,10.20809,595500,1017.7,1020.0
2026-02-24 13:44:00,0.3,0.4,0.3,0.3,750,8.310916,595500,1018.0,1020.0
2026-02-24 13:45:00,0.3,0.3,0.3,0.3,1500,1.660323,595500,1020.1,1020.0
2026-02-24 13:46:00,0.85,0.85,0.3,0.85,9000,9.690787,595500,1019.3,1020.0
2026-02-24 13:47:00,0.9,0.9,0.85,0.9,2250,10.861164,595500,1019.1,1020.0
2026-02-24 13:48:00,0.75,0.9,0.75,0.75,1500,9.011997,594750,1019.25,1020.0
2026-02-24 13:49:00,0.7,0.75,0.7,0.7,1500,8.927332,594750,1019.15,1020.0
2026-02-24 13:50:00,0.7,0.7,0.7,0.7,0,10.436636,594750,1018.7,1020.0
2026-02-24 13:51:00,0.8,0.8,0.7,0.8,1500,10.021344,593250,1019.1,1020.0
2026-02-24 13:52:00,0.8,0.8,0.8,0.8,0,10.033728,593250,1019.1,1020.0
2026-02-24 13:53:00,0.95,0.95,0.8,0.95,2250,10.657531,593250,1019.3,1020.0
2026-02-24 13:54:00,0.95,0.95,0.95,0.95,0,9.322468,593250,1019.65,1020.0
2026-02-24 13:55:00,0.95,0.95,0.95,0.95,0,6.683533,593250,1020.25,1020.0
2026-02-24 13:56:00,0.95,0.95,0.95,0.95,0,5.626023,593250,1020.45,1020.0
2026-02-24 13:57:00,0.95,0.95,0.95,0.95,0,0.0,592500,1020.95,1020.0
2026-02-24 13:58:00,1.0,1.0,0.95,1.0,8250,0.0,592500,1021.35,1020.0
2026-02-24 13:59:00,1.2,1.2,1.0,1.2,2250,0.0,592500,1021.45,1020.0
2026-02-24 14:00:00,1.2,1.2,1.2,1.2,0,0.0,592500,1021.5,1020.0
2026-02-24 14:01:00,1.2,1.2,1.2,1.2,0,8.939649,587250,1020.25,1020.0
2026-02-24 14:02:00,0.45,1.2,0.45,0.45,4500,0.0,587250,1020.8,1020.0
2026-02-24 14:03:00,0.45,0.45,0.45,0.45,0,1.235028,587250,1020.35,1020.0
2026-02-24 14:04:00,0.7,0.7,0.45,0.7,18000,5.987903,588000,1019.95,1020.0
2026-02-24 14:05:00,0.8,0.8,0.7,0.8,750,7.09137,588000,1019.9,1020.0
2026-02-24 14:06:00,0.85,0.85,0.8,0.85,3750,9.370517,573000,1019.45,1020.0
2026-02-24 14:07:00,1.25,1.35,0.85,1.35,33000,11.270247,573000,1020.05,1020.0
2026-02-24 14:08:00,1.4,1.4,1.35,1.4,750,10.053387,573000,1020.4,1020.0
2026-02-24 14:09:00,1.7,1.9,1.4,1.9,6000,11.335966,549000,1021.0,1020.0
2026-02-24 14:10:00,1.8,1.9,1.8,1.9,14250,11.053598,549000,1021.05,1020.0
2026-02-24 14:11:00,2.1,3.1,1.9,3.1,9750,18.429662,549000,1021.7,1020.0
2026-02-24 14:12:00,3.3,3.3,3.1,3.3,12750,18.516947,530250,1022.0,1020.0
2026-02-24 14:13:00,3.2,3.3,3.2,3.2,1500,17.581722,530250,1022.0,1020.0
2026-02-24 14:14:00,3.2,3.2,3.2,3.2,750,16.619927,530250,1022.15,1020.0
2026-02-24 14:15:00,3.25,3.25,3.2,3.25,14250,17.790372,528750,1022.05,1020.0
2026-02-24 14:16:00,3.25,3.25,3.25,3.25,0,21.640663,528750,1021.4,1020.0
2026-02-24 14:17:00,3.0,3.25,3.0,3.0,21000,13.135144,528750,1022.35,1020.0
2026-02-24 14:18:00,3.25,3.25,3.0,3.25,18750,15.438421,528750,1022.4,1020.0
2026-02-24 14:19:00,3.35,3.35,3.25,3.35,3750,18.209215,528750,1022.15,1020.0
2026-02-24 14:20:00,3.15,3.35,3.15,3.15,3000,16.928546,528750,1022.05,1020.0
2026-02-24 14:21:00,3.15,3.35,3.15,3.35,15000,17.926742,528750,1022.2,1020.0
2026-02-24 14:22:00,3.3,3.35,3.3,3.35,27750,17.269897,528750,1022.3,1020.0
2026-02-24 14:23:00,3.35,3.35,3.35,3.35,0,18.63191,528750,1022.1,1020.0
2026-02-24 14:24:00,3.35,3.35,3.35,3.35,0,18.330459,528750,1022.15,1020.0
2026-02-24 14:25:00,3.05,3.35,3.05,3.05,17250,14.609061,529500,1022.25,1020.0
2026-02-24 14:26:00,3.05,3.05,3.05,3.05,750,14.629106,529500,1022.25,1020.0
2026-02-24 14:27:00,3.05,3.05,3.05,3.05,0,15.741607,529500,1022.1,1020.0
2026-02-24 14:28:00,2.8,3.05,2.8,2.8,1500,13.156228,530250,1022.1,1020.0
2026-02-24 14:29:00,2.8,2.8,2.8,2.8,0,13.929576,530250,1022.0,1020.0
2026-02-24 14:30:00,2.85,2.85,2.8,2.8,3000,16.629599,529500,1021.6,1020.0
2026-02-24 14:31:00,2.95,2.95,2.8,2.95,1500,15.15842,529500,1022.05,1020.0
2026-02-24 14:32:00,2.6,2.95,2.6,2.6,1500,17.986486,529500,1021.05,1020.0
2026-02-24 14:33:00,2.05,2.6,2.05,2.05,750,15.071376,528000,1020.65,1020.0
2026-02-24 14:34:00,1.7,2.05,1.7,1.7,3000,10.105645,528000,1020.95,1020.0
2026-02-24 14:35:00,1.65,1.7,1.65,1.65,750,12.470033,528000,1020.45,1020.0
2026-02-24 14:36:00,1.8,1.8,1.65,1.8,5250,13.085438,528000,1020.6,1020.0
2026-02-24 14:37:00,1.3,1.8,1.3,1.3,750,6.072816,526500,1020.95,1020.0
2026-02-24 14:38:00,2.05,2.1,1.3,2.1,22500,8.795912,526500,1021.7,1020.0
2026-02-24 14:39:00,2.1,2.1,2.1,2.1,0,6.588651,507750,1021.9,1020.0
2026-02-24 14:40:00,2.1,2.1,2.1,2.1,0,8.346112,507750,1021.75,1020.0
2026-02-24 14:41:00,2.1,2.1,2.1,2.1,0,9.282314,507750,1021.65,1020.0
2026-02-24 14:42:00,1.65,2.1,1.65,1.65,7500,0.0,506250,1022.0,1020.0
2026-02-24 14:43:00,1.6,1.65,1.6,1.6,5250,0.0,506250,1021.6,1020.0
2026-02-24 14:44:00,1.5,1.6,1.5,1.5,2250,4.545159,506250,1021.35,1020.0
2026-02-24 14:45:00,1.0,1.5,0.6,0.6,11250,0.0,506250,1021.5,1020.0
2026-02-24 14:46:00,0.75,0.75,0.55,0.55,4500,0.0,506250,1021.6,1020.0
2026-02-24 14:47:00,0.55,0.55,0.55,0.55,0,0.0,506250,1021.6,1020.0
2026-02-24 14:48:00,0.55,0.55,0.55,0.55,0,0.0,506250,1021.6,1020.0
2026-02-24 14:49:00,0.2,0.55,0.2,0.2,2250,0.0,507000,1021.55,1020.0
2026-02-24 14:50:00,0.75,0.75,0.2,0.75,15750,0.0,507000,1022.8,1020.0
2026-02-24 14:51:00,0.65,0.75,0.65,0.65,4500,0.0,505500,1023.45,1020.0
2026-02-24 14:52:00,0.8,0.8,0.65,0.8,750,0.0,505500,1023.05,1020.0
2026-02-24 14:53:00,0.3,0.8,0.3,0.3,9000,0.0,505500,1022.6,1020.0
2026-02-24 14:54:00,0.05,0.3,0.05,0.05,26250,0.0,505500,1022.85,1020.0
2026-02-24 14:55:00,0.05,0.05,0.05,0.05,0,0.0,505500,1022.45,1020.0
2026-02-24 14:56:00,0.05,0.05,0.05,0.05,0,0.0,505500,1022.65,1020.0
2026-02-24 14:57:00,0.05,0.05,0.05,0.05,8250,0.0,504750,1024.0,1020.0
2026-02-24 14:58:00,0.35,0.35,0.05,0.35,4500,0.0,504750,1023.65,1020.0
2026-02-24 14:59:00,0.35,0.35,0.35,0.35,0,0.0,504750,1023.7,1020.0
2026-02-24 15:00:00,0.35,0.35,0.35,0.35,0,0.0,504750,1023.55,1020.0
2026-02-24 15:01:00,0.95,0.95,0.35,0.95,5250,0.0,504750,1023.95,1020.0
2026-02-24 15:02:00,0.95,0.95,0.95,0.95,0,0.0,504750,1023.75,1020.0
2026-02-24 15:03:00,0.95,0.95,0.95,0.95,0,0.0,503250,1024.05,1020.0
2026-02-24 15:04:00,0.95,0.95,0.95,0.95,0,0.0,503250,1023.6,1020.0
2026-02-24 15:05:00,0.95,0.95,0.95,0.95,0,0.0,503250,1023.2,1020.0
2026-02-24 15:06:00,0.5,0.95,0.5,0.5,2250,0.0,503250,1023.4,1020.0
2026-02-24 15:07:00,1.0,1.0,0.5,1.0,2250,0.0,503250,1022.9,1020.0
2026-02-24 15:08:00,1.0,1.0,1.0,1.0,0,0.0,503250,1023.25,1020.0
2026-02-24 15:09:00,1.0,1.0,1.0,1.0,0,0.0,503250,1023.2,1020.0
2026-02-24 15:10:00,0.4,1.0,0.4,0.4,1500,0.0,503250,1023.2,1020.0
2026-02-24 15:11:00,0.4,0.4,0.4,0.4,0,0.0,503250,1023.65,1020.0
2026-02-24 15:12:00,0.4,0.4,0.4,0.4,0,0.0,503250,1023.45,1020.0
2026-02-24 15:13:00,0.4,0.4,0.4,0.4,0,0.0,503250,1024.1,1020.0
2026-02-24 15:14:00,0.4,0.4,0.4,0.4,0,0.0,503250,1023.6,1020.0
2026-02-24 15:15:00,0.4,0.4,0.4,0.4,0,0.0,503250,1023.4,1020.0
2026-02-24 15:16:00,0.4,0.4,0.4,0.4,0,0.0,503250,1023.05,1020.0
2026-02-24 15:17:00,0.4,0.4,0.4,0.4,0,0.0,503250,1022.95,1020.0
2026-02-24 15:18:00,0.4,0.4,0.4,0.4,0,0.0,503250,1022.95,1020.0
2026-02-24 15:19:00,0.4,0.4,0.4,0.4,0,0.0,503250,1023.05,1020.0
2026-02-24 15:20:00,0.4,0.4,0.4,0.4,0,0.0,503250,1023.35,1020.0
2026-02-24 15:21:00,0.4,0.4,0.4,0.4,0,0.0,503250,1023.4,1020.0
2026-02-24 15:22:00,0.4,0.4,0.4,0.4,0,0.0,503250,1023.15,1020.0
2026-02-24 15:23:00,0.4,0.4,0.4,0.4,0,0.0,503250,1023.35,1020.0
2026-02-24 15:24:00,0.4,0.4,0.4,0.4,0,0.0,503250,1024.0,1020.0
2026-02-24 15:25:00,0.4,0.4,0.4,0.4,0,0.0,503250,1024.1,1020.0
2026-02-24 15:26:00,0.4,0.4,0.4,0.4,6000,0.0,503250,1022.75,1020.0
2026-02-24 15:27:00,0.4,0.4,0.4,0.4,0,0.0,503250,1023.15,1020.0
2026-02-24 15:28:00,0.4,0.4,0.4,0.4,0,0.0,503250,1023.25,1020.0
2026-02-24 15:29:00,0.4,0.4,0.4,0.4,0,0.0,503250,1023.5,1020.0
