datetime,open,high,low,close,volume,iv,oi,spot,strike
2021-07-27 09:20:00,0.75,0.75,0.75,0.75,31500,47.052236,1302000,63.55,64.0
2021-07-27 09:21:00,0.75,0.75,0.75,0.75,10500,47.059738,1302000,63.55,64.0
2021-07-27 09:22:00,1.15,1.3,1.15,1.3,10500,55.268025,546000,63.35,63.0
2021-07-27 09:23:00,1.2,1.2,1.2,1.2,63000,50.169862,546000,63.35,63.0
2021-07-27 09:24:00,1.2,1.2,1.2,1.2,0,50.169862,546000,63.4,63.0
2021-07-27 09:25:00,1.2,1.2,1.2,1.2,0,50.169862,546000,63.4,63.0
2021-07-27 09:26:00,1.25,1.25,1.25,1.25,10500,49.794401,546000,63.45,63.0
2021-07-27 09:27:00,1.25,1.25,1.25,1.25,0,49.794401,546000,63.55,64.0
2021-07-27 09:28:00,1.25,1.25,1.25,1.25,0,49.794401,546000,63.5,64.0
2021-07-27 09:29:00,1.25,1.25,1.25,1.25,0,49.794401,546000,63.6,64.0
2021-07-27 09:30:00,0.75,0.75,0.75,0.75,52500,46.006677,1270500,63.6,64.0
2021-07-27 09:31:00,0.75,0.75,0.75,0.75,0,46.006677,1270500,63.55,64.0
2021-07-27 09:32:00,0.75,0.75,0.75,0.75,0,46.006677,1270500,63.5,64.0
2021-07-27 09:33:00,1.25,1.3,1.25,1.3,21000,50.911029,535500,63.5,63.0
2021-07-27 09:34:00,0.75,0.8,0.75,0.8,31500,47.427369,1249500,63.65,64.0
2021-07-27 09:35:00,0.8,0.8,0.8,0.8,0,47.427369,1249500,63.55,64.0
2021-07-27 09:36:00,0.8,0.8,0.75,0.75,21000,47.172685,1249500,63.55,64.0
2021-07-27 09:37:00,0.75,0.75,0.75,0.75,0,47.172685,1249500,63.6,64.0
2021-07-27 09:38:00,0.8,0.8,0.8,0.8,21000,48.601335,1249500,63.6,64.0
2021-07-27 09:39:00,0.8,0.8,0.8,0.8,10500,48.609123,1239000,63.6,64.0
2021-07-27 09:40:00,0.8,0.8,0.8,0.8,0,48.609123,1239000,63.65,64.0
2021-07-27 09:41:00,0.8,0.85,0.8,0.85,63000,47.663223,1239000,63.75,64.0
2021-07-27 09:42:00,0.85,0.9,0.85,0.9,52500,48.984829,1239000,63.8,64.0
2021-07-27 09:43:00,0.9,0.9,0.9,0.9,73500,47.77582,1239000,63.85,64.0
2021-07-27 09:44:00,0.95,0.95,0.9,0.9,52500,50.201278,1218000,63.75,64.0
2021-07-27 09:45:00,0.9,0.9,0.9,0.9,10500,47.79121,1218000,63.85,64.0
2021-07-27 09:46:00,0.9,0.95,0.9,0.95,31500,49.068197,1218000,63.9,64.0
2021-07-27 09:47:00,0.95,0.95,0.9,0.9,42000,46.571341,1239000,63.9,64.0
2021-07-27 09:48:00,0.9,0.9,0.85,0.85,31500,45.306187,1239000,63.85,64.0
2021-07-27 09:49:00,0.85,0.85,0.85,0.85,0,45.306187,1239000,63.75,64.0
2021-07-27 09:50:00,0.85,0.85,0.85,0.85,10500,47.73231,1239000,63.75,64.0
2021-07-27 09:51:00,0.85,0.85,0.85,0.85,10500,50.087998,1249500,63.65,64.0
2021-07-27 09:52:00,0.85,0.85,0.85,0.85,0,50.087998,1249500,63.6,64.0
2021-07-27 09:53:00,0.85,0.85,0.8,0.8,10500,48.71853,1260000,63.6,64.0
2021-07-27 09:54:00,0.8,0.8,0.8,0.8,10500,48.726372,1260000,63.6,64.0
2021-07-27 09:55:00,0.8,0.8,0.8,0.8,10500,47.587717,1260000,63.65,64.0
2021-07-27 09:56:00,0.8,0.8,0.8,0.8,0,47.587717,1260000,63.6,64.0
2021-07-27 09:57:00,0.8,0.8,0.8,0.8,0,47.587717,1260000,63.55,64.0
2021-07-27 09:58:00,0.8,0.8,0.8,0.8,0,47.587717,1260000,63.6,64.0
2021-07-27 09:59:00,0.8,0.8,0.75,0.8,21000,49.899383,1270500,63.55,64.0
2021-07-27 10:00:00,0.8,0.8,0.75,0.75,10500,46.229168,1270500,63.6,64.0
2021-07-27 10:01:00,0.75,0.75,0.75,0.75,0,46.229168,1270500,63.55,64.0
2021-07-27 10:02:00,0.75,0.75,0.75,0.75,0,46.229168,1270500,63.6,64.0
2021-07-27 10:03:00,0.75,0.75,0.75,0.75,0,46.229168,1270500,63.55,64.0
2021-07-27 10:04:00,0.75,0.75,0.75,0.75,0,46.229168,1270500,63.55,64.0
2021-07-27 10:05:00,0.75,0.75,0.7,0.7,31500,44.834722,1260000,63.55,64.0
2021-07-27 10:06:00,0.7,0.7,0.7,0.7,0,44.834722,1260000,63.55,64.0
2021-07-27 10:07:00,0.7,0.7,0.7,0.7,0,44.834722,1260000,63.5,64.0
2021-07-27 10:08:00,0.7,0.7,0.7,0.7,0,44.834722,1260000,63.5,63.0
2021-07-27 10:09:00,0.7,0.7,0.7,0.7,0,44.834722,1260000,63.55,64.0
2021-07-27 10:10:00,0.7,0.7,0.7,0.7,0,44.834722,1260000,63.5,63.0
2021-07-27 10:11:00,0.7,0.7,0.7,0.7,0,44.834722,1260000,63.5,63.0
2021-07-27 10:12:00,0.7,0.7,0.7,0.7,0,44.834722,1260000,63.5,64.0
2021-07-27 10:13:00,0.7,0.7,0.7,0.7,0,44.834722,1260000,63.5,64.0
2021-07-27 10:14:00,0.7,0.7,0.7,0.7,0,44.834722,1260000,63.65,64.0
2021-07-27 10:15:00,0.7,0.7,0.7,0.7,0,44.834722,1260000,63.6,64.0
2021-07-27 10:16:00,0.75,0.85,0.75,0.85,10500,52.59179,1260000,63.55,64.0
2021-07-27 10:17:00,0.85,0.85,0.85,0.85,0,52.59179,1260000,63.5,63.0
2021-07-27 10:18:00,0.85,0.85,0.85,0.85,0,52.59179,1260000,63.45,63.0
2021-07-27 10:19:00,1.2,1.2,1.2,1.2,10500,49.143284,472500,63.4,63.0
2021-07-27 10:20:00,1.2,1.2,1.2,1.2,0,49.143284,472500,63.4,63.0
2021-07-27 10:21:00,1.2,1.2,1.2,1.2,0,49.143284,472500,63.35,63.0
2021-07-27 10:22:00,1.2,1.2,1.2,1.2,0,49.143284,472500,63.4,63.0
2021-07-27 10:23:00,1.2,1.2,1.2,1.2,0,49.143284,472500,63.35,63.0
2021-07-27 10:24:00,1.2,1.2,1.2,1.2,0,49.143284,472500,63.4,63.0
2021-07-27 10:25:00,1.2,1.2,1.2,1.2,0,49.143284,472500,63.45,63.0
2021-07-27 10:26:00,1.2,1.2,1.2,1.2,0,49.143284,472500,63.45,63.0
2021-07-27 10:27:00,1.2,1.2,1.2,1.2,0,49.143284,472500,63.4,63.0
2021-07-27 10:28:00,1.2,1.2,1.2,1.2,0,49.143284,472500,63.5,64.0
2021-07-27 10:29:00,1.2,1.2,1.2,1.2,0,49.143284,472500,63.5,64.0
2021-07-27 10:30:00,1.2,1.2,1.2,1.2,0,49.143284,472500,63.4,63.0
2021-07-27 10:31:00,1.2,1.2,1.2,1.2,0,49.143284,472500,63.3,63.0
2021-07-27 10:32:00,1.2,1.2,1.2,1.2,0,49.143284,472500,63.3,63.0
2021-07-27 10:33:00,1.2,1.2,1.2,1.2,0,49.143284,472500,63.3,63.0
2021-07-27 10:34:00,1.2,1.2,1.2,1.2,0,49.143284,472500,63.35,63.0
2021-07-27 10:35:00,1.2,1.2,1.2,1.2,0,49.143284,472500,63.35,63.0
2021-07-27 10:36:00,1.2,1.2,1.2,1.2,0,49.143284,472500,63.25,63.0
2021-07-27 10:37:00,1.2,1.2,1.05,1.05,10500,44.490203,472500,63.3,63.0
2021-07-27 10:38:00,1.05,1.05,1.05,1.05,0,44.490203,472500,63.3,63.0
2021-07-27 10:39:00,1.05,1.05,1.05,1.05,0,44.490203,472500,63.3,63.0
2021-07-27 10:40:00,1.05,1.05,1.05,1.05,0,44.490203,472500,63.3,63.0
2021-07-27 10:41:00,1.05,1.05,1.05,1.05,0,44.490203,472500,63.3,63.0
2021-07-27 10:42:00,1.05,1.05,1.0,1.0,10500,44.832531,472500,63.2,63.0
2021-07-27 10:43:00,1.0,1.0,1.0,1.0,10500,44.839939,472500,63.2,63.0
2021-07-27 10:44:00,1.0,1.0,1.0,1.0,0,44.839939,472500,63.1,63.0
2021-07-27 10:45:00,1.0,1.0,1.0,1.0,0,44.839939,472500,63.2,63.0
2021-07-27 10:46:00,1.0,1.0,1.0,1.0,0,44.839939,472500,63.15,63.0
2021-07-27 10:47:00,1.0,1.0,1.0,1.0,0,44.839939,472500,63.2,63.0
2021-07-27 10:48:00,1.0,1.0,1.0,1.0,0,44.839939,472500,63.2,63.0
2021-07-27 10:49:00,1.0,1.0,1.0,1.0,0,44.839939,472500,63.15,63.0
2021-07-27 10:50:00,1.0,1.0,1.0,1.0,0,44.839939,472500,63.1,63.0
2021-07-27 10:51:00,1.0,1.0,1.0,1.0,0,44.839939,472500,63.1,63.0
2021-07-27 10:52:00,1.0,1.0,1.0,1.0,0,44.839939,472500,63.15,63.0
2021-07-27 10:53:00,1.0,1.0,1.0,1.0,0,44.839939,472500,63.1,63.0
2021-07-27 10:54:00,1.0,1.0,1.0,1.0,0,44.839939,472500,63.15,63.0
2021-07-27 10:55:00,1.0,1.0,1.0,1.0,0,44.839939,472500,63.1,63.0
2021-07-27 10:56:00,1.0,1.0,0.8,0.8,10500,37.427746,472500,63.1,63.0
2021-07-27 10:57:00,0.8,0.8,0.8,0.8,0,37.427746,472500,63.1,63.0
2021-07-27 10:58:00,0.8,0.8,0.8,0.8,0,37.427746,472500,63.0,63.0
2021-07-27 10:59:00,0.8,0.8,0.7,0.7,21000,33.665703,483000,63.05,63.0
2021-07-27 11:00:00,0.7,0.7,0.7,0.7,0,33.665703,483000,63.1,63.0
2021-07-27 11:01:00,0.7,0.75,0.7,0.75,10500,34.882072,504000,63.1,63.0
2021-07-27 11:02:00,0.75,0.75,0.75,0.75,0,34.882072,504000,63.05,63.0
2021-07-27 11:03:00,0.75,0.75,0.75,0.75,0,34.882072,504000,63.0,63.0
2021-07-27 11:04:00,0.75,0.75,0.7,0.7,10500,37.622184,514500,62.9,63.0
2021-07-27 11:05:00,0.7,0.7,0.7,0.7,0,37.622184,514500,63.0,63.0
2021-07-27 11:06:00,0.7,0.7,0.7,0.7,0,37.622184,514500,63.0,63.0
2021-07-27 11:07:00,0.7,0.7,0.7,0.7,0,37.622184,514500,63.0,63.0
2021-07-27 11:08:00,0.7,0.7,0.7,0.7,0,37.622184,514500,63.05,63.0
2021-07-27 11:09:00,0.7,0.7,0.7,0.7,0,37.622184,514500,63.05,63.0
2021-07-27 11:10:00,0.7,0.7,0.7,0.7,0,37.622184,514500,63.1,63.0
2021-07-27 11:11:00,0.7,0.7,0.7,0.7,0,37.622184,514500,63.1,63.0
2021-07-27 11:12:00,0.7,0.7,0.7,0.7,0,37.622184,514500,63.05,63.0
2021-07-27 11:13:00,0.8,0.8,0.8,0.8,10500,38.901712,514500,63.05,63.0
2021-07-27 11:14:00,0.8,0.8,0.8,0.8,0,38.901712,514500,63.05,63.0
2021-07-27 11:15:00,0.8,0.8,0.8,0.8,0,38.901712,514500,63.1,63.0
2021-07-27 11:16:00,0.8,0.8,0.8,0.8,0,38.901712,514500,63.1,63.0
2021-07-27 11:17:00,0.8,0.8,0.8,0.8,10500,37.559785,514500,63.1,63.0
2021-07-27 11:18:00,0.8,0.8,0.8,0.8,0,37.559785,514500,63.05,63.0
2021-07-27 11:19:00,0.85,0.85,0.8,0.8,21000,37.572429,514500,63.1,63.0
2021-07-27 11:20:00,0.8,0.8,0.8,0.8,0,37.572429,514500,63.1,63.0
2021-07-27 11:21:00,0.8,0.8,0.8,0.8,0,37.572429,514500,63.05,63.0
2021-07-27 11:22:00,0.8,0.8,0.8,0.8,0,37.572429,514500,63.0,63.0
2021-07-27 11:23:00,0.8,0.8,0.8,0.8,0,37.572429,514500,63.05,63.0
2021-07-27 11:24:00,0.8,0.8,0.8,0.8,0,37.572429,514500,63.05,63.0
2021-07-27 11:25:00,0.8,0.8,0.8,0.8,0,37.572429,514500,63.0,63.0
2021-07-27 11:26:00,0.8,0.8,0.8,0.8,0,37.572429,514500,63.0,63.0
2021-07-27 11:27:00,0.8,0.8,0.8,0.8,0,37.572429,514500,62.95,63.0
2021-07-27 11:28:00,0.8,0.8,0.8,0.8,10500,42.945084,514500,62.9,63.0
2021-07-27 11:29:00,0.8,0.8,0.8,0.8,0,42.945084,514500,62.95,63.0
2021-07-27 11:30:00,0.8,0.8,0.8,0.8,0,42.945084,514500,62.85,63.0
2021-07-27 11:31:00,0.8,0.8,0.8,0.8,0,42.945084,514500,62.85,63.0
2021-07-27 11:32:00,0.75,0.75,0.75,0.75,10500,41.651922,514500,62.85,63.0
2021-07-27 11:33:00,0.75,0.75,0.75,0.75,0,41.651922,514500,62.8,63.0
2021-07-27 11:34:00,0.75,0.75,0.75,0.75,0,41.651922,514500,62.85,63.0
2021-07-27 11:35:00,0.75,0.75,0.75,0.75,21000,44.142788,525000,62.75,63.0
2021-07-27 11:36:00,0.75,0.8,0.75,0.8,63000,45.522071,556500,62.8,63.0
2021-07-27 11:37:00,0.8,0.8,0.8,0.8,0,45.522071,556500,62.8,63.0
2021-07-27 11:38:00,0.8,0.8,0.75,0.75,42000,46.563941,556500,62.65,63.0
2021-07-27 11:39:00,0.75,0.75,0.75,0.75,0,46.563941,556500,62.65,63.0
2021-07-27 11:40:00,0.8,0.85,0.75,0.85,94500,49.38785,619500,62.75,63.0
2021-07-27 11:41:00,0.85,0.85,0.85,0.85,0,49.38785,619500,62.7,63.0
2021-07-27 11:42:00,0.85,1.05,0.85,0.85,420000,49.404308,693000,62.75,63.0
2021-07-27 11:43:00,0.8,0.8,0.8,0.8,94500,48.023127,693000,62.7,63.0
2021-07-27 11:44:00,0.8,0.8,0.8,0.8,0,48.023127,693000,62.8,63.0
2021-07-27 11:45:00,0.8,0.8,0.8,0.8,42000,48.039151,693000,62.7,63.0
2021-07-27 11:46:00,0.8,0.8,0.8,0.8,10500,46.831283,693000,62.75,63.0
2021-07-27 11:47:00,0.8,0.8,0.8,0.8,0,46.831283,693000,62.85,63.0
2021-07-27 11:48:00,0.8,0.85,0.8,0.85,21000,45.683161,703500,62.9,63.0
2021-07-27 11:49:00,0.85,0.85,0.85,0.85,0,45.683161,703500,62.85,63.0
2021-07-27 11:50:00,0.85,0.85,0.85,0.85,10500,49.470298,703500,62.75,63.0
2021-07-27 11:51:00,0.8,0.8,0.8,0.8,10500,45.636444,693000,62.8,63.0
2021-07-27 11:52:00,0.8,0.8,0.8,0.8,0,45.636444,693000,62.75,63.0
2021-07-27 11:53:00,0.8,0.8,0.8,0.8,0,45.636444,693000,62.8,63.0
2021-07-27 11:54:00,0.8,0.8,0.8,0.8,10500,44.406215,703500,62.85,63.0
2021-07-27 11:55:00,0.8,0.8,0.8,0.8,10500,44.413682,703500,62.85,63.0
2021-07-27 11:56:00,0.8,0.8,0.8,0.8,10500,45.674751,703500,62.8,63.0
2021-07-27 11:57:00,0.8,0.8,0.8,0.8,0,45.674751,703500,62.75,63.0
2021-07-27 11:58:00,0.8,0.8,0.8,0.8,0,45.674751,703500,62.65,63.0
2021-07-27 11:59:00,0.75,0.75,0.75,0.75,21000,47.907338,714000,62.6,63.0
2021-07-27 12:00:00,0.75,0.75,0.7,0.7,21000,44.105684,693000,62.65,63.0
2021-07-27 12:01:00,0.75,0.75,0.75,0.75,10500,45.547769,693000,62.7,63.0
2021-07-27 12:02:00,0.75,0.75,0.7,0.7,10500,41.727536,693000,62.75,63.0
2021-07-27 12:03:00,0.7,0.7,0.7,0.7,0,41.727536,693000,62.75,63.0
2021-07-27 12:04:00,0.7,0.7,0.7,0.7,0,41.727536,693000,62.75,63.0
2021-07-27 12:05:00,0.7,0.7,0.7,0.7,0,41.727536,693000,62.7,63.0
2021-07-27 12:06:00,0.7,0.7,0.7,0.7,0,41.727536,693000,62.7,63.0
2021-07-27 12:07:00,0.7,0.7,0.7,0.7,0,41.727536,693000,62.65,63.0
2021-07-27 12:08:00,0.7,0.7,0.7,0.7,0,41.727536,693000,62.65,63.0
2021-07-27 12:09:00,0.7,0.7,0.7,0.7,0,41.727536,693000,62.65,63.0
2021-07-27 12:10:00,0.7,0.7,0.7,0.7,0,41.727536,693000,62.65,63.0
2021-07-27 12:11:00,0.7,0.7,0.7,0.7,0,41.727536,693000,62.65,63.0
2021-07-27 12:12:00,0.7,0.7,0.7,0.7,0,41.727536,693000,62.7,63.0
2021-07-27 12:13:00,0.7,0.7,0.7,0.7,0,41.727536,693000,62.65,63.0
2021-07-27 12:14:00,0.7,0.7,0.7,0.7,10500,44.209787,714000,62.65,63.0
2021-07-27 12:15:00,0.7,0.7,0.65,0.65,52500,41.577646,724500,62.65,63.0
2021-07-27 12:16:00,0.65,0.65,0.6,0.65,73500,42.749458,724500,62.6,63.0
2021-07-27 12:17:00,0.65,0.65,0.6,0.6,21000,38.947153,724500,62.65,63.0
2021-07-27 12:18:00,0.6,0.65,0.6,0.65,10500,41.598762,819000,62.65,63.0
2021-07-27 12:19:00,0.65,0.65,0.65,0.65,10500,40.423625,819000,62.7,63.0
2021-07-27 12:20:00,0.65,0.65,0.65,0.65,0,40.423625,819000,62.65,63.0
2021-07-27 12:21:00,0.65,0.65,0.65,0.65,0,40.423625,819000,62.6,63.0
2021-07-27 12:22:00,0.65,0.65,0.65,0.65,42000,43.943158,808500,62.55,63.0
2021-07-27 12:23:00,0.65,0.65,0.65,0.65,0,43.943158,808500,62.45,62.0
2021-07-27 12:24:00,0.65,0.65,0.65,0.65,0,43.943158,808500,62.5,63.0
2021-07-27 12:25:00,1.3,1.3,0.9,0.9,52500,31.32242,126000,62.5,62.0
2021-07-27 12:26:00,0.65,0.65,0.6,0.6,10500,41.302729,850500,62.55,63.0
2021-07-27 12:27:00,0.6,0.6,0.6,0.6,0,41.302729,850500,62.45,62.0
2021-07-27 12:28:00,0.6,0.6,0.6,0.6,0,41.302729,850500,62.45,62.0
2021-07-27 12:29:00,0.6,0.6,0.6,0.6,0,41.302729,850500,62.5,63.0
2021-07-27 12:30:00,0.6,0.6,0.6,0.6,0,41.302729,850500,62.35,62.0
2021-07-27 12:31:00,0.6,0.6,0.6,0.6,0,41.302729,850500,62.35,62.0
2021-07-27 12:32:00,0.6,0.6,0.6,0.6,0,41.302729,850500,62.4,62.0
2021-07-27 12:33:00,0.6,0.6,0.6,0.6,0,41.302729,850500,62.35,62.0
2021-07-27 12:34:00,0.9,0.9,0.9,0.9,10500,36.48617,115500,62.35,62.0
2021-07-27 12:35:00,0.9,0.9,0.9,0.9,0,36.48617,115500,62.4,62.0
2021-07-27 12:36:00,0.9,0.9,0.9,0.9,0,36.48617,115500,62.3,62.0
2021-07-27 12:37:00,0.9,0.9,0.9,0.9,0,36.48617,115500,62.3,62.0
2021-07-27 12:38:00,0.95,0.95,0.95,0.95,21000,40.78771,126000,62.3,62.0
2021-07-27 12:39:00,0.95,0.95,0.95,0.95,0,40.78771,126000,62.35,62.0
2021-07-27 12:40:00,0.95,0.95,0.9,0.9,10500,36.524279,126000,62.35,62.0
2021-07-27 12:41:00,0.9,0.9,0.9,0.9,0,36.524279,126000,62.35,62.0
2021-07-27 12:42:00,0.9,0.9,0.9,0.9,10500,38.123426,126000,62.3,62.0
2021-07-27 12:43:00,0.9,0.9,0.9,0.9,0,38.123426,126000,62.3,62.0
2021-07-27 12:44:00,0.9,0.9,0.9,0.9,0,38.123426,126000,62.35,62.0
2021-07-27 12:45:00,0.85,0.9,0.85,0.9,31500,34.915446,147000,62.4,62.0
2021-07-27 12:46:00,0.9,0.9,0.9,0.9,0,34.915446,147000,62.4,62.0
2021-07-27 12:47:00,0.9,0.9,0.9,0.9,0,34.915446,147000,62.45,62.0
2021-07-27 12:48:00,0.9,0.9,0.9,0.9,0,34.915446,147000,62.45,62.0
2021-07-27 12:49:00,0.9,0.9,0.9,0.9,0,34.915446,147000,62.4,62.0
2021-07-27 12:50:00,0.9,0.9,0.9,0.9,10500,36.588038,147000,62.35,62.0
2021-07-27 12:51:00,0.9,0.9,0.9,0.9,0,36.588038,147000,62.4,62.0
2021-07-27 12:52:00,0.9,0.9,0.9,0.9,0,36.588038,147000,62.4,62.0
2021-07-27 12:53:00,0.9,0.9,0.9,0.9,0,36.588038,147000,62.35,62.0
2021-07-27 12:54:00,0.85,0.85,0.8,0.8,52500,41.610959,157500,62.0,62.0
2021-07-27 12:55:00,0.8,0.8,0.65,0.65,94500,36.306194,189000,61.9,62.0
2021-07-27 12:56:00,0.75,0.8,0.75,0.8,21000,44.308754,189000,61.9,62.0
2021-07-27 12:57:00,0.8,0.8,0.75,0.75,21000,42.953906,252000,61.85,62.0
2021-07-27 12:58:00,0.7,0.75,0.7,0.75,52500,44.242908,252000,61.8,62.0
2021-07-27 12:59:00,0.75,0.75,0.75,0.75,21000,42.968669,252000,61.85,62.0
2021-07-27 13:00:00,0.75,0.8,0.75,0.8,31500,44.339201,252000,61.9,62.0
2021-07-27 13:01:00,0.8,0.8,0.7,0.75,42000,41.679353,252000,61.9,62.0
2021-07-27 13:02:00,0.75,0.75,0.75,0.75,0,41.679353,252000,61.95,62.0
2021-07-27 13:03:00,0.75,0.75,0.75,0.75,0,41.679353,252000,61.75,62.0
2021-07-27 13:04:00,0.75,0.75,0.55,0.6,42000,41.091961,252000,61.6,62.0
2021-07-27 13:05:00,0.6,0.6,0.6,0.6,10500,42.264716,252000,61.55,62.0
2021-07-27 13:06:00,0.6,0.6,0.6,0.6,0,42.264716,252000,61.5,61.0
2021-07-27 13:07:00,0.6,0.6,0.6,0.6,0,42.264716,252000,61.4,61.0
2021-07-27 13:08:00,0.6,0.6,0.6,0.6,0,42.264716,252000,61.35,61.0
2021-07-27 13:09:00,0.6,0.6,0.6,0.6,0,42.264716,252000,61.4,61.0
2021-07-27 13:10:00,1.15,1.15,1.15,1.15,10500,47.894647,52500,61.45,61.0
2021-07-27 13:11:00,1.15,1.15,1.15,1.15,0,47.894647,52500,61.4,61.0
2021-07-27 13:12:00,1.15,1.15,1.15,1.15,0,47.894647,52500,61.35,61.0
2021-07-27 13:13:00,1.15,1.15,1.15,1.15,10500,46.25515,63000,61.5,61.0
2021-07-27 13:14:00,1.15,1.15,1.15,1.15,0,46.25515,63000,61.55,62.0
2021-07-27 13:15:00,1.15,1.15,1.15,1.15,0,46.25515,63000,61.65,62.0
2021-07-27 13:16:00,1.15,1.15,1.15,1.15,0,46.25515,63000,61.7,62.0
2021-07-27 13:17:00,1.15,1.15,1.15,1.15,0,46.25515,63000,61.7,62.0
2021-07-27 13:18:00,0.6,0.6,0.6,0.6,21000,38.803653,420000,61.7,62.0
2021-07-27 13:19:00,0.6,0.6,0.6,0.6,0,38.803653,420000,61.7,62.0
2021-07-27 13:20:00,0.6,0.65,0.6,0.65,21000,41.522587,420000,61.7,62.0
2021-07-27 13:21:00,0.65,0.65,0.65,0.65,0,41.522587,420000,61.7,62.0
2021-07-27 13:22:00,0.65,0.65,0.65,0.65,0,41.522587,420000,61.75,62.0
2021-07-27 13:23:00,0.65,0.65,0.65,0.65,0,41.522587,420000,61.75,62.0
2021-07-27 13:24:00,0.65,0.65,0.65,0.65,0,41.522587,420000,61.8,62.0
2021-07-27 13:25:00,0.65,0.65,0.65,0.65,0,41.522587,420000,61.85,62.0
2021-07-27 13:26:00,0.65,0.65,0.65,0.65,0,41.522587,420000,61.85,62.0
2021-07-27 13:27:00,0.7,0.7,0.7,0.7,10500,39.188145,441000,61.9,62.0
2021-07-27 13:28:00,0.7,0.7,0.65,0.65,10500,35.186708,451500,61.95,62.0
2021-07-27 13:29:00,0.65,0.65,0.65,0.65,0,35.186708,451500,61.95,62.0
2021-07-27 13:30:00,0.75,0.75,0.7,0.7,21000,39.208644,451500,61.9,62.0
2021-07-27 13:31:00,0.7,0.7,0.7,0.7,0,39.208644,451500,61.85,62.0
2021-07-27 13:32:00,0.7,0.7,0.7,0.7,0,39.208644,451500,61.8,62.0
2021-07-27 13:33:00,0.7,0.7,0.7,0.7,0,39.208644,451500,61.9,62.0
2021-07-27 13:34:00,0.65,0.65,0.65,0.65,21000,36.553563,451500,61.9,62.0
2021-07-27 13:35:00,0.65,0.65,0.65,0.65,0,36.553563,451500,61.9,62.0
2021-07-27 13:36:00,0.65,0.65,0.65,0.65,0,36.553563,451500,61.9,62.0
2021-07-27 13:37:00,0.65,0.65,0.65,0.65,0,36.553563,451500,61.85,62.0
2021-07-27 13:38:00,0.65,0.65,0.65,0.65,0,36.553563,451500,61.75,62.0
2021-07-27 13:39:00,0.65,0.65,0.65,0.65,0,36.553563,451500,61.75,62.0
2021-07-27 13:40:00,0.65,0.65,0.65,0.65,0,36.553563,451500,61.8,62.0
2021-07-27 13:41:00,0.65,0.65,0.65,0.65,0,36.553563,451500,61.9,62.0
2021-07-27 13:42:00,0.65,0.65,0.65,0.65,0,36.553563,451500,61.95,62.0
2021-07-27 13:43:00,0.65,0.7,0.65,0.7,10500,37.963313,472500,61.95,62.0
2021-07-27 13:44:00,0.7,0.7,0.7,0.7,0,37.963313,472500,61.95,62.0
2021-07-27 13:45:00,0.8,0.8,0.8,0.8,10500,41.981091,472500,62.0,62.0
2021-07-27 13:46:00,0.8,0.8,0.8,0.8,0,41.981091,472500,62.0,62.0
2021-07-27 13:47:00,0.8,0.8,0.8,0.8,0,41.981091,472500,61.9,62.0
2021-07-27 13:48:00,0.8,0.8,0.8,0.8,0,41.981091,472500,61.95,62.0
2021-07-27 13:49:00,0.75,0.75,0.75,0.75,10500,43.342474,472500,61.85,62.0
2021-07-27 13:50:00,0.75,0.75,0.75,0.75,0,43.342474,472500,61.8,62.0
2021-07-27 13:51:00,0.75,0.75,0.7,0.7,10500,41.950744,472500,61.8,62.0
2021-07-27 13:52:00,0.7,0.7,0.7,0.7,0,41.950744,472500,61.8,62.0
2021-07-27 13:53:00,0.7,0.7,0.7,0.7,0,41.950744,472500,61.85,62.0
2021-07-27 13:54:00,0.7,0.7,0.7,0.7,0,41.950744,472500,61.9,62.0
2021-07-27 13:55:00,0.7,0.7,0.7,0.7,0,41.950744,472500,61.85,62.0
2021-07-27 13:56:00,0.7,0.7,0.7,0.7,0,41.950744,472500,61.85,62.0
2021-07-27 13:57:00,0.7,0.7,0.65,0.65,10500,41.790603,472500,61.7,62.0
2021-07-27 13:58:00,0.65,0.65,0.65,0.65,0,41.790603,472500,61.65,62.0
2021-07-27 13:59:00,0.65,0.65,0.65,0.65,0,41.790603,472500,61.7,62.0
2021-07-27 14:00:00,0.65,0.65,0.65,0.65,0,41.790603,472500,61.65,62.0
2021-07-27 14:01:00,0.65,0.65,0.65,0.65,0,41.790603,472500,61.8,62.0
2021-07-27 14:02:00,0.65,0.65,0.65,0.65,0,41.790603,472500,61.85,62.0
2021-07-27 14:03:00,0.65,0.65,0.65,0.65,0,41.790603,472500,61.85,62.0
2021-07-27 14:04:00,0.7,0.7,0.7,0.7,10500,40.756433,483000,61.85,62.0
2021-07-27 14:05:00,0.7,0.7,0.7,0.7,10500,40.763605,483000,61.85,62.0
2021-07-27 14:06:00,0.7,0.7,0.7,0.7,10500,40.77078,483000,61.85,62.0
2021-07-27 14:07:00,0.7,0.7,0.7,0.7,0,40.77078,483000,61.85,62.0
2021-07-27 14:08:00,0.7,0.7,0.7,0.7,0,40.77078,483000,61.8,62.0
2021-07-27 14:09:00,0.7,0.7,0.7,0.7,0,40.77078,483000,61.75,62.0
2021-07-27 14:10:00,0.7,0.7,0.7,0.7,10500,44.611004,504000,61.7,62.0
2021-07-27 14:11:00,0.7,0.7,0.7,0.7,0,44.611004,504000,61.65,62.0
2021-07-27 14:12:00,0.65,0.65,0.65,0.65,10500,44.33046,504000,61.6,62.0
2021-07-27 14:13:00,0.65,0.65,0.65,0.65,0,44.33046,504000,61.55,62.0
2021-07-27 14:14:00,0.65,0.65,0.65,0.65,0,44.33046,504000,61.55,62.0
2021-07-27 14:15:00,0.65,0.65,0.65,0.65,0,44.33046,504000,61.5,62.0
2021-07-27 14:16:00,0.65,0.65,0.65,0.65,0,44.33046,504000,61.5,62.0
2021-07-27 14:17:00,0.65,0.65,0.65,0.65,0,44.33046,504000,61.5,62.0
2021-07-27 14:18:00,0.65,0.65,0.65,0.65,0,44.33046,504000,61.55,62.0
2021-07-27 14:19:00,0.6,0.6,0.6,0.6,21000,41.631279,514500,61.6,62.0
2021-07-27 14:20:00,0.6,0.6,0.6,0.6,0,41.631279,514500,61.6,62.0
2021-07-27 14:21:00,0.6,0.6,0.6,0.6,0,41.631279,514500,61.6,62.0
2021-07-27 14:22:00,0.6,0.6,0.6,0.6,0,41.631279,514500,61.55,62.0
2021-07-27 14:23:00,0.6,0.6,0.6,0.6,0,41.631279,514500,61.55,62.0
2021-07-27 14:24:00,0.6,0.6,0.6,0.6,0,41.631279,514500,61.5,62.0
2021-07-27 14:25:00,0.6,0.65,0.6,0.65,10500,43.222953,504000,61.65,62.0
2021-07-27 14:26:00,0.65,0.65,0.65,0.65,0,43.222953,504000,61.65,62.0
2021-07-27 14:27:00,0.65,0.65,0.65,0.65,0,43.222953,504000,61.6,62.0
2021-07-27 14:28:00,0.65,0.65,0.65,0.65,0,43.222953,504000,61.6,62.0
2021-07-27 14:29:00,0.65,0.65,0.65,0.65,0,43.222953,504000,61.55,62.0
2021-07-27 14:30:00,0.65,0.65,0.65,0.65,0,43.222953,504000,61.6,62.0
2021-07-27 14:31:00,0.65,0.65,0.65,0.65,0,43.222953,504000,61.6,62.0
2021-07-27 14:32:00,0.65,0.65,0.65,0.65,0,43.222953,504000,61.6,62.0
2021-07-27 14:33:00,0.65,0.65,0.65,0.65,0,43.222953,504000,61.6,62.0
2021-07-27 14:34:00,0.65,0.65,0.65,0.65,0,43.222953,504000,61.55,62.0
2021-07-27 14:35:00,0.65,0.65,0.65,0.65,0,43.222953,504000,61.5,62.0
2021-07-27 14:36:00,0.65,0.65,0.65,0.65,0,43.222953,504000,61.5,62.0
2021-07-27 14:37:00,0.65,0.65,0.65,0.65,0,43.222953,504000,61.55,62.0
2021-07-27 14:38:00,0.65,0.65,0.65,0.65,10500,44.533736,504000,61.6,62.0
2021-07-27 14:39:00,0.65,0.65,0.65,0.65,0,44.533736,504000,61.55,62.0
2021-07-27 14:40:00,0.65,0.65,0.6,0.6,10500,42.969998,504000,61.55,62.0
2021-07-27 14:41:00,0.6,0.6,0.6,0.6,0,42.969998,504000,61.55,62.0
2021-07-27 14:42:00,0.6,0.6,0.6,0.6,0,42.969998,504000,61.6,62.0
2021-07-27 14:43:00,0.6,0.6,0.6,0.6,0,42.969998,504000,61.7,62.0
2021-07-27 14:44:00,0.6,0.6,0.6,0.6,0,42.969998,504000,61.7,62.0
2021-07-27 14:45:00,0.6,0.6,0.6,0.6,0,42.969998,504000,61.75,62.0
2021-07-27 14:46:00,0.6,0.6,0.6,0.6,0,42.969998,504000,61.7,62.0
2021-07-27 14:47:00,0.6,0.6,0.6,0.6,0,42.969998,504000,61.7,62.0
2021-07-27 14:48:00,0.6,0.6,0.6,0.6,0,42.969998,504000,61.75,62.0
2021-07-27 14:49:00,0.6,0.6,0.6,0.6,0,42.969998,504000,61.75,62.0
2021-07-27 14:50:00,0.6,0.6,0.6,0.6,0,42.969998,504000,61.75,62.0
2021-07-27 14:51:00,0.6,0.6,0.6,0.6,0,42.969998,504000,61.7,62.0
2021-07-27 14:52:00,0.7,0.7,0.7,0.7,10500,44.942928,514500,61.7,62.0
2021-07-27 14:53:00,0.7,0.7,0.7,0.7,0,44.942928,514500,61.7,62.0
2021-07-27 14:54:00,0.7,0.7,0.7,0.7,0,44.942928,514500,61.7,62.0
2021-07-27 14:55:00,0.7,0.7,0.7,0.7,10500,44.966907,525000,61.7,62.0
2021-07-27 14:56:00,0.7,0.7,0.7,0.7,0,44.966907,525000,61.6,62.0
2021-07-27 14:57:00,0.7,0.7,0.7,0.7,10500,46.224948,525000,61.65,62.0
2021-07-27 14:58:00,0.7,0.7,0.7,0.7,21000,46.233167,504000,61.65,62.0
2021-07-27 14:59:00,0.7,0.7,0.7,0.7,10500,48.677158,504000,61.55,62.0
2021-07-27 15:00:00,0.7,0.7,0.7,0.7,0,48.677158,504000,61.65,62.0
2021-07-27 15:01:00,0.65,0.65,0.65,0.65,10500,43.499678,493500,61.65,62.0
2021-07-27 15:02:00,0.65,0.7,0.65,0.7,10500,46.266082,493500,61.65,62.0
2021-07-27 15:03:00,0.7,0.7,0.7,0.7,0,46.266082,493500,61.7,62.0
2021-07-27 15:04:00,0.75,0.75,0.75,0.75,10500,47.786684,483000,61.7,62.0
2021-07-27 15:05:00,0.75,0.75,0.7,0.7,31500,47.517725,483000,61.6,62.0
2021-07-27 15:06:00,0.7,0.7,0.7,0.7,0,47.517725,483000,61.65,62.0
2021-07-27 15:07:00,0.7,0.7,0.7,0.7,0,47.517725,483000,61.6,62.0
2021-07-27 15:08:00,0.7,0.7,0.7,0.7,0,47.517725,483000,61.65,62.0
2021-07-27 15:09:00,0.7,0.7,0.7,0.7,0,47.517725,483000,61.65,62.0
2021-07-27 15:10:00,0.7,0.7,0.7,0.7,10500,47.560064,483000,61.6,62.0
2021-07-27 15:11:00,0.7,0.7,0.7,0.7,0,47.560064,483000,61.65,62.0
2021-07-27 15:12:00,0.7,0.7,0.7,0.7,10500,46.348665,483000,61.65,62.0
2021-07-27 15:13:00,0.7,0.7,0.7,0.7,0,46.348665,483000,61.65,62.0
2021-07-27 15:14:00,0.7,0.7,0.7,0.7,0,46.348665,483000,61.65,62.0
2021-07-27 15:15:00,0.7,0.7,0.7,0.7,0,46.348665,483000,61.65,62.0
2021-07-27 15:16:00,0.65,0.65,0.65,0.65,21000,44.835685,472500,61.6,62.0
2021-07-27 15:17:00,0.65,0.7,0.65,0.7,10500,47.619521,472500,61.6,62.0
2021-07-27 15:18:00,0.7,0.7,0.65,0.65,31500,46.055123,472500,61.55,62.0
2021-07-27 15:19:00,0.65,0.65,0.6,0.6,31500,43.269428,504000,61.55,62.0
2021-07-27 15:20:00,1.05,1.05,1.0,1.0,21000,43.862851,126000,61.35,61.0
2021-07-27 15:21:00,1.0,1.0,1.0,1.0,0,43.862851,126000,61.4,61.0
2021-07-27 15:22:00,1.0,1.0,1.0,1.0,10500,42.213969,126000,61.4,61.0
2021-07-27 15:23:00,1.0,1.0,1.0,1.0,0,42.213969,126000,61.4,61.0
2021-07-27 15:24:00,1.0,1.0,1.0,1.0,0,42.213969,126000,61.4,61.0
2021-07-27 15:25:00,1.0,1.0,1.0,1.0,0,42.213969,126000,61.35,61.0
2021-07-27 15:26:00,1.0,1.0,1.0,1.0,0,42.213969,126000,61.4,61.0
2021-07-27 15:27:00,1.0,1.0,1.0,1.0,0,42.213969,126000,61.4,61.0
2021-07-27 15:28:00,1.0,1.0,1.0,1.0,0,42.213969,126000,61.5,62.0
2021-07-27 15:29:00,1.0,1.0,1.0,1.0,0,42.213969,126000,61.35,61.0
2021-07-28 09:23:00,0.6,0.6,0.6,0.6,10500,35.702222,168000,61.15,61.0
2021-07-28 09:24:00,0.6,0.6,0.6,0.6,0,35.702222,168000,61.0,61.0
2021-07-28 09:25:00,0.5,0.5,0.5,0.5,42000,32.505419,168000,61.05,61.0
2021-07-28 09:26:00,0.5,0.5,0.5,0.5,21000,32.514851,168000,61.05,61.0
2021-07-28 09:27:00,0.5,0.5,0.5,0.5,0,32.514851,168000,61.0,61.0
2021-07-28 09:28:00,0.5,0.5,0.5,0.5,0,32.514851,168000,61.1,61.0
2021-07-28 09:29:00,0.5,0.5,0.5,0.5,0,32.514851,168000,61.15,61.0
2021-07-28 09:30:00,0.5,0.5,0.5,0.5,0,32.514851,168000,61.15,61.0
2021-07-28 09:31:00,0.5,0.5,0.5,0.5,0,32.514851,168000,61.05,61.0
2021-07-28 09:32:00,0.5,0.5,0.5,0.5,0,32.514851,168000,61.25,61.0
2021-07-28 09:33:00,0.5,0.5,0.5,0.5,0,32.514851,168000,61.2,61.0
2021-07-28 09:34:00,0.5,0.5,0.5,0.5,0,32.514851,168000,61.3,61.0
2021-07-28 09:35:00,0.5,0.5,0.5,0.5,0,32.514851,168000,61.3,61.0
2021-07-28 09:36:00,0.5,0.5,0.5,0.5,0,32.514851,168000,61.3,61.0
2021-07-28 09:37:00,0.6,0.6,0.6,0.6,21000,31.723256,168000,61.25,61.0
2021-07-28 09:38:00,0.6,0.6,0.6,0.6,0,31.723256,168000,61.25,61.0
2021-07-28 09:39:00,0.6,0.6,0.6,0.6,0,31.723256,168000,61.15,61.0
2021-07-28 09:40:00,0.6,0.6,0.6,0.6,0,31.723256,168000,61.15,61.0
2021-07-28 09:41:00,0.6,0.6,0.6,0.6,0,31.723256,168000,61.0,61.0
2021-07-28 09:42:00,0.6,0.6,0.6,0.6,0,31.723256,168000,60.95,61.0
2021-07-28 09:43:00,0.45,0.45,0.45,0.45,10500,34.468663,189000,60.9,61.0
2021-07-28 09:44:00,0.45,0.45,0.45,0.45,0,34.468663,189000,60.85,61.0
2021-07-28 09:45:00,0.45,0.45,0.45,0.45,0,34.468663,189000,60.8,61.0
2021-07-28 09:46:00,0.45,0.45,0.45,0.45,0,34.468663,189000,60.9,61.0
2021-07-28 09:47:00,0.45,0.45,0.45,0.45,0,34.468663,189000,60.75,61.0
2021-07-28 09:48:00,0.45,0.45,0.45,0.45,0,34.468663,189000,60.75,61.0
2021-07-28 09:49:00,0.45,0.45,0.4,0.4,21000,40.355371,189000,60.6,61.0
2021-07-28 09:50:00,1.0,1.0,0.75,0.75,10500,36.688054,346500,60.4,60.0
2021-07-28 09:51:00,0.75,0.75,0.75,0.75,0,36.688054,346500,60.4,60.0
2021-07-28 09:52:00,0.75,0.75,0.7,0.7,10500,30.347954,357000,60.45,60.0
2021-07-28 09:53:00,0.7,0.7,0.7,0.7,10500,30.357093,357000,60.45,60.0
2021-07-28 09:54:00,0.7,0.7,0.7,0.7,0,30.357093,357000,60.55,61.0
2021-07-28 09:55:00,0.7,0.7,0.7,0.7,21000,32.938839,367500,60.4,60.0
2021-07-28 09:56:00,0.7,0.7,0.65,0.7,21000,35.3487,367500,60.35,60.0
2021-07-28 09:57:00,0.7,0.7,0.7,0.7,10500,32.958529,388500,60.4,60.0
2021-07-28 09:58:00,0.7,0.7,0.7,0.7,0,32.958529,388500,60.45,60.0
2021-07-28 09:59:00,0.7,0.75,0.6,0.6,31500,30.204105,409500,60.3,60.0
2021-07-28 10:00:00,0.6,0.7,0.6,0.7,21000,32.988126,409500,60.4,60.0
2021-07-28 10:01:00,0.7,0.7,0.7,0.7,10500,35.401252,409500,60.35,60.0
2021-07-28 10:02:00,0.75,0.75,0.75,0.75,10500,41.380626,409500,60.3,60.0
2021-07-28 10:03:00,0.75,0.75,0.55,0.55,10500,28.802188,441000,60.25,60.0
2021-07-28 10:04:00,0.55,0.55,0.55,0.55,0,28.802188,441000,60.25,60.0
2021-07-28 10:05:00,0.6,0.6,0.6,0.6,10500,32.534686,441000,60.25,60.0
2021-07-28 10:06:00,0.7,0.7,0.65,0.65,42000,34.015695,462000,60.3,60.0
2021-07-28 10:07:00,0.65,0.65,0.65,0.65,0,34.015695,462000,60.35,60.0
2021-07-28 10:08:00,0.65,0.65,0.65,0.65,0,34.015695,462000,60.4,60.0
2021-07-28 10:09:00,0.65,0.65,0.65,0.65,0,34.015695,462000,60.3,60.0
2021-07-28 10:10:00,0.65,0.65,0.65,0.65,0,34.015695,462000,60.25,60.0
2021-07-28 10:11:00,0.65,0.65,0.65,0.65,0,34.015695,462000,60.35,60.0
2021-07-28 10:12:00,0.7,0.75,0.7,0.75,31500,34.456789,493500,60.45,60.0
2021-07-28 10:13:00,0.75,0.75,0.75,0.75,0,34.456789,493500,60.45,60.0
2021-07-28 10:14:00,0.75,0.75,0.75,0.75,0,34.456789,493500,60.45,60.0
2021-07-28 10:15:00,0.75,0.75,0.75,0.75,0,34.456789,493500,60.4,60.0
2021-07-28 10:16:00,0.65,0.65,0.65,0.65,10500,29.26097,525000,60.4,60.0
2021-07-28 10:17:00,0.65,0.65,0.65,0.65,0,29.26097,525000,60.35,60.0
2021-07-28 10:18:00,0.65,0.65,0.65,0.65,0,29.26097,525000,60.3,60.0
2021-07-28 10:19:00,0.65,0.8,0.65,0.8,21000,45.28269,525000,60.3,60.0
2021-07-28 10:20:00,0.8,0.8,0.8,0.8,0,45.28269,525000,60.3,60.0
2021-07-28 10:21:00,0.6,0.75,0.55,0.75,42000,49.820714,535500,60.1,60.0
2021-07-28 10:22:00,0.5,0.5,0.5,0.5,42000,37.32222,535500,59.95,60.0
2021-07-28 10:23:00,0.5,0.5,0.4,0.45,84000,40.489941,535500,59.75,60.0
2021-07-28 10:24:00,0.4,0.4,0.35,0.4,126000,41.461295,609000,59.6,60.0
2021-07-28 10:25:00,0.4,0.4,0.35,0.4,31500,42.967793,609000,59.55,60.0
2021-07-28 10:26:00,0.35,0.4,0.35,0.4,199500,39.965416,609000,59.65,60.0
2021-07-28 10:27:00,0.4,0.45,0.4,0.45,115500,42.140376,703500,59.7,60.0
2021-07-28 10:28:00,0.45,0.5,0.45,0.5,21000,42.578724,703500,59.8,60.0
2021-07-28 10:29:00,0.45,0.5,0.45,0.5,21000,40.902243,703500,59.85,60.0
2021-07-28 10:30:00,0.45,0.5,0.45,0.5,73500,40.914377,777000,59.85,60.0
2021-07-28 10:31:00,0.5,0.5,0.45,0.45,10500,42.190231,777000,59.7,60.0
2021-07-28 10:32:00,0.4,0.4,0.4,0.4,21000,36.902207,777000,59.75,60.0
2021-07-28 10:33:00,0.45,0.45,0.45,0.45,10500,38.971192,745500,59.8,60.0
2021-07-28 10:34:00,0.45,0.45,0.4,0.4,21000,36.924175,745500,59.75,60.0
2021-07-28 10:35:00,0.4,0.4,0.4,0.4,0,36.924175,745500,59.7,60.0
2021-07-28 10:36:00,0.4,0.4,0.4,0.4,0,36.924175,745500,59.65,60.0
2021-07-28 10:37:00,0.4,0.4,0.35,0.35,63000,39.294548,745500,59.55,60.0
2021-07-28 10:38:00,0.35,0.35,0.35,0.35,84000,39.306215,745500,59.55,60.0
2021-07-28 10:39:00,0.35,0.35,0.35,0.35,0,39.306215,745500,59.45,59.0
2021-07-28 10:40:00,0.35,0.35,0.35,0.35,0,39.306215,745500,59.4,59.0
2021-07-28 10:41:00,1.0,1.0,0.7,0.7,10500,36.450893,10500,59.35,59.0
2021-07-28 10:42:00,0.7,0.7,0.7,0.7,0,36.450893,10500,59.3,59.0
2021-07-28 10:43:00,0.7,0.7,0.7,0.7,0,36.450893,10500,59.25,59.0
2021-07-28 10:44:00,0.7,0.7,0.7,0.7,0,36.450893,10500,59.35,59.0
2021-07-28 10:45:00,0.7,0.7,0.7,0.7,10500,41.07581,21000,59.25,59.0
2021-07-28 10:46:00,0.7,0.7,0.7,0.7,0,41.07581,21000,59.2,59.0
2021-07-28 10:47:00,0.7,0.7,0.7,0.7,0,41.07581,21000,59.25,59.0
2021-07-28 10:48:00,0.7,0.7,0.7,0.7,0,41.07581,21000,59.2,59.0
2021-07-28 10:49:00,0.7,0.7,0.7,0.7,0,41.07581,21000,59.25,59.0
2021-07-28 10:50:00,0.7,0.7,0.7,0.7,0,41.07581,21000,59.2,59.0
2021-07-28 10:51:00,0.7,0.7,0.7,0.7,0,41.07581,21000,59.35,59.0
2021-07-28 10:52:00,0.7,0.7,0.7,0.7,0,41.07581,21000,59.3,59.0
2021-07-28 10:53:00,0.3,0.35,0.3,0.35,63000,39.482432,850500,59.55,60.0
2021-07-28 10:54:00,0.35,0.35,0.35,0.35,0,39.482432,850500,59.55,60.0
2021-07-28 10:55:00,0.35,0.35,0.35,0.35,94500,36.525191,871500,59.65,60.0
2021-07-28 10:56:00,0.35,0.4,0.35,0.4,73500,41.85739,871500,59.6,60.0
2021-07-28 10:57:00,0.35,0.35,0.35,0.35,31500,38.051906,924000,59.6,60.0
2021-07-28 10:58:00,0.35,0.35,0.35,0.35,0,38.051906,924000,59.5,60.0
2021-07-28 10:59:00,0.35,0.35,0.35,0.35,0,38.051906,924000,59.6,60.0
2021-07-28 11:00:00,0.35,0.35,0.35,0.35,0,38.051906,924000,59.5,59.0
2021-07-28 11:01:00,0.35,0.35,0.35,0.35,0,38.051906,924000,59.0,59.0
2021-07-28 11:02:00,0.35,0.35,0.35,0.35,0,38.051906,924000,59.15,59.0
2021-07-28 11:03:00,0.35,0.35,0.35,0.35,0,38.051906,924000,58.9,59.0
2021-07-28 11:04:00,0.35,0.35,0.35,0.35,0,38.051906,924000,59.0,59.0
2021-07-28 11:05:00,0.35,0.35,0.35,0.35,0,38.051906,924000,59.05,59.0
2021-07-28 11:06:00,0.35,0.35,0.35,0.35,0,38.051906,924000,58.85,59.0
2021-07-28 11:07:00,0.35,0.35,0.35,0.35,0,38.051906,924000,58.9,59.0
2021-07-28 11:08:00,0.35,0.35,0.35,0.35,0,38.051906,924000,58.95,59.0
2021-07-28 11:09:00,0.35,0.35,0.35,0.35,0,38.051906,924000,59.05,59.0
2021-07-28 11:10:00,0.7,0.7,0.7,0.7,10500,49.658202,31500,59.05,59.0
2021-07-28 11:11:00,0.7,0.7,0.7,0.7,10500,53.488957,31500,58.95,59.0
2021-07-28 11:12:00,0.7,0.7,0.7,0.7,0,53.488957,31500,58.95,59.0
2021-07-28 11:13:00,0.7,0.7,0.7,0.7,10500,53.521286,52500,58.95,59.0
2021-07-28 11:14:00,0.7,0.7,0.7,0.7,0,53.521286,52500,58.9,59.0
2021-07-28 11:15:00,0.7,0.7,0.7,0.7,0,53.521286,52500,58.95,59.0
2021-07-28 11:16:00,0.7,0.7,0.7,0.7,0,53.521286,52500,59.1,59.0
2021-07-28 11:17:00,0.7,0.7,0.7,0.7,0,53.521286,52500,59.25,59.0
2021-07-28 11:18:00,0.8,0.8,0.8,0.8,21000,49.08352,63000,59.25,59.0
2021-07-28 11:19:00,0.8,0.8,0.8,0.8,0,49.08352,63000,59.25,59.0
2021-07-28 11:20:00,0.8,0.8,0.8,0.8,0,49.08352,63000,59.15,59.0
2021-07-28 11:21:00,0.8,0.8,0.8,0.8,0,49.08352,63000,59.2,59.0
2021-07-28 11:22:00,0.8,0.8,0.8,0.8,0,49.08352,63000,59.35,59.0
2021-07-28 11:23:00,0.8,0.8,0.8,0.8,0,49.08352,63000,59.4,59.0
2021-07-28 11:24:00,0.8,0.8,0.8,0.8,0,49.08352,63000,59.4,59.0
2021-07-28 11:25:00,0.8,0.8,0.8,0.8,0,49.08352,63000,59.45,59.0
2021-07-28 11:26:00,0.8,0.8,0.8,0.8,0,49.08352,63000,59.5,59.0
2021-07-28 11:27:00,0.8,0.8,0.8,0.8,0,49.08352,63000,59.45,59.0
2021-07-28 11:28:00,0.8,0.8,0.8,0.8,0,49.08352,63000,59.5,60.0
2021-07-28 11:29:00,0.8,0.8,0.8,0.8,0,49.08352,63000,59.5,60.0
2021-07-28 11:30:00,0.8,0.8,0.8,0.8,0,49.08352,63000,59.5,60.0
2021-07-28 11:31:00,0.8,0.8,0.8,0.8,0,49.08352,63000,59.6,60.0
2021-07-28 11:32:00,0.8,0.8,0.8,0.8,0,49.08352,63000,59.45,59.0
2021-07-28 11:33:00,0.4,0.4,0.4,0.4,21000,43.853172,1155000,59.55,60.0
2021-07-28 11:34:00,0.45,0.45,0.45,0.45,42000,46.177463,1155000,59.6,60.0
2021-07-28 11:35:00,0.45,0.45,0.45,0.45,0,46.177463,1155000,59.5,60.0
2021-07-28 11:36:00,0.45,0.45,0.45,0.45,0,46.177463,1155000,59.6,60.0
2021-07-28 11:37:00,0.45,0.5,0.45,0.5,73500,46.815197,1144500,59.7,60.0
2021-07-28 11:38:00,0.5,0.5,0.45,0.45,10500,43.051472,1144500,59.7,60.0
2021-07-28 11:39:00,0.45,0.5,0.45,0.5,21000,46.843936,1144500,59.7,60.0
2021-07-28 11:40:00,0.45,0.45,0.45,0.45,42000,46.262433,1144500,59.6,60.0
2021-07-28 11:41:00,0.45,0.5,0.45,0.5,63000,41.80327,1144500,59.85,60.0
2021-07-28 11:42:00,0.55,0.55,0.55,0.55,52500,41.95104,1197000,59.95,60.0
2021-07-28 11:43:00,0.55,0.6,0.55,0.6,94500,39.913069,1197000,60.1,60.0
2021-07-28 11:44:00,0.65,0.65,0.65,0.65,105000,43.646678,1197000,60.1,60.0
2021-07-28 11:45:00,0.65,0.65,0.65,0.65,31500,41.630376,1207500,60.15,60.0
2021-07-28 11:46:00,0.6,0.6,0.55,0.55,21000,38.211805,1207500,60.05,60.0
2021-07-28 11:47:00,0.55,0.55,0.5,0.5,52500,36.43277,1207500,60.0,60.0
2021-07-28 11:48:00,0.55,0.55,0.55,0.55,31500,38.235668,1155000,60.05,60.0
2021-07-28 11:49:00,0.55,0.6,0.55,0.6,10500,43.88952,1155000,60.0,60.0
2021-07-28 11:50:00,0.6,0.6,0.6,0.6,84000,45.775463,1155000,59.95,60.0
2021-07-28 11:51:00,0.6,0.6,0.55,0.55,42000,40.197606,1134000,60.0,60.0
2021-07-28 11:52:00,0.55,0.55,0.55,0.55,0,40.197606,1134000,59.9,60.0
2021-07-28 11:53:00,0.55,0.6,0.55,0.6,10500,40.037846,1134000,60.1,60.0
2021-07-28 11:54:00,0.6,0.6,0.6,0.6,31500,43.957854,1123500,60.0,60.0
2021-07-28 11:55:00,0.6,0.6,0.6,0.6,0,43.957854,1123500,60.05,60.0
2021-07-28 11:56:00,0.6,0.6,0.6,0.6,21000,42.0593,1123500,60.05,60.0
2021-07-28 11:57:00,0.6,0.6,0.6,0.6,0,42.0593,1123500,60.05,60.0
2021-07-28 11:58:00,0.6,0.6,0.6,0.6,0,42.0593,1123500,60.05,60.0
2021-07-28 11:59:00,0.6,0.6,0.6,0.6,0,42.0593,1123500,60.1,60.0
2021-07-28 12:00:00,0.6,0.6,0.6,0.6,0,42.0593,1123500,60.05,60.0
2021-07-28 12:01:00,0.6,0.65,0.6,0.65,21000,43.878733,1102500,60.1,60.0
2021-07-28 12:02:00,0.65,0.7,0.65,0.7,21000,43.513014,1102500,60.2,60.0
2021-07-28 12:03:00,0.7,0.7,0.7,0.7,0,43.513014,1102500,60.2,60.0
2021-07-28 12:04:00,0.7,0.75,0.7,0.75,105000,47.30626,1102500,60.2,60.0
2021-07-28 12:05:00,0.75,0.75,0.75,0.75,10500,47.321109,1102500,60.2,60.0
2021-07-28 12:06:00,0.75,0.75,0.75,0.75,0,47.321109,1102500,60.25,60.0
2021-07-28 12:07:00,0.75,0.75,0.75,0.75,0,47.321109,1102500,60.25,60.0
2021-07-28 12:08:00,0.75,0.75,0.7,0.7,21000,43.595308,1113000,60.2,60.0
2021-07-28 12:09:00,0.7,0.7,0.7,0.7,21000,41.440829,1113000,60.25,60.0
2021-07-28 12:10:00,0.75,0.75,0.75,0.75,31500,47.395553,1113000,60.2,60.0
2021-07-28 12:11:00,0.75,0.8,0.75,0.8,10500,49.05315,1071000,60.25,60.0
2021-07-28 12:12:00,0.8,0.8,0.8,0.8,0,49.05315,1071000,60.2,60.0
2021-07-28 12:13:00,0.75,0.75,0.75,0.75,21000,43.071182,1071000,60.3,60.0
2021-07-28 12:14:00,0.8,0.9,0.8,0.9,52500,52.29526,1071000,60.35,60.0
2021-07-28 12:15:00,0.9,0.9,0.9,0.9,42000,50.025601,1029000,60.4,60.0
2021-07-28 12:16:00,0.9,0.9,0.9,0.9,0,50.025601,1029000,60.35,60.0
2021-07-28 12:17:00,0.9,0.9,0.9,0.9,10500,50.057269,1029000,60.4,60.0
2021-07-28 12:18:00,0.9,0.9,0.9,0.9,0,50.057269,1029000,60.4,60.0
2021-07-28 12:19:00,0.9,0.9,0.9,0.9,0,50.057269,1029000,60.35,60.0
2021-07-28 12:20:00,0.9,0.9,0.9,0.9,10500,50.104879,1008000,60.4,60.0
2021-07-28 12:21:00,0.9,0.9,0.9,0.9,10500,50.120778,1008000,60.4,60.0
2021-07-28 12:22:00,0.9,0.9,0.9,0.9,0,50.120778,1008000,60.45,60.0
2021-07-28 12:23:00,0.9,0.9,0.9,0.9,0,50.120778,1008000,60.35,60.0
2021-07-28 12:24:00,0.9,0.95,0.9,0.95,21000,51.68628,987000,60.45,60.0
2021-07-28 12:25:00,0.95,0.95,0.95,0.95,0,51.68628,987000,60.4,60.0
2021-07-28 12:26:00,0.95,0.95,0.95,0.95,0,51.68628,987000,60.45,60.0
2021-07-28 12:27:00,0.95,0.95,0.95,0.95,21000,49.311413,987000,60.5,60.0
2021-07-28 12:28:00,0.95,0.95,0.95,0.95,0,49.311413,987000,60.4,60.0
2021-07-28 12:29:00,0.95,0.95,0.95,0.95,0,49.311413,987000,60.4,60.0
2021-07-28 12:30:00,0.95,0.95,0.95,0.95,0,49.311413,987000,60.25,60.0
2021-07-28 12:31:00,0.8,0.8,0.8,0.8,21000,47.158953,976500,60.3,60.0
2021-07-28 12:32:00,0.75,0.75,0.75,0.75,21000,45.568245,976500,60.25,60.0
2021-07-28 12:33:00,0.75,0.8,0.75,0.8,10500,49.396418,976500,60.25,60.0
2021-07-28 12:34:00,0.8,0.8,0.8,0.8,0,49.396418,976500,60.3,60.0
2021-07-28 12:35:00,0.8,0.8,0.8,0.8,10500,44.931753,934500,60.35,60.0
2021-07-28 12:36:00,0.8,0.8,0.8,0.8,0,44.931753,934500,60.25,60.0
2021-07-28 12:37:00,0.8,0.8,0.8,0.8,0,44.931753,934500,60.3,60.0
2021-07-28 12:38:00,0.8,0.8,0.8,0.8,0,44.931753,934500,60.25,60.0
2021-07-28 12:39:00,0.8,0.8,0.8,0.8,0,44.931753,934500,60.25,60.0
2021-07-28 12:40:00,0.8,0.8,0.8,0.8,0,44.931753,934500,60.35,60.0
2021-07-28 12:41:00,0.75,0.75,0.75,0.75,10500,45.699954,924000,60.25,60.0
2021-07-28 12:42:00,0.75,0.75,0.75,0.75,0,45.699954,924000,60.25,60.0
2021-07-28 12:43:00,0.75,0.75,0.75,0.75,10500,43.486759,913500,60.3,60.0
2021-07-28 12:44:00,0.75,0.75,0.75,0.75,0,43.486759,913500,60.25,60.0
2021-07-28 12:45:00,0.75,0.75,0.75,0.75,0,43.486759,913500,60.2,60.0
2021-07-28 12:46:00,0.75,0.75,0.75,0.75,0,43.486759,913500,60.25,60.0
2021-07-28 12:47:00,0.75,0.75,0.75,0.75,0,43.486759,913500,60.3,60.0
2021-07-28 12:48:00,0.75,0.75,0.75,0.75,0,43.486759,913500,60.25,60.0
2021-07-28 12:49:00,0.75,0.75,0.75,0.75,0,43.486759,913500,60.25,60.0
2021-07-28 12:50:00,0.75,0.75,0.75,0.75,21000,43.585383,903000,60.3,60.0
2021-07-28 12:51:00,0.75,0.75,0.75,0.75,0,43.585383,903000,60.35,60.0
2021-07-28 12:52:00,0.75,0.75,0.75,0.75,0,43.585383,903000,60.35,60.0
2021-07-28 12:53:00,0.8,0.8,0.8,0.8,21000,47.493811,903000,60.3,60.0
2021-07-28 12:54:00,0.8,0.8,0.8,0.8,0,47.493811,903000,60.3,60.0
2021-07-28 12:55:00,0.8,0.8,0.8,0.8,0,47.493811,903000,60.25,60.0
2021-07-28 12:56:00,0.8,0.8,0.8,0.8,0,47.493811,903000,60.25,60.0
2021-07-28 12:57:00,0.8,0.8,0.8,0.8,0,47.493811,903000,60.2,60.0
2021-07-28 12:58:00,0.8,0.8,0.8,0.8,0,47.493811,903000,60.2,60.0
2021-07-28 12:59:00,0.8,0.8,0.65,0.65,10500,44.697936,903000,60.1,60.0
2021-07-28 13:00:00,0.6,0.6,0.6,0.6,21000,36.640599,903000,60.2,60.0
2021-07-28 13:01:00,0.6,0.65,0.6,0.65,21000,38.269548,882000,60.25,60.0
2021-07-28 13:02:00,0.65,0.65,0.65,0.65,0,38.269548,882000,60.2,60.0
2021-07-28 13:03:00,0.65,0.65,0.65,0.65,0,38.269548,882000,60.2,60.0
2021-07-28 13:04:00,0.7,0.7,0.7,0.7,10500,44.385495,861000,60.2,60.0
2021-07-28 13:05:00,0.7,0.7,0.7,0.7,0,44.385495,861000,60.2,60.0
2021-07-28 13:06:00,0.7,0.7,0.7,0.7,0,44.385495,861000,60.2,60.0
2021-07-28 13:07:00,0.7,0.7,0.7,0.7,0,44.385495,861000,60.2,60.0
2021-07-28 13:08:00,0.7,0.7,0.7,0.7,0,44.385495,861000,60.2,60.0
2021-07-28 13:09:00,0.7,0.7,0.7,0.7,0,44.385495,861000,60.2,60.0
2021-07-28 13:10:00,0.7,0.75,0.7,0.75,21000,46.131891,861000,60.25,60.0
2021-07-28 13:11:00,0.75,0.75,0.75,0.75,21000,48.331753,861000,60.2,60.0
2021-07-28 13:12:00,0.75,0.75,0.75,0.75,0,48.331753,861000,60.25,60.0
2021-07-28 13:13:00,0.75,0.75,0.75,0.75,0,48.331753,861000,60.25,60.0
2021-07-28 13:14:00,0.75,0.75,0.75,0.75,0,48.331753,861000,60.2,60.0
2021-07-28 13:15:00,0.75,0.75,0.75,0.75,0,48.331753,861000,60.25,60.0
2021-07-28 13:16:00,0.75,0.75,0.7,0.7,10500,42.347581,850500,60.25,60.0
2021-07-28 13:17:00,0.7,0.7,0.7,0.7,0,42.347581,850500,60.15,60.0
2021-07-28 13:18:00,0.7,0.7,0.7,0.7,10500,46.728993,850500,60.15,60.0
2021-07-28 13:19:00,0.7,0.7,0.7,0.7,0,46.728993,850500,60.2,60.0
2021-07-28 13:20:00,0.7,0.7,0.7,0.7,0,46.728993,850500,60.2,60.0
2021-07-28 13:21:00,0.7,0.7,0.7,0.7,10500,44.633606,840000,60.2,60.0
2021-07-28 13:22:00,0.7,0.7,0.7,0.7,0,44.633606,840000,60.25,60.0
2021-07-28 13:23:00,0.7,0.7,0.7,0.7,0,44.633606,840000,60.35,60.0
2021-07-28 13:24:00,0.7,0.7,0.7,0.7,0,44.633606,840000,60.35,60.0
2021-07-28 13:25:00,0.7,0.7,0.7,0.7,0,44.633606,840000,60.3,60.0
2021-07-28 13:26:00,0.7,0.8,0.7,0.8,10500,45.68559,829500,60.35,60.0
2021-07-28 13:27:00,0.8,0.8,0.8,0.8,0,45.68559,829500,60.35,60.0
2021-07-28 13:28:00,0.8,0.8,0.8,0.8,0,45.68559,829500,60.35,60.0
2021-07-28 13:29:00,0.8,0.8,0.8,0.8,0,45.68559,829500,60.3,60.0
2021-07-28 13:30:00,0.8,0.8,0.75,0.75,10500,41.794353,829500,60.35,60.0
2021-07-28 13:31:00,0.75,0.8,0.75,0.8,10500,45.761456,829500,60.35,60.0
2021-07-28 13:32:00,0.8,0.8,0.8,0.8,0,45.761456,829500,60.45,60.0
2021-07-28 13:33:00,0.8,0.8,0.8,0.8,0,45.761456,829500,60.5,60.0
2021-07-28 13:34:00,0.8,0.8,0.8,0.8,0,45.761456,829500,60.5,61.0
2021-07-28 13:35:00,0.5,0.5,0.5,0.5,10500,52.688351,556500,60.55,61.0
2021-07-28 13:36:00,0.95,0.95,0.95,0.95,31500,52.909305,819000,60.45,60.0
2021-07-28 13:37:00,0.95,0.95,0.95,0.95,0,52.909305,819000,60.45,60.0
2021-07-28 13:38:00,0.95,0.95,0.95,0.95,0,52.909305,819000,60.45,60.0
2021-07-28 13:39:00,0.95,0.95,0.95,0.95,0,52.909305,819000,60.4,60.0
2021-07-28 13:40:00,0.95,0.95,0.95,0.95,0,52.909305,819000,60.4,60.0
2021-07-28 13:41:00,0.85,0.85,0.85,0.85,10500,47.475174,808500,60.4,60.0
2021-07-28 13:42:00,0.85,0.85,0.85,0.85,21000,49.876091,808500,60.35,60.0
2021-07-28 13:43:00,0.85,0.85,0.85,0.85,21000,47.506944,819000,60.4,60.0
2021-07-28 13:44:00,0.85,0.85,0.85,0.85,0,47.506944,819000,60.4,60.0
2021-07-28 13:45:00,0.85,0.85,0.85,0.85,0,47.506944,819000,60.45,60.0
2021-07-28 13:46:00,0.85,0.85,0.85,0.85,10500,45.06809,798000,60.45,60.0
2021-07-28 13:47:00,0.85,0.85,0.85,0.85,0,45.06809,798000,60.6,61.0
2021-07-28 13:48:00,0.85,0.85,0.85,0.85,0,45.06809,798000,60.55,61.0
2021-07-28 13:49:00,0.55,0.55,0.55,0.55,21000,56.852527,535500,60.55,61.0
2021-07-28 13:50:00,0.55,0.55,0.55,0.55,21000,55.23722,535500,60.6,61.0
2021-07-28 13:51:00,0.55,0.55,0.55,0.55,0,55.23722,535500,60.55,61.0
2021-07-28 13:52:00,0.5,0.5,0.5,0.5,10500,52.984892,535500,60.55,61.0
2021-07-28 13:53:00,0.5,0.5,0.5,0.5,10500,51.387528,535500,60.6,61.0
2021-07-28 13:54:00,0.5,0.5,0.5,0.5,0,51.387528,535500,60.55,61.0
2021-07-28 13:55:00,0.5,0.5,0.5,0.5,0,51.387528,535500,60.5,61.0
2021-07-28 13:56:00,1.05,1.05,0.95,0.95,21000,55.667238,777000,60.4,60.0
2021-07-28 13:57:00,0.9,0.9,0.9,0.9,10500,51.71795,777000,60.4,60.0
2021-07-28 13:58:00,0.9,0.9,0.9,0.9,10500,51.735365,756000,60.4,60.0
2021-07-28 13:59:00,0.9,0.9,0.9,0.9,0,51.735365,756000,60.4,60.0
2021-07-28 14:00:00,0.9,0.95,0.9,0.95,21000,50.841116,735000,60.5,60.0
2021-07-28 14:01:00,0.95,0.95,0.95,0.95,10500,53.353822,735000,60.45,60.0
2021-07-28 14:02:00,0.95,0.95,0.95,0.95,0,53.353822,735000,60.5,61.0
2021-07-28 14:03:00,0.95,0.95,0.95,0.95,0,53.353822,735000,60.45,60.0
2021-07-28 14:04:00,0.95,0.95,0.95,0.95,10500,53.407889,714000,60.45,60.0
2021-07-28 14:05:00,0.95,0.95,0.95,0.95,0,53.407889,714000,60.45,60.0
2021-07-28 14:06:00,0.8,0.95,0.8,0.95,52500,55.854881,714000,60.4,60.0
2021-07-28 14:07:00,0.95,0.95,0.95,0.95,0,55.854881,714000,60.45,60.0
2021-07-28 14:08:00,0.95,0.95,0.95,0.95,0,55.854881,714000,60.35,60.0
2021-07-28 14:09:00,0.95,0.95,0.95,0.95,0,55.854881,714000,60.4,60.0
2021-07-28 14:10:00,0.95,0.95,0.95,0.95,10500,58.268321,682500,60.35,60.0
2021-07-28 14:11:00,0.95,0.95,0.95,0.95,0,58.268321,682500,60.45,60.0
2021-07-28 14:12:00,0.95,0.95,0.95,0.95,0,58.268321,682500,60.4,60.0
2021-07-28 14:13:00,0.95,0.95,0.95,0.95,0,58.268321,682500,60.45,60.0
2021-07-28 14:14:00,0.95,0.95,0.95,0.95,0,58.268321,682500,60.5,61.0
2021-07-28 14:15:00,0.95,0.95,0.95,0.95,0,58.268321,682500,60.45,60.0
2021-07-28 14:16:00,0.95,0.95,0.95,0.95,0,58.268321,682500,60.45,60.0
2021-07-28 14:17:00,0.95,0.95,0.95,0.95,0,58.268321,682500,60.45,60.0
2021-07-28 14:18:00,0.95,0.95,0.95,0.95,0,58.268321,682500,60.45,60.0
2021-07-28 14:19:00,0.95,0.95,0.95,0.95,10500,56.101569,682500,60.4,60.0
2021-07-28 14:20:00,0.95,0.95,0.95,0.95,0,56.101569,682500,60.4,60.0
2021-07-28 14:21:00,0.95,0.95,0.95,0.95,0,56.101569,682500,60.4,60.0
2021-07-28 14:22:00,0.9,0.9,0.9,0.9,21000,54.536538,672000,60.35,60.0
2021-07-28 14:23:00,0.85,0.85,0.85,0.85,31500,55.164498,672000,60.25,60.0
2021-07-28 14:24:00,0.8,0.8,0.8,0.8,10500,51.240355,672000,60.25,60.0
2021-07-28 14:25:00,0.8,0.8,0.8,0.8,0,51.240355,672000,60.2,60.0
2021-07-28 14:26:00,0.7,0.7,0.7,0.7,10500,45.620307,672000,60.2,60.0
2021-07-28 14:27:00,0.7,0.7,0.7,0.7,0,45.620307,672000,60.15,60.0
2021-07-28 14:28:00,0.7,0.7,0.7,0.7,0,45.620307,672000,60.15,60.0
2021-07-28 14:29:00,0.7,0.7,0.7,0.7,0,45.620307,672000,60.15,60.0
2021-07-28 14:30:00,0.7,0.7,0.7,0.7,0,45.620307,672000,60.25,60.0
2021-07-28 14:31:00,0.75,0.75,0.75,0.75,10500,49.644224,661500,60.2,60.0
2021-07-28 14:32:00,0.8,0.8,0.8,0.8,52500,53.602198,661500,60.2,60.0
2021-07-28 14:33:00,0.8,0.8,0.8,0.8,0,53.602198,661500,60.2,60.0
2021-07-28 14:34:00,0.8,0.8,0.8,0.8,0,53.602198,661500,60.25,60.0
2021-07-28 14:35:00,0.8,0.8,0.8,0.8,10500,55.819776,703500,60.15,60.0
2021-07-28 14:36:00,0.8,0.8,0.7,0.7,21000,45.777733,703500,60.2,60.0
2021-07-28 14:37:00,0.75,0.75,0.75,0.75,10500,47.501519,672000,60.25,60.0
2021-07-28 14:38:00,0.75,0.75,0.75,0.75,0,47.501519,672000,60.2,60.0
2021-07-28 14:39:00,0.75,0.75,0.75,0.75,0,47.501519,672000,60.0,60.0
2021-07-28 14:40:00,0.65,0.65,0.55,0.55,42000,50.099116,661500,59.8,60.0
2021-07-28 14:41:00,0.55,0.6,0.55,0.6,52500,44.40454,661500,60.05,60.0
2021-07-28 14:42:00,0.65,0.65,0.6,0.6,21000,40.171359,661500,60.15,60.0
2021-07-28 14:43:00,0.6,0.6,0.6,0.6,10500,48.440533,672000,59.95,60.0
2021-07-28 14:44:00,0.6,0.6,0.55,0.55,63000,46.449185,672000,59.9,60.0
2021-07-28 14:45:00,0.55,0.55,0.55,0.55,0,46.449185,672000,59.9,60.0
2021-07-28 14:46:00,0.6,0.6,0.6,0.6,31500,50.422349,682500,59.9,60.0
2021-07-28 14:47:00,0.6,0.6,0.6,0.6,0,50.422349,682500,60.1,60.0
2021-07-28 14:48:00,0.65,0.65,0.65,0.65,10500,48.449558,682500,60.05,60.0
2021-07-28 14:49:00,0.65,0.7,0.65,0.7,10500,41.335558,682500,60.3,60.0
2021-07-28 14:50:00,0.7,0.7,0.7,0.7,0,41.335558,682500,60.35,60.0
2021-07-28 14:51:00,0.8,0.85,0.8,0.85,31500,53.417149,682500,60.3,60.0
2021-07-28 14:52:00,0.85,0.85,0.85,0.85,0,53.417149,682500,60.4,60.0
2021-07-28 14:53:00,0.85,0.85,0.85,0.85,0,53.417149,682500,60.45,60.0
2021-07-28 14:54:00,0.85,0.85,0.85,0.85,0,53.417149,682500,60.5,60.0
2021-07-28 14:55:00,0.95,0.95,0.95,0.95,10500,56.801482,672000,60.4,60.0
2021-07-28 14:56:00,0.95,0.95,0.95,0.95,0,56.801482,672000,60.4,60.0
2021-07-28 14:57:00,0.95,0.95,0.95,0.95,0,56.801482,672000,60.35,60.0
2021-07-28 14:58:00,0.95,0.95,0.95,0.95,0,56.801482,672000,60.35,60.0
2021-07-28 14:59:00,0.9,0.95,0.9,0.95,42000,54.427942,661500,60.45,60.0
2021-07-28 15:00:00,0.95,1.05,0.95,1.05,31500,62.571401,661500,60.45,60.0
2021-07-28 15:01:00,1.05,1.05,1.05,1.05,21000,62.593236,661500,60.45,60.0
2021-07-28 15:02:00,1.05,1.05,1.05,1.05,0,62.593236,661500,60.4,60.0
2021-07-28 15:03:00,1.05,1.05,1.05,1.05,0,62.593236,661500,60.4,60.0
2021-07-28 15:04:00,1.05,1.05,0.9,0.9,21000,47.821937,693000,60.5,60.0
2021-07-28 15:05:00,0.9,0.9,0.9,0.9,21000,47.838854,693000,60.5,60.0
2021-07-28 15:06:00,0.9,0.9,0.85,0.9,42000,52.960652,693000,60.4,60.0
2021-07-28 15:07:00,0.9,0.9,0.9,0.9,0,52.960652,693000,60.3,60.0
2021-07-28 15:08:00,0.9,0.9,0.9,0.9,0,52.960652,693000,60.35,60.0
2021-07-28 15:09:00,0.9,0.9,0.9,0.9,0,52.960652,693000,60.4,60.0
2021-07-28 15:10:00,0.9,0.9,0.9,0.9,0,52.960652,693000,60.4,60.0
2021-07-28 15:11:00,0.8,0.8,0.8,0.8,10500,54.333227,609000,60.2,60.0
2021-07-28 15:12:00,0.8,0.8,0.8,0.8,0,54.333227,609000,60.3,60.0
2021-07-28 15:13:00,0.8,0.8,0.8,0.8,0,54.333227,609000,60.3,60.0
2021-07-28 15:14:00,0.8,0.8,0.8,0.8,0,54.333227,609000,60.25,60.0
2021-07-28 15:15:00,0.8,0.8,0.8,0.8,0,54.333227,609000,60.2,60.0
2021-07-28 15:16:00,0.8,0.8,0.8,0.8,0,54.333227,609000,60.2,60.0
2021-07-28 15:17:00,0.8,0.8,0.8,0.8,0,54.333227,609000,60.25,60.0
2021-07-28 15:18:00,0.8,0.8,0.8,0.8,0,54.333227,609000,60.25,60.0
2021-07-28 15:19:00,0.8,0.8,0.8,0.8,0,54.333227,609000,60.3,60.0
2021-07-28 15:20:00,0.8,0.8,0.65,0.65,10500,40.136502,598500,60.25,60.0
2021-07-28 15:21:00,0.65,0.7,0.65,0.7,10500,46.505982,598500,60.2,60.0
2021-07-28 15:22:00,0.7,0.7,0.7,0.7,0,46.505982,598500,60.25,60.0
2021-07-28 15:23:00,0.7,0.7,0.7,0.7,10500,46.539127,588000,60.2,60.0
2021-07-28 15:24:00,0.7,0.7,0.7,0.7,0,46.539127,588000,60.25,60.0
2021-07-28 15:25:00,0.7,0.7,0.7,0.7,0,46.539127,588000,60.2,60.0
2021-07-28 15:26:00,0.7,0.7,0.65,0.65,10500,42.56187,588000,60.2,60.0
2021-07-28 15:27:00,0.65,0.65,0.65,0.65,0,42.56187,588000,60.15,60.0
2021-07-28 15:28:00,0.65,0.7,0.65,0.7,10500,48.853922,588000,60.15,60.0
2021-07-28 15:29:00,0.7,0.7,0.7,0.7,10500,48.871363,588000,60.15,60.0
2021-07-29 09:24:00,0.6,0.6,0.6,0.6,10500,89.113814,651000,61.05,61.0
2021-07-29 09:25:00,0.6,0.65,0.6,0.65,21000,75.089202,651000,61.3,61.0
2021-07-29 09:26:00,0.65,0.65,0.65,0.65,0,75.089202,651000,61.2,61.0
2021-07-29 09:27:00,0.65,0.8,0.65,0.8,10500,99.264938,651000,61.3,61.0
2021-07-29 09:28:00,0.8,0.9,0.8,0.9,73500,105.951646,651000,61.4,61.0
2021-07-29 09:29:00,0.85,0.85,0.8,0.8,63000,94.833605,651000,61.35,61.0
2021-07-29 09:30:00,0.8,0.8,0.7,0.7,21000,83.673397,651000,61.3,61.0
2021-07-29 09:31:00,0.7,0.85,0.7,0.85,21000,98.316926,651000,61.4,61.0
2021-07-29 09:32:00,0.85,0.85,0.65,0.65,31500,93.844558,651000,61.1,61.0
2021-07-29 09:33:00,0.65,0.65,0.6,0.6,10500,86.078029,598500,61.1,61.0
2021-07-29 09:34:00,0.6,0.6,0.6,0.6,10500,94.414823,598500,61.0,61.0
2021-07-29 09:35:00,0.6,0.6,0.6,0.6,0,94.414823,598500,61.1,61.0
2021-07-29 09:36:00,0.6,0.6,0.6,0.6,10500,98.640055,588000,60.95,61.0
2021-07-29 09:37:00,0.6,0.6,0.4,0.4,31500,78.105828,588000,60.8,61.0
2021-07-29 09:38:00,0.3,0.3,0.3,0.3,31500,65.448489,588000,60.75,61.0
2021-07-29 09:39:00,0.3,0.3,0.3,0.3,0,65.448489,588000,60.7,61.0
2021-07-29 09:40:00,0.3,0.5,0.3,0.5,21000,105.17838,609000,60.65,61.0
2021-07-29 09:41:00,0.5,0.5,0.5,0.5,0,105.17838,609000,60.7,61.0
2021-07-29 09:42:00,0.5,0.5,0.5,0.5,0,105.17838,609000,60.65,61.0
2021-07-29 09:43:00,0.5,0.5,0.5,0.5,0,105.17838,609000,60.65,61.0
2021-07-29 09:44:00,0.45,0.45,0.35,0.35,21000,84.263974,619500,60.6,61.0
2021-07-29 09:45:00,0.35,0.35,0.25,0.25,52500,67.352516,619500,60.6,61.0
2021-07-29 09:46:00,0.25,0.25,0.25,0.25,0,67.352516,619500,60.6,61.0
2021-07-29 09:47:00,0.25,0.25,0.25,0.25,0,67.352516,619500,60.5,61.0
2021-07-29 09:48:00,0.25,0.25,0.25,0.25,0,67.352516,619500,60.55,61.0
2021-07-29 09:49:00,0.25,0.25,0.25,0.25,0,67.352516,619500,60.5,61.0
2021-07-29 09:50:00,0.3,0.3,0.3,0.3,10500,79.648914,630000,60.55,61.0
2021-07-29 09:51:00,0.3,0.3,0.3,0.3,0,79.648914,630000,60.55,61.0
2021-07-29 09:52:00,0.3,0.3,0.3,0.3,0,79.648914,630000,60.5,61.0
2021-07-29 09:53:00,0.3,0.3,0.3,0.3,0,79.648914,630000,60.5,61.0
2021-07-29 09:54:00,0.3,0.3,0.3,0.3,0,79.648914,630000,60.55,61.0
2021-07-29 09:55:00,0.3,0.3,0.3,0.3,0,79.648914,630000,60.6,61.0
2021-07-29 09:56:00,0.3,0.3,0.3,0.3,0,79.648914,630000,60.55,61.0
2021-07-29 09:57:00,0.65,0.65,0.55,0.55,10500,57.029594,535500,60.35,60.0
2021-07-29 09:58:00,0.55,0.55,0.5,0.5,10500,54.02693,535500,60.3,60.0
2021-07-29 09:59:00,0.55,0.55,0.55,0.55,31500,62.922137,535500,60.3,60.0
2021-07-29 10:00:00,0.55,0.55,0.55,0.55,0,62.922137,535500,60.45,60.0
2021-07-29 10:01:00,0.55,0.7,0.55,0.7,10500,72.548907,535500,60.45,60.0
2021-07-29 10:02:00,0.7,0.7,0.7,0.7,0,72.548907,535500,60.55,61.0
2021-07-29 10:03:00,0.35,0.45,0.35,0.45,52500,103.860877,672000,60.6,61.0
2021-07-29 10:04:00,0.7,0.7,0.65,0.65,31500,63.663577,535500,60.45,60.0
2021-07-29 10:05:00,0.65,0.65,0.65,0.65,0,63.663577,535500,60.35,60.0
2021-07-29 10:06:00,0.65,0.65,0.5,0.5,31500,65.468005,535500,60.2,60.0
2021-07-29 10:07:00,0.5,0.5,0.5,0.5,31500,60.374593,535500,60.25,60.0
2021-07-29 10:08:00,0.5,0.55,0.5,0.55,10500,69.189418,535500,60.25,60.0
2021-07-29 10:09:00,0.5,0.55,0.5,0.55,21000,58.102266,546000,60.35,60.0
2021-07-29 10:10:00,0.55,0.55,0.55,0.55,10500,58.194355,546000,60.35,60.0
2021-07-29 10:11:00,0.55,0.55,0.55,0.55,21000,64.109879,546000,60.3,60.0
2021-07-29 10:12:00,0.55,0.55,0.55,0.55,0,64.109879,546000,60.25,60.0
2021-07-29 10:13:00,0.5,0.5,0.5,0.5,52500,66.194927,588000,60.2,60.0
2021-07-29 10:14:00,0.5,0.5,0.5,0.5,0,66.194927,588000,60.2,60.0
2021-07-29 10:15:00,0.5,0.5,0.5,0.5,10500,66.40704,619500,60.2,60.0
2021-07-29 10:16:00,0.5,0.5,0.5,0.5,10500,61.24481,619500,60.25,60.0
2021-07-29 10:17:00,0.5,0.5,0.5,0.5,21000,61.343801,619500,60.25,60.0
2021-07-29 10:18:00,0.5,0.5,0.5,0.5,0,61.343801,619500,60.2,60.0
2021-07-29 10:19:00,0.45,0.45,0.45,0.45,10500,63.15011,630000,60.15,60.0
2021-07-29 10:20:00,0.45,0.45,0.45,0.45,0,63.15011,630000,60.3,60.0
2021-07-29 10:21:00,0.45,0.45,0.45,0.45,0,63.15011,630000,60.35,60.0
2021-07-29 10:22:00,0.45,0.45,0.45,0.45,0,63.15011,630000,60.35,60.0
2021-07-29 10:23:00,0.55,0.55,0.55,0.55,10500,65.3663,640500,60.3,60.0
2021-07-29 10:24:00,0.55,0.55,0.55,0.55,0,65.3663,640500,60.35,60.0
2021-07-29 10:25:00,0.55,0.55,0.55,0.55,0,65.3663,640500,60.3,60.0
2021-07-29 10:26:00,0.5,0.5,0.5,0.5,21000,67.6107,640500,60.2,60.0
2021-07-29 10:27:00,0.5,0.5,0.45,0.45,10500,58.817928,661500,60.2,60.0
2021-07-29 10:28:00,0.45,0.45,0.45,0.45,42000,58.916438,661500,60.2,60.0
2021-07-29 10:29:00,0.45,0.45,0.45,0.45,0,58.916438,661500,60.3,60.0
2021-07-29 10:30:00,0.45,0.45,0.45,0.45,0,58.916438,661500,60.25,60.0
2021-07-29 10:31:00,0.45,0.45,0.45,0.45,0,58.916438,661500,60.25,60.0
2021-07-29 10:32:00,0.45,0.45,0.45,0.45,0,58.916438,661500,60.25,60.0
2021-07-29 10:33:00,0.45,0.45,0.45,0.45,0,58.916438,661500,60.2,60.0
2021-07-29 10:34:00,0.45,0.45,0.45,0.45,0,58.916438,661500,60.2,60.0
2021-07-29 10:35:00,0.45,0.5,0.45,0.5,10500,68.645008,693000,60.2,60.0
2021-07-29 10:36:00,0.4,0.4,0.4,0.4,10500,56.005883,693000,60.15,60.0
2021-07-29 10:37:00,0.4,0.4,0.4,0.4,0,56.005883,693000,60.2,60.0
2021-07-29 10:38:00,0.4,0.4,0.4,0.4,0,56.005883,693000,60.15,60.0
2021-07-29 10:39:00,0.4,0.4,0.4,0.4,0,56.005883,693000,60.1,60.0
2021-07-29 10:40:00,0.4,0.4,0.4,0.4,31500,61.469861,703500,60.1,60.0
2021-07-29 10:41:00,0.4,0.4,0.4,0.4,0,61.469861,703500,60.15,60.0
2021-07-29 10:42:00,0.4,0.4,0.4,0.4,0,61.469861,703500,60.15,60.0
2021-07-29 10:43:00,0.35,0.4,0.35,0.4,94500,66.617076,735000,60.05,60.0
2021-07-29 10:44:00,0.4,0.4,0.4,0.4,0,66.617076,735000,60.05,60.0
2021-07-29 10:45:00,0.35,0.35,0.35,0.35,10500,57.868514,735000,60.05,60.0
2021-07-29 10:46:00,0.35,0.35,0.35,0.35,0,57.868514,735000,60.05,60.0
2021-07-29 10:47:00,0.4,0.4,0.35,0.35,21000,71.450071,735000,59.9,60.0
2021-07-29 10:48:00,0.35,0.35,0.35,0.35,10500,71.577592,756000,59.9,60.0
2021-07-29 10:49:00,0.35,0.35,0.35,0.35,10500,67.41188,756000,59.95,60.0
2021-07-29 10:50:00,0.35,0.35,0.35,0.35,0,67.41188,756000,59.9,60.0
2021-07-29 10:51:00,0.35,0.35,0.35,0.35,31500,71.964248,766500,59.9,60.0
2021-07-29 10:52:00,0.35,0.35,0.35,0.35,31500,76.270945,766500,59.85,60.0
2021-07-29 10:53:00,0.35,0.35,0.35,0.35,10500,76.40942,766500,59.85,60.0
2021-07-29 10:54:00,0.3,0.3,0.3,0.3,73500,67.319307,829500,59.85,60.0
2021-07-29 10:55:00,0.3,0.35,0.3,0.35,73500,72.489575,829500,59.9,60.0
2021-07-29 10:56:00,0.4,0.4,0.4,0.4,94500,81.818338,829500,59.9,60.0
2021-07-29 10:57:00,0.4,0.4,0.4,0.4,0,81.818338,829500,60.0,60.0
2021-07-29 10:58:00,0.4,0.4,0.4,0.4,73500,77.723976,934500,59.95,60.0
2021-07-29 10:59:00,0.4,0.4,0.4,0.4,21000,73.311685,934500,60.0,60.0
2021-07-29 11:00:00,0.4,0.4,0.4,0.4,10500,73.44837,966000,60.0,60.0
2021-07-29 11:01:00,0.4,0.4,0.4,0.4,0,73.44837,966000,59.95,60.0
2021-07-29 11:02:00,0.4,0.4,0.4,0.4,0,73.44837,966000,60.0,60.0
2021-07-29 11:03:00,0.4,0.4,0.4,0.4,0,73.44837,966000,59.95,60.0
2021-07-29 11:04:00,0.4,0.4,0.35,0.35,52500,77.983707,976500,59.85,60.0
2021-07-29 11:05:00,0.35,0.35,0.35,0.35,0,77.983707,976500,59.8,60.0
2021-07-29 11:06:00,0.35,0.35,0.35,0.35,0,77.983707,976500,59.85,60.0
2021-07-29 11:07:00,0.35,0.35,0.35,0.35,0,77.983707,976500,59.8,60.0
2021-07-29 11:08:00,0.35,0.35,0.35,0.35,0,77.983707,976500,59.85,60.0
2021-07-29 11:09:00,0.35,0.35,0.35,0.35,0,77.983707,976500,59.85,60.0
2021-07-29 11:10:00,0.35,0.35,0.35,0.35,0,77.983707,976500,59.9,60.0
2021-07-29 11:11:00,0.35,0.35,0.35,0.35,10500,74.71091,1008000,59.9,60.0
2021-07-29 11:12:00,0.35,0.4,0.35,0.4,10500,84.333159,1008000,59.9,60.0
2021-07-29 11:13:00,0.4,0.4,0.4,0.4,0,84.333159,1008000,59.9,60.0
2021-07-29 11:14:00,0.35,0.35,0.35,0.35,21000,75.150379,1008000,59.9,60.0
2021-07-29 11:15:00,0.35,0.35,0.35,0.35,0,75.150379,1008000,59.85,60.0
2021-07-29 11:16:00,0.35,0.35,0.35,0.35,10500,75.447664,997500,59.9,60.0
2021-07-29 11:17:00,0.4,0.4,0.35,0.35,21000,75.597624,997500,59.9,60.0
2021-07-29 11:18:00,0.35,0.35,0.35,0.35,0,75.597624,997500,59.85,60.0
2021-07-29 11:19:00,0.35,0.35,0.3,0.3,10500,70.616296,997500,59.85,60.0
2021-07-29 11:20:00,0.3,0.3,0.3,0.3,0,70.616296,997500,59.8,60.0
2021-07-29 11:21:00,0.3,0.3,0.3,0.3,0,70.616296,997500,59.8,60.0
2021-07-29 11:22:00,0.3,0.3,0.3,0.3,0,70.616296,997500,59.75,60.0
2021-07-29 11:23:00,0.35,0.35,0.35,0.35,10500,85.249248,1008000,59.8,60.0
2021-07-29 11:24:00,0.35,0.35,0.35,0.35,0,85.249248,1008000,59.7,60.0
2021-07-29 11:25:00,0.3,0.3,0.3,0.3,73500,79.862786,1008000,59.75,60.0
2021-07-29 11:26:00,0.3,0.3,0.25,0.25,63000,77.759753,1008000,59.65,60.0
2021-07-29 11:27:00,0.25,0.25,0.25,0.25,0,77.759753,1008000,59.65,60.0
2021-07-29 11:28:00,0.25,0.25,0.25,0.25,63000,74.227273,1092000,59.7,60.0
2021-07-29 11:29:00,0.25,0.25,0.25,0.25,31500,78.244809,1092000,59.65,60.0
2021-07-29 11:30:00,0.2,0.2,0.2,0.2,10500,75.120419,1102500,59.55,60.0
2021-07-29 11:31:00,0.2,0.2,0.2,0.2,21000,75.278206,1102500,59.55,60.0
2021-07-29 11:32:00,0.2,0.2,0.2,0.2,0,75.278206,1102500,59.5,60.0
2021-07-29 11:33:00,0.2,0.2,0.2,0.2,0,75.278206,1102500,59.5,59.0
2021-07-29 11:34:00,0.2,0.2,0.2,0.2,0,75.278206,1102500,59.45,59.0
2021-07-29 11:35:00,0.2,0.2,0.2,0.2,0,75.278206,1102500,59.45,59.0
2021-07-29 11:36:00,0.2,0.2,0.2,0.2,0,75.278206,1102500,59.45,59.0
2021-07-29 11:37:00,0.2,0.2,0.2,0.2,0,75.278206,1102500,59.5,60.0
2021-07-29 11:38:00,0.2,0.2,0.2,0.2,0,75.278206,1102500,59.4,59.0
2021-07-29 11:39:00,0.2,0.2,0.2,0.2,0,75.278206,1102500,59.4,59.0
2021-07-29 11:40:00,0.25,0.25,0.25,0.25,178500,87.766971,1144500,59.55,60.0
2021-07-29 11:41:00,0.25,0.4,0.25,0.4,126000,79.799501,1144500,60.0,60.0
2021-07-29 11:42:00,0.45,0.5,0.45,0.5,147000,89.555148,1207500,60.1,60.0
2021-07-29 11:43:00,0.45,0.45,0.45,0.45,52500,95.194482,1207500,59.95,60.0
2021-07-29 11:44:00,0.45,0.45,0.45,0.45,0,95.194482,1207500,59.95,60.0
2021-07-29 11:45:00,0.45,0.45,0.45,0.45,0,95.194482,1207500,59.95,60.0
2021-07-29 11:46:00,0.45,0.45,0.45,0.45,63000,95.833156,1207500,59.95,60.0
2021-07-29 11:47:00,0.45,0.45,0.45,0.45,0,95.833156,1207500,60.0,60.0
2021-07-29 11:48:00,0.45,0.45,0.45,0.45,0,95.833156,1207500,60.0,60.0
2021-07-29 11:49:00,0.45,0.45,0.45,0.45,10500,91.427756,1197000,60.0,60.0
2021-07-29 11:50:00,0.45,0.45,0.45,0.45,0,91.427756,1197000,60.05,60.0
2021-07-29 11:51:00,0.5,0.5,0.5,0.5,10500,85.721061,1197000,60.15,60.0
2021-07-29 11:52:00,0.5,0.5,0.5,0.5,0,85.721061,1197000,60.15,60.0
2021-07-29 11:53:00,0.5,0.5,0.5,0.5,0,85.721061,1197000,60.15,60.0
2021-07-29 11:54:00,0.5,0.5,0.5,0.5,0,85.721061,1197000,60.15,60.0
2021-07-29 11:55:00,0.5,0.5,0.5,0.5,0,85.721061,1197000,60.0,60.0
2021-07-29 11:56:00,0.45,0.45,0.45,0.45,10500,82.062842,1197000,60.1,60.0
2021-07-29 11:57:00,0.45,0.45,0.45,0.45,0,82.062842,1197000,60.1,60.0
2021-07-29 11:58:00,0.45,0.45,0.45,0.45,10500,76.620735,1197000,60.15,60.0
2021-07-29 11:59:00,0.45,0.45,0.45,0.45,0,76.620735,1197000,60.1,60.0
2021-07-29 12:00:00,0.45,0.45,0.45,0.45,0,76.620735,1197000,60.05,60.0
2021-07-29 12:01:00,0.45,0.45,0.45,0.45,0,76.620735,1197000,60.1,60.0
2021-07-29 12:02:00,0.45,0.45,0.45,0.45,0,76.620735,1197000,60.1,60.0
2021-07-29 12:03:00,0.45,0.45,0.45,0.45,0,76.620735,1197000,60.2,60.0
2021-07-29 12:04:00,0.45,0.45,0.45,0.45,0,76.620735,1197000,60.15,60.0
2021-07-29 12:05:00,0.45,0.45,0.45,0.45,0,76.620735,1197000,60.15,60.0
2021-07-29 12:06:00,0.45,0.45,0.45,0.45,0,76.620735,1197000,60.15,60.0
2021-07-29 12:07:00,0.45,0.45,0.45,0.45,0,76.620735,1197000,60.15,60.0
2021-07-29 12:08:00,0.45,0.45,0.45,0.45,0,76.620735,1197000,60.1,60.0
2021-07-29 12:09:00,0.4,0.4,0.4,0.4,10500,79.711891,1186500,60.05,60.0
2021-07-29 12:10:00,0.4,0.4,0.4,0.4,0,79.711891,1186500,60.05,60.0
2021-07-29 12:11:00,0.4,0.4,0.4,0.4,73500,80.113999,1186500,60.05,60.0
2021-07-29 12:12:00,0.35,0.35,0.35,0.35,10500,69.539659,1186500,60.05,60.0
2021-07-29 12:13:00,0.4,0.4,0.35,0.35,31500,80.610051,1218000,59.95,60.0
2021-07-29 12:14:00,0.35,0.35,0.3,0.3,42000,79.972054,1218000,59.85,60.0
2021-07-29 12:15:00,0.3,0.3,0.3,0.3,0,79.972054,1218000,59.8,60.0
2021-07-29 12:16:00,0.3,0.3,0.3,0.3,0,79.972054,1218000,59.8,60.0
2021-07-29 12:17:00,0.3,0.3,0.3,0.3,0,79.972054,1218000,59.75,60.0
2021-07-29 12:18:00,0.25,0.25,0.25,0.25,21000,83.382859,1228500,59.7,60.0
2021-07-29 12:19:00,0.25,0.25,0.25,0.25,0,83.382859,1228500,59.7,60.0
2021-07-29 12:20:00,0.25,0.25,0.2,0.2,10500,72.166414,1239000,59.7,60.0
2021-07-29 12:21:00,0.25,0.25,0.25,0.25,10500,84.044995,1239000,59.7,60.0
2021-07-29 12:22:00,0.25,0.25,0.25,0.25,0,84.044995,1239000,59.7,60.0
2021-07-29 12:23:00,0.25,0.25,0.25,0.25,52500,88.87918,1249500,59.65,60.0
2021-07-29 12:24:00,0.25,0.25,0.25,0.25,10500,84.723064,1249500,59.7,60.0
2021-07-29 12:25:00,0.25,0.25,0.25,0.25,0,84.723064,1249500,59.7,60.0
2021-07-29 12:26:00,0.25,0.25,0.25,0.25,0,84.723064,1249500,59.7,60.0
2021-07-29 12:27:00,0.25,0.25,0.25,0.25,0,84.723064,1249500,59.7,60.0
2021-07-29 12:28:00,0.25,0.25,0.25,0.25,0,84.723064,1249500,59.7,60.0
2021-07-29 12:29:00,0.25,0.25,0.25,0.25,0,84.723064,1249500,59.7,60.0
2021-07-29 12:30:00,0.25,0.25,0.25,0.25,10500,81.552362,1270500,59.75,60.0
2021-07-29 12:31:00,0.25,0.25,0.25,0.25,52500,81.78089,1270500,59.75,60.0
2021-07-29 12:32:00,0.25,0.25,0.25,0.25,0,81.78089,1270500,59.8,60.0
2021-07-29 12:33:00,0.25,0.25,0.25,0.25,0,81.78089,1270500,59.7,60.0
2021-07-29 12:34:00,0.25,0.25,0.25,0.25,10500,82.478106,1270500,59.75,60.0
2021-07-29 12:35:00,0.25,0.25,0.25,0.25,0,82.478106,1270500,59.85,60.0
2021-07-29 12:36:00,0.25,0.3,0.25,0.3,10500,89.942808,1270500,59.8,60.0
2021-07-29 12:37:00,0.3,0.3,0.3,0.3,0,89.942808,1270500,59.8,60.0
2021-07-29 12:38:00,0.3,0.3,0.25,0.25,10500,83.43591,1270500,59.75,60.0
2021-07-29 12:39:00,0.25,0.25,0.25,0.25,0,83.43591,1270500,59.8,60.0
2021-07-29 12:40:00,0.25,0.25,0.25,0.25,0,83.43591,1270500,59.8,60.0
2021-07-29 12:41:00,0.25,0.25,0.25,0.25,31500,88.900012,1270500,59.7,60.0
2021-07-29 12:42:00,0.25,0.25,0.25,0.25,0,88.900012,1270500,59.7,60.0
2021-07-29 12:43:00,0.25,0.25,0.25,0.25,0,88.900012,1270500,59.65,60.0
2021-07-29 12:44:00,0.25,0.25,0.25,0.25,0,88.900012,1270500,59.6,60.0
2021-07-29 12:45:00,0.25,0.25,0.25,0.25,0,88.900012,1270500,59.65,60.0
2021-07-29 12:46:00,0.25,0.25,0.25,0.25,31500,85.455444,1270500,59.75,60.0
2021-07-29 12:47:00,0.25,0.25,0.25,0.25,0,85.455444,1270500,59.7,60.0
2021-07-29 12:48:00,0.25,0.25,0.25,0.25,0,85.455444,1270500,59.65,60.0
2021-07-29 12:49:00,0.25,0.25,0.25,0.25,0,85.455444,1270500,59.65,60.0
2021-07-29 12:50:00,0.25,0.25,0.25,0.25,0,85.455444,1270500,59.65,60.0
2021-07-29 12:51:00,0.25,0.25,0.25,0.25,0,85.455444,1270500,59.65,60.0
2021-07-29 12:52:00,0.25,0.25,0.25,0.25,0,85.455444,1270500,59.7,60.0
2021-07-29 12:53:00,0.25,0.25,0.25,0.25,0,85.455444,1270500,59.75,60.0
2021-07-29 12:54:00,0.25,0.25,0.25,0.25,0,85.455444,1270500,59.7,60.0
2021-07-29 12:55:00,0.25,0.25,0.25,0.25,10500,87.911519,1270500,59.75,60.0
2021-07-29 12:56:00,0.25,0.3,0.25,0.3,52500,90.272083,1270500,59.85,60.0
2021-07-29 12:57:00,0.3,0.3,0.3,0.3,0,90.272083,1270500,59.85,60.0
2021-07-29 12:58:00,0.3,0.3,0.3,0.3,0,90.272083,1270500,59.85,60.0
2021-07-29 12:59:00,0.3,0.3,0.3,0.3,0,90.272083,1270500,59.8,60.0
2021-07-29 13:00:00,0.3,0.3,0.3,0.3,0,90.272083,1270500,59.8,60.0
2021-07-29 13:01:00,0.3,0.3,0.3,0.3,0,90.272083,1270500,59.8,60.0
2021-07-29 13:02:00,0.3,0.3,0.3,0.3,0,90.272083,1270500,59.8,60.0
2021-07-29 13:03:00,0.3,0.3,0.3,0.3,0,90.272083,1270500,59.85,60.0
2021-07-29 13:04:00,0.3,0.3,0.3,0.3,0,90.272083,1270500,59.8,60.0
2021-07-29 13:05:00,0.3,0.3,0.3,0.3,10500,87.343241,1239000,59.9,60.0
2021-07-29 13:06:00,0.3,0.3,0.3,0.3,31500,93.366587,1218000,59.85,60.0
2021-07-29 13:07:00,0.3,0.3,0.3,0.3,0,93.366587,1218000,59.8,60.0
2021-07-29 13:08:00,0.3,0.3,0.3,0.3,0,93.366587,1218000,59.8,60.0
2021-07-29 13:09:00,0.3,0.3,0.3,0.3,10500,99.956123,1197000,59.8,60.0
2021-07-29 13:10:00,0.3,0.3,0.3,0.3,63000,76.590146,1197000,60.0,60.0
2021-07-29 13:11:00,0.35,0.35,0.35,0.35,31500,83.086727,1197000,60.05,60.0
2021-07-29 13:12:00,0.35,0.4,0.35,0.35,31500,76.369638,1197000,60.1,60.0
2021-07-29 13:13:00,0.35,0.35,0.35,0.35,10500,83.694095,1123500,60.05,60.0
2021-07-29 13:14:00,0.35,0.35,0.35,0.35,42000,84.002782,1123500,60.05,60.0
2021-07-29 13:15:00,0.35,0.35,0.35,0.35,0,84.002782,1123500,60.1,60.0
2021-07-29 13:16:00,0.35,0.35,0.3,0.3,21000,84.720747,1134000,59.95,60.0
2021-07-29 13:17:00,0.3,0.3,0.3,0.3,0,84.720747,1134000,60.0,60.0
2021-07-29 13:18:00,0.3,0.3,0.3,0.3,10500,72.06492,1134000,60.05,60.0
2021-07-29 13:19:00,0.35,0.35,0.35,0.35,10500,85.598784,1144500,60.05,60.0
2021-07-29 13:20:00,0.35,0.35,0.35,0.35,10500,78.697896,1144500,60.1,60.0
2021-07-29 13:21:00,0.35,0.35,0.35,0.35,10500,86.262975,1144500,60.05,60.0
2021-07-29 13:22:00,0.35,0.35,0.35,0.35,0,86.262975,1144500,60.1,60.0
2021-07-29 13:23:00,0.35,0.35,0.35,0.35,0,86.262975,1144500,60.05,60.0
2021-07-29 13:24:00,0.35,0.35,0.35,0.35,0,86.262975,1144500,60.1,60.0
2021-07-29 13:25:00,0.35,0.35,0.35,0.35,21000,87.638789,1134000,60.05,60.0
2021-07-29 13:26:00,0.35,0.35,0.35,0.35,0,87.638789,1134000,60.05,60.0
2021-07-29 13:27:00,0.35,0.35,0.35,0.35,0,87.638789,1134000,60.05,60.0
2021-07-29 13:28:00,0.35,0.35,0.35,0.35,10500,88.714686,1123500,60.05,60.0
2021-07-29 13:29:00,0.35,0.35,0.35,0.35,0,88.714686,1123500,60.05,60.0
2021-07-29 13:30:00,0.35,0.35,0.35,0.35,10500,81.928932,1113000,60.1,60.0
2021-07-29 13:31:00,0.35,0.35,0.35,0.35,21000,82.274215,1113000,60.1,60.0
2021-07-29 13:32:00,0.35,0.35,0.35,0.35,0,82.274215,1113000,60.15,60.0
2021-07-29 13:33:00,0.4,0.4,0.4,0.4,31500,71.215791,1113000,60.25,60.0
2021-07-29 13:34:00,0.45,0.5,0.45,0.5,42000,101.164582,1081500,60.25,60.0
2021-07-29 13:35:00,0.5,0.55,0.5,0.5,21000,118.480905,1081500,60.15,60.0
2021-07-29 13:36:00,0.5,0.55,0.5,0.55,52500,87.293352,1029000,60.4,60.0
2021-07-29 13:37:00,0.55,0.55,0.55,0.55,0,87.293352,1029000,60.4,60.0
2021-07-29 13:38:00,0.55,0.55,0.55,0.55,0,87.293352,1029000,60.4,60.0
2021-07-29 13:39:00,0.55,0.55,0.55,0.55,21000,88.472938,1029000,60.4,60.0
2021-07-29 13:40:00,0.55,0.55,0.55,0.55,0,88.472938,1029000,60.4,60.0
2021-07-29 13:41:00,0.55,0.55,0.55,0.55,42000,89.286182,1008000,60.4,60.0
2021-07-29 13:42:00,0.55,0.55,0.55,0.55,21000,77.12383,1008000,60.45,60.0
2021-07-29 13:43:00,0.55,0.6,0.55,0.55,31500,77.486523,955500,60.45,60.0
2021-07-29 13:44:00,0.55,0.55,0.55,0.55,21000,90.548828,955500,60.4,60.0
2021-07-29 13:45:00,0.55,0.55,0.5,0.5,10500,58.209735,955500,60.45,60.0
2021-07-29 13:46:00,0.5,0.6,0.5,0.6,10500,83.159669,892500,60.5,60.0
2021-07-29 13:47:00,0.6,0.6,0.6,0.6,42000,96.909851,892500,60.45,60.0
2021-07-29 13:48:00,0.6,0.6,0.6,0.6,0,96.909851,892500,60.4,60.0
2021-07-29 13:49:00,0.6,0.6,0.5,0.5,94500,98.497652,882000,60.3,60.0
2021-07-29 13:50:00,0.4,0.4,0.4,0.4,52500,65.560413,882000,60.3,60.0
2021-07-29 13:51:00,0.35,0.4,0.35,0.4,126000,65.893557,882000,60.3,60.0
2021-07-29 13:52:00,0.4,0.4,0.4,0.4,10500,51.770064,619500,60.35,60.0
2021-07-29 13:53:00,0.4,0.4,0.4,0.4,0,51.770064,619500,60.3,60.0
2021-07-29 13:54:00,0.4,0.4,0.4,0.4,0,51.770064,619500,60.4,60.0
2021-07-29 13:55:00,0.4,0.55,0.4,0.55,10500,65.420954,609000,60.5,60.0
2021-07-29 13:56:00,0.6,0.6,0.6,0.6,21000,87.506015,609000,60.5,60.0
2021-07-29 13:57:00,0.55,0.55,0.55,0.55,10500,66.129869,609000,60.5,60.0
2021-07-29 13:58:00,0.55,0.55,0.55,0.55,0,66.129869,609000,60.5,61.0
2021-07-29 13:59:00,0.25,0.25,0.25,0.25,10500,131.488916,504000,60.6,61.0
2021-07-29 14:00:00,0.25,0.25,0.2,0.2,21000,120.841771,504000,60.55,61.0
2021-07-29 14:01:00,0.2,0.2,0.2,0.2,10500,121.520063,504000,60.55,61.0
2021-07-29 14:02:00,0.2,0.2,0.2,0.2,10500,122.209877,504000,60.55,61.0
2021-07-29 14:03:00,0.2,0.2,0.2,0.2,10500,117.080581,504000,60.6,61.0
2021-07-29 14:04:00,0.2,0.2,0.2,0.2,0,117.080581,504000,60.6,61.0
2021-07-29 14:05:00,0.2,0.2,0.2,0.2,0,117.080581,504000,60.55,61.0
2021-07-29 14:06:00,0.7,0.7,0.65,0.65,10500,126.108425,577500,60.45,60.0
2021-07-29 14:07:00,0.75,0.75,0.75,0.75,21000,174.082294,567000,60.4,60.0
2021-07-29 14:08:00,0.65,0.65,0.65,0.65,10500,114.213263,567000,60.5,60.0
2021-07-29 14:09:00,0.65,0.65,0.65,0.65,0,114.213263,567000,60.4,60.0
2021-07-29 14:10:00,0.65,0.65,0.65,0.65,0,114.213263,567000,60.5,61.0
2021-07-29 14:11:00,0.65,0.65,0.65,0.65,0,114.213263,567000,60.5,61.0
2021-07-29 14:12:00,0.65,0.65,0.5,0.5,21000,67.667341,577500,60.45,60.0
2021-07-29 14:13:00,0.5,0.5,0.5,0.5,42000,68.110166,556500,60.45,60.0
2021-07-29 14:14:00,0.5,0.5,0.5,0.5,0,68.110166,556500,60.5,61.0
2021-07-29 14:15:00,0.5,0.5,0.5,0.5,0,68.110166,556500,60.45,60.0
2021-07-29 14:16:00,0.5,0.5,0.5,0.5,0,68.110166,556500,60.45,60.0
2021-07-29 14:17:00,0.5,0.5,0.5,0.5,0,68.110166,556500,60.3,60.0
2021-07-29 14:18:00,0.4,0.4,0.4,0.4,10500,102.8217,556500,60.2,60.0
2021-07-29 14:19:00,0.4,0.4,0.4,0.4,0,102.8217,556500,60.25,60.0
2021-07-29 14:20:00,0.4,0.45,0.4,0.45,21000,122.956515,546000,60.2,60.0
2021-07-29 14:21:00,0.45,0.45,0.45,0.45,0,122.956515,546000,60.15,60.0
2021-07-29 14:22:00,0.45,0.45,0.45,0.45,10500,145.909482,546000,60.1,60.0
2021-07-29 14:23:00,0.45,0.45,0.45,0.45,0,145.909482,546000,60.05,60.0
2021-07-29 14:24:00,0.45,0.45,0.45,0.45,0,145.909482,546000,60.1,60.0
2021-07-29 14:25:00,0.45,0.45,0.45,0.45,0,145.909482,546000,60.05,60.0
2021-07-29 14:26:00,0.45,0.45,0.45,0.45,0,145.909482,546000,60.1,60.0
2021-07-29 14:27:00,0.45,0.45,0.45,0.45,0,145.909482,546000,60.1,60.0
2021-07-29 14:28:00,0.45,0.45,0.45,0.45,0,145.909482,546000,60.1,60.0
2021-07-29 14:29:00,0.45,0.45,0.45,0.45,10500,143.220101,525000,60.15,60.0
2021-07-29 14:30:00,0.45,0.45,0.45,0.45,0,143.220101,525000,60.15,60.0
2021-07-29 14:31:00,0.45,0.45,0.45,0.45,0,143.220101,525000,60.05,60.0
2021-07-29 14:32:00,0.45,0.45,0.45,0.45,0,143.220101,525000,60.2,60.0
2021-07-29 14:33:00,0.45,0.45,0.45,0.45,0,143.220101,525000,60.2,60.0
2021-07-29 14:34:00,0.45,0.45,0.45,0.45,0,143.220101,525000,60.3,60.0
2021-07-29 14:35:00,0.45,0.45,0.45,0.45,0,143.220101,525000,60.25,60.0
2021-07-29 14:36:00,0.45,0.45,0.45,0.45,0,143.220101,525000,60.2,60.0
2021-07-29 14:37:00,0.45,0.45,0.45,0.45,0,143.220101,525000,60.2,60.0
2021-07-29 14:38:00,0.45,0.45,0.4,0.4,10500,157.08925,514500,60.05,60.0
2021-07-29 14:39:00,0.4,0.4,0.4,0.4,0,157.08925,514500,60.1,60.0
2021-07-29 14:40:00,0.4,0.4,0.3,0.3,10500,105.478276,504000,60.1,60.0
2021-07-29 14:41:00,0.3,0.3,0.3,0.3,0,105.478276,504000,60.1,60.0
2021-07-29 14:42:00,0.2,0.2,0.15,0.2,147000,62.979225,504000,60.1,60.0
2021-07-29 14:43:00,0.2,0.2,0.2,0.2,42000,63.648877,483000,60.1,60.0
2021-07-29 14:44:00,0.2,0.2,0.2,0.2,0,63.648877,483000,60.1,60.0
2021-07-29 14:45:00,0.15,0.15,0.15,0.15,10500,67.609735,483000,60.0,60.0
2021-07-29 14:46:00,0.2,0.2,0.15,0.15,42000,79.312472,483000,59.95,60.0
2021-07-29 14:47:00,0.1,0.1,0.1,0.1,21000,0.0,504000,60.1,60.0
2021-07-29 14:48:00,0.15,0.2,0.15,0.2,42000,50.678885,504000,60.15,60.0
2021-07-29 14:49:00,0.2,0.2,0.2,0.2,0,50.678885,504000,60.15,60.0
2021-07-29 14:50:00,0.2,0.2,0.2,0.2,10500,0.0,483000,60.2,60.0
2021-07-29 14:51:00,0.2,0.2,0.2,0.2,0,0.0,483000,60.2,60.0
2021-07-29 14:52:00,0.2,0.2,0.2,0.2,0,0.0,483000,60.15,60.0
2021-07-29 14:53:00,0.2,0.2,0.2,0.2,0,0.0,483000,60.2,60.0
2021-07-29 14:54:00,0.2,0.2,0.2,0.2,0,0.0,483000,60.15,60.0
2021-07-29 14:55:00,0.2,0.2,0.2,0.2,10500,0.0,483000,60.25,60.0
2021-07-29 14:56:00,0.2,0.3,0.2,0.3,31500,72.975457,483000,60.25,60.0
2021-07-29 14:57:00,0.3,0.3,0.2,0.2,10500,0.0,483000,60.2,60.0
2021-07-29 14:58:00,0.2,0.25,0.2,0.25,10500,66.878957,483000,60.2,60.0
2021-07-29 14:59:00,0.25,0.25,0.25,0.25,10500,0.0,493500,60.25,60.0
2021-07-29 15:00:00,0.3,0.3,0.3,0.3,21000,77.712925,493500,60.25,60.0
2021-07-29 15:01:00,0.25,0.25,0.25,0.25,10500,70.270493,504000,60.2,60.0
2021-07-29 15:02:00,0.25,0.25,0.2,0.2,42000,0.0,504000,60.25,60.0
2021-07-29 15:03:00,0.2,0.2,0.2,0.2,0,0.0,504000,60.2,60.0
2021-07-29 15:04:00,0.2,0.2,0.2,0.2,0,0.0,504000,60.25,60.0
2021-07-29 15:05:00,0.3,0.3,0.3,0.3,10500,110.459982,493500,60.2,60.0
2021-07-29 15:06:00,0.3,0.3,0.2,0.2,52500,0.0,493500,60.2,60.0
2021-07-29 15:07:00,0.2,0.2,0.2,0.2,21000,0.0,483000,60.2,60.0
2021-07-29 15:08:00,0.2,0.2,0.2,0.2,10500,0.0,483000,60.2,60.0
2021-07-29 15:09:00,0.1,0.1,0.1,0.1,31500,0.0,483000,60.15,60.0
2021-07-29 15:10:00,0.1,0.1,0.05,0.05,31500,0.0,483000,60.15,60.0
2021-07-29 15:11:00,0.05,0.05,0.05,0.05,0,0.0,483000,60.15,60.0
2021-07-29 15:12:00,0.05,0.05,0.05,0.05,42000,0.0,483000,60.1,60.0
2021-07-29 15:13:00,0.05,0.05,0.05,0.05,0,0.0,483000,60.15,60.0
2021-07-29 15:14:00,0.05,0.05,0.05,0.05,0,0.0,483000,60.05,60.0
2021-07-29 15:15:00,0.05,0.05,0.05,0.05,0,0.0,483000,60.05,60.0
2021-07-29 15:16:00,0.05,0.05,0.05,0.05,0,0.0,483000,60.1,60.0
2021-07-29 15:17:00,0.05,0.05,0.05,0.05,0,0.0,483000,60.1,60.0
2021-07-29 15:18:00,0.05,0.05,0.05,0.05,0,0.0,483000,60.05,60.0
2021-07-29 15:19:00,0.05,0.05,0.05,0.05,21000,0.0,483000,60.15,60.0
2021-07-29 15:20:00,0.05,0.05,0.05,0.05,0,0.0,483000,60.1,60.0
2021-07-29 15:21:00,0.05,0.05,0.05,0.05,0,0.0,483000,60.05,60.0
2021-07-29 15:22:00,0.05,0.05,0.05,0.05,0,0.0,483000,60.15,60.0
2021-07-29 15:23:00,0.05,0.05,0.05,0.05,0,0.0,483000,60.2,60.0
2021-07-29 15:24:00,0.05,0.05,0.05,0.05,0,0.0,483000,60.35,60.0
2021-07-29 15:25:00,0.05,0.05,0.05,0.05,115500,0.0,472500,60.45,60.0
2021-07-29 15:26:00,0.05,0.05,0.05,0.05,0,0.0,472500,60.4,60.0
2021-07-29 15:27:00,0.05,0.1,0.05,0.1,10500,0.0,472500,60.4,60.0
2021-07-29 15:28:00,0.1,0.1,0.1,0.1,10500,0.0,472500,60.4,60.0
2021-07-29 15:29:00,0.1,0.1,0.05,0.05,42000,0.0,472500,60.4,60.0
2021-07-30 09:15:00,3.9,3.9,3.7,3.75,63000,50.653755,2971500,60.4,60.0
2021-07-30 09:16:00,3.8,3.8,3.6,3.65,94500,51.278481,2971500,60.15,60.0
2021-07-30 09:17:00,3.65,3.7,3.65,3.7,42000,51.620144,2971500,60.2,60.0
2021-07-30 09:18:00,3.7,3.7,3.7,3.7,136500,50.757015,3003000,60.3,60.0
2021-07-30 09:19:00,3.75,3.75,3.7,3.7,52500,51.621635,3003000,60.2,60.0
2021-07-30 09:20:00,3.7,3.7,3.65,3.65,52500,52.558398,2992500,60.0,60.0
2021-07-30 09:21:00,3.65,3.65,3.6,3.6,252000,53.050419,2992500,59.85,60.0
2021-07-30 09:22:00,3.55,3.55,3.5,3.55,178500,52.69762,2992500,59.8,60.0
2021-07-30 09:23:00,3.5,3.65,3.5,3.65,147000,52.136725,2971500,60.05,60.0
2021-07-30 09:24:00,3.65,3.7,3.65,3.7,94500,50.761427,2971500,60.3,60.0
2021-07-30 09:25:00,3.75,3.75,3.75,3.75,157500,53.252958,2971500,60.1,60.0
2021-07-30 09:26:00,3.7,3.8,3.65,3.8,94500,50.55345,3055500,60.5,60.0
2021-07-30 09:27:00,3.4,3.5,3.4,3.5,31500,51.427074,567000,60.75,61.0
2021-07-30 09:28:00,3.5,3.55,3.5,3.55,21000,52.186226,567000,60.75,61.0
2021-07-30 09:29:00,3.55,3.55,3.55,3.55,10500,50.127953,567000,61.0,61.0
2021-07-30 09:30:00,3.65,3.65,3.65,3.65,42000,52.059318,567000,60.95,61.0
2021-07-30 09:31:00,3.65,3.65,3.65,3.65,0,52.059318,567000,60.9,61.0
2021-07-30 09:32:00,3.65,3.9,3.65,3.9,126000,52.479083,567000,61.35,61.0
2021-07-30 09:33:00,3.95,3.95,3.9,3.9,126000,52.90709,567000,61.3,61.0
2021-07-30 09:34:00,3.9,3.95,3.85,3.95,52500,51.946042,567000,61.5,61.0
2021-07-30 09:35:00,4.0,4.0,3.65,3.65,147000,50.812202,693000,61.1,61.0
2021-07-30 09:36:00,3.55,3.65,3.55,3.65,115500,49.970373,693000,61.2,61.0
2021-07-30 09:37:00,3.65,3.8,3.65,3.8,21000,51.820277,693000,61.25,61.0
2021-07-30 09:38:00,3.75,3.75,3.75,3.75,21000,48.91535,693000,61.5,61.0
2021-07-30 09:39:00,3.4,3.65,3.4,3.65,241500,53.186477,934500,61.7,62.0
2021-07-30 09:40:00,3.7,3.75,3.7,3.7,42000,53.532649,934500,61.75,62.0
2021-07-30 09:41:00,3.7,3.7,3.6,3.6,73500,52.840731,1081500,61.65,62.0
2021-07-30 09:42:00,3.6,3.65,3.6,3.65,73500,53.188761,1081500,61.7,62.0
2021-07-30 09:43:00,3.6,3.6,3.5,3.5,84000,51.746041,1081500,61.6,62.0
2021-07-30 09:44:00,3.5,3.6,3.5,3.6,21000,53.240926,1102500,61.6,62.0
2021-07-30 09:45:00,4.1,4.1,3.95,3.95,10500,52.386999,693000,61.45,61.0
2021-07-30 09:46:00,3.5,3.5,3.5,3.5,21000,52.144222,1102500,61.55,62.0
2021-07-30 09:47:00,4.0,4.0,4.0,4.0,21000,53.146624,693000,61.45,61.0
2021-07-30 09:48:00,4.0,4.0,4.0,4.0,10500,52.714879,672000,61.5,61.0
2021-07-30 09:49:00,3.6,3.6,3.55,3.6,31500,53.244734,1092000,61.6,62.0
2021-07-30 09:50:00,3.6,3.6,3.6,3.6,0,53.244734,1092000,61.4,61.0
2021-07-30 09:51:00,3.6,3.6,3.6,3.6,0,53.244734,1092000,61.45,61.0
2021-07-30 09:52:00,4.05,4.05,3.9,3.9,21000,52.494237,661500,61.35,61.0
2021-07-30 09:53:00,3.9,3.9,3.9,3.9,10500,52.494995,661500,61.35,61.0
2021-07-30 09:54:00,3.45,3.55,3.45,3.55,94500,52.50135,1123500,61.6,62.0
2021-07-30 09:55:00,3.55,3.55,3.55,3.55,0,52.50135,1123500,61.6,62.0
2021-07-30 09:56:00,3.55,3.55,3.55,3.55,42000,52.105165,1102500,61.65,62.0
2021-07-30 09:57:00,3.55,3.6,3.55,3.6,21000,52.852843,1102500,61.65,62.0
2021-07-30 09:58:00,3.6,3.6,3.6,3.6,0,52.852843,1102500,61.7,62.0
2021-07-30 09:59:00,3.6,3.7,3.6,3.7,31500,53.144519,1123500,61.8,62.0
2021-07-30 10:00:00,3.65,3.75,3.65,3.7,52500,53.547978,1123500,61.75,62.0
2021-07-30 10:01:00,3.7,3.7,3.7,3.7,21000,53.146043,1123500,61.8,62.0
2021-07-30 10:02:00,3.7,3.7,3.65,3.65,10500,52.802941,1197000,61.75,62.0
2021-07-30 10:03:00,3.65,3.7,3.65,3.7,21000,53.147568,1197000,61.8,62.0
2021-07-30 10:04:00,3.7,3.75,3.7,3.75,42000,53.894749,1197000,61.8,62.0
2021-07-30 10:05:00,3.75,3.75,3.75,3.75,0,53.894749,1197000,61.85,62.0
2021-07-30 10:06:00,3.75,3.85,3.75,3.85,73500,53.35114,1270500,62.05,62.0
2021-07-30 10:07:00,3.85,3.9,3.85,3.9,21000,54.508417,1270500,62.0,62.0
2021-07-30 10:08:00,3.9,3.9,3.8,3.8,52500,53.017358,1270500,62.0,62.0
2021-07-30 10:09:00,3.8,3.85,3.75,3.75,42000,52.272232,1270500,62.0,62.0
2021-07-30 10:10:00,3.75,3.9,3.75,3.9,31500,52.858678,1270500,62.2,62.0
2021-07-30 10:11:00,3.9,3.95,3.85,3.85,63000,52.942817,1312500,62.1,62.0
2021-07-30 10:12:00,3.75,3.75,3.7,3.7,178500,52.750232,1312500,61.85,62.0
2021-07-30 10:13:00,3.7,3.7,3.7,3.7,31500,52.750989,1312500,61.85,62.0
2021-07-30 10:14:00,3.7,3.7,3.7,3.7,21000,53.155953,1365000,61.8,62.0
2021-07-30 10:15:00,3.7,3.7,3.6,3.6,52500,52.866477,1365000,61.65,62.0
2021-07-30 10:16:00,3.6,3.6,3.6,3.6,10500,52.867235,1365000,61.65,62.0
2021-07-30 10:17:00,3.6,3.6,3.55,3.55,10500,52.518661,1365000,61.6,62.0
2021-07-30 10:18:00,3.55,3.55,3.55,3.55,31500,52.915831,1396500,61.55,62.0
2021-07-30 10:19:00,3.55,3.6,3.55,3.6,10500,52.869508,1396500,61.65,62.0
2021-07-30 10:20:00,3.6,3.6,3.6,3.6,10500,52.470787,1417500,61.7,62.0
2021-07-30 10:21:00,3.6,3.65,3.6,3.65,10500,53.218483,1417500,61.7,62.0
2021-07-30 10:22:00,3.65,3.65,3.6,3.65,115500,53.219246,1417500,61.7,62.0
2021-07-30 10:23:00,3.65,3.7,3.65,3.7,31500,53.565622,1501500,61.75,62.0
2021-07-30 10:24:00,3.7,3.75,3.7,3.75,21000,53.910186,1501500,61.8,62.0
2021-07-30 10:25:00,3.7,3.7,3.7,3.7,10500,53.567157,1501500,61.75,62.0
2021-07-30 10:26:00,3.7,3.7,3.6,3.6,10500,52.475307,1501500,61.7,62.0
2021-07-30 10:27:00,3.6,3.6,3.6,3.6,0,52.475307,1501500,61.7,62.0
2021-07-30 10:28:00,3.6,3.65,3.6,3.6,31500,52.876329,1491000,61.65,62.0
2021-07-30 10:29:00,3.6,3.6,3.6,3.6,21000,52.877088,1501500,61.65,62.0
2021-07-30 10:30:00,3.6,3.6,3.55,3.55,42000,52.924925,1501500,61.55,62.0
2021-07-30 10:31:00,3.55,3.55,3.55,3.55,0,52.924925,1501500,61.7,62.0
2021-07-30 10:32:00,3.55,3.65,3.55,3.65,10500,52.423045,1501500,61.8,62.0
2021-07-30 10:33:00,3.65,3.75,3.65,3.75,10500,53.512647,1512000,61.85,62.0
2021-07-30 10:34:00,3.75,3.75,3.75,3.75,21000,53.513415,1512000,61.85,62.0
2021-07-30 10:35:00,3.75,3.75,3.7,3.7,21000,52.767665,1512000,61.85,62.0
2021-07-30 10:36:00,3.7,3.8,3.7,3.75,378000,53.51495,1512000,61.85,62.0
2021-07-30 10:37:00,3.75,3.75,3.7,3.7,105000,53.173497,1512000,61.8,62.0
2021-07-30 10:38:00,3.7,3.7,3.7,3.7,0,53.173497,1512000,61.8,62.0
2021-07-30 10:39:00,3.7,3.7,3.65,3.65,52500,52.830984,1522500,61.75,62.0
2021-07-30 10:40:00,3.7,3.7,3.7,3.7,21000,53.175786,1522500,61.8,62.0
2021-07-30 10:41:00,3.7,3.7,3.7,3.7,0,53.175786,1522500,61.85,62.0
2021-07-30 10:42:00,4.05,4.05,4.0,4.0,115500,53.188845,609000,61.45,61.0
2021-07-30 10:43:00,3.95,3.95,3.9,3.9,21000,52.532931,609000,61.35,61.0
2021-07-30 10:44:00,3.9,3.9,3.8,3.8,31500,51.016709,609000,61.35,61.0
2021-07-30 10:45:00,3.9,3.9,3.9,3.9,31500,52.105037,630000,61.4,61.0
2021-07-30 10:46:00,3.9,4.0,3.9,4.0,10500,53.191919,630000,61.45,61.0
2021-07-30 10:47:00,4.0,4.0,4.0,4.0,10500,52.75988,630000,61.5,61.0
2021-07-30 10:48:00,4.0,4.0,4.0,4.0,10500,54.05364,630000,61.35,61.0
2021-07-30 10:49:00,4.0,4.0,4.0,4.0,0,54.05364,630000,61.3,61.0
2021-07-30 10:50:00,4.0,4.0,3.9,3.9,10500,52.965878,630000,61.3,61.0
2021-07-30 10:51:00,3.9,3.9,3.85,3.85,21000,53.058328,619500,61.2,61.0
2021-07-30 10:52:00,3.85,3.85,3.85,3.85,0,53.058328,619500,61.15,61.0
2021-07-30 10:53:00,3.85,3.9,3.85,3.9,10500,53.394061,630000,61.25,61.0
2021-07-30 10:54:00,3.85,3.85,3.8,3.8,31500,52.302227,630000,61.2,61.0
2021-07-30 10:55:00,3.75,3.75,3.75,3.75,10500,52.807005,630000,61.05,61.0
2021-07-30 10:56:00,3.75,3.75,3.75,3.75,21000,52.807766,630000,61.05,61.0
2021-07-30 10:57:00,3.75,3.75,3.7,3.75,21000,53.641945,672000,60.95,61.0
2021-07-30 10:58:00,3.75,3.75,3.75,3.75,0,53.641945,672000,60.95,61.0
2021-07-30 10:59:00,3.75,3.75,3.75,3.75,0,53.641945,672000,60.9,61.0
2021-07-30 11:00:00,3.75,3.8,3.75,3.8,10500,53.150143,682500,61.1,61.0
2021-07-30 11:01:00,3.8,3.8,3.8,3.8,0,53.150143,682500,61.15,61.0
2021-07-30 11:02:00,3.8,3.8,3.8,3.8,0,53.150143,682500,61.1,61.0
2021-07-30 11:03:00,3.8,3.8,3.8,3.8,0,53.150143,682500,61.15,61.0
2021-07-30 11:04:00,3.8,3.8,3.8,3.8,0,53.150143,682500,61.1,61.0
2021-07-30 11:05:00,3.9,3.9,3.9,3.9,10500,53.827537,682500,61.2,61.0
2021-07-30 11:06:00,3.9,3.9,3.9,3.9,0,53.827537,682500,61.15,61.0
2021-07-30 11:07:00,3.9,3.9,3.9,3.9,0,53.827537,682500,61.15,61.0
2021-07-30 11:08:00,3.9,3.9,3.9,3.9,0,53.827537,682500,61.15,61.0
2021-07-30 11:09:00,3.9,3.9,3.9,3.9,0,53.827537,682500,61.05,61.0
2021-07-30 11:10:00,3.9,3.9,3.9,3.9,0,53.827537,682500,61.0,61.0
2021-07-30 11:11:00,3.9,3.95,3.9,3.95,10500,55.434418,682500,61.1,61.0
2021-07-30 11:12:00,3.95,3.95,3.95,3.95,0,55.434418,682500,61.05,61.0
2021-07-30 11:13:00,3.85,3.85,3.85,3.85,21000,55.172089,682500,60.95,61.0
2021-07-30 11:14:00,3.85,3.85,3.85,3.85,0,55.172089,682500,60.95,61.0
2021-07-30 11:15:00,3.85,3.85,3.85,3.85,10500,54.757407,682500,61.0,61.0
2021-07-30 11:16:00,3.85,3.85,3.85,3.85,0,54.757407,682500,61.0,61.0
2021-07-30 11:17:00,3.85,3.85,3.85,3.85,31500,54.34118,703500,61.05,61.0
2021-07-30 11:18:00,3.85,3.85,3.7,3.7,84000,52.89923,703500,60.95,61.0
2021-07-30 11:19:00,3.8,3.8,3.8,3.8,10500,54.417848,703500,60.95,61.0
2021-07-30 11:20:00,3.8,3.8,3.8,3.8,0,54.417848,703500,60.95,61.0
2021-07-30 11:21:00,3.8,3.8,3.8,3.8,0,54.417848,703500,61.0,61.0
2021-07-30 11:22:00,3.8,3.8,3.8,3.8,0,54.417848,703500,61.05,61.0
2021-07-30 11:23:00,3.8,3.85,3.8,3.85,10500,54.345863,724500,61.05,61.0
2021-07-30 11:24:00,3.85,3.85,3.85,3.85,0,54.345863,724500,60.95,61.0
2021-07-30 11:25:00,3.85,3.85,3.85,3.85,0,54.345863,724500,60.9,61.0
2021-07-30 11:26:00,3.8,3.8,3.8,3.8,10500,55.251178,714000,60.85,61.0
2021-07-30 11:27:00,3.8,3.8,3.7,3.7,21000,54.144629,714000,60.8,61.0
2021-07-30 11:28:00,3.7,3.7,3.7,3.7,0,54.144629,714000,60.9,61.0
2021-07-30 11:29:00,3.7,3.7,3.7,3.7,0,54.144629,714000,60.85,61.0
2021-07-30 11:30:00,3.7,3.7,3.7,3.7,0,54.144629,714000,60.95,61.0
2021-07-30 11:31:00,3.7,3.85,3.7,3.85,10500,55.186316,724500,60.95,61.0
2021-07-30 11:32:00,3.8,3.8,3.75,3.75,63000,53.668929,724500,60.95,61.0
2021-07-30 11:33:00,3.75,3.75,3.75,3.75,0,53.668929,724500,61.0,61.0
2021-07-30 11:34:00,3.75,3.75,3.75,3.75,0,53.668929,724500,61.05,61.0
2021-07-30 11:35:00,3.75,3.75,3.75,3.75,0,53.668929,724500,61.0,61.0
2021-07-30 11:36:00,3.75,3.75,3.75,3.75,0,53.668929,724500,61.0,61.0
2021-07-30 11:37:00,3.75,3.75,3.75,3.75,0,53.668929,724500,61.05,61.0
2021-07-30 11:38:00,3.75,3.75,3.75,3.75,10500,52.83974,745500,61.05,61.0
2021-07-30 11:39:00,3.75,3.75,3.75,3.75,0,52.83974,745500,61.0,61.0
2021-07-30 11:40:00,3.75,3.75,3.75,3.75,10500,54.089683,745500,60.9,61.0
2021-07-30 11:41:00,3.75,3.75,3.75,3.75,0,54.089683,745500,60.95,61.0
2021-07-30 11:42:00,3.75,3.75,3.75,3.75,0,54.089683,745500,61.0,61.0
2021-07-30 11:43:00,3.75,3.75,3.75,3.75,0,54.089683,745500,61.0,61.0
2021-07-30 11:44:00,3.75,3.75,3.75,3.75,0,54.089683,745500,60.9,61.0
2021-07-30 11:45:00,3.75,3.75,3.75,3.75,0,54.089683,745500,61.0,61.0
2021-07-30 11:46:00,3.75,3.75,3.75,3.75,0,54.089683,745500,61.0,61.0
2021-07-30 11:47:00,3.75,3.75,3.75,3.75,0,54.089683,745500,61.0,61.0
2021-07-30 11:48:00,3.75,3.75,3.75,3.75,0,54.089683,745500,61.05,61.0
2021-07-30 11:49:00,3.75,3.8,3.75,3.8,10500,53.607134,756000,61.05,61.0
2021-07-30 11:50:00,3.8,3.8,3.8,3.8,10500,54.025762,756000,61.0,61.0
2021-07-30 11:51:00,3.8,3.8,3.8,3.8,0,54.025762,756000,61.1,61.0
2021-07-30 11:52:00,3.8,3.8,3.8,3.8,0,54.025762,756000,61.1,61.0
2021-07-30 11:53:00,3.8,3.8,3.8,3.8,0,54.025762,756000,61.1,61.0
2021-07-30 11:54:00,3.8,3.8,3.8,3.8,0,54.025762,756000,61.1,61.0
2021-07-30 11:55:00,3.8,3.8,3.8,3.8,0,54.025762,756000,61.1,61.0
2021-07-30 11:56:00,3.8,3.8,3.8,3.8,0,54.025762,756000,61.05,61.0
2021-07-30 11:57:00,3.9,3.9,3.8,3.8,21000,53.613309,756000,61.05,61.0
2021-07-30 11:58:00,3.8,3.8,3.8,3.8,0,53.613309,756000,61.1,61.0
2021-07-30 11:59:00,3.8,3.8,3.8,3.8,0,53.613309,756000,61.05,61.0
2021-07-30 12:00:00,3.8,3.8,3.8,3.8,0,53.613309,756000,61.1,61.0
2021-07-30 12:01:00,3.8,3.8,3.8,3.8,0,53.613309,756000,61.15,61.0
2021-07-30 12:02:00,3.8,3.95,3.8,3.95,10500,54.206282,756000,61.25,61.0
2021-07-30 12:03:00,3.95,3.95,3.95,3.95,0,54.206282,756000,61.2,61.0
2021-07-30 12:04:00,3.95,3.95,3.95,3.95,0,54.206282,756000,61.2,61.0
2021-07-30 12:05:00,3.95,3.95,3.95,3.95,0,54.206282,756000,61.3,61.0
2021-07-30 12:06:00,3.95,3.95,3.95,3.95,0,54.206282,756000,61.3,61.0
2021-07-30 12:07:00,3.95,4.0,3.95,4.0,10500,54.543102,745500,61.3,61.0
2021-07-30 12:08:00,4.0,4.0,4.0,4.0,0,54.543102,745500,61.3,61.0
2021-07-30 12:09:00,4.0,4.0,4.0,4.0,21000,54.116799,745500,61.35,61.0
2021-07-30 12:10:00,4.0,4.0,4.0,4.0,0,54.116799,745500,61.25,61.0
2021-07-30 12:11:00,4.0,4.0,4.0,4.0,0,54.116799,745500,61.3,61.0
2021-07-30 12:12:00,4.0,4.0,4.0,4.0,0,54.116799,745500,61.25,61.0
2021-07-30 12:13:00,4.0,4.0,4.0,4.0,0,54.116799,745500,61.35,61.0
2021-07-30 12:14:00,4.0,4.0,4.0,4.0,0,54.116799,745500,61.35,61.0
2021-07-30 12:15:00,4.0,4.0,4.0,4.0,10500,54.975609,745500,61.25,61.0
2021-07-30 12:16:00,4.0,4.0,4.0,4.0,0,54.975609,745500,61.3,61.0
2021-07-30 12:17:00,4.0,4.0,4.0,4.0,0,54.975609,745500,61.35,61.0
2021-07-30 12:18:00,4.0,4.0,4.0,4.0,0,54.975609,745500,61.3,61.0
2021-07-30 12:19:00,4.0,4.0,4.0,4.0,0,54.975609,745500,61.25,61.0
2021-07-30 12:20:00,4.0,4.0,4.0,4.0,0,54.975609,745500,61.2,61.0
2021-07-30 12:21:00,4.0,4.0,4.0,4.0,0,54.975609,745500,61.2,61.0
2021-07-30 12:22:00,4.0,4.0,4.0,4.0,0,54.975609,745500,61.2,61.0
2021-07-30 12:23:00,4.0,4.0,4.0,4.0,0,54.975609,745500,61.2,61.0
2021-07-30 12:24:00,4.0,4.0,4.0,4.0,0,54.975609,745500,61.2,61.0
2021-07-30 12:25:00,4.0,4.0,4.0,4.0,0,54.975609,745500,61.15,61.0
2021-07-30 12:26:00,4.0,4.0,4.0,4.0,0,54.975609,745500,61.15,61.0
2021-07-30 12:27:00,4.0,4.0,4.0,4.0,0,54.975609,745500,61.15,61.0
2021-07-30 12:28:00,4.0,4.0,4.0,4.0,0,54.975609,745500,61.1,61.0
2021-07-30 12:29:00,3.95,3.95,3.95,3.95,52500,54.227383,745500,61.25,61.0
2021-07-30 12:30:00,3.95,3.95,3.95,3.95,0,54.227383,745500,61.25,61.0
2021-07-30 12:31:00,3.95,3.95,3.95,3.95,0,54.227383,745500,61.25,61.0
2021-07-30 12:32:00,3.95,3.95,3.95,3.95,0,54.227383,745500,61.55,62.0
2021-07-30 12:33:00,3.7,3.75,3.7,3.75,136500,55.616459,1785000,61.6,62.0
2021-07-30 12:34:00,3.75,3.75,3.7,3.7,21000,55.266383,1785000,61.55,62.0
2021-07-30 12:35:00,3.7,3.7,3.65,3.65,84000,54.120331,1785000,61.6,62.0
2021-07-30 12:36:00,3.7,3.7,3.7,3.7,31500,55.267963,1774500,61.55,62.0
2021-07-30 12:37:00,3.7,3.7,3.7,3.7,0,55.267963,1774500,61.6,62.0
2021-07-30 12:38:00,3.7,3.7,3.65,3.65,10500,54.520365,1774500,61.55,62.0
2021-07-30 12:39:00,3.6,3.6,3.6,3.6,10500,53.772015,1774500,61.55,62.0
2021-07-30 12:40:00,3.6,3.65,3.6,3.65,10500,54.521927,1774500,61.55,62.0
2021-07-30 12:41:00,3.65,3.65,3.65,3.65,0,54.521927,1774500,61.55,62.0
2021-07-30 12:42:00,3.65,3.65,3.65,3.65,0,54.521927,1774500,61.55,62.0
2021-07-30 12:43:00,3.65,3.65,3.65,3.65,0,54.521927,1774500,61.55,62.0
2021-07-30 12:44:00,3.65,3.65,3.65,3.65,10500,54.127315,1774500,61.6,62.0
2021-07-30 12:45:00,3.65,3.65,3.65,3.65,0,54.127315,1774500,61.6,62.0
2021-07-30 12:46:00,3.65,3.65,3.65,3.65,0,54.127315,1774500,61.55,62.0
2021-07-30 12:47:00,4.15,4.15,4.15,4.15,10500,55.564281,766500,61.45,61.0
2021-07-30 12:48:00,4.15,4.15,4.15,4.15,0,55.564281,766500,61.45,61.0
2021-07-30 12:49:00,4.15,4.15,4.15,4.15,0,55.564281,766500,61.45,61.0
2021-07-30 12:50:00,4.1,4.1,4.1,4.1,10500,54.373873,777000,61.5,61.0
2021-07-30 12:51:00,4.1,4.1,4.1,4.1,0,54.373873,777000,61.55,62.0
2021-07-30 12:52:00,4.1,4.1,4.1,4.1,10500,55.239923,766500,61.4,61.0
2021-07-30 12:53:00,4.1,4.1,4.1,4.1,0,55.239923,766500,61.35,61.0
2021-07-30 12:54:00,4.1,4.1,4.1,4.1,0,55.239923,766500,61.4,61.0
2021-07-30 12:55:00,4.1,4.1,4.1,4.1,0,55.239923,766500,61.3,61.0
2021-07-30 12:56:00,4.1,4.1,4.1,4.1,0,55.239923,766500,61.3,61.0
2021-07-30 12:57:00,4.1,4.1,4.1,4.1,0,55.239923,766500,61.35,61.0
2021-07-30 12:58:00,4.1,4.1,4.1,4.1,0,55.239923,766500,61.35,61.0
2021-07-30 12:59:00,4.1,4.1,4.1,4.1,0,55.239923,766500,61.3,61.0
2021-07-30 13:00:00,4.1,4.1,4.1,4.1,0,55.239923,766500,61.25,61.0
2021-07-30 13:01:00,4.1,4.1,4.1,4.1,0,55.239923,766500,61.25,61.0
2021-07-30 13:02:00,4.1,4.1,4.1,4.1,0,55.239923,766500,61.25,61.0
2021-07-30 13:03:00,4.1,4.1,4.1,4.1,0,55.239923,766500,61.25,61.0
2021-07-30 13:04:00,4.1,4.1,4.1,4.1,0,55.239923,766500,61.2,61.0
2021-07-30 13:05:00,3.9,3.95,3.9,3.9,31500,54.343899,777000,61.15,61.0
2021-07-30 13:06:00,3.9,3.9,3.9,3.9,0,54.343899,777000,61.05,61.0
2021-07-30 13:07:00,3.9,3.9,3.9,3.9,0,54.343899,777000,61.15,61.0
2021-07-30 13:08:00,3.9,3.9,3.9,3.9,0,54.343899,777000,61.1,61.0
2021-07-30 13:09:00,3.9,3.9,3.9,3.9,0,54.343899,777000,61.15,61.0
2021-07-30 13:10:00,3.9,3.9,3.9,3.9,0,54.343899,777000,61.15,61.0
2021-07-30 13:11:00,3.9,3.9,3.9,3.9,0,54.343899,777000,61.25,61.0
2021-07-30 13:12:00,3.9,3.9,3.9,3.9,10500,53.074729,787500,61.3,61.0
2021-07-30 13:13:00,3.9,3.9,3.9,3.9,0,53.074729,787500,61.35,61.0
2021-07-30 13:14:00,3.9,3.9,3.9,3.9,0,53.074729,787500,61.4,61.0
2021-07-30 13:15:00,3.6,3.65,3.6,3.65,105000,54.549269,1995000,61.55,62.0
2021-07-30 13:16:00,4.05,4.15,4.0,4.0,63000,54.597394,787500,61.3,61.0
2021-07-30 13:17:00,4.0,4.0,4.0,4.0,0,54.597394,787500,61.3,61.0
2021-07-30 13:18:00,4.0,4.0,4.0,4.0,0,54.597394,787500,61.25,61.0
2021-07-30 13:19:00,4.0,4.0,3.95,3.95,10500,53.41165,777000,61.35,61.0
2021-07-30 13:20:00,4.05,4.05,4.05,4.05,10500,54.070692,777000,61.45,61.0
2021-07-30 13:21:00,4.05,4.05,4.05,4.05,0,54.070692,777000,61.5,61.0
2021-07-30 13:22:00,4.05,4.05,4.05,4.05,0,54.070692,777000,61.4,61.0
2021-07-30 13:23:00,4.05,4.05,4.05,4.05,0,54.070692,777000,61.4,61.0
2021-07-30 13:24:00,4.05,4.05,4.05,4.05,0,54.070692,777000,61.45,61.0
2021-07-30 13:25:00,4.05,4.05,4.05,4.05,0,54.070692,777000,61.35,61.0
2021-07-30 13:26:00,4.05,4.05,4.05,4.05,0,54.070692,777000,61.25,61.0
2021-07-30 13:27:00,4.05,4.05,4.05,4.05,0,54.070692,777000,61.35,61.0
2021-07-30 13:28:00,4.05,4.05,4.05,4.05,0,54.070692,777000,61.4,61.0
2021-07-30 13:29:00,4.05,4.05,4.05,4.05,0,54.070692,777000,61.4,61.0
2021-07-30 13:30:00,4.05,4.05,4.05,4.05,0,54.070692,777000,61.4,61.0
2021-07-30 13:31:00,4.05,4.05,4.05,4.05,0,54.070692,777000,61.5,62.0
2021-07-30 13:32:00,4.05,4.05,4.05,4.05,0,54.070692,777000,61.45,61.0
2021-07-30 13:33:00,4.05,4.05,4.05,4.05,0,54.070692,777000,61.45,61.0
2021-07-30 13:34:00,3.65,3.65,3.65,3.65,10500,54.564126,1869000,61.55,62.0
2021-07-30 13:35:00,3.65,3.65,3.65,3.65,0,54.564126,1869000,61.45,61.0
2021-07-30 13:36:00,3.65,3.65,3.65,3.65,0,54.564126,1869000,61.4,61.0
2021-07-30 13:37:00,3.65,3.65,3.65,3.65,0,54.564126,1869000,61.45,61.0
2021-07-30 13:38:00,3.65,3.65,3.65,3.65,0,54.564126,1869000,61.5,62.0
2021-07-30 13:39:00,3.65,3.65,3.65,3.65,0,54.564126,1869000,61.45,61.0
2021-07-30 13:40:00,3.65,3.65,3.65,3.65,0,54.564126,1869000,61.5,62.0
2021-07-30 13:41:00,3.65,3.65,3.65,3.65,0,54.564126,1869000,61.5,62.0
2021-07-30 13:42:00,3.65,3.65,3.65,3.65,0,54.564126,1869000,61.55,62.0
2021-07-30 13:43:00,3.65,3.65,3.65,3.65,0,54.564126,1869000,61.5,62.0
2021-07-30 13:44:00,3.65,3.65,3.65,3.65,0,54.564126,1869000,61.5,62.0
2021-07-30 13:45:00,3.65,3.65,3.65,3.65,0,54.564126,1869000,61.45,61.0
2021-07-30 13:46:00,3.65,3.65,3.65,3.65,0,54.564126,1869000,61.45,61.0
2021-07-30 13:47:00,3.65,3.65,3.65,3.65,0,54.564126,1869000,61.45,61.0
2021-07-30 13:48:00,3.65,3.65,3.65,3.65,0,54.564126,1869000,61.4,61.0
2021-07-30 13:49:00,3.65,3.65,3.65,3.65,0,54.564126,1869000,61.4,61.0
2021-07-30 13:50:00,3.65,3.65,3.65,3.65,0,54.564126,1869000,61.4,61.0
2021-07-30 13:51:00,3.65,3.65,3.65,3.65,0,54.564126,1869000,61.35,61.0
2021-07-30 13:52:00,3.65,3.65,3.65,3.65,0,54.564126,1869000,61.4,61.0
2021-07-30 13:53:00,3.65,3.65,3.65,3.65,0,54.564126,1869000,61.35,61.0
2021-07-30 13:54:00,3.65,3.65,3.65,3.65,0,54.564126,1869000,61.5,62.0
2021-07-30 13:55:00,3.65,3.65,3.65,3.65,0,54.564126,1869000,61.4,61.0
2021-07-30 13:56:00,3.65,3.65,3.65,3.65,0,54.564126,1869000,61.4,61.0
2021-07-30 13:57:00,3.65,3.65,3.65,3.65,0,54.564126,1869000,61.4,61.0
2021-07-30 13:58:00,3.65,3.65,3.65,3.65,0,54.564126,1869000,61.45,61.0
2021-07-30 13:59:00,3.65,3.65,3.65,3.65,0,54.564126,1869000,61.4,61.0
2021-07-30 14:00:00,3.65,3.65,3.65,3.65,0,54.564126,1869000,61.5,62.0
2021-07-30 14:01:00,3.65,3.65,3.65,3.65,0,54.564126,1869000,61.5,62.0
2021-07-30 14:02:00,3.65,3.65,3.65,3.65,0,54.564126,1869000,61.45,61.0
2021-07-30 14:03:00,4.05,4.05,4.05,4.05,10500,54.536197,766500,61.4,61.0
2021-07-30 14:04:00,4.05,4.05,4.05,4.05,0,54.536197,766500,61.35,61.0
2021-07-30 14:05:00,4.05,4.05,4.05,4.05,0,54.536197,766500,61.4,61.0
2021-07-30 14:06:00,4.05,4.05,4.05,4.05,0,54.536197,766500,61.4,61.0
2021-07-30 14:07:00,4.05,4.05,4.05,4.05,0,54.536197,766500,61.4,61.0
2021-07-30 14:08:00,4.05,4.05,4.05,4.05,0,54.536197,766500,61.45,61.0
2021-07-30 14:09:00,4.05,4.05,4.05,4.05,0,54.536197,766500,61.5,62.0
2021-07-30 14:10:00,4.05,4.05,4.05,4.05,0,54.536197,766500,61.45,61.0
2021-07-30 14:11:00,4.05,4.05,4.05,4.05,0,54.536197,766500,61.4,61.0
2021-07-30 14:12:00,4.0,4.0,4.0,4.0,10500,53.782843,766500,61.4,61.0
2021-07-30 14:13:00,4.0,4.05,4.0,4.05,42000,53.678525,766500,61.5,61.0
2021-07-30 14:14:00,4.05,4.1,4.05,4.1,10500,54.873538,766500,61.45,61.0
2021-07-30 14:15:00,4.1,4.1,4.1,4.1,0,54.873538,766500,61.45,61.0
2021-07-30 14:16:00,4.1,4.1,4.1,4.1,0,54.873538,766500,61.4,61.0
2021-07-30 14:17:00,4.1,4.1,4.1,4.1,0,54.873538,766500,61.35,61.0
2021-07-30 14:18:00,4.05,4.05,4.05,4.05,10500,55.406662,766500,61.3,61.0
2021-07-30 14:19:00,4.05,4.05,4.05,4.05,0,55.406662,766500,61.3,61.0
2021-07-30 14:20:00,4.05,4.05,4.05,4.05,0,55.406662,766500,61.25,61.0
2021-07-30 14:21:00,4.05,4.05,4.05,4.05,0,55.406662,766500,61.25,61.0
2021-07-30 14:22:00,4.05,4.05,4.05,4.05,0,55.406662,766500,61.2,61.0
2021-07-30 14:23:00,3.9,3.9,3.9,3.9,10500,54.82702,766500,61.1,61.0
2021-07-30 14:24:00,3.9,3.9,3.9,3.9,0,54.82702,766500,61.2,61.0
2021-07-30 14:25:00,3.9,3.9,3.85,3.85,10500,54.907133,766500,61.0,61.0
2021-07-30 14:26:00,3.75,3.8,3.75,3.8,73500,54.979892,766500,60.9,61.0
2021-07-30 14:27:00,3.8,3.8,3.8,3.8,10500,54.565128,766500,60.95,61.0
2021-07-30 14:28:00,3.8,3.8,3.8,3.8,10500,54.565914,766500,60.95,61.0
2021-07-30 14:29:00,3.8,3.8,3.8,3.8,0,54.565914,766500,61.0,61.0
2021-07-30 14:30:00,3.8,3.8,3.8,3.8,0,54.565914,766500,60.85,61.0
2021-07-30 14:31:00,3.8,3.8,3.8,3.8,0,54.565914,766500,60.9,61.0
2021-07-30 14:32:00,3.8,3.8,3.8,3.8,0,54.565914,766500,61.0,61.0
2021-07-30 14:33:00,3.8,3.9,3.8,3.9,10500,55.255336,766500,61.05,61.0
2021-07-30 14:34:00,3.9,3.95,3.9,3.95,10500,55.596303,766500,61.1,61.0
2021-07-30 14:35:00,3.95,3.95,3.95,3.95,0,55.596303,766500,61.15,61.0
2021-07-30 14:36:00,3.95,3.95,3.95,3.95,31500,56.018417,766500,61.05,61.0
2021-07-30 14:37:00,3.95,3.95,3.95,3.95,0,56.018417,766500,61.05,61.0
2021-07-30 14:38:00,3.95,3.95,3.95,3.95,10500,56.020028,777000,61.05,61.0
2021-07-30 14:39:00,3.95,3.95,3.95,3.95,0,56.020028,777000,61.1,61.0
2021-07-30 14:40:00,3.95,3.95,3.95,3.95,0,56.020028,777000,61.05,61.0
2021-07-30 14:41:00,3.95,3.95,3.95,3.95,0,56.020028,777000,61.1,61.0
2021-07-30 14:42:00,3.95,3.95,3.95,3.95,0,56.020028,777000,61.0,61.0
2021-07-30 14:43:00,3.95,3.95,3.95,3.95,0,56.020028,777000,60.95,61.0
2021-07-30 14:44:00,3.8,3.85,3.8,3.85,31500,56.169607,777000,60.85,61.0
2021-07-30 14:45:00,3.85,3.85,3.85,3.85,0,56.169607,777000,60.85,61.0
2021-07-30 14:46:00,3.85,3.85,3.85,3.85,0,56.169607,777000,60.85,61.0
2021-07-30 14:47:00,3.85,3.85,3.85,3.85,0,56.169607,777000,60.85,61.0
2021-07-30 14:48:00,3.85,3.85,3.85,3.85,0,56.169607,777000,60.6,61.0
2021-07-30 14:49:00,4.15,4.2,4.1,4.1,94500,55.876223,2740500,60.45,60.0
2021-07-30 14:50:00,4.1,4.1,4.1,4.1,0,55.876223,2740500,60.35,60.0
2021-07-30 14:51:00,4.1,4.1,4.1,4.1,31500,58.488499,2740500,60.15,60.0
2021-07-30 14:52:00,3.95,4.05,3.95,4.05,105000,57.715881,2751000,60.15,60.0
2021-07-30 14:53:00,4.05,4.05,4.05,4.05,0,57.715881,2751000,59.5,59.0
2021-07-30 14:54:00,3.7,3.85,3.65,3.85,430500,58.847717,2814000,59.65,60.0
2021-07-30 14:55:00,4.15,4.25,4.15,4.25,21000,59.248782,105000,59.45,59.0
2021-07-30 14:56:00,4.25,4.25,4.2,4.2,21000,60.240117,105000,59.25,59.0
2021-07-30 14:57:00,4.2,4.2,4.2,4.2,0,60.240117,105000,59.3,59.0
2021-07-30 14:58:00,4.2,4.2,3.9,3.9,10500,55.962714,94500,59.2,59.0
2021-07-30 14:59:00,4.0,4.1,4.0,4.1,31500,59.109781,94500,59.2,59.0
2021-07-30 15:00:00,4.1,4.15,4.1,4.15,10500,59.897247,94500,59.2,59.0
2021-07-30 15:01:00,4.1,4.1,4.1,4.1,10500,59.111474,73500,59.2,59.0
2021-07-30 15:02:00,4.15,4.35,4.15,4.35,42000,61.274562,73500,59.4,59.0
2021-07-30 15:03:00,4.35,4.35,4.35,4.35,0,61.274562,73500,59.35,59.0
2021-07-30 15:04:00,4.35,4.35,4.35,4.35,0,61.274562,73500,59.45,59.0
2021-07-30 15:05:00,4.35,4.35,4.35,4.35,0,61.274562,73500,59.4,59.0
2021-07-30 15:06:00,3.75,3.75,3.75,3.75,105000,57.721234,3475500,59.6,60.0
2021-07-30 15:07:00,3.75,3.8,3.75,3.8,63000,58.497708,3475500,59.6,60.0
2021-07-30 15:08:00,3.8,3.8,3.8,3.8,0,58.497708,3475500,59.45,59.0
2021-07-30 15:09:00,3.8,3.8,3.8,3.8,0,58.497708,3475500,59.45,59.0
2021-07-30 15:10:00,3.65,3.75,3.65,3.7,105000,57.361413,3528000,59.55,60.0
2021-07-30 15:11:00,3.7,3.7,3.7,3.7,0,57.361413,3528000,59.4,59.0
2021-07-30 15:12:00,3.7,3.7,3.7,3.7,0,57.361413,3528000,59.4,59.0
2021-07-30 15:13:00,3.7,3.7,3.7,3.7,0,57.361413,3528000,59.5,60.0
2021-07-30 15:14:00,3.7,3.7,3.7,3.7,0,57.361413,3528000,59.45,59.0
2021-07-30 15:15:00,4.35,4.35,4.2,4.2,10500,58.479023,94500,59.45,59.0
2021-07-30 15:16:00,3.75,3.75,3.75,3.75,42000,58.142359,3601500,59.55,60.0
2021-07-30 15:17:00,4.25,4.25,4.2,4.2,42000,58.032157,94500,59.5,59.0
2021-07-30 15:18:00,4.2,4.2,4.2,4.2,0,58.032157,94500,59.35,59.0
2021-07-30 15:19:00,4.2,4.2,4.2,4.2,0,58.032157,94500,59.25,59.0
2021-07-30 15:20:00,4.2,4.2,4.2,4.2,0,58.032157,94500,59.3,59.0
2021-07-30 15:21:00,4.2,4.25,4.2,4.25,10500,59.717688,126000,59.4,59.0
2021-07-30 15:22:00,3.75,3.8,3.75,3.8,42000,58.923489,3685500,59.55,60.0
2021-07-30 15:23:00,3.8,3.8,3.8,3.8,0,58.923489,3685500,59.5,59.0
2021-07-30 15:24:00,3.8,3.8,3.8,3.8,0,58.923489,3685500,59.5,60.0
2021-07-30 15:25:00,3.8,3.8,3.8,3.8,0,58.923489,3685500,59.45,59.0
2021-07-30 15:26:00,4.25,4.25,4.25,4.25,10500,59.27514,126000,59.45,59.0
2021-07-30 15:27:00,4.25,4.25,4.25,4.25,42000,58.827479,126000,59.5,59.0
2021-07-30 15:28:00,4.35,4.35,4.35,4.35,10500,60.402178,178500,59.5,59.0
2021-07-30 15:29:00,4.35,4.35,4.35,4.35,0,60.402178,178500,59.5,59.0
2021-08-02 09:16:00,2.5,3.8,2.5,3.75,126000,59.381589,73500,58.05,58.0
2021-08-02 09:17:00,3.65,4.0,3.65,3.7,126000,55.243845,157500,58.4,58.0
2021-08-02 09:18:00,3.25,3.45,3.25,3.45,73500,56.484295,241500,58.7,59.0
2021-08-02 09:19:00,3.6,3.7,3.5,3.5,115500,56.426101,241500,58.8,59.0
2021-08-02 09:20:00,3.5,3.9,3.5,3.9,21000,57.571387,346500,59.4,59.0
2021-08-02 09:21:00,3.9,3.9,3.8,3.8,31500,59.150933,346500,59.05,59.0
2021-08-02 09:22:00,3.65,3.8,3.6,3.6,63000,57.19224,346500,58.9,59.0
2021-08-02 09:23:00,3.6,3.65,3.6,3.65,10500,58.02339,346500,58.9,59.0
2021-08-02 09:24:00,3.65,3.65,3.65,3.65,31500,54.825836,346500,59.25,59.0
2021-08-02 09:25:00,3.65,3.65,3.6,3.6,10500,53.99712,346500,59.25,59.0
2021-08-02 09:26:00,3.6,3.8,3.6,3.75,63000,56.48677,357000,59.25,59.0
2021-08-02 09:27:00,3.75,3.85,3.75,3.85,73500,56.748095,357000,59.4,59.0
2021-08-02 09:28:00,3.4,3.7,3.35,3.7,304500,56.032744,4420500,60.1,60.0
2021-08-02 09:29:00,3.6,3.65,3.55,3.65,262500,57.003685,4557000,59.9,60.0
2021-08-02 09:30:00,3.65,3.65,3.55,3.55,178500,56.253888,4557000,59.8,60.0
2021-08-02 09:31:00,3.55,3.6,3.45,3.45,178500,54.181514,4557000,59.85,60.0
2021-08-02 09:32:00,3.5,3.5,3.45,3.5,42000,54.113837,4641000,59.95,60.0
2021-08-02 09:33:00,3.65,3.75,3.65,3.75,147000,55.038053,4641000,60.3,60.0
2021-08-02 09:34:00,3.75,3.8,3.7,3.8,367500,54.473586,4641000,60.45,60.0
2021-08-02 09:35:00,3.85,3.9,3.75,3.8,325500,55.397276,4672500,60.35,60.0
2021-08-02 09:36:00,3.85,4.05,3.85,3.85,399000,55.291552,4672500,60.45,60.0
2021-08-02 09:37:00,3.85,3.9,3.8,3.8,126000,54.938639,4672500,60.4,60.0
2021-08-02 09:38:00,3.85,3.9,3.7,3.7,126000,53.767877,4662000,60.35,60.0
2021-08-02 09:39:00,3.7,3.75,3.7,3.7,147000,54.684022,4662000,60.25,60.0
2021-08-02 09:40:00,3.8,3.8,3.75,3.75,63000,55.044224,4662000,60.3,60.0
2021-08-02 09:41:00,3.75,3.75,3.65,3.65,42000,54.32457,4620000,60.2,60.0
2021-08-02 09:42:00,3.75,3.75,3.7,3.75,115500,55.957323,4620000,60.2,60.0
2021-08-02 09:43:00,3.7,3.7,3.65,3.65,84000,52.956052,4620000,60.35,60.0
2021-08-02 09:44:00,3.75,3.75,3.75,3.75,31500,55.504377,4620000,60.25,60.0
2021-08-02 09:45:00,3.75,3.75,3.7,3.7,21000,53.773926,4672500,60.35,60.0
2021-08-02 09:46:00,3.8,3.8,3.7,3.7,136500,53.314065,4672500,60.4,60.0
2021-08-02 09:47:00,3.7,3.7,3.7,3.7,0,53.314065,4672500,60.65,61.0
2021-08-02 09:48:00,3.25,3.6,3.25,3.6,31500,56.525436,1060500,60.75,61.0
2021-08-02 09:49:00,3.6,3.6,3.5,3.5,10500,55.776143,1060500,60.65,61.0
2021-08-02 09:50:00,4.0,4.0,3.9,3.9,31500,55.656075,4704000,60.5,60.0
2021-08-02 09:51:00,3.5,3.6,3.5,3.5,21000,54.056659,1060500,60.85,61.0
2021-08-02 09:52:00,3.5,3.7,3.5,3.7,210000,54.635351,1060500,61.15,61.0
2021-08-02 09:53:00,3.75,3.9,3.75,3.8,703500,56.241653,1417500,61.15,61.0
2021-08-02 09:54:00,3.85,3.85,3.8,3.85,325500,56.59984,1417500,61.2,61.0
2021-08-02 09:55:00,3.85,3.85,3.8,3.8,241500,55.798025,1417500,61.2,61.0
2021-08-02 09:56:00,3.85,3.85,3.8,3.8,52500,56.244346,1596000,61.15,61.0
2021-08-02 09:57:00,3.8,3.8,3.75,3.75,105000,56.32802,1596000,61.05,61.0
2021-08-02 09:58:00,3.75,3.85,3.75,3.8,199500,56.246142,1596000,61.15,61.0
2021-08-02 09:59:00,3.8,3.8,3.8,3.8,42000,56.69075,1564500,61.1,61.0
2021-08-02 10:00:00,3.8,3.8,3.65,3.7,63000,55.967901,1564500,61.0,61.0
2021-08-02 10:01:00,3.7,3.7,3.7,3.7,84000,54.197816,1564500,61.2,61.0
2021-08-02 10:02:00,3.7,3.7,3.7,3.7,0,54.197816,1564500,61.2,61.0
2021-08-02 10:03:00,3.7,3.7,3.55,3.55,63000,55.303492,1596000,60.8,61.0
2021-08-02 10:04:00,3.55,3.55,3.45,3.45,63000,54.12792,1596000,60.75,61.0
2021-08-02 10:05:00,3.45,3.45,3.45,3.45,10500,54.558079,1585500,60.7,61.0
2021-08-02 10:06:00,3.45,3.45,3.4,3.4,63000,54.1822,1585500,60.65,61.0
2021-08-02 10:07:00,3.95,3.95,3.85,3.85,63000,55.319049,4588500,60.45,60.0
2021-08-02 10:08:00,3.8,3.8,3.8,3.8,31500,54.038659,4588500,60.5,60.0
2021-08-02 10:09:00,3.75,3.75,3.7,3.7,52500,53.794681,4567500,60.35,60.0
2021-08-02 10:10:00,3.7,3.7,3.65,3.65,42000,53.894916,4567500,60.25,60.0
2021-08-02 10:11:00,3.65,3.65,3.6,3.6,10500,53.534431,4536000,60.2,60.0
2021-08-02 10:12:00,3.6,3.6,3.55,3.6,73500,52.623338,4536000,60.3,60.0
2021-08-02 10:13:00,3.6,3.65,3.6,3.65,21000,52.981651,4536000,60.35,60.0
2021-08-02 10:14:00,3.65,3.65,3.65,3.65,42000,53.441459,4525500,60.3,60.0
2021-08-02 10:15:00,3.65,3.65,3.65,3.65,10500,53.442319,4525500,60.3,60.0
2021-08-02 10:16:00,3.65,3.65,3.65,3.65,73500,53.900111,4525500,60.25,60.0
2021-08-02 10:17:00,3.65,3.65,3.65,3.65,10500,53.900977,4525500,60.25,60.0
2021-08-02 10:18:00,3.65,3.65,3.65,3.65,0,53.900977,4525500,60.25,60.0
2021-08-02 10:19:00,3.65,3.65,3.65,3.65,21000,52.986775,4473000,60.35,60.0
2021-08-02 10:20:00,3.65,3.65,3.65,3.65,0,52.986775,4473000,60.25,60.0
2021-08-02 10:21:00,3.65,3.65,3.6,3.6,73500,53.543035,4452000,60.2,60.0
2021-08-02 10:22:00,3.6,3.7,3.6,3.65,42000,54.360299,4452000,60.2,60.0
2021-08-02 10:23:00,3.65,3.65,3.6,3.6,21000,53.544756,4452000,60.2,60.0
2021-08-02 10:24:00,3.6,3.6,3.5,3.5,21000,52.816946,4452000,60.1,60.0
2021-08-02 10:25:00,3.55,3.55,3.55,3.55,52500,53.18312,4452000,60.15,60.0
2021-08-02 10:26:00,3.55,3.55,3.5,3.5,10500,52.367527,4452000,60.15,60.0
2021-08-02 10:27:00,3.5,3.5,3.45,3.45,73500,52.89937,4399500,60.0,60.0
2021-08-02 10:28:00,3.4,3.45,3.4,3.45,42000,53.345576,4399500,59.95,60.0
2021-08-02 10:29:00,3.45,3.45,3.4,3.4,21000,52.973064,4399500,59.9,60.0
2021-08-02 10:30:00,3.4,3.45,3.4,3.45,10500,52.90192,4399500,60.0,60.0
2021-08-02 10:31:00,3.5,3.5,3.4,3.4,63000,52.974764,4399500,59.9,60.0
2021-08-02 10:32:00,3.4,3.45,3.4,3.45,31500,53.348999,4399500,59.95,60.0
2021-08-02 10:33:00,3.45,3.45,3.45,3.45,52500,52.457219,4473000,60.05,60.0
2021-08-02 10:34:00,3.45,3.5,3.45,3.5,21000,52.374277,4473000,60.15,60.0
2021-08-02 10:35:00,3.5,3.55,3.5,3.55,10500,52.738527,4473000,60.2,60.0
2021-08-02 10:36:00,3.55,3.55,3.55,3.55,21000,52.739377,4515000,60.2,60.0
2021-08-02 10:37:00,3.55,3.55,3.55,3.55,0,52.739377,4515000,60.25,60.0
2021-08-02 10:38:00,3.55,3.55,3.55,3.55,0,52.739377,4515000,60.3,60.0
2021-08-02 10:39:00,3.65,3.65,3.6,3.6,42000,53.103404,4494000,60.25,60.0
2021-08-02 10:40:00,3.6,3.6,3.6,3.6,10500,53.104259,4494000,60.25,60.0
2021-08-02 10:41:00,3.6,3.6,3.6,3.6,10500,53.560254,4494000,60.2,60.0
2021-08-02 10:42:00,3.6,3.6,3.6,3.6,0,53.560254,4494000,60.2,60.0
2021-08-02 10:43:00,3.6,3.6,3.6,3.6,10500,53.106825,4504500,60.25,60.0
2021-08-02 10:44:00,3.6,3.6,3.6,3.6,21000,52.650502,4504500,60.3,60.0
2021-08-02 10:45:00,3.6,3.6,3.6,3.6,10500,52.651351,4515000,60.3,60.0
2021-08-02 10:46:00,3.6,3.6,3.6,3.6,10500,52.652201,4515000,60.3,60.0
2021-08-02 10:47:00,3.6,3.6,3.6,3.6,0,52.652201,4515000,60.3,60.0
2021-08-02 10:48:00,3.6,3.65,3.6,3.65,10500,53.011557,4515000,60.35,60.0
2021-08-02 10:49:00,3.65,3.65,3.65,3.65,0,53.011557,4515000,60.35,60.0
2021-08-02 10:50:00,3.65,3.65,3.65,3.65,0,53.011557,4515000,60.35,60.0
2021-08-02 10:51:00,3.65,3.65,3.6,3.65,52500,53.4733,4515000,60.3,60.0
2021-08-02 10:52:00,3.65,3.65,3.65,3.65,0,53.4733,4515000,60.3,60.0
2021-08-02 10:53:00,3.65,3.65,3.65,3.65,0,53.4733,4515000,60.3,60.0
2021-08-02 10:54:00,3.7,3.7,3.65,3.65,31500,53.933044,4504500,60.25,60.0
2021-08-02 10:55:00,3.65,3.65,3.6,3.6,10500,53.117092,4504500,60.25,60.0
2021-08-02 10:56:00,3.6,3.65,3.6,3.65,10500,53.477606,4504500,60.3,60.0
2021-08-02 10:57:00,3.65,3.65,3.65,3.65,0,53.477606,4504500,60.3,60.0
2021-08-02 10:58:00,3.65,3.65,3.65,3.65,0,53.477606,4504500,60.3,60.0
2021-08-02 10:59:00,3.65,3.65,3.65,3.65,10500,53.937381,4504500,60.25,60.0
2021-08-02 11:00:00,3.65,3.65,3.6,3.6,42000,54.029916,4504500,60.15,60.0
2021-08-02 11:01:00,3.6,3.6,3.6,3.6,0,54.029916,4504500,60.15,60.0
2021-08-02 11:02:00,3.6,3.6,3.6,3.6,0,54.029916,4504500,60.3,60.0
2021-08-02 11:03:00,3.6,3.6,3.6,3.6,0,54.029916,4504500,60.25,60.0
2021-08-02 11:04:00,3.6,3.6,3.6,3.6,0,54.029916,4504500,60.2,60.0
2021-08-02 11:05:00,3.6,3.6,3.5,3.5,21000,51.947113,4515000,60.2,60.0
2021-08-02 11:06:00,3.5,3.5,3.5,3.5,0,51.947113,4515000,60.2,60.0
2021-08-02 11:07:00,3.5,3.5,3.5,3.5,21000,52.853507,4515000,60.1,60.0
2021-08-02 11:08:00,3.5,3.5,3.5,3.5,0,52.853507,4515000,60.1,60.0
2021-08-02 11:09:00,3.5,3.5,3.5,3.5,21000,53.304649,4515000,60.05,60.0
2021-08-02 11:10:00,3.5,3.5,3.45,3.45,10500,52.935946,4515000,60.0,60.0
2021-08-02 11:11:00,3.45,3.45,3.45,3.45,0,52.935946,4515000,60.05,60.0
2021-08-02 11:12:00,3.45,3.45,3.4,3.4,10500,51.673135,4536000,60.05,60.0
2021-08-02 11:13:00,3.4,3.4,3.4,3.4,0,51.673135,4536000,60.05,60.0
2021-08-02 11:14:00,3.4,3.45,3.4,3.45,10500,52.939351,4536000,60.0,60.0
2021-08-02 11:15:00,3.45,3.45,3.45,3.45,0,52.939351,4536000,59.95,60.0
2021-08-02 11:16:00,3.45,3.45,3.45,3.45,10500,53.830519,4536000,59.9,60.0
2021-08-02 11:17:00,3.4,3.4,3.4,3.4,10500,53.013908,4536000,59.9,60.0
2021-08-02 11:18:00,3.4,3.4,3.4,3.4,0,53.013908,4536000,60.0,60.0
2021-08-02 11:19:00,3.4,3.5,3.4,3.5,10500,53.313221,4546500,60.05,60.0
2021-08-02 11:20:00,3.5,3.5,3.5,3.5,0,53.313221,4546500,60.1,60.0
2021-08-02 11:21:00,3.5,3.5,3.5,3.5,0,53.313221,4546500,60.05,60.0
2021-08-02 11:22:00,3.5,3.5,3.5,3.5,0,53.313221,4546500,60.05,60.0
2021-08-02 11:23:00,3.55,3.55,3.55,3.55,10500,54.581603,4536000,60.0,60.0
2021-08-02 11:24:00,3.55,3.55,3.55,3.55,0,54.581603,4536000,60.0,60.0
2021-08-02 11:25:00,3.5,3.5,3.5,3.5,10500,53.318366,4536000,60.05,60.0
2021-08-02 11:26:00,3.5,3.5,3.5,3.5,0,53.318366,4536000,60.1,60.0
2021-08-02 11:27:00,3.5,3.55,3.5,3.55,10500,53.687715,4536000,60.1,60.0
2021-08-02 11:28:00,3.55,3.55,3.55,3.55,0,53.687715,4536000,60.1,60.0
2021-08-02 11:29:00,3.55,3.55,3.55,3.55,0,53.687715,4536000,60.1,60.0
2021-08-02 11:30:00,3.55,3.55,3.5,3.5,21000,52.87309,4536000,60.1,60.0
2021-08-02 11:31:00,3.5,3.5,3.5,3.5,0,52.87309,4536000,60.05,60.0
2021-08-02 11:32:00,3.5,3.5,3.5,3.5,0,52.87309,4536000,60.1,60.0
2021-08-02 11:33:00,3.5,3.5,3.5,3.5,10500,52.875645,4536000,60.1,60.0
2021-08-02 11:34:00,3.5,3.5,3.5,3.5,0,52.875645,4536000,60.05,60.0
2021-08-02 11:35:00,3.5,3.5,3.5,3.5,0,52.875645,4536000,60.1,60.0
2021-08-02 11:36:00,3.5,3.5,3.5,3.5,0,52.875645,4536000,60.1,60.0
2021-08-02 11:37:00,3.5,3.5,3.5,3.5,10500,53.776386,4536000,60.0,60.0
2021-08-02 11:38:00,3.5,3.5,3.45,3.45,10500,52.512163,4536000,60.05,60.0
2021-08-02 11:39:00,3.45,3.45,3.45,3.45,0,52.512163,4536000,60.0,60.0
2021-08-02 11:40:00,3.45,3.45,3.45,3.45,0,52.512163,4536000,60.05,60.0
2021-08-02 11:41:00,3.45,3.45,3.45,3.45,0,52.512163,4536000,60.05,60.0
2021-08-02 11:42:00,3.45,3.45,3.45,3.45,0,52.512163,4536000,60.05,60.0
2021-08-02 11:43:00,3.45,3.45,3.45,3.45,0,52.512163,4536000,60.05,60.0
2021-08-02 11:44:00,3.45,3.45,3.45,3.45,10500,52.517242,4536000,60.05,60.0
2021-08-02 11:45:00,3.45,3.45,3.45,3.45,10500,53.411575,4525500,59.95,60.0
2021-08-02 11:46:00,3.45,3.45,3.4,3.4,31500,52.594788,4525500,59.95,60.0
2021-08-02 11:47:00,3.4,3.4,3.4,3.4,0,52.594788,4525500,59.95,60.0
2021-08-02 11:48:00,3.4,3.45,3.4,3.45,31500,52.071015,4546500,60.1,60.0
2021-08-02 11:49:00,3.45,3.45,3.45,3.45,0,52.071015,4546500,60.1,60.0
2021-08-02 11:50:00,3.45,3.45,3.45,3.45,0,52.071015,4546500,60.1,60.0
2021-08-02 11:51:00,3.45,3.45,3.45,3.45,0,52.071015,4546500,60.1,60.0
2021-08-02 11:52:00,3.45,3.45,3.45,3.45,0,52.071015,4546500,60.1,60.0
2021-08-02 11:53:00,3.45,3.45,3.45,3.45,0,52.071015,4546500,60.1,60.0
2021-08-02 11:54:00,3.45,3.5,3.45,3.5,10500,52.893543,4525500,60.1,60.0
2021-08-02 11:55:00,3.5,3.5,3.5,3.5,21000,52.894396,4525500,60.1,60.0
2021-08-02 11:56:00,3.5,3.5,3.5,3.5,10500,53.344968,4525500,60.05,60.0
2021-08-02 11:57:00,3.5,3.5,3.5,3.5,31500,53.345826,4525500,60.05,60.0
2021-08-02 11:58:00,3.5,3.5,3.5,3.5,0,53.345826,4525500,60.05,60.0
2021-08-02 11:59:00,3.5,3.5,3.5,3.5,10500,53.347544,4525500,60.05,60.0
2021-08-02 12:00:00,3.5,3.5,3.5,3.5,0,53.347544,4525500,60.05,60.0
2021-08-02 12:01:00,3.5,3.5,3.5,3.5,0,53.347544,4525500,60.05,60.0
2021-08-02 12:02:00,3.5,3.5,3.5,3.5,0,53.347544,4525500,60.15,60.0
2021-08-02 12:03:00,3.5,3.5,3.5,3.5,10500,52.449523,4546500,60.15,60.0
2021-08-02 12:04:00,3.5,3.5,3.5,3.5,21000,52.45037,4546500,60.15,60.0
2021-08-02 12:05:00,3.5,3.5,3.5,3.5,0,52.45037,4546500,60.15,60.0
2021-08-02 12:06:00,3.5,3.5,3.5,3.5,0,52.45037,4546500,60.15,60.0
2021-08-02 12:07:00,3.5,3.5,3.5,3.5,0,52.45037,4546500,60.1,60.0
2021-08-02 12:08:00,3.5,3.5,3.5,3.5,0,52.45037,4546500,60.15,60.0
2021-08-02 12:09:00,3.5,3.5,3.5,3.5,0,52.45037,4546500,60.15,60.0
2021-08-02 12:10:00,3.5,3.5,3.5,3.5,0,52.45037,4546500,60.15,60.0
2021-08-02 12:11:00,3.5,3.55,3.5,3.55,10500,52.364518,4578000,60.25,60.0
2021-08-02 12:12:00,3.55,3.55,3.55,3.55,10500,53.274824,4578000,60.15,60.0
2021-08-02 12:13:00,3.5,3.5,3.5,3.5,10500,51.548447,4578000,60.25,60.0
2021-08-02 12:14:00,3.5,3.5,3.5,3.5,0,51.548447,4578000,60.25,60.0
2021-08-02 12:15:00,3.5,3.5,3.5,3.5,0,51.548447,4578000,60.3,60.0
2021-08-02 12:16:00,3.5,3.5,3.5,3.5,0,51.548447,4578000,60.25,60.0
2021-08-02 12:17:00,3.5,3.55,3.5,3.55,10500,52.825363,4578000,60.2,60.0
2021-08-02 12:18:00,3.55,3.55,3.55,3.55,0,52.825363,4578000,60.2,60.0
2021-08-02 12:19:00,3.55,3.55,3.55,3.55,0,52.825363,4578000,60.2,60.0
2021-08-02 12:20:00,3.55,3.55,3.55,3.55,0,52.825363,4578000,60.3,60.0
2021-08-02 12:21:00,3.55,3.55,3.55,3.55,0,52.825363,4578000,60.2,60.0
2021-08-02 12:22:00,3.65,3.65,3.65,3.65,10500,53.551818,4578000,60.3,60.0
2021-08-02 12:23:00,3.65,3.65,3.65,3.65,0,53.551818,4578000,60.2,60.0
2021-08-02 12:24:00,3.6,3.6,3.6,3.6,10500,53.649158,4578000,60.2,60.0
2021-08-02 12:25:00,3.6,3.6,3.6,3.6,0,53.649158,4578000,60.2,60.0
2021-08-02 12:26:00,3.6,3.6,3.6,3.6,0,53.649158,4578000,60.2,60.0
2021-08-02 12:27:00,3.6,3.6,3.6,3.6,0,53.649158,4578000,60.2,60.0
2021-08-02 12:28:00,3.6,3.65,3.6,3.65,42000,54.470481,4578000,60.2,60.0
2021-08-02 12:29:00,3.65,3.65,3.65,3.65,0,54.470481,4578000,60.2,60.0
2021-08-02 12:30:00,3.65,3.65,3.65,3.65,0,54.470481,4578000,60.2,60.0
2021-08-02 12:31:00,3.65,3.65,3.65,3.65,0,54.470481,4578000,60.2,60.0
2021-08-02 12:32:00,3.65,3.65,3.55,3.55,10500,52.838164,4578000,60.2,60.0
2021-08-02 12:33:00,3.55,3.6,3.55,3.55,31500,53.292869,4578000,60.15,60.0
2021-08-02 12:34:00,3.55,3.55,3.55,3.55,0,53.292869,4578000,60.15,60.0
2021-08-02 12:35:00,3.55,3.55,3.55,3.55,0,53.292869,4578000,60.15,60.0
2021-08-02 12:36:00,3.5,3.5,3.5,3.5,31500,53.379343,4567500,60.05,60.0
2021-08-02 12:37:00,3.5,3.5,3.5,3.5,0,53.379343,4567500,60.05,60.0
2021-08-02 12:38:00,3.5,3.55,3.5,3.55,21000,53.7491,4567500,60.1,60.0
2021-08-02 12:39:00,3.55,3.55,3.55,3.55,10500,53.749966,4567500,60.1,60.0
2021-08-02 12:40:00,3.55,3.55,3.45,3.5,84000,53.382784,4567500,60.05,60.0
2021-08-02 12:41:00,3.5,3.5,3.45,3.45,73500,53.013565,4567500,60.0,60.0
2021-08-02 12:42:00,3.45,3.45,3.45,3.45,0,53.013565,4567500,60.0,60.0
2021-08-02 12:43:00,3.45,3.45,3.45,3.45,0,53.013565,4567500,59.95,60.0
2021-08-02 12:44:00,3.45,3.45,3.45,3.45,10500,53.462288,4546500,59.95,60.0
2021-08-02 12:45:00,3.45,3.45,3.45,3.45,42000,53.907499,4546500,59.9,60.0
2021-08-02 12:46:00,3.45,3.45,3.45,3.45,0,53.907499,4546500,59.95,60.0
2021-08-02 12:47:00,3.45,3.45,3.45,3.45,0,53.907499,4546500,59.95,60.0
2021-08-02 12:48:00,3.45,3.45,3.45,3.45,0,53.907499,4546500,60.0,60.0
2021-08-02 12:49:00,3.45,3.45,3.45,3.45,0,53.907499,4546500,59.9,60.0
2021-08-02 12:50:00,3.45,3.45,3.45,3.45,0,53.907499,4546500,59.9,60.0
2021-08-02 12:51:00,3.45,3.45,3.45,3.45,0,53.907499,4546500,59.9,60.0
2021-08-02 12:52:00,3.45,3.45,3.45,3.45,10500,52.574895,4536000,60.05,60.0
2021-08-02 12:53:00,3.45,3.45,3.45,3.45,0,52.574895,4536000,60.05,60.0
2021-08-02 12:54:00,3.45,3.45,3.45,3.45,0,52.574895,4536000,60.05,60.0
2021-08-02 12:55:00,3.45,3.45,3.45,3.45,0,52.574895,4536000,60.0,60.0
2021-08-02 12:56:00,3.45,3.45,3.45,3.45,21000,53.472618,4536000,59.95,60.0
2021-08-02 12:57:00,3.4,3.4,3.4,3.4,21000,52.655007,4536000,59.95,60.0
2021-08-02 12:58:00,3.4,3.4,3.4,3.4,0,52.655007,4536000,59.95,60.0
2021-08-02 12:59:00,3.4,3.4,3.4,3.4,21000,53.543434,4536000,59.85,60.0
2021-08-02 13:00:00,3.4,3.4,3.4,3.4,0,53.543434,4536000,59.85,60.0
2021-08-02 13:01:00,3.4,3.4,3.35,3.35,10500,53.166804,4546500,59.8,60.0
2021-08-02 13:02:00,3.35,3.35,3.35,3.35,42000,53.606418,4546500,59.75,60.0
2021-08-02 13:03:00,3.3,3.3,3.3,3.3,31500,52.349465,4536000,59.8,60.0
2021-08-02 13:04:00,3.3,3.3,3.3,3.3,0,52.349465,4536000,59.75,60.0
2021-08-02 13:05:00,3.35,3.35,3.3,3.3,42000,52.351152,4536000,59.8,60.0
2021-08-02 13:06:00,3.3,3.35,3.3,3.35,10500,53.171082,4536000,59.8,60.0
2021-08-02 13:07:00,3.35,3.35,3.35,3.35,10500,53.171937,4536000,59.8,60.0
2021-08-02 13:08:00,3.35,3.35,3.35,3.35,0,53.171937,4536000,59.8,60.0
2021-08-02 13:09:00,3.35,3.35,3.35,3.35,21000,53.173649,4536000,59.8,60.0
2021-08-02 13:10:00,3.35,3.35,3.35,3.35,0,53.173649,4536000,59.8,60.0
2021-08-02 13:11:00,3.35,3.35,3.3,3.3,52500,52.794762,4536000,59.75,60.0
2021-08-02 13:12:00,3.85,3.85,3.7,3.7,31500,53.509395,315000,59.5,59.0
2021-08-02 13:13:00,3.2,3.2,3.2,3.2,31500,52.461295,4557000,59.6,60.0
2021-08-02 13:14:00,3.2,3.2,3.2,3.2,0,52.461295,4557000,59.6,60.0
2021-08-02 13:15:00,3.25,3.35,3.25,3.35,168000,53.617618,4504500,59.75,60.0
2021-08-02 13:16:00,3.35,3.35,3.35,3.35,42000,54.05563,4504500,59.7,60.0
2021-08-02 13:17:00,3.35,3.35,3.25,3.25,42000,52.416996,4504500,59.7,60.0
2021-08-02 13:18:00,3.25,3.25,3.25,3.25,21000,52.852694,4504500,59.65,60.0
2021-08-02 13:19:00,3.25,3.25,3.25,3.25,0,52.852694,4504500,59.65,60.0
2021-08-02 13:20:00,3.25,3.25,3.25,3.25,10500,52.419529,4452000,59.7,60.0
2021-08-02 13:21:00,3.75,3.75,3.7,3.7,10500,53.517199,304500,59.5,59.0
2021-08-02 13:22:00,3.7,3.7,3.65,3.65,21000,52.684969,304500,59.5,59.0
2021-08-02 13:23:00,3.65,3.65,3.65,3.65,0,52.684969,304500,59.5,59.0
2021-08-02 13:24:00,3.15,3.15,3.15,3.15,21000,52.081017,4462500,59.55,60.0
2021-08-02 13:25:00,3.15,3.15,3.15,3.15,0,52.081017,4462500,59.55,60.0
2021-08-02 13:26:00,3.15,3.15,3.15,3.15,0,52.081017,4462500,59.55,60.0
2021-08-02 13:27:00,3.65,3.65,3.65,3.65,10500,53.636127,304500,59.4,59.0
2021-08-02 13:28:00,3.65,3.65,3.65,3.65,0,53.636127,304500,59.4,59.0
2021-08-02 13:29:00,3.65,3.65,3.65,3.65,0,53.636127,304500,59.5,59.0
2021-08-02 13:30:00,3.65,3.65,3.65,3.65,0,53.636127,304500,59.5,59.0
2021-08-02 13:31:00,3.65,3.65,3.65,3.65,0,53.636127,304500,59.5,59.0
2021-08-02 13:32:00,3.2,3.25,3.2,3.25,10500,53.29787,4483500,59.6,60.0
2021-08-02 13:33:00,3.2,3.25,3.2,3.25,31500,52.430508,4494000,59.7,60.0
2021-08-02 13:34:00,3.25,3.25,3.25,3.25,21000,52.8663,4494000,59.65,60.0
2021-08-02 13:35:00,3.25,3.25,3.25,3.25,0,52.8663,4494000,59.65,60.0
2021-08-02 13:36:00,3.25,3.25,3.25,3.25,31500,52.868002,4494000,59.65,60.0
2021-08-02 13:37:00,3.25,3.25,3.25,3.25,10500,52.868852,4494000,59.65,60.0
2021-08-02 13:38:00,3.25,3.25,3.25,3.25,31500,52.869703,4494000,59.65,60.0
2021-08-02 13:39:00,3.25,3.25,3.25,3.25,10500,53.303866,4462500,59.6,60.0
2021-08-02 13:40:00,3.25,3.25,3.2,3.2,42000,52.484094,4462500,59.6,60.0
2021-08-02 13:41:00,3.2,3.2,3.2,3.2,0,52.484094,4462500,59.55,60.0
2021-08-02 13:42:00,3.25,3.25,3.2,3.2,52500,52.9171,4494000,59.55,60.0
2021-08-02 13:43:00,3.7,3.7,3.7,3.7,10500,53.536288,304500,59.5,59.0
2021-08-02 13:44:00,3.7,3.7,3.7,3.7,31500,53.537157,304500,59.5,59.0
2021-08-02 13:45:00,3.2,3.25,3.2,3.25,10500,53.309006,4494000,59.6,60.0
2021-08-02 13:46:00,3.25,3.25,3.25,3.25,10500,52.876511,4714500,59.65,60.0
2021-08-02 13:47:00,3.25,3.25,3.25,3.25,21000,53.31072,4714500,59.6,60.0
2021-08-02 13:48:00,3.25,3.25,3.25,3.25,0,53.31072,4714500,59.6,60.0
2021-08-02 13:49:00,3.25,3.25,3.25,3.25,0,53.31072,4714500,59.6,60.0
2021-08-02 13:50:00,3.7,3.7,3.7,3.7,10500,53.542366,294000,59.5,59.0
2021-08-02 13:51:00,3.2,3.2,3.2,3.2,10500,52.924759,4693500,59.55,60.0
2021-08-02 13:52:00,3.2,3.2,3.2,3.2,0,52.924759,4693500,59.45,59.0
2021-08-02 13:53:00,3.2,3.2,3.2,3.2,0,52.924759,4693500,59.55,60.0
2021-08-02 13:54:00,3.2,3.2,3.2,3.2,0,52.924759,4693500,59.55,60.0
2021-08-02 13:55:00,3.2,3.2,3.2,3.2,0,52.924759,4693500,59.55,60.0
2021-08-02 13:56:00,3.2,3.2,3.2,3.2,0,52.924759,4693500,59.55,60.0
2021-08-02 13:57:00,3.2,3.2,3.2,3.2,0,52.924759,4693500,59.55,60.0
2021-08-02 13:58:00,3.2,3.2,3.2,3.2,0,52.924759,4693500,59.4,59.0
2021-08-02 13:59:00,3.2,3.2,3.2,3.2,0,52.924759,4693500,59.55,60.0
2021-08-02 14:00:00,3.7,3.7,3.55,3.55,10500,52.469068,294000,59.35,59.0
2021-08-02 14:01:00,3.55,3.55,3.55,3.55,0,52.469068,294000,59.35,59.0
2021-08-02 14:02:00,3.55,3.55,3.55,3.55,0,52.469068,294000,59.35,59.0
2021-08-02 14:03:00,3.55,3.55,3.55,3.55,0,52.469068,294000,59.4,59.0
2021-08-02 14:04:00,3.65,3.65,3.65,3.65,10500,52.720933,283500,59.5,59.0
2021-08-02 14:05:00,3.2,3.25,3.2,3.25,31500,53.326151,4746000,59.6,60.0
2021-08-02 14:06:00,3.25,3.25,3.25,3.25,0,53.326151,4746000,59.6,60.0
2021-08-02 14:07:00,3.25,3.25,3.25,3.25,10500,53.327866,4746000,59.6,60.0
2021-08-02 14:08:00,3.25,3.25,3.25,3.25,0,53.327866,4746000,59.6,60.0
2021-08-02 14:09:00,3.25,3.25,3.25,3.25,0,53.327866,4746000,59.6,60.0
2021-08-02 14:10:00,3.3,3.3,3.3,3.3,31500,53.717624,4735500,59.65,60.0
2021-08-02 14:11:00,3.25,3.25,3.25,3.25,31500,52.8978,4735500,59.65,60.0
2021-08-02 14:12:00,3.25,3.25,3.25,3.25,0,52.8978,4735500,59.6,60.0
2021-08-02 14:13:00,3.25,3.25,3.25,3.25,0,52.8978,4735500,59.6,60.0
2021-08-02 14:14:00,3.2,3.25,3.2,3.25,31500,53.765765,4725000,59.55,60.0
2021-08-02 14:15:00,3.25,3.25,3.25,3.25,42000,53.334728,4725000,59.6,60.0
2021-08-02 14:16:00,3.25,3.4,3.25,3.4,136500,54.928289,4714500,59.7,60.0
2021-08-02 14:17:00,3.4,3.4,3.2,3.2,10500,52.515381,4714500,59.6,60.0
2021-08-02 14:18:00,3.2,3.3,3.2,3.3,10500,53.724535,4756500,59.65,60.0
2021-08-02 14:19:00,3.3,3.3,3.3,3.3,0,53.724535,4756500,59.65,60.0
2021-08-02 14:20:00,3.3,3.3,3.25,3.25,21000,53.770948,4756500,59.55,60.0
2021-08-02 14:21:00,3.25,3.25,3.25,3.25,0,53.770948,4756500,59.55,60.0
2021-08-02 14:22:00,3.25,3.25,3.25,3.25,0,53.770948,4756500,59.6,60.0
2021-08-02 14:23:00,3.25,3.25,3.25,3.25,0,53.770948,4756500,59.55,60.0
2021-08-02 14:24:00,3.25,3.25,3.25,3.25,0,53.770948,4756500,59.5,59.0
2021-08-02 14:25:00,3.2,3.2,3.2,3.2,21000,52.953715,4767000,59.55,60.0
2021-08-02 14:26:00,3.2,3.2,3.2,3.2,10500,52.954568,4767000,59.55,60.0
2021-08-02 14:27:00,3.2,3.2,3.2,3.2,0,52.954568,4767000,59.5,59.0
2021-08-02 14:28:00,3.2,3.2,3.2,3.2,0,52.954568,4767000,59.55,60.0
2021-08-02 14:29:00,3.2,3.2,3.2,3.2,0,52.954568,4767000,59.55,60.0
2021-08-02 14:30:00,3.2,3.2,3.2,3.2,10500,52.526384,4777500,59.6,60.0
2021-08-02 14:31:00,3.2,3.25,3.2,3.25,31500,53.780453,4788000,59.55,60.0
2021-08-02 14:32:00,3.7,3.7,3.65,3.65,10500,53.219915,294000,59.45,59.0
2021-08-02 14:33:00,3.65,3.65,3.65,3.65,0,53.219915,294000,59.45,59.0
2021-08-02 14:34:00,3.65,3.65,3.65,3.65,0,53.219915,294000,59.45,59.0
2021-08-02 14:35:00,3.65,3.65,3.65,3.65,0,53.219915,294000,59.45,59.0
2021-08-02 14:36:00,3.65,3.65,3.65,3.65,0,53.219915,294000,59.45,59.0
2021-08-02 14:37:00,3.6,3.6,3.6,3.6,10500,52.863381,294000,59.4,59.0
2021-08-02 14:38:00,3.6,3.6,3.6,3.6,0,52.863381,294000,59.3,59.0
2021-08-02 14:39:00,3.6,3.6,3.6,3.6,0,52.863381,294000,59.2,59.0
2021-08-02 14:40:00,3.6,3.6,3.6,3.6,0,52.863381,294000,59.4,59.0
2021-08-02 14:41:00,3.55,3.55,3.55,3.55,10500,52.504027,294000,59.35,59.0
2021-08-02 14:42:00,3.55,3.55,3.55,3.55,0,52.504027,294000,59.35,59.0
2021-08-02 14:43:00,3.55,3.55,3.55,3.55,0,52.504027,294000,59.35,59.0
2021-08-02 14:44:00,3.55,3.55,3.55,3.55,0,52.504027,294000,59.35,59.0
2021-08-02 14:45:00,3.55,3.55,3.55,3.55,0,52.504027,294000,59.3,59.0
2021-08-02 14:46:00,3.5,3.5,3.5,3.5,10500,52.610214,304500,59.25,59.0
2021-08-02 14:47:00,3.5,3.5,3.5,3.5,0,52.610214,304500,59.25,59.0
2021-08-02 14:48:00,3.5,3.5,3.5,3.5,0,52.610214,304500,59.25,59.0
2021-08-02 14:49:00,3.5,3.5,3.5,3.5,0,52.610214,304500,59.3,59.0
2021-08-02 14:50:00,3.5,3.5,3.5,3.5,0,52.610214,304500,59.25,59.0
2021-08-02 14:51:00,3.5,3.5,3.5,3.5,0,52.610214,304500,59.25,59.0
2021-08-02 14:52:00,3.5,3.5,3.5,3.5,0,52.610214,304500,59.25,59.0
2021-08-02 14:53:00,3.5,3.5,3.5,3.5,0,52.610214,304500,59.45,59.0
2021-08-02 14:54:00,3.5,3.5,3.5,3.5,0,52.610214,304500,59.45,59.0
2021-08-02 14:55:00,3.5,3.5,3.5,3.5,0,52.610214,304500,59.25,59.0
2021-08-02 14:56:00,3.5,3.5,3.5,3.5,0,52.610214,304500,59.25,59.0
2021-08-02 14:57:00,3.5,3.5,3.5,3.5,0,52.610214,304500,59.25,59.0
2021-08-02 14:58:00,3.5,3.5,3.5,3.5,0,52.610214,304500,59.25,59.0
2021-08-02 14:59:00,3.5,3.5,3.5,3.5,0,52.610214,304500,59.25,59.0
2021-08-02 15:00:00,3.2,3.25,3.2,3.25,10500,52.93959,4872000,59.65,60.0
2021-08-02 15:01:00,3.2,3.25,3.2,3.25,21000,52.504991,4872000,59.7,60.0
2021-08-02 15:02:00,3.25,3.3,3.25,3.3,42000,53.326796,4872000,59.7,60.0
2021-08-02 15:03:00,3.2,3.25,3.2,3.25,73500,52.942151,4872000,59.65,60.0
2021-08-02 15:04:00,3.25,3.3,3.25,3.3,21000,53.328516,4893000,59.7,60.0
2021-08-02 15:05:00,3.3,3.3,3.3,3.3,42000,52.452677,4893000,59.8,60.0
2021-08-02 15:06:00,3.3,3.3,3.3,3.3,31500,51.569713,4893000,59.9,60.0
2021-08-02 15:07:00,3.3,3.4,3.3,3.4,126000,53.210749,4893000,59.9,60.0
2021-08-02 15:08:00,3.4,3.45,3.4,3.45,126000,53.139573,4893000,60.0,60.0
2021-08-02 15:09:00,3.45,3.45,3.4,3.4,31500,52.767435,4861500,59.95,60.0
2021-08-02 15:10:00,3.4,3.4,3.35,3.35,31500,52.83621,4861500,59.85,60.0
2021-08-02 15:11:00,3.35,3.35,3.35,3.35,21000,52.837065,4861500,59.85,60.0
2021-08-02 15:12:00,3.35,3.35,3.35,3.35,10500,52.39487,4861500,59.9,60.0
2021-08-02 15:13:00,3.35,3.4,3.35,3.4,10500,52.32394,4861500,60.0,60.0
2021-08-02 15:14:00,3.4,3.4,3.4,3.4,10500,52.771706,4861500,59.95,60.0
2021-08-02 15:15:00,3.4,3.4,3.3,3.35,63000,53.281759,4872000,59.8,60.0
2021-08-02 15:16:00,3.35,3.35,3.35,3.35,0,53.281759,4872000,59.8,60.0
2021-08-02 15:17:00,3.3,3.4,3.3,3.4,21000,53.662629,4872000,59.85,60.0
2021-08-02 15:18:00,3.4,3.4,3.4,3.4,0,53.662629,4872000,59.8,60.0
2021-08-02 15:19:00,3.35,3.35,3.3,3.3,31500,52.464555,4893000,59.8,60.0
2021-08-02 15:20:00,3.35,3.35,3.35,3.35,21000,52.401658,4893000,59.9,60.0
2021-08-02 15:21:00,3.35,3.35,3.35,3.35,73500,52.845609,4893000,59.85,60.0
2021-08-02 15:22:00,3.3,3.35,3.3,3.35,52500,52.846463,4903500,59.85,60.0
2021-08-02 15:23:00,3.35,3.35,3.3,3.3,52500,52.026857,4903500,59.85,60.0
2021-08-02 15:24:00,3.3,3.4,3.3,3.35,31500,52.405053,4903500,59.9,60.0
2021-08-02 15:25:00,3.4,3.4,3.4,3.4,105000,53.226234,4956000,59.9,60.0
2021-08-02 15:26:00,3.35,3.4,3.35,3.35,31500,52.849882,4956000,59.85,60.0
2021-08-02 15:27:00,3.35,3.35,3.35,3.35,73500,52.850737,4956000,59.85,60.0
2021-08-02 15:28:00,3.35,3.35,3.35,3.35,31500,52.851592,4977000,59.85,60.0
2021-08-02 15:29:00,3.35,3.35,3.35,3.35,31500,51.964308,4977000,59.95,60.0
2021-08-03 09:15:00,3.4,3.45,3.4,3.45,52500,52.261931,4977000,60.2,60.0
2021-08-03 09:16:00,3.4,3.45,3.4,3.45,31500,54.096846,4977000,60.0,60.0
2021-08-03 09:17:00,3.35,3.4,3.35,3.4,63000,51.892451,5029500,60.15,60.0
2021-08-03 09:18:00,3.4,3.4,3.4,3.4,21000,52.352796,5029500,60.1,60.0
2021-08-03 09:19:00,3.4,3.55,3.4,3.55,52500,52.534038,5029500,60.35,60.0
2021-08-03 09:20:00,3.55,3.55,3.5,3.5,42000,53.56068,4998000,60.15,60.0
2021-08-03 09:21:00,3.5,3.5,3.3,3.3,52500,52.507047,4998000,59.9,60.0
2021-08-03 09:22:00,3.3,3.4,3.3,3.4,21000,51.896797,4998000,60.15,60.0
2021-08-03 09:23:00,3.4,3.4,3.3,3.3,42000,52.057455,5061000,59.95,60.0
2021-08-03 09:24:00,3.3,3.3,3.3,3.3,10500,52.95913,5061000,59.85,60.0
2021-08-03 09:25:00,3.3,3.3,3.15,3.15,42000,51.351736,5061000,59.75,60.0
2021-08-03 09:26:00,3.2,3.2,3.15,3.15,73500,50.907577,5124000,59.8,60.0
2021-08-03 09:27:00,3.15,3.15,3.15,3.15,0,50.907577,5124000,59.75,60.0
2021-08-03 09:28:00,3.15,3.2,3.15,3.2,10500,52.631683,5124000,59.7,60.0
2021-08-03 09:29:00,3.2,3.2,3.15,3.2,52500,52.632559,5134500,59.7,60.0
2021-08-03 09:30:00,3.15,3.15,3.15,3.15,94500,52.240605,5134500,59.65,60.0
2021-08-03 09:31:00,3.15,3.15,3.15,3.15,0,52.240605,5134500,59.45,59.0
2021-08-03 09:32:00,3.15,3.15,3.15,3.15,0,52.240605,5134500,59.6,60.0
2021-08-03 09:33:00,3.05,3.05,3.05,3.05,10500,51.450235,5292000,59.55,60.0
2021-08-03 09:34:00,3.05,3.05,3.05,3.05,0,51.450235,5292000,59.55,60.0
2021-08-03 09:35:00,3.05,3.1,3.05,3.1,10500,51.410388,5281500,59.65,60.0
2021-08-03 09:36:00,3.1,3.1,3.1,3.1,0,51.410388,5281500,59.65,60.0
2021-08-03 09:37:00,3.1,3.1,3.1,3.1,21000,51.412104,5281500,59.65,60.0
2021-08-03 09:38:00,3.1,3.1,3.1,3.1,0,51.412104,5281500,59.65,60.0
2021-08-03 09:39:00,3.1,3.1,3.1,3.1,0,51.412104,5281500,59.65,60.0
2021-08-03 09:40:00,3.1,3.1,3.1,3.1,10500,51.414679,5271000,59.65,60.0
2021-08-03 09:41:00,3.1,3.1,3.1,3.1,0,51.414679,5271000,59.65,60.0
2021-08-03 09:42:00,3.15,3.15,3.15,3.15,10500,52.25105,5260500,59.65,60.0
2021-08-03 09:43:00,3.15,3.15,3.15,3.15,0,52.25105,5260500,59.6,60.0
2021-08-03 09:44:00,3.1,3.1,3.1,3.1,126000,51.857463,5260500,59.6,60.0
2021-08-03 09:45:00,3.1,3.1,3.05,3.05,21000,51.460528,5376000,59.55,60.0
2021-08-03 09:46:00,3.65,3.65,3.5,3.5,10500,51.698346,315000,59.45,59.0
2021-08-03 09:47:00,3.5,3.5,3.5,3.5,0,51.698346,315000,59.4,59.0
2021-08-03 09:48:00,3.5,3.5,3.5,3.5,0,51.698346,315000,59.5,60.0
2021-08-03 09:49:00,3.5,3.5,3.45,3.45,21000,51.812592,315000,59.35,59.0
2021-08-03 09:50:00,3.45,3.45,3.45,3.45,0,51.812592,315000,59.35,59.0
2021-08-03 09:51:00,3.45,3.45,3.45,3.45,0,51.812592,315000,59.35,59.0
2021-08-03 09:52:00,3.45,3.45,3.45,3.45,0,51.812592,315000,59.45,59.0
2021-08-03 09:53:00,3.45,3.45,3.45,3.45,0,51.812592,315000,59.5,59.0
2021-08-03 09:54:00,3.05,3.1,3.05,3.1,10500,52.303786,5470500,59.55,60.0
2021-08-03 09:55:00,3.1,3.1,3.1,3.1,21000,51.866973,5470500,59.6,60.0
2021-08-03 09:56:00,3.1,3.1,3.1,3.1,0,51.866973,5470500,59.6,60.0
2021-08-03 09:57:00,3.1,3.1,3.1,3.1,21000,52.306398,5470500,59.55,60.0
2021-08-03 09:58:00,3.1,3.1,3.1,3.1,0,52.306398,5470500,59.55,60.0
2021-08-03 09:59:00,3.1,3.1,3.1,3.1,42000,52.30814,5491500,59.55,60.0
2021-08-03 10:00:00,3.65,3.65,3.55,3.55,21000,52.075637,325500,59.5,59.0
2021-08-03 10:01:00,3.55,3.55,3.55,3.55,10500,52.076513,325500,59.5,59.0
2021-08-03 10:02:00,3.55,3.55,3.55,3.55,10500,52.07739,325500,59.5,59.0
2021-08-03 10:03:00,3.55,3.55,3.55,3.55,0,52.07739,325500,59.45,59.0
2021-08-03 10:04:00,3.55,3.55,3.55,3.55,10500,53.521185,315000,59.35,59.0
2021-08-03 10:05:00,3.55,3.55,3.55,3.55,0,53.521185,315000,59.4,59.0
2021-08-03 10:06:00,3.55,3.55,3.55,3.55,0,53.521185,315000,59.4,59.0
2021-08-03 10:07:00,3.55,3.55,3.55,3.55,0,53.521185,315000,59.45,59.0
2021-08-03 10:08:00,3.55,3.55,3.55,3.55,0,53.521185,315000,59.35,59.0
2021-08-03 10:09:00,3.55,3.55,3.55,3.55,0,53.521185,315000,59.4,59.0
2021-08-03 10:10:00,3.55,3.55,3.55,3.55,0,53.521185,315000,59.4,59.0
2021-08-03 10:11:00,3.55,3.55,3.55,3.55,0,53.521185,315000,59.4,59.0
2021-08-03 10:12:00,3.5,3.5,3.5,3.5,10500,53.156818,325500,59.3,59.0
2021-08-03 10:13:00,3.5,3.5,3.45,3.45,10500,51.354702,325500,59.4,59.0
2021-08-03 10:14:00,3.45,3.45,3.45,3.45,0,51.354702,325500,59.4,59.0
2021-08-03 10:15:00,3.45,3.45,3.45,3.45,0,51.354702,325500,59.3,59.0
2021-08-03 10:16:00,3.45,3.45,3.45,3.45,0,51.354702,325500,59.35,59.0
2021-08-03 10:17:00,3.45,3.45,3.45,3.45,0,51.354702,325500,59.3,59.0
2021-08-03 10:18:00,3.45,3.45,3.45,3.45,0,51.354702,325500,59.35,59.0
2021-08-03 10:19:00,3.45,3.45,3.45,3.45,0,51.354702,325500,59.35,59.0
2021-08-03 10:20:00,3.45,3.45,3.45,3.45,0,51.354702,325500,59.3,59.0
2021-08-03 10:21:00,3.45,3.45,3.45,3.45,0,51.354702,325500,59.3,59.0
2021-08-03 10:22:00,3.45,3.45,3.45,3.45,10500,51.841353,325500,59.35,59.0
2021-08-03 10:23:00,3.45,3.45,3.45,3.45,0,51.841353,325500,59.35,59.0
2021-08-03 10:24:00,3.45,3.45,3.45,3.45,0,51.841353,325500,59.25,59.0
2021-08-03 10:25:00,3.45,3.45,3.45,3.45,0,51.841353,325500,59.25,59.0
2021-08-03 10:26:00,3.45,3.45,3.45,3.45,0,51.841353,325500,59.25,59.0
2021-08-03 10:27:00,3.45,3.45,3.45,3.45,0,51.841353,325500,59.25,59.0
2021-08-03 10:28:00,3.45,3.45,3.45,3.45,0,51.841353,325500,59.25,59.0
2021-08-03 10:29:00,3.45,3.45,3.3,3.3,63000,50.72691,357000,59.2,59.0
2021-08-03 10:30:00,3.3,3.35,3.3,3.35,21000,51.575617,357000,59.2,59.0
2021-08-03 10:31:00,3.35,3.35,3.35,3.35,0,51.575617,357000,59.25,59.0
2021-08-03 10:32:00,3.35,3.35,3.35,3.35,0,51.575617,357000,59.2,59.0
2021-08-03 10:33:00,3.35,3.35,3.3,3.3,10500,51.200385,346500,59.15,59.0
2021-08-03 10:34:00,3.3,3.3,3.3,3.3,10500,51.669085,346500,59.1,59.0
2021-08-03 10:35:00,3.3,3.3,3.3,3.3,0,51.669085,346500,59.1,59.0
2021-08-03 10:36:00,3.3,3.3,3.2,3.2,10500,50.440694,346500,59.05,59.0
2021-08-03 10:37:00,3.2,3.2,3.2,3.2,0,50.440694,346500,59.05,59.0
2021-08-03 10:38:00,3.2,3.2,3.2,3.2,0,50.440694,346500,59.1,59.0
2021-08-03 10:39:00,3.2,3.2,3.2,3.2,21000,50.44324,346500,59.05,59.0
2021-08-03 10:40:00,3.2,3.2,3.2,3.2,0,50.44324,346500,59.1,59.0
2021-08-03 10:41:00,3.2,3.2,3.2,3.2,0,50.44324,346500,59.1,59.0
2021-08-03 10:42:00,3.2,3.2,3.2,3.2,0,50.44324,346500,59.1,59.0
2021-08-03 10:43:00,3.2,3.2,3.2,3.2,0,50.44324,346500,59.0,59.0
2021-08-03 10:44:00,3.2,3.2,3.2,3.2,0,50.44324,346500,59.1,59.0
2021-08-03 10:45:00,3.2,3.2,3.2,3.2,0,50.44324,346500,59.05,59.0
2021-08-03 10:46:00,3.2,3.2,3.2,3.2,0,50.44324,346500,59.05,59.0
2021-08-03 10:47:00,3.2,3.2,3.15,3.15,21000,49.602004,346500,59.05,59.0
2021-08-03 10:48:00,3.15,3.15,3.15,3.15,0,49.602004,346500,59.05,59.0
2021-08-03 10:49:00,3.15,3.15,3.15,3.15,0,49.602004,346500,59.1,59.0
2021-08-03 10:50:00,3.15,3.15,3.15,3.15,0,49.602004,346500,59.15,59.0
2021-08-03 10:51:00,3.25,3.25,3.25,3.25,10500,50.835771,357000,59.1,59.0
2021-08-03 10:52:00,3.25,3.25,3.25,3.25,0,50.835771,357000,59.15,59.0
2021-08-03 10:53:00,3.25,3.25,3.25,3.25,0,50.835771,357000,59.2,59.0
2021-08-03 10:54:00,3.25,3.25,3.25,3.25,0,50.835771,357000,59.2,59.0
2021-08-03 10:55:00,3.25,3.25,3.25,3.25,0,50.835771,357000,59.25,59.0
2021-08-03 10:56:00,3.25,3.25,3.25,3.25,0,50.835771,357000,59.2,59.0
2021-08-03 10:57:00,3.25,3.25,3.25,3.25,0,50.835771,357000,59.3,59.0
2021-08-03 10:58:00,3.3,3.3,3.3,3.3,10500,49.804306,357000,59.3,59.0
2021-08-03 10:59:00,3.3,3.3,3.3,3.3,0,49.804306,357000,59.25,59.0
2021-08-03 11:00:00,3.3,3.3,3.3,3.3,0,49.804306,357000,59.25,59.0
2021-08-03 11:01:00,3.3,3.3,3.3,3.3,0,49.804306,357000,59.25,59.0
2021-08-03 11:02:00,3.3,3.3,3.3,3.3,0,49.804306,357000,59.3,59.0
2021-08-03 11:03:00,3.3,3.3,3.3,3.3,0,49.804306,357000,59.3,59.0
2021-08-03 11:04:00,3.3,3.3,3.3,3.3,10500,49.809362,346500,59.3,59.0
2021-08-03 11:05:00,3.3,3.3,3.3,3.3,0,49.809362,346500,59.35,59.0
2021-08-03 11:06:00,3.3,3.3,3.3,3.3,0,49.809362,346500,59.35,59.0
2021-08-03 11:07:00,3.3,3.3,3.3,3.3,0,49.809362,346500,59.35,59.0
2021-08-03 11:08:00,3.3,3.35,3.3,3.35,10500,50.661318,346500,59.3,59.0
2021-08-03 11:09:00,3.35,3.35,3.35,3.35,0,50.661318,346500,59.35,59.0
2021-08-03 11:10:00,3.35,3.35,3.35,3.35,0,50.661318,346500,59.45,59.0
2021-08-03 11:11:00,3.35,3.35,3.35,3.35,0,50.661318,346500,59.45,59.0
2021-08-03 11:12:00,3.35,3.35,3.35,3.35,0,50.661318,346500,59.4,59.0
2021-08-03 11:13:00,3.35,3.35,3.35,3.35,0,50.661318,346500,59.45,59.0
2021-08-03 11:14:00,3.35,3.35,3.35,3.35,0,50.661318,346500,59.45,59.0
2021-08-03 11:15:00,3.35,3.35,3.35,3.35,0,50.661318,346500,59.45,59.0
2021-08-03 11:16:00,3.35,3.35,3.35,3.35,0,50.661318,346500,59.5,60.0
2021-08-03 11:17:00,3.35,3.35,3.35,3.35,0,50.661318,346500,59.5,60.0
2021-08-03 11:18:00,3.35,3.35,3.35,3.35,0,50.661318,346500,59.5,59.0
2021-08-03 11:19:00,3.35,3.35,3.35,3.35,0,50.661318,346500,59.45,59.0
2021-08-03 11:20:00,3.35,3.35,3.35,3.35,0,50.661318,346500,59.4,59.0
2021-08-03 11:21:00,3.35,3.35,3.35,3.35,0,50.661318,346500,59.35,59.0
2021-08-03 11:22:00,3.35,3.35,3.35,3.35,0,50.661318,346500,59.4,59.0
2021-08-03 11:23:00,3.35,3.35,3.35,3.35,0,50.661318,346500,59.45,59.0
2021-08-03 11:24:00,3.35,3.35,3.35,3.35,0,50.661318,346500,59.45,59.0
2021-08-03 11:25:00,3.35,3.35,3.35,3.35,0,50.661318,346500,59.45,59.0
2021-08-03 11:26:00,3.35,3.35,3.35,3.35,0,50.661318,346500,59.45,59.0
2021-08-03 11:27:00,2.95,2.95,2.95,2.95,10500,49.875028,5764500,59.55,60.0
2021-08-03 11:28:00,2.95,2.95,2.95,2.95,0,49.875028,5764500,59.55,60.0
2021-08-03 11:29:00,2.95,2.95,2.95,2.95,0,49.875028,5764500,59.5,60.0
2021-08-03 11:30:00,2.95,2.95,2.95,2.95,0,49.875028,5764500,59.5,60.0
2021-08-03 11:31:00,2.95,3.0,2.95,3.0,31500,50.715005,5754000,59.55,60.0
2021-08-03 11:32:00,3.0,3.0,3.0,3.0,10500,50.715855,5754000,59.55,60.0
2021-08-03 11:33:00,3.0,3.0,3.0,3.0,0,50.715855,5754000,59.5,60.0
2021-08-03 11:34:00,3.35,3.45,3.35,3.45,10500,50.45889,346500,59.5,59.0
2021-08-03 11:35:00,3.45,3.45,3.45,3.45,0,50.45889,346500,59.5,60.0
2021-08-03 11:36:00,3.45,3.45,3.45,3.45,0,50.45889,346500,59.55,60.0
2021-08-03 11:37:00,3.45,3.45,3.45,3.45,0,50.45889,346500,59.45,59.0
2021-08-03 11:38:00,3.45,3.45,3.45,3.45,0,50.45889,346500,59.45,59.0
2021-08-03 11:39:00,3.45,3.45,3.45,3.45,0,50.45889,346500,59.45,59.0
2021-08-03 11:40:00,3.45,3.45,3.45,3.45,0,50.45889,346500,59.45,59.0
2021-08-03 11:41:00,3.45,3.45,3.45,3.45,0,50.45889,346500,59.45,59.0
2021-08-03 11:42:00,3.45,3.45,3.45,3.45,0,50.45889,346500,59.45,59.0
2021-08-03 11:43:00,3.45,3.45,3.45,3.45,0,50.45889,346500,59.45,59.0
2021-08-03 11:44:00,3.45,3.45,3.45,3.45,0,50.45889,346500,59.4,59.0
2021-08-03 11:45:00,3.45,3.45,3.45,3.45,0,50.45889,346500,59.35,59.0
2021-08-03 11:46:00,3.45,3.45,3.45,3.45,0,50.45889,346500,59.35,59.0
2021-08-03 11:47:00,3.45,3.45,3.45,3.45,0,50.45889,346500,59.3,59.0
2021-08-03 11:48:00,3.45,3.45,3.45,3.45,0,50.45889,346500,59.3,59.0
2021-08-03 11:49:00,3.45,3.45,3.45,3.45,0,50.45889,346500,59.3,59.0
2021-08-03 11:50:00,3.45,3.45,3.45,3.45,0,50.45889,346500,59.25,59.0
2021-08-03 11:51:00,3.35,3.35,3.35,3.35,10500,51.173206,357000,59.25,59.0
2021-08-03 11:52:00,3.35,3.35,3.35,3.35,0,51.173206,357000,59.25,59.0
2021-08-03 11:53:00,3.35,3.35,3.35,3.35,0,51.173206,357000,59.25,59.0
2021-08-03 11:54:00,3.35,3.35,3.3,3.3,21000,49.851544,367500,59.3,59.0
2021-08-03 11:55:00,3.3,3.3,3.3,3.3,0,49.851544,367500,59.3,59.0
2021-08-03 11:56:00,3.3,3.3,3.3,3.3,0,49.851544,367500,59.35,59.0
2021-08-03 11:57:00,3.3,3.3,3.3,3.3,0,49.851544,367500,59.35,59.0
2021-08-03 11:58:00,3.3,3.3,3.3,3.3,0,49.851544,367500,59.35,59.0
2021-08-03 11:59:00,3.3,3.3,3.3,3.3,0,49.851544,367500,59.3,59.0
2021-08-03 12:00:00,3.3,3.3,3.3,3.3,0,49.851544,367500,59.3,59.0
2021-08-03 12:01:00,3.3,3.3,3.3,3.3,0,49.851544,367500,59.35,59.0
2021-08-03 12:02:00,3.3,3.3,3.3,3.3,0,49.851544,367500,59.35,59.0
2021-08-03 12:03:00,3.3,3.3,3.3,3.3,10500,50.807387,367500,59.2,59.0
2021-08-03 12:04:00,3.3,3.3,3.3,3.3,0,50.807387,367500,59.25,59.0
2021-08-03 12:05:00,3.3,3.3,3.3,3.3,0,50.807387,367500,59.2,59.0
2021-08-03 12:06:00,3.3,3.3,3.3,3.3,0,50.807387,367500,59.2,59.0
2021-08-03 12:07:00,3.3,3.3,3.3,3.3,0,50.807387,367500,59.25,59.0
2021-08-03 12:08:00,3.3,3.3,3.3,3.3,0,50.807387,367500,59.2,59.0
2021-08-03 12:09:00,3.3,3.3,3.3,3.3,0,50.807387,367500,59.2,59.0
2021-08-03 12:10:00,3.3,3.3,3.3,3.3,0,50.807387,367500,59.3,59.0
2021-08-03 12:11:00,3.3,3.3,3.3,3.3,0,50.807387,367500,59.25,59.0
2021-08-03 12:12:00,3.3,3.3,3.3,3.3,0,50.807387,367500,59.25,59.0
2021-08-03 12:13:00,3.3,3.3,3.3,3.3,0,50.807387,367500,59.25,59.0
2021-08-03 12:14:00,3.3,3.3,3.3,3.3,0,50.807387,367500,59.2,59.0
2021-08-03 12:15:00,3.3,3.3,3.3,3.3,0,50.807387,367500,59.2,59.0
2021-08-03 12:16:00,3.3,3.3,3.3,3.3,0,50.807387,367500,59.25,59.0
2021-08-03 12:17:00,3.3,3.3,3.3,3.3,21000,49.870979,357000,59.3,59.0
2021-08-03 12:18:00,3.3,3.3,3.3,3.3,0,49.870979,357000,59.25,59.0
2021-08-03 12:19:00,3.3,3.3,3.3,3.3,0,49.870979,357000,59.25,59.0
2021-08-03 12:20:00,3.3,3.3,3.3,3.3,0,49.870979,357000,59.35,59.0
2021-08-03 12:21:00,3.3,3.3,3.3,3.3,0,49.870979,357000,59.3,59.0
2021-08-03 12:22:00,3.3,3.3,3.3,3.3,0,49.870979,357000,59.3,59.0
2021-08-03 12:23:00,3.3,3.3,3.3,3.3,0,49.870979,357000,59.3,59.0
2021-08-03 12:24:00,3.3,3.3,3.3,3.3,0,49.870979,357000,59.3,59.0
2021-08-03 12:25:00,3.3,3.3,3.3,3.3,0,49.870979,357000,59.25,59.0
2021-08-03 12:26:00,3.3,3.3,3.3,3.3,0,49.870979,357000,59.3,59.0
2021-08-03 12:27:00,3.3,3.3,3.3,3.3,0,49.870979,357000,59.25,59.0
2021-08-03 12:28:00,3.3,3.3,3.3,3.3,0,49.870979,357000,59.25,59.0
2021-08-03 12:29:00,3.3,3.3,3.3,3.3,0,49.870979,357000,59.25,59.0
2021-08-03 12:30:00,3.3,3.3,3.3,3.3,0,49.870979,357000,59.25,59.0
2021-08-03 12:31:00,3.3,3.3,3.3,3.3,0,49.870979,357000,59.3,59.0
2021-08-03 12:32:00,3.3,3.3,3.3,3.3,0,49.870979,357000,59.3,59.0
2021-08-03 12:33:00,3.3,3.3,3.3,3.3,0,49.870979,357000,59.25,59.0
2021-08-03 12:34:00,3.3,3.3,3.3,3.3,0,49.870979,357000,59.25,59.0
2021-08-03 12:35:00,3.3,3.3,3.3,3.3,0,49.870979,357000,59.25,59.0
2021-08-03 12:36:00,3.3,3.3,3.3,3.3,0,49.870979,357000,59.3,59.0
2021-08-03 12:37:00,3.3,3.3,3.3,3.3,0,49.870979,357000,59.3,59.0
2021-08-03 12:38:00,3.3,3.3,3.3,3.3,0,49.870979,357000,59.25,59.0
2021-08-03 12:39:00,3.3,3.3,3.3,3.3,0,49.870979,357000,59.25,59.0
2021-08-03 12:40:00,3.3,3.3,3.3,3.3,0,49.870979,357000,59.25,59.0
2021-08-03 12:41:00,3.3,3.3,3.3,3.3,10500,50.840012,336000,59.2,59.0
2021-08-03 12:42:00,3.3,3.3,3.3,3.3,0,50.840012,336000,59.2,59.0
2021-08-03 12:43:00,3.3,3.3,3.3,3.3,0,50.840012,336000,59.25,59.0
2021-08-03 12:44:00,3.25,3.25,3.25,3.25,31500,49.993033,336000,59.2,59.0
2021-08-03 12:45:00,3.3,3.3,3.3,3.3,10500,51.314359,367500,59.15,59.0
2021-08-03 12:46:00,3.3,3.3,3.3,3.3,0,51.314359,367500,59.2,59.0
2021-08-03 12:47:00,3.3,3.3,3.3,3.3,0,51.314359,367500,59.25,59.0
2021-08-03 12:48:00,3.3,3.3,3.3,3.3,0,51.314359,367500,59.2,59.0
2021-08-03 12:49:00,3.3,3.3,3.3,3.3,0,51.314359,367500,59.15,59.0
2021-08-03 12:50:00,3.3,3.3,3.3,3.3,0,51.314359,367500,59.2,59.0
2021-08-03 12:51:00,3.3,3.3,3.3,3.3,0,51.314359,367500,59.15,59.0
2021-08-03 12:52:00,3.3,3.3,3.3,3.3,10500,50.849467,367500,59.2,59.0
2021-08-03 12:53:00,3.3,3.3,3.3,3.3,0,50.849467,367500,59.15,59.0
2021-08-03 12:54:00,3.3,3.3,3.3,3.3,0,50.849467,367500,59.1,59.0
2021-08-03 12:55:00,3.3,3.3,3.3,3.3,0,50.849467,367500,59.15,59.0
2021-08-03 12:56:00,3.3,3.3,3.3,3.3,0,50.849467,367500,59.15,59.0
2021-08-03 12:57:00,3.3,3.3,3.3,3.3,0,50.849467,367500,59.15,59.0
2021-08-03 12:58:00,3.25,3.25,3.25,3.25,10500,50.475947,378000,59.15,59.0
2021-08-03 12:59:00,3.25,3.25,3.25,3.25,0,50.475947,378000,59.2,59.0
2021-08-03 13:00:00,3.25,3.25,3.25,3.25,0,50.475947,378000,59.2,59.0
2021-08-03 13:01:00,3.25,3.25,3.25,3.25,0,50.475947,378000,59.25,59.0
2021-08-03 13:02:00,3.25,3.25,3.25,3.25,0,50.475947,378000,59.25,59.0
2021-08-03 13:03:00,3.25,3.25,3.25,3.25,0,50.475947,378000,59.3,59.0
2021-08-03 13:04:00,3.25,3.25,3.25,3.25,0,50.475947,378000,59.25,59.0
2021-08-03 13:05:00,3.25,3.25,3.25,3.25,0,50.475947,378000,59.35,59.0
2021-08-03 13:06:00,3.25,3.25,3.25,3.25,0,50.475947,378000,59.25,59.0
2021-08-03 13:07:00,3.25,3.25,3.25,3.25,0,50.475947,378000,59.25,59.0
2021-08-03 13:08:00,3.25,3.25,3.25,3.25,0,50.475947,378000,59.25,59.0
2021-08-03 13:09:00,3.25,3.25,3.25,3.25,0,50.475947,378000,59.25,59.0
2021-08-03 13:10:00,3.25,3.25,3.25,3.25,0,50.475947,378000,59.3,59.0
2021-08-03 13:11:00,3.25,3.25,3.25,3.25,0,50.475947,378000,59.3,59.0
2021-08-03 13:12:00,3.25,3.25,3.25,3.25,0,50.475947,378000,59.3,59.0
2021-08-03 13:13:00,3.25,3.4,3.25,3.4,10500,50.66061,388500,59.4,59.0
2021-08-03 13:14:00,3.4,3.4,3.4,3.4,0,50.66061,388500,59.45,59.0
2021-08-03 13:15:00,3.4,3.45,3.4,3.45,10500,51.030379,399000,59.45,59.0
2021-08-03 13:16:00,3.45,3.45,3.45,3.45,0,51.030379,399000,59.5,60.0
2021-08-03 13:17:00,3.45,3.45,3.45,3.45,10500,51.514549,399000,59.4,59.0
2021-08-03 13:18:00,3.45,3.45,3.45,3.45,0,51.514549,399000,59.4,59.0
2021-08-03 13:19:00,3.45,3.45,3.45,3.45,0,51.514549,399000,59.4,59.0
2021-08-03 13:20:00,3.45,3.45,3.45,3.45,0,51.514549,399000,59.35,59.0
2021-08-03 13:21:00,3.45,3.45,3.45,3.45,0,51.514549,399000,59.4,59.0
2021-08-03 13:22:00,3.45,3.45,3.45,3.45,0,51.514549,399000,59.4,59.0
2021-08-03 13:23:00,3.45,3.45,3.45,3.45,0,51.514549,399000,59.45,59.0
2021-08-03 13:24:00,3.45,3.45,3.45,3.45,0,51.514549,399000,59.35,59.0
2021-08-03 13:25:00,3.45,3.45,3.45,3.45,0,51.514549,399000,59.35,59.0
2021-08-03 13:26:00,3.45,3.45,3.4,3.4,10500,50.671787,409500,59.4,59.0
2021-08-03 13:27:00,3.4,3.4,3.4,3.4,0,50.671787,409500,59.35,59.0
2021-08-03 13:28:00,3.4,3.4,3.4,3.4,0,50.671787,409500,59.35,59.0
2021-08-03 13:29:00,3.4,3.4,3.4,3.4,0,50.671787,409500,59.35,59.0
2021-08-03 13:30:00,3.4,3.4,3.4,3.4,0,50.671787,409500,59.35,59.0
2021-08-03 13:31:00,3.4,3.4,3.4,3.4,0,50.671787,409500,59.45,59.0
2021-08-03 13:32:00,3.4,3.4,3.4,3.4,0,50.671787,409500,59.4,59.0
2021-08-03 13:33:00,2.9,2.95,2.9,2.95,31500,49.980764,6069000,59.55,60.0
2021-08-03 13:34:00,2.95,2.95,2.95,2.95,0,49.980764,6069000,59.5,60.0
2021-08-03 13:35:00,2.95,2.95,2.95,2.95,0,49.980764,6069000,59.55,60.0
2021-08-03 13:36:00,2.95,2.95,2.95,2.95,0,49.980764,6069000,59.45,59.0
2021-08-03 13:37:00,2.95,2.95,2.95,2.95,0,49.980764,6069000,59.45,59.0
2021-08-03 13:38:00,2.95,2.95,2.95,2.95,0,49.980764,6069000,59.4,59.0
2021-08-03 13:39:00,2.95,2.95,2.95,2.95,0,49.980764,6069000,59.4,59.0
2021-08-03 13:40:00,3.3,3.3,3.3,3.3,10500,48.981965,399000,59.4,59.0
2021-08-03 13:41:00,3.3,3.3,3.3,3.3,0,48.981965,399000,59.4,59.0
2021-08-03 13:42:00,3.3,3.3,3.3,3.3,0,48.981965,399000,59.4,59.0
2021-08-03 13:43:00,3.3,3.3,3.3,3.3,0,48.981965,399000,59.4,59.0
2021-08-03 13:44:00,3.3,3.3,3.3,3.3,0,48.981965,399000,59.45,59.0
2021-08-03 13:45:00,3.3,3.3,3.3,3.3,0,48.981965,399000,59.4,59.0
2021-08-03 13:46:00,3.3,3.3,3.3,3.3,0,48.981965,399000,59.35,59.0
2021-08-03 13:47:00,3.3,3.3,3.3,3.3,0,48.981965,399000,59.35,59.0
2021-08-03 13:48:00,3.3,3.3,3.3,3.3,0,48.981965,399000,59.35,59.0
2021-08-03 13:49:00,3.3,3.3,3.3,3.3,0,48.981965,399000,59.3,59.0
2021-08-03 13:50:00,3.3,3.3,3.3,3.3,0,48.981965,399000,59.3,59.0
2021-08-03 13:51:00,3.3,3.3,3.3,3.3,0,48.981965,399000,59.3,59.0
2021-08-03 13:52:00,3.3,3.3,3.3,3.3,0,48.981965,399000,59.3,59.0
2021-08-03 13:53:00,3.3,3.35,3.3,3.35,10500,50.802962,409500,59.3,59.0
2021-08-03 13:54:00,3.35,3.35,3.35,3.35,0,50.802962,409500,59.3,59.0
2021-08-03 13:55:00,3.35,3.35,3.3,3.3,10500,49.954004,420000,59.3,59.0
2021-08-03 13:56:00,3.3,3.3,3.3,3.3,0,49.954004,420000,59.3,59.0
2021-08-03 13:57:00,3.3,3.3,3.3,3.3,0,49.954004,420000,59.25,59.0
2021-08-03 13:58:00,3.3,3.3,3.3,3.3,0,49.954004,420000,59.3,59.0
2021-08-03 13:59:00,3.3,3.3,3.3,3.3,0,49.954004,420000,59.3,59.0
2021-08-03 14:00:00,3.3,3.3,3.3,3.3,0,49.954004,420000,59.3,59.0
2021-08-03 14:01:00,3.3,3.3,3.3,3.3,0,49.954004,420000,59.3,59.0
2021-08-03 14:02:00,3.3,3.3,3.3,3.3,10500,50.909736,430500,59.2,59.0
2021-08-03 14:03:00,3.3,3.3,3.3,3.3,42000,50.436884,430500,59.25,59.0
2021-08-03 14:04:00,3.3,3.3,3.3,3.3,0,50.436884,430500,59.25,59.0
2021-08-03 14:05:00,3.3,3.3,3.3,3.3,0,50.436884,430500,59.2,59.0
2021-08-03 14:06:00,3.3,3.3,3.3,3.3,0,50.436884,430500,59.15,59.0
2021-08-03 14:07:00,3.3,3.3,3.3,3.3,0,50.436884,430500,59.2,59.0
2021-08-03 14:08:00,3.3,3.3,3.3,3.3,0,50.436884,430500,59.2,59.0
2021-08-03 14:09:00,3.3,3.3,3.3,3.3,0,50.436884,430500,59.2,59.0
2021-08-03 14:10:00,3.3,3.3,3.3,3.3,0,50.436884,430500,59.2,59.0
2021-08-03 14:11:00,3.3,3.35,3.3,3.35,10500,51.294461,472500,59.25,59.0
2021-08-03 14:12:00,3.35,3.35,3.35,3.35,0,51.294461,472500,59.2,59.0
2021-08-03 14:13:00,3.35,3.35,3.35,3.35,0,51.294461,472500,59.25,59.0
2021-08-03 14:14:00,3.35,3.35,3.35,3.35,0,51.294461,472500,59.25,59.0
2021-08-03 14:15:00,3.35,3.35,3.35,3.35,0,51.294461,472500,59.25,59.0
2021-08-03 14:16:00,3.35,3.35,3.35,3.35,0,51.294461,472500,59.2,59.0
2021-08-03 14:17:00,3.35,3.35,3.3,3.3,10500,51.394181,462000,59.15,59.0
2021-08-03 14:18:00,3.3,3.3,3.3,3.3,0,51.394181,462000,59.15,59.0
2021-08-03 14:19:00,3.3,3.3,3.3,3.3,0,51.394181,462000,59.2,59.0
2021-08-03 14:20:00,3.3,3.3,3.3,3.3,10500,51.396789,462000,59.15,59.0
2021-08-03 14:21:00,3.3,3.3,3.3,3.3,0,51.396789,462000,59.15,59.0
2021-08-03 14:22:00,3.3,3.3,3.3,3.3,0,51.396789,462000,59.15,59.0
2021-08-03 14:23:00,3.3,3.3,3.3,3.3,0,51.396789,462000,59.15,59.0
2021-08-03 14:24:00,3.3,3.3,3.3,3.3,0,51.396789,462000,59.1,59.0
2021-08-03 14:25:00,3.3,3.3,3.3,3.3,0,51.396789,462000,59.15,59.0
2021-08-03 14:26:00,3.3,3.3,3.3,3.3,0,51.396789,462000,59.15,59.0
2021-08-03 14:27:00,3.3,3.3,3.3,3.3,0,51.396789,462000,59.1,59.0
2021-08-03 14:28:00,3.3,3.3,3.3,3.3,0,51.396789,462000,59.15,59.0
2021-08-03 14:29:00,3.3,3.3,3.25,3.25,21000,51.023158,472500,59.1,59.0
2021-08-03 14:30:00,3.25,3.25,3.25,3.25,0,51.023158,472500,59.1,59.0
2021-08-03 14:31:00,3.25,3.25,3.25,3.25,0,51.023158,472500,59.15,59.0
2021-08-03 14:32:00,3.25,3.25,3.25,3.25,0,51.023158,472500,59.1,59.0
2021-08-03 14:33:00,3.25,3.25,3.25,3.25,0,51.023158,472500,59.15,59.0
2021-08-03 14:34:00,3.25,3.25,3.25,3.25,0,51.023158,472500,59.15,59.0
2021-08-03 14:35:00,3.25,3.25,3.25,3.25,0,51.023158,472500,59.15,59.0
2021-08-03 14:36:00,3.25,3.25,3.25,3.25,0,51.023158,472500,59.05,59.0
2021-08-03 14:37:00,3.25,3.25,3.25,3.25,0,51.023158,472500,59.1,59.0
2021-08-03 14:38:00,3.25,3.25,3.25,3.25,0,51.023158,472500,59.1,59.0
2021-08-03 14:39:00,3.25,3.25,3.25,3.25,0,51.023158,472500,59.15,59.0
2021-08-03 14:40:00,3.25,3.25,3.25,3.25,10500,51.032661,493500,59.1,59.0
2021-08-03 14:41:00,3.25,3.25,3.25,3.25,0,51.032661,493500,59.15,59.0
2021-08-03 14:42:00,3.3,3.3,3.3,3.3,52500,51.415927,493500,59.15,59.0
2021-08-03 14:43:00,3.3,3.35,3.3,3.35,42000,52.267788,556500,59.15,59.0
2021-08-03 14:44:00,3.35,3.35,3.35,3.35,0,52.267788,556500,59.15,59.0
2021-08-03 14:45:00,3.35,3.35,3.35,3.35,63000,52.269554,556500,59.15,59.0
2021-08-03 14:46:00,3.35,3.35,3.35,3.35,0,52.269554,556500,59.15,59.0
2021-08-03 14:47:00,3.35,3.35,3.35,3.35,0,52.269554,556500,59.1,59.0
2021-08-03 14:48:00,3.35,3.35,3.35,3.35,0,52.269554,556500,59.1,59.0
2021-08-03 14:49:00,3.35,3.35,3.35,3.35,0,52.269554,556500,59.15,59.0
2021-08-03 14:50:00,3.35,3.35,3.25,3.25,21000,51.041303,640500,59.1,59.0
2021-08-03 14:51:00,3.25,3.25,3.25,3.25,0,51.041303,640500,59.1,59.0
2021-08-03 14:52:00,3.25,3.25,3.25,3.25,0,51.041303,640500,59.1,59.0
2021-08-03 14:53:00,3.25,3.25,3.25,3.25,10500,51.043897,651000,59.1,59.0
2021-08-03 14:54:00,3.25,3.25,3.25,3.25,0,51.043897,651000,59.1,59.0
2021-08-03 14:55:00,3.25,3.25,3.25,3.25,0,51.043897,651000,59.05,59.0
2021-08-03 14:56:00,3.25,3.25,3.25,3.25,0,51.043897,651000,59.15,59.0
2021-08-03 14:57:00,3.25,3.25,3.25,3.25,0,51.043897,651000,59.15,59.0
2021-08-03 14:58:00,3.25,3.25,3.25,3.25,0,51.043897,651000,59.1,59.0
2021-08-03 14:59:00,3.25,3.25,3.25,3.25,0,51.043897,651000,59.15,59.0
2021-08-03 15:00:00,3.25,3.25,3.25,3.25,0,51.043897,651000,59.25,59.0
2021-08-03 15:01:00,3.25,3.25,3.25,3.25,0,51.043897,651000,59.2,59.0
2021-08-03 15:02:00,3.25,3.25,3.25,3.25,0,51.043897,651000,59.2,59.0
2021-08-03 15:03:00,3.25,3.25,3.25,3.25,0,51.043897,651000,59.25,59.0
2021-08-03 15:04:00,3.25,3.25,3.25,3.25,94500,49.637718,640500,59.25,59.0
2021-08-03 15:05:00,3.3,3.3,3.3,3.3,63000,51.905543,640500,59.1,59.0
2021-08-03 15:06:00,3.3,3.3,3.3,3.3,0,51.905543,640500,59.15,59.0
2021-08-03 15:07:00,3.35,3.35,3.35,3.35,31500,50.866816,556500,59.3,59.0
2021-08-03 15:08:00,3.35,3.35,3.35,3.35,0,50.866816,556500,59.35,59.0
2021-08-03 15:09:00,3.35,3.35,3.35,3.35,0,50.866816,556500,59.3,59.0
2021-08-03 15:10:00,3.35,3.35,3.35,3.35,10500,50.869409,567000,59.3,59.0
2021-08-03 15:11:00,3.35,3.35,3.35,3.35,0,50.869409,567000,59.2,59.0
2021-08-03 15:12:00,3.35,3.35,3.35,3.35,0,50.869409,567000,59.2,59.0
2021-08-03 15:13:00,3.35,3.35,3.35,3.35,0,50.869409,567000,59.2,59.0
2021-08-03 15:14:00,3.35,3.35,3.35,3.35,0,50.869409,567000,59.2,59.0
2021-08-03 15:15:00,3.35,3.35,3.35,3.35,0,50.869409,567000,59.2,59.0
2021-08-03 15:16:00,3.35,3.35,3.35,3.35,0,50.869409,567000,59.15,59.0
2021-08-03 15:17:00,3.25,3.25,3.25,3.25,10500,51.064657,556500,59.1,59.0
2021-08-03 15:18:00,3.25,3.25,3.25,3.25,10500,51.532991,556500,59.05,59.0
2021-08-03 15:19:00,3.25,3.25,3.25,3.25,0,51.532991,556500,59.0,59.0
2021-08-03 15:20:00,3.25,3.25,3.25,3.25,0,51.532991,556500,59.05,59.0
2021-08-03 15:21:00,3.25,3.25,3.25,3.25,0,51.532991,556500,58.95,59.0
2021-08-03 15:22:00,3.25,3.25,3.25,3.25,0,51.532991,556500,58.95,59.0
2021-08-03 15:23:00,3.25,3.25,3.25,3.25,10500,52.465983,577500,58.95,59.0
2021-08-03 15:24:00,3.25,3.3,3.25,3.3,10500,52.85523,577500,59.0,59.0
2021-08-03 15:25:00,3.3,3.3,3.3,3.3,0,52.85523,577500,59.05,59.0
2021-08-03 15:26:00,3.3,3.3,3.3,3.3,0,52.85523,577500,59.05,59.0
2021-08-03 15:27:00,3.3,3.3,3.3,3.3,31500,51.924861,588000,59.1,59.0
2021-08-03 15:28:00,3.3,3.3,3.3,3.3,0,51.924861,588000,59.15,59.0
2021-08-03 15:29:00,3.3,3.3,3.3,3.3,0,51.924861,588000,59.15,59.0
2021-08-04 09:21:00,2.85,2.85,2.85,2.85,21000,48.855859,6205500,59.6,60.0
2021-08-04 09:22:00,2.85,2.85,2.85,2.85,0,48.855859,6205500,59.6,60.0
2021-08-04 09:23:00,2.85,2.85,2.85,2.85,0,48.855859,6205500,59.6,60.0
2021-08-04 09:24:00,2.85,2.85,2.85,2.85,0,48.855859,6205500,59.6,60.0
2021-08-04 09:25:00,2.85,2.85,2.85,2.85,0,48.855859,6205500,59.6,60.0
2021-08-04 09:26:00,2.85,2.85,2.85,2.85,0,48.855859,6205500,59.6,60.0
2021-08-04 09:27:00,2.85,2.85,2.85,2.85,0,48.855859,6205500,59.6,60.0
2021-08-04 09:28:00,2.85,2.85,2.85,2.85,0,48.855859,6205500,59.6,60.0
2021-08-04 09:29:00,2.85,2.85,2.85,2.85,0,48.855859,6205500,59.6,60.0
2021-08-04 09:30:00,2.85,2.85,2.85,2.85,0,48.855859,6205500,59.6,60.0
2021-08-04 09:31:00,2.85,2.85,2.85,2.85,0,48.855859,6205500,59.6,60.0
2021-08-04 09:32:00,2.85,2.85,2.85,2.85,0,48.855859,6205500,59.6,60.0
2021-08-04 09:33:00,2.85,2.85,2.85,2.85,0,48.855859,6205500,59.6,60.0
2021-08-04 09:34:00,3.05,3.05,3.05,3.05,21000,50.930297,6069000,59.75,60.0
2021-08-04 09:35:00,3.05,3.1,3.05,3.1,21000,52.68562,6069000,59.65,60.0
2021-08-04 09:36:00,3.1,3.1,3.1,3.1,0,52.68562,6069000,59.65,60.0
2021-08-04 09:37:00,3.1,3.1,3.1,3.1,0,52.68562,6069000,59.65,60.0
2021-08-04 09:38:00,3.1,3.1,3.1,3.1,0,52.68562,6069000,59.65,60.0
2021-08-04 09:39:00,3.1,3.1,3.1,3.1,0,52.68562,6069000,59.65,60.0
2021-08-04 09:40:00,3.1,3.1,3.1,3.1,0,52.68562,6069000,59.65,60.0
2021-08-04 09:41:00,3.1,3.1,3.1,3.1,0,52.68562,6069000,59.65,60.0
2021-08-04 09:42:00,3.1,3.1,3.1,3.1,0,52.68562,6069000,59.65,60.0
2021-08-04 09:43:00,3.1,3.1,3.1,3.1,0,52.68562,6069000,59.65,60.0
2021-08-04 09:44:00,3.1,3.1,3.1,3.1,0,52.68562,6069000,59.65,60.0
2021-08-04 09:45:00,3.1,3.1,3.1,3.1,0,52.68562,6069000,59.65,60.0
2021-08-04 09:46:00,3.1,3.1,3.1,3.1,0,52.68562,6069000,59.65,60.0
2021-08-04 09:47:00,3.1,3.1,3.1,3.1,0,52.68562,6069000,59.65,60.0
2021-08-04 09:48:00,3.1,3.1,3.1,3.1,0,52.68562,6069000,59.65,60.0
2021-08-04 09:49:00,3.1,3.1,3.1,3.1,0,52.68562,6069000,59.65,60.0
2021-08-04 09:50:00,3.1,3.1,3.1,3.1,0,52.68562,6069000,59.65,60.0
2021-08-04 09:51:00,3.1,3.1,3.1,3.1,0,52.68562,6069000,59.65,60.0
2021-08-04 09:52:00,3.1,3.1,3.1,3.1,0,52.68562,6069000,59.65,60.0
2021-08-04 09:53:00,3.1,3.1,3.1,3.1,0,52.68562,6069000,59.65,60.0
2021-08-04 09:54:00,3.1,3.1,3.1,3.1,0,52.68562,6069000,59.65,60.0
2021-08-04 09:55:00,3.1,3.1,3.1,3.1,0,52.68562,6069000,59.65,60.0
2021-08-04 09:56:00,3.1,3.1,3.1,3.1,0,52.68562,6069000,59.65,60.0
2021-08-04 09:57:00,3.1,3.1,3.1,3.1,0,52.68562,6069000,59.65,60.0
2021-08-04 09:58:00,3.1,3.1,3.1,3.1,0,52.68562,6069000,59.65,60.0
2021-08-04 09:59:00,3.1,3.1,3.1,3.1,0,52.68562,6069000,59.65,60.0
2021-08-04 10:00:00,3.1,3.1,3.1,3.1,0,52.68562,6069000,59.65,60.0
2021-08-04 10:01:00,3.1,3.1,3.1,3.1,0,52.68562,6069000,59.65,60.0
2021-08-04 10:02:00,3.1,3.1,3.1,3.1,0,52.68562,6069000,59.65,60.0
2021-08-04 10:03:00,3.1,3.1,3.1,3.1,0,52.68562,6069000,59.65,60.0
2021-08-04 10:04:00,3.1,3.1,3.1,3.1,0,52.68562,6069000,59.65,60.0
2021-08-04 10:05:00,3.3,3.3,3.3,3.3,10500,50.522361,630000,59.35,59.0
2021-08-04 10:06:00,3.3,3.3,3.3,3.3,0,50.522361,630000,59.35,59.0
2021-08-04 10:07:00,3.3,3.3,3.3,3.3,0,50.522361,630000,59.35,59.0
2021-08-04 10:08:00,3.3,3.3,3.3,3.3,0,50.522361,630000,59.35,59.0
2021-08-04 10:09:00,3.3,3.3,3.3,3.3,0,50.522361,630000,59.35,59.0
2021-08-04 10:10:00,3.3,3.3,3.3,3.3,0,50.522361,630000,59.35,59.0
2021-08-04 10:11:00,3.3,3.3,3.3,3.3,0,50.522361,630000,59.35,59.0
2021-08-04 10:12:00,3.3,3.3,3.2,3.2,10500,50.728415,640500,59.15,59.0
2021-08-04 10:13:00,3.2,3.2,3.2,3.2,0,50.728415,640500,59.15,59.0
2021-08-04 10:14:00,3.2,3.2,3.2,3.2,0,50.728415,640500,59.15,59.0
2021-08-04 10:15:00,3.2,3.2,3.2,3.2,0,50.728415,640500,59.15,59.0
2021-08-04 10:16:00,3.2,3.2,3.2,3.2,0,50.728415,640500,59.15,59.0
2021-08-04 10:17:00,3.2,3.2,3.2,3.2,0,50.728415,640500,59.15,59.0
2021-08-04 10:18:00,3.2,3.2,3.2,3.2,0,50.728415,640500,59.15,59.0
2021-08-04 10:19:00,3.2,3.2,3.2,3.2,0,50.728415,640500,59.15,59.0
2021-08-04 10:20:00,3.2,3.2,3.2,3.2,0,50.728415,640500,59.15,59.0
2021-08-04 10:21:00,3.2,3.2,3.2,3.2,0,50.728415,640500,59.15,59.0
2021-08-04 10:22:00,3.2,3.2,3.2,3.2,0,50.728415,640500,59.15,59.0
2021-08-04 10:23:00,3.2,3.2,3.2,3.2,0,50.728415,640500,59.15,59.0
2021-08-04 10:24:00,3.2,3.2,3.2,3.2,0,50.728415,640500,59.15,59.0
2021-08-04 10:25:00,3.2,3.2,3.2,3.2,0,50.728415,640500,59.15,59.0
2021-08-04 10:26:00,3.2,3.2,3.2,3.2,0,50.728415,640500,59.15,59.0
2021-08-04 10:27:00,3.2,3.2,3.2,3.2,0,50.728415,640500,59.15,59.0
2021-08-04 10:28:00,3.2,3.2,3.2,3.2,0,50.728415,640500,59.15,59.0
2021-08-04 10:29:00,3.2,3.2,3.2,3.2,0,50.728415,640500,59.15,59.0
2021-08-04 10:30:00,3.2,3.2,3.2,3.2,0,50.728415,640500,59.15,59.0
2021-08-04 10:31:00,3.2,3.2,3.2,3.2,0,50.728415,640500,59.15,59.0
2021-08-04 10:32:00,3.2,3.2,3.2,3.2,0,50.728415,640500,59.15,59.0
2021-08-04 10:33:00,3.2,3.2,3.2,3.2,0,50.728415,640500,59.15,59.0
2021-08-04 10:34:00,3.2,3.2,3.2,3.2,0,50.728415,640500,59.15,59.0
2021-08-04 10:35:00,3.2,3.2,3.2,3.2,0,50.728415,640500,59.15,59.0
2021-08-04 10:36:00,3.2,3.2,3.2,3.2,0,50.728415,640500,59.15,59.0
2021-08-04 10:37:00,3.2,3.2,3.2,3.2,0,50.728415,640500,59.15,59.0
2021-08-04 10:38:00,3.2,3.2,3.2,3.2,0,50.728415,640500,59.15,59.0
2021-08-04 10:39:00,3.2,3.2,3.2,3.2,0,50.728415,640500,59.15,59.0
2021-08-04 10:40:00,3.2,3.2,3.2,3.2,0,50.728415,640500,59.15,59.0
2021-08-04 10:41:00,3.2,3.2,3.2,3.2,0,50.728415,640500,59.15,59.0
2021-08-04 10:42:00,3.2,3.2,3.2,3.2,0,50.728415,640500,59.15,59.0
2021-08-04 10:43:00,3.2,3.2,3.2,3.2,0,50.728415,640500,59.25,59.0
2021-08-04 10:44:00,3.2,3.2,3.2,3.2,0,50.728415,640500,59.15,59.0
2021-08-04 10:45:00,3.2,3.2,3.2,3.2,0,50.728415,640500,59.15,59.0
2021-08-04 10:46:00,3.2,3.2,3.2,3.2,0,50.728415,640500,59.15,59.0
2021-08-04 10:47:00,3.2,3.2,3.2,3.2,0,50.728415,640500,59.15,59.0
2021-08-04 10:48:00,3.2,3.2,3.2,3.2,0,50.728415,640500,59.15,59.0
2021-08-04 10:49:00,3.2,3.2,3.2,3.2,0,50.728415,640500,59.15,59.0
2021-08-04 10:50:00,3.2,3.2,3.2,3.2,0,50.728415,640500,59.15,59.0
2021-08-04 10:51:00,3.2,3.2,3.2,3.2,0,50.728415,640500,59.15,59.0
2021-08-04 10:52:00,3.2,3.2,3.2,3.2,0,50.728415,640500,59.15,59.0
2021-08-04 10:53:00,3.2,3.2,3.2,3.2,0,50.728415,640500,59.15,59.0
2021-08-04 10:54:00,3.2,3.2,3.2,3.2,0,50.728415,640500,59.15,59.0
2021-08-04 10:55:00,3.2,3.2,3.2,3.2,0,50.728415,640500,59.15,59.0
2021-08-04 10:56:00,3.2,3.2,3.2,3.2,0,50.728415,640500,59.15,59.0
2021-08-04 10:57:00,3.2,3.2,3.2,3.2,0,50.728415,640500,59.15,59.0
2021-08-04 10:58:00,3.2,3.2,3.2,3.2,0,50.728415,640500,59.15,59.0
2021-08-04 10:59:00,3.2,3.2,3.2,3.2,0,50.728415,640500,59.15,59.0
2021-08-04 11:00:00,3.2,3.2,3.2,3.2,0,50.728415,640500,59.15,59.0
2021-08-04 11:01:00,3.2,3.2,3.2,3.2,0,50.728415,640500,59.15,59.0
2021-08-04 11:02:00,3.2,3.2,3.2,3.2,0,50.728415,640500,59.15,59.0
2021-08-04 11:03:00,3.2,3.2,3.2,3.2,0,50.728415,640500,59.15,59.0
2021-08-04 11:04:00,3.2,3.2,3.2,3.2,0,50.728415,640500,59.15,59.0
2021-08-04 11:05:00,3.2,3.2,3.2,3.2,0,50.728415,640500,59.15,59.0
2021-08-04 11:06:00,3.2,3.2,3.2,3.2,0,50.728415,640500,59.15,59.0
2021-08-04 11:07:00,3.2,3.2,3.2,3.2,0,50.728415,640500,59.15,59.0
2021-08-04 11:08:00,3.2,3.2,3.2,3.2,0,50.728415,640500,59.15,59.0
2021-08-04 11:09:00,3.2,3.2,3.2,3.2,0,50.728415,640500,59.15,59.0
2021-08-04 11:10:00,3.2,3.2,3.2,3.2,0,50.728415,640500,59.15,59.0
2021-08-04 11:11:00,3.2,3.2,3.2,3.2,0,50.728415,640500,59.15,59.0
2021-08-04 11:12:00,3.2,3.2,3.2,3.2,0,50.728415,640500,59.15,59.0
2021-08-04 11:13:00,3.2,3.2,3.2,3.2,0,50.728415,640500,59.15,59.0
2021-08-04 11:14:00,3.2,3.2,3.2,3.2,0,50.728415,640500,59.15,59.0
2021-08-04 11:15:00,3.2,3.2,3.2,3.2,0,50.728415,640500,59.15,59.0
2021-08-04 11:16:00,3.25,3.25,3.25,3.25,21000,51.652514,661500,59.15,59.0
2021-08-04 11:17:00,3.25,3.25,3.25,3.25,0,51.652514,661500,59.15,59.0
2021-08-04 11:18:00,3.25,3.25,3.25,3.25,0,51.652514,661500,59.15,59.0
2021-08-04 11:19:00,3.25,3.25,3.25,3.25,0,51.652514,661500,59.15,59.0
2021-08-04 11:20:00,3.25,3.25,3.25,3.25,0,51.652514,661500,59.15,59.0
2021-08-04 11:21:00,3.25,3.25,3.25,3.25,0,51.652514,661500,59.15,59.0
2021-08-04 11:22:00,3.25,3.25,3.25,3.25,0,51.652514,661500,59.15,59.0
2021-08-04 11:23:00,3.25,3.25,3.25,3.25,0,51.652514,661500,59.15,59.0
2021-08-04 11:24:00,3.25,3.25,3.25,3.25,0,51.652514,661500,59.15,59.0
2021-08-04 11:25:00,3.25,3.25,3.25,3.25,0,51.652514,661500,59.15,59.0
2021-08-04 11:26:00,3.25,3.25,3.25,3.25,0,51.652514,661500,59.15,59.0
2021-08-04 11:27:00,3.25,3.25,3.25,3.25,0,51.652514,661500,59.15,59.0
2021-08-04 11:28:00,3.25,3.25,3.25,3.25,0,51.652514,661500,59.15,59.0
2021-08-04 11:29:00,3.25,3.25,3.25,3.25,0,51.652514,661500,59.15,59.0
2021-08-04 11:30:00,3.25,3.25,3.25,3.25,0,51.652514,661500,59.15,59.0
2021-08-04 11:31:00,3.25,3.25,3.25,3.25,0,51.652514,661500,59.15,59.0
2021-08-04 11:32:00,3.25,3.25,3.25,3.25,0,51.652514,661500,59.15,59.0
2021-08-04 11:33:00,3.25,3.25,3.25,3.25,0,51.652514,661500,59.15,59.0
2021-08-04 11:34:00,3.25,3.25,3.25,3.25,0,51.652514,661500,59.15,59.0
2021-08-04 11:35:00,3.25,3.25,3.25,3.25,0,51.652514,661500,59.15,59.0
2021-08-04 11:36:00,3.25,3.25,3.25,3.25,0,51.652514,661500,59.15,59.0
2021-08-04 11:37:00,3.25,3.25,3.25,3.25,0,51.652514,661500,59.15,59.0
2021-08-04 11:38:00,3.25,3.25,3.25,3.25,0,51.652514,661500,59.15,59.0
2021-08-04 11:39:00,3.25,3.25,3.25,3.25,0,51.652514,661500,59.15,59.0
2021-08-04 11:40:00,3.25,3.25,3.25,3.25,0,51.652514,661500,59.15,59.0
2021-08-04 11:41:00,3.25,3.25,3.25,3.25,0,51.652514,661500,59.15,59.0
2021-08-04 11:42:00,3.25,3.25,3.25,3.25,0,51.652514,661500,59.15,59.0
2021-08-04 11:43:00,3.25,3.25,3.25,3.25,0,51.652514,661500,59.15,59.0
2021-08-04 11:44:00,3.25,3.25,3.25,3.25,0,51.652514,661500,59.15,59.0
2021-08-04 11:45:00,3.1,3.1,3.0,3.0,21000,52.47415,693000,58.6,59.0
2021-08-04 11:46:00,3.0,3.0,3.0,3.0,0,52.47415,693000,58.6,59.0
2021-08-04 11:47:00,3.0,3.0,3.0,3.0,0,52.47415,693000,58.6,59.0
2021-08-04 11:48:00,3.0,3.0,3.0,3.0,0,52.47415,693000,58.6,59.0
2021-08-04 11:49:00,3.0,3.0,3.0,3.0,0,52.47415,693000,58.6,59.0
2021-08-04 11:50:00,3.0,3.0,3.0,3.0,0,52.47415,693000,58.6,59.0
2021-08-04 11:51:00,3.0,3.0,3.0,3.0,0,52.47415,693000,58.6,59.0
2021-08-04 11:52:00,3.0,3.0,3.0,3.0,0,52.47415,693000,58.7,59.0
2021-08-04 11:53:00,3.0,3.0,3.0,3.0,0,52.47415,693000,58.6,59.0
2021-08-04 11:54:00,3.0,3.0,3.0,3.0,0,52.47415,693000,58.6,59.0
2021-08-04 11:55:00,3.0,3.0,3.0,3.0,0,52.47415,693000,58.6,59.0
2021-08-04 11:56:00,3.0,3.0,3.0,3.0,0,52.47415,693000,58.6,59.0
2021-08-04 11:57:00,3.0,3.0,3.0,3.0,0,52.47415,693000,58.6,59.0
2021-08-04 11:58:00,3.0,3.0,3.0,3.0,0,52.47415,693000,58.6,59.0
2021-08-04 11:59:00,3.0,3.0,3.0,3.0,0,52.47415,693000,58.6,59.0
2021-08-04 12:00:00,3.0,3.0,3.0,3.0,0,52.47415,693000,58.6,59.0
2021-08-04 12:01:00,3.0,3.0,3.0,3.0,0,52.47415,693000,58.6,59.0
2021-08-04 12:02:00,3.0,3.0,3.0,3.0,0,52.47415,693000,58.6,59.0
2021-08-04 12:03:00,3.0,3.0,3.0,3.0,0,52.47415,693000,58.6,59.0
2021-08-04 12:04:00,3.0,3.0,3.0,3.0,0,52.47415,693000,58.6,59.0
2021-08-04 12:05:00,2.95,2.95,2.95,2.95,10500,51.166709,735000,58.65,59.0
2021-08-04 12:06:00,2.95,2.95,2.95,2.95,0,51.166709,735000,58.65,59.0
2021-08-04 12:07:00,2.95,2.95,2.95,2.95,0,51.166709,735000,58.65,59.0
2021-08-04 12:08:00,2.95,2.95,2.95,2.95,0,51.166709,735000,58.65,59.0
2021-08-04 12:09:00,2.95,2.95,2.95,2.95,0,51.166709,735000,58.65,59.0
2021-08-04 12:10:00,2.95,2.95,2.95,2.95,0,51.166709,735000,58.65,59.0
2021-08-04 12:11:00,2.95,2.95,2.95,2.95,21000,51.172078,724500,58.65,59.0
2021-08-04 12:12:00,2.95,2.95,2.95,2.95,0,51.172078,724500,58.65,59.0
2021-08-04 12:13:00,2.95,2.95,2.95,2.95,0,51.172078,724500,58.65,59.0
2021-08-04 12:14:00,2.95,2.95,2.95,2.95,0,51.172078,724500,58.65,59.0
2021-08-04 12:15:00,2.95,2.95,2.95,2.95,0,51.172078,724500,58.65,59.0
2021-08-04 12:16:00,2.95,2.95,2.95,2.95,0,51.172078,724500,58.65,59.0
2021-08-04 12:17:00,2.95,2.95,2.95,2.95,0,51.172078,724500,58.65,59.0
2021-08-04 12:18:00,2.95,2.95,2.95,2.95,0,51.172078,724500,58.65,59.0
2021-08-04 12:19:00,2.95,2.95,2.95,2.95,0,51.172078,724500,58.65,59.0
2021-08-04 12:20:00,2.95,2.95,2.95,2.95,0,51.172078,724500,58.65,59.0
2021-08-04 12:21:00,2.95,2.95,2.95,2.95,0,51.172078,724500,58.65,59.0
2021-08-04 12:22:00,2.95,2.95,2.95,2.95,0,51.172078,724500,58.65,59.0
2021-08-04 12:23:00,2.95,2.95,2.95,2.95,0,51.172078,724500,58.65,59.0
2021-08-04 12:24:00,2.95,2.95,2.95,2.95,0,51.172078,724500,58.65,59.0
2021-08-04 12:25:00,2.95,2.95,2.95,2.95,0,51.172078,724500,58.65,59.0
2021-08-04 12:26:00,2.95,2.95,2.95,2.95,0,51.172078,724500,58.65,59.0
2021-08-04 12:27:00,2.95,2.95,2.95,2.95,0,51.172078,724500,58.65,59.0
2021-08-04 12:28:00,2.95,2.95,2.95,2.95,0,51.172078,724500,58.65,59.0
2021-08-04 12:29:00,2.95,2.95,2.95,2.95,0,51.172078,724500,58.65,59.0
2021-08-04 12:30:00,2.95,2.95,2.95,2.95,0,51.172078,724500,58.65,59.0
2021-08-04 12:31:00,2.95,2.95,2.95,2.95,0,51.172078,724500,58.65,59.0
2021-08-04 12:32:00,2.95,2.95,2.95,2.95,0,51.172078,724500,58.65,59.0
2021-08-04 12:33:00,2.95,2.95,2.95,2.95,0,51.172078,724500,58.65,59.0
2021-08-04 12:34:00,2.95,2.95,2.95,2.95,0,51.172078,724500,58.65,59.0
2021-08-04 12:35:00,2.95,2.95,2.95,2.95,0,51.172078,724500,58.65,59.0
2021-08-04 12:36:00,2.95,2.95,2.95,2.95,0,51.172078,724500,58.65,59.0
2021-08-04 12:37:00,2.95,2.95,2.95,2.95,0,51.172078,724500,58.65,59.0
2021-08-04 12:38:00,2.95,2.95,2.95,2.95,0,51.172078,724500,58.65,59.0
2021-08-04 12:39:00,2.95,2.95,2.95,2.95,0,51.172078,724500,58.65,59.0
2021-08-04 12:40:00,2.95,2.95,2.95,2.95,0,51.172078,724500,58.65,59.0
2021-08-04 12:41:00,2.95,2.95,2.95,2.95,0,51.172078,724500,58.65,59.0
2021-08-04 12:42:00,2.95,2.95,2.95,2.95,0,51.172078,724500,58.65,59.0
2021-08-04 12:43:00,2.95,2.95,2.95,2.95,0,51.172078,724500,58.65,59.0
2021-08-04 12:44:00,2.95,2.95,2.95,2.95,0,51.172078,724500,58.65,59.0
2021-08-04 12:45:00,2.95,2.95,2.95,2.95,0,51.172078,724500,58.65,59.0
2021-08-04 12:46:00,2.95,2.95,2.95,2.95,0,51.172078,724500,58.65,59.0
2021-08-04 12:47:00,2.95,2.95,2.95,2.95,0,51.172078,724500,58.65,59.0
2021-08-04 12:48:00,2.95,2.95,2.95,2.95,0,51.172078,724500,58.65,59.0
2021-08-04 12:49:00,2.95,2.95,2.95,2.95,0,51.172078,724500,58.65,59.0
2021-08-04 12:50:00,2.95,2.95,2.95,2.95,0,51.172078,724500,58.65,59.0
2021-08-04 12:51:00,2.95,2.95,2.95,2.95,0,51.172078,724500,58.65,59.0
2021-08-04 12:52:00,2.95,2.95,2.95,2.95,0,51.172078,724500,58.65,59.0
2021-08-04 12:53:00,2.95,2.95,2.95,2.95,0,51.172078,724500,58.65,59.0
2021-08-04 12:54:00,2.95,2.95,2.95,2.95,0,51.172078,724500,58.65,59.0
2021-08-04 12:55:00,2.95,2.95,2.95,2.95,0,51.172078,724500,58.65,59.0
2021-08-04 12:56:00,2.95,2.95,2.95,2.95,0,51.172078,724500,58.65,59.0
2021-08-04 12:57:00,2.95,2.95,2.95,2.95,0,51.172078,724500,58.65,59.0
2021-08-04 12:58:00,2.95,2.95,2.95,2.95,0,51.172078,724500,58.65,59.0
2021-08-04 12:59:00,2.95,2.95,2.95,2.95,0,51.172078,724500,58.65,59.0
2021-08-04 13:00:00,2.95,2.95,2.95,2.95,0,51.172078,724500,58.65,59.0
2021-08-04 13:01:00,2.95,2.95,2.95,2.95,0,51.172078,724500,58.65,59.0
2021-08-04 13:02:00,2.95,2.95,2.95,2.95,0,51.172078,724500,58.05,58.0
2021-08-04 13:03:00,2.95,2.95,2.95,2.95,0,51.172078,724500,58.65,59.0
2021-08-04 13:04:00,2.95,2.95,2.95,2.95,0,51.172078,724500,58.65,59.0
2021-08-04 13:05:00,2.95,2.95,2.95,2.95,0,51.172078,724500,58.0,58.0
2021-08-04 13:06:00,2.95,2.95,2.95,2.95,0,51.172078,724500,58.65,59.0
2021-08-04 13:07:00,2.95,2.95,2.95,2.95,0,51.172078,724500,58.65,59.0
2021-08-04 13:08:00,2.95,2.95,2.95,2.95,0,51.172078,724500,58.65,59.0
2021-08-04 13:09:00,2.95,2.95,2.95,2.95,0,51.172078,724500,58.65,59.0
2021-08-04 13:10:00,2.95,2.95,2.95,2.95,0,51.172078,724500,58.65,59.0
2021-08-04 13:11:00,2.95,2.95,2.95,2.95,0,51.172078,724500,58.65,59.0
2021-08-04 13:12:00,2.95,2.95,2.95,2.95,0,51.172078,724500,58.65,59.0
2021-08-04 13:13:00,2.95,2.95,2.95,2.95,0,51.172078,724500,58.65,59.0
2021-08-04 13:14:00,2.95,2.95,2.95,2.95,0,51.172078,724500,58.65,59.0
2021-08-04 13:15:00,2.95,2.95,2.95,2.95,0,51.172078,724500,58.65,59.0
2021-08-04 13:16:00,2.95,2.95,2.95,2.95,0,51.172078,724500,58.65,59.0
2021-08-04 13:17:00,2.95,2.95,2.95,2.95,0,51.172078,724500,58.65,59.0
2021-08-04 13:18:00,2.95,2.95,2.95,2.95,0,51.172078,724500,58.65,59.0
2021-08-04 13:19:00,2.95,2.95,2.95,2.95,0,51.172078,724500,58.65,59.0
2021-08-04 13:20:00,2.95,2.95,2.95,2.95,0,51.172078,724500,58.65,59.0
2021-08-04 13:21:00,2.95,2.95,2.95,2.95,0,51.172078,724500,58.65,59.0
2021-08-04 13:22:00,2.95,2.95,2.95,2.95,0,51.172078,724500,58.65,59.0
2021-08-04 13:23:00,2.95,2.95,2.95,2.95,0,51.172078,724500,58.65,59.0
2021-08-04 13:24:00,2.95,2.95,2.95,2.95,0,51.172078,724500,58.65,59.0
2021-08-04 13:25:00,2.95,2.95,2.95,2.95,0,51.172078,724500,58.65,59.0
2021-08-04 13:26:00,2.95,2.95,2.95,2.95,0,51.172078,724500,58.65,59.0
2021-08-04 13:27:00,2.95,2.95,2.95,2.95,0,51.172078,724500,58.65,59.0
2021-08-04 13:28:00,2.95,2.95,2.95,2.95,0,51.172078,724500,58.65,59.0
2021-08-04 13:29:00,2.95,2.95,2.95,2.95,0,51.172078,724500,58.65,59.0
2021-08-04 13:30:00,2.95,2.95,2.95,2.95,0,51.172078,724500,58.65,59.0
2021-08-04 13:31:00,2.95,2.95,2.95,2.95,0,51.172078,724500,58.65,59.0
2021-08-04 13:32:00,2.95,2.95,2.95,2.95,0,51.172078,724500,58.65,59.0
2021-08-04 13:33:00,2.95,2.95,2.95,2.95,0,51.172078,724500,58.65,59.0
2021-08-04 13:34:00,2.95,2.95,2.95,2.95,0,51.172078,724500,58.65,59.0
2021-08-04 13:35:00,2.95,2.95,2.95,2.95,0,51.172078,724500,58.65,59.0
2021-08-04 13:36:00,3.15,3.15,3.05,3.05,10500,51.126678,315000,57.95,58.0
2021-08-04 13:37:00,3.05,3.05,3.05,3.05,0,51.126678,315000,57.95,58.0
2021-08-04 13:38:00,3.05,3.05,3.05,3.05,0,51.126678,315000,57.95,58.0
2021-08-04 13:39:00,3.05,3.05,3.05,3.05,0,51.126678,315000,57.95,58.0
2021-08-04 13:40:00,3.05,3.05,3.05,3.05,0,51.126678,315000,58.1,58.0
2021-08-04 13:41:00,3.05,3.05,3.05,3.05,0,51.126678,315000,57.95,58.0
2021-08-04 13:42:00,3.05,3.05,3.05,3.05,0,51.126678,315000,57.95,58.0
2021-08-04 13:43:00,3.05,3.05,3.05,3.05,0,51.126678,315000,57.95,58.0
2021-08-04 13:44:00,3.05,3.15,3.05,3.15,10500,50.968056,315000,58.15,58.0
2021-08-04 13:45:00,3.15,3.15,3.15,3.15,0,50.968056,315000,58.15,58.0
2021-08-04 13:46:00,3.15,3.15,3.15,3.15,0,50.968056,315000,58.15,58.0
2021-08-04 13:47:00,3.15,3.15,3.15,3.15,0,50.968056,315000,58.1,58.0
2021-08-04 13:48:00,3.15,3.15,3.15,3.15,0,50.968056,315000,58.15,58.0
2021-08-04 13:49:00,3.15,3.15,3.15,3.15,0,50.968056,315000,58.15,58.0
2021-08-04 13:50:00,3.15,3.15,3.15,3.15,0,50.968056,315000,58.05,58.0
2021-08-04 13:51:00,3.15,3.15,3.15,3.15,0,50.968056,315000,58.15,58.0
2021-08-04 13:52:00,3.15,3.15,3.15,3.15,0,50.968056,315000,58.15,58.0
2021-08-04 13:53:00,3.15,3.15,3.15,3.15,0,50.968056,315000,58.15,58.0
2021-08-04 13:54:00,3.15,3.15,3.15,3.15,0,50.968056,315000,58.15,58.0
2021-08-04 13:55:00,3.15,3.15,3.15,3.15,0,50.968056,315000,58.15,58.0
2021-08-04 13:56:00,3.15,3.15,3.15,3.15,0,50.968056,315000,58.15,58.0
2021-08-04 13:57:00,3.15,3.15,3.15,3.15,0,50.968056,315000,58.15,58.0
2021-08-04 13:58:00,3.15,3.15,3.15,3.15,0,50.968056,315000,58.15,58.0
2021-08-04 13:59:00,3.15,3.15,3.15,3.15,0,50.968056,315000,58.15,58.0
2021-08-04 14:00:00,3.15,3.15,3.15,3.15,0,50.968056,315000,58.15,58.0
2021-08-04 14:01:00,3.15,3.15,3.15,3.15,0,50.968056,315000,58.15,58.0
2021-08-04 14:02:00,3.15,3.15,3.15,3.15,0,50.968056,315000,58.15,58.0
2021-08-04 14:03:00,3.15,3.15,3.15,3.15,0,50.968056,315000,58.15,58.0
2021-08-04 14:04:00,3.15,3.15,3.15,3.15,0,50.968056,315000,58.15,58.0
2021-08-04 14:05:00,3.15,3.15,3.15,3.15,0,50.968056,315000,58.15,58.0
2021-08-04 14:06:00,3.15,3.15,3.15,3.15,0,50.968056,315000,58.15,58.0
2021-08-04 14:07:00,3.15,3.15,3.15,3.15,0,50.968056,315000,58.15,58.0
2021-08-04 14:08:00,3.15,3.15,3.15,3.15,0,50.968056,315000,58.15,58.0
2021-08-04 14:09:00,3.15,3.15,3.15,3.15,0,50.968056,315000,58.15,58.0
2021-08-04 14:10:00,3.15,3.15,3.15,3.15,0,50.968056,315000,58.15,58.0
2021-08-04 14:11:00,3.15,3.15,3.15,3.15,0,50.968056,315000,58.15,58.0
2021-08-04 14:12:00,3.15,3.15,3.15,3.15,0,50.968056,315000,58.15,58.0
2021-08-04 14:13:00,3.15,3.15,3.15,3.15,0,50.968056,315000,58.15,58.0
2021-08-04 14:14:00,3.15,3.15,3.15,3.15,0,50.968056,315000,58.15,58.0
2021-08-04 14:15:00,3.15,3.15,3.15,3.15,0,50.968056,315000,58.15,58.0
2021-08-04 14:16:00,3.15,3.15,3.15,3.15,0,50.968056,315000,58.15,58.0
2021-08-04 14:17:00,3.15,3.15,3.15,3.15,0,50.968056,315000,58.15,58.0
2021-08-04 14:18:00,3.15,3.15,3.15,3.15,0,50.968056,315000,58.15,58.0
2021-08-04 14:19:00,3.15,3.15,3.15,3.15,0,50.968056,315000,58.15,58.0
2021-08-04 14:20:00,3.05,3.2,3.05,3.2,10500,50.408406,357000,58.3,58.0
2021-08-04 14:21:00,3.2,3.2,3.2,3.2,0,50.408406,357000,58.3,58.0
2021-08-04 14:22:00,3.2,3.2,3.2,3.2,0,50.408406,357000,58.3,58.0
2021-08-04 14:23:00,3.2,3.2,3.2,3.2,0,50.408406,357000,58.3,58.0
2021-08-04 14:24:00,3.2,3.2,3.2,3.2,0,50.408406,357000,58.3,58.0
2021-08-04 14:25:00,3.2,3.2,3.2,3.2,0,50.408406,357000,58.3,58.0
2021-08-04 14:26:00,3.2,3.2,3.2,3.2,0,50.408406,357000,58.3,58.0
2021-08-04 14:27:00,3.2,3.2,3.2,3.2,0,50.408406,357000,58.3,58.0
2021-08-04 14:28:00,3.2,3.2,3.2,3.2,0,50.408406,357000,58.3,58.0
2021-08-04 14:29:00,3.2,3.2,3.2,3.2,0,50.408406,357000,58.3,58.0
2021-08-04 14:30:00,3.2,3.2,3.2,3.2,0,50.408406,357000,58.3,58.0
2021-08-04 14:31:00,3.2,3.2,3.2,3.2,0,50.408406,357000,58.3,58.0
2021-08-04 14:32:00,3.2,3.2,3.2,3.2,0,50.408406,357000,58.3,58.0
2021-08-04 14:33:00,3.2,3.2,3.2,3.2,0,50.408406,357000,58.3,58.0
2021-08-04 14:34:00,3.2,3.2,3.2,3.2,0,50.408406,357000,58.3,58.0
2021-08-04 14:35:00,3.2,3.2,3.2,3.2,0,50.408406,357000,58.3,58.0
2021-08-04 14:36:00,3.2,3.2,3.2,3.2,0,50.408406,357000,58.3,58.0
2021-08-04 14:37:00,3.2,3.2,3.2,3.2,0,50.408406,357000,58.3,58.0
2021-08-04 14:38:00,3.2,3.2,3.2,3.2,0,50.408406,357000,58.3,58.0
2021-08-04 14:39:00,3.2,3.2,3.2,3.2,0,50.408406,357000,58.3,58.0
2021-08-04 14:40:00,3.2,3.2,3.2,3.2,0,50.408406,357000,58.3,58.0
2021-08-04 14:41:00,3.2,3.2,3.2,3.2,0,50.408406,357000,58.3,58.0
2021-08-04 14:42:00,3.2,3.2,3.1,3.1,21000,51.108001,325500,58.05,58.0
2021-08-04 14:43:00,3.1,3.1,3.1,3.1,0,51.108001,325500,58.05,58.0
2021-08-04 14:44:00,3.1,3.1,3.1,3.1,0,51.108001,325500,58.05,58.0
2021-08-04 14:45:00,3.1,3.1,3.1,3.1,0,51.108001,325500,58.1,58.0
2021-08-04 14:46:00,3.05,3.05,3.05,3.05,10500,50.226702,357000,58.05,58.0
2021-08-04 14:47:00,3.05,3.05,3.05,3.05,10500,49.7425,357000,58.1,58.0
2021-08-04 14:48:00,3.05,3.05,3.05,3.05,0,49.7425,357000,58.1,58.0
2021-08-04 14:49:00,3.05,3.05,3.05,3.05,0,49.7425,357000,58.1,58.0
2021-08-04 14:50:00,3.05,3.05,3.05,3.05,0,49.7425,357000,58.1,58.0
2021-08-04 14:51:00,3.05,3.05,3.05,3.05,0,49.7425,357000,58.1,58.0
2021-08-04 14:52:00,3.05,3.05,3.05,3.05,0,49.7425,357000,58.1,58.0
2021-08-04 14:53:00,3.05,3.05,3.05,3.05,10500,50.715649,367500,58.0,58.0
2021-08-04 14:54:00,3.05,3.05,3.05,3.05,0,50.715649,367500,58.0,58.0
2021-08-04 14:55:00,3.05,3.05,3.05,3.05,0,50.715649,367500,58.0,58.0
2021-08-04 14:56:00,3.05,3.05,3.05,3.05,0,50.715649,367500,58.0,58.0
2021-08-04 14:57:00,3.05,3.05,3.05,3.05,0,50.715649,367500,58.0,58.0
2021-08-04 14:58:00,3.05,3.05,3.05,3.05,0,50.715649,367500,58.0,58.0
2021-08-04 14:59:00,3.05,3.05,3.05,3.05,0,50.715649,367500,58.0,58.0
2021-08-04 15:00:00,3.05,3.05,3.05,3.05,0,50.715649,367500,58.1,58.0
2021-08-04 15:01:00,3.05,3.05,3.05,3.05,0,50.715649,367500,58.0,58.0
2021-08-04 15:02:00,3.05,3.05,3.05,3.05,0,50.715649,367500,58.0,58.0
2021-08-04 15:03:00,3.05,3.05,3.05,3.05,0,50.715649,367500,58.0,58.0
2021-08-04 15:04:00,3.05,3.05,3.05,3.05,0,50.715649,367500,58.0,58.0
2021-08-04 15:05:00,3.05,3.05,3.05,3.05,10500,50.726398,378000,58.0,58.0
2021-08-04 15:06:00,3.05,3.05,3.05,3.05,0,50.726398,378000,58.0,58.0
2021-08-04 15:07:00,3.05,3.05,3.05,3.05,0,50.726398,378000,58.0,58.0
2021-08-04 15:08:00,3.05,3.05,3.05,3.05,0,50.726398,378000,58.0,58.0
2021-08-04 15:09:00,3.05,3.05,3.05,3.05,0,50.726398,378000,58.0,58.0
2021-08-04 15:10:00,3.05,3.05,3.05,3.05,0,50.726398,378000,58.0,58.0
2021-08-04 15:11:00,3.05,3.05,3.05,3.05,0,50.726398,378000,58.0,58.0
2021-08-04 15:12:00,3.05,3.05,3.05,3.05,0,50.726398,378000,58.0,58.0
2021-08-04 15:13:00,3.05,3.05,3.05,3.05,0,50.726398,378000,58.0,58.0
2021-08-04 15:14:00,3.05,3.05,3.05,3.05,0,50.726398,378000,58.0,58.0
2021-08-04 15:15:00,3.05,3.05,3.05,3.05,0,50.726398,378000,58.15,58.0
2021-08-04 15:16:00,3.05,3.05,3.05,3.05,0,50.726398,378000,58.0,58.0
2021-08-04 15:17:00,3.05,3.05,3.05,3.05,0,50.726398,378000,58.0,58.0
2021-08-04 15:18:00,3.1,3.1,3.1,3.1,52500,51.140494,378000,58.05,58.0
2021-08-04 15:19:00,3.1,3.1,3.1,3.1,0,51.140494,378000,58.05,58.0
2021-08-04 15:20:00,3.1,3.1,3.1,3.1,0,51.140494,378000,58.05,58.0
2021-08-04 15:21:00,3.1,3.1,3.1,3.1,0,51.140494,378000,58.05,58.0
2021-08-04 15:22:00,3.1,3.1,3.1,3.1,0,51.140494,378000,58.05,58.0
2021-08-04 15:23:00,3.1,3.1,3.1,3.1,0,51.140494,378000,58.05,58.0
2021-08-04 15:24:00,3.1,3.1,3.1,3.1,0,51.140494,378000,58.05,58.0
2021-08-04 15:25:00,3.1,3.1,3.1,3.1,0,51.140494,378000,58.05,58.0
2021-08-04 15:26:00,3.1,3.1,3.1,3.1,0,51.140494,378000,57.95,58.0
2021-08-04 15:27:00,3.1,3.1,3.1,3.1,0,51.140494,378000,58.05,58.0
2021-08-04 15:28:00,3.1,3.1,3.1,3.1,0,51.140494,378000,58.05,58.0
2021-08-04 15:29:00,3.05,3.05,3.05,3.05,10500,50.747914,472500,58.0,58.0
2021-08-05 09:20:00,2.75,2.75,2.75,2.75,21000,51.575634,31500,56.55,57.0
2021-08-05 09:21:00,2.75,2.75,2.75,2.75,0,51.575634,31500,56.55,57.0
2021-08-05 09:22:00,2.75,2.75,2.7,2.7,21000,49.702392,73500,56.65,57.0
2021-08-05 09:23:00,2.75,2.75,2.7,2.7,42000,49.222085,73500,56.7,57.0
2021-08-05 09:24:00,2.7,2.7,2.7,2.7,0,49.222085,73500,56.55,57.0
2021-08-05 09:25:00,2.7,2.7,2.7,2.7,0,49.222085,73500,56.4,56.0
2021-08-05 09:26:00,2.7,2.7,2.7,2.7,0,49.222085,73500,56.7,57.0
2021-08-05 09:27:00,2.7,2.7,2.7,2.7,0,49.222085,73500,56.7,57.0
2021-08-05 09:28:00,2.7,2.7,2.7,2.7,0,49.222085,73500,56.7,57.0
2021-08-05 09:29:00,2.7,2.7,2.7,2.7,0,49.222085,73500,56.7,57.0
2021-08-05 09:30:00,2.7,2.7,2.7,2.7,0,49.222085,73500,56.7,57.0
2021-08-05 09:31:00,2.7,2.7,2.7,2.7,0,49.222085,73500,56.7,57.0
2021-08-05 09:32:00,2.7,2.7,2.7,2.7,0,49.222085,73500,55.8,56.0
2021-08-05 09:33:00,2.7,2.7,2.7,2.7,0,49.222085,73500,55.7,56.0
2021-08-05 09:34:00,2.7,2.7,2.7,2.7,0,49.222085,73500,55.7,56.0
2021-08-05 09:35:00,2.7,2.7,2.7,2.7,0,49.222085,73500,56.1,56.0
2021-08-05 09:36:00,2.7,2.7,2.7,2.7,0,49.222085,73500,56.1,56.0
2021-08-05 09:37:00,2.7,2.7,2.7,2.7,0,49.222085,73500,56.7,57.0
2021-08-05 09:38:00,2.7,2.7,2.7,2.7,0,49.222085,73500,56.7,57.0
2021-08-05 09:39:00,2.7,2.7,2.7,2.7,0,49.222085,73500,56.7,57.0
2021-08-05 09:40:00,2.7,2.7,2.7,2.7,0,49.222085,73500,56.7,57.0
2021-08-05 09:41:00,2.7,2.7,2.7,2.7,0,49.222085,73500,56.7,57.0
2021-08-05 09:42:00,2.7,2.7,2.7,2.7,0,49.222085,73500,56.7,57.0
2021-08-05 09:43:00,2.7,2.7,2.7,2.7,0,49.222085,73500,56.7,57.0
2021-08-05 09:44:00,2.7,2.7,2.7,2.7,0,49.222085,73500,56.7,57.0
2021-08-05 09:45:00,2.7,2.7,2.7,2.7,0,49.222085,73500,56.05,56.0
2021-08-05 09:46:00,2.7,2.7,2.7,2.7,0,49.222085,73500,56.7,57.0
2021-08-05 09:47:00,2.7,2.7,2.7,2.7,0,49.222085,73500,56.7,57.0
2021-08-05 09:48:00,2.7,2.7,2.7,2.7,0,49.222085,73500,56.7,57.0
2021-08-05 09:49:00,2.7,2.7,2.7,2.7,0,49.222085,73500,56.7,57.0
2021-08-05 09:50:00,2.7,2.7,2.7,2.7,0,49.222085,73500,56.7,57.0
2021-08-05 09:51:00,2.7,2.7,2.7,2.7,0,49.222085,73500,56.7,57.0
2021-08-05 09:52:00,2.7,2.7,2.7,2.7,0,49.222085,73500,56.7,57.0
2021-08-05 09:53:00,2.7,2.7,2.7,2.7,0,49.222085,73500,56.7,57.0
2021-08-05 09:54:00,2.8,2.8,2.8,2.8,10500,49.566672,52500,55.95,56.0
2021-08-05 09:55:00,2.8,2.8,2.8,2.8,0,49.566672,52500,55.95,56.0
2021-08-05 09:56:00,2.8,2.8,2.8,2.8,0,49.566672,52500,55.95,56.0
2021-08-05 09:57:00,2.8,2.8,2.8,2.8,0,49.566672,52500,55.8,56.0
2021-08-05 09:58:00,2.7,2.7,2.7,2.7,21000,51.169129,73500,55.6,56.0
2021-08-05 09:59:00,2.7,2.7,2.7,2.7,0,51.169129,73500,55.55,56.0
2021-08-05 10:00:00,3.1,3.1,3.05,3.05,73500,49.463947,525000,55.5,55.0
2021-08-05 10:01:00,3.05,3.05,3.05,3.05,10500,50.008993,525000,55.45,55.0
2021-08-05 10:02:00,3.05,3.05,3.05,3.05,0,50.008993,525000,55.45,55.0
2021-08-05 10:03:00,3.05,3.05,3.05,3.05,0,50.008993,525000,55.45,55.0
2021-08-05 10:04:00,2.95,2.95,2.95,2.95,21000,49.723053,493500,55.3,55.0
2021-08-05 10:05:00,2.95,2.95,2.95,2.95,0,49.723053,493500,55.3,55.0
2021-08-05 10:06:00,2.95,2.95,2.95,2.95,0,49.723053,493500,55.3,55.0
2021-08-05 10:07:00,3.0,3.0,3.0,3.0,10500,51.737594,493500,55.2,55.0
2021-08-05 10:08:00,3.0,3.0,2.9,2.9,10500,50.363554,493500,55.15,55.0
2021-08-05 10:09:00,2.95,2.95,2.95,2.95,31500,50.788854,546000,55.2,55.0
2021-08-05 10:10:00,2.95,2.95,2.95,2.95,0,50.788854,546000,55.2,55.0
2021-08-05 10:11:00,2.95,2.95,2.95,2.95,0,50.788854,546000,55.2,55.0
2021-08-05 10:12:00,2.95,2.95,2.95,2.95,0,50.788854,546000,55.2,55.0
2021-08-05 10:13:00,2.95,2.95,2.95,2.95,0,50.788854,546000,55.2,55.0
2021-08-05 10:14:00,2.95,2.95,2.95,2.95,0,50.788854,546000,55.2,55.0
2021-08-05 10:15:00,2.95,3.0,2.95,3.0,10500,51.745166,556500,55.2,55.0
2021-08-05 10:16:00,3.0,3.0,3.0,3.0,0,51.745166,556500,55.2,55.0
2021-08-05 10:17:00,3.0,3.0,3.0,3.0,0,51.745166,556500,55.2,55.0
2021-08-05 10:18:00,3.0,3.05,3.0,3.0,42000,50.687036,567000,55.3,55.0
2021-08-05 10:19:00,3.0,3.0,3.0,3.0,0,50.687036,567000,55.3,55.0
2021-08-05 10:20:00,3.0,3.0,3.0,3.0,0,50.687036,567000,55.3,55.0
2021-08-05 10:21:00,3.0,3.0,3.0,3.0,10500,50.154804,609000,55.35,55.0
2021-08-05 10:22:00,3.0,3.0,3.0,3.0,0,50.154804,609000,55.35,55.0
2021-08-05 10:23:00,3.0,3.0,3.0,3.0,0,50.154804,609000,55.35,55.0
2021-08-05 10:24:00,3.0,3.0,3.0,3.0,0,50.154804,609000,55.4,55.0
2021-08-05 10:25:00,3.0,3.0,3.0,3.0,0,50.154804,609000,55.35,55.0
2021-08-05 10:26:00,3.0,3.0,3.0,3.0,0,50.154804,609000,55.35,55.0
2021-08-05 10:27:00,3.0,3.05,3.0,3.05,10500,51.646639,630000,55.3,55.0
2021-08-05 10:28:00,3.05,3.05,3.05,3.05,0,51.646639,630000,55.3,55.0
2021-08-05 10:29:00,3.05,3.05,3.05,3.05,0,51.646639,630000,55.3,55.0
2021-08-05 10:30:00,3.05,3.05,3.05,3.05,0,51.646639,630000,55.3,55.0
2021-08-05 10:31:00,3.05,3.05,3.05,3.05,0,51.646639,630000,55.3,55.0
2021-08-05 10:32:00,3.05,3.05,3.05,3.05,0,51.646639,630000,55.3,55.0
2021-08-05 10:33:00,3.05,3.05,3.05,3.05,0,51.646639,630000,55.3,55.0
2021-08-05 10:34:00,3.05,3.05,3.05,3.05,0,51.646639,630000,55.3,55.0
2021-08-05 10:35:00,3.05,3.05,3.05,3.05,0,51.646639,630000,55.3,55.0
2021-08-05 10:36:00,2.8,2.9,2.8,2.9,31500,49.33342,703500,55.25,55.0
2021-08-05 10:37:00,2.9,2.9,2.9,2.9,0,49.33342,703500,55.3,55.0
2021-08-05 10:38:00,2.9,2.9,2.9,2.9,0,49.33342,703500,55.25,55.0
2021-08-05 10:39:00,2.9,2.9,2.9,2.9,0,49.33342,703500,55.25,55.0
2021-08-05 10:40:00,3.0,3.0,3.0,3.0,10500,50.707527,693000,55.3,55.0
2021-08-05 10:41:00,3.0,3.05,3.0,3.05,21000,50.587036,693000,55.4,55.0
2021-08-05 10:42:00,3.05,3.05,3.05,3.05,0,50.587036,693000,55.35,55.0
2021-08-05 10:43:00,3.05,3.1,3.05,3.1,10500,51.540897,703500,55.4,55.0
2021-08-05 10:44:00,3.1,3.1,3.1,3.1,0,51.540897,703500,55.4,55.0
2021-08-05 10:45:00,3.1,3.1,3.1,3.1,0,51.540897,703500,55.4,55.0
2021-08-05 10:46:00,2.7,2.7,2.7,2.7,73500,50.234918,220500,55.7,56.0
2021-08-05 10:47:00,2.7,2.7,2.7,2.7,0,50.234918,220500,55.9,56.0
2021-08-05 10:48:00,2.7,2.7,2.7,2.7,0,50.234918,220500,55.9,56.0
2021-08-05 10:49:00,2.75,2.75,2.75,2.75,10500,49.686229,210000,55.85,56.0
2021-08-05 10:50:00,2.75,2.8,2.75,2.8,10500,48.602806,210000,56.05,56.0
2021-08-05 10:51:00,2.8,2.8,2.8,2.8,0,48.602806,210000,55.9,56.0
2021-08-05 10:52:00,2.8,2.8,2.8,2.8,10500,50.122834,189000,55.9,56.0
2021-08-05 10:53:00,2.8,2.9,2.8,2.9,10500,49.962385,189000,56.1,56.0
2021-08-05 10:54:00,2.9,2.9,2.9,2.9,10500,50.983778,210000,56.0,56.0
2021-08-05 10:55:00,2.9,2.9,2.9,2.9,21000,50.4758,210000,56.05,56.0
2021-08-05 10:56:00,2.9,2.9,2.9,2.9,0,50.4758,210000,56.05,56.0
2021-08-05 10:57:00,2.9,2.9,2.9,2.9,0,50.4758,210000,56.05,56.0
2021-08-05 10:58:00,2.9,2.9,2.9,2.9,0,50.4758,210000,56.05,56.0
2021-08-05 10:59:00,2.9,2.9,2.9,2.9,0,50.4758,210000,56.05,56.0
2021-08-05 11:00:00,2.9,2.9,2.9,2.9,0,50.4758,210000,56.2,56.0
2021-08-05 11:01:00,2.9,2.9,2.9,2.9,0,50.4758,210000,56.05,56.0
2021-08-05 11:02:00,2.9,2.9,2.9,2.9,0,50.4758,210000,56.05,56.0
2021-08-05 11:03:00,2.9,2.9,2.9,2.9,0,50.4758,210000,56.05,56.0
2021-08-05 11:04:00,2.9,2.9,2.9,2.9,0,50.4758,210000,56.05,56.0
2021-08-05 11:05:00,2.9,2.95,2.9,2.95,10500,50.907807,189000,56.1,56.0
2021-08-05 11:06:00,2.95,2.95,2.95,2.95,0,50.907807,189000,56.1,56.0
2021-08-05 11:07:00,2.95,2.95,2.95,2.95,0,50.907807,189000,56.1,56.0
2021-08-05 11:08:00,2.95,2.95,2.95,2.95,0,50.907807,189000,56.1,56.0
2021-08-05 11:09:00,2.95,2.95,2.95,2.95,0,50.907807,189000,56.1,56.0
2021-08-05 11:10:00,2.95,2.95,2.95,2.95,0,50.907807,189000,56.35,56.0
2021-08-05 11:11:00,3.05,3.05,3.05,3.05,10500,50.708629,231000,56.3,56.0
2021-08-05 11:12:00,3.05,3.05,3.05,3.05,21000,50.709561,241500,56.3,56.0
2021-08-05 11:13:00,3.05,3.05,3.05,3.05,0,50.709561,241500,56.3,56.0
2021-08-05 11:14:00,3.05,3.05,3.05,3.05,0,50.709561,241500,56.3,56.0
2021-08-05 11:15:00,3.05,3.05,3.05,3.05,0,50.709561,241500,56.2,56.0
2021-08-05 11:16:00,3.05,3.05,3.05,3.05,0,50.709561,241500,56.3,56.0
2021-08-05 11:17:00,3.05,3.05,3.05,3.05,0,50.709561,241500,56.3,56.0
2021-08-05 11:18:00,2.7,2.7,2.7,2.7,10500,50.287591,567000,56.6,57.0
2021-08-05 11:19:00,3.2,3.2,3.2,3.2,10500,51.937791,210000,56.45,56.0
2021-08-05 11:20:00,3.2,3.2,3.2,3.2,0,51.937791,210000,56.4,56.0
2021-08-05 11:21:00,3.2,3.2,3.05,3.05,10500,49.663683,210000,56.4,56.0
2021-08-05 11:22:00,3.05,3.05,3.05,3.05,0,49.663683,210000,56.3,56.0
2021-08-05 11:23:00,3.05,3.05,3.05,3.05,10500,50.194192,210000,56.35,56.0
2021-08-05 11:24:00,3.05,3.05,3.05,3.05,0,50.194192,210000,56.35,56.0
2021-08-05 11:25:00,3.05,3.05,3.05,3.05,0,50.194192,210000,56.35,56.0
2021-08-05 11:26:00,3.05,3.05,3.05,3.05,0,50.194192,210000,56.25,56.0
2021-08-05 11:27:00,3.05,3.05,3.05,3.05,0,50.194192,210000,56.25,56.0
2021-08-05 11:28:00,3.05,3.05,3.05,3.05,10500,51.247228,189000,56.25,56.0
2021-08-05 11:29:00,3.05,3.05,3.05,3.05,0,51.247228,189000,56.25,56.0
2021-08-05 11:30:00,3.05,3.05,3.05,3.05,0,51.247228,189000,56.2,56.0
2021-08-05 11:31:00,3.05,3.05,3.05,3.05,0,51.247228,189000,56.25,56.0
2021-08-05 11:32:00,3.05,3.05,3.05,3.05,0,51.247228,189000,56.25,56.0
2021-08-05 11:33:00,3.05,3.05,3.05,3.05,0,51.247228,189000,56.25,56.0
2021-08-05 11:34:00,3.05,3.05,3.05,3.05,0,51.247228,189000,56.25,56.0
2021-08-05 11:35:00,3.05,3.05,3.05,3.05,0,51.247228,189000,55.95,56.0
2021-08-05 11:36:00,3.05,3.05,3.05,3.05,0,51.247228,189000,56.25,56.0
2021-08-05 11:37:00,3.05,3.05,3.05,3.05,0,51.247228,189000,56.25,56.0
2021-08-05 11:38:00,3.05,3.05,3.05,3.05,0,51.247228,189000,56.25,56.0
2021-08-05 11:39:00,3.05,3.05,3.05,3.05,0,51.247228,189000,56.25,56.0
2021-08-05 11:40:00,3.05,3.05,3.05,3.05,0,51.247228,189000,56.25,56.0
2021-08-05 11:41:00,3.05,3.05,3.05,3.05,0,51.247228,189000,56.25,56.0
2021-08-05 11:42:00,3.05,3.05,3.05,3.05,0,51.247228,189000,56.25,56.0
2021-08-05 11:43:00,3.05,3.05,3.05,3.05,0,51.247228,189000,56.25,56.0
2021-08-05 11:44:00,3.05,3.05,3.05,3.05,0,51.247228,189000,56.0,56.0
2021-08-05 11:45:00,3.05,3.05,3.05,3.05,0,51.247228,189000,56.05,56.0
2021-08-05 11:46:00,3.05,3.05,3.05,3.05,0,51.247228,189000,56.05,56.0
2021-08-05 11:47:00,3.05,3.05,3.05,3.05,0,51.247228,189000,56.25,56.0
2021-08-05 11:48:00,3.05,3.05,3.05,3.05,0,51.247228,189000,56.25,56.0
2021-08-05 11:49:00,3.05,3.05,3.05,3.05,0,51.247228,189000,56.4,56.0
2021-08-05 11:50:00,3.05,3.05,3.05,3.05,0,51.247228,189000,56.45,56.0
2021-08-05 11:51:00,3.05,3.05,3.05,3.05,0,51.247228,189000,56.25,56.0
2021-08-05 11:52:00,3.05,3.05,3.05,3.05,0,51.247228,189000,56.25,56.0
2021-08-05 11:53:00,3.05,3.05,3.05,3.05,0,51.247228,189000,56.45,56.0
2021-08-05 11:54:00,3.05,3.05,3.05,3.05,0,51.247228,189000,56.45,56.0
2021-08-05 11:55:00,3.05,3.05,3.05,3.05,0,51.247228,189000,56.4,56.0
2021-08-05 11:56:00,3.05,3.05,3.05,3.05,0,51.247228,189000,56.35,56.0
2021-08-05 11:57:00,3.05,3.05,3.05,3.05,0,51.247228,189000,56.45,56.0
2021-08-05 11:58:00,3.05,3.05,3.05,3.05,0,51.247228,189000,56.25,56.0
2021-08-05 11:59:00,3.05,3.05,3.05,3.05,0,51.247228,189000,56.25,56.0
2021-08-05 12:00:00,3.05,3.05,3.05,3.05,0,51.247228,189000,56.35,56.0
2021-08-05 12:01:00,3.05,3.05,3.05,3.05,0,51.247228,189000,56.25,56.0
2021-08-05 12:02:00,3.05,3.05,3.05,3.05,0,51.247228,189000,56.25,56.0
2021-08-05 12:03:00,3.1,3.1,2.95,2.95,21000,50.962021,241500,56.1,56.0
2021-08-05 12:04:00,2.95,2.95,2.95,2.95,0,50.962021,241500,56.1,56.0
2021-08-05 12:05:00,2.95,2.95,2.95,2.95,0,50.962021,241500,56.1,56.0
2021-08-05 12:06:00,2.95,2.95,2.95,2.95,0,50.962021,241500,56.1,56.0
2021-08-05 12:07:00,2.95,2.95,2.95,2.95,0,50.962021,241500,56.1,56.0
2021-08-05 12:08:00,2.95,2.95,2.95,2.95,0,50.962021,241500,56.1,56.0
2021-08-05 12:09:00,2.95,2.95,2.95,2.95,0,50.962021,241500,56.1,56.0
2021-08-05 12:10:00,2.95,2.95,2.95,2.95,0,50.962021,241500,56.1,56.0
2021-08-05 12:11:00,2.95,2.95,2.95,2.95,0,50.962021,241500,56.1,56.0
2021-08-05 12:12:00,2.95,2.95,2.95,2.95,0,50.962021,241500,56.1,56.0
2021-08-05 12:13:00,2.95,2.95,2.95,2.95,0,50.962021,241500,56.1,56.0
2021-08-05 12:14:00,2.95,2.95,2.95,2.95,0,50.962021,241500,56.1,56.0
2021-08-05 12:15:00,2.95,2.95,2.95,2.95,0,50.962021,241500,56.1,56.0
2021-08-05 12:16:00,2.95,2.95,2.95,2.95,0,50.962021,241500,56.1,56.0
2021-08-05 12:17:00,2.95,2.95,2.95,2.95,0,50.962021,241500,56.1,56.0
2021-08-05 12:18:00,2.95,2.95,2.95,2.95,0,50.962021,241500,56.1,56.0
2021-08-05 12:19:00,2.95,2.95,2.95,2.95,0,50.962021,241500,56.1,56.0
2021-08-05 12:20:00,2.95,2.95,2.95,2.95,0,50.962021,241500,56.1,56.0
2021-08-05 12:21:00,2.95,2.95,2.95,2.95,0,50.962021,241500,56.1,56.0
2021-08-05 12:22:00,2.95,2.95,2.95,2.95,0,50.962021,241500,56.1,56.0
2021-08-05 12:23:00,2.95,2.95,2.95,2.95,0,50.962021,241500,56.1,56.0
2021-08-05 12:24:00,2.95,2.95,2.95,2.95,0,50.962021,241500,56.1,56.0
2021-08-05 12:25:00,2.95,2.95,2.95,2.95,0,50.962021,241500,56.05,56.0
2021-08-05 12:26:00,2.95,2.95,2.95,2.95,0,50.962021,241500,56.1,56.0
2021-08-05 12:27:00,2.95,2.95,2.95,2.95,0,50.962021,241500,56.1,56.0
2021-08-05 12:28:00,2.95,2.95,2.95,2.95,0,50.962021,241500,56.1,56.0
2021-08-05 12:29:00,2.95,2.95,2.95,2.95,0,50.962021,241500,56.1,56.0
2021-08-05 12:30:00,2.95,2.95,2.95,2.95,0,50.962021,241500,56.1,56.0
2021-08-05 12:31:00,2.95,2.95,2.95,2.95,0,50.962021,241500,56.1,56.0
2021-08-05 12:32:00,2.95,2.95,2.95,2.95,0,50.962021,241500,56.1,56.0
2021-08-05 12:33:00,2.95,2.95,2.95,2.95,0,50.962021,241500,56.1,56.0
2021-08-05 12:34:00,2.95,2.95,2.95,2.95,0,50.962021,241500,56.1,56.0
2021-08-05 12:35:00,2.85,2.85,2.85,2.85,10500,50.142405,273000,56.0,56.0
2021-08-05 12:36:00,2.85,2.85,2.85,2.85,0,50.142405,273000,56.0,56.0
2021-08-05 12:37:00,2.85,2.85,2.85,2.85,0,50.142405,273000,56.0,56.0
2021-08-05 12:38:00,2.8,2.8,2.8,2.8,10500,51.221332,273000,55.8,56.0
2021-08-05 12:39:00,2.8,2.8,2.8,2.8,0,51.221332,273000,55.9,56.0
2021-08-05 12:40:00,2.8,2.8,2.8,2.8,0,51.221332,273000,55.8,56.0
2021-08-05 12:41:00,2.8,2.8,2.8,2.8,0,51.221332,273000,55.8,56.0
2021-08-05 12:42:00,2.8,2.8,2.8,2.8,0,51.221332,273000,55.8,56.0
2021-08-05 12:43:00,2.8,2.8,2.8,2.8,0,51.221332,273000,55.8,56.0
2021-08-05 12:44:00,2.8,2.8,2.8,2.8,0,51.221332,273000,55.8,56.0
2021-08-05 12:45:00,2.8,2.8,2.8,2.8,0,51.221332,273000,55.8,56.0
2021-08-05 12:46:00,2.8,2.8,2.8,2.8,0,51.221332,273000,56.0,56.0
2021-08-05 12:47:00,2.9,2.9,2.9,2.9,10500,50.57974,273000,56.05,56.0
2021-08-05 12:48:00,2.9,2.9,2.9,2.9,0,50.57974,273000,56.05,56.0
2021-08-05 12:49:00,2.9,2.9,2.9,2.9,0,50.57974,273000,56.05,56.0
2021-08-05 12:50:00,2.9,2.9,2.9,2.9,0,50.57974,273000,56.1,56.0
2021-08-05 12:51:00,2.9,2.9,2.9,2.9,0,50.57974,273000,56.05,56.0
2021-08-05 12:52:00,2.9,2.9,2.9,2.9,0,50.57974,273000,56.05,56.0
2021-08-05 12:53:00,2.9,2.9,2.9,2.9,0,50.57974,273000,56.1,56.0
2021-08-05 12:54:00,2.9,2.9,2.9,2.9,0,50.57974,273000,56.1,56.0
2021-08-05 12:55:00,2.9,2.9,2.9,2.9,0,50.57974,273000,56.05,56.0
2021-08-05 12:56:00,2.9,2.9,2.9,2.9,0,50.57974,273000,56.05,56.0
2021-08-05 12:57:00,2.9,2.9,2.9,2.9,0,50.57974,273000,56.05,56.0
2021-08-05 12:58:00,2.9,2.9,2.9,2.9,0,50.57974,273000,56.05,56.0
2021-08-05 12:59:00,2.9,2.9,2.9,2.9,0,50.57974,273000,56.0,56.0
2021-08-05 13:00:00,2.9,2.9,2.9,2.9,0,50.57974,273000,56.05,56.0
2021-08-05 13:01:00,2.9,2.9,2.9,2.9,0,50.57974,273000,56.05,56.0
2021-08-05 13:02:00,2.9,2.9,2.9,2.9,0,50.57974,273000,56.05,56.0
2021-08-05 13:03:00,2.9,2.9,2.9,2.9,0,50.57974,273000,56.05,56.0
2021-08-05 13:04:00,2.9,2.9,2.9,2.9,0,50.57974,273000,56.05,56.0
2021-08-05 13:05:00,2.9,2.9,2.9,2.9,0,50.57974,273000,56.05,56.0
2021-08-05 13:06:00,2.9,2.9,2.9,2.9,0,50.57974,273000,56.05,56.0
2021-08-05 13:07:00,2.9,2.9,2.9,2.9,0,50.57974,273000,56.0,56.0
2021-08-05 13:08:00,2.9,2.9,2.9,2.9,0,50.57974,273000,56.0,56.0
2021-08-05 13:09:00,2.9,2.9,2.9,2.9,0,50.57974,273000,56.05,56.0
2021-08-05 13:10:00,2.9,2.9,2.9,2.9,0,50.57974,273000,56.05,56.0
2021-08-05 13:11:00,2.9,2.9,2.9,2.9,0,50.57974,273000,56.05,56.0
2021-08-05 13:12:00,2.9,2.9,2.9,2.9,0,50.57974,273000,56.05,56.0
2021-08-05 13:13:00,2.9,2.9,2.9,2.9,0,50.57974,273000,56.05,56.0
2021-08-05 13:14:00,2.9,2.9,2.9,2.9,0,50.57974,273000,56.05,56.0
2021-08-05 13:15:00,2.9,2.9,2.9,2.9,0,50.57974,273000,56.05,56.0
2021-08-05 13:16:00,2.9,2.9,2.9,2.9,0,50.57974,273000,56.05,56.0
2021-08-05 13:17:00,2.9,2.9,2.9,2.9,0,50.57974,273000,56.0,56.0
2021-08-05 13:18:00,2.9,2.9,2.9,2.9,0,50.57974,273000,55.95,56.0
2021-08-05 13:19:00,2.9,2.9,2.9,2.9,0,50.57974,273000,56.0,56.0
2021-08-05 13:20:00,2.9,2.9,2.9,2.9,0,50.57974,273000,56.0,56.0
2021-08-05 13:21:00,2.9,2.9,2.9,2.9,0,50.57974,273000,56.05,56.0
2021-08-05 13:22:00,2.9,2.9,2.9,2.9,0,50.57974,273000,56.05,56.0
2021-08-05 13:23:00,2.9,2.9,2.9,2.9,0,50.57974,273000,56.05,56.0
2021-08-05 13:24:00,2.9,2.9,2.9,2.9,0,50.57974,273000,56.05,56.0
2021-08-05 13:25:00,2.9,2.9,2.9,2.9,0,50.57974,273000,56.05,56.0
2021-08-05 13:26:00,2.9,2.9,2.9,2.9,0,50.57974,273000,56.0,56.0
2021-08-05 13:27:00,2.9,2.9,2.9,2.9,0,50.57974,273000,56.05,56.0
2021-08-05 13:28:00,2.9,2.9,2.9,2.9,0,50.57974,273000,56.05,56.0
2021-08-05 13:29:00,2.8,2.85,2.8,2.85,10500,49.682257,325500,56.05,56.0
2021-08-05 13:30:00,2.85,2.85,2.85,2.85,0,49.682257,325500,56.05,56.0
2021-08-05 13:31:00,2.85,2.85,2.85,2.85,0,49.682257,325500,56.05,56.0
2021-08-05 13:32:00,2.85,2.85,2.85,2.85,0,49.682257,325500,56.05,56.0
2021-08-05 13:33:00,2.85,2.85,2.85,2.85,0,49.682257,325500,56.05,56.0
2021-08-05 13:34:00,2.85,2.85,2.85,2.85,0,49.682257,325500,56.15,56.0
2021-08-05 13:35:00,2.85,2.85,2.85,2.85,0,49.682257,325500,56.15,56.0
2021-08-05 13:36:00,3.0,3.0,3.0,3.0,10500,51.470442,325500,56.15,56.0
2021-08-05 13:37:00,3.0,3.0,3.0,3.0,0,51.470442,325500,56.1,56.0
2021-08-05 13:38:00,3.0,3.0,3.0,3.0,0,51.470442,325500,56.15,56.0
2021-08-05 13:39:00,3.0,3.0,3.0,3.0,0,51.470442,325500,56.15,56.0
2021-08-05 13:40:00,3.0,3.0,3.0,3.0,0,51.470442,325500,56.15,56.0
2021-08-05 13:41:00,3.0,3.0,3.0,3.0,0,51.470442,325500,56.15,56.0
2021-08-05 13:42:00,3.05,3.05,3.0,3.0,10500,50.957843,336000,56.2,56.0
2021-08-05 13:43:00,3.0,3.0,3.0,3.0,0,50.957843,336000,56.2,56.0
2021-08-05 13:44:00,3.0,3.0,3.0,3.0,0,50.957843,336000,56.2,56.0
2021-08-05 13:45:00,3.0,3.0,3.0,3.0,0,50.957843,336000,56.15,56.0
2021-08-05 13:46:00,3.0,3.0,3.0,3.0,0,50.957843,336000,56.1,56.0
2021-08-05 13:47:00,3.0,3.0,3.0,3.0,0,50.957843,336000,56.2,56.0
2021-08-05 13:48:00,3.0,3.0,3.0,3.0,0,50.957843,336000,56.15,56.0
2021-08-05 13:49:00,3.0,3.0,3.0,3.0,0,50.957843,336000,56.2,56.0
2021-08-05 13:50:00,3.0,3.0,3.0,3.0,0,50.957843,336000,56.2,56.0
2021-08-05 13:51:00,3.0,3.0,3.0,3.0,0,50.957843,336000,56.2,56.0
2021-08-05 13:52:00,3.0,3.0,3.0,3.0,0,50.957843,336000,56.2,56.0
2021-08-05 13:53:00,3.0,3.0,3.0,3.0,0,50.957843,336000,56.2,56.0
2021-08-05 13:54:00,3.0,3.0,3.0,3.0,0,50.957843,336000,56.2,56.0
2021-08-05 13:55:00,3.0,3.0,3.0,3.0,0,50.957843,336000,56.2,56.0
2021-08-05 13:56:00,3.0,3.0,3.0,3.0,0,50.957843,336000,56.2,56.0
2021-08-05 13:57:00,3.0,3.0,3.0,3.0,21000,50.450729,336000,56.25,56.0
2021-08-05 13:58:00,3.0,3.0,3.0,3.0,31500,49.92752,336000,56.3,56.0
2021-08-05 13:59:00,3.0,3.0,3.0,3.0,0,49.92752,336000,56.3,56.0
2021-08-05 14:00:00,3.0,3.0,3.0,3.0,0,49.92752,336000,56.3,56.0
2021-08-05 14:01:00,3.0,3.0,3.0,3.0,0,49.92752,336000,56.35,56.0
2021-08-05 14:02:00,3.0,3.0,3.0,3.0,0,49.92752,336000,56.35,56.0
2021-08-05 14:03:00,3.0,3.0,3.0,3.0,0,49.92752,336000,56.3,56.0
2021-08-05 14:04:00,3.0,3.0,3.0,3.0,0,49.92752,336000,56.35,56.0
2021-08-05 14:05:00,3.0,3.05,3.0,3.05,10500,50.871595,357000,56.3,56.0
2021-08-05 14:06:00,3.05,3.05,3.05,3.05,0,50.871595,357000,56.3,56.0
2021-08-05 14:07:00,3.05,3.05,3.05,3.05,0,50.871595,357000,56.3,56.0
2021-08-05 14:08:00,3.05,3.05,3.05,3.05,0,50.871595,357000,56.3,56.0
2021-08-05 14:09:00,3.05,3.05,3.05,3.05,0,50.871595,357000,56.3,56.0
2021-08-05 14:10:00,3.05,3.05,3.05,3.05,0,50.871595,357000,56.4,56.0
2021-08-05 14:11:00,3.05,3.05,3.05,3.05,0,50.871595,357000,56.4,56.0
2021-08-05 14:12:00,3.05,3.05,3.05,3.05,0,50.871595,357000,56.3,56.0
2021-08-05 14:13:00,3.05,3.05,3.05,3.05,0,50.871595,357000,56.3,56.0
2021-08-05 14:14:00,3.1,3.1,3.1,3.1,10500,50.228573,483000,56.45,56.0
2021-08-05 14:15:00,3.1,3.1,3.1,3.1,0,50.228573,483000,56.45,56.0
2021-08-05 14:16:00,3.1,3.1,3.1,3.1,0,50.228573,483000,56.45,56.0
2021-08-05 14:17:00,3.1,3.1,3.1,3.1,0,50.228573,483000,56.45,56.0
2021-08-05 14:18:00,3.1,3.1,3.1,3.1,0,50.228573,483000,56.45,56.0
2021-08-05 14:19:00,3.1,3.1,3.1,3.1,0,50.228573,483000,56.45,56.0
2021-08-05 14:20:00,3.1,3.1,3.1,3.1,0,50.228573,483000,56.45,56.0
2021-08-05 14:21:00,2.8,2.85,2.8,2.85,10500,49.801753,661500,56.95,57.0
2021-08-05 14:22:00,2.85,2.85,2.8,2.8,21000,49.871191,661500,56.85,57.0
2021-08-05 14:23:00,2.8,2.8,2.8,2.8,0,49.871191,661500,56.9,57.0
2021-08-05 14:24:00,2.8,2.8,2.8,2.8,0,49.871191,661500,56.85,57.0
2021-08-05 14:25:00,2.8,2.8,2.8,2.8,0,49.871191,661500,56.85,57.0
2021-08-05 14:26:00,2.8,2.8,2.8,2.8,0,49.871191,661500,56.85,57.0
2021-08-05 14:27:00,2.8,2.8,2.8,2.8,0,49.871191,661500,56.85,57.0
2021-08-05 14:28:00,2.85,2.85,2.85,2.85,10500,50.304473,703500,56.9,57.0
2021-08-05 14:29:00,2.85,2.9,2.85,2.9,21000,51.720898,703500,56.85,57.0
2021-08-05 14:30:00,2.85,2.85,2.85,2.85,21000,49.810029,703500,56.95,57.0
2021-08-05 14:31:00,2.85,2.85,2.85,2.85,0,49.810029,703500,56.8,57.0
2021-08-05 14:32:00,2.85,2.85,2.85,2.85,0,49.810029,703500,56.95,57.0
2021-08-05 14:33:00,2.85,2.85,2.85,2.85,0,49.810029,703500,56.95,57.0
2021-08-05 14:34:00,2.85,2.85,2.85,2.85,0,49.810029,703500,56.95,57.0
2021-08-05 14:35:00,2.85,2.9,2.85,2.9,10500,50.735961,745500,56.95,57.0
2021-08-05 14:36:00,2.9,2.9,2.9,2.9,0,50.735961,745500,57.0,57.0
2021-08-05 14:37:00,2.9,2.9,2.9,2.9,0,50.735961,745500,56.95,57.0
2021-08-05 14:38:00,2.9,2.9,2.9,2.9,0,50.735961,745500,56.95,57.0
2021-08-05 14:39:00,3.0,3.0,3.0,3.0,42000,50.570418,724500,57.15,57.0
2021-08-05 14:40:00,3.0,3.0,3.0,3.0,0,50.570418,724500,57.1,57.0
2021-08-05 14:41:00,3.0,3.0,3.0,3.0,31500,51.079171,724500,57.1,57.0
2021-08-05 14:42:00,3.0,3.0,2.95,3.0,31500,50.573223,724500,57.15,57.0
2021-08-05 14:43:00,3.05,3.05,3.05,3.05,10500,50.98595,787500,57.2,57.0
2021-08-05 14:44:00,3.05,3.05,3.05,3.05,0,50.98595,787500,57.2,57.0
2021-08-05 14:45:00,3.05,3.05,3.05,3.05,0,50.98595,787500,57.2,57.0
2021-08-05 14:46:00,3.05,3.05,3.05,3.05,0,50.98595,787500,57.3,57.0
2021-08-05 14:47:00,3.1,3.1,3.1,3.1,10500,52.420595,787500,57.15,57.0
2021-08-05 14:48:00,3.1,3.1,3.1,3.1,0,52.420595,787500,57.15,57.0
2021-08-05 14:49:00,3.1,3.1,3.1,3.1,0,52.420595,787500,57.15,57.0
2021-08-05 14:50:00,3.1,3.1,3.1,3.1,0,52.420595,787500,57.05,57.0
2021-08-05 14:51:00,3.1,3.1,3.1,3.1,0,52.420595,787500,57.15,57.0
2021-08-05 14:52:00,3.1,3.1,3.1,3.1,0,52.420595,787500,57.15,57.0
2021-08-05 14:53:00,3.0,3.0,3.0,3.0,10500,51.090485,777000,57.1,57.0
2021-08-05 14:54:00,3.0,3.05,3.0,3.05,21000,50.996317,777000,57.2,57.0
2021-08-05 14:55:00,3.05,3.05,3.05,3.05,0,50.996317,777000,57.2,57.0
2021-08-05 14:56:00,3.05,3.05,3.05,3.05,0,50.996317,777000,57.2,57.0
2021-08-05 14:57:00,3.05,3.05,3.05,3.05,0,50.996317,777000,57.15,57.0
2021-08-05 14:58:00,3.05,3.05,3.05,3.05,0,50.996317,777000,57.05,57.0
2021-08-05 14:59:00,3.05,3.05,3.05,3.05,0,50.996317,777000,57.2,57.0
2021-08-05 15:00:00,3.05,3.05,3.05,3.05,0,50.996317,777000,57.2,57.0
2021-08-05 15:01:00,3.05,3.05,3.05,3.05,0,50.996317,777000,57.2,57.0
2021-08-05 15:02:00,3.05,3.05,3.05,3.05,0,50.996317,777000,57.2,57.0
2021-08-05 15:03:00,3.05,3.05,3.05,3.05,0,50.996317,777000,57.15,57.0
2021-08-05 15:04:00,3.05,3.05,3.05,3.05,0,50.996317,777000,57.2,57.0
2021-08-05 15:05:00,3.05,3.05,3.05,3.05,0,50.996317,777000,57.2,57.0
2021-08-05 15:06:00,3.05,3.05,3.05,3.05,0,50.996317,777000,57.2,57.0
2021-08-05 15:07:00,3.05,3.05,3.05,3.05,0,50.996317,777000,57.2,57.0
2021-08-05 15:08:00,3.05,3.05,3.05,3.05,0,50.996317,777000,57.4,57.0
2021-08-05 15:09:00,3.2,3.2,3.2,3.2,10500,51.188282,777000,57.45,57.0
2021-08-05 15:10:00,3.2,3.2,3.2,3.2,10500,50.663196,777000,57.5,57.0
2021-08-05 15:11:00,3.2,3.2,3.2,3.2,0,50.663196,777000,57.5,57.0
2021-08-05 15:12:00,3.2,3.2,3.2,3.2,0,50.663196,777000,57.5,57.0
2021-08-05 15:13:00,3.2,3.2,3.2,3.2,10500,51.715154,787500,57.4,57.0
2021-08-05 15:14:00,3.2,3.2,3.2,3.2,0,51.715154,787500,57.4,57.0
2021-08-05 15:15:00,3.2,3.2,3.2,3.2,0,51.715154,787500,57.4,57.0
2021-08-05 15:16:00,3.2,3.2,3.2,3.2,0,51.715154,787500,57.4,57.0
2021-08-05 15:17:00,3.2,3.2,3.2,3.2,0,51.715154,787500,57.4,57.0
2021-08-05 15:18:00,3.05,3.05,3.05,3.05,10500,50.506463,787500,57.25,57.0
2021-08-05 15:19:00,3.05,3.05,3.05,3.05,0,50.506463,787500,57.25,57.0
2021-08-05 15:20:00,3.05,3.05,3.05,3.05,0,50.506463,787500,57.25,57.0
2021-08-05 15:21:00,3.05,3.05,3.05,3.05,0,50.506463,787500,57.25,57.0
2021-08-05 15:22:00,3.05,3.05,3.05,3.05,0,50.506463,787500,57.25,57.0
2021-08-05 15:23:00,3.05,3.05,3.05,3.05,0,50.506463,787500,57.25,57.0
2021-08-05 15:24:00,3.05,3.05,3.05,3.05,0,50.506463,787500,57.25,57.0
2021-08-05 15:25:00,3.05,3.05,3.05,3.05,0,50.506463,787500,57.25,57.0
2021-08-05 15:26:00,3.05,3.05,3.05,3.05,0,50.506463,787500,57.25,57.0
2021-08-05 15:27:00,3.05,3.05,3.05,3.05,0,50.506463,787500,57.15,57.0
2021-08-05 15:28:00,3.05,3.05,3.05,3.05,0,50.506463,787500,57.25,57.0
2021-08-05 15:29:00,3.05,3.05,3.05,3.05,0,50.506463,787500,57.25,57.0
2021-08-09 09:23:00,2.9,2.9,2.75,2.75,52500,51.910181,829500,57.1,57.0
2021-08-09 09:24:00,2.75,2.75,2.75,2.75,0,51.910181,829500,57.1,57.0
2021-08-09 09:25:00,2.75,2.75,2.75,2.75,0,51.910181,829500,57.1,57.0
2021-08-09 09:26:00,2.75,2.75,2.75,2.75,0,51.910181,829500,57.1,57.0
2021-08-09 09:27:00,2.75,2.75,2.75,2.75,0,51.910181,829500,57.1,57.0
2021-08-09 09:28:00,2.75,2.75,2.75,2.75,0,51.910181,829500,57.15,57.0
2021-08-09 09:29:00,2.75,2.75,2.75,2.75,0,51.910181,829500,57.1,57.0
2021-08-09 09:30:00,2.75,2.75,2.75,2.75,0,51.910181,829500,57.1,57.0
2021-08-09 09:31:00,2.75,2.75,2.75,2.75,0,51.910181,829500,57.1,57.0
2021-08-09 09:32:00,2.75,2.75,2.75,2.75,0,51.910181,829500,57.1,57.0
2021-08-09 09:33:00,2.75,2.75,2.75,2.75,0,51.910181,829500,57.1,57.0
2021-08-09 09:34:00,2.75,2.75,2.75,2.75,0,51.910181,829500,57.1,57.0
2021-08-09 09:35:00,2.75,2.75,2.75,2.75,0,51.910181,829500,57.1,57.0
2021-08-09 09:36:00,2.75,2.75,2.75,2.75,0,51.910181,829500,57.1,57.0
2021-08-09 09:37:00,2.75,2.75,2.75,2.75,0,51.910181,829500,57.1,57.0
2021-08-09 09:38:00,2.75,2.75,2.75,2.75,0,51.910181,829500,57.1,57.0
2021-08-09 09:39:00,2.75,2.75,2.75,2.75,0,51.910181,829500,57.1,57.0
2021-08-09 09:40:00,2.75,2.75,2.75,2.75,0,51.910181,829500,57.1,57.0
2021-08-09 09:41:00,2.75,2.75,2.75,2.75,0,51.910181,829500,57.1,57.0
2021-08-09 09:42:00,2.75,2.75,2.75,2.75,0,51.910181,829500,57.1,57.0
2021-08-09 09:43:00,2.75,2.75,2.75,2.75,0,51.910181,829500,57.1,57.0
2021-08-09 09:44:00,2.75,2.75,2.75,2.75,0,51.910181,829500,57.1,57.0
2021-08-09 09:45:00,2.75,2.75,2.75,2.75,0,51.910181,829500,57.1,57.0
2021-08-09 09:46:00,2.75,2.75,2.75,2.75,0,51.910181,829500,57.1,57.0
2021-08-09 09:47:00,2.75,2.75,2.75,2.75,0,51.910181,829500,57.1,57.0
2021-08-09 09:48:00,2.75,2.75,2.75,2.75,0,51.910181,829500,57.1,57.0
2021-08-09 09:49:00,2.75,2.75,2.75,2.75,0,51.910181,829500,57.1,57.0
2021-08-09 09:50:00,2.75,2.75,2.75,2.75,0,51.910181,829500,57.05,57.0
2021-08-09 09:51:00,2.75,2.75,2.75,2.75,0,51.910181,829500,57.1,57.0
2021-08-09 09:52:00,2.75,2.75,2.75,2.75,0,51.910181,829500,57.1,57.0
2021-08-09 09:53:00,2.75,2.75,2.75,2.75,0,51.910181,829500,57.1,57.0
2021-08-09 09:54:00,2.75,2.75,2.75,2.75,0,51.910181,829500,57.1,57.0
2021-08-09 09:55:00,2.75,2.75,2.75,2.75,0,51.910181,829500,57.1,57.0
2021-08-09 09:56:00,2.75,2.75,2.75,2.75,0,51.910181,829500,56.95,57.0
2021-08-09 09:57:00,2.75,2.75,2.75,2.75,0,51.910181,829500,57.1,57.0
2021-08-09 09:58:00,2.75,2.75,2.75,2.75,0,51.910181,829500,57.1,57.0
2021-08-09 09:59:00,2.75,2.75,2.75,2.75,0,51.910181,829500,57.1,57.0
2021-08-09 10:00:00,2.75,2.75,2.75,2.75,0,51.910181,829500,57.1,57.0
2021-08-09 10:01:00,2.75,2.75,2.75,2.75,0,51.910181,829500,57.1,57.0
2021-08-09 10:02:00,2.75,2.75,2.75,2.75,0,51.910181,829500,57.1,57.0
2021-08-09 10:03:00,2.7,2.7,2.6,2.6,10500,51.638837,903000,56.85,57.0
2021-08-09 10:04:00,2.6,2.6,2.6,2.6,0,51.638837,903000,56.8,57.0
2021-08-09 10:05:00,2.6,2.6,2.6,2.6,0,51.638837,903000,56.8,57.0
2021-08-09 10:06:00,2.6,2.6,2.6,2.6,126000,53.247284,903000,56.7,57.0
2021-08-09 10:07:00,2.6,2.6,2.6,2.6,0,53.247284,903000,56.7,57.0
2021-08-09 10:08:00,2.6,2.6,2.6,2.6,0,53.247284,903000,56.7,57.0
2021-08-09 10:09:00,2.6,2.6,2.6,2.6,0,53.247284,903000,56.7,57.0
2021-08-09 10:10:00,2.6,2.6,2.6,2.6,0,53.247284,903000,56.7,57.0
2021-08-09 10:11:00,2.6,2.6,2.6,2.6,0,53.247284,903000,56.7,57.0
2021-08-09 10:12:00,2.6,2.6,2.6,2.6,0,53.247284,903000,56.65,57.0
2021-08-09 10:13:00,2.6,2.6,2.6,2.6,0,53.247284,903000,56.75,57.0
2021-08-09 10:14:00,2.6,2.6,2.6,2.6,0,53.247284,903000,56.7,57.0
2021-08-09 10:15:00,2.6,2.6,2.6,2.6,0,53.247284,903000,56.7,57.0
2021-08-09 10:16:00,2.6,2.6,2.6,2.6,0,53.247284,903000,56.6,57.0
2021-08-09 10:17:00,2.6,2.6,2.6,2.6,10500,53.7901,997500,56.65,57.0
2021-08-09 10:18:00,2.6,2.6,2.6,2.6,0,53.7901,997500,56.65,57.0
2021-08-09 10:19:00,2.6,2.6,2.6,2.6,0,53.7901,997500,56.65,57.0
2021-08-09 10:20:00,2.6,2.6,2.6,2.6,0,53.7901,997500,56.65,57.0
2021-08-09 10:21:00,2.6,2.6,2.6,2.6,0,53.7901,997500,56.65,57.0
2021-08-09 10:22:00,2.6,2.6,2.6,2.6,0,53.7901,997500,56.65,57.0
2021-08-09 10:23:00,2.6,2.6,2.6,2.6,0,53.7901,997500,56.65,57.0
2021-08-09 10:24:00,2.6,2.6,2.6,2.6,0,53.7901,997500,56.65,57.0
2021-08-09 10:25:00,2.6,2.6,2.6,2.6,0,53.7901,997500,56.65,57.0
2021-08-09 10:26:00,2.6,2.6,2.6,2.6,0,53.7901,997500,56.65,57.0
2021-08-09 10:27:00,2.7,2.7,2.7,2.7,10500,52.617149,987000,56.95,57.0
2021-08-09 10:28:00,2.7,2.7,2.7,2.7,63000,52.071232,987000,57.0,57.0
2021-08-09 10:29:00,2.7,2.75,2.7,2.75,10500,53.08994,987000,57.0,57.0
2021-08-09 10:30:00,2.75,2.75,2.65,2.65,21000,52.146926,987000,56.9,57.0
2021-08-09 10:31:00,2.65,2.65,2.65,2.65,0,52.146926,987000,56.9,57.0
2021-08-09 10:32:00,2.65,2.65,2.65,2.65,0,52.146926,987000,56.9,57.0
2021-08-09 10:33:00,2.65,2.65,2.65,2.65,0,52.146926,987000,56.9,57.0
2021-08-09 10:34:00,2.65,2.65,2.65,2.65,0,52.146926,987000,56.9,57.0
2021-08-09 10:35:00,2.65,2.65,2.65,2.65,0,52.146926,987000,56.85,57.0
2021-08-09 10:36:00,2.65,2.65,2.65,2.65,0,52.146926,987000,56.9,57.0
2021-08-09 10:37:00,2.65,2.65,2.65,2.65,0,52.146926,987000,56.95,57.0
2021-08-09 10:38:00,2.65,2.65,2.65,2.65,0,52.146926,987000,56.9,57.0
2021-08-09 10:39:00,2.65,2.65,2.65,2.65,0,52.146926,987000,56.9,57.0
2021-08-09 10:40:00,2.65,2.65,2.65,2.65,0,52.146926,987000,56.95,57.0
2021-08-09 10:41:00,2.65,2.65,2.65,2.65,0,52.146926,987000,57.0,57.0
2021-08-09 10:42:00,2.65,2.65,2.65,2.65,0,52.146926,987000,56.9,57.0
2021-08-09 10:43:00,2.65,2.65,2.65,2.65,0,52.146926,987000,56.9,57.0
2021-08-09 10:44:00,2.65,2.65,2.65,2.65,0,52.146926,987000,56.9,57.0
2021-08-09 10:45:00,2.65,2.65,2.65,2.65,0,52.146926,987000,56.9,57.0
2021-08-09 10:46:00,2.65,2.65,2.65,2.65,0,52.146926,987000,56.9,57.0
2021-08-09 10:47:00,2.65,2.65,2.65,2.65,0,52.146926,987000,56.9,57.0
2021-08-09 10:48:00,2.65,2.65,2.65,2.65,0,52.146926,987000,56.9,57.0
2021-08-09 10:49:00,2.65,2.65,2.65,2.65,0,52.146926,987000,56.9,57.0
2021-08-09 10:50:00,2.65,2.65,2.65,2.65,0,52.146926,987000,56.7,57.0
2021-08-09 10:51:00,2.65,2.65,2.65,2.65,0,52.146926,987000,56.9,57.0
2021-08-09 10:52:00,2.65,2.65,2.65,2.65,0,52.146926,987000,56.9,57.0
2021-08-09 10:53:00,2.6,2.6,2.6,2.6,10500,52.76993,987000,56.75,57.0
2021-08-09 10:54:00,2.6,2.6,2.6,2.6,0,52.76993,987000,56.75,57.0
2021-08-09 10:55:00,2.6,2.6,2.6,2.6,0,52.76993,987000,56.75,57.0
2021-08-09 10:56:00,2.6,2.6,2.6,2.6,0,52.76993,987000,56.75,57.0
2021-08-09 10:57:00,2.6,2.6,2.6,2.6,0,52.76993,987000,56.75,57.0
2021-08-09 10:58:00,2.6,2.6,2.6,2.6,0,52.76993,987000,56.75,57.0
2021-08-09 10:59:00,2.6,2.6,2.6,2.6,0,52.76993,987000,56.75,57.0
2021-08-09 11:00:00,2.6,2.6,2.6,2.6,0,52.76993,987000,56.75,57.0
2021-08-09 11:01:00,2.6,2.6,2.6,2.6,0,52.76993,987000,56.75,57.0
2021-08-09 11:02:00,2.6,2.6,2.6,2.6,0,52.76993,987000,56.75,57.0
2021-08-09 11:03:00,2.6,2.6,2.6,2.6,0,52.76993,987000,56.75,57.0
2021-08-09 11:04:00,2.6,2.6,2.6,2.6,0,52.76993,987000,56.75,57.0
2021-08-09 11:05:00,2.6,2.6,2.6,2.6,0,52.76993,987000,56.75,57.0
2021-08-09 11:06:00,2.6,2.6,2.6,2.6,0,52.76993,987000,56.75,57.0
2021-08-09 11:07:00,2.6,2.6,2.6,2.6,0,52.76993,987000,56.75,57.0
2021-08-09 11:08:00,2.6,2.6,2.6,2.6,0,52.76993,987000,56.75,57.0
2021-08-09 11:09:00,2.55,2.55,2.55,2.55,10500,53.35852,1113000,56.6,57.0
2021-08-09 11:10:00,2.55,2.55,2.55,2.55,0,53.35852,1113000,56.65,57.0
2021-08-09 11:11:00,2.55,2.55,2.55,2.55,0,53.35852,1113000,56.6,57.0
2021-08-09 11:12:00,2.55,2.55,2.55,2.55,0,53.35852,1113000,56.6,57.0
2021-08-09 11:13:00,2.55,2.55,2.55,2.55,0,53.35852,1113000,56.6,57.0
2021-08-09 11:14:00,2.55,2.55,2.55,2.55,0,53.35852,1113000,56.6,57.0
2021-08-09 11:15:00,2.55,2.55,2.55,2.55,0,53.35852,1113000,56.6,57.0
2021-08-09 11:16:00,2.55,2.55,2.55,2.55,0,53.35852,1113000,56.6,57.0
2021-08-09 11:17:00,2.55,2.55,2.55,2.55,0,53.35852,1113000,56.6,57.0
2021-08-09 11:18:00,2.55,2.55,2.55,2.55,0,53.35852,1113000,56.6,57.0
2021-08-09 11:19:00,2.55,2.55,2.55,2.55,0,53.35852,1113000,56.6,57.0
2021-08-09 11:20:00,2.55,2.55,2.55,2.55,0,53.35852,1113000,56.6,57.0
2021-08-09 11:21:00,2.55,2.55,2.55,2.55,0,53.35852,1113000,56.6,57.0
2021-08-09 11:22:00,2.55,2.55,2.55,2.55,0,53.35852,1113000,56.6,57.0
2021-08-09 11:23:00,2.55,2.55,2.55,2.55,0,53.35852,1113000,56.6,57.0
2021-08-09 11:24:00,2.55,2.55,2.55,2.55,0,53.35852,1113000,56.6,57.0
2021-08-09 11:25:00,2.55,2.55,2.55,2.55,0,53.35852,1113000,56.6,57.0
2021-08-09 11:26:00,2.55,2.55,2.55,2.55,0,53.35852,1113000,56.6,57.0
2021-08-09 11:27:00,2.55,2.55,2.55,2.55,0,53.35852,1113000,56.75,57.0
2021-08-09 11:28:00,2.6,2.6,2.6,2.6,10500,53.3441,1123500,56.7,57.0
2021-08-09 11:29:00,2.6,2.6,2.6,2.6,0,53.3441,1123500,56.7,57.0
2021-08-09 11:30:00,2.6,2.6,2.6,2.6,0,53.3441,1123500,56.7,57.0
2021-08-09 11:31:00,2.6,2.6,2.6,2.6,0,53.3441,1123500,56.7,57.0
2021-08-09 11:32:00,2.6,2.6,2.6,2.6,0,53.3441,1123500,56.7,57.0
2021-08-09 11:33:00,2.6,2.6,2.6,2.6,0,53.3441,1123500,56.7,57.0
2021-08-09 11:34:00,2.55,2.55,2.55,2.55,63000,53.388085,1113000,56.6,57.0
2021-08-09 11:35:00,2.55,2.55,2.55,2.55,0,53.388085,1113000,56.6,57.0
2021-08-09 11:36:00,2.55,2.55,2.55,2.55,0,53.388085,1113000,56.6,57.0
2021-08-09 11:37:00,2.55,2.55,2.55,2.55,0,53.388085,1113000,56.6,57.0
2021-08-09 11:38:00,3.0,3.0,3.0,3.0,21000,53.607887,273000,56.5,56.0
2021-08-09 11:39:00,3.0,3.0,3.0,3.0,0,53.607887,273000,56.5,56.0
2021-08-09 11:40:00,3.0,3.0,3.0,3.0,0,53.607887,273000,56.5,56.0
2021-08-09 11:41:00,3.0,3.0,3.0,3.0,0,53.607887,273000,56.5,56.0
2021-08-09 11:42:00,3.0,3.0,3.0,3.0,0,53.607887,273000,56.5,56.0
2021-08-09 11:43:00,2.55,2.55,2.55,2.55,10500,53.398739,1228500,56.6,57.0
2021-08-09 11:44:00,2.55,2.55,2.55,2.55,0,53.398739,1228500,56.6,57.0
2021-08-09 11:45:00,2.55,2.55,2.55,2.55,0,53.398739,1228500,56.6,57.0
2021-08-09 11:46:00,2.55,2.55,2.55,2.55,0,53.398739,1228500,56.5,57.0
2021-08-09 11:47:00,2.55,2.55,2.55,2.55,0,53.398739,1228500,56.45,56.0
2021-08-09 11:48:00,2.55,2.55,2.55,2.55,0,53.398739,1228500,56.6,57.0
2021-08-09 11:49:00,2.55,2.55,2.55,2.55,0,53.398739,1228500,56.6,57.0
2021-08-09 11:50:00,2.9,2.9,2.9,2.9,10500,53.305624,273000,56.35,56.0
2021-08-09 11:51:00,2.9,2.9,2.9,2.9,10500,53.306817,273000,56.35,56.0
2021-08-09 11:52:00,2.85,2.85,2.85,2.85,10500,52.850387,294000,56.3,56.0
2021-08-09 11:53:00,2.85,2.85,2.85,2.85,0,52.850387,294000,56.3,56.0
2021-08-09 11:54:00,2.85,2.85,2.85,2.85,0,52.850387,294000,56.3,56.0
2021-08-09 11:55:00,2.85,2.85,2.8,2.8,31500,52.96713,304500,56.2,56.0
2021-08-09 11:56:00,2.8,2.8,2.8,2.8,0,52.96713,304500,56.2,56.0
2021-08-09 11:57:00,2.8,2.8,2.8,2.8,0,52.96713,304500,56.2,56.0
2021-08-09 11:58:00,2.8,2.8,2.8,2.8,0,52.96713,304500,56.15,56.0
2021-08-09 11:59:00,2.8,2.8,2.8,2.8,0,52.96713,304500,56.2,56.0
2021-08-09 12:00:00,2.8,2.8,2.8,2.8,0,52.96713,304500,56.2,56.0
2021-08-09 12:01:00,2.8,2.8,2.8,2.8,0,52.96713,304500,56.2,56.0
2021-08-09 12:02:00,2.8,2.8,2.8,2.8,0,52.96713,304500,56.2,56.0
2021-08-09 12:03:00,2.8,2.8,2.8,2.8,0,52.96713,304500,56.2,56.0
2021-08-09 12:04:00,2.8,2.8,2.8,2.8,0,52.96713,304500,56.15,56.0
2021-08-09 12:05:00,2.8,2.8,2.8,2.8,0,52.96713,304500,56.2,56.0
2021-08-09 12:06:00,2.8,2.8,2.8,2.8,0,52.96713,304500,56.2,56.0
2021-08-09 12:07:00,2.8,2.8,2.8,2.8,0,52.96713,304500,56.2,56.0
2021-08-09 12:08:00,2.8,2.8,2.8,2.8,0,52.96713,304500,56.2,56.0
2021-08-09 12:09:00,2.8,2.8,2.8,2.8,0,52.96713,304500,56.2,56.0
2021-08-09 12:10:00,2.8,2.8,2.8,2.8,0,52.96713,304500,56.2,56.0
2021-08-09 12:11:00,2.8,2.8,2.8,2.8,0,52.96713,304500,56.2,56.0
2021-08-09 12:12:00,2.8,2.8,2.8,2.8,0,52.96713,304500,56.2,56.0
2021-08-09 12:13:00,2.8,2.8,2.8,2.8,0,52.96713,304500,56.2,56.0
2021-08-09 12:14:00,2.8,2.8,2.8,2.8,0,52.96713,304500,56.2,56.0
2021-08-09 12:15:00,2.8,2.8,2.8,2.8,0,52.96713,304500,56.2,56.0
2021-08-09 12:16:00,2.8,2.8,2.8,2.8,0,52.96713,304500,56.1,56.0
2021-08-09 12:17:00,2.8,2.8,2.8,2.8,0,52.96713,304500,56.2,56.0
2021-08-09 12:18:00,2.8,2.8,2.8,2.8,0,52.96713,304500,56.2,56.0
2021-08-09 12:19:00,2.8,2.8,2.8,2.8,0,52.96713,304500,56.05,56.0
2021-08-09 12:20:00,2.8,2.8,2.8,2.8,0,52.96713,304500,56.2,56.0
2021-08-09 12:21:00,2.8,2.8,2.8,2.8,0,52.96713,304500,56.2,56.0
2021-08-09 12:22:00,2.7,2.7,2.7,2.7,21000,52.626006,336000,56.05,56.0
2021-08-09 12:23:00,2.7,2.7,2.7,2.7,0,52.626006,336000,56.05,56.0
2021-08-09 12:24:00,2.7,2.7,2.7,2.7,0,52.626006,336000,56.05,56.0
2021-08-09 12:25:00,2.7,2.7,2.7,2.7,0,52.626006,336000,56.1,56.0
2021-08-09 12:26:00,2.7,2.7,2.7,2.7,0,52.626006,336000,56.15,56.0
2021-08-09 12:27:00,2.7,2.7,2.7,2.7,0,52.626006,336000,56.15,56.0
2021-08-09 12:28:00,2.7,2.7,2.7,2.7,0,52.626006,336000,56.15,56.0
2021-08-09 12:29:00,2.7,2.7,2.7,2.7,0,52.626006,336000,56.1,56.0
2021-08-09 12:30:00,2.7,2.7,2.7,2.7,0,52.626006,336000,56.05,56.0
2021-08-09 12:31:00,2.7,2.7,2.7,2.7,0,52.626006,336000,56.05,56.0
2021-08-09 12:32:00,2.7,2.7,2.7,2.7,0,52.626006,336000,56.05,56.0
2021-08-09 12:33:00,2.7,2.7,2.7,2.7,0,52.626006,336000,56.05,56.0
2021-08-09 12:34:00,2.7,2.7,2.7,2.7,0,52.626006,336000,56.05,56.0
2021-08-09 12:35:00,2.7,2.7,2.7,2.7,0,52.626006,336000,56.05,56.0
2021-08-09 12:36:00,2.7,2.7,2.7,2.7,0,52.626006,336000,56.25,56.0
2021-08-09 12:37:00,2.7,2.75,2.7,2.75,21000,51.404053,367500,56.25,56.0
2021-08-09 12:38:00,2.75,2.75,2.75,2.75,0,51.404053,367500,56.25,56.0
2021-08-09 12:39:00,2.75,2.75,2.75,2.75,0,51.404053,367500,56.25,56.0
2021-08-09 12:40:00,2.75,2.8,2.75,2.8,10500,53.020468,357000,56.2,56.0
2021-08-09 12:41:00,2.8,2.8,2.8,2.8,0,53.020468,357000,56.2,56.0
2021-08-09 12:42:00,2.8,2.8,2.8,2.8,0,53.020468,357000,56.2,56.0
2021-08-09 12:43:00,2.8,2.8,2.8,2.8,0,53.020468,357000,56.2,56.0
2021-08-09 12:44:00,2.8,2.8,2.8,2.8,0,53.020468,357000,56.2,56.0
2021-08-09 12:45:00,2.8,2.8,2.8,2.8,0,53.020468,357000,56.2,56.0
2021-08-09 12:46:00,2.8,2.8,2.8,2.8,0,53.020468,357000,56.2,56.0
2021-08-09 12:47:00,2.8,2.8,2.8,2.8,0,53.020468,357000,56.2,56.0
2021-08-09 12:48:00,2.8,2.8,2.8,2.8,0,53.020468,357000,56.25,56.0
2021-08-09 12:49:00,2.8,2.8,2.8,2.8,0,53.020468,357000,56.2,56.0
2021-08-09 12:50:00,2.8,2.8,2.8,2.8,0,53.020468,357000,56.2,56.0
2021-08-09 12:51:00,2.8,2.8,2.8,2.8,0,53.020468,357000,56.2,56.0
2021-08-09 12:52:00,2.8,2.8,2.8,2.8,0,53.020468,357000,56.2,56.0
2021-08-09 12:53:00,2.8,2.8,2.8,2.8,0,53.020468,357000,56.25,56.0
2021-08-09 12:54:00,2.8,2.8,2.8,2.8,0,53.020468,357000,56.2,56.0
2021-08-09 12:55:00,2.8,2.8,2.8,2.8,0,53.020468,357000,56.2,56.0
2021-08-09 12:56:00,2.8,2.8,2.8,2.8,0,53.020468,357000,56.2,56.0
2021-08-09 12:57:00,2.8,2.8,2.8,2.8,0,53.020468,357000,56.2,56.0
2021-08-09 12:58:00,2.8,2.8,2.8,2.8,0,53.020468,357000,56.2,56.0
2021-08-09 12:59:00,2.8,2.8,2.8,2.8,0,53.020468,357000,56.2,56.0
2021-08-09 13:00:00,2.8,2.8,2.8,2.8,0,53.020468,357000,56.2,56.0
2021-08-09 13:01:00,2.8,2.8,2.8,2.8,0,53.020468,357000,56.2,56.0
2021-08-09 13:02:00,2.7,2.75,2.7,2.75,21000,51.432949,378000,56.25,56.0
2021-08-09 13:03:00,2.75,2.75,2.75,2.75,0,51.432949,378000,56.25,56.0
2021-08-09 13:04:00,2.75,2.75,2.75,2.75,0,51.432949,378000,56.25,56.0
2021-08-09 13:05:00,2.75,2.75,2.75,2.75,0,51.432949,378000,56.25,56.0
2021-08-09 13:06:00,2.75,2.75,2.75,2.75,0,51.432949,378000,56.25,56.0
2021-08-09 13:07:00,2.75,2.75,2.75,2.75,0,51.432949,378000,56.25,56.0
2021-08-09 13:08:00,2.75,2.75,2.75,2.75,0,51.432949,378000,56.25,56.0
2021-08-09 13:09:00,2.75,2.75,2.75,2.75,0,51.432949,378000,56.25,56.0
2021-08-09 13:10:00,2.75,2.75,2.75,2.75,0,51.432949,378000,56.25,56.0
2021-08-09 13:11:00,2.75,2.75,2.75,2.75,0,51.432949,378000,56.25,56.0
2021-08-09 13:12:00,2.75,2.75,2.75,2.75,0,51.432949,378000,56.25,56.0
2021-08-09 13:13:00,2.75,2.75,2.75,2.75,0,51.432949,378000,56.1,56.0
2021-08-09 13:14:00,2.75,2.75,2.75,2.75,0,51.432949,378000,56.15,56.0
2021-08-09 13:15:00,2.75,2.75,2.75,2.75,0,51.432949,378000,56.25,56.0
2021-08-09 13:16:00,2.75,2.75,2.75,2.75,0,51.432949,378000,56.25,56.0
2021-08-09 13:17:00,2.75,2.75,2.75,2.75,0,51.432949,378000,56.15,56.0
2021-08-09 13:18:00,2.75,2.75,2.75,2.75,0,51.432949,378000,56.25,56.0
2021-08-09 13:19:00,2.75,2.75,2.75,2.75,0,51.432949,378000,56.25,56.0
2021-08-09 13:20:00,2.75,2.75,2.75,2.75,0,51.432949,378000,56.1,56.0
2021-08-09 13:21:00,2.75,2.75,2.75,2.75,0,51.432949,378000,56.25,56.0
2021-08-09 13:22:00,2.75,2.75,2.75,2.75,0,51.432949,378000,56.25,56.0
2021-08-09 13:23:00,2.75,2.75,2.75,2.75,0,51.432949,378000,56.25,56.0
2021-08-09 13:24:00,2.75,2.75,2.75,2.75,0,51.432949,378000,56.25,56.0
2021-08-09 13:25:00,2.75,2.75,2.75,2.75,0,51.432949,378000,56.25,56.0
2021-08-09 13:26:00,2.75,2.75,2.75,2.75,0,51.432949,378000,56.25,56.0
2021-08-09 13:27:00,2.75,2.75,2.75,2.75,0,51.432949,378000,56.25,56.0
2021-08-09 13:28:00,2.75,2.75,2.75,2.75,0,51.432949,378000,56.25,56.0
2021-08-09 13:29:00,2.75,2.75,2.75,2.75,0,51.432949,378000,56.25,56.0
2021-08-09 13:30:00,2.75,2.75,2.75,2.75,0,51.432949,378000,56.25,56.0
2021-08-09 13:31:00,2.75,2.75,2.75,2.75,0,51.432949,378000,56.05,56.0
2021-08-09 13:32:00,2.75,2.75,2.75,2.75,0,51.432949,378000,56.25,56.0
2021-08-09 13:33:00,2.75,2.75,2.75,2.75,0,51.432949,378000,56.25,56.0
2021-08-09 13:34:00,2.75,2.75,2.75,2.75,0,51.432949,378000,55.95,56.0
2021-08-09 13:35:00,2.75,2.75,2.75,2.75,0,51.432949,378000,56.25,56.0
2021-08-09 13:36:00,2.75,2.75,2.75,2.75,0,51.432949,378000,56.25,56.0
2021-08-09 13:37:00,2.75,2.75,2.75,2.75,0,51.432949,378000,55.85,56.0
2021-08-09 13:38:00,2.75,2.75,2.75,2.75,0,51.432949,378000,56.25,56.0
2021-08-09 13:39:00,2.75,2.75,2.75,2.75,0,51.432949,378000,56.25,56.0
2021-08-09 13:40:00,2.75,2.75,2.75,2.75,0,51.432949,378000,56.25,56.0
2021-08-09 13:41:00,2.75,2.75,2.75,2.75,0,51.432949,378000,56.25,56.0
2021-08-09 13:42:00,2.4,2.4,2.35,2.35,10500,48.2163,493500,55.8,56.0
2021-08-09 13:43:00,2.35,2.35,2.35,2.35,0,48.2163,493500,55.8,56.0
2021-08-09 13:44:00,2.35,2.45,2.35,2.45,10500,50.299693,493500,55.8,56.0
2021-08-09 13:45:00,2.45,2.45,2.45,2.45,0,50.299693,493500,55.8,56.0
2021-08-09 13:46:00,2.45,2.45,2.45,2.45,0,50.299693,493500,55.8,56.0
2021-08-09 13:47:00,2.45,2.45,2.45,2.45,0,50.299693,493500,55.8,56.0
2021-08-09 13:48:00,2.45,2.45,2.45,2.45,0,50.299693,493500,55.8,56.0
2021-08-09 13:49:00,2.45,2.45,2.45,2.45,0,50.299693,493500,55.7,56.0
2021-08-09 13:50:00,2.45,2.45,2.45,2.45,0,50.299693,493500,55.65,56.0
2021-08-09 13:51:00,2.45,2.45,2.45,2.45,0,50.299693,493500,55.6,56.0
2021-08-09 13:52:00,2.45,2.45,2.45,2.45,0,50.299693,493500,55.8,56.0
2021-08-09 13:53:00,2.45,2.45,2.45,2.45,0,50.299693,493500,55.8,56.0
2021-08-09 13:54:00,2.35,2.35,2.35,2.35,94500,48.774178,556500,55.75,56.0
2021-08-09 13:55:00,2.4,2.45,2.4,2.45,21000,49.763394,556500,55.85,56.0
2021-08-09 13:56:00,2.45,2.45,2.45,2.45,0,49.763394,556500,55.85,56.0
2021-08-09 13:57:00,2.45,2.45,2.45,2.45,0,49.763394,556500,55.85,56.0
2021-08-09 13:58:00,2.45,2.45,2.45,2.45,0,49.763394,556500,55.85,56.0
2021-08-09 13:59:00,2.45,2.45,2.45,2.45,0,49.763394,556500,55.85,56.0
2021-08-09 14:00:00,2.45,2.45,2.45,2.45,0,49.763394,556500,55.85,56.0
2021-08-09 14:01:00,2.45,2.45,2.45,2.45,0,49.763394,556500,55.85,56.0
2021-08-09 14:02:00,2.5,2.6,2.5,2.6,10500,50.663864,640500,56.05,56.0
2021-08-09 14:03:00,2.6,2.6,2.6,2.6,0,50.663864,640500,56.05,56.0
2021-08-09 14:04:00,2.6,2.6,2.6,2.6,0,50.663864,640500,56.05,56.0
2021-08-09 14:05:00,2.6,2.6,2.6,2.6,0,50.663864,640500,56.15,56.0
2021-08-09 14:06:00,2.6,2.6,2.6,2.6,0,50.663864,640500,56.05,56.0
2021-08-09 14:07:00,2.6,2.6,2.6,2.6,0,50.663864,640500,56.05,56.0
2021-08-09 14:08:00,2.6,2.6,2.6,2.6,0,50.663864,640500,56.05,56.0
2021-08-09 14:09:00,2.6,2.6,2.6,2.6,0,50.663864,640500,56.05,56.0
2021-08-09 14:10:00,2.6,2.6,2.6,2.6,0,50.663864,640500,56.05,56.0
2021-08-09 14:11:00,2.6,2.6,2.6,2.6,0,50.663864,640500,56.05,56.0
2021-08-09 14:12:00,2.6,2.6,2.6,2.6,0,50.663864,640500,56.05,56.0
2021-08-09 14:13:00,2.6,2.6,2.6,2.6,0,50.663864,640500,56.05,56.0
2021-08-09 14:14:00,2.6,2.6,2.6,2.6,0,50.663864,640500,56.2,56.0
2021-08-09 14:15:00,2.6,2.6,2.6,2.6,0,50.663864,640500,56.05,56.0
2021-08-09 14:16:00,2.6,2.6,2.6,2.6,0,50.663864,640500,56.05,56.0
2021-08-09 14:17:00,2.6,2.6,2.6,2.6,0,50.663864,640500,56.2,56.0
2021-08-09 14:18:00,2.6,2.6,2.6,2.6,0,50.663864,640500,56.05,56.0
2021-08-09 14:19:00,2.6,2.6,2.6,2.6,0,50.663864,640500,56.05,56.0
2021-08-09 14:20:00,2.6,2.6,2.6,2.6,0,50.663864,640500,56.05,56.0
2021-08-09 14:21:00,2.6,2.6,2.6,2.6,0,50.663864,640500,56.05,56.0
2021-08-09 14:22:00,2.6,2.6,2.6,2.6,0,50.663864,640500,56.2,56.0
2021-08-09 14:23:00,2.6,2.6,2.6,2.6,0,50.663864,640500,56.05,56.0
2021-08-09 14:24:00,2.6,2.6,2.6,2.6,0,50.663864,640500,56.05,56.0
2021-08-09 14:25:00,2.6,2.6,2.6,2.6,0,50.663864,640500,56.2,56.0
2021-08-09 14:26:00,2.6,2.6,2.6,2.6,0,50.663864,640500,56.2,56.0
2021-08-09 14:27:00,2.6,2.6,2.6,2.6,0,50.663864,640500,56.05,56.0
2021-08-09 14:28:00,2.6,2.6,2.6,2.6,0,50.663864,640500,56.05,56.0
2021-08-09 14:29:00,2.6,2.6,2.6,2.6,0,50.663864,640500,56.05,56.0
2021-08-09 14:30:00,2.6,2.6,2.6,2.6,0,50.663864,640500,56.05,56.0
2021-08-09 14:31:00,2.6,2.6,2.6,2.6,0,50.663864,640500,56.4,56.0
2021-08-09 14:32:00,2.6,2.6,2.6,2.6,0,50.663864,640500,56.05,56.0
2021-08-09 14:33:00,2.6,2.6,2.6,2.6,0,50.663864,640500,56.05,56.0
2021-08-09 14:34:00,2.6,2.6,2.6,2.6,0,50.663864,640500,56.35,56.0
2021-08-09 14:35:00,2.6,2.6,2.6,2.6,0,50.663864,640500,56.05,56.0
2021-08-09 14:36:00,2.6,2.6,2.6,2.6,0,50.663864,640500,56.05,56.0
2021-08-09 14:37:00,2.6,2.6,2.6,2.6,0,50.663864,640500,56.05,56.0
2021-08-09 14:38:00,2.6,2.6,2.6,2.6,0,50.663864,640500,56.05,56.0
2021-08-09 14:39:00,2.8,2.8,2.8,2.8,10500,50.838544,619500,56.4,56.0
2021-08-09 14:40:00,2.8,2.8,2.8,2.8,0,50.838544,619500,56.4,56.0
2021-08-09 14:41:00,2.8,2.8,2.8,2.8,0,50.838544,619500,56.4,56.0
2021-08-09 14:42:00,2.8,2.8,2.8,2.8,0,50.838544,619500,56.4,56.0
2021-08-09 14:43:00,2.8,2.8,2.8,2.8,0,50.838544,619500,56.4,56.0
2021-08-09 14:44:00,2.8,2.8,2.8,2.8,0,50.838544,619500,56.2,56.0
2021-08-09 14:45:00,2.8,2.8,2.8,2.8,0,50.838544,619500,56.4,56.0
2021-08-09 14:46:00,2.8,2.8,2.8,2.8,0,50.838544,619500,56.4,56.0
2021-08-09 14:47:00,2.8,2.8,2.8,2.8,0,50.838544,619500,56.1,56.0
2021-08-09 14:48:00,2.8,2.8,2.8,2.8,0,50.838544,619500,56.4,56.0
2021-08-09 14:49:00,2.8,2.8,2.8,2.8,0,50.838544,619500,56.4,56.0
2021-08-09 14:50:00,2.8,2.8,2.8,2.8,0,50.838544,619500,56.2,56.0
2021-08-09 14:51:00,2.8,2.8,2.8,2.8,0,50.838544,619500,56.15,56.0
2021-08-09 14:52:00,2.8,2.8,2.8,2.8,0,50.838544,619500,56.1,56.0
2021-08-09 14:53:00,2.8,2.8,2.8,2.8,0,50.838544,619500,56.4,56.0
2021-08-09 14:54:00,2.8,2.8,2.8,2.8,0,50.838544,619500,56.4,56.0
2021-08-09 14:55:00,2.8,2.8,2.8,2.8,0,50.838544,619500,56.1,56.0
2021-08-09 14:56:00,2.8,2.8,2.8,2.8,0,50.838544,619500,56.4,56.0
2021-08-09 14:57:00,2.8,2.8,2.8,2.8,0,50.838544,619500,56.4,56.0
2021-08-09 14:58:00,2.8,2.8,2.8,2.8,0,50.838544,619500,56.4,56.0
2021-08-09 14:59:00,2.8,2.8,2.8,2.8,0,50.838544,619500,56.4,56.0
2021-08-09 15:00:00,2.8,2.8,2.8,2.8,0,50.838544,619500,56.4,56.0
2021-08-09 15:01:00,2.8,2.8,2.8,2.8,0,50.838544,619500,56.4,56.0
2021-08-09 15:02:00,2.8,2.8,2.8,2.8,0,50.838544,619500,56.4,56.0
2021-08-09 15:03:00,2.8,2.8,2.8,2.8,0,50.838544,619500,56.4,56.0
2021-08-09 15:04:00,2.8,2.8,2.8,2.8,0,50.838544,619500,56.4,56.0
2021-08-09 15:05:00,2.8,2.8,2.8,2.8,0,50.838544,619500,56.4,56.0
2021-08-09 15:06:00,2.8,2.8,2.8,2.8,0,50.838544,619500,56.4,56.0
2021-08-09 15:07:00,2.8,2.8,2.8,2.8,0,50.838544,619500,56.4,56.0
2021-08-09 15:08:00,2.8,2.8,2.8,2.8,0,50.838544,619500,56.4,56.0
2021-08-09 15:09:00,2.8,2.8,2.8,2.8,0,50.838544,619500,56.4,56.0
2021-08-09 15:10:00,2.8,2.8,2.8,2.8,0,50.838544,619500,56.4,56.0
2021-08-09 15:11:00,2.8,2.8,2.8,2.8,0,50.838544,619500,56.4,56.0
2021-08-09 15:12:00,2.8,2.8,2.8,2.8,0,50.838544,619500,56.4,56.0
2021-08-09 15:13:00,2.8,2.8,2.8,2.8,0,50.838544,619500,56.4,56.0
2021-08-09 15:14:00,2.8,2.8,2.8,2.8,0,50.838544,619500,56.0,56.0
2021-08-09 15:15:00,2.8,2.8,2.8,2.8,0,50.838544,619500,56.4,56.0
2021-08-09 15:16:00,2.8,2.8,2.8,2.8,0,50.838544,619500,56.4,56.0
2021-08-09 15:17:00,2.8,2.8,2.8,2.8,0,50.838544,619500,56.4,56.0
2021-08-09 15:18:00,2.8,2.8,2.8,2.8,0,50.838544,619500,56.4,56.0
2021-08-09 15:19:00,2.8,2.8,2.8,2.8,0,50.838544,619500,56.4,56.0
2021-08-09 15:20:00,2.8,2.8,2.8,2.8,0,50.838544,619500,56.4,56.0
2021-08-09 15:21:00,2.8,2.8,2.8,2.8,0,50.838544,619500,56.4,56.0
2021-08-09 15:22:00,2.8,2.8,2.8,2.8,0,50.838544,619500,56.4,56.0
2021-08-09 15:23:00,2.8,2.8,2.8,2.8,0,50.838544,619500,56.4,56.0
2021-08-09 15:24:00,2.8,2.8,2.8,2.8,0,50.838544,619500,56.4,56.0
2021-08-09 15:25:00,2.8,2.8,2.8,2.8,0,50.838544,619500,55.95,56.0
2021-08-09 15:26:00,2.8,2.8,2.8,2.8,0,50.838544,619500,56.4,56.0
2021-08-09 15:27:00,2.8,2.8,2.8,2.8,0,50.838544,619500,56.4,56.0
2021-08-09 15:28:00,2.8,2.8,2.8,2.8,0,50.838544,619500,56.4,56.0
2021-08-09 15:29:00,2.8,2.8,2.8,2.8,0,50.838544,619500,56.4,56.0
2021-08-10 09:19:00,2.6,2.6,2.6,2.6,10500,47.298771,640500,56.45,56.0
2021-08-10 09:20:00,2.6,2.6,2.6,2.6,0,47.298771,640500,56.45,56.0
2021-08-10 09:21:00,2.6,2.6,2.6,2.6,0,47.298771,640500,56.45,56.0
2021-08-10 09:22:00,2.6,2.6,2.6,2.6,0,47.298771,640500,56.45,56.0
2021-08-10 09:23:00,2.6,2.6,2.6,2.6,0,47.298771,640500,56.45,56.0
2021-08-10 09:24:00,2.6,2.6,2.6,2.6,0,47.298771,640500,56.45,56.0
2021-08-10 09:25:00,2.6,2.6,2.6,2.6,0,47.298771,640500,56.45,56.0
2021-08-10 09:26:00,2.6,2.6,2.6,2.6,0,47.298771,640500,56.45,56.0
2021-08-10 09:27:00,2.6,2.6,2.6,2.6,0,47.298771,640500,56.45,56.0
2021-08-10 09:28:00,2.6,2.6,2.6,2.6,0,47.298771,640500,56.45,56.0
2021-08-10 09:29:00,2.6,2.6,2.6,2.6,0,47.298771,640500,56.45,56.0
2021-08-10 09:30:00,2.6,2.6,2.6,2.6,0,47.298771,640500,56.45,56.0
2021-08-10 09:31:00,2.6,2.6,2.6,2.6,0,47.298771,640500,56.45,56.0
2021-08-10 09:32:00,2.45,2.5,2.45,2.5,84000,49.556015,1512000,57.0,57.0
2021-08-10 09:33:00,2.5,2.5,2.5,2.5,73500,49.557186,1512000,57.0,57.0
2021-08-10 09:34:00,2.5,2.5,2.45,2.45,21000,50.736576,1512000,56.8,57.0
2021-08-10 09:35:00,2.45,2.45,2.45,2.45,0,50.736576,1512000,56.85,57.0
2021-08-10 09:36:00,2.4,2.4,2.4,2.4,42000,50.239106,1501500,56.75,57.0
2021-08-10 09:37:00,2.4,2.4,2.35,2.35,42000,50.278119,1501500,56.65,57.0
2021-08-10 09:38:00,2.35,2.35,2.35,2.35,0,50.278119,1501500,56.65,57.0
2021-08-10 09:39:00,2.35,2.35,2.35,2.35,0,50.278119,1501500,56.65,57.0
2021-08-10 09:40:00,2.35,2.35,2.35,2.35,0,50.278119,1501500,56.65,57.0
2021-08-10 09:41:00,2.35,2.35,2.35,2.35,0,50.278119,1501500,56.65,57.0
2021-08-10 09:42:00,2.3,2.3,2.3,2.3,10500,49.772679,1512000,56.6,57.0
2021-08-10 09:43:00,2.3,2.3,2.3,2.3,0,49.772679,1512000,56.6,57.0
2021-08-10 09:44:00,2.3,2.3,2.3,2.3,0,49.772679,1512000,56.6,57.0
2021-08-10 09:45:00,2.3,2.3,2.3,2.3,0,49.772679,1512000,56.6,57.0
2021-08-10 09:46:00,2.3,2.3,2.3,2.3,0,49.772679,1512000,56.45,56.0
2021-08-10 09:47:00,2.3,2.3,2.3,2.3,0,49.772679,1512000,56.6,57.0
2021-08-10 09:48:00,2.3,2.3,2.3,2.3,0,49.772679,1512000,56.6,57.0
2021-08-10 09:49:00,2.3,2.3,2.3,2.3,0,49.772679,1512000,56.5,57.0
2021-08-10 09:50:00,2.3,2.3,2.3,2.3,0,49.772679,1512000,56.6,57.0
2021-08-10 09:51:00,2.3,2.3,2.3,2.3,0,49.772679,1512000,56.6,57.0
2021-08-10 09:52:00,2.25,2.25,2.25,2.25,10500,49.268742,1533000,56.55,57.0
2021-08-10 09:53:00,2.25,2.25,2.25,2.25,0,49.268742,1533000,56.55,57.0
2021-08-10 09:54:00,2.25,2.25,2.25,2.25,0,49.268742,1533000,56.55,57.0
2021-08-10 09:55:00,2.25,2.25,2.25,2.25,0,49.268742,1533000,56.55,57.0
2021-08-10 09:56:00,2.25,2.25,2.25,2.25,0,49.268742,1533000,56.55,57.0
2021-08-10 09:57:00,2.25,2.25,2.25,2.25,0,49.268742,1533000,56.4,56.0
2021-08-10 09:58:00,2.25,2.25,2.25,2.25,0,49.268742,1533000,56.55,57.0
2021-08-10 09:59:00,2.25,2.25,2.25,2.25,0,49.268742,1533000,56.55,57.0
2021-08-10 10:00:00,2.25,2.25,2.25,2.25,0,49.268742,1533000,56.2,56.0
2021-08-10 10:01:00,2.25,2.25,2.25,2.25,0,49.268742,1533000,56.55,57.0
2021-08-10 10:02:00,2.25,2.25,2.25,2.25,0,49.268742,1533000,56.55,57.0
2021-08-10 10:03:00,2.25,2.25,2.25,2.25,0,49.268742,1533000,56.55,57.0
2021-08-10 10:04:00,2.25,2.25,2.25,2.25,0,49.268742,1533000,56.55,57.0
2021-08-10 10:05:00,2.25,2.25,2.25,2.25,0,49.268742,1533000,56.15,56.0
2021-08-10 10:06:00,2.25,2.25,2.25,2.25,0,49.268742,1533000,56.1,56.0
2021-08-10 10:07:00,2.25,2.25,2.25,2.25,0,49.268742,1533000,56.1,56.0
2021-08-10 10:08:00,2.5,2.5,2.5,2.5,52500,49.37952,693000,56.1,56.0
2021-08-10 10:09:00,2.5,2.5,2.5,2.5,0,49.37952,693000,56.1,56.0
2021-08-10 10:10:00,2.5,2.5,2.5,2.5,0,49.37952,693000,56.1,56.0
2021-08-10 10:11:00,2.5,2.5,2.5,2.5,0,49.37952,693000,56.1,56.0
2021-08-10 10:12:00,2.5,2.5,2.5,2.5,0,49.37952,693000,56.1,56.0
2021-08-10 10:13:00,2.5,2.5,2.5,2.5,0,49.37952,693000,56.1,56.0
2021-08-10 10:14:00,2.5,2.5,2.5,2.5,0,49.37952,693000,56.1,56.0
2021-08-10 10:15:00,2.5,2.5,2.5,2.5,0,49.37952,693000,56.05,56.0
2021-08-10 10:16:00,2.5,2.5,2.5,2.5,0,49.37952,693000,56.0,56.0
2021-08-10 10:17:00,2.5,2.5,2.5,2.5,0,49.37952,693000,55.95,56.0
2021-08-10 10:18:00,2.5,2.5,2.5,2.5,10500,51.686148,714000,55.9,56.0
2021-08-10 10:19:00,2.5,2.5,2.5,2.5,0,51.686148,714000,55.9,56.0
2021-08-10 10:20:00,2.5,2.5,2.5,2.5,0,51.686148,714000,55.9,56.0
2021-08-10 10:21:00,2.5,2.5,2.5,2.5,0,51.686148,714000,55.9,56.0
2021-08-10 10:22:00,2.5,2.5,2.5,2.5,0,51.686148,714000,55.9,56.0
2021-08-10 10:23:00,2.5,2.5,2.5,2.5,0,51.686148,714000,55.9,56.0
2021-08-10 10:24:00,2.5,2.5,2.5,2.5,0,51.686148,714000,56.05,56.0
2021-08-10 10:25:00,2.5,2.5,2.5,2.5,0,51.686148,714000,55.9,56.0
2021-08-10 10:26:00,2.5,2.5,2.5,2.5,0,51.686148,714000,55.9,56.0
2021-08-10 10:27:00,2.5,2.5,2.5,2.5,0,51.686148,714000,55.9,56.0
2021-08-10 10:28:00,2.5,2.5,2.5,2.5,0,51.686148,714000,55.9,56.0
2021-08-10 10:29:00,2.5,2.5,2.5,2.5,0,51.686148,714000,55.9,56.0
2021-08-10 10:30:00,2.5,2.5,2.5,2.5,0,51.686148,714000,55.9,56.0
2021-08-10 10:31:00,2.5,2.5,2.5,2.5,0,51.686148,714000,55.9,56.0
2021-08-10 10:32:00,2.5,2.5,2.5,2.5,0,51.686148,714000,55.9,56.0
2021-08-10 10:33:00,2.5,2.5,2.5,2.5,0,51.686148,714000,55.9,56.0
2021-08-10 10:34:00,2.5,2.5,2.5,2.5,0,51.686148,714000,55.9,56.0
2021-08-10 10:35:00,2.5,2.5,2.5,2.5,0,51.686148,714000,55.9,56.0
2021-08-10 10:36:00,2.5,2.5,2.5,2.5,0,51.686148,714000,55.9,56.0
2021-08-10 10:37:00,2.6,2.6,2.55,2.55,10500,49.31123,745500,56.2,56.0
2021-08-10 10:38:00,2.55,2.55,2.55,2.55,0,49.31123,745500,56.05,56.0
2021-08-10 10:39:00,2.55,2.55,2.55,2.55,0,49.31123,745500,56.2,56.0
2021-08-10 10:40:00,2.55,2.55,2.55,2.55,0,49.31123,745500,56.2,56.0
2021-08-10 10:41:00,2.5,2.5,2.45,2.45,21000,50.646667,735000,55.9,56.0
2021-08-10 10:42:00,2.45,2.45,2.45,2.45,0,50.646667,735000,55.9,56.0
2021-08-10 10:43:00,2.45,2.45,2.45,2.45,0,50.646667,735000,55.9,56.0
2021-08-10 10:44:00,2.45,2.45,2.45,2.45,0,50.646667,735000,55.9,56.0
2021-08-10 10:45:00,2.45,2.45,2.45,2.45,0,50.646667,735000,55.9,56.0
2021-08-10 10:46:00,2.45,2.45,2.45,2.45,10500,50.083932,766500,55.95,56.0
2021-08-10 10:47:00,2.45,2.45,2.45,2.45,0,50.083932,766500,55.95,56.0
2021-08-10 10:48:00,2.45,2.45,2.45,2.45,0,50.083932,766500,55.95,56.0
2021-08-10 10:49:00,2.45,2.45,2.45,2.45,0,50.083932,766500,55.9,56.0
2021-08-10 10:50:00,2.4,2.4,2.4,2.4,42000,51.275682,777000,55.75,56.0
2021-08-10 10:51:00,2.4,2.4,2.4,2.4,0,51.275682,777000,55.75,56.0
2021-08-10 10:52:00,2.4,2.4,2.4,2.4,0,51.275682,777000,55.75,56.0
2021-08-10 10:53:00,2.4,2.4,2.4,2.4,0,51.275682,777000,55.9,56.0
2021-08-10 10:54:00,2.4,2.4,2.4,2.4,0,51.275682,777000,56.0,56.0
2021-08-10 10:55:00,2.4,2.4,2.4,2.4,0,51.275682,777000,55.75,56.0
2021-08-10 10:56:00,2.4,2.4,2.4,2.4,0,51.275682,777000,55.75,56.0
2021-08-10 10:57:00,2.4,2.4,2.4,2.4,0,51.275682,777000,55.9,56.0
2021-08-10 10:58:00,2.4,2.4,2.4,2.4,0,51.275682,777000,55.9,56.0
2021-08-10 10:59:00,2.4,2.4,2.4,2.4,0,51.275682,777000,55.75,56.0
2021-08-10 11:00:00,2.4,2.4,2.4,2.4,0,51.275682,777000,55.75,56.0
2021-08-10 11:01:00,2.4,2.4,2.4,2.4,0,51.275682,777000,55.8,56.0
2021-08-10 11:02:00,2.4,2.4,2.4,2.4,0,51.275682,777000,55.75,56.0
2021-08-10 11:03:00,2.4,2.4,2.4,2.4,0,51.275682,777000,55.75,56.0
2021-08-10 11:04:00,2.4,2.4,2.4,2.4,0,51.275682,777000,55.75,56.0
2021-08-10 11:05:00,2.4,2.4,2.4,2.4,0,51.275682,777000,55.75,56.0
2021-08-10 11:06:00,2.4,2.4,2.4,2.4,0,51.275682,777000,55.75,56.0
2021-08-10 11:07:00,2.4,2.4,2.4,2.4,0,51.275682,777000,56.05,56.0
2021-08-10 11:08:00,2.5,2.5,2.5,2.5,21000,50.605367,871500,56.0,56.0
2021-08-10 11:09:00,2.5,2.5,2.5,2.5,0,50.605367,871500,56.0,56.0
2021-08-10 11:10:00,2.5,2.5,2.5,2.5,0,50.605367,871500,56.0,56.0
2021-08-10 11:11:00,2.5,2.5,2.5,2.5,0,50.605367,871500,55.9,56.0
2021-08-10 11:12:00,2.5,2.5,2.5,2.5,0,50.605367,871500,56.0,56.0
2021-08-10 11:13:00,2.5,2.5,2.5,2.5,0,50.605367,871500,56.0,56.0
2021-08-10 11:14:00,2.5,2.5,2.5,2.5,0,50.605367,871500,55.85,56.0
2021-08-10 11:15:00,2.5,2.5,2.5,2.5,0,50.605367,871500,56.0,56.0
2021-08-10 11:16:00,2.5,2.5,2.5,2.5,0,50.605367,871500,56.0,56.0
2021-08-10 11:17:00,2.5,2.5,2.5,2.5,0,50.605367,871500,56.0,56.0
2021-08-10 11:18:00,2.5,2.5,2.5,2.5,0,50.605367,871500,56.0,56.0
2021-08-10 11:19:00,2.5,2.5,2.5,2.5,0,50.605367,871500,56.0,56.0
2021-08-10 11:20:00,2.5,2.5,2.5,2.5,0,50.605367,871500,56.0,56.0
2021-08-10 11:21:00,2.5,2.5,2.5,2.5,0,50.605367,871500,56.0,56.0
2021-08-10 11:22:00,2.5,2.5,2.5,2.5,0,50.605367,871500,56.0,56.0
2021-08-10 11:23:00,2.5,2.5,2.5,2.5,0,50.605367,871500,56.0,56.0
2021-08-10 11:24:00,2.5,2.5,2.5,2.5,0,50.605367,871500,56.0,56.0
2021-08-10 11:25:00,2.5,2.5,2.5,2.5,0,50.605367,871500,56.0,56.0
2021-08-10 11:26:00,2.5,2.5,2.5,2.5,0,50.605367,871500,56.0,56.0
2021-08-10 11:27:00,2.55,2.55,2.55,2.55,21000,49.369929,819000,56.2,56.0
2021-08-10 11:28:00,2.55,2.55,2.55,2.55,0,49.369929,819000,56.2,56.0
2021-08-10 11:29:00,2.55,2.55,2.55,2.55,0,49.369929,819000,56.2,56.0
2021-08-10 11:30:00,2.55,2.55,2.55,2.55,0,49.369929,819000,56.2,56.0
2021-08-10 11:31:00,2.55,2.55,2.55,2.55,0,49.369929,819000,56.2,56.0
2021-08-10 11:32:00,2.55,2.55,2.55,2.55,0,49.369929,819000,56.2,56.0
2021-08-10 11:33:00,2.55,2.55,2.55,2.55,0,49.369929,819000,56.2,56.0
2021-08-10 11:34:00,2.55,2.55,2.55,2.55,0,49.369929,819000,56.2,56.0
2021-08-10 11:35:00,2.55,2.55,2.55,2.55,0,49.369929,819000,56.2,56.0
2021-08-10 11:36:00,2.55,2.55,2.55,2.55,0,49.369929,819000,56.2,56.0
2021-08-10 11:37:00,2.55,2.55,2.55,2.55,0,49.369929,819000,56.2,56.0
2021-08-10 11:38:00,2.55,2.55,2.55,2.55,0,49.369929,819000,56.1,56.0
2021-08-10 11:39:00,2.55,2.55,2.55,2.55,0,49.369929,819000,56.15,56.0
2021-08-10 11:40:00,2.55,2.55,2.55,2.55,0,49.369929,819000,56.2,56.0
2021-08-10 11:41:00,2.55,2.55,2.55,2.55,0,49.369929,819000,56.2,56.0
2021-08-10 11:42:00,2.55,2.55,2.55,2.55,0,49.369929,819000,56.2,56.0
2021-08-10 11:43:00,2.55,2.55,2.55,2.55,0,49.369929,819000,56.2,56.0
2021-08-10 11:44:00,2.55,2.55,2.55,2.55,0,49.369929,819000,56.2,56.0
2021-08-10 11:45:00,2.55,2.55,2.55,2.55,0,49.369929,819000,56.2,56.0
2021-08-10 11:46:00,2.55,2.55,2.55,2.55,0,49.369929,819000,56.2,56.0
2021-08-10 11:47:00,2.55,2.55,2.55,2.55,0,49.369929,819000,56.2,56.0
2021-08-10 11:48:00,2.55,2.55,2.55,2.55,0,49.369929,819000,56.2,56.0
2021-08-10 11:49:00,2.55,2.55,2.55,2.55,0,49.369929,819000,56.2,56.0
2021-08-10 11:50:00,2.65,2.65,2.6,2.6,10500,50.465892,840000,56.2,56.0
2021-08-10 11:51:00,2.6,2.6,2.6,2.6,21000,50.467093,850500,56.2,56.0
2021-08-10 11:52:00,2.6,2.6,2.6,2.6,0,50.467093,850500,56.2,56.0
2021-08-10 11:53:00,2.6,2.6,2.6,2.6,0,50.467093,850500,56.2,56.0
2021-08-10 11:54:00,2.6,2.6,2.6,2.6,0,50.467093,850500,56.15,56.0
2021-08-10 11:55:00,2.6,2.6,2.6,2.6,0,50.467093,850500,56.2,56.0
2021-08-10 11:56:00,2.6,2.6,2.6,2.6,0,50.467093,850500,56.2,56.0
2021-08-10 11:57:00,2.6,2.6,2.6,2.6,0,50.467093,850500,56.2,56.0
2021-08-10 11:58:00,2.6,2.6,2.6,2.6,0,50.467093,850500,56.2,56.0
2021-08-10 11:59:00,2.6,2.6,2.6,2.6,0,50.467093,850500,56.2,56.0
2021-08-10 12:00:00,2.6,2.6,2.6,2.6,0,50.467093,850500,56.2,56.0
2021-08-10 12:01:00,2.6,2.6,2.6,2.6,0,50.467093,850500,56.15,56.0
2021-08-10 12:02:00,2.6,2.6,2.6,2.6,0,50.467093,850500,56.2,56.0
2021-08-10 12:03:00,2.6,2.6,2.6,2.6,0,50.467093,850500,56.2,56.0
2021-08-10 12:04:00,2.6,2.6,2.6,2.6,0,50.467093,850500,56.1,56.0
2021-08-10 12:05:00,2.6,2.6,2.6,2.6,0,50.467093,850500,56.15,56.0
2021-08-10 12:06:00,2.6,2.6,2.6,2.6,0,50.467093,850500,56.2,56.0
2021-08-10 12:07:00,2.6,2.6,2.6,2.6,0,50.467093,850500,56.2,56.0
2021-08-10 12:08:00,2.6,2.6,2.6,2.6,0,50.467093,850500,56.2,56.0
2021-08-10 12:09:00,2.6,2.6,2.6,2.6,0,50.467093,850500,56.2,56.0
2021-08-10 12:10:00,2.6,2.6,2.6,2.6,0,50.467093,850500,56.2,56.0
2021-08-10 12:11:00,2.6,2.6,2.6,2.6,0,50.467093,850500,56.2,56.0
2021-08-10 12:12:00,2.6,2.6,2.6,2.6,0,50.467093,850500,56.05,56.0
2021-08-10 12:13:00,2.6,2.6,2.6,2.6,0,50.467093,850500,56.2,56.0
2021-08-10 12:14:00,2.6,2.6,2.6,2.6,0,50.467093,850500,56.2,56.0
2021-08-10 12:15:00,2.5,2.5,2.5,2.5,21000,49.52878,840000,56.1,56.0
2021-08-10 12:16:00,2.5,2.5,2.5,2.5,0,49.52878,840000,56.1,56.0
2021-08-10 12:17:00,2.5,2.5,2.5,2.5,0,49.52878,840000,56.1,56.0
2021-08-10 12:18:00,2.5,2.5,2.5,2.5,0,49.52878,840000,56.1,56.0
2021-08-10 12:19:00,2.5,2.5,2.5,2.5,0,49.52878,840000,56.1,56.0
2021-08-10 12:20:00,2.5,2.5,2.5,2.5,0,49.52878,840000,56.1,56.0
2021-08-10 12:21:00,2.5,2.5,2.5,2.5,0,49.52878,840000,56.1,56.0
2021-08-10 12:22:00,2.5,2.5,2.5,2.5,0,49.52878,840000,56.1,56.0
2021-08-10 12:23:00,2.5,2.5,2.5,2.5,0,49.52878,840000,56.1,56.0
2021-08-10 12:24:00,2.5,2.5,2.5,2.5,0,49.52878,840000,56.1,56.0
2021-08-10 12:25:00,2.5,2.5,2.5,2.5,0,49.52878,840000,56.1,56.0
2021-08-10 12:26:00,2.5,2.5,2.5,2.5,0,49.52878,840000,56.1,56.0
2021-08-10 12:27:00,2.5,2.5,2.5,2.5,0,49.52878,840000,56.1,56.0
2021-08-10 12:28:00,2.5,2.5,2.5,2.5,0,49.52878,840000,56.05,56.0
2021-08-10 12:29:00,2.5,2.5,2.5,2.5,0,49.52878,840000,56.05,56.0
2021-08-10 12:30:00,2.5,2.5,2.5,2.5,0,49.52878,840000,56.1,56.0
2021-08-10 12:31:00,2.5,2.5,2.5,2.5,0,49.52878,840000,56.1,56.0
2021-08-10 12:32:00,2.5,2.5,2.5,2.5,0,49.52878,840000,56.1,56.0
2021-08-10 12:33:00,2.5,2.5,2.5,2.5,0,49.52878,840000,56.1,56.0
2021-08-10 12:34:00,2.5,2.5,2.5,2.5,0,49.52878,840000,56.05,56.0
2021-08-10 12:35:00,2.5,2.5,2.5,2.5,0,49.52878,840000,56.1,56.0
2021-08-10 12:36:00,2.5,2.5,2.5,2.5,0,49.52878,840000,56.1,56.0
2021-08-10 12:37:00,2.5,2.5,2.5,2.5,0,49.52878,840000,56.1,56.0
2021-08-10 12:38:00,2.5,2.5,2.5,2.5,0,49.52878,840000,56.1,56.0
2021-08-10 12:39:00,2.5,2.5,2.5,2.5,0,49.52878,840000,56.1,56.0
2021-08-10 12:40:00,2.5,2.5,2.5,2.5,0,49.52878,840000,56.05,56.0
2021-08-10 12:41:00,2.5,2.5,2.5,2.5,0,49.52878,840000,56.05,56.0
2021-08-10 12:42:00,2.5,2.5,2.5,2.5,0,49.52878,840000,56.1,56.0
2021-08-10 12:43:00,2.5,2.5,2.5,2.5,0,49.52878,840000,56.1,56.0
2021-08-10 12:44:00,2.5,2.5,2.5,2.5,0,49.52878,840000,56.1,56.0
2021-08-10 12:45:00,2.5,2.5,2.5,2.5,0,49.52878,840000,56.1,56.0
2021-08-10 12:46:00,2.5,2.5,2.5,2.5,0,49.52878,840000,56.1,56.0
2021-08-10 12:47:00,2.5,2.5,2.5,2.5,0,49.52878,840000,56.1,56.0
2021-08-10 12:48:00,2.5,2.5,2.5,2.5,0,49.52878,840000,56.1,56.0
2021-08-10 12:49:00,2.5,2.5,2.5,2.5,0,49.52878,840000,56.1,56.0
2021-08-10 12:50:00,2.5,2.5,2.5,2.5,0,49.52878,840000,56.1,56.0
2021-08-10 12:51:00,2.5,2.5,2.5,2.5,0,49.52878,840000,56.1,56.0
2021-08-10 12:52:00,2.5,2.5,2.5,2.5,0,49.52878,840000,56.0,56.0
2021-08-10 12:53:00,2.5,2.5,2.5,2.5,0,49.52878,840000,56.0,56.0
2021-08-10 12:54:00,2.5,2.5,2.5,2.5,0,49.52878,840000,56.1,56.0
2021-08-10 12:55:00,2.5,2.5,2.5,2.5,0,49.52878,840000,56.1,56.0
2021-08-10 12:56:00,2.5,2.5,2.5,2.5,0,49.52878,840000,56.0,56.0
2021-08-10 12:57:00,2.5,2.5,2.5,2.5,0,49.52878,840000,56.1,56.0
2021-08-10 12:58:00,2.5,2.5,2.5,2.5,0,49.52878,840000,56.1,56.0
2021-08-10 12:59:00,2.5,2.5,2.5,2.5,0,49.52878,840000,56.05,56.0
2021-08-10 13:00:00,2.5,2.5,2.5,2.5,10500,50.740019,808500,56.0,56.0
2021-08-10 13:01:00,2.5,2.5,2.5,2.5,0,50.740019,808500,56.05,56.0
2021-08-10 13:02:00,2.5,2.5,2.5,2.5,0,50.740019,808500,56.0,56.0
2021-08-10 13:03:00,2.5,2.5,2.5,2.5,0,50.740019,808500,56.0,56.0
2021-08-10 13:04:00,2.5,2.5,2.5,2.5,0,50.740019,808500,56.0,56.0
2021-08-10 13:05:00,2.5,2.5,2.5,2.5,0,50.740019,808500,56.0,56.0
2021-08-10 13:06:00,2.5,2.5,2.5,2.5,0,50.740019,808500,56.0,56.0
2021-08-10 13:07:00,2.5,2.5,2.5,2.5,0,50.740019,808500,56.0,56.0
2021-08-10 13:08:00,2.5,2.5,2.5,2.5,0,50.740019,808500,56.0,56.0
2021-08-10 13:09:00,2.5,2.5,2.5,2.5,0,50.740019,808500,56.0,56.0
2021-08-10 13:10:00,2.5,2.5,2.5,2.5,0,50.740019,808500,56.0,56.0
2021-08-10 13:11:00,2.5,2.5,2.5,2.5,0,50.740019,808500,56.0,56.0
2021-08-10 13:12:00,2.5,2.5,2.5,2.5,0,50.740019,808500,56.0,56.0
2021-08-10 13:13:00,2.5,2.5,2.5,2.5,0,50.740019,808500,56.0,56.0
2021-08-10 13:14:00,2.5,2.5,2.5,2.5,0,50.740019,808500,56.0,56.0
2021-08-10 13:15:00,2.5,2.5,2.5,2.5,0,50.740019,808500,56.0,56.0
2021-08-10 13:16:00,2.5,2.5,2.5,2.5,0,50.740019,808500,56.0,56.0
2021-08-10 13:17:00,2.5,2.5,2.5,2.5,0,50.740019,808500,56.0,56.0
2021-08-10 13:18:00,2.5,2.5,2.5,2.5,0,50.740019,808500,56.0,56.0
2021-08-10 13:19:00,2.5,2.5,2.5,2.5,0,50.740019,808500,56.0,56.0
2021-08-10 13:20:00,2.5,2.5,2.5,2.5,0,50.740019,808500,56.0,56.0
2021-08-10 13:21:00,2.5,2.5,2.5,2.5,0,50.740019,808500,55.95,56.0
2021-08-10 13:22:00,2.5,2.5,2.5,2.5,0,50.740019,808500,55.9,56.0
2021-08-10 13:23:00,2.5,2.5,2.5,2.5,0,50.740019,808500,56.0,56.0
2021-08-10 13:24:00,2.5,2.5,2.5,2.5,0,50.740019,808500,56.0,56.0
2021-08-10 13:25:00,2.5,2.5,2.5,2.5,0,50.740019,808500,56.0,56.0
2021-08-10 13:26:00,2.5,2.5,2.5,2.5,0,50.740019,808500,56.0,56.0
2021-08-10 13:27:00,2.5,2.5,2.5,2.5,0,50.740019,808500,56.0,56.0
2021-08-10 13:28:00,2.5,2.5,2.5,2.5,0,50.740019,808500,56.0,56.0
2021-08-10 13:29:00,2.5,2.5,2.5,2.5,0,50.740019,808500,56.0,56.0
2021-08-10 13:30:00,2.5,2.5,2.5,2.5,0,50.740019,808500,56.0,56.0
2021-08-10 13:31:00,2.5,2.5,2.5,2.5,0,50.740019,808500,56.0,56.0
2021-08-10 13:32:00,2.5,2.5,2.5,2.5,0,50.740019,808500,56.0,56.0
2021-08-10 13:33:00,2.4,2.4,2.4,2.4,10500,50.349154,808500,55.85,56.0
2021-08-10 13:34:00,2.4,2.4,2.4,2.4,0,50.349154,808500,55.85,56.0
2021-08-10 13:35:00,2.4,2.4,2.4,2.4,0,50.349154,808500,55.85,56.0
2021-08-10 13:36:00,2.4,2.4,2.4,2.4,0,50.349154,808500,55.9,56.0
2021-08-10 13:37:00,2.4,2.4,2.4,2.4,0,50.349154,808500,55.85,56.0
2021-08-10 13:38:00,2.4,2.4,2.4,2.4,0,50.349154,808500,55.85,56.0
2021-08-10 13:39:00,2.4,2.4,2.4,2.4,10500,50.920181,819000,55.8,56.0
2021-08-10 13:40:00,2.35,2.35,2.35,2.35,21000,49.285734,829500,55.85,56.0
2021-08-10 13:41:00,2.35,2.35,2.35,2.35,0,49.285734,829500,55.85,56.0
2021-08-10 13:42:00,2.35,2.35,2.35,2.35,0,49.285734,829500,55.85,56.0
2021-08-10 13:43:00,2.35,2.35,2.35,2.35,0,49.285734,829500,55.85,56.0
2021-08-10 13:44:00,2.35,2.35,2.35,2.35,0,49.285734,829500,55.85,56.0
2021-08-10 13:45:00,2.35,2.35,2.35,2.35,0,49.285734,829500,55.85,56.0
2021-08-10 13:46:00,2.35,2.35,2.35,2.35,0,49.285734,829500,55.85,56.0
2021-08-10 13:47:00,2.35,2.35,2.35,2.35,0,49.285734,829500,55.85,56.0
2021-08-10 13:48:00,2.35,2.35,2.35,2.35,0,49.285734,829500,55.85,56.0
2021-08-10 13:49:00,2.35,2.35,2.35,2.35,0,49.285734,829500,55.85,56.0
2021-08-10 13:50:00,2.35,2.35,2.35,2.35,0,49.285734,829500,55.85,56.0
2021-08-10 13:51:00,2.55,2.55,2.55,2.55,63000,49.279721,955500,55.3,55.0
2021-08-10 13:52:00,2.5,2.5,2.5,2.5,42000,48.796974,955500,55.25,55.0
2021-08-10 13:53:00,2.5,2.5,2.5,2.5,0,48.796974,955500,55.25,55.0
2021-08-10 13:54:00,2.5,2.5,2.5,2.5,0,48.796974,955500,55.25,55.0
2021-08-10 13:55:00,2.4,2.4,2.4,2.4,31500,50.183264,1050000,54.95,55.0
2021-08-10 13:56:00,2.3,2.35,2.3,2.35,63000,49.674208,1050000,54.9,55.0
2021-08-10 13:57:00,2.3,2.4,2.3,2.35,42000,49.675393,1113000,54.9,55.0
2021-08-10 13:58:00,2.35,2.45,2.35,2.4,63000,50.186854,1113000,54.95,55.0
2021-08-10 13:59:00,2.45,2.45,2.45,2.45,52500,54.154454,1113000,54.7,55.0
2021-08-10 14:00:00,2.45,2.45,2.45,2.45,0,54.154454,1113000,54.45,54.0
2021-08-10 14:01:00,2.45,2.45,2.45,2.45,0,54.154454,1113000,54.4,54.0
2021-08-10 14:02:00,2.45,2.45,2.45,2.45,0,54.154454,1113000,54.5,55.0
2021-08-10 14:03:00,2.45,2.45,2.45,2.45,0,54.154454,1113000,54.4,54.0
2021-08-10 14:04:00,2.45,2.45,2.45,2.45,0,54.154454,1113000,54.35,54.0
2021-08-10 14:05:00,2.45,2.45,2.45,2.45,0,54.154454,1113000,54.7,55.0
2021-08-10 14:06:00,2.45,2.45,2.45,2.45,0,54.154454,1113000,54.7,55.0
2021-08-10 14:07:00,2.45,2.45,2.45,2.45,0,54.154454,1113000,54.7,55.0
2021-08-10 14:08:00,2.45,2.45,2.45,2.45,0,54.154454,1113000,54.7,55.0
2021-08-10 14:09:00,2.45,2.45,2.45,2.45,0,54.154454,1113000,54.15,54.0
2021-08-10 14:10:00,2.55,2.55,2.55,2.55,10500,53.321493,10500,54.05,54.0
2021-08-10 14:11:00,2.55,2.55,2.55,2.55,0,53.321493,10500,54.05,54.0
2021-08-10 14:12:00,2.55,2.55,2.55,2.55,0,53.321493,10500,54.05,54.0
2021-08-10 14:13:00,2.55,2.55,2.55,2.55,0,53.321493,10500,54.05,54.0
2021-08-10 14:14:00,2.55,2.55,2.55,2.55,0,53.321493,10500,54.05,54.0
2021-08-10 14:15:00,2.55,2.55,2.55,2.55,0,53.321493,10500,54.05,54.0
2021-08-10 14:16:00,2.55,2.55,2.55,2.55,0,53.321493,10500,54.05,54.0
2021-08-10 14:17:00,2.55,2.55,2.55,2.55,0,53.321493,10500,54.2,54.0
2021-08-10 14:18:00,2.55,2.55,2.55,2.55,0,53.321493,10500,54.05,54.0
2021-08-10 14:19:00,2.55,2.55,2.55,2.55,0,53.321493,10500,54.05,54.0
2021-08-10 14:20:00,2.55,2.55,2.55,2.55,0,53.321493,10500,54.4,54.0
2021-08-10 14:21:00,2.55,2.55,2.55,2.55,0,53.321493,10500,54.4,54.0
2021-08-10 14:22:00,2.55,2.55,2.55,2.55,0,53.321493,10500,54.05,54.0
2021-08-10 14:23:00,2.55,2.55,2.55,2.55,0,53.321493,10500,54.05,54.0
2021-08-10 14:24:00,2.55,2.55,2.55,2.55,0,53.321493,10500,54.05,54.0
2021-08-10 14:25:00,2.55,2.55,2.55,2.55,0,53.321493,10500,54.05,54.0
2021-08-10 14:26:00,2.55,2.55,2.55,2.55,0,53.321493,10500,54.05,54.0
2021-08-10 14:27:00,2.55,2.55,2.55,2.55,0,53.321493,10500,54.05,54.0
2021-08-10 14:28:00,2.55,2.55,2.55,2.55,0,53.321493,10500,54.05,54.0
2021-08-10 14:29:00,2.55,2.55,2.55,2.55,0,53.321493,10500,54.05,54.0
2021-08-10 14:30:00,2.55,2.55,2.55,2.55,0,53.321493,10500,54.05,54.0
2021-08-10 14:31:00,2.55,2.55,2.55,2.55,0,53.321493,10500,54.05,54.0
2021-08-10 14:32:00,2.55,2.55,2.55,2.55,0,53.321493,10500,54.05,54.0
2021-08-10 14:33:00,2.55,2.55,2.55,2.55,0,53.321493,10500,54.05,54.0
2021-08-10 14:34:00,2.55,2.55,2.55,2.55,0,53.321493,10500,54.05,54.0
2021-08-10 14:35:00,2.55,2.55,2.55,2.55,0,53.321493,10500,54.05,54.0
2021-08-10 14:36:00,2.55,2.55,2.55,2.55,0,53.321493,10500,54.05,54.0
2021-08-10 14:37:00,2.55,2.55,2.55,2.55,0,53.321493,10500,54.05,54.0
2021-08-10 14:38:00,2.55,2.55,2.55,2.55,0,53.321493,10500,54.05,54.0
2021-08-10 14:39:00,2.55,2.55,2.55,2.55,0,53.321493,10500,54.05,54.0
2021-08-10 14:40:00,2.55,2.55,2.55,2.55,0,53.321493,10500,54.05,54.0
2021-08-10 14:41:00,2.55,2.55,2.55,2.55,0,53.321493,10500,54.05,54.0
2021-08-10 14:42:00,2.55,2.55,2.55,2.55,0,53.321493,10500,54.05,54.0
2021-08-10 14:43:00,2.55,2.55,2.55,2.55,0,53.321493,10500,54.05,54.0
2021-08-10 14:44:00,2.55,2.55,2.55,2.55,0,53.321493,10500,54.05,54.0
2021-08-10 14:45:00,2.55,2.55,2.55,2.55,0,53.321493,10500,54.05,54.0
2021-08-10 14:46:00,2.55,2.55,2.55,2.55,0,53.321493,10500,54.05,54.0
2021-08-10 14:47:00,2.55,2.55,2.55,2.55,0,53.321493,10500,54.05,54.0
2021-08-10 14:48:00,2.55,2.55,2.55,2.55,0,53.321493,10500,54.05,54.0
2021-08-10 14:49:00,2.55,2.55,2.55,2.55,0,53.321493,10500,54.05,54.0
2021-08-10 14:50:00,2.25,2.3,2.25,2.3,42000,50.936168,1512000,54.7,55.0
2021-08-10 14:51:00,2.3,2.3,2.3,2.3,0,50.936168,1512000,54.6,55.0
2021-08-10 14:52:00,2.3,2.3,2.3,2.3,0,50.936168,1512000,54.7,55.0
2021-08-10 14:53:00,2.3,2.3,2.3,2.3,0,50.936168,1512000,54.7,55.0
2021-08-10 14:54:00,2.3,2.3,2.3,2.3,0,50.936168,1512000,54.7,55.0
2021-08-10 14:55:00,2.3,2.3,2.3,2.3,0,50.936168,1512000,54.75,55.0
2021-08-10 14:56:00,2.3,2.3,2.3,2.3,0,50.936168,1512000,54.7,55.0
2021-08-10 14:57:00,2.3,2.3,2.3,2.3,0,50.936168,1512000,54.7,55.0
2021-08-10 14:58:00,2.3,2.3,2.3,2.3,0,50.936168,1512000,54.7,55.0
2021-08-10 14:59:00,2.3,2.3,2.3,2.3,0,50.936168,1512000,54.7,55.0
2021-08-10 15:00:00,2.3,2.3,2.3,2.3,0,50.936168,1512000,54.7,55.0
2021-08-10 15:01:00,2.3,2.3,2.3,2.3,0,50.936168,1512000,54.7,55.0
2021-08-10 15:02:00,2.35,2.4,2.35,2.4,31500,50.263598,1522500,54.95,55.0
2021-08-10 15:03:00,2.4,2.4,2.4,2.4,0,50.263598,1522500,54.95,55.0
2021-08-10 15:04:00,2.4,2.4,2.4,2.4,0,50.263598,1522500,54.95,55.0
2021-08-10 15:05:00,2.4,2.4,2.4,2.4,0,50.263598,1522500,54.95,55.0
2021-08-10 15:06:00,2.4,2.4,2.4,2.4,0,50.263598,1522500,54.95,55.0
2021-08-10 15:07:00,2.4,2.4,2.4,2.4,0,50.263598,1522500,54.75,55.0
2021-08-10 15:08:00,2.4,2.4,2.4,2.4,0,50.263598,1522500,54.75,55.0
2021-08-10 15:09:00,2.4,2.4,2.4,2.4,0,50.263598,1522500,54.75,55.0
2021-08-10 15:10:00,2.4,2.4,2.4,2.4,0,50.263598,1522500,54.95,55.0
2021-08-10 15:11:00,2.4,2.4,2.4,2.4,0,50.263598,1522500,54.95,55.0
2021-08-10 15:12:00,2.4,2.4,2.4,2.4,0,50.263598,1522500,54.95,55.0
2021-08-10 15:13:00,2.4,2.4,2.4,2.4,0,50.263598,1522500,54.95,55.0
2021-08-10 15:14:00,2.4,2.4,2.4,2.4,0,50.263598,1522500,54.95,55.0
2021-08-10 15:15:00,2.4,2.4,2.4,2.4,0,50.263598,1522500,54.95,55.0
2021-08-10 15:16:00,2.4,2.4,2.4,2.4,0,50.263598,1522500,54.95,55.0
2021-08-10 15:17:00,2.4,2.4,2.4,2.4,0,50.263598,1522500,54.95,55.0
2021-08-10 15:18:00,2.4,2.4,2.4,2.4,0,50.263598,1522500,54.95,55.0
2021-08-10 15:19:00,2.4,2.4,2.4,2.4,0,50.263598,1522500,54.95,55.0
2021-08-10 15:20:00,2.4,2.4,2.4,2.4,0,50.263598,1522500,54.3,54.0
2021-08-10 15:21:00,2.4,2.4,2.4,2.4,0,50.263598,1522500,54.95,55.0
2021-08-10 15:22:00,2.4,2.4,2.4,2.4,0,50.263598,1522500,54.95,55.0
2021-08-10 15:23:00,2.4,2.4,2.4,2.4,0,50.263598,1522500,54.95,55.0
2021-08-10 15:24:00,2.4,2.4,2.4,2.4,0,50.263598,1522500,54.95,55.0
2021-08-10 15:25:00,2.4,2.4,2.4,2.4,0,50.263598,1522500,54.95,55.0
2021-08-10 15:26:00,2.4,2.4,2.4,2.4,0,50.263598,1522500,54.95,55.0
2021-08-10 15:27:00,2.4,2.4,2.4,2.4,0,50.263598,1522500,54.95,55.0
2021-08-10 15:28:00,2.4,2.4,2.4,2.4,0,50.263598,1522500,54.95,55.0
2021-08-10 15:29:00,2.15,2.15,2.1,2.1,63000,47.72386,1858500,54.6,55.0
2021-08-11 09:17:00,2.25,2.4,2.25,2.4,115500,50.424855,1942500,55.05,55.0
2021-08-11 09:18:00,2.4,2.4,2.4,2.4,0,50.424855,1942500,55.05,55.0
2021-08-11 09:19:00,2.4,2.4,2.4,2.4,0,50.424855,1942500,55.05,55.0
2021-08-11 09:20:00,2.4,2.4,2.4,2.4,31500,51.031332,1942500,55.0,55.0
2021-08-11 09:21:00,2.45,2.45,2.4,2.4,42000,51.631566,1921500,54.95,55.0
2021-08-11 09:22:00,2.4,2.4,2.4,2.4,0,51.631566,1921500,54.95,55.0
2021-08-11 09:23:00,2.4,2.4,2.4,2.4,0,51.631566,1921500,54.95,55.0
2021-08-11 09:24:00,2.4,2.4,2.4,2.4,0,51.631566,1921500,54.95,55.0
2021-08-11 09:25:00,2.4,2.4,2.4,2.4,0,51.631566,1921500,54.95,55.0
2021-08-11 09:26:00,2.4,2.4,2.4,2.4,0,51.631566,1921500,54.95,55.0
2021-08-11 09:27:00,2.4,2.4,2.4,2.4,0,51.631566,1921500,54.95,55.0
2021-08-11 09:28:00,2.4,2.4,2.4,2.4,0,51.631566,1921500,54.95,55.0
2021-08-11 09:29:00,2.4,2.4,2.4,2.4,0,51.631566,1921500,54.95,55.0
2021-08-11 09:30:00,2.35,2.4,2.35,2.4,31500,52.238648,1942500,54.9,55.0
2021-08-11 09:31:00,2.4,2.4,2.4,2.4,0,52.238648,1942500,54.9,55.0
2021-08-11 09:32:00,2.4,2.4,2.4,2.4,0,52.238648,1942500,54.9,55.0
2021-08-11 09:33:00,2.4,2.4,2.4,2.4,31500,52.8346,1890000,54.85,55.0
2021-08-11 09:34:00,2.4,2.4,2.4,2.4,0,52.8346,1890000,54.85,55.0
2021-08-11 09:35:00,2.4,2.4,2.4,2.4,0,52.8346,1890000,54.85,55.0
2021-08-11 09:36:00,2.4,2.4,2.4,2.4,0,52.8346,1890000,54.85,55.0
2021-08-11 09:37:00,2.4,2.4,2.4,2.4,0,52.8346,1890000,54.85,55.0
2021-08-11 09:38:00,2.5,2.5,2.45,2.45,52500,51.957822,199500,54.1,54.0
2021-08-11 09:39:00,2.45,2.45,2.45,2.45,0,51.957822,199500,54.1,54.0
2021-08-11 09:40:00,2.45,2.45,2.45,2.45,0,51.957822,199500,54.1,54.0
2021-08-11 09:41:00,2.45,2.45,2.45,2.45,0,51.957822,199500,54.1,54.0
2021-08-11 09:42:00,2.45,2.45,2.45,2.45,0,51.957822,199500,54.1,54.0
2021-08-11 09:43:00,2.45,2.45,2.45,2.45,0,51.957822,199500,54.1,54.0
2021-08-11 09:44:00,2.45,2.45,2.45,2.45,0,51.957822,199500,54.1,54.0
2021-08-11 09:45:00,2.45,2.45,2.45,2.45,0,51.957822,199500,54.1,54.0
2021-08-11 09:46:00,2.45,2.45,2.45,2.45,0,51.957822,199500,54.1,54.0
2021-08-11 09:47:00,2.45,2.45,2.45,2.45,0,51.957822,199500,54.0,54.0
2021-08-11 09:48:00,2.45,2.45,2.45,2.45,0,51.957822,199500,54.1,54.0
2021-08-11 09:49:00,2.45,2.45,2.45,2.45,0,51.957822,199500,54.1,54.0
2021-08-11 09:50:00,2.45,2.45,2.45,2.45,0,51.957822,199500,54.1,54.0
2021-08-11 09:51:00,2.45,2.45,2.45,2.45,0,51.957822,199500,54.1,54.0
2021-08-11 09:52:00,2.45,2.45,2.45,2.45,0,51.957822,199500,54.2,54.0
2021-08-11 09:53:00,2.45,2.45,2.45,2.45,0,51.957822,199500,54.1,54.0
2021-08-11 09:54:00,2.45,2.45,2.45,2.45,0,51.957822,199500,54.1,54.0
2021-08-11 09:55:00,2.45,2.45,2.45,2.45,0,51.957822,199500,53.95,54.0
2021-08-11 09:56:00,2.45,2.45,2.45,2.45,0,51.957822,199500,54.1,54.0
2021-08-11 09:57:00,2.45,2.45,2.45,2.45,0,51.957822,199500,54.1,54.0
2021-08-11 09:58:00,2.45,2.45,2.45,2.45,0,51.957822,199500,54.1,54.0
2021-08-11 09:59:00,2.45,2.45,2.45,2.45,0,51.957822,199500,54.1,54.0
2021-08-11 10:00:00,2.45,2.45,2.45,2.45,0,51.957822,199500,54.1,54.0
2021-08-11 10:01:00,2.45,2.45,2.45,2.45,0,51.957822,199500,54.1,54.0
2021-08-11 10:02:00,2.45,2.45,2.45,2.45,0,51.957822,199500,53.7,54.0
2021-08-11 10:03:00,2.45,2.45,2.45,2.45,0,51.957822,199500,54.1,54.0
2021-08-11 10:04:00,2.45,2.45,2.45,2.45,0,51.957822,199500,54.1,54.0
2021-08-11 10:05:00,2.45,2.45,2.45,2.45,0,51.957822,199500,54.1,54.0
2021-08-11 10:06:00,2.45,2.45,2.45,2.45,0,51.957822,199500,54.1,54.0
2021-08-11 10:07:00,2.45,2.45,2.45,2.45,0,51.957822,199500,53.35,53.0
2021-08-11 10:08:00,2.45,2.45,2.45,2.45,0,51.957822,199500,54.1,54.0
2021-08-11 10:09:00,2.45,2.45,2.45,2.45,0,51.957822,199500,54.1,54.0
2021-08-11 10:10:00,2.45,2.45,2.45,2.45,0,51.957822,199500,54.1,54.0
2021-08-11 10:11:00,2.45,2.45,2.45,2.45,0,51.957822,199500,54.1,54.0
2021-08-11 10:12:00,2.45,2.45,2.45,2.45,0,51.957822,199500,53.15,53.0
2021-08-11 10:13:00,2.45,2.45,2.45,2.45,0,51.957822,199500,54.1,54.0
2021-08-11 10:14:00,2.45,2.45,2.45,2.45,0,51.957822,199500,54.1,54.0
2021-08-11 10:15:00,2.45,2.45,2.45,2.45,0,51.957822,199500,53.05,53.0
2021-08-11 10:16:00,2.55,2.55,2.3,2.3,42000,49.55024,42000,53.1,53.0
2021-08-11 10:17:00,2.3,2.3,2.3,2.3,0,49.55024,42000,53.1,53.0
2021-08-11 10:18:00,2.3,2.3,2.3,2.3,0,49.55024,42000,53.1,53.0
2021-08-11 10:19:00,2.3,2.3,2.3,2.3,0,49.55024,42000,53.1,53.0
2021-08-11 10:20:00,2.3,2.3,2.3,2.3,0,49.55024,42000,53.1,53.0
2021-08-11 10:21:00,2.3,2.3,2.3,2.3,0,49.55024,42000,53.1,53.0
2021-08-11 10:22:00,2.3,2.3,2.3,2.3,0,49.55024,42000,53.1,53.0
2021-08-11 10:23:00,2.3,2.3,2.3,2.3,0,49.55024,42000,53.1,53.0
2021-08-11 10:24:00,2.3,2.3,2.3,2.3,0,49.55024,42000,53.1,53.0
2021-08-11 10:25:00,2.3,2.3,2.3,2.3,0,49.55024,42000,53.1,53.0
2021-08-11 10:26:00,2.3,2.3,2.3,2.3,0,49.55024,42000,53.1,53.0
2021-08-11 10:27:00,2.3,2.3,2.3,2.3,0,49.55024,42000,53.5,54.0
2021-08-11 10:28:00,2.3,2.3,2.3,2.3,0,49.55024,42000,53.1,53.0
2021-08-11 10:29:00,2.3,2.3,2.3,2.3,0,49.55024,42000,53.1,53.0
2021-08-11 10:30:00,2.3,2.3,2.3,2.3,0,49.55024,42000,53.1,53.0
2021-08-11 10:31:00,2.3,2.3,2.3,2.3,0,49.55024,42000,53.1,53.0
2021-08-11 10:32:00,2.3,2.3,2.3,2.3,0,49.55024,42000,53.25,53.0
2021-08-11 10:33:00,2.3,2.3,2.3,2.3,0,49.55024,42000,53.1,53.0
2021-08-11 10:34:00,2.3,2.3,2.3,2.3,0,49.55024,42000,53.1,53.0
2021-08-11 10:35:00,2.55,2.55,2.5,2.5,10500,51.012045,84000,53.35,53.0
2021-08-11 10:36:00,2.5,2.5,2.45,2.45,10500,49.84822,84000,53.35,53.0
2021-08-11 10:37:00,2.45,2.45,2.45,2.45,0,49.84822,84000,53.35,53.0
2021-08-11 10:38:00,2.45,2.45,2.45,2.45,0,49.84822,84000,53.35,53.0
2021-08-11 10:39:00,2.45,2.45,2.45,2.45,0,49.84822,84000,53.35,53.0
2021-08-11 10:40:00,2.45,2.45,2.45,2.45,0,49.84822,84000,53.35,53.0
2021-08-11 10:41:00,2.45,2.45,2.45,2.45,0,49.84822,84000,53.15,53.0
2021-08-11 10:42:00,2.45,2.45,2.45,2.45,0,49.84822,84000,53.35,53.0
2021-08-11 10:43:00,2.45,2.45,2.45,2.45,0,49.84822,84000,53.35,53.0
2021-08-11 10:44:00,2.45,2.45,2.45,2.45,0,49.84822,84000,53.35,53.0
2021-08-11 10:45:00,2.45,2.45,2.45,2.45,0,49.84822,84000,53.35,53.0
2021-08-11 10:46:00,2.45,2.45,2.45,2.45,0,49.84822,84000,53.35,53.0
2021-08-11 10:47:00,2.45,2.45,2.45,2.45,0,49.84822,84000,53.35,53.0
2021-08-11 10:48:00,2.45,2.45,2.45,2.45,0,49.84822,84000,53.35,53.0
2021-08-11 10:49:00,2.45,2.45,2.45,2.45,0,49.84822,84000,53.35,53.0
2021-08-11 10:50:00,2.45,2.45,2.45,2.45,0,49.84822,84000,53.25,53.0
2021-08-11 10:51:00,2.45,2.45,2.45,2.45,0,49.84822,84000,53.25,53.0
2021-08-11 10:52:00,2.45,2.45,2.45,2.45,0,49.84822,84000,53.25,53.0
2021-08-11 10:53:00,2.45,2.45,2.45,2.45,0,49.84822,84000,53.35,53.0
2021-08-11 10:54:00,2.45,2.45,2.45,2.45,0,49.84822,84000,53.35,53.0
2021-08-11 10:55:00,2.45,2.45,2.45,2.45,0,49.84822,84000,53.35,53.0
2021-08-11 10:56:00,2.45,2.45,2.45,2.45,0,49.84822,84000,53.35,53.0
2021-08-11 10:57:00,2.45,2.45,2.45,2.45,0,49.84822,84000,53.25,53.0
2021-08-11 10:58:00,2.45,2.45,2.45,2.45,0,49.84822,84000,53.2,53.0
2021-08-11 10:59:00,2.45,2.45,2.45,2.45,0,49.84822,84000,53.35,53.0
2021-08-11 11:00:00,2.45,2.45,2.45,2.45,0,49.84822,84000,53.35,53.0
2021-08-11 11:01:00,2.45,2.45,2.45,2.45,0,49.84822,84000,53.1,53.0
2021-08-11 11:02:00,2.45,2.45,2.45,2.45,0,49.84822,84000,53.1,53.0
2021-08-11 11:03:00,2.45,2.45,2.45,2.45,0,49.84822,84000,53.05,53.0
2021-08-11 11:04:00,2.45,2.45,2.45,2.45,0,49.84822,84000,53.35,53.0
2021-08-11 11:05:00,2.45,2.45,2.45,2.45,0,49.84822,84000,53.35,53.0
2021-08-11 11:06:00,2.45,2.45,2.45,2.45,0,49.84822,84000,53.35,53.0
2021-08-11 11:07:00,2.45,2.45,2.45,2.45,0,49.84822,84000,53.35,53.0
2021-08-11 11:08:00,2.45,2.45,2.45,2.45,0,49.84822,84000,53.35,53.0
2021-08-11 11:09:00,2.45,2.45,2.45,2.45,0,49.84822,84000,53.35,53.0
2021-08-11 11:10:00,2.45,2.45,2.45,2.45,0,49.84822,84000,53.35,53.0
2021-08-11 11:11:00,2.45,2.45,2.45,2.45,0,49.84822,84000,53.35,53.0
2021-08-11 11:12:00,2.45,2.45,2.45,2.45,0,49.84822,84000,53.15,53.0
2021-08-11 11:13:00,2.45,2.45,2.45,2.45,0,49.84822,84000,53.35,53.0
2021-08-11 11:14:00,2.45,2.45,2.45,2.45,0,49.84822,84000,53.35,53.0
2021-08-11 11:15:00,2.45,2.45,2.45,2.45,0,49.84822,84000,53.35,53.0
2021-08-11 11:16:00,2.45,2.45,2.45,2.45,0,49.84822,84000,53.35,53.0
2021-08-11 11:17:00,2.45,2.45,2.45,2.45,0,49.84822,84000,53.0,53.0
2021-08-11 11:18:00,2.45,2.45,2.45,2.45,0,49.84822,84000,53.35,53.0
2021-08-11 11:19:00,2.45,2.45,2.45,2.45,0,49.84822,84000,53.35,53.0
2021-08-11 11:20:00,2.45,2.45,2.45,2.45,0,49.84822,84000,53.0,53.0
2021-08-11 11:21:00,2.45,2.45,2.45,2.45,0,49.84822,84000,53.05,53.0
2021-08-11 11:22:00,2.45,2.45,2.45,2.45,0,49.84822,84000,53.35,53.0
2021-08-11 11:23:00,2.45,2.45,2.45,2.45,0,49.84822,84000,53.35,53.0
2021-08-11 11:24:00,2.45,2.45,2.45,2.45,0,49.84822,84000,53.3,53.0
2021-08-11 11:25:00,2.45,2.45,2.45,2.45,0,49.84822,84000,53.35,53.0
2021-08-11 11:26:00,2.45,2.45,2.45,2.45,0,49.84822,84000,53.35,53.0
2021-08-11 11:27:00,2.45,2.45,2.45,2.45,0,49.84822,84000,53.35,53.0
2021-08-11 11:28:00,2.45,2.45,2.45,2.45,0,49.84822,84000,53.35,53.0
2021-08-11 11:29:00,2.45,2.45,2.45,2.45,0,49.84822,84000,53.35,53.0
2021-08-11 11:30:00,2.45,2.45,2.45,2.45,0,49.84822,84000,53.35,53.0
2021-08-11 11:31:00,2.45,2.45,2.45,2.45,0,49.84822,84000,53.35,53.0
2021-08-11 11:32:00,2.45,2.45,2.45,2.45,0,49.84822,84000,53.35,53.0
2021-08-11 11:33:00,2.45,2.45,2.45,2.45,0,49.84822,84000,53.35,53.0
2021-08-11 11:34:00,2.45,2.45,2.45,2.45,0,49.84822,84000,53.35,53.0
2021-08-11 11:35:00,2.45,2.45,2.45,2.45,0,49.84822,84000,53.35,53.0
2021-08-11 11:36:00,2.45,2.45,2.45,2.45,0,49.84822,84000,53.35,53.0
2021-08-11 11:37:00,2.45,2.45,2.45,2.45,0,49.84822,84000,53.35,53.0
2021-08-11 11:38:00,2.45,2.45,2.45,2.45,0,49.84822,84000,53.35,53.0
2021-08-11 11:39:00,2.45,2.45,2.45,2.45,0,49.84822,84000,53.35,53.0
2021-08-11 11:40:00,2.45,2.45,2.45,2.45,0,49.84822,84000,53.35,53.0
2021-08-11 11:41:00,2.2,2.2,2.15,2.15,10500,50.099315,661500,53.7,54.0
2021-08-11 11:42:00,2.15,2.15,2.15,2.15,0,50.099315,661500,53.75,54.0
2021-08-11 11:43:00,2.15,2.25,2.15,2.25,21000,51.204527,661500,53.8,54.0
2021-08-11 11:44:00,2.25,2.25,2.25,2.25,0,51.204527,661500,53.8,54.0
2021-08-11 11:45:00,2.25,2.25,2.25,2.25,0,51.204527,661500,53.8,54.0
2021-08-11 11:46:00,2.25,2.25,2.25,2.25,0,51.204527,661500,53.8,54.0
2021-08-11 11:47:00,2.25,2.25,2.25,2.25,0,51.204527,661500,53.8,54.0
2021-08-11 11:48:00,2.25,2.25,2.25,2.25,0,51.204527,661500,53.8,54.0
2021-08-11 11:49:00,2.25,2.25,2.25,2.25,0,51.204527,661500,53.8,54.0
2021-08-11 11:50:00,2.25,2.25,2.25,2.25,0,51.204527,661500,53.8,54.0
2021-08-11 11:51:00,2.25,2.25,2.25,2.25,0,51.204527,661500,53.8,54.0
2021-08-11 11:52:00,2.25,2.25,2.25,2.25,0,51.204527,661500,53.8,54.0
2021-08-11 11:53:00,2.25,2.25,2.25,2.25,0,51.204527,661500,53.8,54.0
2021-08-11 11:54:00,2.25,2.25,2.25,2.25,0,51.204527,661500,53.8,54.0
2021-08-11 11:55:00,2.25,2.25,2.25,2.25,0,51.204527,661500,53.8,54.0
2021-08-11 11:56:00,2.3,2.3,2.3,2.3,21000,51.765924,640500,53.85,54.0
2021-08-11 11:57:00,2.3,2.3,2.3,2.3,0,51.765924,640500,53.85,54.0
2021-08-11 11:58:00,2.3,2.3,2.3,2.3,0,51.765924,640500,53.85,54.0
2021-08-11 11:59:00,2.3,2.3,2.3,2.3,0,51.765924,640500,53.85,54.0
2021-08-11 12:00:00,2.3,2.3,2.3,2.3,0,51.765924,640500,53.85,54.0
2021-08-11 12:01:00,2.3,2.3,2.3,2.3,0,51.765924,640500,53.85,54.0
2021-08-11 12:02:00,2.3,2.3,2.3,2.3,0,51.765924,640500,53.85,54.0
2021-08-11 12:03:00,2.3,2.3,2.3,2.3,0,51.765924,640500,53.85,54.0
2021-08-11 12:04:00,2.3,2.3,2.3,2.3,0,51.765924,640500,53.85,54.0
2021-08-11 12:05:00,2.3,2.3,2.3,2.3,0,51.765924,640500,53.85,54.0
2021-08-11 12:06:00,2.3,2.3,2.3,2.3,0,51.765924,640500,53.85,54.0
2021-08-11 12:07:00,2.3,2.3,2.3,2.3,0,51.765924,640500,53.85,54.0
2021-08-11 12:08:00,2.3,2.3,2.3,2.3,0,51.765924,640500,53.85,54.0
2021-08-11 12:09:00,2.3,2.3,2.3,2.3,0,51.765924,640500,53.85,54.0
2021-08-11 12:10:00,2.3,2.3,2.3,2.3,0,51.765924,640500,53.85,54.0
2021-08-11 12:11:00,2.3,2.3,2.3,2.3,0,51.765924,640500,54.05,54.0
2021-08-11 12:12:00,2.3,2.3,2.3,2.3,0,51.765924,640500,54.1,54.0
2021-08-11 12:13:00,2.3,2.3,2.3,2.3,0,51.765924,640500,53.85,54.0
2021-08-11 12:14:00,2.3,2.3,2.3,2.3,0,51.765924,640500,53.85,54.0
2021-08-11 12:15:00,2.3,2.3,2.3,2.3,0,51.765924,640500,53.85,54.0
2021-08-11 12:16:00,2.3,2.3,2.3,2.3,0,51.765924,640500,53.85,54.0
2021-08-11 12:17:00,2.4,2.4,2.4,2.4,10500,49.135083,640500,54.25,54.0
2021-08-11 12:18:00,2.4,2.4,2.35,2.4,94500,49.136331,640500,54.25,54.0
2021-08-11 12:19:00,2.45,2.45,2.45,2.45,10500,49.64569,640500,54.3,54.0
2021-08-11 12:20:00,2.45,2.45,2.45,2.45,0,49.64569,640500,54.3,54.0
2021-08-11 12:21:00,2.45,2.45,2.45,2.45,0,49.64569,640500,54.3,54.0
2021-08-11 12:22:00,2.45,2.45,2.45,2.45,0,49.64569,640500,54.3,54.0
2021-08-11 12:23:00,2.45,2.45,2.45,2.45,0,49.64569,640500,54.25,54.0
2021-08-11 12:24:00,2.45,2.45,2.45,2.45,0,49.64569,640500,54.3,54.0
2021-08-11 12:25:00,2.45,2.45,2.45,2.45,0,49.64569,640500,54.3,54.0
2021-08-11 12:26:00,2.45,2.45,2.45,2.45,0,49.64569,640500,54.3,54.0
2021-08-11 12:27:00,2.45,2.45,2.45,2.45,0,49.64569,640500,54.3,54.0
2021-08-11 12:28:00,2.45,2.45,2.45,2.45,0,49.64569,640500,54.3,54.0
2021-08-11 12:29:00,2.45,2.45,2.45,2.45,0,49.64569,640500,54.2,54.0
2021-08-11 12:30:00,2.45,2.45,2.45,2.45,0,49.64569,640500,54.3,54.0
2021-08-11 12:31:00,2.45,2.45,2.45,2.45,0,49.64569,640500,54.3,54.0
2021-08-11 12:32:00,2.45,2.45,2.45,2.45,0,49.64569,640500,54.25,54.0
2021-08-11 12:33:00,2.45,2.45,2.45,2.45,0,49.64569,640500,54.3,54.0
2021-08-11 12:34:00,2.45,2.45,2.45,2.45,0,49.64569,640500,54.3,54.0
2021-08-11 12:35:00,2.45,2.45,2.45,2.45,10500,50.303324,640500,54.25,54.0
2021-08-11 12:36:00,2.45,2.45,2.45,2.45,0,50.303324,640500,54.25,54.0
2021-08-11 12:37:00,2.45,2.45,2.45,2.45,0,50.303324,640500,54.25,54.0
2021-08-11 12:38:00,2.45,2.45,2.45,2.45,0,50.303324,640500,54.25,54.0
2021-08-11 12:39:00,2.45,2.45,2.45,2.45,0,50.303324,640500,54.25,54.0
2021-08-11 12:40:00,2.45,2.45,2.45,2.45,0,50.303324,640500,54.2,54.0
2021-08-11 12:41:00,2.45,2.45,2.45,2.45,0,50.303324,640500,54.05,54.0
2021-08-11 12:42:00,2.45,2.45,2.45,2.45,0,50.303324,640500,54.25,54.0
2021-08-11 12:43:00,2.45,2.45,2.45,2.45,0,50.303324,640500,54.25,54.0
2021-08-11 12:44:00,2.45,2.45,2.45,2.45,0,50.303324,640500,54.25,54.0
2021-08-11 12:45:00,2.45,2.45,2.45,2.45,0,50.303324,640500,54.25,54.0
2021-08-11 12:46:00,2.45,2.45,2.45,2.45,0,50.303324,640500,54.25,54.0
2021-08-11 12:47:00,2.45,2.45,2.45,2.45,0,50.303324,640500,54.25,54.0
2021-08-11 12:48:00,2.45,2.45,2.45,2.45,0,50.303324,640500,54.05,54.0
2021-08-11 12:49:00,2.45,2.45,2.45,2.45,0,50.303324,640500,54.25,54.0
2021-08-11 12:50:00,2.45,2.45,2.45,2.45,0,50.303324,640500,54.25,54.0
2021-08-11 12:51:00,2.45,2.45,2.45,2.45,0,50.303324,640500,54.35,54.0
2021-08-11 12:52:00,2.45,2.45,2.45,2.45,0,50.303324,640500,54.35,54.0
2021-08-11 12:53:00,2.45,2.45,2.45,2.45,0,50.303324,640500,54.25,54.0
2021-08-11 12:54:00,2.45,2.45,2.45,2.45,0,50.303324,640500,54.25,54.0
2021-08-11 12:55:00,2.45,2.45,2.45,2.45,0,50.303324,640500,54.25,54.0
2021-08-11 12:56:00,2.45,2.45,2.45,2.45,0,50.303324,640500,54.25,54.0
2021-08-11 12:57:00,2.45,2.45,2.45,2.45,0,50.303324,640500,54.25,54.0
2021-08-11 12:58:00,2.45,2.45,2.45,2.45,0,50.303324,640500,54.25,54.0
2021-08-11 12:59:00,2.45,2.45,2.45,2.45,0,50.303324,640500,54.25,54.0
2021-08-11 13:00:00,2.45,2.45,2.45,2.45,0,50.303324,640500,54.25,54.0
2021-08-11 13:01:00,2.1,2.15,2.1,2.15,52500,50.963741,3612000,54.55,55.0
2021-08-11 13:02:00,2.15,2.15,2.15,2.15,0,50.963741,3612000,54.55,55.0
2021-08-11 13:03:00,2.15,2.15,2.15,2.15,0,50.963741,3612000,54.55,55.0
2021-08-11 13:04:00,2.15,2.15,2.15,2.15,0,50.963741,3612000,54.55,55.0
2021-08-11 13:05:00,2.15,2.15,2.15,2.15,0,50.963741,3612000,54.55,55.0
2021-08-11 13:06:00,2.15,2.15,2.15,2.15,0,50.963741,3612000,54.55,55.0
2021-08-11 13:07:00,2.15,2.15,2.15,2.15,0,50.963741,3612000,54.55,55.0
2021-08-11 13:08:00,2.15,2.15,2.15,2.15,0,50.963741,3612000,54.7,55.0
2021-08-11 13:09:00,2.15,2.15,2.15,2.15,0,50.963741,3612000,54.7,55.0
2021-08-11 13:10:00,2.15,2.15,2.15,2.15,0,50.963741,3612000,54.55,55.0
2021-08-11 13:11:00,2.15,2.15,2.15,2.15,0,50.963741,3612000,54.55,55.0
2021-08-11 13:12:00,2.15,2.15,2.15,2.15,0,50.963741,3612000,54.6,55.0
2021-08-11 13:13:00,2.15,2.15,2.1,2.1,10500,49.278052,3633000,54.6,55.0
2021-08-11 13:14:00,2.65,2.65,2.55,2.55,10500,52.009243,609000,54.3,54.0
2021-08-11 13:15:00,2.55,2.55,2.55,2.55,0,52.009243,609000,54.3,54.0
2021-08-11 13:16:00,2.55,2.55,2.55,2.55,0,52.009243,609000,54.3,54.0
2021-08-11 13:17:00,2.55,2.55,2.55,2.55,0,52.009243,609000,54.3,54.0
2021-08-11 13:18:00,2.55,2.55,2.55,2.55,0,52.009243,609000,54.3,54.0
2021-08-11 13:19:00,2.55,2.55,2.55,2.55,0,52.009243,609000,54.3,54.0
2021-08-11 13:20:00,2.55,2.55,2.55,2.55,0,52.009243,609000,54.3,54.0
2021-08-11 13:21:00,2.55,2.55,2.55,2.55,0,52.009243,609000,54.3,54.0
2021-08-11 13:22:00,2.55,2.55,2.55,2.55,0,52.009243,609000,54.3,54.0
2021-08-11 13:23:00,2.55,2.55,2.55,2.55,0,52.009243,609000,54.3,54.0
2021-08-11 13:24:00,2.55,2.55,2.55,2.55,0,52.009243,609000,54.3,54.0
2021-08-11 13:25:00,2.55,2.55,2.55,2.55,0,52.009243,609000,54.3,54.0
2021-08-11 13:26:00,2.55,2.55,2.55,2.55,0,52.009243,609000,54.3,54.0
2021-08-11 13:27:00,2.55,2.55,2.55,2.55,0,52.009243,609000,54.3,54.0
2021-08-11 13:28:00,2.55,2.55,2.55,2.55,0,52.009243,609000,54.3,54.0
2021-08-11 13:29:00,2.55,2.55,2.55,2.55,0,52.009243,609000,54.5,55.0
2021-08-11 13:30:00,2.55,2.55,2.55,2.55,0,52.009243,609000,54.5,55.0
2021-08-11 13:31:00,2.55,2.55,2.55,2.55,0,52.009243,609000,54.3,54.0
2021-08-11 13:32:00,2.55,2.55,2.55,2.55,0,52.009243,609000,54.3,54.0
2021-08-11 13:33:00,2.55,2.55,2.55,2.55,0,52.009243,609000,54.3,54.0
2021-08-11 13:34:00,2.55,2.55,2.55,2.55,0,52.009243,609000,54.3,54.0
2021-08-11 13:35:00,2.1,2.1,2.1,2.1,21000,49.876913,3633000,54.55,55.0
2021-08-11 13:36:00,2.1,2.1,2.1,2.1,0,49.876913,3633000,54.5,55.0
2021-08-11 13:37:00,2.1,2.1,2.1,2.1,0,49.876913,3633000,54.55,55.0
2021-08-11 13:38:00,2.1,2.1,2.1,2.1,0,49.876913,3633000,54.55,55.0
2021-08-11 13:39:00,2.1,2.1,2.1,2.1,0,49.876913,3633000,54.55,55.0
2021-08-11 13:40:00,2.1,2.1,2.1,2.1,0,49.876913,3633000,54.55,55.0
2021-08-11 13:41:00,2.1,2.1,2.1,2.1,0,49.876913,3633000,54.55,55.0
2021-08-11 13:42:00,2.1,2.1,2.1,2.1,0,49.876913,3633000,54.55,55.0
2021-08-11 13:43:00,2.1,2.1,2.1,2.1,10500,49.886978,3622500,54.55,55.0
2021-08-11 13:44:00,2.1,2.1,2.1,2.1,0,49.886978,3622500,54.55,55.0
2021-08-11 13:45:00,2.1,2.1,2.1,2.1,0,49.886978,3622500,54.55,55.0
2021-08-11 13:46:00,2.1,2.15,2.1,2.15,31500,49.873258,3612000,54.65,55.0
2021-08-11 13:47:00,2.15,2.15,2.1,2.1,10500,49.320379,3612000,54.6,55.0
2021-08-11 13:48:00,2.1,2.1,2.1,2.1,10500,49.893271,3612000,54.55,55.0
2021-08-11 13:49:00,2.1,2.1,2.1,2.1,0,49.893271,3612000,54.5,55.0
2021-08-11 13:50:00,2.1,2.1,2.1,2.1,0,49.893271,3612000,54.5,55.0
2021-08-11 13:51:00,2.1,2.1,2.1,2.1,0,49.893271,3612000,54.55,55.0
2021-08-11 13:52:00,2.1,2.1,2.1,2.1,0,49.893271,3612000,54.55,55.0
2021-08-11 13:53:00,2.1,2.1,2.1,2.1,0,49.893271,3612000,54.55,55.0
2021-08-11 13:54:00,2.1,2.1,2.1,2.1,0,49.893271,3612000,54.55,55.0
2021-08-11 13:55:00,2.1,2.1,2.1,2.1,0,49.893271,3612000,54.55,55.0
2021-08-11 13:56:00,2.1,2.1,2.1,2.1,0,49.893271,3612000,54.55,55.0
2021-08-11 13:57:00,2.1,2.1,2.1,2.1,0,49.893271,3612000,54.55,55.0
2021-08-11 13:58:00,2.1,2.1,2.1,2.1,0,49.893271,3612000,54.55,55.0
2021-08-11 13:59:00,2.1,2.1,2.1,2.1,0,49.893271,3612000,54.5,55.0
2021-08-11 14:00:00,2.55,2.55,2.5,2.5,10500,50.921765,588000,54.3,54.0
2021-08-11 14:01:00,2.5,2.5,2.45,2.45,21000,51.047443,588000,54.2,54.0
2021-08-11 14:02:00,2.45,2.45,2.4,2.4,10500,50.531114,588000,54.15,54.0
2021-08-11 14:03:00,2.4,2.4,2.4,2.4,0,50.531114,588000,54.15,54.0
2021-08-11 14:04:00,2.4,2.4,2.4,2.4,0,50.531114,588000,54.15,54.0
2021-08-11 14:05:00,2.4,2.4,2.4,2.4,0,50.531114,588000,54.05,54.0
2021-08-11 14:06:00,2.4,2.4,2.4,2.4,0,50.531114,588000,54.15,54.0
2021-08-11 14:07:00,2.4,2.4,2.4,2.4,0,50.531114,588000,54.15,54.0
2021-08-11 14:08:00,2.4,2.4,2.4,2.4,0,50.531114,588000,54.15,54.0
2021-08-11 14:09:00,2.4,2.4,2.4,2.4,0,50.531114,588000,54.15,54.0
2021-08-11 14:10:00,2.4,2.4,2.4,2.4,0,50.531114,588000,54.15,54.0
2021-08-11 14:11:00,2.4,2.4,2.4,2.4,0,50.531114,588000,54.15,54.0
2021-08-11 14:12:00,2.4,2.4,2.4,2.4,0,50.531114,588000,54.15,54.0
2021-08-11 14:13:00,2.4,2.4,2.4,2.4,0,50.531114,588000,54.15,54.0
2021-08-11 14:14:00,2.4,2.4,2.4,2.4,0,50.531114,588000,54.25,54.0
2021-08-11 14:15:00,2.4,2.4,2.4,2.4,0,50.531114,588000,54.15,54.0
2021-08-11 14:16:00,2.4,2.4,2.4,2.4,0,50.531114,588000,54.15,54.0
2021-08-11 14:17:00,2.4,2.4,2.4,2.4,0,50.531114,588000,54.15,54.0
2021-08-11 14:18:00,2.4,2.4,2.4,2.4,0,50.531114,588000,54.15,54.0
2021-08-11 14:19:00,2.4,2.4,2.4,2.4,0,50.531114,588000,54.35,54.0
2021-08-11 14:20:00,2.4,2.4,2.4,2.4,10500,48.005543,630000,54.35,54.0
2021-08-11 14:21:00,2.4,2.4,2.4,2.4,0,48.005543,630000,54.35,54.0
2021-08-11 14:22:00,2.4,2.4,2.4,2.4,0,48.005543,630000,54.35,54.0
2021-08-11 14:23:00,2.4,2.4,2.4,2.4,0,48.005543,630000,54.35,54.0
2021-08-11 14:24:00,2.4,2.4,2.4,2.4,0,48.005543,630000,54.35,54.0
2021-08-11 14:25:00,2.4,2.4,2.4,2.4,0,48.005543,630000,54.35,54.0
2021-08-11 14:26:00,2.4,2.4,2.4,2.4,0,48.005543,630000,54.3,54.0
2021-08-11 14:27:00,2.4,2.4,2.4,2.4,0,48.005543,630000,54.35,54.0
2021-08-11 14:28:00,2.4,2.4,2.4,2.4,0,48.005543,630000,54.35,54.0
2021-08-11 14:29:00,2.4,2.4,2.4,2.4,21000,50.56581,619500,54.15,54.0
2021-08-11 14:30:00,2.4,2.4,2.4,2.4,0,50.56581,619500,54.2,54.0
2021-08-11 14:31:00,2.4,2.4,2.4,2.4,0,50.56581,619500,54.2,54.0
2021-08-11 14:32:00,2.4,2.4,2.4,2.4,0,50.56581,619500,54.2,54.0
2021-08-11 14:33:00,2.4,2.4,2.4,2.4,0,50.56581,619500,54.15,54.0
2021-08-11 14:34:00,2.4,2.4,2.4,2.4,0,50.56581,619500,54.15,54.0
2021-08-11 14:35:00,2.4,2.4,2.4,2.4,0,50.56581,619500,54.15,54.0
2021-08-11 14:36:00,2.4,2.4,2.4,2.4,0,50.56581,619500,54.15,54.0
2021-08-11 14:37:00,2.4,2.4,2.4,2.4,0,50.56581,619500,54.15,54.0
2021-08-11 14:38:00,2.4,2.4,2.4,2.4,0,50.56581,619500,54.15,54.0
2021-08-11 14:39:00,2.4,2.4,2.4,2.4,0,50.56581,619500,54.15,54.0
2021-08-11 14:40:00,2.4,2.4,2.4,2.4,0,50.56581,619500,54.15,54.0
2021-08-11 14:41:00,2.4,2.4,2.4,2.4,0,50.56581,619500,54.15,54.0
2021-08-11 14:42:00,2.4,2.4,2.4,2.4,0,50.56581,619500,54.15,54.0
2021-08-11 14:43:00,2.4,2.4,2.4,2.4,0,50.56581,619500,54.15,54.0
2021-08-11 14:44:00,2.4,2.4,2.4,2.4,0,50.56581,619500,54.15,54.0
2021-08-11 14:45:00,2.4,2.4,2.4,2.4,0,50.56581,619500,54.15,54.0
2021-08-11 14:46:00,2.4,2.4,2.4,2.4,0,50.56581,619500,54.15,54.0
2021-08-11 14:47:00,2.4,2.4,2.4,2.4,0,50.56581,619500,54.15,54.0
2021-08-11 14:48:00,2.4,2.4,2.4,2.4,0,50.56581,619500,54.15,54.0
2021-08-11 14:49:00,2.4,2.4,2.4,2.4,0,50.56581,619500,54.15,54.0
2021-08-11 14:50:00,2.4,2.4,2.4,2.4,0,50.56581,619500,54.15,54.0
2021-08-11 14:51:00,2.4,2.4,2.4,2.4,0,50.56581,619500,54.15,54.0
2021-08-11 14:52:00,2.4,2.4,2.4,2.4,0,50.56581,619500,54.15,54.0
2021-08-11 14:53:00,2.4,2.4,2.4,2.4,0,50.56581,619500,54.15,54.0
2021-08-11 14:54:00,2.4,2.4,2.4,2.4,0,50.56581,619500,54.15,54.0
2021-08-11 14:55:00,2.4,2.4,2.4,2.4,0,50.56581,619500,54.15,54.0
2021-08-11 14:56:00,2.4,2.4,2.4,2.4,0,50.56581,619500,54.15,54.0
2021-08-11 14:57:00,2.4,2.4,2.4,2.4,0,50.56581,619500,54.15,54.0
2021-08-11 14:58:00,2.4,2.4,2.4,2.4,0,50.56581,619500,54.15,54.0
2021-08-11 14:59:00,2.4,2.4,2.4,2.4,0,50.56581,619500,54.2,54.0
2021-08-11 15:00:00,2.4,2.4,2.4,2.4,0,50.56581,619500,54.4,54.0
2021-08-11 15:01:00,2.5,2.5,2.5,2.5,10500,49.05581,640500,54.45,54.0
2021-08-11 15:02:00,2.5,2.5,2.5,2.5,10500,49.710362,640500,54.4,54.0
2021-08-11 15:03:00,2.5,2.5,2.5,2.5,0,49.710362,640500,54.4,54.0
2021-08-11 15:04:00,2.5,2.5,2.5,2.5,0,49.710362,640500,54.4,54.0
2021-08-11 15:05:00,2.0,2.0,2.0,2.0,42000,47.724973,3612000,54.55,55.0
2021-08-11 15:06:00,2.0,2.0,2.0,2.0,0,47.724973,3612000,54.55,55.0
2021-08-11 15:07:00,2.0,2.0,2.0,2.0,0,47.724973,3612000,54.55,55.0
2021-08-11 15:08:00,2.0,2.0,2.0,2.0,0,47.724973,3612000,54.55,55.0
2021-08-11 15:09:00,2.0,2.0,2.0,2.0,0,47.724973,3612000,54.55,55.0
2021-08-11 15:10:00,2.0,2.0,2.0,2.0,0,47.724973,3612000,54.5,55.0
2021-08-11 15:11:00,2.0,2.0,2.0,2.0,0,47.724973,3612000,54.45,54.0
2021-08-11 15:12:00,2.0,2.0,2.0,2.0,0,47.724973,3612000,54.55,55.0
2021-08-11 15:13:00,2.0,2.0,2.0,2.0,0,47.724973,3612000,54.55,55.0
2021-08-11 15:14:00,2.0,2.0,2.0,2.0,0,47.724973,3612000,54.55,55.0
2021-08-11 15:15:00,2.0,2.0,2.0,2.0,0,47.724973,3612000,54.55,55.0
2021-08-11 15:16:00,2.0,2.0,2.0,2.0,0,47.724973,3612000,54.55,55.0
2021-08-11 15:17:00,2.6,2.6,2.6,2.6,10500,50.723616,640500,54.5,54.0
2021-08-11 15:18:00,2.6,2.6,2.6,2.6,0,50.723616,640500,54.4,54.0
2021-08-11 15:19:00,2.6,2.6,2.6,2.6,0,50.723616,640500,54.5,54.0
2021-08-11 15:20:00,2.6,2.6,2.6,2.6,0,50.723616,640500,54.5,54.0
2021-08-11 15:21:00,2.6,2.6,2.6,2.6,0,50.723616,640500,54.5,54.0
2021-08-11 15:22:00,2.6,2.6,2.6,2.6,0,50.723616,640500,54.5,54.0
2021-08-11 15:23:00,2.6,2.6,2.6,2.6,0,50.723616,640500,54.5,54.0
2021-08-11 15:24:00,2.6,2.6,2.6,2.6,0,50.723616,640500,54.5,54.0
2021-08-11 15:25:00,2.6,2.6,2.6,2.6,0,50.723616,640500,54.5,54.0
2021-08-11 15:26:00,2.6,2.6,2.6,2.6,0,50.723616,640500,54.5,54.0
2021-08-11 15:27:00,2.6,2.6,2.6,2.6,0,50.723616,640500,54.5,54.0
2021-08-11 15:28:00,2.6,2.6,2.6,2.6,0,50.723616,640500,54.5,54.0
2021-08-11 15:29:00,2.6,2.6,2.6,2.6,0,50.723616,640500,54.5,54.0
2021-08-12 09:24:00,2.25,2.25,2.25,2.25,84000,51.336492,3654000,54.85,55.0
2021-08-12 09:25:00,2.2,2.2,2.15,2.15,21000,52.010948,3654000,54.6,55.0
2021-08-12 09:26:00,2.15,2.15,2.15,2.15,0,52.010948,3654000,54.6,55.0
2021-08-12 09:27:00,2.15,2.15,2.15,2.15,0,52.010948,3654000,54.6,55.0
2021-08-12 09:28:00,2.15,2.15,2.15,2.15,0,52.010948,3654000,54.65,55.0
2021-08-12 09:29:00,2.15,2.15,2.15,2.15,0,52.010948,3654000,54.6,55.0
2021-08-12 09:30:00,2.15,2.15,2.15,2.15,0,52.010948,3654000,54.6,55.0
2021-08-12 09:31:00,2.15,2.15,2.15,2.15,0,52.010948,3654000,54.7,55.0
2021-08-12 09:32:00,2.15,2.15,2.15,2.15,0,52.010948,3654000,54.6,55.0
2021-08-12 09:33:00,2.15,2.15,2.15,2.15,0,52.010948,3654000,54.6,55.0
2021-08-12 09:34:00,2.15,2.15,2.15,2.15,0,52.010948,3654000,54.6,55.0
2021-08-12 09:35:00,2.15,2.15,2.15,2.15,0,52.010948,3654000,54.6,55.0
2021-08-12 09:36:00,2.15,2.15,2.15,2.15,0,52.010948,3654000,54.6,55.0
2021-08-12 09:37:00,2.15,2.15,2.15,2.15,0,52.010948,3654000,54.6,55.0
2021-08-12 09:38:00,2.15,2.15,2.15,2.15,0,52.010948,3654000,54.6,55.0
2021-08-12 09:39:00,2.15,2.15,2.15,2.15,0,52.010948,3654000,54.6,55.0
2021-08-12 09:40:00,2.15,2.15,2.15,2.15,0,52.010948,3654000,54.6,55.0
2021-08-12 09:41:00,2.15,2.15,2.15,2.15,0,52.010948,3654000,54.6,55.0
2021-08-12 09:42:00,2.15,2.15,2.15,2.15,0,52.010948,3654000,54.6,55.0
2021-08-12 09:43:00,2.15,2.15,2.15,2.15,0,52.010948,3654000,54.6,55.0
2021-08-12 09:44:00,2.05,2.05,2.05,2.05,10500,49.123046,3675000,54.65,55.0
2021-08-12 09:45:00,2.05,2.05,2.05,2.05,0,49.123046,3675000,54.65,55.0
2021-08-12 09:46:00,2.05,2.05,2.05,2.05,0,49.123046,3675000,54.65,55.0
2021-08-12 09:47:00,2.05,2.05,2.05,2.05,0,49.123046,3675000,54.65,55.0
2021-08-12 09:48:00,2.05,2.05,2.05,2.05,0,49.123046,3675000,54.65,55.0
2021-08-12 09:49:00,2.05,2.05,2.05,2.05,0,49.123046,3675000,54.65,55.0
2021-08-12 09:50:00,2.05,2.05,2.05,2.05,0,49.123046,3675000,54.65,55.0
2021-08-12 09:51:00,2.1,2.25,2.1,2.25,73500,49.530901,3664500,55.0,55.0
2021-08-12 09:52:00,2.25,2.25,2.25,2.25,0,49.530901,3664500,55.0,55.0
2021-08-12 09:53:00,2.25,2.25,2.25,2.25,0,49.530901,3664500,55.0,55.0
2021-08-12 09:54:00,2.25,2.25,2.25,2.25,0,49.530901,3664500,55.0,55.0
2021-08-12 09:55:00,2.25,2.25,2.25,2.25,0,49.530901,3664500,55.0,55.0
2021-08-12 09:56:00,2.25,2.25,2.25,2.25,0,49.530901,3664500,55.0,55.0
2021-08-12 09:57:00,2.25,2.25,2.25,2.25,0,49.530901,3664500,55.0,55.0
2021-08-12 09:58:00,2.25,2.25,2.25,2.25,0,49.530901,3664500,55.0,55.0
2021-08-12 09:59:00,2.3,2.3,2.3,2.3,21000,50.700195,3633000,55.0,55.0
2021-08-12 10:00:00,2.3,2.3,2.3,2.3,0,50.700195,3633000,55.0,55.0
2021-08-12 10:01:00,2.3,2.3,2.3,2.3,0,50.700195,3633000,55.0,55.0
2021-08-12 10:02:00,2.3,2.3,2.25,2.25,10500,48.923055,3622500,55.05,55.0
2021-08-12 10:03:00,2.25,2.25,2.25,2.25,0,48.923055,3622500,55.0,55.0
2021-08-12 10:04:00,2.25,2.3,2.25,2.3,21000,51.325478,3622500,54.95,55.0
2021-08-12 10:05:00,2.25,2.25,2.25,2.25,21000,50.167835,3622500,54.95,55.0
2021-08-12 10:06:00,2.25,2.25,2.25,2.25,0,50.167835,3622500,54.95,55.0
2021-08-12 10:07:00,2.25,2.25,2.25,2.25,0,50.167835,3622500,54.95,55.0
2021-08-12 10:08:00,2.25,2.25,2.25,2.25,0,50.167835,3622500,54.95,55.0
2021-08-12 10:09:00,2.25,2.25,2.25,2.25,0,50.167835,3622500,54.95,55.0
2021-08-12 10:10:00,2.2,2.2,2.15,2.15,63000,49.685879,3601500,54.8,55.0
2021-08-12 10:11:00,2.15,2.15,2.15,2.15,0,49.685879,3601500,54.85,55.0
2021-08-12 10:12:00,2.15,2.15,2.15,2.15,10500,49.688538,3580500,54.8,55.0
2021-08-12 10:13:00,2.15,2.15,2.15,2.15,0,49.688538,3580500,54.8,55.0
2021-08-12 10:14:00,2.15,2.15,2.15,2.15,0,49.688538,3580500,54.8,55.0
2021-08-12 10:15:00,2.15,2.15,2.15,2.15,0,49.688538,3580500,54.8,55.0
2021-08-12 10:16:00,2.15,2.15,2.15,2.15,0,49.688538,3580500,54.8,55.0
2021-08-12 10:17:00,2.15,2.15,2.15,2.15,0,49.688538,3580500,54.8,55.0
2021-08-12 10:18:00,2.15,2.15,2.15,2.15,0,49.688538,3580500,54.8,55.0
2021-08-12 10:19:00,2.15,2.15,2.15,2.15,0,49.688538,3580500,54.7,55.0
2021-08-12 10:20:00,2.15,2.15,2.15,2.15,0,49.688538,3580500,54.8,55.0
2021-08-12 10:21:00,2.15,2.15,2.15,2.15,0,49.688538,3580500,54.8,55.0
2021-08-12 10:22:00,2.15,2.15,2.15,2.15,0,49.688538,3580500,54.65,55.0
2021-08-12 10:23:00,2.15,2.15,2.15,2.15,0,49.688538,3580500,54.8,55.0
2021-08-12 10:24:00,2.15,2.15,2.15,2.15,0,49.688538,3580500,54.8,55.0
2021-08-12 10:25:00,2.1,2.1,2.1,2.1,10500,49.74502,3612000,54.7,55.0
2021-08-12 10:26:00,2.1,2.1,2.1,2.1,0,49.74502,3612000,54.7,55.0
2021-08-12 10:27:00,2.1,2.1,2.1,2.1,0,49.74502,3612000,54.7,55.0
2021-08-12 10:28:00,2.1,2.1,2.1,2.1,0,49.74502,3612000,54.8,55.0
2021-08-12 10:29:00,2.1,2.1,2.1,2.1,0,49.74502,3612000,54.7,55.0
2021-08-12 10:30:00,2.1,2.1,2.1,2.1,0,49.74502,3612000,54.7,55.0
2021-08-12 10:31:00,2.1,2.1,2.1,2.1,0,49.74502,3612000,54.8,55.0
2021-08-12 10:32:00,2.15,2.15,2.15,2.15,10500,50.916361,3601500,54.7,55.0
2021-08-12 10:33:00,2.15,2.15,2.15,2.15,0,50.916361,3601500,54.7,55.0
2021-08-12 10:34:00,2.15,2.15,2.15,2.15,0,50.916361,3601500,54.7,55.0
2021-08-12 10:35:00,2.15,2.15,2.15,2.15,0,50.916361,3601500,54.7,55.0
2021-08-12 10:36:00,2.15,2.15,2.15,2.15,0,50.916361,3601500,54.7,55.0
2021-08-12 10:37:00,2.2,2.3,2.2,2.3,21000,50.751824,3591000,55.0,55.0
2021-08-12 10:38:00,2.3,2.3,2.3,2.3,0,50.751824,3591000,55.0,55.0
2021-08-12 10:39:00,2.3,2.3,2.3,2.3,0,50.751824,3591000,55.0,55.0
2021-08-12 10:40:00,2.45,2.45,2.45,2.45,42000,51.078381,3591000,55.25,55.0
2021-08-12 10:41:00,2.45,2.45,2.4,2.4,31500,49.919264,3591000,55.25,55.0
2021-08-12 10:42:00,2.4,2.4,2.4,2.4,10500,50.560815,3591000,55.2,55.0
2021-08-12 10:43:00,2.4,2.4,2.4,2.4,0,50.560815,3591000,55.2,55.0
2021-08-12 10:44:00,2.4,2.4,2.4,2.4,0,50.560815,3591000,55.2,55.0
2021-08-12 10:45:00,2.4,2.4,2.35,2.35,10500,50.040595,3591000,55.15,55.0
2021-08-12 10:46:00,2.35,2.35,2.35,2.35,0,50.040595,3591000,55.15,55.0
2021-08-12 10:47:00,2.35,2.35,2.35,2.35,0,50.040595,3591000,55.15,55.0
2021-08-12 10:48:00,2.35,2.4,2.35,2.4,10500,49.928681,3559500,55.25,55.0
2021-08-12 10:49:00,2.4,2.45,2.4,2.45,21000,50.446256,3559500,55.3,55.0
2021-08-12 10:50:00,2.45,2.45,2.45,2.45,0,50.446256,3559500,55.3,55.0
2021-08-12 10:51:00,2.45,2.45,2.45,2.45,0,50.446256,3559500,55.3,55.0
2021-08-12 10:52:00,2.55,2.55,2.5,2.5,31500,49.650919,3538500,55.45,55.0
2021-08-12 10:53:00,2.5,2.5,2.5,2.5,0,49.650919,3538500,55.45,55.0
2021-08-12 10:54:00,2.5,2.5,2.5,2.5,0,49.650919,3538500,55.45,55.0
2021-08-12 10:55:00,2.5,2.5,2.5,2.5,0,49.650919,3538500,55.45,55.0
2021-08-12 10:56:00,2.45,2.45,2.45,2.45,21000,48.492724,3591000,55.45,55.0
2021-08-12 10:57:00,2.45,2.45,2.45,2.45,0,48.492724,3591000,55.45,55.0
2021-08-12 10:58:00,2.45,2.45,2.45,2.45,0,48.492724,3591000,55.45,55.0
2021-08-12 10:59:00,2.5,2.5,2.5,2.5,10500,50.972427,3591000,55.35,55.0
2021-08-12 11:00:00,2.5,2.5,2.5,2.5,0,50.972427,3591000,55.35,55.0
2021-08-12 11:01:00,2.5,2.5,2.5,2.5,0,50.972427,3591000,55.35,55.0
2021-08-12 11:02:00,2.5,2.5,2.5,2.5,0,50.972427,3591000,55.3,55.0
2021-08-12 11:03:00,2.5,2.5,2.5,2.5,0,50.972427,3591000,55.35,55.0
2021-08-12 11:04:00,2.5,2.5,2.5,2.5,0,50.972427,3591000,55.35,55.0
2021-08-12 11:05:00,2.35,2.35,2.35,2.35,21000,48.144479,3549000,55.3,55.0
2021-08-12 11:06:00,2.35,2.35,2.35,2.35,0,48.144479,3549000,55.3,55.0
2021-08-12 11:07:00,2.35,2.35,2.35,2.35,0,48.144479,3549000,55.3,55.0
2021-08-12 11:08:00,2.35,2.35,2.35,2.35,0,48.144479,3549000,55.3,55.0
2021-08-12 11:09:00,2.35,2.35,2.35,2.35,0,48.144479,3549000,55.3,55.0
2021-08-12 11:10:00,2.35,2.35,2.35,2.35,0,48.144479,3549000,55.3,55.0
2021-08-12 11:11:00,2.35,2.35,2.35,2.35,0,48.144479,3549000,55.3,55.0
2021-08-12 11:12:00,2.35,2.35,2.35,2.35,0,48.144479,3549000,55.3,55.0
2021-08-12 11:13:00,2.35,2.35,2.35,2.35,0,48.144479,3549000,55.3,55.0
2021-08-12 11:14:00,2.35,2.35,2.25,2.25,157500,47.120653,3601500,55.2,55.0
2021-08-12 11:15:00,2.25,2.25,2.25,2.25,0,47.120653,3601500,55.2,55.0
2021-08-12 11:16:00,2.25,2.25,2.25,2.25,0,47.120653,3601500,55.2,55.0
2021-08-12 11:17:00,2.25,2.25,2.25,2.25,10500,47.761641,3601500,55.15,55.0
2021-08-12 11:18:00,2.25,2.25,2.25,2.25,0,47.761641,3601500,55.15,55.0
2021-08-12 11:19:00,2.25,2.25,2.25,2.25,0,47.761641,3601500,55.15,55.0
2021-08-12 11:20:00,2.25,2.25,2.25,2.25,0,47.761641,3601500,55.2,55.0
2021-08-12 11:21:00,2.25,2.25,2.25,2.25,0,47.761641,3601500,55.15,55.0
2021-08-12 11:22:00,2.25,2.25,2.25,2.25,0,47.761641,3601500,55.15,55.0
2021-08-12 11:23:00,2.25,2.25,2.25,2.25,0,47.761641,3601500,55.15,55.0
2021-08-12 11:24:00,2.25,2.25,2.25,2.25,0,47.761641,3601500,55.15,55.0
2021-08-12 11:25:00,2.25,2.25,2.25,2.25,0,47.761641,3601500,55.15,55.0
2021-08-12 11:26:00,2.25,2.25,2.25,2.25,0,47.761641,3601500,55.15,55.0
2021-08-12 11:27:00,2.25,2.25,2.25,2.25,0,47.761641,3601500,55.15,55.0
2021-08-12 11:28:00,2.25,2.25,2.25,2.25,0,47.761641,3601500,55.1,55.0
2021-08-12 11:29:00,2.25,2.25,2.25,2.25,0,47.761641,3601500,55.15,55.0
2021-08-12 11:30:00,2.25,2.25,2.25,2.25,0,47.761641,3601500,55.15,55.0
2021-08-12 11:31:00,2.25,2.25,2.25,2.25,0,47.761641,3601500,55.15,55.0
2021-08-12 11:32:00,2.25,2.25,2.25,2.25,0,47.761641,3601500,55.15,55.0
2021-08-12 11:33:00,2.25,2.25,2.25,2.25,0,47.761641,3601500,55.15,55.0
2021-08-12 11:34:00,2.25,2.25,2.25,2.25,0,47.761641,3601500,55.15,55.0
2021-08-12 11:35:00,2.25,2.25,2.25,2.25,0,47.761641,3601500,55.15,55.0
2021-08-12 11:36:00,2.25,2.25,2.25,2.25,0,47.761641,3601500,55.1,55.0
2021-08-12 11:37:00,2.25,2.25,2.25,2.25,0,47.761641,3601500,55.15,55.0
2021-08-12 11:38:00,2.3,2.3,2.25,2.25,21000,48.421535,3591000,55.1,55.0
2021-08-12 11:39:00,2.25,2.25,2.25,2.25,0,48.421535,3591000,55.1,55.0
2021-08-12 11:40:00,2.25,2.25,2.25,2.25,0,48.421535,3591000,55.1,55.0
2021-08-12 11:41:00,2.25,2.25,2.25,2.25,0,48.421535,3591000,55.25,55.0
2021-08-12 11:42:00,2.25,2.25,2.25,2.25,0,48.421535,3591000,55.1,55.0
2021-08-12 11:43:00,2.25,2.25,2.25,2.25,0,48.421535,3591000,55.1,55.0
2021-08-12 11:44:00,2.25,2.25,2.25,2.25,0,48.421535,3591000,55.25,55.0
2021-08-12 11:45:00,2.25,2.25,2.25,2.25,0,48.421535,3591000,55.1,55.0
2021-08-12 11:46:00,2.25,2.25,2.25,2.25,0,48.421535,3591000,55.1,55.0
2021-08-12 11:47:00,2.3,2.35,2.3,2.35,21000,46.228761,3601500,55.45,55.0
2021-08-12 11:48:00,2.35,2.35,2.35,2.35,0,46.228761,3601500,55.45,55.0
2021-08-12 11:49:00,2.35,2.35,2.35,2.35,0,46.228761,3601500,55.45,55.0
2021-08-12 11:50:00,2.35,2.35,2.35,2.35,0,46.228761,3601500,55.45,55.0
2021-08-12 11:51:00,2.35,2.35,2.35,2.35,0,46.228761,3601500,55.45,55.0
2021-08-12 11:52:00,2.35,2.35,2.35,2.35,0,46.228761,3601500,55.45,55.0
2021-08-12 11:53:00,2.35,2.35,2.35,2.35,0,46.228761,3601500,55.45,55.0
2021-08-12 11:54:00,2.35,2.35,2.35,2.35,0,46.228761,3601500,55.45,55.0
2021-08-12 11:55:00,2.35,2.4,2.35,2.4,10500,48.06624,3591000,55.4,55.0
2021-08-12 11:56:00,2.4,2.4,2.4,2.4,21000,48.067548,3591000,55.4,55.0
2021-08-12 11:57:00,2.4,2.4,2.4,2.4,10500,47.407479,3591000,55.45,55.0
2021-08-12 11:58:00,2.4,2.4,2.4,2.4,0,47.407479,3591000,55.45,55.0
2021-08-12 11:59:00,2.4,2.4,2.4,2.4,0,47.407479,3591000,55.45,55.0
2021-08-12 12:00:00,2.4,2.4,2.4,2.4,0,47.407479,3591000,55.45,55.0
2021-08-12 12:01:00,2.4,2.4,2.4,2.4,0,47.407479,3591000,55.45,55.0
2021-08-12 12:02:00,2.4,2.4,2.4,2.4,0,47.407479,3591000,55.45,55.0
2021-08-12 12:03:00,2.4,2.4,2.4,2.4,0,47.407479,3591000,55.45,55.0
2021-08-12 12:04:00,2.4,2.4,2.4,2.4,0,47.407479,3591000,55.45,55.0
2021-08-12 12:05:00,2.4,2.4,2.4,2.4,0,47.407479,3591000,55.45,55.0
2021-08-12 12:06:00,2.35,2.35,2.3,2.3,10500,46.407885,3580500,55.35,55.0
2021-08-12 12:07:00,2.35,2.35,2.35,2.35,21000,47.573768,3580500,55.35,55.0
2021-08-12 12:08:00,2.35,2.35,2.35,2.35,0,47.573768,3580500,55.35,55.0
2021-08-12 12:09:00,2.35,2.35,2.35,2.35,0,47.573768,3580500,55.35,55.0
2021-08-12 12:10:00,2.4,2.4,2.4,2.4,10500,48.742078,3570000,55.35,55.0
2021-08-12 12:11:00,2.4,2.4,2.4,2.4,0,48.742078,3570000,55.35,55.0
2021-08-12 12:12:00,2.4,2.4,2.4,2.4,0,48.742078,3570000,55.35,55.0
2021-08-12 12:13:00,2.4,2.4,2.4,2.4,0,48.742078,3570000,55.35,55.0
2021-08-12 12:14:00,2.4,2.4,2.4,2.4,0,48.742078,3570000,55.35,55.0
2021-08-12 12:15:00,2.4,2.4,2.4,2.4,0,48.742078,3570000,55.35,55.0
2021-08-12 12:16:00,2.4,2.4,2.4,2.4,0,48.742078,3570000,55.35,55.0
2021-08-12 12:17:00,2.4,2.4,2.4,2.4,0,48.742078,3570000,55.35,55.0
2021-08-12 12:18:00,2.4,2.4,2.4,2.4,0,48.742078,3570000,55.35,55.0
2021-08-12 12:19:00,2.4,2.4,2.4,2.4,0,48.742078,3570000,55.35,55.0
2021-08-12 12:20:00,2.4,2.4,2.4,2.4,0,48.742078,3570000,55.3,55.0
2021-08-12 12:21:00,2.4,2.4,2.4,2.4,0,48.742078,3570000,55.35,55.0
2021-08-12 12:22:00,2.4,2.4,2.4,2.4,0,48.742078,3570000,55.35,55.0
2021-08-12 12:23:00,2.4,2.4,2.4,2.4,0,48.742078,3570000,55.35,55.0
2021-08-12 12:24:00,2.4,2.4,2.4,2.4,0,48.742078,3570000,55.35,55.0
2021-08-12 12:25:00,2.4,2.4,2.4,2.4,0,48.742078,3570000,55.35,55.0
2021-08-12 12:26:00,2.4,2.4,2.4,2.4,0,48.742078,3570000,55.35,55.0
2021-08-12 12:27:00,2.4,2.4,2.4,2.4,0,48.742078,3570000,55.35,55.0
2021-08-12 12:28:00,2.4,2.4,2.4,2.4,0,48.742078,3570000,55.3,55.0
2021-08-12 12:29:00,2.4,2.4,2.4,2.4,0,48.742078,3570000,55.35,55.0
2021-08-12 12:30:00,2.4,2.4,2.4,2.4,0,48.742078,3570000,55.35,55.0
2021-08-12 12:31:00,2.4,2.4,2.4,2.4,0,48.742078,3570000,55.35,55.0
2021-08-12 12:32:00,2.4,2.4,2.4,2.4,0,48.742078,3570000,55.35,55.0
2021-08-12 12:33:00,2.4,2.4,2.4,2.4,0,48.742078,3570000,55.35,55.0
2021-08-12 12:34:00,2.4,2.4,2.4,2.4,0,48.742078,3570000,55.35,55.0
2021-08-12 12:35:00,2.4,2.4,2.4,2.4,0,48.742078,3570000,55.35,55.0
2021-08-12 12:36:00,2.4,2.4,2.4,2.4,0,48.742078,3570000,55.35,55.0
2021-08-12 12:37:00,2.4,2.4,2.4,2.4,0,48.742078,3570000,55.35,55.0
2021-08-12 12:38:00,2.4,2.4,2.4,2.4,0,48.742078,3570000,55.35,55.0
2021-08-12 12:39:00,2.4,2.4,2.4,2.4,0,48.742078,3570000,55.35,55.0
2021-08-12 12:40:00,2.4,2.4,2.4,2.4,0,48.742078,3570000,55.35,55.0
2021-08-12 12:41:00,2.4,2.4,2.4,2.4,0,48.742078,3570000,55.35,55.0
2021-08-12 12:42:00,2.4,2.4,2.4,2.4,0,48.742078,3570000,55.35,55.0
2021-08-12 12:43:00,2.4,2.4,2.4,2.4,0,48.742078,3570000,55.35,55.0
2021-08-12 12:44:00,2.4,2.4,2.4,2.4,0,48.742078,3570000,55.35,55.0
2021-08-12 12:45:00,2.4,2.4,2.4,2.4,0,48.742078,3570000,55.35,55.0
2021-08-12 12:46:00,2.4,2.4,2.4,2.4,0,48.742078,3570000,55.35,55.0
2021-08-12 12:47:00,2.4,2.4,2.4,2.4,0,48.742078,3570000,55.35,55.0
2021-08-12 12:48:00,2.4,2.4,2.4,2.4,0,48.742078,3570000,55.35,55.0
2021-08-12 12:49:00,2.4,2.4,2.4,2.4,0,48.742078,3570000,55.7,56.0
2021-08-12 12:50:00,2.4,2.4,2.4,2.4,0,48.742078,3570000,55.35,55.0
2021-08-12 12:51:00,2.4,2.4,2.4,2.4,0,48.742078,3570000,55.35,55.0
2021-08-12 12:52:00,2.4,2.4,2.4,2.4,0,48.742078,3570000,55.55,56.0
2021-08-12 12:53:00,1.95,1.95,1.9,1.9,21000,46.160958,1207500,55.55,56.0
2021-08-12 12:54:00,1.9,1.9,1.9,1.9,0,46.160958,1207500,55.55,56.0
2021-08-12 12:55:00,1.9,1.9,1.9,1.9,0,46.160958,1207500,55.55,56.0
2021-08-12 12:56:00,1.9,1.9,1.9,1.9,0,46.160958,1207500,55.55,56.0
2021-08-12 12:57:00,1.9,1.9,1.9,1.9,0,46.160958,1207500,55.55,56.0
2021-08-12 12:58:00,1.9,1.9,1.9,1.9,0,46.160958,1207500,55.5,56.0
2021-08-12 12:59:00,1.9,1.9,1.9,1.9,0,46.160958,1207500,55.55,56.0
2021-08-12 13:00:00,1.9,1.9,1.9,1.9,0,46.160958,1207500,55.55,56.0
2021-08-12 13:01:00,1.9,1.9,1.9,1.9,0,46.160958,1207500,55.55,56.0
2021-08-12 13:02:00,1.9,1.9,1.9,1.9,0,46.160958,1207500,55.55,56.0
2021-08-12 13:03:00,1.9,1.9,1.9,1.9,0,46.160958,1207500,55.55,56.0
2021-08-12 13:04:00,1.9,1.9,1.9,1.9,0,46.160958,1207500,55.6,56.0
2021-08-12 13:05:00,1.9,1.9,1.9,1.9,0,46.160958,1207500,55.65,56.0
2021-08-12 13:06:00,1.9,1.9,1.9,1.9,0,46.160958,1207500,55.55,56.0
2021-08-12 13:07:00,1.9,1.9,1.9,1.9,0,46.160958,1207500,55.55,56.0
2021-08-12 13:08:00,2.0,2.0,2.0,2.0,10500,46.733328,1165500,55.7,56.0
2021-08-12 13:09:00,2.0,2.0,2.0,2.0,0,46.733328,1165500,55.7,56.0
2021-08-12 13:10:00,2.0,2.0,2.0,2.0,0,46.733328,1165500,55.7,56.0
2021-08-12 13:11:00,2.0,2.0,2.0,2.0,0,46.733328,1165500,55.7,56.0
2021-08-12 13:12:00,2.0,2.0,2.0,2.0,0,46.733328,1165500,55.7,56.0
2021-08-12 13:13:00,2.0,2.0,2.0,2.0,0,46.733328,1165500,55.7,56.0
2021-08-12 13:14:00,2.0,2.0,2.0,2.0,0,46.733328,1165500,55.6,56.0
2021-08-12 13:15:00,2.0,2.0,2.0,2.0,0,46.733328,1165500,55.55,56.0
2021-08-12 13:16:00,2.0,2.0,2.0,2.0,0,46.733328,1165500,55.45,55.0
2021-08-12 13:17:00,2.0,2.0,2.0,2.0,0,46.733328,1165500,55.4,55.0
2021-08-12 13:18:00,2.4,2.4,2.35,2.35,52500,46.344151,3465000,55.45,55.0
2021-08-12 13:19:00,2.35,2.35,2.3,2.3,10500,46.500636,3465000,55.35,55.0
2021-08-12 13:20:00,2.3,2.3,2.3,2.3,0,46.500636,3465000,55.35,55.0
2021-08-12 13:21:00,2.3,2.3,2.3,2.3,0,46.500636,3465000,55.35,55.0
2021-08-12 13:22:00,2.3,2.3,2.3,2.3,0,46.500636,3465000,55.35,55.0
2021-08-12 13:23:00,2.3,2.3,2.3,2.3,0,46.500636,3465000,55.35,55.0
2021-08-12 13:24:00,2.35,2.35,2.35,2.35,10500,46.351785,3465000,55.45,55.0
2021-08-12 13:25:00,2.35,2.35,2.35,2.35,0,46.351785,3465000,55.45,55.0
2021-08-12 13:26:00,2.35,2.35,2.35,2.35,0,46.351785,3465000,55.45,55.0
2021-08-12 13:27:00,2.35,2.35,2.35,2.35,0,46.351785,3465000,55.45,55.0
2021-08-12 13:28:00,2.35,2.35,2.35,2.35,0,46.351785,3465000,55.5,56.0
2021-08-12 13:29:00,2.4,2.4,2.4,2.4,10500,46.858441,3454500,55.5,55.0
2021-08-12 13:30:00,2.4,2.4,2.4,2.4,0,46.858441,3454500,55.5,55.0
2021-08-12 13:31:00,2.4,2.4,2.4,2.4,0,46.858441,3454500,55.5,55.0
2021-08-12 13:32:00,2.4,2.4,2.4,2.4,0,46.858441,3454500,55.5,55.0
2021-08-12 13:33:00,2.4,2.4,2.4,2.4,0,46.858441,3454500,55.5,55.0
2021-08-12 13:34:00,2.4,2.4,2.4,2.4,0,46.858441,3454500,55.45,55.0
2021-08-12 13:35:00,2.4,2.4,2.4,2.4,0,46.858441,3454500,55.5,55.0
2021-08-12 13:36:00,2.4,2.4,2.4,2.4,0,46.858441,3454500,55.5,55.0
2021-08-12 13:37:00,2.4,2.4,2.4,2.4,0,46.858441,3454500,55.35,55.0
2021-08-12 13:38:00,2.4,2.4,2.4,2.4,0,46.858441,3454500,55.5,55.0
2021-08-12 13:39:00,2.4,2.4,2.4,2.4,0,46.858441,3454500,55.5,55.0
2021-08-12 13:40:00,2.4,2.4,2.4,2.4,0,46.858441,3454500,55.5,55.0
2021-08-12 13:41:00,2.4,2.4,2.4,2.4,0,46.858441,3454500,55.5,55.0
2021-08-12 13:42:00,2.4,2.4,2.4,2.4,0,46.858441,3454500,55.35,55.0
2021-08-12 13:43:00,2.4,2.4,2.4,2.4,0,46.858441,3454500,55.5,55.0
2021-08-12 13:44:00,2.4,2.4,2.4,2.4,0,46.858441,3454500,55.5,55.0
2021-08-12 13:45:00,2.4,2.4,2.4,2.4,0,46.858441,3454500,55.5,55.0
2021-08-12 13:46:00,2.4,2.4,2.4,2.4,0,46.858441,3454500,55.5,55.0
2021-08-12 13:47:00,2.4,2.4,2.4,2.4,0,46.858441,3454500,55.5,55.0
2021-08-12 13:48:00,2.4,2.4,2.4,2.4,0,46.858441,3454500,55.5,55.0
2021-08-12 13:49:00,2.4,2.4,2.4,2.4,0,46.858441,3454500,55.5,55.0
2021-08-12 13:50:00,2.4,2.4,2.4,2.4,0,46.858441,3454500,55.45,55.0
2021-08-12 13:51:00,2.4,2.4,2.4,2.4,0,46.858441,3454500,55.5,55.0
2021-08-12 13:52:00,2.4,2.4,2.4,2.4,0,46.858441,3454500,55.5,55.0
2021-08-12 13:53:00,2.4,2.4,2.4,2.4,0,46.858441,3454500,55.5,55.0
2021-08-12 13:54:00,2.4,2.4,2.4,2.4,0,46.858441,3454500,55.5,55.0
2021-08-12 13:55:00,2.4,2.4,2.4,2.4,0,46.858441,3454500,55.4,55.0
2021-08-12 13:56:00,2.4,2.4,2.4,2.4,0,46.858441,3454500,55.4,55.0
2021-08-12 13:57:00,2.4,2.4,2.4,2.4,0,46.858441,3454500,55.5,55.0
2021-08-12 13:58:00,2.4,2.4,2.4,2.4,0,46.858441,3454500,55.5,55.0
2021-08-12 13:59:00,2.4,2.4,2.4,2.4,0,46.858441,3454500,55.4,55.0
2021-08-12 14:00:00,2.4,2.4,2.4,2.4,0,46.858441,3454500,55.5,55.0
2021-08-12 14:01:00,2.4,2.4,2.4,2.4,0,46.858441,3454500,55.5,55.0
2021-08-12 14:02:00,2.4,2.4,2.4,2.4,0,46.858441,3454500,55.35,55.0
2021-08-12 14:03:00,2.4,2.4,2.4,2.4,0,46.858441,3454500,55.5,55.0
2021-08-12 14:04:00,2.4,2.4,2.4,2.4,0,46.858441,3454500,55.5,55.0
2021-08-12 14:05:00,2.4,2.4,2.4,2.4,0,46.858441,3454500,55.35,55.0
2021-08-12 14:06:00,2.4,2.4,2.4,2.4,0,46.858441,3454500,55.5,55.0
2021-08-12 14:07:00,2.4,2.4,2.4,2.4,0,46.858441,3454500,55.5,55.0
2021-08-12 14:08:00,2.3,2.3,2.3,2.3,10500,47.217537,3444000,55.3,55.0
2021-08-12 14:09:00,2.3,2.3,2.3,2.3,0,47.217537,3444000,55.35,55.0
2021-08-12 14:10:00,2.3,2.3,2.2,2.2,31500,45.535402,3454500,55.25,55.0
2021-08-12 14:11:00,2.25,2.25,2.2,2.2,63000,46.181877,3454500,55.2,55.0
2021-08-12 14:12:00,2.2,2.2,2.2,2.2,0,46.181877,3454500,55.2,55.0
2021-08-12 14:13:00,2.2,2.2,2.2,2.2,0,46.181877,3454500,55.2,55.0
2021-08-12 14:14:00,2.2,2.2,2.2,2.2,0,46.181877,3454500,55.2,55.0
2021-08-12 14:15:00,2.2,2.2,2.2,2.2,0,46.181877,3454500,55.2,55.0
2021-08-12 14:16:00,2.2,2.2,2.2,2.2,0,46.181877,3454500,55.0,55.0
2021-08-12 14:17:00,2.1,2.1,2.1,2.1,10500,45.13275,3475500,55.1,55.0
2021-08-12 14:18:00,2.1,2.1,2.1,2.1,10500,45.133989,3465000,55.1,55.0
2021-08-12 14:19:00,2.1,2.1,2.1,2.1,0,45.133989,3465000,55.1,55.0
2021-08-12 14:20:00,2.1,2.1,2.1,2.1,0,45.133989,3465000,55.1,55.0
2021-08-12 14:21:00,2.1,2.1,2.1,2.1,0,45.133989,3465000,55.1,55.0
2021-08-12 14:22:00,2.1,2.1,2.1,2.1,0,45.133989,3465000,55.1,55.0
2021-08-12 14:23:00,2.1,2.1,2.1,2.1,10500,46.3973,3465000,55.0,55.0
2021-08-12 14:24:00,2.1,2.1,2.1,2.1,0,46.3973,3465000,55.0,55.0
2021-08-12 14:25:00,2.1,2.1,2.1,2.1,0,46.3973,3465000,55.0,55.0
2021-08-12 14:26:00,2.2,2.2,2.15,2.15,73500,46.9411,3465000,55.05,55.0
2021-08-12 14:27:00,2.15,2.15,2.15,2.15,0,46.9411,3465000,55.05,55.0
2021-08-12 14:28:00,2.15,2.15,2.15,2.15,0,46.9411,3465000,55.05,55.0
2021-08-12 14:29:00,2.15,2.15,2.15,2.15,0,46.9411,3465000,55.05,55.0
2021-08-12 14:30:00,2.15,2.15,2.15,2.15,0,46.9411,3465000,55.05,55.0
2021-08-12 14:31:00,2.15,2.15,2.15,2.15,0,46.9411,3465000,55.05,55.0
2021-08-12 14:32:00,2.15,2.15,2.15,2.15,0,46.9411,3465000,55.05,55.0
2021-08-12 14:33:00,2.15,2.15,2.15,2.15,0,46.9411,3465000,55.15,55.0
2021-08-12 14:34:00,2.15,2.15,2.15,2.15,0,46.9411,3465000,55.05,55.0
2021-08-12 14:35:00,2.15,2.15,2.15,2.15,0,46.9411,3465000,55.05,55.0
2021-08-12 14:36:00,2.15,2.15,2.15,2.15,0,46.9411,3465000,55.05,55.0
2021-08-12 14:37:00,2.15,2.15,2.15,2.15,0,46.9411,3465000,55.05,55.0
2021-08-12 14:38:00,2.15,2.15,2.15,2.15,0,46.9411,3465000,55.05,55.0
2021-08-12 14:39:00,2.15,2.15,2.15,2.15,0,46.9411,3465000,55.05,55.0
2021-08-12 14:40:00,2.15,2.15,2.15,2.15,0,46.9411,3465000,55.2,55.0
2021-08-12 14:41:00,2.15,2.15,2.15,2.15,0,46.9411,3465000,55.05,55.0
2021-08-12 14:42:00,2.15,2.15,2.15,2.15,0,46.9411,3465000,55.05,55.0
2021-08-12 14:43:00,2.15,2.15,2.15,2.15,0,46.9411,3465000,55.2,55.0
2021-08-12 14:44:00,2.15,2.15,2.15,2.15,0,46.9411,3465000,55.05,55.0
2021-08-12 14:45:00,2.15,2.15,2.15,2.15,0,46.9411,3465000,55.05,55.0
2021-08-12 14:46:00,2.15,2.15,2.15,2.15,0,46.9411,3465000,55.25,55.0
2021-08-12 14:47:00,2.15,2.15,2.15,2.15,0,46.9411,3465000,55.05,55.0
2021-08-12 14:48:00,2.15,2.15,2.15,2.15,0,46.9411,3465000,55.05,55.0
2021-08-12 14:49:00,2.15,2.15,2.15,2.15,0,46.9411,3465000,55.05,55.0
2021-08-12 14:50:00,2.15,2.15,2.15,2.15,0,46.9411,3465000,55.05,55.0
2021-08-12 14:51:00,2.15,2.15,2.15,2.15,0,46.9411,3465000,55.05,55.0
2021-08-12 14:52:00,2.15,2.15,2.15,2.15,0,46.9411,3465000,55.05,55.0
2021-08-12 14:53:00,2.15,2.15,2.15,2.15,0,46.9411,3465000,55.05,55.0
2021-08-12 14:54:00,2.15,2.15,2.15,2.15,0,46.9411,3465000,55.05,55.0
2021-08-12 14:55:00,2.15,2.15,2.15,2.15,0,46.9411,3465000,55.05,55.0
2021-08-12 14:56:00,2.15,2.15,2.15,2.15,0,46.9411,3465000,55.05,55.0
2021-08-12 14:57:00,2.15,2.15,2.15,2.15,0,46.9411,3465000,55.05,55.0
2021-08-12 14:58:00,2.15,2.15,2.15,2.15,0,46.9411,3465000,55.05,55.0
2021-08-12 14:59:00,2.3,2.4,2.3,2.4,42000,46.974581,3454500,55.5,55.0
2021-08-12 15:00:00,2.4,2.45,2.4,2.45,31500,48.816488,3423000,55.45,55.0
2021-08-12 15:01:00,2.45,2.45,2.45,2.45,0,48.816488,3423000,55.45,55.0
2021-08-12 15:02:00,2.45,2.45,2.45,2.45,0,48.816488,3423000,55.45,55.0
2021-08-12 15:03:00,2.45,2.45,2.45,2.45,0,48.816488,3423000,55.45,55.0
2021-08-12 15:04:00,2.45,2.45,2.45,2.45,0,48.816488,3423000,55.45,55.0
2021-08-12 15:05:00,2.45,2.45,2.45,2.45,0,48.816488,3423000,55.55,56.0
2021-08-12 15:06:00,2.45,2.45,2.45,2.45,0,48.816488,3423000,55.55,56.0
2021-08-12 15:07:00,2.45,2.45,2.45,2.45,10500,48.157204,3433500,55.5,55.0
2021-08-12 15:08:00,2.45,2.45,2.45,2.45,0,48.157204,3433500,55.5,55.0
2021-08-12 15:09:00,2.45,2.45,2.45,2.45,0,48.157204,3433500,55.5,55.0
2021-08-12 15:10:00,2.45,2.45,2.45,2.45,0,48.157204,3433500,55.5,55.0
2021-08-12 15:11:00,2.45,2.45,2.45,2.45,0,48.157204,3433500,55.5,55.0
2021-08-12 15:12:00,2.0,2.0,2.0,2.0,52500,47.477077,1249500,55.65,56.0
2021-08-12 15:13:00,2.0,2.0,2.0,2.0,0,47.477077,1249500,55.65,56.0
2021-08-12 15:14:00,2.0,2.0,2.0,2.0,0,47.477077,1249500,55.65,56.0
2021-08-12 15:15:00,2.0,2.0,2.0,2.0,0,47.477077,1249500,55.65,56.0
2021-08-12 15:16:00,2.0,2.0,2.0,2.0,0,47.477077,1249500,55.65,56.0
2021-08-12 15:17:00,2.0,2.0,2.0,2.0,10500,45.116142,1260000,55.85,56.0
2021-08-12 15:18:00,2.0,2.0,2.0,2.0,0,45.116142,1260000,55.85,56.0
2021-08-12 15:19:00,2.0,2.0,2.0,2.0,0,45.116142,1260000,55.85,56.0
2021-08-12 15:20:00,2.0,2.0,2.0,2.0,0,45.116142,1260000,55.85,56.0
2021-08-12 15:21:00,2.0,2.0,2.0,2.0,0,45.116142,1260000,55.85,56.0
2021-08-12 15:22:00,2.0,2.0,2.0,2.0,0,45.116142,1260000,55.85,56.0
2021-08-12 15:23:00,2.0,2.0,2.0,2.0,0,45.116142,1260000,55.85,56.0
2021-08-12 15:24:00,2.0,2.0,2.0,2.0,0,45.116142,1260000,55.85,56.0
2021-08-12 15:25:00,2.0,2.0,2.0,2.0,0,45.116142,1260000,55.85,56.0
2021-08-12 15:26:00,2.0,2.0,2.0,2.0,0,45.116142,1260000,55.85,56.0
2021-08-12 15:27:00,2.0,2.0,2.0,2.0,0,45.116142,1260000,55.85,56.0
2021-08-12 15:28:00,2.1,2.1,2.05,2.05,10500,45.674929,987000,55.9,56.0
2021-08-12 15:29:00,2.05,2.05,2.05,2.05,0,45.674929,987000,55.9,56.0
2021-08-13 09:17:00,2.35,2.35,2.25,2.25,31500,45.528695,3444000,55.45,55.0
2021-08-13 09:18:00,2.25,2.25,2.2,2.2,10500,43.631485,3444000,55.5,55.0
2021-08-13 09:19:00,2.2,2.2,2.2,2.2,0,43.631485,3444000,55.5,55.0
2021-08-13 09:20:00,2.2,2.2,2.2,2.2,0,43.631485,3444000,55.5,55.0
2021-08-13 09:21:00,2.2,2.2,2.2,2.2,0,43.631485,3444000,55.5,55.0
2021-08-13 09:22:00,2.2,2.2,2.2,2.2,0,43.631485,3444000,55.5,55.0
2021-08-13 09:23:00,2.2,2.2,2.2,2.2,0,43.631485,3444000,55.5,55.0
2021-08-13 09:24:00,2.2,2.2,2.2,2.2,0,43.631485,3444000,55.5,55.0
2021-08-13 09:25:00,2.2,2.2,2.2,2.2,0,43.631485,3444000,55.5,55.0
2021-08-13 09:26:00,2.2,2.2,2.2,2.2,0,43.631485,3444000,55.5,55.0
2021-08-13 09:27:00,2.2,2.2,2.2,2.2,0,43.631485,3444000,55.5,55.0
2021-08-13 09:28:00,2.2,2.2,2.2,2.2,0,43.631485,3444000,55.5,55.0
2021-08-13 09:29:00,2.1,2.25,2.1,2.25,63000,46.026816,1155000,56.35,56.0
2021-08-13 09:30:00,2.25,2.25,2.25,2.25,0,46.026816,1155000,56.35,56.0
2021-08-13 09:31:00,2.25,2.25,2.25,2.25,0,46.026816,1155000,56.35,56.0
2021-08-13 09:32:00,2.25,2.25,2.25,2.25,0,46.026816,1155000,55.9,56.0
2021-08-13 09:33:00,2.25,2.25,2.25,2.25,0,46.026816,1155000,56.35,56.0
2021-08-13 09:34:00,2.25,2.25,2.25,2.25,0,46.026816,1155000,56.35,56.0
2021-08-13 09:35:00,2.25,2.25,2.25,2.25,0,46.026816,1155000,55.75,56.0
2021-08-13 09:36:00,2.25,2.25,2.25,2.25,0,46.026816,1155000,56.35,56.0
2021-08-13 09:37:00,2.25,2.25,2.25,2.25,0,46.026816,1155000,56.35,56.0
2021-08-13 09:38:00,2.25,2.25,2.25,2.25,0,46.026816,1155000,56.35,56.0
2021-08-13 09:39:00,2.25,2.25,2.25,2.25,0,46.026816,1155000,56.35,56.0
2021-08-13 09:40:00,1.95,1.95,1.9,1.9,21000,46.602729,1165500,55.65,56.0
2021-08-13 09:41:00,1.9,1.9,1.9,1.9,10500,47.792845,1176000,55.55,56.0
2021-08-13 09:42:00,1.9,1.9,1.9,1.9,0,47.792845,1176000,55.55,56.0
2021-08-13 09:43:00,1.9,1.9,1.9,1.9,0,47.792845,1176000,55.55,56.0
2021-08-13 09:44:00,1.9,1.9,1.9,1.9,0,47.792845,1176000,55.5,56.0
2021-08-13 09:45:00,2.25,2.25,2.25,2.25,10500,44.873955,3507000,55.5,55.0
2021-08-13 09:46:00,2.25,2.25,2.25,2.25,0,44.873955,3507000,55.5,55.0
2021-08-13 09:47:00,2.25,2.25,2.25,2.25,0,44.873955,3507000,55.5,55.0
2021-08-13 09:48:00,2.25,2.25,2.25,2.25,0,44.873955,3507000,55.5,55.0
2021-08-13 09:49:00,2.25,2.25,2.25,2.25,0,44.873955,3507000,55.5,55.0
2021-08-13 09:50:00,2.25,2.25,2.25,2.25,0,44.873955,3507000,55.5,55.0
2021-08-13 09:51:00,2.25,2.25,2.25,2.25,0,44.873955,3507000,55.5,55.0
2021-08-13 09:52:00,2.25,2.25,2.25,2.25,0,44.873955,3507000,55.5,56.0
2021-08-13 09:53:00,2.25,2.25,2.25,2.25,0,44.873955,3507000,55.5,55.0
2021-08-13 09:54:00,2.25,2.25,2.25,2.25,0,44.873955,3507000,55.5,55.0
2021-08-13 09:55:00,2.25,2.25,2.25,2.25,0,44.873955,3507000,55.75,56.0
2021-08-13 09:56:00,2.25,2.25,2.25,2.25,0,44.873955,3507000,55.5,55.0
2021-08-13 09:57:00,2.25,2.25,2.25,2.25,0,44.873955,3507000,55.5,55.0
2021-08-13 09:58:00,2.25,2.25,2.25,2.25,0,44.873955,3507000,55.5,55.0
2021-08-13 09:59:00,2.25,2.25,2.25,2.25,0,44.873955,3507000,55.5,55.0
2021-08-13 10:00:00,2.25,2.25,2.25,2.25,0,44.873955,3507000,55.5,55.0
2021-08-13 10:01:00,2.25,2.25,2.25,2.25,0,44.873955,3507000,55.5,55.0
2021-08-13 10:02:00,2.25,2.25,2.25,2.25,0,44.873955,3507000,55.5,55.0
2021-08-13 10:03:00,2.25,2.25,2.25,2.25,0,44.873955,3507000,55.5,55.0
2021-08-13 10:04:00,2.25,2.25,2.25,2.25,0,44.873955,3507000,55.5,55.0
2021-08-13 10:05:00,2.25,2.25,2.25,2.25,0,44.873955,3507000,55.5,55.0
2021-08-13 10:06:00,2.25,2.25,2.25,2.25,0,44.873955,3507000,55.65,56.0
2021-08-13 10:07:00,2.25,2.25,2.25,2.25,0,44.873955,3507000,55.5,55.0
2021-08-13 10:08:00,2.25,2.25,2.25,2.25,0,44.873955,3507000,55.5,55.0
2021-08-13 10:09:00,2.25,2.25,2.25,2.25,0,44.873955,3507000,55.5,55.0
2021-08-13 10:10:00,2.25,2.25,2.25,2.25,0,44.873955,3507000,55.5,55.0
2021-08-13 10:11:00,2.25,2.25,2.25,2.25,0,44.873955,3507000,55.5,55.0
2021-08-13 10:12:00,2.25,2.25,2.25,2.25,0,44.873955,3507000,55.5,55.0
2021-08-13 10:13:00,2.25,2.25,2.25,2.25,0,44.873955,3507000,55.55,56.0
2021-08-13 10:14:00,2.25,2.25,2.25,2.25,0,44.873955,3507000,55.5,55.0
2021-08-13 10:15:00,2.25,2.25,2.25,2.25,0,44.873955,3507000,55.5,55.0
2021-08-13 10:16:00,2.25,2.25,2.25,2.25,0,44.873955,3507000,55.4,55.0
2021-08-13 10:17:00,2.25,2.25,2.25,2.25,0,44.873955,3507000,55.45,55.0
2021-08-13 10:18:00,2.25,2.25,2.25,2.25,0,44.873955,3507000,55.45,55.0
2021-08-13 10:19:00,2.25,2.25,2.25,2.25,0,44.873955,3507000,55.45,55.0
2021-08-13 10:20:00,2.25,2.25,2.25,2.25,0,44.873955,3507000,55.5,55.0
2021-08-13 10:21:00,2.25,2.25,2.25,2.25,0,44.873955,3507000,55.5,55.0
2021-08-13 10:22:00,2.25,2.25,2.25,2.25,0,44.873955,3507000,55.5,55.0
2021-08-13 10:23:00,2.25,2.25,2.25,2.25,0,44.873955,3507000,55.5,55.0
2021-08-13 10:24:00,2.25,2.25,2.25,2.25,0,44.873955,3507000,55.5,55.0
2021-08-13 10:25:00,2.25,2.25,2.25,2.25,0,44.873955,3507000,55.5,55.0
2021-08-13 10:26:00,2.25,2.25,2.25,2.25,0,44.873955,3507000,55.5,55.0
2021-08-13 10:27:00,2.25,2.25,2.25,2.25,0,44.873955,3507000,55.5,55.0
2021-08-13 10:28:00,2.25,2.25,2.25,2.25,0,44.873955,3507000,55.5,55.0
2021-08-13 10:29:00,2.25,2.25,2.25,2.25,0,44.873955,3507000,55.5,55.0
2021-08-13 10:30:00,2.25,2.25,2.25,2.25,0,44.873955,3507000,55.5,55.0
2021-08-13 10:31:00,2.25,2.25,2.25,2.25,0,44.873955,3507000,55.5,55.0
2021-08-13 10:32:00,2.25,2.25,2.25,2.25,0,44.873955,3507000,55.5,55.0
2021-08-13 10:33:00,2.25,2.25,2.25,2.25,0,44.873955,3507000,55.5,55.0
2021-08-13 10:34:00,2.25,2.25,2.25,2.25,0,44.873955,3507000,55.5,55.0
2021-08-13 10:35:00,2.25,2.25,2.25,2.25,0,44.873955,3507000,55.5,55.0
2021-08-13 10:36:00,2.25,2.25,2.25,2.25,0,44.873955,3507000,55.65,56.0
2021-08-13 10:37:00,2.25,2.25,2.25,2.25,0,44.873955,3507000,55.5,55.0
2021-08-13 10:38:00,2.25,2.25,2.25,2.25,0,44.873955,3507000,55.5,55.0
2021-08-13 10:39:00,2.25,2.25,2.25,2.25,0,44.873955,3507000,55.65,56.0
2021-08-13 10:40:00,2.25,2.25,2.25,2.25,0,44.873955,3507000,55.6,56.0
2021-08-13 10:41:00,2.0,2.0,2.0,2.0,10500,49.053475,1165500,55.65,56.0
2021-08-13 10:42:00,2.0,2.0,2.0,2.0,0,49.053475,1165500,55.65,56.0
2021-08-13 10:43:00,2.0,2.0,2.0,2.0,0,49.053475,1165500,55.65,56.0
2021-08-13 10:44:00,2.0,2.0,2.0,2.0,0,49.053475,1165500,55.65,56.0
2021-08-13 10:45:00,2.0,2.0,2.0,2.0,0,49.053475,1165500,55.6,56.0
2021-08-13 10:46:00,2.0,2.0,2.0,2.0,0,49.053475,1165500,55.65,56.0
2021-08-13 10:47:00,2.0,2.0,2.0,2.0,0,49.053475,1165500,55.65,56.0
2021-08-13 10:48:00,2.0,2.0,2.0,2.0,0,49.053475,1165500,55.65,56.0
2021-08-13 10:49:00,2.0,2.0,2.0,2.0,0,49.053475,1165500,55.65,56.0
2021-08-13 10:50:00,2.0,2.0,2.0,2.0,0,49.053475,1165500,55.6,56.0
2021-08-13 10:51:00,2.0,2.0,2.0,2.0,0,49.053475,1165500,55.65,56.0
2021-08-13 10:52:00,2.0,2.0,2.0,2.0,0,49.053475,1165500,55.65,56.0
2021-08-13 10:53:00,2.0,2.0,2.0,2.0,0,49.053475,1165500,55.65,56.0
2021-08-13 10:54:00,2.0,2.0,2.0,2.0,0,49.053475,1165500,55.65,56.0
2021-08-13 10:55:00,2.0,2.0,2.0,2.0,0,49.053475,1165500,55.65,56.0
2021-08-13 10:56:00,2.0,2.0,2.0,2.0,0,49.053475,1165500,55.65,56.0
2021-08-13 10:57:00,2.0,2.0,2.0,2.0,0,49.053475,1165500,55.65,56.0
2021-08-13 10:58:00,2.0,2.0,2.0,2.0,0,49.053475,1165500,55.65,56.0
2021-08-13 10:59:00,2.0,2.0,2.0,2.0,0,49.053475,1165500,55.6,56.0
2021-08-13 11:00:00,2.0,2.0,2.0,2.0,0,49.053475,1165500,55.65,56.0
2021-08-13 11:01:00,2.0,2.0,2.0,2.0,0,49.053475,1165500,55.65,56.0
2021-08-13 11:02:00,2.05,2.05,2.05,2.05,21000,45.957784,1186500,56.0,56.0
2021-08-13 11:03:00,2.05,2.05,2.0,2.0,10500,46.648879,1155000,55.85,56.0
2021-08-13 11:04:00,2.0,2.0,1.95,1.95,10500,46.082234,1155000,55.8,56.0
2021-08-13 11:05:00,1.95,1.95,1.95,1.95,0,46.082234,1155000,55.8,56.0
2021-08-13 11:06:00,1.95,1.95,1.95,1.95,0,46.082234,1155000,55.8,56.0
2021-08-13 11:07:00,1.95,1.95,1.95,1.95,0,46.082234,1155000,55.8,56.0
2021-08-13 11:08:00,1.95,1.95,1.95,1.95,0,46.082234,1155000,55.8,56.0
2021-08-13 11:09:00,1.95,1.95,1.95,1.95,0,46.082234,1155000,55.75,56.0
2021-08-13 11:10:00,2.0,2.0,1.95,1.95,10500,46.090245,1144500,55.8,56.0
2021-08-13 11:11:00,1.95,1.95,1.95,1.95,0,46.090245,1144500,55.8,56.0
2021-08-13 11:12:00,1.95,1.95,1.95,1.95,0,46.090245,1144500,55.8,56.0
2021-08-13 11:13:00,1.95,1.95,1.95,1.95,0,46.090245,1144500,55.9,56.0
2021-08-13 11:14:00,1.95,1.95,1.95,1.95,0,46.090245,1144500,55.9,56.0
2021-08-13 11:15:00,1.95,1.95,1.95,1.95,0,46.090245,1144500,55.8,56.0
2021-08-13 11:16:00,1.95,1.95,1.95,1.95,0,46.090245,1144500,55.8,56.0
2021-08-13 11:17:00,1.95,1.95,1.95,1.95,0,46.090245,1144500,55.8,56.0
2021-08-13 11:18:00,1.95,1.95,1.95,1.95,0,46.090245,1144500,55.8,56.0
2021-08-13 11:19:00,1.95,1.95,1.95,1.95,0,46.090245,1144500,55.85,56.0
2021-08-13 11:20:00,1.95,1.95,1.95,1.95,0,46.090245,1144500,55.8,56.0
2021-08-13 11:21:00,1.95,1.95,1.95,1.95,0,46.090245,1144500,55.8,56.0
2021-08-13 11:22:00,1.95,1.95,1.95,1.95,0,46.090245,1144500,55.8,56.0
2021-08-13 11:23:00,1.95,1.95,1.95,1.95,0,46.090245,1144500,55.8,56.0
2021-08-13 11:24:00,1.95,1.95,1.95,1.95,0,46.090245,1144500,55.8,56.0
2021-08-13 11:25:00,1.95,1.95,1.95,1.95,0,46.090245,1144500,55.8,56.0
2021-08-13 11:26:00,1.95,1.95,1.95,1.95,0,46.090245,1144500,55.75,56.0
2021-08-13 11:27:00,1.95,1.95,1.95,1.95,0,46.090245,1144500,55.8,56.0
2021-08-13 11:28:00,1.95,1.95,1.95,1.95,0,46.090245,1144500,55.8,56.0
2021-08-13 11:29:00,1.95,1.95,1.95,1.95,0,46.090245,1144500,55.75,56.0
2021-08-13 11:30:00,1.95,1.95,1.95,1.95,0,46.090245,1144500,55.7,56.0
2021-08-13 11:31:00,1.95,1.95,1.95,1.95,0,46.090245,1144500,55.8,56.0
2021-08-13 11:32:00,1.95,1.95,1.95,1.95,0,46.090245,1144500,55.8,56.0
2021-08-13 11:33:00,1.95,1.95,1.95,1.95,0,46.090245,1144500,55.8,56.0
2021-08-13 11:34:00,1.95,1.95,1.95,1.95,0,46.090245,1144500,55.8,56.0
2021-08-13 11:35:00,1.95,1.95,1.95,1.95,0,46.090245,1144500,55.8,56.0
2021-08-13 11:36:00,1.95,1.95,1.95,1.95,0,46.090245,1144500,55.8,56.0
2021-08-13 11:37:00,1.95,1.95,1.95,1.95,0,46.090245,1144500,55.8,56.0
2021-08-13 11:38:00,1.95,1.95,1.95,1.95,0,46.090245,1144500,55.8,56.0
2021-08-13 11:39:00,1.95,1.95,1.95,1.95,0,46.090245,1144500,55.7,56.0
2021-08-13 11:40:00,2.0,2.0,2.0,2.0,10500,47.925806,1144500,55.75,56.0
2021-08-13 11:41:00,2.0,2.0,2.0,2.0,0,47.925806,1144500,55.75,56.0
2021-08-13 11:42:00,2.0,2.0,2.0,2.0,0,47.925806,1144500,55.75,56.0
2021-08-13 11:43:00,2.0,2.0,2.0,2.0,0,47.925806,1144500,55.75,56.0
2021-08-13 11:44:00,2.0,2.0,2.0,2.0,0,47.925806,1144500,55.8,56.0
2021-08-13 11:45:00,2.0,2.0,2.0,2.0,0,47.925806,1144500,55.75,56.0
2021-08-13 11:46:00,2.0,2.0,2.0,2.0,0,47.925806,1144500,55.75,56.0
2021-08-13 11:47:00,2.0,2.0,2.0,2.0,0,47.925806,1144500,55.75,56.0
2021-08-13 11:48:00,2.0,2.0,2.0,2.0,0,47.925806,1144500,55.75,56.0
2021-08-13 11:49:00,2.0,2.0,2.0,2.0,0,47.925806,1144500,55.75,56.0
2021-08-13 11:50:00,2.0,2.0,2.0,2.0,0,47.925806,1144500,55.7,56.0
2021-08-13 11:51:00,2.0,2.0,2.0,2.0,0,47.925806,1144500,55.75,56.0
2021-08-13 11:52:00,2.0,2.0,2.0,2.0,0,47.925806,1144500,55.75,56.0
2021-08-13 11:53:00,2.0,2.0,2.0,2.0,0,47.925806,1144500,55.75,56.0
2021-08-13 11:54:00,2.0,2.0,2.0,2.0,0,47.925806,1144500,55.7,56.0
2021-08-13 11:55:00,2.0,2.0,1.95,1.95,10500,47.971264,1155000,55.65,56.0
2021-08-13 11:56:00,1.95,1.95,1.95,1.95,0,47.971264,1155000,55.65,56.0
2021-08-13 11:57:00,1.95,1.95,1.95,1.95,0,47.971264,1155000,55.65,56.0
2021-08-13 11:58:00,1.9,1.9,1.9,1.9,10500,47.981447,1165500,55.55,56.0
2021-08-13 11:59:00,1.9,1.9,1.9,1.9,0,47.981447,1165500,55.55,56.0
2021-08-13 12:00:00,1.9,1.9,1.9,1.9,0,47.981447,1165500,55.55,56.0
2021-08-13 12:01:00,1.9,1.9,1.9,1.9,0,47.981447,1165500,55.55,56.0
2021-08-13 12:02:00,1.9,1.9,1.9,1.9,0,47.981447,1165500,55.55,56.0
2021-08-13 12:03:00,1.9,1.9,1.9,1.9,0,47.981447,1165500,55.55,56.0
2021-08-13 12:04:00,1.9,1.9,1.9,1.9,0,47.981447,1165500,55.55,56.0
2021-08-13 12:05:00,1.9,1.9,1.9,1.9,0,47.981447,1165500,55.55,56.0
2021-08-13 12:06:00,1.9,1.9,1.9,1.9,0,47.981447,1165500,55.55,56.0
2021-08-13 12:07:00,1.9,1.9,1.9,1.9,0,47.981447,1165500,55.55,56.0
2021-08-13 12:08:00,1.9,1.9,1.9,1.9,0,47.981447,1165500,55.55,56.0
2021-08-13 12:09:00,1.9,1.9,1.9,1.9,0,47.981447,1165500,55.55,56.0
2021-08-13 12:10:00,1.9,1.9,1.9,1.9,0,47.981447,1165500,55.55,56.0
2021-08-13 12:11:00,1.9,1.9,1.9,1.9,0,47.981447,1165500,55.35,55.0
2021-08-13 12:12:00,1.9,1.9,1.9,1.9,0,47.981447,1165500,55.55,56.0
2021-08-13 12:13:00,1.9,1.9,1.9,1.9,0,47.981447,1165500,55.55,56.0
2021-08-13 12:14:00,1.9,1.9,1.9,1.9,0,47.981447,1165500,55.55,56.0
2021-08-13 12:15:00,1.9,1.9,1.9,1.9,0,47.981447,1165500,55.55,56.0
2021-08-13 12:16:00,1.9,1.9,1.9,1.9,0,47.981447,1165500,55.35,55.0
2021-08-13 12:17:00,1.9,1.9,1.9,1.9,0,47.981447,1165500,55.55,56.0
2021-08-13 12:18:00,1.9,1.9,1.9,1.9,0,47.981447,1165500,55.55,56.0
2021-08-13 12:19:00,1.9,1.9,1.9,1.9,0,47.981447,1165500,55.55,56.0
2021-08-13 12:20:00,1.9,1.9,1.9,1.9,0,47.981447,1165500,55.55,56.0
2021-08-13 12:21:00,1.8,1.85,1.8,1.85,10500,46.229963,1155000,55.6,56.0
2021-08-13 12:22:00,1.85,1.85,1.85,1.85,0,46.229963,1155000,55.6,56.0
2021-08-13 12:23:00,1.85,1.85,1.85,1.85,0,46.229963,1155000,55.6,56.0
2021-08-13 12:24:00,1.85,1.85,1.85,1.85,0,46.229963,1155000,55.55,56.0
2021-08-13 12:25:00,1.85,1.85,1.85,1.85,0,46.229963,1155000,55.6,56.0
2021-08-13 12:26:00,1.85,1.85,1.85,1.85,0,46.229963,1155000,55.6,56.0
2021-08-13 12:27:00,1.85,1.85,1.85,1.85,0,46.229963,1155000,55.6,56.0
2021-08-13 12:28:00,1.85,1.85,1.85,1.85,0,46.229963,1155000,55.6,56.0
2021-08-13 12:29:00,1.85,1.85,1.85,1.85,0,46.229963,1155000,55.6,56.0
2021-08-13 12:30:00,1.85,1.85,1.85,1.85,0,46.229963,1155000,55.6,56.0
2021-08-13 12:31:00,1.85,1.85,1.85,1.85,0,46.229963,1155000,55.6,56.0
2021-08-13 12:32:00,1.85,1.85,1.85,1.85,0,46.229963,1155000,55.6,56.0
2021-08-13 12:33:00,1.85,1.85,1.85,1.85,0,46.229963,1155000,55.6,56.0
2021-08-13 12:34:00,1.85,1.85,1.85,1.85,0,46.229963,1155000,55.6,56.0
2021-08-13 12:35:00,1.85,1.85,1.85,1.85,0,46.229963,1155000,55.6,56.0
2021-08-13 12:36:00,1.85,1.85,1.85,1.85,0,46.229963,1155000,55.6,56.0
2021-08-13 12:37:00,1.85,1.85,1.85,1.85,0,46.229963,1155000,55.6,56.0
2021-08-13 12:38:00,1.85,1.85,1.85,1.85,0,46.229963,1155000,55.6,56.0
2021-08-13 12:39:00,1.85,1.85,1.85,1.85,0,46.229963,1155000,55.6,56.0
2021-08-13 12:40:00,1.85,1.85,1.85,1.85,0,46.229963,1155000,55.6,56.0
2021-08-13 12:41:00,1.85,1.85,1.85,1.85,0,46.229963,1155000,55.6,56.0
2021-08-13 12:42:00,1.85,1.85,1.85,1.85,0,46.229963,1155000,55.6,56.0
2021-08-13 12:43:00,1.85,1.85,1.85,1.85,0,46.229963,1155000,55.6,56.0
2021-08-13 12:44:00,1.85,1.85,1.85,1.85,0,46.229963,1155000,55.6,56.0
2021-08-13 12:45:00,1.85,1.85,1.85,1.85,0,46.229963,1155000,55.65,56.0
2021-08-13 12:46:00,1.85,1.85,1.85,1.85,0,46.229963,1155000,55.6,56.0
2021-08-13 12:47:00,1.85,1.85,1.85,1.85,0,46.229963,1155000,55.6,56.0
2021-08-13 12:48:00,1.85,1.85,1.85,1.85,0,46.229963,1155000,55.65,56.0
2021-08-13 12:49:00,1.85,1.85,1.85,1.85,0,46.229963,1155000,55.6,56.0
2021-08-13 12:50:00,1.85,1.85,1.85,1.85,0,46.229963,1155000,55.6,56.0
2021-08-13 12:51:00,1.85,1.85,1.85,1.85,0,46.229963,1155000,55.6,56.0
2021-08-13 12:52:00,1.85,1.85,1.85,1.85,0,46.229963,1155000,55.6,56.0
2021-08-13 12:53:00,1.85,1.85,1.85,1.85,0,46.229963,1155000,55.55,56.0
2021-08-13 12:54:00,1.85,1.85,1.85,1.85,0,46.229963,1155000,55.6,56.0
2021-08-13 12:55:00,1.85,1.85,1.85,1.85,0,46.229963,1155000,55.6,56.0
2021-08-13 12:56:00,1.85,1.85,1.85,1.85,0,46.229963,1155000,55.6,56.0
2021-08-13 12:57:00,1.85,1.85,1.85,1.85,0,46.229963,1155000,55.6,56.0
2021-08-13 12:58:00,1.85,1.85,1.85,1.85,0,46.229963,1155000,55.6,56.0
2021-08-13 12:59:00,1.85,1.85,1.85,1.85,0,46.229963,1155000,55.6,56.0
2021-08-13 13:00:00,1.85,1.85,1.85,1.85,0,46.229963,1155000,55.6,56.0
2021-08-13 13:01:00,1.85,1.85,1.85,1.85,0,46.229963,1155000,55.6,56.0
2021-08-13 13:02:00,1.85,1.85,1.85,1.85,0,46.229963,1155000,55.6,56.0
2021-08-13 13:03:00,1.85,1.85,1.85,1.85,0,46.229963,1155000,55.6,56.0
2021-08-13 13:04:00,2.05,2.05,2.05,2.05,10500,45.706546,3633000,55.1,55.0
2021-08-13 13:05:00,2.05,2.05,2.05,2.05,0,45.706546,3633000,55.1,55.0
2021-08-13 13:06:00,2.05,2.05,2.05,2.05,0,45.706546,3633000,55.1,55.0
2021-08-13 13:07:00,2.05,2.05,2.05,2.05,0,45.706546,3633000,55.1,55.0
2021-08-13 13:08:00,2.05,2.05,2.05,2.05,0,45.706546,3633000,55.1,55.0
2021-08-13 13:09:00,2.0,2.0,1.95,2.0,52500,46.446767,3696000,54.95,55.0
2021-08-13 13:10:00,2.0,2.0,1.95,1.95,21000,45.240735,3696000,54.95,55.0
2021-08-13 13:11:00,1.95,1.95,1.95,1.95,0,45.240735,3696000,55.0,55.0
2021-08-13 13:12:00,1.95,1.95,1.95,1.95,0,45.240735,3696000,55.0,55.0
2021-08-13 13:13:00,1.95,1.95,1.95,1.95,0,45.240735,3696000,54.95,55.0
2021-08-13 13:14:00,1.95,1.95,1.95,1.95,0,45.240735,3696000,54.95,55.0
2021-08-13 13:15:00,1.95,1.95,1.95,1.95,0,45.240735,3696000,54.95,55.0
2021-08-13 13:16:00,1.95,1.95,1.95,1.95,0,45.240735,3696000,54.95,55.0
2021-08-13 13:17:00,1.95,1.95,1.95,1.95,0,45.240735,3696000,55.2,55.0
2021-08-13 13:18:00,1.95,1.95,1.95,1.95,0,45.240735,3696000,54.95,55.0
2021-08-13 13:19:00,1.95,1.95,1.95,1.95,0,45.240735,3696000,54.95,55.0
2021-08-13 13:20:00,1.95,1.95,1.95,1.95,0,45.240735,3696000,55.15,55.0
2021-08-13 13:21:00,2.1,2.1,2.1,2.1,31500,44.27543,3717000,55.3,55.0
2021-08-13 13:22:00,2.1,2.1,2.1,2.1,0,44.27543,3717000,55.3,55.0
2021-08-13 13:23:00,2.1,2.1,2.1,2.1,0,44.27543,3717000,55.3,55.0
2021-08-13 13:24:00,2.1,2.1,2.1,2.1,0,44.27543,3717000,55.25,55.0
2021-08-13 13:25:00,2.1,2.1,2.1,2.1,0,44.27543,3717000,55.25,55.0
2021-08-13 13:26:00,2.1,2.1,2.1,2.1,0,44.27543,3717000,55.3,55.0
2021-08-13 13:27:00,2.1,2.1,2.1,2.1,0,44.27543,3717000,55.3,55.0
2021-08-13 13:28:00,2.1,2.1,2.1,2.1,0,44.27543,3717000,55.3,55.0
2021-08-13 13:29:00,2.1,2.1,2.1,2.1,0,44.27543,3717000,55.3,55.0
2021-08-13 13:30:00,2.1,2.1,2.1,2.1,0,44.27543,3717000,55.3,55.0
2021-08-13 13:31:00,2.1,2.1,2.1,2.1,0,44.27543,3717000,55.3,55.0
2021-08-13 13:32:00,2.1,2.1,2.1,2.1,0,44.27543,3717000,55.3,55.0
2021-08-13 13:33:00,2.1,2.1,2.1,2.1,0,44.27543,3717000,55.3,55.0
2021-08-13 13:34:00,2.1,2.1,2.1,2.1,0,44.27543,3717000,55.15,55.0
2021-08-13 13:35:00,2.1,2.1,2.1,2.1,0,44.27543,3717000,55.3,55.0
2021-08-13 13:36:00,2.1,2.1,2.1,2.1,0,44.27543,3717000,55.3,55.0
2021-08-13 13:37:00,2.1,2.1,2.1,2.1,0,44.27543,3717000,55.1,55.0
2021-08-13 13:38:00,2.1,2.1,2.1,2.1,0,44.27543,3717000,55.3,55.0
2021-08-13 13:39:00,2.1,2.1,2.1,2.1,0,44.27543,3717000,55.3,55.0
2021-08-13 13:40:00,1.95,1.95,1.9,1.9,31500,43.429925,3706500,55.0,55.0
2021-08-13 13:41:00,1.9,1.9,1.9,1.9,0,43.429925,3706500,55.0,55.0
2021-08-13 13:42:00,1.9,1.9,1.9,1.9,0,43.429925,3706500,55.1,55.0
2021-08-13 13:43:00,1.9,1.9,1.9,1.9,0,43.429925,3706500,55.0,55.0
2021-08-13 13:44:00,1.9,1.9,1.9,1.9,0,43.429925,3706500,55.0,55.0
2021-08-13 13:45:00,1.9,1.9,1.9,1.9,0,43.429925,3706500,55.0,55.0
2021-08-13 13:46:00,1.9,1.9,1.9,1.9,0,43.429925,3706500,55.0,55.0
2021-08-13 13:47:00,1.9,1.9,1.9,1.9,0,43.429925,3706500,55.0,55.0
2021-08-13 13:48:00,1.9,1.9,1.9,1.9,0,43.429925,3706500,55.0,55.0
2021-08-13 13:49:00,1.9,1.9,1.9,1.9,0,43.429925,3706500,55.0,55.0
2021-08-13 13:50:00,1.9,1.9,1.9,1.9,0,43.429925,3706500,55.0,55.0
2021-08-13 13:51:00,1.9,1.9,1.9,1.9,0,43.429925,3706500,55.0,55.0
2021-08-13 13:52:00,1.9,1.9,1.9,1.9,0,43.429925,3706500,55.0,55.0
2021-08-13 13:53:00,1.9,1.9,1.9,1.9,0,43.429925,3706500,55.0,55.0
2021-08-13 13:54:00,1.9,1.9,1.9,1.9,0,43.429925,3706500,55.0,55.0
2021-08-13 13:55:00,1.9,1.9,1.9,1.9,0,43.429925,3706500,55.0,55.0
2021-08-13 13:56:00,1.9,1.9,1.9,1.9,0,43.429925,3706500,55.0,55.0
2021-08-13 13:57:00,1.9,1.9,1.9,1.9,0,43.429925,3706500,55.0,55.0
2021-08-13 13:58:00,1.9,1.9,1.9,1.9,0,43.429925,3706500,55.0,55.0
2021-08-13 13:59:00,2.15,2.15,2.1,2.1,105000,42.956906,3738000,55.4,55.0
2021-08-13 14:00:00,2.1,2.1,2.1,2.1,0,42.956906,3738000,55.4,55.0
2021-08-13 14:01:00,2.1,2.1,2.1,2.1,0,42.956906,3738000,55.4,55.0
2021-08-13 14:02:00,2.1,2.1,2.1,2.1,0,42.956906,3738000,55.4,55.0
2021-08-13 14:03:00,2.1,2.1,2.1,2.1,0,42.956906,3738000,55.4,55.0
2021-08-13 14:04:00,2.1,2.1,2.1,2.1,0,42.956906,3738000,55.25,55.0
2021-08-13 14:05:00,2.1,2.1,2.1,2.1,0,42.956906,3738000,55.4,55.0
2021-08-13 14:06:00,2.1,2.1,2.1,2.1,0,42.956906,3738000,55.4,55.0
2021-08-13 14:07:00,2.1,2.1,2.1,2.1,0,42.956906,3738000,55.4,55.0
2021-08-13 14:08:00,2.1,2.1,2.1,2.1,0,42.956906,3738000,55.4,55.0
2021-08-13 14:09:00,2.1,2.1,2.1,2.1,0,42.956906,3738000,55.4,55.0
2021-08-13 14:10:00,2.1,2.1,2.1,2.1,0,42.956906,3738000,55.4,55.0
2021-08-13 14:11:00,2.1,2.1,2.1,2.1,0,42.956906,3738000,55.4,55.0
2021-08-13 14:12:00,2.1,2.1,2.1,2.1,0,42.956906,3738000,55.4,55.0
2021-08-13 14:13:00,2.1,2.1,2.1,2.1,0,42.956906,3738000,55.4,55.0
2021-08-13 14:14:00,2.1,2.1,2.1,2.1,0,42.956906,3738000,55.4,55.0
2021-08-13 14:15:00,2.1,2.1,2.1,2.1,0,42.956906,3738000,55.25,55.0
2021-08-13 14:16:00,2.1,2.1,2.1,2.1,0,42.956906,3738000,55.25,55.0
2021-08-13 14:17:00,2.1,2.1,2.1,2.1,0,42.956906,3738000,55.4,55.0
2021-08-13 14:18:00,2.1,2.1,2.1,2.1,0,42.956906,3738000,55.4,55.0
2021-08-13 14:19:00,2.1,2.1,2.1,2.1,0,42.956906,3738000,55.4,55.0
2021-08-13 14:20:00,2.1,2.1,2.1,2.1,0,42.956906,3738000,55.4,55.0
2021-08-13 14:21:00,2.1,2.1,2.1,2.1,0,42.956906,3738000,55.25,55.0
2021-08-13 14:22:00,2.1,2.1,2.05,2.05,10500,43.143004,3759000,55.3,55.0
2021-08-13 14:23:00,2.05,2.05,2.05,2.05,0,43.143004,3759000,55.3,55.0
2021-08-13 14:24:00,2.05,2.05,2.05,2.05,0,43.143004,3759000,55.3,55.0
2021-08-13 14:25:00,2.05,2.05,2.05,2.05,0,43.143004,3759000,55.3,55.0
2021-08-13 14:26:00,2.05,2.05,2.05,2.05,0,43.143004,3759000,55.3,55.0
2021-08-13 14:27:00,2.05,2.05,2.05,2.05,0,43.143004,3759000,55.3,55.0
2021-08-13 14:28:00,2.05,2.05,2.05,2.05,0,43.143004,3759000,55.3,55.0
2021-08-13 14:29:00,2.05,2.05,2.05,2.05,0,43.143004,3759000,55.3,55.0
2021-08-13 14:30:00,2.05,2.05,2.05,2.05,0,43.143004,3759000,55.3,55.0
2021-08-13 14:31:00,2.05,2.05,2.05,2.05,0,43.143004,3759000,55.3,55.0
2021-08-13 14:32:00,2.05,2.05,2.05,2.05,0,43.143004,3759000,55.3,55.0
2021-08-13 14:33:00,2.05,2.05,2.05,2.05,0,43.143004,3759000,55.3,55.0
2021-08-13 14:34:00,2.05,2.05,2.05,2.05,0,43.143004,3759000,55.25,55.0
2021-08-13 14:35:00,2.05,2.05,2.05,2.05,0,43.143004,3759000,55.25,55.0
2021-08-13 14:36:00,2.05,2.05,2.05,2.05,0,43.143004,3759000,55.2,55.0
2021-08-13 14:37:00,2.05,2.05,2.05,2.05,0,43.143004,3759000,55.3,55.0
2021-08-13 14:38:00,2.05,2.05,2.05,2.05,0,43.143004,3759000,55.3,55.0
2021-08-13 14:39:00,2.05,2.05,2.05,2.05,0,43.143004,3759000,55.3,55.0
2021-08-13 14:40:00,2.05,2.05,2.05,2.05,0,43.143004,3759000,55.3,55.0
2021-08-13 14:41:00,2.05,2.05,2.05,2.05,0,43.143004,3759000,55.4,55.0
2021-08-13 14:42:00,2.05,2.05,2.05,2.05,0,43.143004,3759000,55.3,55.0
2021-08-13 14:43:00,2.05,2.05,2.05,2.05,0,43.143004,3759000,55.3,55.0
2021-08-13 14:44:00,2.05,2.05,2.05,2.05,0,43.143004,3759000,55.4,55.0
2021-08-13 14:45:00,2.05,2.05,2.05,2.05,0,43.143004,3759000,55.3,55.0
2021-08-13 14:46:00,2.05,2.05,2.05,2.05,0,43.143004,3759000,55.3,55.0
2021-08-13 14:47:00,2.05,2.05,2.05,2.05,0,43.143004,3759000,55.3,55.0
2021-08-13 14:48:00,2.05,2.05,2.05,2.05,0,43.143004,3759000,55.3,55.0
2021-08-13 14:49:00,2.05,2.05,2.05,2.05,0,43.143004,3759000,55.3,55.0
2021-08-13 14:50:00,2.05,2.05,2.05,2.05,0,43.143004,3759000,55.3,55.0
2021-08-13 14:51:00,2.05,2.05,2.05,2.05,0,43.143004,3759000,55.5,56.0
2021-08-13 14:52:00,2.05,2.05,2.05,2.05,0,43.143004,3759000,55.3,55.0
2021-08-13 14:53:00,2.05,2.05,2.05,2.05,0,43.143004,3759000,55.3,55.0
2021-08-13 14:54:00,2.05,2.05,2.05,2.05,0,43.143004,3759000,55.3,55.0
2021-08-13 14:55:00,2.05,2.05,2.05,2.05,0,43.143004,3759000,55.3,55.0
2021-08-13 14:56:00,1.9,1.9,1.85,1.85,31500,44.014394,1176000,55.8,56.0
2021-08-13 14:57:00,1.85,1.85,1.85,1.85,0,44.014394,1176000,55.8,56.0
2021-08-13 14:58:00,1.85,1.85,1.85,1.85,0,44.014394,1176000,55.8,56.0
2021-08-13 14:59:00,1.85,1.85,1.85,1.85,21000,44.630808,1228500,55.75,56.0
2021-08-13 15:00:00,1.85,1.85,1.85,1.85,0,44.630808,1228500,55.75,56.0
2021-08-13 15:01:00,1.85,1.85,1.85,1.85,0,44.630808,1228500,55.75,56.0
2021-08-13 15:02:00,1.85,1.85,1.85,1.85,0,44.630808,1228500,55.75,56.0
2021-08-13 15:03:00,1.85,1.85,1.85,1.85,0,44.630808,1228500,55.75,56.0
2021-08-13 15:04:00,1.85,1.85,1.85,1.85,0,44.630808,1228500,55.65,56.0
2021-08-13 15:05:00,1.85,1.85,1.85,1.85,0,44.630808,1228500,55.75,56.0
2021-08-13 15:06:00,1.85,1.85,1.85,1.85,0,44.630808,1228500,55.75,56.0
2021-08-13 15:07:00,1.85,1.85,1.85,1.85,0,44.630808,1228500,55.75,56.0
2021-08-13 15:08:00,1.85,1.85,1.85,1.85,0,44.630808,1228500,55.75,56.0
2021-08-13 15:09:00,1.85,1.85,1.85,1.85,0,44.630808,1228500,55.75,56.0
2021-08-13 15:10:00,1.85,1.85,1.85,1.85,0,44.630808,1228500,55.75,56.0
2021-08-13 15:11:00,1.75,1.75,1.75,1.75,10500,44.66574,1228500,55.55,56.0
2021-08-13 15:12:00,1.75,1.75,1.75,1.75,0,44.66574,1228500,55.55,56.0
2021-08-13 15:13:00,1.75,1.75,1.75,1.75,0,44.66574,1228500,55.55,56.0
2021-08-13 15:14:00,1.75,1.75,1.75,1.75,0,44.66574,1228500,55.55,56.0
2021-08-13 15:15:00,1.75,1.75,1.75,1.75,0,44.66574,1228500,55.55,56.0
2021-08-13 15:16:00,1.75,1.75,1.75,1.75,0,44.66574,1228500,55.55,56.0
2021-08-13 15:17:00,1.75,1.75,1.75,1.75,0,44.66574,1228500,55.55,56.0
2021-08-13 15:18:00,1.75,1.75,1.75,1.75,0,44.66574,1228500,55.55,56.0
2021-08-13 15:19:00,1.75,1.75,1.75,1.75,0,44.66574,1228500,55.6,56.0
2021-08-13 15:20:00,1.75,1.75,1.75,1.75,0,44.66574,1228500,55.55,56.0
2021-08-13 15:21:00,1.75,1.75,1.75,1.75,0,44.66574,1228500,55.55,56.0
2021-08-13 15:22:00,1.75,1.75,1.75,1.75,0,44.66574,1228500,55.55,56.0
2021-08-13 15:23:00,2.2,2.2,2.2,2.2,10500,44.105104,3832500,55.5,55.0
2021-08-13 15:24:00,2.2,2.2,2.2,2.2,0,44.105104,3832500,55.6,56.0
2021-08-13 15:25:00,1.7,1.7,1.7,1.7,21000,43.488638,1228500,55.55,56.0
2021-08-13 15:26:00,1.7,1.7,1.7,1.7,0,43.488638,1228500,55.55,56.0
2021-08-13 15:27:00,1.7,1.7,1.7,1.7,0,43.488638,1228500,55.55,56.0
2021-08-13 15:28:00,1.7,1.7,1.7,1.7,0,43.488638,1228500,55.55,56.0
2021-08-13 15:29:00,1.7,1.7,1.7,1.7,0,43.488638,1228500,55.55,56.0
2021-08-16 09:31:00,1.75,1.8,1.75,1.75,147000,50.852981,1281000,55.55,56.0
2021-08-16 09:32:00,1.75,1.75,1.75,1.75,0,50.852981,1281000,55.55,56.0
2021-08-16 09:33:00,1.75,1.75,1.75,1.75,0,50.852981,1281000,55.55,56.0
2021-08-16 09:34:00,2.05,2.1,2.05,2.1,105000,48.344058,4021500,55.45,55.0
2021-08-16 09:35:00,2.1,2.1,2.1,2.1,0,48.344058,4021500,55.45,55.0
2021-08-16 09:36:00,2.1,2.1,2.1,2.1,0,48.344058,4021500,55.45,55.0
2021-08-16 09:37:00,2.1,2.1,2.1,2.1,0,48.344058,4021500,55.3,55.0
2021-08-16 09:38:00,2.1,2.1,2.1,2.1,0,48.344058,4021500,55.25,55.0
2021-08-16 09:39:00,2.05,2.05,2.0,2.0,21000,48.68612,3811500,55.25,55.0
2021-08-16 09:40:00,2.0,2.0,2.0,2.0,0,48.68612,3811500,55.25,55.0
2021-08-16 09:41:00,2.0,2.0,2.0,2.0,0,48.68612,3811500,55.25,55.0
2021-08-16 09:42:00,2.0,2.0,2.0,2.0,0,48.68612,3811500,55.25,55.0
2021-08-16 09:43:00,2.0,2.0,2.0,2.0,0,48.68612,3811500,55.25,55.0
2021-08-16 09:44:00,2.0,2.0,2.0,2.0,0,48.68612,3811500,55.25,55.0
2021-08-16 09:45:00,2.0,2.0,2.0,2.0,0,48.68612,3811500,55.25,55.0
2021-08-16 09:46:00,1.85,1.85,1.85,1.85,10500,49.016396,3822000,54.95,55.0
2021-08-16 09:47:00,1.85,1.85,1.85,1.85,0,49.016396,3822000,54.95,55.0
2021-08-16 09:48:00,1.85,1.85,1.85,1.85,0,49.016396,3822000,54.95,55.0
2021-08-16 09:49:00,1.85,1.85,1.85,1.85,0,49.016396,3822000,54.95,55.0
2021-08-16 09:50:00,1.85,1.85,1.85,1.85,0,49.016396,3822000,54.85,55.0
2021-08-16 09:51:00,1.85,1.85,1.85,1.85,0,49.016396,3822000,54.95,55.0
2021-08-16 09:52:00,1.85,1.85,1.85,1.85,0,49.016396,3822000,54.95,55.0
2021-08-16 09:53:00,1.85,1.85,1.85,1.85,0,49.016396,3822000,54.75,55.0
2021-08-16 09:54:00,1.75,1.75,1.7,1.75,42000,48.425179,3864000,54.8,55.0
2021-08-16 09:55:00,1.75,1.75,1.75,1.75,147000,49.816115,3864000,54.7,55.0
2021-08-16 09:56:00,1.75,1.75,1.75,1.75,0,49.816115,3864000,54.7,55.0
2021-08-16 09:57:00,1.75,1.75,1.75,1.75,0,49.816115,3864000,54.7,55.0
2021-08-16 09:58:00,1.85,1.85,1.8,1.8,21000,50.497107,4000500,54.75,55.0
2021-08-16 09:59:00,1.8,1.8,1.8,1.8,0,50.497107,4000500,54.75,55.0
2021-08-16 10:00:00,1.8,1.8,1.8,1.8,0,50.497107,4000500,54.75,55.0
2021-08-16 10:01:00,1.8,1.8,1.8,1.8,0,50.497107,4000500,54.8,55.0
2021-08-16 10:02:00,1.8,1.8,1.8,1.8,0,50.497107,4000500,54.75,55.0
2021-08-16 10:03:00,1.8,1.8,1.8,1.8,0,50.497107,4000500,54.75,55.0
2021-08-16 10:04:00,1.8,1.8,1.8,1.8,0,50.497107,4000500,54.7,55.0
2021-08-16 10:05:00,1.8,1.8,1.8,1.8,0,50.497107,4000500,54.65,55.0
2021-08-16 10:06:00,1.8,1.8,1.8,1.8,0,50.497107,4000500,54.75,55.0
2021-08-16 10:07:00,1.8,1.8,1.8,1.8,0,50.497107,4000500,54.75,55.0
2021-08-16 10:08:00,1.75,1.75,1.75,1.75,31500,49.147526,4273500,54.75,55.0
2021-08-16 10:09:00,1.75,1.75,1.75,1.75,10500,49.149331,4273500,54.75,55.0
2021-08-16 10:10:00,1.75,1.75,1.75,1.75,21000,48.45368,4273500,54.8,55.0
2021-08-16 10:11:00,1.75,1.75,1.75,1.75,0,48.45368,4273500,54.8,55.0
2021-08-16 10:12:00,1.75,1.75,1.75,1.75,0,48.45368,4273500,54.8,55.0
2021-08-16 10:13:00,1.75,1.75,1.75,1.75,0,48.45368,4273500,54.8,55.0
2021-08-16 10:14:00,1.75,1.75,1.75,1.75,0,48.45368,4273500,54.8,55.0
2021-08-16 10:15:00,1.75,1.75,1.75,1.75,0,48.45368,4273500,54.8,55.0
2021-08-16 10:16:00,1.75,1.75,1.75,1.75,0,48.45368,4273500,54.8,55.0
2021-08-16 10:17:00,1.75,1.75,1.75,1.75,0,48.45368,4273500,54.8,55.0
2021-08-16 10:18:00,1.75,1.75,1.75,1.75,0,48.45368,4273500,54.8,55.0
2021-08-16 10:19:00,1.7,1.7,1.7,1.7,21000,47.798842,4273500,54.75,55.0
2021-08-16 10:20:00,1.7,1.7,1.7,1.7,0,47.798842,4273500,54.75,55.0
2021-08-16 10:21:00,1.7,1.7,1.7,1.7,0,47.798842,4273500,54.75,55.0
2021-08-16 10:22:00,1.7,1.7,1.7,1.7,0,47.798842,4273500,54.75,55.0
2021-08-16 10:23:00,1.7,1.7,1.7,1.7,0,47.798842,4273500,54.75,55.0
2021-08-16 10:24:00,1.7,1.7,1.7,1.7,0,47.798842,4273500,54.75,55.0
2021-08-16 10:25:00,1.7,1.7,1.7,1.7,0,47.798842,4273500,54.75,55.0
2021-08-16 10:26:00,1.7,1.7,1.7,1.7,0,47.798842,4273500,54.75,55.0
2021-08-16 10:27:00,1.7,1.7,1.7,1.7,0,47.798842,4273500,54.75,55.0
2021-08-16 10:28:00,1.7,1.7,1.7,1.7,0,47.798842,4273500,54.75,55.0
2021-08-16 10:29:00,1.7,1.7,1.7,1.7,0,47.798842,4273500,54.75,55.0
2021-08-16 10:30:00,1.7,1.7,1.7,1.7,0,47.798842,4273500,54.75,55.0
2021-08-16 10:31:00,1.7,1.7,1.7,1.7,0,47.798842,4273500,54.75,55.0
2021-08-16 10:32:00,1.7,1.7,1.7,1.7,0,47.798842,4273500,54.45,54.0
2021-08-16 10:33:00,1.7,1.7,1.7,1.7,0,47.798842,4273500,54.75,55.0
2021-08-16 10:34:00,1.7,1.7,1.7,1.7,0,47.798842,4273500,54.75,55.0
2021-08-16 10:35:00,1.7,1.7,1.7,1.7,0,47.798842,4273500,54.75,55.0
2021-08-16 10:36:00,1.7,1.7,1.7,1.7,0,47.798842,4273500,54.75,55.0
2021-08-16 10:37:00,1.7,1.7,1.7,1.7,0,47.798842,4273500,54.75,55.0
2021-08-16 10:38:00,1.7,1.7,1.7,1.7,0,47.798842,4273500,54.75,55.0
2021-08-16 10:39:00,1.7,1.7,1.7,1.7,0,47.798842,4273500,54.75,55.0
2021-08-16 10:40:00,1.7,1.7,1.7,1.7,0,47.798842,4273500,54.75,55.0
2021-08-16 10:41:00,1.7,1.7,1.7,1.7,0,47.798842,4273500,54.75,55.0
2021-08-16 10:42:00,1.7,1.7,1.7,1.7,0,47.798842,4273500,54.75,55.0
2021-08-16 10:43:00,2.05,2.05,2.05,2.05,31500,49.588028,609000,54.35,54.0
2021-08-16 10:44:00,2.05,2.05,2.0,2.0,10500,48.19384,640500,54.35,54.0
2021-08-16 10:45:00,2.0,2.0,2.0,2.0,0,48.19384,640500,54.35,54.0
2021-08-16 10:46:00,2.0,2.0,2.0,2.0,0,48.19384,640500,54.35,54.0
2021-08-16 10:47:00,2.0,2.0,2.0,2.0,0,48.19384,640500,54.35,54.0
2021-08-16 10:48:00,2.0,2.0,2.0,2.0,0,48.19384,640500,54.35,54.0
2021-08-16 10:49:00,2.0,2.0,2.0,2.0,0,48.19384,640500,54.35,54.0
2021-08-16 10:50:00,2.0,2.0,2.0,2.0,0,48.19384,640500,54.35,54.0
2021-08-16 10:51:00,2.0,2.0,2.0,2.0,0,48.19384,640500,54.45,54.0
2021-08-16 10:52:00,2.0,2.0,2.0,2.0,0,48.19384,640500,54.45,54.0
2021-08-16 10:53:00,2.0,2.0,2.0,2.0,0,48.19384,640500,54.45,54.0
2021-08-16 10:54:00,2.0,2.0,2.0,2.0,0,48.19384,640500,54.35,54.0
2021-08-16 10:55:00,2.0,2.0,2.0,2.0,0,48.19384,640500,54.3,54.0
2021-08-16 10:56:00,2.0,2.0,2.0,2.0,0,48.19384,640500,54.35,54.0
2021-08-16 10:57:00,2.0,2.0,2.0,2.0,0,48.19384,640500,54.35,54.0
2021-08-16 10:58:00,2.0,2.0,2.0,2.0,0,48.19384,640500,54.35,54.0
2021-08-16 10:59:00,2.0,2.0,2.0,2.0,0,48.19384,640500,54.3,54.0
2021-08-16 11:00:00,2.0,2.0,2.0,2.0,0,48.19384,640500,54.35,54.0
2021-08-16 11:01:00,2.0,2.0,2.0,2.0,0,48.19384,640500,54.35,54.0
2021-08-16 11:02:00,2.0,2.0,2.0,2.0,0,48.19384,640500,54.4,54.0
2021-08-16 11:03:00,2.0,2.0,2.0,2.0,0,48.19384,640500,54.45,54.0
2021-08-16 11:04:00,2.0,2.0,2.0,2.0,0,48.19384,640500,54.35,54.0
2021-08-16 11:05:00,2.0,2.0,2.0,2.0,0,48.19384,640500,54.35,54.0
2021-08-16 11:06:00,2.0,2.0,2.0,2.0,0,48.19384,640500,54.35,54.0
2021-08-16 11:07:00,2.0,2.0,2.0,2.0,0,48.19384,640500,54.35,54.0
2021-08-16 11:08:00,1.6,1.6,1.6,1.6,31500,47.874418,4315500,54.55,55.0
2021-08-16 11:09:00,1.6,1.6,1.6,1.6,0,47.874418,4315500,54.55,55.0
2021-08-16 11:10:00,1.6,1.6,1.6,1.6,0,47.874418,4315500,54.55,55.0
2021-08-16 11:11:00,1.65,1.65,1.65,1.65,10500,49.255942,4315500,54.55,55.0
2021-08-16 11:12:00,1.65,1.65,1.65,1.65,0,49.255942,4315500,54.55,55.0
2021-08-16 11:13:00,1.65,1.65,1.65,1.65,0,49.255942,4315500,54.55,55.0
2021-08-16 11:14:00,1.65,1.65,1.65,1.65,0,49.255942,4315500,54.55,55.0
2021-08-16 11:15:00,1.65,1.65,1.65,1.65,0,49.255942,4315500,54.55,55.0
2021-08-16 11:16:00,1.65,1.65,1.65,1.65,0,49.255942,4315500,54.55,55.0
2021-08-16 11:17:00,1.65,1.65,1.65,1.65,0,49.255942,4315500,54.55,55.0
2021-08-16 11:18:00,1.65,1.65,1.65,1.65,0,49.255942,4315500,54.55,55.0
2021-08-16 11:19:00,1.65,1.65,1.65,1.65,10500,47.911853,4305000,54.65,55.0
2021-08-16 11:20:00,1.65,1.65,1.65,1.65,0,47.911853,4305000,54.65,55.0
2021-08-16 11:21:00,1.65,1.65,1.65,1.65,0,47.911853,4305000,54.65,55.0
2021-08-16 11:22:00,1.65,1.65,1.65,1.65,0,47.911853,4305000,54.65,55.0
2021-08-16 11:23:00,1.65,1.65,1.65,1.65,0,47.911853,4305000,54.65,55.0
2021-08-16 11:24:00,1.65,1.65,1.65,1.65,0,47.911853,4305000,54.65,55.0
2021-08-16 11:25:00,1.65,1.65,1.65,1.65,0,47.911853,4305000,54.65,55.0
2021-08-16 11:26:00,1.65,1.65,1.65,1.65,0,47.911853,4305000,54.65,55.0
2021-08-16 11:27:00,1.65,1.65,1.65,1.65,0,47.911853,4305000,54.65,55.0
2021-08-16 11:28:00,1.65,1.65,1.65,1.65,0,47.911853,4305000,54.65,55.0
2021-08-16 11:29:00,1.65,1.65,1.65,1.65,0,47.911853,4305000,54.65,55.0
2021-08-16 11:30:00,1.65,1.65,1.65,1.65,0,47.911853,4305000,54.65,55.0
2021-08-16 11:31:00,1.65,1.65,1.65,1.65,0,47.911853,4305000,54.65,55.0
2021-08-16 11:32:00,1.65,1.65,1.65,1.65,0,47.911853,4305000,54.65,55.0
2021-08-16 11:33:00,1.65,1.65,1.65,1.65,0,47.911853,4305000,54.65,55.0
2021-08-16 11:34:00,1.65,1.65,1.65,1.65,0,47.911853,4305000,54.55,55.0
2021-08-16 11:35:00,1.65,1.65,1.65,1.65,0,47.911853,4305000,54.65,55.0
2021-08-16 11:36:00,1.65,1.65,1.65,1.65,0,47.911853,4305000,54.65,55.0
2021-08-16 11:37:00,1.55,1.55,1.55,1.55,42000,46.548068,4336500,54.55,55.0
2021-08-16 11:38:00,1.55,1.55,1.55,1.55,0,46.548068,4336500,54.55,55.0
2021-08-16 11:39:00,1.55,1.55,1.55,1.55,0,46.548068,4336500,54.55,55.0
2021-08-16 11:40:00,1.55,1.55,1.55,1.55,0,46.548068,4336500,54.45,54.0
2021-08-16 11:41:00,1.55,1.55,1.55,1.55,0,46.548068,4336500,54.55,55.0
2021-08-16 11:42:00,1.55,1.55,1.55,1.55,0,46.548068,4336500,54.55,55.0
2021-08-16 11:43:00,1.55,1.55,1.55,1.55,0,46.548068,4336500,54.55,55.0
2021-08-16 11:44:00,1.55,1.55,1.55,1.55,0,46.548068,4336500,54.55,55.0
2021-08-16 11:45:00,1.55,1.55,1.55,1.55,0,46.548068,4336500,54.55,55.0
2021-08-16 11:46:00,1.55,1.55,1.55,1.55,0,46.548068,4336500,54.55,55.0
2021-08-16 11:47:00,1.55,1.55,1.55,1.55,0,46.548068,4336500,54.45,54.0
2021-08-16 11:48:00,1.95,1.95,1.95,1.95,21000,46.11794,672000,54.4,54.0
2021-08-16 11:49:00,1.95,1.95,1.95,1.95,0,46.11794,672000,54.4,54.0
2021-08-16 11:50:00,1.95,1.95,1.95,1.95,0,46.11794,672000,54.4,54.0
2021-08-16 11:51:00,1.95,1.95,1.95,1.95,0,46.11794,672000,54.5,55.0
2021-08-16 11:52:00,1.95,1.95,1.95,1.95,0,46.11794,672000,54.4,54.0
2021-08-16 11:53:00,1.95,1.95,1.95,1.95,0,46.11794,672000,54.4,54.0
2021-08-16 11:54:00,1.95,1.95,1.95,1.95,0,46.11794,672000,54.4,54.0
2021-08-16 11:55:00,1.95,1.95,1.95,1.95,0,46.11794,672000,54.4,54.0
2021-08-16 11:56:00,1.95,1.95,1.95,1.95,0,46.11794,672000,54.4,54.0
2021-08-16 11:57:00,1.95,1.95,1.95,1.95,0,46.11794,672000,54.4,54.0
2021-08-16 11:58:00,1.95,1.95,1.95,1.95,0,46.11794,672000,54.4,54.0
2021-08-16 11:59:00,1.95,1.95,1.95,1.95,0,46.11794,672000,54.4,54.0
2021-08-16 12:00:00,1.95,1.95,1.95,1.95,0,46.11794,672000,54.4,54.0
2021-08-16 12:01:00,1.95,1.95,1.95,1.95,0,46.11794,672000,54.4,54.0
2021-08-16 12:02:00,1.95,1.95,1.95,1.95,0,46.11794,672000,54.4,54.0
2021-08-16 12:03:00,1.95,1.95,1.95,1.95,0,46.11794,672000,54.4,54.0
2021-08-16 12:04:00,1.95,1.95,1.95,1.95,0,46.11794,672000,54.4,54.0
2021-08-16 12:05:00,1.95,1.95,1.95,1.95,0,46.11794,672000,54.4,54.0
2021-08-16 12:06:00,1.95,1.95,1.95,1.95,0,46.11794,672000,54.4,54.0
2021-08-16 12:07:00,1.95,1.95,1.95,1.95,0,46.11794,672000,54.4,54.0
2021-08-16 12:08:00,1.95,1.95,1.95,1.95,0,46.11794,672000,54.4,54.0
2021-08-16 12:09:00,1.95,1.95,1.95,1.95,0,46.11794,672000,54.4,54.0
2021-08-16 12:10:00,1.95,1.95,1.95,1.95,0,46.11794,672000,54.4,54.0
2021-08-16 12:11:00,1.95,1.95,1.95,1.95,0,46.11794,672000,54.4,54.0
2021-08-16 12:12:00,1.95,1.95,1.95,1.95,0,46.11794,672000,54.4,54.0
2021-08-16 12:13:00,1.95,1.95,1.95,1.95,0,46.11794,672000,54.4,54.0
2021-08-16 12:14:00,1.95,1.95,1.95,1.95,0,46.11794,672000,54.4,54.0
2021-08-16 12:15:00,1.95,1.95,1.95,1.95,0,46.11794,672000,54.4,54.0
2021-08-16 12:16:00,1.95,1.95,1.95,1.95,0,46.11794,672000,54.4,54.0
2021-08-16 12:17:00,1.95,1.95,1.95,1.95,0,46.11794,672000,54.4,54.0
2021-08-16 12:18:00,1.95,1.95,1.95,1.95,0,46.11794,672000,54.4,54.0
2021-08-16 12:19:00,1.95,1.95,1.95,1.95,0,46.11794,672000,54.4,54.0
2021-08-16 12:20:00,1.95,1.95,1.95,1.95,0,46.11794,672000,54.4,54.0
2021-08-16 12:21:00,1.95,1.95,1.95,1.95,0,46.11794,672000,54.4,54.0
2021-08-16 12:22:00,1.95,1.95,1.95,1.95,0,46.11794,672000,54.35,54.0
2021-08-16 12:23:00,1.95,1.95,1.95,1.95,0,46.11794,672000,54.4,54.0
2021-08-16 12:24:00,1.95,1.95,1.95,1.95,0,46.11794,672000,54.4,54.0
2021-08-16 12:25:00,1.95,1.95,1.95,1.95,0,46.11794,672000,54.4,54.0
2021-08-16 12:26:00,1.95,1.95,1.95,1.95,0,46.11794,672000,54.4,54.0
2021-08-16 12:27:00,1.95,1.95,1.95,1.95,0,46.11794,672000,54.45,54.0
2021-08-16 12:28:00,1.95,1.95,1.95,1.95,0,46.11794,672000,54.4,54.0
2021-08-16 12:29:00,1.95,1.95,1.95,1.95,0,46.11794,672000,54.4,54.0
2021-08-16 12:30:00,1.95,1.95,1.95,1.95,0,46.11794,672000,54.45,54.0
2021-08-16 12:31:00,1.95,1.95,1.95,1.95,0,46.11794,672000,54.4,54.0
2021-08-16 12:32:00,1.95,1.95,1.95,1.95,0,46.11794,672000,54.4,54.0
2021-08-16 12:33:00,1.95,1.95,1.95,1.95,0,46.11794,672000,54.45,54.0
2021-08-16 12:34:00,1.95,1.95,1.95,1.95,0,46.11794,672000,54.4,54.0
2021-08-16 12:35:00,1.95,1.95,1.95,1.95,0,46.11794,672000,54.4,54.0
2021-08-16 12:36:00,1.95,1.95,1.95,1.95,0,46.11794,672000,54.4,54.0
2021-08-16 12:37:00,1.95,1.95,1.95,1.95,0,46.11794,672000,54.4,54.0
2021-08-16 12:38:00,1.95,1.95,1.95,1.95,0,46.11794,672000,54.4,54.0
2021-08-16 12:39:00,1.95,1.95,1.95,1.95,0,46.11794,672000,54.4,54.0
2021-08-16 12:40:00,1.95,1.95,1.95,1.95,0,46.11794,672000,54.4,54.0
2021-08-16 12:41:00,1.95,1.95,1.95,1.95,0,46.11794,672000,54.4,54.0
2021-08-16 12:42:00,1.95,1.95,1.95,1.95,0,46.11794,672000,54.4,54.0
2021-08-16 12:43:00,1.95,1.95,1.95,1.95,0,46.11794,672000,54.4,54.0
2021-08-16 12:44:00,1.95,1.95,1.95,1.95,0,46.11794,672000,54.4,54.0
2021-08-16 12:45:00,1.95,1.95,1.95,1.95,0,46.11794,672000,54.4,54.0
2021-08-16 12:46:00,1.95,1.95,1.95,1.95,0,46.11794,672000,54.4,54.0
2021-08-16 12:47:00,1.95,1.95,1.95,1.95,0,46.11794,672000,54.4,54.0
2021-08-16 12:48:00,1.95,1.95,1.95,1.95,0,46.11794,672000,54.45,54.0
2021-08-16 12:49:00,1.95,1.95,1.95,1.95,0,46.11794,672000,54.5,55.0
2021-08-16 12:50:00,1.95,1.95,1.95,1.95,0,46.11794,672000,54.5,55.0
2021-08-16 12:51:00,1.95,1.95,1.95,1.95,0,46.11794,672000,54.4,54.0
2021-08-16 12:52:00,1.95,1.95,1.95,1.95,0,46.11794,672000,54.4,54.0
2021-08-16 12:53:00,1.95,1.95,1.95,1.95,0,46.11794,672000,54.45,54.0
2021-08-16 12:54:00,1.95,1.95,1.95,1.95,0,46.11794,672000,54.4,54.0
2021-08-16 12:55:00,1.95,1.95,1.95,1.95,0,46.11794,672000,54.4,54.0
2021-08-16 12:56:00,1.95,1.95,1.95,1.95,0,46.11794,672000,54.4,54.0
2021-08-16 12:57:00,1.95,1.95,1.95,1.95,0,46.11794,672000,54.4,54.0
2021-08-16 12:58:00,1.95,1.95,1.95,1.95,0,46.11794,672000,54.4,54.0
2021-08-16 12:59:00,1.95,1.95,1.95,1.95,0,46.11794,672000,54.4,54.0
2021-08-16 13:00:00,1.95,1.95,1.95,1.95,0,46.11794,672000,54.4,54.0
2021-08-16 13:01:00,1.95,1.95,1.95,1.95,0,46.11794,672000,54.4,54.0
2021-08-16 13:02:00,1.95,1.95,1.95,1.95,0,46.11794,672000,54.4,54.0
2021-08-16 13:03:00,1.95,1.95,1.95,1.95,0,46.11794,672000,54.4,54.0
2021-08-16 13:04:00,1.95,1.95,1.95,1.95,0,46.11794,672000,54.4,54.0
2021-08-16 13:05:00,1.95,1.95,1.95,1.95,0,46.11794,672000,54.4,54.0
2021-08-16 13:06:00,1.95,1.95,1.95,1.95,0,46.11794,672000,54.4,54.0
2021-08-16 13:07:00,1.95,1.95,1.95,1.95,0,46.11794,672000,54.5,54.0
2021-08-16 13:08:00,1.95,1.95,1.95,1.95,0,46.11794,672000,54.4,54.0
2021-08-16 13:09:00,1.95,1.95,1.95,1.95,0,46.11794,672000,54.4,54.0
2021-08-16 13:10:00,1.95,1.95,1.95,1.95,0,46.11794,672000,54.4,54.0
2021-08-16 13:11:00,1.95,1.95,1.95,1.95,0,46.11794,672000,54.4,54.0
2021-08-16 13:12:00,1.95,1.95,1.95,1.95,0,46.11794,672000,54.5,55.0
2021-08-16 13:13:00,1.95,1.95,1.95,1.95,0,46.11794,672000,54.4,54.0
2021-08-16 13:14:00,1.95,1.95,1.95,1.95,0,46.11794,672000,54.4,54.0
2021-08-16 13:15:00,1.95,1.95,1.95,1.95,0,46.11794,672000,54.45,54.0
2021-08-16 13:16:00,1.95,1.95,1.95,1.95,0,46.11794,672000,54.4,54.0
2021-08-16 13:17:00,1.95,1.95,1.95,1.95,0,46.11794,672000,54.4,54.0
2021-08-16 13:18:00,1.95,1.95,1.95,1.95,0,46.11794,672000,54.4,54.0
2021-08-16 13:19:00,1.95,1.95,1.95,1.95,0,46.11794,672000,54.4,54.0
2021-08-16 13:20:00,1.95,1.95,1.95,1.95,0,46.11794,672000,54.4,54.0
2021-08-16 13:21:00,1.95,1.95,1.95,1.95,0,46.11794,672000,54.4,54.0
2021-08-16 13:22:00,1.95,1.95,1.95,1.95,0,46.11794,672000,54.4,54.0
2021-08-16 13:23:00,1.95,1.95,1.95,1.95,0,46.11794,672000,54.4,54.0
2021-08-16 13:24:00,1.95,1.95,1.95,1.95,0,46.11794,672000,54.4,54.0
2021-08-16 13:25:00,1.95,1.95,1.95,1.95,0,46.11794,672000,54.4,54.0
2021-08-16 13:26:00,1.95,1.95,1.95,1.95,0,46.11794,672000,54.45,54.0
2021-08-16 13:27:00,1.95,1.95,1.95,1.95,0,46.11794,672000,54.4,54.0
2021-08-16 13:28:00,1.95,1.95,1.95,1.95,0,46.11794,672000,54.4,54.0
2021-08-16 13:29:00,1.95,1.95,1.95,1.95,0,46.11794,672000,54.45,54.0
2021-08-16 13:30:00,1.95,1.95,1.95,1.95,0,46.11794,672000,54.4,54.0
2021-08-16 13:31:00,1.95,1.95,1.95,1.95,0,46.11794,672000,54.4,54.0
2021-08-16 13:32:00,1.95,1.95,1.95,1.95,0,46.11794,672000,54.4,54.0
2021-08-16 13:33:00,1.95,1.95,1.95,1.95,0,46.11794,672000,54.4,54.0
2021-08-16 13:34:00,1.95,1.95,1.95,1.95,0,46.11794,672000,54.4,54.0
2021-08-16 13:35:00,1.95,1.95,1.95,1.95,0,46.11794,672000,54.4,54.0
2021-08-16 13:36:00,1.95,1.95,1.95,1.95,0,46.11794,672000,54.4,54.0
2021-08-16 13:37:00,1.95,1.95,1.95,1.95,0,46.11794,672000,54.45,54.0
2021-08-16 13:38:00,1.95,1.95,1.95,1.95,0,46.11794,672000,54.4,54.0
2021-08-16 13:39:00,1.95,1.95,1.95,1.95,0,46.11794,672000,54.4,54.0
2021-08-16 13:40:00,1.95,1.95,1.95,1.95,0,46.11794,672000,54.4,54.0
2021-08-16 13:41:00,1.95,1.95,1.95,1.95,0,46.11794,672000,54.4,54.0
2021-08-16 13:42:00,1.95,1.95,1.95,1.95,0,46.11794,672000,54.4,54.0
2021-08-16 13:43:00,1.95,1.95,1.95,1.95,0,46.11794,672000,54.4,54.0
2021-08-16 13:44:00,1.95,1.95,1.95,1.95,0,46.11794,672000,54.4,54.0
2021-08-16 13:45:00,1.95,1.95,1.95,1.95,0,46.11794,672000,54.4,54.0
2021-08-16 13:46:00,1.95,1.95,1.95,1.95,0,46.11794,672000,54.35,54.0
2021-08-16 13:47:00,1.95,1.95,1.95,1.95,0,46.11794,672000,54.4,54.0
2021-08-16 13:48:00,1.95,1.95,1.95,1.95,0,46.11794,672000,54.4,54.0
2021-08-16 13:49:00,1.95,1.95,1.95,1.95,0,46.11794,672000,54.4,54.0
2021-08-16 13:50:00,1.95,1.95,1.95,1.95,0,46.11794,672000,54.4,54.0
2021-08-16 13:51:00,1.95,1.95,1.95,1.95,0,46.11794,672000,54.4,54.0
2021-08-16 13:52:00,1.95,1.95,1.95,1.95,0,46.11794,672000,54.4,54.0
2021-08-16 13:53:00,1.95,1.95,1.95,1.95,0,46.11794,672000,54.4,54.0
2021-08-16 13:54:00,1.95,1.95,1.95,1.95,0,46.11794,672000,54.4,54.0
2021-08-16 13:55:00,1.95,1.95,1.95,1.95,0,46.11794,672000,54.4,54.0
2021-08-16 13:56:00,1.95,1.95,1.95,1.95,0,46.11794,672000,54.4,54.0
2021-08-16 13:57:00,1.95,1.95,1.95,1.95,0,46.11794,672000,54.4,54.0
2021-08-16 13:58:00,1.95,1.95,1.95,1.95,0,46.11794,672000,54.4,54.0
2021-08-16 13:59:00,1.95,1.95,1.95,1.95,0,46.11794,672000,54.4,54.0
2021-08-16 14:00:00,1.95,1.95,1.95,1.95,0,46.11794,672000,54.4,54.0
2021-08-16 14:01:00,1.95,1.95,1.95,1.95,0,46.11794,672000,54.35,54.0
2021-08-16 14:02:00,1.95,1.95,1.95,1.95,0,46.11794,672000,54.4,54.0
2021-08-16 14:03:00,1.95,1.95,1.95,1.95,0,46.11794,672000,54.4,54.0
2021-08-16 14:04:00,1.8,1.8,1.8,1.8,10500,44.503281,598500,54.25,54.0
2021-08-16 14:05:00,1.8,1.8,1.8,1.8,0,44.503281,598500,54.25,54.0
2021-08-16 14:06:00,1.8,1.8,1.8,1.8,0,44.503281,598500,54.25,54.0
2021-08-16 14:07:00,1.8,1.8,1.8,1.8,0,44.503281,598500,54.25,54.0
2021-08-16 14:08:00,1.8,1.8,1.8,1.8,0,44.503281,598500,54.25,54.0
2021-08-16 14:09:00,1.8,1.8,1.8,1.8,0,44.503281,598500,54.25,54.0
2021-08-16 14:10:00,1.8,1.8,1.8,1.8,0,44.503281,598500,54.25,54.0
2021-08-16 14:11:00,1.8,1.8,1.8,1.8,0,44.503281,598500,54.25,54.0
2021-08-16 14:12:00,1.8,1.8,1.8,1.8,0,44.503281,598500,54.25,54.0
2021-08-16 14:13:00,1.8,1.8,1.8,1.8,0,44.503281,598500,54.4,54.0
2021-08-16 14:14:00,1.8,1.8,1.8,1.8,0,44.503281,598500,54.4,54.0
2021-08-16 14:15:00,1.8,1.8,1.8,1.8,0,44.503281,598500,54.25,54.0
2021-08-16 14:16:00,1.8,1.8,1.8,1.8,0,44.503281,598500,54.25,54.0
2021-08-16 14:17:00,1.8,1.8,1.8,1.8,0,44.503281,598500,54.4,54.0
2021-08-16 14:18:00,1.8,1.8,1.8,1.8,0,44.503281,598500,54.35,54.0
2021-08-16 14:19:00,1.8,1.8,1.8,1.8,0,44.503281,598500,54.25,54.0
2021-08-16 14:20:00,1.8,1.8,1.8,1.8,0,44.503281,598500,54.25,54.0
2021-08-16 14:21:00,1.8,1.8,1.8,1.8,0,44.503281,598500,54.3,54.0
2021-08-16 14:22:00,1.8,1.8,1.8,1.8,0,44.503281,598500,54.35,54.0
2021-08-16 14:23:00,1.8,1.8,1.8,1.8,0,44.503281,598500,54.35,54.0
2021-08-16 14:24:00,1.8,1.8,1.8,1.8,0,44.503281,598500,54.25,54.0
2021-08-16 14:25:00,1.8,1.8,1.8,1.8,0,44.503281,598500,54.25,54.0
2021-08-16 14:26:00,1.8,1.8,1.8,1.8,0,44.503281,598500,54.25,54.0
2021-08-16 14:27:00,1.8,1.8,1.8,1.8,0,44.503281,598500,54.25,54.0
2021-08-16 14:28:00,1.8,1.8,1.8,1.8,0,44.503281,598500,54.25,54.0
2021-08-16 14:29:00,1.8,1.8,1.8,1.8,0,44.503281,598500,54.25,54.0
2021-08-16 14:30:00,1.8,1.8,1.8,1.8,0,44.503281,598500,54.25,54.0
2021-08-16 14:31:00,1.8,1.8,1.8,1.8,0,44.503281,598500,54.25,54.0
2021-08-16 14:32:00,1.8,1.8,1.8,1.8,0,44.503281,598500,54.55,55.0
2021-08-16 14:33:00,1.8,1.8,1.8,1.8,0,44.503281,598500,54.55,55.0
2021-08-16 14:34:00,1.8,1.8,1.8,1.8,0,44.503281,598500,54.25,54.0
2021-08-16 14:35:00,1.8,1.8,1.8,1.8,0,44.503281,598500,54.25,54.0
2021-08-16 14:36:00,1.8,1.8,1.8,1.8,0,44.503281,598500,54.25,54.0
2021-08-16 14:37:00,1.8,1.8,1.8,1.8,0,44.503281,598500,54.25,54.0
2021-08-16 14:38:00,1.8,1.8,1.8,1.8,0,44.503281,598500,54.25,54.0
2021-08-16 14:39:00,1.8,1.8,1.8,1.8,0,44.503281,598500,54.25,54.0
2021-08-16 14:40:00,1.8,1.8,1.8,1.8,0,44.503281,598500,54.5,55.0
2021-08-16 14:41:00,1.8,1.8,1.8,1.8,0,44.503281,598500,54.5,55.0
2021-08-16 14:42:00,1.8,1.8,1.8,1.8,0,44.503281,598500,54.4,54.0
2021-08-16 14:43:00,1.8,1.8,1.8,1.8,0,44.503281,598500,54.25,54.0
2021-08-16 14:44:00,1.8,1.8,1.8,1.8,0,44.503281,598500,54.25,54.0
2021-08-16 14:45:00,1.8,1.8,1.8,1.8,0,44.503281,598500,54.5,55.0
2021-08-16 14:46:00,1.8,1.8,1.8,1.8,0,44.503281,598500,54.25,54.0
2021-08-16 14:47:00,1.8,1.8,1.8,1.8,0,44.503281,598500,54.25,54.0
2021-08-16 14:48:00,1.8,1.8,1.8,1.8,0,44.503281,598500,54.3,54.0
2021-08-16 14:49:00,1.8,1.8,1.8,1.8,0,44.503281,598500,54.3,54.0
2021-08-16 14:50:00,1.8,1.8,1.8,1.8,0,44.503281,598500,54.35,54.0
2021-08-16 14:51:00,1.8,1.8,1.8,1.8,0,44.503281,598500,54.25,54.0
2021-08-16 14:52:00,1.8,1.8,1.8,1.8,0,44.503281,598500,54.25,54.0
2021-08-16 14:53:00,1.8,1.8,1.8,1.8,0,44.503281,598500,54.35,54.0
2021-08-16 14:54:00,1.8,1.8,1.8,1.8,0,44.503281,598500,54.25,54.0
2021-08-16 14:55:00,1.8,1.8,1.8,1.8,0,44.503281,598500,54.25,54.0
2021-08-16 14:56:00,1.8,1.8,1.8,1.8,0,44.503281,598500,54.25,54.0
2021-08-16 14:57:00,1.8,1.8,1.8,1.8,0,44.503281,598500,54.25,54.0
2021-08-16 14:58:00,1.95,1.95,1.95,1.95,10500,47.246329,577500,54.35,54.0
2021-08-16 14:59:00,1.95,1.95,1.95,1.95,0,47.246329,577500,54.35,54.0
2021-08-16 15:00:00,1.95,1.95,1.95,1.95,0,47.246329,577500,54.35,54.0
2021-08-16 15:01:00,1.85,1.85,1.85,1.85,10500,46.006958,588000,54.25,54.0
2021-08-16 15:02:00,1.85,1.85,1.85,1.85,0,46.006958,588000,54.2,54.0
2021-08-16 15:03:00,1.85,1.85,1.85,1.85,0,46.006958,588000,54.25,54.0
2021-08-16 15:04:00,1.85,1.85,1.85,1.85,0,46.006958,588000,54.25,54.0
2021-08-16 15:05:00,1.85,1.85,1.85,1.85,0,46.006958,588000,54.25,54.0
2021-08-16 15:06:00,1.85,1.85,1.85,1.85,0,46.006958,588000,54.25,54.0
2021-08-16 15:07:00,1.85,1.85,1.85,1.85,0,46.006958,588000,54.25,54.0
2021-08-16 15:08:00,1.85,1.85,1.85,1.85,0,46.006958,588000,54.25,54.0
2021-08-16 15:09:00,1.85,1.85,1.85,1.85,0,46.006958,588000,54.25,54.0
2021-08-16 15:10:00,1.85,1.85,1.85,1.85,0,46.006958,588000,54.25,54.0
2021-08-16 15:11:00,1.85,1.85,1.85,1.85,0,46.006958,588000,54.25,54.0
2021-08-16 15:12:00,1.85,1.85,1.85,1.85,0,46.006958,588000,54.25,54.0
2021-08-16 15:13:00,1.85,1.85,1.85,1.85,0,46.006958,588000,54.25,54.0
2021-08-16 15:14:00,1.85,1.85,1.85,1.85,0,46.006958,588000,54.25,54.0
2021-08-16 15:15:00,1.85,1.85,1.85,1.85,0,46.006958,588000,54.25,54.0
2021-08-16 15:16:00,1.85,1.85,1.85,1.85,0,46.006958,588000,54.25,54.0
2021-08-16 15:17:00,1.85,1.85,1.85,1.85,0,46.006958,588000,54.25,54.0
2021-08-16 15:18:00,1.85,1.85,1.85,1.85,0,46.006958,588000,54.25,54.0
2021-08-16 15:19:00,1.85,1.85,1.85,1.85,0,46.006958,588000,54.25,54.0
2021-08-16 15:20:00,1.85,1.85,1.85,1.85,0,46.006958,588000,54.25,54.0
2021-08-16 15:21:00,1.85,1.85,1.85,1.85,0,46.006958,588000,54.25,54.0
2021-08-16 15:22:00,1.75,1.75,1.75,1.75,10500,44.004612,588000,54.2,54.0
2021-08-16 15:23:00,1.75,1.75,1.75,1.75,0,44.004612,588000,54.2,54.0
2021-08-16 15:24:00,1.75,1.75,1.75,1.75,0,44.004612,588000,54.2,54.0
2021-08-16 15:25:00,1.75,1.75,1.75,1.75,0,44.004612,588000,54.2,54.0
2021-08-16 15:26:00,1.75,1.75,1.75,1.75,0,44.004612,588000,54.2,54.0
2021-08-16 15:27:00,1.75,1.75,1.75,1.75,0,44.004612,588000,54.2,54.0
2021-08-16 15:28:00,1.75,1.75,1.75,1.75,0,44.004612,588000,54.2,54.0
2021-08-16 15:29:00,1.75,1.75,1.75,1.75,0,44.004612,588000,54.2,54.0
2021-08-17 09:33:00,2.0,2.05,2.0,2.05,52500,49.797547,588000,54.5,54.0
2021-08-17 09:34:00,2.05,2.05,2.05,2.05,0,49.797547,588000,54.5,54.0
2021-08-17 09:35:00,2.05,2.05,2.05,2.05,0,49.797547,588000,54.5,54.0
2021-08-17 09:36:00,2.05,2.05,2.05,2.05,0,49.797547,588000,54.5,54.0
2021-08-17 09:37:00,2.05,2.05,2.05,2.05,0,49.797547,588000,54.5,54.0
2021-08-17 09:38:00,2.05,2.05,2.05,2.05,0,49.797547,588000,54.5,54.0
2021-08-17 09:39:00,2.05,2.05,2.05,2.05,0,49.797547,588000,54.5,54.0
2021-08-17 09:40:00,2.05,2.05,2.05,2.05,0,49.797547,588000,54.5,54.0
2021-08-17 09:41:00,2.05,2.05,2.05,2.05,0,49.797547,588000,54.45,54.0
2021-08-17 09:42:00,2.05,2.05,2.05,2.05,0,49.797547,588000,54.5,54.0
2021-08-17 09:43:00,2.05,2.05,2.05,2.05,0,49.797547,588000,54.5,54.0
2021-08-17 09:44:00,1.9,1.9,1.9,1.9,10500,49.549787,577500,54.25,54.0
2021-08-17 09:45:00,1.9,1.9,1.9,1.9,0,49.549787,577500,54.25,54.0
2021-08-17 09:46:00,1.9,1.9,1.9,1.9,0,49.549787,577500,54.25,54.0
2021-08-17 09:47:00,1.9,1.9,1.9,1.9,0,49.549787,577500,54.25,54.0
2021-08-17 09:48:00,1.9,1.9,1.9,1.9,0,49.549787,577500,54.25,54.0
2021-08-17 09:49:00,1.75,1.75,1.7,1.7,10500,48.428939,598500,53.95,54.0
2021-08-17 09:50:00,1.7,1.7,1.7,1.7,0,48.428939,598500,53.95,54.0
2021-08-17 09:51:00,1.7,1.7,1.7,1.7,0,48.428939,598500,53.95,54.0
2021-08-17 09:52:00,1.7,1.7,1.7,1.7,0,48.428939,598500,53.95,54.0
2021-08-17 09:53:00,1.7,1.7,1.7,1.7,0,48.428939,598500,53.95,54.0
2021-08-17 09:54:00,1.7,1.7,1.7,1.7,0,48.428939,598500,53.85,54.0
2021-08-17 09:55:00,1.7,1.7,1.7,1.7,0,48.428939,598500,53.95,54.0
2021-08-17 09:56:00,1.7,1.7,1.7,1.7,0,48.428939,598500,53.95,54.0
2021-08-17 09:57:00,1.7,1.7,1.7,1.7,0,48.428939,598500,53.95,54.0
2021-08-17 09:58:00,1.7,1.7,1.7,1.7,0,48.428939,598500,53.95,54.0
2021-08-17 09:59:00,1.5,1.5,1.5,1.5,21000,46.332549,588000,53.7,54.0
2021-08-17 10:00:00,1.5,1.5,1.5,1.5,10500,45.600132,588000,53.75,54.0
2021-08-17 10:01:00,1.5,1.5,1.5,1.5,0,45.600132,588000,53.75,54.0
2021-08-17 10:02:00,1.5,1.5,1.5,1.5,0,45.600132,588000,53.75,54.0
2021-08-17 10:03:00,1.6,1.6,1.6,1.6,10500,45.529242,619500,53.95,54.0
2021-08-17 10:04:00,1.6,1.6,1.6,1.6,31500,45.531103,619500,53.95,54.0
2021-08-17 10:05:00,1.6,1.6,1.6,1.6,10500,44.763426,619500,54.0,54.0
2021-08-17 10:06:00,1.6,1.6,1.6,1.6,0,44.763426,619500,54.0,54.0
2021-08-17 10:07:00,1.6,1.6,1.6,1.6,0,44.763426,619500,54.0,54.0
2021-08-17 10:08:00,1.6,1.6,1.6,1.6,0,44.763426,619500,54.0,54.0
2021-08-17 10:09:00,1.6,1.6,1.6,1.6,0,44.763426,619500,54.0,54.0
2021-08-17 10:10:00,1.6,1.6,1.6,1.6,0,44.763426,619500,53.95,54.0
2021-08-17 10:11:00,1.6,1.6,1.6,1.6,0,44.763426,619500,54.0,54.0
2021-08-17 10:12:00,1.6,1.6,1.6,1.6,0,44.763426,619500,54.0,54.0
2021-08-17 10:13:00,1.6,1.6,1.6,1.6,0,44.763426,619500,54.0,54.0
2021-08-17 10:14:00,1.6,1.6,1.6,1.6,0,44.763426,619500,54.0,54.0
2021-08-17 10:15:00,1.6,1.6,1.6,1.6,0,44.763426,619500,54.0,54.0
2021-08-17 10:16:00,1.6,1.6,1.6,1.6,0,44.763426,619500,54.0,54.0
2021-08-17 10:17:00,1.6,1.6,1.6,1.6,0,44.763426,619500,54.0,54.0
2021-08-17 10:18:00,1.6,1.6,1.6,1.6,0,44.763426,619500,54.0,54.0
2021-08-17 10:19:00,1.6,1.6,1.6,1.6,0,44.763426,619500,53.75,54.0
2021-08-17 10:20:00,1.55,1.55,1.5,1.5,21000,44.148551,651000,53.85,54.0
2021-08-17 10:21:00,1.5,1.5,1.5,1.5,0,44.148551,651000,53.85,54.0
2021-08-17 10:22:00,1.5,1.5,1.5,1.5,0,44.148551,651000,53.85,54.0
2021-08-17 10:23:00,1.5,1.5,1.5,1.5,0,44.148551,651000,53.8,54.0
2021-08-17 10:24:00,1.5,1.5,1.5,1.5,0,44.148551,651000,53.75,54.0
2021-08-17 10:25:00,1.5,1.5,1.5,1.5,0,44.148551,651000,53.85,54.0
2021-08-17 10:26:00,1.5,1.5,1.5,1.5,0,44.148551,651000,53.85,54.0
2021-08-17 10:27:00,1.5,1.5,1.5,1.5,0,44.148551,651000,53.75,54.0
2021-08-17 10:28:00,1.5,1.5,1.5,1.5,0,44.148551,651000,53.85,54.0
2021-08-17 10:29:00,1.5,1.5,1.5,1.5,0,44.148551,651000,53.85,54.0
2021-08-17 10:30:00,1.5,1.5,1.5,1.5,0,44.148551,651000,53.85,54.0
2021-08-17 10:31:00,1.5,1.5,1.5,1.5,0,44.148551,651000,53.85,54.0
2021-08-17 10:32:00,1.5,1.5,1.5,1.5,0,44.148551,651000,53.85,54.0
2021-08-17 10:33:00,1.5,1.5,1.5,1.5,0,44.148551,651000,53.85,54.0
2021-08-17 10:34:00,1.5,1.5,1.5,1.5,0,44.148551,651000,53.8,54.0
2021-08-17 10:35:00,1.5,1.5,1.5,1.5,0,44.148551,651000,53.85,54.0
2021-08-17 10:36:00,1.5,1.5,1.5,1.5,0,44.148551,651000,53.85,54.0
2021-08-17 10:37:00,1.5,1.5,1.5,1.5,0,44.148551,651000,53.85,54.0
2021-08-17 10:38:00,1.5,1.5,1.5,1.5,0,44.148551,651000,53.85,54.0
2021-08-17 10:39:00,1.5,1.5,1.5,1.5,0,44.148551,651000,53.85,54.0
2021-08-17 10:40:00,1.5,1.5,1.5,1.5,0,44.148551,651000,53.85,54.0
2021-08-17 10:41:00,1.5,1.5,1.5,1.5,0,44.148551,651000,53.85,54.0
2021-08-17 10:42:00,1.5,1.5,1.5,1.5,0,44.148551,651000,53.85,54.0
2021-08-17 10:43:00,1.5,1.5,1.5,1.5,0,44.148551,651000,53.85,54.0
2021-08-17 10:44:00,1.5,1.5,1.5,1.5,0,44.148551,651000,53.85,54.0
2021-08-17 10:45:00,1.5,1.5,1.5,1.5,0,44.148551,651000,53.85,54.0
2021-08-17 10:46:00,1.5,1.5,1.5,1.5,0,44.148551,651000,53.85,54.0
2021-08-17 10:47:00,1.5,1.5,1.5,1.5,0,44.148551,651000,53.85,54.0
2021-08-17 10:48:00,1.5,1.5,1.5,1.5,0,44.148551,651000,53.85,54.0
2021-08-17 10:49:00,1.5,1.5,1.5,1.5,0,44.148551,651000,53.85,54.0
2021-08-17 10:50:00,1.5,1.5,1.5,1.5,0,44.148551,651000,53.85,54.0
2021-08-17 10:51:00,1.5,1.5,1.5,1.5,0,44.148551,651000,53.9,54.0
2021-08-17 10:52:00,1.5,1.5,1.5,1.5,0,44.148551,651000,53.95,54.0
2021-08-17 10:53:00,1.5,1.5,1.5,1.5,0,44.148551,651000,53.9,54.0
2021-08-17 10:54:00,1.5,1.5,1.5,1.5,0,44.148551,651000,53.85,54.0
2021-08-17 10:55:00,1.5,1.5,1.5,1.5,0,44.148551,651000,53.85,54.0
2021-08-17 10:56:00,1.5,1.5,1.5,1.5,0,44.148551,651000,53.85,54.0
2021-08-17 10:57:00,1.5,1.5,1.5,1.5,0,44.148551,651000,53.85,54.0
2021-08-17 10:58:00,1.5,1.5,1.5,1.5,0,44.148551,651000,53.85,54.0
2021-08-17 10:59:00,1.5,1.5,1.5,1.5,0,44.148551,651000,53.85,54.0
2021-08-17 11:00:00,1.5,1.5,1.5,1.5,0,44.148551,651000,53.85,54.0
2021-08-17 11:01:00,1.5,1.5,1.5,1.5,0,44.148551,651000,53.85,54.0
2021-08-17 11:02:00,1.5,1.5,1.5,1.5,0,44.148551,651000,53.85,54.0
2021-08-17 11:03:00,1.5,1.5,1.5,1.5,0,44.148551,651000,53.85,54.0
2021-08-17 11:04:00,1.5,1.5,1.5,1.5,0,44.148551,651000,53.85,54.0
2021-08-17 11:05:00,1.5,1.5,1.5,1.5,0,44.148551,651000,53.75,54.0
2021-08-17 11:06:00,1.5,1.5,1.5,1.5,0,44.148551,651000,53.75,54.0
2021-08-17 11:07:00,1.5,1.5,1.5,1.5,0,44.148551,651000,53.75,54.0
2021-08-17 11:08:00,1.5,1.5,1.5,1.5,0,44.148551,651000,53.85,54.0
2021-08-17 11:09:00,1.5,1.5,1.5,1.5,0,44.148551,651000,53.85,54.0
2021-08-17 11:10:00,1.5,1.5,1.5,1.5,0,44.148551,651000,53.85,54.0
2021-08-17 11:11:00,1.5,1.5,1.5,1.5,0,44.148551,651000,53.85,54.0
2021-08-17 11:12:00,1.5,1.5,1.5,1.5,31500,45.734442,672000,53.75,54.0
2021-08-17 11:13:00,1.5,1.5,1.5,1.5,0,45.734442,672000,53.7,54.0
2021-08-17 11:14:00,1.5,1.5,1.5,1.5,0,45.734442,672000,53.75,54.0
2021-08-17 11:15:00,1.5,1.5,1.5,1.5,0,45.734442,672000,53.75,54.0
2021-08-17 11:16:00,1.5,1.5,1.5,1.5,0,45.734442,672000,53.75,54.0
2021-08-17 11:17:00,1.5,1.5,1.5,1.5,0,45.734442,672000,53.75,54.0
2021-08-17 11:18:00,1.5,1.5,1.5,1.5,0,45.734442,672000,53.75,54.0
2021-08-17 11:19:00,1.5,1.5,1.5,1.5,0,45.734442,672000,53.75,54.0
2021-08-17 11:20:00,1.5,1.5,1.5,1.5,0,45.734442,672000,53.75,54.0
2021-08-17 11:21:00,1.5,1.5,1.5,1.5,0,45.734442,672000,53.75,54.0
2021-08-17 11:22:00,1.4,1.4,1.4,1.4,10500,44.993504,693000,53.6,54.0
2021-08-17 11:23:00,1.4,1.4,1.4,1.4,0,44.993504,693000,53.6,54.0
2021-08-17 11:24:00,1.4,1.4,1.4,1.4,0,44.993504,693000,53.6,54.0
2021-08-17 11:25:00,1.4,1.4,1.4,1.4,0,44.993504,693000,53.6,54.0
2021-08-17 11:26:00,1.4,1.4,1.4,1.4,0,44.993504,693000,53.6,54.0
2021-08-17 11:27:00,1.4,1.4,1.4,1.4,0,44.993504,693000,53.6,54.0
2021-08-17 11:28:00,1.4,1.4,1.4,1.4,0,44.993504,693000,53.6,54.0
2021-08-17 11:29:00,1.4,1.4,1.4,1.4,0,44.993504,693000,53.6,54.0
2021-08-17 11:30:00,1.4,1.4,1.4,1.4,0,44.993504,693000,53.6,54.0
2021-08-17 11:31:00,1.4,1.4,1.4,1.4,0,44.993504,693000,53.6,54.0
2021-08-17 11:32:00,1.4,1.4,1.4,1.4,0,44.993504,693000,53.6,54.0
2021-08-17 11:33:00,1.4,1.4,1.4,1.4,0,44.993504,693000,53.6,54.0
2021-08-17 11:34:00,1.4,1.4,1.4,1.4,0,44.993504,693000,53.6,54.0
2021-08-17 11:35:00,1.4,1.4,1.4,1.4,0,44.993504,693000,53.65,54.0
2021-08-17 11:36:00,1.4,1.4,1.4,1.4,0,44.993504,693000,53.6,54.0
2021-08-17 11:37:00,1.4,1.4,1.4,1.4,0,44.993504,693000,53.6,54.0
2021-08-17 11:38:00,1.4,1.4,1.4,1.4,0,44.993504,693000,53.6,54.0
2021-08-17 11:39:00,1.4,1.4,1.4,1.4,0,44.993504,693000,53.6,54.0
2021-08-17 11:40:00,1.8,1.8,1.7,1.7,31500,43.084046,199500,53.35,53.0
2021-08-17 11:41:00,1.7,1.7,1.65,1.65,21000,41.581461,199500,53.35,53.0
2021-08-17 11:42:00,1.65,1.65,1.65,1.65,0,41.581461,199500,53.35,53.0
2021-08-17 11:43:00,1.65,1.65,1.65,1.65,0,41.581461,199500,53.35,53.0
2021-08-17 11:44:00,1.65,1.65,1.65,1.65,0,41.581461,199500,53.25,53.0
2021-08-17 11:45:00,1.65,1.65,1.6,1.6,10500,42.605642,220500,53.2,53.0
2021-08-17 11:46:00,1.6,1.6,1.6,1.6,0,42.605642,220500,53.2,53.0
2021-08-17 11:47:00,1.6,1.6,1.6,1.6,0,42.605642,220500,53.2,53.0
2021-08-17 11:48:00,1.6,1.6,1.6,1.6,0,42.605642,220500,53.05,53.0
2021-08-17 11:49:00,1.6,1.6,1.6,1.6,0,42.605642,220500,53.15,53.0
2021-08-17 11:50:00,1.6,1.6,1.6,1.6,0,42.605642,220500,53.25,53.0
2021-08-17 11:51:00,1.6,1.6,1.6,1.6,0,42.605642,220500,53.2,53.0
2021-08-17 11:52:00,1.6,1.6,1.6,1.6,0,42.605642,220500,53.2,53.0
2021-08-17 11:53:00,1.6,1.6,1.6,1.6,0,42.605642,220500,53.2,53.0
2021-08-17 11:54:00,1.6,1.6,1.6,1.6,0,42.605642,220500,53.2,53.0
2021-08-17 11:55:00,1.6,1.6,1.6,1.6,0,42.605642,220500,53.2,53.0
2021-08-17 11:56:00,1.6,1.6,1.6,1.6,0,42.605642,220500,53.2,53.0
2021-08-17 11:57:00,1.6,1.6,1.6,1.6,0,42.605642,220500,53.2,53.0
2021-08-17 11:58:00,1.6,1.6,1.6,1.6,0,42.605642,220500,53.2,53.0
2021-08-17 11:59:00,1.6,1.6,1.55,1.55,21000,41.952335,231000,53.15,53.0
2021-08-17 12:00:00,1.55,1.55,1.55,1.55,0,41.952335,231000,53.0,53.0
2021-08-17 12:01:00,1.55,1.55,1.55,1.55,10500,42.768552,262500,53.1,53.0
2021-08-17 12:02:00,1.55,1.55,1.55,1.55,0,42.768552,262500,53.05,53.0
2021-08-17 12:03:00,1.55,1.55,1.55,1.55,0,42.768552,262500,53.1,53.0
2021-08-17 12:04:00,1.55,1.55,1.55,1.55,0,42.768552,262500,53.1,53.0
2021-08-17 12:05:00,1.55,1.55,1.55,1.55,0,42.768552,262500,53.1,53.0
2021-08-17 12:06:00,1.55,1.55,1.55,1.55,0,42.768552,262500,53.1,53.0
2021-08-17 12:07:00,1.55,1.55,1.55,1.55,0,42.768552,262500,53.1,53.0
2021-08-17 12:08:00,1.55,1.55,1.55,1.55,0,42.768552,262500,53.1,53.0
2021-08-17 12:09:00,1.55,1.55,1.55,1.55,0,42.768552,262500,53.1,53.0
2021-08-17 12:10:00,1.55,1.55,1.55,1.55,0,42.768552,262500,53.1,53.0
2021-08-17 12:11:00,1.55,1.55,1.55,1.55,0,42.768552,262500,53.0,53.0
2021-08-17 12:12:00,1.55,1.55,1.55,1.55,0,42.768552,262500,53.05,53.0
2021-08-17 12:13:00,1.55,1.55,1.55,1.55,0,42.768552,262500,53.05,53.0
2021-08-17 12:14:00,1.55,1.55,1.55,1.55,0,42.768552,262500,53.1,53.0
2021-08-17 12:15:00,1.55,1.55,1.55,1.55,0,42.768552,262500,53.1,53.0
2021-08-17 12:16:00,1.55,1.55,1.55,1.55,0,42.768552,262500,53.1,53.0
2021-08-17 12:17:00,1.55,1.55,1.55,1.55,0,42.768552,262500,53.1,53.0
2021-08-17 12:18:00,1.55,1.55,1.55,1.55,0,42.768552,262500,53.1,53.0
2021-08-17 12:19:00,1.55,1.55,1.55,1.55,0,42.768552,262500,53.1,53.0
2021-08-17 12:20:00,1.55,1.55,1.55,1.55,0,42.768552,262500,53.1,53.0
2021-08-17 12:21:00,1.55,1.55,1.55,1.55,0,42.768552,262500,53.1,53.0
2021-08-17 12:22:00,1.55,1.55,1.55,1.55,0,42.768552,262500,53.1,53.0
2021-08-17 12:23:00,1.55,1.55,1.55,1.55,0,42.768552,262500,53.1,53.0
2021-08-17 12:24:00,1.4,1.45,1.4,1.45,10500,40.615348,304500,53.05,53.0
2021-08-17 12:25:00,1.45,1.45,1.45,1.45,10500,40.617046,304500,53.05,53.0
2021-08-17 12:26:00,1.45,1.45,1.45,1.45,0,40.617046,304500,53.05,53.0
2021-08-17 12:27:00,1.45,1.45,1.45,1.45,0,40.617046,304500,53.05,53.0
2021-08-17 12:28:00,1.45,1.45,1.45,1.45,0,40.617046,304500,53.05,53.0
2021-08-17 12:29:00,1.45,1.45,1.45,1.45,0,40.617046,304500,53.05,53.0
2021-08-17 12:30:00,1.4,1.4,1.4,1.4,10500,39.125801,315000,53.05,53.0
2021-08-17 12:31:00,1.4,1.4,1.4,1.4,0,39.125801,315000,53.05,53.0
2021-08-17 12:32:00,1.4,1.4,1.4,1.4,0,39.125801,315000,53.05,53.0
2021-08-17 12:33:00,1.4,1.4,1.4,1.4,0,39.125801,315000,53.05,53.0
2021-08-17 12:34:00,1.4,1.4,1.4,1.4,0,39.125801,315000,53.05,53.0
2021-08-17 12:35:00,1.4,1.4,1.4,1.4,0,39.125801,315000,53.05,53.0
2021-08-17 12:36:00,1.4,1.4,1.4,1.4,0,39.125801,315000,53.05,53.0
2021-08-17 12:37:00,1.4,1.4,1.4,1.4,42000,41.501728,346500,52.9,53.0
2021-08-17 12:38:00,1.4,1.4,1.4,1.4,0,41.501728,346500,52.9,53.0
2021-08-17 12:39:00,1.4,1.4,1.4,1.4,0,41.501728,346500,52.9,53.0
2021-08-17 12:40:00,1.4,1.4,1.4,1.4,0,41.501728,346500,52.9,53.0
2021-08-17 12:41:00,1.4,1.4,1.4,1.4,0,41.501728,346500,52.9,53.0
2021-08-17 12:42:00,1.4,1.4,1.4,1.4,0,41.501728,346500,52.85,53.0
2021-08-17 12:43:00,1.4,1.4,1.4,1.4,0,41.501728,346500,52.9,53.0
2021-08-17 12:44:00,1.4,1.4,1.4,1.4,0,41.501728,346500,52.9,53.0
2021-08-17 12:45:00,1.4,1.4,1.4,1.4,0,41.501728,346500,52.9,53.0
2021-08-17 12:46:00,1.4,1.4,1.4,1.4,0,41.501728,346500,52.9,53.0
2021-08-17 12:47:00,1.4,1.4,1.4,1.4,0,41.501728,346500,52.9,53.0
2021-08-17 12:48:00,1.4,1.4,1.4,1.4,0,41.501728,346500,52.9,53.0
2021-08-17 12:49:00,1.4,1.4,1.4,1.4,0,41.501728,346500,52.9,53.0
2021-08-17 12:50:00,1.4,1.4,1.4,1.4,0,41.501728,346500,52.9,53.0
2021-08-17 12:51:00,1.4,1.4,1.4,1.4,0,41.501728,346500,52.9,53.0
2021-08-17 12:52:00,1.45,1.45,1.45,1.45,10500,43.028704,441000,52.9,53.0
2021-08-17 12:53:00,1.45,1.45,1.45,1.45,0,43.028704,441000,52.95,53.0
2021-08-17 12:54:00,1.45,1.45,1.45,1.45,0,43.028704,441000,52.9,53.0
2021-08-17 12:55:00,1.45,1.45,1.45,1.45,0,43.028704,441000,52.9,53.0
2021-08-17 12:56:00,1.45,1.45,1.45,1.45,0,43.028704,441000,52.9,53.0
2021-08-17 12:57:00,1.45,1.45,1.45,1.45,0,43.028704,441000,52.9,53.0
2021-08-17 12:58:00,1.45,1.45,1.45,1.45,0,43.028704,441000,52.9,53.0
2021-08-17 12:59:00,1.45,1.45,1.45,1.45,0,43.028704,441000,52.9,53.0
2021-08-17 13:00:00,1.45,1.45,1.45,1.45,0,43.028704,441000,52.9,53.0
2021-08-17 13:01:00,1.45,1.45,1.45,1.45,0,43.028704,441000,52.9,53.0
2021-08-17 13:02:00,1.45,1.45,1.45,1.45,0,43.028704,441000,52.9,53.0
2021-08-17 13:03:00,1.45,1.45,1.45,1.45,0,43.028704,441000,52.9,53.0
2021-08-17 13:04:00,1.45,1.45,1.45,1.45,0,43.028704,441000,52.9,53.0
2021-08-17 13:05:00,1.45,1.45,1.45,1.45,0,43.028704,441000,52.9,53.0
2021-08-17 13:06:00,1.45,1.45,1.45,1.45,0,43.028704,441000,52.9,53.0
2021-08-17 13:07:00,1.25,1.45,1.25,1.45,73500,41.486113,535500,53.0,53.0
2021-08-17 13:08:00,1.45,1.45,1.45,1.45,0,41.486113,535500,53.0,53.0
2021-08-17 13:09:00,1.45,1.45,1.45,1.45,21000,41.489582,535500,53.0,53.0
2021-08-17 13:10:00,1.45,1.45,1.45,1.45,10500,40.693663,535500,53.05,53.0
2021-08-17 13:11:00,1.45,1.45,1.45,1.45,0,40.693663,535500,53.05,53.0
2021-08-17 13:12:00,1.45,1.45,1.45,1.45,0,40.693663,535500,53.05,53.0
2021-08-17 13:13:00,1.45,1.45,1.45,1.45,0,40.693663,535500,53.05,53.0
2021-08-17 13:14:00,1.45,1.45,1.45,1.45,0,40.693663,535500,53.05,53.0
2021-08-17 13:15:00,1.45,1.45,1.45,1.45,0,40.693663,535500,53.0,53.0
2021-08-17 13:16:00,1.45,1.45,1.45,1.45,0,40.693663,535500,53.05,53.0
2021-08-17 13:17:00,1.45,1.45,1.45,1.45,0,40.693663,535500,53.0,53.0
2021-08-17 13:18:00,1.3,1.45,1.3,1.45,10500,40.707324,567000,53.05,53.0
2021-08-17 13:19:00,1.45,1.45,1.45,1.45,0,40.707324,567000,53.05,53.0
2021-08-17 13:20:00,1.45,1.45,1.45,1.45,0,40.707324,567000,53.05,53.0
2021-08-17 13:21:00,1.45,1.45,1.45,1.45,0,40.707324,567000,53.05,53.0
2021-08-17 13:22:00,1.45,1.45,1.45,1.45,0,40.707324,567000,53.05,53.0
2021-08-17 13:23:00,1.45,1.45,1.45,1.45,0,40.707324,567000,53.05,53.0
2021-08-17 13:24:00,1.45,1.45,1.45,1.45,0,40.707324,567000,53.05,53.0
2021-08-17 13:25:00,1.45,1.45,1.45,1.45,0,40.707324,567000,53.05,53.0
2021-08-17 13:26:00,1.45,1.45,1.45,1.45,0,40.707324,567000,53.0,53.0
2021-08-17 13:27:00,1.45,1.45,1.45,1.45,0,40.707324,567000,53.05,53.0
2021-08-17 13:28:00,1.45,1.45,1.45,1.45,0,40.707324,567000,53.05,53.0
2021-08-17 13:29:00,1.45,1.45,1.45,1.45,0,40.707324,567000,53.0,53.0
2021-08-17 13:30:00,1.45,1.45,1.45,1.45,0,40.707324,567000,53.05,53.0
2021-08-17 13:31:00,1.45,1.45,1.45,1.45,0,40.707324,567000,53.05,53.0
2021-08-17 13:32:00,1.45,1.45,1.45,1.45,0,40.707324,567000,53.05,53.0
2021-08-17 13:33:00,1.45,1.45,1.45,1.45,0,40.707324,567000,53.05,53.0
2021-08-17 13:34:00,1.45,1.45,1.45,1.45,0,40.707324,567000,53.05,53.0
2021-08-17 13:35:00,1.45,1.45,1.45,1.45,0,40.707324,567000,53.05,53.0
2021-08-17 13:36:00,1.45,1.45,1.45,1.45,0,40.707324,567000,53.05,53.0
2021-08-17 13:37:00,1.45,1.45,1.45,1.45,0,40.707324,567000,53.1,53.0
2021-08-17 13:38:00,1.5,1.5,1.5,1.5,10500,41.437968,609000,53.1,53.0
2021-08-17 13:39:00,1.5,1.5,1.5,1.5,0,41.437968,609000,53.1,53.0
2021-08-17 13:40:00,1.5,1.5,1.5,1.5,0,41.437968,609000,53.1,53.0
2021-08-17 13:41:00,1.5,1.5,1.5,1.5,10500,42.250345,619500,53.05,53.0
2021-08-17 13:42:00,1.5,1.5,1.5,1.5,0,42.250345,619500,53.05,53.0
2021-08-17 13:43:00,1.5,1.5,1.5,1.5,0,42.250345,619500,53.05,53.0
2021-08-17 13:44:00,1.5,1.5,1.5,1.5,0,42.250345,619500,53.1,53.0
2021-08-17 13:45:00,1.5,1.5,1.5,1.5,0,42.250345,619500,53.05,53.0
2021-08-17 13:46:00,1.5,1.5,1.5,1.5,0,42.250345,619500,53.05,53.0
2021-08-17 13:47:00,1.5,1.5,1.5,1.5,105000,41.453639,609000,53.1,53.0
2021-08-17 13:48:00,1.5,1.5,1.5,1.5,0,41.453639,609000,53.05,53.0
2021-08-17 13:49:00,1.5,1.5,1.5,1.5,0,41.453639,609000,53.1,53.0
2021-08-17 13:50:00,1.5,1.5,1.5,1.5,0,41.453639,609000,53.1,53.0
2021-08-17 13:51:00,1.5,1.5,1.5,1.5,0,41.453639,609000,53.1,53.0
2021-08-17 13:52:00,1.5,1.5,1.5,1.5,0,41.453639,609000,53.1,53.0
2021-08-17 13:53:00,1.5,1.5,1.5,1.5,0,41.453639,609000,53.1,53.0
2021-08-17 13:54:00,1.5,1.5,1.5,1.5,0,41.453639,609000,53.1,53.0
2021-08-17 13:55:00,1.5,1.5,1.5,1.5,0,41.453639,609000,53.1,53.0
2021-08-17 13:56:00,1.5,1.5,1.5,1.5,0,41.453639,609000,53.1,53.0
2021-08-17 13:57:00,1.5,1.5,1.5,1.5,0,41.453639,609000,53.1,53.0
2021-08-17 13:58:00,1.5,1.5,1.5,1.5,0,41.453639,609000,53.1,53.0
2021-08-17 13:59:00,1.5,1.5,1.5,1.5,0,41.453639,609000,53.1,53.0
2021-08-17 14:00:00,1.5,1.5,1.5,1.5,0,41.453639,609000,53.1,53.0
2021-08-17 14:01:00,1.5,1.5,1.5,1.5,0,41.453639,609000,53.0,53.0
2021-08-17 14:02:00,1.5,1.5,1.45,1.45,31500,42.372206,693000,52.95,53.0
2021-08-17 14:03:00,1.45,1.45,1.4,1.4,10500,41.651058,693000,52.9,53.0
2021-08-17 14:04:00,1.4,1.4,1.4,1.4,0,41.651058,693000,52.9,53.0
2021-08-17 14:05:00,1.4,1.4,1.4,1.4,0,41.651058,693000,52.9,53.0
2021-08-17 14:06:00,1.4,1.4,1.4,1.4,0,41.651058,693000,52.95,53.0
2021-08-17 14:07:00,1.4,1.4,1.4,1.4,0,41.651058,693000,52.9,53.0
2021-08-17 14:08:00,1.4,1.4,1.4,1.4,0,41.651058,693000,52.9,53.0
2021-08-17 14:09:00,1.4,1.4,1.4,1.4,0,41.651058,693000,52.9,53.0
2021-08-17 14:10:00,1.4,1.4,1.4,1.4,0,41.651058,693000,52.9,53.0
2021-08-17 14:11:00,1.4,1.4,1.4,1.4,0,41.651058,693000,52.9,53.0
2021-08-17 14:12:00,1.4,1.4,1.4,1.4,0,41.651058,693000,52.9,53.0
2021-08-17 14:13:00,1.4,1.4,1.4,1.4,0,41.651058,693000,52.9,53.0
2021-08-17 14:14:00,1.4,1.4,1.4,1.4,0,41.651058,693000,52.9,53.0
2021-08-17 14:15:00,1.4,1.4,1.4,1.4,0,41.651058,693000,53.05,53.0
2021-08-17 14:16:00,1.4,1.4,1.4,1.4,0,41.651058,693000,52.9,53.0
2021-08-17 14:17:00,1.4,1.4,1.4,1.4,0,41.651058,693000,52.9,53.0
2021-08-17 14:18:00,1.4,1.4,1.3,1.3,42000,37.883962,745500,52.95,53.0
2021-08-17 14:19:00,1.3,1.3,1.3,1.3,0,37.883962,745500,52.95,53.0
2021-08-17 14:20:00,1.3,1.3,1.3,1.3,0,37.883962,745500,52.95,53.0
2021-08-17 14:21:00,1.35,1.35,1.35,1.35,10500,40.949908,766500,52.85,53.0
2021-08-17 14:22:00,1.35,1.35,1.35,1.35,0,40.949908,766500,52.9,53.0
2021-08-17 14:23:00,1.35,1.35,1.35,1.35,0,40.949908,766500,52.85,53.0
2021-08-17 14:24:00,1.35,1.35,1.35,1.35,0,40.949908,766500,52.85,53.0
2021-08-17 14:25:00,1.35,1.35,1.35,1.35,0,40.949908,766500,52.85,53.0
2021-08-17 14:26:00,1.35,1.35,1.35,1.35,0,40.949908,766500,52.85,53.0
2021-08-17 14:27:00,1.35,1.35,1.35,1.35,0,40.949908,766500,52.95,53.0
2021-08-17 14:28:00,1.35,1.35,1.35,1.35,10500,40.188252,798000,52.9,53.0
2021-08-17 14:29:00,1.35,1.35,1.35,1.35,0,40.188252,798000,52.9,53.0
2021-08-17 14:30:00,1.35,1.35,1.35,1.35,0,40.188252,798000,52.9,53.0
2021-08-17 14:31:00,1.35,1.35,1.35,1.35,0,40.188252,798000,52.9,53.0
2021-08-17 14:32:00,1.35,1.35,1.35,1.35,0,40.188252,798000,52.9,53.0
2021-08-17 14:33:00,1.35,1.35,1.35,1.35,0,40.188252,798000,52.9,53.0
2021-08-17 14:34:00,1.35,1.35,1.35,1.35,10500,40.198407,808500,52.9,53.0
2021-08-17 14:35:00,1.35,1.35,1.35,1.35,0,40.198407,808500,52.9,53.0
2021-08-17 14:36:00,1.35,1.35,1.35,1.35,0,40.198407,808500,52.9,53.0
2021-08-17 14:37:00,1.35,1.35,1.35,1.35,0,40.198407,808500,52.9,53.0
2021-08-17 14:38:00,1.35,1.35,1.35,1.35,0,40.198407,808500,52.9,53.0
2021-08-17 14:39:00,1.3,1.35,1.3,1.35,42000,42.505437,829500,52.75,53.0
2021-08-17 14:40:00,1.35,1.35,1.35,1.35,0,42.505437,829500,52.75,53.0
2021-08-17 14:41:00,1.35,1.35,1.35,1.35,0,42.505437,829500,52.75,53.0
2021-08-17 14:42:00,1.35,1.35,1.35,1.35,0,42.505437,829500,52.75,53.0
2021-08-17 14:43:00,1.35,1.35,1.35,1.35,0,42.505437,829500,52.75,53.0
2021-08-17 14:44:00,1.35,1.35,1.35,1.35,0,42.505437,829500,52.75,53.0
2021-08-17 14:45:00,1.35,1.35,1.35,1.35,0,42.505437,829500,52.75,53.0
2021-08-17 14:46:00,1.35,1.35,1.35,1.35,0,42.505437,829500,52.75,53.0
2021-08-17 14:47:00,1.35,1.35,1.35,1.35,0,42.505437,829500,52.75,53.0
2021-08-17 14:48:00,1.35,1.35,1.35,1.35,0,42.505437,829500,52.75,53.0
2021-08-17 14:49:00,1.35,1.35,1.35,1.35,0,42.505437,829500,52.75,53.0
2021-08-17 14:50:00,1.35,1.35,1.35,1.35,0,42.505437,829500,52.75,53.0
2021-08-17 14:51:00,1.35,1.35,1.35,1.35,0,42.505437,829500,52.75,53.0
2021-08-17 14:52:00,1.35,1.35,1.35,1.35,0,42.505437,829500,52.75,53.0
2021-08-17 14:53:00,1.35,1.35,1.35,1.35,0,42.505437,829500,52.75,53.0
2021-08-17 14:54:00,1.35,1.35,1.35,1.35,0,42.505437,829500,52.75,53.0
2021-08-17 14:55:00,1.3,1.35,1.3,1.35,10500,43.285757,882000,52.7,53.0
2021-08-17 14:56:00,1.35,1.35,1.35,1.35,0,43.285757,882000,52.8,53.0
2021-08-17 14:57:00,1.35,1.35,1.35,1.35,0,43.285757,882000,52.7,53.0
2021-08-17 14:58:00,1.35,1.35,1.35,1.35,0,43.285757,882000,52.7,53.0
2021-08-17 14:59:00,1.35,1.35,1.35,1.35,0,43.285757,882000,52.8,53.0
2021-08-17 15:00:00,1.3,1.35,1.3,1.35,10500,40.242491,882000,52.9,53.0
2021-08-17 15:01:00,1.35,1.4,1.35,1.4,10500,41.75258,871500,52.9,53.0
2021-08-17 15:02:00,1.4,1.4,1.4,1.4,10500,42.529681,871500,52.85,53.0
2021-08-17 15:03:00,1.4,1.4,1.4,1.4,10500,42.531465,871500,52.85,53.0
2021-08-17 15:04:00,1.4,1.4,1.4,1.4,0,42.531465,871500,52.9,53.0
2021-08-17 15:05:00,1.4,1.4,1.4,1.4,0,42.531465,871500,52.85,53.0
2021-08-17 15:06:00,1.4,1.4,1.4,1.4,0,42.531465,871500,52.85,53.0
2021-08-17 15:07:00,1.4,1.4,1.4,1.4,0,42.531465,871500,52.85,53.0
2021-08-17 15:08:00,1.4,1.4,1.4,1.4,0,42.531465,871500,52.85,53.0
2021-08-17 15:09:00,1.4,1.4,1.4,1.4,0,42.531465,871500,52.8,53.0
2021-08-17 15:10:00,1.4,1.4,1.4,1.4,10500,42.543962,882000,52.85,53.0
2021-08-17 15:11:00,1.4,1.4,1.4,1.4,0,42.543962,882000,52.85,53.0
2021-08-17 15:12:00,1.4,1.4,1.4,1.4,0,42.543962,882000,52.85,53.0
2021-08-17 15:13:00,1.4,1.4,1.4,1.4,31500,42.549321,892500,52.85,53.0
2021-08-17 15:14:00,1.4,1.4,1.4,1.4,0,42.549321,892500,52.85,53.0
2021-08-17 15:15:00,1.4,1.4,1.4,1.4,10500,41.777184,892500,52.9,53.0
2021-08-17 15:16:00,1.4,1.4,1.4,1.4,0,41.777184,892500,52.9,53.0
2021-08-17 15:17:00,1.4,1.4,1.4,1.4,0,41.777184,892500,52.9,53.0
2021-08-17 15:18:00,1.4,1.4,1.4,1.4,0,41.777184,892500,52.9,53.0
2021-08-17 15:19:00,1.4,1.4,1.4,1.4,0,41.777184,892500,52.9,53.0
2021-08-17 15:20:00,1.4,1.4,1.4,1.4,0,41.777184,892500,52.9,53.0
2021-08-17 15:21:00,1.4,1.4,1.4,1.4,0,41.777184,892500,52.9,53.0
2021-08-17 15:22:00,1.4,1.4,1.4,1.4,0,41.777184,892500,52.9,53.0
2021-08-17 15:23:00,1.4,1.4,1.4,1.4,0,41.777184,892500,52.9,53.0
2021-08-17 15:24:00,1.4,1.4,1.4,1.4,0,41.777184,892500,52.9,53.0
2021-08-17 15:25:00,1.4,1.4,1.4,1.4,0,41.777184,892500,52.9,53.0
2021-08-17 15:26:00,1.4,1.4,1.4,1.4,0,41.777184,892500,52.9,53.0
2021-08-17 15:27:00,1.4,1.4,1.4,1.4,0,41.777184,892500,52.9,53.0
2021-08-17 15:28:00,1.4,1.4,1.4,1.4,0,41.777184,892500,52.9,53.0
2021-08-17 15:29:00,1.4,1.4,1.4,1.4,0,41.777184,892500,52.9,53.0
2021-08-18 09:15:00,1.35,1.35,1.35,1.35,21000,44.622292,903000,52.75,53.0
2021-08-18 09:16:00,1.35,1.35,1.35,1.35,0,44.622292,903000,52.75,53.0
2021-08-18 09:17:00,1.35,1.35,1.35,1.35,0,44.622292,903000,52.75,53.0
2021-08-18 09:18:00,1.35,1.35,1.35,1.35,0,44.622292,903000,52.75,53.0
2021-08-18 09:19:00,1.35,1.35,1.35,1.35,0,44.622292,903000,52.75,53.0
2021-08-18 09:20:00,1.35,1.35,1.35,1.35,0,44.622292,903000,52.75,53.0
2021-08-18 09:21:00,1.35,1.35,1.35,1.35,0,44.622292,903000,52.75,53.0
2021-08-18 09:22:00,1.35,1.35,1.35,1.35,0,44.622292,903000,52.75,53.0
2021-08-18 09:23:00,1.35,1.35,1.35,1.35,0,44.622292,903000,52.75,53.0
2021-08-18 09:24:00,1.35,1.35,1.35,1.35,0,44.622292,903000,52.75,53.0
2021-08-18 09:25:00,1.35,1.35,1.35,1.35,0,44.622292,903000,52.75,53.0
2021-08-18 09:26:00,1.35,1.35,1.35,1.35,0,44.622292,903000,52.75,53.0
2021-08-18 09:27:00,1.35,1.35,1.35,1.35,0,44.622292,903000,52.75,53.0
2021-08-18 09:28:00,1.35,1.35,1.35,1.35,0,44.622292,903000,52.75,53.0
2021-08-18 09:29:00,1.35,1.35,1.35,1.35,0,44.622292,903000,52.75,53.0
2021-08-18 09:30:00,1.35,1.35,1.35,1.35,0,44.622292,903000,52.75,53.0
2021-08-18 09:31:00,1.35,1.35,1.35,1.35,0,44.622292,903000,52.75,53.0
2021-08-18 09:32:00,1.35,1.35,1.35,1.35,0,44.622292,903000,52.75,53.0
2021-08-18 09:33:00,1.35,1.35,1.35,1.35,0,44.622292,903000,52.75,53.0
2021-08-18 09:34:00,1.35,1.35,1.35,1.35,0,44.622292,903000,52.45,52.0
2021-08-18 09:35:00,1.35,1.35,1.35,1.35,0,44.622292,903000,52.35,52.0
2021-08-18 09:36:00,1.35,1.35,1.35,1.35,0,44.622292,903000,52.75,53.0
2021-08-18 09:37:00,1.35,1.35,1.35,1.35,0,44.622292,903000,52.75,53.0
2021-08-18 09:38:00,1.6,1.6,1.55,1.55,10500,44.413436,52500,52.2,52.0
2021-08-18 09:39:00,1.55,1.55,1.45,1.45,21000,42.948632,52500,52.1,52.0
2021-08-18 09:40:00,1.45,1.45,1.45,1.45,0,42.948632,52500,52.1,52.0
2021-08-18 09:41:00,1.45,1.45,1.45,1.45,0,42.948632,52500,52.1,52.0
2021-08-18 09:42:00,1.45,1.45,1.45,1.45,0,42.948632,52500,52.1,52.0
2021-08-18 09:43:00,1.45,1.45,1.45,1.45,0,42.948632,52500,52.1,52.0
2021-08-18 09:44:00,1.5,1.5,1.5,1.5,10500,43.696283,73500,52.15,52.0
2021-08-18 09:45:00,1.5,1.5,1.5,1.5,0,43.696283,73500,52.15,52.0
2021-08-18 09:46:00,1.5,1.5,1.5,1.5,0,43.696283,73500,52.15,52.0
2021-08-18 09:47:00,1.5,1.5,1.5,1.5,0,43.696283,73500,52.15,52.0
2021-08-18 09:48:00,1.5,1.5,1.5,1.5,0,43.696283,73500,52.15,52.0
2021-08-18 09:49:00,1.5,1.5,1.5,1.5,0,43.696283,73500,52.15,52.0
2021-08-18 09:50:00,1.5,1.5,1.5,1.5,0,43.696283,73500,52.15,52.0
2021-08-18 09:51:00,1.5,1.5,1.5,1.5,0,43.696283,73500,52.15,52.0
2021-08-18 09:52:00,1.5,1.5,1.5,1.5,0,43.696283,73500,52.15,52.0
2021-08-18 09:53:00,1.5,1.5,1.5,1.5,0,43.696283,73500,52.15,52.0
2021-08-18 09:54:00,1.5,1.5,1.5,1.5,0,43.696283,73500,52.15,52.0
2021-08-18 09:55:00,1.5,1.5,1.5,1.5,0,43.696283,73500,52.15,52.0
2021-08-18 09:56:00,1.5,1.5,1.5,1.5,0,43.696283,73500,52.15,52.0
2021-08-18 09:57:00,1.5,1.5,1.5,1.5,0,43.696283,73500,52.15,52.0
2021-08-18 09:58:00,1.35,1.45,1.35,1.45,73500,42.138157,1134000,53.1,53.0
2021-08-18 09:59:00,1.45,1.45,1.4,1.4,52500,43.070359,1165500,52.95,53.0
2021-08-18 10:00:00,1.35,1.35,1.35,1.35,31500,40.666931,1165500,53.0,53.0
2021-08-18 10:01:00,1.35,1.4,1.35,1.4,31500,44.702081,1165500,52.85,53.0
2021-08-18 10:02:00,1.4,1.4,1.4,1.4,0,44.702081,1165500,52.8,53.0
2021-08-18 10:03:00,1.4,1.4,1.3,1.3,31500,43.921112,1186500,52.7,53.0
2021-08-18 10:04:00,1.3,1.35,1.3,1.35,21000,43.128106,1186500,52.85,53.0
2021-08-18 10:05:00,1.35,1.4,1.35,1.4,42000,41.418574,1186500,53.05,53.0
2021-08-18 10:06:00,1.4,1.45,1.4,1.45,31500,41.297519,1176000,53.15,53.0
2021-08-18 10:07:00,1.45,1.45,1.4,1.4,63000,40.575715,1176000,53.1,53.0
2021-08-18 10:08:00,1.4,1.4,1.4,1.4,42000,41.424305,1239000,53.05,53.0
2021-08-18 10:09:00,1.4,1.45,1.4,1.4,105000,40.579469,1239000,53.1,53.0
2021-08-18 10:10:00,1.45,1.45,1.45,1.45,21000,44.671344,1239000,52.95,53.0
2021-08-18 10:11:00,1.45,1.45,1.45,1.45,0,44.671344,1239000,52.95,53.0
2021-08-18 10:12:00,1.45,1.45,1.45,1.45,0,44.671344,1239000,53.05,53.0
2021-08-18 10:13:00,1.45,1.45,1.45,1.45,0,44.671344,1239000,53.05,53.0
2021-08-18 10:14:00,1.4,1.4,1.35,1.35,42000,41.520522,1228500,52.95,53.0
2021-08-18 10:15:00,1.35,1.35,1.35,1.35,0,41.520522,1228500,52.95,53.0
2021-08-18 10:16:00,1.35,1.35,1.35,1.35,0,41.520522,1228500,52.95,53.0
2021-08-18 10:17:00,1.35,1.35,1.35,1.35,0,41.520522,1228500,52.95,53.0
2021-08-18 10:18:00,1.3,1.35,1.3,1.35,31500,43.155767,1228500,52.85,53.0
2021-08-18 10:19:00,1.35,1.35,1.35,1.35,0,43.155767,1228500,52.85,53.0
2021-08-18 10:20:00,1.35,1.35,1.35,1.35,0,43.155767,1228500,52.85,53.0
2021-08-18 10:21:00,1.35,1.35,1.3,1.3,10500,41.580527,1228500,52.85,53.0
2021-08-18 10:22:00,1.3,1.3,1.3,1.3,0,41.580527,1228500,52.85,53.0
2021-08-18 10:23:00,1.3,1.3,1.3,1.3,0,41.580527,1228500,52.85,53.0
2021-08-18 10:24:00,1.3,1.3,1.3,1.3,0,41.580527,1228500,52.85,53.0
2021-08-18 10:25:00,1.3,1.3,1.3,1.3,0,41.580527,1228500,52.85,53.0
2021-08-18 10:26:00,1.3,1.3,1.3,1.3,0,41.580527,1228500,52.85,53.0
2021-08-18 10:27:00,1.3,1.3,1.3,1.3,0,41.580527,1228500,52.85,53.0
2021-08-18 10:28:00,1.3,1.3,1.3,1.3,0,41.580527,1228500,52.85,53.0
2021-08-18 10:29:00,1.3,1.3,1.3,1.3,0,41.580527,1228500,52.85,53.0
2021-08-18 10:30:00,1.3,1.3,1.3,1.3,0,41.580527,1228500,52.85,53.0
2021-08-18 10:31:00,1.3,1.3,1.3,1.3,0,41.580527,1228500,52.85,53.0
2021-08-18 10:32:00,1.3,1.3,1.3,1.3,0,41.580527,1228500,52.85,53.0
2021-08-18 10:33:00,1.3,1.3,1.3,1.3,0,41.580527,1228500,52.85,53.0
2021-08-18 10:34:00,1.3,1.3,1.3,1.3,0,41.580527,1228500,52.85,53.0
2021-08-18 10:35:00,1.3,1.3,1.3,1.3,0,41.580527,1228500,52.85,53.0
2021-08-18 10:36:00,1.3,1.3,1.3,1.3,0,41.580527,1228500,52.85,53.0
2021-08-18 10:37:00,1.3,1.3,1.3,1.3,0,41.580527,1228500,52.85,53.0
2021-08-18 10:38:00,1.25,1.25,1.25,1.25,10500,43.1803,1239000,52.65,53.0
2021-08-18 10:39:00,1.25,1.25,1.25,1.25,0,43.1803,1239000,52.65,53.0
2021-08-18 10:40:00,1.25,1.25,1.25,1.25,0,43.1803,1239000,52.65,53.0
2021-08-18 10:41:00,1.25,1.25,1.25,1.25,0,43.1803,1239000,52.65,53.0
2021-08-18 10:42:00,1.25,1.25,1.25,1.25,0,43.1803,1239000,52.65,53.0
2021-08-18 10:43:00,1.25,1.25,1.25,1.25,0,43.1803,1239000,52.65,53.0
2021-08-18 10:44:00,1.25,1.25,1.25,1.25,0,43.1803,1239000,52.65,53.0
2021-08-18 10:45:00,1.25,1.25,1.25,1.25,0,43.1803,1239000,52.65,53.0
2021-08-18 10:46:00,1.25,1.25,1.25,1.25,0,43.1803,1239000,52.65,53.0
2021-08-18 10:47:00,1.25,1.25,1.25,1.25,0,43.1803,1239000,52.65,53.0
2021-08-18 10:48:00,1.25,1.25,1.25,1.25,0,43.1803,1239000,52.55,53.0
2021-08-18 10:49:00,1.25,1.25,1.25,1.25,0,43.1803,1239000,52.65,53.0
2021-08-18 10:50:00,1.25,1.25,1.25,1.25,0,43.1803,1239000,52.65,53.0
2021-08-18 10:51:00,1.25,1.25,1.25,1.25,0,43.1803,1239000,52.65,53.0
2021-08-18 10:52:00,1.25,1.25,1.25,1.25,0,43.1803,1239000,52.65,53.0
2021-08-18 10:53:00,1.25,1.25,1.25,1.25,0,43.1803,1239000,52.65,53.0
2021-08-18 10:54:00,1.25,1.25,1.25,1.25,0,43.1803,1239000,52.65,53.0
2021-08-18 10:55:00,1.25,1.25,1.25,1.25,0,43.1803,1239000,52.65,53.0
2021-08-18 10:56:00,1.25,1.25,1.25,1.25,0,43.1803,1239000,52.65,53.0
2021-08-18 10:57:00,1.25,1.25,1.25,1.25,0,43.1803,1239000,52.65,53.0
2021-08-18 10:58:00,1.2,1.25,1.2,1.25,21000,42.44352,1260000,52.7,53.0
2021-08-18 10:59:00,1.25,1.25,1.25,1.25,0,42.44352,1260000,52.7,53.0
2021-08-18 11:00:00,1.25,1.25,1.25,1.25,0,42.44352,1260000,52.7,53.0
2021-08-18 11:01:00,1.25,1.25,1.25,1.25,0,42.44352,1260000,52.7,53.0
2021-08-18 11:02:00,1.25,1.25,1.25,1.25,0,42.44352,1260000,52.7,53.0
2021-08-18 11:03:00,1.25,1.25,1.25,1.25,0,42.44352,1260000,52.7,53.0
2021-08-18 11:04:00,1.25,1.25,1.25,1.25,0,42.44352,1260000,52.7,53.0
2021-08-18 11:05:00,1.25,1.25,1.25,1.25,0,42.44352,1260000,52.7,53.0
2021-08-18 11:06:00,1.25,1.25,1.25,1.25,0,42.44352,1260000,52.7,53.0
2021-08-18 11:07:00,1.25,1.25,1.25,1.25,0,42.44352,1260000,52.7,53.0
2021-08-18 11:08:00,1.25,1.25,1.25,1.25,0,42.44352,1260000,52.7,53.0
2021-08-18 11:09:00,1.25,1.25,1.25,1.25,21000,41.680808,1270500,52.75,53.0
2021-08-18 11:10:00,1.25,1.25,1.25,1.25,0,41.680808,1270500,52.75,53.0
2021-08-18 11:11:00,1.25,1.25,1.25,1.25,0,41.680808,1270500,52.75,53.0
2021-08-18 11:12:00,1.25,1.25,1.25,1.25,0,41.680808,1270500,52.75,53.0
2021-08-18 11:13:00,1.25,1.25,1.25,1.25,0,41.680808,1270500,52.75,53.0
2021-08-18 11:14:00,1.25,1.25,1.25,1.25,0,41.680808,1270500,52.75,53.0
2021-08-18 11:15:00,1.25,1.25,1.25,1.25,0,41.680808,1270500,52.55,53.0
2021-08-18 11:16:00,1.25,1.25,1.25,1.25,0,41.680808,1270500,52.75,53.0
2021-08-18 11:17:00,1.25,1.25,1.25,1.25,0,41.680808,1270500,52.75,53.0
2021-08-18 11:18:00,1.25,1.25,1.25,1.25,0,41.680808,1270500,52.75,53.0
2021-08-18 11:19:00,1.25,1.25,1.25,1.25,0,41.680808,1270500,52.75,53.0
2021-08-18 11:20:00,1.25,1.25,1.25,1.25,31500,44.033392,1333500,52.6,53.0
2021-08-18 11:21:00,1.25,1.25,1.25,1.25,0,44.033392,1333500,52.6,53.0
2021-08-18 11:22:00,1.25,1.25,1.25,1.25,0,44.033392,1333500,52.6,53.0
2021-08-18 11:23:00,1.25,1.25,1.2,1.2,10500,42.444976,1323000,52.6,53.0
2021-08-18 11:24:00,1.2,1.2,1.2,1.2,0,42.444976,1323000,52.6,53.0
2021-08-18 11:25:00,1.2,1.2,1.2,1.2,0,42.444976,1323000,52.6,53.0
2021-08-18 11:26:00,1.2,1.2,1.2,1.2,0,42.444976,1323000,52.6,53.0
2021-08-18 11:27:00,1.2,1.2,1.2,1.2,0,42.444976,1323000,52.6,53.0
2021-08-18 11:28:00,1.2,1.2,1.2,1.2,0,42.444976,1323000,52.6,53.0
2021-08-18 11:29:00,1.2,1.2,1.2,1.2,0,42.444976,1323000,52.6,53.0
2021-08-18 11:30:00,1.2,1.2,1.2,1.2,0,42.444976,1323000,52.6,53.0
2021-08-18 11:31:00,1.2,1.2,1.2,1.2,0,42.444976,1323000,52.6,53.0
2021-08-18 11:32:00,1.2,1.2,1.2,1.2,0,42.444976,1323000,52.6,53.0
2021-08-18 11:33:00,1.2,1.2,1.2,1.2,0,42.444976,1323000,52.6,53.0
2021-08-18 11:34:00,1.2,1.2,1.2,1.2,0,42.444976,1323000,52.6,53.0
2021-08-18 11:35:00,1.2,1.2,1.2,1.2,0,42.444976,1323000,52.6,53.0
2021-08-18 11:36:00,1.2,1.2,1.2,1.2,0,42.444976,1323000,52.6,53.0
2021-08-18 11:37:00,1.35,1.4,1.35,1.4,42000,43.265029,1281000,52.95,53.0
2021-08-18 11:38:00,1.4,1.4,1.4,1.4,0,43.265029,1281000,52.95,53.0
2021-08-18 11:39:00,1.4,1.4,1.4,1.4,0,43.265029,1281000,52.95,53.0
2021-08-18 11:40:00,1.4,1.4,1.4,1.4,42000,43.271026,1281000,52.95,53.0
2021-08-18 11:41:00,1.4,1.45,1.4,1.45,21000,45.680215,1281000,52.9,53.0
2021-08-18 11:42:00,1.35,1.35,1.35,1.35,10500,42.510578,1354500,52.9,53.0
2021-08-18 11:43:00,1.35,1.35,1.35,1.35,0,42.510578,1354500,53.0,53.0
2021-08-18 11:44:00,1.35,1.35,1.35,1.35,0,42.510578,1354500,52.9,53.0
2021-08-18 11:45:00,1.35,1.35,1.35,1.35,0,42.510578,1354500,52.9,53.0
2021-08-18 11:46:00,1.35,1.35,1.35,1.35,0,42.510578,1354500,52.9,53.0
2021-08-18 11:47:00,1.35,1.35,1.35,1.35,0,42.510578,1354500,52.9,53.0
2021-08-18 11:48:00,1.4,1.4,1.4,1.4,10500,43.287027,1365000,52.95,53.0
2021-08-18 11:49:00,1.4,1.4,1.4,1.4,0,43.287027,1365000,52.95,53.0
2021-08-18 11:50:00,1.4,1.4,1.4,1.4,0,43.287027,1365000,52.95,53.0
2021-08-18 11:51:00,1.4,1.4,1.4,1.4,0,43.287027,1365000,52.95,53.0
2021-08-18 11:52:00,1.4,1.4,1.4,1.4,0,43.287027,1365000,52.95,53.0
2021-08-18 11:53:00,1.4,1.4,1.4,1.4,0,43.287027,1365000,52.95,53.0
2021-08-18 11:54:00,1.4,1.4,1.4,1.4,0,43.287027,1365000,52.95,53.0
2021-08-18 11:55:00,1.4,1.4,1.4,1.4,0,43.287027,1365000,52.95,53.0
2021-08-18 11:56:00,1.55,1.55,1.55,1.55,42000,42.938306,1333500,53.25,53.0
2021-08-18 11:57:00,1.55,1.55,1.5,1.5,10500,43.098994,1354500,53.15,53.0
2021-08-18 11:58:00,1.5,1.5,1.5,1.5,21000,41.351046,1354500,53.25,53.0
2021-08-18 11:59:00,1.5,1.5,1.5,1.5,0,41.351046,1354500,53.15,53.0
2021-08-18 12:00:00,1.5,1.5,1.5,1.5,21000,42.235546,1333500,53.2,53.0
2021-08-18 12:01:00,1.5,1.5,1.5,1.5,0,42.235546,1333500,53.2,53.0
2021-08-18 12:02:00,1.5,1.5,1.5,1.5,0,42.235546,1333500,53.2,53.0
2021-08-18 12:03:00,1.5,1.5,1.5,1.5,0,42.235546,1333500,53.2,53.0
2021-08-18 12:04:00,1.5,1.5,1.5,1.5,0,42.235546,1333500,53.2,53.0
2021-08-18 12:05:00,1.5,1.5,1.5,1.5,0,42.235546,1333500,53.2,53.0
2021-08-18 12:06:00,1.5,1.5,1.5,1.5,0,42.235546,1333500,53.2,53.0
2021-08-18 12:07:00,1.5,1.5,1.5,1.5,0,42.235546,1333500,53.2,53.0
2021-08-18 12:08:00,1.5,1.5,1.5,1.5,0,42.235546,1333500,53.15,53.0
2021-08-18 12:09:00,1.5,1.5,1.5,1.5,0,42.235546,1333500,53.2,53.0
2021-08-18 12:10:00,1.45,1.45,1.45,1.45,10500,41.536041,1239000,53.15,53.0
2021-08-18 12:11:00,1.45,1.45,1.45,1.45,0,41.536041,1239000,53.15,53.0
2021-08-18 12:12:00,1.45,1.45,1.45,1.45,0,41.536041,1239000,53.15,53.0
2021-08-18 12:13:00,1.45,1.45,1.45,1.45,0,41.536041,1239000,53.0,53.0
2021-08-18 12:14:00,1.45,1.45,1.45,1.45,0,41.536041,1239000,53.15,53.0
2021-08-18 12:15:00,1.45,1.45,1.45,1.45,0,41.536041,1239000,53.15,53.0
2021-08-18 12:16:00,1.45,1.45,1.45,1.45,0,41.536041,1239000,52.9,53.0
2021-08-18 12:17:00,1.45,1.45,1.45,1.45,0,41.536041,1239000,53.15,53.0
2021-08-18 12:18:00,1.45,1.45,1.45,1.45,0,41.536041,1239000,53.15,53.0
2021-08-18 12:19:00,1.45,1.45,1.45,1.45,0,41.536041,1239000,53.15,53.0
2021-08-18 12:20:00,1.45,1.45,1.45,1.45,0,41.536041,1239000,53.15,53.0
2021-08-18 12:21:00,1.45,1.45,1.45,1.45,0,41.536041,1239000,53.1,53.0
2021-08-18 12:22:00,1.35,1.45,1.35,1.45,10500,42.420136,1270500,53.1,53.0
2021-08-18 12:23:00,1.45,1.45,1.45,1.45,0,42.420136,1270500,53.1,53.0
2021-08-18 12:24:00,1.45,1.45,1.45,1.45,0,42.420136,1270500,53.1,53.0
2021-08-18 12:25:00,1.45,1.45,1.45,1.45,0,42.420136,1270500,53.1,53.0
2021-08-18 12:26:00,1.45,1.45,1.45,1.45,0,42.420136,1270500,53.1,53.0
2021-08-18 12:27:00,1.45,1.45,1.45,1.45,0,42.420136,1270500,53.1,53.0
2021-08-18 12:28:00,1.45,1.45,1.45,1.45,0,42.420136,1270500,53.1,53.0
2021-08-18 12:29:00,1.45,1.45,1.45,1.45,0,42.420136,1270500,53.1,53.0
2021-08-18 12:30:00,1.45,1.45,1.45,1.45,0,42.420136,1270500,53.1,53.0
2021-08-18 12:31:00,1.45,1.45,1.45,1.45,0,42.420136,1270500,53.1,53.0
2021-08-18 12:32:00,1.45,1.45,1.45,1.45,0,42.420136,1270500,53.1,53.0
2021-08-18 12:33:00,1.45,1.45,1.45,1.45,0,42.420136,1270500,53.1,53.0
2021-08-18 12:34:00,1.45,1.45,1.45,1.45,0,42.420136,1270500,53.1,53.0
2021-08-18 12:35:00,1.45,1.45,1.45,1.45,0,42.420136,1270500,53.1,53.0
2021-08-18 12:36:00,1.45,1.45,1.45,1.45,0,42.420136,1270500,53.1,53.0
2021-08-18 12:37:00,1.45,1.45,1.45,1.45,0,42.420136,1270500,53.1,53.0
2021-08-18 12:38:00,1.45,1.45,1.45,1.45,0,42.420136,1270500,53.1,53.0
2021-08-18 12:39:00,1.45,1.45,1.45,1.45,0,42.420136,1270500,53.1,53.0
2021-08-18 12:40:00,1.45,1.45,1.45,1.45,0,42.420136,1270500,53.1,53.0
2021-08-18 12:41:00,1.3,1.3,1.3,1.3,10500,39.382629,1333500,53.0,53.0
2021-08-18 12:42:00,1.3,1.3,1.3,1.3,0,39.382629,1333500,53.0,53.0
2021-08-18 12:43:00,1.3,1.3,1.3,1.3,0,39.382629,1333500,53.0,53.0
2021-08-18 12:44:00,1.3,1.3,1.3,1.3,0,39.382629,1333500,53.0,53.0
2021-08-18 12:45:00,1.3,1.3,1.3,1.3,0,39.382629,1333500,53.0,53.0
2021-08-18 12:46:00,1.3,1.3,1.3,1.3,0,39.382629,1333500,53.0,53.0
2021-08-18 12:47:00,1.3,1.3,1.3,1.3,0,39.382629,1333500,53.0,53.0
2021-08-18 12:48:00,1.3,1.3,1.3,1.3,0,39.382629,1333500,53.0,53.0
2021-08-18 12:49:00,1.3,1.3,1.3,1.3,0,39.382629,1333500,53.0,53.0
2021-08-18 12:50:00,1.3,1.3,1.3,1.3,0,39.382629,1333500,53.0,53.0
2021-08-18 12:51:00,1.3,1.3,1.3,1.3,0,39.382629,1333500,53.0,53.0
2021-08-18 12:52:00,1.3,1.3,1.3,1.3,0,39.382629,1333500,53.0,53.0
2021-08-18 12:53:00,1.3,1.3,1.3,1.3,0,39.382629,1333500,53.0,53.0
2021-08-18 12:54:00,1.3,1.3,1.3,1.3,0,39.382629,1333500,53.0,53.0
2021-08-18 12:55:00,1.3,1.3,1.3,1.3,0,39.382629,1333500,53.0,53.0
2021-08-18 12:56:00,1.3,1.3,1.3,1.3,0,39.382629,1333500,53.0,53.0
2021-08-18 12:57:00,1.3,1.3,1.3,1.3,0,39.382629,1333500,53.0,53.0
2021-08-18 12:58:00,1.3,1.3,1.3,1.3,0,39.382629,1333500,53.0,53.0
2021-08-18 12:59:00,1.3,1.3,1.3,1.3,0,39.382629,1333500,53.0,53.0
2021-08-18 13:00:00,1.25,1.25,1.15,1.15,63000,39.489914,1354500,52.7,53.0
2021-08-18 13:01:00,1.15,1.2,1.15,1.2,10500,40.302634,1354500,52.75,53.0
2021-08-18 13:02:00,1.25,1.25,1.25,1.25,10500,42.687009,1354500,52.7,53.0
2021-08-18 13:03:00,1.25,1.25,1.25,1.25,0,42.687009,1354500,52.7,53.0
2021-08-18 13:04:00,1.25,1.25,1.25,1.25,0,42.687009,1354500,52.7,53.0
2021-08-18 13:05:00,1.25,1.25,1.25,1.25,0,42.687009,1354500,52.7,53.0
2021-08-18 13:06:00,1.25,1.25,1.25,1.25,0,42.687009,1354500,52.7,53.0
2021-08-18 13:07:00,1.25,1.25,1.25,1.25,0,42.687009,1354500,52.7,53.0
2021-08-18 13:08:00,1.25,1.25,1.25,1.25,0,42.687009,1354500,52.7,53.0
2021-08-18 13:09:00,1.15,1.2,1.15,1.2,10500,43.416915,1354500,52.55,53.0
2021-08-18 13:10:00,1.2,1.2,1.2,1.2,0,43.416915,1354500,52.55,53.0
2021-08-18 13:11:00,1.2,1.2,1.2,1.2,0,43.416915,1354500,52.55,53.0
2021-08-18 13:12:00,1.2,1.2,1.2,1.2,0,43.416915,1354500,52.75,53.0
2021-08-18 13:13:00,1.2,1.2,1.2,1.2,0,43.416915,1354500,52.7,53.0
2021-08-18 13:14:00,1.2,1.2,1.2,1.2,0,43.416915,1354500,52.55,53.0
2021-08-18 13:15:00,1.2,1.2,1.2,1.2,0,43.416915,1354500,52.55,53.0
2021-08-18 13:16:00,1.2,1.2,1.2,1.2,0,43.416915,1354500,52.55,53.0
2021-08-18 13:17:00,1.2,1.2,1.2,1.2,0,43.416915,1354500,52.55,53.0
2021-08-18 13:18:00,1.2,1.2,1.2,1.2,0,43.416915,1354500,52.55,53.0
2021-08-18 13:19:00,1.2,1.2,1.2,1.2,0,43.416915,1354500,52.55,53.0
2021-08-18 13:20:00,1.2,1.2,1.2,1.2,0,43.416915,1354500,52.55,53.0
2021-08-18 13:21:00,1.2,1.2,1.2,1.2,0,43.416915,1354500,52.55,53.0
2021-08-18 13:22:00,1.2,1.2,1.2,1.2,0,43.416915,1354500,52.55,53.0
2021-08-18 13:23:00,1.2,1.2,1.2,1.2,0,43.416915,1354500,52.55,53.0
2021-08-18 13:24:00,1.2,1.2,1.2,1.2,0,43.416915,1354500,52.55,53.0
2021-08-18 13:25:00,1.2,1.2,1.2,1.2,0,43.416915,1354500,52.55,53.0
2021-08-18 13:26:00,1.2,1.2,1.2,1.2,0,43.416915,1354500,52.55,53.0
2021-08-18 13:27:00,1.3,1.3,1.3,1.3,21000,41.125409,1396500,52.9,53.0
2021-08-18 13:28:00,1.25,1.25,1.25,1.25,10500,39.534423,1396500,52.9,53.0
2021-08-18 13:29:00,1.25,1.25,1.25,1.25,10500,40.350289,1396500,52.85,53.0
2021-08-18 13:30:00,1.25,1.25,1.25,1.25,0,40.350289,1396500,52.85,53.0
2021-08-18 13:31:00,1.25,1.25,1.25,1.25,0,40.350289,1396500,52.85,53.0
2021-08-18 13:32:00,1.25,1.25,1.25,1.25,0,40.350289,1396500,52.85,53.0
2021-08-18 13:33:00,1.25,1.25,1.25,1.25,0,40.350289,1396500,52.85,53.0
2021-08-18 13:34:00,1.25,1.25,1.25,1.25,0,40.350289,1396500,52.85,53.0
2021-08-18 13:35:00,1.25,1.25,1.25,1.25,0,40.350289,1396500,52.85,53.0
2021-08-18 13:36:00,1.25,1.25,1.25,1.25,0,40.350289,1396500,52.85,53.0
2021-08-18 13:37:00,1.25,1.25,1.25,1.25,0,40.350289,1396500,52.85,53.0
2021-08-18 13:38:00,1.25,1.25,1.25,1.25,0,40.350289,1396500,52.85,53.0
2021-08-18 13:39:00,1.25,1.25,1.25,1.25,0,40.350289,1396500,52.85,53.0
2021-08-18 13:40:00,1.25,1.25,1.25,1.25,0,40.350289,1396500,52.85,53.0
2021-08-18 13:41:00,1.25,1.25,1.25,1.25,0,40.350289,1396500,52.85,53.0
2021-08-18 13:42:00,1.25,1.25,1.25,1.25,0,40.350289,1396500,52.85,53.0
2021-08-18 13:43:00,1.25,1.25,1.25,1.25,10500,40.376748,1375500,52.85,53.0
2021-08-18 13:44:00,1.25,1.25,1.25,1.25,0,40.376748,1375500,52.85,53.0
2021-08-18 13:45:00,1.25,1.25,1.25,1.25,0,40.376748,1375500,52.85,53.0
2021-08-18 13:46:00,1.25,1.25,1.25,1.25,0,40.376748,1375500,52.85,53.0
2021-08-18 13:47:00,1.35,1.35,1.35,1.35,10500,39.399354,1396500,53.1,53.0
2021-08-18 13:48:00,1.35,1.45,1.35,1.45,10500,40.852342,1407000,53.2,53.0
2021-08-18 13:49:00,1.45,1.45,1.45,1.45,0,40.852342,1407000,53.2,53.0
2021-08-18 13:50:00,1.45,1.45,1.45,1.45,0,40.852342,1407000,53.2,53.0
2021-08-18 13:51:00,1.45,1.45,1.45,1.45,0,40.852342,1407000,53.2,53.0
2021-08-18 13:52:00,1.45,1.45,1.45,1.45,0,40.852342,1407000,53.2,53.0
2021-08-18 13:53:00,1.45,1.45,1.45,1.45,0,40.852342,1407000,53.2,53.0
2021-08-18 13:54:00,1.45,1.45,1.45,1.45,0,40.852342,1407000,53.2,53.0
2021-08-18 13:55:00,1.45,1.45,1.45,1.45,10500,42.604944,1344000,53.1,53.0
2021-08-18 13:56:00,1.45,1.45,1.45,1.45,0,42.604944,1344000,53.1,53.0
2021-08-18 13:57:00,1.45,1.45,1.45,1.45,0,42.604944,1344000,53.1,53.0
2021-08-18 13:58:00,1.45,1.5,1.45,1.5,21000,40.687907,1354500,53.3,53.0
2021-08-18 13:59:00,1.5,1.5,1.5,1.5,21000,39.780068,1354500,53.35,53.0
2021-08-18 14:00:00,1.5,1.5,1.5,1.5,0,39.780068,1354500,53.35,53.0
2021-08-18 14:01:00,1.5,1.5,1.5,1.5,0,39.780068,1354500,53.35,53.0
2021-08-18 14:02:00,1.5,1.55,1.5,1.55,21000,42.29781,1375500,53.3,53.0
2021-08-18 14:03:00,1.55,1.55,1.45,1.45,10500,40.881274,1375500,53.2,53.0
2021-08-18 14:04:00,1.45,1.45,1.45,1.45,0,40.881274,1375500,53.2,53.0
2021-08-18 14:05:00,1.45,1.45,1.45,1.45,0,40.881274,1375500,53.2,53.0
2021-08-18 14:06:00,1.45,1.45,1.45,1.45,0,40.881274,1375500,53.2,53.0
2021-08-18 14:07:00,1.45,1.45,1.45,1.45,0,40.881274,1375500,53.2,53.0
2021-08-18 14:08:00,1.6,1.6,1.6,1.6,10500,42.091224,1386000,53.4,53.0
2021-08-18 14:09:00,1.6,1.6,1.6,1.6,21000,41.163478,1386000,53.45,53.0
2021-08-18 14:10:00,1.6,1.6,1.6,1.6,0,41.163478,1386000,53.45,53.0
2021-08-18 14:11:00,1.05,1.15,1.05,1.15,31500,41.120575,1617000,53.55,54.0
2021-08-18 14:12:00,1.2,1.3,1.2,1.25,346500,41.222131,1711500,53.75,54.0
2021-08-18 14:13:00,1.25,1.25,1.25,1.25,0,41.222131,1711500,53.75,54.0
2021-08-18 14:14:00,1.25,1.25,1.25,1.25,0,41.222131,1711500,53.75,54.0
2021-08-18 14:15:00,1.7,1.7,1.7,1.7,21000,44.396195,1333500,53.45,53.0
2021-08-18 14:16:00,1.7,1.7,1.7,1.7,0,44.396195,1333500,53.45,53.0
2021-08-18 14:17:00,1.6,1.6,1.6,1.6,21000,43.025841,1365000,53.35,53.0
2021-08-18 14:18:00,1.6,1.65,1.6,1.65,21000,41.852963,1365000,53.5,53.0
2021-08-18 14:19:00,1.65,1.65,1.65,1.65,10500,44.634219,1365000,53.35,53.0
2021-08-18 14:20:00,1.65,1.65,1.65,1.65,0,44.634219,1365000,53.35,53.0
2021-08-18 14:21:00,1.65,1.65,1.65,1.65,0,44.634219,1365000,53.35,53.0
2021-08-18 14:22:00,1.65,1.65,1.65,1.65,0,44.634219,1365000,53.35,53.0
2021-08-18 14:23:00,1.1,1.15,1.1,1.15,10500,41.143603,1627500,53.55,54.0
2021-08-18 14:24:00,1.15,1.15,1.15,1.15,0,41.143603,1627500,53.55,54.0
2021-08-18 14:25:00,1.15,1.15,1.15,1.15,0,41.143603,1627500,53.55,54.0
2021-08-18 14:26:00,1.15,1.15,1.15,1.15,0,41.143603,1627500,53.55,54.0
2021-08-18 14:27:00,1.15,1.15,1.15,1.15,0,41.143603,1627500,53.55,54.0
2021-08-18 14:28:00,1.15,1.15,1.15,1.15,0,41.143603,1627500,53.55,54.0
2021-08-18 14:29:00,1.15,1.15,1.15,1.15,0,41.143603,1627500,53.55,54.0
2021-08-18 14:30:00,1.15,1.15,1.15,1.15,0,41.143603,1627500,53.55,54.0
2021-08-18 14:31:00,1.15,1.15,1.15,1.15,0,41.143603,1627500,53.55,54.0
2021-08-18 14:32:00,1.15,1.15,1.15,1.15,0,41.143603,1627500,53.55,54.0
2021-08-18 14:33:00,1.15,1.15,1.15,1.15,0,41.143603,1627500,53.55,54.0
2021-08-18 14:34:00,1.15,1.15,1.15,1.15,0,41.143603,1627500,53.55,54.0
2021-08-18 14:35:00,1.15,1.15,1.15,1.15,0,41.143603,1627500,53.55,54.0
2021-08-18 14:36:00,1.05,1.05,1.05,1.05,10500,38.005138,1659000,53.55,54.0
2021-08-18 14:37:00,1.05,1.05,1.05,1.05,0,38.005138,1659000,53.55,54.0
2021-08-18 14:38:00,1.05,1.05,1.05,1.05,0,38.005138,1659000,53.55,54.0
2021-08-18 14:39:00,1.05,1.05,1.05,1.05,0,38.005138,1659000,53.55,54.0
2021-08-18 14:40:00,1.05,1.05,1.05,1.05,0,38.005138,1659000,53.55,54.0
2021-08-18 14:41:00,1.05,1.05,1.05,1.05,0,38.005138,1659000,53.55,54.0
2021-08-18 14:42:00,1.2,1.2,1.2,1.2,31500,41.249419,1648500,53.65,54.0
2021-08-18 14:43:00,1.2,1.2,1.2,1.2,0,41.249419,1648500,53.65,54.0
2021-08-18 14:44:00,1.2,1.2,1.2,1.2,0,41.249419,1648500,53.65,54.0
2021-08-18 14:45:00,1.2,1.2,1.2,1.2,0,41.249419,1648500,53.65,54.0
2021-08-18 14:46:00,1.2,1.2,1.2,1.2,0,41.249419,1648500,53.65,54.0
2021-08-18 14:47:00,1.2,1.2,1.2,1.2,0,41.249419,1648500,53.65,54.0
2021-08-18 14:48:00,1.15,1.2,1.15,1.2,10500,42.02063,1711500,53.6,54.0
2021-08-18 14:49:00,1.2,1.2,1.2,1.2,0,42.02063,1711500,53.6,54.0
2021-08-18 14:50:00,1.2,1.2,1.2,1.2,0,42.02063,1711500,53.6,54.0
2021-08-18 14:51:00,1.2,1.2,1.2,1.2,0,42.02063,1711500,53.6,54.0
2021-08-18 14:52:00,1.2,1.2,1.2,1.2,31500,40.501718,1680000,53.7,54.0
2021-08-18 14:53:00,1.2,1.25,1.2,1.25,10500,41.301425,1680000,53.75,54.0
2021-08-18 14:54:00,1.25,1.25,1.25,1.25,0,41.301425,1680000,53.75,54.0
2021-08-18 14:55:00,1.25,1.25,1.25,1.25,0,41.301425,1680000,53.75,54.0
2021-08-18 14:56:00,1.25,1.25,1.25,1.25,0,41.301425,1680000,53.75,54.0
2021-08-18 14:57:00,1.25,1.25,1.25,1.25,0,41.301425,1680000,53.75,54.0
2021-08-18 14:58:00,1.25,1.25,1.2,1.2,10500,42.040285,1669500,53.6,54.0
2021-08-18 14:59:00,1.2,1.25,1.2,1.25,31500,38.933447,1669500,53.9,54.0
2021-08-18 15:00:00,1.25,1.25,1.25,1.25,0,38.933447,1669500,53.9,54.0
2021-08-18 15:01:00,1.25,1.25,1.25,1.25,0,38.933447,1669500,53.9,54.0
2021-08-18 15:02:00,1.3,1.35,1.3,1.35,10500,43.677459,1669500,53.8,54.0
2021-08-18 15:03:00,1.35,1.35,1.3,1.3,10500,42.10775,1669500,53.8,54.0
2021-08-18 15:04:00,1.3,1.3,1.3,1.3,0,42.10775,1669500,53.8,54.0
2021-08-18 15:05:00,1.3,1.3,1.3,1.3,0,42.10775,1669500,53.8,54.0
2021-08-18 15:06:00,1.3,1.3,1.3,1.3,31500,42.113683,1669500,53.8,54.0
2021-08-18 15:07:00,1.3,1.3,1.3,1.3,10500,41.321207,1669500,53.85,54.0
2021-08-18 15:08:00,1.5,1.5,1.35,1.35,451500,38.782494,1669500,54.1,54.0
2021-08-18 15:09:00,1.35,1.35,1.35,1.35,0,38.782494,1669500,54.1,54.0
2021-08-18 15:10:00,1.35,1.35,1.35,1.35,0,38.782494,1669500,54.1,54.0
2021-08-18 15:11:00,1.05,1.3,1.05,1.3,651000,38.956739,6237000,54.95,55.0
2021-08-18 15:12:00,1.45,1.5,1.4,1.4,1648500,43.629859,6237000,54.85,55.0
2021-08-18 15:13:00,1.45,1.45,1.35,1.4,546000,44.414249,6205500,54.8,55.0
2021-08-18 15:14:00,1.35,1.35,1.3,1.3,283500,42.865808,6205500,54.7,55.0
2021-08-18 15:15:00,1.3,1.3,1.25,1.25,241500,42.825473,6205500,54.6,55.0
2021-08-18 15:16:00,1.8,1.8,1.7,1.7,241500,42.743401,1522500,54.5,54.0
2021-08-18 15:17:00,1.7,1.7,1.65,1.65,10500,42.992869,1522500,54.4,54.0
2021-08-18 15:18:00,1.65,1.7,1.65,1.7,10500,43.667923,1522500,54.45,54.0
2021-08-18 15:19:00,1.75,1.75,1.75,1.75,10500,44.336447,1386000,54.5,54.0
2021-08-18 15:20:00,1.75,1.75,1.75,1.75,0,44.336447,1386000,54.5,54.0
2021-08-18 15:21:00,1.75,1.75,1.75,1.75,0,44.336447,1386000,54.5,54.0
2021-08-18 15:22:00,1.75,1.75,1.75,1.75,0,44.336447,1386000,54.5,54.0
2021-08-18 15:23:00,1.75,1.75,1.75,1.75,0,44.336447,1386000,54.5,54.0
2021-08-18 15:24:00,1.75,1.75,1.75,1.75,0,44.336447,1386000,54.5,54.0
2021-08-18 15:25:00,1.65,1.75,1.6,1.75,63000,45.265855,1375500,54.45,54.0
2021-08-18 15:26:00,1.75,1.75,1.75,1.75,0,45.265855,1375500,54.45,54.0
2021-08-18 15:27:00,1.75,1.75,1.75,1.75,0,45.265855,1375500,54.45,54.0
2021-08-18 15:28:00,1.75,1.75,1.75,1.75,0,45.265855,1375500,54.45,54.0
2021-08-18 15:29:00,1.75,1.75,1.75,1.75,0,45.265855,1375500,54.45,54.0
2021-08-20 09:15:00,1.25,1.3,1.15,1.15,63000,43.638304,1312500,53.75,54.0
2021-08-20 09:16:00,1.15,1.15,1.15,1.15,0,43.638304,1312500,53.75,54.0
2021-08-20 09:17:00,1.15,1.15,1.15,1.15,0,43.638304,1312500,53.75,54.0
2021-08-20 09:18:00,1.15,1.15,1.15,1.15,0,43.638304,1312500,53.75,54.0
2021-08-20 09:19:00,1.15,1.15,1.15,1.15,0,43.638304,1312500,53.75,54.0
2021-08-20 09:20:00,1.3,1.3,1.25,1.25,42000,48.088478,1354500,53.7,54.0
2021-08-20 09:21:00,1.25,1.25,1.25,1.25,0,48.088478,1354500,53.7,54.0
2021-08-20 09:22:00,1.25,1.25,1.25,1.25,0,48.088478,1354500,53.7,54.0
2021-08-20 09:23:00,1.25,1.25,1.25,1.25,0,48.088478,1354500,53.7,54.0
2021-08-20 09:24:00,1.25,1.25,1.25,1.25,0,48.088478,1354500,53.7,54.0
2021-08-20 09:25:00,1.4,1.5,1.4,1.5,42000,52.518956,1365000,53.95,54.0
2021-08-20 09:26:00,1.5,1.5,1.4,1.4,21000,49.883588,1407000,53.9,54.0
2021-08-20 09:27:00,1.4,1.4,1.4,1.4,0,49.883588,1407000,53.9,54.0
2021-08-20 09:28:00,1.4,1.4,1.4,1.4,0,49.883588,1407000,53.9,54.0
2021-08-20 09:29:00,1.45,1.45,1.45,1.45,31500,51.670153,1438500,53.9,54.0
2021-08-20 09:30:00,1.45,1.45,1.35,1.35,10500,49.022552,1438500,53.85,54.0
2021-08-20 09:31:00,1.35,1.35,1.35,1.35,0,49.022552,1438500,53.85,54.0
2021-08-20 09:32:00,1.35,1.35,1.35,1.35,0,49.022552,1438500,53.85,54.0
2021-08-20 09:33:00,1.35,1.35,1.35,1.35,0,49.022552,1438500,53.85,54.0
2021-08-20 09:34:00,1.35,1.35,1.35,1.35,0,49.022552,1438500,53.85,54.0
2021-08-20 09:35:00,1.35,1.35,1.35,1.35,0,49.022552,1438500,53.85,54.0
2021-08-20 09:36:00,1.35,1.35,1.35,1.35,0,49.022552,1438500,53.85,54.0
2021-08-20 09:37:00,1.6,1.6,1.6,1.6,10500,50.408832,1449000,54.25,54.0
2021-08-20 09:38:00,1.6,1.6,1.6,1.6,21000,50.411826,1449000,54.25,54.0
2021-08-20 09:39:00,1.6,1.6,1.6,1.6,0,50.411826,1449000,54.2,54.0
2021-08-20 09:40:00,1.6,1.6,1.6,1.6,0,50.411826,1449000,54.25,54.0
2021-08-20 09:41:00,1.6,1.6,1.6,1.6,0,50.411826,1449000,54.25,54.0
2021-08-20 09:42:00,1.65,1.65,1.65,1.65,10500,53.17985,1449000,54.2,54.0
2021-08-20 09:43:00,1.65,1.65,1.65,1.65,0,53.17985,1449000,54.2,54.0
2021-08-20 09:44:00,1.65,1.65,1.65,1.65,0,53.17985,1449000,54.2,54.0
2021-08-20 09:45:00,1.6,1.6,1.35,1.35,136500,49.962738,1438500,53.8,54.0
2021-08-20 09:46:00,1.35,1.35,1.35,1.35,84000,48.163299,1438500,53.9,54.0
2021-08-20 09:47:00,1.35,1.35,1.35,1.35,0,48.163299,1438500,53.9,54.0
2021-08-20 09:48:00,1.35,1.35,1.35,1.35,0,48.163299,1438500,53.9,54.0
2021-08-20 09:49:00,1.35,1.35,1.35,1.35,0,48.163299,1438500,54.1,54.0
2021-08-20 09:50:00,1.35,1.35,1.35,1.35,0,48.163299,1438500,53.9,54.0
2021-08-20 09:51:00,1.35,1.35,1.35,1.35,0,48.163299,1438500,53.9,54.0
2021-08-20 09:52:00,1.35,1.35,1.35,1.35,0,48.163299,1438500,53.9,54.0
2021-08-20 09:53:00,1.35,1.35,1.35,1.35,0,48.163299,1438500,53.9,54.0
2021-08-20 09:54:00,1.35,1.35,1.35,1.35,0,48.163299,1438500,53.9,54.0
2021-08-20 09:55:00,1.35,1.35,1.35,1.35,0,48.163299,1438500,53.9,54.0
2021-08-20 09:56:00,1.35,1.35,1.35,1.35,0,48.163299,1438500,53.9,54.0
2021-08-20 09:57:00,1.35,1.35,1.35,1.35,0,48.163299,1438500,53.9,54.0
2021-08-20 09:58:00,1.35,1.35,1.35,1.35,0,48.163299,1438500,53.9,54.0
2021-08-20 09:59:00,1.35,1.35,1.35,1.35,0,48.163299,1438500,53.9,54.0
2021-08-20 10:00:00,1.35,1.35,1.3,1.3,31500,48.223862,1375500,53.8,54.0
2021-08-20 10:01:00,1.3,1.3,1.3,1.3,0,48.223862,1375500,53.8,54.0
2021-08-20 10:02:00,1.3,1.3,1.3,1.3,0,48.223862,1375500,53.8,54.0
2021-08-20 10:03:00,1.3,1.3,1.3,1.3,0,48.223862,1375500,53.8,54.0
2021-08-20 10:04:00,1.3,1.3,1.3,1.3,0,48.223862,1375500,53.8,54.0
2021-08-20 10:05:00,1.3,1.3,1.3,1.3,0,48.223862,1375500,53.8,54.0
2021-08-20 10:06:00,1.3,1.3,1.3,1.3,0,48.223862,1375500,53.8,54.0
2021-08-20 10:07:00,1.3,1.3,1.3,1.3,0,48.223862,1375500,53.8,54.0
2021-08-20 10:08:00,1.3,1.3,1.3,1.3,0,48.223862,1375500,53.8,54.0
2021-08-20 10:09:00,1.3,1.3,1.3,1.3,0,48.223862,1375500,53.8,54.0
2021-08-20 10:10:00,1.3,1.3,1.3,1.3,0,48.223862,1375500,53.8,54.0
2021-08-20 10:11:00,1.3,1.3,1.3,1.3,0,48.223862,1375500,53.8,54.0
2021-08-20 10:12:00,1.3,1.3,1.3,1.3,0,48.223862,1375500,53.8,54.0
2021-08-20 10:13:00,1.3,1.3,1.3,1.3,0,48.223862,1375500,53.6,54.0
2021-08-20 10:14:00,1.3,1.3,1.3,1.3,0,48.223862,1375500,53.8,54.0
2021-08-20 10:15:00,1.3,1.3,1.3,1.3,0,48.223862,1375500,53.8,54.0
2021-08-20 10:16:00,1.3,1.3,1.3,1.3,0,48.223862,1375500,53.8,54.0
2021-08-20 10:17:00,1.3,1.3,1.3,1.3,0,48.223862,1375500,53.8,54.0
2021-08-20 10:18:00,1.15,1.15,1.15,1.15,31500,45.539077,1354500,53.65,54.0
2021-08-20 10:19:00,1.15,1.15,1.15,1.15,0,45.539077,1354500,53.65,54.0
2021-08-20 10:20:00,1.15,1.15,1.15,1.15,0,45.539077,1354500,53.65,54.0
2021-08-20 10:21:00,1.15,1.15,1.15,1.15,0,45.539077,1354500,53.65,54.0
2021-08-20 10:22:00,1.15,1.15,1.15,1.15,0,45.539077,1354500,53.65,54.0
2021-08-20 10:23:00,1.15,1.15,1.15,1.15,0,45.539077,1354500,53.65,54.0
2021-08-20 10:24:00,1.15,1.15,1.15,1.15,0,45.539077,1354500,53.65,54.0
2021-08-20 10:25:00,1.15,1.15,1.15,1.15,0,45.539077,1354500,53.65,54.0
2021-08-20 10:26:00,1.15,1.15,1.15,1.15,0,45.539077,1354500,53.65,54.0
2021-08-20 10:27:00,1.45,1.45,1.45,1.45,10500,45.066864,871500,53.3,53.0
2021-08-20 10:28:00,1.45,1.45,1.45,1.45,0,45.066864,871500,53.3,53.0
2021-08-20 10:29:00,1.45,1.45,1.45,1.45,0,45.066864,871500,53.3,53.0
2021-08-20 10:30:00,1.45,1.45,1.45,1.45,0,45.066864,871500,53.25,53.0
2021-08-20 10:31:00,1.45,1.45,1.45,1.45,0,45.066864,871500,53.25,53.0
2021-08-20 10:32:00,1.45,1.45,1.45,1.45,0,45.066864,871500,53.3,53.0
2021-08-20 10:33:00,1.45,1.45,1.45,1.45,0,45.066864,871500,53.3,53.0
2021-08-20 10:34:00,1.45,1.45,1.45,1.45,0,45.066864,871500,53.3,53.0
2021-08-20 10:35:00,1.45,1.45,1.45,1.45,0,45.066864,871500,53.3,53.0
2021-08-20 10:36:00,1.35,1.35,1.3,1.3,21000,43.627491,934500,53.1,53.0
2021-08-20 10:37:00,1.3,1.3,1.3,1.3,0,43.627491,934500,53.1,53.0
2021-08-20 10:38:00,1.3,1.3,1.3,1.3,0,43.627491,934500,53.1,53.0
2021-08-20 10:39:00,1.3,1.3,1.3,1.3,0,43.627491,934500,53.1,53.0
2021-08-20 10:40:00,1.3,1.3,1.3,1.3,0,43.627491,934500,53.1,53.0
2021-08-20 10:41:00,1.3,1.3,1.3,1.3,0,43.627491,934500,53.1,53.0
2021-08-20 10:42:00,1.3,1.3,1.3,1.3,0,43.627491,934500,53.1,53.0
2021-08-20 10:43:00,1.3,1.3,1.3,1.3,0,43.627491,934500,53.1,53.0
2021-08-20 10:44:00,1.3,1.3,1.3,1.3,0,43.627491,934500,53.1,53.0
2021-08-20 10:45:00,1.3,1.3,1.3,1.3,0,43.627491,934500,52.95,53.0
2021-08-20 10:46:00,1.3,1.3,1.3,1.3,0,43.627491,934500,53.1,53.0
2021-08-20 10:47:00,1.3,1.3,1.3,1.3,0,43.627491,934500,53.1,53.0
2021-08-20 10:48:00,1.3,1.3,1.3,1.3,0,43.627491,934500,53.1,53.0
2021-08-20 10:49:00,1.3,1.3,1.3,1.3,0,43.627491,934500,53.1,53.0
2021-08-20 10:50:00,1.3,1.3,1.3,1.3,0,43.627491,934500,53.1,53.0
2021-08-20 10:51:00,1.3,1.3,1.3,1.3,0,43.627491,934500,53.0,53.0
2021-08-20 10:52:00,1.3,1.3,1.3,1.3,0,43.627491,934500,53.1,53.0
2021-08-20 10:53:00,1.3,1.3,1.3,1.3,0,43.627491,934500,53.1,53.0
2021-08-20 10:54:00,1.3,1.3,1.3,1.3,0,43.627491,934500,53.1,53.0
2021-08-20 10:55:00,1.3,1.3,1.3,1.3,0,43.627491,934500,53.1,53.0
2021-08-20 10:56:00,1.3,1.3,1.3,1.3,0,43.627491,934500,53.1,53.0
2021-08-20 10:57:00,1.3,1.3,1.3,1.3,0,43.627491,934500,53.1,53.0
2021-08-20 10:58:00,1.3,1.3,1.3,1.3,0,43.627491,934500,53.1,53.0
2021-08-20 10:59:00,1.3,1.3,1.3,1.3,0,43.627491,934500,53.1,53.0
2021-08-20 11:00:00,1.3,1.3,1.3,1.3,0,43.627491,934500,53.1,53.0
2021-08-20 11:01:00,1.3,1.3,1.3,1.3,0,43.627491,934500,53.1,53.0
2021-08-20 11:02:00,1.3,1.3,1.3,1.3,0,43.627491,934500,53.1,53.0
2021-08-20 11:03:00,1.3,1.3,1.3,1.3,0,43.627491,934500,53.1,53.0
2021-08-20 11:04:00,1.3,1.3,1.3,1.3,0,43.627491,934500,52.75,53.0
2021-08-20 11:05:00,1.3,1.3,1.3,1.3,0,43.627491,934500,53.1,53.0
2021-08-20 11:06:00,1.3,1.3,1.3,1.3,0,43.627491,934500,53.1,53.0
2021-08-20 11:07:00,1.3,1.3,1.3,1.3,0,43.627491,934500,52.9,53.0
2021-08-20 11:08:00,1.3,1.3,1.3,1.3,0,43.627491,934500,53.1,53.0
2021-08-20 11:09:00,1.3,1.3,1.3,1.3,0,43.627491,934500,53.1,53.0
2021-08-20 11:10:00,1.3,1.3,1.3,1.3,0,43.627491,934500,53.1,53.0
2021-08-20 11:11:00,1.3,1.3,1.3,1.3,0,43.627491,934500,53.1,53.0
2021-08-20 11:12:00,1.3,1.3,1.3,1.3,0,43.627491,934500,53.1,53.0
2021-08-20 11:13:00,1.3,1.3,1.3,1.3,0,43.627491,934500,53.1,53.0
2021-08-20 11:14:00,1.3,1.3,1.3,1.3,0,43.627491,934500,53.05,53.0
2021-08-20 11:15:00,1.3,1.3,1.3,1.3,0,43.627491,934500,53.1,53.0
2021-08-20 11:16:00,1.3,1.3,1.3,1.3,0,43.627491,934500,53.1,53.0
2021-08-20 11:17:00,1.3,1.3,1.3,1.3,0,43.627491,934500,53.1,53.0
2021-08-20 11:18:00,1.3,1.3,1.3,1.3,0,43.627491,934500,53.1,53.0
2021-08-20 11:19:00,1.3,1.3,1.3,1.3,0,43.627491,934500,53.1,53.0
2021-08-20 11:20:00,1.3,1.3,1.3,1.3,0,43.627491,934500,53.1,53.0
2021-08-20 11:21:00,1.3,1.3,1.3,1.3,0,43.627491,934500,53.1,53.0
2021-08-20 11:22:00,1.3,1.3,1.3,1.3,0,43.627491,934500,53.1,53.0
2021-08-20 11:23:00,1.3,1.3,1.3,1.3,0,43.627491,934500,53.1,53.0
2021-08-20 11:24:00,1.3,1.3,1.3,1.3,0,43.627491,934500,53.1,53.0
2021-08-20 11:25:00,1.5,1.5,1.5,1.5,10500,48.071917,1155000,53.25,53.0
2021-08-20 11:26:00,1.5,1.5,1.5,1.5,0,48.071917,1155000,53.25,53.0
2021-08-20 11:27:00,1.5,1.5,1.5,1.5,0,48.071917,1155000,53.25,53.0
2021-08-20 11:28:00,1.5,1.5,1.5,1.5,0,48.071917,1155000,53.25,53.0
2021-08-20 11:29:00,1.5,1.5,1.5,1.5,0,48.071917,1155000,53.25,53.0
2021-08-20 11:30:00,1.5,1.5,1.5,1.5,0,48.071917,1155000,53.25,53.0
2021-08-20 11:31:00,1.5,1.5,1.5,1.5,0,48.071917,1155000,53.25,53.0
2021-08-20 11:32:00,1.5,1.5,1.5,1.5,0,48.071917,1155000,53.25,53.0
2021-08-20 11:33:00,1.5,1.5,1.5,1.5,0,48.071917,1155000,53.25,53.0
2021-08-20 11:34:00,1.5,1.5,1.5,1.5,0,48.071917,1155000,53.25,53.0
2021-08-20 11:35:00,1.5,1.5,1.5,1.5,0,48.071917,1155000,53.25,53.0
2021-08-20 11:36:00,1.5,1.5,1.5,1.5,0,48.071917,1155000,53.25,53.0
2021-08-20 11:37:00,1.5,1.5,1.5,1.5,0,48.071917,1155000,53.25,53.0
2021-08-20 11:38:00,1.5,1.5,1.5,1.5,0,48.071917,1155000,53.25,53.0
2021-08-20 11:39:00,1.45,1.5,1.45,1.5,10500,47.094745,1113000,53.3,53.0
2021-08-20 11:40:00,1.55,1.55,1.55,1.55,10500,49.943158,1113000,53.25,53.0
2021-08-20 11:41:00,1.55,1.55,1.55,1.55,0,49.943158,1113000,53.25,53.0
2021-08-20 11:42:00,1.55,1.55,1.55,1.55,0,49.943158,1113000,53.25,53.0
2021-08-20 11:43:00,1.55,1.55,1.55,1.55,0,49.943158,1113000,53.25,53.0
2021-08-20 11:44:00,1.55,1.55,1.55,1.55,0,49.943158,1113000,53.25,53.0
2021-08-20 11:45:00,1.55,1.55,1.55,1.55,0,49.943158,1113000,53.05,53.0
2021-08-20 11:46:00,1.55,1.55,1.55,1.55,0,49.943158,1113000,53.25,53.0
2021-08-20 11:47:00,1.55,1.55,1.55,1.55,0,49.943158,1113000,53.25,53.0
2021-08-20 11:48:00,1.55,1.55,1.55,1.55,0,49.943158,1113000,53.25,53.0
2021-08-20 11:49:00,1.55,1.55,1.55,1.55,0,49.943158,1113000,53.25,53.0
2021-08-20 11:50:00,1.55,1.55,1.55,1.55,0,49.943158,1113000,52.95,53.0
2021-08-20 11:51:00,1.55,1.55,1.55,1.55,0,49.943158,1113000,53.25,53.0
2021-08-20 11:52:00,1.55,1.55,1.55,1.55,0,49.943158,1113000,53.25,53.0
2021-08-20 11:53:00,1.55,1.55,1.55,1.55,0,49.943158,1113000,53.25,53.0
2021-08-20 11:54:00,1.55,1.55,1.55,1.55,0,49.943158,1113000,53.25,53.0
2021-08-20 11:55:00,1.55,1.55,1.55,1.55,0,49.943158,1113000,53.25,53.0
2021-08-20 11:56:00,1.55,1.55,1.55,1.55,0,49.943158,1113000,53.25,53.0
2021-08-20 11:57:00,1.25,1.3,1.25,1.3,21000,46.724827,1092000,52.95,53.0
2021-08-20 11:58:00,1.3,1.3,1.3,1.3,0,46.724827,1092000,53.0,53.0
2021-08-20 11:59:00,1.3,1.3,1.3,1.3,0,46.724827,1092000,52.95,53.0
2021-08-20 12:00:00,1.3,1.3,1.3,1.3,0,46.724827,1092000,52.95,53.0
2021-08-20 12:01:00,1.3,1.3,1.3,1.3,0,46.724827,1092000,52.95,53.0
2021-08-20 12:02:00,1.3,1.3,1.3,1.3,0,46.724827,1092000,52.95,53.0
2021-08-20 12:03:00,1.3,1.3,1.3,1.3,0,46.724827,1092000,52.95,53.0
2021-08-20 12:04:00,1.3,1.3,1.3,1.3,0,46.724827,1092000,52.95,53.0
2021-08-20 12:05:00,1.3,1.3,1.3,1.3,0,46.724827,1092000,52.95,53.0
2021-08-20 12:06:00,1.3,1.3,1.3,1.3,0,46.724827,1092000,52.95,53.0
2021-08-20 12:07:00,1.3,1.3,1.3,1.3,0,46.724827,1092000,52.95,53.0
2021-08-20 12:08:00,1.3,1.3,1.3,1.3,0,46.724827,1092000,52.95,53.0
2021-08-20 12:09:00,1.3,1.3,1.3,1.3,0,46.724827,1092000,52.95,53.0
2021-08-20 12:10:00,1.3,1.3,1.3,1.3,0,46.724827,1092000,52.95,53.0
2021-08-20 12:11:00,1.3,1.3,1.3,1.3,0,46.724827,1092000,52.95,53.0
2021-08-20 12:12:00,1.3,1.3,1.3,1.3,0,46.724827,1092000,52.95,53.0
2021-08-20 12:13:00,1.3,1.3,1.3,1.3,0,46.724827,1092000,52.95,53.0
2021-08-20 12:14:00,1.3,1.3,1.3,1.3,0,46.724827,1092000,52.95,53.0
2021-08-20 12:15:00,1.3,1.3,1.3,1.3,0,46.724827,1092000,52.95,53.0
2021-08-20 12:16:00,1.3,1.3,1.3,1.3,10500,45.828322,1134000,53.0,53.0
2021-08-20 12:17:00,1.3,1.3,1.3,1.3,0,45.828322,1134000,53.0,53.0
2021-08-20 12:18:00,1.3,1.3,1.3,1.3,0,45.828322,1134000,53.0,53.0
2021-08-20 12:19:00,1.3,1.3,1.3,1.3,0,45.828322,1134000,52.9,53.0
2021-08-20 12:20:00,1.3,1.3,1.3,1.3,0,45.828322,1134000,53.0,53.0
2021-08-20 12:21:00,1.3,1.3,1.3,1.3,0,45.828322,1134000,53.0,53.0
2021-08-20 12:22:00,1.3,1.3,1.3,1.3,0,45.828322,1134000,53.0,53.0
2021-08-20 12:23:00,1.3,1.3,1.3,1.3,0,45.828322,1134000,53.0,53.0
2021-08-20 12:24:00,1.3,1.3,1.3,1.3,0,45.828322,1134000,53.0,53.0
2021-08-20 12:25:00,1.3,1.3,1.3,1.3,0,45.828322,1134000,53.0,53.0
2021-08-20 12:26:00,1.3,1.3,1.3,1.3,0,45.828322,1134000,53.0,53.0
2021-08-20 12:27:00,1.3,1.3,1.3,1.3,0,45.828322,1134000,53.0,53.0
2021-08-20 12:28:00,1.3,1.3,1.3,1.3,0,45.828322,1134000,53.0,53.0
2021-08-20 12:29:00,1.3,1.3,1.3,1.3,0,45.828322,1134000,53.0,53.0
2021-08-20 12:30:00,1.3,1.3,1.3,1.3,0,45.828322,1134000,52.9,53.0
2021-08-20 12:31:00,1.2,1.3,1.2,1.3,31500,47.761116,1176000,52.9,53.0
2021-08-20 12:32:00,1.3,1.3,1.3,1.3,0,47.761116,1176000,52.9,53.0
2021-08-20 12:33:00,1.3,1.3,1.3,1.3,0,47.761116,1176000,52.9,53.0
2021-08-20 12:34:00,1.3,1.3,1.3,1.3,0,47.761116,1176000,52.9,53.0
2021-08-20 12:35:00,1.3,1.3,1.3,1.3,0,47.761116,1176000,52.9,53.0
2021-08-20 12:36:00,1.3,1.3,1.3,1.3,0,47.761116,1176000,52.9,53.0
2021-08-20 12:37:00,1.3,1.3,1.3,1.3,0,47.761116,1176000,52.9,53.0
2021-08-20 12:38:00,1.3,1.3,1.3,1.3,0,47.761116,1176000,52.9,53.0
2021-08-20 12:39:00,1.3,1.3,1.3,1.3,0,47.761116,1176000,52.9,53.0
2021-08-20 12:40:00,1.3,1.3,1.3,1.3,0,47.761116,1176000,52.9,53.0
2021-08-20 12:41:00,1.3,1.3,1.3,1.3,0,47.761116,1176000,52.9,53.0
2021-08-20 12:42:00,1.3,1.3,1.3,1.3,0,47.761116,1176000,52.85,53.0
2021-08-20 12:43:00,1.3,1.3,1.3,1.3,0,47.761116,1176000,52.9,53.0
2021-08-20 12:44:00,1.3,1.3,1.3,1.3,0,47.761116,1176000,52.9,53.0
2021-08-20 12:45:00,1.25,1.25,1.25,1.25,10500,47.819432,1228500,52.8,53.0
2021-08-20 12:46:00,1.25,1.25,1.25,1.25,0,47.819432,1228500,52.8,53.0
2021-08-20 12:47:00,1.25,1.25,1.25,1.25,0,47.819432,1228500,52.8,53.0
2021-08-20 12:48:00,1.2,1.25,1.2,1.2,31500,45.993819,1239000,52.8,53.0
2021-08-20 12:49:00,1.2,1.2,1.2,1.2,0,45.993819,1239000,52.8,53.0
2021-08-20 12:50:00,1.2,1.2,1.2,1.2,0,45.993819,1239000,52.8,53.0
2021-08-20 12:51:00,1.2,1.2,1.2,1.2,0,45.993819,1239000,52.8,53.0
2021-08-20 12:52:00,1.2,1.2,1.2,1.2,0,45.993819,1239000,52.8,53.0
2021-08-20 12:53:00,1.2,1.2,1.2,1.2,0,45.993819,1239000,52.8,53.0
2021-08-20 12:54:00,1.2,1.2,1.2,1.2,0,45.993819,1239000,52.8,53.0
2021-08-20 12:55:00,1.2,1.2,1.2,1.2,0,45.993819,1239000,52.75,53.0
2021-08-20 12:56:00,1.15,1.15,1.15,1.15,21000,45.984479,1228500,52.7,53.0
2021-08-20 12:57:00,1.15,1.15,1.15,1.15,0,45.984479,1228500,52.7,53.0
2021-08-20 12:58:00,1.15,1.15,1.15,1.15,0,45.984479,1228500,52.7,53.0
2021-08-20 12:59:00,1.15,1.15,1.15,1.15,0,45.984479,1228500,52.7,53.0
2021-08-20 13:00:00,1.15,1.15,1.15,1.15,0,45.984479,1228500,52.7,53.0
2021-08-20 13:01:00,1.15,1.15,1.1,1.1,52500,44.157863,1260000,52.7,53.0
2021-08-20 13:02:00,1.1,1.1,1.1,1.1,0,44.157863,1260000,52.7,53.0
2021-08-20 13:03:00,1.1,1.1,1.1,1.1,0,44.157863,1260000,52.55,53.0
2021-08-20 13:04:00,1.1,1.1,1.1,1.1,0,44.157863,1260000,52.7,53.0
2021-08-20 13:05:00,1.1,1.1,1.1,1.1,0,44.157863,1260000,52.7,53.0
2021-08-20 13:06:00,1.1,1.1,1.1,1.1,0,44.157863,1260000,52.7,53.0
2021-08-20 13:07:00,1.1,1.1,1.1,1.1,0,44.157863,1260000,52.7,53.0
2021-08-20 13:08:00,1.1,1.1,1.1,1.1,0,44.157863,1260000,52.65,53.0
2021-08-20 13:09:00,1.1,1.1,1.1,1.1,0,44.157863,1260000,52.6,53.0
2021-08-20 13:10:00,1.1,1.1,1.1,1.1,0,44.157863,1260000,52.7,53.0
2021-08-20 13:11:00,1.1,1.1,1.1,1.1,0,44.157863,1260000,52.7,53.0
2021-08-20 13:12:00,1.1,1.1,1.1,1.1,0,44.157863,1260000,52.6,53.0
2021-08-20 13:13:00,1.1,1.1,1.1,1.1,0,44.157863,1260000,52.7,53.0
2021-08-20 13:14:00,1.1,1.1,1.1,1.1,0,44.157863,1260000,52.7,53.0
2021-08-20 13:15:00,1.1,1.1,1.1,1.1,0,44.157863,1260000,52.7,53.0
2021-08-20 13:16:00,1.1,1.1,1.1,1.1,0,44.157863,1260000,52.7,53.0
2021-08-20 13:17:00,1.1,1.1,1.1,1.1,0,44.157863,1260000,52.55,53.0
2021-08-20 13:18:00,1.1,1.1,1.1,1.1,0,44.157863,1260000,52.7,53.0
2021-08-20 13:19:00,1.1,1.1,1.1,1.1,0,44.157863,1260000,52.7,53.0
2021-08-20 13:20:00,1.1,1.1,1.1,1.1,0,44.157863,1260000,52.7,53.0
2021-08-20 13:21:00,1.1,1.1,1.1,1.1,0,44.157863,1260000,52.7,53.0
2021-08-20 13:22:00,1.1,1.1,1.1,1.1,10500,46.84714,1302000,52.55,53.0
2021-08-20 13:23:00,1.1,1.1,1.1,1.1,0,46.84714,1302000,52.45,52.0
2021-08-20 13:24:00,1.1,1.1,1.1,1.1,0,46.84714,1302000,52.55,53.0
2021-08-20 13:25:00,1.1,1.1,1.1,1.1,0,46.84714,1302000,52.55,53.0
2021-08-20 13:26:00,1.6,1.6,1.45,1.45,31500,47.51491,231000,52.25,52.0
2021-08-20 13:27:00,1.45,1.45,1.45,1.45,0,47.51491,231000,52.25,52.0
2021-08-20 13:28:00,1.45,1.45,1.45,1.45,0,47.51491,231000,52.25,52.0
2021-08-20 13:29:00,1.45,1.45,1.45,1.45,0,47.51491,231000,52.25,52.0
2021-08-20 13:30:00,1.1,1.1,1.1,1.1,21000,46.869849,1260000,52.55,53.0
2021-08-20 13:31:00,1.1,1.1,1.1,1.1,0,46.869849,1260000,52.55,53.0
2021-08-20 13:32:00,1.1,1.1,1.1,1.1,0,46.869849,1260000,52.55,53.0
2021-08-20 13:33:00,1.1,1.1,1.1,1.1,0,46.869849,1260000,52.55,53.0
2021-08-20 13:34:00,1.1,1.1,1.1,1.1,0,46.869849,1260000,52.55,53.0
2021-08-20 13:35:00,1.1,1.1,1.1,1.1,0,46.869849,1260000,52.45,52.0
2021-08-20 13:36:00,1.1,1.1,1.1,1.1,0,46.869849,1260000,52.45,52.0
2021-08-20 13:37:00,1.1,1.1,1.1,1.1,0,46.869849,1260000,52.55,53.0
2021-08-20 13:38:00,1.1,1.1,1.1,1.1,0,46.869849,1260000,52.55,53.0
2021-08-20 13:39:00,1.1,1.1,1.1,1.1,0,46.869849,1260000,52.4,52.0
2021-08-20 13:40:00,1.1,1.1,1.1,1.1,0,46.869849,1260000,52.55,53.0
2021-08-20 13:41:00,1.1,1.1,1.1,1.1,0,46.869849,1260000,52.55,53.0
2021-08-20 13:42:00,1.1,1.1,1.1,1.1,0,46.869849,1260000,52.4,52.0
2021-08-20 13:43:00,1.5,1.5,1.45,1.45,10500,46.517302,304500,52.3,52.0
2021-08-20 13:44:00,1.45,1.45,1.45,1.45,0,46.517302,304500,52.25,52.0
2021-08-20 13:45:00,1.45,1.45,1.45,1.45,0,46.517302,304500,52.3,52.0
2021-08-20 13:46:00,1.45,1.45,1.45,1.45,0,46.517302,304500,52.4,52.0
2021-08-20 13:47:00,1.45,1.45,1.45,1.45,0,46.517302,304500,52.4,52.0
2021-08-20 13:48:00,1.45,1.45,1.45,1.45,0,46.517302,304500,52.3,52.0
2021-08-20 13:49:00,1.45,1.45,1.45,1.45,0,46.517302,304500,52.3,52.0
2021-08-20 13:50:00,1.45,1.45,1.45,1.45,0,46.517302,304500,52.3,52.0
2021-08-20 13:51:00,1.45,1.45,1.45,1.45,0,46.517302,304500,52.3,52.0
2021-08-20 13:52:00,1.45,1.45,1.45,1.45,0,46.517302,304500,52.3,52.0
2021-08-20 13:53:00,1.45,1.45,1.45,1.45,0,46.517302,304500,52.3,52.0
2021-08-20 13:54:00,1.45,1.45,1.45,1.45,0,46.517302,304500,52.3,52.0
2021-08-20 13:55:00,1.45,1.45,1.45,1.45,0,46.517302,304500,52.3,52.0
2021-08-20 13:56:00,1.45,1.45,1.45,1.45,0,46.517302,304500,52.3,52.0
2021-08-20 13:57:00,1.45,1.45,1.45,1.45,0,46.517302,304500,52.3,52.0
2021-08-20 13:58:00,1.45,1.45,1.45,1.45,0,46.517302,304500,52.3,52.0
2021-08-20 13:59:00,1.45,1.45,1.45,1.45,0,46.517302,304500,52.25,52.0
2021-08-20 14:00:00,1.45,1.45,1.45,1.45,0,46.517302,304500,52.3,52.0
2021-08-20 14:01:00,1.45,1.45,1.45,1.45,0,46.517302,304500,52.3,52.0
2021-08-20 14:02:00,1.45,1.45,1.45,1.45,0,46.517302,304500,52.35,52.0
2021-08-20 14:03:00,1.45,1.45,1.45,1.45,0,46.517302,304500,52.3,52.0
2021-08-20 14:04:00,1.45,1.45,1.45,1.45,0,46.517302,304500,52.3,52.0
2021-08-20 14:05:00,1.45,1.45,1.45,1.45,0,46.517302,304500,52.3,52.0
2021-08-20 14:06:00,1.45,1.45,1.45,1.45,0,46.517302,304500,52.3,52.0
2021-08-20 14:07:00,1.45,1.45,1.45,1.45,0,46.517302,304500,52.3,52.0
2021-08-20 14:08:00,1.45,1.45,1.45,1.45,0,46.517302,304500,52.3,52.0
2021-08-20 14:09:00,1.45,1.45,1.45,1.45,0,46.517302,304500,52.3,52.0
2021-08-20 14:10:00,1.45,1.45,1.45,1.45,0,46.517302,304500,52.3,52.0
2021-08-20 14:11:00,1.45,1.45,1.45,1.45,0,46.517302,304500,52.3,52.0
2021-08-20 14:12:00,1.45,1.45,1.45,1.45,0,46.517302,304500,52.3,52.0
2021-08-20 14:13:00,1.45,1.45,1.45,1.45,0,46.517302,304500,52.35,52.0
2021-08-20 14:14:00,1.45,1.45,1.45,1.45,0,46.517302,304500,52.35,52.0
2021-08-20 14:15:00,1.45,1.45,1.45,1.45,0,46.517302,304500,52.3,52.0
2021-08-20 14:16:00,1.45,1.45,1.45,1.45,0,46.517302,304500,52.3,52.0
2021-08-20 14:17:00,1.45,1.45,1.45,1.45,0,46.517302,304500,52.5,52.0
2021-08-20 14:18:00,1.1,1.1,1.1,1.1,10500,47.006746,1344000,52.55,53.0
2021-08-20 14:19:00,1.4,1.5,1.4,1.5,21000,45.273033,367500,52.45,52.0
2021-08-20 14:20:00,1.5,1.5,1.5,1.5,0,45.273033,367500,52.45,52.0
2021-08-20 14:21:00,1.5,1.5,1.5,1.5,0,45.273033,367500,52.45,52.0
2021-08-20 14:22:00,1.5,1.5,1.5,1.5,0,45.273033,367500,52.45,52.0
2021-08-20 14:23:00,1.5,1.5,1.5,1.5,0,45.273033,367500,52.45,52.0
2021-08-20 14:24:00,1.5,1.5,1.5,1.5,0,45.273033,367500,52.45,52.0
2021-08-20 14:25:00,1.5,1.5,1.5,1.5,0,45.273033,367500,52.45,52.0
2021-08-20 14:26:00,1.5,1.5,1.5,1.5,0,45.273033,367500,52.45,52.0
2021-08-20 14:27:00,1.5,1.5,1.5,1.5,0,45.273033,367500,52.45,52.0
2021-08-20 14:28:00,1.5,1.5,1.5,1.5,0,45.273033,367500,52.45,52.0
2021-08-20 14:29:00,1.5,1.5,1.5,1.5,0,45.273033,367500,52.45,52.0
2021-08-20 14:30:00,1.5,1.5,1.5,1.5,0,45.273033,367500,52.45,52.0
2021-08-20 14:31:00,1.5,1.5,1.5,1.5,0,45.273033,367500,52.45,52.0
2021-08-20 14:32:00,1.5,1.5,1.5,1.5,0,45.273033,367500,52.45,52.0
2021-08-20 14:33:00,1.5,1.5,1.5,1.5,0,45.273033,367500,52.45,52.0
2021-08-20 14:34:00,1.5,1.5,1.5,1.5,10500,44.202813,378000,52.5,52.0
2021-08-20 14:35:00,1.5,1.5,1.5,1.5,0,44.202813,378000,52.5,52.0
2021-08-20 14:36:00,1.5,1.5,1.5,1.5,0,44.202813,378000,52.5,52.0
2021-08-20 14:37:00,1.5,1.5,1.5,1.5,0,44.202813,378000,52.5,52.0
2021-08-20 14:38:00,1.5,1.5,1.5,1.5,0,44.202813,378000,52.5,52.0
2021-08-20 14:39:00,1.5,1.5,1.5,1.5,0,44.202813,378000,52.45,52.0
2021-08-20 14:40:00,1.5,1.5,1.5,1.5,0,44.202813,378000,52.5,52.0
2021-08-20 14:41:00,1.5,1.5,1.5,1.5,0,44.202813,378000,52.5,52.0
2021-08-20 14:42:00,1.5,1.5,1.5,1.5,0,44.202813,378000,52.5,52.0
2021-08-20 14:43:00,1.5,1.5,1.5,1.5,0,44.202813,378000,52.5,52.0
2021-08-20 14:44:00,1.5,1.5,1.5,1.5,0,44.202813,378000,52.5,52.0
2021-08-20 14:45:00,1.5,1.5,1.5,1.5,0,44.202813,378000,52.5,52.0
2021-08-20 14:46:00,1.5,1.5,1.5,1.5,0,44.202813,378000,52.5,52.0
2021-08-20 14:47:00,1.5,1.5,1.5,1.5,0,44.202813,378000,52.5,52.0
2021-08-20 14:48:00,1.5,1.5,1.5,1.5,0,44.202813,378000,52.2,52.0
2021-08-20 14:49:00,1.5,1.5,1.5,1.5,0,44.202813,378000,52.5,52.0
2021-08-20 14:50:00,1.5,1.5,1.5,1.5,0,44.202813,378000,52.5,52.0
2021-08-20 14:51:00,1.35,1.4,1.35,1.4,21000,44.825285,378000,52.3,52.0
2021-08-20 14:52:00,1.4,1.4,1.4,1.4,0,44.825285,378000,52.25,52.0
2021-08-20 14:53:00,1.4,1.4,1.4,1.4,0,44.825285,378000,52.3,52.0
2021-08-20 14:54:00,1.4,1.4,1.4,1.4,0,44.825285,378000,52.3,52.0
2021-08-20 14:55:00,1.4,1.4,1.4,1.4,0,44.825285,378000,52.3,52.0
2021-08-20 14:56:00,1.4,1.4,1.4,1.4,0,44.825285,378000,52.3,52.0
2021-08-20 14:57:00,1.4,1.4,1.35,1.35,21000,47.093567,378000,52.1,52.0
2021-08-20 14:58:00,1.35,1.35,1.35,1.35,0,47.093567,378000,52.15,52.0
2021-08-20 14:59:00,1.35,1.35,1.35,1.35,10500,46.085739,378000,52.15,52.0
2021-08-20 15:00:00,1.35,1.35,1.35,1.35,10500,44.018868,388500,52.25,52.0
2021-08-20 15:01:00,1.35,1.35,1.35,1.35,0,44.018868,388500,52.25,52.0
2021-08-20 15:02:00,1.35,1.35,1.35,1.35,0,44.018868,388500,52.25,52.0
2021-08-20 15:03:00,1.35,1.35,1.3,1.3,21000,44.214837,399000,52.15,52.0
2021-08-20 15:04:00,1.3,1.3,1.3,1.3,0,44.214837,399000,52.2,52.0
2021-08-20 15:05:00,1.3,1.3,1.3,1.3,0,44.214837,399000,52.15,52.0
2021-08-20 15:06:00,1.3,1.3,1.3,1.3,0,44.214837,399000,52.15,52.0
2021-08-20 15:07:00,1.3,1.3,1.3,1.3,0,44.214837,399000,52.15,52.0
2021-08-20 15:08:00,1.3,1.3,1.3,1.3,0,44.214837,399000,52.15,52.0
2021-08-20 15:09:00,1.3,1.3,1.3,1.3,0,44.214837,399000,52.15,52.0
2021-08-20 15:10:00,1.3,1.3,1.3,1.3,0,44.214837,399000,52.15,52.0
2021-08-20 15:11:00,1.3,1.3,1.3,1.3,0,44.214837,399000,52.15,52.0
2021-08-20 15:12:00,1.3,1.3,1.3,1.3,0,44.214837,399000,52.15,52.0
2021-08-20 15:13:00,1.3,1.3,1.3,1.3,0,44.214837,399000,52.15,52.0
2021-08-20 15:14:00,1.3,1.3,1.3,1.3,0,44.214837,399000,52.15,52.0
2021-08-20 15:15:00,1.3,1.3,1.3,1.3,0,44.214837,399000,52.15,52.0
2021-08-20 15:16:00,1.3,1.3,1.3,1.3,0,44.214837,399000,52.15,52.0
2021-08-20 15:17:00,1.3,1.3,1.3,1.3,0,44.214837,399000,52.15,52.0
2021-08-20 15:18:00,1.3,1.3,1.3,1.3,0,44.214837,399000,52.15,52.0
2021-08-20 15:19:00,1.3,1.3,1.3,1.3,0,44.214837,399000,52.15,52.0
2021-08-20 15:20:00,1.3,1.3,1.3,1.3,0,44.214837,399000,52.15,52.0
2021-08-20 15:21:00,1.3,1.3,1.3,1.3,0,44.214837,399000,52.15,52.0
2021-08-20 15:22:00,1.3,1.3,1.3,1.3,0,44.214837,399000,52.15,52.0
2021-08-20 15:23:00,1.3,1.3,1.3,1.3,0,44.214837,399000,52.15,52.0
2021-08-20 15:24:00,1.3,1.3,1.3,1.3,0,44.214837,399000,52.15,52.0
2021-08-20 15:25:00,1.3,1.3,1.3,1.3,0,44.214837,399000,51.25,51.0
2021-08-20 15:26:00,1.3,1.3,1.3,1.3,0,44.214837,399000,52.15,52.0
2021-08-20 15:27:00,1.3,1.3,1.3,1.3,0,44.214837,399000,52.15,52.0
2021-08-20 15:28:00,1.4,1.4,1.4,1.4,21000,45.84215,52500,51.3,51.0
2021-08-20 15:29:00,1.0,1.0,1.0,1.0,31500,42.566604,577500,51.65,52.0
2021-08-23 09:27:00,1.25,1.25,1.25,1.25,10500,55.841305,556500,52.25,52.0
2021-08-23 09:28:00,1.25,1.25,1.25,1.25,0,55.841305,556500,52.25,52.0
2021-08-23 09:29:00,1.25,1.25,1.25,1.25,0,55.841305,556500,52.25,52.0
2021-08-23 09:30:00,1.25,1.25,1.25,1.25,0,55.841305,556500,52.25,52.0
2021-08-23 09:31:00,1.25,1.25,1.25,1.25,0,55.841305,556500,52.25,52.0
2021-08-23 09:32:00,1.25,1.25,1.25,1.25,0,55.841305,556500,52.25,52.0
2021-08-23 09:33:00,1.25,1.25,1.25,1.25,0,55.841305,556500,52.25,52.0
2021-08-23 09:34:00,1.25,1.25,1.25,1.25,0,55.841305,556500,52.25,52.0
2021-08-23 09:35:00,1.25,1.25,1.25,1.25,0,55.841305,556500,52.25,52.0
2021-08-23 09:36:00,1.25,1.25,1.25,1.25,0,55.841305,556500,52.05,52.0
2021-08-23 09:37:00,1.25,1.25,1.25,1.25,0,55.841305,556500,52.1,52.0
2021-08-23 09:38:00,1.25,1.25,1.25,1.25,0,55.841305,556500,52.1,52.0
2021-08-23 09:39:00,1.25,1.25,1.25,1.25,0,55.841305,556500,52.25,52.0
2021-08-23 09:40:00,1.25,1.25,1.25,1.25,0,55.841305,556500,52.25,52.0
2021-08-23 09:41:00,1.25,1.25,1.25,1.25,0,55.841305,556500,52.25,52.0
2021-08-23 09:42:00,1.25,1.25,1.25,1.25,0,55.841305,556500,52.25,52.0
2021-08-23 09:43:00,1.25,1.25,1.25,1.25,0,55.841305,556500,52.05,52.0
2021-08-23 09:44:00,1.25,1.25,1.25,1.25,0,55.841305,556500,52.25,52.0
2021-08-23 09:45:00,1.25,1.25,1.25,1.25,0,55.841305,556500,52.25,52.0
2021-08-23 09:46:00,1.25,1.25,1.25,1.25,0,55.841305,556500,52.25,52.0
2021-08-23 09:47:00,1.25,1.25,1.25,1.25,0,55.841305,556500,52.25,52.0
2021-08-23 09:48:00,1.0,1.0,0.9,0.9,10500,50.027565,808500,51.8,52.0
2021-08-23 09:49:00,0.9,0.9,0.9,0.9,0,50.027565,808500,51.8,52.0
2021-08-23 09:50:00,0.9,0.9,0.9,0.9,0,50.027565,808500,51.8,52.0
2021-08-23 09:51:00,0.9,0.9,0.9,0.9,0,50.027565,808500,51.8,52.0
2021-08-23 09:52:00,0.9,0.9,0.9,0.9,0,50.027565,808500,51.8,52.0
2021-08-23 09:53:00,0.9,0.9,0.9,0.9,21000,48.801273,808500,51.85,52.0
2021-08-23 09:54:00,0.8,0.8,0.8,0.8,115500,50.894349,735000,51.55,52.0
2021-08-23 09:55:00,0.8,0.8,0.8,0.8,0,50.894349,735000,51.55,52.0
2021-08-23 09:56:00,0.8,0.8,0.8,0.8,0,50.894349,735000,51.55,52.0
2021-08-23 09:57:00,0.8,0.8,0.8,0.8,0,50.894349,735000,51.55,52.0
2021-08-23 09:58:00,0.8,0.8,0.8,0.8,0,50.894349,735000,51.55,52.0
2021-08-23 09:59:00,0.8,0.8,0.8,0.8,0,50.894349,735000,51.55,52.0
2021-08-23 10:00:00,0.8,0.8,0.8,0.8,0,50.894349,735000,51.55,52.0
2021-08-23 10:01:00,0.8,0.8,0.8,0.8,0,50.894349,735000,51.55,52.0
2021-08-23 10:02:00,0.8,0.8,0.8,0.8,0,50.894349,735000,51.55,52.0
2021-08-23 10:03:00,0.8,0.8,0.8,0.8,0,50.894349,735000,51.55,52.0
2021-08-23 10:04:00,0.8,0.8,0.8,0.8,0,50.894349,735000,51.55,52.0
2021-08-23 10:05:00,0.8,0.8,0.8,0.8,0,50.894349,735000,51.55,52.0
2021-08-23 10:06:00,0.8,0.8,0.8,0.8,0,50.894349,735000,51.55,52.0
2021-08-23 10:07:00,0.8,0.8,0.8,0.8,0,50.894349,735000,51.55,52.0
2021-08-23 10:08:00,0.8,0.8,0.8,0.8,0,50.894349,735000,51.55,52.0
2021-08-23 10:09:00,0.95,0.95,0.9,0.9,10500,51.385295,882000,51.75,52.0
2021-08-23 10:10:00,0.9,0.9,0.9,0.9,0,51.385295,882000,51.75,52.0
2021-08-23 10:11:00,0.9,0.9,0.9,0.9,0,51.385295,882000,51.75,52.0
2021-08-23 10:12:00,0.9,0.9,0.9,0.9,0,51.385295,882000,51.55,52.0
2021-08-23 10:13:00,0.9,0.9,0.9,0.9,0,51.385295,882000,51.75,52.0
2021-08-23 10:14:00,0.9,0.9,0.9,0.9,0,51.385295,882000,51.75,52.0
2021-08-23 10:15:00,0.9,0.9,0.9,0.9,0,51.385295,882000,51.75,52.0
2021-08-23 10:16:00,0.9,0.9,0.9,0.9,0,51.385295,882000,51.75,52.0
2021-08-23 10:17:00,0.9,0.9,0.9,0.9,0,51.385295,882000,51.55,52.0
2021-08-23 10:18:00,0.9,0.9,0.9,0.9,0,51.385295,882000,51.55,52.0
2021-08-23 10:19:00,0.9,0.9,0.9,0.9,0,51.385295,882000,51.75,52.0
2021-08-23 10:20:00,0.9,0.9,0.9,0.9,0,51.385295,882000,51.75,52.0
2021-08-23 10:21:00,0.9,0.9,0.9,0.9,0,51.385295,882000,51.75,52.0
2021-08-23 10:22:00,0.9,0.9,0.9,0.9,0,51.385295,882000,51.75,52.0
2021-08-23 10:23:00,0.9,0.9,0.9,0.9,0,51.385295,882000,51.75,52.0
2021-08-23 10:24:00,0.9,0.9,0.9,0.9,0,51.385295,882000,51.75,52.0
2021-08-23 10:25:00,0.9,0.9,0.9,0.9,0,51.385295,882000,51.75,52.0
2021-08-23 10:26:00,0.9,0.9,0.9,0.9,0,51.385295,882000,51.75,52.0
2021-08-23 10:27:00,0.9,0.9,0.9,0.9,0,51.385295,882000,51.75,52.0
2021-08-23 10:28:00,0.9,0.9,0.9,0.9,0,51.385295,882000,51.75,52.0
2021-08-23 10:29:00,0.9,0.9,0.9,0.9,0,51.385295,882000,51.75,52.0
2021-08-23 10:30:00,0.9,0.9,0.9,0.9,0,51.385295,882000,51.75,52.0
2021-08-23 10:31:00,0.9,0.9,0.9,0.9,0,51.385295,882000,51.75,52.0
2021-08-23 10:32:00,0.9,0.9,0.9,0.9,0,51.385295,882000,51.75,52.0
2021-08-23 10:33:00,0.9,0.9,0.9,0.9,0,51.385295,882000,51.75,52.0
2021-08-23 10:34:00,0.9,0.9,0.9,0.9,0,51.385295,882000,51.75,52.0
2021-08-23 10:35:00,0.9,0.9,0.9,0.9,0,51.385295,882000,51.75,52.0
2021-08-23 10:36:00,0.9,0.9,0.9,0.9,0,51.385295,882000,51.75,52.0
2021-08-23 10:37:00,0.85,0.85,0.85,0.85,10500,54.838796,210000,50.55,51.0
2021-08-23 10:38:00,0.85,0.85,0.85,0.85,0,54.838796,210000,50.55,51.0
2021-08-23 10:39:00,0.85,0.85,0.85,0.85,0,54.838796,210000,50.55,51.0
2021-08-23 10:40:00,0.85,0.85,0.85,0.85,0,54.838796,210000,50.55,51.0
2021-08-23 10:41:00,0.85,0.85,0.85,0.85,0,54.838796,210000,50.5,50.0
2021-08-23 10:42:00,0.85,0.85,0.85,0.85,0,54.838796,210000,50.55,51.0
2021-08-23 10:43:00,0.85,0.85,0.85,0.85,0,54.838796,210000,50.55,51.0
2021-08-23 10:44:00,1.2,1.2,1.2,1.2,10500,55.937069,126000,50.25,50.0
2021-08-23 10:45:00,1.2,1.2,1.2,1.2,0,55.937069,126000,50.25,50.0
2021-08-23 10:46:00,1.2,1.2,1.2,1.2,0,55.937069,126000,50.25,50.0
2021-08-23 10:47:00,1.2,1.2,1.2,1.2,0,55.937069,126000,50.15,50.0
2021-08-23 10:48:00,1.2,1.2,1.2,1.2,0,55.937069,126000,50.25,50.0
2021-08-23 10:49:00,1.2,1.2,1.2,1.2,0,55.937069,126000,50.25,50.0
2021-08-23 10:50:00,1.1,1.1,1.1,1.1,10500,56.402697,136500,50.05,50.0
2021-08-23 10:51:00,1.1,1.1,1.1,1.1,0,56.402697,136500,50.05,50.0
2021-08-23 10:52:00,1.1,1.1,1.1,1.1,0,56.402697,136500,50.05,50.0
2021-08-23 10:53:00,1.1,1.1,1.1,1.1,0,56.402697,136500,50.05,50.0
2021-08-23 10:54:00,1.1,1.1,1.1,1.1,0,56.402697,136500,50.05,50.0
2021-08-23 10:55:00,1.1,1.1,1.1,1.1,0,56.402697,136500,50.05,50.0
2021-08-23 10:56:00,1.1,1.1,1.1,1.1,0,56.402697,136500,50.05,50.0
2021-08-23 10:57:00,1.1,1.1,1.1,1.1,0,56.402697,136500,50.05,50.0
2021-08-23 10:58:00,1.1,1.1,1.1,1.1,0,56.402697,136500,50.05,50.0
2021-08-23 10:59:00,1.1,1.1,1.1,1.1,0,56.402697,136500,50.5,50.0
2021-08-23 11:00:00,1.1,1.1,1.1,1.1,0,56.402697,136500,50.6,51.0
2021-08-23 11:01:00,1.1,1.1,1.1,1.1,0,56.402697,136500,50.05,50.0
2021-08-23 11:02:00,1.1,1.1,1.1,1.1,0,56.402697,136500,50.05,50.0
2021-08-23 11:03:00,1.1,1.1,1.1,1.1,0,56.402697,136500,50.05,50.0
2021-08-23 11:04:00,1.1,1.1,1.1,1.1,0,56.402697,136500,50.05,50.0
2021-08-23 11:05:00,1.1,1.1,1.1,1.1,0,56.402697,136500,50.5,50.0
2021-08-23 11:06:00,1.1,1.1,1.1,1.1,0,56.402697,136500,50.5,50.0
2021-08-23 11:07:00,1.1,1.1,1.1,1.1,0,56.402697,136500,50.05,50.0
2021-08-23 11:08:00,1.1,1.1,1.1,1.1,0,56.402697,136500,50.05,50.0
2021-08-23 11:09:00,1.1,1.1,1.1,1.1,0,56.402697,136500,50.05,50.0
2021-08-23 11:10:00,1.1,1.1,1.1,1.1,0,56.402697,136500,50.05,50.0
2021-08-23 11:11:00,1.1,1.1,1.1,1.1,0,56.402697,136500,50.05,50.0
2021-08-23 11:12:00,1.1,1.1,1.1,1.1,0,56.402697,136500,50.05,50.0
2021-08-23 11:13:00,1.1,1.1,1.1,1.1,0,56.402697,136500,50.05,50.0
2021-08-23 11:14:00,1.1,1.1,1.1,1.1,0,56.402697,136500,50.05,50.0
2021-08-23 11:15:00,1.1,1.1,1.1,1.1,0,56.402697,136500,50.05,50.0
2021-08-23 11:16:00,1.1,1.1,1.1,1.1,0,56.402697,136500,50.05,50.0
2021-08-23 11:17:00,1.1,1.1,1.1,1.1,0,56.402697,136500,50.05,50.0
2021-08-23 11:18:00,1.1,1.1,1.1,1.1,0,56.402697,136500,50.05,50.0
2021-08-23 11:19:00,1.1,1.1,1.1,1.1,0,56.402697,136500,50.05,50.0
2021-08-23 11:20:00,1.1,1.1,1.1,1.1,0,56.402697,136500,50.05,50.0
2021-08-23 11:21:00,1.1,1.1,1.1,1.1,0,56.402697,136500,50.05,50.0
2021-08-23 11:22:00,1.1,1.1,1.1,1.1,0,56.402697,136500,50.05,50.0
2021-08-23 11:23:00,1.1,1.1,1.1,1.1,0,56.402697,136500,50.05,50.0
2021-08-23 11:24:00,1.1,1.1,1.1,1.1,0,56.402697,136500,50.05,50.0
2021-08-23 11:25:00,1.1,1.1,1.1,1.1,0,56.402697,136500,50.05,50.0
2021-08-23 11:26:00,1.1,1.1,1.1,1.1,0,56.402697,136500,50.05,50.0
2021-08-23 11:27:00,1.1,1.1,1.1,1.1,0,56.402697,136500,50.05,50.0
2021-08-23 11:28:00,1.1,1.1,1.1,1.1,0,56.402697,136500,50.05,50.0
2021-08-23 11:29:00,0.9,0.9,0.9,0.9,10500,54.152888,483000,50.7,51.0
2021-08-23 11:30:00,0.9,0.9,0.9,0.9,0,54.152888,483000,50.7,51.0
2021-08-23 11:31:00,0.9,0.9,0.9,0.9,0,54.152888,483000,50.7,51.0
2021-08-23 11:32:00,0.9,0.95,0.9,0.95,10500,54.287673,462000,50.8,51.0
2021-08-23 11:33:00,0.95,0.95,0.95,0.95,0,54.287673,462000,50.8,51.0
2021-08-23 11:34:00,0.95,0.95,0.95,0.95,0,54.287673,462000,50.8,51.0
2021-08-23 11:35:00,0.95,0.95,0.95,0.95,0,54.287673,462000,50.9,51.0
2021-08-23 11:36:00,0.95,0.95,0.95,0.95,0,54.287673,462000,50.8,51.0
2021-08-23 11:37:00,0.95,0.95,0.95,0.95,0,54.287673,462000,50.8,51.0
2021-08-23 11:38:00,0.95,0.95,0.95,0.95,0,54.287673,462000,50.8,51.0
2021-08-23 11:39:00,0.95,0.95,0.95,0.95,0,54.287673,462000,50.8,51.0
2021-08-23 11:40:00,0.95,0.95,0.95,0.95,0,54.287673,462000,50.8,51.0
2021-08-23 11:41:00,0.95,0.95,0.95,0.95,0,54.287673,462000,50.8,51.0
2021-08-23 11:42:00,0.95,0.95,0.95,0.95,0,54.287673,462000,50.8,51.0
2021-08-23 11:43:00,0.95,0.95,0.95,0.95,0,54.287673,462000,50.8,51.0
2021-08-23 11:44:00,0.95,0.95,0.95,0.95,0,54.287673,462000,50.8,51.0
2021-08-23 11:45:00,0.95,0.95,0.95,0.95,0,54.287673,462000,50.8,51.0
2021-08-23 11:46:00,0.95,0.95,0.95,0.95,0,54.287673,462000,50.8,51.0
2021-08-23 11:47:00,0.95,0.95,0.95,0.95,0,54.287673,462000,50.8,51.0
2021-08-23 11:48:00,0.95,0.95,0.95,0.95,0,54.287673,462000,50.8,51.0
2021-08-23 11:49:00,0.95,0.95,0.95,0.95,0,54.287673,462000,50.8,51.0
2021-08-23 11:50:00,0.95,0.95,0.95,0.95,0,54.287673,462000,50.8,51.0
2021-08-23 11:51:00,0.95,0.95,0.95,0.95,0,54.287673,462000,50.8,51.0
2021-08-23 11:52:00,0.95,0.95,0.95,0.95,0,54.287673,462000,51.0,51.0
2021-08-23 11:53:00,0.95,0.95,0.95,0.95,0,54.287673,462000,50.8,51.0
2021-08-23 11:54:00,0.95,0.95,0.95,0.95,0,54.287673,462000,50.8,51.0
2021-08-23 11:55:00,0.95,0.95,0.95,0.95,0,54.287673,462000,50.8,51.0
2021-08-23 11:56:00,0.95,0.95,0.95,0.95,0,54.287673,462000,50.8,51.0
2021-08-23 11:57:00,0.95,0.95,0.95,0.95,0,54.287673,462000,50.8,51.0
2021-08-23 11:58:00,0.95,0.95,0.95,0.95,0,54.287673,462000,50.8,51.0
2021-08-23 11:59:00,0.95,0.95,0.95,0.95,0,54.287673,462000,50.8,51.0
2021-08-23 12:00:00,0.95,0.95,0.95,0.95,0,54.287673,462000,50.8,51.0
2021-08-23 12:01:00,0.95,0.95,0.95,0.95,0,54.287673,462000,50.8,51.0
2021-08-23 12:02:00,0.95,0.95,0.95,0.95,0,54.287673,462000,50.8,51.0
2021-08-23 12:03:00,0.95,0.95,0.95,0.95,0,54.287673,462000,50.8,51.0
2021-08-23 12:04:00,0.95,0.95,0.95,0.95,0,54.287673,462000,50.8,51.0
2021-08-23 12:05:00,1.15,1.3,1.15,1.3,63000,56.137138,483000,51.4,51.0
2021-08-23 12:06:00,0.85,0.9,0.85,0.9,42000,56.946859,1270500,51.55,52.0
2021-08-23 12:07:00,1.4,1.4,1.4,1.4,10500,61.499254,441000,51.4,51.0
2021-08-23 12:08:00,0.85,0.85,0.85,0.85,42000,54.317853,1270500,51.55,52.0
2021-08-23 12:09:00,0.9,0.9,0.9,0.9,10500,55.767793,1260000,51.6,52.0
2021-08-23 12:10:00,0.9,0.9,0.9,0.9,10500,54.562563,1260000,51.65,52.0
2021-08-23 12:11:00,0.95,1.0,0.95,1.0,52500,56.069388,1260000,51.8,52.0
2021-08-23 12:12:00,1.0,1.0,1.0,1.0,0,56.069388,1260000,51.8,52.0
2021-08-23 12:13:00,1.0,1.0,1.0,1.0,0,56.069388,1260000,51.8,52.0
2021-08-23 12:14:00,1.0,1.0,0.95,0.95,10500,57.215597,1249500,51.65,52.0
2021-08-23 12:15:00,0.95,0.95,0.95,0.95,0,57.215597,1249500,51.65,52.0
2021-08-23 12:16:00,0.95,0.95,0.95,0.95,0,57.215597,1249500,51.65,52.0
2021-08-23 12:17:00,1.55,1.55,1.3,1.3,21000,56.21519,420000,51.4,51.0
2021-08-23 12:18:00,1.3,1.3,1.3,1.3,0,56.21519,420000,51.4,51.0
2021-08-23 12:19:00,1.3,1.3,1.3,1.3,0,56.21519,420000,51.4,51.0
2021-08-23 12:20:00,1.3,1.3,1.3,1.3,0,56.21519,420000,51.35,51.0
2021-08-23 12:21:00,1.3,1.3,1.3,1.3,0,56.21519,420000,51.4,51.0
2021-08-23 12:22:00,1.3,1.3,1.3,1.3,0,56.21519,420000,51.4,51.0
2021-08-23 12:23:00,1.3,1.3,1.3,1.3,0,56.21519,420000,51.4,51.0
2021-08-23 12:24:00,1.3,1.3,1.3,1.3,0,56.21519,420000,51.4,51.0
2021-08-23 12:25:00,1.3,1.3,1.3,1.3,0,56.21519,420000,51.3,51.0
2021-08-23 12:26:00,1.3,1.3,1.3,1.3,0,56.21519,420000,51.4,51.0
2021-08-23 12:27:00,1.3,1.3,1.3,1.3,0,56.21519,420000,51.4,51.0
2021-08-23 12:28:00,1.3,1.3,1.3,1.3,0,56.21519,420000,51.4,51.0
2021-08-23 12:29:00,1.3,1.3,1.3,1.3,0,56.21519,420000,51.4,51.0
2021-08-23 12:30:00,1.3,1.3,1.3,1.3,0,56.21519,420000,51.35,51.0
2021-08-23 12:31:00,1.3,1.3,1.3,1.3,0,56.21519,420000,51.3,51.0
2021-08-23 12:32:00,1.3,1.3,1.3,1.3,0,56.21519,420000,51.4,51.0
2021-08-23 12:33:00,1.3,1.3,1.3,1.3,0,56.21519,420000,51.4,51.0
2021-08-23 12:34:00,1.3,1.3,1.3,1.3,0,56.21519,420000,51.4,51.0
2021-08-23 12:35:00,1.3,1.3,1.3,1.3,0,56.21519,420000,51.4,51.0
2021-08-23 12:36:00,1.3,1.3,1.3,1.3,0,56.21519,420000,51.4,51.0
2021-08-23 12:37:00,1.3,1.3,1.3,1.3,0,56.21519,420000,51.4,51.0
2021-08-23 12:38:00,1.3,1.3,1.3,1.3,0,56.21519,420000,51.4,51.0
2021-08-23 12:39:00,1.3,1.3,1.3,1.3,0,56.21519,420000,51.4,51.0
2021-08-23 12:40:00,1.3,1.3,1.3,1.3,0,56.21519,420000,51.4,51.0
2021-08-23 12:41:00,1.3,1.3,1.3,1.3,0,56.21519,420000,51.4,51.0
2021-08-23 12:42:00,1.3,1.3,1.3,1.3,0,56.21519,420000,51.3,51.0
2021-08-23 12:43:00,1.3,1.3,1.3,1.3,0,56.21519,420000,51.2,51.0
2021-08-23 12:44:00,1.3,1.3,1.3,1.3,0,56.21519,420000,51.2,51.0
2021-08-23 12:45:00,1.1,1.1,1.1,1.1,21000,54.600446,420000,51.1,51.0
2021-08-23 12:46:00,1.1,1.1,1.1,1.1,0,54.600446,420000,51.1,51.0
2021-08-23 12:47:00,1.1,1.1,1.1,1.1,0,54.600446,420000,51.1,51.0
2021-08-23 12:48:00,1.1,1.1,1.1,1.1,0,54.600446,420000,51.1,51.0
2021-08-23 12:49:00,1.1,1.1,1.1,1.1,0,54.600446,420000,51.1,51.0
2021-08-23 12:50:00,1.1,1.1,1.1,1.1,0,54.600446,420000,51.1,51.0
2021-08-23 12:51:00,1.1,1.1,1.1,1.1,0,54.600446,420000,51.1,51.0
2021-08-23 12:52:00,1.25,1.25,1.25,1.25,21000,52.175258,430500,51.45,51.0
2021-08-23 12:53:00,1.25,1.25,1.25,1.25,0,52.175258,430500,51.2,51.0
2021-08-23 12:54:00,1.15,1.15,1.15,1.15,21000,49.931084,420000,51.35,51.0
2021-08-23 12:55:00,1.15,1.15,1.15,1.15,0,49.931084,420000,51.35,51.0
2021-08-23 12:56:00,1.15,1.15,1.15,1.15,0,49.931084,420000,51.35,51.0
2021-08-23 12:57:00,1.15,1.15,1.15,1.15,0,49.931084,420000,51.35,51.0
2021-08-23 12:58:00,1.15,1.15,1.15,1.15,0,49.931084,420000,51.35,51.0
2021-08-23 12:59:00,1.15,1.15,1.15,1.15,0,49.931084,420000,51.35,51.0
2021-08-23 13:00:00,1.15,1.2,1.15,1.2,10500,51.102896,420000,51.4,51.0
2021-08-23 13:01:00,1.2,1.2,1.2,1.2,0,51.102896,420000,51.4,51.0
2021-08-23 13:02:00,1.2,1.2,1.2,1.2,0,51.102896,420000,51.4,51.0
2021-08-23 13:03:00,1.2,1.2,1.2,1.2,0,51.102896,420000,51.3,51.0
2021-08-23 13:04:00,1.2,1.2,1.2,1.2,0,51.102896,420000,51.4,51.0
2021-08-23 13:05:00,1.2,1.2,1.2,1.2,0,51.102896,420000,51.4,51.0
2021-08-23 13:06:00,1.2,1.2,1.2,1.2,0,51.102896,420000,51.4,51.0
2021-08-23 13:07:00,1.2,1.2,1.2,1.2,10500,51.145025,441000,51.4,51.0
2021-08-23 13:08:00,1.2,1.2,1.2,1.2,0,51.145025,441000,51.4,51.0
2021-08-23 13:09:00,1.2,1.2,1.2,1.2,0,51.145025,441000,51.4,51.0
2021-08-23 13:10:00,1.2,1.2,1.2,1.2,0,51.145025,441000,51.4,51.0
2021-08-23 13:11:00,1.2,1.2,1.2,1.2,0,51.145025,441000,51.4,51.0
2021-08-23 13:12:00,1.2,1.2,1.2,1.2,0,51.145025,441000,51.45,51.0
2021-08-23 13:13:00,1.2,1.2,1.2,1.2,0,51.145025,441000,51.4,51.0
2021-08-23 13:14:00,1.2,1.2,1.2,1.2,0,51.145025,441000,51.4,51.0
2021-08-23 13:15:00,1.2,1.2,1.2,1.2,0,51.145025,441000,51.4,51.0
2021-08-23 13:16:00,1.2,1.2,1.2,1.2,0,51.145025,441000,51.4,51.0
2021-08-23 13:17:00,0.85,0.85,0.8,0.8,10500,52.087058,1249500,51.55,52.0
2021-08-23 13:18:00,0.8,0.8,0.8,0.8,0,52.087058,1249500,51.55,52.0
2021-08-23 13:19:00,0.8,0.8,0.8,0.8,0,52.087058,1249500,51.65,52.0
2021-08-23 13:20:00,0.8,0.8,0.8,0.8,0,52.087058,1249500,51.55,52.0
2021-08-23 13:21:00,0.8,0.8,0.8,0.8,0,52.087058,1249500,51.55,52.0
2021-08-23 13:22:00,0.8,0.8,0.8,0.8,0,52.087058,1249500,51.55,52.0
2021-08-23 13:23:00,0.8,0.8,0.8,0.8,0,52.087058,1249500,51.55,52.0
2021-08-23 13:24:00,0.9,0.9,0.9,0.9,21000,53.79668,1249500,51.7,52.0
2021-08-23 13:25:00,0.9,0.9,0.9,0.9,0,53.79668,1249500,51.7,52.0
2021-08-23 13:26:00,0.9,0.9,0.9,0.9,0,53.79668,1249500,51.7,52.0
2021-08-23 13:27:00,1.1,1.15,1.1,1.15,73500,55.01041,1281000,52.15,52.0
2021-08-23 13:28:00,1.15,1.15,1.15,1.15,0,55.01041,1281000,52.15,52.0
2021-08-23 13:29:00,1.15,1.15,1.15,1.15,0,55.01041,1281000,52.15,52.0
2021-08-23 13:30:00,1.15,1.15,1.15,1.15,0,55.01041,1281000,52.15,52.0
2021-08-23 13:31:00,1.15,1.15,1.15,1.15,0,55.01041,1281000,52.15,52.0
2021-08-23 13:32:00,1.15,1.15,1.15,1.15,0,55.01041,1281000,52.1,52.0
2021-08-23 13:33:00,1.1,1.1,1.1,1.1,21000,53.829483,1270500,52.1,52.0
2021-08-23 13:34:00,1.1,1.1,1.1,1.1,0,53.829483,1270500,52.1,52.0
2021-08-23 13:35:00,1.1,1.1,1.1,1.1,0,53.829483,1270500,52.1,52.0
2021-08-23 13:36:00,1.1,1.1,1.1,1.1,0,53.829483,1270500,52.35,52.0
2021-08-23 13:37:00,1.35,1.35,1.35,1.35,84000,59.789159,1260000,52.35,52.0
2021-08-23 13:38:00,1.35,1.35,1.35,1.35,31500,62.738962,1260000,52.25,52.0
2021-08-23 13:39:00,1.35,1.35,1.35,1.35,0,62.738962,1260000,52.25,52.0
2021-08-23 13:40:00,1.35,1.35,1.35,1.35,0,62.738962,1260000,52.25,52.0
2021-08-23 13:41:00,1.35,1.35,1.35,1.35,10500,62.761031,1239000,52.25,52.0
2021-08-23 13:42:00,1.35,1.35,1.35,1.35,0,62.761031,1239000,52.15,52.0
2021-08-23 13:43:00,1.35,1.35,1.35,1.35,0,62.761031,1239000,52.25,52.0
2021-08-23 13:44:00,1.35,1.35,1.35,1.35,0,62.761031,1239000,52.25,52.0
2021-08-23 13:45:00,1.35,1.35,1.35,1.35,0,62.761031,1239000,52.25,52.0
2021-08-23 13:46:00,1.35,1.35,1.35,1.35,0,62.761031,1239000,52.25,52.0
2021-08-23 13:47:00,1.35,1.35,1.35,1.35,0,62.761031,1239000,52.25,52.0
2021-08-23 13:48:00,1.35,1.35,1.35,1.35,0,62.761031,1239000,52.25,52.0
2021-08-23 13:49:00,1.35,1.35,1.35,1.35,0,62.761031,1239000,52.25,52.0
2021-08-23 13:50:00,1.35,1.35,1.35,1.35,0,62.761031,1239000,52.25,52.0
2021-08-23 13:51:00,1.2,1.3,1.2,1.3,10500,57.239898,1228500,52.35,52.0
2021-08-23 13:52:00,1.3,1.3,1.3,1.3,10500,60.204262,1228500,52.25,52.0
2021-08-23 13:53:00,1.25,1.25,1.25,1.25,10500,56.10012,1228500,52.3,52.0
2021-08-23 13:54:00,1.25,1.25,1.25,1.25,0,56.10012,1228500,52.3,52.0
2021-08-23 13:55:00,1.25,1.25,1.25,1.25,0,56.10012,1228500,52.3,52.0
2021-08-23 13:56:00,1.25,1.25,1.25,1.25,0,56.10012,1228500,52.3,52.0
2021-08-23 13:57:00,1.25,1.25,1.25,1.25,0,56.10012,1228500,52.3,52.0
2021-08-23 13:58:00,1.1,1.15,1.1,1.15,52500,52.320378,1218000,52.25,52.0
2021-08-23 13:59:00,1.15,1.15,1.15,1.15,0,52.320378,1218000,52.25,52.0
2021-08-23 14:00:00,1.15,1.15,1.15,1.15,0,52.320378,1218000,52.25,52.0
2021-08-23 14:01:00,1.15,1.15,1.15,1.15,0,52.320378,1218000,52.25,52.0
2021-08-23 14:02:00,1.15,1.15,1.15,1.15,0,52.320378,1218000,52.25,52.0
2021-08-23 14:03:00,1.15,1.15,1.15,1.15,0,52.320378,1218000,52.25,52.0
2021-08-23 14:04:00,1.15,1.15,1.15,1.15,0,52.320378,1218000,52.25,52.0
2021-08-23 14:05:00,1.15,1.15,1.15,1.15,0,52.320378,1218000,52.25,52.0
2021-08-23 14:06:00,1.15,1.15,1.15,1.15,0,52.320378,1218000,52.25,52.0
2021-08-23 14:07:00,1.15,1.15,1.15,1.15,0,52.320378,1218000,52.25,52.0
2021-08-23 14:08:00,1.15,1.15,1.15,1.15,0,52.320378,1218000,52.25,52.0
2021-08-23 14:09:00,1.15,1.15,1.15,1.15,0,52.320378,1218000,52.25,52.0
2021-08-23 14:10:00,1.15,1.15,1.15,1.15,0,52.320378,1218000,52.25,52.0
2021-08-23 14:11:00,1.15,1.15,1.15,1.15,0,52.320378,1218000,52.25,52.0
2021-08-23 14:12:00,1.35,1.4,1.35,1.4,21000,59.651245,1228500,52.45,52.0
2021-08-23 14:13:00,1.4,1.4,1.4,1.4,0,59.651245,1228500,52.45,52.0
2021-08-23 14:14:00,1.4,1.4,1.4,1.4,0,59.651245,1228500,52.45,52.0
2021-08-23 14:15:00,1.4,1.4,1.4,1.4,0,59.651245,1228500,52.45,52.0
2021-08-23 14:16:00,1.4,1.4,1.4,1.4,0,59.651245,1228500,52.45,52.0
2021-08-23 14:17:00,1.4,1.4,1.4,1.4,0,59.651245,1228500,52.45,52.0
2021-08-23 14:18:00,1.4,1.4,1.4,1.4,0,59.651245,1228500,52.45,52.0
2021-08-23 14:19:00,1.4,1.4,1.4,1.4,0,59.651245,1228500,52.45,52.0
2021-08-23 14:20:00,1.4,1.4,1.4,1.4,0,59.651245,1228500,52.45,52.0
2021-08-23 14:21:00,1.4,1.4,1.4,1.4,0,59.651245,1228500,52.45,52.0
2021-08-23 14:22:00,1.4,1.4,1.4,1.4,0,59.651245,1228500,52.45,52.0
2021-08-23 14:23:00,1.4,1.4,1.4,1.4,0,59.651245,1228500,52.45,52.0
2021-08-23 14:24:00,1.2,1.2,1.1,1.1,168000,55.550056,1228500,52.05,52.0
2021-08-23 14:25:00,1.1,1.1,1.05,1.05,10500,51.519235,1228500,52.1,52.0
2021-08-23 14:26:00,1.05,1.05,1.05,1.05,0,51.519235,1228500,52.05,52.0
2021-08-23 14:27:00,1.05,1.05,1.05,1.05,0,51.519235,1228500,52.1,52.0
2021-08-23 14:28:00,1.05,1.05,1.05,1.05,0,51.519235,1228500,52.1,52.0
2021-08-23 14:29:00,1.05,1.05,1.05,1.05,0,51.519235,1228500,52.0,52.0
2021-08-23 14:30:00,1.05,1.1,1.05,1.1,10500,52.775889,1239000,52.15,52.0
2021-08-23 14:31:00,1.1,1.1,1.1,1.1,0,52.775889,1239000,52.1,52.0
2021-08-23 14:32:00,1.1,1.1,1.1,1.1,0,52.775889,1239000,52.15,52.0
2021-08-23 14:33:00,1.1,1.1,1.1,1.1,0,52.775889,1239000,52.15,52.0
2021-08-23 14:34:00,1.1,1.1,1.1,1.1,0,52.775889,1239000,52.15,52.0
2021-08-23 14:35:00,1.1,1.1,1.1,1.1,0,52.775889,1239000,52.15,52.0
2021-08-23 14:36:00,1.0,1.0,1.0,1.0,21000,54.408046,1260000,51.9,52.0
2021-08-23 14:37:00,1.0,1.0,0.95,0.95,10500,54.379312,1260000,51.8,52.0
2021-08-23 14:38:00,0.95,0.95,0.85,0.85,42000,50.346861,1260000,51.75,52.0
2021-08-23 14:39:00,0.85,0.85,0.85,0.85,0,50.346861,1260000,51.75,52.0
2021-08-23 14:40:00,0.85,0.85,0.85,0.85,0,50.346861,1260000,51.75,52.0
2021-08-23 14:41:00,0.85,0.85,0.85,0.85,0,50.346861,1260000,51.75,52.0
2021-08-23 14:42:00,0.85,0.85,0.85,0.85,0,50.346861,1260000,51.75,52.0
2021-08-23 14:43:00,0.85,0.85,0.85,0.85,0,50.346861,1260000,51.95,52.0
2021-08-23 14:44:00,0.95,0.95,0.95,0.95,10500,51.810295,1239000,51.9,52.0
2021-08-23 14:45:00,0.95,0.95,0.95,0.95,0,51.810295,1239000,51.8,52.0
2021-08-23 14:46:00,0.95,0.95,0.95,0.95,0,51.810295,1239000,51.8,52.0
2021-08-23 14:47:00,0.95,0.95,0.95,0.95,0,51.810295,1239000,51.9,52.0
2021-08-23 14:48:00,0.95,0.95,0.95,0.95,0,51.810295,1239000,51.9,52.0
2021-08-23 14:49:00,0.95,0.95,0.95,0.95,0,51.810295,1239000,51.9,52.0
2021-08-23 14:50:00,0.95,0.95,0.95,0.95,0,51.810295,1239000,51.9,52.0
2021-08-23 14:51:00,0.95,0.95,0.95,0.95,0,51.810295,1239000,51.65,52.0
2021-08-23 14:52:00,0.95,0.95,0.95,0.95,0,51.810295,1239000,51.9,52.0
2021-08-23 14:53:00,0.95,0.95,0.95,0.95,0,51.810295,1239000,51.9,52.0
2021-08-23 14:54:00,0.95,0.95,0.95,0.95,0,51.810295,1239000,51.9,52.0
2021-08-23 14:55:00,0.95,0.95,0.95,0.95,0,51.810295,1239000,51.9,52.0
2021-08-23 14:56:00,0.95,0.95,0.95,0.95,0,51.810295,1239000,51.6,52.0
2021-08-23 14:57:00,0.95,0.95,0.95,0.95,0,51.810295,1239000,51.9,52.0
2021-08-23 14:58:00,0.95,0.95,0.95,0.95,0,51.810295,1239000,51.9,52.0
2021-08-23 14:59:00,1.5,1.5,1.25,1.25,10500,51.336331,315000,51.5,51.0
2021-08-23 15:00:00,1.25,1.25,1.25,1.25,0,51.336331,315000,51.5,51.0
2021-08-23 15:01:00,1.25,1.25,1.25,1.25,0,51.336331,315000,51.5,51.0
2021-08-23 15:02:00,0.9,0.9,0.9,0.9,10500,56.906563,1260000,51.6,52.0
2021-08-23 15:03:00,0.9,0.9,0.9,0.9,10500,56.91334,1260000,51.6,52.0
2021-08-23 15:04:00,0.9,0.9,0.9,0.9,0,56.91334,1260000,51.6,52.0
2021-08-23 15:05:00,0.9,0.9,0.9,0.9,0,56.91334,1260000,51.6,52.0
2021-08-23 15:06:00,0.9,0.9,0.9,0.9,0,56.91334,1260000,51.6,52.0
2021-08-23 15:07:00,0.9,0.9,0.9,0.9,0,56.91334,1260000,51.6,52.0
2021-08-23 15:08:00,0.9,0.9,0.9,0.9,0,56.91334,1260000,51.6,52.0
2021-08-23 15:09:00,0.9,0.9,0.9,0.9,0,56.91334,1260000,51.6,52.0
2021-08-23 15:10:00,0.9,0.9,0.9,0.9,0,56.91334,1260000,51.6,52.0
2021-08-23 15:11:00,0.9,0.9,0.9,0.9,0,56.91334,1260000,51.6,52.0
2021-08-23 15:12:00,0.9,0.9,0.9,0.9,0,56.91334,1260000,51.6,52.0
2021-08-23 15:13:00,0.9,0.9,0.9,0.9,0,56.91334,1260000,51.6,52.0
2021-08-23 15:14:00,0.9,0.9,0.9,0.9,0,56.91334,1260000,51.6,52.0
2021-08-23 15:15:00,0.9,0.9,0.9,0.9,0,56.91334,1260000,51.6,52.0
2021-08-23 15:16:00,0.9,0.9,0.9,0.9,0,56.91334,1260000,51.5,52.0
2021-08-23 15:17:00,0.9,0.9,0.9,0.9,0,56.91334,1260000,51.6,52.0
2021-08-23 15:18:00,0.9,0.9,0.9,0.9,0,56.91334,1260000,51.6,52.0
2021-08-23 15:19:00,0.9,0.9,0.9,0.9,0,56.91334,1260000,51.6,52.0
2021-08-23 15:20:00,0.9,0.9,0.9,0.9,0,56.91334,1260000,51.6,52.0
2021-08-23 15:21:00,0.9,0.9,0.9,0.9,0,56.91334,1260000,51.6,52.0
2021-08-23 15:22:00,0.9,0.9,0.9,0.9,0,56.91334,1260000,51.6,52.0
2021-08-23 15:23:00,0.9,0.9,0.9,0.9,0,56.91334,1260000,51.6,52.0
2021-08-23 15:24:00,0.9,0.9,0.9,0.9,0,56.91334,1260000,51.6,52.0
2021-08-23 15:25:00,0.9,0.9,0.9,0.9,0,56.91334,1260000,51.25,51.0
2021-08-23 15:26:00,0.9,0.9,0.9,0.9,0,56.91334,1260000,51.6,52.0
2021-08-23 15:27:00,0.9,0.9,0.9,0.9,0,56.91334,1260000,51.6,52.0
2021-08-23 15:28:00,0.9,0.9,0.9,0.9,0,56.91334,1260000,51.6,52.0
2021-08-23 15:29:00,0.9,0.9,0.9,0.9,0,56.91334,1260000,51.6,52.0
2021-08-24 09:21:00,1.2,1.2,1.2,1.2,10500,62.179044,315000,51.35,51.0
2021-08-24 09:22:00,1.2,1.2,1.2,1.2,0,62.179044,315000,51.35,51.0
2021-08-24 09:23:00,1.2,1.2,1.2,1.2,0,62.179044,315000,51.35,51.0
2021-08-24 09:24:00,0.9,0.95,0.9,0.95,10500,66.383916,1627500,51.7,52.0
2021-08-24 09:25:00,0.95,0.95,0.95,0.95,0,66.383916,1627500,51.7,52.0
2021-08-24 09:26:00,0.95,0.95,0.95,0.95,0,66.383916,1627500,51.7,52.0
2021-08-24 09:27:00,0.95,0.95,0.95,0.95,31500,60.443192,1627500,51.9,52.0
2021-08-24 09:28:00,0.95,1.0,0.95,1.0,10500,63.527593,1627500,51.9,52.0
2021-08-24 09:29:00,1.0,1.0,1.0,1.0,31500,69.53124,1617000,51.7,52.0
2021-08-24 09:30:00,0.95,1.0,0.95,1.0,21000,65.073993,1617000,51.85,52.0
2021-08-24 09:31:00,1.0,1.0,1.0,1.0,0,65.073993,1617000,51.85,52.0
2021-08-24 09:32:00,1.0,1.0,1.0,1.0,0,65.073993,1617000,51.85,52.0
2021-08-24 09:33:00,1.0,1.0,1.0,1.0,0,65.073993,1617000,51.85,52.0
2021-08-24 09:34:00,1.0,1.0,1.0,1.0,0,65.073993,1617000,51.85,52.0
2021-08-24 09:35:00,1.0,1.0,1.0,1.0,0,65.073993,1617000,51.85,52.0
2021-08-24 09:36:00,1.0,1.0,1.0,1.0,0,65.073993,1617000,51.85,52.0
2021-08-24 09:37:00,1.0,1.0,1.0,1.0,0,65.073993,1617000,51.85,52.0
2021-08-24 09:38:00,1.0,1.0,1.0,1.0,0,65.073993,1617000,51.85,52.0
2021-08-24 09:39:00,1.0,1.0,1.0,1.0,0,65.073993,1617000,51.85,52.0
2021-08-24 09:40:00,1.0,1.0,1.0,1.0,0,65.073993,1617000,51.85,52.0
2021-08-24 09:41:00,1.0,1.0,1.0,1.0,0,65.073993,1617000,51.5,52.0
2021-08-24 09:42:00,1.0,1.0,1.0,1.0,0,65.073993,1617000,51.85,52.0
2021-08-24 09:43:00,1.0,1.0,1.0,1.0,0,65.073993,1617000,51.85,52.0
2021-08-24 09:44:00,1.0,1.0,1.0,1.0,0,65.073993,1617000,51.85,52.0
2021-08-24 09:45:00,1.0,1.0,1.0,1.0,0,65.073993,1617000,51.85,52.0
2021-08-24 09:46:00,1.0,1.0,1.0,1.0,0,65.073993,1617000,51.85,52.0
2021-08-24 09:47:00,1.0,1.0,1.0,1.0,0,65.073993,1617000,51.85,52.0
2021-08-24 09:48:00,1.0,1.0,1.0,1.0,0,65.073993,1617000,51.85,52.0
2021-08-24 09:49:00,1.0,1.0,1.0,1.0,0,65.073993,1617000,51.85,52.0
2021-08-24 09:50:00,1.0,1.0,1.0,1.0,0,65.073993,1617000,51.85,52.0
2021-08-24 09:51:00,1.0,1.0,1.0,1.0,0,65.073993,1617000,51.85,52.0
2021-08-24 09:52:00,1.0,1.0,1.0,1.0,0,65.073993,1617000,51.85,52.0
2021-08-24 09:53:00,1.0,1.0,1.0,1.0,0,65.073993,1617000,51.85,52.0
2021-08-24 09:54:00,1.0,1.0,1.0,1.0,0,65.073993,1617000,51.85,52.0
2021-08-24 09:55:00,1.0,1.0,1.0,1.0,0,65.073993,1617000,51.85,52.0
2021-08-24 09:56:00,1.0,1.0,1.0,1.0,0,65.073993,1617000,51.3,51.0
2021-08-24 09:57:00,1.0,1.0,1.0,1.0,0,65.073993,1617000,51.3,52.0
2021-08-24 09:58:00,1.0,1.0,1.0,1.0,0,65.073993,1617000,51.85,52.0
2021-08-24 09:59:00,1.0,1.0,1.0,1.0,0,65.073993,1617000,51.85,52.0
2021-08-24 10:00:00,1.0,1.0,1.0,1.0,0,65.073993,1617000,51.85,52.0
2021-08-24 10:01:00,1.0,1.0,1.0,1.0,0,65.073993,1617000,51.85,52.0
2021-08-24 10:02:00,1.0,1.0,1.0,1.0,0,65.073993,1617000,51.25,52.0
2021-08-24 10:03:00,1.0,1.0,1.0,1.0,0,65.073993,1617000,51.2,51.0
2021-08-24 10:04:00,1.0,1.0,1.0,1.0,0,65.073993,1617000,51.85,52.0
2021-08-24 10:05:00,1.0,1.0,1.0,1.0,0,65.073993,1617000,51.85,52.0
2021-08-24 10:06:00,1.0,1.0,1.0,1.0,0,65.073993,1617000,51.85,52.0
2021-08-24 10:07:00,1.0,1.0,1.0,1.0,0,65.073993,1617000,51.85,52.0
2021-08-24 10:08:00,1.0,1.0,1.0,1.0,0,65.073993,1617000,51.85,52.0
2021-08-24 10:09:00,1.0,1.0,1.0,1.0,0,65.073993,1617000,51.85,52.0
2021-08-24 10:10:00,1.0,1.0,1.0,1.0,0,65.073993,1617000,51.85,52.0
2021-08-24 10:11:00,1.0,1.0,1.0,1.0,0,65.073993,1617000,51.85,52.0
2021-08-24 10:12:00,1.0,1.0,1.0,1.0,0,65.073993,1617000,51.85,52.0
2021-08-24 10:13:00,1.0,1.0,1.0,1.0,0,65.073993,1617000,51.85,52.0
2021-08-24 10:14:00,1.0,1.0,1.0,1.0,0,65.073993,1617000,51.3,52.0
2021-08-24 10:15:00,1.0,1.0,1.0,1.0,0,65.073993,1617000,51.4,52.0
2021-08-24 10:16:00,1.05,1.05,1.05,1.05,21000,49.370461,346500,51.45,51.0
2021-08-24 10:17:00,1.05,1.05,1.05,1.05,0,49.370461,346500,51.55,52.0
2021-08-24 10:18:00,1.05,1.05,1.05,1.05,0,49.370461,346500,51.45,51.0
2021-08-24 10:19:00,1.05,1.05,1.05,1.05,0,49.370461,346500,51.45,51.0
2021-08-24 10:20:00,1.05,1.05,1.05,1.05,0,49.370461,346500,51.6,52.0
2021-08-24 10:21:00,0.7,0.7,0.7,0.7,10500,52.784484,1921500,51.65,52.0
2021-08-24 10:22:00,0.7,0.7,0.7,0.7,0,52.784484,1921500,51.65,52.0
2021-08-24 10:23:00,0.7,0.7,0.7,0.7,0,52.784484,1921500,51.65,52.0
2021-08-24 10:24:00,0.7,0.7,0.7,0.7,0,52.784484,1921500,51.65,52.0
2021-08-24 10:25:00,0.7,0.7,0.7,0.7,0,52.784484,1921500,51.65,52.0
2021-08-24 10:26:00,0.7,0.75,0.7,0.75,10500,57.381054,1911000,51.6,52.0
2021-08-24 10:27:00,0.75,0.75,0.75,0.75,0,57.381054,1911000,51.6,52.0
2021-08-24 10:28:00,0.75,0.75,0.75,0.75,0,57.381054,1911000,51.6,52.0
2021-08-24 10:29:00,0.75,0.75,0.75,0.75,0,57.381054,1911000,51.5,52.0
2021-08-24 10:30:00,0.75,0.75,0.75,0.75,0,57.381054,1911000,51.55,52.0
2021-08-24 10:31:00,0.75,0.75,0.75,0.75,0,57.381054,1911000,51.6,52.0
2021-08-24 10:32:00,0.75,0.75,0.75,0.75,0,57.381054,1911000,51.6,52.0
2021-08-24 10:33:00,0.75,0.75,0.75,0.75,0,57.381054,1911000,51.6,52.0
2021-08-24 10:34:00,0.75,0.75,0.75,0.75,0,57.381054,1911000,51.6,52.0
2021-08-24 10:35:00,0.75,0.75,0.75,0.75,0,57.381054,1911000,51.6,52.0
2021-08-24 10:36:00,0.75,0.75,0.75,0.75,0,57.381054,1911000,51.6,52.0
2021-08-24 10:37:00,0.75,0.75,0.75,0.75,0,57.381054,1911000,51.6,52.0
2021-08-24 10:38:00,0.75,0.75,0.75,0.75,0,57.381054,1911000,51.6,52.0
2021-08-24 10:39:00,0.75,0.75,0.75,0.75,0,57.381054,1911000,51.6,52.0
2021-08-24 10:40:00,0.75,0.75,0.75,0.75,0,57.381054,1911000,51.6,52.0
2021-08-24 10:41:00,0.75,0.75,0.75,0.75,0,57.381054,1911000,51.6,52.0
2021-08-24 10:42:00,0.75,0.75,0.75,0.75,0,57.381054,1911000,51.6,52.0
2021-08-24 10:43:00,0.75,0.75,0.75,0.75,0,57.381054,1911000,51.6,52.0
2021-08-24 10:44:00,0.75,0.75,0.75,0.75,0,57.381054,1911000,51.6,52.0
2021-08-24 10:45:00,0.75,0.75,0.75,0.75,0,57.381054,1911000,51.6,52.0
2021-08-24 10:46:00,0.75,0.75,0.75,0.75,0,57.381054,1911000,51.6,52.0
2021-08-24 10:47:00,0.7,0.7,0.7,0.7,10500,55.802387,1911000,51.55,52.0
2021-08-24 10:48:00,0.7,0.7,0.7,0.7,0,55.802387,1911000,51.55,52.0
2021-08-24 10:49:00,0.7,0.7,0.7,0.7,0,55.802387,1911000,51.55,52.0
2021-08-24 10:50:00,0.7,0.7,0.7,0.7,0,55.802387,1911000,51.55,52.0
2021-08-24 10:51:00,0.7,0.7,0.7,0.7,0,55.802387,1911000,51.55,52.0
2021-08-24 10:52:00,0.7,0.7,0.7,0.7,0,55.802387,1911000,51.55,52.0
2021-08-24 10:53:00,0.7,0.7,0.7,0.7,0,55.802387,1911000,51.55,52.0
2021-08-24 10:54:00,0.75,0.8,0.75,0.75,21000,56.224364,1911000,51.65,52.0
2021-08-24 10:55:00,0.75,0.75,0.75,0.75,0,56.224364,1911000,51.65,52.0
2021-08-24 10:56:00,0.75,0.75,0.75,0.75,0,56.224364,1911000,51.65,52.0
2021-08-24 10:57:00,0.75,0.75,0.75,0.75,0,56.224364,1911000,51.45,52.0
2021-08-24 10:58:00,0.75,0.75,0.75,0.75,0,56.224364,1911000,51.65,52.0
2021-08-24 10:59:00,0.75,0.75,0.75,0.75,0,56.224364,1911000,51.65,52.0
2021-08-24 11:00:00,0.75,0.75,0.75,0.75,0,56.224364,1911000,51.45,52.0
2021-08-24 11:01:00,0.75,0.75,0.75,0.75,0,56.224364,1911000,51.65,52.0
2021-08-24 11:02:00,0.75,0.75,0.75,0.75,0,56.224364,1911000,51.65,52.0
2021-08-24 11:03:00,0.75,0.75,0.75,0.75,0,56.224364,1911000,51.65,52.0
2021-08-24 11:04:00,0.75,0.75,0.75,0.75,0,56.224364,1911000,51.65,52.0
2021-08-24 11:05:00,0.75,0.75,0.75,0.75,0,56.224364,1911000,51.65,52.0
2021-08-24 11:06:00,0.75,0.75,0.75,0.75,0,56.224364,1911000,51.65,52.0
2021-08-24 11:07:00,0.75,0.75,0.75,0.75,0,56.224364,1911000,51.35,52.0
2021-08-24 11:08:00,0.75,0.75,0.75,0.75,0,56.224364,1911000,51.65,52.0
2021-08-24 11:09:00,0.75,0.75,0.75,0.75,0,56.224364,1911000,51.65,52.0
2021-08-24 11:10:00,0.75,0.75,0.75,0.75,0,56.224364,1911000,51.65,52.0
2021-08-24 11:11:00,0.75,0.75,0.75,0.75,0,56.224364,1911000,51.65,52.0
2021-08-24 11:12:00,0.75,0.75,0.75,0.75,0,56.224364,1911000,51.65,52.0
2021-08-24 11:13:00,0.75,0.75,0.75,0.75,0,56.224364,1911000,51.65,52.0
2021-08-24 11:14:00,0.75,0.75,0.75,0.75,0,56.224364,1911000,51.35,52.0
2021-08-24 11:15:00,0.75,0.75,0.75,0.75,0,56.224364,1911000,51.65,52.0
2021-08-24 11:16:00,0.75,0.75,0.75,0.75,0,56.224364,1911000,51.65,52.0
2021-08-24 11:17:00,0.75,0.75,0.75,0.75,0,56.224364,1911000,51.45,52.0
2021-08-24 11:18:00,0.75,0.75,0.75,0.75,0,56.224364,1911000,51.65,52.0
2021-08-24 11:19:00,0.75,0.75,0.75,0.75,0,56.224364,1911000,51.65,52.0
2021-08-24 11:20:00,0.75,0.75,0.75,0.75,0,56.224364,1911000,51.65,52.0
2021-08-24 11:21:00,0.75,0.75,0.75,0.75,0,56.224364,1911000,51.65,52.0
2021-08-24 11:22:00,0.75,0.75,0.75,0.75,0,56.224364,1911000,51.65,52.0
2021-08-24 11:23:00,0.75,0.75,0.75,0.75,0,56.224364,1911000,51.65,52.0
2021-08-24 11:24:00,0.75,0.75,0.75,0.75,0,56.224364,1911000,51.65,52.0
2021-08-24 11:25:00,0.75,0.75,0.75,0.75,0,56.224364,1911000,51.65,52.0
2021-08-24 11:26:00,0.75,0.75,0.75,0.75,0,56.224364,1911000,51.65,52.0
2021-08-24 11:27:00,0.75,0.75,0.75,0.75,0,56.224364,1911000,51.65,52.0
2021-08-24 11:28:00,0.75,0.75,0.75,0.75,0,56.224364,1911000,51.5,52.0
2021-08-24 11:29:00,0.75,0.75,0.75,0.75,0,56.224364,1911000,51.65,52.0
2021-08-24 11:30:00,0.75,0.75,0.75,0.75,0,56.224364,1911000,51.65,52.0
2021-08-24 11:31:00,0.7,0.7,0.7,0.7,10500,54.808199,1900500,51.6,52.0
2021-08-24 11:32:00,0.7,0.7,0.7,0.7,84000,54.817255,1900500,51.6,52.0
2021-08-24 11:33:00,0.7,0.7,0.7,0.7,0,54.817255,1900500,51.6,52.0
2021-08-24 11:34:00,0.7,0.7,0.7,0.7,0,54.817255,1900500,51.6,52.0
2021-08-24 11:35:00,0.7,0.7,0.7,0.7,0,54.817255,1900500,51.6,52.0
2021-08-24 11:36:00,0.7,0.7,0.7,0.7,0,54.817255,1900500,51.6,52.0
2021-08-24 11:37:00,0.75,0.8,0.75,0.8,21000,61.234751,1890000,51.6,52.0
2021-08-24 11:38:00,0.75,0.75,0.75,0.75,10500,56.63247,1890000,51.65,52.0
2021-08-24 11:39:00,0.75,0.75,0.75,0.75,0,56.63247,1890000,51.65,52.0
2021-08-24 11:40:00,0.75,0.75,0.75,0.75,0,56.63247,1890000,51.65,52.0
2021-08-24 11:41:00,0.75,0.75,0.75,0.75,0,56.63247,1890000,51.65,52.0
2021-08-24 11:42:00,0.75,0.75,0.75,0.75,0,56.63247,1890000,51.65,52.0
2021-08-24 11:43:00,0.75,0.75,0.75,0.75,0,56.63247,1890000,51.65,52.0
2021-08-24 11:44:00,0.75,0.75,0.75,0.75,0,56.63247,1890000,51.65,52.0
2021-08-24 11:45:00,0.75,0.75,0.75,0.75,0,56.63247,1890000,51.6,52.0
2021-08-24 11:46:00,0.75,0.75,0.75,0.75,0,56.63247,1890000,51.65,52.0
2021-08-24 11:47:00,0.75,0.75,0.75,0.75,0,56.63247,1890000,51.65,52.0
2021-08-24 11:48:00,0.75,0.75,0.75,0.75,0,56.63247,1890000,51.7,52.0
2021-08-24 11:49:00,0.75,0.75,0.75,0.75,0,56.63247,1890000,51.65,52.0
2021-08-24 11:50:00,0.75,0.75,0.75,0.75,0,56.63247,1890000,51.65,52.0
2021-08-24 11:51:00,0.75,0.75,0.75,0.75,0,56.63247,1890000,51.65,52.0
2021-08-24 11:52:00,0.75,0.75,0.75,0.75,0,56.63247,1890000,51.65,52.0
2021-08-24 11:53:00,0.75,0.75,0.75,0.75,0,56.63247,1890000,51.65,52.0
2021-08-24 11:54:00,0.75,0.75,0.75,0.75,0,56.63247,1890000,51.65,52.0
2021-08-24 11:55:00,0.9,0.9,0.9,0.9,21000,63.365204,1932000,51.75,52.0
2021-08-24 11:56:00,0.9,0.9,0.9,0.9,0,63.365204,1932000,51.75,52.0
2021-08-24 11:57:00,0.9,0.9,0.9,0.9,0,63.365204,1932000,51.75,52.0
2021-08-24 11:58:00,0.9,0.9,0.9,0.9,0,63.365204,1932000,51.75,52.0
2021-08-24 11:59:00,0.9,0.9,0.9,0.9,0,63.365204,1932000,51.75,52.0
2021-08-24 12:00:00,0.9,0.9,0.9,0.9,0,63.365204,1932000,51.7,52.0
2021-08-24 12:01:00,0.9,0.9,0.9,0.9,0,63.365204,1932000,51.75,52.0
2021-08-24 12:02:00,0.9,0.9,0.9,0.9,0,63.365204,1932000,51.75,52.0
2021-08-24 12:03:00,0.9,0.9,0.9,0.9,10500,58.847128,1932000,51.9,52.0
2021-08-24 12:04:00,0.9,0.9,0.9,0.9,0,58.847128,1932000,51.9,52.0
2021-08-24 12:05:00,0.9,0.9,0.9,0.9,0,58.847128,1932000,51.9,52.0
2021-08-24 12:06:00,0.9,0.9,0.9,0.9,0,58.847128,1932000,51.9,52.0
2021-08-24 12:07:00,0.9,0.9,0.9,0.9,0,58.847128,1932000,51.9,52.0
2021-08-24 12:08:00,0.9,0.9,0.9,0.9,0,58.847128,1932000,51.85,52.0
2021-08-24 12:09:00,0.9,0.9,0.9,0.9,10500,60.462911,1932000,51.85,52.0
2021-08-24 12:10:00,0.9,0.9,0.9,0.9,0,60.462911,1932000,51.85,52.0
2021-08-24 12:11:00,0.9,0.9,0.9,0.9,0,60.462911,1932000,51.85,52.0
2021-08-24 12:12:00,0.9,0.9,0.9,0.9,0,60.462911,1932000,51.85,52.0
2021-08-24 12:13:00,0.9,0.9,0.9,0.9,0,60.462911,1932000,51.85,52.0
2021-08-24 12:14:00,0.9,0.9,0.9,0.9,0,60.462911,1932000,51.85,52.0
2021-08-24 12:15:00,0.85,0.85,0.85,0.85,10500,57.362133,1942500,51.85,52.0
2021-08-24 12:16:00,0.85,0.85,0.85,0.85,0,57.362133,1942500,51.85,52.0
2021-08-24 12:17:00,0.85,0.85,0.85,0.85,0,57.362133,1942500,51.85,52.0
2021-08-24 12:18:00,0.85,0.85,0.85,0.85,0,57.362133,1942500,51.85,52.0
2021-08-24 12:19:00,0.85,0.85,0.85,0.85,0,57.362133,1942500,51.85,52.0
2021-08-24 12:20:00,0.85,0.85,0.85,0.85,0,57.362133,1942500,51.85,52.0
2021-08-24 12:21:00,0.85,0.85,0.85,0.85,0,57.362133,1942500,51.85,52.0
2021-08-24 12:22:00,0.85,0.85,0.85,0.85,0,57.362133,1942500,51.85,52.0
2021-08-24 12:23:00,0.85,0.85,0.85,0.85,0,57.362133,1942500,51.85,52.0
2021-08-24 12:24:00,0.85,0.85,0.85,0.85,0,57.362133,1942500,51.9,52.0
2021-08-24 12:25:00,0.85,0.85,0.85,0.85,0,57.362133,1942500,51.85,52.0
2021-08-24 12:26:00,0.85,0.85,0.85,0.85,0,57.362133,1942500,51.85,52.0
2021-08-24 12:27:00,0.85,0.85,0.85,0.85,0,57.362133,1942500,51.85,52.0
2021-08-24 12:28:00,0.85,0.85,0.85,0.85,0,57.362133,1942500,51.85,52.0
2021-08-24 12:29:00,0.85,0.85,0.85,0.85,0,57.362133,1942500,51.85,52.0
2021-08-24 12:30:00,0.85,0.85,0.85,0.85,0,57.362133,1942500,51.85,52.0
2021-08-24 12:31:00,0.85,0.85,0.85,0.85,0,57.362133,1942500,51.85,52.0
2021-08-24 12:32:00,0.85,0.85,0.85,0.85,0,57.362133,1942500,51.85,52.0
2021-08-24 12:33:00,0.8,0.8,0.8,0.8,10500,55.89472,1974000,51.8,52.0
2021-08-24 12:34:00,0.8,0.8,0.8,0.8,0,55.89472,1974000,51.8,52.0
2021-08-24 12:35:00,0.8,0.8,0.8,0.8,0,55.89472,1974000,51.8,52.0
2021-08-24 12:36:00,0.8,0.8,0.8,0.8,0,55.89472,1974000,51.85,52.0
2021-08-24 12:37:00,0.8,0.8,0.8,0.8,0,55.89472,1974000,51.8,52.0
2021-08-24 12:38:00,0.8,0.8,0.8,0.8,0,55.89472,1974000,51.8,52.0
2021-08-24 12:39:00,0.8,0.8,0.8,0.8,0,55.89472,1974000,51.8,52.0
2021-08-24 12:40:00,0.8,0.8,0.8,0.8,0,55.89472,1974000,51.8,52.0
2021-08-24 12:41:00,0.8,0.8,0.8,0.8,0,55.89472,1974000,51.8,52.0
2021-08-24 12:42:00,0.8,0.8,0.8,0.8,0,55.89472,1974000,51.8,52.0
2021-08-24 12:43:00,0.8,0.8,0.8,0.8,0,55.89472,1974000,51.8,52.0
2021-08-24 12:44:00,0.8,0.8,0.8,0.8,0,55.89472,1974000,51.8,52.0
2021-08-24 12:45:00,0.8,0.8,0.8,0.8,0,55.89472,1974000,51.8,52.0
2021-08-24 12:46:00,0.8,0.8,0.8,0.8,0,55.89472,1974000,51.8,52.0
2021-08-24 12:47:00,0.8,0.8,0.8,0.8,0,55.89472,1974000,51.8,52.0
2021-08-24 12:48:00,0.8,0.8,0.8,0.8,0,55.89472,1974000,51.8,52.0
2021-08-24 12:49:00,0.8,0.8,0.8,0.8,0,55.89472,1974000,51.8,52.0
2021-08-24 12:50:00,0.8,0.8,0.8,0.8,0,55.89472,1974000,51.8,52.0
2021-08-24 12:51:00,0.8,0.8,0.8,0.8,0,55.89472,1974000,51.8,52.0
2021-08-24 12:52:00,0.8,0.8,0.8,0.8,0,55.89472,1974000,51.8,52.0
2021-08-24 12:53:00,0.8,0.8,0.8,0.8,0,55.89472,1974000,51.8,52.0
2021-08-24 12:54:00,0.8,0.8,0.8,0.8,0,55.89472,1974000,51.8,52.0
2021-08-24 12:55:00,0.8,0.8,0.8,0.8,0,55.89472,1974000,51.8,52.0
2021-08-24 12:56:00,0.8,0.8,0.8,0.8,0,55.89472,1974000,51.8,52.0
2021-08-24 12:57:00,0.8,0.8,0.8,0.8,0,55.89472,1974000,51.8,52.0
2021-08-24 12:58:00,0.8,0.8,0.8,0.8,0,55.89472,1974000,51.8,52.0
2021-08-24 12:59:00,0.8,0.8,0.8,0.8,0,55.89472,1974000,51.8,52.0
2021-08-24 13:00:00,0.95,1.05,0.95,0.95,115500,54.351204,1953000,52.15,52.0
2021-08-24 13:01:00,0.95,0.95,0.95,0.95,0,54.351204,1953000,52.15,52.0
2021-08-24 13:02:00,0.95,0.95,0.95,0.95,0,54.351204,1953000,52.15,52.0
2021-08-24 13:03:00,1.1,1.1,1.1,1.1,10500,62.200663,1953000,52.2,52.0
2021-08-24 13:04:00,1.1,1.1,1.1,1.1,0,62.200663,1953000,52.3,52.0
2021-08-24 13:05:00,1.1,1.1,1.1,1.1,0,62.200663,1953000,52.2,52.0
2021-08-24 13:06:00,1.1,1.1,1.1,1.1,0,62.200663,1953000,52.2,52.0
2021-08-24 13:07:00,0.95,0.95,0.95,0.95,63000,54.416411,1932000,52.15,52.0
2021-08-24 13:08:00,0.95,0.95,0.95,0.95,31500,52.681905,1932000,52.2,52.0
2021-08-24 13:09:00,0.95,1.0,0.95,0.95,199500,49.082004,1911000,52.3,52.0
2021-08-24 13:10:00,0.95,0.95,0.9,0.9,84000,49.504258,1911000,52.2,52.0
2021-08-24 13:11:00,0.9,0.9,0.9,0.9,0,49.504258,1911000,52.1,52.0
2021-08-24 13:12:00,0.8,0.8,0.8,0.8,52500,49.953563,1879500,52.0,52.0
2021-08-24 13:13:00,0.8,0.8,0.8,0.8,0,49.953563,1879500,52.05,52.0
2021-08-24 13:14:00,0.8,0.8,0.8,0.8,0,49.953563,1879500,52.0,52.0
2021-08-24 13:15:00,0.8,0.8,0.8,0.8,0,49.953563,1879500,52.0,52.0
2021-08-24 13:16:00,0.8,0.8,0.8,0.8,0,49.953563,1879500,52.0,52.0
2021-08-24 13:17:00,0.8,0.8,0.8,0.8,0,49.953563,1879500,52.0,52.0
2021-08-24 13:18:00,0.8,0.8,0.8,0.8,0,49.953563,1879500,52.0,52.0
2021-08-24 13:19:00,0.8,0.8,0.8,0.8,0,49.953563,1879500,52.0,52.0
2021-08-24 13:20:00,0.8,0.8,0.8,0.8,0,49.953563,1879500,52.0,52.0
2021-08-24 13:21:00,0.8,0.8,0.8,0.8,0,49.953563,1879500,52.0,52.0
2021-08-24 13:22:00,0.8,0.8,0.8,0.8,0,49.953563,1879500,52.1,52.0
2021-08-24 13:23:00,0.85,0.85,0.85,0.85,21000,48.174112,1869000,52.15,52.0
2021-08-24 13:24:00,0.85,0.85,0.85,0.85,0,48.174112,1869000,52.15,52.0
2021-08-24 13:25:00,0.85,0.85,0.85,0.85,0,48.174112,1869000,52.15,52.0
2021-08-24 13:26:00,0.85,0.85,0.85,0.85,0,48.174112,1869000,52.15,52.0
2021-08-24 13:27:00,0.85,0.85,0.85,0.85,0,48.174112,1869000,52.15,52.0
2021-08-24 13:28:00,0.9,0.9,0.9,0.9,10500,47.859586,1858500,52.25,52.0
2021-08-24 13:29:00,0.9,0.9,0.9,0.9,0,47.859586,1858500,52.25,52.0
2021-08-24 13:30:00,0.9,0.9,0.9,0.9,0,47.859586,1858500,52.25,52.0
2021-08-24 13:31:00,0.9,0.9,0.9,0.9,0,47.859586,1858500,52.25,52.0
2021-08-24 13:32:00,0.9,0.9,0.9,0.9,0,47.859586,1858500,52.25,52.0
2021-08-24 13:33:00,0.9,0.9,0.9,0.9,0,47.859586,1858500,52.25,52.0
2021-08-24 13:34:00,0.9,0.9,0.9,0.9,0,47.859586,1858500,52.25,52.0
2021-08-24 13:35:00,0.55,0.75,0.55,0.75,294000,59.48854,1900500,52.55,53.0
2021-08-24 13:36:00,0.75,0.75,0.75,0.75,0,59.48854,1900500,52.55,53.0
2021-08-24 13:37:00,0.75,0.75,0.75,0.75,0,59.48854,1900500,52.55,53.0
2021-08-24 13:38:00,0.75,0.75,0.75,0.75,0,59.48854,1900500,52.55,53.0
2021-08-24 13:39:00,0.75,0.75,0.75,0.75,0,59.48854,1900500,52.55,53.0
2021-08-24 13:40:00,0.75,0.75,0.75,0.75,0,59.48854,1900500,52.55,53.0
2021-08-24 13:41:00,0.75,0.75,0.75,0.75,0,59.48854,1900500,52.55,53.0
2021-08-24 13:42:00,0.75,0.75,0.75,0.75,0,59.48854,1900500,52.55,53.0
2021-08-24 13:43:00,0.75,0.75,0.75,0.75,0,59.48854,1900500,52.55,53.0
2021-08-24 13:44:00,0.75,0.75,0.75,0.75,0,59.48854,1900500,52.55,53.0
2021-08-24 13:45:00,0.75,0.75,0.75,0.75,0,59.48854,1900500,52.55,53.0
2021-08-24 13:46:00,0.75,0.75,0.75,0.75,0,59.48854,1900500,52.55,53.0
2021-08-24 13:47:00,0.75,0.75,0.75,0.75,0,59.48854,1900500,52.55,53.0
2021-08-24 13:48:00,0.75,0.75,0.75,0.75,0,59.48854,1900500,52.45,52.0
2021-08-24 13:49:00,1.0,1.0,1.0,1.0,42000,44.848003,1858500,52.5,52.0
2021-08-24 13:50:00,1.0,1.0,1.0,1.0,0,44.848003,1858500,52.6,52.0
2021-08-24 13:51:00,0.7,0.7,0.7,0.7,10500,56.443469,1806000,52.55,53.0
2021-08-24 13:52:00,0.7,0.7,0.7,0.7,0,56.443469,1806000,52.55,53.0
2021-08-24 13:53:00,0.7,0.7,0.7,0.7,0,56.443469,1806000,52.55,53.0
2021-08-24 13:54:00,0.7,0.7,0.7,0.7,0,56.443469,1806000,52.55,53.0
2021-08-24 13:55:00,0.7,0.7,0.7,0.7,0,56.443469,1806000,52.55,53.0
2021-08-24 13:56:00,0.7,0.7,0.7,0.7,0,56.443469,1806000,52.55,53.0
2021-08-24 13:57:00,0.7,0.7,0.7,0.7,0,56.443469,1806000,52.55,53.0
2021-08-24 13:58:00,0.7,0.7,0.7,0.7,0,56.443469,1806000,52.6,52.0
2021-08-24 13:59:00,0.7,0.7,0.7,0.7,84000,56.521575,1764000,52.55,53.0
2021-08-24 14:00:00,0.7,0.75,0.7,0.75,42000,56.895904,1795500,52.65,53.0
2021-08-24 14:01:00,0.75,0.75,0.75,0.75,63000,58.339183,1795500,52.6,53.0
2021-08-24 14:02:00,0.75,0.75,0.75,0.75,0,58.339183,1795500,52.6,53.0
2021-08-24 14:03:00,0.75,0.75,0.75,0.75,0,58.339183,1795500,52.6,53.0
2021-08-24 14:04:00,0.75,0.75,0.75,0.75,0,58.339183,1795500,52.55,52.0
2021-08-24 14:05:00,0.75,0.75,0.75,0.75,0,58.339183,1795500,52.6,52.0
2021-08-24 14:06:00,0.75,0.75,0.75,0.75,0,58.339183,1795500,52.6,53.0
2021-08-24 14:07:00,0.75,0.75,0.75,0.75,0,58.339183,1795500,52.6,53.0
2021-08-24 14:08:00,0.8,0.85,0.8,0.85,73500,55.805108,1816500,52.9,53.0
2021-08-24 14:09:00,0.85,0.85,0.85,0.85,0,55.805108,1816500,52.9,53.0
2021-08-24 14:10:00,0.85,0.85,0.85,0.85,0,55.805108,1816500,52.9,53.0
2021-08-24 14:11:00,1.1,1.15,1.05,1.05,325500,63.631186,1816500,53.05,53.0
2021-08-24 14:12:00,1.05,1.05,1.05,1.05,0,63.631186,1816500,53.05,53.0
2021-08-24 14:13:00,1.05,1.05,1.05,1.05,0,63.631186,1816500,53.05,53.0
2021-08-24 14:14:00,1.25,1.25,1.2,1.25,651000,74.62751,1953000,53.1,53.0
2021-08-24 14:15:00,1.25,1.25,1.2,1.25,472500,69.528977,2488500,53.25,53.0
2021-08-24 14:16:00,1.3,1.3,1.3,1.3,178500,72.705412,2488500,53.25,53.0
2021-08-24 14:17:00,1.3,1.3,1.3,1.3,0,72.705412,2488500,53.25,53.0
2021-08-24 14:18:00,1.3,1.3,1.3,1.3,0,72.705412,2488500,53.25,53.0
2021-08-24 14:19:00,1.3,1.3,1.3,1.3,0,72.705412,2488500,53.25,53.0
2021-08-24 14:20:00,1.3,1.3,1.3,1.3,0,72.705412,2488500,53.25,53.0
2021-08-24 14:21:00,1.3,1.3,1.25,1.25,105000,64.23378,2352000,53.4,53.0
2021-08-24 14:22:00,1.25,1.25,1.25,1.25,0,64.23378,2352000,53.4,53.0
2021-08-24 14:23:00,1.25,1.25,1.25,1.25,0,64.23378,2352000,53.4,53.0
2021-08-24 14:24:00,1.2,1.2,1.15,1.2,63000,62.905053,2226000,53.35,53.0
2021-08-24 14:25:00,1.2,1.2,1.1,1.1,294000,60.133648,2226000,53.25,53.0
2021-08-24 14:26:00,1.1,1.1,1.1,1.1,42000,61.891767,2226000,53.2,53.0
2021-08-24 14:27:00,1.1,1.1,1.1,1.1,0,61.891767,2226000,53.2,53.0
2021-08-24 14:28:00,1.1,1.1,1.1,1.1,0,61.891767,2226000,53.2,53.0
2021-08-24 14:29:00,1.1,1.1,1.1,1.1,31500,60.175904,2289000,53.25,53.0
2021-08-24 14:30:00,1.1,1.1,1.1,1.1,0,60.175904,2289000,53.25,53.0
2021-08-24 14:31:00,1.1,1.1,1.1,1.1,0,60.175904,2289000,53.25,53.0
2021-08-24 14:32:00,1.1,1.2,1.1,1.2,84000,66.561318,2299500,53.25,53.0
2021-08-24 14:33:00,1.1,1.1,1.1,1.1,84000,61.967843,2289000,53.2,53.0
2021-08-24 14:34:00,1.1,1.1,1.05,1.05,42000,62.221509,2289000,53.1,53.0
2021-08-24 14:35:00,1.05,1.05,1.05,1.05,0,62.221509,2289000,53.1,53.0
2021-08-24 14:36:00,1.05,1.05,1.05,1.05,0,62.221509,2289000,53.1,53.0
2021-08-24 14:37:00,1.05,1.05,1.05,1.05,0,62.221509,2289000,53.1,53.0
2021-08-24 14:38:00,1.05,1.05,1.05,1.05,0,62.221509,2289000,53.1,53.0
2021-08-24 14:39:00,0.95,0.95,0.95,0.95,10500,55.935767,2404500,53.1,53.0
2021-08-24 14:40:00,0.95,0.95,0.95,0.95,0,55.935767,2404500,53.1,53.0
2021-08-24 14:41:00,0.95,0.95,0.95,0.95,0,55.935767,2404500,53.1,53.0
2021-08-24 14:42:00,1.0,1.0,1.0,1.0,21000,59.137456,2404500,53.1,53.0
2021-08-24 14:43:00,0.95,0.95,0.95,0.95,157500,59.289591,2352000,53.0,53.0
2021-08-24 14:44:00,0.95,0.95,0.95,0.95,0,59.289591,2352000,53.0,53.0
2021-08-24 14:45:00,0.95,0.95,0.95,0.95,0,59.289591,2352000,53.0,53.0
2021-08-24 14:46:00,0.95,0.95,0.95,0.95,0,59.289591,2352000,53.0,53.0
2021-08-24 14:47:00,0.95,0.95,0.95,0.95,0,59.289591,2352000,53.0,53.0
2021-08-24 14:48:00,0.95,0.95,0.95,0.95,0,59.289591,2352000,53.0,53.0
2021-08-24 14:49:00,0.95,0.95,0.95,0.95,0,59.289591,2352000,53.0,53.0
2021-08-24 14:50:00,1.05,1.05,1.05,1.05,21000,60.699012,2352000,53.15,53.0
2021-08-24 14:51:00,1.05,1.05,1.05,1.05,10500,58.981244,2352000,53.2,53.0
2021-08-24 14:52:00,1.05,1.1,1.05,1.1,21000,56.804775,2320500,53.35,53.0
2021-08-24 14:53:00,1.1,1.1,1.1,1.1,0,56.804775,2320500,53.35,53.0
2021-08-24 14:54:00,1.1,1.1,1.1,1.1,0,56.804775,2320500,53.35,53.0
2021-08-24 14:55:00,1.1,1.1,1.1,1.1,10500,58.662634,2331000,53.3,53.0
2021-08-24 14:56:00,1.1,1.1,1.1,1.1,0,58.662634,2331000,53.3,53.0
2021-08-24 14:57:00,1.1,1.1,1.1,1.1,0,58.662634,2331000,53.3,53.0
2021-08-24 14:58:00,1.1,1.1,1.1,1.1,0,58.662634,2331000,53.3,53.0
2021-08-24 14:59:00,1.1,1.1,1.1,1.1,0,58.662634,2331000,53.3,53.0
2021-08-24 15:00:00,1.1,1.1,1.1,1.1,0,58.662634,2331000,53.3,53.0
2021-08-24 15:01:00,1.1,1.1,1.1,1.1,0,58.662634,2331000,53.3,53.0
2021-08-24 15:02:00,0.95,0.95,0.95,0.95,10500,49.105271,2257500,53.3,53.0
2021-08-24 15:03:00,0.95,0.95,0.95,0.95,0,49.105271,2257500,53.3,53.0
2021-08-24 15:04:00,0.95,0.95,0.95,0.95,0,49.105271,2257500,53.3,53.0
2021-08-24 15:05:00,0.95,0.95,0.95,0.95,0,49.105271,2257500,53.3,53.0
2021-08-24 15:06:00,0.95,0.95,0.95,0.95,0,49.105271,2257500,53.3,53.0
2021-08-24 15:07:00,0.95,0.95,0.95,0.95,0,49.105271,2257500,53.35,54.0
2021-08-24 15:08:00,0.95,0.95,0.95,0.95,0,49.105271,2257500,53.3,53.0
2021-08-24 15:09:00,0.95,0.95,0.95,0.95,0,49.105271,2257500,53.3,53.0
2021-08-24 15:10:00,0.95,0.95,0.95,0.95,0,49.105271,2257500,53.3,53.0
2021-08-24 15:11:00,0.95,0.95,0.95,0.95,0,49.105271,2257500,53.3,53.0
2021-08-24 15:12:00,0.9,0.95,0.9,0.95,21000,54.552972,2089500,53.15,53.0
2021-08-24 15:13:00,0.95,0.95,0.95,0.95,0,54.552972,2089500,53.15,53.0
2021-08-24 15:14:00,0.95,0.95,0.95,0.95,0,54.552972,2089500,53.15,53.0
2021-08-24 15:15:00,0.95,0.95,0.95,0.95,0,54.552972,2089500,53.15,53.0
2021-08-24 15:16:00,0.95,0.95,0.95,0.95,0,54.552972,2089500,53.15,53.0
2021-08-24 15:17:00,0.95,0.95,0.95,0.95,0,54.552972,2089500,53.2,53.0
2021-08-24 15:18:00,0.95,0.95,0.95,0.95,0,54.552972,2089500,53.15,53.0
2021-08-24 15:19:00,0.95,0.95,0.95,0.95,0,54.552972,2089500,53.15,53.0
2021-08-24 15:20:00,1.0,1.0,1.0,1.0,10500,50.626679,1963500,53.35,53.0
2021-08-24 15:21:00,1.0,1.0,1.0,1.0,0,50.626679,1963500,53.35,53.0
2021-08-24 15:22:00,1.0,1.0,1.0,1.0,0,50.626679,1963500,53.35,53.0
2021-08-24 15:23:00,1.0,1.0,1.0,1.0,0,50.626679,1963500,53.35,53.0
2021-08-24 15:24:00,1.0,1.0,1.0,1.0,0,50.626679,1963500,53.35,53.0
2021-08-24 15:25:00,0.95,1.0,0.95,1.0,31500,57.879503,1816500,53.15,53.0
2021-08-24 15:26:00,1.0,1.0,1.0,1.0,0,57.879503,1816500,53.15,53.0
2021-08-24 15:27:00,1.0,1.0,1.0,1.0,0,57.879503,1816500,53.15,53.0
2021-08-24 15:28:00,0.95,1.0,0.95,1.0,84000,59.622752,1722000,53.1,53.0
2021-08-24 15:29:00,1.0,1.0,1.0,1.0,0,59.622752,1722000,53.1,53.0
2021-08-25 09:15:00,1.05,1.05,1.0,1.05,31500,77.456745,1648500,53.15,53.0
2021-08-25 09:16:00,1.05,1.05,1.05,1.05,0,77.456745,1648500,53.15,53.0
2021-08-25 09:17:00,1.05,1.05,1.05,1.05,0,77.456745,1648500,53.15,53.0
2021-08-25 09:18:00,1.05,1.05,1.05,1.05,0,77.456745,1648500,53.15,53.0
2021-08-25 09:19:00,1.05,1.05,1.05,1.05,0,77.456745,1648500,53.15,53.0
2021-08-25 09:20:00,1.05,1.05,1.05,1.05,0,77.456745,1648500,53.15,53.0
2021-08-25 09:21:00,1.05,1.05,1.05,1.05,0,77.456745,1648500,53.15,53.0
2021-08-25 09:22:00,1.05,1.05,1.05,1.05,0,77.456745,1648500,53.15,53.0
2021-08-25 09:23:00,1.05,1.05,1.05,1.05,0,77.456745,1648500,53.15,53.0
2021-08-25 09:24:00,0.95,1.05,0.95,1.0,31500,57.113482,1680000,53.5,53.0
2021-08-25 09:25:00,1.0,1.0,1.0,1.0,0,57.113482,1680000,53.5,53.0
2021-08-25 09:26:00,1.0,1.0,1.0,1.0,0,57.113482,1680000,53.5,53.0
2021-08-25 09:27:00,1.0,1.0,1.0,1.0,0,57.113482,1680000,53.5,53.0
2021-08-25 09:28:00,1.0,1.0,1.0,1.0,0,57.113482,1680000,53.5,53.0
2021-08-25 09:29:00,1.0,1.0,1.0,1.0,0,57.113482,1680000,53.5,53.0
2021-08-25 09:30:00,1.0,1.0,1.0,1.0,0,57.113482,1680000,53.5,53.0
2021-08-25 09:31:00,0.95,0.95,0.85,0.85,10500,52.335425,1701000,53.35,53.0
2021-08-25 09:32:00,0.85,0.85,0.85,0.85,0,52.335425,1701000,53.35,53.0
2021-08-25 09:33:00,0.85,0.85,0.85,0.85,0,52.335425,1701000,53.35,53.0
2021-08-25 09:34:00,0.85,0.85,0.85,0.85,0,52.335425,1701000,53.35,53.0
2021-08-25 09:35:00,0.85,0.85,0.85,0.85,0,52.335425,1701000,53.35,53.0
2021-08-25 09:36:00,0.85,0.85,0.85,0.85,0,52.335425,1701000,53.25,53.0
2021-08-25 09:37:00,0.85,0.85,0.85,0.85,0,52.335425,1701000,53.35,53.0
2021-08-25 09:38:00,0.85,0.85,0.85,0.85,0,52.335425,1701000,53.35,53.0
2021-08-25 09:39:00,0.85,0.85,0.85,0.85,0,52.335425,1701000,53.35,53.0
2021-08-25 09:40:00,0.85,0.85,0.85,0.85,0,52.335425,1701000,53.35,53.0
2021-08-25 09:41:00,0.85,0.85,0.85,0.85,0,52.335425,1701000,53.35,53.0
2021-08-25 09:42:00,0.85,0.85,0.85,0.85,0,52.335425,1701000,53.35,53.0
2021-08-25 09:43:00,0.85,0.85,0.85,0.85,0,52.335425,1701000,53.35,53.0
2021-08-25 09:44:00,0.85,0.85,0.85,0.85,0,52.335425,1701000,53.35,53.0
2021-08-25 09:45:00,0.85,0.85,0.85,0.85,0,52.335425,1701000,53.35,53.0
2021-08-25 09:46:00,0.85,0.85,0.85,0.85,0,52.335425,1701000,53.35,53.0
2021-08-25 09:47:00,0.85,0.85,0.85,0.85,0,52.335425,1701000,53.35,53.0
2021-08-25 09:48:00,0.85,0.85,0.85,0.85,0,52.335425,1701000,53.35,53.0
2021-08-25 09:49:00,0.85,0.85,0.85,0.85,0,52.335425,1701000,53.35,53.0
2021-08-25 09:50:00,0.85,0.85,0.85,0.85,0,52.335425,1701000,53.35,53.0
2021-08-25 09:51:00,0.85,0.85,0.85,0.85,0,52.335425,1701000,53.35,53.0
2021-08-25 09:52:00,0.85,0.85,0.85,0.85,0,52.335425,1701000,53.35,53.0
2021-08-25 09:53:00,0.85,0.85,0.85,0.85,0,52.335425,1701000,53.35,53.0
2021-08-25 09:54:00,0.85,0.85,0.85,0.85,0,52.335425,1701000,53.35,53.0
2021-08-25 09:55:00,0.85,0.85,0.85,0.85,0,52.335425,1701000,53.35,53.0
2021-08-25 09:56:00,0.85,0.85,0.85,0.85,0,52.335425,1701000,53.35,53.0
2021-08-25 09:57:00,0.85,0.85,0.85,0.85,0,52.335425,1701000,53.1,53.0
2021-08-25 09:58:00,0.7,0.7,0.65,0.65,21000,47.956178,1617000,53.1,53.0
2021-08-25 09:59:00,0.65,0.65,0.65,0.65,0,47.956178,1617000,53.1,53.0
2021-08-25 10:00:00,0.65,0.65,0.65,0.65,0,47.956178,1617000,53.1,53.0
2021-08-25 10:01:00,0.65,0.65,0.65,0.65,0,47.956178,1617000,53.1,53.0
2021-08-25 10:02:00,0.65,0.65,0.65,0.65,0,47.956178,1617000,53.1,53.0
2021-08-25 10:03:00,0.65,0.65,0.65,0.65,10500,48.026149,1638000,53.1,53.0
2021-08-25 10:04:00,0.65,0.65,0.65,0.65,0,48.026149,1638000,53.1,53.0
2021-08-25 10:05:00,0.65,0.65,0.65,0.65,0,48.026149,1638000,53.1,53.0
2021-08-25 10:06:00,0.65,0.65,0.65,0.65,0,48.026149,1638000,53.1,53.0
2021-08-25 10:07:00,0.65,0.65,0.65,0.65,0,48.026149,1638000,53.1,53.0
2021-08-25 10:08:00,0.65,0.65,0.65,0.65,0,48.026149,1638000,53.1,53.0
2021-08-25 10:09:00,0.6,0.6,0.6,0.6,10500,48.305377,1638000,53.0,53.0
2021-08-25 10:10:00,0.6,0.6,0.6,0.6,0,48.305377,1638000,53.0,53.0
2021-08-25 10:11:00,0.6,0.6,0.6,0.6,0,48.305377,1638000,53.0,53.0
2021-08-25 10:12:00,0.6,0.6,0.6,0.6,10500,41.800003,1627500,53.15,53.0
2021-08-25 10:13:00,0.65,0.7,0.65,0.7,21000,50.041484,1627500,53.15,53.0
2021-08-25 10:14:00,0.7,0.7,0.7,0.7,0,50.041484,1627500,53.15,53.0
2021-08-25 10:15:00,0.7,0.7,0.7,0.7,0,50.041484,1627500,53.15,53.0
2021-08-25 10:16:00,0.8,0.9,0.8,0.9,31500,49.416937,1606500,53.5,53.0
2021-08-25 10:17:00,0.5,0.5,0.5,0.5,10500,56.086182,2310000,53.55,54.0
2021-08-25 10:18:00,0.5,0.55,0.5,0.5,220500,54.389902,2457000,53.6,54.0
2021-08-25 10:19:00,0.5,0.5,0.5,0.5,31500,56.118881,2457000,53.55,54.0
2021-08-25 10:20:00,0.5,0.5,0.5,0.5,0,56.118881,2457000,53.55,54.0
2021-08-25 10:21:00,0.5,0.5,0.5,0.5,0,56.118881,2457000,53.55,54.0
2021-08-25 10:22:00,0.8,0.8,0.8,0.8,21000,46.324776,1575000,53.4,53.0
2021-08-25 10:23:00,0.8,0.8,0.8,0.8,0,46.324776,1575000,53.4,53.0
2021-08-25 10:24:00,0.8,0.8,0.8,0.8,0,46.324776,1575000,53.4,53.0
2021-08-25 10:25:00,0.8,0.8,0.8,0.8,0,46.324776,1575000,53.4,53.0
2021-08-25 10:26:00,0.8,0.8,0.8,0.8,0,46.324776,1575000,53.4,53.0
2021-08-25 10:27:00,0.7,0.7,0.65,0.65,21000,46.119924,1596000,53.15,53.0
2021-08-25 10:28:00,0.65,0.65,0.65,0.65,0,46.119924,1596000,53.15,53.0
2021-08-25 10:29:00,0.65,0.65,0.65,0.65,0,46.119924,1596000,53.15,53.0
2021-08-25 10:30:00,0.65,0.65,0.65,0.65,0,46.119924,1596000,53.15,53.0
2021-08-25 10:31:00,0.65,0.65,0.65,0.65,0,46.119924,1596000,53.15,53.0
2021-08-25 10:32:00,0.65,0.65,0.65,0.65,0,46.119924,1596000,53.15,53.0
2021-08-25 10:33:00,0.65,0.65,0.65,0.65,0,46.119924,1596000,53.15,53.0
2021-08-25 10:34:00,0.65,0.65,0.65,0.65,0,46.119924,1596000,53.15,53.0
2021-08-25 10:35:00,0.65,0.65,0.65,0.65,0,46.119924,1596000,53.15,53.0
2021-08-25 10:36:00,0.65,0.65,0.65,0.65,0,46.119924,1596000,53.05,53.0
2021-08-25 10:37:00,0.65,0.65,0.65,0.65,0,46.119924,1596000,53.15,53.0
2021-08-25 10:38:00,0.65,0.65,0.65,0.65,0,46.119924,1596000,53.15,53.0
2021-08-25 10:39:00,0.65,0.65,0.65,0.65,0,46.119924,1596000,53.15,53.0
2021-08-25 10:40:00,0.65,0.65,0.65,0.65,0,46.119924,1596000,53.15,53.0
2021-08-25 10:41:00,0.65,0.65,0.65,0.65,0,46.119924,1596000,53.15,53.0
2021-08-25 10:42:00,0.65,0.65,0.65,0.65,0,46.119924,1596000,53.15,53.0
2021-08-25 10:43:00,0.65,0.65,0.65,0.65,0,46.119924,1596000,53.15,53.0
2021-08-25 10:44:00,0.65,0.65,0.65,0.65,0,46.119924,1596000,53.15,53.0
2021-08-25 10:45:00,0.65,0.65,0.65,0.65,0,46.119924,1596000,53.15,53.0
2021-08-25 10:46:00,0.65,0.65,0.65,0.65,0,46.119924,1596000,53.15,53.0
2021-08-25 10:47:00,0.65,0.65,0.65,0.65,0,46.119924,1596000,53.15,53.0
2021-08-25 10:48:00,0.65,0.65,0.65,0.65,0,46.119924,1596000,53.15,53.0
2021-08-25 10:49:00,0.65,0.65,0.65,0.65,0,46.119924,1596000,52.95,53.0
2021-08-25 10:50:00,0.65,0.65,0.65,0.65,0,46.119924,1596000,53.15,53.0
2021-08-25 10:51:00,0.65,0.65,0.65,0.65,0,46.119924,1596000,53.15,53.0
2021-08-25 10:52:00,0.65,0.65,0.65,0.65,0,46.119924,1596000,53.15,53.0
2021-08-25 10:53:00,0.65,0.65,0.65,0.65,0,46.119924,1596000,53.15,53.0
2021-08-25 10:54:00,0.65,0.65,0.65,0.65,0,46.119924,1596000,53.15,53.0
2021-08-25 10:55:00,0.65,0.65,0.65,0.65,0,46.119924,1596000,53.15,53.0
2021-08-25 10:56:00,0.65,0.65,0.65,0.65,0,46.119924,1596000,53.15,53.0
2021-08-25 10:57:00,0.65,0.65,0.65,0.65,0,46.119924,1596000,53.15,53.0
2021-08-25 10:58:00,0.65,0.65,0.65,0.65,0,46.119924,1596000,52.9,53.0
2021-08-25 10:59:00,0.65,0.65,0.65,0.65,0,46.119924,1596000,53.15,53.0
2021-08-25 11:00:00,0.65,0.65,0.65,0.65,0,46.119924,1596000,53.15,53.0
2021-08-25 11:01:00,0.5,0.5,0.5,0.5,10500,46.845828,1491000,52.85,53.0
2021-08-25 11:02:00,0.5,0.5,0.5,0.5,0,46.845828,1491000,52.85,53.0
2021-08-25 11:03:00,0.5,0.5,0.5,0.5,0,46.845828,1491000,52.85,53.0
2021-08-25 11:04:00,0.5,0.5,0.5,0.5,10500,46.888155,1491000,52.85,53.0
2021-08-25 11:05:00,0.5,0.5,0.5,0.5,10500,46.902288,1491000,52.85,53.0
2021-08-25 11:06:00,0.5,0.5,0.5,0.5,0,46.902288,1491000,52.95,53.0
2021-08-25 11:07:00,0.5,0.5,0.5,0.5,0,46.902288,1491000,52.85,53.0
2021-08-25 11:08:00,0.5,0.5,0.5,0.5,0,46.902288,1491000,52.85,53.0
2021-08-25 11:09:00,0.5,0.5,0.5,0.5,0,46.902288,1491000,52.85,53.0
2021-08-25 11:10:00,0.5,0.5,0.5,0.5,0,46.902288,1491000,52.85,53.0
2021-08-25 11:11:00,0.5,0.5,0.5,0.5,0,46.902288,1491000,53.1,53.0
2021-08-25 11:12:00,0.5,0.5,0.5,0.5,0,46.902288,1491000,52.85,53.0
2021-08-25 11:13:00,0.5,0.5,0.5,0.5,0,46.902288,1491000,52.85,53.0
2021-08-25 11:14:00,0.5,0.5,0.5,0.5,0,46.902288,1491000,52.85,53.0
2021-08-25 11:15:00,0.5,0.5,0.5,0.5,0,46.902288,1491000,52.85,53.0
2021-08-25 11:16:00,0.55,0.55,0.55,0.55,21000,40.725893,1827000,53.1,53.0
2021-08-25 11:17:00,0.55,0.55,0.55,0.55,0,40.725893,1827000,53.1,53.0
2021-08-25 11:18:00,0.55,0.55,0.55,0.55,0,40.725893,1827000,53.1,53.0
2021-08-25 11:19:00,0.55,0.55,0.55,0.55,0,40.725893,1827000,53.1,53.0
2021-08-25 11:20:00,0.55,0.55,0.55,0.55,0,40.725893,1827000,53.1,53.0
2021-08-25 11:21:00,0.55,0.55,0.55,0.55,0,40.725893,1827000,53.1,53.0
2021-08-25 11:22:00,0.55,0.55,0.55,0.55,0,40.725893,1827000,53.1,53.0
2021-08-25 11:23:00,0.55,0.55,0.55,0.55,0,40.725893,1827000,53.1,53.0
2021-08-25 11:24:00,0.55,0.55,0.55,0.55,0,40.725893,1827000,53.1,53.0
2021-08-25 11:25:00,0.55,0.55,0.55,0.55,0,40.725893,1827000,53.2,53.0
2021-08-25 11:26:00,0.55,0.55,0.55,0.55,0,40.725893,1827000,53.1,53.0
2021-08-25 11:27:00,0.55,0.55,0.55,0.55,0,40.725893,1827000,53.1,53.0
2021-08-25 11:28:00,0.55,0.55,0.55,0.55,0,40.725893,1827000,53.1,53.0
2021-08-25 11:29:00,0.55,0.55,0.55,0.55,0,40.725893,1827000,53.1,53.0
2021-08-25 11:30:00,0.55,0.55,0.55,0.55,0,40.725893,1827000,53.1,53.0
2021-08-25 11:31:00,0.55,0.55,0.55,0.55,0,40.725893,1827000,53.1,53.0
2021-08-25 11:32:00,0.75,0.75,0.7,0.7,31500,48.896833,1617000,53.2,53.0
2021-08-25 11:33:00,0.75,0.75,0.7,0.7,31500,43.961862,1606500,53.3,53.0
2021-08-25 11:34:00,0.7,0.7,0.7,0.7,0,43.961862,1606500,53.3,53.0
2021-08-25 11:35:00,0.7,0.7,0.7,0.7,0,43.961862,1606500,53.3,53.0
2021-08-25 11:36:00,0.7,0.7,0.7,0.7,0,43.961862,1606500,53.3,53.0
2021-08-25 11:37:00,0.7,0.7,0.7,0.7,0,43.961862,1606500,53.3,53.0
2021-08-25 11:38:00,0.7,0.7,0.7,0.7,0,43.961862,1606500,53.3,53.0
2021-08-25 11:39:00,0.7,0.7,0.7,0.7,0,43.961862,1606500,53.3,53.0
2021-08-25 11:40:00,0.7,0.7,0.7,0.7,0,43.961862,1606500,53.3,53.0
2021-08-25 11:41:00,0.7,0.7,0.7,0.7,0,43.961862,1606500,53.3,53.0
2021-08-25 11:42:00,0.7,0.7,0.7,0.7,10500,55.903367,1585500,53.05,53.0
2021-08-25 11:43:00,0.7,0.7,0.7,0.7,0,55.903367,1585500,53.05,53.0
2021-08-25 11:44:00,0.7,0.7,0.7,0.7,0,55.903367,1585500,53.05,53.0
2021-08-25 11:45:00,0.6,0.6,0.6,0.6,21000,53.903455,1585500,52.9,53.0
2021-08-25 11:46:00,0.6,0.6,0.6,0.6,0,53.903455,1585500,52.9,53.0
2021-08-25 11:47:00,0.6,0.6,0.6,0.6,0,53.903455,1585500,52.9,53.0
2021-08-25 11:48:00,0.6,0.6,0.6,0.6,0,53.903455,1585500,52.9,53.0
2021-08-25 11:49:00,0.6,0.6,0.6,0.6,0,53.903455,1585500,52.9,53.0
2021-08-25 11:50:00,0.6,0.6,0.6,0.6,0,53.903455,1585500,52.9,53.0
2021-08-25 11:51:00,0.6,0.6,0.6,0.6,0,53.903455,1585500,52.9,53.0
2021-08-25 11:52:00,0.6,0.6,0.6,0.6,0,53.903455,1585500,52.9,53.0
2021-08-25 11:53:00,0.6,0.6,0.6,0.6,0,53.903455,1585500,52.9,53.0
2021-08-25 11:54:00,0.6,0.6,0.6,0.6,0,53.903455,1585500,52.9,53.0
2021-08-25 11:55:00,0.6,0.6,0.6,0.6,0,53.903455,1585500,52.9,53.0
2021-08-25 11:56:00,0.6,0.6,0.6,0.6,0,53.903455,1585500,52.9,53.0
2021-08-25 11:57:00,0.6,0.6,0.6,0.6,0,53.903455,1585500,52.9,53.0
2021-08-25 11:58:00,0.6,0.6,0.6,0.6,0,53.903455,1585500,52.9,53.0
2021-08-25 11:59:00,0.6,0.6,0.6,0.6,0,53.903455,1585500,52.9,53.0
2021-08-25 12:00:00,0.6,0.6,0.6,0.6,0,53.903455,1585500,52.9,53.0
2021-08-25 12:01:00,0.6,0.6,0.6,0.6,0,53.903455,1585500,52.9,53.0
2021-08-25 12:02:00,0.6,0.6,0.6,0.6,0,53.903455,1585500,53.15,53.0
2021-08-25 12:03:00,0.6,0.6,0.6,0.6,0,53.903455,1585500,52.9,53.0
2021-08-25 12:04:00,0.6,0.6,0.6,0.6,0,53.903455,1585500,52.9,53.0
2021-08-25 12:05:00,0.6,0.6,0.6,0.6,0,53.903455,1585500,52.9,53.0
2021-08-25 12:06:00,0.6,0.6,0.6,0.6,0,53.903455,1585500,52.9,53.0
2021-08-25 12:07:00,0.6,0.6,0.6,0.6,0,53.903455,1585500,52.9,53.0
2021-08-25 12:08:00,0.6,0.6,0.6,0.6,0,53.903455,1585500,52.9,53.0
2021-08-25 12:09:00,0.6,0.6,0.6,0.6,0,53.903455,1585500,52.9,53.0
2021-08-25 12:10:00,0.6,0.6,0.6,0.6,0,53.903455,1585500,52.9,53.0
2021-08-25 12:11:00,0.6,0.6,0.6,0.6,0,53.903455,1585500,52.9,53.0
2021-08-25 12:12:00,0.6,0.6,0.6,0.6,0,53.903455,1585500,52.9,53.0
2021-08-25 12:13:00,0.6,0.6,0.6,0.6,0,53.903455,1585500,52.9,53.0
2021-08-25 12:14:00,0.6,0.6,0.6,0.6,0,53.903455,1585500,52.9,53.0
2021-08-25 12:15:00,0.6,0.6,0.6,0.6,0,53.903455,1585500,52.9,53.0
2021-08-25 12:16:00,0.6,0.6,0.6,0.6,0,53.903455,1585500,52.9,53.0
2021-08-25 12:17:00,0.6,0.6,0.6,0.6,0,53.903455,1585500,52.9,53.0
2021-08-25 12:18:00,0.6,0.6,0.6,0.6,0,53.903455,1585500,52.9,53.0
2021-08-25 12:19:00,0.6,0.6,0.6,0.6,0,53.903455,1585500,52.9,53.0
2021-08-25 12:20:00,0.6,0.6,0.6,0.6,0,53.903455,1585500,52.9,53.0
2021-08-25 12:21:00,0.6,0.6,0.6,0.6,21000,43.484407,1533000,53.15,53.0
2021-08-25 12:22:00,0.6,0.6,0.6,0.6,0,43.484407,1533000,53.15,53.0
2021-08-25 12:23:00,0.6,0.6,0.6,0.6,0,43.484407,1533000,53.15,53.0
2021-08-25 12:24:00,0.6,0.6,0.6,0.6,0,43.484407,1533000,53.15,53.0
2021-08-25 12:25:00,0.6,0.6,0.6,0.6,0,43.484407,1533000,53.15,53.0
2021-08-25 12:26:00,0.6,0.6,0.6,0.6,0,43.484407,1533000,53.3,53.0
2021-08-25 12:27:00,0.6,0.6,0.6,0.6,0,43.484407,1533000,53.25,53.0
2021-08-25 12:28:00,0.6,0.6,0.6,0.6,0,43.484407,1533000,53.15,53.0
2021-08-25 12:29:00,0.6,0.6,0.6,0.6,0,43.484407,1533000,53.15,53.0
2021-08-25 12:30:00,0.6,0.6,0.6,0.6,0,43.484407,1533000,53.15,53.0
2021-08-25 12:31:00,0.6,0.6,0.6,0.6,0,43.484407,1533000,53.15,53.0
2021-08-25 12:32:00,0.6,0.6,0.6,0.6,0,43.484407,1533000,53.15,53.0
2021-08-25 12:33:00,0.6,0.6,0.6,0.6,0,43.484407,1533000,53.15,53.0
2021-08-25 12:34:00,0.6,0.6,0.6,0.6,0,43.484407,1533000,53.15,53.0
2021-08-25 12:35:00,0.6,0.6,0.6,0.6,0,43.484407,1533000,53.15,53.0
2021-08-25 12:36:00,0.6,0.6,0.6,0.6,0,43.484407,1533000,53.4,53.0
2021-08-25 12:37:00,0.6,0.6,0.6,0.6,0,43.484407,1533000,53.15,53.0
2021-08-25 12:38:00,0.6,0.6,0.6,0.6,0,43.484407,1533000,53.15,53.0
2021-08-25 12:39:00,0.6,0.6,0.6,0.6,0,43.484407,1533000,53.15,53.0
2021-08-25 12:40:00,0.6,0.6,0.6,0.6,0,43.484407,1533000,53.15,53.0
2021-08-25 12:41:00,0.6,0.6,0.6,0.6,0,43.484407,1533000,53.15,53.0
2021-08-25 12:42:00,0.6,0.6,0.6,0.6,0,43.484407,1533000,53.15,53.0
2021-08-25 12:43:00,0.6,0.6,0.6,0.6,0,43.484407,1533000,53.15,53.0
2021-08-25 12:44:00,0.6,0.6,0.6,0.6,0,43.484407,1533000,53.15,53.0
2021-08-25 12:45:00,0.6,0.6,0.6,0.6,0,43.484407,1533000,53.15,53.0
2021-08-25 12:46:00,0.6,0.6,0.6,0.6,0,43.484407,1533000,53.15,53.0
2021-08-25 12:47:00,0.6,0.6,0.6,0.6,0,43.484407,1533000,53.15,53.0
2021-08-25 12:48:00,0.6,0.6,0.6,0.6,0,43.484407,1533000,53.15,53.0
2021-08-25 12:49:00,0.6,0.6,0.6,0.6,0,43.484407,1533000,53.3,53.0
2021-08-25 12:50:00,0.6,0.6,0.6,0.6,0,43.484407,1533000,53.15,53.0
2021-08-25 12:51:00,0.6,0.6,0.6,0.6,0,43.484407,1533000,53.15,53.0
2021-08-25 12:52:00,0.6,0.6,0.6,0.6,0,43.484407,1533000,53.15,53.0
2021-08-25 12:53:00,0.6,0.6,0.6,0.6,0,43.484407,1533000,53.15,53.0
2021-08-25 12:54:00,0.6,0.6,0.6,0.6,0,43.484407,1533000,53.2,53.0
2021-08-25 12:55:00,0.6,0.6,0.6,0.6,0,43.484407,1533000,53.15,53.0
2021-08-25 12:56:00,0.6,0.6,0.6,0.6,0,43.484407,1533000,53.15,53.0
2021-08-25 12:57:00,0.6,0.6,0.6,0.6,0,43.484407,1533000,53.25,53.0
2021-08-25 12:58:00,0.6,0.6,0.6,0.6,0,43.484407,1533000,53.15,53.0
2021-08-25 12:59:00,0.6,0.6,0.6,0.6,0,43.484407,1533000,53.15,53.0
2021-08-25 13:00:00,0.6,0.6,0.6,0.6,0,43.484407,1533000,53.15,53.0
2021-08-25 13:01:00,0.6,0.6,0.6,0.6,0,43.484407,1533000,53.15,53.0
2021-08-25 13:02:00,0.6,0.6,0.6,0.6,0,43.484407,1533000,53.15,53.0
2021-08-25 13:03:00,0.6,0.6,0.6,0.6,0,43.484407,1533000,53.2,53.0
2021-08-25 13:04:00,0.6,0.6,0.6,0.6,0,43.484407,1533000,53.25,53.0
2021-08-25 13:05:00,0.6,0.6,0.6,0.6,0,43.484407,1533000,53.15,53.0
2021-08-25 13:06:00,0.6,0.6,0.6,0.6,0,43.484407,1533000,53.15,53.0
2021-08-25 13:07:00,0.6,0.6,0.6,0.6,0,43.484407,1533000,53.2,53.0
2021-08-25 13:08:00,0.6,0.6,0.6,0.6,0,43.484407,1533000,53.15,53.0
2021-08-25 13:09:00,0.6,0.6,0.6,0.6,0,43.484407,1533000,53.15,53.0
2021-08-25 13:10:00,0.6,0.6,0.6,0.6,0,43.484407,1533000,53.15,53.0
2021-08-25 13:11:00,0.6,0.6,0.6,0.6,0,43.484407,1533000,53.15,53.0
2021-08-25 13:12:00,0.6,0.6,0.6,0.6,0,43.484407,1533000,53.15,53.0
2021-08-25 13:13:00,0.6,0.6,0.6,0.6,0,43.484407,1533000,53.15,53.0
2021-08-25 13:14:00,0.6,0.6,0.6,0.6,0,43.484407,1533000,53.25,53.0
2021-08-25 13:15:00,0.6,0.6,0.6,0.6,0,43.484407,1533000,53.2,53.0
2021-08-25 13:16:00,0.6,0.6,0.6,0.6,0,43.484407,1533000,53.15,53.0
2021-08-25 13:17:00,0.6,0.6,0.6,0.6,0,43.484407,1533000,53.15,53.0
2021-08-25 13:18:00,0.6,0.6,0.6,0.6,0,43.484407,1533000,53.15,53.0
2021-08-25 13:19:00,0.6,0.6,0.6,0.6,0,43.484407,1533000,53.15,53.0
2021-08-25 13:20:00,0.6,0.6,0.6,0.6,0,43.484407,1533000,53.15,53.0
2021-08-25 13:21:00,0.6,0.6,0.6,0.6,0,43.484407,1533000,53.15,53.0
2021-08-25 13:22:00,0.6,0.6,0.6,0.6,0,43.484407,1533000,53.15,53.0
2021-08-25 13:23:00,0.65,0.65,0.65,0.65,10500,43.735797,1470000,53.25,53.0
2021-08-25 13:24:00,0.65,0.65,0.65,0.65,0,43.735797,1470000,53.25,53.0
2021-08-25 13:25:00,0.65,0.65,0.65,0.65,0,43.735797,1470000,53.25,53.0
2021-08-25 13:26:00,0.65,0.65,0.65,0.65,0,43.735797,1470000,53.3,53.0
2021-08-25 13:27:00,0.65,0.65,0.65,0.65,0,43.735797,1470000,53.25,53.0
2021-08-25 13:28:00,0.65,0.65,0.65,0.65,0,43.735797,1470000,53.25,53.0
2021-08-25 13:29:00,0.65,0.65,0.65,0.65,0,43.735797,1470000,53.25,53.0
2021-08-25 13:30:00,0.65,0.65,0.65,0.65,0,43.735797,1470000,53.25,53.0
2021-08-25 13:31:00,0.65,0.65,0.65,0.65,0,43.735797,1470000,53.25,53.0
2021-08-25 13:32:00,0.65,0.65,0.65,0.65,0,43.735797,1470000,53.25,53.0
2021-08-25 13:33:00,0.65,0.65,0.65,0.65,0,43.735797,1470000,53.25,53.0
2021-08-25 13:34:00,0.65,0.65,0.65,0.65,0,43.735797,1470000,53.25,53.0
2021-08-25 13:35:00,0.65,0.65,0.65,0.65,0,43.735797,1470000,53.25,53.0
2021-08-25 13:36:00,0.65,0.65,0.65,0.65,0,43.735797,1470000,53.3,53.0
2021-08-25 13:37:00,0.65,0.65,0.65,0.65,0,43.735797,1470000,53.25,53.0
2021-08-25 13:38:00,0.65,0.65,0.65,0.65,0,43.735797,1470000,53.25,53.0
2021-08-25 13:39:00,0.65,0.65,0.65,0.65,0,43.735797,1470000,53.25,53.0
2021-08-25 13:40:00,0.65,0.65,0.65,0.65,0,43.735797,1470000,53.25,53.0
2021-08-25 13:41:00,0.65,0.65,0.65,0.65,0,43.735797,1470000,53.25,53.0
2021-08-25 13:42:00,0.65,0.65,0.65,0.65,0,43.735797,1470000,53.25,53.0
2021-08-25 13:43:00,0.65,0.65,0.65,0.65,0,43.735797,1470000,53.25,53.0
2021-08-25 13:44:00,0.65,0.65,0.65,0.65,0,43.735797,1470000,53.25,53.0
2021-08-25 13:45:00,0.65,0.65,0.65,0.65,0,43.735797,1470000,53.25,53.0
2021-08-25 13:46:00,0.65,0.65,0.65,0.65,0,43.735797,1470000,53.3,53.0
2021-08-25 13:47:00,0.65,0.65,0.65,0.65,0,43.735797,1470000,53.3,53.0
2021-08-25 13:48:00,0.65,0.65,0.65,0.65,0,43.735797,1470000,53.25,53.0
2021-08-25 13:49:00,0.65,0.65,0.65,0.65,0,43.735797,1470000,53.25,53.0
2021-08-25 13:50:00,0.65,0.65,0.65,0.65,0,43.735797,1470000,53.25,53.0
2021-08-25 13:51:00,0.65,0.65,0.65,0.65,0,43.735797,1470000,53.25,53.0
2021-08-25 13:52:00,0.65,0.65,0.65,0.65,0,43.735797,1470000,53.25,53.0
2021-08-25 13:53:00,0.65,0.65,0.65,0.65,0,43.735797,1470000,53.25,53.0
2021-08-25 13:54:00,0.65,0.65,0.65,0.65,0,43.735797,1470000,53.25,53.0
2021-08-25 13:55:00,0.65,0.65,0.65,0.65,0,43.735797,1470000,53.25,53.0
2021-08-25 13:56:00,0.65,0.65,0.65,0.65,0,43.735797,1470000,53.2,53.0
2021-08-25 13:57:00,0.65,0.65,0.65,0.65,0,43.735797,1470000,53.25,53.0
2021-08-25 13:58:00,0.65,0.65,0.65,0.65,0,43.735797,1470000,53.25,53.0
2021-08-25 13:59:00,0.65,0.65,0.65,0.65,0,43.735797,1470000,53.25,53.0
2021-08-25 14:00:00,0.65,0.65,0.65,0.65,0,43.735797,1470000,53.25,53.0
2021-08-25 14:01:00,0.65,0.65,0.65,0.65,0,43.735797,1470000,53.25,53.0
2021-08-25 14:02:00,0.65,0.65,0.65,0.65,0,43.735797,1470000,53.25,53.0
2021-08-25 14:03:00,0.65,0.65,0.65,0.65,0,43.735797,1470000,53.25,53.0
2021-08-25 14:04:00,0.65,0.65,0.65,0.65,0,43.735797,1470000,53.25,53.0
2021-08-25 14:05:00,0.65,0.65,0.65,0.65,0,43.735797,1470000,53.25,53.0
2021-08-25 14:06:00,0.65,0.65,0.65,0.65,0,43.735797,1470000,53.25,53.0
2021-08-25 14:07:00,0.65,0.65,0.65,0.65,0,43.735797,1470000,53.25,53.0
2021-08-25 14:08:00,0.65,0.65,0.65,0.65,0,43.735797,1470000,53.2,53.0
2021-08-25 14:09:00,0.6,0.6,0.6,0.6,21000,39.921836,1459500,53.25,53.0
2021-08-25 14:10:00,0.6,0.6,0.6,0.6,0,39.921836,1459500,53.2,53.0
2021-08-25 14:11:00,0.6,0.6,0.6,0.6,0,39.921836,1459500,53.25,53.0
2021-08-25 14:12:00,0.6,0.6,0.6,0.6,0,39.921836,1459500,53.25,53.0
2021-08-25 14:13:00,0.6,0.6,0.6,0.6,0,39.921836,1459500,53.25,53.0
2021-08-25 14:14:00,0.6,0.6,0.6,0.6,0,39.921836,1459500,53.25,53.0
2021-08-25 14:15:00,0.6,0.6,0.6,0.6,0,39.921836,1459500,53.05,53.0
2021-08-25 14:16:00,0.6,0.6,0.6,0.6,0,39.921836,1459500,53.25,53.0
2021-08-25 14:17:00,0.6,0.6,0.6,0.6,0,39.921836,1459500,53.25,53.0
2021-08-25 14:18:00,0.6,0.6,0.6,0.6,0,39.921836,1459500,53.25,53.0
2021-08-25 14:19:00,0.6,0.6,0.6,0.6,0,39.921836,1459500,53.25,53.0
2021-08-25 14:20:00,0.6,0.6,0.6,0.6,0,39.921836,1459500,53.25,53.0
2021-08-25 14:21:00,0.6,0.6,0.6,0.6,0,39.921836,1459500,53.25,53.0
2021-08-25 14:22:00,0.6,0.6,0.6,0.6,0,39.921836,1459500,53.25,53.0
2021-08-25 14:23:00,0.6,0.6,0.6,0.6,0,39.921836,1459500,53.25,53.0
2021-08-25 14:24:00,0.6,0.6,0.6,0.6,0,39.921836,1459500,53.05,53.0
2021-08-25 14:25:00,0.5,0.5,0.45,0.45,31500,39.104875,1407000,53.0,53.0
2021-08-25 14:26:00,0.45,0.45,0.45,0.45,0,39.104875,1407000,53.0,53.0
2021-08-25 14:27:00,0.45,0.45,0.45,0.45,0,39.104875,1407000,53.0,53.0
2021-08-25 14:28:00,0.45,0.45,0.45,0.45,0,39.104875,1407000,53.0,53.0
2021-08-25 14:29:00,0.45,0.45,0.4,0.4,21000,39.084317,1417500,52.9,53.0
2021-08-25 14:30:00,0.4,0.4,0.4,0.4,0,39.084317,1417500,52.9,53.0
2021-08-25 14:31:00,0.4,0.4,0.4,0.4,0,39.084317,1417500,52.9,53.0
2021-08-25 14:32:00,0.45,0.45,0.45,0.45,52500,39.19927,1407000,53.0,53.0
2021-08-25 14:33:00,0.45,0.45,0.45,0.45,0,39.19927,1407000,53.0,53.0
2021-08-25 14:34:00,0.45,0.45,0.45,0.45,0,39.19927,1407000,53.0,53.0
2021-08-25 14:35:00,0.45,0.45,0.45,0.45,0,39.19927,1407000,53.0,53.0
2021-08-25 14:36:00,0.45,0.45,0.45,0.45,42000,39.253504,1365000,53.0,53.0
2021-08-25 14:37:00,0.45,0.45,0.45,0.45,0,39.253504,1365000,53.0,53.0
2021-08-25 14:38:00,0.45,0.45,0.45,0.45,0,39.253504,1365000,53.0,53.0
2021-08-25 14:39:00,0.45,0.45,0.45,0.45,0,39.253504,1365000,53.0,53.0
2021-08-25 14:40:00,0.45,0.45,0.45,0.45,0,39.253504,1365000,53.0,53.0
2021-08-25 14:41:00,0.45,0.45,0.45,0.45,0,39.253504,1365000,53.0,53.0
2021-08-25 14:42:00,0.45,0.45,0.45,0.45,0,39.253504,1365000,52.85,53.0
2021-08-25 14:43:00,0.45,0.45,0.45,0.45,0,39.253504,1365000,53.0,53.0
2021-08-25 14:44:00,0.45,0.45,0.45,0.45,0,39.253504,1365000,53.0,53.0
2021-08-25 14:45:00,0.45,0.45,0.45,0.45,0,39.253504,1365000,53.0,53.0
2021-08-25 14:46:00,0.45,0.45,0.45,0.45,0,39.253504,1365000,53.0,53.0
2021-08-25 14:47:00,0.45,0.45,0.45,0.45,0,39.253504,1365000,52.75,53.0
2021-08-25 14:48:00,0.45,0.45,0.45,0.45,0,39.253504,1365000,53.0,53.0
2021-08-25 14:49:00,0.45,0.45,0.45,0.45,0,39.253504,1365000,53.0,53.0
2021-08-25 14:50:00,0.45,0.45,0.45,0.45,0,39.253504,1365000,52.8,53.0
2021-08-25 14:51:00,0.45,0.45,0.45,0.45,0,39.253504,1365000,53.0,53.0
2021-08-25 14:52:00,0.45,0.45,0.45,0.45,0,39.253504,1365000,53.0,53.0
2021-08-25 14:53:00,0.45,0.45,0.45,0.45,0,39.253504,1365000,53.0,53.0
2021-08-25 14:54:00,0.45,0.45,0.45,0.45,0,39.253504,1365000,53.0,53.0
2021-08-25 14:55:00,0.45,0.45,0.45,0.45,0,39.253504,1365000,53.0,53.0
2021-08-25 14:56:00,0.45,0.45,0.45,0.45,0,39.253504,1365000,53.0,53.0
2021-08-25 14:57:00,0.45,0.45,0.45,0.45,0,39.253504,1365000,53.0,53.0
2021-08-25 14:58:00,0.45,0.45,0.45,0.45,0,39.253504,1365000,53.0,53.0
2021-08-25 14:59:00,0.4,0.4,0.4,0.4,21000,35.098309,1396500,53.0,53.0
2021-08-25 15:00:00,0.35,0.45,0.35,0.45,31500,37.261536,1386000,53.05,53.0
2021-08-25 15:01:00,0.45,0.45,0.45,0.45,0,37.261536,1386000,53.05,53.0
2021-08-25 15:02:00,0.45,0.45,0.45,0.45,0,37.261536,1386000,53.05,53.0
2021-08-25 15:03:00,0.45,0.45,0.45,0.45,0,37.261536,1386000,53.05,53.0
2021-08-25 15:04:00,0.45,0.45,0.45,0.45,0,37.261536,1386000,53.05,53.0
2021-08-25 15:05:00,0.45,0.45,0.45,0.45,0,37.261536,1386000,53.05,53.0
2021-08-25 15:06:00,0.45,0.45,0.45,0.45,0,37.261536,1386000,53.05,53.0
2021-08-25 15:07:00,0.45,0.45,0.45,0.45,0,37.261536,1386000,53.05,53.0
2021-08-25 15:08:00,0.45,0.45,0.45,0.45,0,37.261536,1386000,53.05,53.0
2021-08-25 15:09:00,0.45,0.45,0.45,0.45,10500,37.380374,1344000,53.05,53.0
2021-08-25 15:10:00,0.45,0.45,0.45,0.45,0,37.380374,1344000,53.05,53.0
2021-08-25 15:11:00,0.45,0.45,0.45,0.45,0,37.380374,1344000,53.05,53.0
2021-08-25 15:12:00,0.45,0.45,0.45,0.45,0,37.380374,1344000,53.05,53.0
2021-08-25 15:13:00,0.45,0.45,0.45,0.45,0,37.380374,1344000,53.05,53.0
2021-08-25 15:14:00,0.45,0.45,0.45,0.45,0,37.380374,1344000,53.05,53.0
2021-08-25 15:15:00,0.45,0.45,0.45,0.45,0,37.380374,1344000,53.05,53.0
2021-08-25 15:16:00,0.45,0.45,0.45,0.45,0,37.380374,1344000,53.05,53.0
2021-08-25 15:17:00,0.45,0.45,0.45,0.45,0,37.380374,1344000,53.05,53.0
2021-08-25 15:18:00,0.45,0.45,0.45,0.45,0,37.380374,1344000,53.1,53.0
2021-08-25 15:19:00,0.45,0.45,0.45,0.45,0,37.380374,1344000,53.05,53.0
2021-08-25 15:20:00,0.45,0.45,0.45,0.45,0,37.380374,1344000,53.05,53.0
2021-08-25 15:21:00,0.45,0.45,0.45,0.45,0,37.380374,1344000,53.2,53.0
2021-08-25 15:22:00,0.45,0.45,0.45,0.45,10500,32.55559,1312500,53.15,53.0
2021-08-25 15:23:00,0.45,0.45,0.45,0.45,0,32.55559,1312500,53.15,53.0
2021-08-25 15:24:00,0.45,0.45,0.45,0.45,0,32.55559,1312500,53.15,53.0
2021-08-25 15:25:00,0.45,0.45,0.45,0.45,0,32.55559,1312500,53.15,53.0
2021-08-25 15:26:00,0.45,0.45,0.45,0.45,0,32.55559,1312500,53.15,53.0
2021-08-25 15:27:00,0.45,0.45,0.45,0.45,21000,32.614571,1291500,53.15,53.0
2021-08-25 15:28:00,0.45,0.45,0.45,0.45,0,32.614571,1291500,53.15,53.0
2021-08-25 15:29:00,0.45,0.45,0.45,0.45,0,32.614571,1291500,53.15,53.0
2021-08-26 09:18:00,0.4,0.55,0.4,0.55,52500,78.192956,1291500,53.2,53.0
2021-08-26 09:19:00,0.55,0.65,0.55,0.65,21000,91.143629,1291500,53.25,53.0
2021-08-26 09:20:00,0.65,0.65,0.6,0.6,21000,70.786675,1291500,53.35,53.0
2021-08-26 09:21:00,0.6,0.6,0.6,0.6,0,70.786675,1291500,53.35,53.0
2021-08-26 09:22:00,0.6,0.6,0.6,0.6,0,70.786675,1291500,53.35,53.0
2021-08-26 09:23:00,0.6,0.6,0.6,0.6,0,70.786675,1291500,53.35,53.0
2021-08-26 09:24:00,0.6,0.6,0.6,0.6,0,70.786675,1291500,53.35,53.0
2021-08-26 09:25:00,0.6,0.6,0.6,0.6,0,70.786675,1291500,53.15,53.0
2021-08-26 09:26:00,0.6,0.6,0.6,0.6,0,70.786675,1291500,53.35,53.0
2021-08-26 09:27:00,0.6,0.6,0.6,0.6,0,70.786675,1291500,53.35,53.0
2021-08-26 09:28:00,0.6,0.6,0.6,0.6,0,70.786675,1291500,53.35,53.0
2021-08-26 09:29:00,0.6,0.6,0.6,0.6,0,70.786675,1291500,53.35,53.0
2021-08-26 09:30:00,0.6,0.6,0.6,0.6,0,70.786675,1291500,53.35,53.0
2021-08-26 09:31:00,0.6,0.6,0.6,0.6,0,70.786675,1291500,53.35,53.0
2021-08-26 09:32:00,0.6,0.6,0.6,0.6,0,70.786675,1291500,53.35,53.0
2021-08-26 09:33:00,0.6,0.6,0.6,0.6,0,70.786675,1291500,53.35,53.0
2021-08-26 09:34:00,0.6,0.6,0.6,0.6,0,70.786675,1291500,53.35,53.0
2021-08-26 09:35:00,0.6,0.6,0.6,0.6,0,70.786675,1291500,53.35,53.0
2021-08-26 09:36:00,0.6,0.6,0.6,0.6,0,70.786675,1291500,53.35,53.0
2021-08-26 09:37:00,0.6,0.6,0.6,0.6,0,70.786675,1291500,53.35,53.0
2021-08-26 09:38:00,0.6,0.6,0.6,0.6,0,70.786675,1291500,53.2,53.0
2021-08-26 09:39:00,0.6,0.6,0.6,0.6,0,70.786675,1291500,53.2,53.0
2021-08-26 09:40:00,0.6,0.6,0.6,0.6,0,70.786675,1291500,53.35,53.0
2021-08-26 09:41:00,0.6,0.6,0.6,0.6,0,70.786675,1291500,53.35,53.0
2021-08-26 09:42:00,0.6,0.6,0.6,0.6,0,70.786675,1291500,53.35,53.0
2021-08-26 09:43:00,0.6,0.6,0.6,0.6,0,70.786675,1291500,53.35,53.0
2021-08-26 09:44:00,0.6,0.6,0.6,0.6,0,70.786675,1291500,53.35,53.0
2021-08-26 09:45:00,0.6,0.6,0.6,0.6,0,70.786675,1291500,53.35,53.0
2021-08-26 09:46:00,0.6,0.6,0.6,0.6,0,70.786675,1291500,53.15,53.0
2021-08-26 09:47:00,0.6,0.6,0.6,0.6,0,70.786675,1291500,53.35,53.0
2021-08-26 09:48:00,0.6,0.6,0.6,0.6,0,70.786675,1291500,53.35,53.0
2021-08-26 09:49:00,0.6,0.6,0.6,0.6,0,70.786675,1291500,53.35,53.0
2021-08-26 09:50:00,0.6,0.6,0.6,0.6,0,70.786675,1291500,53.35,53.0
2021-08-26 09:51:00,0.6,0.6,0.6,0.6,0,70.786675,1291500,53.35,53.0
2021-08-26 09:52:00,0.6,0.6,0.6,0.6,0,70.786675,1291500,53.35,53.0
2021-08-26 09:53:00,0.6,0.6,0.6,0.6,0,70.786675,1291500,52.95,53.0
2021-08-26 09:54:00,0.6,0.6,0.6,0.6,0,70.786675,1291500,53.35,53.0
2021-08-26 09:55:00,0.6,0.6,0.6,0.6,0,70.786675,1291500,53.35,53.0
2021-08-26 09:56:00,0.6,0.6,0.6,0.6,0,70.786675,1291500,53.35,53.0
2021-08-26 09:57:00,0.6,0.6,0.6,0.6,0,70.786675,1291500,53.35,53.0
2021-08-26 09:58:00,0.6,0.6,0.6,0.6,0,70.786675,1291500,53.35,53.0
2021-08-26 09:59:00,0.6,0.6,0.6,0.6,0,70.786675,1291500,53.35,53.0
2021-08-26 10:00:00,0.45,0.45,0.45,0.45,31500,93.871797,1123500,52.9,53.0
2021-08-26 10:01:00,0.45,0.45,0.45,0.45,0,93.871797,1123500,52.9,53.0
2021-08-26 10:02:00,0.45,0.45,0.45,0.45,0,93.871797,1123500,52.9,53.0
2021-08-26 10:03:00,0.45,0.45,0.45,0.45,0,93.871797,1123500,52.9,53.0
2021-08-26 10:04:00,0.45,0.45,0.45,0.45,0,93.871797,1123500,52.9,53.0
2021-08-26 10:05:00,0.45,0.45,0.45,0.45,0,93.871797,1123500,52.95,53.0
2021-08-26 10:06:00,0.45,0.45,0.45,0.45,0,93.871797,1123500,52.9,53.0
2021-08-26 10:07:00,0.45,0.45,0.45,0.45,0,93.871797,1123500,52.9,53.0
2021-08-26 10:08:00,0.45,0.45,0.35,0.35,21000,80.236151,1113000,52.85,53.0
2021-08-26 10:09:00,0.35,0.35,0.35,0.35,0,80.236151,1113000,52.85,53.0
2021-08-26 10:10:00,0.35,0.35,0.35,0.35,0,80.236151,1113000,52.85,53.0
2021-08-26 10:11:00,0.35,0.35,0.35,0.35,0,80.236151,1113000,53.0,53.0
2021-08-26 10:12:00,0.35,0.35,0.35,0.35,0,80.236151,1113000,53.0,53.0
2021-08-26 10:13:00,0.35,0.35,0.35,0.35,0,80.236151,1113000,52.85,53.0
2021-08-26 10:14:00,0.35,0.35,0.35,0.35,0,80.236151,1113000,52.85,53.0
2021-08-26 10:15:00,0.35,0.35,0.35,0.35,0,80.236151,1113000,53.1,53.0
2021-08-26 10:16:00,0.35,0.35,0.35,0.35,0,80.236151,1113000,53.1,53.0
2021-08-26 10:17:00,0.35,0.35,0.35,0.35,0,80.236151,1113000,53.05,53.0
2021-08-26 10:18:00,0.35,0.35,0.35,0.35,0,80.236151,1113000,53.0,53.0
2021-08-26 10:19:00,0.35,0.35,0.35,0.35,0,80.236151,1113000,53.1,53.0
2021-08-26 10:20:00,0.35,0.35,0.35,0.35,0,80.236151,1113000,52.85,53.0
2021-08-26 10:21:00,0.35,0.35,0.35,0.35,0,80.236151,1113000,52.85,53.0
2021-08-26 10:22:00,0.35,0.35,0.35,0.35,0,80.236151,1113000,53.0,53.0
2021-08-26 10:23:00,0.35,0.35,0.35,0.35,0,80.236151,1113000,52.95,53.0
2021-08-26 10:24:00,0.35,0.35,0.35,0.35,0,80.236151,1113000,52.85,53.0
2021-08-26 10:25:00,0.35,0.35,0.35,0.35,0,80.236151,1113000,52.85,53.0
2021-08-26 10:26:00,0.35,0.35,0.35,0.35,0,80.236151,1113000,52.85,53.0
2021-08-26 10:27:00,0.35,0.35,0.35,0.35,0,80.236151,1113000,52.8,53.0
2021-08-26 10:28:00,0.35,0.35,0.35,0.35,0,80.236151,1113000,52.85,53.0
2021-08-26 10:29:00,0.35,0.35,0.35,0.35,0,80.236151,1113000,52.85,53.0
2021-08-26 10:30:00,0.35,0.35,0.35,0.35,0,80.236151,1113000,52.85,53.0
2021-08-26 10:31:00,0.35,0.35,0.35,0.35,0,80.236151,1113000,52.85,53.0
2021-08-26 10:32:00,0.35,0.35,0.35,0.35,0,80.236151,1113000,52.85,53.0
2021-08-26 10:33:00,0.35,0.35,0.35,0.35,0,80.236151,1113000,52.85,53.0
2021-08-26 10:34:00,0.35,0.35,0.35,0.35,0,80.236151,1113000,52.85,53.0
2021-08-26 10:35:00,0.4,0.4,0.4,0.4,31500,98.459959,1092000,52.8,53.0
2021-08-26 10:36:00,0.4,0.4,0.4,0.4,0,98.459959,1092000,52.8,53.0
2021-08-26 10:37:00,0.4,0.4,0.4,0.4,0,98.459959,1092000,52.8,53.0
2021-08-26 10:38:00,0.4,0.4,0.4,0.4,0,98.459959,1092000,52.8,53.0
2021-08-26 10:39:00,0.4,0.4,0.4,0.4,0,98.459959,1092000,52.8,53.0
2021-08-26 10:40:00,0.4,0.4,0.4,0.4,0,98.459959,1092000,52.65,53.0
2021-08-26 10:41:00,0.4,0.4,0.4,0.4,0,98.459959,1092000,52.8,53.0
2021-08-26 10:42:00,0.4,0.4,0.4,0.4,0,98.459959,1092000,52.8,53.0
2021-08-26 10:43:00,0.8,0.8,0.8,0.8,21000,111.712657,871500,52.45,52.0
2021-08-26 10:44:00,0.8,0.8,0.8,0.8,0,111.712657,871500,52.45,52.0
2021-08-26 10:45:00,0.8,0.8,0.8,0.8,0,111.712657,871500,52.45,52.0
2021-08-26 10:46:00,0.8,0.8,0.8,0.8,0,111.712657,871500,52.45,52.0
2021-08-26 10:47:00,0.8,0.8,0.8,0.8,0,111.712657,871500,52.45,52.0
2021-08-26 10:48:00,0.8,0.8,0.8,0.8,0,111.712657,871500,52.45,52.0
2021-08-26 10:49:00,0.8,0.8,0.8,0.8,0,111.712657,871500,52.45,52.0
2021-08-26 10:50:00,0.8,0.8,0.8,0.8,0,111.712657,871500,52.45,52.0
2021-08-26 10:51:00,0.8,0.8,0.8,0.8,0,111.712657,871500,52.45,52.0
2021-08-26 10:52:00,0.8,0.8,0.8,0.8,0,111.712657,871500,52.4,52.0
2021-08-26 10:53:00,0.8,0.8,0.8,0.8,0,111.712657,871500,52.45,52.0
2021-08-26 10:54:00,0.8,0.8,0.8,0.8,0,111.712657,871500,52.45,52.0
2021-08-26 10:55:00,0.8,0.8,0.8,0.8,0,111.712657,871500,52.45,52.0
2021-08-26 10:56:00,0.8,0.8,0.8,0.8,0,111.712657,871500,52.45,52.0
2021-08-26 10:57:00,0.3,0.3,0.3,0.3,10500,102.456307,1039500,52.55,53.0
2021-08-26 10:58:00,0.3,0.3,0.3,0.3,0,102.456307,1039500,52.55,53.0
2021-08-26 10:59:00,0.3,0.3,0.3,0.3,0,102.456307,1039500,52.55,53.0
2021-08-26 11:00:00,0.3,0.3,0.3,0.3,0,102.456307,1039500,52.55,53.0
2021-08-26 11:01:00,0.3,0.3,0.3,0.3,0,102.456307,1039500,52.55,53.0
2021-08-26 11:02:00,0.3,0.3,0.3,0.3,0,102.456307,1039500,52.55,53.0
2021-08-26 11:03:00,0.3,0.3,0.3,0.3,0,102.456307,1039500,52.55,53.0
2021-08-26 11:04:00,0.3,0.3,0.3,0.3,0,102.456307,1039500,52.55,53.0
2021-08-26 11:05:00,0.3,0.3,0.3,0.3,0,102.456307,1039500,52.55,53.0
2021-08-26 11:06:00,0.3,0.3,0.3,0.3,0,102.456307,1039500,52.55,53.0
2021-08-26 11:07:00,0.3,0.3,0.3,0.3,0,102.456307,1039500,52.55,53.0
2021-08-26 11:08:00,0.3,0.3,0.3,0.3,0,102.456307,1039500,52.55,53.0
2021-08-26 11:09:00,0.3,0.3,0.3,0.3,0,102.456307,1039500,52.55,53.0
2021-08-26 11:10:00,0.3,0.3,0.3,0.3,0,102.456307,1039500,52.55,53.0
2021-08-26 11:11:00,0.3,0.3,0.3,0.3,0,102.456307,1039500,52.55,53.0
2021-08-26 11:12:00,0.3,0.3,0.3,0.3,0,102.456307,1039500,52.55,53.0
2021-08-26 11:13:00,0.3,0.3,0.3,0.3,0,102.456307,1039500,52.4,52.0
2021-08-26 11:14:00,0.3,0.3,0.3,0.3,0,102.456307,1039500,52.55,53.0
2021-08-26 11:15:00,0.3,0.3,0.3,0.3,0,102.456307,1039500,52.55,53.0
2021-08-26 11:16:00,0.3,0.3,0.3,0.3,0,102.456307,1039500,52.5,53.0
2021-08-26 11:17:00,0.65,0.75,0.65,0.75,10500,99.56487,840000,52.5,52.0
2021-08-26 11:18:00,0.75,0.75,0.75,0.75,0,99.56487,840000,52.5,52.0
2021-08-26 11:19:00,0.75,0.75,0.75,0.75,0,99.56487,840000,52.5,52.0
2021-08-26 11:20:00,0.75,0.75,0.75,0.75,0,99.56487,840000,52.7,53.0
2021-08-26 11:21:00,0.75,0.75,0.75,0.75,0,99.56487,840000,52.5,52.0
2021-08-26 11:22:00,0.75,0.75,0.75,0.75,0,99.56487,840000,52.5,52.0
2021-08-26 11:23:00,0.75,0.75,0.75,0.75,0,99.56487,840000,52.55,53.0
2021-08-26 11:24:00,0.75,0.75,0.75,0.75,0,99.56487,840000,52.5,52.0
2021-08-26 11:25:00,0.75,0.75,0.75,0.75,0,99.56487,840000,52.5,52.0
2021-08-26 11:26:00,0.75,0.75,0.75,0.75,0,99.56487,840000,52.65,53.0
2021-08-26 11:27:00,0.75,0.75,0.75,0.75,0,99.56487,840000,52.65,53.0
2021-08-26 11:28:00,0.75,0.75,0.75,0.75,0,99.56487,840000,52.5,52.0
2021-08-26 11:29:00,0.75,0.75,0.75,0.75,0,99.56487,840000,52.5,52.0
2021-08-26 11:30:00,0.75,0.75,0.75,0.75,0,99.56487,840000,52.65,53.0
2021-08-26 11:31:00,0.75,0.75,0.75,0.75,0,99.56487,840000,52.5,52.0
2021-08-26 11:32:00,0.75,0.75,0.75,0.75,0,99.56487,840000,52.5,52.0
2021-08-26 11:33:00,0.75,0.75,0.75,0.75,0,99.56487,840000,52.5,52.0
2021-08-26 11:34:00,0.75,0.75,0.75,0.75,0,99.56487,840000,52.5,52.0
2021-08-26 11:35:00,0.75,0.75,0.75,0.75,0,99.56487,840000,52.75,53.0
2021-08-26 11:36:00,0.75,0.75,0.75,0.75,0,99.56487,840000,52.5,52.0
2021-08-26 11:37:00,0.75,0.75,0.75,0.75,0,99.56487,840000,52.5,52.0
2021-08-26 11:38:00,0.75,0.75,0.75,0.75,0,99.56487,840000,52.75,53.0
2021-08-26 11:39:00,0.75,0.75,0.75,0.75,0,99.56487,840000,52.8,53.0
2021-08-26 11:40:00,0.75,0.75,0.75,0.75,0,99.56487,840000,52.5,52.0
2021-08-26 11:41:00,0.75,0.75,0.75,0.75,0,99.56487,840000,52.5,52.0
2021-08-26 11:42:00,0.75,0.75,0.75,0.75,0,99.56487,840000,52.5,52.0
2021-08-26 11:43:00,0.75,0.75,0.75,0.75,0,99.56487,840000,52.5,52.0
2021-08-26 11:44:00,0.75,0.75,0.75,0.75,0,99.56487,840000,52.5,52.0
2021-08-26 11:45:00,0.75,0.75,0.75,0.75,0,99.56487,840000,52.5,52.0
2021-08-26 11:46:00,0.75,0.75,0.75,0.75,0,99.56487,840000,52.8,53.0
2021-08-26 11:47:00,0.75,0.75,0.75,0.75,0,99.56487,840000,52.5,52.0
2021-08-26 11:48:00,0.75,0.75,0.75,0.75,0,99.56487,840000,52.5,52.0
2021-08-26 11:49:00,0.75,0.75,0.75,0.75,0,99.56487,840000,52.5,52.0
2021-08-26 11:50:00,0.75,0.75,0.75,0.75,0,99.56487,840000,52.5,52.0
2021-08-26 11:51:00,0.75,0.75,0.75,0.75,0,99.56487,840000,52.5,52.0
2021-08-26 11:52:00,0.75,0.75,0.75,0.75,0,99.56487,840000,52.5,52.0
2021-08-26 11:53:00,0.75,0.75,0.75,0.75,0,99.56487,840000,52.5,52.0
2021-08-26 11:54:00,0.75,0.75,0.75,0.75,0,99.56487,840000,52.5,52.0
2021-08-26 11:55:00,0.75,0.75,0.75,0.75,0,99.56487,840000,52.5,52.0
2021-08-26 11:56:00,0.75,0.75,0.75,0.75,0,99.56487,840000,52.5,52.0
2021-08-26 11:57:00,0.75,0.75,0.75,0.75,0,99.56487,840000,52.75,53.0
2021-08-26 11:58:00,0.75,0.75,0.75,0.75,0,99.56487,840000,52.85,53.0
2021-08-26 11:59:00,0.75,0.75,0.75,0.75,0,99.56487,840000,52.5,52.0
2021-08-26 12:00:00,0.75,0.75,0.75,0.75,0,99.56487,840000,52.5,52.0
2021-08-26 12:01:00,0.75,0.75,0.75,0.75,0,99.56487,840000,52.5,52.0
2021-08-26 12:02:00,0.75,0.75,0.75,0.75,0,99.56487,840000,52.5,52.0
2021-08-26 12:03:00,0.75,0.75,0.75,0.75,0,99.56487,840000,52.5,52.0
2021-08-26 12:04:00,0.75,0.75,0.75,0.75,0,99.56487,840000,52.5,52.0
2021-08-26 12:05:00,0.75,0.75,0.75,0.75,0,99.56487,840000,52.5,52.0
2021-08-26 12:06:00,0.75,0.75,0.75,0.75,0,99.56487,840000,52.5,52.0
2021-08-26 12:07:00,0.75,0.75,0.75,0.75,0,99.56487,840000,52.5,52.0
2021-08-26 12:08:00,0.75,0.75,0.75,0.75,0,99.56487,840000,52.5,52.0
2021-08-26 12:09:00,0.75,0.75,0.75,0.75,0,99.56487,840000,52.5,52.0
2021-08-26 12:10:00,0.75,0.75,0.75,0.75,0,99.56487,840000,52.5,52.0
2021-08-26 12:11:00,0.75,0.75,0.75,0.75,0,99.56487,840000,52.5,52.0
2021-08-26 12:12:00,0.75,0.75,0.75,0.75,0,99.56487,840000,52.5,52.0
2021-08-26 12:13:00,0.35,0.4,0.35,0.4,94500,120.592066,903000,52.8,53.0
2021-08-26 12:14:00,0.4,0.4,0.4,0.4,0,120.592066,903000,52.8,53.0
2021-08-26 12:15:00,0.4,0.4,0.4,0.4,0,120.592066,903000,52.8,53.0
2021-08-26 12:16:00,0.4,0.4,0.4,0.4,0,120.592066,903000,52.8,53.0
2021-08-26 12:17:00,0.4,0.4,0.4,0.4,0,120.592066,903000,52.8,53.0
2021-08-26 12:18:00,0.4,0.4,0.4,0.4,0,120.592066,903000,52.85,53.0
2021-08-26 12:19:00,0.4,0.4,0.4,0.4,0,120.592066,903000,52.8,53.0
2021-08-26 12:20:00,0.4,0.4,0.4,0.4,0,120.592066,903000,52.8,53.0
2021-08-26 12:21:00,0.4,0.4,0.4,0.4,0,120.592066,903000,52.85,53.0
2021-08-26 12:22:00,0.4,0.4,0.4,0.4,0,120.592066,903000,52.8,53.0
2021-08-26 12:23:00,0.4,0.4,0.4,0.4,0,120.592066,903000,52.8,53.0
2021-08-26 12:24:00,0.4,0.4,0.4,0.4,0,120.592066,903000,52.75,53.0
2021-08-26 12:25:00,0.4,0.4,0.4,0.4,0,120.592066,903000,52.85,53.0
2021-08-26 12:26:00,0.4,0.4,0.4,0.4,0,120.592066,903000,52.8,53.0
2021-08-26 12:27:00,0.4,0.4,0.4,0.4,0,120.592066,903000,52.8,53.0
2021-08-26 12:28:00,0.4,0.4,0.4,0.4,0,120.592066,903000,52.8,53.0
2021-08-26 12:29:00,0.4,0.4,0.4,0.4,0,120.592066,903000,52.8,53.0
2021-08-26 12:30:00,0.35,0.35,0.35,0.35,10500,124.195302,871500,52.7,53.0
2021-08-26 12:31:00,0.35,0.35,0.35,0.35,0,124.195302,871500,52.7,53.0
2021-08-26 12:32:00,0.35,0.35,0.35,0.35,0,124.195302,871500,52.7,53.0
2021-08-26 12:33:00,0.35,0.35,0.35,0.35,0,124.195302,871500,52.7,53.0
2021-08-26 12:34:00,0.35,0.35,0.35,0.35,0,124.195302,871500,52.7,53.0
2021-08-26 12:35:00,0.35,0.35,0.35,0.35,0,124.195302,871500,52.7,53.0
2021-08-26 12:36:00,0.35,0.35,0.35,0.35,0,124.195302,871500,52.7,53.0
2021-08-26 12:37:00,0.35,0.35,0.35,0.35,0,124.195302,871500,52.7,53.0
2021-08-26 12:38:00,0.35,0.35,0.35,0.35,0,124.195302,871500,52.7,53.0
2021-08-26 12:39:00,0.35,0.35,0.35,0.35,0,124.195302,871500,52.7,53.0
2021-08-26 12:40:00,0.3,0.3,0.3,0.3,10500,114.167003,850500,52.7,53.0
2021-08-26 12:41:00,0.3,0.3,0.3,0.3,0,114.167003,850500,52.7,53.0
2021-08-26 12:42:00,0.3,0.3,0.3,0.3,0,114.167003,850500,52.7,53.0
2021-08-26 12:43:00,0.3,0.3,0.3,0.3,0,114.167003,850500,52.65,53.0
2021-08-26 12:44:00,0.3,0.3,0.3,0.3,0,114.167003,850500,52.7,53.0
2021-08-26 12:45:00,0.3,0.3,0.3,0.3,0,114.167003,850500,52.7,53.0
2021-08-26 12:46:00,0.3,0.3,0.3,0.3,0,114.167003,850500,52.7,53.0
2021-08-26 12:47:00,0.3,0.3,0.3,0.3,0,114.167003,850500,52.7,53.0
2021-08-26 12:48:00,0.3,0.3,0.3,0.3,0,114.167003,850500,52.55,53.0
2021-08-26 12:49:00,0.3,0.3,0.3,0.3,0,114.167003,850500,52.7,53.0
2021-08-26 12:50:00,0.3,0.3,0.3,0.3,0,114.167003,850500,52.7,53.0
2021-08-26 12:51:00,0.3,0.3,0.3,0.3,0,114.167003,850500,52.7,53.0
2021-08-26 12:52:00,0.3,0.3,0.3,0.3,0,114.167003,850500,52.7,53.0
2021-08-26 12:53:00,0.3,0.3,0.3,0.3,0,114.167003,850500,52.7,53.0
2021-08-26 12:54:00,0.3,0.3,0.3,0.3,0,114.167003,850500,52.7,53.0
2021-08-26 12:55:00,0.3,0.3,0.3,0.3,0,114.167003,850500,52.7,53.0
2021-08-26 12:56:00,0.3,0.3,0.3,0.3,0,114.167003,850500,52.7,53.0
2021-08-26 12:57:00,0.3,0.3,0.3,0.3,0,114.167003,850500,52.7,53.0
2021-08-26 12:58:00,0.3,0.3,0.3,0.3,0,114.167003,850500,52.7,53.0
2021-08-26 12:59:00,0.3,0.3,0.3,0.3,0,114.167003,850500,52.7,53.0
2021-08-26 13:00:00,0.3,0.3,0.3,0.3,0,114.167003,850500,52.7,53.0
2021-08-26 13:01:00,0.3,0.3,0.3,0.3,0,114.167003,850500,52.7,53.0
2021-08-26 13:02:00,0.3,0.3,0.3,0.3,0,114.167003,850500,52.7,53.0
2021-08-26 13:03:00,0.3,0.3,0.3,0.3,0,114.167003,850500,52.7,53.0
2021-08-26 13:04:00,0.3,0.3,0.3,0.3,0,114.167003,850500,52.7,53.0
2021-08-26 13:05:00,0.3,0.3,0.3,0.3,0,114.167003,850500,52.7,53.0
2021-08-26 13:06:00,0.3,0.3,0.3,0.3,0,114.167003,850500,52.7,53.0
2021-08-26 13:07:00,0.3,0.3,0.3,0.3,0,114.167003,850500,52.7,53.0
2021-08-26 13:08:00,0.3,0.3,0.3,0.3,0,114.167003,850500,52.7,53.0
2021-08-26 13:09:00,0.3,0.3,0.3,0.3,0,114.167003,850500,52.7,53.0
2021-08-26 13:10:00,0.3,0.3,0.3,0.3,0,114.167003,850500,52.7,53.0
2021-08-26 13:11:00,0.3,0.3,0.3,0.3,0,114.167003,850500,52.5,53.0
2021-08-26 13:12:00,0.3,0.3,0.3,0.3,0,114.167003,850500,52.7,53.0
2021-08-26 13:13:00,0.3,0.3,0.3,0.3,0,114.167003,850500,52.7,53.0
2021-08-26 13:14:00,0.3,0.3,0.3,0.3,0,114.167003,850500,52.7,53.0
2021-08-26 13:15:00,0.3,0.3,0.3,0.3,0,114.167003,850500,52.7,53.0
2021-08-26 13:16:00,0.3,0.3,0.3,0.3,0,114.167003,850500,52.7,53.0
2021-08-26 13:17:00,0.3,0.3,0.3,0.3,0,114.167003,850500,52.7,53.0
2021-08-26 13:18:00,0.3,0.3,0.3,0.3,0,114.167003,850500,52.7,53.0
2021-08-26 13:19:00,0.3,0.3,0.3,0.3,0,114.167003,850500,52.7,53.0
2021-08-26 13:20:00,0.3,0.3,0.3,0.3,0,114.167003,850500,52.7,53.0
2021-08-26 13:21:00,0.3,0.3,0.3,0.3,0,114.167003,850500,52.7,53.0
2021-08-26 13:22:00,0.3,0.3,0.3,0.3,0,114.167003,850500,52.7,53.0
2021-08-26 13:23:00,0.3,0.3,0.3,0.3,0,114.167003,850500,52.7,53.0
2021-08-26 13:24:00,0.3,0.3,0.3,0.3,0,114.167003,850500,52.7,53.0
2021-08-26 13:25:00,0.3,0.3,0.3,0.3,0,114.167003,850500,52.7,53.0
2021-08-26 13:26:00,0.3,0.3,0.3,0.3,0,114.167003,850500,52.7,53.0
2021-08-26 13:27:00,0.3,0.3,0.3,0.3,0,114.167003,850500,52.7,53.0
2021-08-26 13:28:00,0.3,0.3,0.3,0.3,0,114.167003,850500,52.7,53.0
2021-08-26 13:29:00,0.3,0.3,0.3,0.3,0,114.167003,850500,52.7,53.0
2021-08-26 13:30:00,0.3,0.3,0.3,0.3,0,114.167003,850500,52.7,53.0
2021-08-26 13:31:00,0.3,0.3,0.3,0.3,0,114.167003,850500,52.7,53.0
2021-08-26 13:32:00,0.3,0.3,0.3,0.3,0,114.167003,850500,52.7,53.0
2021-08-26 13:33:00,0.3,0.3,0.3,0.3,0,114.167003,850500,52.7,53.0
2021-08-26 13:34:00,0.3,0.3,0.3,0.3,0,114.167003,850500,52.7,53.0
2021-08-26 13:35:00,0.3,0.3,0.3,0.3,0,114.167003,850500,52.7,53.0
2021-08-26 13:36:00,0.3,0.3,0.3,0.3,0,114.167003,850500,52.6,53.0
2021-08-26 13:37:00,0.3,0.3,0.3,0.3,0,114.167003,850500,52.7,53.0
2021-08-26 13:38:00,0.3,0.3,0.3,0.3,0,114.167003,850500,52.7,53.0
2021-08-26 13:39:00,0.3,0.3,0.3,0.3,0,114.167003,850500,52.7,53.0
2021-08-26 13:40:00,0.3,0.3,0.3,0.3,0,114.167003,850500,52.7,53.0
2021-08-26 13:41:00,0.3,0.3,0.3,0.3,0,114.167003,850500,52.7,53.0
2021-08-26 13:42:00,0.3,0.3,0.3,0.3,0,114.167003,850500,52.7,53.0
2021-08-26 13:43:00,0.3,0.3,0.3,0.3,0,114.167003,850500,52.7,53.0
2021-08-26 13:44:00,0.3,0.3,0.3,0.3,0,114.167003,850500,52.7,53.0
2021-08-26 13:45:00,0.3,0.3,0.3,0.3,0,114.167003,850500,52.7,53.0
2021-08-26 13:46:00,0.3,0.3,0.3,0.3,0,114.167003,850500,52.7,53.0
2021-08-26 13:47:00,0.3,0.3,0.3,0.3,0,114.167003,850500,52.7,53.0
2021-08-26 13:48:00,0.3,0.3,0.3,0.3,0,114.167003,850500,52.7,53.0
2021-08-26 13:49:00,0.55,0.55,0.55,0.55,84000,92.044934,682500,52.45,52.0
2021-08-26 13:50:00,0.55,0.55,0.55,0.55,0,92.044934,682500,52.4,52.0
2021-08-26 13:51:00,0.55,0.55,0.55,0.55,10500,121.334612,682500,52.35,52.0
2021-08-26 13:52:00,0.55,0.55,0.55,0.55,0,121.334612,682500,52.35,52.0
2021-08-26 13:53:00,0.55,0.55,0.55,0.55,0,121.334612,682500,52.35,52.0
2021-08-26 13:54:00,0.55,0.55,0.55,0.55,0,121.334612,682500,52.35,52.0
2021-08-26 13:55:00,0.55,0.55,0.55,0.55,0,121.334612,682500,52.35,52.0
2021-08-26 13:56:00,0.55,0.55,0.55,0.55,0,121.334612,682500,52.5,52.0
2021-08-26 13:57:00,0.55,0.55,0.55,0.55,0,121.334612,682500,52.35,52.0
2021-08-26 13:58:00,0.55,0.55,0.55,0.55,0,121.334612,682500,52.35,52.0
2021-08-26 13:59:00,0.55,0.55,0.55,0.55,0,121.334612,682500,52.35,52.0
2021-08-26 14:00:00,0.55,0.55,0.55,0.55,0,121.334612,682500,52.35,52.0
2021-08-26 14:01:00,0.55,0.55,0.55,0.55,0,121.334612,682500,52.35,52.0
2021-08-26 14:02:00,0.55,0.55,0.55,0.55,0,121.334612,682500,52.35,52.0
2021-08-26 14:03:00,0.55,0.55,0.55,0.55,0,121.334612,682500,52.35,52.0
2021-08-26 14:04:00,0.55,0.55,0.55,0.55,0,121.334612,682500,52.35,52.0
2021-08-26 14:05:00,0.55,0.55,0.55,0.55,0,121.334612,682500,52.35,52.0
2021-08-26 14:06:00,0.55,0.55,0.55,0.55,0,121.334612,682500,52.35,52.0
2021-08-26 14:07:00,0.55,0.55,0.55,0.55,0,121.334612,682500,52.35,52.0
2021-08-26 14:08:00,0.55,0.55,0.55,0.55,0,121.334612,682500,52.35,52.0
2021-08-26 14:09:00,0.55,0.55,0.55,0.55,0,121.334612,682500,52.35,52.0
2021-08-26 14:10:00,0.55,0.55,0.55,0.55,0,121.334612,682500,52.35,52.0
2021-08-26 14:11:00,0.55,0.55,0.55,0.55,0,121.334612,682500,52.35,52.0
2021-08-26 14:12:00,0.55,0.55,0.55,0.55,0,121.334612,682500,52.35,52.0
2021-08-26 14:13:00,0.55,0.55,0.55,0.55,0,121.334612,682500,52.35,52.0
2021-08-26 14:14:00,0.55,0.55,0.55,0.55,0,121.334612,682500,52.35,52.0
2021-08-26 14:15:00,0.55,0.55,0.55,0.55,0,121.334612,682500,52.35,52.0
2021-08-26 14:16:00,0.55,0.55,0.55,0.55,0,121.334612,682500,52.35,52.0
2021-08-26 14:17:00,0.55,0.55,0.55,0.55,0,121.334612,682500,52.35,52.0
2021-08-26 14:18:00,0.55,0.55,0.55,0.55,0,121.334612,682500,52.35,52.0
2021-08-26 14:19:00,0.55,0.55,0.55,0.55,0,121.334612,682500,52.35,52.0
2021-08-26 14:20:00,0.55,0.55,0.55,0.55,0,121.334612,682500,52.35,52.0
2021-08-26 14:21:00,0.35,0.4,0.35,0.4,31500,107.160893,577500,52.25,52.0
2021-08-26 14:22:00,0.4,0.4,0.4,0.4,0,107.160893,577500,52.25,52.0
2021-08-26 14:23:00,0.4,0.4,0.4,0.4,0,107.160893,577500,52.25,52.0
2021-08-26 14:24:00,0.4,0.4,0.4,0.4,0,107.160893,577500,52.25,52.0
2021-08-26 14:25:00,0.4,0.4,0.4,0.4,0,107.160893,577500,52.25,52.0
2021-08-26 14:26:00,0.4,0.4,0.4,0.4,0,107.160893,577500,52.15,52.0
2021-08-26 14:27:00,0.3,0.3,0.3,0.3,10500,108.397254,588000,52.1,52.0
2021-08-26 14:28:00,0.3,0.3,0.3,0.3,0,108.397254,588000,52.1,52.0
2021-08-26 14:29:00,0.3,0.3,0.3,0.3,0,108.397254,588000,52.1,52.0
2021-08-26 14:30:00,0.3,0.3,0.3,0.3,0,108.397254,588000,52.1,52.0
2021-08-26 14:31:00,0.3,0.3,0.3,0.3,0,108.397254,588000,52.1,52.0
2021-08-26 14:32:00,0.3,0.3,0.3,0.3,0,108.397254,588000,52.15,52.0
2021-08-26 14:33:00,0.3,0.3,0.3,0.3,0,108.397254,588000,52.1,52.0
2021-08-26 14:34:00,0.3,0.3,0.3,0.3,0,108.397254,588000,52.1,52.0
2021-08-26 14:35:00,0.3,0.3,0.3,0.3,0,108.397254,588000,52.1,52.0
2021-08-26 14:36:00,0.3,0.3,0.3,0.3,0,108.397254,588000,52.1,52.0
2021-08-26 14:37:00,0.3,0.3,0.3,0.3,0,108.397254,588000,52.1,52.0
2021-08-26 14:38:00,0.3,0.3,0.3,0.3,0,108.397254,588000,52.1,52.0
2021-08-26 14:39:00,0.3,0.3,0.3,0.3,0,108.397254,588000,52.1,52.0
2021-08-26 14:40:00,0.3,0.3,0.3,0.3,0,108.397254,588000,52.1,52.0
2021-08-26 14:41:00,0.3,0.3,0.3,0.3,0,108.397254,588000,52.1,52.0
2021-08-26 14:42:00,0.3,0.3,0.3,0.3,0,108.397254,588000,52.1,52.0
2021-08-26 14:43:00,0.3,0.3,0.3,0.3,0,108.397254,588000,52.1,52.0
2021-08-26 14:44:00,0.3,0.3,0.3,0.3,0,108.397254,588000,52.1,52.0
2021-08-26 14:45:00,0.3,0.3,0.3,0.3,0,108.397254,588000,52.1,52.0
2021-08-26 14:46:00,0.3,0.3,0.3,0.3,0,108.397254,588000,52.1,52.0
2021-08-26 14:47:00,0.3,0.3,0.3,0.3,0,108.397254,588000,52.1,52.0
2021-08-26 14:48:00,0.15,0.2,0.15,0.2,31500,93.584778,556500,52.05,52.0
2021-08-26 14:49:00,0.2,0.2,0.2,0.2,0,93.584778,556500,52.05,52.0
2021-08-26 14:50:00,0.2,0.2,0.2,0.2,0,93.584778,556500,52.05,52.0
2021-08-26 14:51:00,0.2,0.2,0.2,0.2,0,93.584778,556500,52.05,52.0
2021-08-26 14:52:00,0.2,0.2,0.2,0.2,0,93.584778,556500,52.05,52.0
2021-08-26 14:53:00,0.15,0.15,0.15,0.15,10500,86.074932,556500,52.0,52.0
2021-08-26 14:54:00,0.15,0.15,0.15,0.15,0,86.074932,556500,52.0,52.0
2021-08-26 14:55:00,0.15,0.15,0.15,0.15,0,86.074932,556500,52.0,52.0
2021-08-26 14:56:00,0.15,0.15,0.15,0.15,10500,89.800968,535500,52.0,52.0
2021-08-26 14:57:00,0.15,0.15,0.15,0.15,0,89.800968,535500,52.0,52.0
2021-08-26 14:58:00,0.15,0.15,0.15,0.15,0,89.800968,535500,52.0,52.0
2021-08-26 14:59:00,0.15,0.15,0.15,0.15,0,89.800968,535500,52.0,52.0
2021-08-26 15:00:00,0.15,0.15,0.15,0.15,0,89.800968,535500,52.0,52.0
2021-08-26 15:01:00,0.15,0.15,0.15,0.15,0,89.800968,535500,52.0,52.0
2021-08-26 15:02:00,0.15,0.15,0.15,0.15,0,89.800968,535500,52.0,52.0
2021-08-26 15:03:00,0.15,0.15,0.15,0.15,0,89.800968,535500,52.0,52.0
2021-08-26 15:04:00,0.15,0.15,0.15,0.15,0,89.800968,535500,52.0,52.0
2021-08-26 15:05:00,0.15,0.15,0.15,0.15,0,89.800968,535500,52.0,52.0
2021-08-26 15:06:00,0.15,0.15,0.15,0.15,0,89.800968,535500,52.0,52.0
2021-08-26 15:07:00,0.15,0.15,0.15,0.15,0,89.800968,535500,52.0,52.0
2021-08-26 15:08:00,0.15,0.15,0.15,0.15,0,89.800968,535500,52.0,52.0
2021-08-26 15:09:00,0.15,0.15,0.15,0.15,0,89.800968,535500,52.0,52.0
2021-08-26 15:10:00,0.15,0.15,0.15,0.15,0,89.800968,535500,52.0,52.0
2021-08-26 15:11:00,0.1,0.1,0.1,0.1,10500,57.814717,367500,52.05,52.0
2021-08-26 15:12:00,0.1,0.1,0.1,0.1,0,57.814717,367500,52.05,52.0
2021-08-26 15:13:00,0.1,0.1,0.1,0.1,0,57.814717,367500,52.05,52.0
2021-08-26 15:14:00,0.1,0.1,0.1,0.1,0,57.814717,367500,52.05,52.0
2021-08-26 15:15:00,0.1,0.1,0.1,0.1,0,57.814717,367500,52.05,52.0
2021-08-26 15:16:00,0.1,0.1,0.1,0.1,0,57.814717,367500,52.05,52.0
2021-08-26 15:17:00,0.1,0.1,0.1,0.1,0,57.814717,367500,52.05,52.0
2021-08-26 15:18:00,0.1,0.1,0.1,0.1,0,57.814717,367500,52.05,52.0
2021-08-26 15:19:00,0.1,0.1,0.1,0.1,0,57.814717,367500,52.05,52.0
2021-08-26 15:20:00,0.1,0.1,0.1,0.1,0,57.814717,367500,52.0,52.0
2021-08-26 15:21:00,0.1,0.1,0.1,0.1,0,57.814717,367500,52.05,52.0
2021-08-26 15:22:00,0.1,0.1,0.1,0.1,0,57.814717,367500,52.05,52.0
2021-08-26 15:23:00,0.1,0.1,0.1,0.1,0,57.814717,367500,52.05,52.0
2021-08-26 15:24:00,0.1,0.1,0.1,0.1,0,57.814717,367500,52.05,52.0
2021-08-26 15:25:00,0.1,0.1,0.1,0.1,0,57.814717,367500,52.05,52.0
2021-08-26 15:26:00,0.1,0.1,0.1,0.1,0,57.814717,367500,52.05,52.0
2021-08-26 15:27:00,0.15,0.15,0.15,0.15,10500,438.030212,357000,51.85,52.0
2021-08-26 15:28:00,0.15,0.15,0.15,0.15,0,438.030212,357000,51.95,52.0
2021-08-26 15:29:00,0.15,0.15,0.15,0.15,0,438.030212,357000,51.85,52.0
