datetime,open,high,low,close,volume,iv,oi,spot,strike
2025-09-29 09:15:00,8.1,8.1,8.1,8.1,0,21.542234,0,1677.0,1680.0
2025-09-29 09:16:00,8.1,8.1,8.1,8.1,0,18.716991,44100,1679.5,1680.0
2025-09-29 09:17:00,8.1,8.1,8.1,8.1,0,17.63667,44100,1680.4,1680.0
2025-09-29 09:18:00,11.8,12.65,8.45,11.35,16100,25.126778,40950,1680.5,1680.0
2025-09-29 09:19:00,11.35,11.8,11.35,11.8,2100,27.029968,40950,1679.8,1680.0
2025-09-29 09:20:00,11.8,12.05,11.8,12.05,16450,26.041368,40950,1681.1,1680.0
2025-09-29 09:21:00,12.05,14.45,12.05,14.45,6650,26.73484,40950,1684.9,1680.0
2025-09-29 09:22:00,14.45,14.6,14.45,14.6,19950,27.373618,38850,1684.7,1680.0
2025-09-29 09:23:00,14.6,14.6,14.6,14.6,0,32.892157,38850,1680.4,1680.0
2025-09-29 09:24:00,14.6,14.6,14.6,14.6,0,32.779128,38850,1680.5,1680.0
2025-09-29 09:25:00,14.6,14.6,12.6,12.6,28350,24.274307,38500,1683.5,1680.0
2025-09-29 09:26:00,12.6,12.6,12.6,12.6,0,25.33926,38500,1682.7,1680.0
2025-09-29 09:27:00,12.6,12.6,12.6,12.6,0,25.475817,38500,1682.6,1680.0
2025-09-29 09:28:00,12.6,12.65,12.6,12.65,29050,23.732535,39200,1684.0,1680.0
2025-09-29 09:29:00,12.65,12.65,12.65,12.65,0,24.685148,39200,1683.3,1680.0
2025-09-29 09:30:00,12.65,13.3,12.65,13.3,29750,25.562169,39200,1683.8,1680.0
2025-09-29 09:31:00,13.3,13.35,13.3,13.35,350,25.280461,38500,1684.1,1680.0
2025-09-29 09:32:00,13.35,14.7,13.35,14.7,31150,27.543107,38500,1684.8,1680.0
2025-09-29 09:33:00,14.7,15.5,13.8,15.5,2450,25.582236,38500,1687.5,1680.0
2025-09-29 09:34:00,15.5,15.5,14.5,14.5,32900,26.242141,38500,1685.4,1680.0
2025-09-29 09:35:00,14.5,14.5,14.5,14.5,0,26.248768,38500,1685.4,1680.0
2025-09-29 09:36:00,14.5,15.0,14.5,15.0,35700,26.746152,38500,1685.9,1680.0
2025-09-29 09:37:00,15.0,15.0,15.0,15.0,0,27.03788,38500,1685.7,1680.0
2025-09-29 09:38:00,15.0,15.0,15.0,15.0,0,27.74753,38500,1685.2,1680.0
2025-09-29 09:39:00,15.0,15.0,14.85,14.85,37800,27.673586,39200,1685.0,1680.0
2025-09-29 09:40:00,14.85,14.85,14.85,14.85,0,27.68055,39200,1685.0,1680.0
2025-09-29 09:41:00,14.85,14.85,12.95,12.95,38850,22.549736,39550,1685.4,1680.0
2025-09-29 09:42:00,12.95,15.2,12.95,13.5,700,24.4578,39550,1685.0,1680.0
2025-09-29 09:43:00,13.5,13.5,13.5,13.5,0,24.605375,39550,1684.9,1680.0
2025-09-29 09:44:00,13.5,13.5,13.5,13.5,0,23.753765,39550,1685.5,1680.0
2025-09-29 09:45:00,13.5,13.5,13.5,13.5,0,22.424981,39550,1686.4,1680.0
2025-09-29 09:46:00,13.5,13.5,13.5,13.5,0,23.180117,39550,1685.9,1680.0
2025-09-29 09:47:00,13.5,13.5,13.5,13.5,0,23.772008,39550,1685.5,1680.0
2025-09-29 09:48:00,13.5,13.5,13.5,13.5,0,23.486505,39550,1685.7,1680.0
2025-09-29 09:49:00,13.5,14.0,13.5,14.0,40600,25.136971,38850,1685.4,1680.0
2025-09-29 09:50:00,14.0,14.15,14.0,14.15,350,26.071154,38850,1685.0,1680.0
2025-09-29 09:51:00,14.15,14.15,14.15,14.15,0,26.077788,38850,1685.0,1680.0
2025-09-29 09:52:00,14.15,14.15,14.15,14.15,0,26.084418,38850,1685.0,1680.0
2025-09-29 09:53:00,14.15,14.6,14.15,14.6,41650,26.609683,38850,1685.4,1680.0
2025-09-29 09:54:00,14.6,14.6,14.6,14.6,0,27.03899,38850,1685.1,1680.0
2025-09-29 09:55:00,14.6,14.6,14.6,14.6,0,26.764653,38850,1685.3,1680.0
2025-09-29 09:56:00,14.6,14.6,14.6,14.6,0,27.192539,38850,1685.0,1680.0
2025-09-29 09:57:00,14.6,14.6,14.6,14.6,0,26.494708,38850,1685.5,1680.0
2025-09-29 09:58:00,14.6,14.6,14.6,14.6,0,26.501463,38850,1685.5,1680.0
2025-09-29 09:59:00,14.6,14.6,14.6,14.6,0,27.213283,38850,1685.0,1680.0
2025-09-29 10:00:00,14.6,14.6,14.6,14.6,0,26.084963,38850,1685.8,1680.0
2025-09-29 10:01:00,14.6,14.6,14.6,14.6,0,26.235607,38850,1685.7,1680.0
2025-09-29 10:02:00,14.6,14.6,14.6,14.6,42350,26.09831,38500,1685.8,1680.0
2025-09-29 10:03:00,14.6,14.6,14.6,14.6,0,25.815057,38500,1686.0,1680.0
2025-09-29 10:04:00,14.6,14.6,14.6,14.6,0,26.399215,38500,1685.6,1680.0
2025-09-29 10:05:00,14.6,14.6,14.55,14.55,42700,26.284946,38850,1685.6,1680.0
2025-09-29 10:06:00,14.55,14.55,14.55,14.55,0,26.003747,38850,1685.8,1680.0
2025-09-29 10:07:00,14.55,14.55,13.5,13.5,43050,24.614766,39200,1685.0,1680.0
2025-09-29 10:08:00,13.5,13.5,13.5,13.5,0,24.621103,39200,1685.0,1680.0
2025-09-29 10:09:00,13.5,13.5,13.5,13.5,0,24.627442,39200,1685.0,1680.0
2025-09-29 10:10:00,13.5,13.5,13.45,13.5,44100,23.76697,38850,1685.6,1680.0
2025-09-29 10:11:00,13.5,13.5,13.5,13.5,0,24.640137,38850,1685.0,1680.0
2025-09-29 10:12:00,13.5,13.5,13.5,13.5,0,24.646495,38850,1685.0,1680.0
2025-09-29 10:13:00,13.5,13.5,13.5,13.5,0,24.652853,38850,1685.0,1680.0
2025-09-29 10:14:00,13.5,13.5,13.5,13.5,0,24.659216,38850,1685.0,1680.0
2025-09-29 10:15:00,13.5,13.5,13.5,13.5,0,24.37896,38850,1685.2,1680.0
2025-09-29 10:16:00,13.5,13.5,13.5,13.5,0,24.385267,38850,1685.2,1680.0
2025-09-29 10:17:00,13.5,13.5,13.5,13.5,0,24.535275,38850,1685.1,1680.0
2025-09-29 10:18:00,13.5,13.5,13.5,13.5,0,23.962745,38850,1685.5,1680.0
2025-09-29 10:19:00,13.5,13.5,13.5,13.5,0,22.004926,39200,1686.8,1680.0
2025-09-29 10:20:00,13.5,14.0,13.5,14.0,46200,24.756547,39200,1685.8,1680.0
2025-09-29 10:21:00,14.0,14.0,14.0,14.0,0,24.762968,39200,1685.8,1680.0
2025-09-29 10:22:00,14.0,14.0,14.0,14.0,0,25.922371,39200,1685.0,1680.0
2025-09-29 10:23:00,14.0,14.0,14.0,14.0,0,24.480975,39200,1686.0,1680.0
2025-09-29 10:24:00,14.0,14.0,14.0,14.0,0,24.189598,39200,1686.2,1680.0
2025-09-29 10:25:00,14.0,14.0,14.0,14.0,0,23.743586,39200,1686.5,1680.0
2025-09-29 10:26:00,14.0,14.0,14.0,14.0,0,23.901369,39200,1686.4,1680.0
2025-09-29 10:27:00,14.0,14.0,14.0,14.0,0,22.671568,39200,1687.2,1680.0
2025-09-29 10:28:00,14.0,14.0,14.0,14.0,46550,24.954603,39550,1685.7,1680.0
2025-09-29 10:29:00,14.0,14.0,12.95,12.95,350,23.416394,39550,1685.0,1680.0
2025-09-29 10:30:00,12.95,12.95,12.95,12.95,0,23.422508,39550,1685.0,1680.0
2025-09-29 10:31:00,12.95,12.95,12.95,12.95,0,23.428633,39550,1685.0,1680.0
2025-09-29 10:32:00,12.95,12.95,12.95,12.95,0,23.434755,39550,1685.0,1680.0
2025-09-29 10:33:00,12.95,12.95,12.45,12.45,47950,20.402997,39550,1686.2,1680.0
2025-09-29 10:34:00,12.45,12.45,12.45,12.45,0,22.078218,39550,1685.1,1680.0
2025-09-29 10:35:00,12.45,12.45,12.45,12.45,0,20.570292,39550,1686.1,1680.0
2025-09-29 10:36:00,12.45,12.45,12.45,12.45,0,20.419323,39550,1686.2,1680.0
2025-09-29 10:37:00,12.45,12.6,12.45,12.6,48300,19.680887,38500,1686.9,1680.0
2025-09-29 10:38:00,12.6,12.6,12.6,12.6,0,20.960994,38500,1686.1,1680.0
2025-09-29 10:39:00,12.6,12.6,12.6,12.6,0,20.654089,38500,1686.3,1680.0
2025-09-29 10:40:00,12.6,12.6,12.6,12.6,0,22.037197,38150,1685.4,1680.0
2025-09-29 10:41:00,12.6,12.6,12.6,12.6,0,22.339856,38150,1685.2,1680.0
2025-09-29 10:42:00,12.6,12.6,12.6,12.6,0,22.493044,38150,1685.1,1680.0
2025-09-29 10:43:00,12.6,12.6,12.6,12.6,0,21.754511,38150,1685.6,1680.0
2025-09-29 10:44:00,12.6,12.6,12.6,12.6,0,21.456656,38150,1685.8,1680.0
2025-09-29 10:45:00,12.6,12.6,12.6,12.6,0,21.61464,38150,1685.7,1680.0
2025-09-29 10:46:00,12.6,12.6,12.6,12.6,0,21.620388,38150,1685.7,1680.0
2025-09-29 10:47:00,12.6,12.6,12.6,12.6,0,22.3753,38150,1685.2,1680.0
2025-09-29 10:48:00,12.6,13.2,12.6,13.2,51100,22.815504,37800,1685.9,1680.0
2025-09-29 10:49:00,13.2,13.2,13.2,13.2,0,19.777926,37800,1687.8,1680.0
2025-09-29 10:50:00,13.2,13.2,13.2,13.2,0,20.122585,37800,1687.6,1680.0
2025-09-29 10:51:00,13.2,13.2,13.2,13.2,0,19.788669,37800,1687.8,1680.0
2025-09-29 10:52:00,13.2,13.2,13.2,13.2,0,21.443232,37800,1686.8,1680.0
2025-09-29 10:53:00,13.2,13.2,13.2,13.2,0,20.63876,37800,1687.3,1680.0
2025-09-29 10:54:00,13.2,13.2,13.2,13.2,0,21.92862,37800,1686.5,1680.0
2025-09-29 10:55:00,13.2,13.2,13.2,13.2,0,22.400079,37800,1686.2,1680.0
2025-09-29 10:56:00,13.2,13.55,13.2,13.55,51450,22.816257,36750,1686.5,1680.0
2025-09-29 10:57:00,13.55,13.55,13.55,13.55,0,22.822331,36750,1686.5,1680.0
2025-09-29 10:58:00,13.55,14.1,13.55,14.1,51800,23.268856,36750,1687.1,1680.0
2025-09-29 10:59:00,14.1,14.1,14.1,14.1,0,23.116883,36750,1687.2,1680.0
2025-09-29 11:00:00,14.1,14.1,14.1,14.1,0,22.480784,36750,1687.6,1680.0
2025-09-29 11:01:00,14.1,14.1,14.0,14.0,52500,23.661882,36750,1686.7,1680.0
2025-09-29 11:02:00,14.0,14.0,13.75,13.75,1050,23.042456,36750,1686.7,1680.0
2025-09-29 11:03:00,13.75,13.75,13.75,13.75,0,22.734843,36750,1686.9,1680.0
2025-09-29 11:04:00,13.75,14.55,13.75,14.05,55300,21.380173,36050,1688.2,1680.0
2025-09-29 11:05:00,14.05,14.05,14.05,14.05,0,23.186444,36050,1687.1,1680.0
2025-09-29 11:06:00,14.05,14.05,13.3,13.3,57750,22.869149,36050,1686.1,1680.0
2025-09-29 11:07:00,13.3,13.3,13.3,13.3,0,21.62282,36050,1686.9,1680.0
2025-09-29 11:08:00,13.3,13.3,13.3,13.3,0,22.41842,36050,1686.4,1680.0
2025-09-29 11:09:00,13.3,13.3,13.3,13.3,0,23.040161,36050,1686.0,1680.0
2025-09-29 11:10:00,13.3,13.3,13.0,13.0,58450,23.05558,37100,1685.5,1680.0
2025-09-29 11:11:00,13.0,13.0,13.0,13.0,0,23.061733,37100,1685.5,1680.0
2025-09-29 11:12:00,13.0,13.0,13.0,13.0,0,23.660194,37100,1685.1,1680.0
2025-09-29 11:13:00,13.0,13.0,13.0,13.0,0,23.812812,37100,1685.0,1680.0
2025-09-29 11:14:00,13.0,13.0,13.0,13.0,0,23.819161,37100,1685.0,1680.0
2025-09-29 11:15:00,13.0,13.0,13.0,13.0,0,23.679114,37100,1685.1,1680.0
2025-09-29 11:16:00,13.0,13.0,13.0,13.0,0,23.092584,37100,1685.5,1680.0
2025-09-29 11:17:00,13.0,13.0,12.3,12.3,59150,21.050287,37100,1685.7,1680.0
2025-09-29 11:18:00,12.3,12.3,12.3,12.3,0,22.115007,37100,1685.0,1680.0
2025-09-29 11:19:00,12.3,12.3,12.3,12.3,0,21.972122,37100,1685.1,1680.0
2025-09-29 11:20:00,12.3,12.3,12.3,12.3,0,22.126895,37100,1685.0,1680.0
2025-09-29 11:21:00,12.3,12.3,12.3,12.3,0,21.227083,37100,1685.6,1680.0
2025-09-29 11:22:00,12.3,12.3,12.3,12.3,0,16.840624,37100,1688.2,1680.0
2025-09-29 11:23:00,12.3,12.3,12.3,12.3,0,19.15566,37100,1686.9,1680.0
2025-09-29 11:24:00,12.3,12.3,12.3,12.3,0,21.090242,36750,1685.7,1680.0
2025-09-29 11:25:00,12.3,13.7,12.3,13.7,60550,23.833466,37450,1686.2,1680.0
2025-09-29 11:26:00,13.7,13.7,13.7,13.7,350,22.590024,37450,1687.0,1680.0
2025-09-29 11:27:00,13.7,13.75,13.7,13.75,60900,23.818201,37450,1686.3,1680.0
2025-09-29 11:28:00,13.75,13.75,13.75,13.75,0,23.824604,37450,1686.3,1680.0
2025-09-29 11:29:00,13.75,13.75,13.75,13.75,0,23.831009,37450,1686.3,1680.0
2025-09-29 11:30:00,13.75,13.75,13.75,13.75,0,23.683415,37450,1686.4,1680.0
2025-09-29 11:31:00,13.75,13.75,13.75,13.75,0,24.301256,37450,1686.0,1680.0
2025-09-29 11:32:00,13.75,13.75,11.95,11.95,62300,21.327923,37800,1685.0,1680.0
2025-09-29 11:33:00,11.95,11.95,11.7,11.7,2100,20.710252,37800,1685.0,1680.0
2025-09-29 11:34:00,11.7,11.7,11.7,11.7,0,20.715892,37800,1685.0,1680.0
2025-09-29 11:35:00,11.7,11.7,11.7,11.7,0,20.569788,37800,1685.1,1680.0
2025-09-29 11:36:00,11.7,11.7,11.7,11.7,0,20.727191,37800,1685.0,1680.0
2025-09-29 11:37:00,11.7,11.7,11.7,11.7,0,25.218119,37800,1681.8,1680.0
2025-09-29 11:38:00,11.7,11.7,11.7,11.7,0,27.517946,37800,1680.0,1680.0
2025-09-29 11:39:00,11.7,11.7,11.7,11.7,0,24.166571,37800,1682.6,1680.0
2025-09-29 11:40:00,11.7,11.7,11.7,11.7,0,24.709601,37800,1682.2,1680.0
2025-09-29 11:41:00,11.7,11.7,11.7,11.7,0,23.634373,37800,1683.0,1680.0
2025-09-29 11:42:00,11.7,11.7,11.7,11.7,0,20.609191,37800,1685.1,1680.0
2025-09-29 11:43:00,11.7,13.0,11.7,13.0,64750,20.903505,37800,1687.0,1680.0
2025-09-29 11:44:00,13.0,13.0,13.0,13.0,0,21.718956,37800,1686.5,1680.0
2025-09-29 11:45:00,13.0,13.0,13.0,13.0,0,24.018021,37800,1685.0,1680.0
2025-09-29 11:46:00,13.0,13.0,13.0,13.0,0,23.877062,37800,1685.1,1680.0
2025-09-29 11:47:00,13.0,13.0,13.0,13.0,0,24.031008,37800,1685.0,1680.0
2025-09-29 11:48:00,13.0,13.0,13.0,13.0,0,22.528591,37800,1686.0,1680.0
2025-09-29 11:49:00,13.0,13.0,11.8,11.8,65100,21.051552,37450,1685.0,1680.0
2025-09-29 11:50:00,11.8,11.8,11.8,11.8,0,21.05732,37450,1685.0,1680.0
2025-09-29 11:51:00,11.8,11.8,11.25,11.25,67200,23.549953,37450,1682.3,1680.0
2025-09-29 11:52:00,11.25,11.25,11.25,11.25,0,23.690627,37450,1682.2,1680.0
2025-09-29 11:53:00,11.25,11.25,11.25,11.25,0,24.492446,37450,1681.6,1680.0
2025-09-29 11:54:00,11.25,11.25,11.25,11.25,0,24.36765,37450,1681.7,1680.0
2025-09-29 11:55:00,11.25,16.0,11.25,16.0,71400,24.380908,36050,1689.6,1680.0
2025-09-29 11:56:00,16.0,16.0,16.0,16.0,0,24.387608,36050,1689.6,1680.0
2025-09-29 11:57:00,5.5,5.5,5.5,5.5,0,22.583733,263900,1690.2,1700.0
2025-09-29 11:58:00,5.5,6.35,5.5,6.35,251300,23.460358,262150,1691.6,1700.0
2025-09-29 11:59:00,6.35,6.75,6.35,6.75,6650,24.284168,262150,1691.8,1700.0
2025-09-29 12:00:00,6.75,6.75,6.35,6.75,258300,23.606594,262150,1692.5,1700.0
2025-09-29 12:01:00,6.75,6.75,6.0,6.0,12250,22.304306,263900,1691.9,1700.0
2025-09-29 12:02:00,6.0,6.0,5.8,5.8,259000,21.991722,263900,1691.7,1700.0
2025-09-29 12:03:00,5.8,6.1,5.8,6.1,20300,23.046826,263900,1691.4,1700.0
2025-09-29 12:04:00,6.1,6.45,6.1,6.45,259700,22.976366,255850,1692.4,1700.0
2025-09-29 12:05:00,6.45,6.75,6.45,6.7,28000,23.315437,255850,1692.7,1700.0
2025-09-29 12:06:00,6.7,6.75,6.7,6.7,265300,23.5189,255850,1692.5,1700.0
2025-09-29 12:07:00,6.7,6.7,6.45,6.5,29750,23.022723,259000,1692.5,1700.0
2025-09-29 12:08:00,6.5,6.5,6.5,6.5,265650,22.733877,259000,1692.8,1700.0
2025-09-29 12:09:00,6.5,6.8,6.5,6.8,30800,23.788778,259000,1692.5,1700.0
2025-09-29 12:10:00,6.8,6.8,6.7,6.7,270900,23.642452,259000,1692.4,1700.0
2025-09-29 12:11:00,6.7,6.7,6.45,6.45,31150,23.019373,259000,1692.4,1700.0
2025-09-29 12:12:00,6.45,6.45,6.4,6.4,273350,22.703639,259000,1692.6,1700.0
2025-09-29 12:13:00,6.4,6.4,5.9,5.9,34300,22.025571,257250,1692.0,1700.0
2025-09-29 12:14:00,5.9,6.85,5.9,6.85,282450,24.438468,257250,1692.0,1700.0
2025-09-29 12:15:00,6.85,6.85,6.4,6.75,37100,24.485188,257250,1691.7,1700.0
2025-09-29 12:16:00,6.75,6.75,6.7,6.7,283150,24.17041,262500,1691.9,1700.0
2025-09-29 12:17:00,6.7,6.7,5.95,6.2,40250,23.769344,262500,1691.0,1700.0
2025-09-29 12:18:00,6.2,6.75,6.2,6.75,284200,23.423007,262500,1692.8,1700.0
2025-09-29 12:19:00,6.75,6.75,6.75,6.75,0,24.022392,262500,1692.2,1700.0
2025-09-29 12:20:00,6.75,6.75,6.7,6.75,326200,24.127028,259000,1692.1,1700.0
2025-09-29 12:21:00,6.75,6.75,6.05,6.05,3150,21.97127,259000,1692.5,1700.0
2025-09-29 12:22:00,6.05,7.5,6.05,7.5,332150,23.580382,256200,1694.5,1700.0
2025-09-29 12:23:00,7.5,7.8,7.5,7.5,8750,23.376901,256200,1694.7,1700.0
2025-09-29 12:24:00,7.5,9.0,7.5,9.0,361200,24.879788,256200,1696.7,1700.0
2025-09-29 12:25:00,9.0,9.1,8.5,8.5,21700,23.105746,244650,1697.2,1700.0
2025-09-29 12:26:00,8.5,9.9,8.5,9.9,372050,24.76144,244650,1698.7,1700.0
2025-09-29 12:27:00,9.9,9.9,8.35,8.35,32200,24.637784,244650,1695.5,1700.0
2025-09-29 12:28:00,8.35,9.1,8.1,9.1,373800,23.544772,238700,1698.1,1700.0
2025-09-29 12:29:00,9.1,10.0,9.1,10.0,45150,24.543569,238700,1699.1,1700.0
2025-09-29 12:30:00,10.0,10.55,10.0,10.35,379050,27.751713,238700,1697.1,1700.0
2025-09-29 12:31:00,10.35,10.35,8.4,8.4,68950,24.787139,238000,1695.5,1700.0
2025-09-29 12:32:00,8.4,8.4,8.4,8.4,0,24.247081,238000,1696.0,1700.0
2025-09-29 12:33:00,8.4,8.85,7.6,7.6,456050,23.898213,238000,1694.5,1700.0
2025-09-29 12:34:00,7.6,8.6,7.6,8.6,1400,25.298277,234500,1695.5,1700.0
2025-09-29 12:35:00,8.6,9.2,8.6,9.0,462350,25.178831,234500,1696.5,1700.0
2025-09-29 12:36:00,9.0,9.15,9.0,9.15,3500,25.326942,234500,1696.7,1700.0
2025-09-29 12:37:00,9.15,9.15,8.2,8.9,466900,25.726034,234500,1695.8,1700.0
2025-09-29 12:38:00,8.9,8.9,8.45,8.45,8400,24.629173,235550,1695.8,1700.0
2025-09-29 12:39:00,8.45,8.45,7.45,7.55,468650,22.748916,235550,1695.5,1700.0
2025-09-29 12:40:00,7.55,7.65,7.55,7.65,10850,22.893538,235550,1695.6,1700.0
2025-09-29 12:41:00,7.65,7.85,7.65,7.85,470750,24.145233,231700,1694.9,1700.0
2025-09-29 12:42:00,7.85,7.85,6.4,6.4,19600,24.253264,231700,1691.2,1700.0
2025-09-29 12:43:00,6.4,7.5,6.1,7.05,477400,24.136999,230300,1693.0,1700.0
2025-09-29 12:44:00,7.05,7.6,6.2,6.2,20300,22.490808,230300,1692.5,1700.0
2025-09-29 12:45:00,6.2,6.2,6.0,6.0,478450,22.182242,230300,1692.3,1700.0
2025-09-29 12:46:00,6.0,6.0,5.9,5.9,24500,22.989428,230300,1691.2,1700.0
2025-09-29 12:47:00,5.9,5.9,5.9,5.9,0,23.938284,230300,1690.2,1700.0
2025-09-29 12:48:00,5.9,5.9,5.9,5.9,0,23.944782,230300,1690.2,1700.0
2025-09-29 12:49:00,5.9,5.9,5.9,5.9,0,24.044677,230300,1690.1,1700.0
2025-09-29 12:50:00,5.9,5.9,3.9,3.9,514850,18.704897,232400,1690.1,1700.0
2025-09-29 12:51:00,19.3,19.3,14.15,14.15,99400,19.53183,36750,1689.7,1680.0
2025-09-29 12:52:00,4.0,5.45,4.0,5.45,519400,20.425245,232400,1692.7,1700.0
2025-09-29 12:53:00,5.45,5.5,5.2,5.5,11550,19.775539,227500,1693.5,1700.0
2025-09-29 12:54:00,5.5,5.5,5.5,5.5,0,19.78099,227500,1693.5,1700.0
2025-09-29 12:55:00,5.5,5.85,5.5,5.85,531300,19.971686,227500,1694.2,1700.0
2025-09-29 12:56:00,5.85,5.9,5.85,5.9,350,20.507843,228200,1693.8,1700.0
2025-09-29 12:57:00,5.9,6.2,5.9,6.2,532000,20.141554,228200,1694.9,1700.0
2025-09-29 12:58:00,6.2,7.5,6.2,7.5,11550,22.199612,229250,1696.0,1700.0
2025-09-29 12:59:00,7.5,7.5,7.0,7.0,536550,20.751638,229250,1696.2,1700.0
2025-09-29 13:00:00,7.0,7.0,7.0,7.0,0,20.316894,229250,1696.6,1700.0
2025-09-29 13:01:00,7.0,8.3,7.0,8.3,548800,21.684178,231350,1698.2,1700.0
2025-09-29 13:02:00,8.3,9.7,8.3,8.9,4200,21.713021,231350,1699.4,1700.0
2025-09-29 13:03:00,8.9,9.3,8.9,8.9,551250,23.282541,231350,1698.1,1700.0
2025-09-29 13:04:00,8.9,9.15,8.9,9.15,4900,23.901025,230650,1698.1,1700.0
2025-09-29 13:05:00,9.15,9.15,8.65,8.65,553000,22.328377,230650,1698.4,1700.0
2025-09-29 13:06:00,8.65,8.65,8.3,8.3,6300,21.596276,230650,1698.3,1700.0
2025-09-29 13:07:00,8.3,8.3,7.7,7.7,558600,21.859584,230650,1696.8,1700.0
2025-09-29 13:08:00,7.7,7.7,7.7,7.7,6650,22.313353,227500,1696.4,1700.0
2025-09-29 13:09:00,7.7,7.7,7.2,7.2,560350,23.134179,227500,1694.5,1700.0
2025-09-29 13:10:00,7.2,7.2,7.0,7.05,8400,22.236023,227500,1695.0,1700.0
2025-09-29 13:11:00,7.05,7.05,7.05,7.05,560700,22.135617,225750,1695.1,1700.0
2025-09-29 13:12:00,7.05,7.05,7.05,7.05,0,21.927759,225750,1695.3,1700.0
2025-09-29 13:13:00,7.05,7.05,7.05,7.05,0,20.291264,225400,1696.8,1700.0
2025-09-29 13:14:00,7.05,8.75,7.05,8.75,571900,23.455093,225400,1697.7,1700.0
2025-09-29 13:15:00,8.75,8.75,8.55,8.55,350,23.086381,225400,1697.6,1700.0
2025-09-29 13:16:00,8.55,8.55,8.55,8.55,0,22.625061,224700,1698.0,1700.0
2025-09-29 13:17:00,8.55,8.55,8.35,8.35,580650,23.068952,224700,1697.2,1700.0
2025-09-29 13:18:00,8.35,8.55,8.35,8.55,1400,23.105707,224700,1697.6,1700.0
2025-09-29 13:19:00,8.55,9.0,8.55,9.0,583100,21.564975,218750,1699.8,1700.0
2025-09-29 13:20:00,9.0,9.0,8.85,8.85,3150,22.311806,218750,1698.9,1700.0
2025-09-29 13:21:00,8.85,9.35,8.85,9.3,585900,24.145218,218750,1698.3,1700.0
2025-09-29 13:22:00,9.3,9.35,9.05,9.35,4200,23.915286,218750,1698.6,1700.0
2025-09-29 13:23:00,9.35,9.35,9.3,9.3,588000,23.192336,217700,1699.1,1700.0
2025-09-29 13:24:00,9.3,9.3,9.3,9.3,0,22.706256,217700,1699.5,1700.0
2025-09-29 13:25:00,9.3,9.5,9.3,9.5,593250,22.955237,217700,1699.7,1700.0
2025-09-29 13:26:00,9.5,9.5,9.5,9.5,0,23.580899,217700,1699.2,1700.0
2025-09-29 13:27:00,9.5,9.5,9.05,9.05,598150,23.450801,217000,1698.4,1700.0
2025-09-29 13:28:00,9.05,9.75,9.05,9.75,350,24.576099,217000,1698.9,1700.0
2025-09-29 13:29:00,9.75,10.2,9.75,10.2,599900,24.577851,215950,1699.8,1700.0
2025-09-29 13:30:00,10.2,10.2,9.65,9.65,1400,22.979771,215950,1700.0,1700.0
2025-09-29 13:31:00,9.65,10.4,9.65,10.4,602700,26.07481,214550,1699.0,1700.0
2025-09-29 13:32:00,10.4,10.4,9.45,9.55,2800,22.746536,214550,1700.0,1700.0
2025-09-29 13:33:00,9.55,11.0,9.55,11.0,609700,23.716486,214550,1702.0,1700.0
2025-09-29 13:34:00,11.0,11.8,11.0,11.8,4900,25.970365,210000,1701.8,1700.0
2025-09-29 13:35:00,11.8,12.4,10.05,12.4,627200,25.275106,210000,1703.4,1700.0
2025-09-29 13:36:00,12.4,12.8,11.0,11.9,23450,27.414342,210000,1700.9,1700.0
2025-09-29 13:37:00,11.9,12.9,11.4,12.9,634900,25.685429,206850,1704.0,1700.0
2025-09-29 13:38:00,12.9,13.5,12.9,13.3,26950,28.907954,206850,1702.4,1700.0
2025-09-29 13:39:00,13.3,13.3,12.25,12.65,637000,25.074377,206850,1704.0,1700.0
2025-09-29 13:40:00,12.65,13.0,12.25,12.65,28700,25.225097,206850,1703.9,1700.0
2025-09-29 13:41:00,12.65,12.65,12.2,12.2,638050,26.204561,204750,1702.4,1700.0
2025-09-29 13:42:00,12.2,12.2,10.75,10.75,42350,25.773472,204750,1700.0,1700.0
2025-09-29 13:43:00,10.75,10.75,10.0,10.0,642250,23.928791,201250,1700.0,1700.0
2025-09-29 13:44:00,10.0,10.0,9.15,9.15,43750,23.204681,201250,1698.9,1700.0
2025-09-29 13:45:00,9.15,9.15,8.95,8.95,643300,23.442787,201250,1698.3,1700.0
2025-09-29 13:46:00,8.95,9.9,8.95,9.9,44450,23.828565,201250,1699.9,1700.0
2025-09-29 13:47:00,9.9,9.9,9.0,9.0,643650,24.761858,198800,1697.3,1700.0
2025-09-29 13:48:00,9.0,9.15,8.3,8.3,47250,23.72079,198800,1696.7,1700.0
2025-09-29 13:49:00,8.3,8.3,8.05,8.05,644700,24.338937,198800,1695.6,1700.0
2025-09-29 13:50:00,8.05,8.25,8.05,8.25,47600,23.837196,199150,1696.5,1700.0
2025-09-29 13:51:00,8.25,8.25,8.25,8.25,0,23.387487,199150,1696.9,1700.0
2025-09-29 13:52:00,8.25,8.85,8.25,8.85,693000,23.955135,199150,1697.7,1700.0
2025-09-29 13:53:00,8.85,8.85,8.45,8.45,1400,27.010773,198800,1694.1,1700.0
2025-09-29 13:54:00,8.45,8.45,7.4,7.45,693700,24.486209,198800,1694.1,1700.0
2025-09-29 13:55:00,7.45,7.7,7.45,7.7,1750,23.940691,198800,1695.2,1700.0
2025-09-29 13:56:00,7.7,8.7,7.7,8.5,695450,26.289886,199150,1694.9,1700.0
2025-09-29 13:57:00,8.5,8.85,8.5,8.85,2450,25.268371,199150,1696.6,1700.0
2025-09-29 13:58:00,8.85,8.85,8.75,8.75,695800,26.823799,199150,1695.0,1700.0
2025-09-29 13:59:00,8.75,9.1,8.75,9.1,3150,29.24085,197400,1693.6,1700.0
2025-09-29 14:00:00,9.1,9.1,8.85,8.85,701050,28.184195,197400,1694.0,1700.0
2025-09-29 14:01:00,8.85,8.95,8.7,8.7,8400,27.595943,197400,1694.2,1700.0
2025-09-29 14:02:00,8.7,8.7,8.7,8.7,0,27.058237,197400,1694.7,1700.0
2025-09-29 14:03:00,8.7,8.7,8.7,8.7,0,26.735737,197400,1695.0,1700.0
2025-09-29 14:04:00,8.7,8.7,8.55,8.6,714350,27.366194,197400,1694.2,1700.0
2025-09-29 14:05:00,8.6,8.6,8.6,8.6,0,27.047481,197400,1694.5,1700.0
2025-09-29 14:06:00,8.6,8.6,8.6,8.6,0,27.381655,197400,1694.2,1700.0
2025-09-29 14:07:00,8.6,8.6,8.6,8.6,0,27.280748,197400,1694.3,1700.0
2025-09-29 14:08:00,8.6,8.6,8.6,8.6,0,28.044621,198450,1693.6,1700.0
2025-09-29 14:09:00,8.6,8.6,7.7,7.7,716800,25.546817,198450,1693.8,1700.0
2025-09-29 14:10:00,7.7,8.4,7.7,8.4,700,26.796944,198450,1694.3,1700.0
2025-09-29 14:11:00,8.4,8.4,7.65,7.65,722750,25.327367,197400,1693.9,1700.0
2025-09-29 14:12:00,7.65,8.2,7.65,8.2,2800,25.650513,197400,1694.9,1700.0
2025-09-29 14:13:00,8.2,9.3,8.2,8.9,736050,28.631646,197400,1693.8,1700.0
2025-09-29 14:14:00,8.9,8.9,8.9,8.9,0,27.986055,197400,1694.4,1700.0
2025-09-29 14:15:00,8.9,8.95,8.9,8.95,740600,28.010862,196350,1694.5,1700.0
2025-09-29 14:16:00,8.95,10.25,8.95,10.25,7350,29.493151,197400,1696.1,1700.0
2025-09-29 14:17:00,10.25,10.25,9.4,9.4,744450,26.791939,197400,1696.6,1700.0
2025-09-29 14:18:00,9.4,9.5,9.4,9.4,8400,27.603441,197400,1695.9,1700.0
2025-09-29 14:19:00,9.4,9.65,9.4,9.5,747250,28.767331,197400,1695.1,1700.0
2025-09-29 14:20:00,9.5,9.8,9.5,9.8,9100,28.625417,197750,1695.9,1700.0
2025-09-29 14:21:00,9.8,9.9,9.5,9.5,750050,27.878729,197750,1695.9,1700.0
2025-09-29 14:22:00,9.5,9.5,9.25,9.25,17150,28.383514,197750,1694.9,1700.0
2025-09-29 14:23:00,9.25,9.25,9.25,9.25,0,27.378804,197750,1695.8,1700.0
2025-09-29 14:24:00,9.25,9.25,9.25,9.25,767550,27.272815,195300,1695.9,1700.0
2025-09-29 14:25:00,9.25,9.25,9.25,9.25,0,26.592037,195300,1696.5,1700.0
2025-09-29 14:26:00,9.25,9.25,8.85,8.85,767900,27.734431,194950,1694.6,1700.0
2025-09-29 14:27:00,8.85,8.9,8.85,8.9,350,27.425732,194950,1695.0,1700.0
2025-09-29 14:28:00,8.9,8.9,8.9,8.9,0,27.766701,194950,1694.7,1700.0
2025-09-29 14:29:00,8.9,9.05,8.9,9.05,770000,28.926438,194950,1694.0,1700.0
2025-09-29 14:30:00,9.05,9.05,9.05,9.05,0,28.163539,194950,1694.7,1700.0
2025-09-29 14:31:00,9.05,9.05,8.75,8.75,772100,28.39541,193550,1693.8,1700.0
2025-09-29 14:32:00,8.75,8.75,7.65,7.65,4900,27.165328,193550,1692.3,1700.0
2025-09-29 14:33:00,21.35,21.35,18.9,18.9,141050,32.62639,29400,1690.0,1680.0
2025-09-29 14:34:00,7.2,7.2,7.2,7.2,5600,27.933269,193550,1690.4,1700.0
2025-09-29 14:35:00,7.2,7.6,7.2,7.6,791000,26.432926,203350,1692.9,1700.0
2025-09-29 14:36:00,7.6,7.6,7.6,7.6,0,27.273672,203350,1692.1,1700.0
2025-09-29 14:37:00,7.6,8.0,7.6,8.0,800450,28.216984,203350,1692.2,1700.0
2025-09-29 14:38:00,8.0,8.0,8.0,8.0,0,28.433427,203350,1692.0,1700.0
2025-09-29 14:39:00,8.0,8.0,7.95,7.95,801150,28.72588,204400,1691.6,1700.0
2025-09-29 14:40:00,7.95,7.95,7.95,7.95,0,27.797538,204400,1692.5,1700.0
2025-09-29 14:41:00,7.95,7.95,7.95,7.95,0,28.638972,204400,1691.7,1700.0
2025-09-29 14:42:00,7.95,7.95,7.95,7.95,0,29.367278,204400,1691.0,1700.0
2025-09-29 14:43:00,7.95,7.95,7.95,7.95,0,29.885165,204400,1690.5,1700.0
2025-09-29 14:44:00,7.95,7.95,6.55,6.55,809550,25.889161,204400,1690.8,1700.0
2025-09-29 14:45:00,6.55,7.45,6.55,7.2,2100,26.91289,204400,1691.5,1700.0
2025-09-29 14:46:00,7.2,7.2,7.2,7.2,0,27.527947,204400,1690.9,1700.0
2025-09-29 14:47:00,7.2,7.2,7.2,7.2,0,26.928386,204400,1691.5,1700.0
2025-09-29 14:48:00,7.2,7.2,7.1,7.1,812000,26.672936,200900,1691.5,1700.0
2025-09-29 14:49:00,7.1,7.6,7.1,7.6,350,26.328614,200900,1693.1,1700.0
2025-09-29 14:50:00,7.6,8.0,7.6,7.8,813400,24.576905,200900,1695.2,1700.0
2025-09-29 14:51:00,7.8,7.8,7.8,7.8,0,24.915989,200900,1694.9,1700.0
2025-09-29 14:52:00,7.8,8.2,7.8,8.1,814450,26.351318,200900,1694.3,1700.0
2025-09-29 14:53:00,8.1,8.25,8.1,8.25,350,26.082459,201950,1694.9,1700.0
2025-09-29 14:54:00,8.25,8.75,8.25,8.75,815150,26.806828,201950,1695.4,1700.0
2025-09-29 14:55:00,8.75,8.75,8.75,8.75,0,27.821695,201950,1694.5,1700.0
2025-09-29 14:56:00,8.75,8.75,8.75,8.75,0,27.047977,201950,1695.2,1700.0
2025-09-29 14:57:00,8.75,9.0,8.75,9.0,815850,23.938438,201600,1698.4,1700.0
2025-09-29 14:58:00,9.0,9.0,9.0,9.0,0,23.078165,201600,1699.1,1700.0
2025-09-29 14:59:00,9.0,9.0,8.35,8.35,817950,24.569338,201250,1696.5,1700.0
2025-09-29 15:00:00,8.35,8.35,7.0,7.0,1050,19.74864,201250,1697.7,1700.0
2025-09-29 15:01:00,7.0,7.15,7.0,7.15,823550,21.644038,201250,1696.4,1700.0
2025-09-29 15:02:00,7.15,7.3,7.15,7.3,1400,21.68904,198100,1696.7,1700.0
2025-09-29 15:03:00,7.3,7.3,7.3,7.3,0,22.153325,198100,1696.3,1700.0
2025-09-29 15:04:00,7.3,7.3,7.1,7.1,833350,22.325041,198100,1695.7,1700.0
2025-09-29 15:05:00,7.1,7.1,5.8,5.8,6300,21.938234,198100,1692.9,1700.0
2025-09-29 15:06:00,5.8,5.8,5.8,5.8,0,22.249044,198100,1692.6,1700.0
2025-09-29 15:07:00,5.8,5.8,5.8,5.8,0,20.397448,198100,1694.4,1700.0
2025-09-29 15:08:00,5.8,6.6,5.8,6.6,842100,24.274936,199500,1692.7,1700.0
2025-09-29 15:09:00,6.6,6.6,6.3,6.3,3500,21.712407,199500,1694.4,1700.0
2025-09-29 15:10:00,6.3,6.5,6.3,6.5,842450,22.771466,199500,1693.9,1700.0
2025-09-29 15:11:00,6.5,6.5,6.1,6.1,4550,22.358316,198450,1693.3,1700.0
2025-09-29 15:12:00,6.1,6.1,6.1,6.1,0,22.053017,198450,1693.6,1700.0
2025-09-29 15:13:00,6.1,6.1,6.1,6.1,0,20.681743,198450,1694.9,1700.0
2025-09-29 15:14:00,6.1,6.1,6.0,6.0,851550,21.173993,198450,1694.2,1700.0
2025-09-29 15:15:00,6.0,6.65,6.0,6.65,1750,19.183078,198450,1697.5,1700.0
2025-09-29 15:16:00,6.65,7.75,6.65,7.75,853650,23.275344,198450,1696.4,1700.0
2025-09-29 15:17:00,7.75,7.75,7.75,7.75,0,25.857076,197400,1694.1,1700.0
2025-09-29 15:18:00,7.75,7.75,7.1,7.1,856100,22.752695,197400,1695.4,1700.0
2025-09-29 15:19:00,7.1,7.1,7.1,7.1,0,21.859703,197400,1696.2,1700.0
2025-09-29 15:20:00,7.1,8.1,7.1,8.1,857150,24.544398,197400,1696.1,1700.0
2025-09-29 15:21:00,8.1,8.1,7.85,7.85,1050,23.565896,197750,1696.4,1700.0
2025-09-29 15:22:00,7.85,8.0,7.85,8.0,858200,21.205682,197750,1698.7,1700.0
2025-09-29 15:23:00,8.0,8.95,8.0,8.95,1750,23.872708,198450,1698.5,1700.0
2025-09-29 15:24:00,8.95,9.15,8.55,8.55,859950,23.1098,198450,1698.3,1700.0
2025-09-29 15:25:00,8.55,9.15,8.55,9.15,4200,23.39161,198450,1699.3,1700.0
2025-09-29 15:26:00,9.15,9.15,9.15,9.15,860300,23.271277,199150,1699.4,1700.0
2025-09-29 15:27:00,9.15,9.15,8.45,8.45,7350,20.986064,199150,1699.8,1700.0
2025-09-29 15:28:00,8.45,8.65,8.4,8.4,861350,20.865341,199150,1699.8,1700.0
2025-09-29 15:29:00,7.45,7.45,7.45,7.45,0,37.139609,0,1696.0,1700.0
2025-09-30 09:15:00,7.5,7.5,7.45,7.45,700,31.163933,196350,1699.2,1700.0
2025-09-30 09:16:00,7.45,7.45,6.6,6.6,1400,26.150372,196350,1700.0,1700.0
2025-09-30 09:17:00,6.6,6.6,6.6,6.6,0,26.169641,196350,1700.0,1700.0
2025-09-30 09:18:00,6.6,6.6,6.6,6.6,0,22.534845,196350,1701.7,1700.0
2025-09-30 09:19:00,6.6,6.6,6.6,6.6,0,24.318386,196350,1700.9,1700.0
2025-09-30 09:20:00,6.6,7.95,6.6,7.95,2450,23.583481,196350,1703.6,1700.0
2025-09-30 09:21:00,7.95,8.3,7.95,8.3,1750,27.00116,196350,1702.8,1700.0
2025-09-30 09:22:00,8.3,8.3,8.25,8.25,2800,33.357504,196700,1699.8,1700.0
2025-09-30 09:23:00,8.25,8.25,8.0,8.0,4550,29.430016,196700,1701.2,1700.0
2025-09-30 09:24:00,8.0,10.0,8.0,10.0,4200,29.199504,196700,1704.8,1700.0
2025-09-30 09:25:00,10.0,10.0,9.35,9.35,5250,32.767891,196350,1702.2,1700.0
2025-09-30 09:26:00,9.35,9.35,9.35,9.35,0,38.937138,196350,1699.3,1700.0
2025-09-30 09:27:00,9.35,9.35,6.0,6.05,12250,25.348318,196350,1699.4,1700.0
2025-09-30 09:28:00,6.05,6.05,6.05,6.05,0,29.389304,196350,1697.3,1700.0
2025-09-30 09:29:00,6.05,6.05,6.05,6.05,0,31.043444,196350,1696.4,1700.0
2025-09-30 09:30:00,6.05,6.05,5.25,5.25,12600,26.137714,194950,1697.3,1700.0
2025-09-30 09:31:00,5.25,5.25,4.15,4.15,700,23.852942,194950,1696.0,1700.0
2025-09-30 09:32:00,4.15,4.15,2.7,3.75,17150,25.399573,194950,1694.0,1700.0
2025-09-30 09:33:00,3.75,3.75,2.45,2.45,2100,19.753143,194950,1693.9,1700.0
2025-09-30 09:34:00,2.45,2.45,2.45,2.45,0,18.444685,194950,1694.8,1700.0
2025-09-30 09:35:00,2.45,2.45,2.45,2.45,0,20.646018,193900,1693.3,1700.0
2025-09-30 09:36:00,2.45,3.0,2.45,3.0,20300,24.222973,193900,1692.6,1700.0
2025-09-30 09:37:00,3.0,3.0,3.0,3.0,350,23.802891,193550,1692.9,1700.0
2025-09-30 09:38:00,3.0,3.0,3.0,3.0,0,25.841594,193550,1691.5,1700.0
2025-09-30 09:39:00,3.0,3.0,3.0,3.0,24150,24.713513,193550,1692.3,1700.0
2025-09-30 09:40:00,3.0,3.0,3.0,3.0,0,26.022665,193550,1691.4,1700.0
2025-09-30 09:41:00,3.0,3.0,3.0,3.0,0,24.605741,193550,1692.4,1700.0
2025-09-30 09:42:00,3.0,3.0,3.0,3.0,0,25.490786,192850,1691.8,1700.0
2025-09-30 09:43:00,3.0,3.0,3.0,3.0,0,23.020564,192850,1693.5,1700.0
2025-09-30 09:44:00,3.0,3.0,3.0,3.0,0,23.781717,192850,1693.0,1700.0
2025-09-30 09:45:00,3.0,3.0,3.0,3.0,0,25.116142,192850,1692.1,1700.0
2025-09-30 09:46:00,3.0,3.5,3.0,3.5,24850,29.364023,192500,1690.8,1700.0
2025-09-30 09:47:00,3.5,3.5,3.5,3.5,0,29.095697,192500,1691.0,1700.0
2025-09-30 09:48:00,3.5,3.75,3.5,3.75,25200,29.392608,192500,1691.6,1700.0
2025-09-30 09:49:00,3.75,4.05,3.75,4.05,1750,30.637304,192500,1691.7,1700.0
2025-09-30 09:50:00,4.05,4.15,4.05,4.15,25900,30.962925,192500,1691.8,1700.0
2025-09-30 09:51:00,4.15,4.15,4.15,4.15,0,33.24811,192500,1690.3,1700.0
2025-09-30 09:52:00,4.15,4.15,4.15,4.15,0,31.92345,192500,1691.2,1700.0
2025-09-30 09:53:00,4.15,4.15,4.15,4.15,0,30.726926,192500,1692.0,1700.0
2025-09-30 09:54:00,4.15,4.4,4.15,4.4,30100,31.88145,192500,1692.0,1700.0
2025-09-30 09:55:00,4.4,4.4,4.4,4.4,0,33.44705,192500,1691.0,1700.0
2025-09-30 09:56:00,4.4,4.4,4.4,4.4,0,31.14739,192500,1692.5,1700.0
2025-09-30 09:57:00,4.4,4.4,4.4,4.4,0,30.697094,192500,1692.8,1700.0
2025-09-30 09:58:00,4.4,4.4,4.4,4.4,0,29.600351,192500,1693.5,1700.0
2025-09-30 09:59:00,4.4,4.7,4.4,4.7,30450,30.950918,192500,1693.5,1700.0
2025-09-30 10:00:00,4.7,4.7,4.7,4.7,0,30.974912,192500,1693.5,1700.0
2025-09-30 10:01:00,4.7,4.7,4.7,4.7,0,31.162242,192500,1693.4,1700.0
2025-09-30 10:02:00,4.7,4.7,4.7,4.7,0,31.023064,192500,1693.5,1700.0
2025-09-30 10:03:00,4.7,4.7,4.7,4.7,0,31.047236,192500,1693.5,1700.0
2025-09-30 10:04:00,4.7,4.7,4.7,4.7,0,31.235102,192500,1693.4,1700.0
2025-09-30 10:05:00,4.7,4.7,4.7,4.7,0,31.5859,192500,1693.2,1700.0
2025-09-30 10:06:00,4.7,5.15,4.7,5.15,33600,34.266279,192500,1692.8,1700.0
2025-09-30 10:07:00,5.15,5.15,5.15,5.15,0,34.293093,192500,1692.8,1700.0
2025-09-30 10:08:00,5.15,5.15,5.1,5.1,33950,34.424341,193550,1692.6,1700.0
2025-09-30 10:09:00,5.1,5.1,5.1,5.1,0,34.614488,193550,1692.5,1700.0
2025-09-30 10:10:00,5.1,5.1,5.0,5.0,38500,36.595273,193550,1691.0,1700.0
2025-09-30 10:11:00,5.0,5.0,5.0,5.0,0,35.989946,193550,1691.4,1700.0
2025-09-30 10:12:00,5.0,5.0,5.0,5.0,0,35.858876,193550,1691.5,1700.0
2025-09-30 10:13:00,5.0,5.0,5.0,5.0,0,36.046605,193550,1691.4,1700.0
2025-09-30 10:14:00,14.7,14.7,14.7,14.7,0,40.475916,30450,1688.8,1680.0
2025-09-30 10:15:00,14.7,14.7,14.7,14.7,0,39.000279,30450,1689.3,1680.0
2025-09-30 10:16:00,14.7,14.7,14.7,14.7,0,40.540703,30450,1688.8,1680.0
2025-09-30 10:17:00,3.8,3.8,3.8,3.8,0,32.559886,193200,1690.1,1700.0
2025-09-30 10:18:00,3.8,3.8,3.8,3.8,0,30.475253,193200,1691.5,1700.0
2025-09-30 10:19:00,3.8,3.8,3.6,3.6,39550,29.554733,192850,1691.5,1700.0
2025-09-30 10:20:00,3.6,3.6,3.6,3.6,0,30.781291,192850,1690.7,1700.0
2025-09-30 10:21:00,3.6,3.6,3.6,3.6,0,29.753535,192850,1691.4,1700.0
2025-09-30 10:22:00,3.6,3.6,3.6,3.6,0,29.01586,192850,1691.9,1700.0
2025-09-30 10:23:00,15.5,15.5,13.1,13.1,5600,35.802405,28700,1688.0,1680.0
2025-09-30 10:24:00,13.1,13.1,13.1,13.1,0,37.316936,28700,1687.5,1680.0
2025-09-30 10:25:00,3.3,3.9,3.3,3.9,43050,30.498752,192850,1691.9,1700.0
2025-09-30 10:26:00,3.9,3.9,3.9,3.9,0,32.369988,192850,1690.7,1700.0
2025-09-30 10:27:00,3.9,3.9,3.9,3.9,0,32.091076,192850,1690.9,1700.0
2025-09-30 10:28:00,3.9,3.9,3.9,3.9,0,32.877907,192850,1690.4,1700.0
2025-09-30 10:29:00,3.9,4.45,3.9,4.45,44800,35.058977,192150,1690.7,1700.0
2025-09-30 10:30:00,13.1,13.1,13.1,13.1,0,31.827725,28700,1689.3,1680.0
2025-09-30 10:31:00,4.4,4.4,3.85,3.85,46550,32.716832,192500,1690.4,1700.0
2025-09-30 10:32:00,3.85,3.9,3.6,3.9,5250,32.68009,192500,1690.6,1700.0
2025-09-30 10:33:00,3.9,4.3,3.9,4.0,52150,33.492911,192500,1690.4,1700.0
2025-09-30 10:34:00,4.0,4.0,3.75,4.0,13300,33.825475,191800,1690.2,1700.0
2025-09-30 10:35:00,4.0,4.0,3.95,3.95,56700,33.763369,191800,1690.1,1700.0
2025-09-30 10:36:00,3.95,4.05,3.95,4.0,16800,33.57492,191800,1690.4,1700.0
2025-09-30 10:37:00,4.0,4.0,3.85,3.85,63000,32.266047,192850,1690.8,1700.0
2025-09-30 10:38:00,3.85,4.15,3.85,4.05,23450,33.563046,192850,1690.6,1700.0
2025-09-30 10:39:00,4.05,4.05,3.85,4.0,66850,34.116814,192850,1690.1,1700.0
2025-09-30 10:40:00,4.0,4.0,3.85,3.85,26250,33.110625,193200,1690.3,1700.0
2025-09-30 10:41:00,3.85,3.85,3.8,3.8,70350,33.19768,193200,1690.1,1700.0
2025-09-30 10:42:00,13.1,13.1,13.1,13.1,0,29.628108,28700,1690.0,1680.0
2025-09-30 10:43:00,3.7,3.7,3.7,3.7,0,31.390924,193200,1691.0,1700.0
2025-09-30 10:44:00,13.1,13.1,13.1,13.1,0,32.547392,28700,1689.2,1680.0
2025-09-30 10:45:00,13.1,13.1,13.1,13.1,0,30.813869,28700,1689.7,1680.0
2025-09-30 10:46:00,13.1,13.1,13.1,13.1,0,30.104622,28700,1689.9,1680.0
2025-09-30 10:47:00,13.1,13.1,13.1,13.1,0,40.350457,28700,1686.7,1680.0
2025-09-30 10:48:00,13.1,13.1,13.1,13.1,0,34.979636,28700,1688.5,1680.0
2025-09-30 10:49:00,13.1,13.1,13.1,13.1,0,38.394184,28700,1687.4,1680.0
2025-09-30 10:50:00,13.1,13.1,13.1,13.1,0,39.594927,28700,1687.0,1680.0
2025-09-30 10:51:00,13.1,13.1,13.1,13.1,0,38.459163,28700,1687.4,1680.0
2025-09-30 10:52:00,13.1,13.1,13.1,13.1,0,39.66192,28700,1687.0,1680.0
2025-09-30 10:53:00,13.1,13.1,13.1,13.1,0,38.524438,28700,1687.4,1680.0
2025-09-30 10:54:00,13.1,13.1,13.1,13.1,0,38.557207,28700,1687.4,1680.0
2025-09-30 10:55:00,13.1,14.2,13.1,14.2,6650,39.187186,28700,1688.9,1680.0
2025-09-30 10:56:00,14.2,14.2,13.25,13.25,350,36.891078,27650,1688.2,1680.0
2025-09-30 10:57:00,13.25,13.25,13.25,13.25,0,40.234779,27650,1687.1,1680.0
2025-09-30 10:58:00,13.25,13.25,13.25,13.25,0,41.417921,27650,1686.7,1680.0
2025-09-30 10:59:00,13.25,13.25,13.25,13.25,0,42.298675,27650,1686.4,1680.0
2025-09-30 11:00:00,13.25,13.25,13.25,13.25,0,41.772389,27650,1686.6,1680.0
2025-09-30 11:01:00,13.25,13.25,13.25,13.25,0,37.673318,27650,1688.0,1680.0
2025-09-30 11:02:00,13.25,13.25,13.25,13.25,0,40.698196,27650,1687.0,1680.0
2025-09-30 11:03:00,13.25,13.25,13.25,13.25,0,37.114095,27650,1688.2,1680.0
2025-09-30 11:04:00,13.25,13.25,13.25,13.25,0,37.146255,27650,1688.2,1680.0
2025-09-30 11:05:00,13.25,13.25,13.25,13.25,0,37.492386,27650,1688.1,1680.0
2025-09-30 11:06:00,13.25,13.25,13.25,13.25,0,41.703604,27650,1686.7,1680.0
2025-09-30 11:07:00,13.25,13.25,13.25,13.25,0,39.39675,27650,1687.5,1680.0
2025-09-30 11:08:00,13.25,13.25,13.25,13.25,0,38.826029,27650,1687.7,1680.0
2025-09-30 11:09:00,13.25,13.25,13.25,13.25,0,40.653085,27650,1687.1,1680.0
2025-09-30 11:10:00,13.25,13.25,13.25,13.25,0,36.38057,27650,1688.5,1680.0
2025-09-30 11:11:00,13.25,13.25,13.25,13.25,0,41.885112,27650,1686.7,1680.0
2025-09-30 11:12:00,13.25,13.25,13.25,13.25,0,39.266483,27650,1687.6,1680.0
2025-09-30 11:13:00,13.25,13.25,13.25,13.25,0,39.603696,27650,1687.5,1680.0
2025-09-30 11:14:00,13.25,13.25,13.25,13.25,0,41.706583,27650,1686.8,1680.0
2025-09-30 11:15:00,13.25,13.25,13.25,13.25,0,41.452841,27650,1686.9,1680.0
2025-09-30 11:16:00,13.25,13.25,13.25,13.25,0,39.708325,27650,1687.5,1680.0
2025-09-30 11:17:00,13.25,13.25,13.25,13.25,0,39.133835,27650,1687.7,1680.0
2025-09-30 11:18:00,13.25,13.25,13.25,13.25,0,35.310937,27650,1688.9,1680.0
2025-09-30 11:19:00,13.25,13.25,13.25,13.25,0,32.156014,27650,1689.8,1680.0
2025-09-30 11:20:00,13.25,13.25,13.25,13.25,0,31.43063,27650,1690.0,1680.0
2025-09-30 11:21:00,13.25,13.25,13.25,13.25,0,34.02452,27650,1689.3,1680.0
2025-09-30 11:22:00,13.25,13.25,13.25,13.25,0,31.487493,27650,1690.0,1680.0
2025-09-30 11:23:00,3.5,3.5,3.35,3.35,67900,31.951959,193550,1690.2,1700.0
2025-09-30 11:24:00,3.35,3.35,3.35,3.35,0,30.897212,193550,1690.9,1700.0
2025-09-30 11:25:00,3.35,3.35,3.35,3.35,0,30.768559,193550,1691.0,1700.0
2025-09-30 11:26:00,3.35,3.35,3.35,3.35,0,30.795888,193550,1691.0,1700.0
2025-09-30 11:27:00,15.1,15.25,13.55,13.55,10150,36.420361,27650,1689.1,1680.0
2025-09-30 11:28:00,13.55,13.55,13.55,13.55,0,41.871581,27650,1687.4,1680.0
2025-09-30 11:29:00,13.55,13.55,13.55,13.55,0,41.607671,27650,1687.5,1680.0
2025-09-30 11:30:00,13.55,13.55,13.55,13.55,0,39.158356,27650,1688.3,1680.0
2025-09-30 11:31:00,13.55,13.55,13.55,13.55,0,40.14309,27650,1688.0,1680.0
2025-09-30 11:32:00,13.55,13.55,13.55,13.55,0,39.548349,27650,1688.2,1680.0
2025-09-30 11:33:00,13.55,13.55,13.55,13.55,0,39.584292,27650,1688.2,1680.0
2025-09-30 11:34:00,13.55,13.55,13.55,13.55,0,39.620297,27650,1688.2,1680.0
2025-09-30 11:35:00,13.55,13.55,13.55,13.55,0,37.365542,27650,1688.9,1680.0
2025-09-30 11:36:00,13.55,13.55,13.35,13.35,10500,36.052691,29750,1689.0,1680.0
2025-09-30 11:37:00,13.35,14.25,13.35,14.25,350,38.918637,29750,1689.5,1680.0
2025-09-30 11:38:00,14.25,14.25,14.25,14.25,0,38.954387,29750,1689.5,1680.0
2025-09-30 11:39:00,14.25,14.25,14.25,14.25,0,39.33027,29750,1689.4,1680.0
2025-09-30 11:40:00,14.25,14.3,14.25,14.3,11200,39.954646,29050,1689.3,1680.0
2025-09-30 11:41:00,14.3,14.3,14.3,14.3,0,42.280248,29050,1688.6,1680.0
2025-09-30 11:42:00,14.3,14.3,14.3,14.3,0,46.010514,29050,1687.4,1680.0
2025-09-30 11:43:00,14.3,14.3,14.3,14.3,0,44.238553,29050,1688.0,1680.0
2025-09-30 11:44:00,14.3,14.3,14.3,14.3,0,45.496651,29050,1687.6,1680.0
2025-09-30 11:45:00,14.3,14.3,14.3,14.3,0,41.138623,29050,1689.0,1680.0
2025-09-30 11:46:00,14.3,14.3,14.3,14.3,0,43.42762,29050,1688.3,1680.0
2025-09-30 11:47:00,14.3,14.3,14.3,14.3,0,43.152534,29050,1688.4,1680.0
2025-09-30 11:48:00,14.3,14.3,14.3,14.3,0,43.192694,29050,1688.4,1680.0
2025-09-30 11:49:00,14.3,14.3,12.65,13.0,12250,38.416421,28700,1687.9,1680.0
2025-09-30 11:50:00,13.0,13.0,13.0,13.0,0,38.452425,28700,1687.9,1680.0
2025-09-30 11:51:00,13.0,13.0,13.0,13.0,0,36.496869,28700,1688.5,1680.0
2025-09-30 11:52:00,13.0,13.0,13.0,13.0,0,36.18913,28700,1688.6,1680.0
2025-09-30 11:53:00,13.0,13.0,13.0,13.0,0,35.528873,28700,1688.8,1680.0
2025-09-30 11:54:00,13.0,13.0,13.0,13.0,0,35.562582,28700,1688.8,1680.0
2025-09-30 11:55:00,13.0,13.0,13.0,13.0,0,34.887178,28700,1689.0,1680.0
2025-09-30 11:56:00,13.0,13.0,13.0,13.0,0,34.920436,28700,1689.0,1680.0
2025-09-30 11:57:00,13.0,13.0,13.0,13.0,0,34.953832,28700,1689.0,1680.0
2025-09-30 11:58:00,13.0,13.0,13.0,13.0,0,38.41661,28000,1688.0,1680.0
2025-09-30 11:59:00,13.0,13.0,11.0,11.0,12950,29.962907,28000,1687.5,1680.0
2025-09-30 12:00:00,11.0,11.0,11.0,11.0,0,31.723298,28000,1687.0,1680.0
2025-09-30 12:01:00,11.0,11.0,11.0,11.0,0,31.753842,28000,1687.0,1680.0
2025-09-30 12:02:00,11.0,11.0,11.0,11.0,0,30.75495,28000,1687.3,1680.0
2025-09-30 12:03:00,11.0,11.0,10.0,10.0,13300,22.656,27300,1688.0,1680.0
2025-09-30 12:04:00,10.0,10.0,10.0,10.0,0,24.758318,27300,1687.5,1680.0
2025-09-30 12:05:00,10.0,10.0,10.0,10.0,0,26.688604,27300,1687.0,1680.0
2025-09-30 12:06:00,10.0,10.0,10.0,10.0,0,26.714806,27300,1687.0,1680.0
2025-09-30 12:07:00,10.0,10.0,10.0,10.0,0,24.831817,27300,1687.5,1680.0
2025-09-30 12:08:00,10.0,10.0,10.0,10.0,0,28.549155,27300,1686.5,1680.0
2025-09-30 12:09:00,10.0,10.0,10.0,10.0,0,27.877227,27300,1686.7,1680.0
2025-09-30 12:10:00,10.0,10.0,10.0,10.0,0,28.605273,27300,1686.5,1680.0
2025-09-30 12:11:00,10.0,10.0,10.0,10.0,0,29.655919,27300,1686.2,1680.0
2025-09-30 12:12:00,10.0,10.0,10.0,10.0,0,29.347646,27300,1686.3,1680.0
2025-09-30 12:13:00,10.0,10.0,10.0,10.0,0,36.170396,27300,1684.1,1680.0
2025-09-30 12:14:00,10.0,10.0,10.0,10.0,0,37.332919,27300,1683.7,1680.0
2025-09-30 12:15:00,10.0,10.0,10.0,10.0,0,31.415321,27300,1685.7,1680.0
2025-09-30 12:16:00,10.0,10.0,10.0,10.0,0,34.825782,27300,1684.6,1680.0
2025-09-30 12:17:00,10.0,11.6,10.0,11.6,13650,44.309684,27300,1684.0,1680.0
2025-09-30 12:18:00,11.6,11.6,11.6,11.6,0,40.060829,27300,1685.5,1680.0
2025-09-30 12:19:00,11.6,11.6,11.6,11.6,0,42.717685,27300,1684.6,1680.0
2025-09-30 12:20:00,11.6,11.6,11.6,11.6,0,41.611187,27300,1685.0,1680.0
2025-09-30 12:21:00,11.6,13.0,11.6,13.0,14000,45.566367,27650,1686.0,1680.0
2025-09-30 12:22:00,13.0,13.0,13.0,13.0,0,48.220473,27650,1685.1,1680.0
2025-09-30 12:23:00,13.0,13.0,13.0,13.0,0,48.26811,27650,1685.1,1680.0
2025-09-30 12:24:00,13.0,13.0,13.0,13.0,0,48.599652,27650,1685.0,1680.0
2025-09-30 12:25:00,13.0,13.0,13.0,13.0,0,47.214562,27650,1685.5,1680.0
2025-09-30 12:26:00,13.0,13.0,13.0,13.0,0,46.970585,27650,1685.6,1680.0
2025-09-30 12:27:00,13.0,13.0,13.0,13.0,0,47.017346,27650,1685.6,1680.0
2025-09-30 12:28:00,13.0,13.0,13.0,13.0,0,46.181294,27650,1685.9,1680.0
2025-09-30 12:29:00,13.0,13.0,13.0,13.0,0,48.556652,27650,1685.1,1680.0
2025-09-30 12:30:00,13.0,13.0,13.0,13.0,0,50.299637,27650,1684.5,1680.0
2025-09-30 12:31:00,13.0,13.0,13.0,13.0,0,51.732124,27650,1684.0,1680.0
2025-09-30 12:32:00,13.0,13.0,13.0,13.0,0,48.988779,27650,1685.0,1680.0
2025-09-30 12:33:00,13.0,13.0,13.0,13.0,0,45.512822,27650,1686.2,1680.0
2025-09-30 12:34:00,13.0,13.0,13.0,13.0,0,48.800944,27650,1685.1,1680.0
2025-09-30 12:35:00,13.0,13.0,13.0,13.0,0,50.552961,27650,1684.5,1680.0
2025-09-30 12:36:00,13.0,13.0,13.0,13.0,0,39.540586,27650,1688.1,1680.0
2025-09-30 12:37:00,13.0,13.0,13.0,13.0,0,34.059015,27650,1689.6,1680.0
2025-09-30 12:38:00,13.0,13.0,13.0,13.0,0,37.866435,27650,1688.6,1680.0
2025-09-30 12:39:00,13.0,13.0,13.0,13.0,0,39.662341,27650,1688.1,1680.0
2025-09-30 12:40:00,13.0,13.0,13.0,13.0,0,37.944551,27650,1688.6,1680.0
2025-09-30 12:41:00,13.0,13.0,13.0,13.0,0,36.517543,27650,1689.0,1680.0
2025-09-30 12:42:00,13.0,13.0,13.0,13.0,0,35.415311,27650,1689.3,1680.0
2025-09-30 12:43:00,2.8,2.8,2.7,2.7,469700,30.956445,143850,1690.1,1700.0
2025-09-30 12:44:00,2.7,2.7,2.7,2.7,0,29.223659,143850,1691.2,1700.0
2025-09-30 12:45:00,16.0,16.0,16.0,16.0,0,49.110883,28000,1690.0,1680.0
2025-09-30 12:46:00,16.0,16.0,16.0,16.0,0,50.867603,28000,1689.5,1680.0
2025-09-30 12:47:00,16.0,16.0,16.0,16.0,0,52.578899,28000,1689.0,1680.0
2025-09-30 12:48:00,16.0,16.0,16.0,16.0,0,52.960073,28000,1688.9,1680.0
2025-09-30 12:49:00,16.0,16.0,16.0,16.0,0,52.359425,28000,1689.1,1680.0
2025-09-30 12:50:00,16.0,16.0,16.0,16.0,0,52.414041,28000,1689.1,1680.0
2025-09-30 12:51:00,2.55,2.85,2.55,2.85,495250,31.92116,139650,1690.2,1700.0
2025-09-30 12:52:00,2.85,3.2,2.85,3.2,24150,33.620158,137900,1690.4,1700.0
2025-09-30 12:53:00,3.2,3.25,3.2,3.25,496650,33.602704,137900,1690.6,1700.0
2025-09-30 12:54:00,3.25,3.25,2.9,2.9,25900,31.655939,137900,1690.6,1700.0
2025-09-30 12:55:00,2.9,2.9,2.9,2.9,0,31.689139,137900,1690.6,1700.0
2025-09-30 12:56:00,2.9,2.9,2.55,2.7,530600,30.24476,136150,1690.8,1700.0
2025-09-30 12:57:00,16.0,16.0,16.0,16.0,0,49.73184,28000,1690.0,1680.0
2025-09-30 12:58:00,16.0,16.0,16.0,16.0,0,49.784535,28000,1690.0,1680.0
2025-09-30 12:59:00,16.0,16.0,16.0,16.0,0,49.837499,28000,1690.0,1680.0
2025-09-30 13:00:00,16.0,16.0,16.0,16.0,0,49.890626,28000,1690.0,1680.0
2025-09-30 13:01:00,16.0,16.0,16.0,16.0,0,52.016017,28000,1689.4,1680.0
2025-09-30 13:02:00,16.0,16.0,16.0,16.0,0,51.043852,28000,1689.7,1680.0
2025-09-30 13:03:00,16.0,16.0,16.0,16.0,0,51.098546,28000,1689.7,1680.0
2025-09-30 13:04:00,16.0,16.0,16.0,16.0,0,50.104723,28000,1690.0,1680.0
2025-09-30 13:05:00,16.0,16.0,16.0,16.0,0,50.158677,28000,1690.0,1680.0
2025-09-30 13:06:00,16.0,16.0,16.0,16.0,0,50.212772,28000,1690.0,1680.0
2025-09-30 13:07:00,16.0,16.0,16.0,16.0,0,50.267049,28000,1690.0,1680.0
2025-09-30 13:08:00,2.7,2.8,2.55,2.75,41300,31.585306,127050,1690.4,1700.0
2025-09-30 13:09:00,2.75,2.75,2.6,2.6,575400,30.732423,127050,1690.4,1700.0
2025-09-30 13:10:00,2.6,2.6,2.6,2.6,0,30.765718,127050,1690.4,1700.0
2025-09-30 13:11:00,2.6,2.6,2.5,2.5,620900,29.388456,130900,1690.9,1700.0
2025-09-30 13:12:00,2.5,2.75,2.5,2.75,9100,32.215656,130900,1690.1,1700.0
2025-09-30 13:13:00,2.75,2.75,2.45,2.55,627900,31.053952,134050,1690.1,1700.0
2025-09-30 13:14:00,2.55,2.9,2.55,2.85,14700,32.214701,134050,1690.5,1700.0
2025-09-30 13:15:00,2.85,2.85,2.7,2.8,634200,30.952241,134050,1691.1,1700.0
2025-09-30 13:16:00,2.8,2.8,2.4,2.4,21700,29.760884,129850,1690.4,1700.0
2025-09-30 13:17:00,2.4,2.5,2.35,2.5,641200,30.886941,129850,1690.1,1700.0
2025-09-30 13:18:00,2.5,2.9,2.5,2.7,29750,30.468222,129850,1691.1,1700.0
2025-09-30 13:19:00,2.7,2.8,2.65,2.75,644350,31.800252,132650,1690.5,1700.0
2025-09-30 13:20:00,2.75,3.1,2.7,2.75,39900,30.998239,132650,1691.0,1700.0
2025-09-30 13:21:00,2.75,2.75,2.65,2.65,645400,30.941886,132650,1690.7,1700.0
2025-09-30 13:22:00,14.05,14.05,14.05,14.05,0,40.214463,27650,1690.0,1680.0
2025-09-30 13:23:00,2.7,2.9,2.7,2.7,646450,30.805929,130550,1691.0,1700.0
2025-09-30 13:24:00,2.7,2.8,2.7,2.8,40950,32.944284,130550,1690.1,1700.0
2025-09-30 13:25:00,2.8,2.95,2.8,2.95,647850,31.486254,129150,1691.5,1700.0
2025-09-30 13:26:00,2.95,2.95,2.45,2.65,47950,30.611776,129150,1691.0,1700.0
2025-09-30 13:27:00,2.65,2.7,2.6,2.7,656600,30.944107,129150,1691.0,1700.0
2025-09-30 13:28:00,2.7,2.75,2.55,2.55,50750,29.408853,129150,1691.4,1700.0
2025-09-30 13:29:00,2.55,2.55,2.5,2.5,658000,29.6463,129500,1691.1,1700.0
2025-09-30 13:30:00,2.5,2.5,2.5,2.5,0,30.180603,129500,1690.8,1700.0
2025-09-30 13:31:00,2.5,2.5,2.5,2.5,0,28.531232,129500,1691.8,1700.0
2025-09-30 13:32:00,2.5,2.55,2.5,2.55,709450,28.690167,128450,1691.9,1700.0
2025-09-30 13:33:00,15.85,15.85,15.85,15.85,0,50.91074,27650,1690.0,1680.0
2025-09-30 13:34:00,2.55,2.8,2.55,2.8,714700,32.641191,128450,1690.5,1700.0
2025-09-30 13:35:00,15.85,15.85,15.85,15.85,0,53.540925,27650,1689.3,1680.0
2025-09-30 13:36:00,15.85,15.85,15.85,15.85,0,53.249494,27650,1689.4,1680.0
2025-09-30 13:37:00,2.3,2.3,2.3,2.3,0,29.352849,131250,1690.7,1700.0
2025-09-30 13:38:00,15.85,15.85,15.85,15.85,0,51.204364,27650,1690.0,1680.0
2025-09-30 13:39:00,15.85,15.85,15.85,15.85,0,55.185087,27650,1688.9,1680.0
2025-09-30 13:40:00,15.85,15.85,15.85,15.85,0,51.323196,27650,1690.0,1680.0
2025-09-30 13:41:00,15.85,15.85,15.85,15.85,0,51.382931,27650,1690.0,1680.0
2025-09-30 13:42:00,15.85,15.85,15.85,15.85,0,52.903573,27650,1689.6,1680.0
2025-09-30 13:43:00,15.85,15.85,15.85,15.85,0,53.325304,27650,1689.5,1680.0
2025-09-30 13:44:00,15.85,15.85,15.85,15.85,0,51.563321,27650,1690.0,1680.0
2025-09-30 13:45:00,2.15,2.3,2.1,2.2,16450,29.81474,129850,1690.2,1700.0
2025-09-30 13:46:00,2.2,2.2,2.15,2.2,753550,28.031754,129850,1691.3,1700.0
2025-09-30 13:47:00,2.2,2.2,2.2,2.2,0,29.720883,129850,1690.3,1700.0
2025-09-30 13:48:00,2.2,2.8,2.2,2.8,772100,31.432581,127400,1691.5,1700.0
2025-09-30 13:49:00,2.8,2.8,2.8,2.8,4900,33.041057,127400,1690.6,1700.0
2025-09-30 13:50:00,2.8,3.75,2.8,2.95,781550,33.291031,124250,1691.0,1700.0
2025-09-30 13:51:00,2.95,3.3,2.95,3.3,10150,35.600725,124250,1690.9,1700.0
2025-09-30 13:52:00,3.3,3.3,3.25,3.25,784700,36.061156,124250,1690.5,1700.0
2025-09-30 13:53:00,3.25,3.25,3.25,3.25,0,36.460159,124250,1690.3,1700.0
2025-09-30 13:54:00,3.25,3.65,2.8,3.65,804300,37.612121,125300,1691.0,1700.0
2025-09-30 13:55:00,3.65,3.65,3.15,3.15,5600,35.764904,125300,1690.4,1700.0
2025-09-30 13:56:00,3.15,3.3,3.05,3.05,807100,35.376312,125650,1690.3,1700.0
2025-09-30 13:57:00,3.05,3.6,3.05,3.35,7350,36.698153,125650,1690.6,1700.0
2025-09-30 13:58:00,3.35,3.35,3.35,3.35,0,35.284522,125650,1691.4,1700.0
2025-09-30 13:59:00,15.85,15.85,15.85,15.85,0,53.983435,27650,1689.6,1680.0
2025-09-30 14:00:00,15.85,15.85,15.85,15.85,0,56.574594,27650,1688.9,1680.0
2025-09-30 14:01:00,15.85,15.85,15.85,15.85,0,60.769351,27650,1687.7,1680.0
2025-09-30 14:02:00,15.85,15.85,15.85,15.85,0,63.151437,27650,1687.0,1680.0
2025-09-30 14:03:00,15.85,15.85,15.85,15.85,0,64.519769,27650,1686.6,1680.0
2025-09-30 14:04:00,15.85,15.85,15.85,15.85,0,54.682323,27650,1689.5,1680.0
2025-09-30 14:05:00,15.85,15.85,15.85,15.85,0,54.749486,27650,1689.5,1680.0
2025-09-30 14:06:00,15.85,15.85,15.85,15.85,0,56.633544,27650,1689.0,1680.0
2025-09-30 14:07:00,15.85,15.85,15.85,15.85,0,59.514195,27650,1688.2,1680.0
2025-09-30 14:08:00,15.85,15.85,15.85,15.85,0,58.545623,27650,1688.5,1680.0
2025-09-30 14:09:00,2.0,2.0,1.7,1.95,835100,29.178944,125650,1690.1,1700.0
2025-09-30 14:10:00,15.85,15.85,15.85,15.85,0,53.208507,27650,1690.0,1680.0
2025-09-30 14:11:00,15.85,15.85,15.85,15.85,0,54.411588,27650,1689.7,1680.0
2025-09-30 14:12:00,15.85,15.85,15.85,15.85,0,56.330659,27300,1689.2,1680.0
2025-09-30 14:13:00,15.85,15.85,12.0,12.0,16100,33.976573,27300,1689.1,1680.0
2025-09-30 14:14:00,12.0,12.0,12.0,12.0,350,39.109327,27300,1687.9,1680.0
2025-09-30 14:15:00,12.0,12.0,12.0,12.0,0,44.754596,27300,1686.4,1680.0
2025-09-30 14:16:00,12.0,12.0,12.0,12.0,0,43.741359,27300,1686.7,1680.0
2025-09-30 14:17:00,12.0,12.0,12.0,12.0,0,48.295817,27300,1685.4,1680.0
2025-09-30 14:18:00,12.0,12.0,12.0,12.0,0,49.676691,27300,1685.0,1680.0
2025-09-30 14:19:00,12.0,12.0,10.35,10.35,16800,46.073415,27300,1683.3,1680.0
2025-09-30 14:20:00,10.35,10.35,10.35,10.35,0,46.132104,27300,1683.3,1680.0
2025-09-30 14:21:00,10.35,10.35,9.4,9.4,17150,46.404243,27300,1681.5,1680.0
2025-09-30 14:22:00,9.4,9.4,9.4,9.4,0,45.588214,27300,1681.8,1680.0
2025-09-30 14:23:00,9.4,9.4,9.4,9.4,0,51.57325,27300,1679.7,1680.0
2025-09-30 14:24:00,9.4,9.4,6.4,6.4,17500,34.214135,27300,1680.1,1680.0
2025-09-30 14:25:00,6.4,6.4,6.4,6.4,0,34.534379,27300,1680.0,1680.0
2025-09-30 14:26:00,6.4,6.4,6.4,6.4,0,32.614034,27300,1680.7,1680.0
2025-09-30 14:27:00,6.4,6.4,6.4,6.4,0,27.50043,27300,1682.4,1680.0
2025-09-30 14:28:00,6.4,6.4,6.4,6.4,0,26.216742,27300,1682.8,1680.0
2025-09-30 14:29:00,6.4,6.4,6.4,6.4,0,27.247174,27300,1682.5,1680.0
2025-09-30 14:30:00,6.4,6.4,6.4,6.4,0,26.286203,27300,1682.8,1680.0
2025-09-30 14:31:00,6.4,6.4,6.4,6.4,0,23.49523,27300,1683.6,1680.0
2025-09-30 14:32:00,6.4,6.4,6.4,6.4,0,23.52674,27300,1683.6,1680.0
2025-09-30 14:33:00,6.4,11.95,6.4,11.95,18900,47.991608,26950,1685.7,1680.0
2025-09-30 14:34:00,11.95,11.95,10.45,10.45,700,45.938978,26950,1683.8,1680.0
2025-09-30 14:35:00,10.45,10.45,10.45,10.45,0,32.757234,26950,1687.4,1680.0
2025-09-30 14:36:00,10.45,10.45,10.45,10.45,0,37.289728,26950,1686.3,1680.0
2025-09-30 14:37:00,10.45,10.45,10.45,10.45,0,37.339742,25900,1686.3,1680.0
2025-09-30 14:38:00,10.45,10.45,10.45,10.45,0,30.154119,25900,1688.0,1680.0
2025-09-30 14:39:00,1.2,1.2,1.2,1.2,0,23.154808,117250,1691.1,1700.0
2025-09-30 14:40:00,10.45,10.45,10.45,10.45,0,21.515252,25550,1689.5,1680.0
2025-09-30 14:41:00,10.45,10.45,10.45,10.45,0,25.522484,25550,1688.9,1680.0
2025-09-30 14:42:00,10.45,10.45,10.45,10.45,0,22.316241,25550,1689.4,1680.0
2025-09-30 14:43:00,2.25,2.25,1.65,1.65,1750,28.150842,116550,1690.2,1700.0
2025-09-30 14:44:00,1.65,2.05,1.65,2.05,914200,30.192868,116200,1690.7,1700.0
2025-09-30 14:45:00,2.05,2.3,2.05,2.3,2450,29.035219,116200,1692.3,1700.0
2025-09-30 14:46:00,2.3,2.3,2.3,2.3,0,26.813361,116200,1693.5,1700.0
2025-09-30 14:47:00,2.3,5.0,2.3,5.0,918750,43.406803,115850,1693.4,1700.0
2025-09-30 14:48:00,5.0,5.0,4.5,4.5,700,42.855131,115850,1692.3,1700.0
2025-09-30 14:49:00,4.5,4.5,4.5,4.5,0,41.430777,115850,1693.0,1700.0
2025-09-30 14:50:00,4.5,4.5,4.5,4.5,0,45.673355,115850,1691.0,1700.0
2025-09-30 14:51:00,4.5,4.5,4.5,4.5,0,45.324441,115850,1691.2,1700.0
2025-09-30 14:52:00,4.5,4.5,2.95,2.95,921550,34.687713,115150,1691.7,1700.0
2025-09-30 14:53:00,2.95,3.45,2.95,3.45,1750,36.510292,115500,1692.4,1700.0
2025-09-30 14:54:00,3.45,3.45,3.05,3.05,921900,36.974032,115500,1690.9,1700.0
2025-09-30 14:55:00,3.05,3.45,3.05,3.45,2100,36.814388,115500,1692.3,1700.0
2025-09-30 14:56:00,3.45,3.45,3.45,3.45,0,38.273532,115500,1691.6,1700.0
2025-09-30 14:57:00,3.45,3.45,3.45,3.45,0,37.322223,115500,1692.1,1700.0
2025-09-30 14:58:00,3.45,3.45,3.45,3.45,0,34.076041,115500,1693.7,1700.0
2025-09-30 14:59:00,3.45,3.45,3.45,3.45,0,34.961957,115500,1693.3,1700.0
2025-09-30 15:00:00,3.45,3.45,3.45,3.45,0,40.08149,115500,1690.8,1700.0
2025-09-30 15:01:00,19.0,19.0,19.0,19.0,0,82.842221,25550,1688.1,1680.0
2025-09-30 15:02:00,19.0,19.0,19.0,19.0,0,78.702291,25550,1689.3,1680.0
2025-09-30 15:03:00,19.0,19.0,19.0,19.0,0,77.719652,25550,1689.6,1680.0
2025-09-30 15:04:00,19.0,19.0,19.0,19.0,0,77.462127,25550,1689.7,1680.0
2025-09-30 15:05:00,19.0,19.0,19.0,19.0,0,85.731163,25550,1687.4,1680.0
2025-09-30 15:06:00,19.0,19.0,19.0,19.0,0,93.160016,25550,1685.2,1680.0
2025-09-30 15:07:00,19.0,19.0,19.0,19.0,0,86.318702,25550,1687.3,1680.0
2025-09-30 15:08:00,19.0,19.0,19.0,19.0,0,89.149312,25550,1686.5,1680.0
2025-09-30 15:09:00,19.0,19.0,19.0,19.0,0,88.605614,25550,1686.7,1680.0
2025-09-30 15:10:00,19.0,19.0,19.0,19.0,0,91.404013,25550,1685.9,1680.0
2025-09-30 15:11:00,19.0,19.0,19.0,19.0,0,94.480631,25550,1685.0,1680.0
2025-09-30 15:12:00,19.0,19.0,19.0,19.0,0,94.617733,25550,1685.0,1680.0
2025-09-30 15:13:00,19.0,19.0,19.0,19.0,0,97.964326,25550,1684.0,1680.0
2025-09-30 15:14:00,19.0,19.0,19.0,19.0,0,100.315293,25550,1683.3,1680.0
2025-09-30 15:15:00,19.0,19.0,19.0,19.0,0,99.833451,25550,1683.5,1680.0
2025-09-30 15:16:00,19.0,19.0,19.0,19.0,0,99.030739,25550,1683.8,1680.0
2025-09-30 15:17:00,19.0,19.0,19.0,19.0,0,92.00792,25550,1686.0,1680.0
2025-09-30 15:18:00,19.0,19.0,19.0,19.0,0,90.457797,25550,1686.5,1680.0
2025-09-30 15:19:00,19.0,19.0,19.0,19.0,0,93.947232,25550,1685.5,1680.0
2025-09-30 15:20:00,19.0,19.0,19.0,19.0,0,99.936183,25550,1683.7,1680.0
2025-09-30 15:21:00,19.0,19.0,19.0,19.0,0,101.671819,25550,1683.2,1680.0
2025-09-30 15:22:00,19.0,19.0,19.0,19.0,0,97.981001,25550,1684.4,1680.0
2025-09-30 15:23:00,19.0,19.0,19.0,19.0,0,97.802541,25550,1684.5,1680.0
2025-09-30 15:24:00,19.0,19.0,19.0,19.0,0,84.583077,25550,1688.4,1680.0
2025-09-30 15:25:00,19.0,19.0,19.0,19.0,0,90.375149,25550,1686.8,1680.0
2025-09-30 15:26:00,19.0,19.0,19.0,19.0,0,87.709567,25550,1687.6,1680.0
2025-09-30 15:27:00,19.0,19.0,19.0,19.0,0,88.902821,25550,1687.3,1680.0
2025-09-30 15:28:00,19.0,19.0,2.55,2.55,21700,0.0,24850,1687.9,1680.0
2025-09-30 15:29:00,61.85,61.85,61.85,61.85,0,28.313158,0,1686.1,1680.0
2025-10-01 09:15:00,61.85,61.85,61.85,61.85,0,27.838162,0,1687.6,1680.0
2025-10-01 09:16:00,61.85,61.85,61.85,61.85,0,28.092823,0,1686.8,1680.0
2025-10-01 09:17:00,52.0,53.2,52.0,53.2,3850,27.203514,181650,1692.9,1700.0
2025-10-01 09:18:00,53.2,53.7,53.2,53.7,14350,27.010962,193900,1694.5,1700.0
2025-10-01 09:19:00,53.7,56.4,53.7,56.1,17500,28.194383,193900,1694.9,1700.0
2025-10-01 09:20:00,56.1,56.1,54.3,55.25,16100,27.676159,193900,1695.1,1700.0
2025-10-01 09:21:00,55.25,57.0,55.25,56.95,19600,28.24556,205450,1696.3,1700.0
2025-10-01 09:22:00,56.95,56.95,53.9,53.9,20650,28.129603,205450,1691.0,1700.0
2025-10-01 09:23:00,53.9,54.75,53.9,54.75,21000,28.18928,205450,1692.4,1700.0
2025-10-01 09:24:00,54.75,54.75,54.5,54.75,23100,28.218472,210350,1692.3,1700.0
2025-10-01 09:25:00,54.75,55.0,54.75,55.0,22400,28.066048,210350,1693.3,1700.0
2025-10-01 09:26:00,61.85,61.85,61.85,61.85,0,27.874947,11550,1687.5,1680.0
2025-10-01 09:27:00,61.85,61.85,61.85,61.85,0,27.747806,11550,1687.9,1680.0
2025-10-01 09:28:00,61.85,61.85,61.85,61.85,0,28.224798,11550,1686.4,1680.0
2025-10-01 09:29:00,52.0,53.0,51.6,53.0,24150,27.730869,211050,1690.7,1700.0
2025-10-01 09:30:00,53.0,54.7,53.0,54.7,28350,27.9636,211050,1693.1,1700.0
2025-10-01 09:31:00,54.7,55.75,54.7,55.75,24500,28.126738,210000,1694.5,1700.0
2025-10-01 09:32:00,55.75,55.95,55.35,55.35,30450,28.546899,210000,1692.3,1700.0
2025-10-01 09:33:00,55.35,56.0,55.2,56.0,26250,27.795075,211050,1696.1,1700.0
2025-10-01 09:34:00,56.0,57.55,56.0,57.55,32200,28.311049,211050,1697.2,1700.0
2025-10-01 09:35:00,57.55,57.55,57.55,57.55,0,28.222727,211050,1697.5,1700.0
2025-10-01 09:36:00,57.55,58.0,57.55,58.0,59500,28.020823,210350,1699.0,1700.0
2025-10-01 09:37:00,58.0,59.4,58.0,59.4,5250,28.630821,210350,1699.5,1700.0
2025-10-01 09:38:00,59.4,59.4,58.05,58.05,66850,28.346752,210350,1698.0,1700.0
2025-10-01 09:39:00,58.05,58.05,57.55,57.55,5600,28.224512,210350,1697.5,1700.0
2025-10-01 09:40:00,57.55,58.0,57.55,58.0,77000,28.7346,214550,1696.6,1700.0
2025-10-01 09:41:00,58.0,58.6,58.0,58.6,7000,28.705544,214550,1697.8,1700.0
2025-10-01 09:42:00,58.6,58.6,58.55,58.55,84700,29.121736,214550,1696.3,1700.0
2025-10-01 09:43:00,58.55,58.55,57.2,57.2,15050,28.243547,222950,1696.8,1700.0
2025-10-01 09:44:00,57.2,57.2,57.2,57.2,0,28.479419,222950,1696.0,1700.0
2025-10-01 09:45:00,57.2,57.5,57.2,57.5,100100,28.701067,222950,1695.8,1700.0
2025-10-01 09:46:00,57.5,57.5,57.15,57.15,700,28.217792,230300,1696.8,1700.0
2025-10-01 09:47:00,57.15,57.15,57.15,57.15,0,28.306662,230300,1696.5,1700.0
2025-10-01 09:48:00,57.15,57.15,57.15,57.15,0,28.746853,230300,1695.0,1700.0
2025-10-01 09:49:00,57.15,58.5,57.15,58.5,101850,28.595613,230300,1698.0,1700.0
2025-10-01 09:50:00,58.5,58.5,58.0,58.0,350,29.120562,230300,1695.3,1700.0
2025-10-01 09:51:00,58.0,58.0,57.15,57.15,102200,29.155203,230300,1693.6,1700.0
2025-10-01 09:52:00,57.15,57.15,56.15,56.15,8050,28.787503,230300,1693.0,1700.0
2025-10-01 09:53:00,56.15,56.15,56.0,56.05,103600,28.964168,230300,1692.2,1700.0
2025-10-01 09:54:00,56.05,56.05,56.05,56.05,9100,28.791934,234850,1692.8,1700.0
2025-10-01 09:55:00,56.05,56.05,55.9,55.9,110600,28.941265,234850,1692.0,1700.0
2025-10-01 09:56:00,55.9,55.9,55.4,55.4,9450,28.899999,234850,1691.2,1700.0
2025-10-01 09:57:00,55.4,55.4,55.4,55.4,0,28.900451,234850,1691.2,1700.0
2025-10-01 09:58:00,55.4,56.0,55.4,56.0,121450,28.332343,240800,1694.3,1700.0
2025-10-01 09:59:00,56.0,56.0,55.05,55.05,350,28.482671,240800,1692.0,1700.0
2025-10-01 10:00:00,55.05,55.5,55.05,55.5,122150,28.726864,240800,1692.0,1700.0
2025-10-01 10:01:00,55.5,55.5,55.5,55.5,0,28.669878,239400,1692.2,1700.0
2025-10-01 10:02:00,55.5,55.85,55.4,55.85,124950,28.223777,239400,1694.4,1700.0
2025-10-01 10:03:00,55.85,56.65,55.85,55.9,1750,27.95945,239400,1695.4,1700.0
2025-10-01 10:04:00,55.9,57.75,55.9,57.75,125650,29.63074,236250,1693.1,1700.0
2025-10-01 10:05:00,69.35,69.35,69.35,69.35,0,31.488608,12600,1689.2,1680.0
2025-10-01 10:06:00,55.0,55.0,53.9,55.0,127050,28.659244,236250,1691.3,1700.0
2025-10-01 10:07:00,55.0,55.0,54.15,54.15,9100,28.398956,243250,1690.6,1700.0
2025-10-01 10:08:00,54.15,56.5,54.15,55.8,128450,28.633982,243250,1692.9,1700.0
2025-10-01 10:09:00,55.8,55.8,55.8,55.8,0,28.893431,243250,1692.0,1700.0
2025-10-01 10:10:00,55.8,55.9,55.35,55.35,140000,28.506378,243250,1692.5,1700.0
2025-10-01 10:11:00,55.35,56.4,55.35,56.4,350,29.190661,243250,1692.1,1700.0
2025-10-01 10:12:00,56.4,56.4,56.4,56.4,0,29.191117,243250,1692.1,1700.0
2025-10-01 10:13:00,56.4,56.4,56.15,56.15,140700,28.652439,242900,1693.5,1700.0
2025-10-01 10:14:00,56.15,56.8,56.15,56.8,350,28.947107,242900,1693.7,1700.0
2025-10-01 10:15:00,56.8,56.9,56.4,56.7,144900,28.806365,242900,1694.0,1700.0
2025-10-01 10:16:00,56.7,57.0,56.7,57.0,700,28.619799,246400,1695.2,1700.0
2025-10-01 10:17:00,57.0,57.05,57.0,57.05,145250,28.383566,246400,1696.1,1700.0
2025-10-01 10:18:00,57.05,57.65,57.05,57.65,2100,28.325776,246400,1697.4,1700.0
2025-10-01 10:19:00,57.65,58.45,57.65,57.9,147000,28.550506,246750,1697.1,1700.0
2025-10-01 10:20:00,57.9,58.2,57.9,58.2,2800,28.417214,246750,1698.1,1700.0
2025-10-01 10:21:00,58.2,58.2,57.25,57.25,156100,28.815955,252000,1695.0,1700.0
2025-10-01 10:22:00,57.25,57.25,57.0,57.0,3500,28.972081,252000,1694.0,1700.0
2025-10-01 10:23:00,57.0,57.0,56.5,56.5,156800,29.13528,252000,1692.5,1700.0
2025-10-01 10:24:00,56.5,56.5,55.4,55.5,4900,28.218254,252000,1693.8,1700.0
2025-10-01 10:25:00,55.5,55.5,55.5,55.5,0,28.160652,252000,1694.0,1700.0
2025-10-01 10:26:00,55.5,55.5,55.5,55.5,0,28.738568,252000,1692.0,1700.0
2025-10-01 10:27:00,55.5,55.5,52.6,54.35,169050,27.856851,248850,1692.9,1700.0
2025-10-01 10:28:00,54.35,56.1,54.35,56.1,1400,28.049624,248850,1695.5,1700.0
2025-10-01 10:29:00,56.1,57.35,56.1,57.05,177100,28.388943,248850,1696.1,1700.0
2025-10-01 10:30:00,57.05,57.5,57.05,57.5,2450,27.80347,249900,1698.9,1700.0
2025-10-01 10:31:00,57.5,57.5,56.9,57.1,182350,28.651512,249900,1695.3,1700.0
2025-10-01 10:32:00,57.1,57.1,56.5,56.5,4200,28.268212,249900,1695.5,1700.0
2025-10-01 10:33:00,56.5,56.5,56.5,56.5,0,28.444107,249900,1694.9,1700.0
2025-10-01 10:34:00,56.5,58.8,56.0,58.8,199850,28.778645,254100,1698.0,1700.0
2025-10-01 10:35:00,58.8,58.8,57.9,57.9,10500,29.145378,254100,1695.1,1700.0
2025-10-01 10:36:00,57.9,57.9,55.9,55.9,200200,27.79803,254100,1696.0,1700.0
2025-10-01 10:37:00,55.9,55.9,55.9,55.9,0,28.179054,254100,1694.7,1700.0
2025-10-01 10:38:00,55.9,56.35,55.9,56.35,211050,28.335847,254800,1695.0,1700.0
2025-10-01 10:39:00,56.35,57.2,56.35,57.2,2450,28.504129,254800,1696.0,1700.0
2025-10-01 10:40:00,57.2,57.2,56.5,56.5,212100,28.969967,253400,1693.1,1700.0
2025-10-01 10:41:00,56.5,56.5,56.5,56.5,0,28.709733,253400,1694.0,1700.0
2025-10-01 10:42:00,56.5,56.5,56.5,56.5,0,29.086315,253050,1692.7,1700.0
2025-10-01 10:43:00,56.5,56.5,55.0,55.0,215950,28.761597,253050,1691.0,1700.0
2025-10-01 10:44:00,55.0,55.0,55.0,55.0,0,28.561771,253050,1691.7,1700.0
2025-10-01 10:45:00,67.5,67.5,67.5,67.5,0,30.71045,12600,1688.5,1680.0
2025-10-01 10:46:00,67.5,67.5,67.5,67.5,0,30.679161,12600,1688.6,1680.0
2025-10-01 10:47:00,67.5,67.5,67.5,67.5,0,30.424706,12600,1689.4,1680.0
2025-10-01 10:48:00,55.0,55.0,53.55,54.75,219450,28.827853,253400,1690.3,1700.0
2025-10-01 10:49:00,54.75,55.0,54.75,55.0,2100,28.276521,253050,1692.7,1700.0
2025-10-01 10:50:00,55.0,55.8,55.0,55.8,219800,28.421437,253050,1693.7,1700.0
2025-10-01 10:51:00,55.8,55.8,55.8,55.8,0,28.653318,253050,1692.9,1700.0
2025-10-01 10:52:00,55.8,55.8,55.8,55.8,0,28.596009,253050,1693.1,1700.0
2025-10-01 10:53:00,55.8,55.8,55.8,55.8,0,28.567553,253050,1693.2,1700.0
2025-10-01 10:54:00,55.8,56.2,55.8,56.2,222600,28.552983,252700,1694.0,1700.0
2025-10-01 10:55:00,56.2,56.25,56.2,56.25,350,28.26001,253400,1695.1,1700.0
2025-10-01 10:56:00,56.25,56.25,56.25,56.25,0,28.377252,253400,1694.7,1700.0
2025-10-01 10:57:00,56.25,56.8,56.25,56.8,224000,28.588308,253400,1695.0,1700.0
2025-10-01 10:58:00,56.8,57.05,55.65,56.25,4550,28.726908,253050,1693.5,1700.0
2025-10-01 10:59:00,56.25,56.25,54.9,54.9,224350,28.800204,253050,1690.7,1700.0
2025-10-01 11:00:00,54.9,54.9,54.7,54.7,5600,28.749226,253050,1690.5,1700.0
2025-10-01 11:01:00,65.1,65.1,65.0,65.0,12600,28.985973,15400,1689.6,1680.0
2025-10-01 11:02:00,54.7,55.5,54.7,55.5,230650,28.466771,252700,1693.0,1700.0
2025-10-01 11:03:00,55.5,55.5,55.5,55.5,0,28.293615,252700,1693.6,1700.0
2025-10-01 11:04:00,55.5,55.5,55.5,55.5,0,28.669456,252700,1692.3,1700.0
2025-10-01 11:05:00,55.5,55.5,55.5,55.5,0,27.239685,252700,1697.2,1700.0
2025-10-01 11:06:00,55.5,55.5,55.5,55.5,0,27.358488,252700,1696.8,1700.0
2025-10-01 11:07:00,55.5,57.75,55.5,57.75,231000,28.726781,252700,1696.3,1700.0
2025-10-01 11:08:00,57.75,57.75,57.75,57.75,700,28.638869,252700,1696.6,1700.0
2025-10-01 11:09:00,57.75,57.75,57.75,57.75,0,28.786511,252700,1696.1,1700.0
2025-10-01 11:10:00,57.75,57.75,57.55,57.55,232400,28.61967,253750,1696.3,1700.0
2025-10-01 11:11:00,57.55,58.05,57.55,58.05,1400,28.891298,253750,1696.3,1700.0
2025-10-01 11:12:00,58.05,58.05,58.0,58.0,233450,28.864636,253750,1696.3,1700.0
2025-10-01 11:13:00,58.0,58.0,58.0,58.0,1750,28.569941,253750,1697.3,1700.0
2025-10-01 11:14:00,58.0,58.0,57.5,57.5,234500,28.535454,254450,1696.5,1700.0
2025-10-01 11:15:00,57.5,57.5,57.5,57.5,0,28.624235,254450,1696.2,1700.0
2025-10-01 11:16:00,57.5,57.5,57.1,57.1,236950,28.319385,254100,1696.5,1700.0
2025-10-01 11:17:00,57.1,57.1,57.1,57.1,0,28.172228,254100,1697.0,1700.0
2025-10-01 11:18:00,57.1,57.1,57.1,57.1,0,28.202231,254100,1696.9,1700.0
2025-10-01 11:19:00,57.1,57.1,57.1,57.1,0,28.350197,253400,1696.4,1700.0
2025-10-01 11:20:00,57.1,57.7,57.1,57.7,238000,28.587676,253400,1696.7,1700.0
2025-10-01 11:21:00,57.7,57.7,56.95,56.95,700,28.680466,253400,1695.0,1700.0
2025-10-01 11:22:00,56.95,56.95,56.9,56.9,238350,28.683013,253050,1694.9,1700.0
2025-10-01 11:23:00,56.9,56.9,56.9,56.9,1750,28.419955,253050,1695.8,1700.0
2025-10-01 11:24:00,56.9,56.9,56.9,56.9,0,28.332253,253050,1696.1,1700.0
2025-10-01 11:25:00,56.9,56.9,56.9,56.9,0,28.655157,253050,1695.0,1700.0
2025-10-01 11:26:00,56.9,57.5,56.9,57.5,240450,28.864012,252000,1695.4,1700.0
2025-10-01 11:27:00,57.5,57.5,56.4,56.4,1750,28.384888,252000,1695.0,1700.0
2025-10-01 11:28:00,56.4,56.4,56.4,56.4,0,28.092217,252000,1696.0,1700.0
2025-10-01 11:29:00,56.4,56.4,56.4,56.4,0,28.210123,252000,1695.6,1700.0
2025-10-01 11:30:00,56.4,56.55,56.4,56.55,243600,28.262596,252700,1695.7,1700.0
2025-10-01 11:31:00,56.55,56.55,56.55,56.55,0,28.438804,252700,1695.1,1700.0
2025-10-01 11:32:00,56.55,56.55,56.3,56.3,243950,28.566157,252700,1694.2,1700.0
2025-10-01 11:33:00,56.3,56.3,56.3,56.3,0,28.450109,252700,1694.6,1700.0
2025-10-01 11:34:00,56.3,56.3,56.3,56.3,0,28.537957,252700,1694.3,1700.0
2025-10-01 11:35:00,56.3,56.3,56.3,56.3,0,28.538407,252700,1694.3,1700.0
2025-10-01 11:36:00,56.3,56.3,55.75,55.75,244650,28.67534,252350,1692.8,1700.0
2025-10-01 11:37:00,55.75,55.75,55.75,55.75,0,28.64692,252350,1692.9,1700.0
2025-10-01 11:38:00,55.75,55.75,55.4,55.4,245000,28.688063,252000,1692.1,1700.0
2025-10-01 11:39:00,55.4,55.4,54.95,54.95,700,28.645306,252000,1691.4,1700.0
2025-10-01 11:40:00,54.95,54.95,54.5,54.5,247450,28.744168,253050,1690.2,1700.0
2025-10-01 11:41:00,54.5,54.5,54.0,54.0,6650,28.473409,253050,1690.2,1700.0
2025-10-01 11:42:00,54.0,54.2,54.0,54.2,248500,28.29712,253050,1691.2,1700.0
2025-10-01 11:43:00,54.2,55.35,54.2,55.35,7350,28.345966,258300,1693.2,1700.0
2025-10-01 11:44:00,55.35,58.0,55.35,57.2,252000,28.208977,258300,1697.1,1700.0
2025-10-01 11:45:00,57.2,58.55,57.2,58.45,8750,28.680367,258300,1697.8,1700.0
2025-10-01 11:46:00,58.45,58.45,58.1,58.1,253400,28.639123,257950,1697.3,1700.0
2025-10-01 11:47:00,58.1,58.1,58.0,58.0,9800,28.19878,257950,1698.6,1700.0
2025-10-01 11:48:00,58.0,58.0,58.0,58.0,0,28.258897,257950,1698.4,1700.0
2025-10-01 11:49:00,58.0,58.85,57.65,57.65,265300,28.455447,257950,1697.1,1700.0
2025-10-01 11:50:00,57.65,57.65,57.65,57.65,700,28.692009,257950,1696.3,1700.0
2025-10-01 11:51:00,57.65,57.65,57.05,57.05,266000,28.130695,257950,1697.1,1700.0
2025-10-01 11:52:00,57.05,57.5,56.6,56.6,2450,28.240826,259350,1695.9,1700.0
2025-10-01 11:53:00,56.6,56.6,56.6,56.6,266350,28.241273,259350,1695.9,1700.0
2025-10-01 11:54:00,56.6,56.6,56.6,56.6,0,28.212323,259350,1696.0,1700.0
2025-10-01 11:55:00,56.6,58.45,56.6,58.45,269850,28.387006,259000,1698.8,1700.0
2025-10-01 11:56:00,58.45,58.9,58.45,58.9,350,28.121294,259000,1700.5,1700.0
2025-10-01 11:57:00,58.9,59.15,58.9,59.15,282450,28.498502,259000,1699.7,1700.0
2025-10-01 11:58:00,59.15,59.15,58.35,58.35,1750,28.42362,256900,1698.5,1700.0
2025-10-01 11:59:00,58.35,58.35,58.35,58.35,0,28.57299,256900,1698.0,1700.0
2025-10-01 12:00:00,58.35,58.35,58.35,58.35,284550,28.810772,256900,1697.2,1700.0
2025-10-01 12:01:00,58.35,58.35,58.35,58.35,0,28.603624,256900,1697.9,1700.0
2025-10-01 12:02:00,58.35,58.35,58.35,58.35,0,28.514833,256900,1698.2,1700.0
2025-10-01 12:03:00,58.35,58.35,58.35,58.35,0,28.306402,256900,1698.9,1700.0
2025-10-01 12:04:00,58.35,58.35,58.35,58.35,0,28.366627,256900,1698.7,1700.0
2025-10-01 12:05:00,58.35,59.0,58.35,59.0,287000,28.660347,256900,1698.9,1700.0
2025-10-01 12:06:00,59.0,60.45,59.0,60.0,23450,28.934348,256900,1699.8,1700.0
2025-10-01 12:07:00,60.0,61.4,58.4,58.4,300650,28.454833,262150,1698.5,1700.0
2025-10-01 12:08:00,58.4,58.4,58.15,58.15,23800,28.110191,262150,1699.2,1700.0
2025-10-01 12:09:00,58.15,58.15,58.0,58.0,302750,28.684036,262150,1697.0,1700.0
2025-10-01 12:10:00,58.0,58.0,56.8,56.8,25200,28.416168,262150,1695.7,1700.0
2025-10-01 12:11:00,56.8,56.8,56.1,56.4,309400,28.404622,264600,1695.0,1700.0
2025-10-01 12:12:00,56.4,56.95,56.4,56.95,25900,28.204051,264600,1696.7,1700.0
2025-10-01 12:13:00,56.95,57.35,56.8,56.8,312200,28.388152,262150,1695.8,1700.0
2025-10-01 12:14:00,56.8,56.8,56.8,56.8,0,28.153041,262150,1696.6,1700.0
2025-10-01 12:15:00,56.8,57.25,56.8,57.25,345100,28.456756,262150,1696.4,1700.0
2025-10-01 12:16:00,57.25,57.25,57.0,57.0,350,27.758125,269500,1698.3,1700.0
2025-10-01 12:17:00,57.0,59.0,57.0,59.0,347550,28.874613,269500,1698.2,1700.0
2025-10-01 12:18:00,59.0,59.0,58.55,58.55,1050,28.451695,269500,1698.8,1700.0
2025-10-01 12:19:00,58.55,59.0,58.55,59.0,349300,28.155765,268800,1700.6,1700.0
2025-10-01 12:20:00,59.0,61.55,59.0,61.3,11200,28.339387,268800,1704.1,1700.0
2025-10-01 12:21:00,61.3,63.0,60.15,61.8,365750,28.519658,268800,1704.4,1700.0
2025-10-01 12:22:00,61.8,62.0,61.45,62.0,12600,28.474468,268100,1704.9,1700.0
2025-10-01 12:23:00,62.0,62.35,61.9,62.0,368200,28.505887,268100,1704.8,1700.0
2025-10-01 12:24:00,62.0,63.0,62.0,63.0,16800,28.741146,268100,1705.8,1700.0
2025-10-01 12:25:00,63.0,63.5,63.0,63.5,369250,28.733575,264950,1706.7,1700.0
2025-10-01 12:26:00,63.5,65.9,63.5,65.9,42700,29.415861,264950,1708.7,1700.0
2025-10-01 12:27:00,65.9,65.9,64.75,64.75,386400,29.008884,264950,1708.0,1700.0
2025-10-01 12:28:00,64.75,65.15,64.75,65.15,49000,28.625903,268800,1709.9,1700.0
2025-10-01 12:29:00,54.7,56.45,54.7,56.45,58800,28.641587,43400,1713.0,1720.0
2025-10-01 12:30:00,56.45,56.45,55.65,56.4,24500,28.729442,43400,1712.6,1720.0
2025-10-01 12:31:00,56.4,56.85,55.65,56.65,70350,28.749763,48650,1713.0,1720.0
2025-10-01 12:32:00,56.65,59.3,56.65,59.0,32900,28.971415,48650,1716.6,1720.0
2025-10-01 12:33:00,59.0,59.3,56.7,57.0,79450,28.7379,48650,1713.7,1720.0
2025-10-01 12:34:00,57.0,57.0,55.8,55.8,37100,28.807214,54250,1711.2,1720.0
2025-10-01 12:35:00,55.8,55.8,55.0,55.0,80150,28.406828,54250,1711.1,1720.0
2025-10-01 12:36:00,55.0,56.2,55.0,56.2,40250,28.079949,54250,1714.5,1720.0
2025-10-01 12:37:00,56.2,56.2,54.8,54.8,83300,27.817263,55300,1712.8,1720.0
2025-10-01 12:38:00,54.8,55.6,54.8,55.6,40600,28.389432,55300,1712.3,1720.0
2025-10-01 12:39:00,55.6,55.6,55.6,55.6,0,28.161535,55300,1713.1,1720.0
2025-10-01 12:40:00,55.6,55.6,55.6,55.6,0,28.16198,54950,1713.1,1720.0
2025-10-01 12:41:00,55.6,55.6,55.6,55.6,0,28.476141,54950,1712.0,1720.0
2025-10-01 12:42:00,55.6,55.6,54.7,54.7,127050,27.794377,54950,1712.7,1720.0
2025-10-01 12:43:00,54.7,55.5,54.7,55.5,350,27.563041,54950,1715.0,1720.0
2025-10-01 12:44:00,55.5,56.6,55.5,55.55,134400,28.165539,55650,1713.0,1720.0
2025-10-01 12:45:00,55.55,55.55,55.3,55.3,1400,28.003264,55650,1713.1,1720.0
2025-10-01 12:46:00,55.3,55.8,55.3,55.8,136500,28.042538,55650,1713.9,1720.0
2025-10-01 12:47:00,55.8,55.8,55.3,55.3,1750,28.032754,52150,1713.0,1720.0
2025-10-01 12:48:00,55.3,55.3,53.9,53.9,137900,27.282105,52150,1713.0,1720.0
2025-10-01 12:49:00,53.9,53.9,53.75,53.75,3150,27.629184,52500,1711.5,1720.0
2025-10-01 12:50:00,53.75,53.75,53.0,53.0,143500,27.368789,52500,1711.0,1720.0
2025-10-01 12:51:00,53.0,53.4,52.95,53.1,5250,27.025506,52500,1712.4,1720.0
2025-10-01 12:52:00,53.1,53.1,53.1,53.1,0,26.997426,52500,1712.5,1720.0
2025-10-01 12:53:00,64.1,64.1,61.5,62.65,9100,27.235711,259000,1710.0,1700.0
2025-10-01 12:54:00,62.65,62.65,62.0,62.0,543200,26.911825,259000,1709.9,1700.0
2025-10-01 12:55:00,62.0,62.25,61.05,61.05,11900,26.871506,259000,1708.4,1700.0
2025-10-01 12:56:00,61.05,61.35,61.05,61.35,557900,27.447819,259000,1707.1,1700.0
2025-10-01 12:57:00,61.35,61.55,60.0,61.55,14350,26.826874,259000,1709.4,1700.0
2025-10-01 12:58:00,50.05,52.6,50.05,52.6,2800,27.185899,54600,1710.9,1720.0
2025-10-01 12:59:00,52.6,53.0,52.6,53.0,160300,27.231143,54600,1711.5,1720.0
2025-10-01 13:00:00,53.0,53.85,53.0,53.85,3500,27.374767,54600,1712.6,1720.0
2025-10-01 13:01:00,53.85,54.95,53.85,54.95,162400,27.93689,54600,1712.7,1720.0
2025-10-01 13:02:00,54.95,54.95,54.95,54.95,0,27.70839,54600,1713.5,1720.0
2025-10-01 13:03:00,54.95,54.95,54.95,54.95,0,27.680138,54600,1713.6,1720.0
2025-10-01 13:04:00,54.95,54.95,53.7,53.7,166600,26.923578,55300,1713.9,1720.0
2025-10-01 13:05:00,53.7,53.7,53.7,53.7,0,26.952763,55300,1713.8,1720.0
2025-10-01 13:06:00,53.7,53.7,53.7,53.7,0,27.010649,55300,1713.6,1720.0
2025-10-01 13:07:00,53.7,53.7,53.3,53.3,168000,26.738953,55300,1713.8,1720.0
2025-10-01 13:08:00,53.3,53.3,53.3,53.3,0,26.595411,55300,1714.3,1720.0
2025-10-01 13:09:00,53.3,53.3,53.3,53.3,0,26.624667,55300,1714.2,1720.0
2025-10-01 13:10:00,53.3,53.3,53.3,53.3,0,26.625094,55300,1714.2,1720.0
2025-10-01 13:11:00,53.3,53.3,53.3,53.3,0,26.683129,55300,1714.0,1720.0
2025-10-01 13:12:00,53.3,53.3,53.3,53.3,0,26.568268,55300,1714.4,1720.0
2025-10-01 13:13:00,53.3,54.15,53.3,54.15,168700,27.053787,54600,1714.3,1720.0
2025-10-01 13:14:00,54.15,54.15,54.15,54.15,0,26.938746,54600,1714.7,1720.0
2025-10-01 13:15:00,54.15,54.15,53.25,53.25,169400,26.542707,55300,1714.4,1720.0
2025-10-01 13:16:00,53.25,53.25,53.25,53.25,0,26.773437,55300,1713.6,1720.0
2025-10-01 13:17:00,53.25,53.85,53.25,53.85,169750,26.836774,55650,1714.5,1720.0
2025-10-01 13:18:00,53.85,54.2,53.85,54.2,1750,26.880516,55650,1715.0,1720.0
2025-10-01 13:19:00,54.2,54.2,54.2,54.2,0,26.327373,55650,1716.9,1720.0
2025-10-01 13:20:00,54.2,55.6,54.2,55.6,173950,27.284369,53550,1716.2,1720.0
2025-10-01 13:21:00,55.6,55.6,55.25,55.25,1400,27.155144,53550,1716.0,1720.0
2025-10-01 13:22:00,55.25,55.95,55.25,55.25,175000,27.184698,57050,1715.9,1720.0
2025-10-01 13:23:00,55.25,55.25,55.25,55.25,0,27.185132,57050,1715.9,1720.0
2025-10-01 13:24:00,55.25,55.25,55.25,55.25,0,27.156448,57050,1716.0,1720.0
2025-10-01 13:25:00,55.25,56.4,55.25,56.4,179550,27.070482,57050,1718.4,1720.0
2025-10-01 13:26:00,56.4,58.0,56.4,58.0,10150,27.515652,57050,1719.8,1720.0
2025-10-01 13:27:00,58.0,58.8,58.0,58.8,182700,27.044538,57050,1722.8,1720.0
2025-10-01 13:28:00,58.8,60.4,58.8,60.4,25550,27.906782,62300,1722.8,1720.0
2025-10-01 13:29:00,60.4,60.95,60.4,60.45,184800,28.11556,62300,1722.2,1720.0
2025-10-01 13:30:00,60.45,60.6,60.45,60.6,26950,27.741962,62300,1723.7,1720.0
2025-10-01 13:31:00,60.6,61.45,60.6,60.85,192150,27.785648,70350,1724.0,1720.0
2025-10-01 13:32:00,60.85,61.5,60.85,61.15,33250,27.886726,70350,1724.2,1720.0
2025-10-01 13:33:00,61.15,64.05,61.15,63.5,205800,27.352043,70350,1730.0,1720.0
2025-10-01 13:34:00,63.5,63.5,61.6,62.0,37450,27.638383,73150,1726.5,1720.0
2025-10-01 13:35:00,62.0,62.55,61.0,61.0,210700,27.160684,73150,1726.3,1720.0
2025-10-01 13:36:00,61.0,63.1,61.0,63.1,40600,27.294948,73150,1729.5,1720.0
2025-10-01 13:37:00,63.1,63.25,62.6,63.1,212450,27.484721,73150,1728.9,1720.0
2025-10-01 13:38:00,63.1,63.1,62.9,62.9,41300,27.534075,69650,1728.4,1720.0
2025-10-01 13:39:00,62.9,62.9,62.6,62.6,213500,27.466271,69650,1728.1,1720.0
2025-10-01 13:40:00,62.6,62.85,62.6,62.85,41650,27.60196,69650,1728.1,1720.0
2025-10-01 13:41:00,62.85,63.55,62.65,63.45,229250,28.176426,69300,1727.3,1720.0
2025-10-01 13:42:00,63.45,64.8,63.4,64.7,52150,28.101167,69300,1729.7,1720.0
2025-10-01 13:43:00,64.7,65.0,64.6,65.0,232050,28.327104,91000,1729.5,1720.0
2025-10-01 13:44:00,65.0,65.55,64.95,65.55,58100,28.467696,91000,1730.0,1720.0
2025-10-01 13:45:00,53.95,54.55,53.95,54.55,183050,27.606512,91000,1731.9,1740.0
2025-10-01 13:46:00,65.5,65.8,63.6,63.6,75600,28.414927,97650,1726.8,1720.0
2025-10-01 13:47:00,53.1,53.55,53.1,53.55,184100,27.580258,91000,1730.1,1740.0
2025-10-01 13:48:00,64.0,64.0,63.05,63.05,76650,27.525493,97650,1728.7,1720.0
2025-10-01 13:49:00,52.95,53.15,52.95,53.15,184450,27.285259,90650,1730.4,1740.0
2025-10-01 13:50:00,53.15,53.75,53.15,53.75,39550,27.464539,90650,1730.9,1740.0
2025-10-01 13:51:00,53.75,54.2,53.75,54.2,185850,27.535749,90650,1731.5,1740.0
2025-10-01 13:52:00,65.2,65.2,65.0,65.15,78050,28.882194,100800,1728.0,1720.0
2025-10-01 13:53:00,65.15,65.15,62.2,62.2,264250,27.568526,100800,1727.1,1720.0
2025-10-01 13:54:00,62.2,62.2,62.0,62.0,84700,27.39852,100800,1727.3,1720.0
2025-10-01 13:55:00,62.0,62.65,62.0,62.65,265650,27.531782,100800,1728.0,1720.0
2025-10-01 13:56:00,62.65,62.65,62.65,62.65,87500,27.532228,111300,1728.0,1720.0
2025-10-01 13:57:00,62.65,62.65,62.0,62.0,267750,27.212285,111300,1727.9,1720.0
2025-10-01 13:58:00,62.0,62.0,61.85,62.0,88550,27.493772,110250,1727.0,1720.0
2025-10-01 13:59:00,62.0,62.0,61.75,61.75,269500,27.576493,110250,1726.3,1720.0
2025-10-01 14:00:00,61.75,61.75,61.05,61.05,91350,27.136638,110250,1726.5,1720.0
2025-10-01 14:01:00,61.05,61.55,61.05,61.1,271250,27.257202,112000,1726.2,1720.0
2025-10-01 14:02:00,61.1,61.3,61.1,61.3,92400,27.148238,112000,1726.9,1720.0
2025-10-01 14:03:00,61.3,61.3,60.8,60.8,271600,27.466574,112000,1725.0,1720.0
2025-10-01 14:04:00,60.8,60.8,60.0,60.35,98350,26.635331,110250,1726.9,1720.0
2025-10-01 14:05:00,60.35,60.35,59.25,59.25,273700,26.29006,110250,1726.1,1720.0
2025-10-01 14:06:00,59.25,60.35,59.25,60.35,100450,26.885128,110250,1726.1,1720.0
2025-10-01 14:07:00,60.35,60.8,59.5,60.8,276850,26.786402,111650,1727.2,1720.0
2025-10-01 14:08:00,60.8,60.8,60.4,60.7,101500,26.7952,111650,1727.0,1720.0
2025-10-01 14:09:00,60.7,61.0,60.4,61.0,280350,27.082493,111650,1726.6,1720.0
2025-10-01 14:10:00,61.0,61.4,61.0,61.4,101850,27.17469,111650,1727.0,1720.0
2025-10-01 14:11:00,61.4,61.4,61.0,61.0,280700,27.176568,112700,1726.3,1720.0
2025-10-01 14:12:00,61.0,62.0,61.0,62.0,104300,27.15621,112700,1728.1,1720.0
2025-10-01 14:13:00,62.0,62.6,62.0,62.6,281400,27.418706,112000,1728.3,1720.0
2025-10-01 14:14:00,62.6,62.95,62.6,62.95,105350,27.293789,112000,1729.3,1720.0
2025-10-01 14:15:00,62.95,62.95,62.95,62.95,0,27.072428,112000,1730.0,1720.0
2025-10-01 14:16:00,62.95,62.95,62.6,62.7,388150,27.568225,112000,1728.0,1720.0
2025-10-01 14:17:00,62.7,62.7,62.7,62.7,0,27.222807,112000,1729.1,1720.0
2025-10-01 14:18:00,62.7,62.7,62.3,62.3,389200,27.289904,112000,1728.2,1720.0
2025-10-01 14:19:00,62.3,62.3,62.3,62.3,350,27.258948,112000,1728.3,1720.0
2025-10-01 14:20:00,62.3,63.2,61.85,61.85,396900,27.203926,111650,1727.7,1720.0
2025-10-01 14:21:00,61.85,61.85,61.05,61.05,2100,26.990235,111650,1727.0,1720.0
2025-10-01 14:22:00,61.05,61.05,60.5,60.5,397600,26.69311,111650,1727.0,1720.0
2025-10-01 14:23:00,60.5,60.5,60.5,60.5,0,26.505744,111650,1727.6,1720.0
2025-10-01 14:24:00,60.5,61.2,60.5,60.85,401100,26.883355,113050,1727.0,1720.0
2025-10-01 14:25:00,60.85,60.85,58.25,58.25,4900,26.09907,113050,1725.0,1720.0
2025-10-01 14:26:00,58.25,58.25,58.25,58.25,401450,26.161254,113750,1724.8,1720.0
2025-10-01 14:27:00,58.25,59.0,58.25,59.0,5950,26.443396,113750,1725.2,1720.0
2025-10-01 14:28:00,59.0,59.25,59.0,59.25,401800,26.517084,113750,1725.4,1720.0
2025-10-01 14:29:00,59.25,59.25,59.25,59.25,0,26.424607,113750,1725.7,1720.0
2025-10-01 14:30:00,59.25,59.5,59.25,59.5,408100,26.498158,112700,1725.9,1720.0
2025-10-01 14:31:00,59.5,59.5,59.5,59.5,0,26.467543,112700,1726.0,1720.0
2025-10-01 14:32:00,59.5,60.5,59.5,60.0,409150,26.707285,112700,1726.1,1720.0
2025-10-01 14:33:00,60.0,60.3,60.0,60.3,1400,26.714461,112700,1726.6,1720.0
2025-10-01 14:34:00,60.3,60.3,59.5,59.5,410900,26.5929,112700,1725.6,1720.0
2025-10-01 14:35:00,59.5,59.5,59.5,59.5,9100,26.438201,113050,1726.1,1720.0
2025-10-01 14:36:00,59.5,60.05,59.5,60.05,411250,26.79812,113050,1725.9,1720.0
2025-10-01 14:37:00,60.05,60.05,60.05,60.05,0,26.674352,113050,1726.3,1720.0
2025-10-01 14:38:00,60.05,60.05,60.05,60.05,420700,26.736936,105350,1726.1,1720.0
2025-10-01 14:39:00,60.05,60.05,60.05,60.05,0,26.456956,105350,1727.0,1720.0
2025-10-01 14:40:00,60.05,60.55,59.5,60.25,423500,27.247553,105350,1724.8,1720.0
2025-10-01 14:41:00,60.25,60.25,59.35,59.95,3500,26.931901,106750,1725.3,1720.0
2025-10-01 14:42:00,59.95,60.5,59.05,59.05,428750,26.538664,106750,1725.0,1720.0
2025-10-01 14:43:00,59.05,59.05,58.25,59.0,4900,26.727562,106750,1724.3,1720.0
2025-10-01 14:44:00,59.0,59.35,59.0,59.35,430500,26.794047,107800,1724.7,1720.0
2025-10-01 14:45:00,59.35,59.35,59.35,59.35,0,26.423538,107800,1725.9,1720.0
2025-10-01 14:46:00,59.35,61.05,59.35,61.05,438200,27.281096,107800,1726.1,1720.0
2025-10-01 14:47:00,61.05,61.05,59.9,59.9,350,27.184531,105700,1724.4,1720.0
2025-10-01 14:48:00,59.9,60.55,59.9,60.4,439950,27.270558,105700,1725.0,1720.0
2025-10-01 14:49:00,60.4,60.4,60.4,60.4,0,27.271001,105700,1725.0,1720.0
2025-10-01 14:50:00,60.4,60.4,60.25,60.25,440650,26.507444,106050,1727.2,1720.0
2025-10-01 14:51:00,60.25,60.25,60.25,60.25,0,26.256681,106050,1728.0,1720.0
2025-10-01 14:52:00,60.25,60.25,60.25,60.25,0,26.789074,106050,1726.3,1720.0
2025-10-01 14:53:00,60.25,61.5,60.25,61.35,441350,27.041737,106050,1727.4,1720.0
2025-10-01 14:54:00,61.35,61.45,61.0,61.0,700,26.91524,106050,1727.2,1720.0
2025-10-01 14:55:00,61.0,61.0,61.0,61.0,0,26.69633,106050,1727.9,1720.0
2025-10-01 14:56:00,61.0,61.3,61.0,61.3,442400,27.140924,107450,1727.0,1720.0
2025-10-01 14:57:00,61.3,61.3,61.3,61.3,350,27.172541,107450,1726.9,1720.0
2025-10-01 14:58:00,61.3,61.3,61.3,61.3,0,27.328518,107450,1726.4,1720.0
2025-10-01 14:59:00,61.3,61.3,61.3,61.3,0,27.235708,107450,1726.7,1720.0
2025-10-01 15:00:00,61.3,63.0,61.0,63.0,444500,27.341384,107100,1729.3,1720.0
2025-10-01 15:01:00,63.0,63.0,63.0,63.0,0,27.405006,107100,1729.1,1720.0
2025-10-01 15:02:00,63.0,63.0,63.0,63.0,0,27.907505,107100,1727.5,1720.0
2025-10-01 15:03:00,54.0,54.0,54.0,54.0,0,28.734581,0,1731.1,1740.0
2025-10-01 15:04:00,63.0,63.0,63.0,63.0,0,27.845971,107100,1727.7,1720.0
2025-10-01 15:05:00,63.0,63.0,61.35,61.35,444850,26.827495,107450,1728.1,1720.0
2025-10-01 15:06:00,61.35,61.35,61.35,61.35,0,27.23473,107450,1726.8,1720.0
2025-10-01 15:07:00,61.35,61.35,59.9,59.9,445900,26.978005,107450,1725.1,1720.0
2025-10-01 15:08:00,59.9,60.05,59.9,60.05,350,27.151897,106750,1724.8,1720.0
2025-10-01 15:09:00,60.05,60.05,60.05,60.05,0,27.059936,106750,1725.1,1720.0
2025-10-01 15:10:00,60.05,60.05,59.45,59.45,446950,26.766984,106750,1725.0,1720.0
2025-10-01 15:11:00,59.45,59.45,59.45,59.45,0,26.612909,106750,1725.5,1720.0
2025-10-01 15:12:00,59.45,60.15,59.45,60.15,447650,27.146109,106750,1725.0,1720.0
2025-10-01 15:13:00,60.15,60.15,60.0,60.0,350,27.003828,106750,1725.2,1720.0
2025-10-01 15:14:00,60.0,60.1,60.0,60.1,448000,26.872776,107100,1725.8,1720.0
2025-10-01 15:15:00,60.1,60.75,60.1,60.75,2450,27.06963,107100,1726.3,1720.0
2025-10-01 15:16:00,60.75,61.05,60.75,61.05,448700,27.232343,107100,1726.3,1720.0
2025-10-01 15:17:00,61.05,61.45,60.75,60.9,5600,27.275699,105000,1725.9,1720.0
2025-10-01 15:18:00,60.9,61.45,60.65,61.45,450450,27.200643,105000,1727.1,1720.0
2025-10-01 15:19:00,61.45,61.9,61.15,61.15,7700,27.038684,105000,1727.1,1720.0
2025-10-01 15:20:00,61.15,62.25,61.15,62.25,456400,27.038333,101850,1729.0,1720.0
2025-10-01 15:21:00,54.0,54.0,54.0,54.0,0,28.734581,0,1731.1,1740.0
2025-10-01 15:22:00,53.0,53.2,52.9,53.2,9450,26.931788,139650,1731.9,1740.0
2025-10-01 15:23:00,53.2,54.4,53.2,54.4,378700,26.975016,139300,1734.0,1740.0
2025-10-01 15:24:00,54.4,56.0,54.0,56.0,15050,26.992227,139300,1736.9,1740.0
2025-10-01 15:25:00,56.0,57.75,55.95,57.0,388150,26.735174,139300,1739.6,1740.0
2025-10-01 15:26:00,57.0,57.95,55.2,55.2,21000,27.115631,136850,1735.0,1740.0
2025-10-01 15:27:00,55.2,56.75,55.2,56.0,396550,27.940887,136850,1733.6,1740.0
2025-10-01 15:28:00,56.0,56.65,56.0,56.0,24850,27.080884,136850,1736.6,1740.0
2025-10-01 15:29:00,54.0,54.0,54.0,54.0,0,26.130222,0,1739.9,1740.0
2025-10-03 09:15:00,51.0,59.5,51.0,56.95,9100,26.801987,137200,1743.0,1740.0
2025-10-03 09:16:00,56.95,57.0,54.2,54.2,7700,26.755762,137200,1738.2,1740.0
2025-10-03 09:17:00,54.2,54.2,52.65,53.65,16800,26.121445,137200,1739.3,1740.0
2025-10-03 09:18:00,53.65,53.65,52.0,52.0,14350,25.153418,137200,1739.5,1740.0
2025-10-03 09:19:00,52.0,53.4,51.95,53.4,21700,26.766858,137200,1736.7,1740.0
2025-10-03 09:20:00,53.4,53.4,50.0,50.7,22750,26.549749,137200,1732.4,1740.0
2025-10-03 09:21:00,50.7,51.35,50.0,50.55,34300,26.84374,138950,1731.1,1740.0
2025-10-03 09:22:00,50.55,50.7,50.0,50.2,30450,26.363157,138950,1732.1,1740.0
2025-10-03 09:23:00,50.2,51.75,50.2,51.2,40600,25.887137,138950,1735.6,1740.0
2025-10-03 09:24:00,51.2,51.2,50.2,50.2,31850,25.868766,138600,1733.8,1740.0
2025-10-03 09:25:00,60.8,60.8,58.0,58.0,7000,25.890084,94850,1728.8,1720.0
2025-10-03 09:26:00,58.0,58.0,58.0,58.0,0,26.378592,94850,1727.3,1720.0
2025-10-03 09:27:00,58.0,58.0,58.0,58.0,22050,26.957041,95900,1725.5,1720.0
2025-10-03 09:28:00,58.0,58.0,57.55,57.55,6300,27.182138,95900,1724.0,1720.0
2025-10-03 09:29:00,57.55,57.55,57.55,57.55,0,26.961114,95900,1724.7,1720.0
2025-10-03 09:30:00,57.55,58.5,57.55,58.5,29050,27.142058,100800,1725.8,1720.0
2025-10-03 09:31:00,58.5,58.5,58.5,58.5,0,27.428942,100800,1724.9,1720.0
2025-10-03 09:32:00,58.5,58.5,58.5,58.5,0,25.911324,100800,1729.6,1720.0
2025-10-03 09:33:00,58.5,59.65,58.5,59.65,30450,26.721204,100800,1729.1,1720.0
2025-10-03 09:34:00,59.65,59.65,59.65,59.65,0,26.623504,100800,1729.4,1720.0
2025-10-03 09:35:00,59.65,60.55,59.65,60.55,31150,27.356983,101500,1728.7,1720.0
2025-10-03 09:36:00,60.55,60.55,60.0,60.0,350,27.470287,101500,1727.4,1720.0
2025-10-03 09:37:00,60.0,60.0,60.0,60.0,31500,27.470761,102550,1727.4,1720.0
2025-10-03 09:38:00,60.0,60.0,60.0,60.0,0,27.438999,102550,1727.5,1720.0
2025-10-03 09:39:00,60.0,60.0,60.0,60.0,0,27.310279,102550,1727.9,1720.0
2025-10-03 09:40:00,60.0,60.0,60.0,60.0,0,27.181158,102550,1728.3,1720.0
2025-10-03 09:41:00,60.0,60.0,60.0,60.0,0,27.761703,102550,1726.5,1720.0
2025-10-03 09:42:00,49.75,49.75,48.65,48.65,350,26.068324,137900,1730.2,1740.0
2025-10-03 09:43:00,48.65,53.2,48.65,53.2,95550,27.172179,137900,1735.0,1740.0
2025-10-03 09:44:00,53.2,53.2,52.9,52.9,700,27.535943,137900,1733.2,1740.0
2025-10-03 09:45:00,52.9,52.9,52.0,52.0,96950,27.042131,137900,1733.2,1740.0
2025-10-03 09:46:00,52.0,52.5,52.0,52.5,2100,27.462865,137550,1732.7,1740.0
2025-10-03 09:47:00,52.5,52.95,52.5,52.85,99050,27.187844,137550,1734.3,1740.0
2025-10-03 09:48:00,52.85,52.85,52.0,52.8,5600,27.102053,137900,1734.5,1740.0
2025-10-03 09:49:00,52.8,52.8,52.25,52.25,100800,27.00587,137900,1733.8,1740.0
2025-10-03 09:50:00,52.25,52.25,51.3,52.25,7000,27.006329,137900,1733.8,1740.0
2025-10-03 09:51:00,52.25,52.25,52.0,52.0,101150,26.722784,138600,1734.3,1740.0
2025-10-03 09:52:00,52.0,53.8,52.0,53.8,8750,27.031613,138600,1736.6,1740.0
2025-10-03 09:53:00,53.8,54.1,53.8,53.8,103600,27.800487,138600,1734.0,1740.0
2025-10-03 09:54:00,53.8,53.8,52.9,53.3,10150,27.114042,138600,1735.4,1740.0
2025-10-03 09:55:00,53.3,53.3,51.8,51.8,104650,26.555929,140000,1734.5,1740.0
2025-10-03 09:56:00,51.8,53.1,51.8,53.1,11200,27.241124,140000,1734.6,1740.0
2025-10-03 09:57:00,53.1,53.6,53.1,53.6,105350,27.339372,140000,1735.2,1740.0
2025-10-03 09:58:00,53.6,53.6,52.1,52.1,12950,26.868984,139650,1734.0,1740.0
2025-10-03 09:59:00,52.1,52.1,51.55,51.55,106050,27.034291,139650,1732.4,1740.0
2025-10-03 10:00:00,51.55,51.55,51.55,51.55,13650,26.772639,139650,1733.3,1740.0
2025-10-03 10:01:00,51.55,52.25,51.55,52.25,107100,27.738158,140350,1731.3,1740.0
2025-10-03 10:02:00,52.25,52.25,52.25,52.25,0,27.623068,140350,1731.7,1740.0
2025-10-03 10:03:00,52.25,52.8,52.25,52.8,121100,27.108971,140350,1734.5,1740.0
2025-10-03 10:04:00,52.8,52.8,52.05,52.8,700,26.843912,141050,1735.4,1740.0
2025-10-03 10:05:00,52.8,53.4,52.8,53.15,122150,26.888546,141050,1735.9,1740.0
2025-10-03 10:06:00,53.15,54.0,53.15,54.0,1750,27.177798,140350,1736.5,1740.0
2025-10-03 10:07:00,54.0,55.45,54.0,55.45,126350,27.346123,140350,1738.6,1740.0
2025-10-03 10:08:00,55.45,55.45,55.2,55.2,2450,26.967094,140350,1739.4,1740.0
2025-10-03 10:09:00,55.2,55.2,53.85,53.85,127750,27.334398,140350,1735.7,1740.0
2025-10-03 10:10:00,53.85,53.85,53.4,53.4,2800,27.471276,142800,1734.4,1740.0
2025-10-03 10:11:00,53.4,53.4,52.55,52.55,128450,27.180805,142800,1733.8,1740.0
2025-10-03 10:12:00,52.55,52.55,52.55,52.55,0,27.444194,142800,1732.9,1740.0
2025-10-03 10:13:00,52.55,52.55,52.55,52.55,0,27.181729,142800,1733.8,1740.0
2025-10-03 10:14:00,52.55,52.55,52.5,52.5,133000,27.300973,142800,1733.3,1740.0
2025-10-03 10:15:00,52.5,52.5,52.0,52.0,350,27.404924,142800,1732.0,1740.0
2025-10-03 10:16:00,52.0,52.0,51.8,51.8,133350,27.208491,143150,1732.3,1740.0
2025-10-03 10:17:00,62.5,62.5,62.0,62.0,350,28.44791,97300,1727.9,1720.0
2025-10-03 10:18:00,49.15,49.55,49.15,49.55,135450,26.320268,143150,1731.1,1740.0
2025-10-03 10:19:00,60.0,60.0,60.0,60.0,0,26.840887,97300,1729.4,1720.0
2025-10-03 10:20:00,60.0,60.0,60.0,60.0,0,27.004767,97300,1728.9,1720.0
2025-10-03 10:21:00,60.0,60.0,59.0,59.0,51100,26.509525,96950,1728.7,1720.0
2025-10-03 10:22:00,59.0,59.3,59.0,59.3,700,27.389782,99750,1726.5,1720.0
2025-10-03 10:23:00,59.3,59.3,59.3,59.3,0,27.646031,99750,1725.7,1720.0
2025-10-03 10:24:00,59.3,59.3,59.3,59.3,0,26.906943,99750,1728.0,1720.0
2025-10-03 10:25:00,59.3,59.3,59.3,59.3,0,26.777439,99750,1728.4,1720.0
2025-10-03 10:26:00,48.2,50.6,48.2,50.6,151550,26.78542,143850,1731.5,1740.0
2025-10-03 10:27:00,60.9,60.9,60.9,60.9,0,27.218788,99750,1729.8,1720.0
2025-10-03 10:28:00,60.9,60.9,60.9,60.9,0,27.317487,99750,1729.5,1720.0
2025-10-03 10:29:00,51.1,51.1,51.1,51.1,0,27.349631,144200,1730.5,1740.0
2025-10-03 10:30:00,51.1,51.1,51.1,51.1,0,27.292612,144200,1730.7,1740.0
2025-10-03 10:31:00,51.1,51.1,51.1,51.1,0,27.120221,144200,1731.3,1740.0
2025-10-03 10:32:00,51.1,51.1,50.0,50.35,159950,26.996227,143850,1730.3,1740.0
2025-10-03 10:33:00,50.35,50.6,50.35,50.6,350,27.162767,143850,1730.2,1740.0
2025-10-03 10:34:00,50.6,50.6,50.6,50.6,0,26.557343,143850,1732.3,1740.0
2025-10-03 10:35:00,50.6,50.6,50.6,50.6,0,27.163687,143850,1730.2,1740.0
2025-10-03 10:36:00,50.6,50.6,50.6,50.6,0,26.674255,143850,1731.9,1740.0
2025-10-03 10:37:00,50.6,50.6,50.6,50.6,0,26.819318,143850,1731.4,1740.0
2025-10-03 10:38:00,50.6,51.1,50.6,51.1,160650,26.949954,143150,1731.9,1740.0
2025-10-03 10:39:00,51.1,51.5,51.1,51.5,350,27.054235,143150,1732.3,1740.0
2025-10-03 10:40:00,51.5,51.5,51.5,51.5,161350,26.996582,143500,1732.5,1740.0
2025-10-03 10:41:00,51.5,51.5,51.0,51.0,1400,27.357637,143500,1730.3,1740.0
2025-10-03 10:42:00,60.8,60.8,60.8,60.8,0,27.104092,99750,1730.0,1720.0
2025-10-03 10:43:00,60.8,60.8,60.8,60.8,58450,27.268473,100800,1729.5,1720.0
2025-10-03 10:44:00,60.8,60.8,59.35,59.35,350,26.781783,100800,1728.5,1720.0
2025-10-03 10:45:00,59.35,59.35,59.35,59.35,60900,26.782249,100800,1728.5,1720.0
2025-10-03 10:46:00,59.35,59.5,59.05,59.05,1050,27.06825,99400,1727.1,1720.0
2025-10-03 10:47:00,59.05,59.05,59.05,59.05,0,26.907207,99400,1727.6,1720.0
2025-10-03 10:48:00,59.05,59.05,59.05,59.05,64400,26.778007,99400,1728.0,1720.0
2025-10-03 10:49:00,59.05,59.05,59.05,59.05,0,26.680951,99400,1728.3,1720.0
2025-10-03 10:50:00,59.05,59.05,59.05,59.05,0,26.551018,99400,1728.7,1720.0
2025-10-03 10:51:00,59.05,59.05,59.05,59.05,64750,26.876698,97650,1727.7,1720.0
2025-10-03 10:52:00,59.05,59.4,59.05,59.4,350,27.008533,98000,1727.9,1720.0
2025-10-03 10:53:00,59.4,59.4,59.4,59.4,0,26.944114,98000,1728.1,1720.0
2025-10-03 10:54:00,59.4,59.4,59.4,59.4,0,26.944583,98000,1728.1,1720.0
2025-10-03 10:55:00,59.4,59.4,59.4,59.4,0,26.356339,98000,1729.9,1720.0
2025-10-03 10:56:00,59.4,59.4,59.4,59.4,0,26.652238,98000,1729.0,1720.0
2025-10-03 10:57:00,59.4,59.4,59.4,59.4,0,27.043286,98000,1727.8,1720.0
2025-10-03 10:58:00,59.4,59.4,59.4,59.4,0,27.140824,98000,1727.5,1720.0
2025-10-03 10:59:00,59.4,59.4,59.4,59.4,0,27.173602,98000,1727.4,1720.0
2025-10-03 11:00:00,59.4,59.4,59.4,59.4,0,26.62138,98000,1729.1,1720.0
2025-10-03 11:01:00,59.4,59.4,59.4,59.4,0,27.012756,98000,1727.9,1720.0
2025-10-03 11:02:00,59.4,59.5,59.4,59.5,65450,27.134061,98000,1727.7,1720.0
2025-10-03 11:03:00,59.5,59.6,59.0,59.6,700,26.833115,98000,1728.8,1720.0
2025-10-03 11:04:00,59.6,59.6,59.6,59.6,0,27.255708,98000,1727.5,1720.0
2025-10-03 11:05:00,59.6,59.6,59.0,59.0,66500,27.081399,97300,1727.0,1720.0
2025-10-03 11:06:00,59.0,59.0,59.0,59.0,350,26.855679,97300,1727.7,1720.0
2025-10-03 11:07:00,59.0,59.0,59.0,59.0,0,26.791292,97300,1727.9,1720.0
2025-10-03 11:08:00,59.0,59.0,59.0,59.0,0,26.7268,97300,1728.1,1720.0
2025-10-03 11:09:00,59.0,59.0,59.0,59.0,0,27.340299,97300,1726.2,1720.0
2025-10-03 11:10:00,59.0,59.0,59.0,59.0,0,27.723436,97300,1725.0,1720.0
2025-10-03 11:11:00,59.0,59.0,56.75,57.0,70000,26.28582,97300,1726.0,1720.0
2025-10-03 11:12:00,57.0,57.0,57.0,57.0,0,26.222,97300,1726.2,1720.0
2025-10-03 11:13:00,57.0,57.0,57.0,57.0,0,25.99667,97300,1726.9,1720.0
2025-10-03 11:14:00,57.0,57.0,57.0,57.0,0,25.932378,97300,1727.1,1720.0
2025-10-03 11:15:00,57.0,57.9,57.0,57.9,70350,26.566556,94150,1726.7,1720.0
2025-10-03 11:16:00,57.9,57.9,57.9,57.9,0,26.080652,94150,1728.2,1720.0
2025-10-03 11:17:00,57.9,57.9,57.9,57.9,0,26.308818,94150,1727.5,1720.0
2025-10-03 11:18:00,57.9,57.9,57.9,57.9,0,26.341701,94150,1727.4,1720.0
2025-10-03 11:19:00,57.9,58.6,57.9,58.6,70700,26.799311,93800,1727.2,1720.0
2025-10-03 11:20:00,58.6,58.6,58.6,58.6,0,26.73511,93800,1727.4,1720.0
2025-10-03 11:21:00,58.6,58.6,58.6,58.6,0,26.961472,93800,1726.7,1720.0
2025-10-03 11:22:00,58.6,58.6,58.6,58.6,71050,27.05838,93800,1726.4,1720.0
2025-10-03 11:23:00,58.6,58.6,58.6,58.6,0,26.865744,93800,1727.0,1720.0
2025-10-03 11:24:00,58.6,58.6,58.5,58.5,73850,26.094026,93800,1729.2,1720.0
2025-10-03 11:25:00,58.5,58.5,58.5,58.5,700,26.094484,92400,1729.2,1720.0
2025-10-03 11:26:00,58.5,58.5,58.5,58.5,0,26.193363,92400,1728.9,1720.0
2025-10-03 11:27:00,58.5,58.65,58.5,58.65,75600,26.376237,92400,1728.6,1720.0
2025-10-03 11:28:00,58.65,59.35,58.65,59.35,350,26.802326,91700,1728.5,1720.0
2025-10-03 11:29:00,59.35,59.85,59.35,59.85,75950,26.854907,91700,1729.2,1720.0
2025-10-03 11:30:00,59.85,59.85,59.85,59.85,0,26.724233,91700,1729.6,1720.0
2025-10-03 11:31:00,59.85,59.85,59.85,59.85,0,26.691846,91700,1729.7,1720.0
2025-10-03 11:32:00,59.85,59.85,59.85,59.85,0,26.954395,91700,1728.9,1720.0
2025-10-03 11:33:00,59.85,59.85,59.85,59.85,0,26.954865,91700,1728.9,1720.0
2025-10-03 11:34:00,59.85,59.85,59.85,59.85,0,26.824503,92050,1729.3,1720.0
2025-10-03 11:35:00,59.85,59.85,59.85,59.85,0,27.151271,92050,1728.3,1720.0
2025-10-03 11:36:00,59.85,59.85,59.85,59.85,0,26.792665,92050,1729.4,1720.0
2025-10-03 11:37:00,59.85,59.85,59.85,59.85,0,27.087161,92050,1728.5,1720.0
2025-10-03 11:38:00,48.5,50.0,48.5,50.0,186200,26.632588,141400,1731.0,1740.0
2025-10-03 11:39:00,50.0,51.7,50.0,51.15,3850,26.714666,141400,1732.9,1740.0
2025-10-03 11:40:00,51.15,52.1,51.15,51.55,187250,26.554443,142100,1734.2,1740.0
2025-10-03 11:41:00,51.55,52.35,51.55,52.35,4550,27.25884,142100,1733.3,1740.0
2025-10-03 11:42:00,52.35,52.55,52.35,52.55,187950,26.928751,142100,1734.8,1740.0
2025-10-03 11:43:00,52.55,52.55,52.55,52.55,0,26.514205,142100,1736.2,1740.0
2025-10-03 11:44:00,52.55,54.0,52.55,54.0,198800,26.713644,142450,1738.2,1740.0
2025-10-03 11:45:00,54.0,54.0,53.55,53.55,4200,26.586752,142450,1737.8,1740.0
2025-10-03 11:46:00,53.55,53.55,53.4,53.4,199150,26.323734,141750,1738.4,1740.0
2025-10-03 11:47:00,53.4,54.1,53.4,54.1,5600,26.406828,141750,1739.4,1740.0
2025-10-03 11:48:00,54.1,54.7,54.1,54.7,200900,26.616236,141750,1739.8,1740.0
2025-10-03 11:49:00,54.7,54.95,54.5,54.95,11550,26.079199,140700,1742.0,1740.0
2025-10-03 11:50:00,54.95,55.5,54.95,55.5,201600,26.475891,140700,1741.7,1740.0
2025-10-03 11:51:00,55.5,55.5,55.5,55.5,12600,26.166738,140700,1742.7,1740.0
2025-10-03 11:52:00,55.5,55.5,54.95,54.95,204050,27.450954,141400,1737.5,1740.0
2025-10-03 11:53:00,54.95,54.95,51.15,51.15,15050,26.837593,141400,1732.5,1740.0
2025-10-03 11:54:00,51.15,51.3,50.55,51.3,207200,26.891464,141400,1732.6,1740.0
2025-10-03 11:55:00,51.3,53.15,51.3,53.15,16100,27.146709,141050,1735.2,1740.0
2025-10-03 11:56:00,53.15,55.0,53.15,55.0,209650,26.785272,141050,1739.8,1740.0
2025-10-03 11:57:00,55.0,55.0,55.0,55.0,17850,26.877011,141050,1739.5,1740.0
2025-10-03 11:58:00,55.0,55.0,55.0,55.0,0,26.541853,141050,1740.6,1740.0
2025-10-03 11:59:00,55.0,55.0,55.0,55.0,0,26.603527,141050,1740.4,1740.0
2025-10-03 12:00:00,55.0,55.0,55.0,55.0,0,25.956798,141050,1742.5,1740.0
2025-10-03 12:01:00,55.0,55.0,55.0,55.0,0,26.174086,141750,1741.8,1740.0
2025-10-03 12:02:00,55.0,55.55,55.0,55.45,228900,26.26827,141750,1742.3,1740.0
2025-10-03 12:03:00,55.45,55.45,54.95,54.95,700,26.054595,141750,1742.1,1740.0
2025-10-03 12:04:00,54.95,55.6,54.95,55.6,231350,25.915969,141400,1743.7,1740.0
2025-10-03 12:05:00,55.6,55.6,55.6,55.6,0,25.538922,141400,1744.9,1740.0
2025-10-03 12:06:00,55.6,56.5,55.6,56.5,234500,26.163566,141400,1744.5,1740.0
2025-10-03 12:07:00,56.5,56.5,56.5,56.5,0,26.44613,141400,1743.6,1740.0
2025-10-03 12:08:00,56.5,56.5,55.25,55.25,237650,25.598717,142100,1744.1,1740.0
2025-10-03 12:09:00,55.25,55.25,55.25,55.25,0,25.41013,142100,1744.7,1740.0
2025-10-03 12:10:00,55.25,55.25,55.25,55.25,239400,25.410578,142100,1744.7,1740.0
2025-10-03 12:11:00,55.25,55.25,55.25,55.25,700,25.725594,142100,1743.7,1740.0
2025-10-03 12:12:00,55.25,55.25,54.5,54.5,240450,25.903026,142100,1741.8,1740.0
2025-10-03 12:13:00,54.5,54.7,54.5,54.7,1050,25.921064,142100,1742.1,1740.0
2025-10-03 12:14:00,54.7,54.7,54.7,54.7,0,25.641711,142100,1743.0,1740.0
2025-10-03 12:15:00,54.7,54.7,54.05,54.05,242550,25.189017,142100,1743.3,1740.0
2025-10-03 12:16:00,54.05,55.0,54.05,55.0,2450,25.337982,142450,1744.5,1740.0
2025-10-03 12:17:00,55.0,55.0,55.0,55.0,0,25.464425,142450,1744.1,1740.0
2025-10-03 12:18:00,55.0,55.8,55.0,55.8,247100,25.718646,142450,1744.7,1740.0
2025-10-03 12:19:00,55.8,55.8,55.15,55.15,350,25.26434,142450,1745.0,1740.0
2025-10-03 12:20:00,55.15,55.15,54.95,54.95,247450,25.217307,142450,1744.8,1740.0
2025-10-03 12:21:00,54.95,54.95,53.75,53.75,2100,25.430905,142450,1742.0,1740.0
2025-10-03 12:22:00,53.75,54.35,53.75,53.9,248850,25.358907,141400,1742.5,1740.0
2025-10-03 12:23:00,53.9,53.9,53.9,53.9,0,25.17218,141400,1743.1,1740.0
2025-10-03 12:24:00,53.9,54.0,53.9,54.0,252700,25.071297,141400,1743.6,1740.0
2025-10-03 12:25:00,54.0,54.0,53.6,53.6,350,25.100894,141750,1742.8,1740.0
2025-10-03 12:26:00,53.6,53.9,53.6,53.9,253050,25.142226,141750,1743.2,1740.0
2025-10-03 12:27:00,53.9,53.9,53.1,53.1,1750,24.700112,141750,1743.2,1740.0
2025-10-03 12:28:00,53.1,53.3,53.1,53.3,253750,24.842521,141750,1743.1,1740.0
2025-10-03 12:29:00,53.3,53.3,53.3,53.3,0,24.71753,141750,1743.5,1740.0
2025-10-03 12:30:00,53.3,53.3,53.0,53.0,256900,24.708743,141750,1743.0,1740.0
2025-10-03 12:31:00,53.0,53.0,53.0,53.0,0,25.113972,141750,1741.7,1740.0
2025-10-03 12:32:00,53.0,53.0,52.5,52.5,257600,24.900108,142450,1741.5,1740.0
2025-10-03 12:33:00,52.5,52.5,52.0,52.2,1050,24.610712,142450,1741.9,1740.0
2025-10-03 12:34:00,52.2,52.2,52.0,52.0,257950,24.902579,143150,1740.6,1740.0
2025-10-03 12:35:00,52.0,52.0,52.0,52.0,0,24.157584,143150,1743.0,1740.0
2025-10-03 12:36:00,52.0,53.4,52.0,53.25,260050,24.943413,143150,1742.7,1740.0
2025-10-03 12:37:00,53.25,53.25,53.25,53.25,0,25.006227,143150,1742.5,1740.0
2025-10-03 12:38:00,53.25,53.25,53.25,53.25,0,24.819243,143150,1743.1,1740.0
2025-10-03 12:39:00,53.25,53.25,52.9,52.9,260400,24.531904,143150,1743.4,1740.0
2025-10-03 12:40:00,52.9,52.9,52.9,52.9,0,24.500914,142800,1743.5,1740.0
2025-10-03 12:41:00,52.9,52.9,52.9,52.9,0,24.532774,142800,1743.4,1740.0
2025-10-03 12:42:00,52.9,53.2,52.9,53.2,262850,24.824637,142800,1743.0,1740.0
2025-10-03 12:43:00,53.2,53.2,53.2,53.2,0,24.825074,142800,1743.0,1740.0
2025-10-03 12:44:00,53.2,54.0,53.2,54.0,263200,25.142875,143850,1743.4,1740.0
2025-10-03 12:45:00,54.0,54.0,54.0,54.0,1050,24.860186,143850,1744.3,1740.0
2025-10-03 12:46:00,54.0,55.0,54.0,55.0,266000,24.906996,142800,1745.9,1740.0
2025-10-03 12:47:00,55.0,55.0,54.75,54.75,2450,25.559165,142800,1743.4,1740.0
2025-10-03 12:48:00,54.75,54.75,54.0,54.0,266350,24.734995,142800,1744.7,1740.0
2025-10-03 12:49:00,54.0,54.0,54.0,54.0,0,24.861946,142800,1744.3,1740.0
2025-10-03 12:50:00,54.0,54.0,54.0,54.0,0,25.051378,142800,1743.7,1740.0
2025-10-03 12:51:00,54.0,54.8,54.0,54.8,269500,25.431811,143150,1743.9,1740.0
2025-10-03 12:52:00,54.8,55.05,54.8,54.8,700,25.211677,143500,1744.6,1740.0
2025-10-03 12:53:00,54.8,54.8,54.0,54.0,269850,25.209506,143500,1743.2,1740.0
2025-10-03 12:54:00,54.0,54.0,54.0,54.0,1050,25.397298,143500,1742.6,1740.0
2025-10-03 12:55:00,54.0,54.0,54.0,54.0,0,25.179082,143500,1743.3,1740.0
2025-10-03 12:56:00,54.0,54.0,53.3,53.7,272300,24.919368,143850,1743.6,1740.0
2025-10-03 12:57:00,53.7,53.7,53.7,53.7,0,25.045278,143850,1743.2,1740.0
2025-10-03 12:58:00,53.7,53.7,53.7,53.7,0,24.79437,143850,1744.0,1740.0
2025-10-03 12:59:00,53.7,53.7,53.7,53.7,0,24.826317,143850,1743.9,1740.0
2025-10-03 13:00:00,53.7,53.7,53.7,53.7,0,24.795248,143850,1744.0,1740.0
2025-10-03 13:01:00,53.7,53.7,53.7,53.7,0,24.795686,143850,1744.0,1740.0
2025-10-03 13:02:00,53.7,54.6,53.7,54.6,272650,25.763749,143150,1742.5,1740.0
2025-10-03 13:03:00,54.6,54.6,54.6,54.6,0,25.452011,143150,1743.5,1740.0
2025-10-03 13:04:00,54.6,54.6,54.6,54.6,0,25.232462,143150,1744.2,1740.0
2025-10-03 13:05:00,54.6,54.6,54.6,54.6,0,25.138244,143150,1744.5,1740.0
2025-10-03 13:06:00,54.6,54.6,54.6,54.6,0,25.107082,143150,1744.6,1740.0
2025-10-03 13:07:00,54.6,54.6,54.6,54.6,0,25.202267,143150,1744.3,1740.0
2025-10-03 13:08:00,54.6,54.6,54.6,54.6,0,25.139576,143150,1744.5,1740.0
2025-10-03 13:09:00,54.6,54.6,54.6,54.6,0,25.108413,143150,1744.6,1740.0
2025-10-03 13:10:00,54.6,54.6,54.6,54.6,0,25.235131,143150,1744.2,1740.0
2025-10-03 13:11:00,54.6,54.6,54.6,54.6,273000,24.982611,143150,1745.0,1740.0
2025-10-03 13:12:00,54.6,54.6,54.6,54.6,0,25.14135,143150,1744.5,1740.0
2025-10-03 13:13:00,54.6,54.6,54.1,54.1,273350,25.864058,143150,1741.3,1740.0
2025-10-03 13:14:00,54.1,54.1,52.75,52.95,2450,25.136296,143150,1741.6,1740.0
2025-10-03 13:15:00,52.95,52.95,52.95,52.95,273700,24.857003,143150,1742.5,1740.0
2025-10-03 13:16:00,52.95,52.95,52.95,52.95,0,24.795007,143150,1742.7,1740.0
2025-10-03 13:17:00,52.95,53.4,52.95,53.4,276850,25.200221,141750,1742.2,1740.0
2025-10-03 13:18:00,53.4,53.4,53.4,53.4,0,24.919816,141750,1743.1,1740.0
2025-10-03 13:19:00,53.4,53.4,53.4,53.4,0,24.951561,141750,1743.0,1740.0
2025-10-03 13:20:00,53.4,53.4,53.4,53.4,0,24.920696,141750,1743.1,1740.0
2025-10-03 13:21:00,53.4,53.4,53.4,53.4,0,25.201993,141750,1742.2,1740.0
2025-10-03 13:22:00,53.4,53.4,53.4,53.4,0,25.295617,141750,1741.9,1740.0
2025-10-03 13:23:00,53.4,53.4,53.4,53.4,0,25.140638,141750,1742.4,1740.0
2025-10-03 13:24:00,53.4,53.4,53.4,53.4,0,24.953763,141750,1743.0,1740.0
2025-10-03 13:25:00,53.4,53.4,53.4,53.4,0,25.358951,141750,1741.7,1740.0
2025-10-03 13:26:00,53.4,53.4,53.4,53.4,0,25.266356,141750,1742.0,1740.0
2025-10-03 13:27:00,53.4,53.4,53.4,53.4,278250,24.955084,141750,1743.0,1740.0
2025-10-03 13:28:00,53.4,53.4,53.4,53.4,1050,25.173985,141750,1742.3,1740.0
2025-10-03 13:29:00,53.4,53.4,53.25,53.25,279650,25.246804,142100,1741.8,1740.0
2025-10-03 13:30:00,53.25,53.25,53.25,53.25,0,25.185179,142100,1742.0,1740.0
2025-10-03 13:31:00,53.25,53.25,52.3,52.3,282100,24.62904,142100,1742.1,1740.0
2025-10-03 13:32:00,52.3,52.3,52.3,52.3,0,24.473487,142100,1742.6,1740.0
2025-10-03 13:33:00,52.3,52.3,52.3,52.3,0,24.785276,142100,1741.6,1740.0
2025-10-03 13:34:00,52.3,52.45,52.3,52.45,283150,24.49483,142100,1742.8,1740.0
2025-10-03 13:35:00,52.45,52.45,52.45,52.45,0,24.495265,142100,1742.8,1740.0
2025-10-03 13:36:00,52.45,53.15,52.45,53.15,283500,24.883219,140350,1742.8,1740.0
2025-10-03 13:37:00,53.15,53.15,53.15,53.15,0,24.632743,140350,1743.6,1740.0
2025-10-03 13:38:00,53.15,53.15,53.15,53.15,0,24.946575,140350,1742.6,1740.0
2025-10-03 13:39:00,53.15,53.15,53.15,53.15,0,24.759281,140350,1743.2,1740.0
2025-10-03 13:40:00,53.15,53.15,53.15,53.15,0,24.665508,140350,1743.5,1740.0
2025-10-03 13:41:00,53.15,53.15,53.15,53.15,0,24.381905,140350,1744.4,1740.0
2025-10-03 13:42:00,53.15,53.15,53.15,53.15,0,24.477258,140350,1744.1,1740.0
2025-10-03 13:43:00,53.15,53.15,53.15,53.15,0,24.319361,140350,1744.6,1740.0
2025-10-03 13:44:00,53.15,53.15,53.15,53.15,0,24.414874,140350,1744.3,1740.0
2025-10-03 13:45:00,53.15,53.15,53.15,53.15,0,24.288479,140350,1744.7,1740.0
2025-10-03 13:46:00,53.15,53.15,53.15,53.15,0,24.384076,140350,1744.4,1740.0
2025-10-03 13:47:00,53.15,53.15,53.15,53.15,0,24.762787,140350,1743.2,1740.0
2025-10-03 13:48:00,53.15,53.15,52.85,52.85,283850,24.784918,140350,1742.6,1740.0
2025-10-03 13:49:00,52.85,52.85,52.85,52.85,0,24.878948,140350,1742.3,1740.0
2025-10-03 13:50:00,52.85,52.85,52.85,52.85,0,24.754547,140350,1742.7,1740.0
2025-10-03 13:51:00,52.85,52.85,52.85,52.85,284200,24.566966,140350,1743.3,1740.0
2025-10-03 13:52:00,52.85,52.85,52.85,52.85,0,24.535975,140350,1743.4,1740.0
2025-10-03 13:53:00,52.85,52.85,52.85,52.85,0,24.53641,140350,1743.4,1740.0
2025-10-03 13:54:00,52.85,52.85,52.85,52.85,0,24.473913,140350,1743.6,1740.0
2025-10-03 13:55:00,52.85,52.85,52.85,52.85,0,24.505829,140350,1743.5,1740.0
2025-10-03 13:56:00,52.85,52.85,52.85,52.85,0,24.443277,140350,1743.7,1740.0
2025-10-03 13:57:00,52.85,52.85,52.8,52.8,286300,24.573284,140000,1743.2,1740.0
2025-10-03 13:58:00,52.8,52.8,52.8,52.8,0,24.636455,140000,1743.0,1740.0
2025-10-03 13:59:00,52.8,52.8,52.8,52.8,0,24.605537,140000,1743.1,1740.0
2025-10-03 14:00:00,52.8,52.8,52.8,52.8,0,24.637328,140000,1743.0,1740.0
2025-10-03 14:01:00,52.8,52.8,52.8,52.8,286650,24.575028,139650,1743.2,1740.0
2025-10-03 14:02:00,52.8,52.8,52.8,52.8,0,24.7946,139650,1742.5,1740.0
2025-10-03 14:03:00,52.8,52.8,52.4,52.4,287350,24.542321,139650,1742.6,1740.0
2025-10-03 14:04:00,52.4,52.4,52.4,52.4,0,24.605237,139300,1742.4,1740.0
2025-10-03 14:05:00,52.4,52.8,52.4,52.55,288400,24.6575,139300,1742.5,1740.0
2025-10-03 14:06:00,52.55,52.55,52.55,52.55,1750,24.813786,139300,1742.0,1740.0
2025-10-03 14:07:00,52.55,52.55,52.55,52.55,0,24.595857,139300,1742.7,1740.0
2025-10-03 14:08:00,52.55,52.85,52.55,52.85,290500,24.668519,141050,1743.0,1740.0
2025-10-03 14:09:00,52.85,52.85,52.4,52.4,700,24.825324,141050,1741.7,1740.0
2025-10-03 14:10:00,52.4,52.5,52.3,52.3,292250,24.77043,141400,1741.7,1740.0
2025-10-03 14:11:00,52.3,52.3,52.25,52.25,1050,24.493993,141400,1742.5,1740.0
2025-10-03 14:12:00,52.25,52.25,52.25,52.25,0,24.275033,141400,1743.2,1740.0
2025-10-03 14:13:00,52.25,52.25,52.25,52.25,0,24.275464,141400,1743.2,1740.0
2025-10-03 14:14:00,52.25,52.25,52.25,52.25,0,24.557751,141400,1742.3,1740.0
2025-10-03 14:15:00,52.25,52.25,52.25,52.25,0,24.620541,141400,1742.1,1740.0
2025-10-03 14:16:00,52.25,52.25,52.25,52.25,0,24.714322,141400,1741.8,1740.0
2025-10-03 14:17:00,52.25,52.25,52.25,52.25,0,24.559057,141400,1742.3,1740.0
2025-10-03 14:18:00,52.25,52.95,52.25,52.95,294000,24.602729,141050,1743.4,1740.0
2025-10-03 14:19:00,52.95,53.2,52.95,53.2,700,24.804524,141050,1743.2,1740.0
2025-10-03 14:20:00,53.2,53.2,53.2,53.2,0,24.584704,141050,1743.9,1740.0
2025-10-03 14:21:00,53.2,53.2,53.2,53.2,0,24.553571,141050,1744.0,1740.0
2025-10-03 14:22:00,53.2,53.2,53.2,53.2,0,24.648639,141400,1743.7,1740.0
2025-10-03 14:23:00,53.2,53.2,53.2,53.2,0,24.743476,141400,1743.4,1740.0
2025-10-03 14:24:00,53.2,53.25,53.2,53.25,295400,24.677235,141400,1743.7,1740.0
2025-10-03 14:25:00,53.25,53.25,53.25,53.25,0,24.583048,141400,1744.0,1740.0
2025-10-03 14:26:00,53.25,53.25,53.0,53.0,295750,24.44482,141050,1744.0,1740.0
2025-10-03 14:27:00,53.0,53.0,53.0,53.0,0,24.476841,141050,1743.9,1740.0
2025-10-03 14:28:00,53.0,53.2,53.0,53.2,297150,24.430073,141050,1744.4,1740.0
2025-10-03 14:29:00,53.2,53.2,53.2,53.2,0,24.493838,141050,1744.2,1740.0
2025-10-03 14:30:00,53.2,53.2,53.0,53.0,298200,25.104486,141050,1741.9,1740.0
2025-10-03 14:31:00,53.0,53.0,52.35,52.35,350,25.085791,141050,1740.8,1740.0
2025-10-03 14:32:00,52.35,52.35,52.25,52.25,298550,25.460419,141050,1739.4,1740.0
2025-10-03 14:33:00,52.25,52.25,51.2,51.2,1400,24.788924,141050,1739.7,1740.0
2025-10-03 14:34:00,51.2,51.2,51.2,51.2,0,24.758721,141050,1739.8,1740.0
2025-10-03 14:35:00,51.2,51.45,51.2,51.2,303100,24.759157,140700,1739.8,1740.0
2025-10-03 14:36:00,51.2,51.2,51.2,51.2,0,24.575254,140700,1740.4,1740.0
2025-10-03 14:37:00,51.2,51.2,51.2,51.2,0,24.390478,140700,1741.0,1740.0
2025-10-03 14:38:00,51.2,51.2,51.2,51.2,0,24.328977,140700,1741.2,1740.0
2025-10-03 14:39:00,51.2,51.2,51.2,51.2,0,24.080663,140700,1742.0,1740.0
2025-10-03 14:40:00,51.2,51.2,51.2,51.2,0,24.515351,140700,1740.6,1740.0
2025-10-03 14:41:00,51.2,51.2,51.2,51.2,0,24.143861,140700,1741.8,1740.0
2025-10-03 14:42:00,51.2,51.9,51.2,51.9,303450,24.687128,140700,1741.3,1740.0
2025-10-03 14:43:00,51.9,51.9,51.9,51.9,0,24.687565,140700,1741.3,1740.0
2025-10-03 14:44:00,51.9,51.9,51.9,51.9,0,24.625988,140700,1741.5,1740.0
2025-10-03 14:45:00,51.9,51.9,51.9,51.9,0,24.750355,140700,1741.1,1740.0
2025-10-03 14:46:00,51.9,51.9,51.9,51.9,0,24.719846,140700,1741.2,1740.0
2025-10-03 14:47:00,51.9,52.9,51.9,52.9,304850,25.025559,140700,1742.0,1740.0
2025-10-03 14:48:00,52.9,52.9,52.9,52.9,0,25.026,140700,1742.0,1740.0
2025-10-03 14:49:00,52.9,52.9,52.85,52.9,305550,24.808111,140700,1742.7,1740.0
2025-10-03 14:50:00,52.9,52.9,52.9,52.9,0,24.77726,140700,1742.8,1740.0
2025-10-03 14:51:00,52.9,52.9,52.9,52.9,0,24.746383,140700,1742.9,1740.0
2025-10-03 14:52:00,52.9,52.9,52.9,52.9,0,24.934342,140700,1742.3,1740.0
2025-10-03 14:53:00,52.9,52.9,52.9,52.9,0,25.090368,140700,1741.8,1740.0
2025-10-03 14:54:00,52.9,52.9,52.9,52.9,0,25.059742,140700,1741.9,1740.0
2025-10-03 14:55:00,52.9,52.9,52.9,52.9,0,24.997973,140700,1742.1,1740.0
2025-10-03 14:56:00,52.9,52.9,50.45,50.45,308350,25.503315,141750,1736.0,1740.0
2025-10-03 14:57:00,50.45,50.45,50.0,50.0,1400,24.985905,141750,1736.9,1740.0
2025-10-03 14:58:00,50.0,50.0,50.0,50.0,0,24.715062,141750,1737.8,1740.0
2025-10-03 14:59:00,50.0,50.4,50.0,50.4,311150,24.936424,141050,1737.8,1740.0
2025-10-03 15:00:00,50.4,50.4,49.5,49.5,700,24.950922,141050,1736.1,1740.0
2025-10-03 15:01:00,49.5,49.5,49.5,49.5,0,24.861611,141050,1736.4,1740.0
2025-10-03 15:02:00,49.5,49.5,49.5,49.5,0,24.531287,141050,1737.5,1740.0
2025-10-03 15:03:00,49.5,49.5,49.5,49.5,0,24.319817,141050,1738.2,1740.0
2025-10-03 15:04:00,49.5,50.6,49.5,50.6,312200,25.04908,141400,1737.8,1740.0
2025-10-03 15:05:00,50.6,50.7,50.6,50.7,350,24.587687,141050,1739.5,1740.0
2025-10-03 15:06:00,50.7,51.15,50.7,51.15,312550,25.050521,141050,1738.8,1740.0
2025-10-03 15:07:00,51.15,51.15,51.0,51.0,700,24.693184,141050,1739.7,1740.0
2025-10-03 15:08:00,51.0,51.15,51.0,51.15,314650,24.929484,140700,1739.2,1740.0
2025-10-03 15:09:00,51.15,51.15,51.15,51.15,0,25.021395,140700,1738.9,1740.0
2025-10-03 15:10:00,51.15,51.15,51.15,51.15,0,25.173838,140700,1738.4,1740.0
2025-10-03 15:11:00,51.15,51.15,51.15,51.15,0,25.174279,140700,1738.4,1740.0
2025-10-03 15:12:00,51.15,51.15,50.0,50.0,316400,24.447998,142100,1738.7,1740.0
2025-10-03 15:13:00,50.0,50.0,50.0,50.0,0,24.44843,142100,1738.7,1740.0
2025-10-03 15:14:00,50.0,50.0,50.0,50.0,0,24.265712,142100,1739.3,1740.0
2025-10-03 15:15:00,50.0,50.0,50.0,50.0,0,24.66191,142100,1738.0,1740.0
2025-10-03 15:16:00,50.0,50.65,50.0,50.65,318850,25.021469,141750,1738.0,1740.0
2025-10-03 15:17:00,50.65,50.65,50.65,50.65,0,25.021908,141750,1738.0,1740.0
2025-10-03 15:18:00,50.65,50.65,50.35,50.35,319200,24.491553,141050,1739.2,1740.0
2025-10-03 15:19:00,50.35,50.35,50.35,50.35,0,24.644492,141050,1738.7,1740.0
2025-10-03 15:20:00,50.35,50.5,50.35,50.5,322700,24.879745,140700,1738.2,1740.0
2025-10-03 15:21:00,50.5,50.5,50.5,50.5,0,24.849847,140700,1738.3,1740.0
2025-10-03 15:22:00,50.5,50.5,50.5,50.5,0,24.910934,140700,1738.1,1740.0
2025-10-03 15:23:00,50.5,50.5,50.5,50.5,0,24.881057,140700,1738.2,1740.0
2025-10-03 15:24:00,50.5,50.5,49.7,49.7,323750,24.560606,140700,1737.8,1740.0
2025-10-03 15:25:00,49.7,49.9,49.7,49.9,1400,24.852673,140700,1737.2,1740.0
2025-10-03 15:26:00,49.9,50.2,49.9,50.2,324100,24.958547,141050,1737.4,1740.0
2025-10-03 15:27:00,50.2,50.2,50.2,50.2,0,24.656295,141050,1738.4,1740.0
2025-10-03 15:28:00,50.2,50.2,49.8,49.8,325850,24.526715,141050,1738.1,1740.0
2025-10-03 15:29:00,50.4,50.4,50.4,50.4,0,26.692051,0,1738.2,1740.0
2025-10-06 09:15:00,54.7,59.0,47.5,47.5,2100,26.129593,142800,1734.6,1740.0
2025-10-06 09:16:00,47.5,47.5,46.8,46.8,1750,26.582596,142800,1731.8,1740.0
2025-10-06 09:17:00,54.25,54.75,53.65,54.75,3150,26.431077,91700,1727.8,1720.0
2025-10-06 09:18:00,46.05,46.05,46.05,46.05,0,26.328068,142800,1731.2,1740.0
2025-10-06 09:19:00,54.75,54.75,54.0,54.0,5250,26.804203,89600,1725.4,1720.0
2025-10-06 09:20:00,54.0,54.0,50.85,50.85,1750,25.740033,89600,1723.0,1720.0
2025-10-06 09:21:00,50.85,51.95,50.85,51.95,6650,25.958258,90650,1724.3,1720.0
2025-10-06 09:22:00,51.95,51.95,51.0,51.0,3850,24.370168,90650,1727.3,1720.0
2025-10-06 09:23:00,51.0,51.0,51.0,51.0,0,24.336018,90650,1727.4,1720.0
2025-10-06 09:24:00,51.0,51.0,51.0,51.0,0,25.69751,90650,1723.4,1720.0
2025-10-06 09:25:00,51.0,51.5,51.0,51.5,11550,25.456698,92400,1725.0,1720.0
2025-10-06 09:26:00,51.5,51.5,50.4,50.4,2100,26.334398,92400,1720.4,1720.0
2025-10-06 09:27:00,50.4,50.4,49.45,49.7,12600,25.690818,92400,1721.1,1720.0
2025-10-06 09:28:00,49.7,49.7,49.7,49.7,0,25.888183,92400,1720.5,1720.0
2025-10-06 09:29:00,49.7,49.7,49.7,49.7,0,25.724692,93800,1721.0,1720.0
2025-10-06 09:30:00,49.7,49.7,49.0,49.0,16450,26.574159,93800,1717.1,1720.0
2025-10-06 09:31:00,49.0,49.0,48.75,48.75,350,25.750896,95550,1719.2,1720.0
2025-10-06 09:32:00,48.75,49.0,48.75,49.0,16800,25.899357,95550,1719.2,1720.0
2025-10-06 09:33:00,49.0,49.0,49.0,49.0,0,25.932282,95550,1719.1,1720.0
2025-10-06 09:34:00,49.0,49.75,49.0,49.75,17500,26.018894,95550,1720.2,1720.0
2025-10-06 09:35:00,49.75,50.4,49.75,50.4,350,25.812793,95550,1722.0,1720.0
2025-10-06 09:36:00,50.4,51.3,50.4,51.3,17850,25.680571,95550,1724.0,1720.0
2025-10-06 09:37:00,51.3,52.7,51.3,52.7,700,26.746263,95200,1723.3,1720.0
2025-10-06 09:38:00,52.7,52.7,52.45,52.7,18550,26.345101,95200,1724.5,1720.0
2025-10-06 09:39:00,52.7,52.8,52.7,52.8,1050,26.067329,95200,1725.5,1720.0
2025-10-06 09:40:00,52.8,52.8,52.8,52.8,0,26.033913,95200,1725.6,1720.0
2025-10-06 09:41:00,52.8,52.8,52.8,52.8,0,25.659325,94850,1726.7,1720.0
2025-10-06 09:42:00,52.8,52.8,52.8,52.8,0,25.966992,94850,1725.8,1720.0
2025-10-06 09:43:00,52.8,52.8,52.8,52.8,0,26.306045,95900,1724.8,1720.0
2025-10-06 09:44:00,52.8,53.85,52.8,53.85,22050,26.896717,95900,1724.9,1720.0
2025-10-06 09:45:00,53.85,53.85,53.0,53.0,1050,27.29314,95900,1722.2,1720.0
2025-10-06 09:46:00,53.0,53.0,50.75,50.75,22400,27.296982,98350,1718.1,1720.0
2025-10-06 09:47:00,50.75,50.75,49.7,49.7,2100,26.353635,98350,1719.1,1720.0
2025-10-06 09:48:00,49.7,49.85,49.7,49.85,23450,26.150439,98350,1720.0,1720.0
2025-10-06 09:49:00,49.85,49.85,49.85,49.85,0,26.572798,98350,1718.7,1720.0
2025-10-06 09:50:00,49.85,49.85,49.85,49.85,0,26.41154,98350,1719.2,1720.0
2025-10-06 09:51:00,49.85,49.85,49.85,49.85,0,26.151954,98350,1720.0,1720.0
2025-10-06 09:52:00,49.85,49.85,49.85,49.85,0,25.825083,98350,1721.0,1720.0
2025-10-06 09:53:00,49.85,49.85,49.85,49.85,0,25.627914,98350,1721.6,1720.0
2025-10-06 09:54:00,49.85,51.5,49.85,51.5,25900,26.142869,98350,1723.0,1720.0
2025-10-06 09:55:00,51.5,51.5,50.05,50.05,2100,26.141807,98350,1720.4,1720.0
2025-10-06 09:56:00,50.05,50.55,50.05,50.55,26250,26.438501,98350,1720.4,1720.0
2025-10-06 09:57:00,50.55,51.6,50.55,51.6,2450,26.170421,98350,1723.1,1720.0
2025-10-06 09:58:00,51.6,51.6,51.6,51.6,0,25.903405,98350,1723.9,1720.0
2025-10-06 09:59:00,51.6,51.6,51.6,51.6,0,25.870345,98350,1724.0,1720.0
2025-10-06 10:00:00,51.6,51.6,51.6,51.6,0,26.205265,98350,1723.0,1720.0
2025-10-06 10:01:00,51.6,51.6,51.6,51.6,0,26.305572,98350,1722.7,1720.0
2025-10-06 10:02:00,51.6,51.6,51.6,51.6,0,26.637047,98350,1721.7,1720.0
2025-10-06 10:03:00,51.6,51.6,50.75,51.45,30800,26.746031,98350,1721.1,1720.0
2025-10-06 10:04:00,51.45,51.45,51.45,51.45,0,26.647959,98350,1721.4,1720.0
2025-10-06 10:05:00,51.45,51.85,51.45,51.85,31150,26.389467,98700,1722.9,1720.0
2025-10-06 10:06:00,51.85,51.85,51.85,51.85,0,26.522838,98700,1722.5,1720.0
2025-10-06 10:07:00,51.85,52.85,51.85,52.85,33250,25.219417,98350,1728.1,1720.0
2025-10-06 10:08:00,52.85,52.85,52.85,52.85,0,25.185193,98350,1728.2,1720.0
2025-10-06 10:09:00,52.85,52.85,52.85,52.85,0,24.941725,97650,1728.9,1720.0
2025-10-06 10:10:00,52.85,52.85,52.85,52.85,0,25.081827,97650,1728.5,1720.0
2025-10-06 10:11:00,44.15,44.6,43.6,44.6,39550,25.779546,144550,1730.3,1740.0
2025-10-06 10:12:00,44.6,44.6,44.6,44.6,0,25.141771,144550,1732.4,1740.0
2025-10-06 10:13:00,44.6,44.6,44.6,44.6,0,25.568776,144550,1731.0,1740.0
2025-10-06 10:14:00,54.85,54.9,54.6,54.6,36750,27.121903,98000,1725.6,1720.0
2025-10-06 10:15:00,54.6,54.6,54.6,54.6,0,27.660218,98000,1724.0,1720.0
2025-10-06 10:16:00,54.6,54.6,54.6,54.6,0,27.224304,98000,1725.3,1720.0
2025-10-06 10:17:00,54.6,54.6,54.6,54.6,0,27.25856,98000,1725.2,1720.0
2025-10-06 10:18:00,54.6,54.6,54.6,54.6,0,27.090162,98000,1725.7,1720.0
2025-10-06 10:19:00,54.6,54.6,54.6,54.6,0,26.027583,98000,1728.8,1720.0
2025-10-06 10:20:00,54.6,54.6,54.6,54.6,0,25.818997,98000,1729.4,1720.0
2025-10-06 10:21:00,54.6,55.7,54.6,55.7,37100,26.685438,98000,1728.8,1720.0
2025-10-06 10:22:00,55.7,55.7,55.7,55.7,0,26.372878,98000,1729.7,1720.0
2025-10-06 10:23:00,55.7,55.7,55.7,55.7,0,26.617118,98000,1729.0,1720.0
2025-10-06 10:24:00,55.7,55.7,55.7,55.7,0,26.617638,98000,1729.0,1720.0
2025-10-06 10:25:00,55.7,55.7,55.7,55.7,0,26.894895,98000,1728.2,1720.0
2025-10-06 10:26:00,55.7,55.7,55.7,55.7,0,26.722678,98000,1728.7,1720.0
2025-10-06 10:27:00,55.7,55.7,55.7,55.7,0,26.549711,98000,1729.2,1720.0
2025-10-06 10:28:00,55.7,55.7,55.2,55.2,37450,26.006975,98350,1729.9,1720.0
2025-10-06 10:29:00,55.2,55.2,55.2,55.2,0,26.007487,98350,1729.9,1720.0
2025-10-06 10:30:00,55.2,55.2,55.2,55.2,0,26.007998,98350,1729.9,1720.0
2025-10-06 10:31:00,55.2,55.2,55.2,55.2,0,26.322634,98350,1729.0,1720.0
2025-10-06 10:32:00,55.2,55.2,55.2,55.2,0,25.97396,98350,1730.0,1720.0
2025-10-06 10:33:00,55.2,55.2,55.2,55.2,0,26.39313,98350,1728.8,1720.0
2025-10-06 10:34:00,55.2,55.2,55.2,55.2,0,26.635825,98350,1728.1,1720.0
2025-10-06 10:35:00,55.2,55.2,55.2,55.2,0,26.601838,98350,1728.2,1720.0
2025-10-06 10:36:00,55.2,55.2,55.2,55.2,0,26.567818,98350,1728.3,1720.0
2025-10-06 10:37:00,55.2,55.2,55.2,55.2,0,26.360477,98350,1728.9,1720.0
2025-10-06 10:38:00,55.2,55.2,55.2,55.2,0,26.430401,98350,1728.7,1720.0
2025-10-06 10:39:00,55.2,55.2,55.2,55.2,0,26.152541,98350,1729.5,1720.0
2025-10-06 10:40:00,55.2,55.2,55.2,55.2,0,26.569893,98350,1728.3,1720.0
2025-10-06 10:41:00,55.2,55.2,55.2,55.2,0,26.639463,98350,1728.1,1720.0
2025-10-06 10:42:00,55.2,55.2,55.2,55.2,0,26.915016,98350,1727.3,1720.0
2025-10-06 10:43:00,55.2,55.2,55.2,55.2,0,26.949788,98350,1727.2,1720.0
2025-10-06 10:44:00,55.2,55.2,55.2,55.2,0,26.950312,98350,1727.2,1720.0
2025-10-06 10:45:00,43.8,43.8,43.8,43.8,0,24.934277,144550,1731.6,1740.0
2025-10-06 10:46:00,43.8,43.8,43.8,43.8,0,24.197596,144550,1734.0,1740.0
2025-10-06 10:47:00,43.8,49.05,43.8,49.05,54600,26.235365,143500,1737.3,1740.0
2025-10-06 10:48:00,49.05,49.05,48.8,48.8,700,26.436554,143500,1736.2,1740.0
2025-10-06 10:49:00,48.8,48.8,47.75,48.5,56700,25.977806,144550,1737.1,1740.0
2025-10-06 10:50:00,48.5,48.75,48.5,48.75,2100,26.156221,144550,1737.0,1740.0
2025-10-06 10:51:00,48.75,48.75,48.75,48.75,0,25.934942,144550,1737.7,1740.0
2025-10-06 10:52:00,48.75,49.15,48.75,49.15,60200,25.658483,144550,1739.3,1740.0
2025-10-06 10:53:00,49.15,49.65,49.15,49.65,700,25.951885,144550,1739.3,1740.0
2025-10-06 10:54:00,49.65,49.65,49.65,49.65,60900,26.176636,144550,1738.6,1740.0
2025-10-06 10:55:00,49.65,49.65,49.65,49.65,1050,26.145177,144900,1738.7,1740.0
2025-10-06 10:56:00,49.65,49.65,49.6,49.6,61250,26.212229,144900,1738.4,1740.0
2025-10-06 10:57:00,49.6,49.8,49.6,49.75,2800,26.268651,144900,1738.5,1740.0
2025-10-06 10:58:00,49.75,49.95,49.75,49.8,62300,26.298435,144550,1738.5,1740.0
2025-10-06 10:59:00,49.8,49.8,49.8,49.8,0,26.07488,144550,1739.2,1740.0
2025-10-06 11:00:00,49.8,50.05,49.8,50.05,66850,26.445843,144550,1738.5,1740.0
2025-10-06 11:01:00,50.05,50.05,50.05,50.05,0,26.669227,144550,1737.8,1740.0
2025-10-06 11:02:00,50.05,50.05,50.05,50.05,0,26.318994,144550,1738.9,1740.0
2025-10-06 11:03:00,50.05,50.05,50.05,50.05,0,26.543029,144550,1738.2,1740.0
2025-10-06 11:04:00,50.05,50.05,50.05,50.05,0,26.127492,144550,1739.5,1740.0
2025-10-06 11:05:00,50.05,50.25,50.05,50.25,67200,26.24518,144200,1739.5,1740.0
2025-10-06 11:06:00,50.25,50.25,50.25,50.25,0,26.693503,144200,1738.1,1740.0
2025-10-06 11:07:00,50.25,50.25,49.5,49.5,68250,26.191137,144200,1738.3,1740.0
2025-10-06 11:08:00,49.5,49.5,49.5,49.5,0,26.159739,144200,1738.4,1740.0
2025-10-06 11:09:00,49.5,49.5,49.5,49.5,0,26.192149,144200,1738.3,1740.0
2025-10-06 11:10:00,49.5,49.5,49.5,49.5,0,26.38359,144200,1737.7,1740.0
2025-10-06 11:11:00,49.5,49.5,49.5,49.5,0,26.320545,144200,1737.9,1740.0
2025-10-06 11:12:00,49.5,49.55,49.5,49.55,68600,25.774125,144200,1739.7,1740.0
2025-10-06 11:13:00,49.55,50.15,49.55,50.15,350,26.061814,144200,1739.9,1740.0
2025-10-06 11:14:00,50.15,50.7,50.15,50.7,68950,26.028606,144200,1741.0,1740.0
2025-10-06 11:15:00,50.7,50.7,50.0,50.55,2450,25.778241,144200,1741.5,1740.0
2025-10-06 11:16:00,50.55,50.55,50.55,50.55,0,26.426559,144200,1739.5,1740.0
2025-10-06 11:17:00,50.55,50.55,50.55,50.55,0,26.330523,144200,1739.8,1740.0
2025-10-06 11:18:00,50.55,50.55,50.55,50.55,0,26.201963,144200,1740.2,1740.0
2025-10-06 11:19:00,50.55,51.0,50.55,51.0,72450,25.979012,144900,1741.7,1740.0
2025-10-06 11:20:00,51.0,51.0,50.65,50.65,350,26.067283,144900,1740.8,1740.0
2025-10-06 11:21:00,50.65,50.65,50.65,50.65,0,26.776062,144900,1738.6,1740.0
2025-10-06 11:22:00,50.65,50.65,50.65,50.65,0,26.648654,144900,1739.0,1740.0
2025-10-06 11:23:00,50.65,50.65,49.75,49.75,73500,26.025579,144900,1739.3,1740.0
2025-10-06 11:24:00,49.75,49.85,49.75,49.85,350,26.180955,144900,1739.0,1740.0
2025-10-06 11:25:00,49.85,49.85,48.65,48.65,73850,25.956945,144900,1737.5,1740.0
2025-10-06 11:26:00,48.65,49.15,48.65,49.1,1050,25.998335,144900,1738.2,1740.0
2025-10-06 11:27:00,49.1,49.1,49.1,49.1,0,26.062565,144900,1738.0,1740.0
2025-10-06 11:28:00,49.1,49.1,49.1,49.1,0,26.031216,144900,1738.1,1740.0
2025-10-06 11:29:00,49.1,49.1,49.1,49.1,0,25.743975,144900,1739.0,1740.0
2025-10-06 11:30:00,49.1,49.1,49.1,49.1,75250,26.159495,143850,1737.7,1740.0
2025-10-06 11:31:00,49.1,49.1,49.1,49.1,0,26.350218,143850,1737.1,1740.0
2025-10-06 11:32:00,49.1,49.1,49.1,49.1,0,25.969452,143850,1738.3,1740.0
2025-10-06 11:33:00,49.1,49.1,49.1,49.1,0,26.22451,143850,1737.5,1740.0
2025-10-06 11:34:00,49.1,49.1,49.1,49.1,0,25.938532,143850,1738.4,1740.0
2025-10-06 11:35:00,49.1,49.1,49.1,49.1,0,25.97096,143850,1738.3,1740.0
2025-10-06 11:36:00,49.1,49.1,48.9,48.9,76300,25.790395,143850,1738.5,1740.0
2025-10-06 11:37:00,48.9,49.85,48.9,49.85,1400,25.247404,143500,1741.9,1740.0
2025-10-06 11:38:00,49.85,50.5,49.85,50.5,76650,25.662363,143500,1741.8,1740.0
2025-10-06 11:39:00,50.5,50.5,50.5,50.5,0,25.433087,143500,1742.5,1740.0
2025-10-06 11:40:00,50.5,51.4,50.5,51.4,78750,25.366314,142800,1744.3,1740.0
2025-10-06 11:41:00,51.4,51.85,51.0,51.1,2100,25.456389,142800,1743.5,1740.0
2025-10-06 11:42:00,51.1,51.1,51.1,51.1,0,25.12392,142800,1744.5,1740.0
2025-10-06 11:43:00,51.1,52.35,51.1,52.0,94500,25.654198,142800,1744.5,1740.0
2025-10-06 11:44:00,52.0,52.85,51.5,52.85,27650,26.321132,142800,1744.0,1740.0
2025-10-06 11:45:00,52.85,52.85,52.2,52.7,103600,25.967027,142800,1744.8,1740.0
2025-10-06 11:46:00,52.7,52.8,52.55,52.75,33600,25.930093,148050,1745.0,1740.0
2025-10-06 11:47:00,52.75,52.75,52.25,52.25,108500,25.836691,148050,1744.4,1740.0
2025-10-06 11:48:00,52.25,52.3,52.25,52.25,34650,25.770477,148050,1744.6,1740.0
2025-10-06 11:49:00,52.25,52.5,52.15,52.15,113050,25.712121,149450,1744.6,1740.0
2025-10-06 11:50:00,52.15,52.65,52.15,52.15,36400,26.44076,149450,1742.4,1740.0
2025-10-06 11:51:00,52.15,52.95,52.05,52.95,117600,26.681085,149450,1743.1,1740.0
2025-10-06 11:52:00,52.95,52.95,52.0,52.0,42350,27.487254,150500,1738.9,1740.0
2025-10-06 11:53:00,52.0,52.0,50.65,50.65,123200,26.792554,150500,1738.6,1740.0
2025-10-06 11:54:00,50.65,50.65,49.85,49.85,46550,27.147791,150500,1736.0,1740.0
2025-10-06 11:55:00,49.85,49.85,48.2,48.55,140000,26.1035,160650,1736.9,1740.0
2025-10-06 11:56:00,48.55,48.55,47.75,48.0,54600,25.908138,160650,1736.5,1740.0
2025-10-06 11:57:00,48.0,48.05,45.65,45.95,143850,26.074969,160650,1732.1,1740.0
2025-10-06 11:58:00,45.95,46.45,45.6,46.45,60550,26.368185,144900,1732.1,1740.0
2025-10-06 11:59:00,46.45,46.55,46.45,46.55,144550,26.027717,144900,1733.4,1740.0
2025-10-06 12:00:00,46.55,46.95,46.55,46.95,61250,25.921581,144900,1734.5,1740.0
2025-10-06 12:01:00,46.95,47.75,46.95,47.75,146300,26.23473,144550,1735.0,1740.0
2025-10-06 12:02:00,47.75,47.8,47.75,47.75,62300,26.235235,144550,1735.0,1740.0
2025-10-06 12:03:00,47.75,47.75,47.7,47.7,146650,26.237655,144550,1734.9,1740.0
2025-10-06 12:04:00,47.7,47.7,47.05,47.05,63700,25.857551,144200,1734.9,1740.0
2025-10-06 12:05:00,47.05,47.05,46.75,46.75,147000,25.838066,144200,1734.4,1740.0
2025-10-06 12:06:00,46.75,46.75,46.15,46.15,65800,25.951115,144200,1732.9,1740.0
2025-10-06 12:07:00,46.15,46.2,46.15,46.2,148750,25.857659,144900,1733.3,1740.0
2025-10-06 12:08:00,46.2,46.9,46.2,46.9,68250,25.958466,144900,1734.3,1740.0
2025-10-06 12:09:00,46.9,46.9,46.9,46.9,0,26.268514,144900,1733.3,1740.0
2025-10-06 12:10:00,46.9,46.95,46.0,46.0,230650,25.494549,149100,1734.1,1740.0
2025-10-06 12:11:00,46.0,46.0,46.0,46.0,350,25.742545,149100,1733.3,1740.0
2025-10-06 12:12:00,46.0,46.0,46.0,46.0,0,25.650389,149100,1733.6,1740.0
2025-10-06 12:13:00,46.0,47.0,46.0,47.0,231350,25.801557,153300,1735.0,1740.0
2025-10-06 12:14:00,47.0,47.0,46.7,46.7,2800,25.344469,153300,1735.9,1740.0
2025-10-06 12:15:00,46.7,48.4,46.7,48.4,231700,25.835552,153300,1737.5,1740.0
2025-10-06 12:16:00,48.4,48.4,48.4,48.4,0,25.899527,153300,1737.3,1740.0
2025-10-06 12:17:00,48.4,48.9,48.4,48.9,238000,26.193039,154700,1737.3,1740.0
2025-10-06 12:18:00,48.9,48.9,48.0,48.25,1050,25.717362,154700,1737.6,1740.0
2025-10-06 12:19:00,48.25,48.25,48.25,48.25,0,25.622385,154700,1737.9,1740.0
2025-10-06 12:20:00,48.25,48.25,48.25,48.25,0,25.335147,154700,1738.8,1740.0
2025-10-06 12:21:00,48.25,48.25,48.25,48.25,0,25.431775,154700,1738.5,1740.0
2025-10-06 12:22:00,48.25,48.25,48.25,48.25,0,25.175415,154700,1739.3,1740.0
2025-10-06 12:23:00,48.25,48.25,48.25,48.25,0,24.9822,154700,1739.9,1740.0
2025-10-06 12:24:00,48.25,48.55,48.25,48.55,240450,25.287967,154000,1739.5,1740.0
2025-10-06 12:25:00,48.55,48.55,48.55,48.55,0,25.126905,154000,1740.0,1740.0
2025-10-06 12:26:00,48.55,49.0,48.55,48.95,241850,25.426852,154350,1739.8,1740.0
2025-10-06 12:27:00,48.95,48.95,48.95,48.95,0,26.322422,154350,1737.0,1740.0
2025-10-06 12:28:00,48.95,48.95,48.95,48.95,0,25.717612,154350,1738.9,1740.0
2025-10-06 12:29:00,48.95,48.95,48.95,48.95,0,26.005904,154350,1738.0,1740.0
2025-10-06 12:30:00,48.95,48.95,47.75,47.75,242200,25.078871,154350,1738.7,1740.0
2025-10-06 12:31:00,47.75,47.75,47.65,47.75,1750,25.367059,154350,1737.8,1740.0
2025-10-06 12:32:00,47.75,47.75,47.75,47.75,0,25.015645,154350,1738.9,1740.0
2025-10-06 12:33:00,47.75,47.75,47.75,47.75,0,25.558756,154350,1737.2,1740.0
2025-10-06 12:34:00,47.75,47.75,47.75,47.75,0,25.240917,154350,1738.2,1740.0
2025-10-06 12:35:00,47.75,47.75,47.75,47.75,0,25.209443,154350,1738.3,1740.0
2025-10-06 12:36:00,47.75,47.75,47.75,47.75,0,25.017604,154350,1738.9,1740.0
2025-10-06 12:37:00,47.75,47.75,47.75,47.75,0,25.497265,154350,1737.4,1740.0
2025-10-06 12:38:00,47.75,47.75,47.75,47.75,0,25.178924,154350,1738.4,1740.0
2025-10-06 12:39:00,47.75,47.75,47.75,47.75,244300,25.498256,154000,1737.4,1740.0
2025-10-06 12:40:00,47.75,47.75,47.75,47.75,0,25.083776,154000,1738.7,1740.0
2025-10-06 12:41:00,47.75,47.75,47.75,47.75,0,25.084266,154000,1738.7,1740.0
2025-10-06 12:42:00,47.75,47.75,47.2,47.2,245000,25.177261,154000,1737.4,1740.0
2025-10-06 12:43:00,47.2,47.2,47.2,47.2,0,25.964916,154000,1734.9,1740.0
2025-10-06 12:44:00,47.2,47.2,47.2,47.2,0,25.652269,154000,1735.9,1740.0
2025-10-06 12:45:00,47.2,47.2,45.6,45.6,246050,24.430945,154700,1736.8,1740.0
2025-10-06 12:46:00,45.6,45.75,45.6,45.75,350,24.645864,154700,1736.4,1740.0
2025-10-06 12:47:00,45.75,45.75,45.75,45.75,0,24.61476,154700,1736.5,1740.0
2025-10-06 12:48:00,45.75,46.1,45.75,46.1,246750,25.040981,154700,1735.8,1740.0
2025-10-06 12:49:00,46.1,46.1,46.1,46.1,0,25.323356,154700,1734.9,1740.0
2025-10-06 12:50:00,46.1,46.1,46.1,46.1,0,25.073371,154700,1735.7,1740.0
2025-10-06 12:51:00,46.1,46.1,46.1,46.1,0,25.355547,154700,1734.8,1740.0
2025-10-06 12:52:00,46.1,46.1,46.1,46.1,0,24.853951,154700,1736.4,1740.0
2025-10-06 12:53:00,46.1,46.15,46.1,46.15,247800,24.757285,154700,1736.8,1740.0
2025-10-06 12:54:00,46.15,46.15,46.15,46.15,0,24.407957,154700,1737.9,1740.0
2025-10-06 12:55:00,46.15,46.15,46.15,46.15,0,24.758254,154700,1736.8,1740.0
2025-10-06 12:56:00,46.15,46.15,46.15,46.15,0,24.504623,154700,1737.6,1740.0
2025-10-06 12:57:00,46.15,46.15,46.15,46.15,0,24.377443,154700,1738.0,1740.0
2025-10-06 12:58:00,46.15,46.15,46.15,46.15,0,24.377923,154700,1738.0,1740.0
2025-10-06 12:59:00,46.15,46.85,46.15,46.85,248500,24.757157,154700,1738.1,1740.0
2025-10-06 13:00:00,46.85,46.85,46.85,46.85,0,24.94901,154700,1737.5,1740.0
2025-10-06 13:01:00,46.85,47.2,46.85,47.2,249200,25.534803,154700,1736.3,1740.0
2025-10-06 13:02:00,47.2,47.2,47.2,47.2,0,25.123462,154700,1737.6,1740.0
2025-10-06 13:03:00,47.2,47.3,47.2,47.3,249900,25.278002,154700,1737.3,1740.0
2025-10-06 13:04:00,47.3,47.3,47.25,47.3,1750,25.119387,154700,1737.8,1740.0
2025-10-06 13:05:00,47.3,47.3,47.3,47.3,0,25.278988,154700,1737.3,1740.0
2025-10-06 13:06:00,47.3,47.3,47.1,47.1,252000,25.130394,154700,1737.4,1740.0
2025-10-06 13:07:00,47.1,47.1,47.1,47.1,0,25.003522,154700,1737.8,1740.0
2025-10-06 13:08:00,47.1,47.1,47.1,47.1,0,24.972108,154700,1737.9,1740.0
2025-10-06 13:09:00,47.1,47.1,47.1,47.1,252350,24.940669,154350,1738.0,1740.0
2025-10-06 13:10:00,47.1,47.1,47.1,47.1,0,25.385932,154350,1736.6,1740.0
2025-10-06 13:11:00,47.1,47.1,47.1,47.1,0,25.449584,154350,1736.4,1740.0
2025-10-06 13:12:00,47.1,47.1,47.1,47.1,0,25.165119,154350,1737.3,1740.0
2025-10-06 13:13:00,47.1,47.1,47.1,47.1,0,25.450573,154350,1736.4,1740.0
2025-10-06 13:14:00,47.1,47.1,47.1,47.1,0,25.166102,154350,1737.3,1740.0
2025-10-06 13:15:00,47.1,47.1,47.1,47.1,0,25.419994,154350,1736.5,1740.0
2025-10-06 13:16:00,47.1,47.1,47.1,47.1,0,25.071661,154350,1737.6,1740.0
2025-10-06 13:17:00,47.1,47.1,47.1,47.1,0,25.072151,154350,1737.6,1740.0
2025-10-06 13:18:00,47.1,47.1,47.1,47.1,0,25.104474,154350,1737.5,1740.0
2025-10-06 13:19:00,47.1,47.1,47.1,47.1,0,25.104964,154350,1737.5,1740.0
2025-10-06 13:20:00,47.1,47.1,47.1,47.1,0,25.105455,154350,1737.5,1740.0
2025-10-06 13:21:00,47.1,47.1,47.1,47.1,0,25.105945,154350,1737.5,1740.0
2025-10-06 13:22:00,47.1,47.1,46.8,46.8,253400,25.215902,154350,1736.6,1740.0
2025-10-06 13:23:00,46.8,46.8,46.8,46.8,0,25.184768,154350,1736.7,1740.0
2025-10-06 13:24:00,46.8,46.8,46.4,46.4,253750,25.360034,154350,1735.4,1740.0
2025-10-06 13:25:00,46.4,46.4,46.4,46.4,0,25.045947,154350,1736.4,1740.0
2025-10-06 13:26:00,46.4,46.4,46.4,46.4,0,25.36102,154350,1735.4,1740.0
2025-10-06 13:27:00,46.4,46.4,46.4,46.4,0,25.424154,154350,1735.2,1740.0
2025-10-06 13:28:00,46.4,46.4,46.4,46.4,0,25.236448,154350,1735.8,1740.0
2025-10-06 13:29:00,46.4,48.5,46.4,48.5,254800,25.451821,154350,1739.0,1740.0
2025-10-06 13:30:00,48.5,49.0,48.5,49.0,350,25.228559,154350,1740.6,1740.0
2025-10-06 13:31:00,49.0,49.0,49.0,49.0,0,25.456189,154350,1739.9,1740.0
2025-10-06 13:32:00,49.0,49.0,49.0,49.0,0,25.489032,154350,1739.8,1740.0
2025-10-06 13:33:00,49.0,49.0,49.0,49.0,0,25.489531,154350,1739.8,1740.0
2025-10-06 13:34:00,49.0,49.0,49.0,49.0,0,25.32804,154350,1740.3,1740.0
2025-10-06 13:35:00,49.0,49.0,49.0,49.0,255500,25.296062,155050,1740.4,1740.0
2025-10-06 13:36:00,49.0,49.0,49.0,49.0,0,25.426305,155050,1740.0,1740.0
2025-10-06 13:37:00,49.0,49.0,49.0,49.0,0,25.329529,155050,1740.3,1740.0
2025-10-06 13:38:00,49.0,49.0,49.0,49.0,0,25.330026,155050,1740.3,1740.0
2025-10-06 13:39:00,49.0,49.0,49.0,49.0,0,25.200458,155050,1740.7,1740.0
2025-10-06 13:40:00,49.0,49.0,49.0,49.0,0,25.331018,155050,1740.3,1740.0
2025-10-06 13:41:00,49.0,49.0,49.0,49.0,0,25.428793,155050,1740.0,1740.0
2025-10-06 13:42:00,49.0,49.0,49.0,49.0,0,25.429291,155050,1740.0,1740.0
2025-10-06 13:43:00,49.0,49.0,49.0,49.0,0,25.68809,155050,1739.2,1740.0
2025-10-06 13:44:00,49.0,49.1,49.0,49.1,258300,25.489049,155050,1740.0,1740.0
2025-10-06 13:45:00,49.1,49.1,49.1,49.1,0,25.52192,155050,1739.9,1740.0
2025-10-06 13:46:00,49.1,49.1,49.1,49.1,0,25.425224,155050,1740.2,1740.0
2025-10-06 13:47:00,49.1,49.75,49.1,49.75,259700,25.547632,154700,1741.0,1740.0
2025-10-06 13:48:00,49.75,49.75,49.75,49.75,0,25.808228,154700,1740.2,1740.0
2025-10-06 13:49:00,49.75,49.75,47.8,47.8,261100,25.114918,155750,1738.8,1740.0
2025-10-06 13:50:00,47.8,48.0,47.8,48.0,2800,25.329146,155750,1738.5,1740.0
2025-10-06 13:51:00,48.0,48.05,47.5,48.05,262850,25.230601,155750,1738.9,1740.0
2025-10-06 13:52:00,48.05,48.05,46.9,46.9,5950,25.06739,155750,1737.3,1740.0
2025-10-06 13:53:00,46.9,46.9,46.9,46.9,0,24.588211,155750,1738.8,1740.0
2025-10-06 13:54:00,46.9,47.9,46.9,47.9,269150,25.559921,151900,1737.6,1740.0
2025-10-06 13:55:00,47.9,47.9,47.9,47.9,0,25.336959,151900,1738.3,1740.0
2025-10-06 13:56:00,47.9,47.9,47.9,47.9,0,25.273388,151900,1738.5,1740.0
2025-10-06 13:57:00,47.9,47.9,47.9,47.9,0,25.369946,151900,1738.2,1740.0
2025-10-06 13:58:00,47.9,47.9,47.9,47.9,0,24.920208,151900,1739.6,1740.0
2025-10-06 13:59:00,47.9,47.9,47.9,47.9,0,25.210703,151900,1738.7,1740.0
2025-10-06 14:00:00,47.9,47.9,47.9,47.9,0,24.888837,151900,1739.7,1740.0
2025-10-06 14:01:00,47.9,47.9,47.9,47.9,0,24.759657,151900,1740.1,1740.0
2025-10-06 14:02:00,47.9,47.9,47.9,47.9,0,24.662613,151900,1740.4,1740.0
2025-10-06 14:03:00,47.9,48.4,47.9,48.4,269850,25.054607,152250,1740.1,1740.0
2025-10-06 14:04:00,48.4,48.4,47.75,48.0,1400,25.175479,151200,1739.0,1740.0
2025-10-06 14:05:00,48.0,48.0,47.25,47.25,270200,25.024162,151200,1738.1,1740.0
2025-10-06 14:06:00,47.25,48.0,47.25,48.0,1750,25.144269,151200,1739.1,1740.0
2025-10-06 14:07:00,48.0,48.0,48.0,48.0,0,24.951047,151200,1739.7,1740.0
2025-10-06 14:08:00,48.0,48.0,48.0,48.0,0,24.854329,151200,1740.0,1740.0
2025-10-06 14:09:00,48.0,48.0,48.0,48.0,0,25.338556,151200,1738.5,1740.0
2025-10-06 14:10:00,48.0,48.55,48.0,48.55,272300,25.501596,151200,1739.0,1740.0
2025-10-06 14:11:00,48.55,48.75,48.55,48.75,350,25.393876,151550,1739.7,1740.0
2025-10-06 14:12:00,48.75,48.75,48.75,48.75,0,25.264831,151550,1740.1,1740.0
2025-10-06 14:13:00,48.75,48.75,48.55,48.55,273000,25.535243,151900,1738.9,1740.0
2025-10-06 14:14:00,48.55,48.55,48.55,48.55,0,25.277804,151900,1739.7,1740.0
2025-10-06 14:15:00,48.55,48.55,48.55,48.55,0,25.31063,151900,1739.6,1740.0
2025-10-06 14:16:00,48.55,48.55,48.55,48.55,0,25.472404,151900,1739.1,1740.0
2025-10-06 14:17:00,48.55,48.75,48.55,48.75,273350,25.36451,151900,1739.8,1740.0
2025-10-06 14:18:00,48.75,48.75,48.5,48.5,350,25.572601,151900,1738.7,1740.0
2025-10-06 14:19:00,48.5,48.5,48.5,48.5,0,25.444516,151900,1739.1,1740.0
2025-10-06 14:20:00,48.5,48.5,48.5,48.5,0,25.380571,151900,1739.3,1740.0
2025-10-06 14:21:00,48.5,48.5,48.5,48.5,0,25.348809,151900,1739.4,1740.0
2025-10-06 14:22:00,48.5,48.5,48.5,48.5,0,25.28471,151900,1739.6,1740.0
2025-10-06 14:23:00,48.5,49.0,48.5,49.0,274400,25.352381,152250,1740.3,1740.0
2025-10-06 14:24:00,49.0,49.0,49.0,49.0,0,25.45021,152250,1740.0,1740.0
2025-10-06 14:25:00,49.0,49.0,49.0,49.0,0,25.41829,152250,1740.1,1740.0
2025-10-06 14:26:00,49.0,49.0,49.0,49.0,0,25.288854,151900,1740.5,1740.0
2025-10-06 14:27:00,49.0,49.0,49.0,49.0,0,25.224227,151900,1740.7,1740.0
2025-10-06 14:28:00,49.0,49.0,49.0,49.0,0,25.710655,151900,1739.2,1740.0
2025-10-06 14:29:00,49.0,49.0,49.0,49.0,0,25.355365,151900,1740.3,1740.0
2025-10-06 14:30:00,49.0,49.0,49.0,49.0,0,25.711659,151900,1739.2,1740.0
2025-10-06 14:31:00,49.0,49.0,49.0,49.0,0,25.4537,151900,1740.0,1740.0
2025-10-06 14:32:00,49.0,49.0,48.9,48.9,275450,25.167868,151900,1740.7,1740.0
2025-10-06 14:33:00,48.9,48.9,48.9,48.9,0,25.363464,151900,1740.1,1740.0
2025-10-06 14:34:00,48.9,48.9,48.9,48.9,0,25.20144,151900,1740.6,1740.0
2025-10-06 14:35:00,48.9,49.15,48.9,49.15,276850,25.283855,151900,1740.8,1740.0
2025-10-06 14:36:00,49.15,49.15,49.15,49.15,0,25.219076,151900,1741.0,1740.0
2025-10-06 14:37:00,49.15,49.75,49.15,49.75,277900,25.572672,151900,1741.0,1740.0
2025-10-06 14:38:00,49.75,49.75,49.75,49.75,0,25.670963,152250,1740.7,1740.0
2025-10-06 14:39:00,49.75,49.75,49.75,49.75,0,25.801496,152250,1740.3,1740.0
2025-10-06 14:40:00,49.75,49.75,49.75,49.75,0,25.574176,152250,1741.0,1740.0
2025-10-06 14:41:00,49.75,49.75,49.75,49.75,0,25.509352,152250,1741.2,1740.0
2025-10-06 14:42:00,49.75,49.75,49.75,49.75,0,25.835454,152250,1740.2,1740.0
2025-10-06 14:43:00,49.75,49.75,49.55,49.55,278600,25.68587,152250,1740.3,1740.0
2025-10-06 14:44:00,49.55,49.55,49.55,49.55,0,25.913027,152250,1739.6,1740.0
2025-10-06 14:45:00,49.55,49.55,49.55,49.55,0,26.171091,152250,1738.8,1740.0
2025-10-06 14:46:00,49.55,49.55,49.5,49.5,280000,25.820001,152250,1739.8,1740.0
2025-10-06 14:47:00,49.5,49.5,49.5,49.5,0,25.917428,152250,1739.5,1740.0
2025-10-06 14:48:00,49.5,49.5,49.5,49.5,0,26.207386,152250,1738.6,1740.0
2025-10-06 14:49:00,49.5,49.5,49.5,49.5,0,26.175831,152250,1738.7,1740.0
2025-10-06 14:50:00,49.5,49.5,49.5,49.5,0,25.78966,152250,1739.9,1740.0
2025-10-06 14:51:00,49.5,49.5,49.5,49.5,0,26.112643,152250,1738.9,1740.0
2025-10-06 14:52:00,49.5,49.5,48.75,49.0,281750,25.690478,152250,1739.3,1740.0
2025-10-06 14:53:00,49.0,49.0,49.0,49.0,0,25.464676,152250,1740.0,1740.0
2025-10-06 14:54:00,49.0,49.0,49.0,49.0,0,25.916576,152250,1738.6,1740.0
2025-10-06 14:55:00,49.0,49.0,49.0,49.0,0,25.724215,152250,1739.2,1740.0
2025-10-06 14:56:00,49.0,49.0,49.0,49.0,0,25.49858,152250,1739.9,1740.0
2025-10-06 14:57:00,49.0,49.0,49.0,49.0,0,25.757426,152250,1739.1,1740.0
2025-10-06 14:58:00,49.0,49.0,49.0,49.0,0,25.628954,152250,1739.5,1740.0
2025-10-06 14:59:00,49.0,49.0,49.0,49.0,0,25.272688,152250,1740.6,1740.0
2025-10-06 15:00:00,49.0,49.0,49.0,49.0,282800,25.500578,151900,1739.9,1740.0
2025-10-06 15:01:00,49.0,49.0,48.15,48.15,1050,25.033417,151900,1739.8,1740.0
2025-10-06 15:02:00,48.15,48.15,48.15,48.15,0,24.904079,151900,1740.2,1740.0
2025-10-06 15:03:00,48.15,48.5,48.15,48.5,284200,25.045505,151900,1740.4,1740.0
2025-10-06 15:04:00,48.5,49.0,48.5,49.0,350,24.915216,151900,1741.7,1740.0
2025-10-06 15:05:00,49.0,49.1,49.0,49.1,285600,25.301944,151900,1740.7,1740.0
2025-10-06 15:06:00,49.1,49.1,49.1,49.1,0,25.073598,151900,1741.4,1740.0
2025-10-06 15:07:00,49.1,49.1,49.1,49.1,0,25.368087,151900,1740.5,1740.0
2025-10-06 15:08:00,49.1,49.1,49.1,49.1,0,25.531004,151900,1740.0,1740.0
2025-10-06 15:09:00,49.1,49.1,48.95,48.95,286300,25.280792,151200,1740.5,1740.0
2025-10-06 15:10:00,48.95,49.0,48.95,49.0,1050,24.983865,151200,1741.5,1740.0
2025-10-06 15:11:00,49.0,49.65,49.0,49.65,286650,25.03805,151200,1742.5,1740.0
2025-10-06 15:12:00,49.65,49.65,49.65,49.65,0,25.038545,151200,1742.5,1740.0
2025-10-06 15:13:00,49.65,49.7,49.65,49.7,288750,24.969228,151200,1742.8,1740.0
2025-10-06 15:14:00,49.7,49.7,49.7,49.7,0,25.233949,151200,1742.0,1740.0
2025-10-06 15:15:00,49.7,49.7,49.7,49.7,0,25.06951,151200,1742.5,1740.0
2025-10-06 15:16:00,49.7,49.85,49.7,49.85,289100,25.125385,151200,1742.6,1740.0
2025-10-06 15:17:00,49.85,49.95,49.85,49.95,700,25.085512,151550,1742.9,1740.0
2025-10-06 15:18:00,49.95,49.95,49.95,49.95,290500,25.119148,151550,1742.8,1740.0
2025-10-06 15:19:00,49.95,51.0,49.95,51.0,2800,25.340079,151550,1744.0,1740.0
2025-10-06 15:20:00,51.0,51.0,51.0,51.0,0,25.005195,151550,1745.0,1740.0
2025-10-06 15:21:00,51.0,51.0,50.35,50.35,295750,25.817329,151200,1741.4,1740.0
2025-10-06 15:22:00,50.35,50.35,49.85,49.85,350,25.490567,151200,1741.5,1740.0
2025-10-06 15:23:00,49.85,49.85,48.4,48.4,299250,24.47207,151200,1742.0,1740.0
2025-10-06 15:24:00,48.4,49.05,48.4,49.05,1750,24.558003,151200,1742.9,1740.0
2025-10-06 15:25:00,49.05,49.05,49.05,49.05,0,24.757265,151200,1742.3,1740.0
2025-10-06 15:26:00,49.05,49.05,48.75,48.85,302400,25.067201,150500,1741.0,1740.0
2025-10-06 15:27:00,48.85,48.85,48.85,48.85,0,25.198282,150500,1740.6,1740.0
2025-10-06 15:28:00,48.85,49.0,48.85,49.0,303100,25.449714,150500,1740.1,1740.0
2025-10-06 15:29:00,49.0,49.0,48.9,48.9,350,26.067557,151200,1738.0,1740.0
2025-10-07 09:15:00,49.45,49.45,49.45,49.45,0,27.176086,0,1737.3,1740.0
2025-10-07 09:16:00,49.45,49.45,49.45,49.45,350,26.788246,151200,1738.5,1740.0
2025-10-07 09:17:00,49.45,49.45,47.25,48.6,5600,26.150277,151200,1738.9,1740.0
2025-10-07 09:18:00,48.6,48.6,47.3,47.3,2100,25.568863,152950,1738.3,1740.0
2025-10-07 09:19:00,47.3,47.3,47.3,47.3,0,24.6153,152950,1741.2,1740.0
2025-10-07 09:20:00,47.3,50.65,47.3,50.65,9450,26.721546,152950,1740.9,1740.0
2025-10-07 09:21:00,50.65,50.65,48.0,48.0,2800,25.891361,152950,1738.6,1740.0
2025-10-07 09:22:00,48.0,48.0,48.0,48.0,9800,24.635092,151900,1742.4,1740.0
2025-10-07 09:23:00,48.0,48.0,48.0,48.0,0,24.870089,151900,1741.7,1740.0
2025-10-07 09:24:00,48.0,48.0,48.0,48.0,0,24.870596,151900,1741.7,1740.0
2025-10-07 09:25:00,48.0,49.0,48.0,49.0,12950,25.934606,151900,1740.3,1740.0
2025-10-07 09:26:00,49.0,49.25,49.0,49.25,1050,26.543756,151900,1738.9,1740.0
2025-10-07 09:27:00,49.25,49.25,47.8,47.8,13300,26.131792,151900,1737.5,1740.0
2025-10-07 09:28:00,47.8,48.8,47.8,48.8,1750,25.618095,152600,1740.9,1740.0
2025-10-07 09:29:00,48.8,48.8,48.8,48.8,0,25.84994,152600,1740.2,1740.0
2025-10-07 09:30:00,48.8,48.8,48.8,48.8,0,26.244091,152600,1739.0,1740.0
2025-10-07 09:31:00,48.8,48.8,48.8,48.8,0,25.320292,152600,1741.8,1740.0
2025-10-07 09:32:00,48.8,52.0,48.8,51.7,16450,25.981151,153300,1745.0,1740.0
2025-10-07 09:33:00,51.7,51.7,51.7,51.7,0,26.658197,153300,1743.0,1740.0
2025-10-07 09:34:00,51.7,51.7,51.7,51.7,0,26.692273,153300,1742.9,1740.0
2025-10-07 09:35:00,51.7,51.7,51.7,51.7,0,26.625704,153300,1743.1,1740.0
2025-10-07 09:36:00,51.7,51.7,51.7,51.7,0,26.592645,152950,1743.2,1740.0
2025-10-07 09:37:00,51.7,52.0,51.7,52.0,17150,25.718437,152950,1746.3,1740.0
2025-10-07 09:38:00,52.0,52.0,52.0,52.0,0,26.02799,152950,1745.4,1740.0
2025-10-07 09:39:00,52.0,52.0,51.65,52.0,18200,25.891468,152950,1745.8,1740.0
2025-10-07 09:40:00,52.0,52.35,51.5,52.35,1400,26.171014,152250,1745.6,1740.0
2025-10-07 09:41:00,52.35,52.35,52.35,52.35,0,25.965596,152250,1746.2,1740.0
2025-10-07 09:42:00,52.35,52.35,52.35,52.35,0,26.716232,152250,1744.0,1740.0
2025-10-07 09:43:00,52.35,52.35,52.35,52.35,0,26.479582,152250,1744.7,1740.0
2025-10-07 09:44:00,52.35,52.35,52.35,52.35,0,25.725537,151900,1746.9,1740.0
2025-10-07 09:45:00,52.35,52.5,52.35,52.5,24850,26.332248,151900,1745.4,1740.0
2025-10-07 09:46:00,52.5,52.5,52.5,52.5,0,26.092881,151900,1746.1,1740.0
2025-10-07 09:47:00,52.5,52.5,51.95,52.05,25550,25.753777,151550,1746.3,1740.0
2025-10-07 09:48:00,52.05,52.05,52.05,52.05,0,25.233738,151550,1747.8,1740.0
2025-10-07 09:49:00,52.05,52.05,52.05,52.05,0,25.234256,151550,1747.8,1740.0
2025-10-07 09:50:00,52.05,53.15,52.05,52.3,26600,25.140371,151200,1748.5,1740.0
2025-10-07 09:51:00,52.3,54.1,52.3,52.6,1750,25.357156,151200,1748.4,1740.0
2025-10-07 09:52:00,52.6,52.6,51.3,51.3,27650,25.580174,150850,1745.5,1740.0
2025-10-07 09:53:00,51.3,51.3,51.0,51.0,3150,25.979368,150850,1743.8,1740.0
2025-10-07 09:54:00,51.0,51.0,49.9,49.9,29050,25.62324,150850,1742.9,1740.0
2025-10-07 09:55:00,49.9,49.9,49.9,49.9,0,25.252005,150850,1744.0,1740.0
2025-10-07 09:56:00,49.9,49.9,49.9,49.9,0,25.08237,150850,1744.5,1740.0
2025-10-07 09:57:00,49.9,49.9,49.65,49.65,32550,24.864273,151200,1744.7,1740.0
2025-10-07 09:58:00,49.65,49.65,49.65,49.65,0,25.239005,151200,1743.6,1740.0
2025-10-07 09:59:00,49.65,49.65,49.65,49.65,0,25.171747,151200,1743.8,1740.0
2025-10-07 10:00:00,49.65,49.65,49.65,49.65,0,25.509975,151200,1742.8,1740.0
2025-10-07 10:01:00,49.65,49.65,49.5,49.5,32900,25.554804,150850,1742.4,1740.0
2025-10-07 10:02:00,49.5,49.5,49.5,49.5,0,25.420995,150850,1742.8,1740.0
2025-10-07 10:03:00,49.5,49.5,49.5,49.5,0,25.555842,150850,1742.4,1740.0
2025-10-07 10:04:00,49.5,49.5,47.25,47.25,33950,24.873599,150850,1740.4,1740.0
2025-10-07 10:05:00,47.25,47.25,47.25,47.25,0,25.137985,150850,1739.6,1740.0
2025-10-07 10:06:00,47.25,47.55,47.25,47.55,34300,25.219435,150850,1739.9,1740.0
2025-10-07 10:07:00,47.55,47.55,47.55,47.55,0,25.44992,150850,1739.2,1740.0
2025-10-07 10:08:00,47.55,47.55,47.0,47.0,34650,26.125294,150850,1736.1,1740.0
2025-10-07 10:09:00,47.0,47.0,45.0,45.9,700,24.984777,150850,1737.6,1740.0
2025-10-07 10:10:00,45.9,46.45,45.9,46.05,35350,25.010176,150500,1737.8,1740.0
2025-10-07 10:11:00,46.05,46.05,46.05,46.05,0,25.043124,150500,1737.7,1740.0
2025-10-07 10:12:00,46.05,46.05,46.05,46.05,0,25.334473,150500,1736.8,1740.0
2025-10-07 10:13:00,46.05,46.05,45.4,45.4,37100,25.139049,150850,1736.2,1740.0
2025-10-07 10:14:00,45.4,45.4,45.4,45.4,0,24.882196,150850,1737.0,1740.0
2025-10-07 10:15:00,45.4,45.4,45.4,45.4,0,24.753416,150850,1737.4,1740.0
2025-10-07 10:16:00,45.4,45.4,45.4,45.4,37450,24.689122,150500,1737.6,1740.0
2025-10-07 10:17:00,45.4,45.4,45.4,45.4,0,24.689624,150500,1737.6,1740.0
2025-10-07 10:18:00,45.4,45.6,45.4,45.6,38150,25.197018,150500,1736.4,1740.0
2025-10-07 10:19:00,45.6,45.6,45.6,45.6,0,24.745425,150500,1737.8,1740.0
2025-10-07 10:20:00,45.6,45.6,45.6,45.6,0,24.907964,150500,1737.3,1740.0
2025-10-07 10:21:00,45.6,46.9,45.6,46.9,38850,25.394501,150500,1738.2,1740.0
2025-10-07 10:22:00,46.9,46.9,46.9,46.9,0,25.492505,150500,1737.9,1740.0
2025-10-07 10:23:00,46.9,46.9,46.55,46.55,39900,25.574767,150500,1737.0,1740.0
2025-10-07 10:24:00,46.55,46.55,46.55,46.55,0,25.413742,150500,1737.5,1740.0
2025-10-07 10:25:00,46.55,46.55,46.55,46.55,0,25.349465,150500,1737.7,1740.0
2025-10-07 10:26:00,46.55,46.55,46.55,46.55,0,25.349977,150500,1737.7,1740.0
2025-10-07 10:27:00,46.55,46.55,46.55,46.55,0,25.285597,150500,1737.9,1740.0
2025-10-07 10:28:00,46.55,46.55,46.55,46.55,0,25.286109,150500,1737.9,1740.0
2025-10-07 10:29:00,46.55,46.55,46.55,46.55,0,25.416309,150500,1737.5,1740.0
2025-10-07 10:30:00,46.55,46.55,46.55,46.55,0,25.642826,150500,1736.8,1740.0
2025-10-07 10:31:00,46.55,46.55,45.5,45.5,40250,24.982873,151200,1736.9,1740.0
2025-10-07 10:32:00,45.5,45.5,44.75,44.75,700,24.502302,151200,1737.0,1740.0
2025-10-07 10:33:00,44.75,44.75,44.75,44.75,0,24.599569,151200,1736.7,1740.0
2025-10-07 10:34:00,44.75,44.75,44.75,44.75,0,24.824984,151200,1736.0,1740.0
2025-10-07 10:35:00,44.75,44.75,44.75,44.75,0,24.79343,151200,1736.1,1740.0
2025-10-07 10:36:00,44.75,44.75,44.75,44.75,0,24.504296,151200,1737.0,1740.0
2025-10-07 10:37:00,44.75,45.35,44.75,45.35,41650,24.44205,150850,1738.3,1740.0
2025-10-07 10:38:00,45.35,45.35,45.35,45.35,0,24.246352,150850,1738.9,1740.0
2025-10-07 10:39:00,45.35,45.35,45.35,45.35,0,24.540787,150850,1738.0,1740.0
2025-10-07 10:40:00,45.35,45.35,45.35,45.35,0,23.418912,150850,1741.4,1740.0
2025-10-07 10:41:00,45.35,45.35,45.35,45.35,0,24.149369,150850,1739.2,1740.0
2025-10-07 10:42:00,45.35,45.35,45.35,45.35,0,24.149864,150850,1739.2,1740.0
2025-10-07 10:43:00,45.35,47.35,45.35,47.0,42350,24.77659,150850,1740.3,1740.0
2025-10-07 10:44:00,47.0,47.0,47.0,47.0,0,24.411353,150850,1741.4,1740.0
2025-10-07 10:45:00,47.0,47.0,47.0,47.0,0,24.511943,150850,1741.1,1740.0
2025-10-07 10:46:00,47.0,47.0,47.0,47.0,0,24.678695,150850,1740.6,1740.0
2025-10-07 10:47:00,47.0,47.0,47.0,47.0,0,24.446248,150850,1741.3,1740.0
2025-10-07 10:48:00,47.0,47.0,47.0,47.0,0,24.413356,150850,1741.4,1740.0
2025-10-07 10:49:00,47.0,48.0,47.0,48.0,43400,24.34116,150500,1743.4,1740.0
2025-10-07 10:50:00,48.0,48.0,48.0,48.0,0,24.034961,150500,1744.3,1740.0
2025-10-07 10:51:00,48.0,48.0,48.0,48.0,0,24.172085,150500,1743.9,1740.0
2025-10-07 10:52:00,48.0,48.0,48.0,48.0,0,24.410483,150500,1743.2,1740.0
2025-10-07 10:53:00,48.0,48.0,48.0,48.0,0,24.410985,150500,1743.2,1740.0
2025-10-07 10:54:00,48.0,48.0,48.0,48.0,0,24.479185,150500,1743.0,1740.0
2025-10-07 10:55:00,48.0,48.0,48.0,48.0,0,24.378096,150500,1743.3,1740.0
2025-10-07 10:56:00,48.0,48.0,48.0,48.0,0,24.615231,150500,1742.6,1740.0
2025-10-07 10:57:00,48.0,48.0,48.0,48.0,0,24.412996,150500,1743.2,1740.0
2025-10-07 10:58:00,48.0,48.0,46.0,46.0,45850,23.380266,150850,1742.7,1740.0
2025-10-07 10:59:00,46.0,46.0,46.0,46.0,350,23.414611,150850,1742.6,1740.0
2025-10-07 11:00:00,46.0,46.0,46.0,46.0,0,23.347347,150850,1742.8,1740.0
2025-10-07 11:01:00,46.0,46.0,46.0,46.0,0,23.685333,150850,1741.8,1740.0
2025-10-07 11:02:00,46.0,46.0,45.6,45.6,46900,23.7802,150850,1740.8,1740.0
2025-10-07 11:03:00,45.6,45.6,45.45,45.45,350,24.12147,150850,1739.5,1740.0
2025-10-07 11:04:00,45.45,45.45,45.45,45.45,0,23.92373,150850,1740.1,1740.0
2025-10-07 11:05:00,45.45,45.45,45.45,45.45,0,23.957334,150850,1740.0,1740.0
2025-10-07 11:06:00,45.45,45.45,45.45,45.45,0,23.825208,150850,1740.4,1740.0
2025-10-07 11:07:00,45.45,45.45,45.45,45.45,0,23.357796,150850,1741.8,1740.0
2025-10-07 11:08:00,45.45,45.45,45.45,45.45,0,23.290949,150850,1742.0,1740.0
2025-10-07 11:09:00,45.45,45.45,45.45,45.45,0,23.425976,150850,1741.6,1740.0
2025-10-07 11:10:00,45.45,45.45,45.45,45.45,0,23.992882,150850,1739.9,1740.0
2025-10-07 11:11:00,45.45,45.45,45.45,45.45,0,23.960291,150850,1740.0,1740.0
2025-10-07 11:12:00,45.45,45.45,45.45,45.45,0,23.794926,150850,1740.5,1740.0
2025-10-07 11:13:00,45.45,45.45,44.85,44.85,47950,23.335312,150850,1740.8,1740.0
2025-10-07 11:14:00,44.85,44.85,44.85,44.85,0,23.402475,150850,1740.6,1740.0
2025-10-07 11:15:00,44.85,44.85,44.85,44.85,0,23.469519,150850,1740.4,1740.0
2025-10-07 11:16:00,44.85,44.85,44.85,44.85,0,23.336764,150850,1740.8,1740.0
2025-10-07 11:17:00,44.85,44.85,44.85,44.85,0,23.136471,150850,1741.4,1740.0
2025-10-07 11:18:00,44.85,44.85,44.85,44.85,0,23.069777,150850,1741.6,1740.0
2025-10-07 11:19:00,44.85,45.55,44.85,45.55,48300,23.624968,150850,1741.2,1740.0
2025-10-07 11:20:00,45.55,45.55,43.5,43.5,1050,23.583002,150500,1737.6,1740.0
2025-10-07 11:21:00,43.5,43.5,41.95,41.95,48650,23.904136,150500,1733.7,1740.0
2025-10-07 11:22:00,41.95,41.95,41.95,41.95,0,23.714968,150500,1734.3,1740.0
2025-10-07 11:23:00,41.95,41.95,41.95,41.95,0,23.620288,150500,1734.6,1740.0
2025-10-07 11:24:00,41.95,41.95,41.9,41.9,50050,24.095836,150850,1733.0,1740.0
2025-10-07 11:25:00,41.9,41.9,41.3,41.3,4200,23.453928,151200,1733.9,1740.0
2025-10-07 11:26:00,41.3,41.3,41.3,41.3,0,23.327841,151200,1734.3,1740.0
2025-10-07 11:27:00,41.3,41.3,41.3,41.3,0,23.264882,151200,1734.5,1740.0
2025-10-07 11:28:00,41.3,42.45,41.3,42.45,54600,23.346269,151200,1736.4,1740.0
2025-10-07 11:29:00,42.45,42.45,42.45,42.45,0,23.507526,151200,1735.9,1740.0
2025-10-07 11:30:00,42.45,42.45,42.45,42.45,0,23.153405,151200,1737.0,1740.0
2025-10-07 11:31:00,42.45,43.35,42.45,43.35,55300,23.790048,154700,1736.7,1740.0
2025-10-07 11:32:00,43.35,43.35,43.35,43.35,0,24.015848,154700,1736.0,1740.0
2025-10-07 11:33:00,43.35,43.35,43.35,43.35,0,23.629291,154700,1737.2,1740.0
2025-10-07 11:34:00,43.35,43.35,43.35,43.35,0,23.499901,154700,1737.6,1740.0
2025-10-07 11:35:00,43.35,43.35,43.35,43.35,0,24.113499,154700,1735.7,1740.0
2025-10-07 11:36:00,43.35,43.35,43.35,43.35,0,24.177983,154700,1735.5,1740.0
2025-10-07 11:37:00,43.35,43.35,43.35,43.35,0,23.792975,154700,1736.7,1740.0
2025-10-07 11:38:00,43.35,43.35,43.35,43.35,0,23.793463,154700,1736.7,1740.0
2025-10-07 11:39:00,43.35,43.35,43.35,43.35,0,23.826221,154700,1736.6,1740.0
2025-10-07 11:40:00,43.35,43.35,43.35,43.35,0,23.82671,154700,1736.6,1740.0
2025-10-07 11:41:00,43.35,43.35,43.35,43.35,0,23.503289,154700,1737.6,1740.0
2025-10-07 11:42:00,43.35,43.35,43.35,43.35,0,23.373442,154700,1738.0,1740.0
2025-10-07 11:43:00,43.35,43.35,43.35,43.35,0,23.373924,154700,1738.0,1740.0
2025-10-07 11:44:00,43.35,43.35,43.35,43.35,0,23.079497,154700,1738.9,1740.0
2025-10-07 11:45:00,43.35,43.35,43.35,43.35,0,23.211336,154700,1738.5,1740.0
2025-10-07 11:46:00,43.35,43.35,43.35,43.35,0,23.211816,154700,1738.5,1740.0
2025-10-07 11:47:00,43.35,43.35,43.35,43.35,0,23.146673,154700,1738.7,1740.0
2025-10-07 11:48:00,43.35,43.8,43.35,43.8,55650,23.646144,154700,1738.0,1740.0
2025-10-07 11:49:00,43.8,43.8,43.8,43.8,0,23.515909,154700,1738.4,1740.0
2025-10-07 11:50:00,43.8,43.8,43.8,43.8,0,23.385221,154700,1738.8,1740.0
2025-10-07 11:51:00,43.8,43.8,43.8,43.8,0,23.907733,154700,1737.2,1740.0
2025-10-07 11:52:00,43.8,43.8,43.8,43.8,0,23.320427,154700,1739.0,1740.0
2025-10-07 11:53:00,43.8,43.8,43.8,43.8,0,23.089826,154700,1739.7,1740.0
2025-10-07 11:54:00,43.8,43.8,43.8,43.8,0,23.090306,154700,1739.7,1740.0
2025-10-07 11:55:00,43.8,43.8,43.8,43.8,0,22.891543,154700,1740.3,1740.0
2025-10-07 11:56:00,43.8,45.5,43.8,45.5,58450,23.377991,155400,1741.9,1740.0
2025-10-07 11:57:00,45.5,45.5,45.5,45.5,0,23.412146,155400,1741.8,1740.0
2025-10-07 11:58:00,45.5,46.35,45.5,46.35,59150,23.89013,156100,1741.9,1740.0
2025-10-07 11:59:00,46.35,46.35,46.35,46.35,0,23.856982,156100,1742.0,1740.0
2025-10-07 12:00:00,46.35,46.35,46.35,46.35,0,23.485361,156100,1743.1,1740.0
2025-10-07 12:01:00,46.35,46.35,46.35,46.35,0,23.824295,156100,1742.1,1740.0
2025-10-07 12:02:00,46.35,46.35,46.35,46.35,0,23.486338,156100,1743.1,1740.0
2025-10-07 12:03:00,46.35,46.35,46.35,46.35,0,23.55477,156100,1742.9,1740.0
2025-10-07 12:04:00,46.35,46.75,46.35,46.75,59500,23.796062,156100,1742.9,1740.0
2025-10-07 12:05:00,46.75,46.8,45.7,45.7,1050,24.037582,156100,1740.3,1740.0
2025-10-07 12:06:00,45.7,45.7,45.7,45.7,0,24.434396,156100,1739.1,1740.0
2025-10-07 12:07:00,45.7,45.7,45.7,45.7,0,24.434897,156100,1739.1,1740.0
2025-10-07 12:08:00,45.7,45.7,45.7,45.7,0,24.402523,156100,1739.2,1740.0
2025-10-07 12:09:00,45.7,45.7,45.7,45.7,0,24.370122,156100,1739.3,1740.0
2025-10-07 12:10:00,45.7,45.7,45.7,45.7,0,24.238733,156100,1739.7,1740.0
2025-10-07 12:11:00,45.7,45.7,45.7,45.7,0,24.404023,156100,1739.2,1740.0
2025-10-07 12:12:00,45.7,45.7,45.7,45.7,0,24.634087,156100,1738.5,1740.0
2025-10-07 12:13:00,45.7,45.7,45.7,45.7,0,24.273242,156100,1739.6,1740.0
2025-10-07 12:14:00,45.7,45.7,45.7,45.7,0,24.207682,156100,1739.8,1740.0
2025-10-07 12:15:00,45.7,45.7,45.7,45.7,0,24.700948,156100,1738.3,1740.0
2025-10-07 12:16:00,45.7,45.7,43.55,43.55,60900,23.575063,155750,1737.8,1740.0
2025-10-07 12:17:00,43.55,44.45,43.55,44.45,4200,23.919469,155750,1738.4,1740.0
2025-10-07 12:18:00,44.45,44.45,42.35,42.35,64050,23.406993,155750,1736.1,1740.0
2025-10-07 12:19:00,42.35,42.35,42.35,42.35,0,23.375296,155750,1736.2,1740.0
2025-10-07 12:20:00,42.35,42.35,42.35,42.35,0,23.664442,155750,1735.3,1740.0
2025-10-07 12:21:00,42.35,42.9,42.35,42.65,69650,23.556078,155050,1736.2,1740.0
2025-10-07 12:22:00,42.65,42.75,42.65,42.75,350,23.937037,154700,1735.2,1740.0
2025-10-07 12:23:00,42.75,42.75,42.4,42.4,70000,24.109163,154700,1734.0,1740.0
2025-10-07 12:24:00,42.4,42.4,42.4,42.4,700,24.267511,154700,1733.5,1740.0
2025-10-07 12:25:00,42.4,42.4,42.4,42.4,70700,23.696832,155050,1735.3,1740.0
2025-10-07 12:26:00,42.4,42.4,42.4,42.4,0,23.40864,155050,1736.2,1740.0
2025-10-07 12:27:00,42.4,42.4,42.4,42.4,0,23.697804,155050,1735.3,1740.0
2025-10-07 12:28:00,42.4,43.45,42.4,43.45,72100,24.327515,155050,1735.3,1740.0
2025-10-07 12:29:00,43.45,43.95,43.45,43.95,1750,24.4997,154700,1735.7,1740.0
2025-10-07 12:30:00,43.95,43.95,43.85,43.85,72450,24.118643,154700,1736.7,1740.0
2025-10-07 12:31:00,43.85,43.85,43.85,43.85,0,23.98976,155400,1737.1,1740.0
2025-10-07 12:32:00,43.85,43.85,43.4,43.4,74900,23.817508,155400,1736.8,1740.0
2025-10-07 12:33:00,43.4,43.4,43.4,43.4,0,23.91487,155400,1736.5,1740.0
2025-10-07 12:34:00,43.4,43.4,43.4,43.4,0,23.591508,155400,1737.5,1740.0
2025-10-07 12:35:00,43.4,43.4,43.4,43.4,0,23.624502,155400,1737.4,1740.0
2025-10-07 12:36:00,43.4,43.4,43.4,43.4,0,23.265874,155050,1738.5,1740.0
2025-10-07 12:37:00,43.4,45.15,43.4,45.15,76300,24.020948,154700,1739.4,1740.0
2025-10-07 12:38:00,45.15,45.15,45.0,45.0,350,23.865339,154700,1739.6,1740.0
2025-10-07 12:39:00,45.0,45.0,45.0,45.0,77000,23.633808,154700,1740.3,1740.0
2025-10-07 12:40:00,45.0,45.0,45.0,45.0,0,23.56774,154700,1740.5,1740.0
2025-10-07 12:41:00,45.0,45.85,45.0,45.55,80500,23.898797,154350,1740.5,1740.0
2025-10-07 12:42:00,45.55,45.55,45.55,45.55,0,23.965789,154350,1740.3,1740.0
2025-10-07 12:43:00,45.55,45.55,45.55,45.55,0,24.329986,155050,1739.2,1740.0
2025-10-07 12:44:00,45.55,45.55,45.55,45.55,0,24.297561,155050,1739.3,1740.0
2025-10-07 12:45:00,45.55,45.85,45.55,45.85,81550,23.274113,155050,1742.9,1740.0
2025-10-07 12:46:00,45.85,46.1,45.85,46.1,350,23.493128,154350,1742.7,1740.0
2025-10-07 12:47:00,46.1,46.1,46.1,46.1,0,23.459687,154350,1742.8,1740.0
2025-10-07 12:48:00,46.1,46.1,46.1,46.1,0,23.730742,154350,1742.0,1740.0
2025-10-07 12:49:00,46.1,46.1,46.1,46.1,0,23.426702,154350,1742.9,1740.0
2025-10-07 12:50:00,46.1,46.1,46.1,46.1,0,23.393195,154350,1743.0,1740.0
2025-10-07 12:51:00,46.1,46.1,46.1,46.1,0,23.597181,154350,1742.4,1740.0
2025-10-07 12:52:00,46.1,46.1,46.1,46.1,0,23.394172,154350,1743.0,1740.0
2025-10-07 12:53:00,46.1,46.1,46.05,46.05,82950,23.398527,154700,1742.9,1740.0
2025-10-07 12:54:00,46.05,46.05,46.05,46.05,0,23.126093,154700,1743.7,1740.0
2025-10-07 12:55:00,46.05,46.05,46.05,46.05,0,23.195006,154700,1743.5,1740.0
2025-10-07 12:56:00,46.05,46.05,46.05,46.05,0,23.433962,154700,1742.8,1740.0
2025-10-07 12:57:00,46.05,46.05,46.05,46.05,0,22.955885,154700,1744.2,1740.0
2025-10-07 12:58:00,46.05,46.05,46.05,46.05,0,22.852959,154700,1744.5,1740.0
2025-10-07 12:59:00,46.05,46.05,46.05,46.05,0,22.85344,154700,1744.5,1740.0
2025-10-07 13:00:00,46.05,46.85,46.05,46.85,83300,23.405892,154350,1744.3,1740.0
2025-10-07 13:01:00,46.85,46.85,46.85,46.85,0,23.268599,154350,1744.7,1740.0
2025-10-07 13:02:00,46.85,46.85,46.8,46.8,83650,23.169781,154350,1744.9,1740.0
2025-10-07 13:03:00,46.8,46.8,46.8,46.8,0,23.377179,154350,1744.3,1740.0
2025-10-07 13:04:00,46.8,46.8,46.8,46.8,0,23.44637,154350,1744.1,1740.0
2025-10-07 13:05:00,46.8,46.8,46.8,46.8,0,23.481163,154350,1744.0,1740.0
2025-10-07 13:06:00,46.8,46.8,46.8,46.8,0,23.515923,154350,1743.9,1740.0
2025-10-07 13:07:00,46.8,46.8,46.8,46.8,0,24.026616,154350,1742.4,1740.0
2025-10-07 13:08:00,46.8,46.8,46.8,46.8,0,23.585347,154350,1743.7,1740.0
2025-10-07 13:09:00,46.8,46.8,46.8,46.8,0,23.688261,154350,1743.4,1740.0
2025-10-07 13:10:00,46.8,46.8,46.8,46.8,0,23.620505,154350,1743.6,1740.0
2025-10-07 13:11:00,46.8,46.8,46.8,46.8,0,23.655139,154350,1743.5,1740.0
2025-10-07 13:12:00,46.8,46.8,46.05,46.05,85750,23.475728,154350,1742.7,1740.0
2025-10-07 13:13:00,46.05,46.05,46.05,46.05,0,23.374285,154350,1743.0,1740.0
2025-10-07 13:14:00,46.05,46.05,46.05,46.05,0,23.476707,154350,1742.7,1740.0
2025-10-07 13:15:00,46.05,46.05,46.05,46.05,0,23.44325,154350,1742.8,1740.0
2025-10-07 13:16:00,46.05,46.05,46.05,46.05,0,23.273523,154350,1743.3,1740.0
2025-10-07 13:17:00,46.05,46.05,46.05,46.05,0,23.239868,154350,1743.4,1740.0
2025-10-07 13:18:00,46.05,46.05,46.05,46.05,0,23.171972,154350,1743.6,1740.0
2025-10-07 13:19:00,46.05,46.05,46.05,46.05,0,23.172458,154350,1743.6,1740.0
2025-10-07 13:20:00,46.05,46.05,46.05,46.05,0,23.241328,154350,1743.4,1740.0
2025-10-07 13:21:00,46.05,46.05,46.05,46.05,0,23.173429,154350,1743.6,1740.0
2025-10-07 13:22:00,46.05,46.05,46.05,46.05,0,23.480624,154350,1742.7,1740.0
2025-10-07 13:23:00,46.05,46.05,46.0,46.0,88200,23.654038,155050,1742.1,1740.0
2025-10-07 13:24:00,46.0,46.0,46.0,46.0,0,23.553139,155050,1742.4,1740.0
2025-10-07 13:25:00,46.0,46.0,45.45,45.45,89250,23.154368,155050,1742.6,1740.0
2025-10-07 13:26:00,45.45,45.45,45.45,45.45,0,23.222688,155050,1742.4,1740.0
2025-10-07 13:27:00,45.45,46.0,45.45,46.0,89600,23.418979,155050,1742.8,1740.0
2025-10-07 13:28:00,46.0,46.0,46.0,46.0,0,23.588931,155050,1742.3,1740.0
2025-10-07 13:29:00,46.0,46.0,44.75,44.75,89950,23.307697,155400,1740.9,1740.0
2025-10-07 13:30:00,44.75,44.75,44.75,44.75,0,23.441803,155400,1740.5,1740.0
2025-10-07 13:31:00,44.75,44.75,44.45,44.45,91700,23.09461,155400,1741.0,1740.0
2025-10-07 13:32:00,44.45,44.45,44.45,44.45,0,23.027995,155400,1741.2,1740.0
2025-10-07 13:33:00,44.45,44.75,44.45,44.75,92050,24.202542,155050,1738.2,1740.0
2025-10-07 13:34:00,44.75,44.75,43.2,43.55,700,23.743309,155050,1737.4,1740.0
2025-10-07 13:35:00,43.55,43.55,43.55,43.55,0,23.678715,155050,1737.6,1740.0
2025-10-07 13:36:00,43.55,43.55,43.55,43.55,93100,23.352115,155050,1738.6,1740.0
2025-10-07 13:37:00,43.55,43.55,43.55,43.55,0,23.28684,155050,1738.8,1740.0
2025-10-07 13:38:00,43.55,43.55,43.55,43.55,0,23.155456,155050,1739.2,1740.0
2025-10-07 13:39:00,43.55,43.55,43.55,43.55,0,23.056727,155050,1739.5,1740.0
2025-10-07 13:40:00,43.55,43.55,43.55,43.55,0,23.189431,155050,1739.1,1740.0
2025-10-07 13:41:00,43.55,43.55,43.55,43.55,0,23.189914,155050,1739.1,1740.0
2025-10-07 13:42:00,43.55,43.55,43.55,43.55,0,23.124341,155050,1739.3,1740.0
2025-10-07 13:43:00,43.55,43.55,43.55,43.55,0,23.223861,155050,1739.0,1740.0
2025-10-07 13:44:00,43.55,43.55,43.55,43.55,0,23.092231,155050,1739.4,1740.0
2025-10-07 13:45:00,43.55,43.55,43.55,43.55,0,23.191842,155050,1739.1,1740.0
2025-10-07 13:46:00,43.55,44.2,43.55,44.2,93800,23.450951,155050,1739.5,1740.0
2025-10-07 13:47:00,44.2,44.2,44.2,44.2,0,23.35205,155050,1739.8,1740.0
2025-10-07 13:48:00,44.2,44.2,44.2,44.2,0,23.385695,155050,1739.7,1740.0
2025-10-07 13:49:00,44.2,44.2,44.2,44.2,0,23.945488,155050,1738.0,1740.0
2025-10-07 13:50:00,44.2,44.2,43.6,43.6,94500,23.911031,155050,1737.0,1740.0
2025-10-07 13:51:00,43.6,43.6,43.6,43.6,0,24.04096,155050,1736.6,1740.0
2025-10-07 13:52:00,43.6,43.6,43.6,43.6,0,24.234829,155050,1736.0,1740.0
2025-10-07 13:53:00,43.6,43.6,43.6,43.6,0,24.041947,155050,1736.6,1740.0
2025-10-07 13:54:00,43.6,43.6,43.6,43.6,0,24.010121,155050,1736.7,1740.0
2025-10-07 13:55:00,43.6,43.6,43.6,43.6,0,24.010614,155050,1736.7,1740.0
2025-10-07 13:56:00,43.6,43.6,43.6,43.6,0,23.816619,155400,1737.3,1740.0
2025-10-07 13:57:00,43.6,43.6,43.6,43.6,0,23.882047,155400,1737.1,1740.0
2025-10-07 13:58:00,43.6,43.8,43.6,43.8,95200,23.611453,155400,1738.3,1740.0
2025-10-07 13:59:00,43.8,43.8,43.8,43.8,0,23.480657,155400,1738.7,1740.0
2025-10-07 14:00:00,43.8,43.8,43.8,43.8,0,23.448251,155400,1738.8,1740.0
2025-10-07 14:01:00,43.8,43.8,43.8,43.8,0,23.841597,155400,1737.6,1740.0
2025-10-07 14:02:00,43.8,43.8,43.8,43.8,0,23.776889,155400,1737.8,1740.0
2025-10-07 14:03:00,43.8,43.8,43.8,43.8,0,23.548306,155400,1738.5,1740.0
2025-10-07 14:04:00,43.8,43.8,43.8,43.8,0,23.35134,155400,1739.1,1740.0
2025-10-07 14:05:00,43.8,44.0,43.8,44.0,95900,24.191019,155050,1736.9,1740.0
2025-10-07 14:06:00,44.0,44.0,44.0,44.0,0,24.353097,155050,1736.4,1740.0
2025-10-07 14:07:00,44.0,44.0,44.0,44.0,0,24.353596,155050,1736.4,1740.0
2025-10-07 14:08:00,44.0,44.0,44.0,44.0,0,24.354094,155050,1736.4,1740.0
2025-10-07 14:09:00,44.0,44.0,44.0,44.0,0,24.386833,155050,1736.3,1740.0
2025-10-07 14:10:00,44.0,44.0,44.0,44.0,0,24.290534,155050,1736.6,1740.0
2025-10-07 14:11:00,44.0,44.0,44.0,44.0,0,24.355591,155050,1736.4,1740.0
2025-10-07 14:12:00,44.0,44.0,44.0,44.0,0,24.581247,155050,1735.7,1740.0
2025-10-07 14:13:00,44.0,44.0,44.0,44.0,0,24.259709,155050,1736.7,1740.0
2025-10-07 14:14:00,44.0,44.0,44.0,44.0,0,24.130668,155050,1737.1,1740.0
2025-10-07 14:15:00,44.0,44.0,44.0,44.0,0,24.325318,155050,1736.5,1740.0
2025-10-07 14:16:00,44.0,44.0,44.0,44.0,0,24.293522,155050,1736.6,1740.0
2025-10-07 14:17:00,44.0,44.0,44.0,44.0,0,24.132155,155050,1737.1,1740.0
2025-10-07 14:18:00,44.0,44.0,44.0,44.0,0,24.326814,155050,1736.5,1740.0
2025-10-07 14:19:00,44.0,44.0,44.0,44.0,0,24.456239,155050,1736.1,1740.0
2025-10-07 14:20:00,44.0,44.0,44.0,44.0,0,24.360082,155050,1736.4,1740.0
2025-10-07 14:21:00,44.0,44.0,44.0,44.0,0,24.392826,155050,1736.3,1740.0
2025-10-07 14:22:00,44.0,44.0,44.0,44.0,0,24.425545,155050,1736.2,1740.0
2025-10-07 14:23:00,44.0,44.0,44.0,44.0,0,24.361579,155050,1736.4,1740.0
2025-10-07 14:24:00,44.0,44.0,44.0,44.0,0,24.362078,155050,1736.4,1740.0
2025-10-07 14:25:00,44.0,44.0,42.6,42.6,96600,23.843363,155750,1735.4,1740.0
2025-10-07 14:26:00,42.6,43.55,42.6,43.55,2100,24.285976,155750,1735.8,1740.0
2025-10-07 14:27:00,43.55,43.55,42.15,42.15,97300,23.445773,155750,1735.8,1740.0
2025-10-07 14:28:00,42.15,42.15,42.15,42.15,0,23.542577,155750,1735.5,1740.0
2025-10-07 14:29:00,42.15,42.5,42.15,42.5,99750,23.913213,156450,1735.0,1740.0
2025-10-07 14:30:00,42.5,42.5,42.15,42.15,1750,23.447226,156450,1735.8,1740.0
2025-10-07 14:31:00,42.15,42.15,42.15,42.15,0,23.383362,156450,1736.0,1740.0
2025-10-07 14:32:00,42.15,42.15,42.15,42.15,0,23.480329,156450,1735.7,1740.0
2025-10-07 14:33:00,42.15,42.15,42.15,42.15,0,23.319872,156450,1736.2,1740.0
2025-10-07 14:34:00,42.15,42.15,42.15,42.15,0,23.288086,156450,1736.3,1740.0
2025-10-07 14:35:00,42.15,42.15,42.15,42.15,0,23.992442,156450,1734.1,1740.0
2025-10-07 14:36:00,42.15,42.15,42.1,42.1,102200,23.740297,155750,1734.8,1740.0
2025-10-07 14:37:00,42.1,42.1,42.1,42.1,0,24.153261,155750,1733.5,1740.0
2025-10-07 14:38:00,42.1,42.1,42.0,42.0,102550,23.840376,155750,1734.3,1740.0
2025-10-07 14:39:00,42.0,42.0,42.0,42.0,0,23.649808,155750,1734.9,1740.0
2025-10-07 14:40:00,42.0,42.0,42.0,42.0,0,23.522411,155750,1735.3,1740.0
2025-10-07 14:41:00,42.0,42.0,42.0,42.0,103250,23.586891,155750,1735.1,1740.0
2025-10-07 14:42:00,42.0,42.0,42.0,42.0,0,23.330767,155750,1735.9,1740.0
2025-10-07 14:43:00,42.0,42.0,42.0,42.0,0,23.619822,155750,1735.0,1740.0
2025-10-07 14:44:00,42.0,42.0,41.9,41.9,103950,23.560253,155750,1735.0,1740.0
2025-10-07 14:45:00,41.9,41.9,41.9,41.9,0,23.40067,155750,1735.5,1740.0
2025-10-07 14:46:00,41.9,41.9,41.9,41.9,0,23.272622,155750,1735.9,1740.0
2025-10-07 14:47:00,41.9,41.9,41.9,41.9,0,23.657444,155750,1734.7,1740.0
2025-10-07 14:48:00,41.9,41.9,41.9,41.9,0,23.273587,155750,1735.9,1740.0
2025-10-07 14:49:00,41.9,41.9,41.9,41.9,0,23.722114,155750,1734.5,1740.0
2025-10-07 14:50:00,41.9,41.9,41.9,41.9,0,23.658904,155750,1734.7,1740.0
2025-10-07 14:51:00,41.9,41.9,41.9,41.9,0,23.723089,155750,1734.5,1740.0
2025-10-07 14:52:00,41.9,41.9,41.9,41.9,0,23.62799,155750,1734.8,1740.0
2025-10-07 14:53:00,41.9,41.9,41.9,41.9,0,23.692227,155750,1734.6,1740.0
2025-10-07 14:54:00,41.9,41.9,41.9,41.9,0,23.597049,155750,1734.9,1740.0
2025-10-07 14:55:00,41.9,42.3,41.9,42.3,104650,23.677862,155750,1735.4,1740.0
2025-10-07 14:56:00,42.3,42.3,42.3,42.3,0,23.549941,155750,1735.8,1740.0
2025-10-07 14:57:00,42.3,42.3,42.3,42.3,0,23.453842,155750,1736.1,1740.0
2025-10-07 14:58:00,42.3,42.3,42.3,42.3,0,23.486549,155750,1736.0,1740.0
2025-10-07 14:59:00,42.3,42.3,42.3,42.3,0,23.454812,155750,1736.1,1740.0
2025-10-07 15:00:00,42.3,42.3,42.3,42.3,105000,24.189888,155750,1733.8,1740.0
2025-10-07 15:01:00,42.3,42.3,42.3,42.3,0,24.253638,155750,1733.6,1740.0
2025-10-07 15:02:00,42.3,42.3,42.3,42.3,0,24.411853,155750,1733.1,1740.0
2025-10-07 15:03:00,42.3,42.3,42.3,42.3,0,24.12802,155750,1734.0,1740.0
2025-10-07 15:04:00,42.3,42.3,42.3,42.3,0,24.0333,155750,1734.3,1740.0
2025-10-07 15:05:00,42.3,42.3,42.3,42.3,0,23.393191,155750,1736.3,1740.0
2025-10-07 15:06:00,42.3,42.3,42.3,42.3,0,23.490432,155750,1736.0,1740.0
2025-10-07 15:07:00,42.3,42.3,42.3,42.3,0,23.779767,155750,1735.1,1740.0
2025-10-07 15:08:00,42.3,42.3,42.3,42.3,0,23.587922,155750,1735.7,1740.0
2025-10-07 15:09:00,42.3,42.6,42.3,42.6,109550,23.381236,155750,1736.9,1740.0
2025-10-07 15:10:00,42.6,43.0,42.6,43.0,350,23.329151,155750,1737.8,1740.0
2025-10-07 15:11:00,43.0,43.0,43.0,43.0,0,23.264206,155750,1738.0,1740.0
2025-10-07 15:12:00,43.0,43.0,43.0,43.0,0,22.968833,155750,1738.9,1740.0
2025-10-07 15:13:00,43.0,43.0,43.0,43.0,0,23.428539,155750,1737.5,1740.0
2025-10-07 15:14:00,43.0,43.3,43.0,43.3,110250,23.544202,155750,1737.7,1740.0
2025-10-07 15:15:00,43.3,43.3,43.3,43.3,0,23.381095,155750,1738.2,1740.0
2025-10-07 15:16:00,43.3,44.85,43.3,44.85,111650,24.314041,155750,1738.2,1740.0
2025-10-07 15:17:00,44.85,44.85,44.85,44.85,0,23.820458,155750,1739.7,1740.0
2025-10-07 15:18:00,44.85,44.85,44.55,44.55,112000,23.838771,155750,1739.1,1740.0
2025-10-07 15:19:00,44.55,45.0,44.55,45.0,350,23.44488,155750,1741.1,1740.0
2025-10-07 15:20:00,45.0,45.0,44.55,44.55,112700,24.298954,155750,1737.7,1740.0
2025-10-07 15:21:00,44.55,44.55,44.55,44.55,0,24.46217,155750,1737.2,1740.0
2025-10-07 15:22:00,44.55,44.55,44.55,44.55,0,24.689385,155750,1736.5,1740.0
2025-10-07 15:23:00,44.55,44.55,44.55,44.55,0,24.818882,155750,1736.1,1740.0
2025-10-07 15:24:00,44.55,44.55,44.55,44.55,0,24.851574,155750,1736.0,1740.0
2025-10-07 15:25:00,44.55,44.55,44.55,44.55,0,25.172594,155750,1735.0,1740.0
2025-10-07 15:26:00,44.55,44.55,44.55,44.55,0,24.884751,155750,1735.9,1740.0
2025-10-07 15:27:00,44.55,45.0,44.55,45.0,117600,25.18785,155750,1735.8,1740.0
2025-10-07 15:28:00,45.0,45.0,43.95,44.0,700,25.066605,155750,1734.3,1740.0
2025-10-07 15:29:00,44.0,44.0,43.15,43.15,118300,25.18724,151550,1732.3,1740.0
2025-10-08 09:15:00,43.45,43.45,43.45,43.45,0,25.1262,0,1734.8,1740.0
2025-10-08 09:16:00,44.6,44.6,44.6,44.6,700,24.715215,151550,1738.2,1740.0
2025-10-08 09:17:00,44.6,47.35,44.6,47.35,5600,23.011274,151550,1748.0,1740.0
2025-10-08 09:18:00,47.35,47.85,47.35,47.85,4200,25.461832,151550,1741.9,1740.0
2025-10-08 09:19:00,47.85,48.15,46.2,47.0,8050,24.390189,150500,1743.5,1740.0
2025-10-08 09:20:00,47.0,47.0,47.0,47.0,0,25.077813,150500,1741.5,1740.0
2025-10-08 09:21:00,47.0,47.0,45.0,45.0,13300,25.02911,150500,1738.0,1740.0
2025-10-08 09:22:00,45.0,45.1,45.0,45.1,1050,25.421165,150850,1737.0,1740.0
2025-10-08 09:23:00,45.1,46.15,45.1,46.15,14350,24.626056,150850,1741.3,1740.0
2025-10-08 09:24:00,46.15,47.0,46.15,47.0,1750,24.219068,150850,1744.0,1740.0
2025-10-08 09:25:00,47.0,47.05,47.0,47.05,18550,25.179199,151200,1741.3,1740.0
2025-10-08 09:26:00,47.05,47.1,47.05,47.05,8050,25.383198,151200,1740.7,1740.0
2025-10-08 09:27:00,47.05,47.05,45.55,45.55,18900,24.633109,151200,1740.2,1740.0
2025-10-08 09:28:00,45.55,45.55,45.55,45.55,0,25.699745,151200,1737.0,1740.0
2025-10-08 09:29:00,45.55,45.55,45.3,45.3,27300,25.283274,153300,1737.8,1740.0
2025-10-08 09:30:00,45.3,45.3,45.3,45.3,0,25.316901,153300,1737.7,1740.0
2025-10-08 09:31:00,45.3,45.3,45.3,45.3,0,25.085217,153300,1738.4,1740.0
2025-10-08 09:32:00,45.3,45.3,45.3,45.3,0,25.778603,153300,1736.3,1740.0
2025-10-08 09:33:00,45.3,45.3,44.0,44.0,27650,25.407332,153300,1735.0,1740.0
2025-10-08 09:34:00,44.0,44.15,43.2,43.9,7000,25.379107,153300,1734.9,1740.0
2025-10-08 09:35:00,43.9,44.55,43.9,44.55,29050,24.992615,153300,1737.3,1740.0
2025-10-08 09:36:00,44.55,45.4,44.55,45.0,8050,25.136439,153300,1737.7,1740.0
2025-10-08 09:37:00,45.0,45.0,45.0,45.0,0,25.236129,153300,1737.4,1740.0
2025-10-08 09:38:00,45.0,45.0,45.0,45.0,0,25.598271,153300,1736.3,1740.0
2025-10-08 09:39:00,45.0,45.0,44.15,44.35,37800,25.462219,155750,1735.5,1740.0
2025-10-08 09:40:00,44.35,44.35,44.0,44.0,350,24.856166,155750,1736.7,1740.0
2025-10-08 09:41:00,44.0,44.0,44.0,44.0,0,24.757999,155750,1737.0,1740.0
2025-10-08 09:42:00,44.0,44.0,44.0,44.0,0,24.692596,155750,1737.2,1740.0
2025-10-08 09:43:00,44.0,44.85,44.0,44.85,38850,25.081395,156100,1737.6,1740.0
2025-10-08 09:44:00,44.85,44.85,44.4,44.4,350,25.462923,156100,1735.6,1740.0
2025-10-08 09:45:00,44.4,44.4,44.4,44.4,0,25.267566,156100,1736.2,1740.0
2025-10-08 09:46:00,44.4,47.0,44.4,47.0,42700,26.564088,155400,1737.1,1740.0
2025-10-08 09:47:00,47.0,47.0,45.7,46.4,1050,25.232197,155400,1740.0,1740.0
2025-10-08 09:48:00,46.4,47.25,46.4,47.0,45500,25.70135,155400,1739.7,1740.0
2025-10-08 09:49:00,47.0,47.0,46.3,46.3,2450,25.003229,158900,1740.5,1740.0
2025-10-08 09:50:00,46.3,47.4,46.3,47.4,45850,25.543044,158900,1740.9,1740.0
2025-10-08 09:51:00,47.4,47.4,47.0,47.15,3850,25.356334,158900,1741.0,1740.0
2025-10-08 09:52:00,47.15,48.0,47.15,48.0,47950,25.435501,160300,1742.3,1740.0
2025-10-08 09:53:00,48.0,49.6,48.0,49.6,22050,25.310476,160300,1745.5,1740.0
2025-10-08 09:54:00,49.6,50.0,49.45,49.45,51800,25.323828,160300,1745.2,1740.0
2025-10-08 09:55:00,49.45,49.45,49.45,49.45,0,25.603569,160300,1744.4,1740.0
2025-10-08 09:56:00,49.45,50.3,49.45,50.3,75250,25.74324,155400,1745.5,1740.0
2025-10-08 09:57:00,50.3,50.3,50.15,50.15,700,25.475704,155400,1746.0,1740.0
2025-10-08 09:58:00,50.15,50.2,50.15,50.2,76300,25.542263,155400,1745.9,1740.0
2025-10-08 09:59:00,50.2,50.2,49.95,50.05,2100,25.415158,155400,1746.0,1740.0
2025-10-08 10:00:00,50.05,50.05,50.0,50.0,77700,25.314346,155400,1746.2,1740.0
2025-10-08 10:01:00,50.0,50.0,50.0,50.0,11200,25.066977,153300,1746.9,1740.0
2025-10-08 10:02:00,50.0,50.0,50.0,50.0,0,25.031965,153300,1747.0,1740.0
2025-10-08 10:03:00,50.0,50.0,48.65,49.05,91700,25.152375,153300,1745.0,1740.0
2025-10-08 10:04:00,49.05,49.05,48.5,48.5,350,25.232409,149100,1743.8,1740.0
2025-10-08 10:05:00,48.5,48.7,48.5,48.7,92750,25.217098,149100,1744.2,1740.0
2025-10-08 10:06:00,48.7,48.7,48.7,48.7,0,25.113165,149100,1744.5,1740.0
2025-10-08 10:07:00,48.7,49.2,48.7,49.2,93450,25.629892,148400,1743.9,1740.0
2025-10-08 10:08:00,49.2,49.2,49.2,49.2,350,25.941075,148400,1743.0,1740.0
2025-10-08 10:09:00,49.2,49.2,49.2,49.2,0,26.010334,148400,1742.8,1740.0
2025-10-08 10:10:00,49.2,49.2,48.1,48.45,96950,25.10072,148750,1744.1,1740.0
2025-10-08 10:11:00,48.45,49.0,48.45,49.0,350,25.888566,148750,1742.8,1740.0
2025-10-08 10:12:00,49.0,49.0,49.0,49.0,0,25.5096,148750,1743.9,1740.0
2025-10-08 10:13:00,49.0,49.0,48.85,48.85,97650,25.383183,148400,1744.0,1740.0
2025-10-08 10:14:00,48.85,48.85,48.2,48.2,350,25.157172,148400,1743.5,1740.0
2025-10-08 10:15:00,48.2,49.4,48.2,49.4,98000,25.757257,148400,1743.9,1740.0
2025-10-08 10:16:00,49.4,49.4,49.4,49.4,700,25.792427,148400,1743.8,1740.0
2025-10-08 10:17:00,49.4,50.2,49.4,50.2,100450,25.446888,148400,1746.2,1740.0
2025-10-08 10:18:00,50.2,50.2,50.0,50.0,2100,25.780413,148400,1744.9,1740.0
2025-10-08 10:19:00,50.0,50.45,50.0,50.45,100800,25.813177,148400,1745.6,1740.0
2025-10-08 10:20:00,50.45,50.45,49.8,49.8,3150,26.006002,148400,1743.9,1740.0
2025-10-08 10:21:00,49.8,49.8,49.8,49.8,0,26.21371,148400,1743.3,1740.0
2025-10-08 10:22:00,49.8,49.8,49.8,49.8,0,26.007104,148400,1743.9,1740.0
2025-10-08 10:23:00,49.8,49.8,49.25,49.25,105350,25.703999,148750,1743.8,1740.0
2025-10-08 10:24:00,49.25,49.25,49.25,49.25,0,26.52718,148750,1741.4,1740.0
2025-10-08 10:25:00,49.25,49.25,49.25,49.25,0,25.946732,148750,1743.1,1740.0
2025-10-08 10:26:00,49.25,49.25,49.25,49.25,0,26.016059,148750,1742.9,1740.0
2025-10-08 10:27:00,49.25,49.25,49.25,49.25,0,26.188056,148750,1742.4,1740.0
2025-10-08 10:28:00,49.25,49.25,48.55,48.55,106050,25.345374,148400,1743.6,1740.0
2025-10-08 10:29:00,48.55,48.55,48.55,48.55,0,25.449621,148400,1743.3,1740.0
2025-10-08 10:30:00,48.55,48.55,48.55,48.55,0,25.553601,148400,1743.0,1740.0
2025-10-08 10:31:00,48.55,48.55,48.55,48.55,0,25.346993,148400,1743.6,1740.0
2025-10-08 10:32:00,48.55,48.55,48.5,48.5,107800,25.108505,148400,1744.2,1740.0
2025-10-08 10:33:00,48.5,48.5,48.5,48.5,0,25.039368,148400,1744.4,1740.0
2025-10-08 10:34:00,48.5,49.0,48.5,49.0,108150,25.208211,148750,1744.8,1740.0
2025-10-08 10:35:00,49.0,49.0,49.0,49.0,0,24.963283,148750,1745.5,1740.0
2025-10-08 10:36:00,49.0,51.8,49.0,51.25,117600,25.537334,148750,1747.8,1740.0
2025-10-08 10:37:00,51.25,51.9,51.25,51.9,2800,25.437017,149100,1749.2,1740.0
2025-10-08 10:38:00,51.9,52.4,51.75,51.75,119000,25.524979,149100,1748.7,1740.0
2025-10-08 10:39:00,51.75,52.0,51.35,52.0,5950,25.57221,149100,1749.0,1740.0
2025-10-08 10:40:00,41.4,42.85,41.4,42.85,347550,25.750364,124250,1750.8,1760.0
2025-10-08 10:41:00,42.85,43.0,42.7,43.0,9800,25.623112,124250,1751.5,1760.0
2025-10-08 10:42:00,43.0,43.6,43.0,43.25,358050,25.366142,124250,1752.8,1760.0
2025-10-08 10:43:00,43.25,44.1,43.25,44.0,21350,26.323547,127400,1751.2,1760.0
2025-10-08 10:44:00,44.0,44.45,43.15,44.45,373800,25.998807,127400,1753.1,1760.0
2025-10-08 10:45:00,44.45,45.8,44.45,45.8,33600,25.791781,127400,1756.3,1760.0
2025-10-08 10:46:00,45.8,47.65,45.8,47.45,403200,26.368757,145250,1757.6,1760.0
2025-10-08 10:47:00,47.45,47.8,46.55,47.2,59500,26.737785,145250,1756.0,1760.0
2025-10-08 10:48:00,47.2,47.2,46.5,47.0,408800,26.584901,145250,1756.1,1760.0
2025-10-08 10:49:00,47.0,47.0,45.8,46.0,71750,26.334253,164500,1755.0,1760.0
2025-10-08 10:50:00,46.0,46.0,45.65,46.0,411250,26.334803,164500,1755.0,1760.0
2025-10-08 10:51:00,46.0,46.4,46.0,46.4,78050,26.577565,164500,1755.0,1760.0
2025-10-08 10:52:00,46.4,46.4,45.5,45.5,420350,26.448485,165900,1753.7,1760.0
2025-10-08 10:53:00,45.5,45.5,43.7,43.7,88550,25.896589,165900,1752.0,1760.0
2025-10-08 10:54:00,43.7,44.45,43.65,43.65,433650,26.055026,165900,1751.4,1760.0
2025-10-08 10:55:00,43.65,43.65,43.5,43.65,89250,25.961575,156100,1751.7,1760.0
2025-10-08 10:56:00,43.65,43.65,43.4,43.4,435750,25.401164,156100,1753.0,1760.0
2025-10-08 10:57:00,43.4,44.9,43.4,44.0,94500,26.268635,156100,1751.4,1760.0
2025-10-08 10:58:00,44.0,44.0,42.5,42.65,443100,25.763347,154700,1750.4,1760.0
2025-10-08 10:59:00,42.65,42.65,42.6,42.6,96250,25.515549,154700,1751.1,1760.0
2025-10-08 11:00:00,42.6,42.9,42.6,42.9,445550,25.853673,154700,1750.6,1760.0
2025-10-08 11:01:00,42.9,42.9,42.9,42.9,0,25.760748,154700,1750.9,1760.0
2025-10-08 11:02:00,54.0,54.0,52.15,52.55,215250,26.033206,207900,1748.7,1740.0
2025-10-08 11:03:00,52.55,52.55,51.65,52.3,138600,25.518084,207900,1749.7,1740.0
2025-10-08 11:04:00,52.3,52.3,50.3,50.3,223300,25.463499,216300,1746.4,1740.0
2025-10-08 11:05:00,50.3,50.3,50.1,50.2,144550,25.543567,216300,1746.0,1740.0
2025-10-08 11:06:00,50.2,50.2,50.05,50.05,229250,25.451563,216300,1746.0,1740.0
2025-10-08 11:07:00,50.05,50.05,49.5,49.5,146300,24.864682,217700,1746.7,1740.0
2025-10-08 11:08:00,49.5,49.5,49.5,49.5,0,24.936244,217700,1746.5,1740.0
2025-10-08 11:09:00,49.5,49.5,46.8,46.8,406350,24.944789,217700,1741.7,1740.0
2025-10-08 11:10:00,46.8,46.8,46.5,46.5,3500,25.371694,212450,1739.9,1740.0
2025-10-08 11:11:00,46.5,47.3,46.5,47.3,412650,24.806741,212450,1743.0,1740.0
2025-10-08 11:12:00,47.3,47.3,47.3,47.3,0,24.738132,212450,1743.2,1740.0
2025-10-08 11:13:00,47.3,47.3,47.3,47.3,0,24.87682,212450,1742.8,1740.0
2025-10-08 11:14:00,47.3,47.5,47.3,47.5,416500,25.445943,212800,1741.5,1740.0
2025-10-08 11:15:00,47.5,47.5,47.05,47.05,2100,25.812846,212800,1739.6,1740.0
2025-10-08 11:16:00,47.05,47.05,45.25,45.25,451850,25.010268,197750,1738.7,1740.0
2025-10-08 11:17:00,45.25,46.2,45.25,45.95,15750,25.105151,197750,1739.7,1740.0
2025-10-08 11:18:00,45.95,45.95,45.0,45.0,456750,25.223802,197750,1737.6,1740.0
2025-10-08 11:19:00,45.0,45.0,44.95,44.95,16800,25.193673,196000,1737.6,1740.0
2025-10-08 11:20:00,44.95,44.95,44.9,44.9,457100,25.394727,196000,1736.9,1740.0
2025-10-08 11:21:00,44.9,44.9,44.2,44.2,21000,24.900129,196000,1737.1,1740.0
2025-10-08 11:22:00,44.2,45.0,44.2,45.0,458850,25.391189,196000,1737.1,1740.0
2025-10-08 11:23:00,45.0,46.0,45.0,46.0,23450,25.540868,192850,1738.5,1740.0
2025-10-08 11:24:00,46.0,46.25,45.95,45.95,465850,25.410636,192850,1738.8,1740.0
2025-10-08 11:25:00,45.95,47.55,45.9,47.55,27650,25.482619,192850,1741.5,1740.0
2025-10-08 11:26:00,47.55,48.0,47.55,48.0,466900,25.759724,196350,1741.5,1740.0
2025-10-08 11:27:00,48.0,48.1,48.0,48.1,31850,25.821726,196350,1741.5,1740.0
2025-10-08 11:28:00,48.1,48.1,48.1,48.1,0,25.342669,196350,1742.9,1740.0
2025-10-08 11:29:00,48.1,48.2,47.5,47.5,500150,25.454051,194950,1741.5,1740.0
2025-10-08 11:30:00,47.5,47.5,46.6,46.6,1050,25.477524,194950,1739.8,1740.0
2025-10-08 11:31:00,46.6,46.6,46.3,46.5,504000,25.146496,194950,1740.6,1740.0
2025-10-08 11:32:00,46.5,47.0,46.5,47.0,1400,25.318535,191450,1741.0,1740.0
2025-10-08 11:33:00,47.0,47.0,47.0,47.0,504350,25.488587,191450,1740.5,1740.0
2025-10-08 11:34:00,47.0,47.0,46.65,46.65,2450,25.274122,191450,1740.5,1740.0
2025-10-08 11:35:00,46.65,46.65,46.65,46.65,0,25.240795,191100,1740.6,1740.0
2025-10-08 11:36:00,46.65,46.65,46.65,46.65,0,25.241331,191100,1740.6,1740.0
2025-10-08 11:37:00,46.65,46.65,46.65,46.65,0,25.241868,191100,1740.6,1740.0
2025-10-08 11:38:00,46.65,46.65,46.4,46.4,508200,25.66093,191100,1738.9,1740.0
2025-10-08 11:39:00,46.4,46.95,46.4,46.95,350,25.663642,191100,1739.9,1740.0
2025-10-08 11:40:00,46.95,46.95,46.95,46.95,508550,25.765081,191100,1739.6,1740.0
2025-10-08 11:41:00,46.95,46.95,46.95,46.95,0,25.664728,191100,1739.9,1740.0
2025-10-08 11:42:00,46.95,46.95,46.55,46.55,510650,25.486946,191450,1739.7,1740.0
2025-10-08 11:43:00,46.55,46.55,46.45,46.45,350,25.358744,191450,1739.9,1740.0
2025-10-08 11:44:00,46.45,46.7,44.9,44.9,516250,25.57201,191450,1736.4,1740.0
2025-10-08 11:45:00,44.9,44.9,42.75,42.75,7000,25.452577,191450,1732.7,1740.0
2025-10-08 11:46:00,42.75,42.9,42.75,42.75,517650,25.164642,191100,1733.6,1740.0
2025-10-08 11:47:00,42.75,43.95,42.75,43.95,9800,25.318141,191100,1735.4,1740.0
2025-10-08 11:48:00,43.95,44.35,43.25,43.5,520800,25.818008,191100,1733.0,1740.0
2025-10-08 11:49:00,43.5,43.75,42.7,42.7,13650,25.647142,189700,1732.0,1740.0
2025-10-08 11:50:00,42.7,44.0,42.7,44.0,521850,25.480556,189700,1735.0,1740.0
2025-10-08 11:51:00,44.0,44.0,44.0,44.0,0,25.837037,189700,1733.9,1740.0
2025-10-08 11:52:00,44.0,44.0,44.0,44.0,0,25.481628,189700,1735.0,1740.0
2025-10-08 11:53:00,44.0,44.0,44.0,44.0,0,25.514643,189700,1734.9,1740.0
2025-10-08 11:54:00,44.0,44.0,44.0,44.0,538650,25.838661,189700,1733.9,1740.0
2025-10-08 11:55:00,44.0,44.0,44.0,44.0,0,25.450733,189700,1735.1,1740.0
2025-10-08 11:56:00,44.0,44.1,43.6,44.1,540050,25.836548,189700,1734.1,1740.0
2025-10-08 11:57:00,44.1,44.1,43.4,43.4,3150,25.50463,189700,1733.8,1740.0
2025-10-08 11:58:00,43.4,43.4,43.4,43.4,0,25.440699,189700,1734.0,1740.0
2025-10-08 11:59:00,43.4,44.05,43.4,44.05,544950,25.839782,192850,1734.0,1740.0
2025-10-08 12:00:00,44.05,44.05,44.05,44.05,0,25.840324,192850,1734.0,1740.0
2025-10-08 12:01:00,44.05,44.05,44.05,44.05,0,26.066095,192850,1733.3,1740.0
2025-10-08 12:02:00,44.05,44.05,43.35,43.35,545300,25.701561,194250,1733.1,1740.0
2025-10-08 12:03:00,43.35,43.35,43.35,43.35,1050,25.412714,194250,1734.0,1740.0
2025-10-08 12:04:00,43.35,43.35,43.35,43.35,0,25.734676,194250,1733.0,1740.0
2025-10-08 12:05:00,43.35,43.35,42.85,42.85,547050,25.396571,194250,1733.1,1740.0
2025-10-08 12:06:00,42.85,42.85,42.85,42.85,350,25.365043,194250,1733.2,1740.0
2025-10-08 12:07:00,42.85,42.85,42.85,42.85,547400,25.493683,194250,1732.8,1740.0
2025-10-08 12:08:00,42.85,42.85,42.85,42.85,0,25.844638,194250,1731.7,1740.0
2025-10-08 12:09:00,42.85,42.85,42.85,42.85,0,25.718066,194250,1732.1,1740.0
2025-10-08 12:10:00,42.85,42.85,42.85,42.85,0,25.335089,194250,1733.3,1740.0
2025-10-08 12:11:00,42.85,42.85,42.85,42.85,548100,25.271378,194950,1733.5,1740.0
2025-10-08 12:12:00,42.85,42.85,42.85,42.85,0,25.046301,194950,1734.2,1740.0
2025-10-08 12:13:00,42.85,42.85,42.85,42.85,0,25.04683,194950,1734.2,1740.0
2025-10-08 12:14:00,42.85,44.5,42.85,44.5,553000,25.897496,195300,1734.7,1740.0
2025-10-08 12:15:00,44.5,44.5,43.95,44.15,3850,25.909784,195300,1734.0,1740.0
2025-10-08 12:16:00,44.15,44.5,44.15,44.5,553350,26.478502,195300,1732.9,1740.0
2025-10-08 12:17:00,44.5,44.5,43.25,43.25,4200,25.261958,191100,1734.3,1740.0
2025-10-08 12:18:00,43.25,43.25,43.25,43.25,0,25.26249,191100,1734.3,1740.0
2025-10-08 12:19:00,43.25,43.25,43.2,43.2,558250,25.490308,191100,1733.5,1740.0
2025-10-08 12:20:00,43.2,43.2,43.05,43.05,350,25.751083,191100,1732.4,1740.0
2025-10-08 12:21:00,43.05,43.05,43.05,43.05,0,26.006086,191100,1731.6,1740.0
2025-10-08 12:22:00,43.05,43.05,43.05,43.05,558950,25.752162,191100,1732.4,1740.0
2025-10-08 12:23:00,43.05,43.05,43.05,43.05,0,25.68886,191100,1732.6,1740.0
2025-10-08 12:24:00,43.05,43.05,41.9,41.9,559650,25.270466,191100,1731.7,1740.0
2025-10-08 12:25:00,41.9,41.9,41.9,41.9,0,25.397742,191100,1731.3,1740.0
2025-10-08 12:26:00,41.9,42.0,41.9,42.0,560700,25.396299,191100,1731.5,1740.0
2025-10-08 12:27:00,42.0,42.05,42.0,42.05,350,25.10949,191100,1732.5,1740.0
2025-10-08 12:28:00,42.05,42.05,42.05,42.05,0,25.014161,191100,1732.8,1740.0
2025-10-08 12:29:00,42.05,42.75,42.05,42.75,561400,25.444113,190050,1732.8,1740.0
2025-10-08 12:30:00,42.75,42.75,42.75,42.75,0,25.699844,190050,1732.0,1740.0
2025-10-08 12:31:00,42.75,42.75,42.75,42.75,0,25.95415,190050,1731.2,1740.0
2025-10-08 12:32:00,42.75,42.75,42.75,42.75,0,25.986316,190050,1731.1,1740.0
2025-10-08 12:33:00,42.75,42.75,42.75,42.75,0,25.986858,190050,1731.1,1740.0
2025-10-08 12:34:00,42.75,42.75,41.7,42.6,564550,25.768732,189700,1731.5,1740.0
2025-10-08 12:35:00,42.6,42.75,42.6,42.75,1050,25.190629,189350,1733.6,1740.0
2025-10-08 12:36:00,42.75,42.75,42.75,42.75,0,25.191161,189350,1733.6,1740.0
2025-10-08 12:37:00,42.75,42.75,42.75,42.75,0,25.544269,189350,1732.5,1740.0
2025-10-08 12:38:00,42.75,43.0,42.75,43.0,566650,25.730116,188300,1732.4,1740.0
2025-10-08 12:39:00,43.0,43.0,43.0,43.0,350,25.634837,188300,1732.7,1740.0
2025-10-08 12:40:00,43.0,43.0,43.0,43.0,0,25.635375,188300,1732.7,1740.0
2025-10-08 12:41:00,43.0,43.0,43.0,43.0,0,25.635913,188300,1732.7,1740.0
2025-10-08 12:42:00,43.0,43.2,43.0,43.2,567350,25.823078,189350,1732.5,1740.0
2025-10-08 12:43:00,43.2,43.2,43.2,43.2,0,25.91931,189350,1732.2,1740.0
2025-10-08 12:44:00,43.2,43.2,43.2,43.2,0,25.919852,189350,1732.2,1740.0
2025-10-08 12:45:00,43.2,43.2,43.2,43.2,0,25.856621,189350,1732.4,1740.0
2025-10-08 12:46:00,43.2,43.75,43.2,43.75,569100,25.584234,189700,1734.3,1740.0
2025-10-08 12:47:00,43.75,44.5,43.75,44.5,3500,25.850513,189000,1734.9,1740.0
2025-10-08 12:48:00,44.5,44.95,44.5,44.95,569450,26.192143,189000,1734.7,1740.0
2025-10-08 12:49:00,44.95,44.95,44.95,44.95,0,26.192692,189000,1734.7,1740.0
2025-10-08 12:50:00,44.95,44.95,44.95,44.95,0,26.095819,189000,1735.0,1740.0
2025-10-08 12:51:00,44.95,44.95,44.5,44.5,573650,26.208652,189000,1733.8,1740.0
2025-10-08 12:52:00,44.5,44.5,44.5,44.5,0,26.402193,189000,1733.2,1740.0
2025-10-08 12:53:00,44.5,44.5,44.5,44.5,0,26.338503,189000,1733.4,1740.0
2025-10-08 12:54:00,44.5,44.5,44.5,44.5,0,26.403295,189000,1733.2,1740.0
2025-10-08 12:55:00,44.5,44.5,44.35,44.35,574000,25.924961,189350,1734.4,1740.0
2025-10-08 12:56:00,44.35,44.35,44.35,44.35,0,25.763336,189350,1734.9,1740.0
2025-10-08 12:57:00,44.35,44.35,44.25,44.25,575050,25.604905,189000,1735.2,1740.0
2025-10-08 12:58:00,44.25,44.65,44.25,44.65,350,26.240038,189000,1734.0,1740.0
2025-10-08 12:59:00,44.65,44.65,44.65,44.65,0,26.175978,189000,1734.2,1740.0
2025-10-08 13:00:00,44.65,44.65,44.65,44.65,0,26.370085,189000,1733.6,1740.0
2025-10-08 13:01:00,44.65,44.65,43.95,43.95,576450,25.844306,188300,1733.9,1740.0
2025-10-08 13:02:00,43.95,43.95,43.95,43.95,0,25.715613,187600,1734.3,1740.0
2025-10-08 13:03:00,43.95,43.95,43.95,43.95,0,25.618979,187600,1734.6,1740.0
2025-10-08 13:04:00,43.95,43.95,43.7,43.7,577500,25.466055,187600,1734.6,1740.0
2025-10-08 13:05:00,43.7,43.7,43.7,43.7,0,25.854048,187600,1733.4,1740.0
2025-10-08 13:06:00,43.7,43.7,43.7,43.7,0,25.661284,187600,1734.0,1740.0
2025-10-08 13:07:00,43.7,43.7,43.7,43.7,0,25.661823,187600,1734.0,1740.0
2025-10-08 13:08:00,43.7,43.7,43.7,43.7,0,25.468202,187600,1734.6,1740.0
2025-10-08 13:09:00,43.7,43.7,43.7,43.7,0,25.306273,187600,1735.1,1740.0
2025-10-08 13:10:00,43.7,43.7,43.7,43.7,0,25.469276,187600,1734.6,1740.0
2025-10-08 13:11:00,43.7,43.7,43.7,43.7,0,25.372404,187600,1734.9,1740.0
2025-10-08 13:12:00,43.7,44.3,43.7,43.9,578200,25.430673,187950,1735.1,1740.0
2025-10-08 13:13:00,43.9,43.9,43.9,43.9,0,25.463751,187950,1735.0,1740.0
2025-10-08 13:14:00,43.9,43.9,43.9,43.9,0,25.496807,187950,1734.9,1740.0
2025-10-08 13:15:00,43.9,43.9,43.55,43.55,578550,25.895809,188300,1733.0,1740.0
2025-10-08 13:16:00,43.55,43.55,43.55,43.55,0,25.542285,188300,1734.1,1740.0
2025-10-08 13:17:00,43.55,43.55,43.55,43.55,0,25.639668,188300,1733.8,1740.0
2025-10-08 13:18:00,43.55,43.55,43.55,43.55,0,25.640207,188300,1733.8,1740.0
2025-10-08 13:19:00,43.55,43.55,43.55,43.55,0,25.705195,188300,1733.6,1740.0
2025-10-08 13:20:00,43.55,43.55,43.55,43.55,0,25.770091,188300,1733.4,1740.0
2025-10-08 13:21:00,43.55,43.55,43.55,43.55,0,25.899069,188300,1733.0,1740.0
2025-10-08 13:22:00,43.55,43.85,43.55,43.85,582400,26.33962,188300,1732.2,1740.0
2025-10-08 13:23:00,43.85,43.85,43.0,43.0,350,25.754406,185150,1732.4,1740.0
2025-10-08 13:24:00,43.0,43.1,43.0,43.1,582750,25.912031,185150,1732.1,1740.0
2025-10-08 13:25:00,43.1,43.1,43.1,43.1,0,25.848809,185150,1732.3,1740.0
2025-10-08 13:26:00,43.1,43.1,43.1,43.1,0,25.849351,185150,1732.3,1740.0
2025-10-08 13:27:00,43.1,43.1,43.1,43.1,0,25.849894,185150,1732.3,1740.0
2025-10-08 13:28:00,43.1,43.1,43.1,43.1,0,26.041471,185150,1731.7,1740.0
2025-10-08 13:29:00,43.1,43.1,43.1,43.1,0,25.882872,185150,1732.2,1740.0
2025-10-08 13:30:00,43.1,43.1,43.1,43.1,0,25.947139,185150,1732.0,1740.0
2025-10-08 13:31:00,43.1,43.1,43.05,43.05,585550,25.85325,185150,1732.2,1740.0
2025-10-08 13:32:00,43.05,43.05,43.05,43.05,0,25.789977,185150,1732.4,1740.0
2025-10-08 13:33:00,43.05,43.05,43.05,43.05,0,25.726613,185150,1732.6,1740.0
2025-10-08 13:34:00,43.05,43.05,43.05,43.05,0,25.502757,185150,1733.3,1740.0
2025-10-08 13:35:00,43.05,43.05,42.9,42.9,585900,25.346851,185850,1733.5,1740.0
2025-10-08 13:36:00,42.9,42.9,42.9,42.9,0,25.315188,185850,1733.6,1740.0
2025-10-08 13:37:00,42.9,43.15,42.9,43.15,586250,25.210826,185850,1734.4,1740.0
2025-10-08 13:38:00,43.15,43.15,43.15,43.15,350,25.758743,185850,1732.7,1740.0
2025-10-08 13:39:00,43.15,43.15,43.15,43.15,0,25.759283,185850,1732.7,1740.0
2025-10-08 13:40:00,43.15,43.15,43.15,43.15,0,25.759824,185850,1732.7,1740.0
2025-10-08 13:41:00,43.15,43.15,43.15,43.15,0,25.535784,185850,1733.4,1740.0
2025-10-08 13:42:00,43.15,43.15,43.15,43.15,0,25.63271,185850,1733.1,1740.0
2025-10-08 13:43:00,43.15,43.15,43.15,43.15,0,25.536861,185850,1733.4,1740.0
2025-10-08 13:44:00,43.15,43.15,43.15,43.15,0,25.537397,185850,1733.4,1740.0
2025-10-08 13:45:00,43.15,43.15,43.15,43.15,0,25.537935,185850,1733.4,1740.0
2025-10-08 13:46:00,43.15,43.15,43.15,43.15,0,25.570628,185850,1733.3,1740.0
2025-10-08 13:47:00,43.15,43.15,43.15,43.15,0,25.571166,185850,1733.3,1740.0
2025-10-08 13:48:00,43.15,43.15,43.15,43.15,0,25.571705,185850,1733.3,1740.0
2025-10-08 13:49:00,43.15,43.15,43.15,43.15,0,25.540086,185850,1733.4,1740.0
2025-10-08 13:50:00,43.15,43.15,43.15,43.15,0,25.572781,185850,1733.3,1740.0
2025-10-08 13:51:00,43.15,43.15,43.15,43.15,0,25.541163,185850,1733.4,1740.0
2025-10-08 13:52:00,43.15,43.15,43.15,43.15,0,25.541701,185850,1733.4,1740.0
2025-10-08 13:53:00,43.15,43.15,43.15,43.15,0,25.413371,185850,1733.8,1740.0
2025-10-08 13:54:00,43.15,43.15,43.15,43.15,0,25.47839,185850,1733.6,1740.0
2025-10-08 13:55:00,43.15,43.15,42.0,42.0,586950,24.93322,185850,1733.1,1740.0
2025-10-08 13:56:00,42.0,42.0,41.7,41.7,700,24.717329,185850,1733.2,1740.0
2025-10-08 13:57:00,41.7,41.7,41.5,41.5,590450,24.659177,185850,1733.0,1740.0
2025-10-08 13:58:00,41.5,41.5,41.5,41.5,0,24.691763,185850,1732.9,1740.0
2025-10-08 13:59:00,41.5,41.5,41.5,41.5,0,24.660223,185850,1733.0,1740.0
2025-10-08 14:00:00,41.5,41.5,41.5,41.5,0,24.660746,185850,1733.0,1740.0
2025-10-08 14:01:00,41.5,42.45,41.5,42.45,592200,25.21287,186550,1733.1,1740.0
2025-10-08 14:02:00,42.45,42.45,42.45,42.45,350,25.245493,186550,1733.0,1740.0
2025-10-08 14:03:00,42.45,42.45,42.45,42.45,0,25.692883,186550,1731.6,1740.0
2025-10-08 14:04:00,42.45,42.45,41.0,41.0,594300,25.244545,186550,1730.2,1740.0
2025-10-08 14:05:00,51.3,51.3,51.25,51.25,350,25.221044,66500,1729.9,1720.0
2025-10-08 14:06:00,51.25,51.25,51.0,51.0,30100,26.515525,65800,1725.9,1720.0
2025-10-08 14:07:00,51.0,51.0,49.65,49.65,1050,25.240074,65800,1727.1,1720.0
2025-10-08 14:08:00,49.65,49.65,49.65,49.65,0,26.345146,65450,1724.0,1720.0
2025-10-08 14:09:00,49.65,49.65,49.65,49.65,0,26.310548,65450,1724.1,1720.0
2025-10-08 14:10:00,49.65,49.65,48.5,48.5,43750,25.451408,65450,1724.5,1720.0
2025-10-08 14:11:00,48.5,48.5,46.9,46.9,700,24.804835,59850,1723.5,1720.0
2025-10-08 14:12:00,46.9,46.9,46.75,46.75,44450,25.236082,59850,1722.0,1720.0
2025-10-08 14:13:00,46.75,46.75,46.75,46.75,1050,25.062587,59850,1722.5,1720.0
2025-10-08 14:14:00,46.75,46.85,46.75,46.85,45150,25.160402,58800,1722.4,1720.0
2025-10-08 14:15:00,46.85,46.85,46.7,46.7,1400,25.448919,58800,1721.3,1720.0
2025-10-08 14:16:00,46.7,46.7,46.7,46.7,0,25.31112,58800,1721.7,1720.0
2025-10-08 14:17:00,46.7,46.7,46.7,46.7,47600,25.207589,58800,1722.0,1720.0
2025-10-08 14:18:00,46.7,46.7,46.7,46.7,0,25.103784,58800,1722.3,1720.0
2025-10-08 14:19:00,46.7,46.7,46.7,46.7,47950,24.894794,59500,1722.9,1720.0
2025-10-08 14:20:00,46.7,46.7,46.7,46.7,0,25.035142,59500,1722.5,1720.0
2025-10-08 14:21:00,46.7,46.7,46.7,46.7,0,24.930865,59500,1722.8,1720.0
2025-10-08 14:22:00,46.7,46.7,46.7,46.7,0,24.438461,59500,1724.2,1720.0
2025-10-08 14:23:00,46.7,46.7,46.7,46.7,0,23.140028,59500,1727.8,1720.0
2025-10-08 14:24:00,46.7,49.9,46.7,49.9,48300,25.006694,59150,1728.2,1720.0
2025-10-08 14:25:00,49.9,49.9,49.9,49.9,0,25.080184,59150,1728.0,1720.0
2025-10-08 14:26:00,49.9,49.9,49.9,49.9,48650,24.861445,59500,1728.6,1720.0
2025-10-08 14:27:00,49.9,49.9,49.9,49.9,0,25.226744,59500,1727.6,1720.0
2025-10-08 14:28:00,49.9,49.9,49.9,49.9,0,25.154624,59500,1727.8,1720.0
2025-10-08 14:29:00,49.9,49.9,49.9,49.9,0,24.936309,59500,1728.4,1720.0
2025-10-08 14:30:00,39.25,40.0,39.25,40.0,618450,24.674757,186550,1730.1,1740.0
2025-10-08 14:31:00,40.0,40.0,40.0,40.0,0,24.454923,186550,1730.8,1740.0
2025-10-08 14:32:00,40.0,40.95,40.0,40.95,618800,24.849761,186550,1731.4,1740.0
2025-10-08 14:33:00,40.95,40.95,40.95,40.95,1750,25.134768,186200,1730.5,1740.0
2025-10-08 14:34:00,51.6,51.6,51.6,51.6,0,25.420418,59850,1730.0,1720.0
2025-10-08 14:35:00,40.95,40.95,40.8,40.8,621950,24.790805,187950,1731.3,1740.0
2025-10-08 14:36:00,40.8,41.0,40.8,41.0,1400,24.691912,187950,1732.0,1740.0
2025-10-08 14:37:00,41.0,41.65,41.0,41.65,622650,25.028317,187950,1732.2,1740.0
2025-10-08 14:38:00,41.65,41.65,40.95,40.95,2100,24.789441,187950,1731.6,1740.0
2025-10-08 14:39:00,40.95,40.95,40.95,40.95,0,24.758194,187950,1731.7,1740.0
2025-10-08 14:40:00,40.95,40.95,40.95,40.95,625100,25.106953,188650,1730.6,1740.0
2025-10-08 14:41:00,51.6,51.6,51.6,51.6,0,25.792124,59500,1729.0,1720.0
2025-10-08 14:42:00,51.6,51.6,51.6,51.6,0,25.461775,59500,1729.9,1720.0
2025-10-08 14:43:00,40.5,40.5,40.5,40.5,0,24.92624,188650,1730.3,1740.0
2025-10-08 14:44:00,40.5,40.5,40.5,40.5,0,24.737599,188650,1730.9,1740.0
2025-10-08 14:45:00,40.5,40.5,40.5,40.5,0,24.801268,188650,1730.7,1740.0
2025-10-08 14:46:00,40.5,41.1,40.5,41.1,625800,24.66296,188650,1732.3,1740.0
2025-10-08 14:47:00,41.1,41.1,41.1,41.1,0,25.044951,188650,1731.1,1740.0
2025-10-08 14:48:00,41.1,41.1,41.1,41.1,0,24.664006,188650,1732.3,1740.0
2025-10-08 14:49:00,41.1,41.85,41.1,41.85,626850,25.061819,188650,1732.5,1740.0
2025-10-08 14:50:00,41.85,41.85,41.85,41.85,0,25.823385,188650,1730.1,1740.0
2025-10-08 14:51:00,50.5,50.5,50.5,50.5,0,25.105696,59500,1729.0,1720.0
2025-10-08 14:52:00,40.15,40.15,40.15,40.15,0,24.747096,189350,1730.2,1740.0
2025-10-08 14:53:00,50.5,50.8,50.5,50.8,50750,25.148458,59150,1729.4,1720.0
2025-10-08 14:54:00,40.15,40.75,40.15,40.75,628950,25.085837,189000,1730.3,1740.0
2025-10-08 14:55:00,40.75,40.75,40.75,40.75,0,25.149264,189000,1730.1,1740.0
2025-10-08 14:56:00,40.75,40.75,40.75,40.75,0,25.086895,189000,1730.3,1740.0
2025-10-08 14:57:00,40.75,40.75,40.05,40.7,630000,25.088121,189000,1730.2,1740.0
2025-10-08 14:58:00,51.3,51.3,51.3,51.3,0,25.502786,59500,1729.3,1720.0
2025-10-08 14:59:00,51.3,51.3,51.3,51.3,0,26.411432,59500,1726.8,1720.0
2025-10-08 15:00:00,51.3,51.3,51.3,51.3,0,26.340119,59500,1727.0,1720.0
2025-10-08 15:01:00,51.3,51.3,51.3,51.3,0,26.484313,59500,1726.6,1720.0
2025-10-08 15:02:00,51.3,51.3,51.3,51.3,0,26.556503,59500,1726.4,1720.0
2025-10-08 15:03:00,51.3,51.3,51.3,51.3,0,26.664274,59500,1726.1,1720.0
2025-10-08 15:04:00,51.3,51.3,51.3,51.3,0,26.664842,59500,1726.1,1720.0
2025-10-08 15:05:00,51.3,51.3,51.3,51.3,0,26.593971,59500,1726.3,1720.0
2025-10-08 15:06:00,51.3,51.3,51.3,51.3,0,26.271487,59500,1727.2,1720.0
2025-10-08 15:07:00,51.3,51.3,51.3,51.3,0,26.380024,59500,1726.9,1720.0
2025-10-08 15:08:00,51.3,51.3,51.3,51.3,0,26.809628,59500,1725.7,1720.0
2025-10-08 15:09:00,51.3,51.3,48.6,48.6,52150,25.404368,59850,1724.9,1720.0
2025-10-08 15:10:00,48.6,48.6,48.6,48.6,0,25.298168,59850,1725.2,1720.0
2025-10-08 15:11:00,48.6,48.6,48.6,48.6,0,25.899832,59850,1723.5,1720.0
2025-10-08 15:12:00,48.6,48.6,48.6,48.6,0,25.970516,59850,1723.3,1720.0
2025-10-08 15:13:00,48.6,48.6,48.6,48.6,0,26.041082,59850,1723.1,1720.0
2025-10-08 15:14:00,48.6,48.6,48.6,48.6,0,25.655066,59850,1724.2,1720.0
2025-10-08 15:15:00,48.6,48.6,46.2,46.2,52850,25.273111,59500,1721.0,1720.0
2025-10-08 15:16:00,46.2,46.95,46.2,46.95,1400,25.116635,59500,1722.8,1720.0
2025-10-08 15:17:00,46.95,47.85,46.95,47.85,54250,24.473358,59500,1726.2,1720.0
2025-10-08 15:18:00,47.85,49.25,47.85,49.25,2450,25.638413,57750,1725.4,1720.0
2025-10-08 15:19:00,49.25,49.25,49.25,49.25,0,25.352753,57750,1726.2,1720.0
2025-10-08 15:20:00,49.25,49.25,49.25,49.25,0,25.603852,57750,1725.5,1720.0
2025-10-08 15:21:00,49.25,49.25,49.25,49.25,0,25.853365,57750,1724.8,1720.0
2025-10-08 15:22:00,49.25,49.25,49.25,49.25,0,26.030803,57750,1724.3,1720.0
2025-10-08 15:23:00,49.25,49.25,49.25,49.25,0,25.854473,57750,1724.8,1720.0
2025-10-08 15:24:00,49.25,49.25,49.25,49.25,0,25.855027,57750,1724.8,1720.0
2025-10-08 15:25:00,49.25,49.25,49.25,49.25,0,25.212116,57750,1726.6,1720.0
2025-10-08 15:26:00,49.25,49.5,49.25,49.5,57750,25.189002,59150,1727.1,1720.0
2025-10-08 15:27:00,49.5,49.5,49.3,49.3,350,25.46024,59150,1726.0,1720.0
2025-10-08 15:28:00,49.3,49.3,49.3,49.3,0,26.556652,59150,1722.9,1720.0
2025-10-08 15:29:00,49.3,49.3,49.3,49.3,0,27.008278,59150,1721.6,1720.0
2025-10-09 09:15:00,48.1,48.1,48.1,48.1,0,27.428382,0,1720.0,1720.0
2025-10-09 09:16:00,48.1,48.1,48.1,48.1,0,26.269389,0,1723.3,1720.0
2025-10-09 09:17:00,48.1,48.1,48.1,48.1,0,26.376701,0,1723.0,1720.0
2025-10-09 09:18:00,48.1,48.1,48.1,48.1,0,25.442786,0,1725.6,1720.0
2025-10-09 09:19:00,48.1,48.1,48.1,48.1,0,26.199817,0,1723.5,1720.0
2025-10-09 09:20:00,48.1,48.1,48.1,48.1,0,24.820561,0,1727.3,1720.0
2025-10-09 09:21:00,48.1,48.1,48.1,48.1,0,24.747094,0,1727.5,1720.0
2025-10-09 09:22:00,51.0,54.05,50.0,54.05,1050,27.926942,60200,1729.2,1720.0
2025-10-09 09:23:00,54.05,54.05,54.05,54.05,0,28.148989,60200,1728.6,1720.0
2025-10-09 09:24:00,54.05,54.05,54.05,54.05,0,28.039031,60200,1728.9,1720.0
2025-10-09 09:25:00,40.2,40.2,40.2,40.2,0,25.216422,192500,1730.7,1740.0
2025-10-09 09:26:00,40.2,41.4,40.2,41.1,12600,25.781431,193200,1730.7,1740.0
2025-10-09 09:27:00,41.1,41.1,40.45,40.45,700,25.40639,193200,1730.6,1740.0
2025-10-09 09:28:00,40.45,41.35,40.45,41.35,14000,25.714099,193200,1731.4,1740.0
2025-10-09 09:29:00,41.35,41.35,41.35,41.35,0,25.907804,193200,1730.8,1740.0
2025-10-09 09:30:00,41.35,41.35,40.85,41.05,15750,25.591549,193200,1731.2,1740.0
2025-10-09 09:31:00,53.2,53.2,53.2,53.2,0,27.12793,59850,1729.9,1720.0
2025-10-09 09:32:00,41.05,41.05,40.0,40.0,16100,25.062738,193200,1730.8,1740.0
2025-10-09 09:33:00,40.0,42.0,40.0,42.0,2100,25.441783,193200,1733.5,1740.0
2025-10-09 09:34:00,42.0,42.0,42.0,42.0,0,24.615416,191800,1736.0,1740.0
2025-10-09 09:35:00,42.0,42.7,42.0,42.7,19250,25.420722,191800,1734.9,1740.0
2025-10-09 09:36:00,42.7,42.7,42.7,42.7,350,24.955242,192150,1736.3,1740.0
2025-10-09 09:37:00,42.7,42.95,42.7,42.95,27300,24.944926,192150,1736.8,1740.0
2025-10-09 09:38:00,42.95,43.6,42.95,43.6,5600,25.117461,192150,1737.5,1740.0
2025-10-09 09:39:00,43.6,43.6,43.6,43.6,0,25.387379,192150,1736.7,1740.0
2025-10-09 09:40:00,43.6,43.6,43.1,43.1,33950,25.641227,190750,1735.0,1740.0
2025-10-09 09:41:00,43.1,43.1,41.65,41.7,2800,25.126861,190750,1733.9,1740.0
2025-10-09 09:42:00,41.7,42.65,41.7,42.65,34300,25.426368,190750,1734.8,1740.0
2025-10-09 09:43:00,42.65,42.65,41.5,41.5,3850,25.881076,190050,1731.2,1740.0
2025-10-09 09:44:00,41.5,41.5,41.5,41.5,0,25.817147,190050,1731.4,1740.0
2025-10-09 09:45:00,41.5,41.5,39.8,40.4,38850,25.352909,189000,1730.7,1740.0
2025-10-09 09:46:00,40.4,40.4,40.3,40.3,3500,25.194351,189000,1731.0,1740.0
2025-10-09 09:47:00,40.3,40.3,40.3,40.3,0,24.969217,189000,1731.7,1740.0
2025-10-09 09:48:00,40.3,40.3,40.3,40.3,0,24.710407,189000,1732.5,1740.0
2025-10-09 09:49:00,40.3,40.3,40.3,40.3,0,24.775936,189000,1732.3,1740.0
2025-10-09 09:50:00,40.3,40.3,40.3,40.3,0,24.906161,189000,1731.9,1740.0
2025-10-09 09:51:00,40.3,40.3,40.3,40.3,0,24.906708,189000,1731.9,1740.0
2025-10-09 09:52:00,40.3,40.3,40.3,40.3,0,25.454214,189000,1730.2,1740.0
2025-10-09 09:53:00,40.3,40.3,39.0,39.0,42700,24.670871,186550,1730.1,1740.0
2025-10-09 09:54:00,39.0,39.0,39.0,39.0,2450,24.511478,186550,1730.6,1740.0
2025-10-09 09:55:00,51.8,51.8,51.8,51.8,0,26.393877,57400,1729.5,1720.0
2025-10-09 09:56:00,51.8,51.8,51.8,51.8,0,26.729324,57400,1728.6,1720.0
2025-10-09 09:57:00,39.0,39.0,39.0,39.0,0,24.481035,186550,1730.7,1740.0
2025-10-09 09:58:00,39.0,39.0,39.0,39.0,0,24.545666,186550,1730.5,1740.0
2025-10-09 09:59:00,39.0,39.0,39.0,39.0,0,24.224776,186550,1731.5,1740.0
2025-10-09 10:00:00,39.0,43.1,39.0,43.1,46900,25.652462,186900,1735.0,1740.0
2025-10-09 10:01:00,43.1,43.35,43.1,43.35,1750,25.477186,186900,1736.0,1740.0
2025-10-09 10:02:00,43.35,45.0,43.35,45.0,50400,24.109929,186900,1743.0,1740.0
2025-10-09 10:03:00,45.0,46.95,45.0,46.45,18200,25.27047,186900,1742.3,1740.0
2025-10-09 10:04:00,46.45,46.45,46.45,46.45,51450,25.130532,173950,1742.7,1740.0
2025-10-09 10:05:00,46.45,46.5,46.45,46.5,18900,25.443067,173950,1741.9,1740.0
2025-10-09 10:06:00,46.5,46.5,46.5,46.5,54600,25.198314,174300,1742.6,1740.0
2025-10-09 10:07:00,46.5,46.75,46.5,46.65,20300,24.476493,174300,1744.9,1740.0
2025-10-09 10:08:00,46.65,48.1,46.65,48.0,59850,25.25777,174300,1745.1,1740.0
2025-10-09 10:09:00,48.0,48.1,48.0,48.1,25200,25.996587,175350,1743.2,1740.0
2025-10-09 10:10:00,48.1,48.1,46.85,46.85,60900,25.596266,175350,1742.1,1740.0
2025-10-09 10:11:00,46.85,46.85,44.6,44.6,25900,24.910734,175350,1740.0,1740.0
2025-10-09 10:12:00,44.6,45.15,44.6,45.15,61950,24.562106,175350,1742.0,1740.0
2025-10-09 10:13:00,45.15,46.2,45.15,46.2,26950,25.223772,175000,1742.0,1740.0
2025-10-09 10:14:00,46.2,46.75,46.2,46.75,62300,25.289917,175000,1742.8,1740.0
2025-10-09 10:15:00,36.7,39.75,36.7,39.75,71400,24.834095,140700,1750.1,1760.0
2025-10-09 10:16:00,49.45,49.75,49.45,49.7,70700,25.249178,173950,1748.1,1740.0
2025-10-09 10:17:00,49.7,49.7,49.7,49.7,33600,25.028766,173950,1748.7,1740.0
2025-10-09 10:18:00,49.7,50.9,49.7,50.7,75950,25.18186,174300,1750.0,1740.0
2025-10-09 10:19:00,50.7,51.0,50.65,51.0,34650,25.410353,174300,1749.9,1740.0
2025-10-09 10:20:00,40.55,40.85,40.5,40.7,24850,25.331518,133000,1750.4,1760.0
2025-10-09 10:21:00,50.65,51.3,50.65,51.3,37100,25.56489,173950,1750.0,1740.0
2025-10-09 10:22:00,40.8,40.8,40.7,40.7,26250,25.23743,136500,1750.7,1760.0
2025-10-09 10:23:00,50.95,51.3,50.95,51.3,38500,25.566039,173950,1750.0,1740.0
2025-10-09 10:24:00,51.3,51.3,51.1,51.1,81900,25.439521,173950,1750.0,1740.0
2025-10-09 10:25:00,51.1,51.1,51.1,51.1,39200,25.62589,175700,1749.5,1740.0
2025-10-09 10:26:00,51.1,51.1,51.0,51.0,82950,25.377108,175700,1750.0,1740.0
2025-10-09 10:27:00,51.0,51.4,51.0,51.4,39900,25.631878,175700,1750.0,1740.0
2025-10-09 10:28:00,51.4,51.4,50.85,50.85,85050,25.431747,175700,1749.6,1740.0
2025-10-09 10:29:00,50.85,50.85,50.85,50.85,0,25.395163,175700,1749.7,1740.0
2025-10-09 10:30:00,50.85,50.85,50.15,50.15,126000,24.838894,175700,1750.0,1740.0
2025-10-09 10:31:00,50.15,50.15,50.15,50.15,0,25.725873,174300,1747.6,1740.0
2025-10-09 10:32:00,50.15,50.15,48.2,48.2,134750,25.361773,174300,1745.2,1740.0
2025-10-09 10:33:00,48.2,48.2,48.2,48.2,0,25.754997,174300,1744.1,1740.0
2025-10-09 10:34:00,48.2,48.2,45.3,46.0,137550,25.458208,174650,1741.0,1740.0
2025-10-09 10:35:00,46.0,47.8,46.0,47.8,2100,25.289926,174650,1744.7,1740.0
2025-10-09 10:36:00,47.8,47.8,47.55,47.55,138250,25.488676,174650,1743.7,1740.0
2025-10-09 10:37:00,47.55,47.55,47.55,47.55,0,24.809929,175700,1745.6,1740.0
2025-10-09 10:38:00,47.55,47.75,47.55,47.75,141050,25.044943,175700,1745.3,1740.0
2025-10-09 10:39:00,47.75,47.75,47.75,47.75,0,25.438965,175700,1744.2,1740.0
2025-10-09 10:40:00,47.75,47.75,47.75,47.75,0,25.261179,175700,1744.7,1740.0
2025-10-09 10:41:00,47.75,48.0,47.1,47.1,142800,25.029874,175350,1744.2,1740.0
2025-10-09 10:42:00,47.1,47.1,47.1,47.1,0,24.959084,175350,1744.4,1740.0
2025-10-09 10:43:00,47.1,47.1,47.1,47.1,0,24.600863,175350,1745.4,1740.0
2025-10-09 10:44:00,47.1,47.1,47.1,47.1,0,24.529247,175350,1745.6,1740.0
2025-10-09 10:45:00,47.1,48.95,47.1,48.95,143150,25.265545,174650,1746.8,1740.0
2025-10-09 10:46:00,48.95,48.95,48.95,48.95,0,25.915031,174650,1745.0,1740.0
2025-10-09 10:47:00,48.95,48.95,47.6,47.6,143850,25.632649,175000,1743.4,1740.0
2025-10-09 10:48:00,47.6,47.6,47.6,47.6,0,25.597851,175000,1743.5,1740.0
2025-10-09 10:49:00,47.6,47.6,47.6,47.6,0,25.421113,175000,1744.0,1740.0
2025-10-09 10:50:00,47.6,47.6,47.6,47.6,0,25.528161,175000,1743.7,1740.0
2025-10-09 10:51:00,47.6,47.6,47.6,47.6,144200,25.776089,175700,1743.0,1740.0
2025-10-09 10:52:00,47.6,47.6,47.6,47.6,0,25.564729,175700,1743.6,1740.0
2025-10-09 10:53:00,47.6,48.0,47.6,47.9,144900,26.142001,175700,1742.5,1740.0
2025-10-09 10:54:00,47.9,47.9,47.9,47.9,0,25.363816,175700,1744.7,1740.0
2025-10-09 10:55:00,47.9,47.9,47.9,47.9,0,25.256991,175700,1745.0,1740.0
2025-10-09 10:56:00,47.9,48.5,47.9,48.5,147000,25.385204,175700,1745.7,1740.0
2025-10-09 10:57:00,48.5,48.5,48.5,48.5,0,25.385773,175700,1745.7,1740.0
2025-10-09 10:58:00,48.5,48.5,48.3,48.3,148050,25.151584,176050,1746.0,1740.0
2025-10-09 10:59:00,48.3,48.3,48.3,48.3,0,25.511962,176050,1745.0,1740.0
2025-10-09 11:00:00,48.3,48.3,48.3,48.3,0,24.82594,176050,1746.9,1740.0
2025-10-09 11:01:00,48.3,48.3,48.3,48.3,0,24.972085,176050,1746.5,1740.0
2025-10-09 11:02:00,48.3,49.2,48.3,49.2,150850,24.994862,176050,1748.0,1740.0
2025-10-09 11:03:00,49.2,49.2,49.2,49.2,0,26.011163,176050,1745.2,1740.0
2025-10-09 11:04:00,49.2,49.2,49.2,49.2,0,25.904172,176050,1745.5,1740.0
2025-10-09 11:05:00,49.2,49.2,49.2,49.2,0,26.333316,176050,1744.3,1740.0
2025-10-09 11:06:00,49.2,49.2,49.2,49.2,0,26.048691,176050,1745.1,1740.0
2025-10-09 11:07:00,49.2,49.2,49.2,49.2,0,26.120761,176050,1744.9,1740.0
2025-10-09 11:08:00,49.2,49.2,48.0,48.0,151200,25.219843,176050,1745.3,1740.0
2025-10-09 11:09:00,48.0,48.0,48.0,48.0,0,25.004123,176050,1745.9,1740.0
2025-10-09 11:10:00,48.0,48.0,48.0,48.0,0,25.292798,175700,1745.1,1740.0
2025-10-09 11:11:00,48.0,48.0,48.0,48.0,0,25.185574,175700,1745.4,1740.0
2025-10-09 11:12:00,48.0,48.0,48.0,48.0,0,25.29393,175700,1745.1,1740.0
2025-10-09 11:13:00,48.0,48.0,48.0,48.0,0,25.150704,175700,1745.5,1740.0
2025-10-09 11:14:00,48.0,48.0,48.0,48.0,0,24.970761,175700,1746.0,1740.0
2025-10-09 11:15:00,48.0,48.0,48.0,48.0,0,24.971323,175700,1746.0,1740.0
2025-10-09 11:16:00,48.0,48.0,48.0,48.0,0,24.608231,175700,1747.0,1740.0
2025-10-09 11:17:00,48.0,48.75,48.0,48.75,152950,25.338533,176400,1746.3,1740.0
2025-10-09 11:18:00,48.75,48.75,48.75,48.75,0,25.266592,176400,1746.5,1740.0
2025-10-09 11:19:00,48.75,48.75,48.75,48.75,0,25.158134,176400,1746.8,1740.0
2025-10-09 11:20:00,48.75,48.75,48.75,48.75,0,25.376441,176400,1746.2,1740.0
2025-10-09 11:21:00,48.75,48.75,48.75,48.75,0,25.377011,176400,1746.2,1740.0
2025-10-09 11:22:00,48.75,48.75,48.75,48.75,0,25.123417,176750,1746.9,1740.0
2025-10-09 11:23:00,48.75,48.75,48.75,48.75,0,25.341941,176750,1746.3,1740.0
2025-10-09 11:24:00,48.75,48.75,48.75,48.75,0,25.342509,176750,1746.3,1740.0
2025-10-09 11:25:00,48.75,48.75,48.45,48.45,153650,25.297887,176400,1745.9,1740.0
2025-10-09 11:26:00,48.45,48.45,48.35,48.35,350,25.451323,176400,1745.3,1740.0
2025-10-09 11:27:00,48.35,48.35,48.35,48.35,0,25.451891,176400,1745.3,1740.0
2025-10-09 11:28:00,48.35,48.35,48.35,48.35,0,25.344536,176400,1745.6,1740.0
2025-10-09 11:29:00,48.35,48.35,48.35,48.35,0,25.560657,176400,1745.0,1740.0
2025-10-09 11:30:00,48.35,48.35,47.25,47.25,154350,25.009217,175700,1744.6,1740.0
2025-10-09 11:31:00,47.25,47.25,47.25,47.25,0,24.902263,175700,1744.9,1740.0
2025-10-09 11:32:00,47.25,47.25,47.1,47.1,154700,25.094119,175700,1744.1,1740.0
2025-10-09 11:33:00,47.1,47.1,47.1,47.1,0,24.880269,175700,1744.7,1740.0
2025-10-09 11:34:00,47.1,47.1,47.1,47.1,155050,24.988184,176050,1744.4,1740.0
2025-10-09 11:35:00,47.1,47.1,47.1,47.1,0,24.665753,176050,1745.3,1740.0
2025-10-09 11:36:00,47.1,47.1,47.1,47.1,0,24.810204,176050,1744.9,1740.0
2025-10-09 11:37:00,47.1,47.15,47.1,47.15,155750,24.842381,175700,1744.9,1740.0
2025-10-09 11:38:00,47.15,47.15,47.15,47.15,0,25.129077,175700,1744.1,1740.0
2025-10-09 11:39:00,47.15,47.15,46.15,46.15,157150,24.462028,175700,1744.2,1740.0
2025-10-09 11:40:00,46.15,46.15,46.15,46.15,0,24.712016,175700,1743.5,1740.0
2025-10-09 11:41:00,46.15,46.15,46.15,46.15,0,24.35572,175700,1744.5,1740.0
2025-10-09 11:42:00,46.15,46.15,46.15,46.15,0,24.606422,175700,1743.8,1740.0
2025-10-09 11:43:00,46.15,46.15,46.15,46.15,0,24.428463,175700,1744.3,1740.0
2025-10-09 11:44:00,46.15,46.15,46.15,46.15,0,24.536224,175700,1744.0,1740.0
2025-10-09 11:45:00,46.15,46.15,46.15,46.15,0,24.357918,175700,1744.5,1740.0
2025-10-09 11:46:00,46.15,46.15,46.15,46.15,0,24.750849,175700,1743.4,1740.0
2025-10-09 11:47:00,46.15,46.15,46.15,46.15,0,25.034266,175700,1742.6,1740.0
2025-10-09 11:48:00,46.15,46.3,45.3,45.3,157850,24.779705,175350,1741.8,1740.0
2025-10-09 11:49:00,45.3,45.3,45.3,45.3,0,24.463668,175350,1742.7,1740.0
2025-10-09 11:50:00,45.3,45.3,45.3,45.3,0,23.822937,175700,1744.5,1740.0
2025-10-09 11:51:00,45.3,45.3,45.3,45.3,0,24.109867,175700,1743.7,1740.0
2025-10-09 11:52:00,45.3,45.3,45.3,45.3,0,24.146055,175700,1743.6,1740.0
2025-10-09 11:53:00,45.3,45.3,45.3,45.3,0,24.110957,175700,1743.7,1740.0
2025-10-09 11:54:00,45.3,45.3,45.3,45.3,0,24.147145,175700,1743.6,1740.0
2025-10-09 11:55:00,45.3,46.05,45.3,46.05,158900,25.046057,176400,1742.4,1740.0
2025-10-09 11:56:00,46.05,46.05,44.55,45.35,6300,25.025322,176400,1741.2,1740.0
2025-10-09 11:57:00,45.35,45.35,45.25,45.25,159250,24.718104,176400,1741.9,1740.0
2025-10-09 11:58:00,45.25,45.25,45.25,45.25,0,24.64845,176400,1742.1,1740.0
2025-10-09 11:59:00,45.25,45.75,45.25,45.75,166250,24.71794,177450,1742.8,1740.0
2025-10-09 12:00:00,45.75,45.75,45.75,45.75,0,24.824334,177450,1742.5,1740.0
2025-10-09 12:01:00,45.75,45.8,45.75,45.8,166600,24.43136,177450,1743.7,1740.0
2025-10-09 12:02:00,45.8,46.35,45.8,46.35,700,25.027737,177100,1743.0,1740.0
2025-10-09 12:03:00,46.35,46.35,46.25,46.25,166950,24.787963,177100,1743.5,1740.0
2025-10-09 12:04:00,46.25,46.25,46.25,46.25,0,25.071653,177100,1742.7,1740.0
2025-10-09 12:05:00,46.25,46.25,46.25,46.25,0,24.930902,177100,1743.1,1740.0
2025-10-09 12:06:00,46.25,46.25,46.25,46.25,0,25.283794,177100,1742.1,1740.0
2025-10-09 12:07:00,46.25,46.25,46.25,46.25,0,26.425903,177100,1738.8,1740.0
2025-10-09 12:08:00,46.25,46.25,42.85,44.7,169050,24.691904,176400,1741.0,1740.0
2025-10-09 12:09:00,44.7,44.7,44.7,44.7,0,24.622735,176400,1741.2,1740.0
2025-10-09 12:10:00,44.7,44.7,44.7,44.7,0,24.693009,176400,1741.0,1740.0
2025-10-09 12:11:00,44.7,44.7,44.7,44.7,0,25.040349,176400,1740.0,1740.0
2025-10-09 12:12:00,44.7,44.7,44.7,44.7,0,25.040907,176400,1740.0,1740.0
2025-10-09 12:13:00,44.7,44.7,44.7,44.7,0,24.694668,176400,1741.0,1740.0
2025-10-09 12:14:00,44.7,44.7,44.7,44.7,0,24.79958,176400,1740.7,1740.0
2025-10-09 12:15:00,44.7,44.7,44.7,44.7,0,24.730591,176400,1740.9,1740.0
2025-10-09 12:16:00,44.7,44.7,44.7,44.7,0,25.043139,176400,1740.0,1740.0
2025-10-09 12:17:00,44.7,44.7,44.7,44.7,0,25.181589,176400,1739.6,1740.0
2025-10-09 12:18:00,44.7,44.7,44.7,44.7,0,25.182149,176400,1739.6,1740.0
2025-10-09 12:19:00,44.7,44.7,44.7,44.7,0,25.525433,176400,1738.6,1740.0
2025-10-09 12:20:00,44.7,44.7,43.5,43.5,169400,25.347384,176750,1736.9,1740.0
2025-10-09 12:21:00,43.5,43.5,43.5,43.5,0,25.415293,176750,1736.7,1740.0
2025-10-09 12:22:00,43.5,43.5,41.3,41.3,172550,24.700094,176750,1734.7,1740.0
2025-10-09 12:23:00,41.3,41.75,41.3,41.75,350,24.917299,176750,1734.9,1740.0
2025-10-09 12:24:00,41.75,42.45,41.75,42.35,173250,24.961955,176750,1735.9,1740.0
2025-10-09 12:25:00,42.35,42.35,42.35,42.35,0,24.929038,176750,1736.0,1740.0
2025-10-09 12:26:00,42.35,42.35,41.0,41.0,174300,24.57986,176400,1734.5,1740.0
2025-10-09 12:27:00,41.0,41.0,41.0,41.0,0,25.008572,176400,1733.2,1740.0
2025-10-09 12:28:00,41.0,41.0,41.0,41.0,0,24.910695,176400,1733.5,1740.0
2025-10-09 12:29:00,41.0,41.0,40.3,40.3,175000,24.569422,176400,1733.2,1740.0
2025-10-09 12:30:00,40.3,41.0,40.3,41.0,350,25.042989,176400,1733.1,1740.0
2025-10-09 12:31:00,41.0,41.2,40.95,40.95,176050,24.848038,176750,1733.6,1740.0
2025-10-09 12:32:00,40.95,40.95,40.95,40.95,0,24.8157,176750,1733.7,1740.0
2025-10-09 12:33:00,40.95,40.95,40.95,40.95,0,24.783337,176750,1733.8,1740.0
2025-10-09 12:34:00,40.95,40.95,40.25,40.25,177450,24.83464,176750,1732.3,1740.0
2025-10-09 12:35:00,40.25,40.25,40.25,40.25,0,24.867725,176750,1732.2,1740.0
2025-10-09 12:36:00,40.25,40.25,40.25,40.25,0,24.868274,176750,1732.2,1740.0
2025-10-09 12:37:00,40.25,40.25,40.25,40.25,0,24.868822,176750,1732.2,1740.0
2025-10-09 12:38:00,40.25,40.25,40.25,40.25,0,24.608367,176750,1733.0,1740.0
2025-10-09 12:39:00,40.25,40.25,40.25,40.25,0,24.902436,176750,1732.1,1740.0
2025-10-09 12:40:00,40.25,40.25,40.25,40.25,0,24.902984,176750,1732.1,1740.0
2025-10-09 12:41:00,40.25,40.25,40.25,40.25,0,24.903533,176750,1732.1,1740.0
2025-10-09 12:42:00,40.25,40.25,40.25,40.25,0,24.904082,176750,1732.1,1740.0
2025-10-09 12:43:00,40.25,40.25,40.1,40.1,177800,24.745201,177100,1732.3,1740.0
2025-10-09 12:44:00,40.1,40.1,40.1,40.1,0,24.810805,177100,1732.1,1740.0
2025-10-09 12:45:00,40.1,40.1,40.1,40.1,0,25.102925,177100,1731.2,1740.0
2025-10-09 12:46:00,51.45,52.0,51.45,52.0,22050,26.435804,52500,1730.0,1720.0
2025-10-09 12:47:00,40.1,40.1,40.1,40.1,0,25.168564,177100,1731.0,1740.0
2025-10-09 12:48:00,40.1,40.1,40.1,40.1,0,24.682776,177100,1732.5,1740.0
2025-10-09 12:49:00,40.1,40.1,40.1,40.1,0,24.519986,177100,1733.0,1740.0
2025-10-09 12:50:00,40.1,40.1,40.1,40.1,0,24.846587,177100,1732.0,1740.0
2025-10-09 12:51:00,40.1,40.1,40.1,40.1,0,24.78212,177450,1732.2,1740.0
2025-10-09 12:52:00,40.1,40.1,40.1,40.1,0,25.10679,177450,1731.2,1740.0
2025-10-09 12:53:00,40.1,40.1,40.1,40.1,0,24.977978,177450,1731.6,1740.0
2025-10-09 12:54:00,40.1,40.1,40.1,40.1,0,25.075589,177450,1731.3,1740.0
2025-10-09 12:55:00,40.1,40.1,40.1,40.1,0,24.979079,177450,1731.6,1740.0
2025-10-09 12:56:00,40.1,40.1,40.1,40.1,0,24.52379,177450,1733.0,1740.0
2025-10-09 12:57:00,40.1,40.1,40.1,40.1,0,24.491587,177450,1733.1,1740.0
2025-10-09 12:58:00,40.1,40.1,40.1,40.1,0,24.850975,177450,1732.0,1740.0
2025-10-09 12:59:00,40.1,40.1,40.1,40.1,0,25.336168,177450,1730.5,1740.0
2025-10-09 13:00:00,40.1,40.1,40.1,40.1,0,25.368848,177450,1730.4,1740.0
2025-10-09 13:01:00,40.1,40.1,40.1,40.1,0,25.272963,177450,1730.7,1740.0
2025-10-09 13:02:00,40.1,40.1,40.1,40.1,0,25.337835,177450,1730.5,1740.0
2025-10-09 13:03:00,40.1,40.1,40.1,40.1,0,25.434701,177450,1730.2,1740.0
2025-10-09 13:04:00,40.1,40.1,40.1,40.1,0,24.854266,177450,1732.0,1740.0
2025-10-09 13:05:00,40.1,40.1,40.1,40.1,0,25.016967,177450,1731.5,1740.0
2025-10-09 13:06:00,40.1,40.45,40.1,40.45,178850,25.399432,177800,1731.0,1740.0
2025-10-09 13:07:00,40.45,40.45,40.45,40.45,0,25.335423,177800,1731.2,1740.0
2025-10-09 13:08:00,40.45,40.45,40.45,40.45,0,25.303661,177800,1731.3,1740.0
2025-10-09 13:09:00,40.45,40.45,40.45,40.45,0,25.401106,177800,1731.0,1740.0
2025-10-09 13:10:00,40.45,40.45,40.45,40.45,0,25.012835,177800,1732.2,1740.0
2025-10-09 13:11:00,40.45,40.45,40.45,40.45,0,25.33765,177800,1731.2,1740.0
2025-10-09 13:12:00,40.45,40.45,40.45,40.45,0,25.305886,177800,1731.3,1740.0
2025-10-09 13:13:00,40.45,40.45,40.45,40.45,0,25.01449,177800,1732.2,1740.0
2025-10-09 13:14:00,40.45,40.45,40.45,40.45,0,25.33932,177800,1731.2,1740.0
2025-10-09 13:15:00,40.45,40.45,40.45,40.45,0,25.015594,177800,1732.2,1740.0
2025-10-09 13:16:00,40.45,40.45,40.0,40.0,179200,25.121651,177100,1731.0,1740.0
2025-10-09 13:17:00,40.0,40.0,40.0,40.0,0,25.154449,177100,1730.9,1740.0
2025-10-09 13:18:00,40.0,40.0,40.0,40.0,0,24.603579,177100,1732.6,1740.0
2025-10-09 13:19:00,40.0,40.0,40.0,40.0,179550,24.799542,177100,1732.0,1740.0
2025-10-09 13:20:00,40.0,40.0,40.0,40.0,0,24.702491,177100,1732.3,1740.0
2025-10-09 13:21:00,40.0,40.0,40.0,40.0,0,24.898022,177100,1731.7,1740.0
2025-10-09 13:22:00,40.0,40.0,40.0,40.0,0,24.736143,177100,1732.2,1740.0
2025-10-09 13:23:00,40.0,40.0,40.0,40.0,0,24.769224,177100,1732.1,1740.0
2025-10-09 13:24:00,40.0,40.0,40.0,40.0,0,25.029187,177100,1731.3,1740.0
2025-10-09 13:25:00,40.0,40.0,40.0,40.0,0,24.867782,177100,1731.8,1740.0
2025-10-09 13:26:00,40.0,40.0,40.0,40.0,0,24.997946,177100,1731.4,1740.0
2025-10-09 13:27:00,40.0,40.0,39.65,39.65,179900,24.745724,177100,1731.5,1740.0
2025-10-09 13:28:00,39.65,39.65,39.65,39.65,0,24.907851,177100,1731.0,1740.0
2025-10-09 13:29:00,39.65,39.65,39.65,39.65,0,24.682016,177100,1731.7,1740.0
2025-10-09 13:30:00,39.65,39.65,39.65,39.65,0,24.844387,177100,1731.2,1740.0
2025-10-09 13:31:00,39.65,39.65,39.65,39.65,0,24.780276,177100,1731.4,1740.0
2025-10-09 13:32:00,39.65,39.65,39.65,39.65,0,24.618753,177100,1731.9,1740.0
2025-10-09 13:33:00,39.65,39.65,39.65,39.65,0,25.039446,177100,1730.6,1740.0
2025-10-09 13:34:00,39.65,39.65,39.65,39.65,0,24.781919,177100,1731.4,1740.0
2025-10-09 13:35:00,39.65,39.65,39.6,39.6,180250,25.009051,176750,1730.6,1740.0
2025-10-09 13:36:00,39.6,39.6,39.6,39.6,0,25.105997,176750,1730.3,1740.0
2025-10-09 13:37:00,39.6,39.6,39.6,39.6,0,25.07444,176750,1730.4,1740.0
2025-10-09 13:38:00,53.15,53.15,53.15,53.15,0,27.357114,52850,1729.6,1720.0
2025-10-09 13:39:00,53.15,53.15,53.15,53.15,0,27.207965,52850,1730.0,1720.0
2025-10-09 13:40:00,53.15,53.15,53.15,53.15,0,27.208571,52850,1730.0,1720.0
2025-10-09 13:41:00,38.35,38.35,38.35,38.35,0,23.478961,176750,1732.9,1740.0
2025-10-09 13:42:00,38.35,40.05,38.35,40.05,183050,24.778581,176750,1732.2,1740.0
2025-10-09 13:43:00,40.05,40.05,40.05,40.05,0,24.189031,176750,1734.0,1740.0
2025-10-09 13:44:00,40.05,40.05,40.05,40.05,0,24.420036,176750,1733.3,1740.0
2025-10-09 13:45:00,40.05,40.7,40.05,40.7,183400,24.764218,176400,1733.5,1740.0
2025-10-09 13:46:00,40.7,40.7,40.35,40.6,1750,24.931373,177100,1732.8,1740.0
2025-10-09 13:47:00,40.6,41.0,40.6,41.0,184100,24.657245,177100,1734.4,1740.0
2025-10-09 13:48:00,41.0,41.0,41.0,41.0,0,24.856034,177100,1733.8,1740.0
2025-10-09 13:49:00,41.0,41.0,41.0,41.0,0,24.625211,177100,1734.5,1740.0
2025-10-09 13:50:00,41.0,41.0,41.0,41.0,0,24.691995,177100,1734.3,1740.0
2025-10-09 13:51:00,41.0,41.0,41.0,41.0,0,24.692544,177100,1734.3,1740.0
2025-10-09 13:52:00,41.0,41.0,41.0,41.0,0,24.891191,177100,1733.7,1740.0
2025-10-09 13:53:00,41.0,41.0,41.0,41.0,0,25.056129,177100,1733.2,1740.0
2025-10-09 13:54:00,41.0,41.0,41.0,41.0,0,25.187748,177100,1732.8,1740.0
2025-10-09 13:55:00,41.0,41.0,41.0,41.0,0,25.351591,177100,1732.3,1740.0
2025-10-09 13:56:00,41.0,41.0,41.0,41.0,0,25.254249,177100,1732.6,1740.0
2025-10-09 13:57:00,41.0,41.0,41.0,41.0,0,24.728919,177100,1734.2,1740.0
2025-10-09 13:58:00,41.0,41.0,41.0,41.0,0,24.729468,177100,1734.2,1740.0
2025-10-09 13:59:00,41.0,41.0,41.0,41.0,0,24.829116,177100,1733.9,1740.0
2025-10-09 14:00:00,41.0,41.0,41.0,41.0,0,24.796658,177100,1734.0,1740.0
2025-10-09 14:01:00,41.0,41.0,41.0,41.0,0,24.565429,177100,1734.7,1740.0
2025-10-09 14:02:00,41.0,41.0,41.0,41.0,0,24.499516,177100,1734.9,1740.0
2025-10-09 14:03:00,41.0,41.0,41.0,41.0,0,24.599713,177100,1734.6,1740.0
2025-10-09 14:04:00,41.0,41.0,41.0,41.0,0,24.099569,177800,1736.1,1740.0
2025-10-09 14:05:00,41.0,41.0,41.0,41.0,0,24.10011,177800,1736.1,1740.0
2025-10-09 14:06:00,41.0,41.0,41.0,41.0,0,24.501701,177800,1734.9,1740.0
2025-10-09 14:07:00,41.0,41.0,41.0,41.0,0,24.63507,177800,1734.5,1740.0
2025-10-09 14:08:00,41.0,41.3,40.65,41.3,187600,24.890889,177800,1734.3,1740.0
2025-10-09 14:09:00,41.3,41.3,41.3,41.3,0,24.6591,177800,1735.0,1740.0
2025-10-09 14:10:00,41.3,41.3,41.3,41.3,0,25.123079,177800,1733.6,1740.0
2025-10-09 14:11:00,41.3,41.3,41.3,41.3,0,24.826291,177800,1734.5,1740.0
2025-10-09 14:12:00,41.3,41.3,41.3,41.3,0,25.025304,177800,1733.9,1740.0
2025-10-09 14:13:00,41.3,41.3,41.3,41.3,0,25.025858,177800,1733.9,1740.0
2025-10-09 14:14:00,41.3,41.3,41.3,41.3,0,24.661845,177800,1735.0,1740.0
2025-10-09 14:15:00,41.3,41.55,41.3,41.55,187950,25.382057,178150,1733.3,1740.0
2025-10-09 14:16:00,41.55,41.55,41.55,41.55,0,25.052845,178150,1734.3,1740.0
2025-10-09 14:17:00,41.55,41.55,41.55,41.55,0,25.185613,178150,1733.9,1740.0
2025-10-09 14:18:00,41.55,41.55,41.55,41.55,0,24.75497,178150,1735.2,1740.0
2025-10-09 14:19:00,41.55,41.55,41.55,41.55,0,24.555006,178150,1735.8,1740.0
2025-10-09 14:20:00,41.55,41.55,41.55,41.55,0,25.121226,178150,1734.1,1740.0
2025-10-09 14:21:00,41.55,41.55,41.3,41.3,188300,25.063288,178150,1733.8,1740.0
2025-10-09 14:22:00,41.3,41.3,41.3,41.3,0,24.76599,178150,1734.7,1740.0
2025-10-09 14:23:00,41.3,41.3,41.3,41.3,0,24.332537,178150,1736.0,1740.0
2025-10-09 14:24:00,41.3,41.3,41.3,41.3,0,24.567343,178150,1735.3,1740.0
2025-10-09 14:25:00,41.3,41.3,41.3,41.3,0,24.567891,178150,1735.3,1740.0
2025-10-09 14:26:00,41.3,42.2,41.3,42.05,189700,24.907521,178150,1735.7,1740.0
2025-10-09 14:27:00,42.05,42.05,42.05,42.05,0,25.572279,178150,1733.7,1740.0
2025-10-09 14:28:00,42.05,42.05,42.05,42.05,0,25.60579,178150,1733.6,1740.0
2025-10-09 14:29:00,42.05,42.05,42.05,42.05,0,25.275772,178150,1734.6,1740.0
2025-10-09 14:30:00,42.05,42.05,42.05,42.05,0,25.243135,178150,1734.7,1740.0
2025-10-09 14:31:00,42.05,42.05,42.05,42.05,0,24.708977,178150,1736.3,1740.0
2025-10-09 14:32:00,42.05,42.05,42.05,42.05,0,25.310624,178150,1734.5,1740.0
2025-10-09 14:33:00,42.05,42.05,42.05,42.05,0,25.575666,178150,1733.7,1740.0
2025-10-09 14:34:00,42.05,42.05,42.05,42.05,0,25.773561,178150,1733.1,1740.0
2025-10-09 14:35:00,42.05,42.05,42.05,42.05,0,25.345455,178150,1734.4,1740.0
2025-10-09 14:36:00,42.05,42.05,42.05,42.05,0,25.61031,178150,1733.6,1740.0
2025-10-09 14:37:00,42.05,42.05,41.4,41.4,190050,25.398317,178500,1733.0,1740.0
2025-10-09 14:38:00,41.4,41.4,41.4,41.4,0,25.13577,178500,1733.8,1740.0
2025-10-09 14:39:00,41.4,41.4,41.4,41.4,0,25.268081,178500,1733.4,1740.0
2025-10-09 14:40:00,41.4,41.4,41.4,41.4,0,25.169861,178500,1733.7,1740.0
2025-10-09 14:41:00,41.4,41.4,41.4,41.4,0,25.236298,178500,1733.5,1740.0
2025-10-09 14:42:00,41.4,41.4,41.4,41.4,0,25.236855,178500,1733.5,1740.0
2025-10-09 14:43:00,41.4,41.4,41.4,41.4,0,25.039469,178500,1734.1,1740.0
2025-10-09 14:44:00,41.4,41.4,41.4,41.4,0,25.139112,178500,1733.8,1740.0
2025-10-09 14:45:00,41.4,41.4,41.4,41.4,0,25.205601,178500,1733.6,1740.0
2025-10-09 14:46:00,41.4,41.4,41.4,41.4,0,25.33773,178500,1733.2,1740.0
2025-10-09 14:47:00,41.4,41.4,41.4,41.4,0,25.239648,178500,1733.5,1740.0
2025-10-09 14:48:00,41.4,41.4,41.4,41.4,0,25.861286,178500,1731.6,1740.0
2025-10-09 14:49:00,41.4,41.4,41.4,41.4,0,25.50333,178500,1732.7,1740.0
2025-10-09 14:50:00,41.4,41.4,41.4,41.4,0,25.829946,178500,1731.7,1740.0
2025-10-09 14:51:00,41.4,41.4,39.15,39.15,195300,24.411547,178500,1731.7,1740.0
2025-10-09 14:52:00,39.15,39.15,39.15,39.15,0,24.509357,178500,1731.4,1740.0
2025-10-09 14:53:00,39.15,39.15,39.15,39.15,0,24.054066,178500,1732.8,1740.0
2025-10-09 14:54:00,39.15,39.15,39.15,39.15,0,23.923448,178500,1733.2,1740.0
2025-10-09 14:55:00,39.15,40.0,39.15,40.0,195650,24.623867,178500,1732.7,1740.0
2025-10-09 14:56:00,40.0,40.0,40.0,40.0,0,24.950354,178500,1731.7,1740.0
2025-10-09 14:57:00,40.0,40.0,40.0,40.0,0,24.78824,178500,1732.2,1740.0
2025-10-09 14:58:00,40.0,40.0,40.0,40.0,0,24.78879,178500,1732.2,1740.0
2025-10-09 14:59:00,40.0,40.0,40.0,40.0,0,24.494979,178500,1733.1,1740.0
2025-10-09 15:00:00,40.0,41.0,40.0,41.0,196350,25.289971,178850,1732.6,1740.0
2025-10-09 15:01:00,41.0,41.0,41.0,41.0,0,25.51886,178850,1731.9,1740.0
2025-10-09 15:02:00,41.0,41.0,41.0,41.0,0,25.258374,178850,1732.7,1740.0
2025-10-09 15:03:00,41.0,41.0,41.0,41.0,0,25.09499,178850,1733.2,1740.0
2025-10-09 15:04:00,41.0,41.0,40.55,40.55,197050,24.77888,179200,1733.3,1740.0
2025-10-09 15:05:00,40.55,40.7,40.55,40.7,700,25.005334,179550,1732.9,1740.0
2025-10-09 15:06:00,40.7,40.7,40.35,40.35,197750,24.883351,179550,1732.6,1740.0
2025-10-09 15:07:00,40.35,40.35,40.35,40.35,0,24.851191,179550,1732.7,1740.0
2025-10-09 15:08:00,40.35,40.35,40.35,40.35,0,24.786241,179550,1732.9,1740.0
2025-10-09 15:09:00,40.35,41.2,40.35,41.2,199150,25.224473,178850,1733.2,1740.0
2025-10-09 15:10:00,41.2,41.2,41.2,41.2,0,25.584963,178850,1732.1,1740.0
2025-10-09 15:11:00,41.2,41.2,41.2,41.2,0,25.22559,178850,1733.2,1740.0
2025-10-09 15:12:00,41.2,41.2,41.2,41.2,200200,24.730484,179200,1734.7,1740.0
2025-10-09 15:13:00,41.2,41.75,41.2,41.75,1750,24.978158,179200,1735.0,1740.0
2025-10-09 15:14:00,41.75,41.75,41.75,41.75,0,25.012013,179200,1734.9,1740.0
2025-10-09 15:15:00,41.75,41.75,41.75,41.75,0,25.012569,179200,1734.9,1740.0
2025-10-09 15:16:00,41.75,41.75,41.75,41.75,0,24.913146,179200,1735.2,1740.0
2025-10-09 15:17:00,41.75,41.75,41.75,41.75,0,24.713025,179200,1735.8,1740.0
2025-10-09 15:18:00,41.75,42.55,41.75,42.55,202300,25.485636,179200,1735.0,1740.0
2025-10-09 15:19:00,42.55,42.55,42.55,42.55,0,25.252413,179200,1735.7,1740.0
2025-10-09 15:20:00,42.55,42.55,42.55,42.55,203000,25.486766,178850,1735.0,1740.0
2025-10-09 15:21:00,42.55,42.55,42.55,42.55,700,25.287013,178850,1735.6,1740.0
2025-10-09 15:22:00,42.55,42.85,42.55,42.85,203700,24.90419,178850,1737.3,1740.0
2025-10-09 15:23:00,42.85,43.4,42.85,43.4,1050,25.048027,177450,1737.9,1740.0
2025-10-09 15:24:00,43.4,43.5,43.4,43.5,207550,25.111732,177450,1737.9,1740.0
2025-10-09 15:25:00,43.5,44.0,43.5,44.0,1400,25.017329,177450,1739.1,1740.0
2025-10-09 15:26:00,44.0,44.0,44.0,44.0,0,25.462618,177450,1737.8,1740.0
2025-10-09 15:27:00,44.0,44.0,44.0,44.0,0,25.326851,180600,1738.2,1740.0
2025-10-09 15:28:00,44.0,44.0,44.0,44.0,0,24.915689,180600,1739.4,1740.0
2025-10-09 15:29:00,44.0,45.0,44.0,45.0,210350,24.607369,180250,1742.1,1740.0
2025-10-10 09:15:00,42.5,42.5,42.5,42.5,0,26.214134,180250,1734.6,1740.0
2025-10-10 09:16:00,42.5,42.5,42.5,42.5,0,26.282231,180250,1734.4,1740.0
2025-10-10 09:17:00,39.95,40.05,39.95,40.0,4900,24.57313,180950,1734.7,1740.0
2025-10-10 09:18:00,40.0,40.0,40.0,40.0,0,25.741197,180950,1731.2,1740.0
2025-10-10 09:19:00,55.45,55.45,55.45,55.45,0,30.580564,52850,1727.0,1720.0
2025-10-10 09:20:00,55.45,55.45,55.45,55.45,0,30.321281,52850,1727.7,1720.0
2025-10-10 09:21:00,55.45,55.45,55.45,55.45,0,29.872927,52850,1728.9,1720.0
2025-10-10 09:22:00,55.45,55.45,46.75,46.75,2450,23.962426,52850,1729.4,1720.0
2025-10-10 09:23:00,46.75,46.75,46.75,46.75,0,24.11787,52850,1729.0,1720.0
2025-10-10 09:24:00,36.7,37.8,36.7,37.8,3150,23.565402,182350,1733.5,1740.0
2025-10-10 09:25:00,37.8,39.05,37.8,39.05,13300,25.461666,182350,1730.2,1740.0
2025-10-10 09:26:00,46.75,46.75,46.75,46.75,0,24.080938,53200,1729.1,1720.0
2025-10-10 09:27:00,46.75,46.75,46.75,46.75,0,24.235878,53200,1728.7,1720.0
2025-10-10 09:28:00,46.75,46.75,46.75,46.75,0,24.004643,53200,1729.3,1720.0
2025-10-10 09:29:00,46.75,46.75,46.75,46.75,0,24.04396,53200,1729.2,1720.0
2025-10-10 09:30:00,46.75,46.75,46.75,46.75,0,24.121892,53200,1729.0,1720.0
2025-10-10 09:31:00,46.75,46.75,46.75,46.75,0,24.16108,53200,1728.9,1720.0
2025-10-10 09:32:00,37.25,37.25,37.25,37.25,0,24.241221,183400,1730.4,1740.0
2025-10-10 09:33:00,37.25,37.25,37.25,37.25,0,23.682617,183400,1732.1,1740.0
2025-10-10 09:34:00,37.25,38.9,37.25,38.9,22050,24.479313,180950,1732.9,1740.0
2025-10-10 09:35:00,46.75,48.7,46.75,48.7,3500,25.867558,53200,1727.8,1720.0
2025-10-10 09:36:00,48.7,48.7,48.7,48.7,0,25.792283,53200,1728.0,1720.0
2025-10-10 09:37:00,48.7,48.7,48.7,48.7,0,25.868768,53200,1727.8,1720.0
2025-10-10 09:38:00,48.7,48.7,48.7,48.7,0,25.79349,53200,1728.0,1720.0
2025-10-10 09:39:00,48.7,48.7,48.7,48.7,0,25.983525,53200,1727.5,1720.0
2025-10-10 09:40:00,48.7,48.7,48.7,48.7,3850,25.451329,53200,1728.9,1720.0
2025-10-10 09:41:00,48.7,48.7,48.7,48.7,0,25.757302,53200,1728.1,1720.0
2025-10-10 09:42:00,48.7,48.7,48.7,48.7,0,25.105959,53200,1729.8,1720.0
2025-10-10 09:43:00,37.0,37.25,37.0,37.25,1050,23.621827,180250,1732.3,1740.0
2025-10-10 09:44:00,37.25,37.25,37.25,37.25,0,22.546503,180250,1735.5,1740.0
2025-10-10 09:45:00,37.25,37.25,37.25,37.25,0,23.323279,180600,1733.2,1740.0
2025-10-10 09:46:00,37.25,37.25,37.25,37.25,0,22.853177,180600,1734.6,1740.0
2025-10-10 09:47:00,37.25,37.25,37.25,37.25,0,23.156923,180600,1733.7,1740.0
2025-10-10 09:48:00,37.25,37.25,37.25,37.25,0,22.102716,180250,1736.8,1740.0
2025-10-10 09:49:00,37.25,37.25,37.25,37.25,0,21.930265,180250,1737.3,1740.0
2025-10-10 09:50:00,37.25,41.75,37.25,41.75,29750,24.343648,180250,1738.7,1740.0
2025-10-10 09:51:00,41.75,42.4,41.75,42.4,350,25.145611,180250,1737.6,1740.0
2025-10-10 09:52:00,42.4,42.4,40.15,40.15,30450,24.52011,179200,1735.2,1740.0
2025-10-10 09:53:00,40.15,40.4,40.15,40.4,1050,24.579617,179200,1735.5,1740.0
2025-10-10 09:54:00,40.4,40.4,40.4,40.4,0,24.443763,179200,1735.9,1740.0
2025-10-10 09:55:00,40.4,40.4,40.4,40.4,0,24.238835,179200,1736.5,1740.0
2025-10-10 09:56:00,40.4,40.4,40.4,40.4,0,23.998317,179200,1737.2,1740.0
2025-10-10 09:57:00,40.4,40.4,40.4,40.4,0,23.860453,179200,1737.6,1740.0
2025-10-10 09:58:00,40.4,41.45,40.4,41.0,32550,23.618943,178850,1739.4,1740.0
2025-10-10 09:59:00,41.0,41.4,41.0,41.1,700,23.613523,178850,1739.6,1740.0
2025-10-10 10:00:00,41.1,41.1,40.55,40.55,33250,24.475387,178850,1736.1,1740.0
2025-10-10 10:01:00,40.55,40.55,40.35,40.35,1050,24.037942,178850,1737.0,1740.0
2025-10-10 10:02:00,40.35,40.75,40.35,40.75,33600,24.365109,178850,1736.8,1740.0
2025-10-10 10:03:00,40.75,40.75,40.75,40.75,0,23.636171,178850,1738.9,1740.0
2025-10-10 10:04:00,40.75,41.35,40.75,41.35,36400,24.545806,178850,1737.4,1740.0
2025-10-10 10:05:00,41.35,41.35,41.35,41.35,0,24.51178,178850,1737.5,1740.0
2025-10-10 10:06:00,41.35,41.65,41.35,41.65,37100,24.774818,178850,1737.3,1740.0
2025-10-10 10:07:00,41.65,41.65,41.35,41.35,1050,24.408946,179200,1737.8,1740.0
2025-10-10 10:08:00,41.35,41.35,41.35,41.35,0,24.582659,179200,1737.3,1740.0
2025-10-10 10:09:00,41.35,41.35,41.35,41.35,0,24.893055,179200,1736.4,1740.0
2025-10-10 10:10:00,41.35,41.35,40.7,40.7,38500,24.577698,179200,1736.1,1740.0
2025-10-10 10:11:00,40.7,40.7,40.7,40.7,0,24.749034,179200,1735.6,1740.0
2025-10-10 10:12:00,40.7,40.7,40.5,40.5,38850,24.824803,179200,1735.0,1740.0
2025-10-10 10:13:00,40.5,40.5,40.0,40.0,350,24.503345,179200,1735.0,1740.0
2025-10-10 10:14:00,40.0,40.0,40.0,40.0,0,24.571708,179200,1734.8,1740.0
2025-10-10 10:15:00,40.0,40.0,40.0,40.0,0,24.232174,179200,1735.8,1740.0
2025-10-10 10:16:00,40.0,40.0,40.0,40.0,0,24.471109,179200,1735.1,1740.0
2025-10-10 10:17:00,40.0,40.55,40.0,40.55,39550,24.791979,178850,1735.2,1740.0
2025-10-10 10:18:00,40.55,40.55,40.55,40.55,0,24.792553,178850,1735.2,1740.0
2025-10-10 10:19:00,40.55,40.55,40.55,40.55,0,24.656993,178850,1735.6,1740.0
2025-10-10 10:20:00,40.55,40.55,40.55,40.55,0,24.62346,179200,1735.7,1740.0
2025-10-10 10:21:00,40.55,40.55,40.55,40.55,0,24.692213,179200,1735.5,1740.0
2025-10-10 10:22:00,40.55,40.55,40.55,40.55,0,24.79485,179200,1735.2,1740.0
2025-10-10 10:23:00,40.55,40.55,40.55,40.55,0,25.0664,179200,1734.4,1740.0
2025-10-10 10:24:00,40.55,40.55,40.55,40.55,0,24.762003,179200,1735.3,1740.0
2025-10-10 10:25:00,40.55,40.55,40.05,40.05,40250,24.542377,178850,1735.0,1740.0
2025-10-10 10:26:00,40.05,40.05,40.05,40.05,0,24.030788,178850,1736.5,1740.0
2025-10-10 10:27:00,40.05,40.05,40.05,40.05,0,24.339419,178850,1735.6,1740.0
2025-10-10 10:28:00,40.05,40.05,40.05,40.05,0,24.134864,178850,1736.2,1740.0
2025-10-10 10:29:00,40.05,40.05,40.05,40.05,0,24.476732,178850,1735.2,1740.0
2025-10-10 10:30:00,40.05,40.05,40.05,40.05,0,24.511275,178850,1735.1,1740.0
2025-10-10 10:31:00,40.05,40.05,40.05,40.05,0,24.477869,178850,1735.2,1740.0
2025-10-10 10:32:00,40.05,40.05,40.05,40.05,0,24.546362,178850,1735.0,1740.0
2025-10-10 10:33:00,40.05,40.05,39.65,39.65,40950,24.289208,178850,1735.0,1740.0
2025-10-10 10:34:00,39.65,39.65,39.65,39.65,0,24.323698,178850,1734.9,1740.0
2025-10-10 10:35:00,39.65,40.3,39.65,40.3,41300,24.436789,178850,1735.8,1740.0
2025-10-10 10:36:00,40.3,40.3,40.3,40.3,0,24.607796,178850,1735.3,1740.0
2025-10-10 10:37:00,40.3,40.3,40.3,40.3,0,24.710298,178850,1735.0,1740.0
2025-10-10 10:38:00,40.3,40.3,40.3,40.3,0,24.642943,178850,1735.2,1740.0
2025-10-10 10:39:00,40.3,40.3,39.75,39.75,41650,24.357036,178500,1735.0,1740.0
2025-10-10 10:40:00,39.75,39.75,39.75,39.75,0,24.425429,178500,1734.8,1740.0
2025-10-10 10:41:00,39.75,39.75,39.75,39.75,0,24.425996,178500,1734.8,1740.0
2025-10-10 10:42:00,39.75,39.75,39.75,39.75,0,24.460437,178500,1734.7,1740.0
2025-10-10 10:43:00,39.75,39.75,39.75,39.75,0,24.359299,178500,1735.0,1740.0
2025-10-10 10:44:00,39.75,39.75,39.75,39.75,0,24.495419,178500,1734.6,1740.0
2025-10-10 10:45:00,39.75,39.75,39.75,39.75,0,24.428265,178500,1734.8,1740.0
2025-10-10 10:46:00,39.75,39.75,39.75,39.75,0,24.293052,178850,1735.2,1740.0
2025-10-10 10:47:00,39.75,39.75,39.75,39.75,0,24.4294,178850,1734.8,1740.0
2025-10-10 10:48:00,39.75,40.2,39.75,40.2,43050,24.821521,178850,1734.5,1740.0
2025-10-10 10:49:00,40.2,40.2,40.2,40.2,0,24.516729,178850,1735.4,1740.0
2025-10-10 10:50:00,40.2,40.2,40.2,40.2,0,24.653293,178850,1735.0,1740.0
2025-10-10 10:51:00,40.2,40.2,40.2,40.2,0,24.823243,178850,1734.5,1740.0
2025-10-10 10:52:00,40.2,40.2,40.2,40.2,0,24.958836,178850,1734.1,1740.0
2025-10-10 10:53:00,40.2,40.2,40.0,40.0,43400,24.69549,178850,1734.5,1740.0
2025-10-10 10:54:00,40.0,40.0,40.0,40.0,0,24.390656,178850,1735.4,1740.0
2025-10-10 10:55:00,40.0,40.0,40.0,40.0,0,24.527238,178850,1735.0,1740.0
2025-10-10 10:56:00,40.0,40.0,39.5,39.65,44450,24.302203,178850,1735.0,1740.0
2025-10-10 10:57:00,39.65,39.65,39.65,39.65,0,24.200786,178850,1735.3,1740.0
2025-10-10 10:58:00,39.65,39.65,39.65,39.65,51800,23.962385,179200,1736.0,1740.0
2025-10-10 10:59:00,39.65,40.25,39.65,40.25,350,24.281281,179200,1736.2,1740.0
2025-10-10 11:00:00,40.25,42.9,40.25,41.55,56000,24.394165,179200,1738.3,1740.0
2025-10-10 11:01:00,41.55,41.55,40.35,40.35,700,24.140652,178500,1736.8,1740.0
2025-10-10 11:02:00,40.35,40.35,40.05,40.05,57750,24.222542,178500,1736.0,1740.0
2025-10-10 11:03:00,40.05,40.05,40.05,40.05,0,23.567275,178500,1737.9,1740.0
2025-10-10 11:04:00,40.05,40.05,40.05,40.05,0,23.81073,178500,1737.2,1740.0
2025-10-10 11:05:00,40.05,41.15,40.05,41.15,58800,24.658875,178150,1736.8,1740.0
2025-10-10 11:06:00,41.15,41.15,41.15,41.15,0,24.9341,178150,1736.0,1740.0
2025-10-10 11:07:00,41.15,41.15,41.15,41.15,0,24.591072,178150,1737.0,1740.0
2025-10-10 11:08:00,41.15,41.15,41.15,41.15,0,24.798154,178150,1736.4,1740.0
2025-10-10 11:09:00,41.15,41.15,41.15,41.15,0,24.901601,178150,1736.1,1740.0
2025-10-10 11:10:00,41.15,41.15,41.15,41.15,0,24.936413,178150,1736.0,1740.0
2025-10-10 11:11:00,41.15,41.2,41.15,41.2,59150,24.935,178150,1736.1,1740.0
2025-10-10 11:12:00,41.2,41.2,41.2,41.2,0,24.969813,178150,1736.0,1740.0
2025-10-10 11:13:00,41.2,41.2,41.2,41.2,0,25.004599,178150,1735.9,1740.0
2025-10-10 11:14:00,41.2,41.9,41.2,41.9,59500,24.767304,178150,1737.9,1740.0
2025-10-10 11:15:00,41.9,41.9,41.9,41.9,0,25.044967,178150,1737.1,1740.0
2025-10-10 11:16:00,41.9,41.9,41.9,41.9,0,25.080054,178150,1737.0,1740.0
2025-10-10 11:17:00,41.9,41.9,41.9,41.9,0,25.04613,178150,1737.1,1740.0
2025-10-10 11:18:00,41.9,41.9,41.9,41.9,0,24.977611,178150,1737.3,1740.0
2025-10-10 11:19:00,41.9,44.05,41.9,44.05,60200,25.032493,178500,1741.1,1740.0
2025-10-10 11:20:00,44.05,44.05,42.9,42.9,350,24.538644,178500,1740.4,1740.0
2025-10-10 11:21:00,42.9,42.9,42.9,42.9,0,24.610128,178500,1740.2,1740.0
2025-10-10 11:22:00,42.9,42.9,42.9,42.9,0,24.397589,178500,1740.8,1740.0
2025-10-10 11:23:00,42.9,42.9,42.9,42.9,0,25.278735,178500,1738.3,1740.0
2025-10-10 11:24:00,42.9,42.9,42.9,42.9,60900,24.647264,178850,1740.1,1740.0
2025-10-10 11:25:00,42.9,42.9,42.9,42.9,0,24.47048,178850,1740.6,1740.0
2025-10-10 11:26:00,42.9,42.9,42.9,42.9,0,24.435486,178850,1740.7,1740.0
2025-10-10 11:27:00,42.9,42.9,42.9,42.9,0,24.542672,178850,1740.4,1740.0
2025-10-10 11:28:00,42.9,43.75,42.9,43.75,61950,24.95062,178850,1740.8,1740.0
2025-10-10 11:29:00,43.75,44.0,43.75,44.0,700,25.006011,178850,1741.1,1740.0
2025-10-10 11:30:00,44.0,44.45,44.0,44.45,62300,25.29758,178850,1741.1,1740.0
2025-10-10 11:31:00,44.45,44.45,44.0,44.0,4550,24.68497,178850,1742.0,1740.0
2025-10-10 11:32:00,44.0,44.8,44.0,44.8,63350,25.203286,178850,1742.0,1740.0
2025-10-10 11:33:00,44.8,44.8,44.8,44.8,0,25.915543,178850,1740.0,1740.0
2025-10-10 11:34:00,44.8,44.8,43.55,43.55,68950,25.108478,178850,1740.0,1740.0
2025-10-10 11:35:00,43.55,43.55,43.55,43.55,0,24.860952,178850,1740.7,1740.0
2025-10-10 11:36:00,43.55,43.55,43.55,43.55,0,24.396565,178850,1742.0,1740.0
2025-10-10 11:37:00,43.55,44.95,43.55,44.2,70000,24.817906,178500,1742.0,1740.0
2025-10-10 11:38:00,44.2,44.75,44.2,44.75,350,24.922331,178500,1742.7,1740.0
2025-10-10 11:39:00,44.75,44.9,44.6,44.6,70700,24.169498,178500,1744.5,1740.0
2025-10-10 11:40:00,44.6,44.9,44.6,44.9,700,24.106648,178500,1745.2,1740.0
2025-10-10 11:41:00,44.9,44.9,44.9,44.9,71050,23.772547,179200,1746.1,1740.0
2025-10-10 11:42:00,44.9,44.9,44.5,44.5,1400,23.550128,179200,1746.0,1740.0
2025-10-10 11:43:00,44.5,44.5,44.5,44.5,0,23.922429,179200,1745.0,1740.0
2025-10-10 11:44:00,44.5,44.5,44.5,44.5,0,23.551256,179200,1746.0,1740.0
2025-10-10 11:45:00,44.5,44.9,44.5,44.9,72800,24.294121,179550,1744.7,1740.0
2025-10-10 11:46:00,44.9,44.9,44.9,44.9,350,24.184041,179900,1745.0,1740.0
2025-10-10 11:47:00,44.9,44.9,44.8,44.8,73150,24.340688,179900,1744.4,1740.0
2025-10-10 11:48:00,44.8,44.8,44.8,44.8,1050,24.377975,179900,1744.3,1740.0
2025-10-10 11:49:00,44.8,45.0,44.8,45.0,73500,24.398168,179900,1744.6,1740.0
2025-10-10 11:50:00,45.0,45.0,45.0,45.0,0,24.655364,179900,1743.9,1740.0
2025-10-10 11:51:00,45.0,45.0,45.0,45.0,0,24.983359,179900,1743.0,1740.0
2025-10-10 11:52:00,45.0,45.0,45.0,45.0,0,25.09247,179900,1742.7,1740.0
2025-10-10 11:53:00,45.0,45.0,45.0,45.0,0,25.02074,179900,1742.9,1740.0
2025-10-10 11:54:00,45.0,45.0,45.0,45.0,0,25.021327,179900,1742.9,1740.0
2025-10-10 11:55:00,45.0,45.55,45.0,45.0,75250,24.804144,180250,1743.5,1740.0
2025-10-10 11:56:00,45.0,45.0,45.0,45.0,0,24.986291,180250,1743.0,1740.0
2025-10-10 11:57:00,45.0,45.0,45.0,45.0,0,24.87804,180250,1743.3,1740.0
2025-10-10 11:58:00,45.0,45.0,45.0,45.0,0,24.987465,180250,1743.0,1740.0
2025-10-10 11:59:00,45.0,45.0,44.85,44.85,75600,24.890839,179900,1743.0,1740.0
2025-10-10 12:00:00,44.85,44.85,44.85,44.85,0,24.855167,179900,1743.1,1740.0
2025-10-10 12:01:00,44.85,47.9,44.85,47.9,76650,25.062494,179900,1747.9,1740.0
2025-10-10 12:02:00,47.9,47.9,46.45,46.45,700,25.347051,179900,1744.6,1740.0
2025-10-10 12:03:00,46.45,46.45,46.45,46.45,0,25.639851,179900,1743.8,1740.0
2025-10-10 12:04:00,46.45,46.45,46.45,46.45,0,25.676824,179900,1743.7,1740.0
2025-10-10 12:05:00,46.45,46.45,45.7,45.7,78750,25.118218,179550,1743.9,1740.0
2025-10-10 12:06:00,45.7,45.7,45.7,45.7,0,25.118808,179550,1743.9,1740.0
2025-10-10 12:07:00,45.7,45.7,45.7,45.7,0,25.119399,179550,1743.9,1740.0
2025-10-10 12:08:00,45.7,45.7,45.7,45.7,0,25.119987,178850,1743.9,1740.0
2025-10-10 12:09:00,45.7,45.7,45.65,45.65,79450,25.088143,178850,1743.9,1740.0
2025-10-10 12:10:00,45.65,45.65,45.65,45.65,0,25.088732,178850,1743.9,1740.0
2025-10-10 12:11:00,45.65,45.65,45.65,45.65,0,25.016268,178850,1744.1,1740.0
2025-10-10 12:12:00,45.65,45.65,45.65,45.65,0,25.053402,178850,1744.0,1740.0
2025-10-10 12:13:00,45.65,45.65,45.65,45.65,0,24.870915,178850,1744.5,1740.0
2025-10-10 12:14:00,45.65,45.65,45.65,45.65,0,25.05458,178850,1744.0,1740.0
2025-10-10 12:15:00,45.65,46.2,45.5,45.5,80850,24.957836,178850,1744.0,1740.0
2025-10-10 12:16:00,45.5,45.5,45.5,45.5,0,24.628113,178850,1744.9,1740.0
2025-10-10 12:17:00,45.5,45.5,45.5,45.5,0,24.591814,178850,1745.0,1740.0
2025-10-10 12:18:00,45.5,45.5,45.5,45.5,0,24.996123,178850,1743.9,1740.0
2025-10-10 12:19:00,45.5,45.5,45.5,45.5,0,24.960185,178850,1744.0,1740.0
2025-10-10 12:20:00,45.5,45.5,45.5,45.5,0,25.033793,178850,1743.8,1740.0
2025-10-10 12:21:00,45.5,45.5,45.5,45.5,0,24.851568,178850,1744.3,1740.0
2025-10-10 12:22:00,45.5,45.5,45.5,45.5,0,24.888787,178850,1744.2,1740.0
2025-10-10 12:23:00,45.5,45.5,45.5,45.5,0,24.889374,178850,1744.2,1740.0
2025-10-10 12:24:00,45.5,45.5,45.5,45.5,0,25.036149,178850,1743.8,1740.0
2025-10-10 12:25:00,45.5,45.5,45.5,45.5,0,24.927147,178850,1744.1,1740.0
2025-10-10 12:26:00,45.5,45.5,45.5,45.5,0,25.037326,178850,1743.8,1740.0
2025-10-10 12:27:00,45.5,45.5,45.5,45.5,0,25.037915,178850,1743.8,1740.0
2025-10-10 12:28:00,45.5,46.0,45.5,46.0,81200,25.362925,178850,1743.8,1740.0
2025-10-10 12:29:00,46.0,46.0,45.7,45.7,2100,25.495686,178850,1742.9,1740.0
2025-10-10 12:30:00,45.7,45.7,45.6,45.6,81550,25.431461,178850,1742.9,1740.0
2025-10-10 12:31:00,45.6,45.6,45.6,45.6,0,25.359649,178850,1743.1,1740.0
2025-10-10 12:32:00,45.6,45.6,45.6,45.6,0,25.360242,178850,1743.1,1740.0
2025-10-10 12:33:00,45.6,45.6,45.6,45.6,84000,25.360836,178850,1743.1,1740.0
2025-10-10 12:34:00,45.6,45.6,45.6,45.6,0,25.578275,178850,1742.5,1740.0
2025-10-10 12:35:00,45.6,45.6,45.6,45.6,0,25.614898,178850,1742.4,1740.0
2025-10-10 12:36:00,45.6,45.6,45.45,45.45,84350,25.482263,178850,1742.5,1740.0
2025-10-10 12:37:00,45.45,45.45,45.45,45.45,0,25.482859,178850,1742.5,1740.0
2025-10-10 12:38:00,45.45,45.45,45.45,45.45,0,25.084856,178850,1743.6,1740.0
2025-10-10 12:39:00,45.45,45.45,45.45,45.45,0,25.556099,178850,1742.3,1740.0
2025-10-10 12:40:00,45.45,45.45,45.45,45.45,0,25.013123,178850,1743.8,1740.0
2025-10-10 12:41:00,45.45,45.45,45.15,45.15,84700,25.254708,178850,1742.6,1740.0
2025-10-10 12:42:00,45.15,45.15,45.15,45.15,0,25.219174,178850,1742.7,1740.0
2025-10-10 12:43:00,45.15,45.15,43.3,43.3,88550,23.910953,178850,1743.0,1740.0
2025-10-10 12:44:00,43.3,43.3,43.3,43.3,0,23.875114,178850,1743.1,1740.0
2025-10-10 12:45:00,43.3,44.5,43.3,44.5,89600,25.051986,178500,1742.0,1740.0
2025-10-10 12:46:00,44.5,44.5,42.0,42.0,3500,24.570741,178150,1738.8,1740.0
2025-10-10 12:47:00,42.0,42.0,42.0,42.0,0,24.148191,178150,1740.0,1740.0
2025-10-10 12:48:00,42.0,42.0,42.0,42.0,0,23.68506,178150,1741.3,1740.0
2025-10-10 12:49:00,42.0,42.0,42.0,42.0,0,23.613772,178150,1741.5,1740.0
2025-10-10 12:50:00,42.0,42.0,42.0,42.0,0,23.614332,178150,1741.5,1740.0
2025-10-10 12:51:00,42.0,42.0,42.0,42.0,0,23.614894,178150,1741.5,1740.0
2025-10-10 12:52:00,42.0,42.0,42.0,42.0,0,22.815489,178150,1743.7,1740.0
2025-10-10 12:53:00,42.0,42.0,42.0,42.0,0,22.962839,178150,1743.3,1740.0
2025-10-10 12:54:00,42.0,45.0,42.0,45.0,94500,24.72919,178500,1743.8,1740.0
2025-10-10 12:55:00,45.0,45.0,45.0,45.0,0,24.729774,178500,1743.8,1740.0
2025-10-10 12:56:00,45.0,45.0,45.0,45.0,0,24.693804,178500,1743.9,1740.0
2025-10-10 12:57:00,45.0,45.0,45.0,45.0,0,24.730941,178500,1743.8,1740.0
2025-10-10 12:58:00,45.0,45.0,45.0,45.0,0,24.658379,178500,1744.0,1740.0
2025-10-10 12:59:00,45.0,45.0,45.0,45.0,0,24.105734,178500,1745.5,1740.0
2025-10-10 13:00:00,45.0,46.45,45.0,46.45,95900,24.864421,178500,1746.0,1740.0
2025-10-10 13:01:00,46.45,46.45,45.8,45.8,700,24.441754,178500,1746.0,1740.0
2025-10-10 13:02:00,45.8,45.8,45.8,45.8,0,24.442334,178500,1746.0,1740.0
2025-10-10 13:03:00,45.8,45.8,45.8,45.8,0,24.030645,178500,1747.1,1740.0
2025-10-10 13:04:00,45.8,45.8,45.8,45.8,0,24.03122,178500,1747.1,1740.0
2025-10-10 13:05:00,45.8,46.65,45.8,46.65,96950,24.54875,178500,1747.2,1740.0
2025-10-10 13:06:00,46.65,46.65,46.65,46.65,700,24.960969,178500,1746.1,1740.0
2025-10-10 13:07:00,46.65,46.65,46.65,46.65,0,24.96156,178500,1746.1,1740.0
2025-10-10 13:08:00,46.65,46.65,46.65,46.65,0,24.663228,178500,1746.9,1740.0
2025-10-10 13:09:00,46.65,46.65,46.5,46.5,98000,24.865064,178850,1746.1,1740.0
2025-10-10 13:10:00,46.5,46.5,46.5,46.5,0,25.088387,178850,1745.5,1740.0
2025-10-10 13:11:00,46.5,46.5,46.5,46.5,0,25.088981,178850,1745.5,1740.0
2025-10-10 13:12:00,46.5,46.5,46.5,46.5,98350,25.089572,179200,1745.5,1740.0
2025-10-10 13:13:00,46.5,46.5,46.5,46.5,0,25.090165,179200,1745.5,1740.0
2025-10-10 13:14:00,46.5,46.5,46.5,46.5,0,25.090758,179200,1745.5,1740.0
2025-10-10 13:15:00,46.5,46.5,46.5,46.5,0,24.905815,179200,1746.0,1740.0
2025-10-10 13:16:00,46.5,46.5,46.5,46.5,0,25.017838,179200,1745.7,1740.0
2025-10-10 13:17:00,46.5,46.5,46.5,46.5,0,25.055501,179200,1745.6,1740.0
2025-10-10 13:18:00,46.5,46.5,46.5,46.5,0,25.093129,179200,1745.5,1740.0
2025-10-10 13:19:00,46.5,46.5,46.5,46.5,0,25.093722,179200,1745.5,1740.0
2025-10-10 13:20:00,46.5,46.5,46.5,46.5,0,25.020204,179200,1745.7,1740.0
2025-10-10 13:21:00,46.5,46.5,46.5,46.5,0,24.946537,179200,1745.9,1740.0
2025-10-10 13:22:00,46.5,46.5,46.5,46.5,0,25.095501,179200,1745.5,1740.0
2025-10-10 13:23:00,46.5,46.5,46.5,46.5,0,25.24389,179200,1745.1,1740.0
2025-10-10 13:24:00,46.5,46.5,45.8,45.8,98700,24.78912,179200,1745.1,1740.0
2025-10-10 13:25:00,45.8,45.8,45.8,45.8,700,24.789708,179200,1745.1,1740.0
2025-10-10 13:26:00,45.8,45.8,45.8,45.8,0,24.753331,179200,1745.2,1740.0
2025-10-10 13:27:00,45.8,45.8,45.8,45.8,0,24.790881,179200,1745.1,1740.0
2025-10-10 13:28:00,45.8,45.8,45.8,45.8,0,25.159154,179200,1744.1,1740.0
2025-10-10 13:29:00,45.8,45.85,45.8,45.85,101150,25.118988,179200,1744.3,1740.0
2025-10-10 13:30:00,45.85,45.85,45.85,45.85,0,24.972663,179200,1744.7,1740.0
2025-10-10 13:31:00,45.85,45.85,45.85,45.85,0,24.899581,179200,1744.9,1740.0
2025-10-10 13:32:00,45.85,45.85,45.15,45.15,101850,24.407764,178850,1745.0,1740.0
2025-10-10 13:33:00,45.15,45.15,45.15,45.15,0,24.371348,178850,1745.1,1740.0
2025-10-10 13:34:00,45.15,45.15,45.15,45.15,0,24.334894,178850,1745.2,1740.0
2025-10-10 13:35:00,45.15,45.15,45.15,45.15,0,24.335473,178850,1745.2,1740.0
2025-10-10 13:36:00,45.15,45.15,45.15,45.15,0,24.373087,178850,1745.1,1740.0
2025-10-10 13:37:00,45.15,45.15,45.15,45.15,0,24.373666,178850,1745.1,1740.0
2025-10-10 13:38:00,45.15,45.15,45.15,45.15,0,24.374248,178850,1745.1,1740.0
2025-10-10 13:39:00,45.15,45.15,45.15,45.15,0,24.337789,178850,1745.2,1740.0
2025-10-10 13:40:00,45.15,45.15,45.15,45.15,0,24.227034,178850,1745.5,1740.0
2025-10-10 13:41:00,45.15,45.15,45.15,45.15,0,24.375985,178850,1745.1,1740.0
2025-10-10 13:42:00,45.15,45.15,45.15,45.15,0,24.671544,178850,1744.3,1740.0
2025-10-10 13:43:00,45.15,45.15,45.15,45.15,0,24.488038,178850,1744.8,1740.0
2025-10-10 13:44:00,45.15,45.15,45.15,45.15,0,24.599184,178850,1744.5,1740.0
2025-10-10 13:45:00,45.15,45.15,45.15,45.15,0,24.562948,178850,1744.6,1740.0
2025-10-10 13:46:00,45.15,45.15,45.15,45.15,0,24.600351,178850,1744.5,1740.0
2025-10-10 13:47:00,45.15,45.15,45.15,45.15,0,24.637718,178850,1744.4,1740.0
2025-10-10 13:48:00,45.15,45.15,45.15,45.15,0,24.675051,178850,1744.3,1740.0
2025-10-10 13:49:00,45.15,45.15,45.15,45.15,0,24.675637,178850,1744.3,1740.0
2025-10-10 13:50:00,45.15,45.15,45.15,45.15,0,24.565862,178850,1744.6,1740.0
2025-10-10 13:51:00,45.15,45.15,45.15,45.15,0,24.603268,178850,1744.5,1740.0
2025-10-10 13:52:00,45.15,45.15,45.15,45.15,0,24.603851,178850,1744.5,1740.0
2025-10-10 13:53:00,45.15,45.15,45.15,45.15,0,24.604435,178850,1744.5,1740.0
2025-10-10 13:54:00,45.15,45.15,45.15,45.15,0,24.641806,178850,1744.4,1740.0
2025-10-10 13:55:00,45.15,45.15,45.15,45.15,0,24.64239,178850,1744.4,1740.0
2025-10-10 13:56:00,45.15,45.15,45.15,45.15,0,24.642973,178850,1744.4,1740.0
2025-10-10 13:57:00,45.15,45.15,45.15,45.15,0,24.643559,178850,1744.4,1740.0
2025-10-10 13:58:00,45.15,45.15,44.85,44.85,103250,24.375277,178850,1744.6,1740.0
2025-10-10 13:59:00,44.85,44.85,44.85,44.85,0,24.449531,178850,1744.4,1740.0
2025-10-10 14:00:00,44.85,44.85,44.75,44.75,103600,24.274442,178850,1744.7,1740.0
2025-10-10 14:01:00,44.75,44.75,44.75,44.75,0,24.089946,178850,1745.2,1740.0
2025-10-10 14:02:00,44.75,44.75,44.75,44.75,0,24.164664,178850,1745.0,1740.0
2025-10-10 14:03:00,44.75,44.75,44.75,44.75,0,24.165241,178850,1745.0,1740.0
2025-10-10 14:04:00,44.75,44.8,44.75,44.8,103950,24.198385,178850,1745.0,1740.0
2025-10-10 14:05:00,44.8,44.8,44.8,44.8,0,24.198962,178850,1745.0,1740.0
2025-10-10 14:06:00,44.8,44.8,44.8,44.8,0,24.19954,178850,1745.0,1740.0
2025-10-10 14:07:00,44.8,44.8,44.8,44.8,0,24.200116,178850,1745.0,1740.0
2025-10-10 14:08:00,44.8,44.8,44.8,44.8,0,24.237706,178850,1744.9,1740.0
2025-10-10 14:09:00,44.8,44.8,44.8,44.8,0,24.422798,178850,1744.4,1740.0
2025-10-10 14:10:00,44.8,44.8,44.8,44.8,0,24.238864,178850,1744.9,1740.0
2025-10-10 14:11:00,44.8,44.8,44.8,44.8,0,24.053986,178850,1745.4,1740.0
2025-10-10 14:12:00,44.8,44.8,44.8,44.8,0,24.424541,178850,1744.4,1740.0
2025-10-10 14:13:00,44.8,44.8,44.8,44.8,0,24.277574,178850,1744.8,1740.0
2025-10-10 14:14:00,44.8,44.8,44.8,44.8,0,24.828491,178850,1743.3,1740.0
2025-10-10 14:15:00,44.8,44.8,44.8,44.8,0,24.57325,178850,1744.0,1740.0
2025-10-10 14:16:00,44.8,44.8,44.8,44.8,0,24.537144,178850,1744.1,1740.0
2025-10-10 14:17:00,44.8,44.8,44.8,44.8,0,24.427442,178850,1744.4,1740.0
2025-10-10 14:18:00,44.8,44.8,44.8,44.8,0,24.464821,178850,1744.3,1740.0
2025-10-10 14:19:00,44.8,44.8,44.8,44.8,0,24.428603,178850,1744.4,1740.0
2025-10-10 14:20:00,44.8,44.8,44.8,44.8,0,24.64944,178850,1743.8,1740.0
2025-10-10 14:21:00,44.8,44.8,44.8,44.8,0,24.650024,178850,1743.8,1740.0
2025-10-10 14:22:00,44.8,44.8,43.9,44.35,104650,24.357876,178850,1743.8,1740.0
2025-10-10 14:23:00,44.35,44.35,44.1,44.1,350,24.048845,178850,1744.2,1740.0
2025-10-10 14:24:00,44.1,44.1,44.1,44.1,0,24.049419,178850,1744.2,1740.0
2025-10-10 14:25:00,44.1,44.1,44.1,44.1,0,24.196948,178850,1743.8,1740.0
2025-10-10 14:26:00,44.1,44.1,44.1,44.1,0,24.671188,178850,1742.5,1740.0
2025-10-10 14:27:00,44.1,44.1,44.1,44.1,0,24.599284,178850,1742.7,1740.0
2025-10-10 14:28:00,44.1,44.1,44.1,44.1,0,24.599866,178850,1742.7,1740.0
2025-10-10 14:29:00,44.1,44.1,44.1,44.1,0,24.235902,178850,1743.7,1740.0
2025-10-10 14:30:00,44.1,44.1,44.1,44.1,0,24.236479,179200,1743.7,1740.0
2025-10-10 14:31:00,44.1,44.1,44.1,44.1,0,24.090232,179200,1744.1,1740.0
2025-10-10 14:32:00,44.1,44.1,44.1,44.1,0,24.674689,179200,1742.5,1740.0
2025-10-10 14:33:00,44.1,44.1,44.1,44.1,0,24.675273,179200,1742.5,1740.0
2025-10-10 14:34:00,44.1,44.1,44.1,44.1,0,24.165444,179200,1743.9,1740.0
2025-10-10 14:35:00,44.1,44.1,44.1,44.1,0,24.422093,179200,1743.2,1740.0
2025-10-10 14:36:00,44.1,44.1,44.1,44.1,0,24.422674,179200,1743.2,1740.0
2025-10-10 14:37:00,44.1,44.1,44.1,44.1,0,23.835287,179200,1744.8,1740.0
2025-10-10 14:38:00,44.1,44.1,44.1,44.1,0,24.314296,179200,1743.5,1740.0
2025-10-10 14:39:00,44.1,44.1,44.1,44.1,0,24.131594,179200,1744.0,1740.0
2025-10-10 14:40:00,44.1,44.1,44.1,44.1,0,23.947969,179200,1744.5,1740.0
2025-10-10 14:41:00,44.1,44.1,44.1,44.1,0,24.242825,179200,1743.7,1740.0
2025-10-10 14:42:00,44.1,44.1,44.1,44.1,0,24.243402,179200,1743.7,1740.0
2025-10-10 14:43:00,44.1,44.1,44.1,44.1,0,24.097127,179200,1744.1,1740.0
2025-10-10 14:44:00,44.1,44.1,44.1,44.1,0,24.427312,179200,1743.2,1740.0
2025-10-10 14:45:00,44.1,44.1,44.1,44.1,0,24.39141,179200,1743.3,1740.0
2025-10-10 14:46:00,44.1,44.1,44.1,44.1,0,24.135621,179200,1744.0,1740.0
2025-10-10 14:47:00,44.1,44.1,44.1,44.1,0,24.501909,179200,1743.0,1740.0
2025-10-10 14:48:00,44.1,44.1,44.1,44.1,0,24.502491,179200,1743.0,1740.0
2025-10-10 14:49:00,44.1,44.1,44.1,44.1,0,25.188468,179200,1741.1,1740.0
2025-10-10 14:50:00,44.1,44.1,44.1,44.1,0,25.367473,179200,1740.6,1740.0
2025-10-10 14:51:00,44.1,44.1,42.05,42.05,106750,24.144753,179550,1740.3,1740.0
2025-10-10 14:52:00,42.05,42.05,42.05,42.05,0,23.859311,179550,1741.1,1740.0
2025-10-10 14:53:00,42.05,42.05,42.05,42.05,0,23.716052,179550,1741.5,1740.0
2025-10-10 14:54:00,42.05,42.05,42.05,42.05,0,23.82454,179550,1741.2,1740.0
2025-10-10 14:55:00,42.05,42.05,42.05,42.05,0,23.536604,179200,1742.0,1740.0
2025-10-10 14:56:00,42.05,42.05,42.05,42.05,0,23.537167,179200,1742.0,1740.0
2025-10-10 14:57:00,42.05,42.05,42.05,42.05,0,23.898022,179200,1741.0,1740.0
2025-10-10 14:58:00,42.05,42.05,40.75,40.75,109200,23.197675,179200,1740.6,1740.0
2025-10-10 14:59:00,40.75,41.55,40.75,41.55,350,23.967137,179550,1739.9,1740.0
2025-10-10 15:00:00,41.55,41.55,41.55,41.55,0,24.286048,179550,1739.0,1740.0
2025-10-10 15:01:00,41.55,41.55,40.75,40.75,109900,23.873465,179550,1738.7,1740.0
2025-10-10 15:02:00,40.75,40.75,40.0,40.0,2450,24.154394,179900,1736.5,1740.0
2025-10-10 15:03:00,40.0,40.0,39.6,39.6,110250,24.171073,179900,1735.7,1740.0
2025-10-10 15:04:00,39.6,39.6,38.4,38.4,3850,23.291366,179900,1736.0,1740.0
2025-10-10 15:05:00,38.4,38.4,38.4,38.4,110950,23.291919,179550,1736.0,1740.0
2025-10-10 15:06:00,38.4,38.8,38.4,38.8,4200,23.448272,179550,1736.3,1740.0
2025-10-10 15:07:00,38.8,39.25,38.8,39.25,112350,23.219801,179550,1737.8,1740.0
2025-10-10 15:08:00,39.25,39.25,39.25,39.25,4550,23.08033,179200,1738.2,1740.0
2025-10-10 15:09:00,39.25,39.25,39.25,39.25,0,23.150959,179200,1738.0,1740.0
2025-10-10 15:10:00,39.25,39.25,39.25,39.25,0,23.499972,179200,1737.0,1740.0
2025-10-10 15:11:00,39.25,39.25,39.25,39.25,0,23.50053,179200,1737.0,1740.0
2025-10-10 15:12:00,39.25,39.25,39.25,39.25,0,23.535761,178850,1736.9,1740.0
2025-10-10 15:13:00,39.25,39.25,39.25,39.25,0,23.432202,178850,1737.2,1740.0
2025-10-10 15:14:00,39.25,39.25,39.25,39.25,0,23.467495,178850,1737.1,1740.0
2025-10-10 15:15:00,39.25,39.25,39.25,39.25,0,23.398545,178850,1737.3,1740.0
2025-10-10 15:16:00,39.25,39.25,39.25,39.25,117950,22.69687,178850,1739.3,1740.0
2025-10-10 15:17:00,39.25,39.25,39.25,39.25,0,22.341156,178850,1740.3,1740.0
2025-10-10 15:18:00,39.25,39.25,39.25,39.25,0,22.198174,178850,1740.7,1740.0
2025-10-10 15:19:00,39.25,39.25,39.25,39.25,0,22.162737,178850,1740.8,1740.0
2025-10-10 15:20:00,39.25,39.75,39.25,39.75,118300,22.595999,178850,1740.5,1740.0
2025-10-10 15:21:00,39.75,39.75,39.75,39.75,0,22.632372,178850,1740.4,1740.0
2025-10-10 15:22:00,39.75,39.75,39.75,39.75,0,22.668709,178850,1740.3,1740.0
2025-10-10 15:23:00,39.75,40.3,39.75,40.3,118650,23.382216,178500,1739.3,1740.0
2025-10-10 15:24:00,40.3,40.3,40.3,40.3,0,22.991346,178500,1740.4,1740.0
2025-10-10 15:25:00,40.3,40.3,39.65,39.65,119700,22.748219,178500,1739.9,1740.0
2025-10-10 15:26:00,39.65,39.65,39.65,39.65,0,23.103436,178500,1738.9,1740.0
2025-10-10 15:27:00,39.65,39.65,39.65,39.65,0,23.244908,178850,1738.5,1740.0
2025-10-10 15:28:00,39.65,39.65,39.65,39.65,0,23.069226,178850,1739.0,1740.0
2025-10-10 15:29:00,39.65,40.0,39.65,40.0,120750,24.684416,178500,1735.0,1740.0
2025-10-13 09:15:00,39.35,39.35,39.35,39.35,0,27.79399,0,1732.2,1740.0
2025-10-13 09:16:00,50.4,50.4,50.4,50.4,0,29.816499,0,1728.3,1720.0
2025-10-13 09:17:00,50.4,50.4,50.4,50.4,0,31.224891,0,1724.8,1720.0
2025-10-13 09:18:00,50.4,50.4,50.4,50.4,0,29.654491,0,1728.7,1720.0
2025-10-13 09:19:00,33.9,34.6,33.55,33.55,5250,24.147196,178850,1731.0,1740.0
2025-10-13 09:20:00,33.55,34.9,33.55,34.9,2800,25.273457,178850,1730.5,1740.0
2025-10-13 09:21:00,34.9,35.85,34.9,35.85,6300,25.836314,179900,1730.8,1740.0
2025-10-13 09:22:00,35.85,35.85,35.85,35.85,3150,24.727766,179900,1733.9,1740.0
2025-10-13 09:23:00,35.85,35.85,35.85,35.85,0,26.014097,179900,1730.3,1740.0
2025-10-13 09:24:00,35.85,35.85,35.25,35.25,9800,24.740204,179900,1732.7,1740.0
2025-10-13 09:25:00,35.25,37.0,35.25,37.0,1400,26.506011,180250,1731.2,1740.0
2025-10-13 09:26:00,37.0,37.0,37.0,37.0,0,26.542198,180250,1731.1,1740.0
2025-10-13 09:27:00,37.0,37.1,37.0,37.1,12250,25.645518,180250,1733.8,1740.0
2025-10-13 09:28:00,37.1,38.9,37.1,38.9,1050,25.324788,180600,1738.1,1740.0
2025-10-13 09:29:00,38.9,39.6,38.75,39.6,14350,26.265744,180600,1736.9,1740.0
2025-10-13 09:30:00,39.6,39.6,39.0,39.0,6300,25.993292,179200,1736.5,1740.0
2025-10-13 09:31:00,39.0,39.0,38.0,38.0,16450,25.843688,179200,1735.0,1740.0
2025-10-13 09:32:00,38.0,38.4,38.0,38.4,6650,25.312932,179200,1737.2,1740.0
2025-10-13 09:33:00,38.4,39.4,38.4,39.4,18200,25.642141,179200,1738.2,1740.0
2025-10-13 09:34:00,39.4,39.4,39.0,39.0,7000,26.107096,179550,1736.2,1740.0
2025-10-13 09:35:00,39.0,39.0,39.0,39.0,0,26.070828,179550,1736.3,1740.0
2025-10-13 09:36:00,39.0,39.0,39.0,39.0,0,26.071529,179550,1736.3,1740.0
2025-10-13 09:37:00,39.0,39.0,39.0,39.0,0,26.109204,179550,1736.2,1740.0
2025-10-13 09:38:00,39.0,39.0,38.95,38.95,25550,25.703619,179900,1737.2,1740.0
2025-10-13 09:39:00,38.95,39.0,38.85,38.85,1400,24.995488,179900,1738.9,1740.0
2025-10-13 09:40:00,38.85,39.75,38.85,39.75,25900,25.59134,179550,1739.0,1740.0
2025-10-13 09:41:00,39.75,39.75,39.75,39.75,0,25.856181,179550,1738.3,1740.0
2025-10-13 09:42:00,39.75,39.75,38.5,38.5,27650,25.687342,179550,1736.4,1740.0
2025-10-13 09:43:00,38.5,38.5,38.0,38.0,350,25.852038,179900,1735.0,1740.0
2025-10-13 09:44:00,38.0,38.0,37.15,37.15,28700,24.924729,179900,1735.9,1740.0
2025-10-13 09:45:00,37.15,39.25,37.15,39.25,2450,25.582584,179900,1738.1,1740.0
2025-10-13 09:46:00,39.25,39.25,39.2,39.2,29050,26.033767,181300,1736.8,1740.0
2025-10-13 09:47:00,39.2,39.2,38.15,38.15,3150,25.518815,181300,1736.2,1740.0
2025-10-13 09:48:00,38.15,38.65,38.15,38.65,30100,25.237841,181300,1737.9,1740.0
2025-10-13 09:49:00,38.65,38.65,38.65,38.65,0,25.12581,181300,1738.2,1740.0
2025-10-13 09:50:00,38.65,39.05,38.65,39.0,33950,25.784377,181300,1737.1,1740.0
2025-10-13 09:51:00,39.0,39.0,39.0,39.0,0,25.560985,181300,1737.7,1740.0
2025-10-13 09:52:00,39.0,39.0,39.0,39.0,0,25.33639,181300,1738.3,1740.0
2025-10-13 09:53:00,39.0,39.0,39.0,39.0,0,25.6372,181300,1737.5,1740.0
2025-10-13 09:54:00,39.0,39.0,39.0,39.0,0,25.56306,181300,1737.7,1740.0
2025-10-13 09:55:00,39.0,39.45,39.0,39.2,35700,25.77922,181650,1737.5,1740.0
2025-10-13 09:56:00,39.2,39.2,39.2,39.2,0,25.705093,181650,1737.7,1740.0
2025-10-13 09:57:00,39.2,39.2,38.0,38.0,37100,25.788508,181650,1735.2,1740.0
2025-10-13 09:58:00,38.0,38.0,38.0,38.0,0,25.862482,181650,1735.0,1740.0
2025-10-13 09:59:00,38.0,38.25,38.0,38.25,37450,25.818718,183400,1735.6,1740.0
2025-10-13 10:00:00,38.25,38.25,38.25,38.25,0,26.039626,183400,1735.0,1740.0
2025-10-13 10:01:00,38.25,38.25,38.25,38.25,0,26.040327,183400,1735.0,1740.0
2025-10-13 10:02:00,38.25,38.25,38.25,38.25,0,25.673378,183400,1736.0,1740.0
2025-10-13 10:03:00,38.25,38.25,38.25,38.25,0,25.674073,183400,1736.0,1740.0
2025-10-13 10:04:00,38.25,38.25,38.25,38.25,0,25.079917,183400,1737.6,1740.0
2025-10-13 10:05:00,38.25,38.25,38.25,38.25,0,24.817665,183400,1738.3,1740.0
2025-10-13 10:06:00,38.25,38.25,38.15,38.15,37800,25.642748,183400,1735.9,1740.0
2025-10-13 10:07:00,38.15,38.25,38.15,38.25,700,25.156784,183400,1737.4,1740.0
2025-10-13 10:08:00,38.25,38.25,38.25,38.25,0,25.418298,183400,1736.7,1740.0
2025-10-13 10:09:00,38.25,38.25,38.25,38.25,0,25.418987,183400,1736.7,1740.0
2025-10-13 10:10:00,38.25,38.25,38.25,38.25,0,25.641988,183400,1736.1,1740.0
2025-10-13 10:11:00,38.25,38.25,38.25,38.25,0,26.010704,183400,1735.1,1740.0
2025-10-13 10:12:00,38.25,38.25,38.25,38.25,39200,25.901316,184100,1735.4,1740.0
2025-10-13 10:13:00,38.25,38.25,38.25,38.25,0,26.012102,184100,1735.1,1740.0
2025-10-13 10:14:00,38.25,38.25,38.25,38.25,0,25.902713,184100,1735.4,1740.0
2025-10-13 10:15:00,38.25,38.25,38.25,38.25,0,26.05014,184100,1735.0,1740.0
2025-10-13 10:16:00,38.25,38.25,37.3,37.3,39550,25.382754,184100,1735.0,1740.0
2025-10-13 10:17:00,37.3,37.3,37.3,37.3,0,25.346803,184100,1735.1,1740.0
2025-10-13 10:18:00,37.3,37.3,37.3,37.3,0,25.384128,184100,1735.0,1740.0
2025-10-13 10:19:00,37.3,37.3,37.3,37.3,0,25.384813,184100,1735.0,1740.0
2025-10-13 10:20:00,37.3,37.3,37.15,37.15,39900,25.243366,183750,1735.1,1740.0
2025-10-13 10:21:00,37.15,37.15,37.15,37.15,0,25.280687,183750,1735.0,1740.0
2025-10-13 10:22:00,37.15,37.15,37.15,37.15,0,25.281372,183400,1735.0,1740.0
2025-10-13 10:23:00,37.15,37.15,37.0,37.0,40600,25.176553,183400,1735.0,1740.0
2025-10-13 10:24:00,37.0,37.0,36.85,36.85,700,25.071728,183400,1735.0,1740.0
2025-10-13 10:25:00,36.85,36.85,36.85,36.85,0,26.193494,183400,1731.9,1740.0
2025-10-13 10:26:00,36.85,36.85,35.55,35.55,42350,23.456586,183050,1736.9,1740.0
2025-10-13 10:27:00,35.55,37.95,35.55,37.95,350,25.145934,183050,1736.9,1740.0
2025-10-13 10:28:00,37.95,37.95,37.95,37.95,0,25.109368,183050,1737.0,1740.0
2025-10-13 10:29:00,37.95,37.95,37.95,37.95,0,25.184517,183050,1736.8,1740.0
2025-10-13 10:30:00,37.95,37.95,37.95,37.95,0,25.147983,183050,1736.9,1740.0
2025-10-13 10:31:00,37.95,37.95,37.95,37.95,0,25.445495,183400,1736.1,1740.0
2025-10-13 10:32:00,37.95,37.95,37.95,37.95,0,25.409193,183400,1736.2,1740.0
2025-10-13 10:33:00,37.95,37.95,37.95,37.95,0,25.000827,183400,1737.3,1740.0
2025-10-13 10:34:00,37.95,37.95,37.95,37.95,0,25.410571,183400,1736.2,1740.0
2025-10-13 10:35:00,37.95,37.95,37.75,37.75,43400,25.159359,183400,1736.5,1740.0
2025-10-13 10:36:00,37.75,37.75,37.75,37.75,0,24.899467,183400,1737.2,1740.0
2025-10-13 10:37:00,37.75,37.75,37.75,37.75,0,25.493414,183400,1735.6,1740.0
2025-10-13 10:38:00,37.75,37.75,37.75,37.75,0,25.641148,183400,1735.2,1740.0
2025-10-13 10:39:00,37.75,37.75,37.75,37.75,0,25.641841,183400,1735.2,1740.0
2025-10-13 10:40:00,37.75,37.75,37.35,37.35,43750,25.324367,183400,1735.3,1740.0
2025-10-13 10:41:00,37.35,37.35,37.35,37.35,0,25.177868,183400,1735.7,1740.0
2025-10-13 10:42:00,37.35,37.35,37.35,37.35,0,25.362458,183400,1735.2,1740.0
2025-10-13 10:43:00,37.35,37.35,37.35,37.35,0,25.10545,183400,1735.9,1740.0
2025-10-13 10:44:00,37.35,37.35,37.35,37.35,0,25.179919,183400,1735.7,1740.0
2025-10-13 10:45:00,37.35,37.35,37.35,37.35,0,25.254263,183400,1735.5,1740.0
2025-10-13 10:46:00,37.35,38.35,37.35,38.35,44100,25.885026,183400,1735.7,1740.0
2025-10-13 10:47:00,38.35,38.35,38.35,38.35,0,25.811947,183400,1735.9,1740.0
2025-10-13 10:48:00,38.35,38.35,38.35,38.35,0,25.404603,183400,1737.0,1740.0
2025-10-13 10:49:00,38.35,38.35,38.35,38.35,0,24.993281,183050,1738.1,1740.0
2025-10-13 10:50:00,38.35,39.0,38.3,39.0,45150,25.451694,183050,1738.1,1740.0
2025-10-13 10:51:00,39.0,39.0,38.85,38.85,350,25.534478,183050,1737.6,1740.0
2025-10-13 10:52:00,38.85,38.85,38.85,38.85,0,26.241134,183050,1735.7,1740.0
2025-10-13 10:53:00,38.85,38.85,38.85,38.85,0,26.131124,183050,1736.0,1740.0
2025-10-13 10:54:00,38.85,38.85,38.85,38.85,0,26.426475,183050,1735.2,1740.0
2025-10-13 10:55:00,38.85,38.85,38.85,38.85,0,26.353703,183050,1735.4,1740.0
2025-10-13 10:56:00,38.85,38.85,38.85,38.85,0,26.50126,183050,1735.0,1740.0
2025-10-13 10:57:00,38.85,38.85,38.85,38.85,0,26.281519,183050,1735.6,1740.0
2025-10-13 10:58:00,38.85,38.85,38.85,38.85,0,26.429318,183050,1735.2,1740.0
2025-10-13 10:59:00,38.85,38.85,38.85,38.85,0,26.319754,183050,1735.5,1740.0
2025-10-13 11:00:00,38.85,38.85,38.85,38.85,0,26.430741,183050,1735.2,1740.0
2025-10-13 11:01:00,38.85,38.85,38.85,38.85,0,26.431452,183050,1735.2,1740.0
2025-10-13 11:02:00,38.85,38.85,38.85,38.85,0,26.24821,183050,1735.7,1740.0
2025-10-13 11:03:00,38.85,38.85,38.85,38.85,0,26.212036,183050,1735.8,1740.0
2025-10-13 11:04:00,38.85,38.85,37.85,37.85,45850,25.619291,183400,1735.5,1740.0
2025-10-13 11:05:00,37.85,37.85,37.85,37.85,0,25.693545,183400,1735.3,1740.0
2025-10-13 11:06:00,37.85,37.85,37.85,37.85,0,25.694241,183400,1735.3,1740.0
2025-10-13 11:07:00,37.85,37.85,37.85,37.85,0,25.621371,183400,1735.5,1740.0
2025-10-13 11:08:00,37.85,37.85,37.85,37.85,0,25.548377,183400,1735.7,1740.0
2025-10-13 11:09:00,37.85,37.85,37.85,37.85,0,25.401313,183400,1736.1,1740.0
2025-10-13 11:10:00,37.85,37.85,37.85,37.85,0,25.1794,183400,1736.7,1740.0
2025-10-13 11:11:00,37.85,38.4,37.85,38.4,46200,25.789978,183750,1736.1,1740.0
2025-10-13 11:12:00,38.4,38.4,38.4,38.4,0,25.605282,183750,1736.6,1740.0
2025-10-13 11:13:00,38.4,38.4,38.4,38.4,0,25.939128,183750,1735.7,1740.0
2025-10-13 11:14:00,38.4,38.4,38.4,38.4,0,27.032854,183750,1732.7,1740.0
2025-10-13 11:15:00,38.4,38.4,38.4,38.4,0,27.177405,183750,1732.3,1740.0
2025-10-13 11:16:00,38.4,38.4,38.4,38.4,0,26.962222,183750,1732.9,1740.0
2025-10-13 11:17:00,38.4,38.4,38.4,38.4,0,26.926865,183750,1733.0,1740.0
2025-10-13 11:18:00,38.4,38.4,36.0,36.0,46900,24.473225,183400,1735.1,1740.0
2025-10-13 11:19:00,36.0,36.0,36.0,36.0,0,23.919661,183400,1736.6,1740.0
2025-10-13 11:20:00,36.0,37.45,36.0,37.45,47600,24.229135,183400,1738.5,1740.0
2025-10-13 11:21:00,37.45,37.45,37.45,37.45,0,24.643866,183400,1737.4,1740.0
2025-10-13 11:22:00,37.45,37.45,37.45,37.45,0,24.756736,183400,1737.1,1740.0
2025-10-13 11:23:00,37.45,37.45,37.45,37.45,0,24.495133,183400,1737.8,1740.0
2025-10-13 11:24:00,37.45,37.45,37.45,37.45,0,24.570915,183400,1737.6,1740.0
2025-10-13 11:25:00,37.45,37.45,37.45,37.45,0,24.758765,183400,1737.1,1740.0
2025-10-13 11:26:00,37.45,37.75,37.45,37.75,47950,24.633334,183400,1738.0,1740.0
2025-10-13 11:27:00,37.75,37.75,37.75,37.75,0,25.00882,183400,1737.0,1740.0
2025-10-13 11:28:00,37.75,37.75,37.7,37.7,48300,24.486314,183400,1738.3,1740.0
2025-10-13 11:29:00,37.7,37.7,37.7,37.7,0,24.750464,183400,1737.6,1740.0
2025-10-13 11:30:00,37.7,37.7,37.7,37.7,0,24.676035,183400,1737.8,1740.0
2025-10-13 11:31:00,37.7,37.7,37.7,37.7,0,24.751818,183400,1737.6,1740.0
2025-10-13 11:32:00,37.7,37.7,37.7,37.7,0,24.639779,183400,1737.9,1740.0
2025-10-13 11:33:00,37.7,37.7,37.7,37.7,0,24.602813,183400,1738.0,1740.0
2025-10-13 11:34:00,37.7,37.7,37.7,37.7,0,24.603487,183400,1738.0,1740.0
2025-10-13 11:35:00,37.7,37.7,37.7,37.7,0,25.128052,183400,1736.6,1740.0
2025-10-13 11:36:00,37.7,37.7,37.7,37.7,0,24.755205,183400,1737.6,1740.0
2025-10-13 11:37:00,37.7,37.7,37.7,37.7,0,24.530115,183050,1738.2,1740.0
2025-10-13 11:38:00,37.7,37.7,37.7,37.7,0,24.794067,183050,1737.5,1740.0
2025-10-13 11:39:00,37.7,37.7,37.7,37.7,0,25.130794,183050,1736.6,1740.0
2025-10-13 11:40:00,37.7,37.7,37.7,37.7,0,25.317015,183050,1736.1,1740.0
2025-10-13 11:41:00,37.7,37.7,37.7,37.7,0,25.64967,183050,1735.2,1740.0
2025-10-13 11:42:00,37.7,37.7,37.0,37.0,50400,24.565067,183050,1736.8,1740.0
2025-10-13 11:43:00,37.0,37.0,37.0,37.0,0,24.973696,183050,1735.7,1740.0
2025-10-13 11:44:00,37.0,37.0,37.0,37.0,0,24.529124,183050,1736.9,1740.0
2025-10-13 11:45:00,37.0,37.0,37.0,37.0,0,24.529796,183050,1736.9,1740.0
2025-10-13 11:46:00,37.0,37.0,37.0,37.0,0,24.790787,183050,1736.2,1740.0
2025-10-13 11:47:00,37.0,37.55,37.0,37.55,51450,25.253145,183050,1736.0,1740.0
2025-10-13 11:48:00,37.55,37.55,37.55,37.55,0,24.807451,183050,1737.2,1740.0
2025-10-13 11:49:00,37.55,37.55,37.55,37.55,0,24.770713,183050,1737.3,1740.0
2025-10-13 11:50:00,37.55,37.6,37.55,37.6,52150,24.9561,183750,1736.9,1740.0
2025-10-13 11:51:00,37.6,38.45,37.6,38.45,350,25.593212,183750,1736.8,1740.0
2025-10-13 11:52:00,38.45,38.45,38.45,38.45,0,25.106851,183750,1738.1,1740.0
2025-10-13 11:53:00,38.45,38.45,38.45,38.45,0,25.482701,183750,1737.1,1740.0
2025-10-13 11:54:00,38.45,38.45,38.45,38.45,0,25.55803,183750,1736.9,1740.0
2025-10-13 11:55:00,38.45,38.7,38.3,38.7,53900,25.020614,183750,1738.8,1740.0
2025-10-13 11:56:00,38.7,38.7,38.7,38.7,0,25.210477,183750,1738.3,1740.0
2025-10-13 11:57:00,38.7,38.7,38.7,38.7,0,25.286597,183750,1738.1,1740.0
2025-10-13 11:58:00,38.7,38.7,38.7,38.7,0,25.211856,183750,1738.3,1740.0
2025-10-13 11:59:00,38.7,38.7,38.7,38.7,0,25.174776,183750,1738.4,1740.0
2025-10-13 12:00:00,38.7,38.7,38.7,38.7,0,25.626457,183750,1737.2,1740.0
2025-10-13 12:01:00,38.7,38.7,38.7,38.7,0,25.364658,183750,1737.9,1740.0
2025-10-13 12:02:00,38.7,38.7,38.7,38.7,0,25.665218,183750,1737.1,1740.0
2025-10-13 12:03:00,38.7,38.7,38.7,38.7,0,25.963706,183750,1736.3,1740.0
2025-10-13 12:04:00,38.7,38.7,38.7,38.7,0,27.02759,183750,1733.4,1740.0
2025-10-13 12:05:00,38.7,38.7,38.7,38.7,0,26.518135,183750,1734.8,1740.0
2025-10-13 12:06:00,38.7,38.7,38.7,38.7,0,26.518851,183750,1734.8,1740.0
2025-10-13 12:07:00,38.7,38.7,38.7,38.7,0,27.029765,183750,1733.4,1740.0
2025-10-13 12:08:00,38.7,38.7,38.7,38.7,0,27.102927,183750,1733.2,1740.0
2025-10-13 12:09:00,38.7,38.7,38.7,38.7,0,27.031215,183750,1733.4,1740.0
2025-10-13 12:10:00,38.7,38.7,38.7,38.7,0,26.959389,183750,1733.6,1740.0
2025-10-13 12:11:00,38.7,38.7,36.95,36.95,54250,25.580718,183400,1734.0,1740.0
2025-10-13 12:12:00,36.95,36.95,36.95,36.95,0,25.435574,183400,1734.4,1740.0
2025-10-13 12:13:00,36.95,36.95,36.85,36.85,54600,25.438734,183400,1734.2,1740.0
2025-10-13 12:14:00,36.85,36.85,36.85,36.85,0,25.256742,183400,1734.7,1740.0
2025-10-13 12:15:00,36.85,36.85,36.85,36.85,0,25.440112,183400,1734.2,1740.0
2025-10-13 12:16:00,36.85,36.85,36.85,36.85,0,25.47725,183400,1734.1,1740.0
2025-10-13 12:17:00,36.85,36.85,36.85,36.85,0,25.550743,183400,1733.9,1740.0
2025-10-13 12:18:00,36.85,36.85,36.85,36.85,0,25.51505,183400,1734.0,1740.0
2025-10-13 12:19:00,36.85,36.85,36.85,36.85,0,25.479323,183400,1734.1,1740.0
2025-10-13 12:20:00,36.85,36.85,36.85,36.85,0,25.516433,183400,1734.0,1740.0
2025-10-13 12:21:00,36.85,36.85,36.85,36.85,0,25.626205,183400,1733.7,1740.0
2025-10-13 12:22:00,36.85,36.85,36.85,36.85,0,25.626899,183400,1733.7,1740.0
2025-10-13 12:23:00,36.85,37.5,36.85,37.5,54950,25.976955,183400,1734.0,1740.0
2025-10-13 12:24:00,37.5,37.5,37.5,37.5,0,25.6854,183400,1734.8,1740.0
2025-10-13 12:25:00,37.5,37.5,37.5,37.5,0,25.941931,183400,1734.1,1740.0
2025-10-13 12:26:00,37.5,39.0,37.5,39.0,55300,25.291572,183400,1738.7,1740.0
2025-10-13 12:27:00,39.0,39.0,39.0,39.0,0,25.367994,183400,1738.5,1740.0
2025-10-13 12:28:00,39.0,39.0,39.0,39.0,0,25.255038,183400,1738.8,1740.0
2025-10-13 12:29:00,39.0,39.0,39.0,39.0,0,25.217776,183400,1738.9,1740.0
2025-10-13 12:30:00,39.0,39.0,39.0,39.0,0,25.445671,183400,1738.3,1740.0
2025-10-13 12:31:00,39.0,39.0,39.0,39.0,0,25.634769,183400,1737.8,1740.0
2025-10-13 12:32:00,39.0,39.0,39.0,39.0,55650,25.40928,183400,1738.4,1740.0
2025-10-13 12:33:00,39.0,39.0,39.0,39.0,0,25.409974,183400,1738.4,1740.0
2025-10-13 12:34:00,39.0,39.0,38.0,38.0,57050,24.968719,183400,1737.7,1740.0
2025-10-13 12:35:00,38.0,38.2,38.0,38.2,350,25.559189,183400,1736.5,1740.0
2025-10-13 12:36:00,38.2,38.2,38.2,38.2,0,25.261321,183400,1737.3,1740.0
2025-10-13 12:37:00,38.2,38.2,38.2,38.2,0,25.672008,183400,1736.2,1740.0
2025-10-13 12:38:00,38.2,38.2,38.2,38.2,0,25.709787,183400,1736.1,1740.0
2025-10-13 12:39:00,38.2,38.2,38.2,38.2,0,25.673406,183400,1736.2,1740.0
2025-10-13 12:40:00,38.2,38.2,38.2,38.2,0,25.748236,183400,1736.0,1740.0
2025-10-13 12:41:00,38.2,38.2,38.2,38.2,0,25.227298,183400,1737.4,1740.0
2025-10-13 12:42:00,38.2,38.2,38.2,38.2,0,24.623736,183400,1739.0,1740.0
2025-10-13 12:43:00,38.2,38.2,38.2,38.2,0,24.738397,183400,1738.7,1740.0
2025-10-13 12:44:00,38.2,39.3,38.2,39.3,57750,25.477962,184450,1738.8,1740.0
2025-10-13 12:45:00,39.3,39.3,38.9,38.9,700,25.082163,184450,1739.1,1740.0
2025-10-13 12:46:00,38.9,38.9,38.9,38.9,0,25.158896,184450,1738.9,1740.0
2025-10-13 12:47:00,38.9,38.9,38.9,38.9,0,24.892797,184450,1739.6,1740.0
2025-10-13 12:48:00,38.9,38.9,38.9,38.9,0,24.816932,184450,1739.8,1740.0
2025-10-13 12:49:00,38.9,38.9,38.9,38.9,0,25.084916,184450,1739.1,1740.0
2025-10-13 12:50:00,38.9,39.6,38.9,39.6,58800,25.580079,184800,1739.1,1740.0
2025-10-13 12:51:00,39.6,39.6,39.6,39.6,0,25.504641,184800,1739.3,1740.0
2025-10-13 12:52:00,39.6,39.6,39.6,39.6,0,25.619498,184800,1739.0,1740.0
2025-10-13 12:53:00,39.6,39.6,39.6,39.6,0,25.620195,184800,1739.0,1740.0
2025-10-13 12:54:00,39.6,39.6,39.6,39.6,0,25.999211,184800,1738.0,1740.0
2025-10-13 12:55:00,39.6,39.6,39.6,39.6,0,25.962238,184800,1738.1,1740.0
2025-10-13 12:56:00,39.6,39.6,39.6,39.6,0,25.962945,184800,1738.1,1740.0
2025-10-13 12:57:00,39.6,39.6,39.6,39.6,0,25.812588,184800,1738.5,1740.0
2025-10-13 12:58:00,39.6,39.6,39.6,39.6,0,25.661685,184800,1738.9,1740.0
2025-10-13 12:59:00,39.6,39.6,39.6,39.6,0,25.624398,184800,1739.0,1740.0
2025-10-13 13:00:00,39.6,39.6,39.6,39.6,0,25.663088,184800,1738.9,1740.0
2025-10-13 13:01:00,39.6,39.6,39.6,39.6,0,25.473496,184800,1739.4,1740.0
2025-10-13 13:02:00,39.6,39.6,39.6,39.6,0,25.778256,184800,1738.6,1740.0
2025-10-13 13:03:00,39.6,39.6,38.9,38.9,59150,25.473517,184450,1738.1,1740.0
2025-10-13 13:04:00,38.9,38.9,38.9,38.9,0,25.095249,184450,1739.1,1740.0
2025-10-13 13:05:00,38.9,38.9,38.9,38.9,0,25.133991,184450,1739.0,1740.0
2025-10-13 13:06:00,38.9,39.0,38.9,39.0,59500,25.583945,184450,1738.0,1740.0
2025-10-13 13:07:00,39.0,39.0,39.0,39.0,0,25.206037,184450,1739.0,1740.0
2025-10-13 13:08:00,39.0,39.0,39.0,39.0,0,25.168677,184450,1739.1,1740.0
2025-10-13 13:09:00,39.0,39.0,39.0,39.0,0,25.548334,184450,1738.1,1740.0
2025-10-13 13:10:00,39.0,39.0,39.0,39.0,0,25.17006,184450,1739.1,1740.0
2025-10-13 13:11:00,39.0,39.0,39.0,39.0,0,25.737944,184450,1737.6,1740.0
2025-10-13 13:12:00,39.0,39.0,39.0,39.0,0,25.663459,184450,1737.8,1740.0
2025-10-13 13:13:00,39.0,39.0,39.0,39.0,0,25.210188,184450,1739.0,1740.0
2025-10-13 13:14:00,39.0,39.0,39.0,39.0,0,25.476299,184450,1738.3,1740.0
2025-10-13 13:15:00,39.0,39.0,39.0,39.0,0,25.36345,184450,1738.6,1740.0
2025-10-13 13:16:00,39.0,39.2,39.0,39.2,59850,24.971509,184450,1740.0,1740.0
2025-10-13 13:17:00,39.2,39.6,39.2,39.6,700,25.25508,184450,1740.0,1740.0
2025-10-13 13:18:00,39.6,39.6,39.6,39.6,0,25.599684,184450,1739.1,1740.0
2025-10-13 13:19:00,39.6,39.6,39.6,39.6,0,25.828094,184450,1738.5,1740.0
2025-10-13 13:20:00,39.6,39.6,39.6,39.6,0,25.295519,184450,1739.9,1740.0
2025-10-13 13:21:00,39.6,39.6,39.6,39.6,0,25.639826,184450,1739.0,1740.0
2025-10-13 13:22:00,39.6,39.6,39.6,39.6,0,25.678532,184450,1738.9,1740.0
2025-10-13 13:23:00,39.6,39.6,39.6,39.6,0,25.641228,184450,1739.0,1740.0
2025-10-13 13:24:00,39.6,39.6,39.15,39.15,60900,25.361859,184100,1738.9,1740.0
2025-10-13 13:25:00,39.15,39.15,39.15,39.15,0,25.552155,184100,1738.4,1740.0
2025-10-13 13:26:00,39.15,39.15,39.15,39.15,0,25.172773,184100,1739.4,1740.0
2025-10-13 13:27:00,39.15,39.15,39.15,39.15,0,25.173464,184100,1739.4,1740.0
2025-10-13 13:28:00,39.15,39.15,39.15,39.15,0,25.174157,184100,1739.4,1740.0
2025-10-13 13:29:00,39.15,39.15,39.15,39.15,0,25.098406,184100,1739.6,1740.0
2025-10-13 13:30:00,39.15,39.15,39.15,39.15,0,25.479907,184100,1738.6,1740.0
2025-10-13 13:31:00,39.15,39.15,39.15,39.15,0,25.3287,183750,1739.0,1740.0
2025-10-13 13:32:00,39.15,39.15,39.15,39.15,0,25.29133,183750,1739.1,1740.0
2025-10-13 13:33:00,39.15,39.15,39.15,39.15,0,25.253925,183750,1739.2,1740.0
2025-10-13 13:34:00,39.15,39.15,39.15,39.15,0,25.596273,183750,1738.3,1740.0
2025-10-13 13:35:00,39.15,39.15,39.15,39.15,0,25.293413,183750,1739.1,1740.0
2025-10-13 13:36:00,39.15,39.15,39.15,39.15,0,25.559848,183750,1738.4,1740.0
2025-10-13 13:37:00,39.15,39.15,39.15,39.15,0,25.180386,183750,1739.4,1740.0
2025-10-13 13:38:00,39.15,39.15,39.15,39.15,0,25.523386,183750,1738.5,1740.0
2025-10-13 13:39:00,39.15,39.15,39.15,39.15,0,25.637568,183750,1738.2,1740.0
2025-10-13 13:40:00,39.15,39.15,38.1,38.1,63700,24.592404,183750,1739.0,1740.0
2025-10-13 13:41:00,38.1,38.1,38.1,38.1,0,24.972254,183750,1738.0,1740.0
2025-10-13 13:42:00,38.1,38.1,38.1,38.1,0,24.972941,183750,1738.0,1740.0
2025-10-13 13:43:00,38.1,38.1,38.1,38.1,0,24.822377,183750,1738.4,1740.0
2025-10-13 13:44:00,38.1,38.1,38.1,38.1,0,24.898758,183750,1738.2,1740.0
2025-10-13 13:45:00,38.1,38.1,38.1,38.1,0,25.238366,183750,1737.3,1740.0
2025-10-13 13:46:00,38.1,38.1,38.1,38.1,0,24.634559,183750,1738.9,1740.0
2025-10-13 13:47:00,38.1,38.1,38.1,38.1,0,25.127077,183750,1737.6,1740.0
2025-10-13 13:48:00,38.1,38.1,38.1,38.1,0,25.052481,183750,1737.8,1740.0
2025-10-13 13:49:00,38.1,38.1,38.1,38.1,0,25.053169,183750,1737.8,1740.0
2025-10-13 13:50:00,38.1,38.1,38.1,38.1,0,25.466278,183750,1736.7,1740.0
2025-10-13 13:51:00,38.1,38.1,38.1,38.1,0,25.392287,183750,1736.9,1740.0
2025-10-13 13:52:00,38.1,38.1,38.1,38.1,0,25.20568,183750,1737.4,1740.0
2025-10-13 13:53:00,38.1,38.1,38.1,38.1,0,25.055921,183750,1737.8,1740.0
2025-10-13 13:54:00,38.1,38.1,38.1,38.1,0,25.094273,183750,1737.7,1740.0
2025-10-13 13:55:00,38.1,38.1,38.1,38.1,0,25.282779,183750,1737.2,1740.0
2025-10-13 13:56:00,38.1,38.1,38.1,38.1,0,25.133284,183750,1737.6,1740.0
2025-10-13 13:57:00,38.1,38.1,38.0,38.0,64050,24.950263,183050,1737.9,1740.0
2025-10-13 13:58:00,38.0,38.0,38.0,38.0,0,24.913209,183050,1738.0,1740.0
2025-10-13 13:59:00,38.0,38.0,38.0,38.0,0,24.83831,183050,1738.2,1740.0
2025-10-13 14:00:00,38.0,38.0,38.0,38.0,0,24.6874,183050,1738.6,1740.0
2025-10-13 14:01:00,38.0,38.0,38.0,38.0,0,24.650093,183050,1738.7,1740.0
2025-10-13 14:02:00,38.0,38.0,38.0,38.0,0,24.650773,183050,1738.7,1740.0
2025-10-13 14:03:00,38.0,38.9,38.0,38.9,65450,25.097851,183050,1739.2,1740.0
2025-10-13 14:04:00,38.9,38.9,38.9,38.9,0,24.792174,183050,1740.0,1740.0
2025-10-13 14:05:00,38.9,38.9,38.9,38.9,0,24.754398,183050,1740.1,1740.0
2025-10-13 14:06:00,38.9,38.9,38.9,38.9,0,24.793544,183050,1740.0,1740.0
2025-10-13 14:07:00,38.9,38.9,38.9,38.9,0,25.062445,183050,1739.3,1740.0
2025-10-13 14:08:00,38.9,38.9,38.9,38.9,0,24.794915,183050,1740.0,1740.0
2025-10-13 14:09:00,38.9,38.9,38.9,38.9,0,24.795602,183050,1740.0,1740.0
2025-10-13 14:10:00,38.9,38.9,38.9,38.9,0,24.680777,183050,1740.3,1740.0
2025-10-13 14:11:00,38.9,40.0,38.9,40.0,67550,25.306194,183750,1740.7,1740.0
2025-10-13 14:12:00,40.0,40.0,40.0,40.0,0,25.345521,183750,1740.6,1740.0
2025-10-13 14:13:00,40.0,40.0,40.0,40.0,0,25.075028,183750,1741.3,1740.0
2025-10-13 14:14:00,40.0,40.0,40.0,40.0,0,25.036829,183750,1741.4,1740.0
2025-10-13 14:15:00,40.0,40.0,40.0,40.0,0,24.998588,184100,1741.5,1740.0
2025-10-13 14:16:00,40.0,40.3,40.0,40.3,68600,25.250867,184100,1741.4,1740.0
2025-10-13 14:17:00,40.3,42.2,40.3,41.9,3150,25.48335,184100,1743.7,1740.0
2025-10-13 14:18:00,41.9,42.85,41.9,42.85,76650,25.800846,184100,1744.6,1740.0
2025-10-13 14:19:00,42.85,42.9,42.85,42.9,5950,25.797146,185850,1744.7,1740.0
2025-10-13 14:20:00,42.9,42.9,42.4,42.4,78050,25.322081,185850,1745.0,1740.0
2025-10-13 14:21:00,42.4,42.4,42.4,42.4,0,25.282612,185850,1745.1,1740.0
2025-10-13 14:22:00,42.4,43.1,42.4,43.1,88550,25.378027,183050,1746.1,1740.0
2025-10-13 14:23:00,43.1,43.5,43.1,43.5,2100,25.704149,183050,1746.0,1740.0
2025-10-13 14:24:00,43.5,43.9,43.5,43.6,89950,25.735615,183050,1746.1,1740.0
2025-10-13 14:25:00,43.6,43.6,43.6,43.6,2800,25.533372,182000,1746.6,1740.0
2025-10-13 14:26:00,43.6,44.3,43.6,44.3,91700,25.336256,182000,1748.3,1740.0
2025-10-13 14:27:00,44.3,44.3,44.3,44.3,5950,25.830102,182000,1747.1,1740.0
2025-10-13 14:28:00,44.3,44.3,44.3,44.3,0,26.034432,182000,1746.6,1740.0
2025-10-13 14:29:00,44.3,44.3,44.3,44.3,0,25.749788,182000,1747.3,1740.0
2025-10-13 14:30:00,44.3,44.3,44.0,44.0,100100,25.536429,179900,1747.3,1740.0
2025-10-13 14:31:00,44.0,44.0,43.9,43.9,700,25.465769,180600,1747.3,1740.0
2025-10-13 14:32:00,43.9,44.55,43.9,44.55,106400,25.848442,180600,1747.5,1740.0
2025-10-13 14:33:00,44.55,44.55,43.95,43.95,9800,25.215002,180600,1748.0,1740.0
2025-10-13 14:34:00,43.95,43.95,43.5,43.55,109900,25.340911,180600,1747.0,1740.0
2025-10-13 14:35:00,43.55,43.55,43.15,43.15,10850,25.056155,181300,1747.0,1740.0
2025-10-13 14:36:00,43.15,43.4,43.15,43.4,110950,25.235284,181300,1747.0,1740.0
2025-10-13 14:37:00,43.4,44.15,43.4,44.15,11550,24.526101,180950,1750.0,1740.0
2025-10-13 14:38:00,44.15,45.0,43.6,43.95,125650,24.761506,180950,1749.1,1740.0
2025-10-13 14:39:00,43.95,43.95,43.0,43.0,13300,24.456933,180950,1748.2,1740.0
2025-10-13 14:40:00,43.0,43.0,42.2,42.2,127400,24.299022,180950,1747.2,1740.0
2025-10-13 14:41:00,42.2,42.2,42.0,42.05,14000,24.274802,178150,1747.0,1740.0
2025-10-13 14:42:00,42.05,42.05,41.45,41.7,128800,24.75866,178150,1745.2,1740.0
2025-10-13 14:43:00,41.7,41.7,41.7,41.7,0,24.83993,178150,1745.0,1740.0
2025-10-13 14:44:00,41.7,41.7,41.7,41.7,0,24.800355,178150,1745.1,1740.0
2025-10-13 14:45:00,41.7,42.05,41.7,42.05,143150,24.808004,179200,1745.7,1740.0
2025-10-13 14:46:00,42.05,42.05,41.7,41.7,700,24.599737,179200,1745.6,1740.0
2025-10-13 14:47:00,41.7,41.7,41.7,41.7,0,24.681361,179200,1745.4,1740.0
2025-10-13 14:48:00,41.7,41.7,40.7,40.7,146300,24.532538,179550,1744.0,1740.0
2025-10-13 14:49:00,40.7,40.7,40.7,40.7,0,24.65282,179550,1743.7,1740.0
2025-10-13 14:50:00,40.7,40.7,40.7,40.7,0,24.213085,181300,1744.8,1740.0
2025-10-13 14:51:00,40.7,40.7,40.7,40.7,0,24.334402,181300,1744.5,1740.0
2025-10-13 14:52:00,40.7,41.35,40.7,41.35,148750,24.717563,182000,1744.7,1740.0
2025-10-13 14:53:00,41.35,41.35,41.1,41.1,700,24.820528,182000,1744.0,1740.0
2025-10-13 14:54:00,41.1,41.1,41.1,41.1,0,24.821218,182000,1744.0,1740.0
2025-10-13 14:55:00,41.1,41.1,40.85,40.85,150150,24.564135,182000,1744.2,1740.0
2025-10-13 14:56:00,40.85,40.85,40.6,40.6,700,24.466868,182700,1744.0,1740.0
2025-10-13 14:57:00,40.6,40.6,40.6,40.6,0,24.467551,182700,1744.0,1740.0
2025-10-13 14:58:00,40.6,40.6,40.6,40.6,0,24.468236,182700,1744.0,1740.0
2025-10-13 14:59:00,40.6,41.3,40.6,40.9,151550,25.315788,182700,1742.4,1740.0
2025-10-13 15:00:00,40.9,40.9,40.0,40.0,3150,24.795148,182700,1742.1,1740.0
2025-10-13 15:01:00,40.0,40.0,40.0,40.0,151900,24.91332,182700,1741.8,1740.0
2025-10-13 15:02:00,40.0,40.0,40.0,40.0,0,24.87489,182700,1741.9,1740.0
2025-10-13 15:03:00,40.0,40.0,40.0,40.0,0,24.640008,182700,1742.5,1740.0
2025-10-13 15:04:00,40.0,40.0,39.5,39.5,156800,25.143176,183750,1740.3,1740.0
2025-10-13 15:05:00,39.5,39.5,39.5,39.5,0,24.048811,183750,1743.1,1740.0
2025-10-13 15:06:00,39.5,39.5,39.5,39.5,0,24.326204,183750,1742.4,1740.0
2025-10-13 15:07:00,39.5,39.5,39.5,39.5,0,23.891097,183750,1743.5,1740.0
2025-10-13 15:08:00,39.5,39.5,39.5,39.5,0,23.851893,183400,1743.6,1740.0
2025-10-13 15:09:00,39.5,39.5,39.5,39.5,0,23.852565,183400,1743.6,1740.0
2025-10-13 15:10:00,39.5,40.75,39.5,40.75,158200,25.491027,183400,1741.7,1740.0
2025-10-13 15:11:00,40.75,40.75,40.0,40.05,700,25.150786,182700,1741.3,1740.0
2025-10-13 15:12:00,40.05,40.05,39.5,39.5,159600,25.071518,182700,1740.5,1740.0
2025-10-13 15:13:00,39.5,39.5,39.5,39.5,0,25.226506,182700,1740.1,1740.0
2025-10-13 15:14:00,39.5,39.5,39.5,39.5,0,25.265685,183050,1740.0,1740.0
2025-10-13 15:15:00,39.5,39.5,39.5,39.5,0,25.534756,183050,1739.3,1740.0
2025-10-13 15:16:00,39.5,39.5,38.95,39.25,161700,24.115886,183050,1742.5,1740.0
2025-10-13 15:17:00,39.25,39.25,39.25,39.25,350,24.27406,183750,1742.1,1740.0
2025-10-13 15:18:00,39.25,39.25,39.25,39.25,0,24.156673,183750,1742.4,1740.0
2025-10-13 15:19:00,39.25,39.25,39.25,39.25,0,24.196745,183750,1742.3,1740.0
2025-10-13 15:20:00,39.25,39.25,39.25,39.25,0,24.197423,183750,1742.3,1740.0
2025-10-13 15:21:00,39.25,39.8,39.25,39.8,162400,23.994329,183400,1743.8,1740.0
2025-10-13 15:22:00,39.8,39.8,39.8,39.8,1050,24.034943,183400,1743.7,1740.0
2025-10-13 15:23:00,39.8,39.8,39.8,39.8,0,23.915662,183400,1744.0,1740.0
2025-10-13 15:24:00,39.8,39.8,39.8,39.8,0,22.693696,183400,1747.0,1740.0
2025-10-13 15:25:00,39.8,40.1,39.8,40.1,164150,23.280241,183400,1746.1,1740.0
2025-10-13 15:26:00,40.1,40.1,39.85,39.85,700,23.712203,184100,1744.6,1740.0
2025-10-13 15:27:00,39.85,39.85,39.85,39.85,0,23.591711,184100,1744.9,1740.0
2025-10-13 15:28:00,39.85,40.45,39.85,40.45,165200,24.141274,184100,1744.6,1740.0
2025-10-13 15:29:00,40.45,40.45,39.6,39.6,3150,23.333608,184800,1745.1,1740.0
2025-10-14 09:15:00,40.75,42.65,40.75,42.65,1750,25.503205,184450,1747.0,1740.0
2025-10-14 09:16:00,42.65,42.65,42.65,42.65,0,26.333315,184450,1745.0,1740.0
2025-10-14 09:17:00,42.65,42.65,42.65,42.65,0,27.025823,185150,1743.3,1740.0
2025-10-14 09:18:00,42.65,42.65,42.65,42.65,0,26.986224,185150,1743.4,1740.0
2025-10-14 09:19:00,42.65,42.65,42.65,42.65,0,27.349018,185150,1742.5,1740.0
2025-10-14 09:20:00,42.65,42.65,39.4,39.5,4900,24.487761,184450,1743.9,1740.0
2025-10-14 09:21:00,39.5,39.8,39.5,39.5,2100,25.696134,184450,1740.9,1740.0
2025-10-14 09:22:00,39.5,39.5,38.45,38.45,5600,24.65398,185150,1741.6,1740.0
2025-10-14 09:23:00,38.45,39.75,38.45,39.75,3150,25.360916,185150,1742.2,1740.0
2025-10-14 09:24:00,39.75,39.75,38.3,38.3,6650,24.466088,184450,1741.8,1740.0
2025-10-14 09:25:00,38.3,38.3,38.1,38.1,3850,24.997103,184450,1740.1,1740.0
2025-10-14 09:26:00,38.1,38.1,38.1,38.1,0,25.584945,184450,1738.6,1740.0
2025-10-14 09:27:00,38.1,38.1,37.1,37.1,11550,24.936753,184450,1738.4,1740.0
2025-10-14 09:28:00,37.1,37.1,37.1,37.1,0,24.898629,184450,1738.5,1740.0
2025-10-14 09:29:00,37.1,37.2,37.1,37.2,12250,25.165867,184800,1738.0,1740.0
2025-10-14 09:30:00,37.2,37.2,37.2,37.2,0,25.205254,184450,1737.9,1740.0
2025-10-14 09:31:00,37.2,37.5,37.0,37.45,18550,24.528655,184450,1740.1,1740.0
2025-10-14 09:32:00,37.45,37.5,37.15,37.3,4200,25.279362,184450,1737.9,1740.0
2025-10-14 09:33:00,37.3,37.3,36.75,36.75,19250,24.8418,184450,1738.0,1740.0
2025-10-14 09:34:00,36.75,36.9,36.75,36.9,4550,24.874057,183400,1738.2,1740.0
2025-10-14 09:35:00,36.9,36.95,36.3,36.95,20650,24.364728,183400,1739.6,1740.0
2025-10-14 09:36:00,36.95,38.2,36.95,38.2,6300,24.721385,183400,1741.0,1740.0
2025-10-14 09:37:00,38.2,38.2,38.2,38.2,0,24.482666,183400,1741.6,1740.0
2025-10-14 09:38:00,38.2,38.2,36.9,36.9,28000,24.83815,183750,1738.3,1740.0
2025-10-14 09:39:00,36.9,36.9,36.85,36.85,350,24.996106,183750,1737.8,1740.0
2025-10-14 09:40:00,36.85,36.85,35.0,35.0,30450,24.720991,184450,1735.0,1740.0
2025-10-14 09:41:00,35.0,35.15,35.0,35.15,700,25.093551,184450,1734.3,1740.0
2025-10-14 09:42:00,35.15,35.15,35.15,35.15,0,24.981799,184450,1734.6,1740.0
2025-10-14 09:43:00,35.15,35.15,35.15,35.15,0,25.244506,184100,1733.9,1740.0
2025-10-14 09:44:00,35.15,35.15,34.0,34.1,35350,24.631327,184100,1733.5,1740.0
2025-10-14 09:45:00,34.1,34.1,34.1,34.1,350,24.59485,184100,1733.6,1740.0
2025-10-14 09:46:00,34.1,34.7,33.7,34.7,37100,24.469635,184800,1735.1,1740.0
2025-10-14 09:47:00,34.7,34.7,34.65,34.65,700,24.659666,184800,1734.5,1740.0
2025-10-14 09:48:00,34.65,34.7,34.65,34.7,38150,23.939676,185150,1736.5,1740.0
2025-10-14 09:49:00,34.7,35.25,34.7,35.25,1400,24.110173,185150,1737.1,1740.0
2025-10-14 09:50:00,35.25,36.05,35.25,36.05,38500,24.4998,185150,1737.6,1740.0
2025-10-14 09:51:00,36.05,36.05,35.3,35.65,4200,24.7465,185150,1736.2,1740.0
2025-10-14 09:52:00,35.65,35.65,35.35,35.35,38850,24.79502,185500,1735.5,1740.0
2025-10-14 09:53:00,35.35,35.35,35.35,35.35,0,24.377283,185500,1736.6,1740.0
2025-10-14 09:54:00,35.35,35.55,34.8,34.8,43750,24.923429,185150,1734.1,1740.0
2025-10-14 09:55:00,34.8,34.8,34.8,34.8,0,25.333433,185150,1733.0,1740.0
2025-10-14 09:56:00,34.8,34.8,34.8,34.8,0,25.297106,185150,1733.1,1740.0
2025-10-14 09:57:00,34.8,34.8,34.05,34.05,44800,24.567013,185150,1733.6,1740.0
2025-10-14 09:58:00,34.05,34.05,34.05,34.05,0,24.642081,185150,1733.4,1740.0
2025-10-14 09:59:00,34.05,34.05,34.05,34.05,0,24.642791,185150,1733.4,1740.0
2025-10-14 10:00:00,34.05,34.95,34.05,34.95,45500,25.741472,185150,1732.2,1740.0
2025-10-14 10:01:00,34.95,34.95,34.95,34.95,0,24.69963,185150,1735.0,1740.0
2025-10-14 10:02:00,34.95,34.95,34.65,34.65,45850,24.782741,184100,1734.2,1740.0
2025-10-14 10:03:00,34.65,34.65,34.65,34.65,0,25.007396,184100,1733.6,1740.0
2025-10-14 10:04:00,34.65,34.65,34.65,34.65,0,24.59665,184100,1734.7,1740.0
2025-10-14 10:05:00,34.65,34.65,34.65,34.65,0,24.971589,184100,1733.7,1740.0
2025-10-14 10:06:00,34.65,34.65,33.65,33.65,46550,24.579269,184450,1732.8,1740.0
2025-10-14 10:07:00,33.65,33.65,33.65,33.65,0,24.653822,184450,1732.6,1740.0
2025-10-14 10:08:00,33.65,33.65,33.65,33.65,46900,25.058474,184100,1731.5,1740.0
2025-10-14 10:09:00,33.65,33.65,32.75,32.75,2100,23.890009,184100,1732.9,1740.0
2025-10-14 10:10:00,32.75,32.75,32.75,32.75,0,24.148676,184100,1732.2,1740.0
2025-10-14 10:11:00,32.75,32.75,32.75,32.75,0,24.588033,184100,1731.0,1740.0
2025-10-14 10:12:00,32.75,32.75,32.75,32.75,0,24.770228,184100,1730.5,1740.0
2025-10-14 10:13:00,32.75,32.75,32.75,32.75,0,24.589445,184100,1731.0,1740.0
2025-10-14 10:14:00,32.75,32.75,32.75,32.75,0,24.371363,184100,1731.6,1740.0
2025-10-14 10:15:00,32.75,32.75,32.75,32.75,0,24.518048,184100,1731.2,1740.0
2025-10-14 10:16:00,44.0,44.0,43.0,43.0,1400,24.932133,49000,1729.8,1720.0
2025-10-14 10:17:00,43.0,43.0,43.0,43.0,0,24.845209,49000,1730.0,1720.0
2025-10-14 10:18:00,43.0,43.0,43.0,43.0,0,25.151821,49000,1729.3,1720.0
2025-10-14 10:19:00,43.0,43.3,43.0,43.3,10150,25.679031,49000,1728.6,1720.0
2025-10-14 10:20:00,43.3,43.3,43.3,43.3,0,25.550251,49000,1728.9,1720.0
2025-10-14 10:21:00,43.3,43.3,43.1,43.1,10500,25.574877,49000,1728.5,1720.0
2025-10-14 10:22:00,43.1,43.1,43.1,43.1,0,25.661702,50050,1728.3,1720.0
2025-10-14 10:23:00,31.05,32.0,31.05,32.0,700,24.014147,184100,1731.1,1740.0
2025-10-14 10:24:00,32.0,32.0,32.0,32.0,0,23.869071,184100,1731.5,1740.0
2025-10-14 10:25:00,32.0,32.0,32.0,32.0,0,24.269449,184100,1730.4,1740.0
2025-10-14 10:26:00,32.0,32.45,32.0,32.45,52150,24.670218,184100,1730.2,1740.0
2025-10-14 10:27:00,43.0,43.0,42.95,42.95,13300,25.467793,50050,1728.5,1720.0
2025-10-14 10:28:00,42.95,42.95,42.95,42.95,0,25.597668,48650,1728.2,1720.0
2025-10-14 10:29:00,42.95,42.95,36.1,36.1,20300,23.771741,48650,1720.4,1720.0
2025-10-14 10:30:00,36.1,40.85,36.1,40.85,2100,23.247198,48650,1730.0,1720.0
2025-10-14 10:31:00,40.85,40.85,40.85,40.85,0,23.38073,48650,1729.7,1720.0
2025-10-14 10:32:00,40.85,40.85,40.85,40.85,0,23.645496,48650,1729.1,1720.0
2025-10-14 10:33:00,40.85,40.85,40.85,40.85,0,23.514431,48650,1729.4,1720.0
2025-10-14 10:34:00,40.85,40.85,40.85,40.85,0,23.865389,48650,1728.6,1720.0
2025-10-14 10:35:00,40.85,40.85,40.85,40.85,0,23.996518,48650,1728.3,1720.0
2025-10-14 10:36:00,40.85,40.85,40.85,40.85,0,23.866813,48650,1728.6,1720.0
2025-10-14 10:37:00,40.85,40.85,40.85,40.85,0,23.867523,48650,1728.6,1720.0
2025-10-14 10:38:00,40.85,40.85,40.85,40.85,0,24.085336,48650,1728.1,1720.0
2025-10-14 10:39:00,40.85,40.85,40.85,40.85,0,23.562647,48650,1729.3,1720.0
2025-10-14 10:40:00,40.85,40.85,40.85,40.85,0,23.342825,46900,1729.8,1720.0
2025-10-14 10:41:00,31.45,31.45,31.45,31.45,0,23.879898,180950,1730.4,1740.0
2025-10-14 10:42:00,40.85,40.85,40.85,40.85,0,23.43262,46900,1729.6,1720.0
2025-10-14 10:43:00,40.85,40.85,40.85,40.85,0,24.045602,46900,1728.2,1720.0
2025-10-14 10:44:00,40.85,40.85,40.85,40.85,0,23.785266,46900,1728.8,1720.0
2025-10-14 10:45:00,40.85,40.85,40.85,40.85,0,23.654693,46900,1729.1,1720.0
2025-10-14 10:46:00,40.85,40.85,40.85,40.85,0,23.258393,46900,1730.0,1720.0
2025-10-14 10:47:00,40.85,40.85,40.85,40.85,0,24.005091,46900,1728.3,1720.0
2025-10-14 10:48:00,40.85,40.85,40.85,40.85,0,24.135765,46900,1728.0,1720.0
2025-10-14 10:49:00,40.85,42.0,40.85,42.0,24500,26.137103,46900,1725.3,1720.0
2025-10-14 10:50:00,42.0,42.0,42.0,42.0,0,26.221306,46900,1725.1,1720.0
2025-10-14 10:51:00,42.0,42.0,42.0,42.0,0,25.971207,46900,1725.7,1720.0
2025-10-14 10:52:00,42.0,42.0,42.0,42.0,0,26.055764,46900,1725.5,1720.0
2025-10-14 10:53:00,42.0,42.0,42.0,42.0,0,26.056523,46900,1725.5,1720.0
2025-10-14 10:54:00,42.0,42.0,42.0,42.0,0,26.266013,46900,1725.0,1720.0
2025-10-14 10:55:00,42.0,42.0,42.0,42.0,0,26.141665,46900,1725.3,1720.0
2025-10-14 10:56:00,42.0,42.0,42.0,42.0,0,26.100634,46900,1725.4,1720.0
2025-10-14 10:57:00,42.0,42.0,42.0,42.0,0,25.723246,46900,1726.3,1720.0
2025-10-14 10:58:00,42.0,42.0,40.9,40.9,24850,24.780418,47600,1726.6,1720.0
2025-10-14 10:59:00,40.9,40.9,40.9,40.9,0,25.455313,47600,1725.0,1720.0
2025-10-14 11:00:00,40.9,40.9,40.9,40.9,0,25.95404,47600,1723.8,1720.0
2025-10-14 11:01:00,40.9,40.9,40.9,40.9,0,26.03719,47600,1723.6,1720.0
2025-10-14 11:02:00,40.9,40.9,40.9,40.9,0,26.243206,47600,1723.1,1720.0
2025-10-14 11:03:00,40.9,40.9,40.9,40.9,0,26.772931,47250,1721.8,1720.0
2025-10-14 11:04:00,40.9,40.9,40.9,40.9,0,27.095978,47250,1721.0,1720.0
2025-10-14 11:05:00,40.9,40.9,40.9,40.9,0,27.096756,47250,1721.0,1720.0
2025-10-14 11:06:00,40.9,40.9,38.0,38.0,26950,26.228087,47600,1717.8,1720.0
2025-10-14 11:07:00,38.0,38.0,38.0,38.0,0,24.797296,47600,1721.4,1720.0
2025-10-14 11:08:00,38.0,38.05,38.0,38.05,28000,24.915795,48300,1721.2,1720.0
2025-10-14 11:09:00,38.05,38.05,38.05,38.05,0,24.795166,48300,1721.5,1720.0
2025-10-14 11:10:00,38.05,38.05,38.05,38.05,0,24.795889,48300,1721.5,1720.0
2025-10-14 11:11:00,38.05,38.05,38.05,38.05,0,24.998679,48300,1721.0,1720.0
2025-10-14 11:12:00,38.05,38.05,38.05,38.05,0,24.59422,48300,1722.0,1720.0
2025-10-14 11:13:00,38.05,38.05,38.05,38.05,0,24.757525,48300,1721.6,1720.0
2025-10-14 11:14:00,38.05,38.05,38.05,38.05,0,24.839288,48300,1721.4,1720.0
2025-10-14 11:15:00,38.05,38.05,38.05,38.05,0,25.001596,48300,1721.0,1720.0
2025-10-14 11:16:00,38.05,38.05,38.05,38.05,0,24.759698,48300,1721.6,1720.0
2025-10-14 11:17:00,38.05,38.05,38.05,38.05,0,25.003054,48300,1721.0,1720.0
2025-10-14 11:18:00,38.05,38.05,38.05,38.05,0,25.003783,48300,1721.0,1720.0
2025-10-14 11:19:00,38.05,38.05,38.05,38.05,0,25.004512,48300,1721.0,1720.0
2025-10-14 11:20:00,38.05,38.05,38.05,38.05,0,25.005242,48300,1721.0,1720.0
2025-10-14 11:21:00,38.05,38.05,38.05,38.05,0,24.844371,48300,1721.4,1720.0
2025-10-14 11:22:00,38.05,38.05,38.05,38.05,0,25.047,48300,1720.9,1720.0
2025-10-14 11:23:00,38.05,38.05,38.05,38.05,0,25.368672,48300,1720.1,1720.0
2025-10-14 11:24:00,38.05,38.05,35.95,35.95,29750,24.258294,48650,1719.0,1720.0
2025-10-14 11:25:00,35.95,35.95,35.95,35.95,0,24.770877,48650,1717.7,1720.0
2025-10-14 11:26:00,35.95,35.95,35.95,35.95,0,24.693268,48650,1717.9,1720.0
2025-10-14 11:27:00,35.95,35.95,35.95,35.95,0,23.499969,48650,1720.9,1720.0
2025-10-14 11:28:00,35.95,35.95,35.95,35.95,0,23.822716,48650,1720.1,1720.0
2025-10-14 11:29:00,35.95,35.95,35.95,35.95,0,23.863483,48650,1720.0,1720.0
2025-10-14 11:30:00,35.95,35.95,35.95,35.95,0,23.864185,48650,1720.0,1720.0
2025-10-14 11:31:00,35.95,35.95,35.95,35.95,0,23.864886,48650,1720.0,1720.0
2025-10-14 11:32:00,35.95,35.95,35.95,35.95,0,23.865587,48650,1720.0,1720.0
2025-10-14 11:33:00,35.95,35.95,35.95,35.95,0,23.906315,48650,1719.9,1720.0
2025-10-14 11:34:00,35.95,35.95,35.95,35.95,0,23.866991,48650,1720.0,1720.0
2025-10-14 11:35:00,35.95,36.7,35.95,36.7,30100,24.779649,50050,1719.1,1720.0
2025-10-14 11:36:00,36.7,36.7,36.7,36.7,0,25.29251,50050,1717.8,1720.0
2025-10-14 11:37:00,36.7,36.7,36.7,36.7,0,25.605308,50050,1717.0,1720.0
2025-10-14 11:38:00,36.7,36.7,36.7,36.7,0,25.333111,50050,1717.7,1720.0
2025-10-14 11:39:00,36.7,36.7,36.25,36.25,30450,24.529846,50400,1718.9,1720.0
2025-10-14 11:40:00,36.25,36.25,36.25,36.25,0,25.275859,50400,1717.0,1720.0
2025-10-14 11:41:00,36.25,36.25,36.25,36.25,0,26.008962,50400,1715.1,1720.0
2025-10-14 11:42:00,36.25,36.25,35.0,35.0,31150,25.164892,50750,1714.9,1720.0
2025-10-14 11:43:00,35.0,35.0,35.0,35.0,0,25.012727,50750,1715.3,1720.0
2025-10-14 11:44:00,35.0,35.0,35.0,35.0,0,25.128174,50750,1715.0,1720.0
2025-10-14 11:45:00,35.0,35.0,34.3,34.45,32200,24.723546,51450,1715.0,1720.0
2025-10-14 11:46:00,34.45,34.45,34.15,34.15,350,24.503154,51800,1715.0,1720.0
2025-10-14 11:47:00,34.15,34.15,34.15,34.15,0,24.542037,51800,1714.9,1720.0
2025-10-14 11:48:00,34.15,34.15,34.15,34.15,0,24.695093,51800,1714.5,1720.0
2025-10-14 11:49:00,34.15,34.15,34.15,34.15,0,24.73381,51800,1714.4,1720.0
2025-10-14 11:50:00,34.15,34.15,33.65,33.65,32900,24.441853,51800,1714.2,1720.0
2025-10-14 11:51:00,33.65,33.65,33.65,33.65,0,24.97006,51800,1712.8,1720.0
2025-10-14 11:52:00,33.65,33.65,33.65,33.65,0,24.970779,51800,1712.8,1720.0
2025-10-14 11:53:00,33.65,33.65,32.8,32.8,33250,24.643042,52500,1712.0,1720.0
2025-10-14 11:54:00,32.8,32.8,32.8,32.8,0,25.197843,52500,1710.5,1720.0
2025-10-14 11:55:00,32.8,32.8,32.8,32.8,0,24.829933,52500,1711.5,1720.0
2025-10-14 11:56:00,32.8,32.8,32.8,32.8,0,24.830648,52500,1711.5,1720.0
2025-10-14 11:57:00,32.8,32.8,32.8,32.8,0,25.346639,52500,1710.1,1720.0
2025-10-14 11:58:00,32.8,32.8,32.8,32.8,0,25.016786,52500,1711.0,1720.0
2025-10-14 11:59:00,32.8,32.8,32.2,32.2,33600,24.278866,52850,1711.8,1720.0
2025-10-14 12:00:00,43.45,43.45,43.45,43.45,0,27.024995,178150,1706.7,1700.0
2025-10-14 12:01:00,43.45,43.45,40.5,40.5,15400,24.850368,177100,1706.6,1700.0
2025-10-14 12:02:00,40.5,40.5,40.5,40.5,0,25.023103,177100,1706.2,1700.0
2025-10-14 12:03:00,40.5,40.5,40.5,40.5,0,24.461832,177100,1707.5,1700.0
2025-10-14 12:04:00,40.5,40.5,40.5,40.5,0,24.331607,177100,1707.8,1700.0
2025-10-14 12:05:00,40.5,40.5,40.5,40.5,0,24.332331,177100,1707.8,1700.0
2025-10-14 12:06:00,40.5,40.5,40.5,40.5,0,24.637878,177100,1707.1,1700.0
2025-10-14 12:07:00,40.5,40.5,40.5,40.5,0,24.508287,177100,1707.4,1700.0
2025-10-14 12:08:00,40.5,40.5,40.5,40.5,0,25.113246,177100,1706.0,1700.0
2025-10-14 12:09:00,40.5,40.5,40.5,40.5,0,25.028271,177100,1706.2,1700.0
2025-10-14 12:10:00,40.5,40.5,40.5,40.5,0,25.540419,177100,1705.0,1700.0
2025-10-14 12:11:00,40.5,40.5,40.5,40.5,0,25.498811,177100,1705.1,1700.0
2025-10-14 12:12:00,40.5,40.5,38.8,38.8,17500,23.664402,176750,1706.4,1700.0
2025-10-14 12:13:00,38.8,38.8,38.8,38.8,0,23.229573,176750,1707.4,1700.0
2025-10-14 12:14:00,38.8,40.0,38.8,40.0,17850,24.310229,175700,1707.0,1700.0
2025-10-14 12:15:00,40.0,40.0,40.0,40.0,0,24.136928,175700,1707.4,1700.0
2025-10-14 12:16:00,40.0,40.0,40.0,40.0,0,24.137647,175700,1707.4,1700.0
2025-10-14 12:17:00,40.0,40.0,40.0,40.0,0,23.699439,175700,1708.4,1700.0
2025-10-14 12:18:00,29.35,30.35,29.35,30.35,39200,23.551331,54600,1710.1,1720.0
2025-10-14 12:19:00,40.95,40.95,40.95,40.95,0,23.797751,176050,1709.8,1700.0
2025-10-14 12:20:00,30.35,31.6,30.35,31.6,39900,24.293384,54950,1710.6,1720.0
2025-10-14 12:21:00,31.6,31.6,31.6,31.6,0,24.367434,54950,1710.4,1720.0
2025-10-14 12:22:00,31.6,31.6,31.6,31.6,0,23.628962,54950,1712.4,1720.0
2025-10-14 12:23:00,31.6,32.0,31.6,31.95,42700,24.700736,54950,1710.2,1720.0
2025-10-14 12:24:00,31.95,31.95,31.95,31.95,0,24.370788,54950,1711.1,1720.0
2025-10-14 12:25:00,31.95,31.95,31.95,31.95,0,24.628892,54950,1710.4,1720.0
2025-10-14 12:26:00,31.95,31.95,31.95,31.95,0,23.815408,54950,1712.6,1720.0
2025-10-14 12:27:00,31.95,31.95,31.95,31.95,0,23.965296,54950,1712.2,1720.0
2025-10-14 12:28:00,31.95,31.95,31.95,31.95,0,24.447309,54950,1710.9,1720.0
2025-10-14 12:29:00,43.1,43.1,43.1,43.1,0,25.434272,179900,1709.8,1700.0
2025-10-14 12:30:00,43.1,43.1,43.1,43.1,0,25.656116,180950,1709.3,1700.0
2025-10-14 12:31:00,43.1,43.1,42.15,42.15,25550,24.716306,180950,1709.8,1700.0
2025-10-14 12:32:00,31.95,31.95,31.95,31.95,0,24.74374,54950,1710.1,1720.0
2025-10-14 12:33:00,42.15,42.15,42.15,42.15,0,24.628574,180950,1710.0,1700.0
2025-10-14 12:34:00,31.95,31.95,31.95,31.95,0,24.37784,54950,1711.1,1720.0
2025-10-14 12:35:00,31.95,32.45,31.95,32.45,43050,23.852953,54950,1713.5,1720.0
2025-10-14 12:36:00,32.45,32.45,32.45,32.45,0,23.664768,54950,1714.0,1720.0
2025-10-14 12:37:00,32.45,32.45,32.45,32.45,0,24.229556,54950,1712.5,1720.0
2025-10-14 12:38:00,32.45,32.45,32.45,32.45,0,23.703998,54950,1713.9,1720.0
2025-10-14 12:39:00,32.45,32.45,32.45,32.45,0,23.094788,54950,1715.5,1720.0
2025-10-14 12:40:00,32.45,32.45,32.45,32.45,0,24.119447,54950,1712.8,1720.0
2025-10-14 12:41:00,32.45,32.45,32.45,32.45,0,24.082674,54950,1712.9,1720.0
2025-10-14 12:42:00,32.45,32.45,32.45,32.45,0,24.419461,54950,1712.0,1720.0
2025-10-14 12:43:00,32.45,32.45,32.45,32.45,43400,24.864278,55650,1710.8,1720.0
2025-10-14 12:44:00,32.45,32.45,32.45,32.45,0,24.938586,55650,1710.6,1720.0
2025-10-14 12:45:00,32.45,32.45,32.45,32.45,0,24.235185,55650,1712.5,1720.0
2025-10-14 12:46:00,32.45,32.45,32.45,32.45,0,24.123654,55650,1712.8,1720.0
2025-10-14 12:47:00,32.45,32.45,32.45,32.45,0,23.936629,55650,1713.3,1720.0
2025-10-14 12:48:00,32.45,32.45,32.45,32.45,0,24.125058,55650,1712.8,1720.0
2025-10-14 12:49:00,32.45,32.45,32.45,32.45,0,24.312664,55650,1712.3,1720.0
2025-10-14 12:50:00,32.45,32.45,32.45,32.45,0,24.462311,55650,1711.9,1720.0
2025-10-14 12:51:00,32.45,32.45,32.45,32.45,0,24.685484,55650,1711.3,1720.0
2025-10-14 12:52:00,32.45,32.45,32.45,32.45,0,24.277465,55650,1712.4,1720.0
2025-10-14 12:53:00,32.45,32.45,32.45,32.45,0,23.903164,55650,1713.4,1720.0
2025-10-14 12:54:00,32.45,32.45,32.45,32.45,0,24.016717,55650,1713.1,1720.0
2025-10-14 12:55:00,32.45,32.45,32.45,32.45,0,24.054969,55650,1713.0,1720.0
2025-10-14 12:56:00,32.45,32.45,32.45,32.45,0,23.029418,56000,1715.7,1720.0
2025-10-14 12:57:00,32.45,36.2,32.45,36.2,44100,24.982767,56000,1717.8,1720.0
2025-10-14 12:58:00,36.2,36.7,36.2,36.7,350,25.665383,56000,1717.0,1720.0
2025-10-14 12:59:00,36.7,36.7,36.3,36.3,44800,24.544874,56000,1719.1,1720.0
2025-10-14 13:00:00,36.3,36.3,35.8,35.8,700,25.389956,56000,1716.0,1720.0
2025-10-14 13:01:00,35.8,35.8,35.6,35.6,45150,25.127075,56000,1716.3,1720.0
2025-10-14 13:02:00,35.6,35.6,35.6,35.6,0,24.109065,56000,1718.9,1720.0
2025-10-14 13:03:00,35.6,35.6,35.6,35.6,0,24.700627,56000,1717.4,1720.0
2025-10-14 13:04:00,35.6,35.6,35.6,35.6,46200,25.129265,54950,1716.3,1720.0
2025-10-14 13:05:00,35.6,35.6,35.6,35.6,0,25.052518,54950,1716.5,1720.0
2025-10-14 13:06:00,35.6,35.6,35.6,35.6,0,25.130726,54950,1716.3,1720.0
2025-10-14 13:07:00,35.6,35.6,35.6,35.6,0,25.324546,54950,1715.8,1720.0
2025-10-14 13:08:00,35.6,35.6,35.6,35.6,0,24.704234,54950,1717.4,1720.0
2025-10-14 13:09:00,35.6,35.6,35.6,35.6,0,25.441458,54950,1715.5,1720.0
2025-10-14 13:10:00,35.6,35.6,35.6,35.6,0,25.442195,54950,1715.5,1720.0
2025-10-14 13:11:00,35.6,35.6,35.6,35.6,0,25.404484,54950,1715.6,1720.0
2025-10-14 13:12:00,35.6,35.6,35.6,35.6,0,25.443667,54950,1715.5,1720.0
2025-10-14 13:13:00,35.6,35.6,35.6,35.6,0,25.174533,54950,1716.2,1720.0
2025-10-14 13:14:00,35.6,35.6,35.6,35.6,0,25.175264,54950,1716.2,1720.0
2025-10-14 13:15:00,35.6,35.6,35.6,35.6,0,25.098572,54950,1716.4,1720.0
2025-10-14 13:16:00,35.6,35.6,35.6,35.6,0,25.060536,54950,1716.5,1720.0
2025-10-14 13:17:00,35.6,35.6,35.6,35.6,0,25.100032,54950,1716.4,1720.0
2025-10-14 13:18:00,35.6,35.6,35.6,35.6,0,25.100762,54950,1716.4,1720.0
2025-10-14 13:19:00,35.6,35.6,35.6,35.6,0,25.178923,54950,1716.2,1720.0
2025-10-14 13:20:00,35.6,35.65,35.6,35.65,46900,24.749841,55300,1717.4,1720.0
2025-10-14 13:21:00,35.65,35.65,35.65,35.65,0,24.906733,55300,1717.0,1720.0
2025-10-14 13:22:00,35.65,35.65,35.65,35.65,0,23.961225,55300,1719.4,1720.0
2025-10-14 13:23:00,35.65,35.65,35.65,35.65,0,23.76189,55300,1719.9,1720.0
2025-10-14 13:24:00,35.65,37.5,35.65,37.5,47600,25.370762,54950,1719.3,1720.0
2025-10-14 13:25:00,37.5,37.5,37.5,37.5,0,25.371502,54950,1719.3,1720.0
2025-10-14 13:26:00,37.5,37.5,37.0,37.0,47950,25.240564,55650,1718.7,1720.0
2025-10-14 13:27:00,37.0,37.0,37.0,37.0,0,24.923515,55650,1719.5,1720.0
2025-10-14 13:28:00,37.0,37.0,37.0,37.0,0,24.924245,55650,1719.5,1720.0
2025-10-14 13:29:00,37.0,37.0,37.0,37.0,0,24.725073,55650,1720.0,1720.0
2025-10-14 13:30:00,37.0,37.0,37.0,37.0,0,24.765861,55650,1719.9,1720.0
2025-10-14 13:31:00,37.0,37.0,37.0,37.0,0,24.846591,55650,1719.7,1720.0
2025-10-14 13:32:00,37.0,37.0,37.0,37.0,0,24.96703,55650,1719.4,1720.0
2025-10-14 13:33:00,37.0,37.0,37.0,37.0,0,24.727977,55650,1720.0,1720.0
2025-10-14 13:34:00,37.0,37.0,37.0,37.0,0,24.968491,55650,1719.4,1720.0
2025-10-14 13:35:00,37.0,37.0,37.0,37.0,0,24.849505,55650,1719.7,1720.0
2025-10-14 13:36:00,37.0,37.0,37.0,37.0,0,24.930086,55650,1719.5,1720.0
2025-10-14 13:37:00,37.0,37.0,37.0,37.0,0,25.010513,55650,1719.3,1720.0
2025-10-14 13:38:00,37.0,37.0,37.0,37.0,0,25.170173,55650,1718.9,1720.0
2025-10-14 13:39:00,37.0,37.0,37.0,37.0,0,25.289703,55650,1718.6,1720.0
2025-10-14 13:40:00,37.0,37.0,37.0,37.0,0,25.487684,55650,1718.1,1720.0
2025-10-14 13:41:00,37.0,37.25,37.0,37.25,48300,25.476068,55300,1718.6,1720.0
2025-10-14 13:42:00,37.25,37.25,37.25,37.25,0,25.119455,55300,1719.5,1720.0
2025-10-14 13:43:00,37.25,37.25,37.25,37.25,0,24.719395,55300,1720.5,1720.0
2025-10-14 13:44:00,37.25,37.25,37.25,37.25,0,25.319846,55300,1719.0,1720.0
2025-10-14 13:45:00,37.25,37.25,37.25,37.25,0,24.841515,55300,1720.2,1720.0
2025-10-14 13:46:00,37.25,37.25,37.25,37.25,0,25.598229,55300,1718.3,1720.0
2025-10-14 13:47:00,37.25,37.25,37.25,37.25,0,25.559527,55300,1718.4,1720.0
2025-10-14 13:48:00,37.25,37.5,37.25,37.5,49000,25.028799,54950,1720.2,1720.0
2025-10-14 13:49:00,37.5,37.5,37.5,37.5,0,26.02124,54950,1717.7,1720.0
2025-10-14 13:50:00,37.5,37.5,37.5,37.5,0,25.190552,54950,1719.8,1720.0
2025-10-14 13:51:00,37.5,37.5,37.5,37.5,0,25.311091,54950,1719.5,1720.0
2025-10-14 13:52:00,37.5,37.5,37.5,37.5,0,25.311832,54950,1719.5,1720.0
2025-10-14 13:53:00,37.5,37.5,37.5,37.5,0,25.312571,54950,1719.5,1720.0
2025-10-14 13:54:00,37.5,37.5,37.5,37.5,0,25.313311,54950,1719.5,1720.0
2025-10-14 13:55:00,37.5,37.5,37.5,37.5,0,25.234218,54950,1719.7,1720.0
2025-10-14 13:56:00,37.5,37.5,37.5,37.5,0,25.154961,54950,1719.9,1720.0
2025-10-14 13:57:00,37.5,37.5,37.5,37.5,0,24.141845,54950,1722.4,1720.0
2025-10-14 13:58:00,37.5,37.5,37.5,37.5,0,24.183633,54950,1722.3,1720.0
2025-10-14 13:59:00,37.5,37.5,37.5,37.5,0,24.429855,54950,1721.7,1720.0
2025-10-14 14:00:00,37.5,37.5,37.5,37.5,0,23.855192,54950,1723.1,1720.0
2025-10-14 14:01:00,37.5,37.5,37.5,37.5,0,24.594104,54950,1721.3,1720.0
2025-10-14 14:02:00,37.5,37.5,37.5,37.5,0,24.350357,54950,1721.9,1720.0
2025-10-14 14:03:00,37.5,37.5,37.5,37.5,0,24.31018,54950,1722.0,1720.0
2025-10-14 14:04:00,37.5,37.5,37.5,37.5,0,23.357493,54950,1724.3,1720.0
2025-10-14 14:05:00,37.5,37.5,37.5,37.5,0,23.692669,54950,1723.5,1720.0
2025-10-14 14:06:00,37.5,37.5,37.5,37.5,0,24.107164,54950,1722.5,1720.0
2025-10-14 14:07:00,37.5,37.5,37.5,37.5,0,24.639056,54950,1721.2,1720.0
2025-10-14 14:08:00,37.5,37.5,37.5,37.5,0,24.68034,54950,1721.1,1720.0
2025-10-14 14:09:00,37.5,37.5,37.5,37.5,0,24.599909,54950,1721.3,1720.0
2025-10-14 14:10:00,37.5,37.5,37.5,37.5,0,24.4378,54950,1721.7,1720.0
2025-10-14 14:11:00,37.5,37.5,37.5,37.5,0,24.438521,54950,1721.7,1720.0
2025-10-14 14:12:00,37.5,37.5,37.5,37.5,0,24.723768,54950,1721.0,1720.0
2025-10-14 14:13:00,37.5,37.5,37.5,37.5,0,24.521474,54950,1721.5,1720.0
2025-10-14 14:14:00,37.5,37.5,37.5,37.5,0,24.562889,54950,1721.4,1720.0
2025-10-14 14:15:00,37.5,37.5,37.5,37.5,0,24.685432,54950,1721.1,1720.0
2025-10-14 14:16:00,37.5,37.5,37.5,37.5,0,24.604989,54950,1721.3,1720.0
2025-10-14 14:17:00,37.5,37.5,37.5,37.5,0,24.646322,54950,1721.2,1720.0
2025-10-14 14:18:00,37.5,37.5,37.5,37.5,0,24.606442,54950,1721.3,1720.0
2025-10-14 14:19:00,37.5,37.5,37.5,37.5,0,24.688343,54950,1721.1,1720.0
2025-10-14 14:20:00,37.5,37.5,37.5,37.5,0,24.729597,54950,1721.0,1720.0
2025-10-14 14:21:00,37.5,38.35,37.5,38.35,50400,25.360499,54950,1721.0,1720.0
2025-10-14 14:22:00,38.35,38.35,38.35,38.35,0,25.320773,54950,1721.1,1720.0
2025-10-14 14:23:00,38.35,38.35,38.35,38.35,0,25.240452,54950,1721.3,1720.0
2025-10-14 14:24:00,38.35,38.35,38.35,38.35,0,25.119286,54950,1721.6,1720.0
2025-10-14 14:25:00,38.35,38.35,38.35,38.35,0,25.160702,54950,1721.5,1720.0
2025-10-14 14:26:00,38.35,38.35,38.35,38.35,0,25.202081,54950,1721.4,1720.0
2025-10-14 14:27:00,38.35,38.35,38.35,38.35,0,25.283976,54950,1721.2,1720.0
2025-10-14 14:28:00,38.35,38.35,38.35,38.35,0,25.325233,54950,1721.1,1720.0
2025-10-14 14:29:00,38.35,38.35,38.35,38.35,0,25.285459,54950,1721.2,1720.0
2025-10-14 14:30:00,38.35,38.35,38.35,38.35,0,24.673399,54950,1722.7,1720.0
2025-10-14 14:31:00,38.35,38.35,38.35,38.35,0,24.674128,54950,1722.7,1720.0
2025-10-14 14:32:00,38.35,38.35,38.35,38.35,0,24.55112,54950,1723.0,1720.0
2025-10-14 14:33:00,38.35,39.5,38.35,39.5,50750,24.82505,54950,1724.4,1720.0
2025-10-14 14:34:00,39.5,39.5,39.5,39.5,0,24.951077,54950,1724.1,1720.0
2025-10-14 14:35:00,39.5,39.5,39.5,39.5,0,24.993489,54950,1724.0,1720.0
2025-10-14 14:36:00,39.5,39.5,39.5,39.5,0,24.910834,54950,1724.2,1720.0
2025-10-14 14:37:00,39.5,39.5,39.5,39.5,0,23.981633,54950,1726.4,1720.0
2025-10-14 14:38:00,39.5,39.5,39.5,39.5,0,24.450287,54950,1725.3,1720.0
2025-10-14 14:39:00,39.5,39.5,39.5,39.5,0,24.366385,55300,1725.5,1720.0
2025-10-14 14:40:00,39.5,41.2,39.5,41.2,54250,24.565576,55300,1728.0,1720.0
2025-10-14 14:41:00,41.2,41.2,41.2,41.2,0,24.566311,55300,1728.0,1720.0
2025-10-14 14:42:00,41.2,41.2,41.2,41.2,0,23.954408,55300,1729.4,1720.0
2025-10-14 14:43:00,41.2,41.2,41.2,41.2,0,24.567781,55300,1728.0,1720.0
2025-10-14 14:44:00,41.2,41.2,41.2,41.2,0,24.13201,53900,1729.0,1720.0
2025-10-14 14:45:00,30.15,30.85,30.15,30.85,222600,23.682294,190050,1730.2,1740.0
2025-10-14 14:46:00,41.2,41.2,41.2,41.2,0,24.872383,53900,1727.3,1720.0
2025-10-14 14:47:00,41.2,41.2,41.2,41.2,0,25.428203,53900,1726.0,1720.0
2025-10-14 14:48:00,41.2,41.2,38.45,38.45,56000,23.801431,54250,1725.0,1720.0
2025-10-14 14:49:00,38.45,38.45,38.45,38.45,0,23.75985,54250,1725.1,1720.0
2025-10-14 14:50:00,38.45,39.35,38.45,39.35,56350,24.304854,53900,1725.4,1720.0
2025-10-14 14:51:00,39.35,39.35,39.35,39.35,0,24.726614,53900,1724.4,1720.0
2025-10-14 14:52:00,39.35,39.35,39.35,39.35,0,24.00865,53900,1726.1,1720.0
2025-10-14 14:53:00,39.35,39.35,39.35,39.35,0,24.052046,53900,1726.0,1720.0
2025-10-14 14:54:00,39.35,39.35,39.35,39.35,0,23.795931,53900,1726.6,1720.0
2025-10-14 14:55:00,39.35,39.35,39.35,39.35,0,23.710611,53900,1726.8,1720.0
2025-10-14 14:56:00,39.35,40.2,39.35,40.2,57050,24.174861,53900,1727.2,1720.0
2025-10-14 14:57:00,40.2,40.2,40.2,40.2,0,23.828738,53900,1728.0,1720.0
2025-10-14 14:58:00,40.2,40.3,40.2,40.3,58100,23.904424,53900,1728.0,1720.0
2025-10-14 14:59:00,40.3,40.3,40.3,40.3,0,23.289769,53900,1729.4,1720.0
2025-10-14 15:00:00,40.3,40.3,40.3,40.3,0,23.862278,53900,1728.1,1720.0
2025-10-14 15:01:00,40.3,40.3,39.2,39.2,58450,23.081438,54600,1728.0,1720.0
2025-10-14 15:02:00,39.2,39.2,39.2,39.2,0,23.732431,54600,1726.5,1720.0
2025-10-14 15:03:00,39.2,39.2,39.2,39.2,0,23.517761,54600,1727.0,1720.0
2025-10-14 15:04:00,39.2,39.2,39.2,39.2,0,23.475229,54600,1727.1,1720.0
2025-10-14 15:05:00,39.2,39.2,37.55,37.55,58800,22.542895,54250,1726.4,1720.0
2025-10-14 15:06:00,37.55,37.55,37.55,37.55,0,22.929922,54250,1725.5,1720.0
2025-10-14 15:07:00,37.55,37.55,37.55,37.55,0,23.228066,54250,1724.8,1720.0
2025-10-14 15:08:00,37.55,37.55,36.95,36.95,59500,22.780944,54250,1724.8,1720.0
2025-10-14 15:09:00,36.95,37.15,36.95,37.15,1400,23.09999,54250,1724.4,1720.0
2025-10-14 15:10:00,37.15,37.15,37.15,37.15,0,23.142822,54250,1724.3,1720.0
2025-10-14 15:11:00,37.15,37.15,37.15,37.15,0,23.353441,54250,1723.8,1720.0
2025-10-14 15:12:00,37.15,37.6,37.15,37.6,61600,23.226547,54250,1724.9,1720.0
2025-10-14 15:13:00,37.6,37.7,37.2,37.2,1400,23.308291,54250,1724.0,1720.0
2025-10-14 15:14:00,37.2,37.45,37.2,37.45,62650,23.579076,55300,1723.8,1720.0
2025-10-14 15:15:00,37.45,37.45,37.45,37.45,0,23.579782,55300,1723.8,1720.0
2025-10-14 15:16:00,37.45,37.45,37.45,37.45,0,23.159728,55300,1724.8,1720.0
2025-10-14 15:17:00,37.45,37.45,37.45,37.45,0,23.413492,55300,1724.2,1720.0
2025-10-14 15:18:00,37.45,37.45,37.0,37.0,64400,23.33023,55650,1723.6,1720.0
2025-10-14 15:19:00,37.0,37.0,36.5,36.5,350,22.367385,55650,1725.0,1720.0
2025-10-14 15:20:00,36.5,36.5,36.5,36.5,0,22.959042,55650,1723.6,1720.0
2025-10-14 15:21:00,36.5,37.1,36.5,37.1,65450,23.197346,56350,1724.1,1720.0
2025-10-14 15:22:00,37.1,37.1,37.1,37.1,0,23.281994,56350,1723.9,1720.0
2025-10-14 15:23:00,37.1,37.1,37.1,37.1,0,23.658027,56350,1723.0,1720.0
2025-10-14 15:24:00,37.1,37.1,36.05,36.05,66850,23.536407,56350,1721.4,1720.0
2025-10-14 15:25:00,36.05,36.05,36.05,36.05,0,23.577932,56350,1721.3,1720.0
2025-10-14 15:26:00,36.05,36.05,36.05,36.05,0,23.619413,56350,1721.2,1720.0
2025-10-14 15:27:00,36.05,36.05,35.0,35.0,67200,23.286311,56350,1720.1,1720.0
2025-10-14 15:28:00,35.0,35.0,34.75,34.75,1400,23.10139,56350,1720.1,1720.0
2025-10-14 15:29:00,34.75,35.6,34.75,35.6,67900,22.43027,56350,1723.8,1720.0
2025-10-15 09:15:00,36.7,36.7,36.7,36.7,0,25.434823,0,1719.9,1720.0
2025-10-15 09:16:00,36.7,36.7,36.7,36.7,0,25.722256,0,1719.2,1720.0
2025-10-15 09:17:00,35.6,35.6,35.6,35.6,350,23.513048,57050,1722.5,1720.0
2025-10-15 09:18:00,35.6,35.6,35.6,35.6,0,23.640628,57050,1722.2,1720.0
2025-10-15 09:19:00,35.6,35.6,35.6,35.6,0,22.176088,57050,1725.6,1720.0
2025-10-15 09:20:00,35.6,35.6,35.6,35.6,0,21.509021,57050,1727.1,1720.0
2025-10-15 09:21:00,35.6,35.6,35.6,35.6,0,21.733907,57050,1726.6,1720.0
2025-10-15 09:22:00,35.6,35.6,35.6,35.6,0,22.00152,57050,1726.0,1720.0
2025-10-15 09:23:00,35.6,35.6,35.6,35.6,0,22.789955,57050,1724.2,1720.0
2025-10-15 09:24:00,35.6,35.6,35.6,35.6,0,22.747403,57050,1724.3,1720.0
2025-10-15 09:25:00,38.6,38.6,35.6,38.6,700,24.700946,57050,1725.1,1720.0
2025-10-15 09:26:00,38.6,38.6,38.6,38.6,0,24.658389,57050,1725.2,1720.0
2025-10-15 09:27:00,38.6,38.6,38.6,38.6,0,23.647922,57050,1727.5,1720.0
2025-10-15 09:28:00,29.0,29.0,29.0,29.0,0,22.872534,225050,1730.8,1740.0
2025-10-15 09:29:00,43.2,43.2,43.2,43.2,0,26.788992,57050,1728.4,1720.0
2025-10-15 09:30:00,32.0,32.05,29.0,32.0,9450,25.247147,225050,1730.5,1740.0
2025-10-15 09:31:00,32.0,32.0,32.0,32.0,350,25.247915,225050,1730.5,1740.0
2025-10-15 09:32:00,32.45,32.45,32.0,32.45,9800,25.400835,224350,1731.0,1740.0
2025-10-15 09:33:00,31.9,32.45,31.9,31.9,700,25.136732,224350,1730.6,1740.0
2025-10-15 09:34:00,31.75,32.35,31.75,32.35,10850,25.401937,224700,1730.8,1740.0
2025-10-15 09:35:00,32.0,32.45,32.0,32.45,1400,24.837162,224700,1732.5,1740.0
2025-10-15 09:36:00,42.75,42.75,42.75,42.75,0,25.822451,57050,1729.8,1720.0
2025-10-15 09:37:00,32.35,33.0,31.5,33.0,3150,25.214874,224700,1732.6,1740.0
2025-10-15 09:38:00,32.7,33.0,31.7,31.7,12600,24.915037,224700,1730.8,1740.0
2025-10-15 09:39:00,31.7,31.7,31.7,31.7,0,25.027861,224700,1730.5,1740.0
2025-10-15 09:40:00,40.85,43.9,40.85,40.85,6300,24.494168,57050,1729.5,1720.0
2025-10-15 09:41:00,40.85,40.85,40.85,40.85,0,24.675812,57050,1729.1,1720.0
2025-10-15 09:42:00,40.85,40.85,40.85,40.85,0,24.990905,57050,1728.4,1720.0
2025-10-15 09:43:00,40.85,40.85,40.85,40.85,0,24.496492,57050,1729.5,1720.0
2025-10-15 09:44:00,40.85,40.85,40.85,40.85,0,24.768239,57050,1728.9,1720.0
2025-10-15 09:45:00,40.85,40.85,40.85,40.85,0,24.858886,57050,1728.7,1720.0
2025-10-15 09:46:00,40.85,40.85,40.85,40.85,0,26.051832,57050,1726.0,1720.0
2025-10-15 09:47:00,40.85,40.85,40.85,40.85,0,25.615491,57050,1727.0,1720.0
2025-10-15 09:48:00,40.85,40.85,40.85,40.85,0,24.590932,57050,1729.3,1720.0
2025-10-15 09:49:00,40.85,40.85,40.85,40.85,0,24.319291,57050,1729.9,1720.0
2025-10-15 09:50:00,40.85,40.85,40.85,40.85,0,25.13108,57050,1728.1,1720.0
2025-10-15 09:51:00,39.6,40.85,39.6,39.6,7350,24.436263,56000,1727.5,1720.0
2025-10-15 09:52:00,39.6,39.6,39.6,39.6,0,24.079668,56000,1728.3,1720.0
2025-10-15 09:53:00,39.6,39.6,39.6,39.6,0,24.570892,56000,1727.2,1720.0
2025-10-15 09:54:00,39.6,39.6,39.6,39.6,0,24.036262,56000,1728.4,1720.0
2025-10-15 09:55:00,39.6,39.6,39.6,39.6,0,24.57244,56000,1727.2,1720.0
2025-10-15 09:56:00,39.6,39.6,39.6,39.6,0,23.630681,56000,1729.3,1720.0
2025-10-15 09:57:00,39.6,39.6,39.6,39.6,0,23.311308,56000,1730.0,1720.0
2025-10-15 09:58:00,39.6,39.6,39.6,39.6,0,23.994315,56000,1728.5,1720.0
2025-10-15 09:59:00,39.6,39.6,39.6,39.6,0,23.995076,56000,1728.5,1720.0
2025-10-15 10:00:00,39.6,39.6,39.6,39.6,0,23.313548,56000,1730.0,1720.0
2025-10-15 10:01:00,30.8,30.8,30.8,30.8,0,24.365659,225050,1730.5,1740.0
2025-10-15 10:02:00,39.6,39.6,39.6,39.6,0,23.360972,56000,1729.9,1720.0
2025-10-15 10:03:00,39.6,39.6,39.6,39.6,0,23.315792,56000,1730.0,1720.0
2025-10-15 10:04:00,39.6,39.6,39.6,39.6,0,23.908703,56000,1728.7,1720.0
2025-10-15 10:05:00,39.6,39.6,39.6,39.6,0,23.773739,56000,1729.0,1720.0
2025-10-15 10:06:00,39.6,39.6,39.6,39.6,0,24.000407,56000,1728.5,1720.0
2025-10-15 10:07:00,39.6,39.6,39.6,39.6,0,23.910984,56000,1728.7,1720.0
2025-10-15 10:08:00,39.6,39.6,39.6,39.6,0,23.639725,56000,1729.3,1720.0
2025-10-15 10:09:00,39.6,39.6,39.6,39.6,0,23.685971,56000,1729.2,1720.0
2025-10-15 10:10:00,39.6,39.6,39.6,39.6,0,23.59568,56000,1729.4,1720.0
2025-10-15 10:11:00,39.6,39.6,39.6,39.6,0,23.321768,56000,1730.0,1720.0
2025-10-15 10:12:00,39.6,39.6,39.6,39.6,0,23.41433,56000,1729.8,1720.0
2025-10-15 10:13:00,39.6,39.6,39.6,39.6,0,23.415079,56000,1729.8,1720.0
2025-10-15 10:14:00,30.2,30.55,29.9,30.55,22050,24.261177,224700,1730.3,1740.0
2025-10-15 10:15:00,30.55,30.55,30.55,30.55,0,23.435374,224700,1732.5,1740.0
2025-10-15 10:16:00,32.1,32.1,30.55,32.1,23800,25.058162,224700,1731.3,1740.0
2025-10-15 10:17:00,32.1,32.1,32.1,32.1,0,24.414891,224700,1733.0,1740.0
2025-10-15 10:18:00,32.1,32.1,32.1,32.1,0,24.224374,224700,1733.5,1740.0
2025-10-15 10:19:00,32.1,32.1,32.1,32.1,0,24.530747,224700,1732.7,1740.0
2025-10-15 10:20:00,31.95,32.1,31.95,31.95,24150,24.948066,221200,1731.3,1740.0
2025-10-15 10:21:00,31.4,31.95,31.4,31.75,700,24.571784,221200,1731.9,1740.0
2025-10-15 10:22:00,31.75,31.75,31.75,31.75,0,24.38317,221200,1732.4,1740.0
2025-10-15 10:23:00,31.75,31.75,31.75,31.75,0,24.724201,221200,1731.5,1740.0
2025-10-15 10:24:00,31.75,31.75,31.75,31.75,28350,24.687281,221200,1731.6,1740.0
2025-10-15 10:25:00,31.75,31.75,31.75,31.75,0,24.688039,221200,1731.6,1740.0
2025-10-15 10:26:00,31.55,31.75,31.55,31.55,31850,24.007029,224700,1733.0,1740.0
2025-10-15 10:27:00,32.05,32.55,31.55,32.55,1400,24.416587,224700,1733.9,1740.0
2025-10-15 10:28:00,32.55,32.55,32.55,32.55,0,24.762426,228200,1733.0,1740.0
2025-10-15 10:29:00,32.55,32.55,32.55,32.55,0,24.648465,228200,1733.3,1740.0
2025-10-15 10:30:00,32.55,32.55,32.55,32.55,0,24.725741,228200,1733.1,1740.0
2025-10-15 10:31:00,32.55,32.55,32.55,32.55,0,24.879135,228200,1732.7,1740.0
2025-10-15 10:32:00,32.55,32.55,32.55,32.55,0,25.145744,228200,1732.0,1740.0
2025-10-15 10:33:00,33.0,33.0,32.55,33.0,41300,23.746824,229250,1736.5,1740.0
2025-10-15 10:34:00,34.0,34.0,33.0,34.0,1400,24.025006,228900,1737.7,1740.0
2025-10-15 10:35:00,34.8,34.8,34.0,34.8,43050,24.268155,228900,1738.6,1740.0
2025-10-15 10:36:00,34.0,34.8,34.0,34.0,1750,24.185904,228900,1737.3,1740.0
2025-10-15 10:37:00,34.0,34.0,34.0,34.0,0,24.067162,228900,1737.6,1740.0
2025-10-15 10:38:00,34.9,34.9,34.0,34.9,45500,25.340266,228200,1736.1,1740.0
2025-10-15 10:39:00,34.9,34.9,34.9,34.9,0,25.262359,228200,1736.3,1740.0
2025-10-15 10:40:00,34.4,34.9,34.4,34.4,49350,24.331127,228200,1737.7,1740.0
2025-10-15 10:41:00,34.4,34.4,34.4,34.4,0,24.650012,228200,1736.9,1740.0
2025-10-15 10:42:00,34.35,34.4,34.1,34.2,51100,24.341218,227500,1737.3,1740.0
2025-10-15 10:43:00,34.4,35.0,34.2,35.0,1750,24.142195,227500,1739.3,1740.0
2025-10-15 10:44:00,35.0,35.0,35.0,35.0,0,24.264437,227500,1739.0,1740.0
2025-10-15 10:45:00,35.25,35.25,35.0,35.25,53900,24.45384,228200,1739.0,1740.0
2025-10-15 10:46:00,35.5,35.5,35.25,35.5,350,24.277849,228200,1739.9,1740.0
2025-10-15 10:47:00,35.35,35.5,35.35,35.35,54250,24.124527,228200,1740.0,1740.0
2025-10-15 10:48:00,35.5,35.75,35.35,35.5,2800,23.703975,228200,1741.3,1740.0
2025-10-15 10:49:00,36.15,36.35,35.5,36.35,55300,24.223054,228550,1741.6,1740.0
2025-10-15 10:50:00,36.75,36.75,36.35,36.75,7700,24.276734,228550,1742.2,1740.0
2025-10-15 10:51:00,37.0,37.0,36.75,37.0,58800,24.131531,228550,1743.0,1740.0
2025-10-15 10:52:00,36.95,37.0,36.95,36.95,8050,24.637542,228550,1741.7,1740.0
2025-10-15 10:53:00,36.0,36.95,35.55,35.55,59500,24.116407,229950,1740.4,1740.0
2025-10-15 10:54:00,36.0,36.0,35.55,36.0,8400,24.333971,229950,1740.7,1740.0
2025-10-15 10:55:00,36.15,36.15,36.0,36.15,59850,23.909965,229950,1742.0,1740.0
2025-10-15 10:56:00,36.15,36.15,36.15,36.15,0,24.242769,229950,1741.2,1740.0
2025-10-15 10:57:00,36.15,36.15,36.15,36.15,0,23.953137,229950,1741.9,1740.0
2025-10-15 10:58:00,36.15,36.15,36.15,36.15,0,24.368068,229950,1740.9,1740.0
2025-10-15 10:59:00,36.15,36.15,36.15,36.15,0,24.203696,229950,1741.3,1740.0
2025-10-15 11:00:00,36.15,36.15,36.15,36.15,0,23.494388,229950,1743.0,1740.0
2025-10-15 11:01:00,36.15,36.15,36.15,36.15,0,24.039355,229950,1741.7,1740.0
2025-10-15 11:02:00,36.8,36.8,36.15,36.8,68950,24.365416,229950,1742.1,1740.0
2025-10-15 11:03:00,36.45,36.8,36.45,36.45,350,24.309321,229950,1741.6,1740.0
2025-10-15 11:04:00,36.15,36.45,36.15,36.15,69300,24.331419,229950,1741.0,1740.0
2025-10-15 11:05:00,36.15,36.15,36.15,36.15,0,24.08391,229950,1741.6,1740.0
2025-10-15 11:06:00,36.15,36.15,36.15,36.15,0,23.751057,229950,1742.4,1740.0
2025-10-15 11:07:00,36.15,36.15,36.15,36.15,0,23.667928,229950,1742.6,1740.0
2025-10-15 11:08:00,35.6,36.45,35.6,36.45,71050,24.188447,230300,1741.9,1740.0
2025-10-15 11:09:00,36.45,36.45,36.45,36.45,0,23.601759,230300,1743.3,1740.0
2025-10-15 11:10:00,36.45,36.45,36.45,36.45,0,23.729186,231000,1743.0,1740.0
2025-10-15 11:11:00,36.05,36.45,36.05,36.05,72450,24.137164,231000,1741.3,1740.0
2025-10-15 11:12:00,36.05,36.05,36.05,36.05,0,23.805315,231000,1742.1,1740.0
2025-10-15 11:13:00,36.05,36.05,36.05,36.05,0,23.764277,231000,1742.2,1740.0
2025-10-15 11:14:00,36.05,36.05,36.05,36.05,0,23.681307,231000,1742.4,1740.0
2025-10-15 11:15:00,36.05,36.05,36.05,36.05,0,23.514034,231000,1742.8,1740.0
2025-10-15 11:16:00,35.2,36.05,35.2,35.2,73500,23.456389,231700,1741.4,1740.0
2025-10-15 11:17:00,35.2,35.2,35.2,35.2,0,23.622809,231700,1741.0,1740.0
2025-10-15 11:18:00,35.65,35.65,35.2,35.65,76650,23.963931,231350,1741.0,1740.0
2025-10-15 11:19:00,36.1,36.1,35.65,36.1,350,24.346268,231350,1740.9,1740.0
2025-10-15 11:20:00,36.1,36.1,36.1,36.1,0,23.723666,231350,1742.4,1740.0
2025-10-15 11:21:00,36.1,36.1,36.1,36.1,77350,23.891668,231700,1742.0,1740.0
2025-10-15 11:22:00,36.1,36.1,36.1,36.1,0,23.892421,231700,1742.0,1740.0
2025-10-15 11:23:00,36.1,36.1,36.1,36.1,0,23.515753,231700,1742.9,1740.0
2025-10-15 11:24:00,36.5,36.5,36.1,36.5,77700,23.819718,231700,1742.9,1740.0
2025-10-15 11:25:00,36.5,36.5,36.5,36.5,0,23.736147,231700,1743.1,1740.0
2025-10-15 11:26:00,36.5,36.5,36.5,36.5,0,24.198309,231700,1742.0,1740.0
2025-10-15 11:27:00,36.4,36.5,36.4,36.45,78400,23.952164,231700,1742.5,1740.0
2025-10-15 11:28:00,36.45,36.45,36.45,36.45,0,23.784821,231700,1742.9,1740.0
2025-10-15 11:29:00,35.85,36.45,35.85,35.85,78750,23.288439,231700,1743.0,1740.0
2025-10-15 11:30:00,35.85,35.85,35.85,35.85,0,23.204599,231700,1743.2,1740.0
2025-10-15 11:31:00,35.85,35.85,35.85,35.85,0,23.289917,231700,1743.0,1740.0
2025-10-15 11:32:00,35.85,35.85,35.85,35.85,0,23.290655,231350,1743.0,1740.0
2025-10-15 11:33:00,36.8,36.8,35.85,36.8,81200,24.011808,231350,1743.0,1740.0
2025-10-15 11:34:00,36.45,36.8,36.45,36.45,350,23.915488,231350,1742.6,1740.0
2025-10-15 11:35:00,36.45,36.45,36.45,36.45,0,23.958201,231350,1742.5,1740.0
2025-10-15 11:36:00,36.4,36.45,36.4,36.4,86100,24.338128,231700,1741.5,1740.0
2025-10-15 11:37:00,36.4,36.4,36.4,36.4,0,24.338892,231700,1741.5,1740.0
2025-10-15 11:38:00,35.85,36.4,35.85,35.85,86450,24.047651,231350,1741.2,1740.0
2025-10-15 11:39:00,35.85,35.85,35.85,35.85,0,24.254781,231350,1740.7,1740.0
2025-10-15 11:40:00,35.85,35.85,35.85,35.85,0,24.131849,231350,1741.0,1740.0
2025-10-15 11:41:00,35.85,35.85,35.85,35.85,0,24.173881,231350,1740.9,1740.0
2025-10-15 11:42:00,35.85,35.85,35.85,35.85,0,24.174642,231350,1740.9,1740.0
2025-10-15 11:43:00,35.85,35.85,35.85,35.85,0,24.1754,231350,1740.9,1740.0
2025-10-15 11:44:00,35.85,35.85,35.85,35.85,0,24.176158,231350,1740.9,1740.0
2025-10-15 11:45:00,35.85,35.85,35.85,35.85,0,24.709583,231350,1739.6,1740.0
2025-10-15 11:46:00,35.85,35.85,35.85,35.85,0,25.635828,231350,1737.3,1740.0
2025-10-15 11:47:00,33.1,35.85,32.6,32.6,87150,23.062197,231350,1737.6,1740.0
2025-10-15 11:48:00,32.6,32.6,32.6,32.6,350,23.50036,231350,1736.5,1740.0
2025-10-15 11:49:00,32.6,32.6,32.6,32.6,0,23.698318,231350,1736.0,1740.0
2025-10-15 11:50:00,32.6,32.6,32.6,32.6,0,22.743018,231350,1738.4,1740.0
2025-10-15 11:51:00,32.6,32.6,32.6,32.6,0,23.065102,231350,1737.6,1740.0
2025-10-15 11:52:00,32.6,32.6,32.6,32.6,0,23.384484,231350,1736.8,1740.0
2025-10-15 11:53:00,32.6,32.6,32.6,32.6,0,23.661911,231350,1736.1,1740.0
2025-10-15 11:54:00,32.0,32.6,32.0,32.0,89250,23.248871,231350,1736.0,1740.0
2025-10-15 11:55:00,31.55,32.0,31.55,31.55,350,22.909727,231350,1736.0,1740.0
2025-10-15 11:56:00,31.55,31.55,31.55,31.55,0,22.673544,231350,1736.6,1740.0
2025-10-15 11:57:00,31.55,31.55,31.55,31.55,0,22.911168,231350,1736.0,1740.0
2025-10-15 11:58:00,31.1,31.55,31.1,31.1,90650,22.414184,231350,1736.4,1740.0
2025-10-15 11:59:00,31.1,31.1,31.1,31.1,350,22.335736,231000,1736.6,1740.0
2025-10-15 12:00:00,31.1,31.1,31.1,31.1,0,22.534019,231000,1736.1,1740.0
2025-10-15 12:01:00,31.1,31.1,31.1,31.1,0,22.376751,231000,1736.5,1740.0
2025-10-15 12:02:00,31.1,31.1,31.1,31.1,0,22.377457,231000,1736.5,1740.0
2025-10-15 12:03:00,31.1,31.1,31.1,31.1,0,22.536154,231000,1736.1,1740.0
2025-10-15 12:04:00,32.35,32.35,31.1,32.35,91350,23.124951,231000,1737.0,1740.0
2025-10-15 12:05:00,32.35,32.35,32.35,32.35,350,22.725907,231000,1738.0,1740.0
2025-10-15 12:06:00,32.25,32.35,32.25,32.25,91700,22.891429,231000,1737.4,1740.0
2025-10-15 12:07:00,32.25,32.25,32.25,32.25,0,22.892151,231000,1737.4,1740.0
2025-10-15 12:08:00,32.25,32.25,32.25,32.25,0,22.892874,231000,1737.4,1740.0
2025-10-15 12:09:00,32.25,32.25,32.25,32.25,0,22.853635,231000,1737.5,1740.0
2025-10-15 12:10:00,32.25,32.25,32.25,32.25,0,22.411892,231000,1738.6,1740.0
2025-10-15 12:11:00,32.25,32.25,32.25,32.25,0,23.450163,231000,1736.0,1740.0
2025-10-15 12:12:00,32.25,32.25,32.25,32.25,0,23.253553,231000,1736.5,1740.0
2025-10-15 12:13:00,32.25,32.25,32.25,32.25,0,23.175062,231000,1736.7,1740.0
2025-10-15 12:14:00,32.25,32.25,32.25,32.25,0,23.136117,231000,1736.8,1740.0
2025-10-15 12:15:00,32.2,32.25,32.2,32.2,93100,23.05934,231000,1736.9,1740.0
2025-10-15 12:16:00,31.95,32.2,31.95,31.95,350,23.227134,231000,1736.0,1740.0
2025-10-15 12:17:00,31.95,31.95,31.95,31.95,0,23.267218,231000,1735.9,1740.0
2025-10-15 12:18:00,31.95,31.95,31.95,31.95,0,23.267948,231000,1735.9,1740.0
2025-10-15 12:19:00,31.95,31.95,31.95,31.95,0,23.347276,231000,1735.7,1740.0
2025-10-15 12:20:00,31.95,31.95,31.95,31.95,0,23.348007,231000,1735.7,1740.0
2025-10-15 12:21:00,31.6,31.95,31.6,31.6,93800,23.084224,231700,1735.7,1740.0
2025-10-15 12:22:00,31.6,31.6,31.6,31.6,0,23.124193,231700,1735.6,1740.0
2025-10-15 12:23:00,31.6,31.6,31.6,31.6,0,23.12492,231700,1735.6,1740.0
2025-10-15 12:24:00,31.6,31.6,31.6,31.6,0,23.125645,231700,1735.6,1740.0
2025-10-15 12:25:00,31.6,31.6,31.6,31.6,0,23.165577,231700,1735.5,1740.0
2025-10-15 12:26:00,32.1,32.1,31.6,32.1,95550,23.544228,231350,1735.5,1740.0
2025-10-15 12:27:00,32.1,32.1,32.1,32.1,0,23.544967,231350,1735.5,1740.0
2025-10-15 12:28:00,32.1,32.1,32.1,32.1,0,23.506495,231350,1735.6,1740.0
2025-10-15 12:29:00,31.0,32.1,31.0,31.0,97650,22.754114,232050,1735.4,1740.0
2025-10-15 12:30:00,31.0,31.0,31.0,31.0,0,22.793964,232050,1735.3,1740.0
2025-10-15 12:31:00,31.7,31.7,31.0,31.7,98000,23.401994,232050,1735.1,1740.0
2025-10-15 12:32:00,31.7,31.7,31.7,31.7,0,23.363668,232050,1735.2,1740.0
2025-10-15 12:33:00,31.7,31.7,31.7,31.7,0,23.246995,232050,1735.5,1740.0
2025-10-15 12:34:00,31.7,31.7,31.7,31.7,0,23.326035,232050,1735.3,1740.0
2025-10-15 12:35:00,31.7,31.7,31.7,31.7,0,23.443945,232050,1735.0,1740.0
2025-10-15 12:36:00,31.7,31.7,31.7,31.7,0,23.444679,232050,1735.0,1740.0
2025-10-15 12:37:00,31.7,31.7,31.7,31.7,0,23.445414,232050,1735.0,1740.0
2025-10-15 12:38:00,31.7,31.7,31.7,31.7,0,23.446148,232050,1735.0,1740.0
2025-10-15 12:39:00,31.7,31.7,31.7,31.7,0,23.212154,232050,1735.6,1740.0
2025-10-15 12:40:00,31.7,31.7,31.7,31.7,0,23.016187,232050,1736.1,1740.0
2025-10-15 12:41:00,31.7,31.7,31.7,31.7,98700,23.056333,232050,1736.0,1740.0
2025-10-15 12:42:00,31.75,31.75,31.7,31.75,700,22.897359,232050,1736.5,1740.0
2025-10-15 12:43:00,31.75,31.75,31.75,31.75,0,22.898081,232050,1736.5,1740.0
2025-10-15 12:44:00,31.75,31.75,31.75,31.75,0,22.779799,232050,1736.8,1740.0
2025-10-15 12:45:00,31.75,31.75,31.75,31.75,0,22.581331,232050,1737.3,1740.0
2025-10-15 12:46:00,31.75,31.75,31.75,31.75,0,22.900248,232050,1736.5,1740.0
2025-10-15 12:47:00,31.75,31.75,31.75,31.75,0,22.861341,232050,1736.6,1740.0
2025-10-15 12:48:00,31.0,31.75,31.0,31.0,101850,22.453086,231350,1736.2,1740.0
2025-10-15 12:49:00,31.0,31.0,31.0,31.0,0,22.414278,231350,1736.3,1740.0
2025-10-15 12:50:00,31.0,31.0,31.0,31.0,0,22.454507,230650,1736.2,1740.0
2025-10-15 12:51:00,31.0,31.0,31.0,31.0,0,22.455218,230650,1736.2,1740.0
2025-10-15 12:52:00,31.0,31.0,31.0,31.0,0,22.652908,230650,1735.7,1740.0
2025-10-15 12:53:00,31.0,31.0,31.0,31.0,0,22.614309,230650,1735.8,1740.0
2025-10-15 12:54:00,31.0,31.0,31.0,31.0,0,22.496829,230650,1736.1,1740.0
2025-10-15 12:55:00,31.0,31.0,31.0,31.0,0,22.615737,230650,1735.8,1740.0
2025-10-15 12:56:00,31.0,31.0,31.0,31.0,0,22.616452,230650,1735.8,1740.0
2025-10-15 12:57:00,31.0,31.0,31.0,31.0,0,22.617166,230650,1735.8,1740.0
2025-10-15 12:58:00,31.0,31.0,31.0,31.0,0,23.358186,230650,1733.9,1740.0
2025-10-15 12:59:00,31.0,31.0,31.0,31.0,0,23.436044,230650,1733.7,1740.0
2025-10-15 13:00:00,31.0,31.0,31.0,31.0,0,23.049634,230650,1734.7,1740.0
2025-10-15 13:01:00,29.85,31.0,29.85,29.85,102550,22.567301,230650,1733.7,1740.0
2025-10-15 13:02:00,29.85,29.85,29.85,29.85,0,22.568011,230650,1733.7,1740.0
2025-10-15 13:03:00,29.85,29.85,29.85,29.85,0,22.645657,230650,1733.5,1740.0
2025-10-15 13:04:00,29.9,29.9,29.85,29.9,103250,22.336773,230650,1734.4,1740.0
2025-10-15 13:05:00,30.1,30.1,29.9,30.1,350,22.488811,230650,1734.4,1740.0
2025-10-15 13:06:00,30.1,30.1,30.1,30.1,0,22.913805,230650,1733.3,1740.0
2025-10-15 13:07:00,30.1,30.1,30.1,30.1,0,22.914524,230650,1733.3,1740.0
2025-10-15 13:08:00,30.1,30.1,30.1,30.1,0,22.876859,230650,1733.4,1740.0
2025-10-15 13:09:00,30.1,30.1,30.1,30.1,0,22.877578,230650,1733.4,1740.0
2025-10-15 13:10:00,30.1,30.1,30.1,30.1,0,22.916682,230650,1733.3,1740.0
2025-10-15 13:11:00,30.1,30.1,30.1,30.1,0,22.609256,230650,1734.1,1740.0
2025-10-15 13:12:00,30.1,30.1,30.1,30.1,0,22.841309,230650,1733.5,1740.0
2025-10-15 13:13:00,30.1,30.1,30.1,30.1,0,23.300715,230650,1732.3,1740.0
2025-10-15 13:14:00,30.1,30.1,30.1,30.1,0,23.37739,230650,1732.1,1740.0
2025-10-15 13:15:00,29.0,30.1,29.0,29.0,106400,22.010747,230650,1733.5,1740.0
2025-10-15 13:16:00,29.0,29.0,29.0,29.0,0,22.164811,230650,1733.1,1740.0
2025-10-15 13:17:00,29.0,29.0,29.0,29.0,0,21.8967,230650,1733.8,1740.0
2025-10-15 13:18:00,29.0,29.0,29.0,29.0,0,21.858834,230650,1733.9,1740.0
2025-10-15 13:19:00,29.0,29.0,29.0,29.0,0,22.013531,230650,1733.5,1740.0
2025-10-15 13:20:00,29.0,29.0,29.0,29.0,0,21.937303,230650,1733.7,1740.0
2025-10-15 13:21:00,30.0,30.0,29.0,30.0,106750,21.719565,230650,1736.2,1740.0
2025-10-15 13:22:00,30.0,30.0,30.0,30.0,0,22.269678,230650,1734.8,1740.0
2025-10-15 13:23:00,30.0,30.0,30.0,30.0,0,22.580763,230650,1734.0,1740.0
2025-10-15 13:24:00,30.0,30.0,30.0,30.0,0,22.620097,230650,1733.9,1740.0
2025-10-15 13:25:00,31.35,31.35,30.0,31.35,109200,23.642946,230650,1733.9,1740.0
2025-10-15 13:26:00,31.35,31.35,31.35,31.35,0,23.138318,230650,1735.2,1740.0
2025-10-15 13:27:00,30.8,31.35,30.8,30.8,109550,23.111942,231000,1734.2,1740.0
2025-10-15 13:28:00,30.8,30.8,30.8,30.8,0,23.112667,231000,1734.2,1740.0
2025-10-15 13:29:00,30.8,30.8,30.8,30.8,0,23.113395,231000,1734.2,1740.0
2025-10-15 13:30:00,30.7,30.8,30.7,30.7,109900,22.727287,231000,1735.0,1740.0
2025-10-15 13:31:00,30.7,30.7,30.7,30.7,0,22.728005,231000,1735.0,1740.0
2025-10-15 13:32:00,30.7,30.7,30.7,30.7,0,22.728722,231000,1735.0,1740.0
2025-10-15 13:33:00,30.7,30.7,30.7,30.7,0,22.72944,231000,1735.0,1740.0
2025-10-15 13:34:00,30.7,30.7,30.7,30.7,0,22.730156,231000,1735.0,1740.0
2025-10-15 13:35:00,30.7,30.7,30.7,30.7,0,22.730873,231000,1735.0,1740.0
2025-10-15 13:36:00,30.7,30.7,30.7,30.7,0,22.731592,231000,1735.0,1740.0
2025-10-15 13:37:00,30.7,30.7,30.7,30.7,0,22.732309,231000,1735.0,1740.0
2025-10-15 13:38:00,30.7,30.7,30.7,30.7,0,22.733027,231000,1735.0,1740.0
2025-10-15 13:39:00,30.7,30.7,30.7,30.7,0,22.537976,231000,1735.5,1740.0
2025-10-15 13:40:00,30.7,30.7,30.7,30.7,0,22.577924,231000,1735.4,1740.0
2025-10-15 13:41:00,30.7,30.7,30.7,30.7,0,22.73518,231000,1735.0,1740.0
2025-10-15 13:42:00,30.7,30.7,30.7,30.7,0,22.579352,231000,1735.4,1740.0
2025-10-15 13:43:00,30.7,30.7,30.7,30.7,0,22.54083,231000,1735.5,1740.0
2025-10-15 13:44:00,30.7,30.7,30.7,30.7,0,22.698257,231000,1735.1,1740.0
2025-10-15 13:45:00,30.7,30.7,30.7,30.7,0,22.581496,231000,1735.4,1740.0
2025-10-15 13:46:00,31.5,31.5,30.7,31.5,110600,22.47561,231350,1737.2,1740.0
2025-10-15 13:47:00,31.5,31.5,31.5,31.5,0,22.356238,231350,1737.5,1740.0
2025-10-15 13:48:00,32.2,32.35,31.5,32.3,112350,22.762285,231350,1738.0,1740.0
2025-10-15 13:49:00,32.3,32.3,32.3,32.3,0,22.763007,231350,1738.0,1740.0
2025-10-15 13:50:00,32.3,32.3,32.3,32.3,0,23.482031,231350,1736.2,1740.0
2025-10-15 13:51:00,31.0,32.3,31.0,31.0,113400,22.930532,230300,1735.1,1740.0
2025-10-15 13:52:00,31.0,31.0,31.0,31.0,0,22.970342,230300,1735.0,1740.0
2025-10-15 13:53:00,31.0,31.0,31.0,31.0,0,21.740025,230300,1738.1,1740.0
2025-10-15 13:54:00,31.0,31.0,31.0,31.0,0,22.02235,230300,1737.4,1740.0
2025-10-15 13:55:00,31.0,31.0,31.0,31.0,0,22.023052,230300,1737.4,1740.0
2025-10-15 13:56:00,31.0,31.0,31.0,31.0,0,22.501512,230300,1736.2,1740.0
2025-10-15 13:57:00,31.0,31.0,31.0,31.0,0,22.46265,230300,1736.3,1740.0
2025-10-15 13:58:00,31.0,31.0,31.0,31.0,0,22.857295,230300,1735.3,1740.0
2025-10-15 13:59:00,31.0,31.0,31.0,31.0,0,22.503653,230300,1736.2,1740.0
2025-10-15 14:00:00,31.0,31.0,31.0,31.0,0,22.858741,230300,1735.3,1740.0
2025-10-15 14:01:00,31.0,31.0,31.0,31.0,0,22.859463,230300,1735.3,1740.0
2025-10-15 14:02:00,31.0,31.0,31.0,31.0,0,22.068036,230300,1737.3,1740.0
2025-10-15 14:03:00,31.0,31.0,31.0,31.0,0,21.544399,230300,1738.6,1740.0
2025-10-15 14:04:00,31.0,31.0,31.0,31.0,0,22.586268,230300,1736.0,1740.0
2025-10-15 14:05:00,31.3,31.3,31.0,31.3,114100,22.257523,230300,1737.4,1740.0
2025-10-15 14:06:00,31.3,31.3,31.3,31.3,0,22.775553,230300,1736.1,1740.0
2025-10-15 14:07:00,31.3,31.3,31.3,31.3,0,22.378971,230300,1737.1,1740.0
2025-10-15 14:08:00,31.9,31.9,31.3,31.9,114450,23.350091,230300,1735.8,1740.0
2025-10-15 14:09:00,31.5,31.9,31.5,31.5,350,22.968799,230300,1736.0,1740.0
2025-10-15 14:10:00,31.5,31.5,31.5,31.5,0,22.771609,230300,1736.5,1740.0
2025-10-15 14:11:00,31.5,31.5,31.5,31.5,0,22.772331,230300,1736.5,1740.0
2025-10-15 14:12:00,31.5,31.5,31.5,31.5,0,22.970977,230300,1736.0,1740.0
2025-10-15 14:13:00,31.1,31.5,31.1,31.1,115150,22.589457,230650,1736.2,1740.0
2025-10-15 14:14:00,31.1,31.1,31.1,31.1,0,22.826857,230650,1735.6,1740.0
2025-10-15 14:15:00,31.1,31.1,31.1,31.1,0,22.827578,230650,1735.6,1740.0
2025-10-15 14:16:00,31.1,31.1,31.1,31.1,0,22.670669,230650,1736.0,1740.0
2025-10-15 14:17:00,31.1,31.1,31.1,31.1,0,22.592325,230650,1736.2,1740.0
2025-10-15 14:18:00,31.1,31.1,31.1,31.1,0,22.394643,230650,1736.7,1740.0
2025-10-15 14:19:00,31.1,31.1,31.1,31.1,0,22.514523,230650,1736.4,1740.0
2025-10-15 14:20:00,31.1,31.1,31.1,31.1,0,22.475558,230650,1736.5,1740.0
2025-10-15 14:21:00,31.1,31.1,31.1,31.1,0,22.634749,230650,1736.1,1740.0
2025-10-15 14:22:00,31.1,31.1,31.1,31.1,0,22.198006,230650,1737.2,1740.0
2025-10-15 14:23:00,31.1,31.1,31.1,31.1,0,22.078492,230650,1737.5,1740.0
2025-10-15 14:24:00,31.1,31.1,31.1,31.1,0,22.438688,230650,1736.6,1740.0
2025-10-15 14:25:00,31.1,31.1,31.1,31.1,0,22.280061,230650,1737.0,1740.0
2025-10-15 14:26:00,31.1,31.1,31.1,31.1,0,22.63834,230650,1736.1,1740.0
2025-10-15 14:27:00,31.1,31.1,31.1,31.1,0,23.576591,230650,1733.7,1740.0
2025-10-15 14:28:00,29.95,31.1,29.95,29.95,118300,22.278401,230650,1734.8,1740.0
2025-10-15 14:29:00,29.45,30.05,29.45,30.05,1400,22.743105,229600,1733.8,1740.0
2025-10-15 14:30:00,30.05,30.05,30.05,30.05,0,22.511387,229600,1734.4,1740.0
2025-10-15 14:31:00,29.55,30.05,29.55,29.55,121100,22.403912,229600,1733.7,1740.0
2025-10-15 14:32:00,29.85,29.85,29.55,29.85,700,22.127286,229600,1735.0,1740.0
2025-10-15 14:33:00,29.85,29.85,29.85,29.85,0,22.206104,229600,1734.8,1740.0
2025-10-15 14:34:00,29.85,29.85,29.85,29.85,0,22.517672,229600,1734.0,1740.0
2025-10-15 14:35:00,29.85,29.85,29.85,29.85,0,22.129397,229600,1735.0,1740.0
2025-10-15 14:36:00,29.85,29.85,29.85,29.85,0,22.519096,229600,1734.0,1740.0
2025-10-15 14:37:00,29.5,29.85,29.5,29.5,123200,22.215609,230300,1734.1,1740.0
2025-10-15 14:38:00,29.5,29.5,29.5,29.5,0,22.13876,230300,1734.3,1740.0
2025-10-15 14:39:00,29.5,29.5,29.5,29.5,0,22.139465,230300,1734.3,1740.0
2025-10-15 14:40:00,29.5,29.5,29.5,29.5,0,21.906531,230300,1734.9,1740.0
2025-10-15 14:41:00,29.5,29.5,29.5,29.5,0,22.25715,230300,1734.0,1740.0
2025-10-15 14:42:00,29.5,29.5,29.5,29.5,0,22.141575,230300,1734.3,1740.0
2025-10-15 14:43:00,29.8,29.8,29.5,29.8,123550,22.097102,230300,1735.0,1740.0
2025-10-15 14:44:00,29.8,29.8,29.8,29.8,0,22.019509,230300,1735.2,1740.0
2025-10-15 14:45:00,29.8,29.8,29.8,29.8,0,22.09851,230300,1735.0,1740.0
2025-10-15 14:46:00,29.8,29.8,29.8,29.8,0,22.099214,230300,1735.0,1740.0
2025-10-15 14:47:00,30.05,30.05,29.8,30.05,123900,22.562366,229950,1734.3,1740.0
2025-10-15 14:48:00,30.05,30.05,30.05,30.05,0,22.7181,229950,1733.9,1740.0
2025-10-15 14:49:00,30.05,30.05,30.05,30.05,0,22.330081,229950,1734.9,1740.0
2025-10-15 14:50:00,30.05,30.05,30.05,30.05,0,22.603326,229950,1734.2,1740.0
2025-10-15 14:51:00,30.05,30.05,30.05,30.05,0,22.487475,229950,1734.5,1740.0
2025-10-15 14:52:00,30.05,30.05,30.05,30.05,0,22.527085,229950,1734.4,1740.0
2025-10-15 14:53:00,30.05,30.05,30.05,30.05,0,22.332919,229950,1734.9,1740.0
2025-10-15 14:54:00,30.05,30.05,30.05,30.05,0,22.489615,229950,1734.5,1740.0
2025-10-15 14:55:00,30.05,30.05,30.05,30.05,0,22.295242,229950,1735.0,1740.0
2025-10-15 14:56:00,30.05,30.05,30.05,30.05,0,22.295951,229950,1735.0,1740.0
2025-10-15 14:57:00,30.05,30.05,30.05,30.05,0,22.491756,229950,1734.5,1740.0
2025-10-15 14:58:00,30.05,30.05,30.05,30.05,0,22.336469,229950,1734.9,1740.0
2025-10-15 14:59:00,30.75,30.75,30.05,30.75,124600,22.436012,229950,1736.0,1740.0
2025-10-15 15:00:00,31.0,31.0,30.75,31.0,350,23.019718,229950,1735.0,1740.0
2025-10-15 15:01:00,30.6,31.0,30.6,30.6,124950,22.716888,229950,1735.0,1740.0
2025-10-15 15:02:00,30.6,30.6,30.6,30.6,0,22.717608,229950,1735.0,1740.0
2025-10-15 15:03:00,30.6,30.6,30.6,30.6,0,22.718329,229950,1735.0,1740.0
2025-10-15 15:04:00,30.6,30.6,30.6,30.6,0,22.719048,229950,1735.0,1740.0
2025-10-15 15:05:00,30.6,30.6,30.6,30.6,0,22.797948,229950,1734.8,1740.0
2025-10-15 15:06:00,30.6,30.6,30.6,30.6,0,23.032275,229950,1734.2,1740.0
2025-10-15 15:07:00,30.6,30.6,30.6,30.6,0,23.110562,229950,1734.0,1740.0
2025-10-15 15:08:00,30.6,30.6,30.6,30.6,0,23.188705,229950,1733.8,1740.0
2025-10-15 15:09:00,30.6,30.6,30.6,30.6,0,22.644305,229950,1735.2,1740.0
2025-10-15 15:10:00,30.6,30.6,30.6,30.6,0,23.151479,229950,1733.9,1740.0
2025-10-15 15:11:00,30.6,30.6,30.6,30.6,0,22.95819,229950,1734.4,1740.0
2025-10-15 15:12:00,30.6,30.6,30.6,30.6,0,23.191629,229950,1733.8,1740.0
2025-10-15 15:13:00,30.6,30.6,30.6,30.6,0,23.269632,229950,1733.6,1740.0
2025-10-15 15:14:00,30.6,30.6,30.6,30.6,0,23.193093,229950,1733.8,1740.0
2025-10-15 15:15:00,30.6,30.6,30.6,30.6,0,22.333565,229950,1736.0,1740.0
2025-10-15 15:16:00,30.6,30.6,30.6,30.6,0,22.294707,229950,1736.1,1740.0
2025-10-15 15:17:00,30.6,30.6,30.6,30.6,0,22.453448,229950,1735.7,1740.0
2025-10-15 15:18:00,30.6,30.6,30.6,30.6,0,22.729137,229950,1735.0,1740.0
2025-10-15 15:19:00,30.6,30.6,30.6,30.6,0,22.768979,229950,1734.9,1740.0
2025-10-15 15:20:00,30.0,30.6,30.0,30.0,127050,23.011568,229600,1733.1,1740.0
2025-10-15 15:21:00,29.0,30.0,29.0,29.0,350,21.828206,231000,1734.2,1740.0
2025-10-15 15:22:00,29.0,29.0,29.0,29.0,127400,22.253383,231000,1733.1,1740.0
2025-10-15 15:23:00,29.0,29.0,29.0,29.0,700,21.907135,231000,1734.0,1740.0
2025-10-15 15:24:00,29.0,29.0,29.0,29.0,0,21.907834,231000,1734.0,1740.0
2025-10-15 15:25:00,29.0,29.0,29.0,29.0,0,21.519197,232050,1735.0,1740.0
2025-10-15 15:26:00,29.0,29.0,29.0,29.0,0,22.102387,232050,1733.5,1740.0
2025-10-15 15:27:00,29.0,29.0,29.0,29.0,0,21.520576,232050,1735.0,1740.0
2025-10-15 15:28:00,29.0,29.0,29.0,29.0,0,22.525359,232050,1732.4,1740.0
2025-10-15 15:29:00,28.0,29.0,28.0,28.0,132650,21.753292,234500,1732.6,1740.0
2025-10-16 09:15:00,29.25,29.25,29.25,29.25,0,22.442741,0,1735.1,1740.0
2025-10-16 09:16:00,29.25,29.25,29.25,29.25,0,22.242087,0,1735.6,1740.0
2025-10-16 09:17:00,28.05,28.05,28.05,28.05,700,22.80909,234500,1731.8,1740.0
2025-10-16 09:18:00,28.85,28.85,28.05,28.85,1050,23.707109,234500,1731.1,1740.0
2025-10-16 09:19:00,28.85,28.85,28.85,28.85,0,23.514355,234150,1731.6,1740.0
2025-10-16 09:20:00,28.85,28.85,28.85,28.85,0,24.093148,234150,1730.1,1740.0
2025-10-16 09:21:00,28.85,28.85,28.85,28.85,0,23.55469,234150,1731.5,1740.0
2025-10-16 09:22:00,28.85,28.85,28.85,28.85,0,24.056435,234150,1730.2,1740.0
2025-10-16 09:23:00,28.85,28.85,28.85,28.85,0,23.788196,234850,1730.9,1740.0
2025-10-16 09:24:00,28.85,28.85,28.85,28.85,0,23.827516,234850,1730.8,1740.0
2025-10-16 09:25:00,28.85,28.85,28.85,28.85,0,23.363524,234850,1732.0,1740.0
2025-10-16 09:26:00,27.0,28.85,27.0,27.0,5950,21.721638,234850,1732.5,1740.0
2025-10-16 09:27:00,27.0,27.0,27.0,27.0,0,22.149527,234850,1731.4,1740.0
2025-10-16 09:28:00,40.75,40.75,40.75,40.75,0,26.459546,51100,1727.6,1720.0
2025-10-16 09:29:00,40.75,40.75,40.75,40.75,0,26.506147,51100,1727.5,1720.0
2025-10-16 09:30:00,40.75,40.75,40.75,40.75,0,25.861914,51100,1728.9,1720.0
2025-10-16 09:31:00,38.35,40.75,38.35,38.35,1750,23.418075,51100,1730.0,1720.0
2025-10-16 09:32:00,38.35,38.35,38.35,38.35,0,24.77562,51100,1727.1,1720.0
2025-10-16 09:33:00,34.85,38.35,34.85,34.85,2100,22.66731,51100,1725.6,1720.0
2025-10-16 09:34:00,34.85,34.85,34.85,34.85,0,22.530898,51100,1725.9,1720.0
2025-10-16 09:35:00,34.85,34.85,34.85,34.85,0,22.623195,51100,1725.7,1720.0
2025-10-16 09:36:00,34.85,34.85,34.85,34.85,0,22.256308,51100,1726.5,1720.0
2025-10-16 09:37:00,34.85,34.85,34.85,34.85,0,22.210818,51100,1726.6,1720.0
2025-10-16 09:38:00,34.85,34.85,34.85,34.85,0,22.533987,51100,1725.9,1720.0
2025-10-16 09:39:00,34.85,34.85,34.85,34.85,0,22.85402,51100,1725.2,1720.0
2025-10-16 09:40:00,34.85,34.85,34.85,34.85,0,22.305564,51100,1726.4,1720.0
2025-10-16 09:41:00,34.85,34.85,34.85,34.85,0,22.16755,51100,1726.7,1720.0
2025-10-16 09:42:00,34.85,34.85,34.85,34.85,0,22.353225,51100,1726.3,1720.0
2025-10-16 09:43:00,34.85,34.85,34.85,34.85,0,22.076215,51100,1726.9,1720.0
2025-10-16 09:44:00,34.85,34.85,34.85,34.85,0,22.675842,51100,1725.6,1720.0
2025-10-16 09:45:00,34.85,34.85,34.85,34.85,0,23.21994,51100,1724.4,1720.0
2025-10-16 09:46:00,34.85,34.85,34.85,34.85,0,23.220729,51100,1724.4,1720.0
2025-10-16 09:47:00,34.45,34.85,34.45,34.45,3150,21.430561,51450,1727.6,1720.0
2025-10-16 09:48:00,35.9,35.9,34.45,35.9,350,22.874958,51450,1727.0,1720.0
2025-10-16 09:49:00,35.9,35.9,35.9,35.9,0,22.643247,51450,1727.5,1720.0
2025-10-16 09:50:00,35.9,35.9,35.9,35.9,0,22.69066,51450,1727.4,1720.0
2025-10-16 09:51:00,35.9,35.9,35.9,35.9,0,22.96985,51450,1726.8,1720.0
2025-10-16 09:52:00,35.9,35.9,35.9,35.9,0,23.33825,51450,1726.0,1720.0
2025-10-16 09:53:00,35.9,35.9,35.9,35.9,0,23.430329,51450,1725.8,1720.0
2025-10-16 09:54:00,35.4,35.9,35.4,35.4,3850,22.940243,51800,1726.0,1720.0
2025-10-16 09:55:00,35.4,35.4,35.4,35.4,0,22.941028,51800,1726.0,1720.0
2025-10-16 09:56:00,35.4,35.4,35.4,35.4,0,22.987582,51800,1725.9,1720.0
2025-10-16 09:57:00,35.4,35.4,35.4,35.4,0,23.12531,51800,1725.6,1720.0
2025-10-16 09:58:00,35.4,35.4,35.4,35.4,0,23.307834,51800,1725.2,1720.0
2025-10-16 09:59:00,34.55,35.4,34.55,34.55,4200,22.630098,52150,1725.2,1720.0
2025-10-16 10:00:00,34.55,34.55,34.55,34.55,0,22.265104,52150,1726.0,1720.0
2025-10-16 10:01:00,34.55,34.55,34.55,34.55,0,22.586148,52150,1725.3,1720.0
2025-10-16 10:02:00,34.55,34.55,34.55,34.55,0,22.404289,52150,1725.7,1720.0
2025-10-16 10:03:00,34.55,34.55,34.55,34.55,0,22.359239,52150,1725.8,1720.0
2025-10-16 10:04:00,34.55,34.55,34.55,34.55,0,21.711488,52150,1727.2,1720.0
2025-10-16 10:05:00,34.55,34.55,34.55,34.55,0,21.85235,52150,1726.9,1720.0
2025-10-16 10:06:00,35.65,35.65,34.55,35.65,4900,22.315299,52500,1727.8,1720.0
2025-10-16 10:07:00,35.65,35.65,35.65,35.65,0,23.241741,52850,1725.8,1720.0
2025-10-16 10:08:00,35.65,35.65,35.65,35.65,0,22.690281,52850,1727.0,1720.0
2025-10-16 10:09:00,35.65,35.65,35.65,35.65,0,22.737437,52850,1726.9,1720.0
2025-10-16 10:10:00,35.65,35.65,35.65,35.65,0,22.271389,52850,1727.9,1720.0
2025-10-16 10:11:00,35.65,35.65,35.65,35.65,0,23.06183,52850,1726.2,1720.0
2025-10-16 10:12:00,35.65,35.65,35.65,35.65,0,23.245704,52850,1725.8,1720.0
2025-10-16 10:13:00,35.65,35.65,35.65,35.65,0,23.789971,52850,1724.6,1720.0
2025-10-16 10:14:00,32.75,35.65,32.7,32.7,6300,22.509251,53200,1722.2,1720.0
2025-10-16 10:15:00,32.7,32.7,32.7,32.7,0,23.033903,53200,1721.0,1720.0
2025-10-16 10:16:00,32.7,32.7,32.7,32.7,0,21.438004,53200,1724.6,1720.0
2025-10-16 10:17:00,32.7,32.7,32.7,32.7,0,22.157814,53200,1723.0,1720.0
2025-10-16 10:18:00,32.7,32.7,32.7,32.7,0,21.890782,53200,1723.6,1720.0
2025-10-16 10:19:00,32.7,32.7,32.7,32.7,0,22.159332,53200,1723.0,1720.0
2025-10-16 10:20:00,32.7,32.7,32.7,32.7,0,22.160091,53200,1723.0,1720.0
2025-10-16 10:21:00,32.7,32.7,32.7,32.7,0,22.558587,53200,1722.1,1720.0
2025-10-16 10:22:00,31.25,32.7,31.25,31.25,7350,22.061145,53900,1720.6,1720.0
2025-10-16 10:23:00,31.25,31.25,31.25,31.25,0,22.320516,53900,1720.0,1720.0
2025-10-16 10:24:00,31.25,31.25,31.25,31.25,0,22.321277,53900,1720.0,1720.0
2025-10-16 10:25:00,31.25,31.25,31.25,31.25,0,21.933354,53900,1720.9,1720.0
2025-10-16 10:26:00,31.25,31.25,31.25,31.25,0,22.236794,53900,1720.2,1720.0
2025-10-16 10:27:00,31.25,31.25,31.25,31.25,0,22.237551,53900,1720.2,1720.0
2025-10-16 10:28:00,31.25,31.25,31.25,31.25,0,22.238308,53900,1720.2,1720.0
2025-10-16 10:29:00,31.25,31.25,31.25,31.25,0,22.453686,54250,1719.7,1720.0
2025-10-16 10:30:00,31.25,31.25,31.25,31.25,0,22.325828,54250,1720.0,1720.0
2025-10-16 10:31:00,31.25,31.25,31.25,31.25,0,22.455208,54250,1719.7,1720.0
2025-10-16 10:32:00,32.8,32.8,31.25,32.8,8750,22.470397,54250,1722.5,1720.0
2025-10-16 10:33:00,32.8,32.8,32.8,32.8,0,22.160606,54250,1723.2,1720.0
2025-10-16 10:34:00,32.8,32.8,32.8,32.8,0,22.294815,54250,1722.9,1720.0
2025-10-16 10:35:00,32.8,32.8,32.8,32.8,0,22.206669,54250,1723.1,1720.0
2025-10-16 10:36:00,32.8,32.8,32.8,32.8,9100,21.623573,54600,1724.4,1720.0
2025-10-16 10:37:00,32.8,32.8,32.8,32.8,0,22.297106,54600,1722.9,1720.0
2025-10-16 10:38:00,32.8,32.8,32.8,32.8,0,22.164406,54600,1723.2,1720.0
2025-10-16 10:39:00,32.8,32.8,32.8,32.8,0,22.298632,54600,1722.9,1720.0
2025-10-16 10:40:00,32.95,32.95,32.8,32.95,9800,22.151545,54600,1723.5,1720.0
2025-10-16 10:41:00,32.95,32.95,32.95,32.95,0,21.656442,54600,1724.6,1720.0
2025-10-16 10:42:00,32.95,32.95,32.95,32.95,0,21.47495,54600,1725.0,1720.0
2025-10-16 10:43:00,32.95,32.95,32.95,32.95,0,20.875824,54600,1726.3,1720.0
2025-10-16 10:44:00,36.35,36.35,32.95,35.75,11900,22.330988,54250,1728.0,1720.0
2025-10-16 10:45:00,35.8,35.8,35.75,35.8,350,22.653328,54250,1727.4,1720.0
2025-10-16 10:46:00,35.8,35.8,35.8,35.8,0,23.846254,54250,1724.8,1720.0
2025-10-16 10:47:00,35.8,35.8,35.8,35.8,0,23.57562,54250,1725.4,1720.0
2025-10-16 10:48:00,35.8,35.8,35.8,35.8,0,23.302837,54250,1726.0,1720.0
2025-10-16 10:49:00,35.8,35.8,35.8,35.8,0,23.440702,54250,1725.7,1720.0
2025-10-16 10:50:00,35.8,35.8,35.8,35.8,0,23.35018,54250,1725.9,1720.0
2025-10-16 10:51:00,35.8,35.8,35.8,35.8,0,23.305225,54250,1726.0,1720.0
2025-10-16 10:52:00,35.8,35.8,35.8,35.8,0,23.715633,54250,1725.1,1720.0
2025-10-16 10:53:00,35.8,35.8,35.8,35.8,0,23.443899,54250,1725.7,1720.0
2025-10-16 10:54:00,35.8,35.8,35.8,35.8,0,23.399065,54250,1725.8,1720.0
2025-10-16 10:55:00,35.8,35.8,35.8,35.8,0,23.354167,54250,1725.9,1720.0
2025-10-16 10:56:00,35.8,35.8,35.8,35.8,0,23.354964,54250,1725.9,1720.0
2025-10-16 10:57:00,35.8,35.8,35.8,35.8,0,23.401461,54250,1725.8,1720.0
2025-10-16 10:58:00,35.8,35.8,35.8,35.8,0,23.402261,54250,1725.8,1720.0
2025-10-16 10:59:00,35.8,35.8,35.8,35.8,0,23.035717,54250,1726.6,1720.0
2025-10-16 11:00:00,35.8,35.8,35.8,35.8,0,22.897704,54250,1726.9,1720.0
2025-10-16 11:01:00,35.95,35.95,35.8,35.95,12600,21.790803,53900,1729.5,1720.0
2025-10-16 11:02:00,35.95,35.95,35.95,35.95,0,21.695032,53900,1729.7,1720.0
2025-10-16 11:03:00,35.95,35.95,35.95,35.95,0,21.647407,53900,1729.8,1720.0
2025-10-16 11:04:00,35.95,35.95,35.95,35.95,0,21.793091,53900,1729.5,1720.0
2025-10-16 11:05:00,35.95,35.95,35.95,35.95,0,21.986,53900,1729.1,1720.0
2025-10-16 11:06:00,35.95,35.95,35.95,35.95,0,21.986768,53900,1729.1,1720.0
2025-10-16 11:07:00,35.95,35.95,35.95,35.95,0,21.553419,53900,1730.0,1720.0
2025-10-16 11:08:00,26.9,26.9,26.7,26.9,700,22.492857,242550,1730.5,1740.0
2025-10-16 11:09:00,26.9,26.9,26.9,26.9,49350,22.493608,242550,1730.5,1740.0
2025-10-16 11:10:00,27.0,27.0,26.9,27.0,1050,22.572952,242550,1730.5,1740.0
2025-10-16 11:11:00,35.95,35.95,35.95,35.95,0,21.55645,53900,1730.0,1720.0
2025-10-16 11:12:00,27.3,27.3,27.0,27.3,50750,22.810248,242550,1730.5,1740.0
2025-10-16 11:13:00,26.7,27.3,26.7,26.7,700,22.377764,242900,1730.4,1740.0
2025-10-16 11:14:00,35.95,35.95,35.95,35.95,0,21.800721,53550,1729.5,1720.0
2025-10-16 11:15:00,35.95,35.95,35.95,35.95,0,22.421715,53550,1728.2,1720.0
2025-10-16 11:16:00,35.95,35.95,35.95,35.95,0,22.280466,53550,1728.5,1720.0
2025-10-16 11:17:00,35.95,35.95,35.95,35.95,0,22.281242,53550,1728.5,1720.0
2025-10-16 11:18:00,35.95,35.95,35.95,35.95,0,22.424046,53550,1728.2,1720.0
2025-10-16 11:19:00,35.95,35.95,35.95,35.95,0,22.37755,53550,1728.3,1720.0
2025-10-16 11:20:00,35.95,35.95,35.95,35.95,0,22.519937,53550,1728.0,1720.0
2025-10-16 11:21:00,37.5,37.5,35.95,37.5,13300,23.580235,53550,1728.4,1720.0
2025-10-16 11:22:00,37.5,37.5,37.5,37.5,0,23.768476,53550,1728.0,1720.0
2025-10-16 11:23:00,37.5,37.5,37.5,37.5,0,24.141094,53550,1727.2,1720.0
2025-10-16 11:24:00,37.5,37.5,37.5,37.5,0,24.372293,53550,1726.7,1720.0
2025-10-16 11:25:00,37.5,37.5,37.5,37.5,0,24.281146,53550,1726.9,1720.0
2025-10-16 11:26:00,37.5,37.5,37.5,37.5,0,24.143558,53550,1727.2,1720.0
2025-10-16 11:27:00,37.5,37.5,37.5,37.5,0,23.538063,53550,1728.5,1720.0
2025-10-16 11:28:00,35.75,37.5,35.75,35.75,13650,22.646758,54250,1727.4,1720.0
2025-10-16 11:29:00,35.75,35.75,35.75,35.75,0,22.460024,54250,1727.8,1720.0
2025-10-16 11:30:00,35.75,35.75,35.75,35.75,0,22.366625,54250,1728.0,1720.0
2025-10-16 11:31:00,35.75,35.75,35.75,35.75,0,22.3674,54250,1728.0,1720.0
2025-10-16 11:32:00,35.75,35.75,35.75,35.75,0,22.60311,54250,1727.5,1720.0
2025-10-16 11:33:00,35.75,35.75,35.75,35.75,0,22.463137,54250,1727.8,1720.0
2025-10-16 11:34:00,35.75,35.75,35.75,35.75,0,22.32253,54250,1728.1,1720.0
2025-10-16 11:35:00,35.75,35.75,35.75,35.75,0,22.558604,54250,1727.6,1720.0
2025-10-16 11:36:00,35.75,35.75,35.75,35.75,0,22.653019,54250,1727.4,1720.0
2025-10-16 11:37:00,35.75,35.75,35.75,35.75,0,22.466253,54250,1727.8,1720.0
2025-10-16 11:38:00,35.75,35.75,35.75,35.75,0,21.89752,54250,1729.0,1720.0
2025-10-16 11:39:00,35.75,35.75,35.75,35.75,0,22.467809,54250,1727.8,1720.0
2025-10-16 11:40:00,35.75,35.75,35.75,35.75,0,22.468587,54250,1727.8,1720.0
2025-10-16 11:41:00,35.75,35.75,35.75,35.75,0,22.88987,54250,1726.9,1720.0
2025-10-16 11:42:00,35.75,35.75,35.75,35.75,0,22.657718,54250,1727.4,1720.0
2025-10-16 11:43:00,35.75,35.75,35.75,35.75,0,22.98416,54250,1726.7,1720.0
2025-10-16 11:44:00,35.75,35.75,35.75,35.75,0,22.659284,54250,1727.4,1720.0
2025-10-16 11:45:00,35.75,35.75,35.75,35.75,0,23.078205,54250,1726.5,1720.0
2025-10-16 11:46:00,35.75,35.75,35.75,35.75,0,23.30904,54250,1726.0,1720.0
2025-10-16 11:47:00,35.75,35.75,35.75,35.75,0,23.53834,54250,1725.5,1720.0
2025-10-16 11:48:00,35.75,35.75,35.75,35.75,0,23.264751,54250,1726.1,1720.0
2025-10-16 11:49:00,35.75,35.75,35.75,35.75,0,22.756595,54250,1727.2,1720.0
2025-10-16 11:50:00,35.75,35.75,35.75,35.75,0,22.89697,54250,1726.9,1720.0
2025-10-16 11:51:00,35.75,35.75,35.75,35.75,0,22.61797,54250,1727.5,1720.0
2025-10-16 11:52:00,35.75,35.75,35.75,35.75,0,22.944948,54250,1726.8,1720.0
2025-10-16 11:53:00,35.75,35.75,35.75,35.75,0,22.945738,54250,1726.8,1720.0
2025-10-16 11:54:00,35.75,35.75,35.75,35.75,0,22.667123,54250,1727.4,1720.0
2025-10-16 11:55:00,35.75,35.75,35.75,35.75,0,23.270336,54250,1726.1,1720.0
2025-10-16 11:56:00,35.75,35.75,35.75,35.75,0,23.772631,54250,1725.0,1720.0
2025-10-16 11:57:00,35.75,35.75,35.75,35.75,0,23.773441,54250,1725.0,1720.0
2025-10-16 11:58:00,35.65,35.75,35.65,35.65,15750,21.542791,54250,1729.6,1720.0
2025-10-16 11:59:00,35.65,35.65,35.65,35.65,0,22.962796,54250,1726.6,1720.0
2025-10-16 12:00:00,35.65,35.65,35.65,35.65,0,23.285894,54250,1725.9,1720.0
2025-10-16 12:01:00,35.65,35.65,35.65,35.65,0,23.102895,54250,1726.3,1720.0
2025-10-16 12:02:00,35.65,35.65,35.65,35.65,0,23.149732,54250,1726.2,1720.0
2025-10-16 12:03:00,35.65,35.65,35.65,35.65,0,23.104481,54250,1726.3,1720.0
2025-10-16 12:04:00,35.65,35.65,35.65,35.65,0,22.920446,54250,1726.7,1720.0
2025-10-16 12:05:00,35.65,35.65,35.65,35.65,0,22.735362,54250,1727.1,1720.0
2025-10-16 12:06:00,35.65,35.65,35.65,35.65,0,21.790047,54250,1729.1,1720.0
2025-10-16 12:07:00,35.65,35.65,35.65,35.65,0,21.934595,54250,1728.8,1720.0
2025-10-16 12:08:00,35.65,35.65,35.65,35.65,0,21.598777,54250,1729.5,1720.0
2025-10-16 12:09:00,35.65,35.65,35.65,35.65,0,22.174274,54250,1728.3,1720.0
2025-10-16 12:10:00,35.65,35.65,35.65,35.65,0,21.793106,54250,1729.1,1720.0
2025-10-16 12:11:00,35.65,35.65,35.65,35.65,0,22.553105,54250,1727.5,1720.0
2025-10-16 12:12:00,24.85,24.85,24.85,24.85,0,20.773572,244300,1730.9,1740.0
2025-10-16 12:13:00,24.85,24.85,24.85,24.85,0,21.00417,244300,1730.3,1740.0
2025-10-16 12:14:00,35.65,35.65,35.65,35.65,0,21.360503,54250,1730.0,1720.0
2025-10-16 12:15:00,25.95,25.95,24.85,25.95,63000,21.833671,244300,1730.4,1740.0
2025-10-16 12:16:00,25.95,25.95,25.95,25.95,0,21.910994,244300,1730.2,1740.0
2025-10-16 12:17:00,25.95,25.95,25.95,25.95,0,21.71998,244300,1730.7,1740.0
2025-10-16 12:18:00,25.95,25.95,25.95,25.95,0,21.643748,244300,1730.9,1740.0
2025-10-16 12:19:00,25.95,25.95,25.95,25.95,0,21.913207,244300,1730.2,1740.0
2025-10-16 12:20:00,36.4,36.4,35.65,36.4,16450,22.929671,55300,1728.0,1720.0
2025-10-16 12:21:00,36.4,36.4,36.4,36.4,0,22.456461,55300,1729.0,1720.0
2025-10-16 12:22:00,36.4,36.4,36.4,36.4,0,22.409447,55300,1729.1,1720.0
2025-10-16 12:23:00,36.4,36.4,36.4,36.4,0,22.790583,55300,1728.3,1720.0
2025-10-16 12:24:00,36.4,36.4,36.4,36.4,0,22.8386,55300,1728.2,1720.0
2025-10-16 12:25:00,36.4,36.4,36.4,36.4,0,22.6975,55300,1728.5,1720.0
2025-10-16 12:26:00,36.4,36.4,36.4,36.4,0,22.172447,55300,1729.6,1720.0
2025-10-16 12:27:00,36.4,36.4,36.4,36.4,0,22.55654,55300,1728.8,1720.0
2025-10-16 12:28:00,36.4,36.4,36.4,36.4,0,22.652424,55300,1728.6,1720.0
2025-10-16 12:29:00,25.25,25.25,25.25,25.25,0,21.36898,244300,1730.2,1740.0
2025-10-16 12:30:00,36.4,36.4,36.4,36.4,0,22.223733,55300,1729.5,1720.0
2025-10-16 12:31:00,36.4,36.4,36.4,36.4,0,22.9384,55300,1728.0,1720.0
2025-10-16 12:32:00,36.4,36.4,36.4,36.4,0,22.750393,55300,1728.4,1720.0
2025-10-16 12:33:00,36.4,36.4,36.4,36.4,0,23.638496,55300,1726.5,1720.0
2025-10-16 12:34:00,36.4,36.4,36.4,36.4,0,23.685365,55300,1726.4,1720.0
2025-10-16 12:35:00,36.4,36.4,36.4,36.4,0,23.45526,55300,1726.9,1720.0
2025-10-16 12:36:00,36.4,36.4,36.4,36.4,0,23.316753,55300,1727.2,1720.0
2025-10-16 12:37:00,36.4,36.4,36.4,36.4,0,23.641738,55300,1726.5,1720.0
2025-10-16 12:38:00,36.4,36.4,36.4,36.4,0,23.734612,55300,1726.3,1720.0
2025-10-16 12:39:00,36.4,36.4,36.4,36.4,0,23.735424,55300,1726.3,1720.0
2025-10-16 12:40:00,36.4,36.4,36.4,36.4,0,23.736236,55300,1726.3,1720.0
2025-10-16 12:41:00,36.4,36.4,36.4,36.4,0,23.73705,55300,1726.3,1720.0
2025-10-16 12:42:00,36.4,36.4,36.4,36.4,0,23.645792,55300,1726.5,1720.0
2025-10-16 12:43:00,36.4,36.4,36.4,36.4,0,23.784622,55300,1726.2,1720.0
2025-10-16 12:44:00,36.4,36.4,36.4,36.4,0,23.739489,55300,1726.3,1720.0
2025-10-16 12:45:00,36.4,36.4,36.4,36.4,0,23.740303,55300,1726.3,1720.0
2025-10-16 12:46:00,36.4,36.4,36.4,36.4,0,23.741115,55300,1726.3,1720.0
2025-10-16 12:47:00,36.4,36.4,36.4,36.4,0,23.741928,55300,1726.3,1720.0
2025-10-16 12:48:00,36.4,36.4,36.4,36.4,0,23.880413,55300,1726.0,1720.0
2025-10-16 12:49:00,36.4,36.4,36.4,36.4,0,23.789509,55300,1726.2,1720.0
2025-10-16 12:50:00,36.4,36.4,36.4,36.4,0,23.652281,55300,1726.5,1720.0
2025-10-16 12:51:00,36.4,36.4,36.4,36.4,0,23.928636,55300,1725.9,1720.0
2025-10-16 12:52:00,36.4,36.4,36.4,36.4,0,23.97517,55300,1725.8,1720.0
2025-10-16 12:53:00,36.4,36.4,36.4,36.4,0,23.562374,55300,1726.7,1720.0
2025-10-16 12:54:00,36.4,36.4,36.4,36.4,0,23.470587,55300,1726.9,1720.0
2025-10-16 12:55:00,35.9,36.4,35.9,35.9,17850,22.45936,55650,1728.2,1720.0
2025-10-16 12:56:00,35.9,35.9,35.9,35.9,0,22.789912,55650,1727.5,1720.0
2025-10-16 12:57:00,35.9,35.9,35.9,35.9,0,22.977643,55650,1727.1,1720.0
2025-10-16 12:58:00,35.9,35.9,35.9,35.9,0,22.931801,55650,1727.2,1720.0
2025-10-16 12:59:00,35.9,35.9,35.9,35.9,0,21.937106,55650,1729.3,1720.0
2025-10-16 13:00:00,26.9,27.45,25.95,27.45,6650,22.856625,245350,1730.9,1740.0
2025-10-16 13:01:00,26.55,27.45,26.55,26.55,73850,22.455767,245350,1730.1,1740.0
2025-10-16 13:02:00,38.0,38.0,38.0,38.0,0,23.305296,55650,1730.0,1720.0
2025-10-16 13:03:00,36.5,38.0,36.5,36.5,21000,23.325753,55300,1727.4,1720.0
2025-10-16 13:04:00,36.5,36.5,36.5,36.5,0,23.973765,55300,1726.0,1720.0
2025-10-16 13:05:00,36.5,36.5,36.5,36.5,0,22.99902,55300,1728.1,1720.0
2025-10-16 13:06:00,36.5,36.5,36.5,36.5,0,22.999818,55300,1728.1,1720.0
2025-10-16 13:07:00,36.5,36.5,36.5,36.5,0,22.573483,55300,1729.0,1720.0
2025-10-16 13:08:00,36.8,36.8,36.5,36.8,21700,22.81711,56700,1729.0,1720.0
2025-10-16 13:09:00,36.6,36.8,36.6,36.6,350,22.751384,56700,1728.8,1720.0
2025-10-16 13:10:00,36.6,36.6,36.6,36.6,0,23.967275,56700,1726.2,1720.0
2025-10-16 13:11:00,36.6,36.6,36.6,36.6,0,24.105552,56700,1725.9,1720.0
2025-10-16 13:12:00,36.6,36.6,36.6,36.6,0,23.922977,56700,1726.3,1720.0
2025-10-16 13:13:00,36.6,36.6,36.6,36.6,0,24.4712,56700,1725.1,1720.0
2025-10-16 13:14:00,36.6,36.6,36.6,36.6,0,24.335959,56700,1725.4,1720.0
2025-10-16 13:15:00,36.6,36.6,36.6,36.6,0,25.981806,56700,1721.7,1720.0
2025-10-16 13:16:00,36.6,36.6,36.6,36.6,0,25.456739,56700,1722.9,1720.0
2025-10-16 13:17:00,36.6,36.6,36.6,36.6,0,25.457596,56700,1722.9,1720.0
2025-10-16 13:18:00,36.6,36.6,36.6,36.6,0,25.237234,56700,1723.4,1720.0
2025-10-16 13:19:00,36.6,36.6,36.6,36.6,0,26.289001,56700,1721.0,1720.0
2025-10-16 13:20:00,31.6,36.6,31.6,31.6,22750,23.078003,57050,1719.2,1720.0
2025-10-16 13:21:00,31.6,31.6,31.6,31.6,0,21.01195,57050,1723.9,1720.0
2025-10-16 13:22:00,31.6,31.6,31.6,31.6,0,22.171597,57050,1721.3,1720.0
2025-10-16 13:23:00,31.6,31.6,31.6,31.6,0,21.775826,57050,1722.2,1720.0
2025-10-16 13:24:00,31.6,31.6,31.6,31.6,0,21.99746,57050,1721.7,1720.0
2025-10-16 13:25:00,31.6,31.6,31.6,31.6,0,21.998218,57050,1721.7,1720.0
2025-10-16 13:26:00,31.6,31.6,31.6,31.6,0,21.286826,57050,1723.3,1720.0
2025-10-16 13:27:00,31.6,31.6,31.6,31.6,0,20.879875,57050,1724.2,1720.0
2025-10-16 13:28:00,34.05,34.05,31.6,34.05,23100,22.48315,56700,1725.0,1720.0
2025-10-16 13:29:00,34.05,34.05,34.05,34.05,0,22.483929,56700,1725.0,1720.0
2025-10-16 13:30:00,34.05,34.05,34.05,34.05,0,22.484708,56700,1725.0,1720.0
2025-10-16 13:31:00,34.05,34.05,34.05,34.05,0,24.134802,56700,1721.3,1720.0
2025-10-16 13:32:00,34.05,34.05,34.05,34.05,0,24.611972,56700,1720.2,1720.0
2025-10-16 13:33:00,34.05,34.05,34.05,34.05,0,23.830156,56700,1722.0,1720.0
2025-10-16 13:34:00,34.05,34.05,34.05,34.05,0,22.986362,56700,1723.9,1720.0
2025-10-16 13:35:00,34.0,34.05,34.0,34.0,23450,23.216031,57050,1723.3,1720.0
2025-10-16 13:36:00,34.0,34.0,34.0,34.0,0,22.44922,57050,1725.0,1720.0
2025-10-16 13:37:00,34.0,34.0,34.0,34.0,0,22.449998,57050,1725.0,1720.0
2025-10-16 13:38:00,34.0,34.0,34.0,34.0,0,22.450776,57050,1725.0,1720.0
2025-10-16 13:39:00,34.0,34.0,34.0,34.0,0,22.176342,57050,1725.6,1720.0
2025-10-16 13:40:00,34.0,34.0,34.0,34.0,0,22.452332,57050,1725.0,1720.0
2025-10-16 13:41:00,34.0,34.0,34.0,34.0,0,22.45311,57050,1725.0,1720.0
2025-10-16 13:42:00,34.0,34.0,34.0,34.0,0,22.316565,57050,1725.3,1720.0
2025-10-16 13:43:00,34.0,34.0,34.0,34.0,0,22.179431,57050,1725.6,1720.0
2025-10-16 13:44:00,34.0,34.0,34.0,34.0,0,22.363957,57050,1725.2,1720.0
2025-10-16 13:45:00,34.0,34.0,34.0,34.0,0,22.272984,57050,1725.4,1720.0
2025-10-16 13:46:00,34.0,34.0,34.0,34.0,0,22.457004,57050,1725.0,1720.0
2025-10-16 13:47:00,34.0,34.0,34.0,34.0,0,22.274533,57050,1725.4,1720.0
2025-10-16 13:48:00,34.0,34.0,34.0,34.0,0,22.458561,57050,1725.0,1720.0
2025-10-16 13:49:00,34.0,34.0,34.0,34.0,0,22.459341,57050,1725.0,1720.0
2025-10-16 13:50:00,34.0,34.0,34.0,34.0,0,22.230878,57050,1725.5,1720.0
2025-10-16 13:51:00,34.0,34.0,34.0,34.0,0,22.369393,57050,1725.2,1720.0
2025-10-16 13:52:00,34.0,34.0,34.0,34.0,0,22.461677,57050,1725.0,1720.0
2025-10-16 13:53:00,34.0,34.0,34.0,34.0,0,22.462456,57050,1725.0,1720.0
2025-10-16 13:54:00,34.0,34.0,34.0,34.0,0,22.463234,57050,1725.0,1720.0
2025-10-16 13:55:00,34.0,34.0,34.0,34.0,0,22.464014,57050,1725.0,1720.0
2025-10-16 13:56:00,34.0,34.0,34.0,34.0,0,22.281504,57050,1725.4,1720.0
2025-10-16 13:57:00,34.0,34.0,34.0,34.0,0,22.419844,57050,1725.1,1720.0
2025-10-16 13:58:00,34.0,34.0,34.0,34.0,0,22.374832,57050,1725.2,1720.0
2025-10-16 13:59:00,34.0,34.0,34.0,34.0,0,22.375609,57050,1725.2,1720.0
2025-10-16 14:00:00,34.0,34.0,34.0,34.0,0,22.284605,57050,1725.4,1720.0
2025-10-16 14:01:00,34.0,34.0,34.0,34.0,0,22.101027,57050,1725.8,1720.0
2025-10-16 14:02:00,34.0,34.0,34.0,34.0,0,22.101799,57050,1725.8,1720.0
2025-10-16 14:03:00,34.0,34.0,34.0,34.0,0,22.148758,57050,1725.7,1720.0
2025-10-16 14:04:00,34.0,34.0,34.0,34.0,0,21.964364,57050,1726.1,1720.0
2025-10-16 14:05:00,34.0,34.0,34.0,34.0,0,22.426073,57050,1725.1,1720.0
2025-10-16 14:06:00,34.0,34.0,34.0,34.0,0,21.356351,57050,1727.4,1720.0
2025-10-16 14:07:00,34.0,34.0,34.0,34.0,0,21.023689,57050,1728.1,1720.0
2025-10-16 14:08:00,34.0,34.0,34.0,34.0,0,20.88036,57050,1728.4,1720.0
2025-10-16 14:09:00,34.0,34.0,34.0,34.0,0,22.060933,57050,1725.9,1720.0
2025-10-16 14:10:00,34.0,34.0,34.0,34.0,0,21.968973,57050,1726.1,1720.0
2025-10-16 14:11:00,34.0,34.0,34.0,34.0,0,22.476488,57050,1725.0,1720.0
2025-10-16 14:12:00,34.0,34.0,34.0,34.0,0,22.477269,57050,1725.0,1720.0
2025-10-16 14:13:00,34.0,34.0,34.0,34.0,0,22.478049,57050,1725.0,1720.0
2025-10-16 14:14:00,31.95,34.0,31.95,31.95,23800,22.050286,57050,1722.3,1720.0
2025-10-16 14:15:00,31.95,31.95,31.95,31.95,0,21.82836,57050,1722.8,1720.0
2025-10-16 14:16:00,31.95,31.95,31.95,31.95,0,21.739618,57050,1723.0,1720.0
2025-10-16 14:17:00,31.95,31.95,31.95,31.95,0,21.785157,57050,1722.9,1720.0
2025-10-16 14:18:00,31.95,31.95,31.95,31.95,0,21.74113,57050,1723.0,1720.0
2025-10-16 14:19:00,31.95,31.95,31.95,31.95,0,21.652135,57050,1723.2,1720.0
2025-10-16 14:20:00,31.95,31.95,31.95,31.95,0,21.017399,57050,1724.6,1720.0
2025-10-16 14:21:00,31.95,31.95,31.95,31.95,0,20.880247,57050,1724.9,1720.0
2025-10-16 14:22:00,31.95,31.95,31.95,31.95,0,20.788702,57050,1725.1,1720.0
2025-10-16 14:23:00,31.95,31.95,31.95,31.95,0,22.278427,57050,1721.8,1720.0
2025-10-16 14:24:00,31.95,31.95,31.95,31.95,0,22.0135,57050,1722.4,1720.0
2025-10-16 14:25:00,31.95,31.95,31.95,31.95,0,21.969776,57050,1722.5,1720.0
2025-10-16 14:26:00,31.95,31.95,31.95,31.95,0,22.059458,57050,1722.3,1720.0
2025-10-16 14:27:00,31.95,31.95,31.95,31.95,0,21.971303,57050,1722.5,1720.0
2025-10-16 14:28:00,31.95,31.95,31.95,31.95,0,22.105362,57050,1722.2,1720.0
2025-10-16 14:29:00,31.05,31.95,31.05,31.05,24150,21.251358,57050,1722.5,1720.0
2025-10-16 14:30:00,31.05,31.05,31.05,31.05,0,21.252098,57050,1722.5,1720.0
2025-10-16 14:31:00,32.3,32.3,31.05,32.3,24500,21.94205,56700,1723.2,1720.0
2025-10-16 14:32:00,32.3,32.3,32.3,32.3,0,21.308027,56700,1724.6,1720.0
2025-10-16 14:33:00,32.3,32.3,32.3,32.3,0,21.171066,56700,1724.9,1720.0
2025-10-16 14:34:00,33.7,33.7,32.3,33.7,25200,21.558685,57050,1726.5,1720.0
2025-10-16 14:35:00,33.7,33.7,33.7,33.7,0,21.60622,57050,1726.4,1720.0
2025-10-16 14:36:00,33.7,33.7,33.7,33.7,0,21.466435,57050,1726.7,1720.0
2025-10-16 14:37:00,33.7,33.7,33.7,33.7,0,21.46719,57050,1726.7,1720.0
2025-10-16 14:38:00,33.7,33.7,33.7,33.7,0,21.887699,57050,1725.8,1720.0
2025-10-16 14:39:00,33.7,33.7,33.7,33.7,0,21.934758,57050,1725.7,1720.0
2025-10-16 14:40:00,33.7,33.7,33.7,33.7,0,21.935525,57050,1725.7,1720.0
2025-10-16 14:41:00,33.7,33.7,33.7,33.7,0,21.563998,57050,1726.5,1720.0
2025-10-16 14:42:00,33.7,33.7,33.7,33.7,0,21.564757,57050,1726.5,1720.0
2025-10-16 14:43:00,33.7,33.7,33.7,33.7,0,20.950603,57050,1727.8,1720.0
2025-10-16 14:44:00,33.7,33.7,33.7,33.7,0,21.519419,57050,1726.6,1720.0
2025-10-16 14:45:00,33.7,33.7,33.7,33.7,0,20.856334,57050,1728.0,1720.0
2025-10-16 14:46:00,33.7,33.7,33.7,33.7,0,20.616261,57050,1728.5,1720.0
2025-10-16 14:47:00,33.7,33.7,33.7,33.7,0,20.520091,57050,1728.7,1720.0
2025-10-16 14:48:00,33.7,33.7,33.7,33.7,0,20.617737,57050,1728.5,1720.0
2025-10-16 14:49:00,33.7,33.7,33.7,33.7,0,21.145668,57050,1727.4,1720.0
2025-10-16 14:50:00,33.7,33.7,33.7,33.7,0,21.241253,57050,1727.2,1720.0
2025-10-16 14:51:00,33.7,33.7,33.7,33.7,0,20.908721,57050,1727.9,1720.0
2025-10-16 14:52:00,33.7,33.7,33.7,33.7,0,21.147917,57050,1727.4,1720.0
2025-10-16 14:53:00,33.7,33.7,33.7,33.7,0,21.148667,57050,1727.4,1720.0
2025-10-16 14:54:00,33.7,33.7,33.7,33.7,0,21.946281,57050,1725.7,1720.0
2025-10-16 14:55:00,33.7,33.7,33.7,33.7,0,21.714813,57050,1726.2,1720.0
2025-10-16 14:56:00,33.7,33.7,33.7,33.7,0,21.008069,57050,1727.7,1720.0
2025-10-16 14:57:00,33.7,33.7,33.7,33.7,0,21.902274,57050,1725.8,1720.0
2025-10-16 14:58:00,33.7,33.7,33.7,33.7,0,21.576913,57050,1726.5,1720.0
2025-10-16 14:59:00,33.7,33.7,33.7,33.7,0,21.624475,57050,1726.4,1720.0
2025-10-16 15:00:00,33.7,33.7,33.7,33.7,0,21.765221,57050,1726.1,1720.0
2025-10-16 15:01:00,33.7,33.7,33.7,33.7,0,21.765985,57050,1726.1,1720.0
2025-10-16 15:02:00,33.7,33.7,33.7,33.7,0,22.183016,57050,1725.2,1720.0
2025-10-16 15:03:00,33.7,33.7,33.7,33.7,0,22.091753,57050,1725.4,1720.0
2025-10-16 15:04:00,33.7,33.7,33.7,33.7,0,22.092527,57050,1725.4,1720.0
2025-10-16 15:05:00,33.7,33.7,33.7,33.7,0,22.093299,57050,1725.4,1720.0
2025-10-16 15:06:00,33.7,33.7,33.7,33.7,0,22.094071,57050,1725.4,1720.0
2025-10-16 15:07:00,33.7,33.7,33.7,33.7,0,22.094844,57050,1725.4,1720.0
2025-10-16 15:08:00,33.7,33.7,33.7,33.7,0,22.141674,56700,1725.3,1720.0
2025-10-16 15:09:00,33.7,33.7,33.7,33.7,0,21.538395,56700,1726.6,1720.0
2025-10-16 15:10:00,33.7,33.7,33.7,33.7,0,21.58604,56700,1726.5,1720.0
2025-10-16 15:11:00,33.7,33.7,33.7,33.7,0,21.16218,56700,1727.4,1720.0
2025-10-16 15:12:00,33.7,33.7,33.7,33.7,0,21.115375,56700,1727.5,1720.0
2025-10-16 15:13:00,33.7,33.7,33.7,33.7,0,21.116124,56700,1727.5,1720.0
2025-10-16 15:14:00,33.7,33.7,33.7,33.7,0,20.925862,56700,1727.9,1720.0
2025-10-16 15:15:00,33.7,33.7,33.7,33.7,0,21.495992,56700,1726.7,1720.0
2025-10-16 15:16:00,33.7,33.7,33.7,33.7,0,21.118375,56700,1727.5,1720.0
2025-10-16 15:17:00,33.7,33.7,33.7,33.7,0,21.071487,56700,1727.6,1720.0
2025-10-16 15:18:00,33.7,33.7,33.7,33.7,0,21.119876,56700,1727.5,1720.0
2025-10-16 15:19:00,24.0,24.0,24.0,24.0,0,20.387808,241850,1730.5,1740.0
2025-10-16 15:20:00,33.7,33.7,33.7,33.7,0,20.349414,56700,1729.1,1720.0
2025-10-16 15:21:00,33.7,33.7,33.7,33.7,0,21.687995,56700,1726.3,1720.0
2025-10-16 15:22:00,33.7,33.7,33.7,33.7,0,21.828605,56700,1726.0,1720.0
2025-10-16 15:23:00,33.7,33.7,33.7,33.7,0,20.884617,56700,1728.0,1720.0
2025-10-16 15:24:00,35.6,35.6,33.7,35.6,25900,21.65947,56700,1729.6,1720.0
2025-10-16 15:25:00,35.6,35.6,35.6,35.6,0,21.562735,56700,1729.8,1720.0
2025-10-16 15:26:00,35.6,35.6,35.6,35.6,0,22.619109,56700,1727.6,1720.0
2025-10-16 15:27:00,35.6,35.6,35.6,35.6,0,22.995117,56700,1726.8,1720.0
2025-10-16 15:28:00,24.95,24.95,24.8,24.95,110950,21.299959,241850,1730.1,1740.0
2025-10-16 15:29:00,35.7,35.7,35.6,35.7,26250,22.655294,57050,1727.7,1720.0
2025-10-17 09:15:00,25.1,25.15,25.1,25.15,700,19.05097,57050,1718.5,1720.0
2025-10-17 09:16:00,25.15,25.15,25.15,25.15,0,17.745783,57050,1721.4,1720.0
2025-10-17 09:17:00,25.15,25.15,25.15,25.15,0,18.564125,57050,1719.6,1720.0
2025-10-17 09:18:00,27.0,27.0,25.15,27.0,1050,21.829048,56700,1715.6,1720.0
2025-10-17 09:19:00,29.0,29.0,27.0,29.0,350,21.921975,56700,1719.2,1720.0
2025-10-17 09:20:00,29.0,29.0,29.0,29.0,0,21.027808,56700,1721.2,1720.0
2025-10-17 09:21:00,29.0,29.0,29.0,29.0,0,20.061174,56700,1723.3,1720.0
2025-10-17 09:22:00,31.85,31.85,29.0,31.85,2100,22.65736,56350,1722.8,1720.0
2025-10-17 09:23:00,31.85,31.85,31.85,31.85,0,22.612175,56350,1722.9,1720.0
2025-10-17 09:24:00,31.85,31.85,31.85,31.85,2800,23.161226,56350,1721.7,1720.0
2025-10-17 09:25:00,31.85,31.85,31.85,31.85,0,23.835799,56350,1720.2,1720.0
2025-10-17 09:26:00,31.85,31.85,31.85,31.85,0,23.523779,56350,1720.9,1720.0
2025-10-17 09:27:00,31.1,31.85,31.1,31.1,3500,23.83707,57050,1718.8,1720.0
2025-10-17 09:28:00,31.15,31.15,31.1,31.15,350,22.947097,56700,1720.9,1720.0
2025-10-17 09:29:00,31.0,31.15,31.0,31.0,4550,23.270871,56700,1719.9,1720.0
2025-10-17 09:30:00,32.0,32.0,31.0,32.0,700,24.274236,56700,1719.5,1720.0
2025-10-17 09:31:00,32.0,32.0,32.0,32.0,0,24.539119,57050,1718.9,1720.0
2025-10-17 09:32:00,32.0,32.0,32.0,32.0,0,24.496119,57050,1719.0,1720.0
2025-10-17 09:33:00,30.05,32.0,30.05,30.05,7350,23.063606,57050,1718.6,1720.0
2025-10-17 09:34:00,30.05,30.05,30.05,30.05,0,22.535078,57050,1719.8,1720.0
2025-10-17 09:35:00,30.05,30.05,30.05,30.05,0,22.446909,57050,1720.0,1720.0
2025-10-17 09:36:00,30.05,30.05,30.05,30.05,0,22.403152,58100,1720.1,1720.0
2025-10-17 09:37:00,30.05,30.05,30.05,30.05,0,22.58196,58100,1719.7,1720.0
2025-10-17 09:38:00,30.05,30.05,30.05,30.05,0,22.22589,58100,1720.5,1720.0
2025-10-17 09:39:00,30.05,30.05,30.05,30.05,0,22.405608,58100,1720.1,1720.0
2025-10-17 09:40:00,30.05,30.05,30.05,30.05,0,22.13772,58100,1720.7,1720.0
2025-10-17 09:41:00,30.05,30.05,30.05,30.05,0,22.273149,58100,1720.4,1720.0
2025-10-17 09:42:00,30.05,30.05,30.05,30.05,0,21.088904,58100,1723.0,1720.0
2025-10-17 09:43:00,31.45,31.45,30.05,31.45,8400,23.476318,58450,1720.3,1720.0
2025-10-17 09:44:00,31.45,31.45,31.45,31.45,0,23.655204,58450,1719.9,1720.0
2025-10-17 09:45:00,31.45,31.45,31.45,31.45,0,24.009646,58450,1719.1,1720.0
2025-10-17 09:46:00,31.45,31.45,31.45,31.45,0,24.142276,58450,1718.8,1720.0
2025-10-17 09:47:00,30.05,31.45,30.05,30.05,8750,22.943651,58450,1718.9,1720.0
2025-10-17 09:48:00,30.05,30.05,30.05,30.05,0,23.03232,58450,1718.7,1720.0
2025-10-17 09:49:00,30.0,30.05,30.0,30.0,9100,23.859273,58100,1716.7,1720.0
2025-10-17 09:50:00,30.0,30.0,30.0,30.0,0,23.688198,58100,1717.1,1720.0
2025-10-17 09:51:00,28.2,30.0,28.2,28.2,9450,22.63268,58100,1716.1,1720.0
2025-10-17 09:52:00,28.2,28.2,28.2,28.2,0,22.204847,58100,1717.1,1720.0
2025-10-17 09:53:00,28.2,28.2,28.2,28.2,0,21.902578,58100,1717.8,1720.0
2025-10-17 09:54:00,28.2,28.2,28.2,28.2,0,21.990236,58100,1717.6,1720.0
2025-10-17 09:55:00,29.2,29.2,28.2,29.2,9800,22.989269,58800,1717.2,1720.0
2025-10-17 09:56:00,29.2,29.2,29.2,29.2,0,22.337196,58800,1718.7,1720.0
2025-10-17 09:57:00,29.2,29.2,29.2,29.2,0,21.71771,58800,1720.1,1720.0
2025-10-17 09:58:00,31.95,33.0,29.2,33.0,11550,21.754579,59150,1726.8,1720.0
2025-10-17 09:59:00,23.55,23.65,23.55,23.55,350,19.474939,242900,1733.9,1740.0
2025-10-17 10:00:00,27.05,27.05,23.55,27.0,84700,22.125902,242900,1734.3,1740.0
2025-10-17 10:01:00,27.2,27.2,26.8,27.05,5950,22.250042,266350,1734.1,1740.0
2025-10-17 10:02:00,27.5,27.5,26.0,26.4,90300,21.761647,266350,1734.0,1740.0
2025-10-17 10:03:00,27.4,27.7,26.4,26.95,8050,22.128805,266350,1734.2,1740.0
2025-10-17 10:04:00,26.55,26.95,26.5,26.5,92400,22.53836,269850,1732.3,1740.0
2025-10-17 10:05:00,26.45,27.2,26.45,27.0,10850,21.462869,269850,1735.9,1740.0
2025-10-17 10:06:00,26.85,27.45,26.85,27.45,93450,22.2075,269850,1735.0,1740.0
2025-10-17 10:07:00,27.0,27.45,27.0,27.15,12600,22.212581,270900,1734.4,1740.0
2025-10-17 10:08:00,25.05,27.15,25.05,25.95,105350,21.192784,270900,1734.5,1740.0
2025-10-17 10:09:00,26.6,26.6,25.95,26.4,13650,21.560771,271600,1734.5,1740.0
2025-10-17 10:10:00,26.4,26.4,26.3,26.3,106050,21.891629,271600,1733.5,1740.0
2025-10-17 10:11:00,25.95,26.3,25.95,26.25,15400,21.522633,271600,1734.3,1740.0
2025-10-17 10:12:00,25.9,26.25,25.9,25.9,107450,20.822416,271600,1735.3,1740.0
2025-10-17 10:13:00,25.9,25.9,25.9,25.9,0,20.697614,271600,1735.6,1740.0
2025-10-17 10:14:00,25.9,25.9,25.9,25.9,0,21.239317,271600,1734.3,1740.0
2025-10-17 10:15:00,26.4,26.4,25.9,26.4,123550,21.648207,271600,1734.3,1740.0
2025-10-17 10:16:00,26.3,26.4,26.3,26.3,2100,21.443229,271950,1734.6,1740.0
2025-10-17 10:17:00,26.05,27.2,26.05,27.2,131600,22.012342,271950,1735.0,1740.0
2025-10-17 10:18:00,27.2,27.2,27.2,27.2,0,21.971461,271950,1735.1,1740.0
2025-10-17 10:19:00,27.0,27.2,25.4,25.4,135450,21.651574,270550,1732.3,1740.0
2025-10-17 10:20:00,25.4,28.0,25.4,28.0,2450,22.164314,270550,1736.2,1740.0
2025-10-17 10:21:00,28.25,28.25,27.65,27.65,137200,22.005953,270550,1735.9,1740.0
2025-10-17 10:22:00,27.9,28.9,27.65,28.9,7700,22.347464,270550,1737.5,1740.0
2025-10-17 10:23:00,28.5,28.9,27.5,27.5,138600,21.290939,270550,1737.3,1740.0
2025-10-17 10:24:00,27.5,27.5,27.5,27.5,0,21.248893,270550,1737.4,1740.0
2025-10-17 10:25:00,27.5,27.5,27.5,27.5,0,21.206791,270550,1737.5,1740.0
2025-10-17 10:26:00,28.4,28.4,27.5,28.4,147350,21.899562,269850,1737.6,1740.0
2025-10-17 10:27:00,28.4,28.4,28.4,28.4,0,21.728215,269850,1738.0,1740.0
2025-10-17 10:28:00,28.0,28.4,28.0,28.0,151200,22.423371,269850,1735.6,1740.0
2025-10-17 10:29:00,28.0,28.0,28.0,28.0,0,22.924402,269850,1734.4,1740.0
2025-10-17 10:30:00,28.0,28.0,28.0,28.0,0,22.675928,269850,1735.0,1740.0
2025-10-17 10:31:00,28.0,28.0,28.0,28.0,0,22.884618,269850,1734.5,1740.0
2025-10-17 10:32:00,26.5,28.0,26.5,26.5,152950,21.660533,269500,1734.5,1740.0
2025-10-17 10:33:00,27.1,27.1,26.5,27.1,350,21.901818,269500,1735.1,1740.0
2025-10-17 10:34:00,26.5,27.1,26.5,26.5,153300,21.37096,269500,1735.2,1740.0
2025-10-17 10:35:00,26.0,26.5,26.0,26.0,1400,21.625437,269500,1733.6,1740.0
2025-10-17 10:36:00,26.0,26.0,26.0,26.0,0,20.16157,269500,1737.1,1740.0
2025-10-17 10:37:00,26.0,26.0,26.0,26.0,0,19.818453,269500,1737.9,1740.0
2025-10-17 10:38:00,26.0,26.0,26.0,26.0,0,20.120283,269500,1737.2,1740.0
2025-10-17 10:39:00,26.0,26.0,26.0,26.0,0,19.776688,269500,1738.0,1740.0
2025-10-17 10:40:00,26.0,26.0,26.0,26.0,0,19.99308,269500,1737.5,1740.0
2025-10-17 10:41:00,26.0,26.0,26.0,26.0,0,20.378429,269500,1736.6,1740.0
2025-10-17 10:42:00,28.05,28.05,26.0,28.05,156100,21.54044,269850,1737.8,1740.0
2025-10-17 10:43:00,28.5,28.5,28.05,28.5,700,22.209007,270200,1737.1,1740.0
2025-10-17 10:44:00,28.5,28.5,28.5,28.5,0,22.209819,270200,1737.1,1740.0
2025-10-17 10:45:00,28.5,28.5,28.5,28.5,0,22.167909,270200,1737.2,1740.0
2025-10-17 10:46:00,28.5,28.5,28.5,28.5,0,22.254115,270200,1737.0,1740.0
2025-10-17 10:47:00,28.5,28.5,28.5,28.5,0,22.382651,270550,1736.7,1740.0
2025-10-17 10:48:00,27.4,28.5,27.4,27.4,157850,21.949581,270550,1735.6,1740.0
2025-10-17 10:49:00,27.4,27.4,27.4,27.4,0,21.90838,270550,1735.7,1740.0
2025-10-17 10:50:00,27.6,27.6,27.4,27.6,159250,21.692348,270200,1736.6,1740.0
2025-10-17 10:51:00,28.0,28.6,27.6,28.6,700,21.345195,270200,1739.3,1740.0
2025-10-17 10:52:00,28.95,28.95,28.6,28.95,159600,22.024708,270200,1738.4,1740.0
2025-10-17 10:53:00,28.95,28.95,28.95,28.95,1050,22.068848,270200,1738.3,1740.0
2025-10-17 10:54:00,28.65,28.95,28.65,28.65,160300,21.910941,270200,1738.1,1740.0
2025-10-17 10:55:00,28.65,28.65,28.65,28.65,0,21.476895,270200,1739.1,1740.0
2025-10-17 10:56:00,28.65,28.65,28.65,28.65,0,21.82601,270200,1738.3,1740.0
2025-10-17 10:57:00,28.9,28.9,28.65,28.9,163100,22.031209,270200,1738.3,1740.0
2025-10-17 10:58:00,29.95,29.95,28.9,29.95,11200,22.235604,271250,1739.8,1740.0
2025-10-17 10:59:00,29.65,29.95,29.65,29.65,164850,21.591819,271250,1740.7,1740.0
2025-10-17 11:00:00,30.0,30.3,29.65,30.3,12950,21.991252,271250,1741.0,1740.0
2025-10-17 11:01:00,29.5,30.3,29.5,29.5,165550,21.781416,270550,1740.0,1740.0
2025-10-17 11:02:00,28.05,29.5,28.05,28.05,17150,21.856649,270550,1737.1,1740.0
2025-10-17 11:03:00,28.05,28.05,28.05,28.05,0,22.868908,270550,1734.7,1740.0
2025-10-17 11:04:00,26.2,28.05,26.2,26.55,186200,21.5605,271600,1734.9,1740.0
2025-10-17 11:05:00,26.6,27.05,26.55,27.05,1400,21.844764,271600,1735.2,1740.0
2025-10-17 11:06:00,27.15,27.15,27.05,27.15,186550,21.885467,271600,1735.3,1740.0
2025-10-17 11:07:00,27.15,27.15,27.15,27.15,0,21.969877,271600,1735.1,1740.0
2025-10-17 11:08:00,27.15,27.15,27.15,27.15,0,21.97068,271950,1735.1,1740.0
2025-10-17 11:09:00,27.15,27.15,27.15,27.15,0,21.635874,271950,1735.9,1740.0
2025-10-17 11:10:00,27.15,27.15,27.15,27.15,189000,21.846789,271950,1735.4,1740.0
2025-10-17 11:11:00,27.2,27.2,27.15,27.2,350,21.846529,271950,1735.5,1740.0
2025-10-17 11:12:00,27.2,27.2,27.2,27.2,0,21.931139,271950,1735.3,1740.0
2025-10-17 11:13:00,27.2,27.2,27.2,27.2,189700,21.553253,271950,1736.2,1740.0
2025-10-17 11:14:00,27.2,27.2,27.2,27.2,0,21.932743,271950,1735.3,1740.0
2025-10-17 11:15:00,27.2,27.2,27.2,27.2,0,21.849726,271950,1735.5,1740.0
2025-10-17 11:16:00,27.2,27.2,27.2,27.2,0,21.766513,271950,1735.7,1740.0
2025-10-17 11:17:00,27.2,27.2,27.2,27.2,0,21.55642,271950,1736.2,1740.0
2025-10-17 11:18:00,27.2,27.2,27.2,27.2,0,21.641717,271950,1736.0,1740.0
2025-10-17 11:19:00,27.2,27.2,27.2,27.2,0,21.726823,271950,1735.8,1740.0
2025-10-17 11:20:00,27.2,27.2,27.2,27.2,0,21.685488,271950,1735.9,1740.0
2025-10-17 11:21:00,27.2,27.2,27.2,27.2,0,21.728416,271950,1735.8,1740.0
2025-10-17 11:22:00,27.2,27.2,27.2,27.2,0,21.602661,271950,1736.1,1740.0
2025-10-17 11:23:00,27.2,27.2,27.2,27.2,0,21.814135,272300,1735.6,1740.0
2025-10-17 11:24:00,27.2,27.2,27.2,27.2,0,21.814934,272300,1735.6,1740.0
2025-10-17 11:25:00,27.2,27.2,27.2,27.2,0,21.857724,272300,1735.5,1740.0
2025-10-17 11:26:00,27.2,27.2,27.2,27.2,0,21.774489,272300,1735.7,1740.0
2025-10-17 11:27:00,27.2,27.2,27.2,27.2,0,21.522002,272300,1736.3,1740.0
2025-10-17 11:28:00,27.2,27.2,27.2,27.2,0,21.522794,272300,1736.3,1740.0
2025-10-17 11:29:00,26.8,27.2,26.8,26.8,191100,21.491789,272300,1735.6,1740.0
2025-10-17 11:30:00,26.8,26.8,26.8,26.8,0,21.366296,272300,1735.9,1740.0
2025-10-17 11:31:00,26.8,26.8,26.8,26.8,0,21.155605,272300,1736.4,1740.0
2025-10-17 11:32:00,27.6,27.6,26.8,27.6,192150,21.937767,271600,1736.1,1740.0
2025-10-17 11:33:00,27.6,27.6,27.6,27.6,0,21.938572,271600,1736.1,1740.0
2025-10-17 11:34:00,27.6,27.6,27.6,27.6,0,22.192121,271600,1735.5,1740.0
2025-10-17 11:35:00,27.6,27.6,27.6,27.6,0,22.276804,271600,1735.3,1740.0
2025-10-17 11:36:00,27.0,27.6,27.0,27.0,192500,21.744879,270900,1735.4,1740.0
2025-10-17 11:37:00,27.0,27.0,27.0,27.0,0,21.829444,270900,1735.2,1740.0
2025-10-17 11:38:00,27.0,27.0,27.0,27.0,0,21.913824,270900,1735.0,1740.0
2025-10-17 11:39:00,27.0,27.0,27.0,27.0,0,21.579147,270900,1735.8,1740.0
2025-10-17 11:40:00,27.0,27.0,27.0,27.0,0,21.78998,270900,1735.3,1740.0
2025-10-17 11:41:00,27.0,27.0,27.0,27.0,0,21.999629,270900,1734.8,1740.0
2025-10-17 11:42:00,27.0,27.0,27.0,27.0,0,22.166681,270900,1734.4,1740.0
2025-10-17 11:43:00,26.45,27.0,26.45,26.45,192850,21.21648,271250,1735.6,1740.0
2025-10-17 11:44:00,27.2,27.2,26.45,27.2,1050,21.998693,271250,1735.2,1740.0
2025-10-17 11:45:00,27.2,27.2,27.2,27.2,0,21.663183,271250,1736.0,1740.0
2025-10-17 11:46:00,27.2,27.2,27.2,27.2,0,22.208965,271250,1734.7,1740.0
2025-10-17 11:47:00,27.2,27.2,27.2,27.2,0,22.084714,271250,1735.0,1740.0
2025-10-17 11:48:00,27.2,27.2,27.2,27.2,0,21.792062,271250,1735.7,1740.0
2025-10-17 11:49:00,27.2,27.2,27.2,27.2,0,21.918918,271250,1735.4,1740.0
2025-10-17 11:50:00,27.2,27.2,27.2,27.2,0,21.79366,271250,1735.7,1740.0
2025-10-17 11:51:00,27.9,27.9,27.2,27.65,195300,22.456252,270200,1735.0,1740.0
2025-10-17 11:52:00,27.2,27.65,27.2,27.2,350,22.088752,270200,1735.0,1740.0
2025-10-17 11:53:00,27.2,27.2,27.2,27.2,0,21.796061,270200,1735.7,1740.0
2025-10-17 11:54:00,27.2,27.2,27.2,27.2,0,22.090368,270200,1735.0,1740.0
2025-10-17 11:55:00,27.2,27.2,27.2,27.2,0,22.216262,270200,1734.7,1740.0
2025-10-17 11:56:00,27.2,27.2,27.2,27.2,0,21.924541,270200,1735.4,1740.0
2025-10-17 11:57:00,27.2,27.2,27.2,27.2,0,21.925344,270200,1735.4,1740.0
2025-10-17 11:58:00,27.2,27.2,27.2,27.2,0,22.093599,270200,1735.0,1740.0
2025-10-17 11:59:00,27.2,27.2,27.2,27.2,0,21.63206,270200,1736.1,1740.0
2025-10-17 12:00:00,27.2,27.2,27.2,27.2,0,22.01158,270200,1735.2,1740.0
2025-10-17 12:01:00,27.2,27.2,27.2,27.2,0,22.096022,270200,1735.0,1740.0
2025-10-17 12:02:00,27.2,27.2,27.2,27.2,0,21.761133,270200,1735.8,1740.0
2025-10-17 12:03:00,27.2,27.2,27.2,27.2,0,21.719751,270200,1735.9,1740.0
2025-10-17 12:04:00,27.2,27.2,27.2,27.2,196700,21.42389,270550,1736.6,1740.0
2025-10-17 12:05:00,27.55,27.55,27.2,27.55,700,21.583369,270550,1736.9,1740.0
2025-10-17 12:06:00,27.55,27.55,27.55,27.55,0,21.584164,270550,1736.9,1740.0
2025-10-17 12:07:00,27.55,27.55,27.55,27.55,0,21.882674,270550,1736.2,1740.0
2025-10-17 12:08:00,27.55,27.55,27.55,27.55,0,21.925809,270550,1736.1,1740.0
2025-10-17 12:09:00,27.55,27.55,27.55,27.55,0,21.671871,270550,1736.7,1740.0
2025-10-17 12:10:00,27.55,27.55,27.55,27.55,0,21.544613,270550,1737.0,1740.0
2025-10-17 12:11:00,27.55,27.55,27.55,27.55,0,21.673469,270550,1736.7,1740.0
2025-10-17 12:12:00,27.55,27.55,27.55,27.55,0,21.844309,270550,1736.3,1740.0
2025-10-17 12:13:00,28.4,28.4,27.55,28.4,197750,22.157592,270900,1737.2,1740.0
2025-10-17 12:14:00,28.4,28.4,28.4,28.4,0,22.28673,270900,1736.9,1740.0
2025-10-17 12:15:00,28.4,28.4,28.4,28.4,0,21.987412,270900,1737.6,1740.0
2025-10-17 12:16:00,28.4,28.4,28.4,28.4,0,22.288364,270900,1736.9,1740.0
2025-10-17 12:17:00,28.55,28.55,28.4,28.55,198100,22.412049,270900,1736.9,1740.0
2025-10-17 12:18:00,28.55,28.55,28.55,28.55,0,22.370145,270900,1737.0,1740.0
2025-10-17 12:19:00,28.55,28.55,28.55,28.55,0,22.113553,270900,1737.6,1740.0
2025-10-17 12:20:00,28.55,28.55,28.55,28.55,0,22.114367,270900,1737.6,1740.0
2025-10-17 12:21:00,28.55,28.55,28.55,28.55,0,22.115181,270900,1737.6,1740.0
2025-10-17 12:22:00,28.55,28.55,28.55,28.55,0,22.07291,270900,1737.7,1740.0
2025-10-17 12:23:00,28.55,28.55,28.55,28.55,0,22.245757,270900,1737.3,1740.0
2025-10-17 12:24:00,28.55,28.55,28.55,28.55,0,21.98821,270900,1737.9,1740.0
2025-10-17 12:25:00,28.55,28.55,28.55,28.55,0,21.98902,270900,1737.9,1740.0
2025-10-17 12:26:00,28.55,28.55,28.55,28.55,0,21.946586,270900,1738.0,1740.0
2025-10-17 12:27:00,28.55,28.55,28.55,28.55,0,22.206091,270900,1737.4,1740.0
2025-10-17 12:28:00,28.55,28.55,28.55,28.55,198450,21.991452,270900,1737.9,1740.0
2025-10-17 12:29:00,28.55,28.55,28.55,28.55,0,22.207725,270900,1737.4,1740.0
2025-10-17 12:30:00,28.55,28.55,28.55,28.55,0,22.337209,270900,1737.1,1740.0
2025-10-17 12:31:00,28.55,28.55,28.55,28.55,0,21.950636,270900,1738.0,1740.0
2025-10-17 12:32:00,28.55,28.55,28.55,28.55,0,22.037896,270900,1737.8,1740.0
2025-10-17 12:33:00,28.55,28.55,28.55,28.55,0,21.647996,270900,1738.7,1740.0
2025-10-17 12:34:00,28.55,28.55,28.55,28.55,0,21.692427,270900,1738.6,1740.0
2025-10-17 12:35:00,28.55,28.55,28.55,28.55,198800,21.953877,270900,1738.0,1740.0
2025-10-17 12:36:00,28.65,28.65,28.55,28.65,700,21.732426,270900,1738.7,1740.0
2025-10-17 12:37:00,28.65,28.65,28.65,28.65,0,21.907414,270900,1738.3,1740.0
2025-10-17 12:38:00,28.65,28.65,28.65,28.65,0,21.951637,270900,1738.2,1740.0
2025-10-17 12:39:00,28.65,28.65,28.65,28.65,0,21.647418,270900,1738.9,1740.0
2025-10-17 12:40:00,28.65,28.65,28.65,28.65,0,21.604425,270900,1739.0,1740.0
2025-10-17 12:41:00,28.65,28.65,28.65,28.65,0,21.780082,270900,1738.6,1740.0
2025-10-17 12:42:00,28.2,28.65,28.2,28.2,201250,20.79527,270900,1740.0,1740.0
2025-10-17 12:43:00,28.2,28.2,28.2,28.2,0,21.368861,270900,1738.7,1740.0
2025-10-17 12:44:00,28.2,28.2,28.2,28.2,0,21.717409,270900,1737.9,1740.0
2025-10-17 12:45:00,27.4,28.2,27.4,27.4,201950,21.19172,270550,1737.6,1740.0
2025-10-17 12:46:00,27.85,27.85,27.4,27.85,700,21.258449,270550,1738.3,1740.0
2025-10-17 12:47:00,27.85,27.85,27.85,27.85,0,21.346108,270550,1738.1,1740.0
2025-10-17 12:48:00,27.85,27.85,27.85,27.85,0,21.90635,270550,1736.8,1740.0
2025-10-17 12:49:00,27.45,27.85,27.45,27.45,203000,21.664502,270900,1736.6,1740.0
2025-10-17 12:50:00,27.45,27.45,27.45,27.45,0,21.835319,270900,1736.2,1740.0
2025-10-17 12:51:00,27.45,27.45,27.45,27.45,0,22.425082,270900,1734.8,1740.0
2025-10-17 12:52:00,27.45,27.45,27.45,27.45,0,22.13258,270900,1735.5,1740.0
2025-10-17 12:53:00,27.45,27.45,27.45,27.45,0,22.384957,270900,1734.9,1740.0
2025-10-17 12:54:00,27.45,27.45,27.45,27.45,0,22.594155,270900,1734.4,1740.0
2025-10-17 12:55:00,27.45,27.45,27.45,27.45,0,22.386596,270900,1734.9,1740.0
2025-10-17 12:56:00,26.15,27.45,26.15,26.15,205100,20.98558,270900,1735.7,1740.0
2025-10-17 12:57:00,26.15,26.15,26.15,26.15,0,21.280285,270900,1735.0,1740.0
2025-10-17 12:58:00,27.0,27.0,26.15,27.0,206150,21.684185,270900,1735.7,1740.0
2025-10-17 12:59:00,27.5,27.5,27.0,27.5,1050,22.010589,271600,1735.9,1740.0
2025-10-17 13:00:00,27.5,27.5,27.5,27.5,0,21.756903,271600,1736.5,1740.0
2025-10-17 13:01:00,27.35,27.95,27.35,27.95,207900,21.827624,271600,1737.2,1740.0
2025-10-17 13:02:00,27.95,27.95,27.95,27.95,0,21.57,271600,1737.8,1740.0
2025-10-17 13:03:00,27.8,27.95,27.8,27.8,208600,21.230855,271950,1738.3,1740.0
2025-10-17 13:04:00,29.1,29.1,27.8,29.1,2800,20.606499,270550,1742.1,1740.0
2025-10-17 13:05:00,30.4,30.4,29.1,30.0,212800,22.025643,270550,1740.6,1740.0
2025-10-17 13:06:00,27.05,27.05,20.25,27.05,122500,20.485809,149100,1758.0,1760.0
2025-10-17 13:07:00,29.5,30.0,26.25,26.25,33950,22.641743,143500,1751.2,1760.0
2025-10-17 13:08:00,36.0,36.55,34.25,34.25,17150,22.038627,260750,1748.1,1740.0
2025-10-17 13:09:00,25.05,27.95,24.95,27.25,48300,23.096378,143500,1752.1,1760.0
2025-10-17 13:10:00,26.45,27.25,22.2,26.75,151550,22.851288,149100,1751.7,1760.0
2025-10-17 13:11:00,27.25,27.25,26.5,26.5,53900,22.207042,149100,1752.8,1760.0
2025-10-17 13:12:00,26.25,26.5,26.0,26.0,154350,22.719725,149100,1750.5,1760.0
2025-10-17 13:13:00,26.0,26.0,26.0,26.0,0,22.681076,149100,1750.6,1760.0
2025-10-17 13:14:00,26.2,27.9,26.0,27.9,213850,23.265174,153650,1753.0,1760.0
2025-10-17 13:15:00,27.9,28.5,27.9,28.5,24150,24.517398,153650,1751.1,1760.0
2025-10-17 13:16:00,26.9,28.5,26.9,27.35,221200,22.617128,177450,1753.5,1760.0
2025-10-17 13:17:00,26.6,27.35,26.6,26.6,25900,23.172502,177450,1750.6,1760.0
2025-10-17 13:18:00,36.55,36.55,36.55,36.55,0,23.229378,260050,1749.6,1740.0
2025-10-17 13:19:00,34.55,36.55,34.55,35.35,303100,22.769403,260050,1748.5,1740.0
2025-10-17 13:20:00,35.0,35.35,35.0,35.0,350,23.348702,262850,1746.7,1740.0
2025-10-17 13:21:00,35.0,35.0,35.0,35.0,0,23.30182,262850,1746.8,1740.0
2025-10-17 13:22:00,34.95,35.0,32.5,32.5,313600,22.412105,262850,1744.3,1740.0
2025-10-17 13:23:00,32.0,32.5,32.0,32.0,350,21.670835,262850,1745.0,1740.0
2025-10-17 13:24:00,33.0,33.0,32.0,33.0,313950,24.37482,262850,1740.9,1740.0
2025-10-17 13:25:00,31.4,33.0,31.4,32.5,2100,22.969478,262150,1743.1,1740.0
2025-10-17 13:26:00,32.5,32.5,32.5,32.5,0,23.016166,262150,1743.0,1740.0
2025-10-17 13:27:00,32.6,32.85,32.25,32.25,319900,22.810807,262150,1743.0,1740.0
2025-10-17 13:28:00,33.3,33.35,32.25,33.35,1400,23.627317,262850,1743.2,1740.0
2025-10-17 13:29:00,24.45,26.5,23.05,26.35,279300,22.701402,185500,1751.3,1760.0
2025-10-17 13:30:00,37.85,38.05,35.55,36.4,5250,23.605284,262850,1748.6,1740.0
2025-10-17 13:31:00,36.85,37.0,36.4,36.9,327600,23.827697,263200,1749.0,1740.0
2025-10-17 13:32:00,36.6,36.9,36.05,36.05,7700,22.922484,263200,1749.4,1740.0
2025-10-17 13:33:00,36.05,36.05,36.05,36.05,0,23.120388,263200,1749.0,1740.0
2025-10-17 13:34:00,35.35,36.05,35.35,35.35,336350,24.265453,263200,1745.4,1740.0
2025-10-17 13:35:00,33.6,35.35,33.6,33.6,700,21.616642,263200,1747.9,1740.0
2025-10-17 13:36:00,24.65,26.0,23.5,26.0,9100,22.422464,190400,1751.3,1760.0
2025-10-17 13:37:00,36.1,36.1,35.7,36.1,1050,23.749558,263200,1747.8,1740.0
2025-10-17 13:38:00,25.75,26.35,25.75,26.35,10850,22.907433,188300,1750.8,1760.0
2025-10-17 13:39:00,35.95,36.15,35.95,36.15,340200,22.813935,263900,1749.8,1740.0
2025-10-17 13:40:00,25.35,26.15,25.35,26.0,13300,22.425731,188300,1751.3,1760.0
2025-10-17 13:41:00,26.15,26.9,26.0,26.9,306950,22.31298,187600,1753.4,1760.0
2025-10-17 13:42:00,26.65,26.9,26.65,26.65,20300,22.110705,187600,1753.4,1760.0
2025-10-17 13:43:00,26.95,26.95,26.65,26.95,311150,22.436574,182350,1753.2,1760.0
2025-10-17 13:44:00,27.8,29.0,26.95,29.0,38500,22.440439,182350,1757.2,1760.0
2025-10-17 13:45:00,29.0,29.0,29.0,29.0,318150,22.185527,182350,1757.8,1760.0
2025-10-17 13:46:00,28.0,29.0,28.0,28.0,40250,22.677335,187950,1754.7,1760.0
2025-10-17 13:47:00,27.2,28.0,27.2,27.35,318850,21.860082,187950,1755.4,1760.0
2025-10-17 13:48:00,27.9,27.9,27.35,27.6,41650,22.642227,187950,1754.0,1760.0
2025-10-17 13:49:00,27.65,28.0,27.6,28.0,320600,23.131703,189350,1753.6,1760.0
2025-10-17 13:50:00,28.0,28.0,28.0,28.0,0,23.458018,189350,1752.8,1760.0
2025-10-17 13:51:00,28.0,28.0,28.0,28.0,0,23.741572,189350,1752.1,1760.0
2025-10-17 13:52:00,26.65,28.0,26.65,27.0,366800,21.828797,189350,1754.8,1760.0
2025-10-17 13:53:00,28.0,28.0,27.0,28.0,700,22.641804,185150,1754.8,1760.0
2025-10-17 13:54:00,27.5,28.0,27.5,27.5,368200,22.973868,185150,1753.0,1760.0
2025-10-17 13:55:00,26.1,27.5,26.1,26.1,2450,22.678348,185150,1750.9,1760.0
2025-10-17 13:56:00,26.6,26.6,26.1,26.6,368550,22.807467,184100,1751.6,1760.0
2025-10-17 13:57:00,26.6,26.6,26.6,26.6,0,22.446936,184100,1752.5,1760.0
2025-10-17 13:58:00,26.6,26.6,26.6,26.6,0,22.001534,184100,1753.6,1760.0
2025-10-17 13:59:00,27.85,27.85,26.6,27.85,372050,22.690057,184450,1754.4,1760.0
2025-10-17 14:00:00,28.15,28.15,27.85,28.15,700,23.181077,184450,1753.8,1760.0
2025-10-17 14:01:00,29.55,29.55,28.15,29.55,379400,23.824797,184450,1755.0,1760.0
2025-10-17 14:02:00,29.55,29.55,29.55,29.55,0,23.492355,182700,1755.8,1760.0
2025-10-17 14:03:00,29.0,29.55,28.0,28.0,385000,22.234072,182700,1755.8,1760.0
2025-10-17 14:04:00,29.1,29.1,28.0,29.1,700,23.253815,180250,1755.5,1760.0
2025-10-17 14:05:00,29.3,29.3,29.0,29.0,386750,23.173424,180250,1755.5,1760.0
2025-10-17 14:06:00,29.05,29.05,29.0,29.05,1400,22.668877,180250,1756.8,1760.0
2025-10-17 14:07:00,29.65,29.65,29.05,29.65,387800,23.072523,180600,1757.0,1760.0
2025-10-17 14:08:00,29.5,29.65,29.5,29.5,5600,22.610794,180600,1757.8,1760.0
2025-10-17 14:09:00,29.15,29.5,29.15,29.3,389200,23.169503,180600,1756.1,1760.0
2025-10-17 14:10:00,28.85,29.3,28.05,28.05,23450,22.944083,180600,1754.2,1760.0
2025-10-17 14:11:00,28.05,28.05,28.05,28.05,0,22.655976,180600,1754.9,1760.0
2025-10-17 14:12:00,28.5,28.85,28.05,28.85,413700,22.848352,179550,1756.0,1760.0
2025-10-17 14:13:00,29.55,29.6,28.85,29.6,700,23.036972,178500,1757.0,1760.0
2025-10-17 14:14:00,29.6,29.6,29.6,29.6,0,22.61142,178500,1758.0,1760.0
2025-10-17 14:15:00,30.0,30.0,29.6,30.0,420700,21.224859,178500,1761.9,1760.0
2025-10-17 14:16:00,31.45,31.5,30.0,31.5,11900,21.494127,178500,1764.0,1760.0
2025-10-17 14:17:00,32.6,32.7,31.5,32.7,427350,22.61475,166950,1763.7,1760.0
2025-10-17 14:18:00,31.75,32.7,31.75,31.75,17500,22.158478,166950,1763.0,1760.0
2025-10-17 14:19:00,31.4,31.75,31.2,31.2,428750,22.296988,166950,1761.7,1760.0
2025-10-17 14:20:00,30.9,31.2,30.9,30.9,20300,22.276436,170800,1761.2,1760.0
2025-10-17 14:21:00,30.95,30.95,30.5,30.5,430150,22.481804,170800,1760.0,1760.0
2025-10-17 14:22:00,30.4,30.5,30.4,30.4,20650,22.620015,170800,1759.5,1760.0
2025-10-17 14:23:00,29.55,30.4,29.55,29.55,433650,21.753811,173250,1759.9,1760.0
2025-10-17 14:24:00,29.65,29.65,29.55,29.65,24850,23.044499,173250,1757.1,1760.0
2025-10-17 14:25:00,28.0,29.65,28.0,28.25,439950,22.161169,175700,1756.5,1760.0
2025-10-17 14:26:00,28.1,28.25,28.1,28.1,28700,22.459597,175700,1755.5,1760.0
2025-10-17 14:27:00,27.85,28.1,27.05,27.05,450100,21.731748,175700,1755.2,1760.0
2025-10-17 14:28:00,27.2,27.2,27.05,27.05,30450,22.145969,183050,1754.2,1760.0
2025-10-17 14:29:00,27.1,27.1,27.05,27.1,459200,22.269593,183050,1754.0,1760.0
2025-10-17 14:30:00,26.95,27.1,26.95,27.0,37800,22.189079,183050,1754.0,1760.0
2025-10-17 14:31:00,27.25,27.25,27.0,27.25,460950,22.393236,183050,1754.0,1760.0
2025-10-17 14:32:00,27.25,27.25,27.25,27.25,38500,22.394057,179900,1754.0,1760.0
2025-10-17 14:33:00,27.1,27.5,27.1,27.5,463400,22.392453,179900,1754.5,1760.0
2025-10-17 14:34:00,27.5,27.5,27.5,27.5,0,21.936585,179900,1755.6,1760.0
2025-10-17 14:35:00,27.5,27.5,27.5,27.5,504000,22.145678,177800,1755.1,1760.0
2025-10-17 14:36:00,27.25,27.5,27.25,27.25,1050,21.441312,177800,1756.3,1760.0
2025-10-17 14:37:00,27.25,27.25,27.25,27.25,504350,21.860829,177800,1755.3,1760.0
2025-10-17 14:38:00,27.25,27.25,27.25,27.25,0,21.903249,177450,1755.2,1760.0
2025-10-17 14:39:00,27.45,27.45,27.25,27.45,509950,22.48034,177450,1754.2,1760.0
2025-10-17 14:40:00,26.7,27.45,26.7,26.7,1050,21.499108,177450,1755.1,1760.0
2025-10-17 14:41:00,26.7,26.7,26.7,26.7,0,21.166077,177450,1755.9,1760.0
2025-10-17 14:42:00,26.7,26.7,26.7,26.7,0,21.913737,177450,1754.1,1760.0
2025-10-17 14:43:00,26.7,26.7,26.7,26.7,0,21.914547,177450,1754.1,1760.0
2025-10-17 14:44:00,27.05,27.05,26.7,27.05,514150,22.200133,178850,1754.1,1760.0
2025-10-17 14:45:00,27.05,27.05,27.05,27.05,0,22.242017,178850,1754.0,1760.0
2025-10-17 14:46:00,27.0,27.05,27.0,27.0,514500,21.955079,178850,1754.6,1760.0
2025-10-17 14:47:00,26.75,27.0,26.4,26.4,2800,20.758639,179200,1756.3,1760.0
2025-10-17 14:48:00,26.9,26.9,26.4,26.9,514850,21.957874,179200,1754.4,1760.0
2025-10-17 14:49:00,26.6,26.9,26.6,26.6,4200,21.879079,179200,1754.0,1760.0
2025-10-17 14:50:00,26.6,26.6,26.6,26.6,0,21.879886,175350,1754.0,1760.0
2025-10-17 14:51:00,25.4,26.6,25.4,25.4,522900,20.698504,175350,1754.5,1760.0
2025-10-17 14:52:00,25.6,25.6,24.55,24.55,2800,20.172072,175350,1754.1,1760.0
2025-10-17 14:53:00,25.25,25.25,24.55,25.25,525000,20.288155,175350,1755.2,1760.0
2025-10-17 14:54:00,27.0,27.0,25.25,26.7,4200,20.71191,175350,1757.0,1760.0
2025-10-17 14:55:00,26.55,26.7,26.45,26.45,527450,20.678871,175350,1756.6,1760.0
2025-10-17 14:56:00,26.45,26.45,26.45,26.45,0,21.225252,175350,1755.3,1760.0
2025-10-17 14:57:00,25.7,26.45,25.7,25.7,533400,21.029694,177100,1754.3,1760.0
2025-10-17 14:58:00,25.7,25.7,25.7,25.7,0,21.153726,177100,1754.0,1760.0
2025-10-17 14:59:00,25.7,25.7,25.7,25.7,0,20.742,177100,1755.0,1760.0
2025-10-17 15:00:00,25.7,25.7,25.7,25.7,534800,21.155296,177100,1754.0,1760.0
2025-10-17 15:01:00,25.7,25.7,25.7,25.7,0,21.604522,177100,1752.9,1760.0
2025-10-17 15:02:00,25.7,25.7,25.7,25.7,0,21.726697,174650,1752.6,1760.0
2025-10-17 15:03:00,25.35,25.7,25.35,25.35,542150,20.872703,174650,1754.0,1760.0
2025-10-17 15:04:00,25.0,25.35,25.0,25.0,350,21.198245,174650,1752.5,1760.0
2025-10-17 15:05:00,25.15,25.15,25.0,25.15,542500,21.119114,173950,1753.0,1760.0
2025-10-17 15:06:00,25.3,25.3,25.15,25.3,700,21.444302,173950,1752.5,1760.0
2025-10-17 15:07:00,25.3,25.3,25.3,25.3,0,21.846306,173950,1751.5,1760.0
2025-10-17 15:08:00,24.6,25.3,24.0,24.35,547050,20.711879,176050,1752.4,1760.0
2025-10-17 15:09:00,24.8,24.8,24.35,24.8,700,20.998837,176050,1752.6,1760.0
2025-10-17 15:10:00,24.8,24.8,24.8,24.8,0,20.959246,176050,1752.7,1760.0
2025-10-17 15:11:00,24.65,25.1,24.65,25.1,549500,21.1236,174650,1752.9,1760.0
2025-10-17 15:12:00,25.4,25.4,25.1,25.4,1400,20.714735,174650,1754.5,1760.0
2025-10-17 15:13:00,26.1,26.1,25.4,26.1,550900,21.736732,174650,1753.4,1760.0
2025-10-17 15:14:00,26.5,27.35,26.1,27.35,9450,22.138539,175700,1754.9,1760.0
2025-10-17 15:15:00,26.55,27.35,26.55,26.55,555100,21.404928,175700,1755.1,1760.0
2025-10-17 15:16:00,26.35,26.55,26.35,26.4,13300,21.860986,175700,1753.7,1760.0
2025-10-17 15:17:00,26.95,26.95,26.4,26.95,556150,22.186801,176050,1754.0,1760.0
2025-10-17 15:18:00,26.0,26.95,26.0,26.0,14700,21.781402,176050,1753.1,1760.0
2025-10-17 15:19:00,25.9,26.0,25.9,25.9,556500,21.862926,176050,1752.7,1760.0
2025-10-17 15:20:00,25.9,25.9,25.9,25.9,15750,21.497757,176400,1753.6,1760.0
2025-10-17 15:21:00,25.9,25.9,25.9,25.9,0,21.702318,176400,1753.1,1760.0
2025-10-17 15:22:00,25.9,25.9,25.9,25.9,0,22.067172,176400,1752.2,1760.0
2025-10-17 15:23:00,25.9,25.9,25.9,25.9,0,21.45926,176400,1753.7,1760.0
2025-10-17 15:24:00,26.05,26.05,25.9,26.05,574000,21.212156,175700,1754.6,1760.0
2025-10-17 15:25:00,26.05,26.05,26.05,26.05,0,21.664823,175700,1753.5,1760.0
2025-10-17 15:26:00,26.4,26.4,26.05,26.4,575400,21.49883,175000,1754.6,1760.0
2025-10-17 15:27:00,27.0,27.0,26.4,27.0,6650,21.362701,175000,1756.1,1760.0
2025-10-17 15:28:00,27.0,27.0,27.0,27.0,576450,20.683675,175000,1757.7,1760.0
2025-10-17 15:29:00,26.9,27.0,26.9,26.9,8750,20.473953,170450,1758.0,1760.0
2025-10-20 09:15:00,27.2,32.0,26.0,27.2,7350,26.918037,172550,1752.8,1760.0
2025-10-20 09:16:00,24.35,27.2,24.35,24.35,5600,24.199904,172550,1752.9,1760.0
2025-10-20 09:17:00,26.3,26.3,24.35,26.0,10850,26.343063,172550,1751.6,1760.0
2025-10-20 09:18:00,26.35,26.35,26.0,26.35,6300,26.216275,172550,1752.6,1760.0
2025-10-20 09:19:00,27.0,27.0,26.35,27.0,11200,24.807669,175000,1756.9,1760.0
2025-10-20 09:20:00,27.0,27.0,27.0,27.0,0,25.476582,175000,1755.5,1760.0
2025-10-20 09:21:00,26.4,27.0,26.4,26.4,22750,25.057507,175000,1755.2,1760.0
2025-10-20 09:22:00,26.0,26.4,26.0,26.0,2100,25.05943,176050,1754.4,1760.0
2025-10-20 09:23:00,26.05,26.05,26.0,26.05,23800,24.920136,176050,1754.8,1760.0
2025-10-20 09:24:00,24.85,26.05,24.75,24.75,4900,24.721866,176050,1752.6,1760.0
2025-10-20 09:25:00,31.0,36.2,31.0,31.0,16800,23.082519,246050,1748.1,1740.0
2025-10-20 09:26:00,22.05,22.05,22.05,22.05,0,23.044543,174300,1750.7,1760.0
2025-10-20 09:27:00,23.4,23.4,22.05,23.4,33600,24.002058,174300,1751.4,1760.0
2025-10-20 09:28:00,23.4,23.4,23.4,23.4,0,24.003186,173250,1751.4,1760.0
2025-10-20 09:29:00,23.4,23.4,23.4,23.4,0,24.004315,173250,1751.4,1760.0
2025-10-20 09:30:00,23.4,23.4,23.4,23.4,0,23.643434,173250,1752.2,1760.0
2025-10-20 09:31:00,23.4,23.4,23.4,23.4,0,23.233551,173250,1753.1,1760.0
2025-10-20 09:32:00,23.4,23.4,23.4,23.4,0,23.326339,173250,1752.9,1760.0
2025-10-20 09:33:00,23.45,23.45,23.4,23.45,36400,23.19078,173950,1753.3,1760.0
2025-10-20 09:34:00,24.25,24.25,23.45,24.25,1750,24.309655,172550,1752.5,1760.0
2025-10-20 09:35:00,34.4,34.4,34.4,34.4,0,25.85958,245350,1749.0,1740.0
2025-10-20 09:36:00,32.05,34.4,32.05,32.05,22400,23.311894,245350,1749.5,1740.0
2025-10-20 09:37:00,32.4,32.4,32.05,32.4,350,23.936309,246050,1749.0,1740.0
2025-10-20 09:38:00,31.6,32.4,31.6,31.6,22750,23.954497,246050,1747.6,1740.0
2025-10-20 09:39:00,31.6,31.6,31.6,31.6,0,23.732126,246050,1748.0,1740.0
2025-10-20 09:40:00,23.1,23.1,22.2,23.1,46200,24.182646,170100,1750.4,1760.0
2025-10-20 09:41:00,31.6,31.6,31.6,31.6,0,22.997149,246050,1749.3,1740.0
2025-10-20 09:42:00,22.9,22.9,22.9,22.9,0,23.996478,170100,1750.4,1760.0
2025-10-20 09:43:00,31.6,31.6,31.6,31.6,0,22.653191,246050,1749.9,1740.0
2025-10-20 09:44:00,23.1,23.1,22.9,23.1,57750,24.187189,170450,1750.4,1760.0
2025-10-20 09:45:00,23.1,23.1,23.1,23.1,0,23.42359,170450,1752.1,1760.0
2025-10-20 09:46:00,23.1,23.1,23.1,23.1,0,23.876182,170450,1751.1,1760.0
2025-10-20 09:47:00,23.5,24.05,23.1,24.05,59500,23.769559,170450,1753.3,1760.0
2025-10-20 09:48:00,34.0,34.0,32.45,32.45,7700,24.054049,245350,1748.9,1740.0
2025-10-20 09:49:00,32.45,32.45,32.45,32.45,0,24.561235,245350,1748.0,1740.0
2025-10-20 09:50:00,32.45,32.45,32.45,32.45,0,24.562421,245350,1748.0,1740.0
2025-10-20 09:51:00,32.05,32.45,32.05,32.05,38500,23.557843,245700,1749.1,1740.0
2025-10-20 09:52:00,32.05,32.05,32.05,32.05,0,23.444779,245700,1749.3,1740.0
2025-10-20 09:53:00,23.0,23.0,22.2,23.0,66150,24.192259,172900,1750.2,1760.0
2025-10-20 09:54:00,32.05,32.05,32.05,32.05,0,23.159711,245700,1749.8,1740.0
2025-10-20 09:55:00,23.0,23.0,23.0,23.0,0,23.6121,172900,1751.5,1760.0
2025-10-20 09:56:00,23.0,23.0,23.0,23.0,0,23.793257,172900,1751.1,1760.0
2025-10-20 09:57:00,24.4,24.4,23.0,24.4,66850,23.831908,173600,1753.9,1760.0
2025-10-20 09:58:00,24.0,24.4,24.0,24.0,3850,23.457481,173950,1753.9,1760.0
2025-10-20 09:59:00,24.0,24.0,24.0,24.0,0,24.285671,173950,1752.1,1760.0
2025-10-20 10:00:00,24.0,24.0,24.0,24.0,0,24.332303,173950,1752.0,1760.0
2025-10-20 10:01:00,24.0,24.0,24.0,24.0,0,24.01403,173950,1752.7,1760.0
2025-10-20 10:02:00,24.0,24.0,24.0,24.0,0,24.289107,173950,1752.1,1760.0
2025-10-20 10:03:00,24.0,24.0,24.0,24.0,0,24.062077,173950,1752.6,1760.0
2025-10-20 10:04:00,24.0,24.0,24.0,24.0,0,23.833817,173950,1753.1,1760.0
2025-10-20 10:05:00,24.0,24.0,24.0,24.0,0,23.558003,175350,1753.7,1760.0
2025-10-20 10:06:00,24.0,24.0,24.0,24.0,0,23.093356,175350,1754.7,1760.0
2025-10-20 10:07:00,25.05,25.05,24.0,25.05,73150,24.220594,175350,1754.4,1760.0
2025-10-20 10:08:00,25.05,25.05,25.05,25.05,0,23.228035,175350,1756.5,1760.0
2025-10-20 10:09:00,25.6,25.6,25.05,25.6,73500,24.457675,175700,1755.0,1760.0
2025-10-20 10:10:00,25.4,25.6,25.4,25.4,350,24.034985,176050,1755.5,1760.0
2025-10-20 10:11:00,25.4,25.4,25.4,25.4,0,24.036126,176050,1755.5,1760.0
2025-10-20 10:12:00,25.4,25.4,25.4,25.4,0,23.60877,176050,1756.4,1760.0
2025-10-20 10:13:00,25.8,25.8,25.0,25.0,75950,23.662978,175700,1755.5,1760.0
2025-10-20 10:14:00,25.0,25.0,25.0,25.0,0,23.521807,175700,1755.8,1760.0
2025-10-20 10:15:00,24.85,25.0,24.85,24.85,77700,23.382145,175700,1755.8,1760.0
2025-10-20 10:16:00,24.5,24.85,24.5,24.5,1050,23.573902,175350,1754.7,1760.0
2025-10-20 10:17:00,24.5,24.5,24.5,24.5,0,23.150755,175350,1755.6,1760.0
2025-10-20 10:18:00,24.5,24.5,24.5,24.5,0,23.009419,175350,1755.9,1760.0
2025-10-20 10:19:00,24.5,24.5,24.5,24.5,0,22.867551,175350,1756.2,1760.0
2025-10-20 10:20:00,25.05,25.05,24.5,25.05,79100,22.61311,174650,1757.8,1760.0
2025-10-20 10:21:00,25.05,25.05,25.05,25.05,0,23.624097,174650,1755.7,1760.0
2025-10-20 10:22:00,25.05,25.05,25.05,25.05,0,23.387131,174650,1756.2,1760.0
2025-10-20 10:23:00,25.05,25.05,25.05,25.05,0,23.292605,174650,1756.4,1760.0
2025-10-20 10:24:00,24.35,25.05,24.35,24.35,79450,23.582419,174650,1754.4,1760.0
2025-10-20 10:25:00,24.35,24.35,24.35,24.35,0,23.066129,174650,1755.5,1760.0
2025-10-20 10:26:00,24.35,24.35,24.35,24.35,0,23.397275,174650,1754.8,1760.0
2025-10-20 10:27:00,24.25,24.35,24.25,24.25,79800,23.445056,174650,1754.5,1760.0
2025-10-20 10:28:00,24.65,24.65,24.25,24.65,1400,23.303793,175000,1755.6,1760.0
2025-10-20 10:29:00,24.15,24.65,24.15,24.15,80150,22.835332,175000,1755.6,1760.0
2025-10-20 10:30:00,24.15,24.15,24.15,24.15,0,22.836424,175000,1755.6,1760.0
2025-10-20 10:31:00,24.15,24.15,24.15,24.15,0,22.837518,175000,1755.6,1760.0
2025-10-20 10:32:00,24.15,24.15,24.15,24.15,0,23.122021,175000,1755.0,1760.0
2025-10-20 10:33:00,24.15,24.15,24.15,24.15,0,22.744774,175000,1755.8,1760.0
2025-10-20 10:34:00,24.15,24.15,24.15,24.15,0,23.077135,175000,1755.1,1760.0
2025-10-20 10:35:00,23.7,24.15,23.7,23.7,81900,22.324266,175350,1755.8,1760.0
2025-10-20 10:36:00,24.05,24.05,23.7,24.05,350,23.079513,175350,1754.9,1760.0
2025-10-20 10:37:00,24.05,24.05,24.05,24.05,0,22.750139,175350,1755.6,1760.0
2025-10-20 10:38:00,24.05,24.05,24.05,24.05,0,22.75123,175350,1755.6,1760.0
2025-10-20 10:39:00,24.05,24.05,24.05,24.05,0,23.129812,175350,1754.8,1760.0
2025-10-20 10:40:00,24.05,24.05,24.05,24.05,0,22.942619,175350,1755.2,1760.0
2025-10-20 10:41:00,24.05,24.05,24.05,24.05,82600,22.56436,175000,1756.0,1760.0
2025-10-20 10:42:00,24.0,24.05,24.0,24.0,700,22.566093,175000,1755.9,1760.0
2025-10-20 10:43:00,24.0,24.0,24.0,24.0,0,22.519551,175000,1756.0,1760.0
2025-10-20 10:44:00,24.0,24.0,24.0,24.0,0,23.228988,175000,1754.5,1760.0
2025-10-20 10:45:00,24.0,24.0,24.0,24.0,0,22.616918,175000,1755.8,1760.0
2025-10-20 10:46:00,24.0,24.0,24.0,24.0,0,22.570431,175000,1755.9,1760.0
2025-10-20 10:47:00,24.0,24.0,24.0,24.0,0,22.523882,175000,1756.0,1760.0
2025-10-20 10:48:00,24.4,24.4,24.0,24.4,84000,22.853165,175350,1756.1,1760.0
2025-10-20 10:49:00,24.3,24.4,24.3,24.3,4550,23.281845,179900,1755.0,1760.0
2025-10-20 10:50:00,24.1,24.3,24.1,24.1,84350,22.81133,179900,1755.6,1760.0
2025-10-20 10:51:00,25.05,25.05,24.1,24.75,7350,22.993946,179900,1756.5,1760.0
2025-10-20 10:52:00,24.75,24.75,24.75,24.75,0,22.947032,179900,1756.6,1760.0
2025-10-20 10:53:00,24.45,24.75,24.45,24.45,99750,23.096157,181650,1755.7,1760.0
2025-10-20 10:54:00,24.15,24.45,24.05,24.05,1050,22.291317,181650,1756.6,1760.0
2025-10-20 10:55:00,24.0,24.05,24.0,24.0,100450,22.532552,187600,1756.0,1760.0
2025-10-20 10:56:00,24.0,24.0,24.0,24.0,0,22.485929,187600,1756.1,1760.0
2025-10-20 10:57:00,23.15,24.0,23.15,23.15,110950,22.443758,187600,1754.5,1760.0
2025-10-20 10:58:00,23.15,23.15,23.15,23.15,0,22.210257,187600,1755.0,1760.0
2025-10-20 10:59:00,23.15,23.15,23.15,23.15,0,21.690046,197050,1756.1,1760.0
2025-10-20 11:00:00,23.15,23.15,23.15,23.15,0,21.738791,197050,1756.0,1760.0
2025-10-20 11:01:00,23.15,23.15,23.15,23.15,0,21.644385,197050,1756.2,1760.0
2025-10-20 11:02:00,23.15,23.15,23.15,23.15,0,21.693195,197050,1756.1,1760.0
2025-10-20 11:03:00,24.1,24.1,23.15,24.1,113400,22.967685,197750,1755.3,1760.0
2025-10-20 11:04:00,24.1,24.1,24.0,24.0,700,22.542315,198450,1756.0,1760.0
2025-10-20 11:05:00,24.0,24.0,24.0,24.0,0,22.447891,198450,1756.2,1760.0
2025-10-20 11:06:00,24.5,24.5,24.0,24.45,115850,22.487611,198450,1757.0,1760.0
2025-10-20 11:07:00,24.45,24.45,24.45,24.45,0,22.343464,198450,1757.3,1760.0
2025-10-20 11:08:00,24.45,24.45,24.45,24.45,120750,22.778578,198100,1756.4,1760.0
2025-10-20 11:09:00,24.45,24.45,24.45,24.45,0,23.256241,198100,1755.4,1760.0
2025-10-20 11:10:00,24.45,24.45,24.45,24.45,0,23.06742,198100,1755.8,1760.0
2025-10-20 11:11:00,24.45,24.45,24.45,24.45,0,22.637729,198100,1756.7,1760.0
2025-10-20 11:12:00,23.65,24.45,23.65,23.65,126000,22.221764,206850,1756.0,1760.0
2025-10-20 11:13:00,23.65,23.65,23.65,23.65,1750,22.270505,206850,1755.9,1760.0
2025-10-20 11:14:00,23.65,23.65,23.65,23.65,0,22.650813,206850,1755.1,1760.0
2025-10-20 11:15:00,23.65,23.65,23.65,23.65,0,22.651902,206850,1755.1,1760.0
2025-10-20 11:16:00,23.65,23.65,23.65,23.65,0,22.700135,206850,1755.0,1760.0
2025-10-20 11:17:00,23.45,23.65,23.45,23.45,128450,22.181787,208950,1755.7,1760.0
2025-10-20 11:18:00,23.45,23.45,23.45,23.45,0,21.84871,208950,1756.4,1760.0
2025-10-20 11:19:00,23.3,23.45,23.3,23.3,130900,22.042773,211400,1755.7,1760.0
2025-10-20 11:20:00,23.3,23.3,23.3,23.3,0,22.043837,211400,1755.7,1760.0
2025-10-20 11:21:00,23.45,23.45,23.3,23.45,131600,22.233568,211400,1755.6,1760.0
2025-10-20 11:22:00,23.1,23.45,23.1,23.1,350,22.935243,212100,1753.4,1760.0
2025-10-20 11:23:00,23.1,23.1,23.1,23.1,0,22.424732,212100,1754.5,1760.0
2025-10-20 11:24:00,23.0,23.1,23.0,23.0,133350,22.471803,212100,1754.2,1760.0
2025-10-20 11:25:00,22.7,23.0,22.7,22.7,700,21.579298,211050,1755.5,1760.0
2025-10-20 11:26:00,22.35,22.7,22.35,22.35,140000,22.001115,211050,1753.9,1760.0
2025-10-20 11:27:00,22.2,22.35,22.1,22.1,4200,21.673644,211050,1754.1,1760.0
2025-10-20 11:28:00,22.6,22.6,22.1,22.6,141050,21.77151,203000,1754.9,1760.0
2025-10-20 11:29:00,22.6,22.6,22.6,22.6,0,21.772563,203000,1754.9,1760.0
2025-10-20 11:30:00,22.6,22.6,22.6,22.6,0,21.773617,203000,1754.9,1760.0
2025-10-20 11:31:00,22.6,22.6,22.6,22.6,0,22.149038,203000,1754.1,1760.0
2025-10-20 11:32:00,22.6,22.6,22.6,22.6,0,22.382251,203000,1753.6,1760.0
2025-10-20 11:33:00,22.6,22.6,22.6,22.6,0,22.104574,203000,1754.2,1760.0
2025-10-20 11:34:00,23.0,23.0,22.6,23.0,145600,21.96593,202300,1755.3,1760.0
2025-10-20 11:35:00,23.0,23.0,23.0,23.0,0,21.966993,202300,1755.3,1760.0
2025-10-20 11:36:00,23.0,23.0,23.0,23.0,0,21.539928,202300,1756.2,1760.0
2025-10-20 11:37:00,23.0,23.0,23.0,23.0,0,21.731878,202300,1755.8,1760.0
2025-10-20 11:38:00,23.0,23.0,23.0,23.0,0,21.970183,202300,1755.3,1760.0
2025-10-20 11:39:00,23.6,23.6,23.0,23.6,145950,22.630972,202300,1755.1,1760.0
2025-10-20 11:40:00,23.6,23.6,23.6,23.6,0,22.679246,202300,1755.0,1760.0
2025-10-20 11:41:00,23.6,23.6,23.6,23.6,0,22.915422,202300,1754.5,1760.0
2025-10-20 11:42:00,23.6,23.6,23.6,23.6,0,23.150232,202300,1754.0,1760.0
2025-10-20 11:43:00,22.3,23.6,22.3,22.3,153650,22.295815,202650,1753.2,1760.0
2025-10-20 11:44:00,22.3,22.3,22.3,22.3,0,22.342928,202650,1753.1,1760.0
2025-10-20 11:45:00,22.3,22.3,22.3,22.3,0,22.205713,202650,1753.4,1760.0
2025-10-20 11:46:00,22.0,22.3,22.0,22.0,154700,22.519138,195300,1752.1,1760.0
2025-10-20 11:47:00,21.45,22.0,21.0,21.0,2100,22.025878,195300,1751.1,1760.0
2025-10-20 11:48:00,21.45,21.45,21.0,21.45,156450,21.956047,195300,1752.2,1760.0
2025-10-20 11:49:00,21.45,21.45,21.45,21.45,0,21.957104,193900,1752.2,1760.0
2025-10-20 11:50:00,21.45,21.45,21.45,21.45,0,21.454931,193900,1753.3,1760.0
2025-10-20 11:51:00,21.85,21.85,21.45,21.85,164500,21.833542,193900,1753.3,1760.0
2025-10-20 11:52:00,22.15,22.15,21.85,22.0,2800,21.930052,195300,1753.4,1760.0
2025-10-20 11:53:00,21.3,22.0,21.3,21.6,167650,21.553555,195300,1753.4,1760.0
2025-10-20 11:54:00,21.85,21.85,21.6,21.85,4900,21.790582,195300,1753.4,1760.0
2025-10-20 11:55:00,21.6,21.85,21.6,21.65,170100,21.648946,194250,1753.3,1760.0
2025-10-20 11:56:00,21.9,21.9,21.65,21.75,7350,21.744403,194250,1753.3,1760.0
2025-10-20 11:57:00,21.35,21.75,21.35,21.35,172550,21.22938,194250,1753.6,1760.0
2025-10-20 11:58:00,21.75,21.75,21.35,21.6,11200,21.604876,193550,1753.3,1760.0
2025-10-20 11:59:00,21.4,21.6,21.4,21.45,176400,21.279574,193550,1753.7,1760.0
2025-10-20 12:00:00,21.65,21.65,21.4,21.4,18200,21.37202,193550,1753.4,1760.0
2025-10-20 12:01:00,21.95,21.95,21.4,21.95,184450,21.753608,193200,1753.7,1760.0
2025-10-20 12:02:00,21.95,21.95,21.95,21.95,0,21.428867,193200,1754.4,1760.0
2025-10-20 12:03:00,21.95,21.95,21.95,21.95,0,21.616427,193200,1754.0,1760.0
2025-10-20 12:04:00,21.95,21.95,21.95,21.95,0,22.079826,193200,1753.0,1760.0
2025-10-20 12:05:00,21.95,21.95,21.95,21.95,0,22.218533,193200,1752.7,1760.0
2025-10-20 12:06:00,21.95,21.95,21.95,21.95,0,22.219604,193200,1752.7,1760.0
2025-10-20 12:07:00,21.95,21.95,21.95,21.95,0,22.26645,193200,1752.6,1760.0
2025-10-20 12:08:00,21.7,21.95,21.7,21.7,204400,21.663665,193200,1753.4,1760.0
2025-10-20 12:09:00,21.7,21.7,21.7,21.7,0,21.894837,193200,1752.9,1760.0
2025-10-20 12:10:00,21.7,21.7,21.7,21.7,0,21.849977,193200,1753.0,1760.0
2025-10-20 12:11:00,21.7,21.7,21.7,21.7,0,21.988627,193200,1752.7,1760.0
2025-10-20 12:12:00,22.25,22.25,21.7,22.25,205450,22.692595,193200,1752.3,1760.0
2025-10-20 12:13:00,22.25,22.25,22.25,22.25,0,22.510712,193200,1752.7,1760.0
2025-10-20 12:14:00,22.25,22.25,22.25,22.25,0,22.511795,193550,1752.7,1760.0
2025-10-20 12:15:00,22.25,22.25,22.25,22.25,0,22.695867,193550,1752.3,1760.0
2025-10-20 12:16:00,22.15,22.25,22.15,22.15,206150,22.602364,193550,1752.3,1760.0
2025-10-20 12:17:00,22.0,22.15,22.0,22.0,700,22.324463,193550,1752.6,1760.0
2025-10-20 12:18:00,22.0,22.0,22.0,22.0,0,22.825969,193550,1751.5,1760.0
2025-10-20 12:19:00,22.0,22.0,22.0,22.0,0,22.917402,194250,1751.3,1760.0
2025-10-20 12:20:00,21.35,22.0,21.35,21.35,208600,22.571956,194250,1750.7,1760.0
2025-10-20 12:21:00,21.5,21.5,21.35,21.5,350,22.310467,194250,1751.6,1760.0
2025-10-20 12:22:00,21.15,21.6,21.15,21.6,210350,22.088467,194250,1752.3,1760.0
2025-10-20 12:23:00,21.6,21.6,21.6,21.6,0,22.226043,194250,1752.0,1760.0
2025-10-20 12:24:00,21.7,21.7,21.6,21.7,211050,22.276316,194950,1752.1,1760.0
2025-10-20 12:25:00,21.7,21.7,21.7,21.7,0,22.14068,194950,1752.4,1760.0
2025-10-20 12:26:00,21.7,21.7,21.7,21.7,212100,22.141747,195300,1752.4,1760.0
2025-10-20 12:27:00,21.7,21.7,21.7,21.7,0,22.325005,195300,1752.0,1760.0
2025-10-20 12:28:00,21.7,21.7,21.7,21.7,0,22.326084,195300,1752.0,1760.0
2025-10-20 12:29:00,21.7,21.7,21.7,21.7,0,21.961907,195300,1752.8,1760.0
2025-10-20 12:30:00,21.7,21.7,21.7,21.7,0,21.825117,195300,1753.1,1760.0
2025-10-20 12:31:00,21.7,21.7,21.7,21.7,0,22.101405,195300,1752.5,1760.0
2025-10-20 12:32:00,21.7,21.7,21.7,21.7,0,22.148162,195300,1752.4,1760.0
2025-10-20 12:33:00,21.7,21.7,21.7,21.7,0,22.240448,195300,1752.2,1760.0
2025-10-20 12:34:00,21.7,21.7,21.7,21.7,0,22.559186,195300,1751.5,1760.0
2025-10-20 12:35:00,21.7,21.7,21.7,21.7,0,22.740699,195300,1751.1,1760.0
2025-10-20 12:36:00,21.6,21.7,21.6,21.6,214550,22.285394,195300,1751.9,1760.0
2025-10-20 12:37:00,21.6,21.6,21.6,21.6,350,22.195572,195300,1752.1,1760.0
2025-10-20 12:38:00,21.6,21.6,21.6,21.6,0,22.196641,195300,1752.1,1760.0
2025-10-20 12:39:00,22.1,22.1,21.6,22.1,215600,22.120746,193900,1753.3,1760.0
2025-10-20 12:40:00,22.1,22.1,22.1,22.1,0,21.98297,193900,1753.6,1760.0
2025-10-20 12:41:00,22.1,22.1,22.1,22.1,0,22.076657,193900,1753.4,1760.0
2025-10-20 12:42:00,22.1,22.1,22.1,22.1,0,21.141086,193900,1755.4,1760.0
2025-10-20 12:43:00,22.2,22.2,22.1,22.2,217700,21.046306,193900,1755.8,1760.0
2025-10-20 12:44:00,22.2,23.0,22.2,23.0,700,21.563415,192850,1756.3,1760.0
2025-10-20 12:45:00,23.0,23.0,23.0,23.0,218400,21.323486,192850,1756.8,1760.0
2025-10-20 12:46:00,23.0,23.0,23.0,23.0,0,22.137482,192850,1755.1,1760.0
2025-10-20 12:47:00,22.2,23.0,22.2,22.2,220150,20.907048,192850,1756.1,1760.0
2025-10-20 12:48:00,22.2,22.2,22.2,22.2,0,21.431047,192850,1755.0,1760.0
2025-10-20 12:49:00,22.2,22.2,22.2,22.2,0,21.052495,192850,1755.8,1760.0
2025-10-20 12:50:00,22.2,22.2,22.2,22.2,0,20.957993,192850,1756.0,1760.0
2025-10-20 12:51:00,22.2,22.2,22.2,22.2,0,21.149844,192850,1755.6,1760.0
2025-10-20 12:52:00,22.2,22.2,22.2,22.2,0,21.293334,192850,1755.3,1760.0
2025-10-20 12:53:00,21.5,22.2,21.5,21.5,220850,20.774762,193900,1755.0,1760.0
2025-10-20 12:54:00,21.5,21.5,21.5,21.5,0,20.775781,193900,1755.0,1760.0
2025-10-20 12:55:00,21.5,21.5,21.5,21.5,0,20.492616,193900,1755.6,1760.0
2025-10-20 12:56:00,21.5,21.5,21.5,21.5,0,20.730614,193900,1755.1,1760.0
2025-10-20 12:57:00,21.5,21.5,21.5,21.5,0,20.589625,193900,1755.4,1760.0
2025-10-20 12:58:00,21.5,21.5,21.5,21.5,0,20.779858,193900,1755.0,1760.0
2025-10-20 12:59:00,21.45,21.5,21.45,21.45,221200,20.258625,193900,1756.0,1760.0
2025-10-20 13:00:00,21.7,21.7,21.45,21.6,1750,20.305554,193900,1756.2,1760.0
2025-10-20 13:01:00,21.05,21.6,21.05,21.05,221550,20.918922,193900,1753.8,1760.0
2025-10-20 13:02:00,20.6,21.05,20.6,20.6,2100,20.863263,193900,1753.0,1760.0
2025-10-20 13:03:00,20.15,20.6,20.15,20.15,221900,20.438036,193900,1753.0,1760.0
2025-10-20 13:04:00,20.15,20.15,20.15,20.15,0,20.255116,193900,1753.4,1760.0
2025-10-20 13:05:00,20.15,20.15,20.15,20.15,0,20.440041,193900,1753.0,1760.0
2025-10-20 13:06:00,20.15,20.15,20.15,20.15,0,20.48688,193900,1752.9,1760.0
2025-10-20 13:07:00,19.7,20.15,19.7,19.7,225750,20.061486,193900,1752.9,1760.0
2025-10-20 13:08:00,19.7,19.7,19.7,19.7,0,19.970839,194250,1753.1,1760.0
2025-10-20 13:09:00,19.9,19.9,19.7,19.9,226800,20.43566,194250,1752.5,1760.0
2025-10-20 13:10:00,19.9,19.9,19.9,19.9,0,20.391075,194250,1752.6,1760.0
2025-10-20 13:11:00,19.9,19.9,19.9,19.9,0,20.117348,194250,1753.2,1760.0
2025-10-20 13:12:00,20.15,20.15,19.9,20.15,227150,20.355181,193200,1753.2,1760.0
2025-10-20 13:13:00,20.15,20.15,20.15,20.15,0,20.264073,193200,1753.4,1760.0
2025-10-20 13:14:00,20.15,20.15,20.15,20.15,0,20.126449,193550,1753.7,1760.0
2025-10-20 13:15:00,20.0,20.15,20.0,20.0,227850,19.892703,193550,1753.9,1760.0
2025-10-20 13:16:00,20.2,20.25,20.0,20.25,1400,19.94416,193550,1754.3,1760.0
2025-10-20 13:17:00,20.25,20.25,20.25,20.25,0,20.316626,193550,1753.5,1760.0
2025-10-20 13:18:00,20.25,20.25,20.25,20.25,0,20.776632,193550,1752.5,1760.0
2025-10-20 13:19:00,20.25,20.25,20.25,20.25,0,20.959669,193550,1752.1,1760.0
2025-10-20 13:20:00,19.55,20.25,19.55,19.55,229950,20.205594,193200,1752.3,1760.0
2025-10-20 13:21:00,19.55,19.55,19.55,19.55,0,20.206589,193200,1752.3,1760.0
2025-10-20 13:22:00,19.75,19.75,19.55,19.75,235900,20.306374,192500,1752.5,1760.0
2025-10-20 13:23:00,19.3,19.75,19.3,19.3,8050,20.016657,192500,1752.2,1760.0
2025-10-20 13:24:00,19.3,19.3,19.3,19.3,0,20.153362,192500,1751.9,1760.0
2025-10-20 13:25:00,19.1,19.3,19.1,19.1,245000,19.964393,192500,1751.9,1760.0
2025-10-20 13:26:00,19.0,19.1,19.0,19.0,18550,19.870389,188650,1751.9,1760.0
2025-10-20 13:27:00,29.3,30.25,29.3,29.3,700,21.473015,247100,1748.5,1740.0
2025-10-20 13:28:00,27.4,29.3,27.4,28.0,67550,19.966429,247100,1748.9,1740.0
2025-10-20 13:29:00,28.0,28.0,28.0,28.0,0,20.378604,247100,1748.2,1740.0
2025-10-20 13:30:00,28.0,28.0,28.0,28.0,0,19.610844,247100,1749.5,1740.0
2025-10-20 13:31:00,28.0,28.0,28.0,28.0,0,20.028639,247100,1748.8,1740.0
2025-10-20 13:32:00,28.85,28.85,28.0,28.85,68950,20.330843,247450,1749.7,1740.0
2025-10-20 13:33:00,17.45,17.45,17.45,17.45,0,18.761201,170100,1751.1,1760.0
2025-10-20 13:34:00,17.45,17.45,17.45,17.45,0,18.225092,170100,1752.3,1760.0
2025-10-20 13:35:00,17.45,17.45,17.45,17.45,0,18.180853,170100,1752.4,1760.0
2025-10-20 13:36:00,17.45,17.45,17.45,17.45,0,18.271999,170100,1752.2,1760.0
2025-10-20 13:37:00,17.45,17.45,17.45,17.45,0,18.272911,170100,1752.2,1760.0
2025-10-20 13:38:00,17.45,17.45,17.45,17.45,0,18.408726,170100,1751.9,1760.0
2025-10-20 13:39:00,17.45,17.45,17.45,17.45,0,18.85548,170100,1750.9,1760.0
2025-10-20 13:40:00,17.45,17.45,17.45,17.45,0,19.077199,170100,1750.4,1760.0
2025-10-20 13:41:00,17.45,17.45,17.45,17.45,0,18.989989,170100,1750.6,1760.0
2025-10-20 13:42:00,17.45,17.45,17.45,17.45,0,18.946766,170100,1750.7,1760.0
2025-10-20 13:43:00,17.45,17.45,17.45,17.45,0,18.903487,170100,1750.8,1760.0
2025-10-20 13:44:00,17.45,17.45,17.45,17.45,0,19.03691,170100,1750.5,1760.0
2025-10-20 13:45:00,28.85,28.85,28.85,28.85,0,20.523151,247450,1749.4,1740.0
2025-10-20 13:46:00,28.85,28.85,28.85,28.85,0,20.225619,247450,1749.9,1740.0
2025-10-20 13:47:00,29.0,29.0,28.85,29.0,70000,20.374634,247450,1749.9,1740.0
2025-10-20 13:48:00,29.0,29.0,29.0,29.0,0,20.435576,247450,1749.8,1740.0
2025-10-20 13:49:00,29.0,29.0,29.0,29.0,71400,20.734114,247450,1749.3,1740.0
2025-10-20 13:50:00,29.0,29.0,29.0,29.0,0,20.616567,247450,1749.5,1740.0
2025-10-20 13:51:00,28.4,29.0,28.4,28.4,72100,20.559552,247100,1748.6,1740.0
2025-10-20 13:52:00,28.0,28.4,28.0,28.0,350,19.931773,247450,1749.0,1740.0
2025-10-20 13:53:00,17.65,17.65,17.65,17.65,0,19.192023,169400,1750.6,1760.0
2025-10-20 13:54:00,17.65,17.65,17.65,17.65,0,19.325306,169400,1750.3,1760.0
2025-10-20 13:55:00,17.65,17.65,17.65,17.65,0,19.238085,169400,1750.5,1760.0
2025-10-20 13:56:00,17.65,17.65,17.65,17.65,0,18.705298,169400,1751.7,1760.0
2025-10-20 13:57:00,19.7,19.7,17.65,19.7,282800,20.702009,169750,1751.6,1760.0
2025-10-20 13:58:00,19.7,19.7,19.7,19.7,0,20.567448,169750,1751.9,1760.0
2025-10-20 13:59:00,19.7,19.7,19.7,19.7,0,21.107892,169750,1750.7,1760.0
2025-10-20 14:00:00,29.1,29.1,29.1,29.1,0,21.313185,247450,1748.5,1740.0
2025-10-20 14:01:00,19.7,19.7,19.7,19.7,0,21.332526,169400,1750.2,1760.0
2025-10-20 14:02:00,19.7,19.7,19.7,19.7,0,21.110979,169400,1750.7,1760.0
2025-10-20 14:03:00,19.7,19.7,19.7,19.7,0,21.290183,169400,1750.3,1760.0
2025-10-20 14:04:00,19.7,19.7,19.7,19.7,0,21.29122,169400,1750.3,1760.0
2025-10-20 14:05:00,29.1,29.1,29.1,29.1,0,20.730844,247450,1749.5,1740.0
2025-10-20 14:06:00,29.1,29.1,29.1,29.1,0,20.909543,247450,1749.2,1740.0
2025-10-20 14:07:00,29.1,29.1,29.1,29.1,0,20.91061,247450,1749.2,1740.0
2025-10-20 14:08:00,29.1,29.1,29.1,29.1,0,21.379946,247450,1748.4,1740.0
2025-10-20 14:09:00,29.1,29.1,29.1,29.1,0,21.381029,247450,1748.4,1740.0
2025-10-20 14:10:00,29.1,29.1,29.1,29.1,0,20.73615,247100,1749.5,1740.0
2025-10-20 14:11:00,29.5,29.5,29.1,29.5,73850,21.071514,247100,1749.6,1740.0
2025-10-20 14:12:00,28.8,29.5,27.15,27.75,1750,20.985504,247100,1746.8,1740.0
2025-10-20 14:13:00,27.75,27.75,27.75,27.75,0,20.528179,247100,1747.6,1740.0
2025-10-20 14:14:00,27.75,27.75,27.75,27.75,0,20.529226,247100,1747.6,1740.0
2025-10-20 14:15:00,27.75,27.75,27.75,27.75,0,20.298213,247100,1748.0,1740.0
2025-10-20 14:16:00,27.75,27.75,27.75,27.75,0,20.81871,247100,1747.1,1740.0
2025-10-20 14:17:00,27.75,27.75,27.75,27.75,0,20.590085,247100,1747.5,1740.0
2025-10-20 14:18:00,27.75,27.75,27.75,27.75,75950,20.934979,246750,1746.9,1740.0
2025-10-20 14:19:00,26.8,27.75,26.8,26.8,350,21.626996,246750,1744.0,1740.0
2025-10-20 14:20:00,25.9,26.8,25.25,25.25,78750,20.992761,247100,1742.4,1740.0
2025-10-20 14:21:00,25.25,25.25,25.25,25.25,0,21.153033,247100,1742.1,1740.0
2025-10-20 14:22:00,25.25,25.25,25.25,25.25,0,20.888266,247100,1742.6,1740.0
2025-10-20 14:23:00,25.25,25.25,25.25,25.25,0,20.942663,247100,1742.5,1740.0
2025-10-20 14:24:00,25.0,25.25,25.0,25.0,80850,20.649307,247100,1742.6,1740.0
2025-10-20 14:25:00,25.0,25.0,25.0,25.0,0,20.489567,247100,1742.9,1740.0
2025-10-20 14:26:00,24.5,25.0,24.5,24.5,81200,20.115488,247450,1742.7,1740.0
2025-10-20 14:27:00,24.5,24.5,24.5,24.5,0,20.170125,247450,1742.6,1740.0
2025-10-20 14:28:00,24.4,24.5,24.4,24.4,82250,20.658545,247450,1741.5,1740.0
2025-10-20 14:29:00,24.0,24.4,24.0,24.3,3850,20.773011,247100,1741.1,1740.0
2025-10-20 14:30:00,24.5,24.5,24.3,24.5,82600,20.59879,247100,1741.8,1740.0
2025-10-20 14:31:00,24.5,24.5,24.5,24.5,0,20.757926,247100,1741.5,1740.0
2025-10-20 14:32:00,25.05,25.05,24.5,25.05,87150,20.002803,247800,1743.9,1740.0
2025-10-20 14:33:00,25.05,25.05,25.05,25.05,0,19.949036,247800,1744.0,1740.0
2025-10-20 14:34:00,25.05,25.05,25.05,25.05,0,20.331411,247800,1743.3,1740.0
2025-10-20 14:35:00,25.55,25.55,25.05,25.55,87850,20.923359,247800,1743.1,1740.0
2025-10-20 14:36:00,25.55,25.55,25.55,25.55,0,20.762546,247800,1743.4,1740.0
2025-10-20 14:37:00,25.95,25.95,25.55,25.95,88550,20.715,247800,1744.2,1740.0
2025-10-20 14:38:00,25.95,25.95,25.95,25.95,0,20.934367,247800,1743.8,1740.0
2025-10-20 14:39:00,25.2,25.95,25.0,25.0,93100,20.71834,246750,1742.5,1740.0
2025-10-20 14:40:00,25.0,25.0,25.0,25.0,0,20.825976,246750,1742.3,1740.0
2025-10-20 14:41:00,25.0,25.0,25.0,25.0,0,20.398394,246750,1743.1,1740.0
2025-10-20 14:42:00,25.65,25.7,25.0,25.7,95200,20.532918,248150,1744.1,1740.0
2025-10-20 14:43:00,25.7,25.7,25.7,25.7,0,20.314094,248150,1744.5,1740.0
2025-10-20 14:44:00,25.7,25.7,25.7,25.7,0,20.370248,248150,1744.4,1740.0
2025-10-20 14:45:00,25.7,25.7,25.7,25.7,0,20.590752,248150,1744.0,1740.0
2025-10-20 14:46:00,25.75,25.75,25.7,25.75,95550,20.74931,248500,1743.8,1740.0
2025-10-20 14:47:00,25.25,25.75,25.25,25.25,350,20.047207,248500,1744.2,1740.0
2025-10-20 14:48:00,25.25,25.25,25.25,25.25,0,20.158046,248500,1744.0,1740.0
2025-10-20 14:49:00,25.25,25.25,25.25,25.25,0,19.939008,248500,1744.4,1740.0
2025-10-20 14:50:00,25.3,25.5,25.25,25.5,96950,20.6204,247800,1743.6,1740.0
2025-10-20 14:51:00,25.45,25.5,25.45,25.45,350,20.300074,247800,1744.1,1740.0
2025-10-20 14:52:00,25.55,25.55,25.45,25.55,97300,20.725134,247800,1743.5,1740.0
2025-10-20 14:53:00,25.55,25.55,25.55,25.55,0,20.726182,247800,1743.5,1740.0
2025-10-20 14:54:00,25.55,25.55,25.55,25.55,0,20.835496,247800,1743.3,1740.0
2025-10-20 14:55:00,25.85,25.85,25.55,25.85,98000,20.746455,248500,1744.0,1740.0
2025-10-20 14:56:00,25.85,25.85,25.85,25.85,0,20.747505,248500,1744.0,1740.0
2025-10-20 14:57:00,25.85,28.0,25.85,28.0,99050,20.819176,248850,1747.6,1740.0
2025-10-20 14:58:00,28.0,28.0,28.0,28.0,0,20.762439,248850,1747.7,1740.0
2025-10-20 14:59:00,28.0,28.0,28.0,28.0,0,20.821301,248850,1747.6,1740.0
2025-10-20 15:00:00,28.0,28.0,28.0,28.0,0,22.28676,248850,1745.0,1740.0
2025-10-20 15:01:00,28.0,28.0,28.0,28.0,0,22.17767,248850,1745.2,1740.0
2025-10-20 15:02:00,25.55,28.0,25.55,25.55,99400,19.91051,248850,1745.0,1740.0
2025-10-20 15:03:00,25.55,25.55,25.55,25.55,0,19.687412,248850,1745.4,1740.0
2025-10-20 15:04:00,25.55,25.55,25.55,25.55,0,19.632107,248850,1745.5,1740.0
2025-10-20 15:05:00,25.55,25.55,25.55,25.55,0,20.246455,248850,1744.4,1740.0
2025-10-20 15:06:00,26.2,26.2,25.55,26.2,100100,20.154714,248850,1745.7,1740.0
2025-10-20 15:07:00,26.6,26.6,26.2,26.6,350,21.211982,248850,1744.5,1740.0
2025-10-20 15:08:00,26.6,26.6,26.6,26.6,0,21.213054,248850,1744.5,1740.0
2025-10-20 15:09:00,26.6,26.6,26.6,26.6,0,20.993543,248850,1744.9,1740.0
2025-10-20 15:10:00,26.6,26.6,26.6,26.6,0,20.939206,248850,1745.0,1740.0
2025-10-20 15:11:00,26.6,26.6,26.6,26.6,0,20.829151,248850,1745.2,1740.0
2025-10-20 15:12:00,26.6,26.6,26.6,26.6,0,21.436365,248850,1744.1,1740.0
2025-10-20 15:13:00,26.6,26.6,26.6,26.6,0,21.21841,248850,1744.5,1740.0
2025-10-20 15:14:00,26.0,26.6,26.0,26.0,101150,20.192886,248850,1745.3,1740.0
2025-10-20 15:15:00,26.0,26.0,26.0,26.0,0,19.685384,248850,1746.2,1740.0
2025-10-20 15:16:00,26.0,26.0,26.0,26.0,0,19.913575,248850,1745.8,1740.0
2025-10-20 15:17:00,26.0,26.0,26.0,26.0,0,19.400715,248850,1746.7,1740.0
2025-10-20 15:18:00,16.2,16.2,16.2,16.2,0,18.103687,177100,1750.1,1760.0
2025-10-20 15:19:00,29.5,29.5,26.0,29.5,102200,21.440622,248150,1749.1,1740.0
2025-10-20 15:20:00,18.15,18.9,18.0,18.9,1750,20.202708,174300,1751.2,1760.0
2025-10-20 15:21:00,18.2,18.9,18.2,18.7,320250,20.102185,174300,1751.0,1760.0
2025-10-20 15:22:00,19.0,19.0,18.65,18.65,3850,20.411676,174300,1750.2,1760.0
2025-10-20 15:23:00,19.0,19.0,18.65,19.0,321300,19.803757,170100,1752.3,1760.0
2025-10-20 15:24:00,19.0,19.0,19.0,19.0,0,20.031739,170100,1751.8,1760.0
2025-10-20 15:25:00,20.45,20.45,19.0,20.45,335650,19.742375,170100,1755.4,1760.0
2025-10-20 15:26:00,20.45,20.45,20.45,20.45,0,20.403934,170100,1754.0,1760.0
2025-10-20 15:27:00,20.45,20.45,20.45,20.45,337400,19.216028,167650,1756.5,1760.0
2025-10-20 15:28:00,20.7,20.7,20.45,20.7,1050,20.643951,167650,1754.0,1760.0
2025-10-20 15:29:00,20.5,20.7,20.5,20.5,339850,20.989388,167300,1754.0,1760.0
2025-10-21 13:45:00,30.45,30.45,30.45,30.45,0,24.153649,0,1749.0,1740.0
2025-10-21 13:46:00,18.7,18.7,18.7,18.7,0,21.704772,0,1750.8,1760.0
2025-10-21 13:47:00,18.7,18.7,18.7,18.7,0,17.11946,0,1759.9,1760.0
2025-10-21 13:48:00,18.7,18.7,18.7,18.7,0,15.606103,0,1762.6,1760.0
2025-10-21 13:49:00,18.7,18.7,18.7,18.7,0,15.373998,0,1763.0,1760.0
2025-10-21 13:50:00,18.7,18.7,18.7,18.7,0,14.659821,0,1764.2,1760.0
2025-10-21 13:51:00,20.9,23.75,20.9,20.9,1750,18.307095,167300,1761.8,1760.0
2025-10-21 13:52:00,20.9,20.9,20.9,20.9,0,18.753237,167300,1761.0,1760.0
2025-10-21 13:53:00,20.9,20.9,20.9,20.9,0,19.731317,167300,1759.2,1760.0
2025-10-21 13:54:00,20.9,20.9,20.9,20.9,0,19.518053,167300,1759.6,1760.0
2025-10-21 13:55:00,23.3,23.3,20.9,23.3,4900,22.322479,168000,1758.9,1760.0
2025-10-21 13:56:00,22.85,23.3,22.85,22.85,350,23.323261,168000,1756.1,1760.0
2025-10-21 13:57:00,21.7,22.85,21.7,21.7,5950,21.232183,168000,1757.9,1760.0
2025-10-21 13:58:00,21.7,21.7,21.7,21.7,0,20.918315,168000,1758.5,1760.0
2025-10-21 13:59:00,21.7,21.7,21.7,21.7,0,21.129854,168000,1758.1,1760.0
2025-10-21 14:00:00,21.7,21.7,21.7,21.7,8050,20.655824,167300,1759.0,1760.0
2025-10-21 14:01:00,21.7,21.7,21.7,21.7,0,20.816146,167300,1758.7,1760.0
2025-10-21 14:02:00,21.7,21.7,21.7,21.7,0,20.12188,167300,1760.0,1760.0
2025-10-21 14:03:00,21.7,21.7,21.7,21.7,0,20.499358,167300,1759.3,1760.0
2025-10-21 14:04:00,21.95,21.95,21.7,21.95,8750,21.96092,168350,1757.0,1760.0
2025-10-21 14:05:00,21.95,21.95,21.95,21.95,0,21.651208,168350,1757.6,1760.0
2025-10-21 14:06:00,21.95,21.95,21.95,21.95,0,23.97408,168350,1753.0,1760.0
2025-10-21 14:07:00,19.9,21.95,19.9,19.9,12250,21.60025,168000,1753.6,1760.0
2025-10-21 14:08:00,19.9,19.9,19.9,19.9,1050,21.895232,168000,1753.0,1760.0
2025-10-21 14:09:00,19.9,19.9,19.9,19.9,0,21.847626,168000,1753.1,1760.0
2025-10-21 14:10:00,21.0,21.0,19.9,21.0,14700,22.522406,168000,1754.0,1760.0
2025-10-21 14:11:00,21.0,21.0,21.0,21.0,0,21.874277,168000,1755.3,1760.0
2025-10-21 14:12:00,21.0,21.0,21.0,21.0,18200,21.925836,168000,1755.2,1760.0
2025-10-21 14:13:00,20.4,21.0,20.4,20.4,350,21.268765,171150,1755.3,1760.0
2025-10-21 14:14:00,20.45,20.45,20.4,20.45,18550,21.320611,171150,1755.3,1760.0
2025-10-21 14:15:00,20.15,20.45,20.15,20.15,700,21.168464,171150,1755.0,1760.0
2025-10-21 14:16:00,20.15,20.15,20.15,20.15,0,20.918169,171150,1755.5,1760.0
2025-10-21 14:17:00,20.15,20.15,20.15,20.15,0,21.320875,171150,1754.7,1760.0
2025-10-21 14:18:00,21.0,21.0,20.15,21.0,19600,22.083806,171150,1754.9,1760.0
2025-10-21 14:19:00,30.9,33.5,30.9,30.9,7350,24.050093,244300,1750.0,1740.0
2025-10-21 14:20:00,30.9,30.9,30.9,30.9,0,24.300475,244300,1749.6,1740.0
2025-10-21 14:21:00,18.3,18.3,18.3,18.3,0,21.243744,171500,1751.0,1760.0
2025-10-21 14:22:00,18.3,18.3,18.3,18.3,0,21.480982,171500,1750.5,1760.0
2025-10-21 14:23:00,18.15,18.3,18.15,18.15,24500,20.855692,172550,1751.5,1760.0
2025-10-21 14:24:00,18.15,18.15,18.15,18.15,0,20.951962,172550,1751.3,1760.0
2025-10-21 14:25:00,18.15,18.15,18.15,18.15,0,20.762645,172550,1751.7,1760.0
2025-10-21 14:26:00,18.05,18.15,18.05,18.05,26250,20.422523,172900,1752.2,1760.0
2025-10-21 14:27:00,18.0,18.05,18.0,18.0,350,19.645207,172900,1753.7,1760.0
2025-10-21 14:28:00,18.1,18.1,18.0,18.1,26950,20.040788,171500,1753.1,1760.0
2025-10-21 14:29:00,18.2,18.2,18.1,18.2,700,19.899586,171500,1753.6,1760.0
2025-10-21 14:30:00,18.25,18.25,18.2,18.25,27300,20.389603,171500,1752.7,1760.0
2025-10-21 14:31:00,18.25,18.25,18.25,18.25,0,20.390739,171500,1752.7,1760.0
2025-10-21 14:32:00,18.25,18.25,18.25,18.25,28700,21.015694,170450,1751.4,1760.0
2025-10-21 14:33:00,18.25,18.25,18.25,18.25,0,21.20678,170450,1751.0,1760.0
2025-10-21 14:34:00,18.25,18.25,18.25,18.25,0,21.06559,170450,1751.3,1760.0
2025-10-21 14:35:00,17.75,18.25,17.05,17.05,30100,20.077705,169750,1750.8,1760.0
2025-10-21 14:36:00,26.0,26.0,26.0,26.0,0,19.031858,243950,1749.8,1740.0
2025-10-21 14:37:00,26.1,26.1,26.0,26.1,13300,19.073717,242900,1749.9,1740.0
2025-10-21 14:38:00,16.55,17.05,16.55,16.55,350,19.61669,169400,1750.7,1760.0
2025-10-21 14:39:00,16.55,16.55,16.55,16.55,0,18.908612,169400,1752.2,1760.0
2025-10-21 14:40:00,16.55,16.55,16.55,16.55,0,18.861883,169400,1752.3,1760.0
2025-10-21 14:41:00,16.55,16.55,16.55,16.55,0,19.101261,169400,1751.8,1760.0
2025-10-21 14:42:00,16.55,16.55,16.55,16.55,0,18.527527,169050,1753.0,1760.0
2025-10-21 14:43:00,19.1,19.1,16.55,19.1,31850,19.580322,169050,1756.1,1760.0
2025-10-21 14:44:00,19.1,19.1,17.0,17.0,700,18.005294,169050,1755.0,1760.0
2025-10-21 14:45:00,17.0,17.0,17.0,17.0,0,18.005294,169050,1755.0,1760.0
2025-10-21 14:46:00,17.0,17.0,17.0,17.0,0,18.005294,169050,1755.0,1760.0
2025-10-21 14:47:00,17.0,17.0,17.0,17.0,0,18.005294,169050,1755.0,1760.0
2025-10-21 14:48:00,17.0,17.0,17.0,17.0,0,18.005294,169050,1755.0,1760.0
2025-10-21 14:49:00,17.0,17.0,17.0,17.0,0,18.005294,169050,1755.0,1760.0
2025-10-21 14:50:00,17.0,17.0,17.0,17.0,0,18.005294,169050,1755.0,1760.0
2025-10-21 14:51:00,17.0,17.0,17.0,17.0,0,18.005294,169050,1755.0,1760.0
2025-10-21 14:52:00,17.0,17.0,17.0,17.0,0,18.005294,169050,1755.0,1760.0
2025-10-21 14:53:00,17.0,17.0,17.0,17.0,0,18.005294,169050,1755.0,1760.0
2025-10-21 14:54:00,17.0,17.0,17.0,17.0,0,18.005294,169050,1755.0,1760.0
2025-10-21 14:55:00,17.0,17.0,17.0,17.0,0,18.005294,169050,1755.0,1760.0
2025-10-21 14:56:00,17.0,17.0,17.0,17.0,0,18.005294,169050,1755.0,1760.0
2025-10-21 14:57:00,17.0,17.0,17.0,17.0,0,18.005294,169050,1755.0,1760.0
2025-10-21 14:58:00,17.0,17.0,17.0,17.0,0,18.005294,169050,1755.0,1760.0
2025-10-21 14:59:00,17.0,17.0,17.0,17.0,0,18.005294,169050,1755.0,1760.0
2025-10-21 15:00:00,17.0,17.0,17.0,17.0,0,18.005294,169050,1755.0,1760.0
2025-10-21 15:01:00,17.0,17.0,17.0,17.0,0,18.005294,169050,1755.0,1760.0
2025-10-21 15:02:00,17.0,17.0,17.0,17.0,0,18.005294,169050,1755.0,1760.0
2025-10-21 15:03:00,17.0,17.0,17.0,17.0,0,18.005294,169050,1755.0,1760.0
2025-10-21 15:04:00,17.0,17.0,17.0,17.0,0,18.005294,169050,1755.0,1760.0
2025-10-21 15:05:00,17.0,17.0,17.0,17.0,0,18.005294,169050,1755.0,1760.0
2025-10-21 15:06:00,17.0,17.0,17.0,17.0,0,18.005294,169050,1755.0,1760.0
2025-10-21 15:07:00,17.0,17.0,17.0,17.0,0,18.005294,169050,1755.0,1760.0
2025-10-21 15:08:00,17.0,17.0,17.0,17.0,0,18.005294,169050,1755.0,1760.0
2025-10-21 15:09:00,17.0,17.0,17.0,17.0,0,18.005294,169050,1755.0,1760.0
2025-10-21 15:10:00,17.0,17.0,17.0,17.0,0,18.005294,169050,1755.0,1760.0
2025-10-21 15:11:00,17.0,17.0,17.0,17.0,0,18.005294,169050,1755.0,1760.0
2025-10-21 15:12:00,17.0,17.0,17.0,17.0,0,18.005294,169050,1755.0,1760.0
2025-10-21 15:13:00,17.0,17.0,17.0,17.0,0,18.005294,169050,1755.0,1760.0
2025-10-21 15:14:00,17.0,17.0,17.0,17.0,0,18.005294,169050,1755.0,1760.0
2025-10-21 15:15:00,17.0,17.0,17.0,17.0,0,18.005294,169050,1755.0,1760.0
2025-10-21 15:16:00,17.0,17.0,17.0,17.0,0,18.005294,169050,1755.0,1760.0
2025-10-21 15:17:00,17.0,17.0,17.0,17.0,0,18.005294,169050,1755.0,1760.0
2025-10-21 15:18:00,17.0,17.0,17.0,17.0,0,18.005294,169050,1755.0,1760.0
2025-10-21 15:19:00,17.0,17.0,17.0,17.0,0,18.005294,169050,1755.0,1760.0
2025-10-21 15:20:00,17.0,17.0,17.0,17.0,0,18.005294,169050,1755.0,1760.0
2025-10-21 15:21:00,17.0,17.0,17.0,17.0,0,18.005294,169050,1755.0,1760.0
2025-10-21 15:22:00,17.0,17.0,17.0,17.0,0,18.005294,169050,1755.0,1760.0
2025-10-21 15:23:00,17.0,17.0,17.0,17.0,0,18.005294,169050,1755.0,1760.0
2025-10-21 15:24:00,17.0,17.0,17.0,17.0,0,18.005294,169050,1755.0,1760.0
2025-10-21 15:25:00,17.0,17.0,17.0,17.0,0,18.005294,169050,1755.0,1760.0
2025-10-21 15:26:00,17.0,17.0,17.0,17.0,0,18.005294,169050,1755.0,1760.0
2025-10-21 15:27:00,17.0,17.0,17.0,17.0,0,18.005294,169050,1755.0,1760.0
2025-10-21 15:28:00,17.0,17.0,17.0,17.0,0,18.005294,169050,1755.0,1760.0
2025-10-21 15:29:00,17.0,17.0,17.0,17.0,0,18.005294,169050,1755.0,1760.0
2025-10-23 09:15:00,18.25,18.25,18.25,18.25,0,20.308033,0,1758.9,1760.0
2025-10-23 09:16:00,18.25,18.25,18.25,18.25,0,13.825643,168700,1768.4,1760.0
2025-10-23 09:17:00,22.95,26.5,22.75,26.5,5250,23.072201,168700,1769.4,1760.0
2025-10-23 09:18:00,26.5,26.5,26.5,26.5,0,25.558215,165200,1765.8,1760.0
2025-10-23 09:19:00,26.5,26.5,26.5,26.5,0,29.490584,165200,1759.6,1760.0
2025-10-23 09:20:00,18.5,26.5,18.5,19.4,23800,21.411599,165200,1759.3,1760.0
2025-10-23 09:21:00,18.0,19.4,18.0,18.0,1750,20.802198,165200,1757.6,1760.0
2025-10-23 09:22:00,18.2,18.2,18.0,18.2,26250,20.500987,165200,1758.5,1760.0
2025-10-23 09:23:00,18.2,18.2,18.2,18.2,0,19.528256,165200,1760.1,1760.0
2025-10-23 09:24:00,18.2,18.2,18.2,18.2,0,19.653153,165200,1759.9,1760.0
2025-10-23 09:25:00,18.2,18.2,18.2,18.2,0,14.1714,165550,1767.9,1760.0
2025-10-23 09:26:00,14.2,14.2,12.45,14.2,350,20.014532,53550,1770.6,1780.0
2025-10-23 09:27:00,24.7,24.7,24.7,24.7,0,21.441059,165550,1768.7,1760.0
2025-10-23 09:28:00,22.55,24.7,22.55,22.55,43400,21.465438,164850,1765.0,1760.0
2025-10-23 09:29:00,22.3,22.55,22.3,22.3,6650,20.901995,164850,1765.4,1760.0
2025-10-23 09:30:00,13.6,13.6,12.3,13.6,10500,19.576331,54600,1770.1,1780.0
2025-10-23 09:31:00,24.95,24.95,24.95,24.95,0,21.746314,161700,1768.7,1760.0
2025-10-23 09:32:00,23.85,24.95,23.85,23.85,52500,21.709565,161700,1766.9,1760.0
2025-10-23 09:33:00,22.25,23.85,22.25,22.25,350,19.597559,161700,1767.2,1760.0
2025-10-23 09:34:00,22.25,22.25,22.25,22.25,0,20.09266,161000,1766.5,1760.0
2025-10-23 09:35:00,22.25,22.25,22.25,22.25,0,20.510209,161000,1765.9,1760.0
2025-10-23 09:36:00,21.75,22.25,21.75,21.75,55650,20.19473,161000,1765.5,1760.0
2025-10-23 09:37:00,21.0,21.75,21.0,21.15,2100,20.098881,158900,1764.6,1760.0
2025-10-23 09:38:00,22.65,22.65,21.15,22.65,60200,20.712488,158900,1766.3,1760.0
2025-10-23 09:39:00,20.8,22.65,20.8,20.8,6650,20.024708,158900,1764.1,1760.0
2025-10-23 09:40:00,20.75,20.8,20.75,20.75,60550,21.780111,160300,1761.3,1760.0
2025-10-23 09:41:00,19.4,20.75,18.75,20.15,8400,21.080842,160300,1761.3,1760.0
2025-10-23 09:42:00,20.0,20.15,19.75,19.75,63350,20.488496,160300,1761.5,1760.0
2025-10-23 09:43:00,19.5,19.75,19.5,19.5,8750,20.576151,159600,1760.9,1760.0
2025-10-23 09:44:00,19.5,19.5,19.5,19.5,0,20.325878,159600,1761.3,1760.0
2025-10-23 09:45:00,18.25,19.5,18.1,18.1,72800,19.566927,159600,1759.9,1760.0
2025-10-23 09:46:00,18.2,18.2,17.55,17.55,700,18.864761,159600,1760.0,1760.0
2025-10-23 09:47:00,17.55,17.55,17.55,17.55,0,18.113345,159600,1761.2,1760.0
2025-10-23 09:48:00,17.55,17.55,17.55,17.55,0,18.867562,159600,1760.0,1760.0
2025-10-23 09:49:00,17.55,17.55,17.55,17.55,0,18.557696,159600,1760.5,1760.0
2025-10-23 09:50:00,17.55,17.55,17.55,17.55,0,18.559083,159600,1760.5,1760.0
2025-10-23 09:51:00,17.55,17.55,17.55,17.55,0,19.846646,159600,1758.4,1760.0
2025-10-23 09:52:00,17.55,17.55,17.55,17.55,0,20.968696,159600,1756.5,1760.0
2025-10-23 09:53:00,17.55,17.55,17.55,17.55,0,20.20752,159600,1757.8,1760.0
2025-10-23 09:54:00,17.55,17.55,17.55,17.55,0,20.504382,159600,1757.3,1760.0
2025-10-23 09:55:00,17.55,17.55,17.55,17.55,0,19.972252,159600,1758.2,1760.0
2025-10-23 09:56:00,17.55,17.55,17.55,17.55,0,20.507374,159600,1757.3,1760.0
2025-10-23 09:57:00,17.0,17.55,17.0,17.0,74900,20.623317,159600,1756.0,1760.0
2025-10-23 09:58:00,17.0,17.0,17.0,17.0,0,20.624816,158900,1756.0,1760.0
2025-10-23 09:59:00,17.0,17.0,17.0,17.0,0,20.221317,158900,1756.7,1760.0
2025-10-23 10:00:00,17.0,17.0,17.0,17.0,0,19.218175,158900,1758.4,1760.0
2025-10-23 10:01:00,17.7,17.7,17.0,17.7,78050,20.394343,158900,1757.8,1760.0
2025-10-23 10:02:00,16.7,17.7,16.7,16.7,700,20.165313,158900,1756.2,1760.0
2025-10-23 10:03:00,16.7,16.7,16.7,16.7,0,19.993263,158900,1756.5,1760.0
2025-10-23 10:04:00,16.6,16.7,16.6,16.6,79800,19.877988,159250,1756.5,1760.0
2025-10-23 10:05:00,16.6,16.6,16.6,16.6,0,20.39737,159250,1755.6,1760.0
2025-10-23 10:06:00,16.6,16.6,16.6,16.6,0,20.112068,159250,1756.1,1760.0
2025-10-23 10:07:00,16.6,16.6,16.6,16.6,0,20.055891,158900,1756.2,1760.0
2025-10-23 10:08:00,18.05,18.05,16.6,18.05,80850,20.334764,158900,1758.6,1760.0
2025-10-23 10:09:00,18.05,18.05,18.05,18.05,0,20.155008,158900,1758.9,1760.0
2025-10-23 10:10:00,18.05,18.05,18.05,18.05,0,19.852091,158900,1759.4,1760.0
2025-10-23 10:11:00,17.55,18.05,17.55,17.55,81200,20.647406,159950,1757.1,1760.0
2025-10-23 10:12:00,16.75,17.55,16.75,16.75,350,19.831935,159950,1756.9,1760.0
2025-10-23 10:13:00,17.0,17.0,16.75,17.0,88200,20.183725,160300,1756.8,1760.0
2025-10-23 10:14:00,16.2,17.0,16.2,16.2,1750,19.250893,160300,1756.8,1760.0
2025-10-23 10:15:00,16.2,16.2,16.2,16.2,89600,19.135507,160300,1757.0,1760.0
2025-10-23 10:16:00,16.2,16.2,16.2,16.2,0,18.605816,160300,1757.9,1760.0
2025-10-23 10:17:00,16.2,16.2,16.2,16.2,0,18.547613,160300,1758.0,1760.0
2025-10-23 10:18:00,16.2,16.2,16.2,16.2,0,19.314823,160300,1756.7,1760.0
2025-10-23 10:19:00,16.2,16.2,16.2,16.2,0,19.3744,160300,1756.6,1760.0
2025-10-23 10:20:00,17.25,17.25,16.2,17.25,91700,20.074959,166250,1757.5,1760.0
2025-10-23 10:21:00,17.25,17.25,17.25,17.25,0,20.720431,166250,1756.4,1760.0
2025-10-23 10:22:00,17.0,17.25,17.0,17.0,92050,19.844922,166250,1757.4,1760.0
2025-10-23 10:23:00,17.25,17.25,17.0,17.25,350,19.180234,166250,1759.0,1760.0
2025-10-23 10:24:00,17.25,17.25,17.25,17.25,92400,19.363561,166250,1758.7,1760.0
2025-10-23 10:25:00,17.25,17.25,17.25,17.25,0,19.605903,166250,1758.3,1760.0
2025-10-23 10:26:00,17.25,17.25,17.25,17.25,0,18.817339,165200,1759.6,1760.0
2025-10-23 10:27:00,17.25,17.25,17.25,17.25,0,18.818744,165200,1759.6,1760.0
2025-10-23 10:28:00,17.75,17.75,17.25,17.75,93800,19.281663,165900,1759.8,1760.0
2025-10-23 10:29:00,17.75,17.75,17.75,17.75,0,19.89465,165900,1758.8,1760.0
2025-10-23 10:30:00,17.55,17.75,17.55,17.55,95900,19.662328,165900,1758.8,1760.0
2025-10-23 10:31:00,17.55,17.55,17.55,17.55,0,20.500936,165900,1757.4,1760.0
2025-10-23 10:32:00,17.55,17.55,17.55,17.55,0,21.377099,165900,1755.9,1760.0
2025-10-23 10:33:00,16.55,17.55,16.55,16.55,96250,19.57017,165900,1757.0,1760.0
2025-10-23 10:34:00,16.55,16.55,16.55,16.55,0,19.395349,165900,1757.3,1760.0
2025-10-23 10:35:00,17.05,17.05,16.55,17.05,96600,19.685344,166250,1757.8,1760.0
2025-10-23 10:36:00,17.05,17.05,17.05,17.05,0,19.025656,166250,1758.9,1760.0
2025-10-23 10:37:00,17.0,17.05,17.0,17.0,97300,19.450846,166250,1758.1,1760.0
2025-10-23 10:38:00,17.0,17.0,17.0,17.0,0,19.452286,166250,1758.1,1760.0
2025-10-23 10:39:00,17.0,17.0,17.0,17.0,0,19.453726,166250,1758.1,1760.0
2025-10-23 10:40:00,17.0,17.0,17.0,17.0,0,19.634143,166250,1757.8,1760.0
2025-10-23 10:41:00,17.0,17.0,17.0,17.0,0,20.049417,166250,1757.1,1760.0
2025-10-23 10:42:00,16.3,17.0,16.3,16.3,97650,19.2907,165900,1757.0,1760.0
2025-10-23 10:43:00,16.3,16.3,16.3,16.3,0,19.233463,165900,1757.1,1760.0
2025-10-23 10:44:00,16.3,16.3,16.3,16.3,0,18.939908,165900,1757.6,1760.0
2025-10-23 10:45:00,16.3,16.3,16.3,16.3,0,18.703291,165900,1758.0,1760.0
2025-10-23 10:46:00,16.3,16.3,16.3,16.3,0,18.764366,165900,1757.9,1760.0
2025-10-23 10:47:00,16.3,16.3,16.3,16.3,0,18.88479,165900,1757.7,1760.0
2025-10-23 10:48:00,16.3,16.3,16.3,16.3,0,19.299263,165900,1757.0,1760.0
2025-10-23 10:49:00,16.55,16.55,16.3,16.55,98350,19.710366,165900,1756.8,1760.0
2025-10-23 10:50:00,17.0,17.0,16.55,17.0,2800,20.0627,165550,1757.1,1760.0
2025-10-23 10:51:00,17.0,17.0,17.0,17.0,0,20.12291,165550,1757.0,1760.0
2025-10-23 10:52:00,17.45,17.45,17.0,17.45,101500,19.939209,169050,1758.2,1760.0
2025-10-23 10:53:00,17.45,17.45,17.45,17.45,0,19.760248,169050,1758.5,1760.0
2025-10-23 10:54:00,17.45,17.45,17.45,17.45,0,20.002079,169050,1758.1,1760.0
2025-10-23 10:55:00,17.45,17.45,17.45,17.45,0,20.182684,169050,1757.8,1760.0
2025-10-23 10:56:00,17.45,17.45,17.45,17.45,0,19.704257,169050,1758.6,1760.0
2025-10-23 10:57:00,16.75,17.45,16.75,16.75,102200,19.306563,169750,1757.9,1760.0
2025-10-23 10:58:00,16.75,16.75,16.75,16.75,0,18.70551,169750,1758.9,1760.0
2025-10-23 10:59:00,16.75,16.75,16.75,16.75,0,19.069838,169750,1758.3,1760.0
2025-10-23 11:00:00,16.75,16.75,16.75,16.75,0,19.071261,170100,1758.3,1760.0
2025-10-23 11:01:00,16.75,16.75,16.75,16.75,0,19.844916,170100,1757.0,1760.0
2025-10-23 11:02:00,16.65,17.15,16.65,17.15,103950,19.542557,170450,1758.3,1760.0
2025-10-23 11:03:00,16.7,17.15,16.7,16.7,350,19.375746,170450,1757.7,1760.0
2025-10-23 11:04:00,16.7,16.7,16.7,16.7,104300,20.082978,170450,1756.5,1760.0
2025-10-23 11:05:00,16.7,16.7,16.7,16.7,2450,19.615599,169400,1757.3,1760.0
2025-10-23 11:06:00,16.5,16.7,16.5,16.5,106750,19.382752,169400,1757.3,1760.0
2025-10-23 11:07:00,16.5,16.5,16.5,16.5,0,19.911133,169400,1756.4,1760.0
2025-10-23 11:08:00,16.5,16.5,16.5,16.5,0,20.201816,169400,1755.9,1760.0
2025-10-23 11:09:00,16.5,16.5,16.5,16.5,0,20.604212,169400,1755.2,1760.0
2025-10-23 11:10:00,16.5,16.5,16.5,16.5,0,20.262347,169400,1755.8,1760.0
2025-10-23 11:11:00,16.5,16.5,16.5,16.5,0,20.090862,169400,1756.1,1760.0
2025-10-23 11:12:00,16.5,16.5,16.5,16.5,0,19.976533,169400,1756.3,1760.0
2025-10-23 11:13:00,15.75,16.5,15.75,15.75,110600,19.098441,168700,1756.3,1760.0
2025-10-23 11:14:00,15.75,15.75,15.75,15.75,0,18.808884,168700,1756.8,1760.0
2025-10-23 11:15:00,15.75,15.75,15.75,15.75,0,18.810284,168700,1756.8,1760.0
2025-10-23 11:16:00,15.75,15.75,15.75,15.75,0,19.10269,168700,1756.3,1760.0
2025-10-23 11:17:00,15.75,15.75,15.75,15.75,0,19.104106,168700,1756.3,1760.0
2025-10-23 11:18:00,15.75,15.75,15.75,15.75,0,19.105526,168700,1756.3,1760.0
2025-10-23 11:19:00,15.75,15.75,15.75,15.75,0,19.106943,168700,1756.3,1760.0
2025-10-23 11:20:00,15.75,15.75,15.75,15.75,0,19.108362,168700,1756.3,1760.0
2025-10-23 11:21:00,15.75,15.75,15.75,15.75,0,19.741202,168700,1755.2,1760.0
2025-10-23 11:22:00,15.75,15.75,15.75,15.75,0,19.742661,168700,1755.2,1760.0
2025-10-23 11:23:00,14.45,15.75,14.45,14.45,112700,19.330022,169050,1753.2,1760.0
2025-10-23 11:24:00,14.4,14.45,14.4,14.4,1750,19.436353,169050,1752.9,1760.0
2025-10-23 11:25:00,14.4,14.4,14.4,14.4,113050,19.273847,169050,1753.2,1760.0
2025-10-23 11:26:00,14.4,14.4,14.4,14.4,0,19.439214,169050,1752.9,1760.0
2025-10-23 11:27:00,14.4,14.4,14.4,14.4,0,19.386075,169050,1753.0,1760.0
2025-10-23 11:28:00,14.4,14.4,14.4,14.4,0,19.387503,169050,1753.0,1760.0
2025-10-23 11:29:00,14.4,14.4,14.4,14.4,0,19.552401,169050,1752.7,1760.0
2025-10-23 11:30:00,14.4,14.4,14.4,14.4,0,19.390353,169050,1753.0,1760.0
2025-10-23 11:31:00,14.0,14.4,14.0,14.0,115150,19.027954,168700,1752.8,1760.0
2025-10-23 11:32:00,14.0,14.0,14.0,14.0,0,19.353867,168700,1752.2,1760.0
2025-10-23 11:33:00,13.65,14.0,13.65,13.65,115500,19.154847,168700,1751.8,1760.0
2025-10-23 11:34:00,13.65,13.65,13.65,13.65,0,19.049294,168700,1752.0,1760.0
2025-10-23 11:35:00,13.65,13.65,13.65,13.65,0,19.157664,168700,1751.8,1760.0
2025-10-23 11:36:00,13.3,13.65,13.2,13.2,118650,18.942923,168700,1751.2,1760.0
2025-10-23 11:37:00,13.2,13.2,13.2,13.2,0,18.305371,168700,1752.4,1760.0
2025-10-23 11:38:00,13.2,13.2,13.2,13.2,0,18.840008,168700,1751.4,1760.0
2025-10-23 11:39:00,13.2,13.2,13.2,13.2,119700,18.947103,170450,1751.2,1760.0
2025-10-23 11:40:00,13.2,13.2,13.2,13.2,0,18.683629,170450,1751.7,1760.0
2025-10-23 11:41:00,13.2,13.2,13.2,13.2,0,18.897069,170450,1751.3,1760.0
2025-10-23 11:42:00,13.2,13.2,13.2,13.2,0,18.951283,170450,1751.2,1760.0
2025-10-23 11:43:00,13.2,13.2,13.2,13.2,0,19.005429,170450,1751.1,1760.0
2025-10-23 11:44:00,13.2,13.2,13.2,13.2,0,18.689143,170450,1751.7,1760.0
2025-10-23 11:45:00,13.2,13.2,13.2,13.2,0,18.796736,170450,1751.5,1760.0
2025-10-23 11:46:00,13.2,13.2,13.2,13.2,0,18.851115,169750,1751.4,1760.0
2025-10-23 11:47:00,13.8,13.8,13.2,13.8,121800,19.191851,169750,1752.1,1760.0
2025-10-23 11:48:00,13.8,13.8,13.8,13.8,0,19.031678,169750,1752.4,1760.0
2025-10-23 11:49:00,13.8,13.8,13.8,13.8,0,19.248386,169750,1752.0,1760.0
2025-10-23 11:50:00,13.6,13.8,13.6,13.6,127050,18.797375,171500,1752.4,1760.0
2025-10-23 11:51:00,13.6,13.6,13.6,13.6,0,18.200405,171500,1753.5,1760.0
2025-10-23 11:52:00,14.1,15.0,13.6,15.0,131600,19.634332,177100,1753.9,1760.0
2025-10-23 11:53:00,14.85,15.0,14.5,14.95,4550,19.409504,177100,1754.2,1760.0
2025-10-23 11:54:00,14.75,14.95,14.75,14.95,132300,19.355006,177100,1754.3,1760.0
2025-10-23 11:55:00,14.95,14.95,14.95,14.95,4900,19.746143,177100,1753.6,1760.0
2025-10-23 11:56:00,14.95,14.95,14.95,14.95,0,19.913325,177100,1753.3,1760.0
2025-10-23 11:57:00,14.95,14.95,14.3,14.3,138600,19.419808,182350,1752.8,1760.0
2025-10-23 11:58:00,14.5,14.5,13.65,13.75,6300,19.148062,183050,1752.1,1760.0
2025-10-23 11:59:00,13.75,13.75,13.75,13.75,0,19.63011,183050,1751.2,1760.0
2025-10-23 12:00:00,13.9,13.9,13.75,13.9,145250,19.86322,183050,1751.1,1760.0
2025-10-23 12:01:00,13.9,13.9,13.9,13.9,0,19.970623,183050,1750.9,1760.0
2025-10-23 12:02:00,13.9,13.9,13.9,13.9,0,19.972087,183050,1750.9,1760.0
2025-10-23 12:03:00,13.9,13.9,13.9,13.9,0,19.708093,183050,1751.4,1760.0
2025-10-23 12:04:00,13.9,13.9,13.9,13.9,0,20.080691,183050,1750.7,1760.0
2025-10-23 12:05:00,13.6,13.9,13.6,13.6,145950,19.565969,183050,1751.0,1760.0
2025-10-23 12:06:00,13.6,13.6,13.6,13.6,0,18.927422,183050,1752.2,1760.0
2025-10-23 12:07:00,13.6,13.6,13.6,13.6,0,19.46295,183050,1751.2,1760.0
2025-10-23 12:08:00,13.6,13.6,13.6,13.6,0,19.358175,183050,1751.4,1760.0
2025-10-23 12:09:00,13.6,13.6,13.6,13.6,0,19.412746,183050,1751.3,1760.0
2025-10-23 12:10:00,13.6,13.6,13.6,13.6,0,19.414174,183050,1751.3,1760.0
2025-10-23 12:11:00,13.6,13.6,13.6,13.6,0,18.934427,183050,1752.2,1760.0
2025-10-23 12:12:00,13.6,13.6,13.6,13.6,0,18.881961,183050,1752.3,1760.0
2025-10-23 12:13:00,13.6,13.6,13.6,13.6,147000,18.937231,183050,1752.2,1760.0
2025-10-23 12:14:00,13.6,13.6,13.6,13.6,0,19.419894,183050,1751.3,1760.0
2025-10-23 12:15:00,13.6,13.6,13.6,13.6,0,19.474415,183050,1751.2,1760.0
2025-10-23 12:16:00,13.6,13.6,13.6,13.6,0,18.887556,183050,1752.3,1760.0
2025-10-23 12:17:00,13.55,13.6,13.55,13.55,147350,19.311445,183400,1751.4,1760.0
2025-10-23 12:18:00,13.55,13.55,13.55,13.55,0,18.505966,183400,1752.9,1760.0
2025-10-23 12:19:00,13.55,13.55,13.55,13.55,0,18.940006,183400,1752.1,1760.0
2025-10-23 12:20:00,13.55,13.55,13.55,13.55,0,18.941407,183400,1752.1,1760.0
2025-10-23 12:21:00,13.55,13.55,13.55,13.55,0,18.564484,183750,1752.8,1760.0
2025-10-23 12:22:00,13.9,13.9,13.55,13.9,151550,18.981194,184450,1752.8,1760.0
2025-10-23 12:23:00,13.9,13.9,13.9,13.9,0,18.873503,184450,1753.0,1760.0
2025-10-23 12:24:00,13.9,13.9,13.9,13.9,0,19.201213,184450,1752.4,1760.0
2025-10-23 12:25:00,13.7,13.9,13.7,13.7,151900,18.910894,184450,1752.5,1760.0
2025-10-23 12:26:00,13.95,13.95,13.7,13.95,350,19.209262,186900,1752.5,1760.0
2025-10-23 12:27:00,13.95,13.95,13.95,13.95,0,19.534688,186900,1751.9,1760.0
2025-10-23 12:28:00,13.95,13.95,13.95,13.95,0,19.482326,186900,1752.0,1760.0
2025-10-23 12:29:00,13.95,13.95,13.95,13.95,0,19.537572,186900,1751.9,1760.0
2025-10-23 12:30:00,13.95,13.95,13.95,13.95,0,20.019827,186900,1751.0,1760.0
2025-10-23 12:31:00,13.95,13.95,13.95,13.95,0,20.233071,186900,1750.6,1760.0
2025-10-23 12:32:00,13.7,13.95,13.7,13.7,152600,19.988362,186900,1750.5,1760.0
2025-10-23 12:33:00,13.9,13.9,13.7,13.9,700,19.591191,186900,1751.7,1760.0
2025-10-23 12:34:00,13.9,13.9,13.9,13.9,0,19.912908,186900,1751.1,1760.0
2025-10-23 12:35:00,14.35,14.35,13.9,14.35,155050,20.130046,186200,1751.7,1760.0
2025-10-23 12:36:00,14.35,14.35,14.35,14.35,0,18.593593,186200,1754.5,1760.0
2025-10-23 12:37:00,14.35,14.35,14.35,14.35,0,17.74112,186200,1756.0,1760.0
2025-10-23 12:38:00,16.25,16.25,14.35,15.75,166950,19.336018,181300,1756.1,1760.0
2025-10-23 12:39:00,16.45,16.65,15.75,16.65,700,19.396233,181300,1757.8,1760.0
2025-10-23 12:40:00,16.55,17.8,16.1,16.1,175350,20.55516,180950,1754.7,1760.0
2025-10-23 12:41:00,16.1,16.1,15.65,16.05,2450,19.461224,180950,1756.5,1760.0
2025-10-23 12:42:00,16.85,17.8,16.05,17.8,178850,20.815911,180950,1757.7,1760.0
2025-10-23 12:43:00,17.6,18.65,17.6,18.65,5950,19.465037,180950,1761.5,1760.0
2025-10-23 12:44:00,18.9,18.9,18.65,18.9,179200,20.398344,184800,1760.5,1760.0
2025-10-23 12:45:00,18.6,18.9,18.55,18.6,8400,19.665162,184800,1761.1,1760.0
2025-10-23 12:46:00,18.9,18.9,18.6,18.65,180950,19.210899,184800,1761.9,1760.0
2025-10-23 12:47:00,18.3,18.65,18.3,18.3,8750,18.797669,183750,1761.9,1760.0
2025-10-23 12:48:00,17.75,18.3,17.75,17.75,181300,18.081839,183750,1762.0,1760.0
2025-10-23 12:49:00,17.85,17.85,17.75,17.85,10150,19.5422,183750,1759.9,1760.0
2025-10-23 12:50:00,17.85,17.85,17.85,17.85,0,19.543674,183750,1759.9,1760.0
2025-10-23 12:51:00,17.4,17.85,17.4,17.4,191800,19.386241,182350,1759.3,1760.0
2025-10-23 12:52:00,17.4,17.4,17.4,17.4,350,20.179615,182000,1758.0,1760.0
2025-10-23 12:53:00,17.4,17.4,17.4,17.4,0,20.120895,182000,1758.1,1760.0
2025-10-23 12:54:00,17.4,17.4,17.4,17.4,0,20.242758,182000,1757.9,1760.0
2025-10-23 12:55:00,17.4,17.4,17.4,17.4,0,20.602787,182000,1757.3,1760.0
2025-10-23 12:56:00,17.4,17.4,17.4,17.4,0,19.639404,182000,1758.9,1760.0
2025-10-23 12:57:00,18.0,18.0,17.4,18.0,193550,20.653426,180600,1758.4,1760.0
2025-10-23 12:58:00,18.0,18.0,18.0,18.0,0,20.104786,180600,1759.3,1760.0
2025-10-23 12:59:00,18.0,18.0,18.0,18.0,0,19.42057,180600,1760.4,1760.0
2025-10-23 13:00:00,18.0,18.0,18.0,18.0,0,19.547875,180600,1760.2,1760.0
2025-10-23 13:01:00,19.05,19.05,18.0,19.05,194250,19.707084,180250,1761.9,1760.0
2025-10-23 13:02:00,17.9,19.05,17.9,17.9,2100,18.989674,180250,1760.9,1760.0
2025-10-23 13:03:00,18.15,18.15,17.9,18.15,194600,19.666778,180250,1760.3,1760.0
2025-10-23 13:04:00,17.05,18.15,17.05,17.05,2450,18.618956,180250,1759.9,1760.0
2025-10-23 13:05:00,17.05,17.05,17.05,17.05,0,18.305825,180250,1760.4,1760.0
2025-10-23 13:06:00,17.05,17.05,17.05,17.05,0,18.746664,180250,1759.7,1760.0
2025-10-23 13:07:00,17.3,17.3,17.05,17.3,197400,18.981194,179900,1759.8,1760.0
2025-10-23 13:08:00,17.3,17.3,17.3,17.3,0,18.982636,179900,1759.8,1760.0
2025-10-23 13:09:00,17.3,17.3,17.3,17.3,0,19.17071,179900,1759.5,1760.0
2025-10-23 13:10:00,17.3,17.3,17.3,17.3,0,18.79769,179900,1760.1,1760.0
2025-10-23 13:11:00,17.3,17.3,17.3,17.3,0,18.924484,179900,1759.9,1760.0
2025-10-23 13:12:00,16.95,17.3,16.95,16.95,197750,18.699279,179550,1759.6,1760.0
2025-10-23 13:13:00,16.95,16.95,16.95,16.95,0,18.638429,179550,1759.7,1760.0
2025-10-23 13:14:00,16.95,16.95,16.95,16.95,0,18.639849,179550,1759.7,1760.0
2025-10-23 13:15:00,17.4,17.4,16.95,17.4,199500,18.352203,179200,1761.0,1760.0
2025-10-23 13:16:00,17.4,17.4,17.4,17.4,0,18.735536,178850,1760.4,1760.0
2025-10-23 13:17:00,17.4,17.4,17.4,17.4,0,18.610222,178850,1760.6,1760.0
2025-10-23 13:18:00,17.4,17.4,17.4,17.4,0,18.990234,178850,1760.0,1760.0
2025-10-23 13:19:00,16.75,17.4,16.75,16.75,202300,17.970247,178850,1760.4,1760.0
2025-10-23 13:20:00,17.2,17.2,16.75,17.2,350,18.693688,178850,1760.1,1760.0
2025-10-23 13:21:00,17.2,17.2,17.2,17.2,0,18.442525,178850,1760.5,1760.0
2025-10-23 13:22:00,16.6,17.2,16.6,16.6,204750,18.174683,178850,1759.8,1760.0
2025-10-23 13:23:00,16.6,16.6,16.6,16.6,0,19.099752,175700,1758.3,1760.0
2025-10-23 13:24:00,16.15,16.6,16.15,16.15,205450,19.050745,175700,1757.5,1760.0
2025-10-23 13:25:00,16.15,16.15,16.15,16.15,0,19.230818,175700,1757.2,1760.0
2025-10-23 13:26:00,16.15,16.15,16.15,16.15,0,19.762335,175700,1756.3,1760.0
2025-10-23 13:27:00,16.15,16.15,16.15,16.15,0,19.588071,175700,1756.6,1760.0
2025-10-23 13:28:00,16.15,16.15,16.15,16.15,0,19.116175,175700,1757.4,1760.0
2025-10-23 13:29:00,16.15,16.15,16.15,16.15,0,18.08697,175700,1759.1,1760.0
2025-10-23 13:30:00,16.15,16.15,16.15,16.15,0,18.759293,175700,1758.0,1760.0
2025-10-23 13:31:00,16.15,16.15,16.15,16.15,0,18.212886,175700,1758.9,1760.0
2025-10-23 13:32:00,16.15,16.15,16.15,16.15,0,18.882548,175700,1757.8,1760.0
2025-10-23 13:33:00,15.1,16.15,15.0,15.0,206150,18.236262,176050,1756.6,1760.0
2025-10-23 13:34:00,15.0,15.0,15.0,15.0,0,18.296244,176050,1756.5,1760.0
2025-10-23 13:35:00,15.0,15.0,15.0,15.0,0,18.820165,176050,1755.6,1760.0
2025-10-23 13:36:00,15.15,15.15,15.0,15.15,207900,18.825993,176050,1755.9,1760.0
2025-10-23 13:37:00,15.15,15.15,15.15,15.15,0,18.59487,176050,1756.3,1760.0
2025-10-23 13:38:00,15.15,15.15,15.15,15.15,0,18.007159,177450,1757.3,1760.0
2025-10-23 13:39:00,15.15,15.15,15.15,15.15,0,17.407452,177450,1758.3,1760.0
2025-10-23 13:40:00,16.05,16.05,15.15,16.05,208600,18.534302,177100,1758.2,1760.0
2025-10-23 13:41:00,16.05,16.05,16.05,16.05,0,18.535714,177100,1758.2,1760.0
2025-10-23 13:42:00,16.05,16.05,16.05,16.05,0,18.171277,177100,1758.8,1760.0
2025-10-23 13:43:00,16.05,16.05,16.05,16.05,0,18.111241,177100,1758.9,1760.0
2025-10-23 13:44:00,16.05,16.05,16.05,16.05,0,18.841474,177100,1757.7,1760.0
2025-10-23 13:45:00,16.05,16.05,16.05,16.05,0,18.175453,177100,1758.8,1760.0
2025-10-23 13:46:00,16.05,16.05,16.05,16.05,0,17.992136,177100,1759.1,1760.0
2025-10-23 13:47:00,16.05,16.05,16.05,16.05,0,17.931675,177100,1759.2,1760.0
2025-10-23 13:48:00,16.05,16.05,16.05,16.05,0,18.30213,177100,1758.6,1760.0
2025-10-23 13:49:00,16.05,16.05,16.05,16.05,0,18.364592,177100,1758.5,1760.0
2025-10-23 13:50:00,16.05,16.05,16.05,16.05,0,18.969891,177100,1757.5,1760.0
2025-10-23 13:51:00,16.05,16.05,16.05,16.05,0,18.911471,177100,1757.6,1760.0
2025-10-23 13:52:00,16.05,16.05,16.05,16.05,0,19.211088,177100,1757.1,1760.0
2025-10-23 13:53:00,16.05,16.05,16.05,16.05,0,19.331039,177100,1756.9,1760.0
2025-10-23 13:54:00,16.05,16.05,16.05,16.05,0,19.50945,177100,1756.6,1760.0
2025-10-23 13:55:00,16.05,16.05,16.05,16.05,0,19.745398,177100,1756.2,1760.0
2025-10-23 13:56:00,16.05,16.05,16.05,16.05,0,19.688417,177100,1756.3,1760.0
2025-10-23 13:57:00,16.05,16.05,16.05,16.05,0,20.44234,177100,1755.0,1760.0
2025-10-23 13:58:00,16.05,16.05,16.05,16.05,0,19.749858,177100,1756.2,1760.0
2025-10-23 13:59:00,16.05,16.05,16.05,16.05,0,20.042229,177100,1755.7,1760.0
2025-10-23 14:00:00,16.05,16.05,16.05,16.05,0,20.043732,177100,1755.7,1760.0
2025-10-23 14:01:00,16.05,16.05,16.05,16.05,0,18.985744,177100,1757.5,1760.0
2025-10-23 14:02:00,16.5,16.5,16.05,16.5,209300,18.112068,177100,1759.8,1760.0
2025-10-23 14:03:00,16.5,16.5,16.5,16.5,0,18.610839,177100,1759.0,1760.0
2025-10-23 14:04:00,16.5,16.5,16.5,16.5,0,19.162118,177100,1758.1,1760.0
2025-10-23 14:05:00,16.5,16.5,16.5,16.5,0,19.102963,177100,1758.2,1760.0
2025-10-23 14:06:00,16.5,16.5,16.5,16.5,0,19.225531,177100,1758.0,1760.0
2025-10-23 14:07:00,16.5,16.5,16.5,16.5,0,18.368816,177100,1759.4,1760.0
2025-10-23 14:08:00,16.45,16.5,16.45,16.45,209650,18.743132,176750,1758.7,1760.0
2025-10-23 14:09:00,16.45,16.45,16.45,16.45,0,18.9279,176750,1758.4,1760.0
2025-10-23 14:10:00,16.15,16.45,16.15,16.15,210000,18.328912,176750,1758.8,1760.0
2025-10-23 14:11:00,16.15,16.15,15.7,15.7,1050,18.82376,177450,1757.1,1760.0
2025-10-23 14:12:00,15.7,15.7,15.7,15.7,0,18.82519,177450,1757.1,1760.0
2025-10-23 14:13:00,15.7,15.7,15.7,15.7,0,19.122276,177450,1756.6,1760.0
2025-10-23 14:14:00,15.7,15.7,15.7,15.7,0,19.064814,177450,1756.7,1760.0
2025-10-23 14:15:00,15.35,15.7,15.35,15.35,211400,17.814468,177800,1758.1,1760.0
2025-10-23 14:16:00,15.6,15.6,15.35,15.6,1050,18.293574,177800,1757.8,1760.0
2025-10-23 14:17:00,15.6,15.6,15.6,15.6,0,18.950506,177800,1756.7,1760.0
2025-10-23 14:18:00,15.6,15.6,15.6,15.6,0,18.892916,177800,1756.8,1760.0
2025-10-23 14:19:00,15.6,15.6,15.6,15.6,215600,18.357964,177800,1757.7,1760.0
2025-10-23 14:20:00,15.6,15.6,15.6,15.6,0,18.359368,177800,1757.7,1760.0
2025-10-23 14:21:00,15.6,15.6,15.6,15.6,216300,18.719443,175700,1757.1,1760.0
2025-10-23 14:22:00,16.0,16.0,15.6,16.0,350,18.655767,175700,1758.0,1760.0
2025-10-23 14:23:00,16.0,16.0,16.0,16.0,0,18.535949,175700,1758.2,1760.0
2025-10-23 14:24:00,16.0,16.0,16.0,16.0,0,18.232049,175700,1758.7,1760.0
2025-10-23 14:25:00,16.0,16.0,16.0,16.0,0,18.172,175700,1758.8,1760.0
2025-10-23 14:26:00,16.0,16.0,16.0,16.0,0,17.73947,175700,1759.5,1760.0
2025-10-23 14:27:00,16.0,16.0,16.0,16.0,217000,18.419857,175350,1758.4,1760.0
2025-10-23 14:28:00,16.0,16.0,16.0,16.0,0,18.23766,175350,1758.7,1760.0
2025-10-23 14:29:00,16.0,16.0,16.0,16.0,0,18.300396,175350,1758.6,1760.0
2025-10-23 14:30:00,16.0,16.0,16.0,16.0,0,18.055665,175350,1759.0,1760.0
2025-10-23 14:31:00,15.95,16.0,15.95,15.95,217350,19.208713,175350,1757.0,1760.0
2025-10-23 14:32:00,15.95,15.95,15.95,15.95,0,18.489376,175350,1758.2,1760.0
2025-10-23 14:33:00,15.2,15.95,15.1,15.1,219100,18.023743,175000,1757.3,1760.0
2025-10-23 14:34:00,15.1,15.1,15.1,15.1,0,17.845538,175000,1757.6,1760.0
2025-10-23 14:35:00,15.05,15.1,15.05,15.05,219800,16.747684,174650,1759.3,1760.0
2025-10-23 14:36:00,15.05,15.05,15.05,15.05,0,17.365431,174650,1758.3,1760.0
2025-10-23 14:37:00,15.05,15.05,15.05,15.05,0,16.998589,174650,1758.9,1760.0
2025-10-23 14:38:00,15.05,15.05,15.05,15.05,0,17.307096,174650,1758.4,1760.0
2025-10-23 14:39:00,15.05,15.05,15.05,15.05,0,17.551764,174650,1758.0,1760.0
2025-10-23 14:40:00,15.05,15.05,15.05,15.05,0,17.431715,174650,1758.2,1760.0
2025-10-23 14:41:00,15.05,15.05,15.05,15.05,0,17.249951,174650,1758.5,1760.0
2025-10-23 14:42:00,15.05,15.05,15.05,15.05,0,16.569025,174650,1759.6,1760.0
2025-10-23 14:43:00,16.1,16.15,15.05,16.15,222600,18.065969,174650,1759.3,1760.0
2025-10-23 14:44:00,16.15,16.15,16.15,16.15,0,18.49977,174650,1758.6,1760.0
2025-10-23 14:45:00,16.15,16.15,16.15,16.15,0,18.378297,174300,1758.8,1760.0
2025-10-23 14:46:00,16.15,16.15,16.15,16.15,0,17.631003,174300,1760.0,1760.0
2025-10-23 14:47:00,16.15,16.15,16.15,16.15,0,17.50559,174300,1760.2,1760.0
2025-10-23 14:48:00,16.15,16.15,16.15,16.15,0,18.010637,174300,1759.4,1760.0
2025-10-23 14:49:00,15.45,16.15,15.45,15.45,224000,17.674821,173950,1758.6,1760.0
2025-10-23 14:50:00,15.1,15.45,15.1,15.25,1750,17.129735,173600,1759.1,1760.0
2025-10-23 14:51:00,15.25,15.25,15.25,15.25,0,17.562318,173600,1758.4,1760.0
2025-10-23 14:52:00,15.25,15.25,15.25,15.25,0,17.563679,173600,1758.4,1760.0
2025-10-23 14:53:00,14.8,15.25,14.8,14.8,226450,17.091126,173600,1758.3,1760.0
2025-10-23 14:54:00,14.8,14.8,14.8,14.8,0,17.031361,173600,1758.4,1760.0
2025-10-23 14:55:00,14.8,14.8,14.8,14.8,0,16.663158,173600,1759.0,1760.0
2025-10-23 14:56:00,15.25,15.25,14.8,15.25,227150,17.075569,172550,1759.2,1760.0
2025-10-23 14:57:00,15.1,15.25,15.1,15.1,350,17.022686,172550,1759.0,1760.0
2025-10-23 14:58:00,15.1,15.1,15.1,15.1,0,18.177723,172550,1757.1,1760.0
2025-10-23 14:59:00,14.15,15.1,14.15,14.15,228200,17.226956,172550,1756.8,1760.0
2025-10-23 15:00:00,14.55,14.55,14.15,14.55,3150,17.227198,172550,1757.6,1760.0
2025-10-23 15:01:00,13.7,14.55,13.7,13.7,229250,17.162792,172550,1756.0,1760.0
2025-10-23 15:02:00,14.05,14.05,13.7,14.05,3500,17.464416,172550,1756.2,1760.0
2025-10-23 15:03:00,14.05,14.05,14.05,14.05,0,17.814092,172550,1755.6,1760.0
2025-10-23 15:04:00,14.05,14.05,14.05,14.05,0,17.815463,172550,1755.6,1760.0
2025-10-23 15:05:00,14.05,14.05,14.05,14.05,0,18.046894,172550,1755.2,1760.0
2025-10-23 15:06:00,13.4,14.05,13.4,13.4,233450,18.118776,172550,1753.7,1760.0
2025-10-23 15:07:00,13.4,13.4,13.4,13.4,0,18.67209,172550,1752.7,1760.0
2025-10-23 15:08:00,12.65,13.4,12.65,12.65,234150,17.499316,173250,1753.2,1760.0
2025-10-23 15:09:00,12.5,12.65,12.3,12.3,5250,17.624149,173250,1752.2,1760.0
2025-10-23 15:10:00,12.3,12.3,12.3,12.3,0,17.625493,173250,1752.2,1760.0
2025-10-23 15:11:00,12.3,12.3,12.3,12.3,0,18.002027,177100,1751.5,1760.0
2025-10-23 15:12:00,12.2,12.3,12.2,12.2,249200,18.516029,177100,1750.3,1760.0
2025-10-23 15:13:00,12.2,12.2,12.2,12.2,0,18.41264,177100,1750.5,1760.0
2025-10-23 15:14:00,12.2,12.2,12.2,12.2,0,17.885371,184800,1751.5,1760.0
2025-10-23 15:15:00,12.2,12.2,12.2,12.2,0,16.858776,184800,1753.4,1760.0
2025-10-23 15:16:00,12.2,12.2,12.2,12.2,0,17.133794,184800,1752.9,1760.0
2025-10-23 15:17:00,13.15,13.15,12.2,13.15,250250,18.000898,184100,1753.4,1760.0
2025-10-23 15:18:00,13.15,13.15,13.15,13.15,0,17.668606,184100,1754.0,1760.0
2025-10-23 15:19:00,13.15,13.15,13.15,13.15,0,17.332728,184100,1754.6,1760.0
2025-10-23 15:20:00,14.0,14.0,13.15,14.0,252350,18.80096,184100,1753.8,1760.0
2025-10-23 15:21:00,13.6,14.0,13.6,13.6,350,18.211454,183750,1754.0,1760.0
2025-10-23 15:22:00,13.6,13.6,13.6,13.6,0,18.212847,183750,1754.0,1760.0
2025-10-23 15:23:00,13.6,13.6,13.6,13.6,0,17.419693,183750,1755.4,1760.0
2025-10-23 15:24:00,13.6,13.6,13.6,13.6,0,18.605707,184100,1753.3,1760.0
2025-10-23 15:25:00,13.6,13.6,13.6,13.6,0,17.765409,184100,1754.8,1760.0
2025-10-23 15:26:00,13.65,13.65,13.6,13.65,255850,18.999481,183750,1752.7,1760.0
2025-10-23 15:27:00,13.0,13.65,13.0,13.0,700,17.612687,183750,1753.8,1760.0
2025-10-23 15:28:00,13.25,13.25,13.0,13.25,257600,18.576274,183750,1752.6,1760.0
2025-10-23 15:29:00,24.65,24.65,23.75,24.65,117950,21.267477,224350,1750.0,1740.0
2025-10-24 09:15:00,13.05,13.05,13.05,13.05,0,19.820711,0,1752.9,1760.0
2025-10-24 09:16:00,13.05,13.05,13.05,13.05,0,19.645384,0,1753.2,1760.0
2025-10-24 09:17:00,22.8,22.8,22.8,22.8,0,20.998994,224700,1749.7,1740.0
2025-10-24 09:18:00,13.05,13.05,13.05,13.05,0,19.411354,0,1753.6,1760.0
2025-10-24 09:19:00,13.05,13.05,13.05,13.05,0,18.076755,184800,1755.8,1760.0
2025-10-24 09:20:00,13.05,13.05,13.05,13.05,0,20.064175,184800,1752.5,1760.0
2025-10-24 09:21:00,22.8,22.8,22.8,22.8,0,20.754023,224700,1750.0,1740.0
2025-10-24 09:22:00,13.05,13.05,13.05,13.05,0,21.391288,184800,1750.2,1760.0
2025-10-24 09:23:00,12.7,12.7,10.35,10.85,3500,18.054546,184800,1751.0,1760.0
2025-10-24 09:24:00,11.3,11.3,10.85,11.3,12950,18.534237,184800,1751.2,1760.0
2025-10-24 09:25:00,12.05,12.05,11.3,12.05,4200,18.88708,180950,1752.3,1760.0
2025-10-24 09:26:00,12.65,12.65,12.05,12.65,13650,18.965568,180950,1753.5,1760.0
2025-10-24 09:27:00,12.5,12.65,12.5,12.5,5250,19.067752,180950,1753.0,1760.0
2025-10-24 09:28:00,12.9,12.9,12.5,12.9,15400,19.174204,180600,1753.7,1760.0
2025-10-24 09:29:00,14.1,14.1,12.9,14.1,7000,18.177247,180600,1757.8,1760.0
2025-10-24 09:30:00,15.0,16.0,14.1,15.85,19600,20.2366,180600,1758.1,1760.0
2025-10-24 09:31:00,13.95,15.85,13.25,14.05,10150,19.757899,184450,1755.2,1760.0
2025-10-24 09:32:00,13.6,14.2,13.6,14.2,21700,19.581536,184450,1755.8,1760.0
2025-10-24 09:33:00,14.75,14.8,14.2,14.8,10850,19.727355,184450,1756.8,1760.0
2025-10-24 09:34:00,14.2,14.8,13.8,13.8,23100,19.193036,184100,1755.6,1760.0
2025-10-24 09:35:00,15.1,16.4,13.8,15.7,27650,19.855852,184100,1758.4,1760.0
2025-10-24 09:36:00,16.1,16.1,15.7,16.1,25200,20.634541,184100,1758.0,1760.0
2025-10-24 09:37:00,14.85,16.1,14.85,14.85,33950,19.09137,185150,1757.9,1760.0
2025-10-24 09:38:00,14.95,14.95,14.85,14.95,26250,19.609712,185150,1757.3,1760.0
2025-10-24 09:39:00,15.35,15.35,14.95,15.35,42000,19.67379,185150,1758.0,1760.0
2025-10-24 09:40:00,14.15,15.35,14.15,14.8,28000,19.419869,186900,1757.3,1760.0
2025-10-24 09:41:00,14.85,15.25,14.8,15.25,48300,19.483174,186900,1758.1,1760.0
2025-10-24 09:42:00,15.1,15.25,14.6,15.1,31850,19.422001,186900,1757.9,1760.0
2025-10-24 09:43:00,15.2,15.2,15.1,15.2,48650,19.356801,191800,1758.2,1760.0
2025-10-24 09:44:00,15.0,15.2,15.0,15.0,32900,19.035236,191800,1758.3,1760.0
2025-10-24 09:45:00,15.0,15.0,15.0,15.0,0,19.298279,191800,1757.9,1760.0
2025-10-24 09:46:00,14.75,15.0,14.75,14.75,81900,19.42993,192150,1757.2,1760.0
2025-10-24 09:47:00,14.75,14.75,14.75,14.75,350,20.628914,192150,1755.3,1760.0
2025-10-24 09:48:00,16.95,16.95,14.75,16.95,92750,20.353591,192150,1760.1,1760.0
2025-10-24 09:49:00,15.9,16.95,15.9,15.9,1050,19.807852,188650,1758.9,1760.0
2025-10-24 09:50:00,15.1,15.9,15.0,15.0,95900,18.715461,188650,1758.8,1760.0
2025-10-24 09:51:00,15.0,15.0,15.0,15.0,1400,18.915549,188650,1758.5,1760.0
2025-10-24 09:52:00,17.0,17.0,15.0,16.7,97650,19.626824,189700,1760.7,1760.0
2025-10-24 09:53:00,16.4,16.7,15.9,15.9,4550,18.594613,189700,1760.7,1760.0
2025-10-24 09:54:00,16.15,16.75,15.6,16.6,101850,20.25128,189700,1759.6,1760.0
2025-10-24 09:55:00,16.3,16.7,16.3,16.65,5950,19.773865,191800,1760.4,1760.0
2025-10-24 09:56:00,16.65,16.75,16.65,16.75,102900,19.490697,191800,1761.0,1760.0
2025-10-24 09:57:00,16.75,16.75,16.75,16.75,0,19.975076,191800,1760.3,1760.0
2025-10-24 09:58:00,16.55,16.75,16.55,16.55,109550,19.786845,193200,1760.2,1760.0
2025-10-24 09:59:00,16.1,16.55,16.1,16.1,2100,19.614779,193200,1759.6,1760.0
2025-10-24 10:00:00,16.1,16.1,16.1,16.1,0,20.085322,193200,1758.9,1760.0
2025-10-24 10:01:00,15.95,16.1,15.95,15.95,114100,19.760254,194600,1759.1,1760.0
2025-10-24 10:02:00,15.95,15.95,15.95,15.95,0,19.96171,194600,1758.8,1760.0
2025-10-24 10:03:00,16.35,16.35,15.95,15.95,115150,20.620466,194600,1757.8,1760.0
2025-10-24 10:04:00,15.95,15.95,15.95,15.95,350,20.557165,193550,1757.9,1760.0
2025-10-24 10:05:00,15.75,15.95,15.75,15.75,115500,20.300803,193550,1757.9,1760.0
2025-10-24 10:06:00,15.75,15.75,15.75,15.75,0,20.237347,193550,1758.0,1760.0
2025-10-24 10:07:00,15.75,15.75,15.75,15.75,0,20.23914,193550,1758.0,1760.0
2025-10-24 10:08:00,17.0,17.0,15.75,17.0,117950,20.043044,193550,1760.7,1760.0
2025-10-24 10:09:00,16.6,17.0,16.4,16.4,700,19.40653,193550,1760.5,1760.0
2025-10-24 10:10:00,16.4,16.4,16.4,16.4,0,18.711504,193550,1761.5,1760.0
2025-10-24 10:11:00,16.45,16.45,16.3,16.3,119700,19.280639,191450,1760.5,1760.0
2025-10-24 10:12:00,16.3,16.3,16.3,16.3,0,19.62481,191450,1760.0,1760.0
2025-10-24 10:13:00,15.6,16.3,15.6,15.6,120400,18.653108,191800,1760.1,1760.0
2025-10-24 10:14:00,15.0,15.6,14.65,14.65,700,19.220264,191800,1757.4,1760.0
2025-10-24 10:15:00,14.65,14.65,14.65,14.65,0,20.425806,191800,1755.5,1760.0
2025-10-24 10:16:00,14.65,14.65,14.65,14.65,0,20.240308,191800,1755.8,1760.0
2025-10-24 10:17:00,14.65,14.65,14.65,14.65,0,20.739424,191800,1755.0,1760.0
2025-10-24 10:18:00,14.05,14.65,13.2,13.2,132300,19.769017,191800,1753.5,1760.0
2025-10-24 10:19:00,13.75,13.75,13.2,13.75,350,20.726041,194250,1753.1,1760.0
2025-10-24 10:20:00,13.65,13.75,13.65,13.65,132650,20.835065,194250,1752.7,1760.0
2025-10-24 10:21:00,12.95,13.65,12.75,12.75,3850,19.779262,194250,1752.5,1760.0
2025-10-24 10:22:00,12.9,12.9,12.5,12.5,134050,19.278055,194250,1752.8,1760.0
2025-10-24 10:23:00,13.2,13.2,12.5,12.95,6300,19.985399,194250,1752.6,1760.0
2025-10-24 10:24:00,12.6,12.95,12.6,12.6,134400,20.054208,194250,1751.7,1760.0
2025-10-24 10:25:00,13.4,13.4,12.6,13.0,7350,20.405842,193550,1752.0,1760.0
2025-10-24 10:26:00,23.1,23.1,23.1,23.1,0,21.871437,220500,1749.3,1740.0
2025-10-24 10:27:00,23.1,23.1,23.1,23.1,0,21.95602,220500,1749.2,1740.0
2025-10-24 10:28:00,23.1,23.1,23.1,23.1,0,21.958008,220500,1749.2,1740.0
2025-10-24 10:29:00,23.1,23.1,23.1,23.1,0,22.531626,220500,1748.5,1740.0
2025-10-24 10:30:00,23.1,23.1,23.1,23.1,0,21.96198,220500,1749.2,1740.0
2025-10-24 10:31:00,12.5,12.5,11.95,12.5,13650,17.542101,197400,1755.7,1760.0
2025-10-24 10:32:00,13.45,13.45,12.5,13.45,142450,19.331677,197400,1754.8,1760.0
2025-10-24 10:33:00,13.5,13.5,13.45,13.5,14000,18.779847,197400,1755.8,1760.0
2025-10-24 10:34:00,13.2,13.5,13.2,13.2,142800,19.254203,197400,1754.4,1760.0
2025-10-24 10:35:00,13.2,13.2,13.2,13.2,0,20.037282,197400,1753.1,1760.0
2025-10-24 10:36:00,12.9,13.2,12.9,12.9,157150,20.352745,196350,1751.9,1760.0
2025-10-24 10:37:00,23.45,23.45,23.45,23.45,0,22.366657,217350,1749.3,1740.0
2025-10-24 10:38:00,23.45,23.45,23.45,23.45,0,21.786013,217350,1750.0,1740.0
2025-10-24 10:39:00,23.45,23.45,23.45,23.45,0,22.288195,217350,1749.4,1740.0
2025-10-24 10:40:00,23.45,23.45,23.45,23.45,0,22.943763,217350,1748.6,1740.0
2025-10-24 10:41:00,20.0,23.45,20.0,20.0,51100,18.694547,217000,1748.1,1740.0
2025-10-24 10:42:00,19.75,20.0,19.75,19.75,1400,17.931481,217000,1748.6,1740.0
2025-10-24 10:43:00,18.45,19.75,18.1,18.1,57050,18.564048,215950,1745.1,1740.0
2025-10-24 10:44:00,18.1,18.1,18.1,18.1,0,18.721151,215950,1744.9,1740.0
2025-10-24 10:45:00,18.1,18.1,18.1,18.1,0,18.4894,215950,1745.2,1740.0
2025-10-24 10:46:00,18.1,18.1,18.1,18.1,0,18.801944,215950,1744.8,1740.0
2025-10-24 10:47:00,18.1,18.1,18.1,18.1,0,18.957691,215950,1744.6,1740.0
2025-10-24 10:48:00,18.1,18.1,18.1,18.1,0,17.618508,217000,1746.3,1740.0
2025-10-24 10:49:00,19.55,19.55,18.1,19.55,63350,17.233561,219800,1749.1,1740.0
2025-10-24 10:50:00,21.7,21.7,19.55,21.7,1400,19.501529,219800,1749.9,1740.0
2025-10-24 10:51:00,21.1,21.9,21.0,21.9,65100,20.708995,219800,1748.8,1740.0
2025-10-24 10:52:00,21.9,21.9,21.9,21.9,0,21.367457,219800,1748.0,1740.0
2025-10-24 10:53:00,21.9,21.9,21.9,21.9,0,22.326204,219800,1746.8,1740.0
2025-10-24 10:54:00,20.4,21.9,20.4,20.4,67200,18.585592,219100,1748.9,1740.0
2025-10-24 10:55:00,21.85,21.85,20.4,21.85,2800,20.229443,219100,1749.3,1740.0
2025-10-24 10:56:00,21.5,21.85,21.5,21.5,67550,19.668045,219100,1749.4,1740.0
2025-10-24 10:57:00,20.85,21.5,20.7,20.7,3500,21.357087,219100,1746.0,1740.0
2025-10-24 10:58:00,20.7,20.7,20.7,20.7,67900,20.248355,219100,1747.4,1740.0
2025-10-24 10:59:00,20.7,20.7,20.7,20.7,0,18.225201,219100,1749.8,1740.0
2025-10-24 11:00:00,22.2,22.2,20.7,22.2,72100,20.120419,219100,1750.0,1740.0
2025-10-24 11:01:00,12.8,12.8,12.4,12.8,213150,21.188214,205100,1750.3,1760.0
2025-10-24 11:02:00,13.0,14.35,12.6,14.35,6300,19.427408,205100,1756.6,1760.0
2025-10-24 11:03:00,14.15,14.35,13.35,13.35,214200,19.193352,205100,1754.9,1760.0
2025-10-24 11:04:00,14.25,14.5,13.35,13.5,11900,19.635653,205100,1754.5,1760.0
2025-10-24 11:05:00,13.2,13.5,13.0,13.0,214900,19.107305,205100,1754.3,1760.0
2025-10-24 11:06:00,13.0,13.0,13.0,13.0,0,19.109008,205100,1754.3,1760.0
2025-10-24 11:07:00,13.7,13.7,13.0,13.4,233800,19.754027,205450,1754.1,1760.0
2025-10-24 11:08:00,13.9,13.9,13.4,13.9,700,19.979856,205450,1754.8,1760.0
2025-10-24 11:09:00,13.9,13.9,13.9,13.9,0,20.410015,205450,1754.1,1760.0
2025-10-24 11:10:00,12.9,13.9,12.9,12.9,234850,19.287598,204750,1753.8,1760.0
2025-10-24 11:11:00,12.65,12.9,12.65,12.65,350,19.202142,204750,1753.4,1760.0
2025-10-24 11:12:00,12.9,12.9,12.65,12.9,235550,20.124171,204750,1752.4,1760.0
2025-10-24 11:13:00,12.9,12.9,12.9,12.9,0,20.535708,204750,1751.7,1760.0
2025-10-24 11:14:00,12.9,12.9,12.9,12.9,0,20.537516,204750,1751.7,1760.0
2025-10-24 11:15:00,11.6,12.9,11.6,12.7,238000,20.967706,206150,1750.5,1760.0
2025-10-24 11:16:00,12.7,12.7,12.7,12.7,0,20.797726,206150,1750.8,1760.0
2025-10-24 11:17:00,12.7,12.7,12.7,12.7,0,20.626995,206150,1751.1,1760.0
2025-10-24 11:18:00,12.7,12.7,12.7,12.7,0,21.144358,206150,1750.2,1760.0
2025-10-24 11:19:00,21.4,22.6,21.15,21.15,92750,19.14337,219450,1749.5,1740.0
2025-10-24 11:20:00,20.5,21.15,20.3,20.3,2450,19.337772,219450,1747.9,1740.0
2025-10-24 11:21:00,11.6,11.65,11.6,11.6,238700,18.951456,207200,1751.5,1760.0
2025-10-24 11:22:00,20.3,20.3,20.3,20.3,0,18.753605,219450,1748.6,1740.0
2025-10-24 11:23:00,20.2,20.3,20.2,20.2,95900,18.872588,218750,1748.3,1740.0
2025-10-24 11:24:00,20.2,20.2,20.2,20.2,0,17.839716,218750,1749.5,1740.0
2025-10-24 11:25:00,20.2,20.2,20.2,20.2,96250,18.191747,218750,1749.1,1740.0
2025-10-24 11:26:00,20.2,20.2,20.2,20.2,0,17.931243,218750,1749.4,1740.0
2025-10-24 11:27:00,20.5,20.5,20.2,20.5,96600,17.906777,218750,1749.9,1740.0
2025-10-24 11:28:00,20.5,20.5,20.5,20.5,0,17.819108,218750,1750.0,1740.0
2025-10-24 11:29:00,20.1,20.5,20.1,20.1,96950,19.24791,218750,1747.7,1740.0
2025-10-24 11:30:00,20.1,20.1,20.1,20.1,0,19.16686,218750,1747.8,1740.0
2025-10-24 11:31:00,20.1,20.1,20.1,20.1,0,20.462591,218750,1746.2,1740.0
2025-10-24 11:32:00,20.1,20.1,20.1,20.1,0,20.066971,218750,1746.7,1740.0
2025-10-24 11:33:00,20.1,20.1,20.1,20.1,0,20.387301,218750,1746.3,1740.0
2025-10-24 11:34:00,20.1,20.1,20.1,20.1,0,19.748264,218750,1747.1,1740.0
2025-10-24 11:35:00,19.95,20.1,19.95,19.95,97650,19.054803,218400,1747.7,1740.0
2025-10-24 11:36:00,11.2,11.4,10.75,11.4,2800,19.281603,210000,1750.5,1760.0
2025-10-24 11:37:00,20.05,20.05,19.25,19.25,101500,17.595026,219450,1748.3,1740.0
2025-10-24 11:38:00,19.25,19.25,19.25,19.25,0,17.853053,219450,1748.0,1740.0
2025-10-24 11:39:00,19.25,19.25,19.25,19.25,0,18.023996,219450,1747.8,1740.0
2025-10-24 11:40:00,20.0,20.0,19.25,20.0,102550,19.379091,219450,1747.4,1740.0
2025-10-24 11:41:00,12.45,12.45,11.3,12.45,1750,20.741342,208600,1750.4,1760.0
2025-10-24 11:42:00,21.4,22.3,21.4,21.4,103250,20.29211,219800,1748.6,1740.0
2025-10-24 11:43:00,20.45,21.4,20.45,20.45,1750,17.953587,219800,1749.8,1740.0
2025-10-24 11:44:00,20.5,20.5,20.45,20.5,103600,18.981464,219450,1748.7,1740.0
2025-10-24 11:45:00,11.45,11.45,11.45,11.45,0,19.476498,208600,1750.3,1760.0
2025-10-24 11:46:00,20.5,20.5,20.5,20.5,0,19.323186,219450,1748.3,1740.0
2025-10-24 11:47:00,20.5,20.5,20.5,20.5,0,18.382792,219450,1749.4,1740.0
2025-10-24 11:48:00,20.5,20.5,20.5,20.5,0,18.384533,219450,1749.4,1740.0
2025-10-24 11:49:00,20.95,20.95,20.5,20.95,105700,18.921265,219450,1749.5,1740.0
2025-10-24 11:50:00,21.35,21.35,20.95,21.35,350,19.039384,219450,1750.0,1740.0
2025-10-24 11:51:00,21.35,21.35,21.35,21.35,0,19.041179,219450,1750.0,1740.0
2025-10-24 11:52:00,21.35,21.35,21.35,21.35,0,19.905982,219450,1749.0,1740.0
2025-10-24 11:53:00,21.35,21.35,21.35,21.35,0,19.907838,219450,1749.0,1740.0
2025-10-24 11:54:00,12.7,12.7,11.5,12.7,261800,21.039776,208250,1750.5,1760.0
2025-10-24 11:55:00,12.55,12.9,12.55,12.9,1400,19.665928,208250,1753.3,1760.0
2025-10-24 11:56:00,12.9,12.9,12.9,12.9,262500,19.965925,206500,1752.8,1760.0
2025-10-24 11:57:00,13.2,13.2,12.9,13.2,2100,20.362353,206500,1752.8,1760.0
2025-10-24 11:58:00,13.5,13.5,13.2,13.5,262850,19.791785,206500,1754.4,1760.0
2025-10-24 11:59:00,13.5,13.5,13.5,13.5,0,20.521142,206500,1753.2,1760.0
2025-10-24 12:00:00,13.5,13.5,13.5,13.5,265300,20.642872,207200,1753.0,1760.0
2025-10-24 12:01:00,13.5,13.5,13.5,13.5,0,19.674385,207200,1754.6,1760.0
2025-10-24 12:02:00,13.5,13.5,13.2,13.2,267050,19.344741,207550,1754.5,1760.0
2025-10-24 12:03:00,13.0,13.5,13.0,13.5,700,19.369178,207550,1755.1,1760.0
2025-10-24 12:04:00,13.5,13.5,13.5,13.5,0,19.985746,207550,1754.1,1760.0
2025-10-24 12:05:00,13.5,13.5,13.5,13.5,0,19.558259,207550,1754.8,1760.0
2025-10-24 12:06:00,13.5,13.5,13.5,13.5,0,19.187781,207550,1755.4,1760.0
2025-10-24 12:07:00,13.5,13.5,13.5,13.5,0,19.500008,207550,1754.9,1760.0
2025-10-24 12:08:00,13.5,13.5,13.5,13.5,0,18.940748,207550,1755.8,1760.0
2025-10-24 12:09:00,13.95,13.95,13.0,13.0,269850,19.881983,207200,1753.2,1760.0
2025-10-24 12:10:00,13.15,13.15,12.55,12.55,2450,20.234913,208600,1751.6,1760.0
2025-10-24 12:11:00,20.7,21.6,20.35,20.35,129500,17.772505,217350,1749.9,1740.0
2025-10-24 12:12:00,20.35,20.35,20.35,20.35,0,17.684235,217350,1750.0,1740.0
2025-10-24 12:13:00,20.35,20.35,20.35,20.35,0,17.685936,217350,1750.0,1740.0
2025-10-24 12:14:00,20.35,20.35,20.35,20.35,0,17.687637,217350,1750.0,1740.0
2025-10-24 12:15:00,11.45,12.45,11.45,11.6,283850,19.785169,216300,1750.2,1760.0
2025-10-24 12:16:00,19.95,20.25,19.95,19.95,350,18.708526,217000,1748.2,1740.0
2025-10-24 12:17:00,19.95,19.95,19.95,19.95,0,18.625483,217000,1748.3,1740.0
2025-10-24 12:18:00,19.95,19.95,19.95,19.95,0,17.493947,217000,1749.6,1740.0
2025-10-24 12:19:00,21.05,21.05,19.95,21.05,135800,19.286594,217350,1749.3,1740.0
2025-10-24 12:20:00,12.55,12.55,12.2,12.55,700,20.773864,218050,1750.7,1760.0
2025-10-24 12:21:00,21.05,21.05,21.05,21.05,0,18.677848,217350,1750.0,1740.0
2025-10-24 12:22:00,21.05,21.05,21.05,21.05,0,19.29205,217350,1749.3,1740.0
2025-10-24 12:23:00,19.8,21.05,19.8,19.8,136150,17.382147,217350,1749.5,1740.0
2025-10-24 12:24:00,19.8,19.8,19.8,19.8,0,18.001268,217350,1748.8,1740.0
2025-10-24 12:25:00,19.8,19.8,19.8,19.8,0,16.932662,217350,1750.0,1740.0
2025-10-24 12:26:00,19.8,19.8,19.8,19.8,0,17.116714,217350,1749.8,1740.0
2025-10-24 12:27:00,19.8,19.8,19.8,19.8,0,17.831823,217350,1749.0,1740.0
2025-10-24 12:28:00,19.8,19.8,19.8,19.8,0,17.21062,217350,1749.7,1740.0
2025-10-24 12:29:00,19.8,19.8,19.8,19.8,0,17.212283,217350,1749.7,1740.0
2025-10-24 12:30:00,19.8,19.8,19.8,19.8,0,17.032352,217350,1749.9,1740.0
2025-10-24 12:31:00,19.8,19.8,19.8,19.8,0,17.838659,217350,1749.0,1740.0
2025-10-24 12:32:00,20.5,20.5,19.8,20.5,136850,18.723203,217000,1749.1,1740.0
2025-10-24 12:33:00,13.25,13.25,13.25,13.25,0,21.95945,221900,1750.3,1760.0
2025-10-24 12:34:00,20.5,20.5,20.5,20.5,0,18.726757,217000,1749.1,1740.0
2025-10-24 12:35:00,20.5,20.5,20.5,20.5,0,17.933862,217000,1750.0,1740.0
2025-10-24 12:36:00,21.4,21.4,20.5,21.4,137900,20.056685,217000,1749.0,1740.0
2025-10-24 12:37:00,21.4,21.4,21.4,21.4,0,19.369302,217000,1749.8,1740.0
2025-10-24 12:38:00,21.4,21.4,21.4,21.4,0,19.371135,217000,1749.8,1740.0
2025-10-24 12:39:00,21.4,21.4,21.4,21.4,0,20.062321,217000,1749.0,1740.0
2025-10-24 12:40:00,21.4,21.4,21.4,21.4,0,19.979094,217000,1749.1,1740.0
2025-10-24 12:41:00,21.4,21.4,21.4,21.4,0,20.066083,217000,1749.0,1740.0
2025-10-24 12:42:00,21.4,21.4,21.4,21.4,0,20.738805,217000,1748.2,1740.0
2025-10-24 12:43:00,21.4,21.4,21.4,21.4,0,21.556183,217000,1747.2,1740.0
2025-10-24 12:44:00,21.4,21.4,21.4,21.4,0,20.325393,217000,1748.7,1740.0
2025-10-24 12:45:00,21.4,21.4,21.4,21.4,0,20.495017,217000,1748.5,1740.0
2025-10-24 12:46:00,21.4,21.4,21.4,21.4,0,21.481648,217000,1747.3,1740.0
2025-10-24 12:47:00,21.4,21.4,21.4,21.4,0,20.748445,217000,1748.2,1740.0
2025-10-24 12:48:00,21.4,21.4,21.4,21.4,0,20.750374,217000,1748.2,1740.0
2025-10-24 12:49:00,21.4,21.4,21.4,21.4,0,21.48759,217000,1747.3,1740.0
2025-10-24 12:50:00,19.6,21.4,19.6,19.6,138600,18.626214,216650,1747.8,1740.0
2025-10-24 12:51:00,19.0,19.6,19.0,19.35,5250,18.951611,216650,1747.0,1740.0
2025-10-24 12:52:00,19.45,19.45,19.35,19.45,139300,19.897112,216650,1746.0,1740.0
2025-10-24 12:53:00,19.45,19.45,19.45,19.45,0,18.760858,216650,1747.4,1740.0
2025-10-24 12:54:00,19.45,19.45,19.45,19.45,0,19.09317,216650,1747.0,1740.0
2025-10-24 12:55:00,19.45,19.45,19.45,19.45,0,21.972145,216650,1743.3,1740.0
2025-10-24 12:56:00,18.45,19.45,18.45,18.45,144900,18.308486,217700,1746.3,1740.0
2025-10-24 12:57:00,18.45,18.45,18.45,18.45,0,19.810881,217700,1744.4,1740.0
2025-10-24 12:58:00,19.0,19.0,18.45,19.0,146650,19.775388,217700,1745.4,1740.0
2025-10-24 12:59:00,19.0,19.0,19.0,19.0,0,18.898443,217700,1746.5,1740.0
2025-10-24 13:00:00,19.0,19.0,19.0,19.0,0,18.981391,217700,1746.4,1740.0
2025-10-24 13:01:00,19.0,19.0,19.0,19.0,0,19.85936,217700,1745.3,1740.0
2025-10-24 13:02:00,19.0,19.0,19.0,19.0,0,21.087429,217700,1743.7,1740.0
2025-10-24 13:03:00,19.0,19.0,19.0,19.0,0,21.01422,217700,1743.8,1740.0
2025-10-24 13:04:00,19.0,19.0,19.0,19.0,0,21.464291,217700,1743.2,1740.0
2025-10-24 13:05:00,19.0,19.0,19.0,19.0,0,21.466252,217700,1743.2,1740.0
2025-10-24 13:06:00,18.6,19.0,18.45,18.45,147350,21.251052,217350,1742.5,1740.0
2025-10-24 13:07:00,18.45,18.45,18.45,18.45,0,20.958868,217350,1742.9,1740.0
2025-10-24 13:08:00,17.75,18.45,17.75,17.75,148400,20.249028,217350,1742.6,1740.0
2025-10-24 13:09:00,17.75,17.75,17.75,17.75,0,20.471084,217350,1742.3,1740.0
2025-10-24 13:10:00,17.75,17.75,17.75,17.75,0,20.618878,217350,1742.1,1740.0
2025-10-24 13:11:00,18.0,18.0,17.75,18.0,149100,20.440358,217700,1742.8,1740.0
2025-10-24 13:12:00,18.0,18.0,18.0,18.0,0,19.995228,217700,1743.4,1740.0
2025-10-24 13:13:00,18.0,18.0,18.0,18.0,0,19.921896,217700,1743.5,1740.0
2025-10-24 13:14:00,18.0,18.0,18.0,18.0,0,20.148719,217700,1743.2,1740.0
2025-10-24 13:15:00,18.0,18.0,18.0,18.0,0,19.622783,217700,1743.9,1740.0
2025-10-24 13:16:00,18.0,18.0,18.0,18.0,0,19.700622,217700,1743.8,1740.0
2025-10-24 13:17:00,18.0,18.0,18.0,18.0,0,20.303358,217700,1743.0,1740.0
2025-10-24 13:18:00,18.0,18.0,18.0,18.0,0,21.039582,217700,1742.0,1740.0
2025-10-24 13:19:00,18.0,18.0,18.0,18.0,0,21.04151,217700,1742.0,1740.0
2025-10-24 13:20:00,18.0,18.0,18.0,18.0,0,20.604902,217700,1742.6,1740.0
2025-10-24 13:21:00,18.0,18.0,18.0,18.0,0,20.972703,217700,1742.1,1740.0
2025-10-24 13:22:00,18.15,18.15,18.0,18.15,153650,19.98839,217700,1743.7,1740.0
2025-10-24 13:23:00,18.15,18.15,18.15,18.15,0,19.990244,217700,1743.7,1740.0
2025-10-24 13:24:00,18.15,18.15,18.15,18.15,0,21.105489,217700,1742.2,1740.0
2025-10-24 13:25:00,17.45,18.15,17.45,17.45,154350,20.101202,219100,1742.3,1740.0
2025-10-24 13:26:00,16.9,17.45,16.9,16.9,700,19.295652,219450,1742.4,1740.0
2025-10-24 13:27:00,16.9,16.9,16.9,16.9,0,18.320936,219450,1743.7,1740.0
2025-10-24 13:28:00,16.9,16.9,16.9,16.9,0,17.859234,219450,1744.3,1740.0
2025-10-24 13:29:00,16.9,16.9,16.9,16.9,0,18.247736,219450,1743.8,1740.0
2025-10-24 13:30:00,16.9,16.9,16.9,16.9,0,18.095442,219450,1744.0,1740.0
2025-10-24 13:31:00,16.9,16.9,16.9,16.9,0,18.174281,219450,1743.9,1740.0
2025-10-24 13:32:00,18.75,18.75,16.9,18.1,157150,18.541186,219100,1745.5,1740.0
2025-10-24 13:33:00,18.55,18.55,18.1,18.55,350,19.389598,219100,1745.2,1740.0
2025-10-24 13:34:00,18.55,18.55,18.55,18.55,0,19.704295,219100,1744.8,1740.0
2025-10-24 13:35:00,19.45,19.45,18.55,19.45,157850,18.75211,219100,1747.5,1740.0
2025-10-24 13:36:00,19.45,19.45,19.45,19.45,0,18.670004,219100,1747.6,1740.0
2025-10-24 13:37:00,19.45,19.45,19.45,19.45,0,18.755679,219100,1747.5,1740.0
2025-10-24 13:38:00,19.45,19.45,19.45,19.45,0,19.580872,219450,1746.5,1740.0
2025-10-24 13:39:00,18.95,19.45,18.95,18.95,158900,19.225991,219450,1746.1,1740.0
2025-10-24 13:40:00,18.95,18.95,18.95,18.95,0,18.575028,219450,1746.9,1740.0
2025-10-24 13:41:00,18.95,18.95,18.95,18.95,0,18.659366,219450,1746.8,1740.0
2025-10-24 13:42:00,18.95,18.95,18.95,18.95,0,18.3291,219450,1747.2,1740.0
2025-10-24 13:43:00,18.95,18.95,18.95,18.95,0,18.827222,219450,1746.6,1740.0
2025-10-24 13:44:00,18.95,18.95,18.95,18.95,0,18.664689,219450,1746.8,1740.0
2025-10-24 13:45:00,18.95,18.95,18.95,18.95,0,19.873471,219450,1745.3,1740.0
2025-10-24 13:46:00,18.95,18.95,18.95,18.95,0,19.319131,219450,1746.0,1740.0
2025-10-24 13:47:00,18.95,18.95,18.95,18.95,0,19.24051,219450,1746.1,1740.0
2025-10-24 13:48:00,19.95,19.95,18.95,19.95,159250,21.384483,219100,1745.1,1740.0
2025-10-24 13:49:00,19.95,19.95,19.95,19.95,0,21.15324,219100,1745.4,1740.0
2025-10-24 13:50:00,19.95,19.95,19.95,19.95,0,20.44385,219100,1746.3,1740.0
2025-10-24 13:51:00,19.95,19.95,19.95,19.95,0,20.68491,219100,1746.0,1740.0
2025-10-24 13:52:00,19.95,19.95,19.95,19.95,0,20.766103,219100,1745.9,1740.0
2025-10-24 13:53:00,19.95,19.95,19.95,19.95,0,20.208288,219100,1746.6,1740.0
2025-10-24 13:54:00,19.95,19.95,19.95,19.95,0,20.92786,219100,1745.7,1740.0
2025-10-24 13:55:00,19.95,19.95,19.95,19.95,0,20.929809,219100,1745.7,1740.0
2025-10-24 13:56:00,19.95,19.95,19.95,19.95,0,20.213983,219450,1746.6,1740.0
2025-10-24 13:57:00,19.95,19.95,19.95,19.95,0,21.787232,219450,1744.6,1740.0
2025-10-24 13:58:00,19.95,19.95,19.95,19.95,0,19.645797,219450,1747.3,1740.0
2025-10-24 13:59:00,19.45,19.95,19.45,19.45,160650,20.022125,219100,1746.0,1740.0
2025-10-24 14:00:00,19.45,19.45,19.45,19.45,0,19.376983,219100,1746.8,1740.0
2025-10-24 14:01:00,19.45,19.45,19.45,19.45,0,19.704372,219100,1746.4,1740.0
2025-10-24 14:02:00,19.45,19.45,19.45,19.45,0,19.947752,219100,1746.1,1740.0
2025-10-24 14:03:00,19.45,19.45,19.45,19.45,0,19.788849,219100,1746.3,1740.0
2025-10-24 14:04:00,19.45,19.45,19.45,19.45,0,19.790715,219100,1746.3,1740.0
2025-10-24 14:05:00,19.25,19.45,19.25,19.25,161350,19.276518,219100,1746.6,1740.0
2025-10-24 14:06:00,19.25,19.25,19.25,19.25,0,18.949592,219100,1747.0,1740.0
2025-10-24 14:07:00,20.6,20.6,19.25,20.6,161700,19.206599,219100,1748.9,1740.0
2025-10-24 14:08:00,12.0,12.0,12.0,12.0,0,19.948137,223650,1751.2,1760.0
2025-10-24 14:09:00,13.0,13.0,12.0,13.0,358750,20.339137,221550,1752.8,1760.0
2025-10-24 14:10:00,13.0,13.5,13.0,13.5,1050,20.581608,221550,1753.5,1760.0
2025-10-24 14:11:00,12.85,13.5,12.85,13.5,359450,21.901518,221550,1751.3,1760.0
2025-10-24 14:12:00,13.5,13.5,13.5,13.5,0,22.372556,221550,1750.5,1760.0
2025-10-24 14:13:00,13.5,13.5,13.5,13.5,0,22.023212,221550,1751.1,1760.0
2025-10-24 14:14:00,12.35,13.5,12.35,12.35,361200,20.834041,218400,1750.5,1760.0
2025-10-24 14:15:00,12.35,12.35,12.35,12.35,0,21.066234,218400,1750.1,1760.0
2025-10-24 14:16:00,12.35,12.35,12.35,12.35,0,20.138857,218400,1751.7,1760.0
2025-10-24 14:17:00,13.35,13.35,12.35,13.35,361550,19.966842,218400,1754.2,1760.0
2025-10-24 14:18:00,13.35,13.35,13.35,13.35,0,20.821416,218400,1752.8,1760.0
2025-10-24 14:19:00,12.85,13.35,12.85,12.85,362250,20.575855,218400,1752.1,1760.0
2025-10-24 14:20:00,12.85,12.85,12.85,12.85,0,21.108588,218400,1751.2,1760.0
2025-10-24 14:21:00,12.85,12.85,12.85,12.85,0,19.860257,218400,1753.3,1760.0
2025-10-24 14:22:00,12.85,12.85,12.85,12.85,0,20.818296,218400,1751.7,1760.0
2025-10-24 14:23:00,12.85,12.85,12.85,12.85,0,20.464347,218400,1752.3,1760.0
2025-10-24 14:24:00,12.85,12.85,12.85,12.85,0,20.939982,217350,1751.5,1760.0
2025-10-24 14:25:00,12.85,12.85,12.85,12.85,0,19.50244,217350,1753.9,1760.0
2025-10-24 14:26:00,13.45,13.55,12.85,13.55,368900,19.688561,216650,1755.1,1760.0
2025-10-24 14:27:00,13.6,14.05,13.55,14.0,16450,20.41107,216650,1754.9,1760.0
2025-10-24 14:28:00,14.0,14.0,14.0,14.0,0,19.844906,216650,1755.8,1760.0
2025-10-24 14:29:00,14.3,15.0,13.35,14.1,390600,19.8513,223300,1756.0,1760.0
2025-10-24 14:30:00,12.9,14.35,12.6,13.05,26950,19.592672,223300,1754.2,1760.0
2025-10-24 14:31:00,13.5,13.8,12.95,13.65,395500,19.892623,223300,1755.0,1760.0
2025-10-24 14:32:00,13.0,14.05,12.15,12.75,64400,19.320943,209300,1754.0,1760.0
2025-10-24 14:33:00,12.25,13.35,12.25,13.3,400400,20.601922,209300,1753.1,1760.0
2025-10-24 14:34:00,12.6,13.4,11.85,12.4,82250,19.465661,209300,1753.0,1760.0
2025-10-24 14:35:00,12.8,12.8,12.05,12.3,409150,19.153573,205800,1753.3,1760.0
2025-10-24 14:36:00,12.05,12.3,12.05,12.25,82950,20.798665,205800,1750.4,1760.0
2025-10-24 14:37:00,12.25,12.25,12.25,12.25,410200,20.452865,205800,1751.0,1760.0
2025-10-24 14:38:00,12.45,12.45,12.25,12.45,84700,20.430706,205450,1751.5,1760.0
2025-10-24 14:39:00,22.7,22.7,22.7,22.7,0,21.235371,215950,1750.0,1740.0
2025-10-24 14:40:00,12.2,12.2,12.2,12.2,0,20.738853,205450,1750.4,1760.0
2025-10-24 14:41:00,12.2,12.2,12.2,12.2,0,20.913442,205450,1750.1,1760.0
2025-10-24 14:42:00,12.2,12.2,12.2,12.2,0,20.684877,205450,1750.5,1760.0
2025-10-24 14:43:00,12.2,12.2,12.2,12.2,0,20.62893,205450,1750.6,1760.0
2025-10-24 14:44:00,12.2,12.2,12.2,12.2,0,20.630799,205450,1750.6,1760.0
2025-10-24 14:45:00,11.45,12.2,11.45,11.45,498050,19.793964,205800,1750.3,1760.0
2025-10-24 14:46:00,11.45,11.45,11.45,11.45,0,19.852914,205800,1750.2,1760.0
2025-10-24 14:47:00,20.95,20.95,20.95,20.95,0,18.800731,215950,1750.0,1740.0
2025-10-24 14:48:00,20.95,20.95,20.95,20.95,0,18.802558,215950,1750.0,1740.0
2025-10-24 14:49:00,20.0,20.95,19.65,19.65,206150,16.959887,215600,1750.0,1740.0
2025-10-24 14:50:00,19.65,19.65,19.65,19.65,0,16.961575,215600,1750.0,1740.0
2025-10-24 14:51:00,11.25,11.25,11.25,11.25,0,19.64845,205800,1750.1,1760.0
2025-10-24 14:52:00,19.25,19.65,19.15,19.15,206850,16.248182,215600,1750.0,1740.0
2025-10-24 14:53:00,18.9,19.15,18.9,18.9,700,15.8896,215600,1750.0,1740.0
2025-10-24 14:54:00,18.9,18.9,18.9,18.9,0,15.891209,215600,1750.0,1740.0
2025-10-24 14:55:00,18.9,18.9,18.9,18.9,0,15.89282,215600,1750.0,1740.0
2025-10-24 14:56:00,10.5,10.8,10.5,10.5,700,18.357433,203350,1750.6,1760.0
2025-10-24 14:57:00,10.5,10.5,10.5,10.5,0,18.472711,203350,1750.4,1760.0
2025-10-24 14:58:00,18.65,19.8,18.65,18.65,700,15.535978,214550,1750.0,1740.0
2025-10-24 14:59:00,10.25,10.5,10.25,10.25,504700,18.080477,205100,1750.5,1760.0
2025-10-24 15:00:00,11.0,11.0,10.25,11.0,2100,18.58018,205100,1751.4,1760.0
2025-10-24 15:01:00,11.45,11.45,11.0,11.45,505050,17.641415,205100,1754.0,1760.0
2025-10-24 15:02:00,11.45,11.45,11.45,11.45,0,17.643058,205100,1754.0,1760.0
2025-10-24 15:03:00,11.75,11.75,11.45,11.75,507850,17.552786,204400,1754.8,1760.0
2025-10-24 15:04:00,11.75,11.75,11.75,11.75,0,17.985061,204400,1754.1,1760.0
2025-10-24 15:05:00,11.75,11.75,11.75,11.75,0,16.99349,204400,1755.7,1760.0
2025-10-24 15:06:00,11.75,11.75,11.75,11.75,0,17.121017,204400,1755.5,1760.0
2025-10-24 15:07:00,12.15,12.15,11.75,12.15,509250,17.841711,204400,1755.2,1760.0
2025-10-24 15:08:00,12.15,12.15,12.15,12.15,0,17.780725,204400,1755.3,1760.0
2025-10-24 15:09:00,12.1,12.15,12.1,12.1,510300,17.590347,205100,1755.5,1760.0
2025-10-24 15:10:00,12.25,12.25,12.1,12.25,5600,18.104532,205100,1755.0,1760.0
2025-10-24 15:11:00,12.25,12.25,12.25,12.25,0,18.10622,205100,1755.0,1760.0
2025-10-24 15:12:00,11.4,12.25,11.4,11.5,517650,17.726183,210000,1754.0,1760.0
2025-10-24 15:13:00,11.5,11.5,11.5,11.5,0,17.421727,210000,1754.5,1760.0
2025-10-24 15:14:00,11.5,11.5,11.5,11.5,0,17.729486,210000,1754.0,1760.0
2025-10-24 15:15:00,11.5,11.5,11.5,11.5,0,17.239861,210000,1754.8,1760.0
2025-10-24 15:16:00,11.7,11.7,11.5,11.7,524650,17.692974,209650,1754.5,1760.0
2025-10-24 15:17:00,11.7,11.7,11.65,11.65,700,17.934553,213850,1754.0,1760.0
2025-10-24 15:18:00,11.65,11.65,11.65,11.65,0,17.936224,213850,1754.0,1760.0
2025-10-24 15:19:00,11.65,11.65,11.65,11.65,0,18.181093,213850,1753.6,1760.0
2025-10-24 15:20:00,11.75,12.25,11.65,12.25,526400,16.716251,213850,1757.2,1760.0
2025-10-24 15:21:00,13.05,13.5,12.25,13.5,3850,17.643092,213850,1758.3,1760.0
2025-10-24 15:22:00,13.3,13.5,12.95,12.95,528500,17.777407,213850,1757.0,1760.0
2025-10-24 15:23:00,12.8,12.95,12.8,12.9,4550,17.907911,213850,1756.7,1760.0
2025-10-24 15:24:00,12.9,12.9,12.9,12.9,0,19.11779,211050,1754.8,1760.0
2025-10-24 15:25:00,12.4,12.9,12.4,12.4,536200,19.009999,211050,1753.9,1760.0
2025-10-24 15:26:00,12.4,12.4,12.4,12.4,0,19.558849,211050,1753.0,1760.0
2025-10-24 15:27:00,12.4,12.4,12.4,12.4,0,19.318518,211050,1753.4,1760.0
2025-10-24 15:28:00,12.4,12.4,12.4,12.4,0,18.397015,211050,1754.9,1760.0
2025-10-24 15:29:00,11.3,12.4,11.3,11.3,537950,15.796063,208600,1756.7,1760.0
2025-10-27 09:15:00,12.1,12.1,12.1,12.1,0,31.78357,0,1754.8,1760.0
2025-10-27 09:16:00,10.25,10.25,10.25,10.25,350,27.519294,208600,1754.9,1760.0
2025-10-27 09:17:00,10.9,10.9,10.25,10.9,700,24.196106,208600,1759.4,1760.0
2025-10-27 09:18:00,13.0,13.0,10.9,13.0,2450,23.993065,208600,1763.5,1760.0
2025-10-27 09:19:00,14.75,16.5,13.0,15.7,12950,26.43703,208250,1766.3,1760.0
2025-10-27 09:20:00,15.15,15.7,15.15,15.15,3150,26.268287,208250,1765.5,1760.0
2025-10-27 09:21:00,13.7,15.15,13.55,13.55,14000,27.588741,208250,1761.6,1760.0
2025-10-27 09:22:00,13.0,13.55,13.0,13.0,3500,25.881927,203700,1762.0,1760.0
2025-10-27 09:23:00,12.25,13.0,12.25,12.6,15050,25.832412,203700,1761.3,1760.0
2025-10-27 09:24:00,13.75,13.75,12.6,13.75,4550,26.475497,203700,1762.9,1760.0
2025-10-27 09:25:00,14.45,14.45,13.75,14.45,15400,26.802178,203000,1763.9,1760.0
2025-10-27 09:26:00,14.0,14.9,14.0,14.9,5600,26.665421,203000,1764.8,1760.0
2025-10-27 09:27:00,15.05,15.3,14.9,15.3,18900,27.31887,203000,1765.0,1760.0
2025-10-27 09:28:00,14.25,15.3,13.95,13.95,8400,25.94681,200200,1763.7,1760.0
2025-10-27 09:29:00,14.0,14.0,13.95,14.0,19600,25.032693,200200,1764.5,1760.0
2025-10-27 09:30:00,13.05,14.0,13.05,13.05,8750,23.793151,200200,1763.8,1760.0
2025-10-27 09:31:00,13.35,13.95,13.0,13.75,22750,24.211968,198100,1764.7,1760.0
2025-10-27 09:32:00,13.65,14.5,13.65,14.4,11200,24.900967,198100,1765.3,1760.0
2025-10-27 09:33:00,14.2,14.4,13.95,13.95,24150,25.594744,198100,1764.0,1760.0
2025-10-27 09:34:00,13.7,13.95,13.7,13.7,11550,25.033947,195650,1764.0,1760.0
2025-10-27 09:35:00,13.7,13.7,13.7,13.7,0,25.169398,195650,1763.9,1760.0
2025-10-27 09:36:00,15.35,15.35,13.7,15.35,38500,25.606147,195650,1766.4,1760.0
2025-10-27 09:37:00,14.25,15.35,14.25,15.0,3500,25.495003,193200,1765.9,1760.0
2025-10-27 09:38:00,15.0,15.0,15.0,15.0,0,28.262594,193200,1763.8,1760.0
2025-10-27 09:39:00,12.75,15.0,12.35,14.2,60200,26.072127,193200,1764.1,1760.0
2025-10-27 09:40:00,15.2,15.25,13.15,13.15,7700,28.120998,184450,1760.5,1760.0
2025-10-27 09:41:00,11.6,13.85,11.05,13.85,62300,27.186181,184450,1762.6,1760.0
2025-10-27 09:42:00,14.7,15.3,13.85,15.3,10850,29.970854,184450,1763.0,1760.0
2025-10-27 09:43:00,14.05,15.3,14.05,14.15,84350,27.62976,179550,1762.8,1760.0
2025-10-27 09:44:00,14.4,15.85,14.0,15.85,15400,29.97738,179550,1764.0,1760.0
2025-10-27 09:45:00,14.7,15.85,14.7,14.7,86800,25.536772,179550,1765.4,1760.0
2025-10-27 09:46:00,14.05,14.7,13.65,13.9,38850,26.333135,162050,1763.4,1760.0
2025-10-27 09:47:00,13.85,13.95,12.4,13.95,89250,25.555883,162050,1764.1,1760.0
2025-10-27 09:48:00,13.55,14.05,13.55,14.05,42350,25.790054,162050,1764.1,1760.0
2025-10-27 09:49:00,13.55,14.75,13.35,14.75,108500,22.70877,157850,1767.5,1760.0
2025-10-27 09:50:00,16.0,16.4,12.15,13.4,65800,23.660622,157850,1764.6,1760.0
2025-10-27 09:51:00,13.95,14.15,12.2,14.15,119700,24.716936,157850,1765.1,1760.0
2025-10-27 09:52:00,14.7,16.45,14.15,16.45,72800,24.501535,151200,1769.0,1760.0
2025-10-27 09:53:00,15.1,16.45,15.05,15.05,123550,24.169894,151200,1767.0,1760.0
2025-10-27 09:54:00,14.05,15.05,14.05,14.05,73150,22.411327,151200,1766.6,1760.0
2025-10-27 09:55:00,13.55,14.05,13.55,13.55,124600,21.388275,147700,1766.5,1760.0
2025-10-27 09:56:00,12.2,13.55,12.2,12.3,75950,17.967776,147700,1766.8,1760.0
2025-10-27 09:57:00,13.95,15.05,12.3,14.8,136500,19.358269,147700,1769.7,1760.0
2025-10-27 09:58:00,16.85,16.85,14.8,16.0,77700,22.668323,145250,1769.5,1760.0
2025-10-27 09:59:00,16.8,16.8,15.4,15.4,140700,20.361505,145250,1770.0,1760.0
2025-10-27 10:00:00,15.4,15.4,15.4,15.4,0,21.373199,145250,1769.4,1760.0
2025-10-27 10:01:00,15.2,16.45,13.7,13.7,225400,19.486668,143500,1768.0,1760.0
2025-10-27 10:02:00,14.95,14.95,13.7,14.95,4550,21.732593,143500,1768.5,1760.0
2025-10-27 10:03:00,15.15,15.15,13.9,13.95,232400,18.965083,143500,1768.7,1760.0
2025-10-27 10:04:00,14.85,14.85,13.3,14.1,6650,19.342219,142800,1768.7,1760.0
2025-10-27 10:05:00,14.85,14.85,12.5,12.5,242550,16.708275,142800,1767.9,1760.0
2025-10-27 10:06:00,13.85,14.15,12.05,13.2,12950,16.376494,142800,1769.1,1760.0
2025-10-27 10:07:00,13.2,13.2,13.2,13.2,244650,18.939165,142800,1767.6,1760.0
2025-10-27 10:08:00,14.8,14.8,12.75,13.55,21000,19.156186,143850,1768.0,1760.0
2025-10-27 10:09:00,14.25,14.25,13.55,14.25,249200,19.903551,143850,1768.6,1760.0
2025-10-27 10:10:00,6.45,7.3,5.85,7.3,17850,25.065002,146650,1770.4,1780.0
2025-10-27 10:11:00,7.3,7.3,7.3,7.3,0,24.080923,146650,1771.5,1780.0
2025-10-27 10:12:00,15.4,15.65,13.5,13.5,29400,17.35868,148050,1769.0,1760.0
2025-10-27 10:13:00,7.4,7.4,6.25,6.9,2450,24.403795,146300,1770.1,1780.0
2025-10-27 10:14:00,15.05,16.25,15.05,15.05,30100,19.905531,145600,1769.8,1760.0
2025-10-27 10:15:00,14.5,15.05,13.5,13.5,256200,22.673554,145600,1765.6,1760.0
2025-10-27 10:16:00,12.4,13.5,12.4,12.6,32550,18.160294,145950,1767.2,1760.0
2025-10-27 10:17:00,14.0,14.0,12.6,14.0,256550,19.820386,145950,1768.3,1760.0
2025-10-27 10:18:00,14.1,14.1,13.05,13.05,35700,23.692282,145950,1764.1,1760.0
2025-10-27 10:19:00,13.05,13.05,13.05,13.05,0,22.207441,145950,1765.2,1760.0
2025-10-27 10:20:00,13.35,13.35,13.05,13.35,292600,23.593883,145250,1764.7,1760.0
2025-10-27 10:21:00,13.35,13.35,13.35,13.35,0,25.182543,145250,1763.5,1760.0
2025-10-27 10:22:00,13.5,13.5,12.0,12.0,295400,22.093111,145250,1763.5,1760.0
2025-10-27 10:23:00,13.2,13.2,12.0,13.2,350,23.935806,146650,1764.2,1760.0
2025-10-27 10:24:00,13.1,13.2,13.1,13.15,297150,25.384101,146650,1763.0,1760.0
2025-10-27 10:25:00,12.6,13.15,12.6,12.6,1400,25.387068,146650,1762.0,1760.0
2025-10-27 10:26:00,12.6,12.6,12.6,12.6,0,26.607377,146650,1761.0,1760.0
2025-10-27 10:27:00,11.55,12.6,11.55,11.8,299250,24.796373,145250,1761.0,1760.0
2025-10-27 10:28:00,13.25,13.25,11.8,13.25,700,24.869302,144550,1763.6,1760.0
2025-10-27 10:29:00,14.45,15.2,13.25,15.2,301000,24.750191,144550,1767.0,1760.0
2025-10-27 10:30:00,15.4,15.5,15.2,15.5,1750,25.174437,144550,1767.2,1760.0
2025-10-27 10:31:00,15.5,15.5,15.5,15.5,0,26.737843,144550,1766.1,1760.0
2025-10-27 10:32:00,15.5,15.5,15.5,15.5,0,27.020341,144550,1765.9,1760.0
2025-10-27 10:33:00,15.5,15.5,15.5,15.5,0,26.193758,144550,1766.5,1760.0
2025-10-27 10:34:00,15.95,15.95,15.5,15.95,303100,25.827661,142800,1767.5,1760.0
2025-10-27 10:35:00,16.15,16.25,15.95,16.25,4200,26.687058,142800,1767.4,1760.0
2025-10-27 10:36:00,16.25,16.25,16.25,16.25,0,28.380561,142800,1766.2,1760.0
2025-10-27 10:37:00,15.75,16.25,15.75,16.0,317450,28.217452,141400,1765.9,1760.0
2025-10-27 10:38:00,15.4,16.0,14.25,14.25,1400,24.977667,141400,1765.3,1760.0
2025-10-27 10:39:00,14.85,14.85,14.25,14.85,317800,24.851627,141400,1766.4,1760.0
2025-10-27 10:40:00,15.0,15.5,14.85,15.5,2450,25.240305,141400,1767.2,1760.0
2025-10-27 10:41:00,15.5,15.5,15.5,15.5,0,25.101258,140700,1767.3,1760.0
2025-10-27 10:42:00,16.3,16.3,15.5,16.3,322000,27.566569,140700,1766.9,1760.0
2025-10-27 10:43:00,16.3,16.3,16.3,16.3,0,25.836125,140700,1768.1,1760.0
2025-10-27 10:44:00,16.3,16.3,16.3,16.3,322350,25.543896,140700,1768.3,1760.0
2025-10-27 10:45:00,16.25,16.3,15.85,15.85,700,25.371063,140000,1767.7,1760.0
2025-10-27 10:46:00,15.35,15.85,15.35,15.35,322700,24.334921,140000,1767.6,1760.0
2025-10-27 10:47:00,15.35,15.35,15.35,15.35,0,23.43336,140000,1768.2,1760.0
2025-10-27 10:48:00,16.1,16.15,15.35,16.15,327600,26.829564,139650,1767.2,1760.0
2025-10-27 10:49:00,16.3,16.3,16.15,16.3,350,26.467118,139650,1767.7,1760.0
2025-10-27 10:50:00,17.0,17.0,16.3,17.0,335650,25.430301,136150,1769.5,1760.0
2025-10-27 10:51:00,7.4,7.4,7.4,7.4,10500,25.744987,149800,1770.2,1780.0
2025-10-27 10:52:00,17.05,17.1,16.1,16.1,341250,26.159484,131600,1767.6,1760.0
2025-10-27 10:53:00,16.25,16.25,16.1,16.25,1050,24.875497,131600,1768.7,1760.0
2025-10-27 10:54:00,16.25,16.25,16.25,16.25,0,25.940409,131600,1768.0,1760.0
2025-10-27 10:55:00,16.0,16.25,16.0,16.0,343000,25.499031,131950,1767.9,1760.0
2025-10-27 10:56:00,15.5,16.0,15.5,15.5,350,22.7563,131950,1768.9,1760.0
2025-10-27 10:57:00,15.55,15.55,15.5,15.55,345100,24.585295,131950,1767.8,1760.0
2025-10-27 10:58:00,16.3,17.0,15.55,16.2,5950,22.87055,130900,1769.9,1760.0
2025-10-27 10:59:00,16.7,16.7,16.2,16.7,345450,23.95372,130900,1770.0,1760.0
2025-10-27 11:00:00,16.6,16.7,14.55,14.55,11200,19.750938,130900,1769.3,1760.0
2025-10-27 11:01:00,14.95,15.35,14.55,15.05,350000,22.001588,130900,1768.7,1760.0
2025-10-27 11:02:00,6.05,6.8,6.0,6.0,265650,21.302705,122500,1771.5,1780.0
2025-10-27 11:03:00,16.05,16.1,15.45,15.7,353150,22.152401,129850,1769.6,1760.0
2025-10-27 11:04:00,15.95,15.95,15.7,15.75,17150,22.283146,129850,1769.6,1760.0
2025-10-27 11:05:00,6.05,6.5,5.9,6.5,335650,22.424279,122150,1771.6,1780.0
2025-10-27 11:06:00,6.65,6.65,6.5,6.65,350,22.604997,122150,1771.8,1780.0
2025-10-27 11:07:00,6.7,6.7,6.65,6.7,336000,23.093978,122850,1771.4,1780.0
2025-10-27 11:08:00,6.4,6.7,6.4,6.4,2450,21.839935,122850,1772.0,1780.0
2025-10-27 11:09:00,6.8,6.8,6.4,6.8,337400,22.978888,122850,1771.8,1780.0
2025-10-27 11:10:00,6.85,6.85,6.8,6.85,3150,22.456649,122500,1772.5,1780.0
2025-10-27 11:11:00,6.65,6.85,6.55,6.55,340550,22.122043,122500,1772.1,1780.0
2025-10-27 11:12:00,6.75,6.75,6.55,6.75,4200,23.243225,122500,1771.4,1780.0
2025-10-27 11:13:00,6.75,6.75,6.75,6.75,0,23.249266,122500,1771.4,1780.0
2025-10-27 11:14:00,6.75,6.75,6.75,6.75,0,22.981516,122850,1771.7,1780.0
2025-10-27 11:15:00,6.75,6.75,6.75,6.75,0,22.9875,122850,1771.7,1780.0
2025-10-27 11:16:00,6.75,6.75,6.75,6.75,0,22.441003,122500,1772.3,1780.0
2025-10-27 11:17:00,7.0,7.0,6.75,7.0,348950,23.686167,122500,1771.6,1780.0
2025-10-27 11:18:00,7.45,7.45,7.0,7.45,1750,21.598072,122500,1774.9,1780.0
2025-10-27 11:19:00,7.8,7.9,7.45,7.9,364350,22.943446,120050,1774.6,1780.0
2025-10-27 11:20:00,7.85,7.9,7.85,7.85,3150,22.133374,120050,1775.3,1780.0
2025-10-27 11:21:00,7.85,7.85,7.85,7.85,0,22.03819,120050,1775.4,1780.0
2025-10-27 11:22:00,7.7,7.85,7.7,7.7,370300,21.899366,122850,1775.2,1780.0
2025-10-27 11:23:00,7.75,7.75,7.6,7.6,2800,22.370645,122850,1774.5,1780.0
2025-10-27 11:24:00,7.8,8.0,7.6,8.0,375200,23.205351,122850,1774.6,1780.0
2025-10-27 11:25:00,8.0,8.0,8.0,8.0,8400,21.17188,115850,1776.6,1780.0
2025-10-27 11:26:00,8.0,8.0,8.0,8.0,377300,20.756631,115850,1777.0,1780.0
2025-10-27 11:27:00,7.95,8.0,7.85,7.85,14700,20.1001,115850,1777.3,1780.0
2025-10-27 11:28:00,8.15,8.15,7.85,8.15,378700,20.361609,112350,1777.7,1780.0
2025-10-27 11:29:00,7.8,8.15,7.8,7.8,16450,20.525618,112350,1776.8,1780.0
2025-10-27 11:30:00,8.0,8.0,7.8,8.0,379750,21.199964,112350,1776.6,1780.0
2025-10-27 11:31:00,8.2,8.65,8.0,8.65,24150,20.079675,113750,1779.0,1780.0
2025-10-27 11:32:00,9.6,9.6,8.65,9.6,387450,22.251277,113750,1779.0,1780.0
2025-10-27 11:33:00,10.0,10.15,9.6,10.0,38150,21.78099,113750,1780.2,1780.0
2025-10-27 11:34:00,9.8,10.0,8.8,9.65,395500,21.22358,109900,1780.0,1780.0
2025-10-27 11:35:00,9.6,9.95,9.6,9.95,38850,22.03095,109900,1779.9,1780.0
2025-10-27 11:36:00,9.6,9.95,9.5,9.5,398300,22.160119,109900,1778.9,1780.0
2025-10-27 11:37:00,9.25,9.5,9.25,9.5,39900,22.052651,109900,1779.0,1780.0
2025-10-27 11:38:00,9.25,9.5,9.25,9.25,399700,22.05086,109900,1778.5,1780.0
2025-10-27 11:39:00,9.6,9.6,9.25,9.55,40950,22.405187,109900,1778.8,1780.0
2025-10-27 11:40:00,9.4,10.2,9.4,10.2,402150,21.802991,109550,1780.6,1780.0
2025-10-27 11:41:00,9.95,10.2,9.95,9.95,41300,21.356735,109550,1780.5,1780.0
2025-10-27 11:42:00,9.95,9.95,9.95,9.95,0,21.955002,109550,1780.0,1780.0
2025-10-27 11:43:00,9.8,9.95,9.8,9.8,444850,21.852178,109900,1779.8,1780.0
2025-10-27 11:44:00,8.4,9.8,8.4,9.0,16800,20.722354,109900,1779.2,1780.0
2025-10-27 11:45:00,8.7,9.0,8.7,8.7,445550,21.716078,109900,1777.7,1780.0
2025-10-27 11:46:00,8.7,8.7,8.7,8.7,0,21.830804,109900,1777.6,1780.0
2025-10-27 11:47:00,7.05,8.7,7.05,7.05,469000,20.028287,104650,1775.7,1780.0
2025-10-27 11:48:00,7.75,7.75,7.05,7.75,11200,22.368793,104650,1775.0,1780.0
2025-10-27 11:49:00,7.75,7.75,7.75,7.75,0,22.475341,106400,1774.9,1780.0
2025-10-27 11:50:00,7.75,7.75,7.75,7.75,0,22.781787,106400,1774.6,1780.0
2025-10-27 11:51:00,8.25,8.25,7.75,8.25,482300,24.55393,106400,1774.0,1780.0
2025-10-27 11:52:00,7.5,8.25,7.2,7.2,1750,22.195183,106400,1773.9,1780.0
2025-10-27 11:53:00,7.35,7.35,7.2,7.35,482650,23.329097,106400,1773.1,1780.0
2025-10-27 11:54:00,7.35,7.35,7.35,7.35,0,23.239077,106400,1773.2,1780.0
2025-10-27 11:55:00,7.35,7.35,7.35,7.35,0,23.245264,106400,1773.2,1780.0
2025-10-27 11:56:00,7.75,8.05,7.35,8.05,487200,25.098777,106400,1773.0,1780.0
2025-10-27 11:57:00,7.8,8.15,7.8,8.15,4900,24.159715,106400,1774.2,1780.0
2025-10-27 11:58:00,8.15,8.15,8.15,8.15,0,24.166145,106400,1774.2,1780.0
2025-10-27 11:59:00,8.2,8.2,8.15,8.2,492450,23.076093,108500,1775.4,1780.0
2025-10-27 12:00:00,8.2,8.2,8.2,8.2,0,24.196225,108500,1774.3,1780.0
2025-10-27 12:01:00,18.65,18.65,17.1,17.1,446600,25.362246,120050,1770.0,1760.0
2025-10-27 12:02:00,7.5,7.8,7.5,7.5,2100,26.375332,113050,1770.3,1780.0
2025-10-27 12:03:00,16.45,16.45,15.95,15.95,449750,22.475268,119700,1770.0,1760.0
2025-10-27 12:04:00,7.75,7.75,7.75,7.75,0,25.968731,113050,1771.4,1780.0
2025-10-27 12:05:00,8.1,8.1,7.75,8.1,518700,27.565795,114450,1770.6,1780.0
2025-10-27 12:06:00,8.1,8.1,8.1,8.1,0,27.666483,114450,1770.5,1780.0
2025-10-27 12:07:00,8.1,8.1,8.1,8.1,0,26.637815,113750,1771.6,1780.0
2025-10-27 12:08:00,8.1,8.1,8.1,8.1,0,26.644886,113750,1771.6,1780.0
2025-10-27 12:09:00,8.5,8.5,8.1,8.5,521500,27.222453,113750,1772.0,1780.0
2025-10-27 12:10:00,8.5,8.5,8.5,8.5,0,27.614025,113750,1771.6,1780.0
2025-10-27 12:11:00,8.5,8.5,8.5,8.5,0,26.459975,113750,1772.8,1780.0
2025-10-27 12:12:00,8.5,8.5,8.5,8.5,0,26.467042,113750,1772.8,1780.0
2025-10-27 12:13:00,8.5,8.5,8.5,8.5,0,26.376127,113750,1772.9,1780.0
2025-10-27 12:14:00,8.5,8.5,8.5,8.5,0,26.285003,113750,1773.0,1780.0
2025-10-27 12:15:00,9.0,9.0,8.5,9.0,522550,27.473929,113400,1773.0,1780.0
2025-10-27 12:16:00,8.95,9.0,8.95,8.95,350,27.85566,113400,1772.5,1780.0
2025-10-27 12:17:00,8.95,8.95,8.95,8.95,0,26.673166,113400,1773.7,1780.0
2025-10-27 12:18:00,9.15,9.15,8.95,9.15,524300,27.750971,113400,1773.1,1780.0
2025-10-27 12:19:00,8.6,9.15,8.6,8.6,700,26.851721,113400,1772.7,1780.0
2025-10-27 12:20:00,8.3,8.6,8.3,8.3,525000,26.438447,111650,1772.4,1780.0
2025-10-27 12:21:00,8.3,8.3,8.3,8.3,0,27.216463,111650,1771.6,1780.0
2025-10-27 12:22:00,8.4,8.4,8.2,8.2,526750,26.792714,111650,1771.8,1780.0
2025-10-27 12:23:00,8.2,8.2,8.2,8.2,0,27.562062,111650,1771.0,1780.0
2025-10-27 12:24:00,15.9,16.9,15.9,15.9,456750,22.479433,119000,1770.0,1760.0
2025-10-27 12:25:00,16.4,16.4,15.9,16.4,700,23.762552,119000,1770.0,1760.0
2025-10-27 12:26:00,8.2,8.2,8.2,8.2,0,27.29932,111650,1771.3,1780.0
2025-10-27 12:27:00,15.95,15.95,15.95,15.95,0,25.864589,118650,1768.0,1760.0
2025-10-27 12:28:00,15.25,15.95,15.25,15.25,458150,23.837599,118650,1768.2,1760.0
2025-10-27 12:29:00,15.25,15.25,15.25,15.25,0,23.204762,118650,1768.6,1760.0
2025-10-27 12:30:00,15.85,16.25,15.25,16.25,459550,25.061702,118300,1769.0,1760.0
2025-10-27 12:31:00,14.1,16.25,14.1,14.1,9100,26.35923,118300,1764.6,1760.0
2025-10-27 12:32:00,14.35,14.65,13.75,14.65,461650,25.570692,119000,1766.1,1760.0
2025-10-27 12:33:00,14.65,14.65,14.65,14.65,0,25.722008,119000,1766.0,1760.0
2025-10-27 12:34:00,14.65,14.65,13.95,14.0,478800,25.167252,119350,1765.3,1760.0
2025-10-27 12:35:00,14.6,14.95,14.0,14.7,7700,29.021871,119350,1763.7,1760.0
2025-10-27 12:36:00,14.45,15.4,14.45,15.4,480200,27.403406,119350,1766.1,1760.0
2025-10-27 12:37:00,17.4,17.4,15.4,16.85,9800,27.377631,119350,1768.5,1760.0
2025-10-27 12:38:00,17.2,17.25,16.75,16.75,481250,28.050701,117950,1767.9,1760.0
2025-10-27 12:39:00,16.65,16.75,16.65,16.65,10150,28.113839,117950,1767.7,1760.0
2025-10-27 12:40:00,16.65,16.65,16.65,16.65,0,28.418215,117950,1767.5,1760.0
2025-10-27 12:41:00,16.8,16.8,16.5,16.5,494200,30.359865,117250,1765.9,1760.0
2025-10-27 12:42:00,16.3,16.5,16.3,16.3,700,30.720544,117250,1765.3,1760.0
2025-10-27 12:43:00,16.3,16.3,16.3,16.3,0,30.728916,117250,1765.3,1760.0
2025-10-27 12:44:00,15.35,16.3,15.35,16.0,496650,28.905733,118300,1766.1,1760.0
2025-10-27 12:45:00,16.45,16.45,16.0,16.45,350,28.851254,118300,1766.9,1760.0
2025-10-27 12:46:00,16.45,16.45,16.45,16.45,0,30.141791,118300,1766.0,1760.0
2025-10-27 12:47:00,16.2,16.45,16.2,16.2,498400,27.675371,117250,1767.3,1760.0
2025-10-27 12:48:00,16.2,16.2,16.2,16.2,0,29.276344,117250,1766.2,1760.0
2025-10-27 12:49:00,16.25,16.25,16.2,16.25,498750,28.689304,117250,1766.7,1760.0
2025-10-27 12:50:00,16.4,16.4,16.25,16.4,350,27.888224,116550,1767.5,1760.0
2025-10-27 12:51:00,16.4,16.4,16.4,16.4,0,27.746754,116550,1767.6,1760.0
2025-10-27 12:52:00,16.2,16.4,16.2,16.2,500150,29.023658,116550,1766.4,1760.0
2025-10-27 12:53:00,16.2,16.2,16.2,16.2,0,28.600113,116550,1766.7,1760.0
2025-10-27 12:54:00,16.2,16.2,16.2,16.2,0,28.317425,116550,1766.9,1760.0
2025-10-27 12:55:00,16.2,16.2,16.2,16.2,0,27.288801,116550,1767.6,1760.0
2025-10-27 12:56:00,16.2,16.2,16.2,16.2,0,27.446421,116550,1767.5,1760.0
2025-10-27 12:57:00,16.9,16.9,16.2,16.9,500500,27.806976,116900,1768.4,1760.0
2025-10-27 12:58:00,16.9,16.9,16.9,16.9,0,28.271867,116900,1768.1,1760.0
2025-10-27 12:59:00,16.5,16.9,16.5,16.8,501550,29.374468,116900,1767.2,1760.0
2025-10-27 13:00:00,16.7,16.9,16.6,16.8,1750,26.805227,116900,1768.9,1760.0
2025-10-27 13:01:00,16.8,16.8,16.8,16.8,0,28.050011,116900,1768.1,1760.0
2025-10-27 13:02:00,16.8,16.8,16.8,16.8,0,27.905615,116900,1768.2,1760.0
2025-10-27 13:03:00,17.5,17.5,16.8,17.5,504000,29.631276,116200,1768.2,1760.0
2025-10-27 13:04:00,17.5,17.5,17.5,17.5,0,29.639507,116200,1768.2,1760.0
2025-10-27 13:05:00,17.5,17.5,17.5,17.5,0,28.888161,116200,1768.7,1760.0
2025-10-27 13:06:00,17.5,17.5,17.5,17.5,0,29.505305,116200,1768.3,1760.0
2025-10-27 13:07:00,17.5,17.5,17.5,17.5,0,29.513524,116200,1768.3,1760.0
2025-10-27 13:08:00,17.4,17.5,17.4,17.5,504700,29.218343,116200,1768.5,1760.0
2025-10-27 13:09:00,17.5,17.5,17.5,17.5,0,29.378542,116200,1768.4,1760.0
2025-10-27 13:10:00,17.5,17.5,17.5,17.5,0,28.619674,116200,1768.9,1760.0
2025-10-27 13:11:00,17.1,17.5,16.85,17.05,506800,29.934536,116200,1767.3,1760.0
2025-10-27 13:12:00,16.6,17.05,16.6,16.6,350,28.249851,116200,1767.7,1760.0
2025-10-27 13:13:00,16.6,16.6,16.6,16.6,0,27.955814,116200,1767.9,1760.0
2025-10-27 13:14:00,16.6,16.6,16.6,16.6,507500,30.596279,116550,1766.1,1760.0
2025-10-27 13:15:00,16.6,16.6,16.6,16.6,0,30.035097,116550,1766.5,1760.0
2025-10-27 13:16:00,16.6,16.6,16.6,16.6,0,30.471593,116550,1766.2,1760.0
2025-10-27 13:17:00,16.6,16.6,16.6,16.6,0,33.362627,116550,1764.1,1760.0
2025-10-27 13:18:00,16.6,16.6,16.6,16.6,0,33.504702,116550,1764.0,1760.0
2025-10-27 13:19:00,15.3,16.6,15.3,15.3,508200,31.599062,116550,1763.1,1760.0
2025-10-27 13:20:00,14.3,15.3,14.3,14.3,350,30.006116,116550,1762.5,1760.0
2025-10-27 13:21:00,14.3,14.3,14.3,14.3,0,28.568911,116550,1763.6,1760.0
2025-10-27 13:22:00,14.3,14.3,14.3,14.3,0,29.108385,116550,1763.2,1760.0
2025-10-27 13:23:00,14.3,14.3,14.3,14.3,0,30.031103,116550,1762.5,1760.0
2025-10-27 13:24:00,14.3,14.3,14.3,14.3,0,30.039457,116550,1762.5,1760.0
2025-10-27 13:25:00,14.3,14.3,14.3,14.3,0,30.434243,116550,1762.2,1760.0
2025-10-27 13:26:00,14.3,14.3,14.3,14.3,0,29.404366,116550,1763.0,1760.0
2025-10-27 13:27:00,14.3,14.3,14.3,14.3,0,30.322681,116550,1762.3,1760.0
2025-10-27 13:28:00,14.3,14.3,14.3,14.3,0,30.072922,116550,1762.5,1760.0
2025-10-27 13:29:00,14.3,14.3,14.3,14.3,0,31.484114,116550,1761.4,1760.0
2025-10-27 13:30:00,14.3,14.3,14.3,14.3,0,30.73275,116550,1762.0,1760.0
2025-10-27 13:31:00,14.3,14.3,14.3,14.3,0,30.741314,116550,1762.0,1760.0
2025-10-27 13:32:00,14.3,14.3,14.3,14.3,0,31.004741,116550,1761.8,1760.0
2025-10-27 13:33:00,14.3,14.3,14.3,14.3,0,31.895028,116550,1761.1,1760.0
2025-10-27 13:34:00,11.8,14.3,11.8,12.75,511000,28.337748,116550,1761.0,1760.0
2025-10-27 13:35:00,12.75,12.75,12.75,12.75,0,27.968741,116550,1761.3,1760.0
2025-10-27 13:36:00,12.85,12.85,12.75,12.85,512400,28.215008,116550,1761.3,1760.0
2025-10-27 13:37:00,13.0,13.0,12.85,13.0,700,28.580612,116550,1761.3,1760.0
2025-10-27 13:38:00,13.0,13.0,13.0,13.0,513450,27.696218,115850,1762.0,1760.0
2025-10-27 13:39:00,13.0,13.0,13.0,13.0,0,27.18521,115850,1762.4,1760.0
2025-10-27 13:40:00,13.0,13.0,13.0,13.0,0,26.534533,115850,1762.9,1760.0
2025-10-27 13:41:00,13.0,13.0,13.0,13.0,0,27.719625,115850,1762.0,1760.0
2025-10-27 13:42:00,13.0,13.0,13.0,13.0,0,28.240176,115850,1761.6,1760.0
2025-10-27 13:43:00,13.0,13.0,13.0,13.0,0,28.248134,115850,1761.6,1760.0
2025-10-27 13:44:00,13.0,13.0,13.0,13.0,0,27.092671,114800,1762.5,1760.0
2025-10-27 13:45:00,12.95,13.0,12.95,12.95,518350,27.760113,114800,1761.9,1760.0
2025-10-27 13:46:00,12.95,12.95,12.95,12.95,0,28.406807,114800,1761.4,1760.0
2025-10-27 13:47:00,12.95,12.95,12.95,12.95,0,28.287762,114800,1761.5,1760.0
2025-10-27 13:48:00,12.95,12.95,12.95,12.95,0,28.295741,114800,1761.5,1760.0
2025-10-27 13:49:00,12.95,12.95,12.95,12.95,0,27.53298,114800,1762.1,1760.0
2025-10-27 13:50:00,12.95,12.95,12.95,12.95,0,27.280562,114450,1762.3,1760.0
2025-10-27 13:51:00,12.95,12.95,12.95,12.95,0,27.026316,114450,1762.5,1760.0
2025-10-27 13:52:00,12.95,12.95,12.95,12.95,0,25.832307,114450,1763.4,1760.0
2025-10-27 13:53:00,12.95,12.95,12.95,12.95,0,27.041659,114450,1762.5,1760.0
2025-10-27 13:54:00,12.95,12.95,12.95,12.95,0,27.180669,114450,1762.4,1760.0
2025-10-27 13:55:00,12.95,12.95,12.95,12.95,0,27.83873,114450,1761.9,1760.0
2025-10-27 13:56:00,12.95,12.95,12.95,12.95,0,27.064735,114800,1762.5,1760.0
2025-10-27 13:57:00,12.95,12.95,12.95,12.95,0,26.139944,114800,1763.2,1760.0
2025-10-27 13:58:00,12.95,12.95,12.95,12.95,0,25.190592,114800,1763.9,1760.0
2025-10-27 13:59:00,14.15,14.15,12.95,14.15,520800,26.715351,114100,1764.9,1760.0
2025-10-27 14:00:00,14.15,14.15,14.15,14.15,0,28.656979,114100,1763.5,1760.0
2025-10-27 14:01:00,14.15,14.15,14.15,14.15,0,28.665129,114100,1763.5,1760.0
2025-10-27 14:02:00,14.15,14.15,14.15,14.15,0,29.606749,114100,1762.8,1760.0
2025-10-27 14:03:00,14.15,14.15,14.15,14.15,0,29.350507,114100,1763.0,1760.0
2025-10-27 14:04:00,14.15,14.15,14.15,14.15,0,30.017684,114100,1762.5,1760.0
2025-10-27 14:05:00,14.15,14.15,14.15,14.15,0,29.234182,114100,1763.1,1760.0
2025-10-27 14:06:00,13.35,14.15,13.35,13.35,521500,28.62951,114100,1762.1,1760.0
2025-10-27 14:07:00,13.65,13.65,13.35,13.65,350,28.309511,114100,1762.9,1760.0
2025-10-27 14:08:00,13.65,13.65,13.65,13.65,0,28.317607,114100,1762.9,1760.0
2025-10-27 14:09:00,13.65,13.65,13.65,13.65,0,27.519417,114100,1763.5,1760.0
2025-10-27 14:10:00,13.65,13.65,13.65,13.65,0,27.662863,114100,1763.4,1760.0
2025-10-27 14:11:00,13.65,13.65,13.65,13.65,0,29.263498,114100,1762.2,1760.0
2025-10-27 14:12:00,13.65,13.65,13.65,13.65,0,29.141373,114100,1762.3,1760.0
2025-10-27 14:13:00,13.65,13.65,13.65,13.65,0,28.224725,114100,1763.0,1760.0
2025-10-27 14:14:00,13.65,13.65,13.65,13.65,0,29.54852,114100,1762.0,1760.0
2025-10-27 14:15:00,13.65,13.65,13.65,13.65,0,29.427156,114100,1762.1,1760.0
2025-10-27 14:16:00,13.65,13.65,13.65,13.65,0,28.115076,114100,1763.1,1760.0
2025-10-27 14:17:00,13.65,13.65,13.65,13.65,0,27.718516,114100,1763.4,1760.0
2025-10-27 14:18:00,13.65,13.65,13.65,13.65,0,26.904204,114100,1764.0,1760.0
2025-10-27 14:19:00,13.65,13.65,13.65,13.65,0,27.050303,114100,1763.9,1760.0
2025-10-27 14:20:00,13.65,13.65,13.65,13.65,0,27.606553,114100,1763.5,1760.0
2025-10-27 14:21:00,13.65,13.65,13.65,13.65,0,27.61451,113750,1763.5,1760.0
2025-10-27 14:22:00,13.65,13.65,13.65,13.65,0,27.211674,113750,1763.8,1760.0
2025-10-27 14:23:00,13.45,13.65,13.45,13.45,523600,27.686154,113750,1763.1,1760.0
2025-10-27 14:24:00,13.45,13.45,13.45,13.45,0,27.28802,113750,1763.4,1760.0
2025-10-27 14:25:00,13.45,13.45,13.45,13.45,0,26.747507,113750,1763.8,1760.0
2025-10-27 14:26:00,13.45,13.45,13.45,13.45,0,26.198527,113750,1764.2,1760.0
2025-10-27 14:27:00,15.05,15.1,13.45,15.1,524300,28.551292,113750,1765.4,1760.0
2025-10-27 14:28:00,15.1,15.1,15.1,15.1,0,27.095759,113750,1766.4,1760.0
2025-10-27 14:29:00,15.1,15.1,15.1,15.1,0,28.567843,113750,1765.4,1760.0
2025-10-27 14:30:00,15.1,15.1,15.1,15.1,0,27.70449,113750,1766.0,1760.0
2025-10-27 14:31:00,15.1,15.1,15.1,15.1,0,28.151041,114100,1765.7,1760.0
2025-10-27 14:32:00,14.45,15.45,14.45,15.45,526400,27.094303,114450,1767.0,1760.0
2025-10-27 14:33:00,15.75,15.75,15.45,15.6,1400,28.672946,114450,1766.2,1760.0
2025-10-27 14:34:00,14.45,15.6,14.45,14.45,541800,23.645051,114450,1767.6,1760.0
2025-10-27 14:35:00,12.8,14.45,12.8,13.7,3850,25.010258,108150,1765.5,1760.0
2025-10-27 14:36:00,13.7,13.7,13.7,13.7,0,24.86932,108150,1765.6,1760.0
2025-10-27 14:37:00,13.7,13.7,13.7,13.7,0,25.172616,108150,1765.4,1760.0
2025-10-27 14:38:00,13.45,13.7,13.45,13.45,546000,22.727751,108150,1766.6,1760.0
2025-10-27 14:39:00,13.45,13.45,13.45,13.45,700,23.511791,108500,1766.1,1760.0
2025-10-27 14:40:00,13.45,13.45,13.45,13.45,0,26.023035,108500,1764.4,1760.0
2025-10-27 14:41:00,12.3,13.45,12.0,12.0,548450,23.594665,109550,1763.6,1760.0
2025-10-27 14:42:00,12.0,12.0,12.0,12.0,0,24.295651,109550,1763.1,1760.0
2025-10-27 14:43:00,12.0,12.0,12.0,12.0,0,23.326715,109550,1763.8,1760.0
2025-10-27 14:44:00,10.7,12.0,10.7,10.7,548800,19.978787,109200,1763.9,1760.0
2025-10-27 14:45:00,10.7,10.7,10.7,10.7,0,18.941721,109200,1764.6,1760.0
2025-10-27 14:46:00,10.7,10.7,10.7,10.7,0,18.947454,109200,1764.6,1760.0
2025-10-27 14:47:00,10.7,10.7,10.7,10.7,0,17.538927,109200,1765.5,1760.0
2025-10-27 14:48:00,10.7,10.7,10.7,10.7,0,18.184311,109200,1765.1,1760.0
2025-10-27 14:49:00,10.7,10.7,10.7,10.7,0,20.299429,109200,1763.7,1760.0
2025-10-27 14:50:00,10.0,10.7,10.0,10.0,549500,17.20572,108850,1764.6,1760.0
2025-10-27 14:51:00,10.0,10.0,10.0,10.0,700,17.05419,108850,1764.7,1760.0
2025-10-27 14:52:00,10.0,10.0,10.0,10.0,0,17.216288,108850,1764.6,1760.0
2025-10-27 14:53:00,10.0,10.0,10.0,10.0,0,17.377285,108850,1764.5,1760.0
2025-10-27 14:54:00,10.0,10.0,10.0,10.0,0,17.226864,108850,1764.6,1760.0
2025-10-27 14:55:00,9.4,10.0,9.4,9.4,550550,16.336398,108150,1764.2,1760.0
2025-10-27 14:56:00,8.5,9.4,8.5,8.5,350,15.299465,108150,1763.4,1760.0
2025-10-27 14:57:00,8.5,8.5,8.5,8.5,0,10.568048,108150,1766.1,1760.0
2025-10-27 14:58:00,8.5,8.5,8.5,8.5,0,12.343616,108150,1765.2,1760.0
2025-10-27 14:59:00,9.75,9.75,8.5,9.75,551950,15.975044,108150,1765.0,1760.0
2025-10-27 15:00:00,10.2,10.9,9.75,10.9,2100,13.755574,107800,1767.9,1760.0
2025-10-27 15:01:00,10.9,10.9,10.9,10.9,0,13.546958,107800,1768.0,1760.0
2025-10-27 15:02:00,10.9,10.9,10.9,10.9,0,12.421311,108850,1768.5,1760.0
2025-10-27 15:03:00,10.9,10.9,10.9,10.9,0,11.68186,108850,1768.8,1760.0
2025-10-27 15:04:00,10.9,10.9,10.9,10.9,0,11.685971,108850,1768.8,1760.0
2025-10-27 15:05:00,12.85,12.85,10.9,12.85,555100,17.299538,108150,1768.9,1760.0
2025-10-27 15:06:00,12.35,12.85,12.35,12.35,700,15.676259,108150,1769.0,1760.0
2025-10-27 15:07:00,13.15,13.15,12.35,13.0,555800,17.729763,108150,1768.9,1760.0
2025-10-27 15:08:00,13.0,13.0,13.0,13.0,0,17.539095,108150,1769.0,1760.0
2025-10-27 15:09:00,13.0,13.0,13.0,13.0,0,17.346016,108150,1769.1,1760.0
2025-10-27 15:10:00,13.0,13.0,13.0,13.0,0,17.550208,108150,1769.0,1760.0
2025-10-27 15:11:00,12.75,13.0,12.75,12.75,556850,17.445512,107800,1768.7,1760.0
2025-10-27 15:12:00,12.75,12.75,12.75,12.75,0,20.16873,107800,1767.2,1760.0
2025-10-27 15:13:00,12.75,12.75,12.75,12.75,0,21.008785,107800,1766.7,1760.0
2025-10-27 15:14:00,11.9,12.75,11.9,11.9,557200,19.802171,107800,1766.1,1760.0
2025-10-27 15:15:00,11.2,11.9,11.2,11.2,350,17.137834,107450,1766.6,1760.0
2025-10-27 15:16:00,11.0,11.55,11.0,11.55,558950,17.89555,107450,1766.7,1760.0
2025-10-27 15:17:00,12.2,12.2,11.55,12.2,1050,19.097339,107100,1767.0,1760.0
2025-10-27 15:18:00,12.2,12.2,12.2,12.2,0,18.581176,107100,1767.3,1760.0
2025-10-27 15:19:00,11.0,12.2,11.0,11.0,561050,15.90119,107100,1767.0,1760.0
2025-10-27 15:20:00,12.5,12.5,11.0,12.5,350,18.136229,107100,1768.0,1760.0
2025-10-27 15:21:00,12.5,12.5,12.5,12.5,0,21.546372,107100,1766.0,1760.0
2025-10-27 15:22:00,12.5,12.5,12.5,12.5,0,21.394007,107100,1766.1,1760.0
2025-10-27 15:23:00,12.5,12.5,12.5,12.5,0,23.250024,107100,1764.9,1760.0
2025-10-27 15:24:00,12.5,12.5,12.5,12.5,0,24.140016,107100,1764.3,1760.0
2025-10-27 15:25:00,11.65,12.5,11.65,11.65,563150,20.504166,107800,1765.3,1760.0
2025-10-27 15:26:00,11.65,11.65,11.65,11.65,0,21.279448,107800,1764.8,1760.0
2025-10-27 15:27:00,11.65,11.65,11.65,11.65,0,21.133908,107800,1764.9,1760.0
2025-10-27 15:28:00,10.4,11.65,10.4,10.4,565250,21.35983,107800,1762.6,1760.0
2025-10-27 15:29:00,10.4,10.4,10.4,10.4,0,19.57072,107800,1764.0,1760.0
2025-10-28 09:15:00,11.45,11.45,11.45,11.45,0,44.885478,0,1759.6,1760.0
2025-10-28 09:16:00,7.5,7.5,7.5,7.5,350,24.156173,106400,1762.2,1760.0
2025-10-28 09:17:00,5.55,7.5,5.55,5.55,1750,24.024901,106400,1758.5,1760.0
2025-10-28 09:18:00,5.55,5.55,5.55,5.55,1750,24.951121,106400,1758.0,1760.0
2025-10-28 09:19:00,5.55,5.55,5.55,5.55,0,27.251703,106400,1756.7,1760.0
2025-10-28 09:20:00,5.55,5.55,5.55,5.55,0,32.358221,106400,1753.6,1760.0
2025-10-28 09:21:00,2.95,5.55,2.95,3.0,4200,20.12332,106400,1754.7,1760.0
2025-10-28 09:22:00,3.0,3.0,3.0,3.0,0,16.92105,106750,1756.8,1760.0
2025-10-28 09:23:00,5.05,5.05,3.0,5.05,5250,20.479788,106750,1759.4,1760.0
2025-10-28 09:24:00,5.95,5.95,5.05,5.95,350,20.154324,106750,1761.3,1760.0
2025-10-28 09:25:00,5.6,6.8,5.6,6.8,9100,19.899381,106750,1762.9,1760.0
2025-10-28 09:26:00,8.0,8.75,6.8,8.75,1400,24.631665,106750,1764.2,1760.0
2025-10-28 09:27:00,8.75,8.75,8.75,8.75,0,24.146403,106750,1764.4,1760.0
2025-10-28 09:28:00,8.55,8.75,8.55,8.55,12250,22.561388,106750,1764.7,1760.0
2025-10-28 09:29:00,8.55,8.55,8.55,8.55,0,20.93889,106750,1765.3,1760.0
2025-10-28 09:30:00,8.55,8.55,8.55,8.55,0,22.329851,106750,1764.8,1760.0
2025-10-28 09:31:00,8.4,8.55,8.4,8.4,12600,24.535075,106750,1763.7,1760.0
2025-10-28 09:32:00,8.4,8.4,8.4,8.4,0,23.307746,106750,1764.2,1760.0
2025-10-28 09:33:00,10.35,10.35,8.4,10.35,13300,26.156743,106750,1766.2,1760.0
2025-10-28 09:34:00,7.5,10.35,7.5,8.75,1750,24.275394,106750,1764.4,1760.0
2025-10-28 09:35:00,7.5,8.75,7.5,7.5,13650,13.990334,106750,1766.0,1760.0
2025-10-28 09:36:00,8.35,8.35,7.5,8.35,2100,18.054654,106750,1766.0,1760.0
2025-10-28 09:37:00,8.35,8.35,8.35,8.35,0,22.933423,106750,1764.3,1760.0
2025-10-28 09:38:00,8.35,8.35,8.35,8.35,0,20.509199,106750,1765.2,1760.0
2025-10-28 09:39:00,8.35,8.35,8.35,8.35,0,19.044105,106750,1765.7,1760.0
2025-10-28 09:40:00,8.35,8.35,8.35,8.35,0,21.106517,106750,1765.0,1760.0
2025-10-28 09:41:00,8.35,8.35,8.35,8.35,0,21.400687,106750,1764.9,1760.0
2025-10-28 09:42:00,8.35,8.35,8.35,8.35,0,14.477001,106750,1767.0,1760.0
2025-10-28 09:43:00,8.35,8.35,8.35,8.35,0,14.48912,106750,1767.0,1760.0
2025-10-28 09:44:00,7.25,8.35,7.25,7.25,16450,7.326173,106750,1766.9,1760.0
2025-10-28 09:45:00,9.0,9.0,7.25,9.0,350,7.918783,106750,1768.7,1760.0
2025-10-28 09:46:00,2.65,2.65,2.15,2.65,350,23.744789,94150,1771.1,1780.0
2025-10-28 09:47:00,3.8,4.0,2.65,4.0,26950,27.520583,94150,1772.7,1780.0
2025-10-28 09:48:00,4.75,5.6,4.0,5.6,4550,28.079395,94150,1776.5,1780.0
2025-10-28 09:49:00,5.65,7.0,5.6,7.0,32200,29.500791,89250,1778.8,1780.0
2025-10-28 09:50:00,7.0,7.0,7.0,7.0,0,33.732573,89250,1776.5,1780.0
2025-10-28 09:51:00,6.55,7.0,6.5,6.5,39550,33.6558,89250,1775.4,1780.0
2025-10-28 09:52:00,5.25,6.5,5.25,5.25,1400,28.110125,87850,1775.7,1780.0
2025-10-28 09:53:00,5.45,5.45,5.25,5.45,39900,29.612952,87850,1775.3,1780.0
2025-10-28 09:54:00,5.45,5.45,5.45,5.45,0,30.132585,87850,1775.0,1780.0
2025-10-28 09:55:00,6.1,6.1,5.45,5.5,42350,30.029102,87500,1775.2,1780.0
2025-10-28 09:56:00,5.6,5.6,5.3,5.3,1050,27.384222,87500,1776.3,1780.0
2025-10-28 09:57:00,5.3,5.3,5.3,5.3,42700,26.193233,87500,1777.0,1780.0
2025-10-28 09:58:00,5.3,5.3,5.3,5.3,0,27.426779,87500,1776.3,1780.0
2025-10-28 09:59:00,4.8,5.3,4.8,4.8,44450,26.752402,87150,1775.5,1780.0
2025-10-28 10:00:00,4.8,4.8,4.8,4.8,0,25.265083,87150,1776.4,1780.0
2025-10-28 10:01:00,4.5,4.8,4.5,4.5,47250,28.118685,87150,1773.9,1780.0
2025-10-28 10:02:00,4.5,4.5,4.5,4.5,0,29.382024,86800,1773.1,1780.0
2025-10-28 10:03:00,4.5,4.5,4.5,4.5,47950,30.624247,86800,1772.3,1780.0
2025-10-28 10:04:00,4.5,4.5,4.5,4.5,0,31.100252,86800,1772.0,1780.0
2025-10-28 10:05:00,3.8,4.5,3.8,3.8,48300,29.22341,86100,1771.2,1780.0
2025-10-28 10:06:00,2.8,3.8,2.8,2.8,1050,23.863785,86100,1771.8,1780.0
2025-10-28 10:07:00,15.5,16.0,15.5,15.8,110950,39.760812,65450,1770.0,1760.0
2025-10-28 10:08:00,3.95,3.95,3.55,3.9,2100,30.458636,85400,1770.7,1780.0
2025-10-28 10:09:00,3.5,3.9,3.5,3.5,54250,29.508273,85400,1770.1,1780.0
2025-10-28 10:10:00,4.5,4.5,3.5,4.5,3500,29.566697,89250,1773.1,1780.0
2025-10-28 10:11:00,4.5,4.5,4.5,4.5,0,30.816768,89250,1772.3,1780.0
2025-10-28 10:12:00,3.7,4.5,3.7,3.7,60200,26.297904,89250,1773.0,1780.0
2025-10-28 10:13:00,3.7,3.7,3.7,3.7,0,26.018789,89250,1773.2,1780.0
2025-10-28 10:14:00,3.7,3.7,3.7,3.7,0,26.9357,89250,1772.6,1780.0
2025-10-28 10:15:00,3.7,3.7,3.7,3.7,0,27.695041,89250,1772.1,1780.0
2025-10-28 10:16:00,3.7,3.7,3.7,3.7,0,23.931641,89250,1774.6,1780.0
2025-10-28 10:17:00,3.7,3.7,3.7,3.7,0,24.728481,89250,1774.1,1780.0
2025-10-28 10:18:00,3.7,3.7,3.7,3.7,0,25.971466,89250,1773.3,1780.0
2025-10-28 10:19:00,3.7,3.7,3.7,3.7,0,25.992249,89250,1773.3,1780.0
2025-10-28 10:20:00,3.7,3.7,3.7,3.7,0,25.861345,89250,1773.4,1780.0
2025-10-28 10:21:00,3.7,3.7,3.7,3.7,0,25.729885,89250,1773.5,1780.0
2025-10-28 10:22:00,3.7,3.7,3.7,3.7,0,26.206513,89250,1773.2,1780.0
2025-10-28 10:23:00,4.55,4.55,3.7,4.55,60550,28.185436,87150,1774.3,1780.0
2025-10-28 10:24:00,4.95,4.95,4.55,4.95,350,25.497093,87150,1776.9,1780.0
2025-10-28 10:25:00,4.95,4.95,4.95,4.95,0,27.258246,87150,1775.9,1780.0
2025-10-28 10:26:00,4.95,4.95,4.95,4.95,0,25.360963,86450,1777.0,1780.0
2025-10-28 10:27:00,5.35,5.35,4.95,5.35,64400,27.389642,86450,1776.8,1780.0
2025-10-28 10:28:00,5.35,5.35,5.25,5.25,1050,30.112177,86450,1775.0,1780.0
2025-10-28 10:29:00,5.25,5.25,5.25,5.25,0,31.30543,86450,1774.3,1780.0
2025-10-28 10:30:00,5.25,5.25,5.25,5.25,0,30.329578,83650,1774.9,1780.0
2025-10-28 10:31:00,5.25,5.25,5.25,5.25,0,31.024063,83650,1774.5,1780.0
2025-10-28 10:32:00,5.25,5.25,5.25,5.25,0,31.215838,83650,1774.4,1780.0
2025-10-28 10:33:00,5.25,5.25,5.25,5.25,0,30.235026,83650,1775.0,1780.0
2025-10-28 10:34:00,5.25,5.25,5.25,5.25,0,30.597251,83650,1774.8,1780.0
2025-10-28 10:35:00,5.25,5.25,5.25,5.25,0,30.284579,83650,1775.0,1780.0
2025-10-28 10:36:00,5.25,5.25,5.25,5.25,0,29.284013,83650,1775.6,1780.0
2025-10-28 10:37:00,5.25,5.25,5.25,5.25,0,30.334361,83650,1775.0,1780.0
2025-10-28 10:38:00,5.25,5.25,5.25,5.25,0,29.15938,83650,1775.7,1780.0
2025-10-28 10:39:00,5.25,5.25,5.25,5.25,0,30.043698,83650,1775.2,1780.0
2025-10-28 10:40:00,5.3,5.3,5.25,5.3,70000,26.75025,83300,1777.2,1780.0
2025-10-28 10:41:00,5.3,5.3,5.3,5.3,0,26.036457,83300,1777.6,1780.0
2025-10-28 10:42:00,5.3,5.3,5.3,5.3,0,26.243414,83300,1777.5,1780.0
2025-10-28 10:43:00,6.35,6.35,5.3,6.35,70700,27.727293,82950,1779.0,1780.0
2025-10-28 10:44:00,6.5,6.5,6.35,6.5,21350,22.372904,82950,1781.8,1780.0
2025-10-28 10:45:00,7.65,7.65,6.5,7.65,91350,24.322744,82950,1783.0,1780.0
2025-10-28 10:46:00,7.65,7.65,7.65,7.65,0,28.54111,82950,1781.2,1780.0
2025-10-28 10:47:00,7.3,7.65,6.45,6.45,117250,28.233717,80500,1779.0,1780.0
2025-10-28 10:48:00,6.45,7.0,6.35,6.35,2100,24.73793,80500,1780.5,1780.0
2025-10-28 10:49:00,6.6,6.6,6.35,6.6,117600,26.00781,79100,1780.4,1780.0
2025-10-28 10:50:00,7.15,7.15,6.05,6.05,3500,24.179591,79100,1780.2,1780.0
2025-10-28 10:51:00,6.05,6.05,6.05,6.05,0,23.773019,79100,1780.4,1780.0
2025-10-28 10:52:00,6.05,6.05,6.05,6.05,0,23.360744,79100,1780.6,1780.0
2025-10-28 10:53:00,6.05,6.05,6.05,6.05,0,22.498507,79100,1781.0,1780.0
2025-10-28 10:54:00,6.05,6.05,6.05,6.05,0,26.537643,79100,1779.1,1780.0
2025-10-28 10:55:00,6.05,6.05,6.05,6.05,121450,28.144661,78750,1778.3,1780.0
2025-10-28 10:56:00,6.05,6.05,6.05,6.05,0,25.562671,78750,1779.6,1780.0
2025-10-28 10:57:00,4.95,6.05,4.95,4.95,124600,25.289823,78750,1777.4,1780.0
2025-10-28 10:58:00,4.95,4.95,4.95,4.95,0,27.486277,78750,1776.2,1780.0
2025-10-28 10:59:00,4.95,4.95,4.95,4.95,0,24.206649,78050,1778.0,1780.0
2025-10-28 11:00:00,3.25,4.95,2.7,3.25,129150,19.353039,78050,1776.7,1780.0
2025-10-28 11:01:00,2.7,3.25,2.35,2.35,1050,17.191371,75950,1775.6,1780.0
2025-10-28 11:02:00,2.2,2.35,2.2,2.35,134750,13.245708,75950,1778.0,1780.0
2025-10-28 11:03:00,2.35,2.35,2.35,2.35,0,15.464162,75950,1776.7,1780.0
2025-10-28 11:04:00,2.35,2.35,2.35,2.35,0,15.148231,75950,1776.9,1780.0
2025-10-28 11:05:00,2.35,2.35,2.35,2.35,0,15.491281,75950,1776.7,1780.0
2025-10-28 11:06:00,2.5,2.5,2.35,2.5,136850,19.955683,74550,1774.3,1780.0
2025-10-28 11:07:00,2.4,2.5,2.4,2.4,350,19.353932,74200,1774.4,1780.0
2025-10-28 11:08:00,2.4,2.4,2.4,2.4,0,19.068421,74200,1774.6,1780.0
2025-10-28 11:09:00,2.25,2.4,2.25,2.25,137550,19.272873,74200,1774.0,1780.0
2025-10-28 11:10:00,2.25,2.25,2.25,2.25,0,18.8456,74200,1774.3,1780.0
2025-10-28 11:11:00,2.2,2.25,2.2,2.2,138600,19.066598,74200,1774.0,1780.0
2025-10-28 11:12:00,2.2,2.2,2.2,2.2,0,17.741084,74200,1774.9,1780.0
2025-10-28 11:13:00,2.2,2.2,2.2,2.2,0,18.50793,74200,1774.4,1780.0
2025-10-28 11:14:00,2.2,2.2,2.2,2.2,0,16.227012,74200,1775.9,1780.0
2025-10-28 11:15:00,2.2,2.2,2.2,2.2,0,16.083315,74200,1776.0,1780.0
2025-10-28 11:16:00,2.2,2.2,2.2,2.2,0,16.726658,74200,1775.6,1780.0
2025-10-28 11:17:00,2.2,2.2,2.2,2.2,0,17.207101,74200,1775.3,1780.0
2025-10-28 11:18:00,2.2,2.2,2.2,2.2,0,15.967185,74200,1776.1,1780.0
2025-10-28 11:19:00,2.2,2.2,2.2,2.2,0,12.794947,74200,1778.0,1780.0
2025-10-28 11:20:00,2.2,2.2,2.2,2.2,0,11.529902,74200,1778.7,1780.0
2025-10-28 11:21:00,2.2,2.2,2.2,2.2,0,9.771581,74200,1779.6,1780.0
2025-10-28 11:22:00,2.2,2.2,2.2,2.2,0,12.829966,74200,1778.0,1780.0
2025-10-28 11:23:00,2.2,2.2,2.2,2.2,0,10.989515,74200,1779.0,1780.0
2025-10-28 11:24:00,2.2,2.2,2.2,2.2,0,11.192441,74200,1778.9,1780.0
2025-10-28 11:25:00,2.2,2.2,2.2,2.2,0,11.009952,74200,1779.0,1780.0
2025-10-28 11:26:00,2.2,2.2,2.2,2.2,0,12.335759,74200,1778.3,1780.0
2025-10-28 11:27:00,2.1,2.2,2.1,2.1,138950,13.492873,74550,1777.4,1780.0
2025-10-28 11:28:00,2.1,2.1,2.1,2.1,350,13.505262,74550,1777.4,1780.0
2025-10-28 11:29:00,2.1,2.1,2.1,2.1,0,11.749826,74550,1778.4,1780.0
2025-10-28 11:30:00,3.4,3.4,2.1,3.4,140000,15.617488,73850,1779.3,1780.0
2025-10-28 11:31:00,3.4,3.4,3.4,3.4,0,16.837929,73850,1778.7,1780.0
2025-10-28 11:32:00,4.35,4.35,3.4,4.35,140700,20.74813,73500,1778.8,1780.0
2025-10-28 11:33:00,4.35,4.35,4.35,4.35,0,22.539871,73500,1777.9,1780.0
2025-10-28 11:34:00,4.35,4.35,4.35,4.35,0,20.38011,73500,1779.0,1780.0
2025-10-28 11:35:00,4.35,4.35,4.35,4.35,0,21.998155,73500,1778.2,1780.0
2025-10-28 11:36:00,3.0,4.35,3.0,3.0,141050,14.387144,73500,1779.1,1780.0
2025-10-28 11:37:00,3.0,3.0,3.0,3.0,0,14.801367,73500,1778.9,1780.0
2025-10-28 11:38:00,3.05,3.05,3.0,3.05,141400,14.83204,73850,1779.0,1780.0
2025-10-28 11:39:00,3.05,3.05,3.05,3.05,0,13.396987,73850,1779.7,1780.0
2025-10-28 11:40:00,3.85,3.85,3.05,3.85,141750,16.213548,73850,1780.0,1780.0
2025-10-28 11:41:00,3.85,3.85,3.85,3.85,0,18.345047,73850,1779.0,1780.0
2025-10-28 11:42:00,3.85,3.85,3.85,3.85,0,18.362207,73850,1779.0,1780.0
2025-10-28 11:43:00,3.85,3.85,3.85,3.85,0,16.259462,73850,1780.0,1780.0
2025-10-28 11:44:00,3.85,3.85,3.85,3.85,0,18.396631,73850,1779.0,1780.0
2025-10-28 11:45:00,3.05,3.85,3.05,3.05,142100,16.879847,73150,1778.0,1780.0
2025-10-28 11:46:00,3.05,3.05,3.05,3.05,0,14.944383,73150,1779.0,1780.0
2025-10-28 11:47:00,3.5,3.5,3.05,3.5,142800,16.093983,72800,1779.4,1780.0
2025-10-28 11:48:00,3.5,3.5,3.5,3.5,0,16.733424,72800,1779.1,1780.0
2025-10-28 11:49:00,3.5,3.5,3.5,3.5,0,16.542662,72800,1779.2,1780.0
2025-10-28 11:50:00,3.55,3.55,3.5,3.55,143150,17.596152,72800,1778.8,1780.0
2025-10-28 11:51:00,3.55,3.55,3.55,3.55,0,18.998138,72800,1778.1,1780.0
2025-10-28 11:52:00,3.55,3.55,3.55,3.55,143500,18.031853,72800,1778.6,1780.0
2025-10-28 11:53:00,3.55,3.55,3.55,3.55,0,18.446602,72800,1778.4,1780.0
2025-10-28 11:54:00,3.55,3.55,3.55,3.55,0,16.841047,72100,1779.2,1780.0
2025-10-28 11:55:00,3.55,3.55,3.55,3.55,0,18.48181,72100,1778.4,1780.0
2025-10-28 11:56:00,3.55,3.55,3.55,3.55,0,16.873443,72100,1779.2,1780.0
2025-10-28 11:57:00,4.35,4.35,3.55,4.35,145950,19.332942,72100,1779.7,1780.0
2025-10-28 11:58:00,4.5,4.5,4.35,4.5,1050,18.211745,72100,1780.5,1780.0
2025-10-28 11:59:00,4.5,4.5,4.5,4.5,0,21.315107,72100,1779.1,1780.0
2025-10-28 12:00:00,4.5,4.5,4.5,4.5,0,20.266564,72100,1779.6,1780.0
2025-10-28 12:01:00,4.5,4.5,4.5,4.5,0,22.189565,72100,1778.7,1780.0
2025-10-28 12:02:00,4.5,4.5,4.5,4.5,0,23.429549,72100,1778.1,1780.0
2025-10-28 12:03:00,4.5,4.5,4.5,4.5,148750,25.025738,71050,1777.3,1780.0
2025-10-28 12:04:00,4.5,4.5,4.5,4.5,0,21.418035,71050,1779.1,1780.0
2025-10-28 12:05:00,4.5,4.5,4.5,4.5,0,21.226646,71050,1779.2,1780.0
2025-10-28 12:06:00,4.5,4.5,4.5,4.5,0,21.670697,71050,1779.0,1780.0
2025-10-28 12:07:00,4.5,4.5,4.5,4.5,0,25.122253,71050,1777.3,1780.0
2025-10-28 12:08:00,4.45,4.5,4.45,4.45,149100,25.881622,71050,1776.8,1780.0
2025-10-28 12:09:00,3.65,4.45,3.65,3.65,700,20.946307,71050,1777.5,1780.0
2025-10-28 12:10:00,3.65,3.65,3.65,3.65,0,21.158098,71050,1777.4,1780.0
2025-10-28 12:11:00,3.65,3.65,3.65,3.65,0,21.369391,71050,1777.3,1780.0
2025-10-28 12:12:00,3.65,3.65,3.65,3.65,0,21.390291,71050,1777.3,1780.0
2025-10-28 12:13:00,3.65,3.65,3.65,3.65,0,20.054678,71050,1778.0,1780.0
2025-10-28 12:14:00,3.65,3.65,3.65,3.65,150150,20.856082,71050,1777.6,1780.0
2025-10-28 12:15:00,3.65,3.65,3.65,3.65,0,20.682518,71050,1777.7,1780.0
2025-10-28 12:16:00,3.85,3.95,3.65,3.95,152950,23.79683,70700,1776.8,1780.0
2025-10-28 12:17:00,3.6,3.95,3.6,3.6,2100,21.836015,70700,1777.0,1780.0
2025-10-28 12:18:00,3.75,3.75,3.6,3.75,153300,23.484489,70700,1776.5,1780.0
2025-10-28 12:19:00,3.75,3.75,3.75,3.75,0,23.321462,70700,1776.6,1780.0
2025-10-28 12:20:00,3.75,3.75,3.75,3.75,0,25.177285,70700,1775.6,1780.0
2025-10-28 12:21:00,3.5,3.75,3.5,3.5,156450,24.024889,70700,1775.6,1780.0
2025-10-28 12:22:00,3.65,3.65,3.5,3.65,700,25.29256,70700,1775.3,1780.0
2025-10-28 12:23:00,3.65,3.65,3.65,3.65,0,24.780992,70700,1775.6,1780.0
2025-10-28 12:24:00,3.5,3.65,3.5,3.5,157850,24.807028,70700,1775.2,1780.0
2025-10-28 12:25:00,3.5,3.5,3.5,3.5,350,24.654848,70700,1775.3,1780.0
2025-10-28 12:26:00,3.5,3.5,3.5,3.5,158900,24.85651,71050,1775.2,1780.0
2025-10-28 12:27:00,3.5,3.5,3.5,3.5,0,24.881384,71050,1775.2,1780.0
2025-10-28 12:28:00,3.5,3.5,3.5,3.5,159600,29.340739,71050,1772.6,1780.0
2025-10-28 12:29:00,3.5,3.5,3.5,3.5,1050,29.039265,71050,1772.8,1780.0
2025-10-28 12:30:00,3.0,3.5,3.0,3.25,205450,30.230568,71050,1771.3,1780.0
2025-10-28 12:31:00,3.25,3.25,3.25,3.25,0,31.83069,71050,1770.3,1780.0
2025-10-28 12:32:00,13.05,13.05,13.05,13.05,0,31.038194,57050,1770.0,1760.0
2025-10-28 12:33:00,2.5,2.5,2.5,2.5,0,27.259653,95200,1770.7,1780.0
2025-10-28 12:34:00,2.85,3.55,2.5,3.55,208950,30.923323,95200,1771.9,1780.0
2025-10-28 12:35:00,3.55,3.55,3.55,3.55,0,28.114859,95200,1773.6,1780.0
2025-10-28 12:36:00,3.55,3.55,3.55,3.55,0,26.587883,95200,1774.5,1780.0
2025-10-28 12:37:00,4.5,4.5,3.55,4.5,209300,31.747069,93450,1774.2,1780.0
2025-10-28 12:38:00,4.5,4.5,4.5,4.5,0,31.235341,93450,1774.5,1780.0
2025-10-28 12:39:00,4.35,5.0,4.35,5.0,211400,30.434773,93100,1776.2,1780.0
2025-10-28 12:40:00,5.5,5.5,5.0,5.5,350,33.197322,93100,1776.0,1780.0
2025-10-28 12:41:00,5.9,5.9,5.5,5.9,212450,34.10659,92750,1776.5,1780.0
2025-10-28 12:42:00,5.9,5.9,5.9,5.9,0,31.891873,92750,1777.6,1780.0
2025-10-28 12:43:00,5.9,5.9,5.9,5.9,0,34.777084,92750,1776.2,1780.0
2025-10-28 12:44:00,6.3,6.3,5.9,6.3,215250,36.077208,90300,1776.5,1780.0
2025-10-28 12:45:00,6.3,6.3,6.3,6.3,0,37.321157,90300,1775.9,1780.0
2025-10-28 12:46:00,6.3,6.3,6.3,6.3,0,37.359665,90300,1775.9,1780.0
2025-10-28 12:47:00,6.3,6.3,6.3,6.3,0,39.564516,90300,1774.8,1780.0
2025-10-28 12:48:00,5.95,6.3,5.95,5.95,215600,39.092514,89950,1774.2,1780.0
2025-10-28 12:49:00,5.7,5.95,5.7,5.7,1400,39.620013,89950,1773.3,1780.0
2025-10-28 12:50:00,5.7,5.7,5.7,5.7,0,40.031277,89950,1773.1,1780.0
2025-10-28 12:51:00,6.0,6.0,5.25,5.25,218400,37.880002,90300,1773.1,1780.0
2025-10-28 12:52:00,5.25,5.25,5.25,5.25,0,39.36872,90300,1772.3,1780.0
2025-10-28 12:53:00,5.25,5.25,5.25,5.25,0,39.049437,90300,1772.5,1780.0
2025-10-28 12:54:00,5.25,5.25,5.25,5.25,0,39.090253,90300,1772.5,1780.0
2025-10-28 12:55:00,5.25,5.25,5.25,5.25,0,38.768602,90300,1772.7,1780.0
2025-10-28 12:56:00,5.25,5.25,5.25,5.25,219450,38.261881,89250,1773.0,1780.0
2025-10-28 12:57:00,5.25,5.25,5.25,5.25,0,38.118756,89250,1773.1,1780.0
2025-10-28 12:58:00,5.75,5.75,5.25,5.75,219800,39.675129,89250,1773.6,1780.0
2025-10-28 12:59:00,5.75,5.75,5.75,5.75,0,38.000989,89250,1774.5,1780.0
2025-10-28 13:00:00,4.8,5.75,4.8,4.8,220150,35.098933,87850,1773.6,1780.0
2025-10-28 13:01:00,4.8,4.8,4.8,4.8,700,34.024393,87850,1774.2,1780.0
2025-10-28 13:02:00,4.8,4.8,4.8,4.8,0,35.173692,87850,1773.6,1780.0
2025-10-28 13:03:00,4.8,4.8,4.8,4.8,0,35.211208,87850,1773.6,1780.0
2025-10-28 13:04:00,5.95,5.95,4.8,5.95,221550,39.173951,86800,1774.5,1780.0
2025-10-28 13:05:00,5.95,5.95,5.95,5.95,0,40.951165,86800,1773.6,1780.0
2025-10-28 13:06:00,5.8,5.95,5.8,5.8,221900,40.259717,86100,1773.6,1780.0
2025-10-28 13:07:00,5.8,5.8,5.8,5.8,0,40.112238,86100,1773.7,1780.0
2025-10-28 13:08:00,5.8,5.8,5.8,5.8,0,42.60569,86100,1772.4,1780.0
2025-10-28 13:09:00,6.9,6.9,5.8,6.9,224700,38.209175,86100,1777.3,1780.0
2025-10-28 13:10:00,6.9,6.9,6.9,6.9,0,38.89314,86100,1777.0,1780.0
2025-10-28 13:11:00,6.9,6.9,6.9,6.9,0,36.767396,86100,1778.0,1780.0
2025-10-28 13:12:00,5.65,6.9,5.65,5.65,228200,29.322799,83300,1778.7,1780.0
2025-10-28 13:13:00,5.65,5.65,5.65,5.65,0,32.404083,83300,1777.3,1780.0
2025-10-28 13:14:00,7.0,7.0,5.65,7.0,228550,38.024337,81550,1777.7,1780.0
2025-10-28 13:15:00,7.0,7.0,7.0,7.0,0,37.846329,81550,1777.8,1780.0
2025-10-28 13:16:00,7.0,7.0,7.0,7.0,0,35.64669,81550,1778.8,1780.0
2025-10-28 13:17:00,7.0,7.0,7.0,7.0,0,36.367511,81550,1778.5,1780.0
2025-10-28 13:18:00,7.0,7.0,7.0,7.0,231700,37.30591,81200,1778.1,1780.0
2025-10-28 13:19:00,7.0,7.0,7.0,7.0,0,36.899227,81200,1778.3,1780.0
2025-10-28 13:20:00,7.0,7.0,7.0,7.0,0,38.934864,81200,1777.4,1780.0
2025-10-28 13:21:00,7.0,7.0,7.0,7.0,0,38.759104,81200,1777.5,1780.0
2025-10-28 13:22:00,7.0,7.0,7.0,7.0,0,39.45793,81200,1777.2,1780.0
2025-10-28 13:23:00,7.6,7.6,7.0,7.6,233450,39.487102,80150,1778.5,1780.0
2025-10-28 13:24:00,7.6,7.6,7.6,7.6,0,38.378243,80150,1779.0,1780.0
2025-10-28 13:25:00,7.6,7.6,7.6,7.6,0,39.575513,80150,1778.5,1780.0
2025-10-28 13:26:00,7.0,7.6,7.0,7.0,236950,34.645444,79100,1779.4,1780.0
2025-10-28 13:27:00,7.0,7.0,7.0,7.0,0,36.77528,79100,1778.5,1780.0
2025-10-28 13:28:00,7.0,7.0,7.0,7.0,0,37.498986,79100,1778.2,1780.0
2025-10-28 13:29:00,7.0,7.0,7.0,7.0,0,37.992723,79100,1778.0,1780.0
2025-10-28 13:30:00,7.0,7.0,7.0,7.0,0,38.035791,79100,1778.0,1780.0
2025-10-28 13:31:00,7.0,7.0,7.0,7.0,0,39.196717,79100,1777.5,1780.0
2025-10-28 13:32:00,7.0,7.0,7.0,7.0,0,37.669442,79100,1778.2,1780.0
2025-10-28 13:33:00,7.0,7.0,7.0,7.0,0,36.564998,79100,1778.7,1780.0
2025-10-28 13:34:00,7.0,7.0,7.0,7.0,0,39.108,79100,1777.6,1780.0
2025-10-28 13:35:00,6.6,7.0,6.6,6.6,237650,36.079058,75600,1778.1,1780.0
2025-10-28 13:36:00,6.6,6.6,6.6,6.6,0,36.571969,75600,1777.9,1780.0
2025-10-28 13:37:00,6.6,6.6,6.6,6.6,0,33.614685,75600,1779.2,1780.0
2025-10-28 13:38:00,6.6,6.6,6.6,6.6,0,37.105701,75600,1777.7,1780.0
2025-10-28 13:39:00,6.6,6.6,6.6,6.6,0,38.039303,75600,1777.3,1780.0
2025-10-28 13:40:00,6.6,6.6,6.6,6.6,0,38.08337,75600,1777.3,1780.0
2025-10-28 13:41:00,6.6,6.6,6.6,6.6,0,38.78957,75600,1777.0,1780.0
2025-10-28 13:42:00,6.6,6.6,6.6,6.6,0,38.614436,75600,1777.1,1780.0
2025-10-28 13:43:00,6.4,6.6,6.4,6.4,238000,40.053185,75250,1776.0,1780.0
2025-10-28 13:44:00,6.25,6.4,6.25,6.25,350,38.063613,75250,1776.6,1780.0
2025-10-28 13:45:00,6.05,6.25,6.05,6.05,238350,37.971873,75250,1776.2,1780.0
2025-10-28 13:46:00,6.05,6.05,6.05,6.05,700,38.016405,75250,1776.2,1780.0
2025-10-28 13:47:00,6.05,6.05,6.05,6.05,0,38.487791,75250,1776.0,1780.0
2025-10-28 13:48:00,6.05,6.05,6.05,6.05,0,38.533143,75250,1776.0,1780.0
2025-10-28 13:49:00,6.05,6.05,6.05,6.05,0,38.57861,75250,1776.0,1780.0
2025-10-28 13:50:00,6.2,6.2,6.05,6.2,239400,37.20616,75250,1777.0,1780.0
2025-10-28 13:51:00,6.2,6.2,6.2,6.2,0,39.21073,75250,1776.1,1780.0
2025-10-28 13:52:00,6.2,6.2,6.2,6.2,0,37.073225,75250,1777.1,1780.0
2025-10-28 13:53:00,6.2,6.2,6.2,6.2,0,37.339155,75250,1777.0,1780.0
2025-10-28 13:54:00,6.2,6.2,6.2,6.2,0,38.701196,75250,1776.4,1780.0
2025-10-28 13:55:00,6.2,6.2,6.2,6.2,0,38.965082,75250,1776.3,1780.0
2025-10-28 13:56:00,6.2,6.2,6.2,6.2,0,38.794054,75250,1776.4,1780.0
2025-10-28 13:57:00,6.2,6.2,6.2,6.2,0,39.708975,75250,1776.0,1780.0
2025-10-28 13:58:00,6.2,6.2,6.2,6.2,0,39.972591,75250,1775.9,1780.0
2025-10-28 13:59:00,6.2,6.2,6.2,6.2,0,40.236283,75250,1775.8,1780.0
2025-10-28 14:00:00,6.2,6.2,6.2,6.2,0,38.762375,75250,1776.5,1780.0
2025-10-28 14:01:00,6.2,6.2,6.2,6.2,0,37.923864,75250,1776.9,1780.0
2025-10-28 14:02:00,6.2,6.2,6.2,6.2,0,37.297823,75250,1777.2,1780.0
2025-10-28 14:03:00,6.2,6.2,6.2,6.2,0,34.580544,75250,1778.4,1780.0
2025-10-28 14:04:00,6.2,6.2,6.2,6.2,0,35.558399,75250,1778.0,1780.0
2025-10-28 14:05:00,6.2,6.2,6.2,6.2,0,35.602109,75250,1778.0,1780.0
2025-10-28 14:06:00,6.2,6.2,6.2,6.2,0,37.027001,75250,1777.4,1780.0
2025-10-28 14:07:00,6.2,6.2,6.2,6.2,0,37.300349,75250,1777.3,1780.0
2025-10-28 14:08:00,6.2,6.2,6.2,6.2,0,37.800095,75250,1777.1,1780.0
2025-10-28 14:09:00,6.2,6.2,6.2,6.2,0,40.294735,75250,1776.0,1780.0
2025-10-28 14:10:00,6.2,6.2,6.2,6.2,0,40.999492,75250,1775.7,1780.0
2025-10-28 14:11:00,6.15,6.2,6.15,6.15,239750,40.792015,75250,1775.7,1780.0
2025-10-28 14:12:00,6.15,6.25,6.15,6.25,700,40.482946,75250,1776.1,1780.0
2025-10-28 14:13:00,6.25,6.25,6.25,6.25,0,41.630009,75250,1775.6,1780.0
2025-10-28 14:14:00,6.0,6.25,6.0,6.0,241150,38.405707,74900,1776.5,1780.0
2025-10-28 14:15:00,6.0,6.0,6.0,6.0,0,39.340528,74900,1776.1,1780.0
2025-10-28 14:16:00,6.1,6.1,6.0,6.1,241500,39.687413,74900,1776.2,1780.0
2025-10-28 14:17:00,6.0,6.1,6.0,6.0,1400,39.880227,74900,1775.9,1780.0
2025-10-28 14:18:00,6.0,6.0,6.0,6.0,0,32.263282,74900,1779.2,1780.0
2025-10-28 14:19:00,7.1,7.45,6.0,7.45,247450,26.768033,74900,1783.8,1780.0
2025-10-28 14:20:00,8.4,8.5,7.45,8.5,2450,29.415337,72450,1784.7,1780.0
2025-10-28 14:21:00,10.0,17.25,8.5,17.25,249200,62.960164,72450,1788.7,1780.0
2025-10-28 14:22:00,11.35,17.25,11.35,11.35,3150,34.352906,72450,1787.7,1780.0
2025-10-28 14:23:00,12.1,12.1,11.35,12.1,249900,45.80557,70000,1785.6,1780.0
2025-10-28 14:24:00,10.15,12.1,10.15,10.15,3500,47.534347,70000,1781.6,1780.0
2025-10-28 14:25:00,10.05,10.15,10.05,10.05,250950,50.566721,70000,1780.3,1780.0
2025-10-28 14:26:00,9.0,10.05,9.0,9.0,3850,43.896929,68600,1780.8,1780.0
2025-10-28 14:27:00,7.65,9.0,7.65,7.65,251300,38.58267,68600,1780.2,1780.0
2025-10-28 14:28:00,7.65,7.65,7.65,7.65,0,43.691529,68600,1778.2,1780.0
2025-10-28 14:29:00,7.65,7.65,7.65,7.65,0,41.262746,68600,1779.2,1780.0
2025-10-28 14:30:00,7.65,7.65,7.65,7.65,0,36.312332,68600,1781.1,1780.0
2025-10-28 14:31:00,7.05,7.65,7.05,7.05,255500,46.378979,68250,1775.8,1780.0
2025-10-28 14:32:00,5.0,7.05,5.0,5.0,350,32.430829,67900,1777.2,1780.0
2025-10-28 14:33:00,5.0,5.0,5.0,5.0,0,31.550362,67900,1777.6,1780.0
2025-10-28 14:34:00,5.0,5.0,5.0,5.0,0,27.980635,67900,1779.1,1780.0
2025-10-28 14:35:00,5.0,5.0,5.0,5.0,0,32.788789,67900,1777.1,1780.0
2025-10-28 14:36:00,5.0,5.0,5.0,5.0,0,29.290459,67900,1778.6,1780.0
2025-10-28 14:37:00,7.2,7.2,5.0,7.2,256200,41.604614,67900,1778.3,1780.0
2025-10-28 14:38:00,7.2,7.2,7.2,7.2,0,37.057374,67900,1780.1,1780.0
2025-10-28 14:39:00,7.2,7.2,7.2,7.2,0,42.69896,67900,1777.9,1780.0
2025-10-28 14:40:00,3.25,7.2,3.25,3.25,256900,19.248954,67900,1779.0,1780.0
2025-10-28 14:41:00,3.25,3.25,3.25,3.25,0,20.476306,67550,1778.5,1780.0
2025-10-28 14:42:00,3.25,3.25,3.25,3.25,0,19.301578,67550,1779.0,1780.0
2025-10-28 14:43:00,4.0,4.0,3.25,4.0,276150,25.469611,67550,1778.1,1780.0
2025-10-28 14:44:00,4.0,4.0,4.0,4.0,0,23.324772,67550,1779.0,1780.0
2025-10-28 14:45:00,4.0,4.0,4.0,4.0,0,21.31154,67550,1779.8,1780.0
2025-10-28 14:46:00,4.0,4.0,4.0,4.0,0,21.076568,67550,1779.9,1780.0
2025-10-28 14:47:00,4.0,4.0,4.0,4.0,0,24.163017,67550,1778.7,1780.0
2025-10-28 14:48:00,4.0,4.0,4.0,4.0,0,16.844568,67550,1781.4,1780.0
2025-10-28 14:49:00,4.0,4.0,4.0,4.0,0,20.896905,67550,1780.0,1780.0
2025-10-28 14:50:00,4.0,4.0,4.0,4.0,0,20.383498,67550,1780.2,1780.0
2025-10-28 14:51:00,4.0,4.0,4.0,4.0,0,25.989295,67550,1778.0,1780.0
2025-10-28 14:52:00,4.0,4.0,4.0,4.0,0,27.431022,67550,1777.4,1780.0
2025-10-28 14:53:00,4.0,4.0,4.0,4.0,0,27.004443,67550,1777.6,1780.0
2025-10-28 14:54:00,4.0,4.0,4.0,4.0,0,29.998623,67550,1776.3,1780.0
2025-10-28 14:55:00,4.0,4.0,4.0,4.0,0,30.262091,67550,1776.2,1780.0
2025-10-28 14:56:00,4.0,4.0,4.0,4.0,0,30.745766,67550,1776.0,1780.0
2025-10-28 14:57:00,4.0,4.0,4.0,4.0,0,30.124894,67550,1776.3,1780.0
2025-10-28 14:58:00,4.0,4.0,4.0,4.0,0,31.052374,67550,1775.9,1780.0
2025-10-28 14:59:00,4.0,4.0,4.0,4.0,0,30.432715,67550,1776.2,1780.0
2025-10-28 15:00:00,4.0,4.0,4.0,4.0,0,29.578621,67550,1776.6,1780.0
2025-10-28 15:01:00,4.0,4.0,4.0,4.0,0,22.330543,67550,1779.6,1780.0
2025-10-28 15:02:00,4.0,4.0,4.0,4.0,0,22.362705,59500,1779.6,1780.0
2025-10-28 15:03:00,4.0,4.0,4.0,4.0,0,21.316793,59500,1780.0,1780.0
2025-10-28 15:04:00,4.0,4.0,4.0,4.0,0,19.658713,59500,1780.6,1780.0
2025-10-28 15:05:00,2.0,4.0,2.0,2.0,278950,8.111992,59500,1780.8,1780.0
2025-10-28 15:06:00,1.5,2.0,1.5,1.5,350,8.893338,57750,1779.6,1780.0
2025-10-28 15:07:00,1.5,1.5,1.5,1.5,0,8.110548,57750,1779.9,1780.0
2025-10-28 15:08:00,1.5,1.5,1.5,1.5,0,12.218313,57750,1778.2,1780.0
2025-10-28 15:09:00,1.1,1.5,1.1,1.1,280350,10.747227,57400,1777.8,1780.0
2025-10-28 15:10:00,1.05,1.1,1.05,1.05,1400,6.731234,57400,1779.5,1780.0
2025-10-28 15:11:00,1.05,1.05,1.05,1.05,0,7.929998,57400,1779.0,1780.0
2025-10-28 15:12:00,0.7,1.05,0.7,0.7,282450,7.957932,56350,1778.0,1780.0
2025-10-28 15:13:00,0.7,0.7,0.7,0.7,0,6.79246,56350,1778.6,1780.0
2025-10-28 15:14:00,0.7,0.7,0.7,0.7,0,8.171702,56350,1777.9,1780.0
2025-10-28 15:15:00,0.7,0.7,0.7,0.7,0,11.031507,56350,1776.3,1780.0
2025-10-28 15:16:00,0.7,0.7,0.7,0.7,0,11.552764,56350,1776.0,1780.0
2025-10-28 15:17:00,0.7,0.7,0.7,0.7,0,11.90305,56350,1775.8,1780.0
2025-10-28 15:18:00,0.7,0.7,0.7,0.7,0,10.911211,56350,1776.4,1780.0
2025-10-28 15:19:00,0.7,0.7,0.7,0.7,0,12.597821,56350,1775.4,1780.0
2025-10-28 15:20:00,0.7,0.7,0.7,0.7,0,13.104501,56350,1775.1,1780.0
2025-10-28 15:21:00,0.7,0.7,0.7,0.7,0,13.925894,56350,1774.6,1780.0
2025-10-28 15:22:00,0.7,0.7,0.7,0.7,0,13.144431,56350,1775.1,1780.0
2025-10-28 15:23:00,0.7,0.7,0.7,0.7,0,14.443877,56350,1774.3,1780.0
2025-10-28 15:24:00,0.7,0.7,0.7,0.7,0,13.346895,56350,1775.0,1780.0
2025-10-28 15:25:00,0.7,0.7,0.7,0.7,0,13.851105,56350,1774.7,1780.0
2025-10-28 15:26:00,0.7,0.7,0.7,0.7,0,16.070418,56350,1773.3,1780.0
2025-10-28 15:27:00,0.7,0.7,0.7,0.7,0,11.918178,56350,1775.9,1780.0
2025-10-28 15:28:00,0.7,0.7,0.7,0.7,0,4.170468,56350,1779.8,1780.0
2025-10-28 15:29:00,0.7,0.7,0.7,0.7,0,11.785593,56350,1776.0,1780.0
