datetime,open,high,low,close,volume,iv,oi,spot,strike
2025-07-29 09:15:00,19.5,19.5,15.85,15.85,10000,31.581215,144500,1970.8,1980.0
2025-07-29 09:16:00,17.7,17.7,17.7,17.7,9000,30.544409,144500,1976.2,1980.0
2025-07-29 09:17:00,18.7,20.15,18.7,18.7,13500,30.897638,144500,1977.8,1980.0
2025-07-29 09:18:00,18.7,18.7,18.7,18.7,6500,29.11017,144500,1980.0,1980.0
2025-07-29 09:19:00,19.4,19.4,17.45,17.45,30500,33.115377,151000,1972.3,1980.0
2025-07-29 09:20:00,16.9,16.9,16.25,16.25,16000,30.650868,151000,1973.0,1980.0
2025-07-29 09:21:00,16.25,17.45,15.95,17.45,9500,33.715594,151000,1971.5,1980.0
2025-07-29 09:22:00,17.3,17.3,16.4,16.4,9000,31.201064,165000,1972.6,1980.0
2025-07-29 09:23:00,17.5,17.5,17.5,17.5,500,31.260827,165000,1974.9,1980.0
2025-07-29 09:24:00,18.1,18.1,18.1,18.1,1500,35.231994,165000,1970.9,1980.0
2025-07-29 09:25:00,16.85,17.6,16.85,17.6,18000,32.194023,168500,1973.9,1980.0
2025-07-29 09:26:00,17.6,17.6,17.6,17.6,2500,32.876,168500,1973.0,1980.0
2025-07-29 09:27:00,17.6,17.6,17.6,17.6,0,32.876,168500,1973.3,1980.0
2025-07-29 09:28:00,17.0,17.0,17.0,17.0,3000,31.911016,169500,1973.0,1980.0
2025-07-29 09:29:00,17.0,18.25,17.0,18.25,2500,30.631084,169500,1977.3,1980.0
2025-07-29 09:30:00,18.5,18.5,17.45,17.45,22000,29.975382,171000,1976.5,1980.0
2025-07-29 09:31:00,17.05,17.5,16.25,17.15,10000,30.350301,171000,1975.4,1980.0
2025-07-29 09:32:00,17.65,17.65,17.65,17.65,18500,29.993708,171000,1976.9,1980.0
2025-07-29 09:33:00,16.95,16.95,16.8,16.8,12500,28.069782,171000,1977.6,1980.0
2025-07-29 09:34:00,17.65,17.65,17.65,17.65,500,30.003559,176000,1976.9,1980.0
2025-07-29 09:35:00,16.85,16.85,16.2,16.2,4000,28.830677,176000,1975.4,1980.0
2025-07-29 09:36:00,16.8,16.8,16.8,16.8,1500,25.708896,176000,1980.5,1980.0
2025-07-29 09:37:00,18.05,18.3,18.05,18.3,13000,28.80439,178000,1979.7,1980.0
2025-07-29 09:38:00,18.3,19.15,18.1,19.0,20500,28.081798,178000,1981.9,1980.0
2025-07-29 09:39:00,17.6,17.6,17.6,17.6,11500,29.709677,178000,1977.2,1980.0
2025-07-29 09:40:00,17.3,17.3,17.3,17.3,2500,28.750761,182000,1977.8,1980.0
2025-07-29 09:41:00,17.2,17.2,17.2,17.2,3000,29.230779,182000,1977.0,1980.0
2025-07-29 09:42:00,16.9,16.9,16.65,16.65,7500,27.948651,180500,1977.5,1980.0
2025-07-29 09:43:00,16.6,16.6,16.6,16.6,1000,26.167383,180500,1979.6,1980.0
2025-07-29 09:44:00,18.1,18.1,18.1,18.1,3500,28.348264,180500,1979.9,1980.0
2025-07-29 09:45:00,17.9,18.25,17.9,18.25,6500,27.329651,180500,1981.4,1980.0
2025-07-29 09:46:00,19.7,19.7,19.7,19.7,6500,29.937568,181500,1981.1,1980.0
2025-07-29 09:47:00,17.5,17.5,17.5,17.5,5500,27.888545,181500,1979.3,1980.0
2025-07-29 09:48:00,17.4,17.4,16.4,16.4,12500,28.75264,178500,1976.0,1980.0
2025-07-29 09:49:00,16.7,16.7,16.7,16.7,3000,28.141749,178500,1977.4,1980.0
2025-07-29 09:50:00,16.7,16.7,16.7,16.7,4000,27.746479,178500,1977.9,1980.0
2025-07-29 09:51:00,17.25,17.5,17.25,17.5,16500,28.723857,178500,1978.3,1980.0
2025-07-29 09:52:00,17.75,17.75,17.75,17.75,1500,28.726718,182000,1978.8,1980.0
2025-07-29 09:53:00,17.3,17.3,17.3,17.3,3000,29.68814,182000,1976.7,1980.0
2025-07-29 09:54:00,16.7,16.7,16.7,16.7,4000,27.442291,182000,1978.3,1980.0
2025-07-29 09:55:00,17.1,17.65,17.1,17.65,10500,28.579047,183500,1978.8,1980.0
2025-07-29 09:56:00,17.65,17.8,17.45,17.45,7000,28.828453,183500,1978.1,1980.0
2025-07-29 09:57:00,17.45,17.55,17.45,17.55,19500,29.397534,183500,1977.6,1980.0
2025-07-29 09:58:00,16.65,16.65,16.65,16.65,7000,28.261914,178000,1977.2,1980.0
2025-07-29 09:59:00,16.5,16.5,16.5,16.5,2500,29.741169,178000,1975.0,1980.0
2025-07-29 10:00:00,16.25,16.25,15.75,15.75,9500,28.830183,178000,1974.6,1980.0
2025-07-29 10:01:00,16.0,16.0,15.6,16.0,3000,29.470636,177000,1974.3,1980.0
2025-07-29 10:02:00,16.15,16.15,16.15,16.15,3000,28.568408,177000,1975.8,1980.0
2025-07-29 10:03:00,16.2,16.2,14.55,14.55,14500,29.254087,177000,1971.4,1980.0
2025-07-29 10:04:00,14.4,14.4,14.0,14.4,10000,28.794516,184500,1971.7,1980.0
2025-07-29 10:05:00,14.4,14.5,14.0,14.0,9500,28.859695,184500,1970.7,1980.0
2025-07-29 10:06:00,14.0,14.3,13.9,14.3,14500,28.856614,184500,1971.4,1980.0
2025-07-29 10:07:00,14.65,14.65,14.65,14.65,9500,28.928634,196000,1972.1,1980.0
2025-07-29 10:08:00,15.05,15.05,14.25,14.25,15000,28.421233,196000,1971.9,1980.0
2025-07-29 10:09:00,14.0,14.0,14.0,14.0,6500,29.092832,196000,1970.4,1980.0
2025-07-29 10:10:00,24.2,24.2,21.3,21.45,20500,29.779095,156500,1965.0,1960.0
2025-07-29 10:11:00,21.45,22.45,21.45,22.05,4500,30.126662,156500,1965.7,1960.0
2025-07-29 10:12:00,22.05,22.65,22.05,22.1,8000,31.502914,156500,1964.3,1960.0
2025-07-29 10:13:00,21.7,21.9,21.15,21.15,6500,30.303962,160500,1963.9,1960.0
2025-07-29 10:14:00,21.6,21.6,21.6,21.6,500,33.600134,160500,1961.0,1960.0
2025-07-29 10:15:00,20.45,20.5,19.9,20.15,16500,31.138626,165000,1961.1,1960.0
2025-07-29 10:16:00,20.15,20.5,19.85,19.85,4500,30.478467,165000,1961.3,1960.0
2025-07-29 10:17:00,20.9,20.9,20.9,20.9,1000,30.719668,165000,1963.0,1960.0
2025-07-29 10:18:00,21.15,21.15,21.15,21.15,500,31.314023,165000,1962.8,1960.0
2025-07-29 10:19:00,20.85,20.9,20.85,20.9,5500,30.640859,169500,1963.1,1960.0
2025-07-29 10:20:00,21.5,21.5,21.5,21.5,2000,32.603884,169500,1962.0,1960.0
2025-07-29 10:21:00,20.65,21.0,20.65,21.0,6500,30.096977,169500,1963.9,1960.0
2025-07-29 10:22:00,21.7,21.7,21.7,21.7,2000,30.712438,171000,1964.5,1960.0
2025-07-29 10:23:00,21.25,21.5,21.25,21.5,10000,30.569571,171000,1964.3,1960.0
2025-07-29 10:24:00,21.7,21.7,21.7,21.7,5500,31.628071,171000,1963.5,1960.0
2025-07-29 10:25:00,20.8,20.8,19.55,19.55,9500,30.203624,178500,1961.1,1960.0
2025-07-29 10:26:00,20.45,20.45,20.45,20.45,5000,30.907697,178500,1962.0,1960.0
2025-07-29 10:27:00,20.0,20.0,20.0,20.0,11000,32.566712,178500,1959.2,1960.0
2025-07-29 10:28:00,19.95,19.95,19.1,19.2,11500,30.836856,188500,1959.7,1960.0
2025-07-29 10:29:00,19.2,19.8,19.2,19.8,1000,32.913118,188500,1958.4,1960.0
2025-07-29 10:30:00,19.35,19.35,19.35,19.35,1500,30.84047,188500,1960.0,1960.0
2025-07-29 10:31:00,19.6,19.85,19.6,19.85,7500,31.668411,186500,1960.0,1960.0
2025-07-29 10:32:00,19.85,19.85,19.85,19.85,500,31.673703,186500,1960.0,1960.0
2025-07-29 10:33:00,19.0,19.0,18.95,19.0,4500,30.449058,186500,1959.8,1960.0
2025-07-29 10:34:00,19.3,19.3,19.0,19.0,5000,31.788148,187500,1958.2,1960.0
2025-07-29 10:35:00,18.65,18.65,18.4,18.4,13500,31.783367,187500,1957.0,1960.0
2025-07-29 10:36:00,18.4,18.6,17.65,17.7,5500,31.196153,187500,1956.3,1960.0
2025-07-29 10:37:00,17.1,17.1,16.9,17.1,12500,31.626889,193000,1954.5,1960.0
2025-07-29 10:38:00,16.5,16.5,16.4,16.5,2000,30.40559,193000,1954.8,1960.0
2025-07-29 10:39:00,16.75,16.75,16.65,16.65,20500,31.124255,193000,1954.2,1960.0
2025-07-29 10:40:00,16.6,16.6,16.6,16.6,3000,31.046559,207500,1954.2,1960.0
2025-07-29 10:41:00,17.45,17.45,17.45,17.45,5000,31.048267,207500,1956.0,1960.0
2025-07-29 10:42:00,17.4,17.4,16.3,16.3,4000,31.096768,207500,1953.5,1960.0
2025-07-29 10:43:00,16.7,16.7,16.7,16.7,11500,31.07317,218000,1954.4,1960.0
2025-07-29 10:44:00,16.75,16.8,16.7,16.7,4000,31.000796,218000,1954.5,1960.0
2025-07-29 10:45:00,16.7,16.7,16.7,16.7,1000,30.616465,218000,1955.0,1960.0
2025-07-29 10:46:00,17.0,17.0,16.8,16.8,2500,31.09925,221500,1954.6,1960.0
2025-07-29 10:47:00,16.7,16.7,16.7,16.7,6000,31.171438,221500,1954.3,1960.0
2025-07-29 10:48:00,16.8,16.8,16.8,16.8,6500,31.342588,221500,1954.3,1960.0
2025-07-29 10:49:00,17.0,17.0,16.35,16.35,14500,31.369092,214000,1953.3,1960.0
2025-07-29 10:50:00,17.9,17.9,17.9,17.9,9500,31.117727,214000,1956.9,1960.0
2025-07-29 10:51:00,17.9,17.95,17.75,17.95,3000,30.88154,214000,1957.3,1960.0
2025-07-29 10:52:00,18.05,18.05,18.05,18.05,500,32.178219,214500,1955.9,1960.0
2025-07-29 10:53:00,17.0,17.0,17.0,17.0,1000,30.603737,214500,1955.7,1960.0
2025-07-29 10:54:00,17.0,17.05,17.0,17.05,4000,30.849835,214500,1955.5,1960.0
2025-07-29 10:55:00,17.05,17.05,16.65,16.65,1500,30.584857,215000,1955.0,1960.0
2025-07-29 10:56:00,15.95,15.95,15.5,15.5,18000,31.490563,215000,1951.3,1960.0
2025-07-29 10:57:00,15.5,16.9,15.5,16.9,1000,31.166542,215000,1954.8,1960.0
2025-07-29 10:58:00,17.0,17.0,16.55,16.55,3000,30.434281,219500,1955.0,1960.0
2025-07-29 10:59:00,17.2,17.2,17.2,17.2,2000,30.648114,219500,1956.1,1960.0
2025-07-29 11:00:00,17.2,17.2,17.2,17.2,0,30.648114,219500,1956.0,1960.0
2025-07-29 11:01:00,16.95,16.95,16.7,16.7,5500,31.011318,220000,1954.6,1960.0
2025-07-29 11:02:00,16.3,16.3,16.3,16.3,1500,30.195786,220000,1954.8,1960.0
2025-07-29 11:03:00,16.35,16.35,16.35,16.35,2000,30.283967,220000,1954.8,1960.0
2025-07-29 11:04:00,16.35,16.35,16.25,16.25,4000,30.820716,219000,1953.9,1960.0
2025-07-29 11:05:00,16.25,16.25,16.25,16.25,0,30.820716,219000,1951.7,1960.0
2025-07-29 11:06:00,15.6,15.6,15.3,15.3,16000,30.984786,219000,1951.6,1960.0
2025-07-29 11:07:00,16.0,16.0,16.0,16.0,2500,31.638531,219000,1952.3,1960.0
2025-07-29 11:08:00,15.45,15.55,15.1,15.1,12000,30.882036,219000,1951.3,1960.0
2025-07-29 11:09:00,16.1,16.1,16.1,16.1,8000,31.891929,219000,1952.2,1960.0
2025-07-29 11:10:00,16.05,16.05,16.05,16.05,1500,32.56248,219000,1951.2,1960.0
2025-07-29 11:11:00,15.85,15.85,15.8,15.8,2000,31.475397,222500,1952.1,1960.0
2025-07-29 11:12:00,25.55,25.55,24.5,24.5,4000,32.687068,66000,1948.0,1940.0
2025-07-29 11:13:00,24.5,24.7,24.0,24.0,1500,32.72283,68000,1947.1,1940.0
2025-07-29 11:14:00,23.8,23.8,23.45,23.8,1500,31.803777,68000,1947.7,1940.0
2025-07-29 11:15:00,23.75,24.35,23.75,24.35,1000,31.047298,68000,1949.4,1940.0
2025-07-29 11:16:00,14.75,14.75,14.75,14.75,2000,31.142482,227500,1950.2,1960.0
2025-07-29 11:17:00,14.6,15.0,14.6,15.0,8500,30.38895,227500,1951.8,1960.0
2025-07-29 11:18:00,26.1,26.1,26.1,26.1,1000,33.450681,70000,1950.0,1940.0
2025-07-29 11:19:00,24.95,24.95,24.95,24.95,500,32.19729,70000,1949.3,1940.0
2025-07-29 11:20:00,24.95,24.95,23.65,23.65,500,31.085994,72000,1948.2,1940.0
2025-07-29 11:21:00,22.6,22.6,22.6,22.6,2000,33.512528,72000,1943.8,1940.0
2025-07-29 11:22:00,21.7,22.6,21.7,22.6,2500,31.651318,72500,1945.8,1940.0
2025-07-29 11:23:00,22.75,22.75,22.75,22.75,500,31.239372,72500,1946.5,1940.0
2025-07-29 11:24:00,13.25,15.0,13.25,15.0,18500,31.018922,233500,1951.0,1960.0
2025-07-29 11:25:00,15.35,15.35,14.9,15.35,2000,31.018688,231500,1951.8,1960.0
2025-07-29 11:26:00,15.35,15.35,14.9,15.1,5500,31.493201,231500,1950.6,1960.0
2025-07-29 11:27:00,15.15,15.15,15.15,15.15,500,31.287657,231500,1951.0,1960.0
2025-07-29 11:28:00,15.15,15.15,14.9,14.9,3500,31.239401,234000,1950.5,1960.0
2025-07-29 11:29:00,14.95,14.95,14.95,14.95,4000,29.23527,234000,1953.3,1960.0
2025-07-29 11:30:00,16.05,16.05,15.65,15.65,29000,31.399455,234000,1952.0,1960.0
2025-07-29 11:31:00,15.65,15.65,15.25,15.25,500,30.280007,233000,1952.6,1960.0
2025-07-29 11:32:00,15.55,15.55,15.55,15.55,500,29.872427,233000,1953.8,1960.0
2025-07-29 11:33:00,15.75,16.0,15.75,16.0,3000,29.460457,233000,1955.3,1960.0
2025-07-29 11:34:00,16.6,16.7,16.3,16.7,9000,30.554369,231000,1955.4,1960.0
2025-07-29 11:35:00,16.7,17.9,16.5,16.5,16000,29.588618,231000,1956.2,1960.0
2025-07-29 11:36:00,16.5,16.5,16.45,16.5,3000,29.513444,231000,1956.3,1960.0
2025-07-29 11:37:00,18.8,18.95,18.25,18.25,19500,29.190772,221500,1960.2,1960.0
2025-07-29 11:38:00,18.25,18.5,18.1,18.4,3500,29.616867,221500,1960.0,1960.0
2025-07-29 11:39:00,18.4,18.55,18.05,18.55,6000,29.613833,221500,1960.3,1960.0
2025-07-29 11:40:00,18.55,18.55,18.0,18.0,9000,28.961517,218000,1960.0,1960.0
2025-07-29 11:41:00,18.0,18.0,17.9,17.95,1500,28.883287,218000,1960.0,1960.0
2025-07-29 11:42:00,17.95,17.95,17.8,17.8,500,28.207927,218000,1960.5,1960.0
2025-07-29 11:43:00,18.0,18.0,18.0,18.0,4500,28.718532,223000,1960.3,1960.0
2025-07-29 11:44:00,18.0,18.5,18.0,18.5,2000,28.333358,223000,1961.7,1960.0
2025-07-29 11:45:00,18.25,19.6,18.25,19.35,14000,27.675007,223000,1964.0,1960.0
2025-07-29 11:46:00,19.35,19.35,18.9,19.1,3000,27.997034,221000,1963.2,1960.0
2025-07-29 11:47:00,18.75,18.75,18.4,18.4,8000,28.269727,221000,1961.6,1960.0
2025-07-29 11:48:00,18.55,18.8,18.4,18.8,3000,28.319063,221000,1962.3,1960.0
2025-07-29 11:49:00,18.5,19.55,18.5,19.3,9000,28.346179,222500,1963.2,1960.0
2025-07-29 11:50:00,19.3,20.0,19.3,20.0,6000,29.339881,222500,1963.4,1960.0
2025-07-29 11:51:00,20.0,20.7,19.4,20.3,15000,28.45722,222500,1964.9,1960.0
2025-07-29 11:52:00,20.3,21.45,20.3,21.15,13000,28.557342,213000,1966.3,1960.0
2025-07-29 11:53:00,21.35,21.35,20.55,20.55,4500,28.223455,213000,1965.6,1960.0
2025-07-29 11:54:00,20.25,20.25,19.4,19.5,8000,29.874825,213000,1961.9,1960.0
2025-07-29 11:55:00,19.5,19.85,18.6,18.8,24000,28.44298,209500,1962.2,1960.0
2025-07-29 11:56:00,18.8,18.8,18.2,18.2,1000,28.50799,209500,1961.0,1960.0
2025-07-29 11:57:00,18.2,18.2,17.75,17.75,1000,27.761661,209500,1961.0,1960.0
2025-07-29 11:58:00,17.85,17.85,17.85,17.85,500,27.315741,209500,1961.7,1960.0
2025-07-29 11:59:00,17.85,18.0,17.85,18.0,1500,26.763654,206000,1962.6,1960.0
2025-07-29 12:00:00,18.0,18.0,18.0,18.0,0,26.763654,206000,1961.7,1960.0
2025-07-29 12:01:00,18.1,18.1,18.05,18.05,3500,27.396914,206500,1962.0,1960.0
2025-07-29 12:02:00,18.05,18.05,18.05,18.05,0,27.396914,206500,1962.1,1960.0
2025-07-29 12:03:00,18.05,18.05,18.05,18.05,0,27.396914,206500,1961.6,1960.0
2025-07-29 12:04:00,18.05,18.05,18.05,18.05,0,27.396914,206500,1961.1,1960.0
2025-07-29 12:05:00,17.65,17.65,17.4,17.4,3000,25.51204,206500,1962.9,1960.0
2025-07-29 12:06:00,17.1,17.3,17.1,17.3,23500,26.699861,206500,1961.4,1960.0
2025-07-29 12:07:00,17.3,17.95,17.3,17.95,1500,27.168429,213500,1962.1,1960.0
2025-07-29 12:08:00,17.95,17.95,17.95,17.95,9500,23.598695,213500,1965.9,1960.0
2025-07-29 12:09:00,18.75,18.75,18.35,18.35,8000,25.541781,213500,1964.6,1960.0
2025-07-29 12:10:00,18.5,18.5,18.5,18.5,500,26.458563,216500,1963.9,1960.0
2025-07-29 12:11:00,18.1,18.6,18.1,18.6,4000,25.398651,216500,1965.2,1960.0
2025-07-29 12:12:00,18.5,18.5,18.5,18.5,500,25.522341,216500,1964.9,1960.0
2025-07-29 12:13:00,18.8,18.8,18.55,18.55,3000,26.83573,217000,1963.6,1960.0
2025-07-29 12:14:00,18.65,18.65,18.65,18.65,500,26.448794,217000,1964.2,1960.0
2025-07-29 12:15:00,18.5,18.75,18.5,18.75,2000,25.18533,217000,1965.7,1960.0
2025-07-29 12:16:00,18.75,18.75,18.75,18.75,0,25.18533,217000,1965.1,1960.0
2025-07-29 12:17:00,18.75,18.75,18.1,18.1,2000,25.155225,216000,1964.6,1960.0
2025-07-29 12:18:00,18.0,18.0,18.0,18.0,1500,24.12018,216000,1965.5,1960.0
2025-07-29 12:19:00,19.0,19.0,19.0,19.0,1500,27.062416,216000,1964.2,1960.0
2025-07-29 12:20:00,19.1,19.1,19.1,19.1,1000,25.013499,215000,1966.5,1960.0
2025-07-29 12:21:00,19.4,19.4,19.4,19.4,500,24.418061,215000,1967.6,1960.0
2025-07-29 12:22:00,19.5,19.5,19.5,19.5,500,26.490321,214000,1965.7,1960.0
2025-07-29 12:23:00,19.3,19.3,19.15,19.15,1000,26.095131,214000,1965.5,1960.0
2025-07-29 12:24:00,19.15,19.15,19.15,19.15,0,26.095131,214000,1965.7,1960.0
2025-07-29 12:25:00,18.55,18.6,18.55,18.6,2000,25.364768,213500,1965.3,1960.0
2025-07-29 12:26:00,18.6,18.6,18.6,18.6,0,25.364768,213500,1965.3,1960.0
2025-07-29 12:27:00,18.6,18.6,18.6,18.6,0,25.364768,213500,1966.0,1960.0
2025-07-29 12:28:00,19.2,19.2,19.2,19.2,500,23.793026,213500,1967.9,1960.0
2025-07-29 12:29:00,18.65,18.65,18.65,18.65,1500,23.055533,213500,1967.7,1960.0
2025-07-29 12:30:00,18.65,20.75,18.65,20.6,1500,25.594597,213500,1968.5,1960.0
2025-07-29 12:31:00,20.6,20.6,19.9,20.0,4000,24.771072,213000,1968.3,1960.0
2025-07-29 12:32:00,19.5,20.2,19.5,20.2,2500,25.121096,213000,1968.3,1960.0
2025-07-29 12:33:00,20.2,20.2,19.2,19.7,1000,24.781194,213000,1967.8,1960.0
2025-07-29 12:34:00,19.7,19.7,19.55,19.55,500,24.630272,213000,1967.7,1960.0
2025-07-29 12:35:00,19.55,19.55,19.55,19.55,0,24.630272,213000,1968.5,1960.0
2025-07-29 12:36:00,20.05,20.35,20.05,20.35,8000,24.979778,214000,1968.7,1960.0
2025-07-29 12:37:00,20.2,20.2,20.2,20.2,1000,23.867572,213500,1969.5,1960.0
2025-07-29 12:38:00,11.5,11.5,11.5,11.5,7000,25.65383,329000,1970.3,1980.0
2025-07-29 12:39:00,21.0,21.3,21.0,21.3,1500,25.258731,213500,1970.0,1960.0
2025-07-29 12:40:00,12.0,12.0,12.0,12.0,4500,25.578711,329000,1971.6,1980.0
2025-07-29 12:41:00,12.1,12.1,11.95,11.95,16000,25.932953,334000,1971.0,1980.0
2025-07-29 12:42:00,12.1,12.1,12.1,12.1,5500,26.120264,334000,1971.1,1980.0
2025-07-29 12:43:00,20.5,21.0,20.5,21.0,7500,24.751337,198000,1970.0,1960.0
2025-07-29 12:44:00,11.8,11.8,11.8,11.8,4500,25.474646,335500,1971.3,1980.0
2025-07-29 12:45:00,12.3,12.3,12.3,12.3,25500,25.817064,335500,1972.0,1980.0
2025-07-29 12:46:00,11.25,11.25,11.25,11.25,7500,24.83459,339000,1970.9,1980.0
2025-07-29 12:47:00,11.55,11.55,11.55,11.55,3000,25.134819,339000,1971.2,1980.0
2025-07-29 12:48:00,11.4,11.85,11.4,11.85,9000,25.577508,339000,1971.3,1980.0
2025-07-29 12:49:00,11.85,11.85,11.85,11.85,0,25.577508,339000,1971.3,1980.0
2025-07-29 12:50:00,20.9,20.9,20.55,20.55,2500,23.991483,198500,1970.0,1960.0
2025-07-29 12:51:00,11.6,11.6,11.6,11.6,6500,25.954371,345500,1970.2,1980.0
2025-07-29 12:52:00,11.25,11.3,11.25,11.3,19000,25.231878,341500,1970.5,1980.0
2025-07-29 12:53:00,11.25,11.6,11.25,11.6,4000,25.677843,341500,1970.6,1980.0
2025-07-29 12:54:00,20.8,20.8,20.8,20.8,1500,24.44901,198500,1970.0,1960.0
2025-07-29 12:55:00,11.45,11.45,11.1,11.1,3000,24.83151,336000,1970.6,1980.0
2025-07-29 12:56:00,11.4,11.4,11.4,11.4,500,25.634409,336000,1970.2,1980.0
2025-07-29 12:57:00,11.0,11.3,11.0,11.2,5000,25.082729,336000,1970.5,1980.0
2025-07-29 12:58:00,11.2,11.2,10.95,11.05,2500,24.972114,340000,1970.3,1980.0
2025-07-29 12:59:00,20.35,20.5,20.35,20.5,500,23.942551,197500,1970.0,1960.0
2025-07-29 13:00:00,11.2,11.2,11.2,11.2,500,25.095933,340000,1970.5,1980.0
2025-07-29 13:01:00,11.35,11.35,11.25,11.25,4500,24.828218,340000,1971.0,1980.0
2025-07-29 13:02:00,11.6,11.6,11.6,11.6,2000,25.358606,338000,1971.1,1980.0
2025-07-29 13:03:00,11.6,11.6,11.15,11.15,10500,24.880719,338000,1970.7,1980.0
2025-07-29 13:04:00,11.15,11.25,11.05,11.05,2000,25.140196,338000,1970.1,1980.0
2025-07-29 13:05:00,11.05,11.05,10.9,10.9,2000,24.886634,339000,1970.1,1980.0
2025-07-29 13:06:00,20.25,20.25,20.25,20.25,500,24.621339,198500,1969.0,1960.0
2025-07-29 13:07:00,19.7,19.7,19.7,19.7,8500,23.55435,198500,1969.1,1960.0
2025-07-29 13:08:00,11.15,11.15,11.15,11.15,3000,24.687624,341000,1971.0,1980.0
2025-07-29 13:09:00,11.3,11.3,11.3,11.3,1000,24.876788,341000,1971.1,1980.0
2025-07-29 13:10:00,11.6,11.6,11.6,11.6,2000,24.958627,341000,1971.7,1980.0
2025-07-29 13:11:00,11.8,11.8,11.5,11.5,18500,24.792458,340500,1971.7,1980.0
2025-07-29 13:12:00,11.7,11.7,11.7,11.7,2000,25.137994,340500,1971.7,1980.0
2025-07-29 13:13:00,11.85,12.35,11.85,12.35,4000,26.47029,328000,1971.4,1980.0
2025-07-29 13:14:00,11.8,11.8,11.7,11.7,3000,25.655646,328000,1971.0,1980.0
2025-07-29 13:15:00,11.7,11.7,11.3,11.7,8000,26.16401,328000,1970.3,1980.0
2025-07-29 13:16:00,11.2,11.2,11.2,11.2,1500,25.166684,330000,1970.5,1980.0
2025-07-29 13:17:00,20.8,21.0,20.8,21.0,1500,25.23137,194500,1969.7,1960.0
2025-07-29 13:18:00,20.4,20.4,20.4,20.4,2000,25.362707,194500,1968.6,1960.0
2025-07-29 13:19:00,20.4,20.4,19.9,19.9,3000,24.387893,195500,1968.7,1960.0
2025-07-29 13:20:00,19.8,19.8,19.8,19.8,2000,25.475483,195500,1967.5,1960.0
2025-07-29 13:21:00,19.8,19.8,19.4,19.4,1000,24.579321,195500,1967.7,1960.0
2025-07-29 13:22:00,19.85,19.85,19.85,19.85,1500,24.738452,195500,1968.3,1960.0
2025-07-29 13:23:00,19.25,19.25,19.25,19.25,500,24.012836,195000,1968.0,1960.0
2025-07-29 13:24:00,19.25,19.25,19.25,19.25,0,24.012836,195000,1968.0,1960.0
2025-07-29 13:25:00,20.0,20.15,20.0,20.15,2000,24.958383,195000,1968.6,1960.0
2025-07-29 13:26:00,20.0,20.0,20.0,20.0,500,24.806863,195000,1968.5,1960.0
2025-07-29 13:27:00,20.0,20.0,20.0,20.0,0,24.806863,195000,1968.8,1960.0
2025-07-29 13:28:00,20.0,20.0,20.0,20.0,500,24.603136,195500,1968.7,1960.0
2025-07-29 13:29:00,20.0,20.0,20.0,20.0,500,24.714211,195500,1968.6,1960.0
2025-07-29 13:30:00,20.2,20.2,19.95,19.95,1000,24.524521,195500,1968.7,1960.0
2025-07-29 13:31:00,19.95,19.95,19.95,19.95,0,24.524521,195500,1968.7,1960.0
2025-07-29 13:32:00,19.95,20.4,19.95,20.4,2000,24.894003,195000,1969.1,1960.0
2025-07-29 13:33:00,20.7,20.7,20.7,20.7,1000,24.776067,195000,1969.7,1960.0
2025-07-29 13:34:00,12.8,12.8,12.8,12.8,4500,27.190564,337000,1971.6,1980.0
2025-07-29 13:35:00,12.6,12.85,12.6,12.85,6500,27.058368,332500,1971.9,1980.0
2025-07-29 13:36:00,22.05,22.05,22.05,22.05,500,28.42436,197000,1968.5,1960.0
2025-07-29 13:37:00,12.7,12.7,12.55,12.55,16500,27.801162,325000,1970.2,1980.0
2025-07-29 13:38:00,12.5,12.5,12.5,12.5,5000,26.623025,325000,1971.7,1980.0
2025-07-29 13:39:00,12.9,13.65,12.9,13.65,15000,26.924373,325000,1973.9,1980.0
2025-07-29 13:40:00,13.7,13.7,13.15,13.2,8500,26.319837,317000,1973.7,1980.0
2025-07-29 13:41:00,13.2,13.9,13.2,13.5,9000,27.215768,317000,1973.2,1980.0
2025-07-29 13:42:00,13.5,13.5,13.5,13.5,0,27.215768,317000,1973.2,1980.0
2025-07-29 13:43:00,13.5,13.5,12.9,12.9,1500,26.205451,317000,1973.2,1980.0
2025-07-29 13:44:00,13.0,13.0,13.0,13.0,3500,27.133916,319000,1972.2,1980.0
2025-07-29 13:45:00,12.8,13.1,12.8,13.1,3500,25.866138,319000,1974.1,1980.0
2025-07-29 13:46:00,13.4,13.4,13.4,13.4,1000,25.83573,319000,1974.8,1980.0
2025-07-29 13:47:00,13.5,13.5,13.5,13.5,5500,25.852964,319500,1975.0,1980.0
2025-07-29 13:48:00,13.2,13.2,13.2,13.2,4000,26.967121,319500,1972.9,1980.0
2025-07-29 13:49:00,14.0,14.0,13.8,13.8,13000,27.304089,319500,1973.8,1980.0
2025-07-29 13:50:00,13.35,13.35,13.35,13.35,500,27.534834,315000,1972.5,1980.0
2025-07-29 13:51:00,13.0,13.05,13.0,13.05,6500,26.650151,315000,1973.0,1980.0
2025-07-29 13:52:00,12.85,12.85,12.85,12.85,1000,26.465255,315000,1972.8,1980.0
2025-07-29 13:53:00,12.85,13.15,12.85,13.15,1500,25.755865,314500,1974.4,1980.0
2025-07-29 13:54:00,13.65,14.15,13.65,14.15,7500,25.869567,314500,1976.4,1980.0
2025-07-29 13:55:00,14.15,14.15,13.6,13.6,2000,25.664752,314500,1975.5,1980.0
2025-07-29 13:56:00,13.6,13.95,13.6,13.95,10000,26.261537,315500,1975.5,1980.0
2025-07-29 13:57:00,13.55,13.55,13.55,13.55,3000,26.297414,315500,1974.6,1980.0
2025-07-29 13:58:00,13.0,13.0,13.0,13.0,1500,26.140826,315500,1973.6,1980.0
2025-07-29 13:59:00,13.0,13.0,13.0,13.0,3500,25.992077,314500,1973.8,1980.0
2025-07-29 14:00:00,13.1,13.1,13.1,13.1,500,25.547715,314500,1974.6,1980.0
2025-07-29 14:01:00,13.5,13.55,13.5,13.55,9000,26.394351,314500,1974.5,1980.0
2025-07-29 14:02:00,13.5,13.5,13.5,13.5,11000,26.236114,318000,1974.6,1980.0
2025-07-29 14:03:00,13.9,13.9,13.75,13.75,42000,26.42997,318000,1974.9,1980.0
2025-07-29 14:04:00,13.2,13.2,13.2,13.2,2000,26.046985,292500,1974.2,1980.0
2025-07-29 14:05:00,13.0,13.0,13.0,13.0,2000,26.403122,292500,1973.3,1980.0
2025-07-29 14:06:00,13.0,13.0,12.05,12.05,4000,26.862326,292500,1970.5,1980.0
2025-07-29 14:07:00,12.35,12.35,12.35,12.35,2500,25.906571,292500,1972.5,1980.0
2025-07-29 14:08:00,12.3,12.3,12.15,12.3,8500,26.421984,291500,1971.7,1980.0
2025-07-29 14:09:00,12.3,12.5,12.25,12.5,5500,26.248015,291500,1972.4,1980.0
2025-07-29 14:10:00,12.5,12.7,12.5,12.5,1500,26.626558,296500,1971.9,1980.0
2025-07-29 14:11:00,12.5,12.5,12.5,12.5,2000,26.631332,296500,1971.9,1980.0
2025-07-29 14:12:00,12.6,12.6,12.6,12.6,1500,26.358452,296500,1972.5,1980.0
2025-07-29 14:13:00,12.85,13.0,12.85,13.0,7000,26.897467,294500,1972.7,1980.0
2025-07-29 14:14:00,13.0,13.05,12.8,13.05,5000,26.760103,294500,1973.0,1980.0
2025-07-29 14:15:00,13.05,13.2,13.05,13.2,1500,26.945229,294500,1973.1,1980.0
2025-07-29 14:16:00,13.0,13.0,13.0,13.0,2500,25.994496,294500,1973.9,1980.0
2025-07-29 14:17:00,13.4,13.4,13.4,13.4,500,26.836136,292500,1973.7,1980.0
2025-07-29 14:18:00,13.25,13.25,13.25,13.25,2500,27.197833,292500,1972.9,1980.0
2025-07-29 14:19:00,13.0,13.0,13.0,13.0,1500,26.774657,292000,1972.9,1980.0
2025-07-29 14:20:00,13.1,13.1,13.1,13.1,1000,26.645453,292000,1973.3,1980.0
2025-07-29 14:21:00,12.9,12.9,12.9,12.9,2500,26.308084,292000,1973.3,1980.0
2025-07-29 14:22:00,12.85,12.85,12.85,12.85,1500,25.766455,292000,1973.9,1980.0
2025-07-29 14:23:00,13.15,13.15,13.15,13.15,1000,25.425129,290500,1975.0,1980.0
2025-07-29 14:24:00,13.9,13.9,13.9,13.9,4000,26.14952,290500,1975.7,1980.0
2025-07-29 14:25:00,13.75,14.0,13.75,14.0,7500,26.083308,290500,1976.0,1980.0
2025-07-29 14:26:00,13.85,13.85,13.85,13.85,4500,27.024902,286500,1974.5,1980.0
2025-07-29 14:27:00,13.5,13.5,13.5,13.5,5000,26.667332,286500,1974.2,1980.0
2025-07-29 14:28:00,13.45,13.45,13.45,13.45,2000,26.352444,286500,1974.5,1980.0
2025-07-29 14:29:00,13.45,13.45,13.45,13.45,0,26.352444,286500,1974.5,1980.0
2025-07-29 14:30:00,13.65,13.9,13.65,13.9,8000,26.01746,286000,1975.9,1980.0
2025-07-29 14:31:00,13.75,13.75,13.75,13.75,7500,25.686686,286000,1976.0,1980.0
2025-07-29 14:32:00,14.25,14.25,13.8,13.8,7000,25.534145,278500,1976.3,1980.0
2025-07-29 14:33:00,13.8,13.8,13.8,13.8,0,25.534145,278500,1976.3,1980.0
2025-07-29 14:34:00,13.8,13.8,13.7,13.7,6500,26.492933,278500,1974.9,1980.0
2025-07-29 14:35:00,13.75,13.75,13.75,13.75,1000,26.503911,280500,1975.0,1980.0
2025-07-29 14:36:00,13.0,13.0,13.0,13.0,5500,27.463219,280500,1972.1,1980.0
2025-07-29 14:37:00,13.4,13.4,13.4,13.4,7000,26.933204,284500,1973.7,1980.0
2025-07-29 14:38:00,13.75,13.75,13.75,13.75,22000,28.00097,284500,1973.1,1980.0
2025-07-29 14:39:00,13.5,13.5,13.2,13.2,3500,27.747141,284500,1972.2,1980.0
2025-07-29 14:40:00,13.2,13.2,13.2,13.2,0,27.747141,284500,1971.6,1980.0
2025-07-29 14:41:00,12.8,12.8,12.8,12.8,17000,28.260786,296000,1970.6,1980.0
2025-07-29 14:42:00,13.25,13.25,13.25,13.25,1000,27.468546,296000,1972.7,1980.0
2025-07-29 14:43:00,13.2,13.2,13.2,13.2,1000,26.85121,296000,1973.4,1980.0
2025-07-29 14:44:00,13.3,13.3,13.3,13.3,500,26.718436,289000,1973.8,1980.0
2025-07-29 14:45:00,13.3,13.3,13.3,13.3,0,26.718436,289000,1971.7,1980.0
2025-07-29 14:46:00,13.0,13.0,13.0,13.0,500,27.286016,289000,1972.4,1980.0
2025-07-29 14:47:00,12.9,13.05,12.9,13.05,7000,27.75502,290500,1971.9,1980.0
2025-07-29 14:48:00,12.95,12.95,12.95,12.95,3000,27.962294,290500,1971.4,1980.0
2025-07-29 14:49:00,12.95,12.95,12.5,12.5,7500,27.632896,287000,1970.8,1980.0
2025-07-29 14:50:00,12.5,12.5,12.05,12.05,7000,26.708513,287000,1971.0,1980.0
2025-07-29 14:51:00,12.05,12.3,11.95,12.3,2000,26.925494,287000,1971.3,1980.0
2025-07-29 14:52:00,12.8,12.8,12.8,12.8,5500,27.348016,287000,1971.9,1980.0
2025-07-29 14:53:00,12.8,13.4,12.8,13.4,9500,27.475106,282000,1973.1,1980.0
2025-07-29 14:54:00,13.5,13.5,13.5,13.5,1000,28.188267,282000,1972.4,1980.0
2025-07-29 14:55:00,13.2,13.5,13.2,13.5,5500,27.734129,282000,1973.0,1980.0
2025-07-29 14:56:00,13.6,13.6,13.6,13.6,16000,27.834332,278500,1973.1,1980.0
2025-07-29 14:57:00,13.4,13.4,12.55,12.55,12000,26.864962,278500,1972.0,1980.0
2025-07-29 14:58:00,11.9,11.9,11.9,11.9,2000,25.743927,278500,1972.0,1980.0
2025-07-29 14:59:00,12.55,12.55,12.55,12.55,500,26.040334,265500,1973.1,1980.0
2025-07-29 15:00:00,12.85,13.0,12.85,13.0,18000,26.202941,265500,1973.9,1980.0
2025-07-29 15:01:00,13.0,13.45,12.9,12.9,2000,25.880156,265500,1974.1,1980.0
2025-07-29 15:02:00,12.9,12.9,12.5,12.55,3500,25.283229,268000,1974.1,1980.0
2025-07-29 15:03:00,12.65,13.1,12.65,13.1,1500,25.841429,268000,1974.6,1980.0
2025-07-29 15:04:00,13.1,13.2,13.1,13.2,2500,26.017803,266000,1974.6,1980.0
2025-07-29 15:05:00,13.05,13.05,12.75,12.75,10000,25.64116,266000,1974.1,1980.0
2025-07-29 15:06:00,12.75,12.95,12.75,12.95,500,26.067835,266000,1974.0,1980.0
2025-07-29 15:07:00,12.45,12.55,12.45,12.55,6500,25.53935,266000,1973.8,1980.0
2025-07-29 15:08:00,12.5,12.65,12.5,12.65,1500,26.179198,256000,1973.2,1980.0
2025-07-29 15:09:00,12.3,12.3,12.3,12.3,4000,26.490118,256000,1972.0,1980.0
2025-07-29 15:10:00,12.15,12.55,12.15,12.55,24500,27.15438,253000,1971.7,1980.0
2025-07-29 15:11:00,12.55,12.55,12.0,12.0,7500,26.871295,253000,1970.8,1980.0
2025-07-29 15:12:00,12.4,12.4,12.0,12.0,9500,27.023504,253000,1970.6,1980.0
2025-07-29 15:13:00,12.0,12.1,11.9,12.0,6000,27.175365,253000,1970.4,1980.0
2025-07-29 15:14:00,12.0,12.3,12.0,12.3,8000,27.261603,251500,1971.0,1980.0
2025-07-29 15:15:00,12.2,12.2,12.2,12.2,2000,27.092156,251500,1971.0,1980.0
2025-07-29 15:16:00,12.2,12.2,12.2,12.2,1500,26.874187,251500,1971.3,1980.0
2025-07-29 15:17:00,12.3,12.3,12.3,12.3,3500,26.829264,254000,1971.6,1980.0
2025-07-29 15:18:00,12.7,12.7,12.7,12.7,1000,27.379645,254000,1971.8,1980.0
2025-07-29 15:19:00,12.95,12.95,12.95,12.95,3500,27.211332,254000,1972.6,1980.0
2025-07-29 15:20:00,12.75,13.0,12.75,13.0,6000,26.764969,251500,1973.3,1980.0
2025-07-29 15:21:00,13.0,13.0,13.0,13.0,1500,26.225997,251500,1974.0,1980.0
2025-07-29 15:22:00,13.15,13.15,12.85,12.85,1000,25.815669,251500,1974.2,1980.0
2025-07-29 15:23:00,13.05,13.05,13.05,13.05,1000,25.850526,248500,1974.6,1980.0
2025-07-29 15:24:00,12.85,12.85,12.65,12.65,13500,25.6364,248500,1974.0,1980.0
2025-07-29 15:25:00,12.65,12.65,12.35,12.35,16500,25.894961,248500,1973.0,1980.0
2025-07-29 15:26:00,12.1,12.1,12.1,12.1,1000,26.524882,241500,1971.6,1980.0
2025-07-29 15:27:00,12.15,12.15,12.1,12.1,24000,27.0511,241500,1970.9,1980.0
2025-07-29 15:28:00,12.65,12.65,12.65,12.65,5000,26.429421,241500,1973.0,1980.0
2025-07-29 15:29:00,13.5,13.5,13.5,13.5,7000,27.519013,232000,1973.5,1980.0
2025-07-30 09:15:00,12.35,12.6,12.3,12.45,2500,28.341304,230500,1977.9,1980.0
2025-07-30 09:16:00,12.35,13.0,12.05,12.35,23500,26.641057,230500,1979.3,1980.0
2025-07-30 09:17:00,14.45,14.45,14.45,14.45,2500,26.496991,230500,1983.4,1980.0
2025-07-30 09:18:00,15.3,15.5,15.3,15.3,4500,29.534238,230500,1982.4,1980.0
2025-07-30 09:19:00,13.6,13.6,13.6,13.6,15000,28.151383,230500,1980.4,1980.0
2025-07-30 09:20:00,13.25,13.25,13.15,13.15,5500,29.683958,230500,1978.1,1980.0
2025-07-30 09:21:00,12.5,12.5,12.5,12.5,1000,29.228903,230500,1977.2,1980.0
2025-07-30 09:22:00,12.0,12.0,12.0,12.0,8500,28.154938,236500,1977.2,1980.0
2025-07-30 09:23:00,11.65,11.65,11.65,11.65,1000,26.571847,236500,1978.0,1980.0
2025-07-30 09:24:00,12.15,12.15,11.65,11.65,2500,28.737289,236500,1975.9,1980.0
2025-07-30 09:25:00,10.75,10.75,10.55,10.75,5000,27.875186,239500,1974.8,1980.0
2025-07-30 09:26:00,10.25,10.25,10.25,10.25,4000,26.887374,239500,1974.7,1980.0
2025-07-30 09:27:00,10.35,11.05,10.35,11.05,6500,27.556713,239500,1975.8,1980.0
2025-07-30 09:28:00,11.4,11.4,9.95,11.4,3000,23.911296,237000,1980.0,1980.0
2025-07-30 09:29:00,11.9,11.9,11.9,11.9,2500,24.666287,237000,1980.3,1980.0
2025-07-30 09:30:00,11.9,12.95,11.9,12.95,2500,27.280061,237000,1980.0,1980.0
2025-07-30 09:31:00,11.05,11.05,11.05,11.05,11500,24.697983,239500,1978.6,1980.0
2025-07-30 09:32:00,11.05,11.05,11.05,11.05,0,24.697983,239500,1981.0,1980.0
2025-07-30 09:33:00,11.05,11.05,11.05,11.05,0,24.697983,239500,1985.0,1980.0
2025-07-30 09:34:00,13.75,16.0,13.75,15.2,31000,22.232753,239000,1988.0,1980.0
2025-07-30 09:35:00,15.35,16.2,15.05,16.2,9000,24.232333,239000,1988.2,1980.0
2025-07-30 09:36:00,15.2,16.4,15.2,15.8,21000,24.039734,239000,1987.7,1980.0
2025-07-30 09:37:00,15.8,15.8,14.5,14.5,24000,24.767384,223000,1985.0,1980.0
2025-07-30 09:38:00,13.55,13.55,13.55,13.55,2500,23.949933,223000,1984.0,1980.0
2025-07-30 09:39:00,13.75,13.75,13.75,13.75,2500,22.598445,223000,1985.4,1980.0
2025-07-30 09:40:00,13.75,13.75,13.75,13.75,1500,23.517422,209000,1984.7,1980.0
2025-07-30 09:41:00,13.75,13.75,13.75,13.75,0,23.517422,209000,1984.7,1980.0
2025-07-30 09:42:00,14.0,14.0,14.0,14.0,1500,20.984836,209000,1987.0,1980.0
2025-07-30 09:43:00,14.15,14.15,14.15,14.15,2000,25.305041,208500,1984.0,1980.0
2025-07-30 09:44:00,12.9,12.9,12.9,12.9,500,22.938203,208500,1983.7,1980.0
2025-07-30 09:45:00,12.9,12.9,12.9,12.9,0,22.938203,208500,1983.7,1980.0
2025-07-30 09:46:00,12.9,12.9,12.6,12.6,500,23.280203,209000,1982.9,1980.0
2025-07-30 09:47:00,11.25,11.25,11.25,11.25,1500,23.496455,209000,1980.2,1980.0
2025-07-30 09:48:00,11.2,11.2,11.2,11.2,1500,26.831716,209000,1977.0,1980.0
2025-07-30 09:49:00,10.0,10.0,10.0,10.0,1000,23.910307,208500,1977.3,1980.0
2025-07-30 09:50:00,10.1,10.1,8.6,8.6,15500,26.143118,208500,1971.8,1980.0
2025-07-30 09:51:00,8.05,8.05,8.0,8.05,10500,24.91109,208500,1971.8,1980.0
2025-07-30 09:52:00,17.45,17.45,16.4,16.4,6500,25.361734,161500,1968.0,1960.0
2025-07-30 09:53:00,16.55,16.55,15.0,15.0,2000,23.856398,161500,1966.8,1960.0
2025-07-30 09:54:00,15.0,15.0,15.0,15.0,500,23.301165,161500,1967.2,1960.0
2025-07-30 09:55:00,14.65,16.65,14.6,16.65,3000,22.979269,160500,1970.0,1960.0
2025-07-30 09:56:00,8.55,8.8,8.55,8.8,5500,27.365751,223000,1971.0,1980.0
2025-07-30 09:57:00,8.8,9.1,8.8,9.1,3500,27.50601,223000,1971.6,1980.0
2025-07-30 09:58:00,9.0,9.0,9.0,9.0,3000,25.618719,224000,1973.4,1980.0
2025-07-30 09:59:00,9.35,10.1,9.35,10.1,5500,28.265757,224000,1973.2,1980.0
2025-07-30 10:00:00,8.75,8.75,8.75,8.75,9000,26.922815,224000,1971.4,1980.0
2025-07-30 10:01:00,9.0,9.15,9.0,9.15,4000,27.375519,218000,1971.9,1980.0
2025-07-30 10:02:00,9.15,9.15,9.15,9.15,0,27.375519,218000,1971.9,1980.0
2025-07-30 10:03:00,9.15,9.15,9.15,9.15,0,27.375519,218000,1971.9,1980.0
2025-07-30 10:04:00,8.65,8.65,8.65,8.65,500,26.272803,219500,1971.9,1980.0
2025-07-30 10:05:00,9.15,9.15,9.15,9.15,500,27.958386,219500,1971.3,1980.0
2025-07-30 10:06:00,9.15,9.15,8.8,8.8,1000,28.254601,219500,1970.1,1980.0
2025-07-30 10:07:00,8.8,8.8,8.8,8.8,0,28.254601,219500,1970.1,1980.0
2025-07-30 10:08:00,16.0,16.65,16.0,16.65,1000,24.154305,161500,1969.3,1960.0
2025-07-30 10:09:00,16.0,16.0,16.0,16.0,500,23.237888,161500,1968.9,1960.0
2025-07-30 10:10:00,16.0,16.25,16.0,16.25,1000,23.982659,161000,1968.8,1960.0
2025-07-30 10:11:00,16.75,16.75,16.75,16.75,500,23.954537,161000,1969.6,1960.0
2025-07-30 10:12:00,16.75,16.75,16.75,16.75,0,23.954537,161000,1969.6,1960.0
2025-07-30 10:13:00,16.3,16.3,16.3,16.3,1000,23.821557,161000,1969.0,1960.0
2025-07-30 10:14:00,17.0,17.0,17.0,17.0,500,26.055248,162000,1968.6,1960.0
2025-07-30 10:15:00,17.0,17.0,17.0,17.0,0,26.055248,162000,1969.8,1960.0
2025-07-30 10:16:00,17.0,17.0,17.0,17.0,0,26.055248,162000,1969.5,1960.0
2025-07-30 10:17:00,17.0,17.0,17.0,17.0,0,26.055248,162000,1969.2,1960.0
2025-07-30 10:18:00,17.0,17.0,17.0,17.0,0,26.055248,162000,1969.3,1960.0
2025-07-30 10:19:00,15.5,15.5,15.5,15.5,2500,29.61727,161500,1963.4,1960.0
2025-07-30 10:20:00,13.85,13.85,12.55,12.55,27000,26.05748,161500,1960.9,1960.0
2025-07-30 10:21:00,13.2,13.45,13.2,13.45,4500,27.005904,161500,1961.8,1960.0
2025-07-30 10:22:00,13.45,13.45,13.2,13.2,500,27.516551,159000,1960.9,1960.0
2025-07-30 10:23:00,12.7,12.7,12.35,12.35,3000,26.671695,159000,1960.0,1960.0
2025-07-30 10:24:00,12.3,12.3,12.3,12.3,1500,27.132976,159000,1959.5,1960.0
2025-07-30 10:25:00,12.3,12.3,11.7,11.7,10000,26.144039,158000,1959.2,1960.0
2025-07-30 10:26:00,12.05,12.05,12.05,12.05,2000,28.245624,158000,1958.0,1960.0
2025-07-30 10:27:00,11.8,11.8,11.0,11.0,3000,28.843398,158000,1955.2,1960.0
2025-07-30 10:28:00,11.55,11.55,10.9,11.15,13000,28.78045,160500,1955.6,1960.0
2025-07-30 10:29:00,11.15,11.15,11.15,11.15,500,26.159859,160500,1958.1,1960.0
2025-07-30 10:30:00,11.15,11.15,11.15,11.15,0,26.159859,160500,1958.6,1960.0
2025-07-30 10:31:00,11.15,12.4,11.15,12.4,1000,26.733589,161000,1960.1,1960.0
2025-07-30 10:32:00,12.4,12.4,12.4,12.4,2000,26.282639,161000,1960.5,1960.0
2025-07-30 10:33:00,12.95,12.95,12.95,12.95,500,27.283914,161000,1960.7,1960.0
2025-07-30 10:34:00,11.85,11.85,11.85,11.85,4000,27.323243,160500,1958.5,1960.0
2025-07-30 10:35:00,11.65,11.65,11.45,11.45,2000,27.308107,160500,1957.7,1960.0
2025-07-30 10:36:00,11.3,11.3,11.3,11.3,3500,27.727626,160500,1957.0,1960.0
2025-07-30 10:37:00,11.3,11.3,11.3,11.3,0,27.727626,160500,1956.2,1960.0
2025-07-30 10:38:00,11.0,11.0,10.8,11.0,3000,27.389291,161000,1956.7,1960.0
2025-07-30 10:39:00,11.3,11.3,10.35,10.35,2000,27.179915,161000,1955.5,1960.0
2025-07-30 10:40:00,10.9,10.9,10.9,10.9,500,28.934458,160500,1955.0,1960.0
2025-07-30 10:41:00,10.2,10.2,10.0,10.2,1000,28.461883,160500,1953.9,1960.0
2025-07-30 10:42:00,10.0,10.0,10.0,10.0,500,27.422606,160500,1954.5,1960.0
2025-07-30 10:43:00,10.15,10.15,9.9,9.9,4000,27.104979,161500,1954.6,1960.0
2025-07-30 10:44:00,9.9,9.9,9.9,9.9,0,27.104979,161500,1950.0,1940.0
2025-07-30 10:45:00,9.9,9.9,9.9,9.9,0,27.104979,161500,1948.8,1940.0
2025-07-30 10:46:00,9.9,9.9,9.9,9.9,0,27.104979,161500,1948.1,1940.0
2025-07-30 10:47:00,9.9,9.9,9.9,9.9,0,27.104979,161500,1947.6,1940.0
2025-07-30 10:48:00,9.9,9.9,9.9,9.9,0,27.104979,161500,1950.0,1940.0
2025-07-30 10:49:00,9.9,9.9,9.9,9.9,0,27.104979,161500,1948.4,1940.0
2025-07-30 10:50:00,18.0,18.0,18.0,18.0,500,27.956189,40000,1949.3,1940.0
2025-07-30 10:51:00,8.75,8.75,8.75,8.75,6500,28.636571,164500,1950.3,1960.0
2025-07-30 10:52:00,18.0,19.0,18.0,19.0,500,30.191112,40000,1949.4,1940.0
2025-07-30 10:53:00,19.0,19.0,19.0,19.0,0,30.191112,40000,1949.4,1940.0
2025-07-30 10:54:00,8.95,8.95,8.95,8.95,1000,29.312825,170000,1950.1,1960.0
2025-07-30 10:55:00,9.05,9.05,9.05,9.05,1000,29.279551,169500,1950.4,1960.0
2025-07-30 10:56:00,19.55,19.55,19.55,19.55,500,31.813333,40000,1949.2,1940.0
2025-07-30 10:57:00,19.55,19.55,19.55,19.55,0,31.813333,40000,1949.7,1940.0
2025-07-30 10:58:00,8.55,8.55,8.55,8.55,8000,28.411688,171000,1950.1,1960.0
2025-07-30 10:59:00,19.55,19.55,17.45,17.45,500,27.32392,40500,1948.9,1940.0
2025-07-30 11:00:00,17.45,17.45,17.45,17.45,0,27.32392,40500,1948.2,1940.0
2025-07-30 11:01:00,17.45,17.45,17.45,17.45,0,27.32392,40500,1946.3,1940.0
2025-07-30 11:02:00,17.45,17.45,17.45,17.45,0,27.32392,40500,1947.5,1940.0
2025-07-30 11:03:00,17.45,17.45,17.45,17.45,0,27.32392,40500,1947.3,1940.0
2025-07-30 11:04:00,17.45,17.45,17.45,17.45,0,27.32392,40500,1945.4,1940.0
2025-07-30 11:05:00,17.45,17.45,17.45,17.45,0,27.32392,40500,1945.8,1940.0
2025-07-30 11:06:00,17.45,17.45,17.45,17.45,0,27.32392,40500,1946.0,1940.0
2025-07-30 11:07:00,17.45,17.45,17.45,17.45,0,27.32392,40500,1945.7,1940.0
2025-07-30 11:08:00,15.05,15.05,15.05,15.05,500,25.502558,41000,1946.3,1940.0
2025-07-30 11:09:00,15.05,15.05,15.05,15.05,0,25.502558,41000,1946.3,1940.0
2025-07-30 11:10:00,15.05,16.55,15.05,16.55,1000,27.620058,41000,1947.3,1940.0
2025-07-30 11:11:00,16.55,17.7,16.55,17.7,1000,27.573853,41000,1949.2,1940.0
2025-07-30 11:12:00,7.8,7.8,7.8,7.8,3000,25.85377,174000,1951.1,1960.0
2025-07-30 11:13:00,7.9,7.9,7.9,7.9,16000,26.82635,178000,1950.3,1960.0
2025-07-30 11:14:00,7.9,7.9,7.9,7.9,5500,25.458304,178000,1951.8,1960.0
2025-07-30 11:15:00,7.9,8.35,7.9,8.35,2500,25.285601,178000,1953.1,1960.0
2025-07-30 11:16:00,8.45,8.45,8.45,8.45,7500,24.062325,176000,1954.6,1960.0
2025-07-30 11:17:00,9.25,9.25,8.9,8.9,21500,26.669435,176000,1953.0,1960.0
2025-07-30 11:18:00,9.0,9.0,9.0,9.0,1500,29.182765,176000,1950.6,1960.0
2025-07-30 11:19:00,8.25,8.9,8.25,8.9,16500,26.974913,167000,1952.7,1960.0
2025-07-30 11:20:00,9.05,9.05,9.05,9.05,6000,26.944056,167000,1953.1,1960.0
2025-07-30 11:21:00,9.1,9.1,9.1,9.1,6000,26.67811,167000,1953.5,1960.0
2025-07-30 11:22:00,9.1,9.1,9.1,9.1,6000,24.994938,166000,1955.2,1960.0
2025-07-30 11:23:00,9.55,9.55,9.55,9.55,11500,26.23418,166000,1955.0,1960.0
2025-07-30 11:24:00,9.4,9.4,9.3,9.3,5500,25.972775,166000,1954.7,1960.0
2025-07-30 11:25:00,9.3,9.3,9.3,9.3,0,25.972775,166000,1954.8,1960.0
2025-07-30 11:26:00,9.45,9.45,9.2,9.2,8000,24.949474,161000,1955.5,1960.0
2025-07-30 11:27:00,9.5,9.5,9.5,9.5,3500,26.050866,161000,1955.1,1960.0
2025-07-30 11:28:00,9.6,9.6,9.5,9.5,5500,25.957236,165000,1955.2,1960.0
2025-07-30 11:29:00,10.3,10.3,10.3,10.3,9000,27.279044,165000,1955.7,1960.0
2025-07-30 11:30:00,10.05,10.05,10.0,10.0,9500,27.321965,165000,1955.0,1960.0
2025-07-30 11:31:00,9.9,9.9,9.9,9.9,3500,27.101464,166500,1955.0,1960.0
2025-07-30 11:32:00,9.7,10.15,9.7,10.15,1000,27.2721,166500,1955.4,1960.0
2025-07-30 11:33:00,9.75,9.75,9.75,9.75,6500,25.745464,166500,1956.0,1960.0
2025-07-30 11:34:00,10.7,10.7,10.7,10.7,500,27.28862,166500,1956.6,1960.0
2025-07-30 11:35:00,10.2,10.2,10.2,10.2,3000,26.579804,166500,1956.2,1960.0
2025-07-30 11:36:00,10.55,10.55,10.55,10.55,500,28.42812,166500,1955.2,1960.0
2025-07-30 11:37:00,10.45,10.45,10.45,10.45,500,28.207959,168000,1955.2,1960.0
2025-07-30 11:38:00,10.25,10.25,10.25,10.25,3000,27.963815,168000,1955.0,1960.0
2025-07-30 11:39:00,10.05,10.05,10.05,10.05,500,29.026363,168000,1953.5,1960.0
2025-07-30 11:40:00,9.15,9.15,8.8,8.8,2500,26.821708,168000,1952.8,1960.0
2025-07-30 11:41:00,9.15,9.15,9.15,9.15,1500,26.46608,168000,1954.0,1960.0
2025-07-30 11:42:00,9.15,10.2,9.15,10.2,500,26.743253,168000,1956.1,1960.0
2025-07-30 11:43:00,10.2,10.2,10.2,10.2,0,26.743253,168000,1956.0,1960.0
2025-07-30 11:44:00,10.25,10.25,10.25,10.25,4500,28.527157,166500,1954.5,1960.0
2025-07-30 11:45:00,10.0,10.0,10.0,10.0,2500,27.245117,166500,1955.2,1960.0
2025-07-30 11:46:00,9.65,9.65,9.65,9.65,2000,26.95911,167500,1954.7,1960.0
2025-07-30 11:47:00,9.65,9.65,9.65,9.65,0,26.95911,167500,1954.8,1960.0
2025-07-30 11:48:00,10.0,10.0,10.0,10.0,1500,27.986432,167500,1954.5,1960.0
2025-07-30 11:49:00,10.0,10.0,9.95,9.95,1500,27.879852,169500,1954.5,1960.0
2025-07-30 11:50:00,9.45,9.45,9.45,9.45,2000,27.931844,169500,1953.3,1960.0
2025-07-30 11:51:00,9.45,9.45,9.45,9.45,0,27.931844,169500,1953.0,1960.0
2025-07-30 11:52:00,9.4,9.4,9.2,9.2,6000,27.564104,168500,1953.1,1960.0
2025-07-30 11:53:00,9.25,9.25,9.25,9.25,1000,27.196111,168500,1953.6,1960.0
2025-07-30 11:54:00,9.25,9.25,9.25,9.25,0,27.196111,168500,1953.6,1960.0
2025-07-30 11:55:00,9.25,9.25,9.25,9.25,0,27.196111,168500,1953.6,1960.0
2025-07-30 11:56:00,9.25,9.25,9.25,9.25,0,27.196111,168500,1953.6,1960.0
2025-07-30 11:57:00,9.5,10.1,9.5,10.1,1500,26.429338,168000,1956.3,1960.0
2025-07-30 11:58:00,10.4,10.4,10.4,10.4,2000,26.59356,168000,1956.8,1960.0
2025-07-30 11:59:00,11.0,11.0,11.0,11.0,5500,25.433643,167500,1959.1,1960.0
2025-07-30 12:00:00,11.25,11.25,10.7,10.7,7500,25.990643,167500,1958.0,1960.0
2025-07-30 12:01:00,10.55,10.55,10.55,10.55,4000,25.986185,170000,1957.7,1960.0
2025-07-30 12:02:00,11.2,11.2,11.2,11.2,500,26.36861,170000,1958.7,1960.0
2025-07-30 12:03:00,11.35,11.35,11.35,11.35,1000,27.503225,170000,1958.0,1960.0
2025-07-30 12:04:00,11.05,11.05,11.05,11.05,500,26.82517,170000,1958.0,1960.0
2025-07-30 12:05:00,11.0,11.0,11.0,11.0,500,26.719223,171500,1958.0,1960.0
2025-07-30 12:06:00,11.0,11.0,10.85,10.85,1500,26.384121,171500,1958.0,1960.0
2025-07-30 12:07:00,10.7,10.7,10.7,10.7,500,26.048808,172000,1958.0,1960.0
2025-07-30 12:08:00,10.7,10.7,10.65,10.65,1500,25.83157,172000,1958.1,1960.0
2025-07-30 12:09:00,10.7,10.7,10.7,10.7,500,26.065494,172000,1958.0,1960.0
2025-07-30 12:10:00,10.9,10.9,10.9,10.9,7500,26.532598,170000,1958.0,1960.0
2025-07-30 12:11:00,10.95,11.0,10.95,11.0,5500,26.770538,170000,1958.0,1960.0
2025-07-30 12:12:00,11.0,11.0,11.0,11.0,2500,26.444596,170000,1958.3,1960.0
2025-07-30 12:13:00,10.9,10.95,10.9,10.95,4500,26.561672,173500,1958.1,1960.0
2025-07-30 12:14:00,10.85,10.85,10.85,10.85,3500,26.340588,173500,1958.1,1960.0
2025-07-30 12:15:00,10.8,10.8,10.7,10.7,2000,25.893034,173500,1958.2,1960.0
2025-07-30 12:16:00,10.7,10.7,10.65,10.65,500,26.009229,173500,1958.0,1960.0
2025-07-30 12:17:00,11.65,11.65,11.65,11.65,8000,25.079309,169500,1960.8,1960.0
2025-07-30 12:18:00,12.3,12.3,12.3,12.3,3500,27.997303,169500,1959.6,1960.0
2025-07-30 12:19:00,12.05,12.05,12.05,12.05,2500,27.082304,169000,1959.9,1960.0
2025-07-30 12:20:00,12.4,12.4,12.3,12.3,9500,26.115079,169000,1961.2,1960.0
2025-07-30 12:21:00,12.55,12.55,12.55,12.55,1000,27.777801,169000,1960.3,1960.0
2025-07-30 12:22:00,12.2,12.2,12.2,12.2,1000,27.100352,169000,1960.2,1960.0
2025-07-30 12:23:00,12.2,12.2,12.2,12.2,1500,27.227136,167000,1960.1,1960.0
2025-07-30 12:24:00,12.2,12.2,12.1,12.1,500,27.005907,167000,1960.1,1960.0
2025-07-30 12:25:00,11.55,11.6,11.55,11.6,2500,26.450016,168000,1959.6,1960.0
2025-07-30 12:26:00,11.6,11.6,11.6,11.6,0,26.450016,168000,1959.6,1960.0
2025-07-30 12:27:00,11.6,11.6,11.6,11.6,0,26.450016,168000,1959.6,1960.0
2025-07-30 12:28:00,11.35,11.6,11.35,11.6,9000,26.359121,167000,1959.7,1960.0
2025-07-30 12:29:00,11.5,11.5,11.5,11.5,1500,26.602081,167000,1959.3,1960.0
2025-07-30 12:30:00,11.95,11.95,11.85,11.85,10500,26.717975,167000,1959.9,1960.0
2025-07-30 12:31:00,11.75,11.75,11.75,11.75,3000,27.884242,167000,1958.7,1960.0
2025-07-30 12:32:00,11.6,11.6,10.0,10.0,13000,26.388439,161500,1956.4,1960.0
2025-07-30 12:33:00,10.0,10.0,10.0,10.0,0,26.388439,161500,1956.4,1960.0
2025-07-30 12:34:00,10.0,10.0,9.5,9.5,10000,27.738416,163500,1954.0,1960.0
2025-07-30 12:35:00,9.1,9.1,8.75,8.75,3000,25.681659,163500,1954.3,1960.0
2025-07-30 12:36:00,8.75,8.75,8.75,8.75,0,25.681659,163500,1954.3,1960.0
2025-07-30 12:37:00,8.75,8.75,8.75,8.75,0,25.681659,163500,1954.3,1960.0
2025-07-30 12:38:00,8.55,8.55,8.55,8.55,2500,25.537918,162500,1954.0,1960.0
2025-07-30 12:39:00,9.0,9.0,9.0,9.0,2500,26.505673,162500,1954.1,1960.0
2025-07-30 12:40:00,9.0,9.0,8.85,8.85,500,25.449197,164000,1954.8,1960.0
2025-07-30 12:41:00,8.85,8.85,8.85,8.85,0,25.449197,164000,1954.8,1960.0
2025-07-30 12:42:00,8.9,8.9,7.85,7.85,5500,25.865455,164000,1952.0,1960.0
2025-07-30 12:43:00,7.75,8.05,7.75,8.05,11000,26.064925,163000,1952.3,1960.0
2025-07-30 12:44:00,7.85,7.85,7.85,7.85,1000,25.594445,163000,1952.3,1960.0
2025-07-30 12:45:00,7.85,7.85,7.85,7.85,0,25.594445,163000,1952.5,1960.0
2025-07-30 12:46:00,8.25,8.25,8.25,8.25,1000,25.590958,163000,1953.3,1960.0
2025-07-30 12:47:00,8.4,8.95,8.4,8.95,1500,24.7035,162500,1955.8,1960.0
2025-07-30 12:48:00,8.95,9.15,8.95,9.15,1000,27.342153,162500,1953.7,1960.0
2025-07-30 12:49:00,9.05,9.05,9.05,9.05,2500,27.415811,162500,1953.4,1960.0
2025-07-30 12:50:00,8.5,8.5,8.5,8.5,2000,26.712742,161000,1952.8,1960.0
2025-07-30 12:51:00,8.5,8.5,8.5,8.5,0,26.712742,161000,1952.8,1960.0
2025-07-30 12:52:00,9.0,9.0,9.0,9.0,500,26.516493,161000,1954.2,1960.0
2025-07-30 12:53:00,9.0,9.0,9.0,9.0,500,26.218956,160500,1954.5,1960.0
2025-07-30 12:54:00,9.45,9.45,9.45,9.45,1500,26.35371,160500,1955.4,1960.0
2025-07-30 12:55:00,9.45,9.45,9.45,9.45,0,26.35371,160500,1955.4,1960.0
2025-07-30 12:56:00,9.45,9.45,9.45,9.45,0,26.35371,160500,1955.4,1960.0
2025-07-30 12:57:00,9.0,9.0,8.95,8.95,1500,26.135256,160000,1954.5,1960.0
2025-07-30 12:58:00,8.95,8.95,8.95,8.95,500,26.246211,160000,1954.4,1960.0
2025-07-30 12:59:00,8.95,8.95,8.95,8.95,0,26.246211,160000,1954.4,1960.0
2025-07-30 13:00:00,8.95,8.95,8.95,8.95,1000,27.276702,161000,1953.4,1960.0
2025-07-30 13:01:00,8.95,8.95,8.95,8.95,0,27.276702,161000,1953.4,1960.0
2025-07-30 13:02:00,8.95,8.95,8.75,8.75,500,26.315258,161000,1953.9,1960.0
2025-07-30 13:03:00,8.75,8.75,8.75,8.75,0,26.315258,161000,1953.9,1960.0
2025-07-30 13:04:00,8.75,8.75,8.75,8.75,0,26.315258,161000,1954.0,1960.0
2025-07-30 13:05:00,8.75,8.75,8.75,8.75,0,26.315258,161000,1953.9,1960.0
2025-07-30 13:06:00,8.75,9.0,8.75,9.0,500,26.944278,161000,1953.9,1960.0
2025-07-30 13:07:00,9.0,9.0,9.0,9.0,0,26.944278,161000,1953.9,1960.0
2025-07-30 13:08:00,9.0,9.0,9.0,9.0,0,26.944278,161000,1956.6,1960.0
2025-07-30 13:09:00,9.5,9.5,9.2,9.2,2000,26.934442,161000,1954.4,1960.0
2025-07-30 13:10:00,9.2,9.2,9.2,9.2,500,26.529854,161000,1954.8,1960.0
2025-07-30 13:11:00,9.2,9.2,8.7,8.7,500,25.354076,161000,1954.8,1960.0
2025-07-30 13:12:00,8.25,8.25,8.25,8.25,3000,26.404189,161000,1952.7,1960.0
2025-07-30 13:13:00,8.65,8.85,8.65,8.85,4000,26.138819,161000,1954.4,1960.0
2025-07-30 13:14:00,8.85,9.05,8.65,9.05,7500,26.313116,161000,1954.7,1960.0
2025-07-30 13:15:00,9.05,9.3,9.05,9.3,500,26.076988,161000,1955.5,1960.0
2025-07-30 13:16:00,9.3,10.0,9.3,10.0,1500,25.115899,161000,1957.9,1960.0
2025-07-30 13:17:00,10.0,10.15,10.0,10.15,1000,23.278387,161000,1959.8,1960.0
2025-07-30 13:18:00,11.6,11.6,11.5,11.5,9500,26.205737,161000,1960.0,1960.0
2025-07-30 13:19:00,11.2,11.2,11.0,11.0,6000,26.107583,163500,1959.1,1960.0
2025-07-30 13:20:00,11.0,11.0,11.0,11.0,2000,27.944927,163500,1957.5,1960.0
2025-07-30 13:21:00,10.25,10.25,10.2,10.2,6500,26.409734,163500,1957.2,1960.0
2025-07-30 13:22:00,10.0,10.0,10.0,10.0,500,28.324378,163500,1955.0,1960.0
2025-07-30 13:23:00,9.3,9.3,9.3,9.3,1500,24.310469,162500,1957.2,1960.0
2025-07-30 13:24:00,9.3,9.3,9.3,9.3,0,24.310469,162500,1957.2,1960.0
2025-07-30 13:25:00,9.3,9.3,9.3,9.3,0,24.310469,162500,1956.9,1960.0
2025-07-30 13:26:00,9.3,9.3,9.3,9.3,0,24.310469,162500,1957.2,1960.0
2025-07-30 13:27:00,9.3,10.6,9.3,10.6,500,26.957258,162500,1957.6,1960.0
2025-07-30 13:28:00,10.15,10.15,10.15,10.15,500,25.682739,162500,1957.8,1960.0
2025-07-30 13:29:00,10.15,10.15,10.15,10.15,0,25.682739,162500,1957.8,1960.0
2025-07-30 13:30:00,10.3,10.3,9.8,9.8,2500,27.394309,162500,1955.5,1960.0
2025-07-30 13:31:00,9.15,9.15,9.15,9.15,8000,27.936757,162500,1953.5,1960.0
2025-07-30 13:32:00,9.15,9.15,9.15,9.15,0,27.936757,162500,1955.6,1960.0
2025-07-30 13:33:00,9.15,9.15,9.15,9.15,0,27.936757,162500,1953.5,1960.0
2025-07-30 13:34:00,9.15,9.15,9.15,9.15,0,27.936757,162500,1955.6,1960.0
2025-07-30 13:35:00,9.15,9.15,9.15,9.15,1000,26.317952,163000,1955.1,1960.0
2025-07-30 13:36:00,9.15,9.8,9.15,9.8,1500,26.150415,163000,1956.7,1960.0
2025-07-30 13:37:00,9.8,9.8,9.8,9.8,0,26.150415,163000,1956.7,1960.0
2025-07-30 13:38:00,9.8,10.25,9.8,10.25,500,26.790421,163000,1957.1,1960.0
2025-07-30 13:39:00,10.25,10.25,10.25,10.25,0,26.790421,163000,1957.1,1960.0
2025-07-30 13:40:00,10.25,10.25,10.25,10.25,0,26.790421,163000,1957.1,1960.0
2025-07-30 13:41:00,10.25,10.25,10.25,10.25,1000,26.928743,163000,1957.0,1960.0
2025-07-30 13:42:00,10.25,10.25,10.25,10.25,0,26.928743,163000,1957.0,1960.0
2025-07-30 13:43:00,10.25,10.25,10.25,10.25,0,26.928743,163000,1957.0,1960.0
2025-07-30 13:44:00,10.25,10.25,10.25,10.25,0,26.928743,163000,1957.0,1960.0
2025-07-30 13:45:00,10.0,10.0,10.0,10.0,1000,26.150262,163000,1957.2,1960.0
2025-07-30 13:46:00,10.0,10.0,10.0,10.0,0,26.150262,163000,1957.2,1960.0
2025-07-30 13:47:00,10.0,10.0,10.0,10.0,0,26.150262,163000,1957.2,1960.0
2025-07-30 13:48:00,10.0,10.0,9.35,9.35,1000,26.486889,163000,1955.5,1960.0
2025-07-30 13:49:00,9.4,9.4,9.0,9.0,1500,25.446384,163500,1955.7,1960.0
2025-07-30 13:50:00,9.0,9.0,8.9,8.9,1000,25.74736,163500,1955.2,1960.0
2025-07-30 13:51:00,8.9,8.9,8.35,8.55,2500,25.440768,163500,1954.7,1960.0
2025-07-30 13:52:00,8.55,8.65,8.55,8.65,500,25.376031,163500,1955.0,1960.0
2025-07-30 13:53:00,8.65,8.65,8.65,8.65,0,25.376031,163500,1955.0,1960.0
2025-07-30 13:54:00,8.95,8.95,8.95,8.95,500,26.00802,163000,1955.1,1960.0
2025-07-30 13:55:00,8.95,8.95,8.95,8.95,0,26.00802,163000,1955.1,1960.0
2025-07-30 13:56:00,8.95,8.95,8.95,8.95,0,26.00802,163000,1955.2,1960.0
2025-07-30 13:57:00,9.3,9.3,9.3,9.3,500,26.018311,163500,1955.9,1960.0
2025-07-30 13:58:00,9.3,9.35,9.3,9.35,3500,24.831343,165500,1957.1,1960.0
2025-07-30 13:59:00,9.35,9.35,9.35,9.35,0,24.831343,165500,1956.9,1960.0
2025-07-30 14:00:00,9.7,9.7,9.7,9.7,500,25.233394,165500,1957.5,1960.0
2025-07-30 14:01:00,9.7,10.1,9.7,10.1,500,26.419117,165500,1957.3,1960.0
2025-07-30 14:02:00,9.25,9.25,9.25,9.25,500,24.179583,165000,1957.5,1960.0
2025-07-30 14:03:00,9.25,9.25,9.25,9.25,0,24.179583,165000,1957.5,1960.0
2025-07-30 14:04:00,9.7,10.2,9.7,10.2,1000,24.962585,165500,1958.8,1960.0
2025-07-30 14:05:00,10.2,10.25,10.2,10.25,1000,23.77986,165500,1959.9,1960.0
2025-07-30 14:06:00,10.25,10.4,10.25,10.4,1000,24.023146,165500,1960.0,1960.0
2025-07-30 14:07:00,10.4,10.4,10.15,10.15,500,25.567098,164500,1958.2,1960.0
2025-07-30 14:08:00,10.15,10.15,9.4,9.5,2000,25.71972,164500,1956.7,1960.0
2025-07-30 14:09:00,9.5,9.5,9.5,9.5,0,25.71972,164500,1956.7,1960.0
2025-07-30 14:10:00,9.5,9.55,9.5,9.55,500,25.075288,164500,1957.4,1960.0
2025-07-30 14:11:00,9.55,9.55,9.55,9.55,0,25.075288,164500,1957.4,1960.0
2025-07-30 14:12:00,9.55,9.55,9.55,9.55,0,25.075288,164500,1957.5,1960.0
2025-07-30 14:13:00,9.55,9.55,9.55,9.55,0,25.075288,164500,1957.4,1960.0
2025-07-30 14:14:00,9.8,9.8,9.8,9.8,500,24.794161,164000,1958.2,1960.0
2025-07-30 14:15:00,9.65,9.75,9.65,9.75,6500,25.028284,164000,1957.9,1960.0
2025-07-30 14:16:00,9.75,9.75,9.75,9.75,0,25.028284,164000,1957.6,1960.0
2025-07-30 14:17:00,10.0,10.0,10.0,10.0,1500,24.949318,165500,1958.5,1960.0
2025-07-30 14:18:00,10.0,10.0,10.0,10.0,0,24.949318,165500,1958.5,1960.0
2025-07-30 14:19:00,9.4,9.75,9.4,9.75,4000,24.486038,165500,1958.4,1960.0
2025-07-30 14:20:00,9.6,9.6,9.6,9.6,1500,24.25219,164000,1958.3,1960.0
2025-07-30 14:21:00,9.6,9.6,9.45,9.45,500,24.248042,164000,1958.0,1960.0
2025-07-30 14:22:00,9.6,9.6,9.6,9.6,1000,23.919834,164000,1958.6,1960.0
2025-07-30 14:23:00,9.6,9.6,9.6,9.6,0,23.919834,164000,1958.6,1960.0
2025-07-30 14:24:00,9.7,9.7,9.7,9.7,2000,24.292629,165000,1958.5,1960.0
2025-07-30 14:25:00,9.7,9.7,9.7,9.7,0,24.292629,165000,1958.9,1960.0
2025-07-30 14:26:00,9.7,9.75,9.7,9.75,2000,22.143585,166500,1960.4,1960.0
2025-07-30 14:27:00,10.3,10.3,9.8,9.8,1000,23.491761,166500,1959.4,1960.0
2025-07-30 14:28:00,9.8,9.8,9.8,9.8,0,23.491761,166500,1960.0,1960.0
2025-07-30 14:29:00,10.25,10.25,10.25,10.25,1500,23.488588,165000,1960.3,1960.0
2025-07-30 14:30:00,10.25,10.25,10.25,10.25,0,23.488588,165000,1960.3,1960.0
2025-07-30 14:31:00,10.35,10.35,10.25,10.25,2000,25.435984,165000,1958.7,1960.0
2025-07-30 14:32:00,10.25,10.6,10.25,10.6,500,24.228575,166000,1960.4,1960.0
2025-07-30 14:33:00,10.6,10.65,10.6,10.65,500,24.972727,166000,1959.9,1960.0
2025-07-30 14:34:00,10.65,10.65,10.65,10.65,0,24.972727,166000,1959.9,1960.0
2025-07-30 14:35:00,10.65,10.65,10.65,10.65,500,24.867886,165500,1960.0,1960.0
2025-07-30 14:36:00,10.65,10.65,10.65,10.65,2500,25.364346,165500,1959.6,1960.0
2025-07-30 14:37:00,10.45,10.45,10.45,10.45,500,25.37525,165500,1959.2,1960.0
2025-07-30 14:38:00,10.6,10.9,10.6,10.9,2000,25.371654,165000,1960.1,1960.0
2025-07-30 14:39:00,10.9,10.9,10.9,10.9,0,25.371654,165000,1959.2,1960.0
2025-07-30 14:40:00,10.9,10.9,10.9,10.9,0,25.371654,165000,1960.0,1960.0
2025-07-30 14:41:00,10.9,10.9,10.9,10.9,0,25.371654,165000,1960.1,1960.0
2025-07-30 14:42:00,10.6,10.6,10.6,10.6,1000,24.931984,165000,1959.9,1960.0
2025-07-30 14:43:00,10.75,10.75,10.75,10.75,500,25.423973,165000,1959.8,1960.0
2025-07-30 14:44:00,10.3,10.3,10.3,10.3,2000,23.981765,164500,1960.1,1960.0
2025-07-30 14:45:00,10.3,10.55,10.3,10.55,500,24.83817,164500,1959.9,1960.0
2025-07-30 14:46:00,10.55,10.55,9.9,9.9,2500,23.7699,164000,1959.5,1960.0
2025-07-30 14:47:00,9.9,9.9,9.9,9.9,0,23.7699,164000,1959.5,1960.0
2025-07-30 14:48:00,9.9,9.9,9.9,9.9,0,23.7699,164000,1958.1,1960.0
2025-07-30 14:49:00,9.9,9.9,9.9,9.9,0,23.7699,164000,1959.5,1960.0
2025-07-30 14:50:00,9.9,10.15,9.9,10.15,500,23.79489,166000,1960.0,1960.0
2025-07-30 14:51:00,10.5,10.5,10.5,10.5,500,24.770636,166000,1959.9,1960.0
2025-07-30 14:52:00,10.5,10.8,10.5,10.8,1000,24.758826,166000,1960.5,1960.0
2025-07-30 14:53:00,10.8,10.8,10.8,10.8,0,24.758826,166000,1960.5,1960.0
2025-07-30 14:54:00,10.8,10.8,10.8,10.8,0,24.758826,166000,1960.5,1960.0
2025-07-30 14:55:00,10.8,10.8,10.45,10.45,500,24.562003,165000,1960.0,1960.0
2025-07-30 14:56:00,10.1,10.1,10.1,10.1,500,25.653912,165000,1958.4,1960.0
2025-07-30 14:57:00,9.75,9.75,9.75,9.75,1500,24.104281,165000,1959.0,1960.0
2025-07-30 14:58:00,9.75,9.75,9.75,9.75,0,24.104281,165000,1959.0,1960.0
2025-07-30 14:59:00,9.7,10.0,9.7,10.0,2000,25.908076,165000,1958.0,1960.0
2025-07-30 15:00:00,9.6,9.6,9.6,9.6,5000,24.94789,165000,1958.0,1960.0
2025-07-30 15:01:00,9.6,9.6,9.55,9.55,1500,24.835582,165000,1958.0,1960.0
2025-07-30 15:02:00,9.55,9.55,9.55,9.55,500,24.610938,162500,1958.2,1960.0
2025-07-30 15:03:00,9.65,9.65,9.65,9.65,500,24.979288,162500,1958.1,1960.0
2025-07-30 15:04:00,9.65,9.65,9.65,9.65,0,24.979288,162500,1958.1,1960.0
2025-07-30 15:05:00,9.65,9.65,9.65,9.65,0,24.979288,162500,1958.1,1960.0
2025-07-30 15:06:00,9.65,9.65,9.65,9.65,0,24.979288,162500,1958.1,1960.0
2025-07-30 15:07:00,9.8,9.8,9.8,9.8,500,24.312225,162500,1959.0,1960.0
2025-07-30 15:08:00,9.8,9.8,9.8,9.8,0,24.312225,162500,1959.0,1960.0
2025-07-30 15:09:00,9.8,9.8,9.8,9.8,500,23.2324,162500,1959.9,1960.0
2025-07-30 15:10:00,10.15,10.3,10.15,10.3,6000,24.577995,162500,1959.8,1960.0
2025-07-30 15:11:00,10.3,10.45,10.3,10.45,1000,23.824844,160000,1960.7,1960.0
2025-07-30 15:12:00,10.45,10.9,10.45,10.9,2000,24.672896,160000,1960.9,1960.0
2025-07-30 15:13:00,10.65,10.65,10.65,10.65,1000,24.707686,160000,1960.4,1960.0
2025-07-30 15:14:00,10.85,10.85,10.6,10.6,3500,23.315073,159000,1961.4,1960.0
2025-07-30 15:15:00,11.0,11.0,11.0,11.0,2000,24.686715,159000,1961.1,1960.0
2025-07-30 15:16:00,11.0,11.3,11.0,11.3,1500,25.554843,159000,1961.0,1960.0
2025-07-30 15:17:00,11.4,11.4,11.4,11.4,7500,25.550695,157000,1961.2,1960.0
2025-07-30 15:18:00,11.05,11.45,11.05,11.45,7000,24.503109,157000,1962.1,1960.0
2025-07-30 15:19:00,11.0,11.0,11.0,11.0,6500,23.544245,157000,1962.0,1960.0
2025-07-30 15:20:00,11.0,11.0,10.5,10.5,11000,24.906116,153000,1960.0,1960.0
2025-07-30 15:21:00,10.85,10.85,10.85,10.85,1000,25.643331,153000,1960.1,1960.0
2025-07-30 15:22:00,10.8,10.8,10.8,10.8,1000,25.655473,153000,1960.0,1960.0
2025-07-30 15:23:00,10.4,10.4,10.4,10.4,6000,24.689467,152500,1960.0,1960.0
2025-07-30 15:24:00,10.4,10.4,10.4,10.4,0,24.689467,152500,1960.0,1960.0
2025-07-30 15:25:00,10.35,10.7,10.35,10.7,4000,26.546408,152000,1959.1,1960.0
2025-07-30 15:26:00,10.7,10.7,10.7,10.7,0,26.546408,152000,1959.1,1960.0
2025-07-30 15:27:00,10.85,10.85,10.85,10.85,1000,31.674978,152000,1955.0,1960.0
2025-07-30 15:28:00,10.05,10.05,9.6,9.6,1500,28.488237,152000,1955.1,1960.0
2025-07-30 15:29:00,9.6,9.6,9.6,9.6,1000,22.788821,152500,1960.0,1960.0
2025-07-31 09:20:00,16.0,16.05,16.0,16.0,1500,59.11056,32500,1946.9,1940.0
2025-07-31 09:21:00,15.5,15.5,15.5,15.5,2000,52.039393,32500,1948.4,1940.0
2025-07-31 09:22:00,16.3,16.8,14.7,14.7,3000,49.618052,31000,1947.9,1940.0
2025-07-31 09:23:00,14.7,14.7,14.7,14.7,0,49.618052,31000,1947.5,1940.0
2025-07-31 09:24:00,4.2,4.4,4.2,4.4,4000,38.12513,158500,1951.6,1960.0
2025-07-31 09:25:00,4.4,4.4,4.4,4.4,0,38.12513,158500,1949.0,1940.0
2025-07-31 09:26:00,4.45,4.45,4.45,4.45,1500,34.992703,159000,1953.5,1960.0
2025-07-31 09:27:00,6.05,6.05,6.05,6.05,4000,44.229213,159000,1953.0,1960.0
2025-07-31 09:28:00,5.4,6.2,5.4,5.4,2500,42.4854,156500,1952.2,1960.0
2025-07-31 09:29:00,5.05,5.05,5.05,5.05,1000,41.280591,156500,1951.9,1960.0
2025-07-31 09:30:00,4.55,4.55,4.55,4.55,1000,41.232029,156500,1950.5,1960.0
2025-07-31 09:31:00,4.5,4.5,4.5,4.5,500,37.006234,157000,1952.7,1960.0
2025-07-31 09:32:00,5.85,5.85,5.85,5.85,1000,44.874674,157000,1952.3,1960.0
2025-07-31 09:33:00,5.0,5.0,5.0,5.0,1000,44.38229,157000,1950.2,1960.0
2025-07-31 09:34:00,4.2,4.35,4.2,4.35,5000,34.674822,157000,1953.6,1960.0
2025-07-31 09:35:00,6.0,6.0,5.05,5.05,2500,41.63214,157000,1951.9,1960.0
2025-07-31 09:36:00,5.05,5.3,5.05,5.3,2000,43.392928,157000,1951.7,1960.0
2025-07-31 09:37:00,5.05,5.05,5.05,5.05,500,39.459806,157000,1953.1,1960.0
2025-07-31 09:38:00,5.05,5.05,5.05,5.05,0,39.459806,157000,1953.1,1960.0
2025-07-31 09:39:00,5.2,5.2,5.2,5.2,500,41.521769,157000,1952.5,1960.0
2025-07-31 09:40:00,5.2,5.2,5.2,5.2,0,41.521769,157000,1951.9,1960.0
2025-07-31 09:41:00,5.0,5.0,5.0,5.0,1500,42.480074,156500,1951.5,1960.0
2025-07-31 09:42:00,5.0,5.0,5.0,5.0,3000,39.482139,156500,1953.1,1960.0
2025-07-31 09:43:00,5.05,5.5,5.05,5.5,5000,41.377929,157000,1953.5,1960.0
2025-07-31 09:44:00,5.55,5.55,5.55,5.55,2500,42.099134,157000,1953.3,1960.0
2025-07-31 09:45:00,5.55,5.55,5.55,5.55,0,42.099134,157000,1952.0,1960.0
2025-07-31 09:46:00,4.4,5.15,4.4,5.15,16000,41.486428,153000,1952.6,1960.0
2025-07-31 09:47:00,5.1,5.1,5.1,5.1,2000,43.01427,153000,1951.7,1960.0
2025-07-31 09:48:00,4.35,4.35,4.35,4.35,2000,39.921859,153000,1951.2,1960.0
2025-07-31 09:49:00,4.55,4.55,4.55,4.55,1500,42.927213,154000,1950.2,1960.0
2025-07-31 09:50:00,4.55,4.55,4.55,4.55,0,42.927213,154000,1950.2,1960.0
2025-07-31 09:51:00,4.55,4.55,4.55,4.55,0,42.927213,154000,1950.2,1960.0
2025-07-31 09:52:00,4.5,4.7,4.5,4.7,500,43.957863,151500,1950.2,1960.0
2025-07-31 09:53:00,4.7,4.7,4.7,4.7,0,43.957863,151500,1950.0,1940.0
2025-07-31 09:54:00,4.7,4.7,4.7,4.7,0,43.957863,151500,7979.5,7980.0
2025-07-31 09:55:00,4.45,4.45,4.45,4.45,2000,42.383004,151500,1950.4,1960.0
2025-07-31 09:56:00,4.45,4.45,4.45,4.45,0,42.383004,151500,1950.4,1960.0
2025-07-31 09:57:00,4.45,4.45,4.45,4.45,0,42.383004,151500,1948.0,1940.0
2025-07-31 09:58:00,4.45,4.45,4.45,4.45,0,42.383004,151500,7979.5,7980.0
2025-07-31 09:59:00,4.45,4.45,4.45,4.45,0,42.383004,151500,1949.2,1940.0
2025-07-31 10:00:00,4.45,4.45,4.45,4.45,0,42.383004,151500,1947.6,1940.0
2025-07-31 10:01:00,4.45,4.45,4.45,4.45,0,42.383004,151500,7966.5,7970.0
2025-07-31 10:02:00,4.45,4.45,4.45,4.45,0,42.383004,151500,7966.0,7970.0
2025-07-31 10:03:00,4.45,4.45,4.45,4.45,0,42.383004,151500,1945.0,1940.0
2025-07-31 10:04:00,4.45,4.45,4.45,4.45,0,42.383004,151500,1945.0,1940.0
2025-07-31 10:05:00,4.45,4.45,4.45,4.45,0,42.383004,151500,7962.0,7960.0
2025-07-31 10:06:00,4.45,4.45,4.45,4.45,0,42.383004,151500,7956.0,7960.0
2025-07-31 10:07:00,4.45,4.45,4.45,4.45,0,42.383004,151500,7955.0,7960.0
2025-07-31 10:08:00,4.45,4.45,4.45,4.45,0,42.383004,151500,1945.7,1940.0
2025-07-31 10:09:00,13.5,13.5,13.5,13.5,500,52.335208,30000,1946.2,1940.0
2025-07-31 10:10:00,13.5,13.5,13.5,13.5,0,52.335208,30000,1945.5,1940.0
2025-07-31 10:11:00,13.5,13.5,13.5,13.5,0,52.335208,30000,1944.8,1940.0
2025-07-31 10:12:00,13.5,13.5,13.5,13.5,0,52.335208,30000,1946.2,1940.0
2025-07-31 10:13:00,13.5,13.5,13.5,13.5,0,52.335208,30000,1944.7,1940.0
2025-07-31 10:14:00,12.9,12.9,12.9,12.9,500,51.125001,30000,1945.7,1940.0
2025-07-31 10:15:00,13.35,13.35,13.35,13.35,500,54.282711,30000,1945.5,1940.0
2025-07-31 10:16:00,13.35,13.35,13.35,13.35,0,54.282711,30000,1947.4,1940.0
2025-07-31 10:17:00,13.35,13.35,13.35,13.35,0,54.282711,30000,1945.5,1940.0
2025-07-31 10:18:00,13.35,13.35,13.35,13.35,0,54.282711,30000,1945.5,1940.0
2025-07-31 10:19:00,13.35,13.35,13.35,13.35,0,54.282711,30000,1945.9,1940.0
2025-07-31 10:20:00,13.35,13.35,13.35,13.35,0,54.282711,30000,1945.5,1940.0
2025-07-31 10:21:00,11.45,11.45,11.45,11.45,500,52.261614,30000,1943.0,1940.0
2025-07-31 10:22:00,11.45,11.45,11.45,11.45,0,52.261614,30000,1943.0,1940.0
2025-07-31 10:23:00,11.45,11.45,11.45,11.45,0,52.261614,30000,1943.2,1940.0
2025-07-31 10:24:00,10.0,10.0,10.0,10.0,500,41.571516,30000,1944.0,1940.0
2025-07-31 10:25:00,10.0,10.0,10.0,10.0,0,41.571516,30000,1944.0,1940.0
2025-07-31 10:26:00,10.0,11.55,10.0,11.55,2000,45.999862,30500,1945.3,1940.0
2025-07-31 10:27:00,11.55,11.55,11.55,11.55,0,45.999862,30500,1945.3,1940.0
2025-07-31 10:28:00,11.55,11.55,11.55,11.55,0,45.999862,30500,1945.3,1940.0
2025-07-31 10:29:00,11.55,11.55,11.55,11.55,0,45.999862,30500,1945.3,1940.0
2025-07-31 10:30:00,11.55,11.55,11.55,11.55,0,45.999862,30500,1945.3,1940.0
2025-07-31 10:31:00,11.55,11.55,11.55,11.55,0,45.999862,30500,1945.3,1940.0
2025-07-31 10:32:00,11.55,11.55,11.55,11.55,0,45.999862,30500,1945.3,1940.0
2025-07-31 10:33:00,11.55,11.55,11.55,11.55,0,45.999862,30500,1945.0,1940.0
2025-07-31 10:34:00,11.0,11.0,11.0,11.0,500,44.552802,28500,1945.0,1940.0
2025-07-31 10:35:00,11.0,11.0,11.0,11.0,0,44.552802,28500,1945.3,1940.0
2025-07-31 10:36:00,11.0,11.0,11.0,11.0,0,44.552802,28500,1945.0,1940.0
2025-07-31 10:37:00,11.0,11.0,11.0,11.0,0,44.552802,28500,1945.0,1940.0
2025-07-31 10:38:00,11.0,11.0,11.0,11.0,0,44.552802,28500,1945.0,1940.0
2025-07-31 10:39:00,11.0,11.0,11.0,11.0,0,44.552802,28500,1945.0,1940.0
2025-07-31 10:40:00,11.0,11.0,11.0,11.0,0,44.552802,28500,1945.0,1940.0
2025-07-31 10:41:00,11.0,11.0,11.0,11.0,0,44.552802,28500,1945.0,1940.0
2025-07-31 10:42:00,11.0,11.0,11.0,11.0,0,44.552802,28500,1945.0,1940.0
2025-07-31 10:43:00,11.0,11.0,11.0,11.0,0,44.552802,28500,1947.3,1940.0
2025-07-31 10:44:00,11.0,11.0,11.0,11.0,0,44.552802,28500,1949.8,1940.0
2025-07-31 10:45:00,11.0,11.0,11.0,11.0,0,44.552802,28500,1945.0,1940.0
2025-07-31 10:46:00,11.0,11.0,11.0,11.0,0,44.552802,28500,1945.0,1940.0
2025-07-31 10:47:00,11.0,11.0,11.0,11.0,0,44.552802,28500,1945.0,1940.0
2025-07-31 10:48:00,11.0,11.0,11.0,11.0,0,44.552802,28500,1950.7,1960.0
2025-07-31 10:49:00,14.75,14.75,14.75,14.75,500,51.456334,29000,1949.4,1940.0
2025-07-31 10:50:00,14.75,14.75,14.75,14.75,0,51.456334,29000,1949.4,1940.0
2025-07-31 10:51:00,14.8,14.8,14.8,14.8,500,49.482338,29000,1950.0,1940.0
2025-07-31 10:52:00,3.7,3.7,3.7,3.7,500,42.270764,145500,1950.2,1960.0
2025-07-31 10:53:00,3.7,3.7,3.7,3.7,0,42.270764,145500,1950.2,1960.0
2025-07-31 10:54:00,4.0,4.0,4.0,4.0,1500,40.901965,145500,1951.9,1960.0
2025-07-31 10:55:00,4.0,4.5,4.0,4.5,1000,44.872201,143500,1951.5,1960.0
2025-07-31 10:56:00,4.5,4.5,4.5,4.5,0,44.872201,143500,1951.5,1960.0
2025-07-31 10:57:00,4.35,4.35,4.25,4.25,1500,44.11605,143500,1951.2,1960.0
2025-07-31 10:58:00,4.25,4.25,4.25,4.25,0,44.11605,143500,1951.2,1960.0
2025-07-31 10:59:00,4.25,4.25,4.25,4.25,0,44.11605,143500,1951.2,1960.0
2025-07-31 11:00:00,4.25,4.25,4.25,4.25,0,44.11605,143500,1951.2,1960.0
2025-07-31 11:01:00,4.85,4.85,4.85,4.85,1000,41.165385,144000,1954.4,1960.0
2025-07-31 11:02:00,3.0,3.0,3.0,3.0,15000,27.059015,144000,1955.8,1960.0
2025-07-31 11:03:00,3.75,3.75,3.5,3.5,4000,31.891915,144000,1955.0,1960.0
2025-07-31 11:04:00,3.75,3.75,3.75,3.75,3000,30.959969,139000,1956.1,1960.0
2025-07-31 11:05:00,3.75,4.65,3.75,4.65,2000,28.986729,139000,1959.0,1960.0
2025-07-31 11:06:00,4.65,5.5,4.65,5.15,3000,34.300497,139000,1958.1,1960.0
2025-07-31 11:07:00,5.15,5.15,4.1,4.1,1000,30.567351,138000,1957.2,1960.0
2025-07-31 11:08:00,4.95,4.95,4.95,4.95,500,35.332941,138000,1957.3,1960.0
2025-07-31 11:09:00,4.95,4.95,4.95,4.95,1000,36.903922,138000,1956.7,1960.0
2025-07-31 11:10:00,4.5,4.5,4.5,4.5,1500,36.741448,138000,1955.7,1960.0
2025-07-31 11:11:00,4.5,4.5,4.5,4.5,500,39.38371,136500,1954.6,1960.0
2025-07-31 11:12:00,4.5,4.5,4.35,4.35,1000,40.588681,136500,1953.7,1960.0
2025-07-31 11:13:00,4.35,4.35,4.35,4.35,0,40.588681,136500,1953.7,1960.0
2025-07-31 11:14:00,4.35,4.35,4.35,4.35,0,40.588681,136500,1953.7,1960.0
2025-07-31 11:15:00,4.35,4.35,3.75,3.75,500,38.401342,136500,1953.1,1960.0
2025-07-31 11:16:00,4.15,4.15,4.15,4.15,1000,41.879951,136000,1952.7,1960.0
2025-07-31 11:17:00,4.15,4.15,4.15,4.15,0,41.879951,136000,1953.3,1960.0
2025-07-31 11:18:00,3.6,3.6,3.6,3.6,500,36.367231,136000,1953.7,1960.0
2025-07-31 11:19:00,4.2,4.55,4.2,4.55,4500,37.220626,135000,1955.9,1960.0
2025-07-31 11:20:00,4.55,5.15,4.55,5.15,1000,39.420675,135000,1956.5,1960.0
2025-07-31 11:21:00,5.15,5.15,5.15,5.15,1500,39.247251,135000,1956.6,1960.0
2025-07-31 11:22:00,5.3,5.3,5.3,5.3,1500,38.420083,135000,1957.3,1960.0
2025-07-31 11:23:00,6.1,6.1,6.1,6.1,1000,43.275512,135000,1957.3,1960.0
2025-07-31 11:24:00,6.1,6.1,6.1,6.1,500,38.979443,135000,1958.9,1960.0
2025-07-31 11:25:00,7.0,7.0,7.0,7.0,2500,48.566433,135000,1957.4,1960.0
2025-07-31 11:26:00,6.35,6.35,6.35,6.35,1500,48.202706,132000,1956.1,1960.0
2025-07-31 11:27:00,6.35,6.35,6.35,6.35,500,44.054512,132000,1957.7,1960.0
2025-07-31 11:28:00,7.05,7.05,7.05,7.05,1500,49.169993,130000,1957.4,1960.0
2025-07-31 11:29:00,6.8,6.8,6.8,6.8,1000,46.394393,130000,1957.9,1960.0
2025-07-31 11:30:00,6.8,6.8,6.8,6.8,0,46.394393,130000,1957.9,1960.0
2025-07-31 11:31:00,6.15,6.15,5.8,5.8,10000,41.91304,128000,1957.4,1960.0
2025-07-31 11:32:00,5.8,5.8,5.8,5.8,0,41.91304,128000,1957.2,1960.0
2025-07-31 11:33:00,5.85,6.25,5.85,6.25,2000,45.913388,128000,1957.0,1960.0
2025-07-31 11:34:00,6.4,6.4,6.4,6.4,500,45.29044,128000,1957.6,1960.0
2025-07-31 11:35:00,6.8,6.8,6.8,6.8,500,51.630118,126500,1956.2,1960.0
2025-07-31 11:36:00,6.8,6.8,6.8,6.8,0,51.630118,126500,1956.6,1960.0
2025-07-31 11:37:00,6.9,6.9,6.9,6.9,500,54.327889,126500,1955.5,1960.0
2025-07-31 11:38:00,6.6,6.6,6.6,6.6,500,48.839603,125500,1956.9,1960.0
2025-07-31 11:39:00,6.9,6.9,6.9,6.9,500,47.728503,125500,1958.0,1960.0
2025-07-31 11:40:00,7.2,7.2,7.2,7.2,2000,47.067714,125500,1958.9,1960.0
2025-07-31 11:41:00,7.95,8.0,7.95,7.95,1000,51.477014,125500,1959.0,1960.0
2025-07-31 11:42:00,7.2,8.75,7.2,8.75,1500,51.591233,125500,1960.6,1960.0
2025-07-31 11:43:00,8.75,8.75,8.75,8.75,0,51.591233,125500,1960.6,1960.0
2025-07-31 11:44:00,9.3,9.55,8.5,9.55,7500,53.194505,125500,1961.7,1960.0
2025-07-31 11:45:00,7.8,7.8,7.5,7.5,2500,48.550926,125500,1959.2,1960.0
2025-07-31 11:46:00,8.2,8.2,8.2,8.2,500,46.372937,126500,1961.3,1960.0
2025-07-31 11:47:00,10.35,11.0,10.35,11.0,5000,43.565745,126500,1966.8,1960.0
2025-07-31 11:48:00,11.5,12.0,11.5,11.5,2500,49.910452,126500,1966.1,1960.0
2025-07-31 11:49:00,11.5,11.5,10.0,10.0,1000,48.531451,124000,1964.0,1960.0
2025-07-31 11:50:00,9.8,9.8,9.8,9.8,500,46.989495,124000,1964.1,1960.0
2025-07-31 11:51:00,9.5,9.5,9.5,9.5,500,47.048401,124000,1963.6,1960.0
2025-07-31 11:52:00,8.8,8.8,8.8,8.8,2000,48.421969,124000,1962.0,1960.0
2025-07-31 11:53:00,8.8,8.8,8.65,8.65,500,41.805669,120500,1963.6,1960.0
2025-07-31 11:54:00,8.65,8.65,8.65,8.65,1000,42.28287,120500,1963.5,1960.0
2025-07-31 11:55:00,9.3,9.3,9.3,9.3,3500,48.410461,120500,1963.0,1960.0
2025-07-31 11:56:00,8.95,8.95,8.95,8.95,1500,43.666191,120500,1963.7,1960.0
2025-07-31 11:57:00,8.95,8.95,8.95,8.95,0,43.666191,120500,1963.7,1960.0
2025-07-31 11:58:00,8.95,8.95,8.95,8.95,0,43.666191,120500,1963.7,1960.0
2025-07-31 11:59:00,10.0,10.0,10.0,10.0,2000,39.253787,120500,1966.5,1960.0
2025-07-31 12:00:00,10.0,10.0,10.0,10.0,0,39.253787,120500,1966.5,1960.0
2025-07-31 12:01:00,9.7,9.7,8.8,8.8,2500,45.488112,119500,1963.1,1960.0
2025-07-31 12:02:00,8.5,8.5,8.5,8.5,500,52.099201,119500,1960.7,1960.0
2025-07-31 12:03:00,6.05,6.05,6.05,6.05,1500,36.423354,119500,1960.7,1960.0
2025-07-31 12:04:00,6.05,6.05,6.05,6.05,0,36.423354,119500,1959.3,1960.0
2025-07-31 12:05:00,6.45,6.45,6.45,6.45,1000,41.521004,119500,1960.0,1960.0
2025-07-31 12:06:00,5.7,5.7,5.7,5.7,500,39.939916,119500,1959.0,1960.0
2025-07-31 12:07:00,5.2,5.2,3.85,3.85,3000,40.826903,117500,1954.3,1960.0
2025-07-31 12:08:00,3.85,3.85,3.85,3.85,0,40.826903,117500,1954.3,1960.0
2025-07-31 12:09:00,3.45,3.45,3.45,3.45,1500,32.838976,117500,1956.4,1960.0
2025-07-31 12:10:00,3.45,3.45,3.45,3.45,0,32.838976,117500,1958.6,1960.0
2025-07-31 12:11:00,4.6,4.6,4.6,4.6,1500,29.98992,116500,1960.0,1960.0
2025-07-31 12:12:00,4.6,4.6,4.6,4.6,500,27.681524,116500,1960.7,1960.0
2025-07-31 12:13:00,4.6,4.6,4.6,4.6,0,27.681524,116500,1960.7,1960.0
2025-07-31 12:14:00,4.6,4.6,4.6,4.6,0,27.681524,116500,1960.7,1960.0
2025-07-31 12:15:00,4.6,8.4,4.6,8.05,2000,35.327281,116000,1964.7,1960.0
2025-07-31 12:16:00,8.05,8.6,8.05,8.5,2000,47.501173,116000,1962.5,1960.0
2025-07-31 12:17:00,8.5,8.5,6.7,6.9,1500,34.408464,115000,1963.1,1960.0
2025-07-31 12:18:00,6.8,6.8,6.3,6.3,2000,23.77123,115000,1964.5,1960.0
2025-07-31 12:19:00,6.3,6.3,6.3,6.3,0,23.77123,115000,1964.5,1960.0
2025-07-31 12:20:00,6.3,6.3,6.3,6.3,0,23.77123,115000,1964.5,1960.0
2025-07-31 12:21:00,6.3,6.3,6.3,6.3,500,27.461375,118000,1963.8,1960.0
2025-07-31 12:22:00,6.3,6.3,6.3,6.3,0,27.461375,118000,1963.8,1960.0
2025-07-31 12:23:00,6.3,6.3,6.3,6.3,0,27.461375,118000,1965.2,1960.0
2025-07-31 12:24:00,6.4,6.4,6.4,6.4,500,17.226703,118000,1965.7,1960.0
2025-07-31 12:25:00,6.95,6.95,6.95,6.95,1000,25.460229,118000,1965.2,1960.0
2025-07-31 12:26:00,6.95,6.95,6.95,6.95,0,25.460229,118000,1965.2,1960.0
2025-07-31 12:27:00,6.95,6.95,6.95,6.95,0,25.460229,118000,1965.2,1960.0
2025-07-31 12:28:00,6.95,6.95,5.35,5.35,2000,22.887105,119500,1963.4,1960.0
2025-07-31 12:29:00,5.1,5.1,5.1,5.1,500,24.866552,119500,1962.6,1960.0
2025-07-31 12:30:00,5.1,5.1,5.1,5.1,0,24.866552,119500,1962.6,1960.0
2025-07-31 12:31:00,5.1,5.1,5.1,5.1,0,24.866552,119500,1960.7,1960.0
2025-07-31 12:32:00,4.9,4.9,4.9,4.9,2000,28.266532,119500,1961.5,1960.0
2025-07-31 12:33:00,5.3,5.9,5.3,5.9,3500,24.349474,119500,1964.0,1960.0
2025-07-31 12:34:00,6.55,6.55,6.55,6.55,2000,29.868657,119500,1963.9,1960.0
2025-07-31 12:35:00,6.55,6.55,6.2,6.2,1000,22.368521,118000,1964.8,1960.0
2025-07-31 12:36:00,7.05,7.05,7.05,7.05,1000,28.222041,118000,1965.0,1960.0
2025-07-31 12:37:00,7.05,7.05,7.05,7.05,0,28.222041,118000,1965.0,1960.0
2025-07-31 12:38:00,7.2,7.2,7.2,7.2,500,24.161075,118500,1965.9,1960.0
2025-07-31 12:39:00,7.15,7.15,7.15,7.15,500,31.906697,118500,1964.5,1960.0
2025-07-31 12:40:00,6.55,6.55,6.55,6.55,500,29.907831,118500,1964.0,1960.0
2025-07-31 12:41:00,6.55,6.55,6.55,6.55,0,29.907831,118500,1964.0,1960.0
2025-07-31 12:42:00,6.55,6.55,6.55,6.55,0,29.907831,118500,1964.0,1960.0
2025-07-31 12:43:00,6.55,6.55,6.15,6.15,1000,28.097099,119000,1963.8,1960.0
2025-07-31 12:44:00,6.15,6.15,6.15,6.15,0,28.097099,119000,1963.8,1960.0
2025-07-31 12:45:00,6.15,7.5,6.15,7.5,1000,40.385438,119000,1963.4,1960.0
2025-07-31 12:46:00,7.5,7.5,5.95,5.95,1000,23.453124,119000,1964.4,1960.0
2025-07-31 12:47:00,5.5,5.5,5.0,5.0,5000,19.090517,120000,1963.8,1960.0
2025-07-31 12:48:00,5.0,5.0,5.0,5.0,0,19.090517,120000,1963.8,1960.0
2025-07-31 12:49:00,5.45,5.9,5.45,5.9,1500,23.851554,120000,1964.3,1960.0
2025-07-31 12:50:00,5.9,6.65,5.9,6.65,1000,27.86559,115500,1964.7,1960.0
2025-07-31 12:51:00,6.65,6.65,4.35,5.0,3500,19.338523,115500,1963.8,1960.0
2025-07-31 12:52:00,5.0,7.0,5.0,6.25,1000,25.857892,115000,1964.5,1960.0
2025-07-31 12:53:00,6.25,6.25,6.25,6.25,0,25.857892,115000,1964.5,1960.0
2025-07-31 12:54:00,6.25,6.95,6.25,6.95,4000,36.381709,115000,1963.6,1960.0
2025-07-31 12:55:00,7.25,7.25,7.25,7.25,2000,33.282899,115000,1964.7,1960.0
2025-07-31 12:56:00,7.25,7.25,7.25,7.25,0,33.282899,115000,1964.7,1960.0
2025-07-31 12:57:00,6.85,6.85,6.7,6.7,1500,13.3831,113000,1966.5,1960.0
2025-07-31 12:58:00,8.8,8.8,7.9,7.9,2000,29.514737,113500,1966.3,1960.0
2025-07-31 12:59:00,7.9,7.9,7.0,7.0,500,33.305379,113500,1964.4,1960.0
2025-07-31 13:00:00,7.0,8.0,6.5,6.5,4500,17.491495,113500,1966.0,1960.0
2025-07-31 13:01:00,6.5,8.1,6.5,7.3,7000,29.661242,109000,1965.5,1960.0
2025-07-31 13:02:00,7.3,7.3,7.3,7.3,0,29.661242,109000,1964.8,1960.0
2025-07-31 13:03:00,7.3,7.3,4.8,4.8,3500,20.875399,109000,1963.4,1960.0
2025-07-31 13:04:00,4.8,4.8,4.8,4.8,0,20.875399,109000,1963.5,1960.0
2025-07-31 13:05:00,4.8,4.85,4.8,4.85,1000,12.86836,107500,1964.5,1960.0
2025-07-31 13:06:00,4.85,4.85,4.85,4.85,0,12.86836,107500,1964.5,1960.0
2025-07-31 13:07:00,5.0,7.05,5.0,7.05,3000,36.797702,105000,1964.0,1960.0
2025-07-31 13:08:00,7.05,7.05,7.05,7.05,0,36.797702,105000,1964.0,1960.0
2025-07-31 13:09:00,7.05,8.0,6.7,8.0,1500,46.30602,105000,1963.7,1960.0
2025-07-31 13:10:00,8.0,8.0,8.0,8.0,0,46.30602,105000,1963.7,1960.0
2025-07-31 13:11:00,8.0,8.0,8.0,8.0,2500,33.889381,104000,1966.0,1960.0
2025-07-31 13:12:00,8.0,8.0,8.0,8.0,0,33.889381,104000,1966.0,1960.0
2025-07-31 13:13:00,8.0,8.0,6.0,6.0,3000,27.44101,105000,1964.2,1960.0
2025-07-31 13:14:00,6.0,6.1,5.05,5.05,2000,22.094563,105000,1963.7,1960.0
2025-07-31 13:15:00,5.05,5.05,5.05,5.05,0,22.094563,105000,1963.7,1960.0
2025-07-31 13:16:00,5.05,5.05,4.65,4.8,3000,25.40052,104500,1962.8,1960.0
2025-07-31 13:17:00,4.8,5.65,4.8,5.65,500,34.670324,104500,1962.4,1960.0
2025-07-31 13:18:00,5.65,5.65,5.65,5.65,0,34.670324,104500,1962.4,1960.0
2025-07-31 13:19:00,5.65,5.65,5.65,5.65,0,34.670324,104500,1963.6,1960.0
2025-07-31 13:20:00,5.65,5.65,5.45,5.45,1000,28.075305,103500,1963.4,1960.0
2025-07-31 13:21:00,5.45,6.55,5.45,6.55,1500,39.76687,103500,1963.0,1960.0
2025-07-31 13:22:00,6.55,6.55,6.55,6.55,0,39.76687,103500,1963.0,1960.0
2025-07-31 13:23:00,6.55,6.55,6.55,6.55,0,39.76687,103500,1963.0,1960.0
2025-07-31 13:24:00,6.55,6.55,6.55,6.55,0,39.76687,103500,1963.0,1960.0
2025-07-31 13:25:00,6.55,6.55,6.55,6.55,0,39.76687,103500,1963.0,1960.0
2025-07-31 13:26:00,6.55,6.55,6.55,6.55,0,39.76687,103500,1963.0,1960.0
2025-07-31 13:27:00,6.55,6.55,6.2,6.2,1000,35.558466,103500,1963.4,1960.0
2025-07-31 13:28:00,6.2,6.2,6.2,6.2,0,35.558466,103500,1963.4,1960.0
2025-07-31 13:29:00,6.2,6.2,6.2,6.2,0,35.558466,103500,1963.4,1960.0
2025-07-31 13:30:00,5.95,5.95,5.95,5.95,500,38.615374,104000,1962.5,1960.0
2025-07-31 13:31:00,5.95,5.95,5.95,5.95,0,38.615374,104000,1962.5,1960.0
2025-07-31 13:32:00,5.95,5.95,5.95,5.95,0,38.615374,104000,1962.5,1960.0
2025-07-31 13:33:00,5.95,7.0,5.95,7.0,1000,44.696259,103500,1963.2,1960.0
2025-07-31 13:34:00,6.1,6.1,6.1,6.1,3000,32.749139,103500,1963.9,1960.0
2025-07-31 13:35:00,5.55,5.65,5.55,5.65,14000,27.937722,102500,1964.0,1960.0
2025-07-31 13:36:00,5.85,7.0,5.85,6.25,8500,27.646455,102500,1964.9,1960.0
2025-07-31 13:37:00,6.25,6.25,5.3,5.3,4000,24.67445,94000,1964.0,1960.0
2025-07-31 13:38:00,5.6,6.3,5.6,6.1,3000,19.519653,94000,1965.6,1960.0
2025-07-31 13:39:00,6.1,6.55,5.85,6.0,3000,27.691317,94000,1964.6,1960.0
2025-07-31 13:40:00,6.0,6.8,6.0,6.8,3000,42.608961,92500,1963.5,1960.0
2025-07-31 13:41:00,6.8,6.8,6.8,6.8,0,42.608961,92500,1963.5,1960.0
2025-07-31 13:42:00,6.8,6.8,6.8,6.8,0,42.608961,92500,1963.5,1960.0
2025-07-31 13:43:00,6.8,6.8,6.8,6.8,0,42.608961,92500,1963.5,1960.0
2025-07-31 13:44:00,6.8,6.8,6.8,6.8,0,42.608961,92500,1963.5,1960.0
2025-07-31 13:45:00,6.8,6.8,6.05,6.05,3000,39.448298,91500,1963.0,1960.0
2025-07-31 13:46:00,6.05,7.0,6.05,7.0,500,49.639019,90500,1962.8,1960.0
2025-07-31 13:47:00,7.0,7.0,7.0,7.0,0,49.639019,90500,1962.8,1960.0
2025-07-31 13:48:00,7.0,7.0,6.95,6.95,500,46.281952,90500,1963.4,1960.0
2025-07-31 13:49:00,6.95,6.95,6.95,6.95,0,46.281952,90500,1963.4,1960.0
2025-07-31 13:50:00,6.95,6.95,6.15,6.15,500,43.682584,90500,1962.6,1960.0
2025-07-31 13:51:00,6.15,6.15,6.15,6.15,0,43.682584,90500,1962.6,1960.0
2025-07-31 13:52:00,6.15,6.15,6.15,6.15,0,43.682584,90500,1962.6,1960.0
2025-07-31 13:53:00,6.15,6.35,6.15,6.35,500,52.210618,90500,1961.5,1960.0
2025-07-31 13:54:00,6.35,6.35,5.35,5.9,1500,42.164649,90500,1962.6,1960.0
2025-07-31 13:55:00,5.9,6.5,5.9,6.5,500,47.089445,90500,1962.8,1960.0
2025-07-31 13:56:00,6.5,6.5,6.5,6.5,0,47.089445,90500,1962.8,1960.0
2025-07-31 13:57:00,7.0,7.5,7.0,7.5,1500,47.081989,90500,1964.5,1960.0
2025-07-31 13:58:00,7.9,8.25,7.9,8.25,1000,59.327988,90500,1963.8,1960.0
2025-07-31 13:59:00,8.25,8.25,8.25,8.25,0,59.327988,90500,1963.8,1960.0
2025-07-31 14:00:00,8.25,8.25,8.25,8.25,0,59.327988,90500,1963.8,1960.0
2025-07-31 14:01:00,8.25,8.25,8.25,8.25,0,59.327988,90500,1963.8,1960.0
2025-07-31 14:02:00,8.25,8.25,8.25,8.25,0,59.327988,90500,1964.2,1960.0
2025-07-31 14:03:00,8.25,8.45,8.25,8.45,500,65.471416,90500,1963.4,1960.0
2025-07-31 14:04:00,8.45,8.45,8.45,8.45,0,65.471416,90500,1963.4,1960.0
2025-07-31 14:05:00,8.45,8.45,8.45,8.45,0,65.471416,90500,1963.4,1960.0
2025-07-31 14:06:00,8.45,8.45,8.45,8.45,0,65.471416,90500,1963.4,1960.0
2025-07-31 14:07:00,8.45,8.45,8.45,8.45,0,65.471416,90500,1963.4,1960.0
2025-07-31 14:08:00,8.45,8.45,8.45,8.45,500,46.272344,90500,1966.4,1960.0
2025-07-31 14:09:00,8.5,8.5,8.5,8.5,1500,64.63301,90500,1964.0,1960.0
2025-07-31 14:10:00,8.5,8.5,7.2,7.2,500,38.593502,90500,1965.6,1960.0
2025-07-31 14:11:00,7.2,8.45,7.2,8.45,500,48.018793,90500,1966.3,1960.0
2025-07-31 14:12:00,8.45,8.45,8.45,8.45,0,48.018793,90500,1963.7,1960.0
2025-07-31 14:13:00,8.45,8.45,8.45,8.45,0,48.018793,90500,1966.3,1960.0
2025-07-31 14:14:00,8.45,8.45,8.45,8.45,0,48.018793,90500,1966.3,1960.0
2025-07-31 14:15:00,8.45,8.45,8.45,8.45,0,48.018793,90500,1966.3,1960.0
2025-07-31 14:16:00,7.75,7.75,7.35,7.65,1500,64.785569,90500,1963.0,1960.0
2025-07-31 14:17:00,7.65,7.65,7.65,7.65,0,64.785569,90500,1963.0,1960.0
2025-07-31 14:18:00,7.65,7.65,7.65,7.65,0,64.785569,90500,1963.0,1960.0
2025-07-31 14:19:00,7.65,7.65,7.65,7.65,0,64.785569,90500,1963.0,1960.0
2025-07-31 14:20:00,7.65,7.65,7.65,7.65,0,64.785569,90500,1963.0,1960.0
2025-07-31 14:21:00,7.65,7.65,7.0,7.0,500,72.834026,90000,1960.9,1960.0
2025-07-31 14:22:00,7.0,7.0,7.0,7.0,0,72.834026,90000,1960.9,1960.0
2025-07-31 14:23:00,7.0,7.0,7.0,7.0,0,72.834026,90000,1960.9,1960.0
2025-07-31 14:24:00,7.0,7.0,7.0,7.0,0,72.834026,90000,1960.9,1960.0
2025-07-31 14:25:00,7.0,7.0,7.0,7.0,0,72.834026,90000,1957.6,1960.0
2025-07-31 14:26:00,7.0,7.0,7.0,7.0,0,72.834026,90000,1960.9,1960.0
2025-07-31 14:27:00,7.0,7.0,4.9,4.9,1500,72.352595,90000,1957.2,1960.0
2025-07-31 14:28:00,4.9,4.9,4.4,4.4,1000,66.940083,90000,1957.2,1960.0
2025-07-31 14:29:00,4.4,4.4,3.25,3.25,4000,63.902407,88500,1955.0,1960.0
2025-07-31 14:30:00,3.25,4.0,3.25,3.25,2000,63.975339,88500,1955.1,1960.0
2025-07-31 14:31:00,3.25,3.25,3.25,3.25,0,63.975339,88500,1955.1,1960.0
2025-07-31 14:32:00,4.0,4.0,4.0,4.0,1500,57.269351,87000,1958.5,1960.0
2025-07-31 14:33:00,5.0,5.0,4.05,4.05,1000,52.035147,87000,1959.6,1960.0
2025-07-31 14:34:00,5.7,5.7,5.7,5.7,1000,102.113992,87000,1954.3,1960.0
2025-07-31 14:35:00,4.8,5.0,4.8,5.0,3000,83.581676,88500,1956.3,1960.0
2025-07-31 14:36:00,5.0,5.0,5.0,5.0,0,83.581676,88500,1956.3,1960.0
2025-07-31 14:37:00,4.05,4.05,4.0,4.0,3000,70.444329,88500,1956.6,1960.0
2025-07-31 14:38:00,4.85,5.35,4.85,5.35,2000,86.105789,90500,1957.1,1960.0
2025-07-31 14:39:00,3.9,3.9,3.9,3.9,3500,73.682919,90500,1956.0,1960.0
2025-07-31 14:40:00,4.0,4.05,4.0,4.05,1500,77.533422,90500,1955.8,1960.0
2025-07-31 14:41:00,4.05,4.05,4.05,4.05,0,77.533422,90500,1955.8,1960.0
2025-07-31 14:42:00,3.9,3.9,3.9,3.9,500,81.315906,89000,1955.0,1960.0
2025-07-31 14:43:00,3.85,3.85,3.85,3.85,1500,77.698524,89000,1955.7,1960.0
2025-07-31 14:44:00,3.85,4.0,3.85,4.0,1000,84.511746,89000,1955.0,1960.0
2025-07-31 14:45:00,4.3,4.3,4.3,4.3,1000,89.809321,89000,1955.0,1960.0
2025-07-31 14:46:00,4.35,4.35,4.35,4.35,500,91.55935,89000,1955.0,1960.0
2025-07-31 14:47:00,4.35,4.35,4.3,4.3,1000,91.878357,88500,1955.0,1960.0
2025-07-31 14:48:00,4.1,4.1,4.1,4.1,2000,91.093588,88500,1954.8,1960.0
2025-07-31 14:49:00,4.05,4.05,4.05,4.05,1500,90.290483,88500,1955.0,1960.0
2025-07-31 14:50:00,4.05,4.05,4.05,4.05,0,90.290483,88500,1955.0,1960.0
2025-07-31 14:51:00,3.0,3.0,3.0,3.0,2000,84.196286,87000,1953.5,1960.0
2025-07-31 14:52:00,2.0,2.0,1.25,1.25,1500,60.162428,87000,1952.2,1960.0
2025-07-31 14:53:00,1.2,1.25,1.2,1.25,1000,63.669534,87000,1951.6,1960.0
2025-07-31 14:54:00,1.25,1.25,1.25,1.25,0,63.669534,87000,1951.6,1960.0
2025-07-31 14:55:00,1.05,1.05,1.05,1.05,1000,65.862044,87000,1950.5,1960.0
2025-07-31 14:56:00,1.05,2.4,1.05,2.4,500,94.887292,86000,1950.6,1960.0
2025-07-31 14:57:00,2.4,2.4,2.4,2.4,0,94.887292,86000,1950.6,1960.0
2025-07-31 14:58:00,2.4,2.4,2.4,2.4,0,94.887292,86000,1952.0,1960.0
2025-07-31 14:59:00,10.6,10.6,9.0,9.0,500,0.0,20000,1949.9,1940.0
2025-07-31 15:00:00,5.7,5.7,5.7,5.7,500,0.0,20000,1947.8,1940.0
2025-07-31 15:01:00,5.7,5.7,5.7,5.7,0,0.0,20000,1947.8,1940.0
2025-07-31 15:02:00,5.7,5.7,5.7,5.7,0,0.0,20000,1948.4,1940.0
2025-07-31 15:03:00,5.7,5.7,5.7,5.7,0,0.0,20000,1948.2,1940.0
2025-07-31 15:04:00,5.7,5.7,5.7,5.7,0,0.0,20000,1947.8,1940.0
2025-07-31 15:05:00,5.7,5.7,5.7,5.7,0,0.0,20000,1947.8,1940.0
2025-07-31 15:06:00,5.7,5.7,5.7,5.7,0,0.0,20000,1947.6,1940.0
2025-07-31 15:07:00,5.7,5.7,5.7,5.7,0,0.0,20000,1947.8,1940.0
2025-07-31 15:08:00,5.7,5.7,5.7,5.7,0,0.0,20000,1947.8,1940.0
2025-07-31 15:09:00,6.0,6.0,6.0,6.0,500,0.0,20500,1947.7,1940.0
2025-07-31 15:10:00,6.0,6.0,6.0,6.0,0,0.0,20500,1947.6,1940.0
2025-07-31 15:11:00,6.0,6.0,6.0,6.0,0,0.0,20500,1947.6,1940.0
2025-07-31 15:12:00,6.0,6.0,6.0,6.0,0,0.0,20500,1948.0,1940.0
2025-07-31 15:13:00,6.0,6.0,6.0,6.0,0,0.0,20500,1947.8,1940.0
2025-07-31 15:14:00,6.0,6.0,6.0,6.0,0,0.0,20500,1948.0,1940.0
2025-07-31 15:15:00,6.0,6.0,6.0,6.0,0,0.0,20500,1948.3,1940.0
2025-07-31 15:16:00,6.0,6.0,6.0,6.0,0,0.0,20500,1947.7,1940.0
2025-07-31 15:17:00,6.0,6.0,6.0,6.0,0,0.0,20500,1947.7,1940.0
2025-07-31 15:18:00,6.0,6.0,6.0,6.0,0,0.0,20500,1947.7,1940.0
2025-07-31 15:19:00,6.0,6.0,6.0,6.0,0,0.0,20500,1947.7,1940.0
2025-07-31 15:20:00,6.0,6.0,6.0,6.0,0,0.0,20500,1947.7,1940.0
2025-07-31 15:21:00,6.0,6.0,6.0,6.0,0,0.0,20500,1948.4,1940.0
2025-07-31 15:22:00,0.05,0.05,0.05,0.05,500,0.0,20000,1948.0,1940.0
2025-07-31 15:23:00,0.05,0.05,0.05,0.05,0,0.0,20000,1948.0,1940.0
2025-07-31 15:24:00,0.05,0.05,0.05,0.05,0,0.0,20000,1948.2,1940.0
2025-07-31 15:25:00,0.05,0.05,0.05,0.05,0,0.0,20000,1949.5,1940.0
2025-07-31 15:26:00,0.05,0.05,0.05,0.05,0,0.0,20000,1948.0,1940.0
2025-07-31 15:27:00,0.05,0.05,0.05,0.05,0,0.0,20000,1948.2,1940.0
2025-07-31 15:28:00,0.05,0.05,0.05,0.05,0,0.0,20000,1948.0,1940.0
2025-07-31 15:29:00,0.3,0.3,0.1,0.1,6000,0.0,98500,1952.0,1960.0
2025-08-05 15:28:00,46.95,46.95,46.95,46.95,0,21.43609,0,1939.4,1940.0
2025-08-05 15:29:00,46.95,46.95,46.95,46.95,0,21.43609,0,1939.4,1940.0
2025-08-06 09:15:00,48.0,48.0,47.05,47.05,3500,22.266717,0,1936.7,1940.0
2025-08-06 09:16:00,47.05,47.05,44.0,44.8,10500,20.886335,0,1937.4,1940.0
2025-08-06 09:17:00,44.8,46.6,44.8,46.1,9000,21.22319,0,1938.6,1940.0
2025-08-06 09:18:00,46.1,47.9,46.1,47.65,19000,22.12434,0,1938.3,1940.0
2025-08-06 09:19:00,47.65,47.65,46.3,46.5,12500,21.463119,0,1938.5,1940.0
2025-08-06 09:20:00,46.5,46.5,44.95,45.8,23500,21.240356,0,1938.0,1940.0
2025-08-06 09:21:00,45.8,47.4,45.8,47.4,27500,21.8209,0,1938.9,1940.0
2025-08-06 09:22:00,47.4,47.4,46.95,46.95,31000,21.410411,0,1939.5,1940.0
2025-08-06 09:23:00,46.95,48.25,46.95,48.25,29500,21.536743,0,1941.4,1940.0
2025-08-06 09:24:00,48.25,48.25,48.0,48.0,32500,21.788074,0,1940.1,1940.0
2025-08-06 09:25:00,48.0,48.0,47.4,47.4,33500,21.764625,0,1939.1,1940.0
2025-08-06 09:26:00,47.4,47.4,46.95,46.95,35500,21.58667,0,1938.9,1940.0
2025-08-06 09:27:00,46.95,48.1,46.95,47.5,36500,21.933999,0,1938.7,1940.0
2025-08-06 09:28:00,47.5,48.5,47.2,47.45,42500,21.441943,0,1940.3,1940.0
2025-08-06 09:29:00,47.45,48.6,47.45,47.85,39000,21.769876,0,1939.9,1940.0
2025-08-06 09:30:00,47.85,49.1,47.85,49.1,51500,21.301109,0,1943.7,1940.0
2025-08-06 09:31:00,49.1,50.85,49.1,50.85,65500,21.893373,0,1944.8,1940.0
2025-08-06 09:32:00,50.85,50.85,49.8,49.8,57000,22.327199,0,1941.5,1940.0
2025-08-06 09:33:00,49.8,49.8,49.0,49.25,68500,21.890043,0,1942.0,1940.0
2025-08-06 09:34:00,49.25,49.45,49.25,49.45,59000,21.876972,0,1942.4,1940.0
2025-08-06 09:35:00,49.45,49.45,49.0,49.25,71500,21.831519,0,1942.2,1940.0
2025-08-06 09:36:00,49.25,49.25,49.25,49.25,0,21.322592,0,1943.9,1940.0
2025-08-06 09:37:00,49.25,50.5,49.25,50.15,133000,22.157889,0,1942.7,1940.0
2025-08-06 09:38:00,50.15,50.15,49.0,49.0,2500,21.99727,0,1941.2,1940.0
2025-08-06 09:39:00,49.0,49.0,49.0,49.0,0,21.879556,0,1941.6,1940.0
2025-08-06 09:40:00,49.0,49.0,49.0,49.0,0,21.672213,0,1942.3,1940.0
2025-08-06 09:41:00,49.0,49.2,49.0,49.2,136000,22.044877,0,1941.4,1940.0
2025-08-06 09:42:00,49.2,49.2,49.2,49.2,0,21.897357,0,1941.9,1940.0
2025-08-06 09:43:00,49.2,49.45,49.2,49.45,138000,22.206893,0,1941.3,1940.0
2025-08-06 09:44:00,49.45,49.5,48.5,48.5,1500,21.972022,0,1940.4,1940.0
2025-08-06 09:45:00,48.5,48.5,47.8,47.8,143500,21.925524,0,1939.3,1940.0
2025-08-06 09:46:00,47.8,48.2,47.8,48.2,2500,22.194286,0,1939.1,1940.0
2025-08-06 09:47:00,48.2,48.2,47.9,47.9,144500,21.891638,0,1939.6,1940.0
2025-08-06 09:48:00,47.9,47.9,47.6,47.6,3500,21.850787,0,1939.2,1940.0
2025-08-06 09:49:00,47.6,47.75,47.5,47.5,145500,21.943701,0,1938.7,1940.0
2025-08-06 09:50:00,47.5,47.5,47.5,47.5,5000,22.030877,0,1938.4,1940.0
2025-08-06 09:51:00,47.5,47.5,47.5,47.5,0,20.856087,0,1942.4,1940.0
2025-08-06 09:52:00,47.5,50.5,47.5,50.5,155500,22.049935,0,1943.7,1940.0
2025-08-06 09:53:00,50.5,50.5,50.1,50.1,5000,21.839223,0,1943.7,1940.0
2025-08-06 09:54:00,50.1,51.1,49.5,51.1,161500,22.035764,0,1944.8,1940.0
2025-08-06 09:55:00,51.1,51.1,49.95,49.95,8500,22.446013,0,1941.4,1940.0
2025-08-06 09:56:00,49.95,49.95,48.6,48.6,164500,22.350921,0,1939.3,1940.0
2025-08-06 09:57:00,48.6,48.6,48.6,48.6,0,22.059702,0,1940.3,1940.0
2025-08-06 09:58:00,48.6,48.6,48.45,48.45,175000,22.156565,0,1939.7,1940.0
2025-08-06 09:59:00,48.45,48.45,48.45,48.45,0,22.215261,0,1939.5,1940.0
2025-08-06 10:00:00,48.45,51.95,48.45,51.95,207500,22.487642,0,1944.8,1940.0
2025-08-06 10:01:00,51.95,52.3,51.3,51.65,4500,22.630893,0,1943.8,1940.0
2025-08-06 10:02:00,51.65,51.65,50.65,50.8,210500,22.77868,0,1941.8,1940.0
2025-08-06 10:03:00,50.8,50.8,48.9,48.9,11000,23.08785,0,1937.3,1940.0
2025-08-06 10:04:00,48.9,48.9,47.85,47.85,214500,22.90721,0,1936.0,1940.0
2025-08-06 10:05:00,47.85,47.85,46.3,46.3,17000,22.629461,0,1934.1,1940.0
2025-08-06 10:06:00,46.3,46.85,46.0,46.0,219000,22.8621,0,1932.7,1940.0
2025-08-06 10:07:00,46.0,46.0,44.3,44.3,27000,22.466587,0,1930.9,1940.0
2025-08-06 10:08:00,55.0,55.95,55.0,55.15,46000,23.485945,0,1928.0,1920.0
2025-08-06 10:09:00,55.15,55.15,53.8,53.8,9500,22.258921,0,1929.6,1920.0
2025-08-06 10:10:00,53.8,53.8,53.8,53.8,0,22.732359,0,1928.1,1920.0
2025-08-06 10:11:00,53.8,55.35,53.8,55.35,56500,23.811668,0,1927.3,1920.0
2025-08-06 10:12:00,55.35,55.35,55.35,55.35,0,24.028039,0,1926.6,1920.0
2025-08-06 10:13:00,55.35,55.35,55.35,55.35,0,24.18194,0,1926.1,1920.0
2025-08-06 10:14:00,55.35,55.35,55.35,55.35,0,23.314567,0,1928.9,1920.0
2025-08-06 10:15:00,55.35,55.35,55.35,55.35,0,23.751644,0,1927.5,1920.0
2025-08-06 10:16:00,55.35,55.35,53.75,53.75,58000,22.67699,0,1928.2,1920.0
2025-08-06 10:17:00,53.75,54.05,53.75,54.05,500,22.618403,0,1928.9,1920.0
2025-08-06 10:18:00,54.05,55.15,54.05,55.15,58500,22.925316,0,1929.8,1920.0
2025-08-06 10:19:00,44.75,45.35,44.75,45.35,40000,22.720496,0,1932.0,1940.0
2025-08-06 10:20:00,45.35,45.7,45.3,45.3,243500,23.051271,0,1930.7,1940.0
2025-08-06 10:21:00,45.3,46.95,45.3,46.95,45500,22.921583,0,1934.3,1940.0
2025-08-06 10:22:00,46.95,46.95,46.5,46.6,250000,23.017469,0,1933.3,1940.0
2025-08-06 10:23:00,46.6,46.6,45.55,45.7,47500,22.767799,0,1932.5,1940.0
2025-08-06 10:24:00,45.7,46.0,45.7,46.0,252500,23.063544,0,1932.0,1940.0
2025-08-06 10:25:00,46.0,46.0,45.0,45.0,50000,22.235357,0,1933.1,1940.0
2025-08-06 10:26:00,45.0,45.65,45.0,45.35,264000,23.134776,0,1930.5,1940.0
2025-08-06 10:27:00,56.35,56.35,54.5,54.5,65500,22.643512,0,1929.6,1920.0
2025-08-06 10:28:00,54.5,54.5,54.05,54.05,4000,22.654976,0,1928.8,1920.0
2025-08-06 10:29:00,54.05,54.05,54.05,54.05,0,22.843869,0,1928.2,1920.0
2025-08-06 10:30:00,54.05,54.05,53.4,53.4,74000,22.839094,0,1927.1,1920.0
2025-08-06 10:31:00,53.4,53.4,53.4,53.4,0,22.621428,0,1927.8,1920.0
2025-08-06 10:32:00,53.4,53.4,53.4,53.4,74500,22.559299,0,1928.0,1920.0
2025-08-06 10:33:00,53.4,53.85,53.4,53.85,500,22.518356,0,1928.9,1920.0
2025-08-06 10:34:00,53.85,53.85,53.85,53.85,0,23.696779,0,1925.1,1920.0
2025-08-06 10:35:00,53.85,53.85,51.0,51.0,75500,22.753389,0,1923.2,1920.0
2025-08-06 10:36:00,51.0,51.0,49.9,49.9,8500,22.408517,0,1922.4,1920.0
2025-08-06 10:37:00,49.9,49.9,49.9,49.9,0,21.89429,0,1924.1,1920.0
2025-08-06 10:38:00,49.9,49.9,49.9,49.9,0,22.228664,0,1923.0,1920.0
2025-08-06 10:39:00,49.9,49.9,49.9,49.9,0,22.077741,0,1923.5,1920.0
2025-08-06 10:40:00,49.9,50.9,49.9,50.9,86000,22.520737,0,1923.8,1920.0
2025-08-06 10:41:00,50.9,50.9,50.7,50.7,3000,22.656542,0,1923.0,1920.0
2025-08-06 10:42:00,50.7,50.7,50.7,50.7,86500,22.293238,0,1924.2,1920.0
2025-08-06 10:43:00,50.7,50.95,50.7,50.8,4000,22.771002,0,1922.8,1920.0
2025-08-06 10:44:00,50.8,50.8,50.8,50.8,0,22.86163,0,1922.5,1920.0
2025-08-06 10:45:00,50.8,50.8,50.0,50.0,91500,22.705384,0,1921.6,1920.0
2025-08-06 10:46:00,50.0,50.0,50.0,50.0,3500,22.884414,0,1921.0,1920.0
2025-08-06 10:47:00,50.0,50.0,50.0,50.0,0,22.855171,0,1921.1,1920.0
2025-08-06 10:48:00,50.0,50.0,49.9,49.9,98000,22.683342,0,1921.5,1920.0
2025-08-06 10:49:00,49.9,49.9,49.9,49.9,0,22.832578,0,1921.0,1920.0
2025-08-06 10:50:00,49.9,49.9,49.4,49.4,99500,22.566964,0,1921.0,1920.0
2025-08-06 10:51:00,49.4,49.4,49.4,49.4,0,22.567417,0,1921.0,1920.0
2025-08-06 10:52:00,49.4,49.45,49.4,49.45,100500,22.505209,0,1921.3,1920.0
2025-08-06 10:53:00,49.45,49.45,49.45,49.45,0,22.356365,0,1921.8,1920.0
2025-08-06 10:54:00,49.45,49.45,49.45,49.45,0,22.565655,0,1921.1,1920.0
2025-08-06 10:55:00,49.45,49.45,49.45,49.45,105500,22.59584,0,1921.0,1920.0
2025-08-06 10:56:00,49.45,49.45,49.05,49.05,2000,22.531789,0,1920.5,1920.0
2025-08-06 10:57:00,49.05,49.05,49.0,49.0,106000,22.564831,0,1920.3,1920.0
2025-08-06 10:58:00,49.0,49.0,48.5,48.7,3000,22.376094,0,1920.4,1920.0
2025-08-06 10:59:00,48.7,48.7,48.7,48.7,0,22.257898,0,1920.8,1920.0
2025-08-06 11:00:00,48.7,48.7,47.7,48.6,114000,22.589335,0,1919.5,1920.0
2025-08-06 11:01:00,48.6,48.6,48.6,48.6,0,22.736466,0,1919.0,1920.0
2025-08-06 11:02:00,48.6,48.6,47.9,47.9,117000,22.247469,0,1919.4,1920.0
2025-08-06 11:03:00,47.9,47.9,47.45,47.45,1500,22.534346,0,1917.6,1920.0
2025-08-06 11:04:00,47.45,47.45,47.35,47.35,117500,22.568577,0,1917.3,1920.0
2025-08-06 11:05:00,47.35,47.35,46.65,46.65,5500,22.255198,0,1917.1,1920.0
2025-08-06 11:06:00,46.65,46.65,46.6,46.6,118500,22.660123,0,1915.6,1920.0
2025-08-06 11:07:00,46.6,46.6,46.0,46.0,7000,22.227729,0,1916.0,1920.0
2025-08-06 11:08:00,46.0,46.0,46.0,46.0,0,22.228173,0,1916.0,1920.0
2025-08-06 11:09:00,46.0,46.25,46.0,46.25,126500,22.447186,0,1915.7,1920.0
2025-08-06 11:10:00,46.25,46.25,45.9,45.9,3000,22.319087,0,1915.5,1920.0
2025-08-06 11:11:00,45.9,45.9,45.9,45.9,0,22.176435,0,1916.0,1920.0
2025-08-06 11:12:00,45.9,46.4,45.9,46.4,130000,22.096638,0,1917.2,1920.0
2025-08-06 11:13:00,46.4,46.5,46.4,46.5,500,22.49575,0,1916.0,1920.0
2025-08-06 11:14:00,46.5,46.5,46.5,46.5,0,22.410115,0,1916.3,1920.0
2025-08-06 11:15:00,46.5,46.5,46.5,46.5,134500,22.353059,0,1916.5,1920.0
2025-08-06 11:16:00,46.5,46.5,46.5,46.5,0,22.439727,0,1916.2,1920.0
2025-08-06 11:17:00,46.5,46.5,46.5,46.5,135000,22.353951,0,1916.5,1920.0
2025-08-06 11:18:00,46.5,46.65,46.5,46.65,2000,22.347613,0,1916.8,1920.0
2025-08-06 11:19:00,46.65,46.65,46.0,46.0,137000,22.261726,0,1915.9,1920.0
2025-08-06 11:20:00,46.0,46.0,45.4,45.4,3000,22.314506,0,1914.6,1920.0
2025-08-06 11:21:00,45.4,45.4,45.3,45.3,138000,21.833675,0,1916.1,1920.0
2025-08-06 11:22:00,45.3,46.55,45.3,46.55,3500,22.238567,0,1917.0,1920.0
2025-08-06 11:23:00,46.55,46.55,46.55,46.55,0,22.383178,0,1916.5,1920.0
2025-08-06 11:24:00,46.55,46.55,46.1,46.1,143500,22.029363,0,1916.9,1920.0
2025-08-06 11:25:00,46.1,46.5,46.1,46.5,500,21.95236,0,1917.9,1920.0
2025-08-06 11:26:00,46.5,46.5,46.5,46.5,0,21.865374,0,1918.2,1920.0
2025-08-06 11:27:00,46.5,47.85,46.5,47.85,145000,22.084674,0,1919.9,1920.0
2025-08-06 11:28:00,47.85,47.85,47.85,47.85,2000,22.232506,0,1919.4,1920.0
2025-08-06 11:29:00,47.85,47.85,47.7,47.7,145500,22.005739,0,1919.9,1920.0
2025-08-06 11:30:00,47.7,48.05,47.7,47.95,3000,22.404043,0,1919.0,1920.0
2025-08-06 11:31:00,47.95,47.95,47.95,47.95,0,22.404492,0,1919.0,1920.0
2025-08-06 11:32:00,47.95,47.95,47.95,47.95,0,22.492777,0,1918.7,1920.0
2025-08-06 11:33:00,47.95,47.95,47.95,47.95,0,22.580851,0,1918.4,1920.0
2025-08-06 11:34:00,47.95,47.95,47.95,47.95,0,22.405841,0,1919.0,1920.0
2025-08-06 11:35:00,47.95,47.95,47.5,47.5,149000,22.892971,0,1916.5,1920.0
2025-08-06 11:36:00,47.5,47.5,46.85,46.85,1000,22.490705,0,1916.7,1920.0
2025-08-06 11:37:00,46.85,46.85,46.8,46.8,149500,22.550956,0,1916.4,1920.0
2025-08-06 11:38:00,46.8,46.8,46.45,46.45,3500,22.451739,0,1916.1,1920.0
2025-08-06 11:39:00,46.45,46.45,46.4,46.4,150500,22.482986,0,1915.9,1920.0
2025-08-06 11:40:00,46.4,46.7,46.4,46.7,4000,22.6427,0,1915.9,1920.0
2025-08-06 11:41:00,46.7,46.7,46.0,46.0,153500,22.500094,0,1915.1,1920.0
2025-08-06 11:42:00,46.0,46.0,45.5,45.5,5000,22.519016,0,1914.1,1920.0
2025-08-06 11:43:00,45.5,45.5,45.5,45.5,0,22.913309,0,1912.7,1920.0
2025-08-06 11:44:00,45.5,45.5,44.7,45.5,165500,22.378252,0,1914.6,1920.0
2025-08-06 11:45:00,45.5,45.5,45.5,45.5,0,22.46376,0,1914.3,1920.0
2025-08-06 11:46:00,45.5,45.5,45.5,45.5,166000,22.435873,0,1914.4,1920.0
2025-08-06 11:47:00,45.5,45.5,45.5,45.5,0,22.662387,0,1913.6,1920.0
2025-08-06 11:48:00,45.5,46.0,45.5,46.0,167500,22.102242,0,1916.5,1920.0
2025-08-06 11:49:00,46.0,46.45,46.0,46.45,500,22.399229,0,1916.3,1920.0
2025-08-06 11:50:00,46.45,46.45,46.45,46.45,0,22.457117,0,1916.1,1920.0
2025-08-06 11:51:00,46.45,46.9,46.45,46.65,169500,22.621113,0,1915.9,1920.0
2025-08-06 11:52:00,46.65,46.65,46.65,46.65,0,22.764533,0,1915.4,1920.0
2025-08-06 11:53:00,46.65,46.65,46.65,46.65,0,22.822024,0,1915.2,1920.0
2025-08-06 11:54:00,46.65,46.65,46.65,46.65,170000,22.103098,0,1917.7,1920.0
2025-08-06 11:55:00,46.65,46.65,46.65,46.65,500,22.248563,0,1917.2,1920.0
2025-08-06 11:56:00,46.65,46.65,46.65,46.65,0,21.958369,0,1918.2,1920.0
2025-08-06 11:57:00,46.65,46.65,46.65,46.65,0,22.393896,0,1916.7,1920.0
2025-08-06 11:58:00,46.65,46.65,46.05,46.05,171500,22.505759,0,1915.2,1920.0
2025-08-06 11:59:00,46.05,47.0,46.05,47.0,6000,22.291368,0,1917.7,1920.0
2025-08-06 12:00:00,47.0,47.1,46.85,46.85,172500,22.443792,0,1916.9,1920.0
2025-08-06 12:01:00,46.85,46.85,46.8,46.8,7000,22.156875,0,1917.8,1920.0
2025-08-06 12:02:00,46.8,48.1,46.8,48.1,175500,21.787408,0,1921.4,1920.0
2025-08-06 12:03:00,48.1,48.1,48.1,48.1,0,21.697948,0,1921.7,1920.0
2025-08-06 12:04:00,48.1,48.1,48.1,48.1,0,21.907792,0,1921.0,1920.0
2025-08-06 12:05:00,48.1,49.2,48.1,49.2,184000,22.405046,0,1921.3,1920.0
2025-08-06 12:06:00,49.2,49.2,49.2,49.2,0,22.613731,0,1920.6,1920.0
2025-08-06 12:07:00,49.2,49.2,48.9,49.2,185000,22.346225,0,1921.5,1920.0
2025-08-06 12:08:00,49.2,49.2,48.65,48.65,1000,22.321671,0,1920.6,1920.0
2025-08-06 12:09:00,48.65,48.65,48.65,48.65,0,22.262691,0,1920.8,1920.0
2025-08-06 12:10:00,48.65,48.65,48.6,48.6,186500,22.17696,0,1921.0,1920.0
2025-08-06 12:11:00,48.6,48.6,48.6,48.6,0,22.326065,0,1920.5,1920.0
2025-08-06 12:12:00,48.6,48.6,48.6,48.6,0,22.207639,0,1920.9,1920.0
2025-08-06 12:13:00,48.6,48.6,48.6,48.6,0,22.148496,0,1921.1,1920.0
2025-08-06 12:14:00,48.6,48.6,48.5,48.5,188000,22.363053,0,1920.2,1920.0
2025-08-06 12:15:00,48.5,48.5,48.5,48.5,0,22.215192,0,1920.7,1920.0
2025-08-06 12:16:00,48.5,49.3,48.5,49.3,188500,22.283855,0,1921.9,1920.0
2025-08-06 12:17:00,49.3,49.3,49.3,49.3,0,22.344233,0,1921.7,1920.0
2025-08-06 12:18:00,49.3,49.3,49.25,49.25,189000,22.318019,0,1921.7,1920.0
2025-08-06 12:19:00,49.25,49.25,49.25,49.25,0,21.926992,0,1923.0,1920.0
2025-08-06 12:20:00,49.25,50.0,49.2,49.2,196500,21.779332,0,1923.4,1920.0
2025-08-06 12:21:00,49.2,51.0,49.2,51.0,1500,22.161367,0,1925.3,1920.0
2025-08-06 12:22:00,51.0,51.0,50.3,50.3,199000,21.940795,0,1924.8,1920.0
2025-08-06 12:23:00,50.3,51.0,50.3,51.0,2000,21.945961,0,1926.0,1920.0
2025-08-06 12:24:00,51.0,51.0,50.4,50.4,201000,22.08722,0,1924.5,1920.0
2025-08-06 12:25:00,50.4,50.4,50.0,50.0,2500,22.178749,0,1923.5,1920.0
2025-08-06 12:26:00,50.0,50.0,50.0,50.0,201500,22.148812,0,1923.6,1920.0
2025-08-06 12:27:00,50.0,50.0,50.0,50.0,3000,22.331185,0,1923.0,1920.0
2025-08-06 12:28:00,50.0,50.0,49.75,49.75,202500,22.19811,0,1923.0,1920.0
2025-08-06 12:29:00,49.75,49.75,49.75,49.75,0,22.289211,0,1922.7,1920.0
2025-08-06 12:30:00,49.75,49.75,49.75,49.75,0,22.380074,0,1922.4,1920.0
2025-08-06 12:31:00,49.75,49.75,49.75,49.75,0,22.41061,0,1922.3,1920.0
2025-08-06 12:32:00,49.75,49.75,49.1,49.1,206500,21.731205,0,1923.4,1920.0
2025-08-06 12:33:00,49.1,49.85,49.1,49.85,500,22.284017,0,1922.9,1920.0
2025-08-06 12:34:00,49.85,49.85,49.85,49.85,0,22.375024,0,1922.6,1920.0
2025-08-06 12:35:00,49.85,49.85,49.85,49.85,0,22.315132,0,1922.8,1920.0
2025-08-06 12:36:00,49.85,49.85,49.85,49.85,0,22.705954,0,1921.5,1920.0
2025-08-06 12:37:00,49.85,49.85,49.85,49.85,0,22.825654,0,1921.1,1920.0
2025-08-06 12:38:00,49.85,49.85,48.4,48.4,209000,22.172212,0,1920.7,1920.0
2025-08-06 12:39:00,48.4,48.4,48.0,48.0,500,22.373601,0,1919.3,1920.0
2025-08-06 12:40:00,48.0,48.1,47.85,48.1,210000,22.368433,0,1919.5,1920.0
2025-08-06 12:41:00,48.1,48.1,48.1,48.1,1500,22.427743,0,1919.3,1920.0
2025-08-06 12:42:00,48.1,48.1,48.1,48.1,0,22.310374,0,1919.7,1920.0
2025-08-06 12:43:00,48.1,48.1,47.85,47.85,213000,22.530099,0,1918.5,1920.0
2025-08-06 12:44:00,47.85,47.85,47.2,47.2,3000,22.008696,0,1919.1,1920.0
2025-08-06 12:45:00,47.2,47.2,47.2,47.2,0,21.595068,0,1920.5,1920.0
2025-08-06 12:46:00,47.2,48.8,47.2,48.8,216500,22.299754,0,1921.0,1920.0
2025-08-06 12:47:00,48.8,49.0,48.8,49.0,500,22.377047,0,1921.1,1920.0
2025-08-06 12:48:00,49.0,49.0,49.0,49.0,217000,22.407297,0,1921.0,1920.0
2025-08-06 12:49:00,49.0,49.1,49.0,49.1,1000,22.579991,0,1920.6,1920.0
2025-08-06 12:50:00,49.1,49.1,48.2,48.2,217500,22.249029,0,1920.1,1920.0
2025-08-06 12:51:00,48.2,48.2,48.0,48.0,4000,22.437783,0,1919.1,1920.0
2025-08-06 12:52:00,48.0,48.0,46.5,47.4,219500,22.469717,0,1917.9,1920.0
2025-08-06 12:53:00,47.4,47.4,47.05,47.05,5000,22.458232,0,1917.3,1920.0
2025-08-06 12:54:00,47.05,48.1,47.05,48.1,221500,22.551056,0,1918.9,1920.0
2025-08-06 12:55:00,48.1,48.1,48.1,48.1,0,22.227581,0,1920.0,1920.0
2025-08-06 12:56:00,48.1,48.1,48.1,48.1,0,22.168811,0,1920.2,1920.0
2025-08-06 12:57:00,48.1,48.1,48.1,48.1,0,22.25805,0,1919.9,1920.0
2025-08-06 12:58:00,48.1,48.1,48.1,48.1,0,22.31757,0,1919.7,1920.0
2025-08-06 12:59:00,48.1,48.1,48.1,48.1,0,22.229376,0,1920.0,1920.0
2025-08-06 13:00:00,48.1,48.4,48.1,48.4,227500,22.389688,0,1920.0,1920.0
2025-08-06 13:01:00,48.4,48.4,48.4,48.4,0,22.449232,0,1919.8,1920.0
2025-08-06 13:02:00,48.4,48.4,48.2,48.2,228000,22.284014,0,1920.0,1920.0
2025-08-06 13:03:00,48.2,48.2,48.2,48.2,0,21.927649,0,1921.2,1920.0
2025-08-06 13:04:00,48.2,48.2,48.2,48.2,0,21.957971,0,1921.1,1920.0
2025-08-06 13:05:00,48.2,48.6,47.75,47.75,232500,22.045531,0,1920.0,1920.0
2025-08-06 13:06:00,47.75,48.35,47.75,48.35,3000,22.542759,0,1919.4,1920.0
2025-08-06 13:07:00,48.35,48.35,48.35,48.35,0,22.366201,0,1920.0,1920.0
2025-08-06 13:08:00,48.35,48.35,48.0,48.0,237000,22.445455,0,1919.1,1920.0
2025-08-06 13:09:00,48.0,48.0,48.0,48.0,0,22.239705,0,1919.8,1920.0
2025-08-06 13:10:00,48.0,48.5,48.0,48.5,237500,22.299335,0,1920.5,1920.0
2025-08-06 13:11:00,48.5,49.0,48.5,49.0,500,22.447484,0,1920.9,1920.0
2025-08-06 13:12:00,49.0,49.0,49.0,49.0,0,22.447937,0,1920.9,1920.0
2025-08-06 13:13:00,49.0,49.0,49.0,49.0,0,22.239372,0,1921.6,1920.0
2025-08-06 13:14:00,49.0,49.0,49.0,49.0,0,22.239823,0,1921.6,1920.0
2025-08-06 13:15:00,49.0,49.0,49.0,49.0,244000,22.330009,0,1921.3,1920.0
2025-08-06 13:16:00,49.0,49.3,49.0,49.3,500,22.130386,0,1922.5,1920.0
2025-08-06 13:17:00,49.3,49.6,49.3,49.6,248000,22.230757,0,1922.7,1920.0
2025-08-06 13:18:00,49.6,49.85,49.6,49.85,1000,22.183182,0,1923.3,1920.0
2025-08-06 13:19:00,49.85,49.85,49.85,49.85,0,22.244279,0,1923.1,1920.0
2025-08-06 13:20:00,49.85,49.85,49.2,49.4,251000,22.39612,0,1921.8,1920.0
2025-08-06 13:21:00,49.4,49.4,49.4,49.4,500,22.095446,0,1922.8,1920.0
2025-08-06 13:22:00,49.4,49.4,49.4,49.4,0,22.276893,0,1922.2,1920.0
2025-08-06 13:23:00,49.4,49.4,49.4,49.4,0,22.066084,0,1922.9,1920.0
2025-08-06 13:24:00,49.4,49.4,47.7,47.7,258500,22.14561,0,1919.6,1920.0
2025-08-06 13:25:00,47.7,47.7,47.4,47.4,1500,22.074637,0,1919.3,1920.0
2025-08-06 13:26:00,47.4,47.8,47.4,47.8,259000,22.140731,0,1919.8,1920.0
2025-08-06 13:27:00,47.8,47.85,47.45,47.85,3000,22.138262,0,1919.9,1920.0
2025-08-06 13:28:00,47.85,47.85,47.55,47.55,260000,21.919521,0,1920.1,1920.0
2025-08-06 13:29:00,47.55,49.2,47.55,49.2,6500,22.383282,0,1921.5,1920.0
2025-08-06 13:30:00,49.2,49.2,49.2,49.2,0,22.383736,0,1921.5,1920.0
2025-08-06 13:31:00,49.2,49.2,48.9,48.9,267500,22.343582,0,1921.1,1920.0
2025-08-06 13:32:00,48.9,48.9,48.9,48.9,0,22.224494,0,1921.5,1920.0
2025-08-06 13:33:00,48.9,48.9,48.9,48.9,0,22.671132,0,1920.0,1920.0
2025-08-06 13:34:00,48.9,48.9,48.9,48.9,0,22.225395,0,1921.5,1920.0
2025-08-06 13:35:00,48.9,48.9,48.9,48.9,0,22.28567,0,1921.3,1920.0
2025-08-06 13:36:00,48.9,48.9,48.4,48.4,269000,22.049118,0,1921.2,1920.0
2025-08-06 13:37:00,48.4,48.4,48.4,48.4,0,22.079443,0,1921.1,1920.0
2025-08-06 13:38:00,48.4,48.65,48.4,48.65,269500,22.123657,0,1921.4,1920.0
2025-08-06 13:39:00,48.65,48.65,48.65,48.65,0,22.243612,0,1921.0,1920.0
2025-08-06 13:40:00,48.65,48.65,48.3,48.3,271000,22.206168,0,1920.5,1920.0
2025-08-06 13:41:00,48.3,48.3,47.7,47.7,1000,22.005305,0,1920.1,1920.0
2025-08-06 13:42:00,47.7,47.7,47.0,47.0,273000,22.395658,0,1917.5,1920.0
2025-08-06 13:43:00,47.0,47.0,47.0,47.0,0,21.987178,0,1918.9,1920.0
2025-08-06 13:44:00,47.0,47.7,47.0,47.7,276500,21.917584,0,1920.4,1920.0
2025-08-06 13:45:00,47.7,47.7,47.25,47.25,6000,21.767055,0,1920.1,1920.0
2025-08-06 13:46:00,47.25,47.25,47.25,47.25,0,21.797158,0,1920.0,1920.0
2025-08-06 13:47:00,47.25,47.75,47.25,47.75,283000,22.004992,0,1920.2,1920.0
2025-08-06 13:48:00,47.75,47.75,47.7,47.7,500,21.800251,0,1920.8,1920.0
2025-08-06 13:49:00,47.7,48.2,47.7,48.2,283500,21.978047,0,1921.1,1920.0
2025-08-06 13:50:00,48.2,48.2,47.7,47.7,2000,22.068569,0,1919.9,1920.0
2025-08-06 13:51:00,47.7,47.7,47.7,47.7,0,22.275597,0,1919.2,1920.0
2025-08-06 13:52:00,47.7,47.7,47.7,47.7,0,22.276046,0,1919.2,1920.0
2025-08-06 13:53:00,47.7,47.7,47.7,47.7,0,22.010658,0,1920.1,1920.0
2025-08-06 13:54:00,47.7,47.7,47.3,47.3,288500,21.975288,0,1919.5,1920.0
2025-08-06 13:55:00,47.3,47.3,47.3,47.3,0,22.386587,0,1918.1,1920.0
2025-08-06 13:56:00,47.3,47.3,47.3,47.3,289000,22.094059,0,1919.1,1920.0
2025-08-06 13:57:00,47.3,47.3,47.3,47.3,0,21.976623,0,1919.5,1920.0
2025-08-06 13:58:00,47.3,47.8,47.3,47.8,289500,22.390844,0,1919.0,1920.0
2025-08-06 13:59:00,47.8,47.8,47.8,47.8,0,22.391295,0,1919.0,1920.0
2025-08-06 14:00:00,47.8,47.8,47.35,47.35,290000,22.181288,0,1918.9,1920.0
2025-08-06 14:01:00,47.35,47.35,47.0,47.05,1500,21.992442,0,1919.0,1920.0
2025-08-06 14:02:00,47.05,47.05,47.0,47.0,290500,21.877888,0,1919.3,1920.0
2025-08-06 14:03:00,47.0,47.0,47.0,47.0,0,21.49283,0,1920.6,1920.0
2025-08-06 14:04:00,47.0,47.0,47.0,47.0,0,21.552865,0,1920.4,1920.0
2025-08-06 14:05:00,47.0,47.0,47.0,47.0,0,21.553305,0,1920.4,1920.0
2025-08-06 14:06:00,47.0,47.0,47.0,47.0,0,21.314707,0,1921.2,1920.0
2025-08-06 14:07:00,47.0,48.55,47.0,48.55,298000,21.933213,0,1921.9,1920.0
2025-08-06 14:08:00,48.55,48.55,48.55,48.55,0,21.963725,0,1921.8,1920.0
2025-08-06 14:09:00,48.55,49.0,48.55,49.0,300000,21.903065,0,1922.8,1920.0
2025-08-06 14:10:00,49.0,49.0,49.0,49.0,0,21.7517,0,1923.3,1920.0
2025-08-06 14:11:00,49.0,49.0,49.0,49.0,0,21.569035,0,1923.9,1920.0
2025-08-06 14:12:00,49.0,50.0,49.0,50.0,304500,21.860087,0,1924.7,1920.0
2025-08-06 14:13:00,50.0,50.0,49.95,50.0,1500,21.860535,0,1924.7,1920.0
2025-08-06 14:14:00,50.0,50.0,49.5,49.6,305500,21.615658,0,1924.8,1920.0
2025-08-06 14:15:00,49.6,49.6,49.6,49.6,0,21.58527,0,1924.9,1920.0
2025-08-06 14:16:00,49.6,50.5,49.6,50.5,308000,21.88335,0,1925.5,1920.0
2025-08-06 14:17:00,50.5,50.75,50.5,50.75,3000,21.863011,0,1926.0,1920.0
2025-08-06 14:18:00,50.75,50.75,50.55,50.55,309000,21.756015,0,1926.0,1920.0
2025-08-06 14:19:00,50.55,50.55,50.5,50.5,5500,21.946529,0,1925.3,1920.0
2025-08-06 14:20:00,50.5,50.55,50.2,50.55,312500,21.694668,0,1926.2,1920.0
2025-08-06 14:21:00,50.55,50.55,50.1,50.1,6000,21.577748,0,1925.8,1920.0
2025-08-06 14:22:00,50.1,50.1,49.85,49.85,313000,21.412746,0,1925.9,1920.0
2025-08-06 14:23:00,49.85,49.85,49.0,49.0,7500,21.297682,0,1924.8,1920.0
2025-08-06 14:24:00,49.0,49.0,49.0,49.0,0,21.544174,0,1924.0,1920.0
2025-08-06 14:25:00,49.0,49.0,49.0,49.0,0,21.910222,0,1922.8,1920.0
2025-08-06 14:26:00,49.0,49.0,49.0,49.0,0,21.636846,0,1923.7,1920.0
2025-08-06 14:27:00,49.0,49.0,49.0,49.0,0,21.911116,0,1922.8,1920.0
2025-08-06 14:28:00,49.0,49.0,49.0,49.0,0,22.153088,0,1922.0,1920.0
2025-08-06 14:29:00,49.0,49.0,48.25,48.25,321500,21.752529,0,1922.0,1920.0
2025-08-06 14:30:00,48.25,48.25,47.7,47.7,500,21.639346,0,1921.4,1920.0
2025-08-06 14:31:00,47.7,47.7,47.7,47.7,0,21.669781,0,1921.3,1920.0
2025-08-06 14:32:00,47.7,47.7,47.5,47.5,322500,21.413026,0,1921.8,1920.0
2025-08-06 14:33:00,47.5,48.05,47.5,48.05,500,21.374885,0,1922.9,1920.0
2025-08-06 14:34:00,48.05,48.05,48.05,48.05,0,21.375325,0,1922.9,1920.0
2025-08-06 14:35:00,48.05,48.5,48.05,48.5,324000,21.707691,0,1922.6,1920.0
2025-08-06 14:36:00,48.5,48.5,48.5,48.5,0,22.099512,0,1921.3,1920.0
2025-08-06 14:37:00,48.5,48.9,48.5,48.9,325500,22.013276,0,1922.3,1920.0
2025-08-06 14:38:00,48.9,48.9,48.9,48.9,0,22.194284,0,1921.7,1920.0
2025-08-06 14:39:00,48.9,48.9,48.9,48.9,0,22.134655,0,1921.9,1920.0
2025-08-06 14:40:00,48.9,48.9,48.9,48.9,0,22.285112,0,1921.4,1920.0
2025-08-06 14:41:00,48.9,48.9,48.4,48.4,326000,22.167872,0,1920.9,1920.0
2025-08-06 14:42:00,48.4,48.4,48.4,48.4,0,22.048769,0,1921.3,1920.0
2025-08-06 14:43:00,48.4,48.4,48.4,48.4,0,22.019264,0,1921.4,1920.0
2025-08-06 14:44:00,48.4,48.4,48.4,48.4,0,21.89963,0,1921.8,1920.0
2025-08-06 14:45:00,48.4,48.8,48.4,48.8,327500,22.173994,0,1921.6,1920.0
2025-08-06 14:46:00,48.8,48.8,48.55,48.55,1000,21.617987,0,1923.0,1920.0
2025-08-06 14:47:00,48.55,48.55,48.55,48.55,0,21.343707,0,1923.9,1920.0
2025-08-06 14:48:00,48.55,48.55,48.55,48.55,0,21.252047,0,1924.2,1920.0
2025-08-06 14:49:00,48.55,48.55,48.55,48.55,0,21.313917,0,1924.0,1920.0
2025-08-06 14:50:00,48.55,48.55,48.55,48.55,0,21.375671,0,1923.8,1920.0
2025-08-06 14:51:00,48.55,48.55,48.55,48.55,0,21.406724,0,1923.7,1920.0
2025-08-06 14:52:00,48.55,48.55,48.55,48.55,0,21.468304,0,1923.5,1920.0
2025-08-06 14:53:00,48.55,49.2,48.55,49.2,329500,21.664276,0,1924.0,1920.0
2025-08-06 14:54:00,49.2,49.2,49.2,49.2,0,21.511193,0,1924.5,1920.0
2025-08-06 14:55:00,49.2,49.2,49.2,49.2,0,21.542402,0,1924.4,1920.0
2025-08-06 14:56:00,49.2,50.0,49.2,50.0,331500,21.910578,0,1924.6,1920.0
2025-08-06 14:57:00,50.0,50.0,49.5,49.5,1000,21.64274,0,1924.6,1920.0
2025-08-06 14:58:00,49.5,49.5,49.25,49.25,332000,21.846105,0,1923.5,1920.0
2025-08-06 14:59:00,49.25,49.35,49.25,49.35,1500,21.68608,0,1924.2,1920.0
2025-08-06 15:00:00,49.35,49.35,48.1,48.95,342000,21.533317,0,1924.0,1920.0
2025-08-06 15:01:00,48.95,48.95,48.95,48.95,0,21.472389,0,1924.2,1920.0
2025-08-06 15:02:00,48.95,49.15,48.95,49.15,344000,21.733258,0,1923.7,1920.0
2025-08-06 15:03:00,49.15,49.15,49.15,49.15,500,21.886118,0,1923.2,1920.0
2025-08-06 15:04:00,49.15,49.15,49.15,49.15,0,21.76469,0,1923.6,1920.0
2025-08-06 15:05:00,49.15,49.15,49.15,49.15,0,21.826131,0,1923.4,1920.0
2025-08-06 15:06:00,49.15,49.15,49.15,49.15,0,21.765583,0,1923.6,1920.0
2025-08-06 15:07:00,49.15,49.15,49.15,49.15,0,21.827026,0,1923.4,1920.0
2025-08-06 15:08:00,49.15,49.15,49.15,49.15,345000,21.674766,0,1923.9,1920.0
2025-08-06 15:09:00,49.15,49.4,49.15,49.4,500,21.809268,0,1923.9,1920.0
2025-08-06 15:10:00,49.4,49.4,49.4,49.4,347500,22.144542,0,1922.8,1920.0
2025-08-06 15:11:00,49.4,49.4,49.2,49.2,1000,21.946885,0,1923.1,1920.0
2025-08-06 15:12:00,49.2,49.2,49.2,49.2,0,21.977705,0,1923.0,1920.0
2025-08-06 15:13:00,49.2,51.4,49.2,51.05,363500,22.54277,0,1924.4,1920.0
2025-08-06 15:14:00,51.05,51.05,51.05,51.05,0,22.726366,0,1923.8,1920.0
2025-08-06 15:15:00,51.05,51.05,51.05,51.05,0,22.848381,0,1923.4,1920.0
2025-08-06 15:16:00,51.05,51.05,51.05,51.05,0,22.757717,0,1923.7,1920.0
2025-08-06 15:17:00,51.05,51.05,49.8,49.8,364500,22.21021,0,1923.3,1920.0
2025-08-06 15:18:00,49.8,49.8,49.8,49.8,0,22.119346,0,1923.6,1920.0
2025-08-06 15:19:00,49.8,49.8,49.8,49.8,0,22.028229,0,1923.9,1920.0
2025-08-06 15:20:00,49.8,50.05,49.8,50.05,365000,22.315095,0,1923.4,1920.0
2025-08-06 15:21:00,50.05,50.05,50.0,50.0,500,21.767708,0,1925.1,1920.0
2025-08-06 15:22:00,50.0,50.5,50.0,50.4,368000,21.982982,0,1925.1,1920.0
2025-08-06 15:23:00,50.4,50.4,50.4,50.4,0,22.168076,0,1924.5,1920.0
2025-08-06 15:24:00,50.4,50.4,50.4,50.4,0,22.291057,0,1924.1,1920.0
2025-08-06 15:25:00,50.4,50.4,50.25,50.25,369000,21.965469,0,1924.9,1920.0
2025-08-06 15:26:00,50.25,50.4,50.25,50.4,500,22.444504,0,1923.6,1920.0
2025-08-06 15:27:00,50.4,50.55,49.8,50.55,372000,22.250366,0,1924.5,1920.0
2025-08-06 15:28:00,50.55,50.55,50.5,50.5,9500,22.070232,0,1925.0,1920.0
2025-08-06 15:29:00,50.5,50.5,50.4,50.4,373000,21.707179,0,1926.0,1920.0
2025-08-07 09:15:00,47.45,47.45,43.95,43.95,2500,20.230989,0,1921.0,1920.0
2025-08-07 09:16:00,36.5,41.65,36.5,41.65,10500,21.765195,0,1930.6,1940.0
2025-08-07 09:17:00,41.65,42.85,41.65,42.85,26000,22.297228,0,1931.0,1940.0
2025-08-07 09:18:00,53.65,53.65,52.75,52.75,10000,22.366131,0,1929.5,1920.0
2025-08-07 09:19:00,52.75,52.75,51.9,51.9,12000,22.190573,0,1928.6,1920.0
2025-08-07 09:20:00,51.9,51.9,50.35,50.35,21500,21.533602,0,1928.0,1920.0
2025-08-07 09:21:00,50.35,51.0,50.35,51.0,13000,22.210145,0,1927.0,1920.0
2025-08-07 09:22:00,51.0,51.0,49.15,49.15,23000,21.356715,0,1926.5,1920.0
2025-08-07 09:23:00,49.15,49.15,49.15,49.15,0,20.843667,0,1928.1,1920.0
2025-08-07 09:24:00,49.15,50.75,49.15,50.75,37000,21.561513,0,1928.6,1920.0
2025-08-07 09:25:00,50.75,50.75,50.75,50.75,0,21.883691,0,1927.6,1920.0
2025-08-07 09:26:00,50.75,50.75,49.15,49.15,38000,20.90969,0,1927.9,1920.0
2025-08-07 09:27:00,49.15,51.5,49.15,50.65,2500,21.507957,0,1928.6,1920.0
2025-08-07 09:28:00,50.65,50.65,50.5,50.5,39000,21.780043,0,1927.5,1920.0
2025-08-07 09:29:00,50.5,50.5,50.5,50.5,3000,21.361641,0,1928.8,1920.0
2025-08-07 09:30:00,50.5,50.65,50.5,50.65,41000,21.085785,0,1929.9,1920.0
2025-08-07 09:31:00,50.65,51.85,50.65,51.85,4500,21.845046,0,1929.6,1920.0
2025-08-07 09:32:00,51.85,51.85,50.25,50.25,42000,20.997346,0,1929.5,1920.0
2025-08-07 09:33:00,50.25,50.25,50.25,50.25,0,21.581152,0,1927.7,1920.0
2025-08-07 09:34:00,50.25,50.25,48.0,48.0,49000,20.763916,0,1926.4,1920.0
2025-08-07 09:35:00,48.0,48.0,48.0,48.0,0,20.6043,0,1926.9,1920.0
2025-08-07 09:36:00,48.0,48.0,48.0,48.0,0,21.082409,0,1925.4,1920.0
2025-08-07 09:37:00,48.0,48.0,48.0,48.0,51500,21.208987,0,1925.0,1920.0
2025-08-07 09:38:00,48.0,48.0,48.0,48.0,0,20.315295,0,1927.8,1920.0
2025-08-07 09:39:00,48.0,49.4,48.0,49.4,52000,21.020617,0,1928.0,1920.0
2025-08-07 09:40:00,49.4,50.0,49.4,50.0,1000,21.447202,0,1927.7,1920.0
2025-08-07 09:41:00,50.0,50.0,50.0,50.0,0,21.447661,0,1927.7,1920.0
2025-08-07 09:42:00,50.0,50.0,49.0,49.0,53500,21.027813,0,1927.3,1920.0
2025-08-07 09:43:00,49.0,49.0,49.0,49.0,0,20.931756,0,1927.6,1920.0
2025-08-07 09:44:00,49.0,49.0,49.0,49.0,0,20.964412,0,1927.5,1920.0
2025-08-07 09:45:00,49.0,49.0,49.0,49.0,0,21.221275,0,1926.7,1920.0
2025-08-07 09:46:00,49.0,49.0,49.0,49.0,0,20.511208,0,1928.9,1920.0
2025-08-07 09:47:00,49.0,49.0,49.0,49.0,54000,21.06218,0,1927.2,1920.0
2025-08-07 09:48:00,49.0,49.0,48.75,48.75,500,20.796687,0,1927.6,1920.0
2025-08-07 09:49:00,48.75,48.75,48.5,48.5,54500,21.203685,0,1925.9,1920.0
2025-08-07 09:50:00,48.5,48.5,48.5,48.5,0,21.108861,0,1926.2,1920.0
2025-08-07 09:51:00,48.5,48.5,48.5,48.5,0,21.236288,0,1925.8,1920.0
2025-08-07 09:52:00,48.5,48.5,48.0,48.0,55500,21.528962,0,1924.0,1920.0
2025-08-07 09:53:00,48.0,48.0,47.1,47.1,1000,20.912744,0,1924.4,1920.0
2025-08-07 09:54:00,47.1,47.7,47.1,47.7,56000,21.303645,0,1924.2,1920.0
2025-08-07 09:55:00,47.7,47.7,47.45,47.45,2500,20.916326,0,1925.0,1920.0
2025-08-07 09:56:00,47.45,47.45,47.15,47.15,56500,21.253525,0,1923.4,1920.0
2025-08-07 09:57:00,47.15,47.15,47.15,47.15,0,21.222906,0,1923.5,1920.0
2025-08-07 09:58:00,47.15,47.15,47.15,47.15,0,21.223358,0,1923.5,1920.0
2025-08-07 09:59:00,47.15,47.15,47.15,47.15,0,20.911381,0,1924.5,1920.0
2025-08-07 10:00:00,47.15,47.15,47.15,47.15,59500,20.911829,0,1924.5,1920.0
2025-08-07 10:01:00,47.15,47.15,47.05,47.05,500,20.982992,0,1924.1,1920.0
2025-08-07 10:02:00,47.05,47.05,47.05,47.05,0,21.263742,0,1923.2,1920.0
2025-08-07 10:03:00,47.05,47.5,47.05,47.5,60500,21.167183,0,1924.3,1920.0
2025-08-07 10:04:00,47.5,47.5,47.5,47.5,0,21.230185,0,1924.1,1920.0
2025-08-07 10:05:00,47.5,47.5,47.5,47.5,0,21.386473,0,1923.6,1920.0
2025-08-07 10:06:00,47.5,47.5,47.0,47.0,61000,21.020434,0,1923.9,1920.0
2025-08-07 10:07:00,47.0,47.0,47.0,47.0,0,21.393415,0,1922.7,1920.0
2025-08-07 10:08:00,47.0,47.0,46.9,46.9,63500,22.252811,0,1919.7,1920.0
2025-08-07 10:09:00,46.9,46.9,45.0,45.0,5000,21.280792,0,1919.5,1920.0
2025-08-07 10:10:00,45.0,45.0,44.2,44.2,67000,22.1759,0,1915.0,1920.0
2025-08-07 10:11:00,44.2,44.6,44.2,44.6,6000,22.39317,0,1915.0,1920.0
2025-08-07 10:12:00,44.6,45.15,44.6,45.15,71000,22.342377,0,1916.2,1920.0
2025-08-07 10:13:00,45.15,45.15,44.35,44.35,7500,22.287569,0,1914.9,1920.0
2025-08-07 10:14:00,44.35,44.35,44.35,44.35,0,22.259048,0,1915.0,1920.0
2025-08-07 10:15:00,44.35,45.05,44.35,45.05,82000,21.995789,0,1917.2,1920.0
2025-08-07 10:16:00,45.05,45.3,45.05,45.3,2000,22.425578,0,1916.2,1920.0
2025-08-07 10:17:00,45.3,45.7,45.3,45.7,83500,22.231304,0,1917.6,1920.0
2025-08-07 10:18:00,45.7,45.7,45.7,45.7,0,21.904969,0,1918.7,1920.0
2025-08-07 10:19:00,45.7,45.7,45.7,45.7,0,21.905429,0,1918.7,1920.0
2025-08-07 10:20:00,45.7,45.7,45.7,45.7,0,22.203108,0,1917.7,1920.0
2025-08-07 10:21:00,45.7,46.05,45.7,46.05,91000,22.541164,0,1917.2,1920.0
2025-08-07 10:22:00,46.05,46.05,46.05,46.05,0,22.453128,0,1917.5,1920.0
2025-08-07 10:23:00,46.05,46.05,46.05,46.05,0,22.364872,0,1917.8,1920.0
2025-08-07 10:24:00,46.05,46.05,46.0,46.0,91500,22.397373,0,1917.6,1920.0
2025-08-07 10:25:00,46.0,46.0,45.9,45.9,2000,21.777267,0,1919.5,1920.0
2025-08-07 10:26:00,45.9,46.6,45.9,46.6,95500,22.753479,0,1917.5,1920.0
2025-08-07 10:27:00,46.6,46.6,45.0,45.0,2500,22.355653,0,1915.9,1920.0
2025-08-07 10:28:00,45.0,45.0,44.5,44.5,97000,22.288798,0,1915.2,1920.0
2025-08-07 10:29:00,44.5,44.5,44.25,44.5,4000,22.922796,0,1913.0,1920.0
2025-08-07 10:30:00,44.5,44.5,43.0,43.0,99000,22.536522,0,1911.5,1920.0
2025-08-07 10:31:00,43.0,43.0,43.0,43.0,0,22.818495,0,1910.5,1920.0
2025-08-07 10:32:00,52.7,52.7,52.7,52.7,74500,22.515273,0,1909.9,1900.0
2025-08-07 10:33:00,42.25,42.55,42.25,42.55,3500,22.237504,0,1911.7,1920.0
2025-08-07 10:34:00,42.55,43.0,42.5,42.5,107000,22.323882,0,1911.3,1920.0
2025-08-07 10:35:00,42.5,42.5,42.5,42.5,4500,22.211325,0,1911.7,1920.0
2025-08-07 10:36:00,42.5,42.85,42.5,42.85,107500,22.174417,0,1912.5,1920.0
2025-08-07 10:37:00,42.85,42.85,42.85,42.85,0,22.203331,0,1912.4,1920.0
2025-08-07 10:38:00,42.85,42.85,42.5,42.5,113000,22.269253,0,1911.5,1920.0
2025-08-07 10:39:00,42.5,42.5,42.5,42.5,1000,21.986096,0,1912.5,1920.0
2025-08-07 10:40:00,42.5,42.75,42.5,42.75,114000,22.150508,0,1912.4,1920.0
2025-08-07 10:41:00,42.75,42.95,42.75,42.95,1500,22.059716,0,1913.1,1920.0
2025-08-07 10:42:00,42.95,42.95,42.6,42.6,115000,21.956157,0,1912.8,1920.0
2025-08-07 10:43:00,42.6,42.6,42.6,42.6,2500,22.155827,0,1912.1,1920.0
2025-08-07 10:44:00,42.6,42.7,42.6,42.7,116000,22.23886,0,1912.0,1920.0
2025-08-07 10:45:00,53.45,53.45,52.0,52.0,89000,22.099022,0,1910.0,1900.0
2025-08-07 10:46:00,52.0,52.0,51.55,51.55,4000,21.84889,0,1910.0,1900.0
2025-08-07 10:47:00,41.7,41.7,41.7,41.7,0,22.093234,0,1910.6,1920.0
2025-08-07 10:48:00,51.55,51.95,51.25,51.25,95500,22.011933,0,1909.0,1900.0
2025-08-07 10:49:00,51.25,51.25,50.05,50.05,3000,22.028337,0,1906.9,1900.0
2025-08-07 10:50:00,50.05,50.4,50.05,50.4,96500,22.029181,0,1907.5,1900.0
2025-08-07 10:51:00,50.4,50.75,50.4,50.75,4000,22.288283,0,1907.3,1900.0
2025-08-07 10:52:00,50.75,50.9,50.65,50.65,99000,22.522379,0,1906.4,1900.0
2025-08-07 10:53:00,50.65,50.65,50.65,50.65,0,22.394703,0,1906.8,1900.0
2025-08-07 10:54:00,50.65,50.65,50.55,50.55,105000,22.275516,0,1907.0,1900.0
2025-08-07 10:55:00,50.55,50.55,50.55,50.55,0,22.082361,0,1907.6,1900.0
2025-08-07 10:56:00,50.55,50.65,50.55,50.6,108000,22.271975,0,1907.1,1900.0
2025-08-07 10:57:00,50.6,50.8,50.6,50.8,1000,22.383259,0,1907.1,1900.0
2025-08-07 10:58:00,50.8,50.8,50.45,50.45,108500,22.028301,0,1907.6,1900.0
2025-08-07 10:59:00,50.45,50.45,50.45,50.45,0,21.963942,0,1907.8,1900.0
2025-08-07 11:00:00,50.45,51.0,50.45,51.0,111000,22.107235,0,1908.3,1900.0
2025-08-07 11:01:00,51.0,51.0,50.6,50.6,500,22.145265,0,1907.5,1900.0
2025-08-07 11:02:00,50.6,50.6,49.65,49.65,112500,22.1016,0,1906.0,1900.0
2025-08-07 11:03:00,49.65,49.65,49.65,49.65,0,22.577928,0,1904.5,1900.0
2025-08-07 11:04:00,49.65,49.65,48.55,49.45,117500,22.404894,0,1904.7,1900.0
2025-08-07 11:05:00,49.45,49.45,48.75,48.75,1500,22.239403,0,1904.0,1900.0
2025-08-07 11:06:00,48.75,48.75,47.65,47.65,120000,22.564997,0,1901.0,1900.0
2025-08-07 11:07:00,47.65,49.45,47.65,49.45,3000,22.406311,0,1904.7,1900.0
2025-08-07 11:08:00,49.45,49.45,49.1,49.1,120500,22.465361,0,1903.9,1900.0
2025-08-07 11:09:00,49.1,50.1,49.1,50.1,13500,21.611444,0,1908.3,1900.0
2025-08-07 11:10:00,50.1,51.7,50.1,51.7,125000,22.174209,0,1909.3,1900.0
2025-08-07 11:11:00,51.7,51.7,51.7,51.7,0,22.338289,0,1908.8,1900.0
2025-08-07 11:12:00,51.7,51.7,51.7,51.7,0,23.049035,0,1906.6,1900.0
2025-08-07 11:13:00,51.7,51.7,51.7,51.7,0,22.889418,0,1907.1,1900.0
2025-08-07 11:14:00,51.7,51.7,50.3,50.5,140500,21.933764,0,1908.0,1900.0
2025-08-07 11:15:00,50.5,50.5,50.15,50.15,500,21.739844,0,1908.0,1900.0
2025-08-07 11:16:00,50.15,50.15,50.15,50.15,0,21.772851,0,1907.9,1900.0
2025-08-07 11:17:00,50.15,50.95,50.0,50.0,147500,22.270407,0,1906.1,1900.0
2025-08-07 11:18:00,50.0,50.0,49.0,49.0,2000,22.162896,0,1904.7,1900.0
2025-08-07 11:19:00,49.0,49.0,48.5,48.5,149000,22.576485,0,1902.5,1900.0
2025-08-07 11:20:00,48.5,48.5,48.5,48.5,0,22.452645,0,1902.9,1900.0
2025-08-07 11:21:00,48.5,48.5,48.5,48.5,152000,22.51533,0,1902.7,1900.0
2025-08-07 11:22:00,48.5,48.5,48.1,48.1,4000,21.951395,0,1903.8,1900.0
2025-08-07 11:23:00,48.1,48.1,48.1,48.1,0,22.202342,0,1903.0,1900.0
2025-08-07 11:24:00,48.1,48.1,48.1,48.1,0,21.889408,0,1904.0,1900.0
2025-08-07 11:25:00,48.1,48.1,48.1,48.1,0,22.203279,0,1903.0,1900.0
2025-08-07 11:26:00,48.1,49.05,48.1,49.05,159500,22.571576,0,1903.5,1900.0
2025-08-07 11:27:00,49.05,49.05,48.95,48.95,1000,22.828226,0,1902.5,1900.0
2025-08-07 11:28:00,48.95,48.95,48.95,48.95,160000,22.704501,0,1902.9,1900.0
2025-08-07 11:29:00,48.95,48.95,48.75,48.75,1500,22.563588,0,1903.0,1900.0
2025-08-07 11:30:00,48.75,48.75,48.5,48.5,166500,22.457366,0,1902.9,1900.0
2025-08-07 11:31:00,48.5,49.1,48.5,49.1,2000,22.632783,0,1903.4,1900.0
2025-08-07 11:32:00,49.1,49.1,48.25,48.25,167000,22.47589,0,1902.4,1900.0
2025-08-07 11:33:00,48.25,48.25,48.25,48.25,0,22.600207,0,1902.0,1900.0
2025-08-07 11:34:00,48.25,48.4,48.25,48.4,173500,22.683305,0,1902.0,1900.0
2025-08-07 11:35:00,48.4,48.4,48.4,48.4,1000,22.652868,0,1902.1,1900.0
2025-08-07 11:36:00,48.4,48.4,47.2,47.2,175500,22.81927,0,1899.4,1900.0
2025-08-07 11:37:00,47.2,47.2,47.0,47.0,6000,22.679514,0,1899.5,1900.0
2025-08-07 11:38:00,47.0,47.55,47.0,47.55,179000,21.905948,0,1903.0,1900.0
2025-08-07 11:39:00,47.55,47.55,47.55,47.55,0,21.781209,0,1903.4,1900.0
2025-08-07 11:40:00,47.55,48.85,47.55,48.85,187000,22.686182,0,1902.8,1900.0
2025-08-07 11:41:00,48.85,48.85,48.85,48.85,0,22.934501,0,1902.0,1900.0
2025-08-07 11:42:00,48.85,48.85,48.0,48.0,187500,22.311759,0,1902.5,1900.0
2025-08-07 11:43:00,48.0,48.0,47.5,47.5,1000,22.31531,0,1901.6,1900.0
2025-08-07 11:44:00,47.5,48.6,47.5,48.6,188500,22.237733,0,1903.8,1900.0
2025-08-07 11:45:00,48.6,48.6,48.6,48.6,0,22.39482,0,1903.3,1900.0
2025-08-07 11:46:00,48.6,48.6,48.6,48.6,0,22.799183,0,1902.0,1900.0
2025-08-07 11:47:00,48.6,48.6,48.6,48.6,0,22.923004,0,1901.6,1900.0
2025-08-07 11:48:00,48.6,48.6,48.6,48.6,0,23.290993,0,1900.4,1900.0
2025-08-07 11:49:00,48.6,48.6,48.6,48.6,0,23.046882,0,1901.2,1900.0
2025-08-07 11:50:00,48.6,48.6,47.75,47.75,190000,22.732726,0,1900.7,1900.0
2025-08-07 11:51:00,47.75,48.05,47.75,48.05,1000,22.529445,0,1901.9,1900.0
2025-08-07 11:52:00,48.05,48.05,48.05,48.05,0,22.684073,0,1901.4,1900.0
2025-08-07 11:53:00,48.05,48.05,48.05,48.05,0,22.18881,0,1903.0,1900.0
2025-08-07 11:54:00,48.05,48.05,48.05,48.05,0,22.064206,0,1903.4,1900.0
2025-08-07 11:55:00,48.05,48.05,48.05,48.05,0,22.033332,0,1903.5,1900.0
2025-08-07 11:56:00,48.05,48.05,48.05,48.05,191500,22.06514,0,1903.4,1900.0
2025-08-07 11:57:00,48.05,48.05,48.05,48.05,500,22.253046,0,1902.8,1900.0
2025-08-07 11:58:00,48.05,48.05,48.05,48.05,192000,22.097387,0,1903.3,1900.0
2025-08-07 11:59:00,48.05,48.25,48.05,48.25,1000,22.05147,0,1903.8,1900.0
2025-08-07 12:00:00,48.25,48.25,48.25,48.25,0,22.051937,0,1903.8,1900.0
2025-08-07 12:01:00,48.25,48.25,47.8,48.2,194000,22.150289,0,1903.4,1900.0
2025-08-07 12:02:00,48.2,48.8,48.2,48.8,7000,21.850618,0,1905.4,1900.0
2025-08-07 12:03:00,48.8,48.8,48.8,48.8,0,21.978324,0,1905.0,1900.0
2025-08-07 12:04:00,48.8,48.8,48.8,48.8,0,22.042225,0,1904.8,1900.0
2025-08-07 12:05:00,48.8,49.1,48.8,49.1,203000,21.986238,0,1905.5,1900.0
2025-08-07 12:06:00,49.1,49.25,49.1,49.25,1000,22.101596,0,1905.4,1900.0
2025-08-07 12:07:00,49.25,49.25,48.9,48.9,205000,22.225413,0,1904.4,1900.0
2025-08-07 12:08:00,48.9,48.9,48.15,48.15,1500,21.747923,0,1904.6,1900.0
2025-08-07 12:09:00,48.15,48.8,48.15,48.8,206500,21.885735,0,1905.3,1900.0
2025-08-07 12:10:00,48.8,48.8,48.15,48.15,4500,21.875349,0,1904.2,1900.0
2025-08-07 12:11:00,48.15,48.8,48.15,48.8,207500,21.854807,0,1905.4,1900.0
2025-08-07 12:12:00,48.8,48.8,48.8,48.8,0,22.172484,0,1904.4,1900.0
2025-08-07 12:13:00,48.8,48.8,48.8,48.8,0,21.727979,0,1905.8,1900.0
2025-08-07 12:14:00,48.8,48.8,48.8,48.8,0,21.760431,0,1905.7,1900.0
2025-08-07 12:15:00,48.8,48.8,48.8,48.8,0,21.760896,0,1905.7,1900.0
2025-08-07 12:16:00,48.8,48.8,48.8,48.8,0,21.825242,0,1905.5,1900.0
2025-08-07 12:17:00,48.8,48.8,48.0,48.0,213000,21.732446,0,1904.4,1900.0
2025-08-07 12:18:00,48.0,48.0,47.55,47.55,2000,21.641993,0,1903.9,1900.0
2025-08-07 12:19:00,47.55,48.55,47.55,48.55,213500,21.751961,0,1905.3,1900.0
2025-08-07 12:20:00,48.55,48.6,48.5,48.6,3000,21.620381,0,1905.8,1900.0
2025-08-07 12:21:00,48.6,48.6,48.45,48.45,215000,21.888235,0,1904.7,1900.0
2025-08-07 12:22:00,48.45,48.45,48.45,48.45,0,22.204132,0,1903.7,1900.0
2025-08-07 12:23:00,48.45,48.45,48.25,48.25,223500,21.778503,0,1904.7,1900.0
2025-08-07 12:24:00,48.25,48.25,48.25,48.25,5000,21.715476,0,1904.9,1900.0
2025-08-07 12:25:00,48.25,48.25,48.25,48.25,0,21.77943,0,1904.7,1900.0
2025-08-07 12:26:00,48.25,48.25,48.25,48.25,0,21.620929,0,1905.2,1900.0
2025-08-07 12:27:00,48.25,48.25,48.25,48.25,0,21.685073,0,1905.0,1900.0
2025-08-07 12:28:00,48.25,48.3,48.25,48.3,229000,21.713219,0,1905.0,1900.0
2025-08-07 12:29:00,48.3,48.3,48.3,48.3,0,21.618124,0,1905.3,1900.0
2025-08-07 12:30:00,48.3,48.5,48.3,48.5,229500,21.665548,0,1905.5,1900.0
2025-08-07 12:31:00,48.5,48.65,48.5,48.65,500,21.812918,0,1905.3,1900.0
2025-08-07 12:32:00,48.65,48.65,48.5,48.5,230000,21.857575,0,1904.9,1900.0
2025-08-07 12:33:00,48.5,48.5,47.2,47.2,10000,21.800713,0,1902.8,1900.0
2025-08-07 12:34:00,47.2,47.45,47.2,47.45,230500,21.6256,0,1903.8,1900.0
2025-08-07 12:35:00,47.45,47.45,47.45,47.45,11000,21.970871,0,1902.7,1900.0
2025-08-07 12:36:00,47.45,48.0,47.45,48.0,231500,21.709579,0,1904.5,1900.0
2025-08-07 12:37:00,48.0,48.25,48.0,48.25,11500,21.97476,0,1904.1,1900.0
2025-08-07 12:38:00,48.25,48.25,48.25,48.25,233500,21.943676,0,1904.2,1900.0
2025-08-07 12:39:00,48.25,48.25,48.25,48.25,0,21.944142,0,1904.2,1900.0
2025-08-07 12:40:00,48.25,48.25,48.25,48.25,0,21.97616,0,1904.1,1900.0
2025-08-07 12:41:00,48.25,48.25,48.25,48.25,0,21.881879,0,1904.4,1900.0
2025-08-07 12:42:00,48.25,48.65,48.25,48.65,247000,22.103617,0,1904.4,1900.0
2025-08-07 12:43:00,48.65,48.65,48.5,48.65,1500,22.792097,0,1902.2,1900.0
2025-08-07 12:44:00,48.65,48.65,48.65,48.65,0,22.167683,0,1904.2,1900.0
2025-08-07 12:45:00,48.65,49.15,48.65,49.15,254000,22.538952,0,1903.9,1900.0
2025-08-07 12:46:00,49.15,49.15,49.15,49.15,0,22.570818,0,1903.8,1900.0
2025-08-07 12:47:00,49.15,49.15,48.55,48.55,254500,22.333873,0,1903.5,1900.0
2025-08-07 12:48:00,48.55,48.55,48.55,48.55,500,22.17729,0,1904.0,1900.0
2025-08-07 12:49:00,48.55,48.55,48.55,48.55,0,22.303464,0,1903.6,1900.0
2025-08-07 12:50:00,48.55,48.55,48.55,48.55,0,22.366612,0,1903.4,1900.0
2025-08-07 12:51:00,48.55,48.55,48.55,48.55,0,22.367085,0,1903.4,1900.0
2025-08-07 12:52:00,48.55,48.55,48.55,48.55,0,22.648197,0,1902.5,1900.0
2025-08-07 12:53:00,48.55,48.55,47.05,47.05,257000,21.914092,0,1902.2,1900.0
2025-08-07 12:54:00,47.05,47.3,47.05,47.3,1000,22.145575,0,1901.9,1900.0
2025-08-07 12:55:00,47.3,47.3,47.3,47.3,0,22.207933,0,1901.7,1900.0
2025-08-07 12:56:00,47.3,47.3,46.3,46.3,260000,21.656746,0,1901.7,1900.0
2025-08-07 12:57:00,46.3,46.3,46.3,46.3,5000,21.533033,0,1902.1,1900.0
2025-08-07 12:58:00,46.3,46.35,46.3,46.35,261000,21.685253,0,1901.7,1900.0
2025-08-07 12:59:00,46.35,46.8,46.35,46.75,6500,21.906407,0,1901.7,1900.0
2025-08-07 13:00:00,46.75,46.75,46.0,46.0,264000,21.985494,0,1900.1,1900.0
2025-08-07 13:01:00,46.0,46.0,46.0,46.0,0,22.441316,0,1898.6,1900.0
2025-08-07 13:02:00,46.0,46.0,45.45,45.85,272000,21.995359,0,1899.8,1900.0
2025-08-07 13:03:00,45.85,46.0,45.85,46.0,500,22.017427,0,1900.0,1900.0
2025-08-07 13:04:00,46.0,46.0,46.0,46.0,0,22.017891,0,1900.0,1900.0
2025-08-07 13:05:00,46.0,46.0,46.0,46.0,0,22.413017,0,1898.7,1900.0
2025-08-07 13:06:00,46.0,46.0,46.0,46.0,0,22.473815,0,1898.5,1900.0
2025-08-07 13:07:00,46.0,46.0,44.9,44.9,278500,21.989578,0,1898.1,1900.0
2025-08-07 13:08:00,44.9,45.35,44.9,45.35,500,21.783694,0,1899.6,1900.0
2025-08-07 13:09:00,45.35,45.35,45.35,45.35,280500,21.692656,0,1899.9,1900.0
2025-08-07 13:10:00,45.35,45.35,45.35,45.35,0,21.693113,0,1899.9,1900.0
2025-08-07 13:11:00,45.35,45.35,45.0,45.0,283500,22.226462,0,1897.5,1900.0
2025-08-07 13:12:00,45.0,45.0,44.75,44.75,1000,21.576775,0,1899.2,1900.0
2025-08-07 13:13:00,44.75,44.75,44.75,44.75,0,21.728809,0,1898.7,1900.0
2025-08-07 13:14:00,44.75,44.75,44.75,44.75,0,21.425429,0,1899.7,1900.0
2025-08-07 13:15:00,44.75,44.75,44.75,44.75,285000,21.486871,0,1899.5,1900.0
2025-08-07 13:16:00,44.75,44.75,44.75,44.75,1000,21.639315,0,1899.0,1900.0
2025-08-07 13:17:00,44.75,44.75,44.5,44.5,285500,21.562744,0,1898.8,1900.0
2025-08-07 13:18:00,44.5,44.5,44.15,44.15,6000,21.551843,0,1898.2,1900.0
2025-08-07 13:19:00,44.15,44.15,44.0,44.0,286500,20.830485,0,1900.3,1900.0
2025-08-07 13:20:00,44.0,44.5,44.0,44.5,7000,21.594387,0,1898.7,1900.0
2025-08-07 13:21:00,44.5,44.5,44.0,44.0,287000,21.470653,0,1898.2,1900.0
2025-08-07 13:22:00,44.0,44.0,43.85,43.85,8000,22.045783,0,1896.0,1900.0
2025-08-07 13:23:00,43.85,43.85,42.5,42.5,287500,21.481558,0,1895.4,1900.0
2025-08-07 13:24:00,42.5,42.6,42.5,42.6,9500,21.68408,0,1894.9,1900.0
2025-08-07 13:25:00,42.6,43.1,42.6,43.1,288500,21.929887,0,1895.0,1900.0
2025-08-07 13:26:00,43.1,43.1,43.1,43.1,0,21.900958,0,1895.1,1900.0
2025-08-07 13:27:00,43.1,43.1,42.65,42.65,299500,21.565802,0,1895.4,1900.0
2025-08-07 13:28:00,42.65,42.8,42.65,42.8,1000,21.737025,0,1895.1,1900.0
2025-08-07 13:29:00,42.8,42.8,42.6,42.6,300000,21.656977,0,1895.0,1900.0
2025-08-07 13:30:00,42.6,42.6,42.6,42.6,0,21.686808,0,1894.9,1900.0
2025-08-07 13:31:00,42.6,42.6,42.6,42.6,0,21.804531,0,1894.5,1900.0
2025-08-07 13:32:00,42.6,42.8,42.6,42.8,303000,22.090048,0,1893.9,1900.0
2025-08-07 13:33:00,42.8,42.8,41.7,41.7,2500,21.891938,0,1892.5,1900.0
2025-08-07 13:34:00,41.7,41.95,41.7,41.95,303500,21.798432,0,1893.3,1900.0
2025-08-07 13:35:00,41.95,42.35,41.95,42.35,5000,21.989598,0,1893.4,1900.0
2025-08-07 13:36:00,42.35,42.35,41.9,41.9,305500,22.060751,0,1892.3,1900.0
2025-08-07 13:37:00,41.9,41.9,41.9,41.9,0,22.003613,0,1892.5,1900.0
2025-08-07 13:38:00,41.9,41.9,41.9,41.9,0,22.061668,0,1892.3,1900.0
2025-08-07 13:39:00,41.9,41.9,41.65,41.65,311500,21.577851,0,1893.5,1900.0
2025-08-07 13:40:00,41.65,42.4,41.65,42.4,1000,21.728003,0,1894.4,1900.0
2025-08-07 13:41:00,42.4,42.5,42.4,42.5,312000,21.666212,0,1894.8,1900.0
2025-08-07 13:42:00,42.5,42.75,42.5,42.75,1500,21.804059,0,1894.8,1900.0
2025-08-07 13:43:00,42.75,42.75,42.25,42.25,315500,21.676186,0,1894.3,1900.0
2025-08-07 13:44:00,42.25,43.7,42.25,43.7,4000,21.646244,0,1897.1,1900.0
2025-08-07 13:45:00,43.7,43.85,43.7,43.85,317500,21.967467,0,1896.3,1900.0
2025-08-07 13:46:00,43.85,43.85,43.25,43.25,6500,21.992574,0,1895.1,1900.0
2025-08-07 13:47:00,43.25,43.25,43.0,43.0,319500,21.973072,0,1894.7,1900.0
2025-08-07 13:48:00,43.0,43.3,43.0,43.3,7500,22.343012,0,1894.0,1900.0
2025-08-07 13:49:00,43.3,43.3,43.0,43.3,325000,22.197444,0,1894.5,1900.0
2025-08-07 13:50:00,43.3,43.3,42.55,42.55,8500,21.931819,0,1894.0,1900.0
2025-08-07 13:51:00,42.55,42.55,42.05,42.05,326500,22.293669,0,1891.8,1900.0
2025-08-07 13:52:00,42.05,42.3,42.05,42.3,9000,21.940884,0,1893.5,1900.0
2025-08-07 13:53:00,42.3,42.3,42.3,42.3,0,22.086303,0,1893.0,1900.0
2025-08-07 13:54:00,42.3,42.3,42.3,42.3,0,21.941801,0,1893.5,1900.0
2025-08-07 13:55:00,42.3,42.3,42.3,42.3,0,21.971297,0,1893.4,1900.0
2025-08-07 13:56:00,42.3,42.6,42.3,42.5,338000,21.994475,0,1893.7,1900.0
2025-08-07 13:57:00,42.5,42.5,42.5,42.5,0,21.819952,0,1894.3,1900.0
2025-08-07 13:58:00,42.5,42.5,42.5,42.5,0,21.87883,0,1894.1,1900.0
2025-08-07 13:59:00,42.5,42.5,42.5,42.5,0,21.733055,0,1894.6,1900.0
2025-08-07 14:00:00,42.5,42.5,42.5,42.5,0,21.704192,0,1894.7,1900.0
2025-08-07 14:01:00,42.5,42.5,42.5,42.5,0,21.291622,0,1896.1,1900.0
2025-08-07 14:02:00,42.5,43.55,42.5,43.55,342500,21.301766,0,1898.0,1900.0
2025-08-07 14:03:00,43.55,44.35,43.55,44.35,1500,21.982729,0,1897.2,1900.0
2025-08-07 14:04:00,44.35,45.1,44.35,45.1,344500,21.580063,0,1899.9,1900.0
2025-08-07 14:05:00,45.1,47.4,45.1,47.4,7000,22.016392,0,1902.6,1900.0
2025-08-07 14:06:00,47.4,48.05,47.2,48.05,350000,22.407232,0,1902.5,1900.0
2025-08-07 14:07:00,48.05,48.05,46.1,46.85,10000,21.96222,0,1901.8,1900.0
2025-08-07 14:08:00,46.85,47.25,46.85,47.25,350500,21.997228,0,1902.4,1900.0
2025-08-07 14:09:00,47.25,47.25,47.25,47.25,0,22.24597,0,1901.6,1900.0
2025-08-07 14:10:00,47.25,47.25,47.0,47.0,364500,22.108399,0,1901.6,1900.0
2025-08-07 14:11:00,47.0,47.0,47.0,47.0,0,21.984887,0,1902.0,1900.0
2025-08-07 14:12:00,47.0,48.0,47.0,48.0,370000,21.943857,0,1903.9,1900.0
2025-08-07 14:13:00,48.0,48.0,47.8,47.85,1500,22.486331,0,1901.9,1900.0
2025-08-07 14:14:00,47.85,47.85,47.35,47.35,372000,21.773827,0,1903.3,1900.0
2025-08-07 14:15:00,47.35,48.2,47.35,48.2,3000,22.181827,0,1903.5,1900.0
2025-08-07 14:16:00,48.2,48.55,48.2,48.55,374000,22.313137,0,1903.7,1900.0
2025-08-07 14:17:00,48.55,49.5,48.55,49.5,8000,21.885078,0,1906.7,1900.0
2025-08-07 14:18:00,49.5,50.0,49.5,50.0,379500,21.545305,0,1908.6,1900.0
2025-08-07 14:19:00,50.0,50.5,50.0,50.5,13000,22.020785,0,1908.0,1900.0
2025-08-07 14:20:00,50.5,51.5,50.5,51.5,381500,22.120012,0,1909.4,1900.0
2025-08-07 14:21:00,51.5,51.5,50.85,50.85,15500,22.216611,0,1908.0,1900.0
2025-08-07 14:22:00,40.4,41.9,40.4,41.9,335000,22.328628,0,1910.5,1920.0
2025-08-07 14:23:00,51.9,51.9,51.85,51.85,16000,22.118729,0,1910.0,1900.0
2025-08-07 14:24:00,51.85,51.85,50.0,50.0,388000,22.294892,0,1906.3,1900.0
2025-08-07 14:25:00,50.0,50.0,49.3,49.4,17500,21.897742,0,1906.5,1900.0
2025-08-07 14:26:00,49.4,49.4,48.65,48.65,389000,22.436009,0,1903.5,1900.0
2025-08-07 14:27:00,48.65,48.65,47.65,47.65,21500,21.945894,0,1903.3,1900.0
2025-08-07 14:28:00,47.65,48.0,47.65,47.65,396000,21.535735,0,1904.6,1900.0
2025-08-07 14:29:00,47.65,49.3,47.65,49.3,24000,22.323945,0,1905.0,1900.0
2025-08-07 14:30:00,49.3,49.5,49.05,49.5,397500,21.891176,0,1906.7,1900.0
2025-08-07 14:31:00,49.5,49.5,49.2,49.2,26000,21.465286,0,1907.5,1900.0
2025-08-07 14:32:00,49.2,49.2,49.2,49.2,0,22.046776,0,1905.7,1900.0
2025-08-07 14:33:00,49.2,49.2,48.05,48.05,424000,21.696282,0,1904.8,1900.0
2025-08-07 14:34:00,48.05,48.05,48.05,48.05,0,21.88708,0,1904.2,1900.0
2025-08-07 14:35:00,48.05,48.05,48.05,48.05,0,22.139623,0,1903.4,1900.0
2025-08-07 14:36:00,48.05,50.0,48.05,50.0,425000,22.841855,0,1904.6,1900.0
2025-08-07 14:37:00,50.0,50.0,48.9,48.9,1500,22.169483,0,1904.8,1900.0
2025-08-07 14:38:00,48.9,49.55,48.9,49.55,426000,22.371449,0,1905.3,1900.0
2025-08-07 14:39:00,49.55,49.8,49.25,49.25,3500,22.141737,0,1905.5,1900.0
2025-08-07 14:40:00,49.25,49.45,48.45,48.45,429000,22.269131,0,1903.7,1900.0
2025-08-07 14:41:00,48.45,48.45,48.45,48.45,0,21.953616,0,1904.7,1900.0
2025-08-07 14:42:00,48.45,49.2,48.45,49.2,433500,22.401523,0,1904.6,1900.0
2025-08-07 14:43:00,49.2,49.2,49.15,49.15,2500,22.310911,0,1904.8,1900.0
2025-08-07 14:44:00,49.15,50.4,49.15,49.35,437000,22.039623,0,1906.0,1900.0
2025-08-07 14:45:00,49.35,50.0,49.35,50.0,4500,23.035215,0,1904.0,1900.0
2025-08-07 14:46:00,50.0,50.0,48.95,49.0,444500,22.292581,0,1904.6,1900.0
2025-08-07 14:47:00,49.0,49.0,49.0,49.0,0,22.166117,0,1905.0,1900.0
2025-08-07 14:48:00,49.0,49.0,48.9,48.9,452000,22.301406,0,1904.4,1900.0
2025-08-07 14:49:00,48.9,48.9,48.9,48.9,0,22.111598,0,1905.0,1900.0
2025-08-07 14:50:00,48.9,50.2,48.9,50.2,455000,21.802929,0,1908.2,1900.0
2025-08-07 14:51:00,50.2,50.2,50.2,50.2,0,21.6723,0,1908.6,1900.0
2025-08-07 14:52:00,50.2,51.8,50.2,51.25,459500,22.09443,0,1909.1,1900.0
2025-08-07 14:53:00,51.25,51.25,50.7,50.7,500,22.569063,0,1906.7,1900.0
2025-08-07 14:54:00,50.7,50.7,50.2,50.3,460500,21.958494,0,1907.9,1900.0
2025-08-07 14:55:00,50.3,50.6,50.3,50.6,1500,22.738897,0,1906.0,1900.0
2025-08-07 14:56:00,50.6,50.6,50.0,50.0,465500,22.245825,0,1906.5,1900.0
2025-08-07 14:57:00,50.0,50.0,49.6,49.6,2000,22.056154,0,1906.4,1900.0
2025-08-07 14:58:00,49.6,49.6,49.0,49.0,467000,22.075775,0,1905.3,1900.0
2025-08-07 14:59:00,49.0,49.0,49.0,49.0,0,21.980427,0,1905.6,1900.0
2025-08-07 15:00:00,49.0,49.25,49.0,49.1,471500,21.940351,0,1905.9,1900.0
2025-08-07 15:01:00,49.1,50.55,49.1,50.55,1500,22.068501,0,1908.0,1900.0
2025-08-07 15:02:00,50.55,50.55,50.2,50.2,472500,21.775838,0,1908.3,1900.0
2025-08-07 15:03:00,50.2,50.55,50.2,50.55,2000,21.807556,0,1908.8,1900.0
2025-08-07 15:04:00,50.55,51.5,50.55,51.5,474500,22.140941,0,1909.4,1900.0
2025-08-07 15:05:00,40.65,41.25,40.65,41.25,415500,21.938393,0,1910.7,1920.0
2025-08-07 15:06:00,41.25,42.5,41.25,42.5,7000,22.165519,0,1912.3,1920.0
2025-08-07 15:07:00,42.5,42.5,42.3,42.3,431500,21.741974,0,1913.4,1920.0
2025-08-07 15:08:00,42.3,42.7,41.75,41.75,15000,21.843692,0,1912.0,1920.0
2025-08-07 15:09:00,41.75,42.45,41.75,42.35,434500,21.913689,0,1912.9,1920.0
2025-08-07 15:10:00,42.35,42.5,42.25,42.5,21500,22.281308,0,1911.9,1920.0
2025-08-07 15:11:00,42.5,42.5,42.15,42.3,436500,22.087476,0,1912.2,1920.0
2025-08-07 15:12:00,42.3,42.35,42.2,42.2,24000,21.919292,0,1912.6,1920.0
2025-08-07 15:13:00,42.2,42.6,42.2,42.6,438000,22.051622,0,1912.9,1920.0
2025-08-07 15:14:00,42.6,42.8,42.1,42.1,26000,22.008482,0,1912.1,1920.0
2025-08-07 15:15:00,42.1,42.85,42.1,42.85,440500,21.698205,0,1914.6,1920.0
2025-08-07 15:16:00,42.85,42.85,42.65,42.65,29000,22.051553,0,1913.0,1920.0
2025-08-07 15:17:00,42.65,42.65,42.1,42.1,441500,21.551195,0,1913.7,1920.0
2025-08-07 15:18:00,42.1,43.0,42.1,43.0,31000,21.868297,0,1914.3,1920.0
2025-08-07 15:19:00,43.0,43.1,43.0,43.05,443000,21.458741,0,1915.8,1920.0
2025-08-07 15:20:00,43.05,43.7,43.05,43.55,38000,21.936295,0,1915.1,1920.0
2025-08-07 15:21:00,43.55,44.0,43.55,44.0,448500,21.712598,0,1916.7,1920.0
2025-08-07 15:22:00,44.0,45.5,44.0,45.5,43000,21.99616,0,1918.5,1920.0
2025-08-07 15:23:00,45.5,45.5,45.05,45.05,449000,21.870604,0,1918.1,1920.0
2025-08-07 15:24:00,45.05,45.4,45.05,45.4,47000,22.062023,0,1918.1,1920.0
2025-08-07 15:25:00,45.4,45.5,45.4,45.5,452500,21.75733,0,1919.3,1920.0
2025-08-07 15:26:00,45.5,46.0,45.5,45.65,50000,21.658474,0,1919.9,1920.0
2025-08-07 15:27:00,45.65,45.65,45.5,45.5,455500,22.028393,0,1918.4,1920.0
2025-08-07 15:28:00,45.5,45.8,45.5,45.8,53000,21.892414,0,1919.4,1920.0
2025-08-07 15:29:00,45.8,45.8,45.15,45.5,460500,21.27355,0,1920.9,1920.0
2025-08-08 09:15:00,37.1,46.35,37.1,46.35,7500,21.586972,0,1923.0,1920.0
2025-08-08 09:16:00,46.35,48.0,46.35,48.0,7000,22.507461,0,1923.0,1920.0
2025-08-08 09:17:00,48.0,49.5,48.0,49.5,13000,22.067112,0,1927.0,1920.0
2025-08-08 09:18:00,49.5,49.6,49.5,49.6,16000,21.532722,0,1928.8,1920.0
2025-08-08 09:19:00,49.6,49.6,47.5,47.5,22500,21.369202,0,1925.7,1920.0
2025-08-08 09:20:00,47.5,47.5,47.5,47.5,17000,21.62719,0,1924.9,1920.0
2025-08-08 09:21:00,47.5,47.9,46.95,47.9,28500,21.88331,0,1924.8,1920.0
2025-08-08 09:22:00,47.9,47.9,46.95,47.0,19500,21.794905,0,1923.5,1920.0
2025-08-08 09:23:00,47.0,47.6,47.0,47.6,32500,21.876276,0,1924.3,1920.0
2025-08-08 09:24:00,47.6,47.6,47.0,47.0,22500,21.668952,0,1923.9,1920.0
2025-08-08 09:25:00,47.0,48.1,47.0,48.1,39000,21.416303,0,1926.6,1920.0
2025-08-08 09:26:00,48.1,48.75,47.9,47.9,25500,21.821679,0,1925.0,1920.0
2025-08-08 09:27:00,47.9,47.9,47.5,47.5,39500,21.981316,0,1923.8,1920.0
2025-08-08 09:28:00,47.5,47.5,47.3,47.3,27500,22.311501,0,1922.4,1920.0
2025-08-08 09:29:00,47.3,47.3,46.5,46.5,42000,22.364481,0,1920.8,1920.0
2025-08-08 09:30:00,46.5,46.5,46.0,46.0,29500,22.179483,0,1920.5,1920.0
2025-08-08 09:31:00,46.0,46.75,46.0,46.75,48000,22.318603,0,1921.4,1920.0
2025-08-08 09:32:00,46.75,46.75,46.2,46.2,31000,21.731713,0,1922.3,1920.0
2025-08-08 09:33:00,46.2,46.2,45.1,45.1,51000,21.834429,0,1920.0,1920.0
2025-08-08 09:34:00,45.1,45.15,44.75,45.15,33500,21.985613,0,1919.6,1920.0
2025-08-08 09:35:00,45.15,45.4,45.15,45.4,51500,21.940654,0,1920.2,1920.0
2025-08-08 09:36:00,45.4,45.4,45.4,45.4,0,21.63151,0,1921.2,1920.0
2025-08-08 09:37:00,45.4,45.4,45.4,45.4,0,20.908584,0,1923.5,1920.0
2025-08-08 09:38:00,45.4,45.4,45.4,45.4,0,21.351313,0,1922.1,1920.0
2025-08-08 09:39:00,45.4,46.5,45.4,46.5,87000,22.307448,0,1921.0,1920.0
2025-08-08 09:40:00,46.5,46.5,46.5,46.5,0,22.4625,0,1920.5,1920.0
2025-08-08 09:41:00,46.5,46.5,46.5,46.5,0,22.647578,0,1919.9,1920.0
2025-08-08 09:42:00,46.5,46.5,46.5,46.5,0,23.075137,0,1918.5,1920.0
2025-08-08 09:43:00,46.5,46.5,44.45,44.45,89500,21.936803,0,1918.5,1920.0
2025-08-08 09:44:00,44.45,44.45,44.45,44.45,0,21.784891,0,1919.0,1920.0
2025-08-08 09:45:00,44.45,44.45,43.55,43.55,92000,21.223782,0,1919.2,1920.0
2025-08-08 09:46:00,43.55,45.3,43.55,45.3,1000,21.673787,0,1920.9,1920.0
2025-08-08 09:47:00,45.3,45.3,45.3,45.3,0,22.013881,0,1919.8,1920.0
2025-08-08 09:48:00,45.3,45.6,44.8,45.6,94500,21.903745,0,1920.7,1920.0
2025-08-08 09:49:00,45.6,45.6,45.0,45.0,3000,22.093009,0,1919.0,1920.0
2025-08-08 09:50:00,45.0,45.0,44.7,44.7,95000,21.896178,0,1919.1,1920.0
2025-08-08 09:51:00,44.7,44.7,43.9,43.9,4000,21.817122,0,1917.9,1920.0
2025-08-08 09:52:00,43.9,44.45,43.9,44.45,97000,21.788702,0,1919.0,1920.0
2025-08-08 09:53:00,44.45,44.45,44.45,44.45,4500,22.214264,0,1917.6,1920.0
2025-08-08 09:54:00,44.45,44.45,44.45,44.45,0,21.605866,0,1919.6,1920.0
2025-08-08 09:55:00,44.45,44.55,44.45,44.55,103000,21.661968,0,1919.6,1920.0
2025-08-08 09:56:00,44.55,44.55,43.4,43.4,2000,22.409672,0,1915.0,1920.0
2025-08-08 09:57:00,43.4,43.4,42.4,43.0,110000,21.921032,0,1915.9,1920.0
2025-08-08 09:58:00,43.0,43.0,43.0,43.0,0,21.921507,0,1915.9,1920.0
2025-08-08 09:59:00,43.0,43.0,43.0,43.0,0,21.892171,0,1916.0,1920.0
2025-08-08 10:00:00,43.0,43.0,43.0,43.0,0,21.77314,0,1916.4,1920.0
2025-08-08 10:01:00,43.0,43.0,43.0,43.0,0,21.533377,0,1917.2,1920.0
2025-08-08 10:02:00,43.0,43.0,43.0,43.0,114000,22.131427,0,1915.2,1920.0
2025-08-08 10:03:00,43.0,43.0,43.0,43.0,0,22.485787,0,1914.0,1920.0
2025-08-08 10:04:00,43.0,43.0,43.0,43.0,0,22.836864,0,1912.8,1920.0
2025-08-08 10:05:00,43.0,43.0,42.0,42.0,115500,22.427902,0,1912.3,1920.0
2025-08-08 10:06:00,42.0,42.0,40.25,40.25,500,22.032969,0,1910.3,1920.0
2025-08-08 10:07:00,50.95,50.95,50.35,50.35,531500,22.145721,0,1909.1,1900.0
2025-08-08 10:08:00,39.95,39.95,39.95,39.95,0,21.695894,0,1910.9,1920.0
2025-08-08 10:09:00,50.3,50.85,50.3,50.85,544500,22.29707,0,1909.5,1900.0
2025-08-08 10:10:00,40.6,40.6,40.6,40.6,500,22.257547,0,1910.2,1920.0
2025-08-08 10:11:00,40.6,40.6,40.6,40.6,0,21.885414,0,1911.5,1920.0
2025-08-08 10:12:00,40.6,41.1,40.6,41.1,126000,22.249537,0,1911.2,1920.0
2025-08-08 10:13:00,51.35,51.35,51.35,51.35,0,22.717244,0,1909.1,1900.0
2025-08-08 10:14:00,51.35,51.35,50.35,50.35,583000,22.249473,0,1908.8,1900.0
2025-08-08 10:15:00,50.35,50.35,50.0,50.0,3500,22.250902,0,1908.2,1900.0
2025-08-08 10:16:00,50.0,50.0,49.35,49.35,600000,22.081297,0,1907.6,1900.0
2025-08-08 10:17:00,49.35,49.35,49.35,49.35,0,21.71568,0,1908.7,1900.0
2025-08-08 10:18:00,49.35,50.05,49.35,50.05,606000,22.114277,0,1908.7,1900.0
2025-08-08 10:19:00,50.05,50.05,49.9,49.9,1500,22.129543,0,1908.4,1900.0
2025-08-08 10:20:00,49.9,49.9,49.85,49.85,607500,22.564583,0,1907.0,1900.0
2025-08-08 10:21:00,49.85,49.85,49.2,49.2,3000,21.965478,0,1907.7,1900.0
2025-08-08 10:22:00,49.2,49.6,49.2,49.6,609000,22.391013,0,1907.1,1900.0
2025-08-08 10:23:00,49.6,50.2,49.6,50.2,5000,22.401615,0,1908.1,1900.0
2025-08-08 10:24:00,50.2,50.2,50.2,50.2,611000,22.102237,0,1909.0,1900.0
2025-08-08 10:25:00,50.2,51.15,50.0,51.15,7500,22.30763,0,1910.0,1900.0
2025-08-08 10:26:00,40.85,41.2,40.85,41.2,3500,22.196554,0,1911.6,1920.0
2025-08-08 10:27:00,51.9,52.0,51.05,51.05,12000,22.251647,0,1910.0,1900.0
2025-08-08 10:28:00,51.05,51.05,50.3,50.3,615500,22.261333,0,1908.7,1900.0
2025-08-08 10:29:00,50.3,50.35,50.3,50.35,12500,22.089491,0,1909.3,1900.0
2025-08-08 10:30:00,50.35,50.35,50.35,50.35,0,22.423888,0,1908.3,1900.0
2025-08-08 10:31:00,50.35,50.35,50.0,50.0,630500,22.192274,0,1908.4,1900.0
2025-08-08 10:32:00,50.0,50.0,49.5,49.55,4000,22.136447,0,1907.8,1900.0
2025-08-08 10:33:00,49.55,50.55,49.55,50.55,632000,22.405921,0,1908.7,1900.0
2025-08-08 10:34:00,50.55,50.55,49.6,49.6,4500,22.066256,0,1908.1,1900.0
2025-08-08 10:35:00,49.6,49.6,49.6,49.6,0,22.199432,0,1907.7,1900.0
2025-08-08 10:36:00,49.6,49.6,49.6,49.6,0,22.199924,0,1907.7,1900.0
2025-08-08 10:37:00,49.6,49.6,49.6,49.6,0,22.266555,0,1907.5,1900.0
2025-08-08 10:38:00,49.6,50.2,49.6,50.2,639000,22.508407,0,1907.8,1900.0
2025-08-08 10:39:00,50.2,50.4,49.65,49.65,2000,22.063863,0,1908.2,1900.0
2025-08-08 10:40:00,49.65,49.65,49.65,49.65,0,21.864089,0,1908.8,1900.0
2025-08-08 10:41:00,49.65,49.65,49.65,49.65,0,21.595526,0,1909.6,1900.0
2025-08-08 10:42:00,49.65,51.1,49.65,51.1,644500,22.388577,0,1909.7,1900.0
2025-08-08 10:43:00,51.1,51.25,51.1,51.25,3500,22.675435,0,1909.1,1900.0
2025-08-08 10:44:00,51.25,51.25,50.15,50.15,645500,22.217305,0,1908.6,1900.0
2025-08-08 10:45:00,50.15,50.15,50.15,50.15,4500,22.384122,0,1908.1,1900.0
2025-08-08 10:46:00,50.15,50.15,50.15,50.15,0,21.950343,0,1909.4,1900.0
2025-08-08 10:47:00,39.5,40.45,39.5,40.45,161000,21.847981,0,1911.4,1920.0
2025-08-08 10:48:00,40.45,40.65,40.45,40.65,500,22.074464,0,1911.0,1920.0
2025-08-08 10:49:00,40.65,40.65,40.65,40.65,0,22.132316,0,1910.8,1920.0
2025-08-08 10:50:00,40.65,40.65,40.65,40.65,0,22.017951,0,1911.2,1920.0
2025-08-08 10:51:00,40.65,41.1,40.65,41.1,162000,22.268194,0,1911.2,1920.0
2025-08-08 10:52:00,41.1,41.1,40.45,40.45,1000,21.706074,0,1911.9,1920.0
2025-08-08 10:53:00,40.45,41.2,40.45,41.2,162500,21.919913,0,1912.6,1920.0
2025-08-08 10:54:00,41.2,41.2,41.2,41.2,0,21.657852,0,1913.5,1920.0
2025-08-08 10:55:00,41.2,42.0,41.2,42.0,165000,22.190135,0,1913.2,1920.0
2025-08-08 10:56:00,42.0,42.0,41.7,41.7,1000,22.198879,0,1912.6,1920.0
2025-08-08 10:57:00,41.7,41.7,41.35,41.35,165500,22.467318,0,1911.0,1920.0
2025-08-08 10:58:00,41.35,41.35,41.35,41.35,1500,22.352762,0,1911.4,1920.0
2025-08-08 10:59:00,41.35,41.35,40.25,40.25,167000,21.771412,0,1911.3,1920.0
2025-08-08 11:00:00,40.25,40.25,40.25,40.25,0,21.886819,0,1910.9,1920.0
2025-08-08 11:01:00,40.25,40.25,40.25,40.25,0,22.059045,0,1910.3,1920.0
2025-08-08 11:02:00,40.25,41.65,40.25,41.65,171000,22.115815,0,1912.8,1920.0
2025-08-08 11:03:00,41.65,41.65,41.65,41.65,0,22.058019,0,1913.0,1920.0
2025-08-08 11:04:00,41.65,42.05,41.65,42.05,172000,22.075911,0,1913.7,1920.0
2025-08-08 11:05:00,42.05,42.05,41.85,41.85,500,22.082433,0,1913.3,1920.0
2025-08-08 11:06:00,41.85,41.85,41.8,41.8,172500,22.259187,0,1912.6,1920.0
2025-08-08 11:07:00,41.8,42.45,41.8,42.45,2000,22.270124,0,1913.8,1920.0
2025-08-08 11:08:00,42.45,42.45,42.45,42.45,0,22.270605,0,1913.8,1920.0
2025-08-08 11:09:00,42.45,42.45,42.45,42.45,0,22.41749,0,1913.3,1920.0
2025-08-08 11:10:00,42.45,42.45,42.45,42.45,0,22.476378,0,1913.1,1920.0
2025-08-08 11:11:00,42.45,42.5,42.2,42.5,176500,22.270464,0,1913.9,1920.0
2025-08-08 11:12:00,42.5,43.0,42.5,43.0,2000,22.431,0,1914.3,1920.0
2025-08-08 11:13:00,43.0,43.0,43.0,43.0,0,22.402023,0,1914.4,1920.0
2025-08-08 11:14:00,43.0,43.0,42.9,42.9,179500,22.228887,0,1914.8,1920.0
2025-08-08 11:15:00,42.9,43.2,42.65,43.2,5500,22.039537,0,1916.0,1920.0
2025-08-08 11:16:00,43.2,43.2,43.2,43.2,181500,21.740237,0,1917.0,1920.0
2025-08-08 11:17:00,43.2,43.7,43.2,43.7,6500,21.92834,0,1917.3,1920.0
2025-08-08 11:18:00,43.7,43.7,43.3,43.3,185500,21.856946,0,1916.8,1920.0
2025-08-08 11:19:00,43.3,43.3,43.3,43.3,0,21.79727,0,1917.0,1920.0
2025-08-08 11:20:00,43.3,43.3,43.15,43.15,194000,21.744432,0,1916.9,1920.0
2025-08-08 11:21:00,43.15,43.7,43.15,43.7,500,21.718446,0,1918.0,1920.0
2025-08-08 11:22:00,43.7,43.9,43.7,43.9,196000,21.951364,0,1917.6,1920.0
2025-08-08 11:23:00,43.9,43.9,43.1,43.1,2000,21.957921,0,1916.1,1920.0
2025-08-08 11:24:00,43.1,43.1,43.1,43.1,0,22.107505,0,1915.6,1920.0
2025-08-08 11:25:00,43.1,43.1,42.2,42.2,200500,21.78606,0,1915.0,1920.0
2025-08-08 11:26:00,42.2,42.2,42.2,42.2,0,21.816156,0,1914.9,1920.0
2025-08-08 11:27:00,42.2,42.35,42.2,42.35,202500,21.811045,0,1915.2,1920.0
2025-08-08 11:28:00,42.35,42.35,42.35,42.35,0,21.870831,0,1915.0,1920.0
2025-08-08 11:29:00,42.35,42.6,42.35,42.6,203500,21.980582,0,1915.1,1920.0
2025-08-08 11:30:00,42.6,42.7,42.35,42.35,1500,21.901403,0,1914.9,1920.0
2025-08-08 11:31:00,42.35,42.35,42.35,42.35,0,21.812945,0,1915.2,1920.0
2025-08-08 11:32:00,42.35,42.6,42.35,42.6,205500,22.247918,0,1914.2,1920.0
2025-08-08 11:33:00,42.6,42.75,42.5,42.75,3000,21.798013,0,1916.0,1920.0
2025-08-08 11:34:00,42.75,42.75,42.75,42.75,0,21.768602,0,1916.1,1920.0
2025-08-08 11:35:00,42.75,42.75,42.75,42.75,0,21.888466,0,1915.7,1920.0
2025-08-08 11:36:00,42.75,43.5,42.75,43.5,209500,21.735522,0,1917.6,1920.0
2025-08-08 11:37:00,43.5,43.5,43.5,43.5,0,21.553965,0,1918.2,1920.0
2025-08-08 11:38:00,43.5,43.5,43.5,43.5,210500,21.615223,0,1918.0,1920.0
2025-08-08 11:39:00,43.5,43.5,43.5,43.5,500,21.615697,0,1918.0,1920.0
2025-08-08 11:40:00,43.5,43.5,43.5,43.5,0,21.585792,0,1918.1,1920.0
2025-08-08 11:41:00,43.5,43.5,43.1,43.1,212000,21.363596,0,1918.1,1920.0
2025-08-08 11:42:00,43.1,43.1,43.1,43.1,0,21.847247,0,1916.5,1920.0
2025-08-08 11:43:00,43.1,43.1,43.1,43.1,0,21.57676,0,1917.4,1920.0
2025-08-08 11:44:00,43.1,43.1,43.05,43.05,212500,21.549411,0,1917.4,1920.0
2025-08-08 11:45:00,43.05,43.05,42.55,43.0,1000,21.642766,0,1917.0,1920.0
2025-08-08 11:46:00,43.0,43.55,43.0,43.55,213500,21.646852,0,1918.0,1920.0
2025-08-08 11:47:00,43.55,43.55,43.0,43.0,2000,21.643714,0,1917.0,1920.0
2025-08-08 11:48:00,43.0,43.85,43.0,43.35,214500,21.597165,0,1917.8,1920.0
2025-08-08 11:49:00,43.35,43.35,43.35,43.35,0,21.384716,0,1918.5,1920.0
2025-08-08 11:50:00,43.35,44.4,43.35,44.4,218000,21.478967,0,1920.1,1920.0
2025-08-08 11:51:00,44.4,44.5,44.1,44.1,2000,21.312144,0,1920.1,1920.0
2025-08-08 11:52:00,44.1,44.1,43.15,43.35,220000,20.894298,0,1920.1,1920.0
2025-08-08 11:53:00,43.35,43.35,42.9,42.9,3500,21.349029,0,1917.8,1920.0
2025-08-08 11:54:00,42.9,43.0,42.75,42.75,223000,21.296328,0,1917.7,1920.0
2025-08-08 11:55:00,42.75,42.85,42.75,42.85,4500,21.382771,0,1917.6,1920.0
2025-08-08 11:56:00,42.85,42.85,42.85,42.85,0,21.261855,0,1918.0,1920.0
2025-08-08 11:57:00,42.85,43.1,42.85,43.1,228000,21.704097,0,1917.0,1920.0
2025-08-08 11:58:00,43.1,43.1,42.0,42.3,2000,21.946144,0,1914.7,1920.0
2025-08-08 11:59:00,42.3,42.3,42.05,42.05,229500,21.600009,0,1915.4,1920.0
2025-08-08 12:00:00,42.05,42.65,42.05,42.65,3000,21.904355,0,1915.5,1920.0
2025-08-08 12:01:00,42.65,42.65,42.65,42.65,0,21.875059,0,1915.6,1920.0
2025-08-08 12:02:00,42.65,42.65,42.0,42.0,235000,21.840387,0,1914.5,1920.0
2025-08-08 12:03:00,42.0,42.0,41.3,41.3,1500,21.3037,0,1915.0,1920.0
2025-08-08 12:04:00,41.3,41.3,41.3,41.3,0,21.452195,0,1914.5,1920.0
2025-08-08 12:05:00,41.3,41.3,41.1,41.15,237500,21.191543,0,1915.1,1920.0
2025-08-08 12:06:00,41.15,41.15,41.15,41.15,0,21.192008,0,1915.1,1920.0
2025-08-08 12:07:00,41.15,41.15,41.15,41.15,0,21.251818,0,1914.9,1920.0
2025-08-08 12:08:00,41.15,41.5,41.15,41.5,239000,21.417247,0,1915.0,1920.0
2025-08-08 12:09:00,41.5,41.5,41.5,41.5,500,21.388037,0,1915.1,1920.0
2025-08-08 12:10:00,41.5,41.5,41.2,41.2,240000,21.102678,0,1915.5,1920.0
2025-08-08 12:11:00,41.2,42.0,41.2,42.0,1000,21.696691,0,1915.0,1920.0
2025-08-08 12:12:00,42.0,42.0,42.0,42.0,0,21.459116,0,1915.8,1920.0
2025-08-08 12:13:00,42.0,42.0,41.8,41.8,241500,21.556747,0,1915.1,1920.0
2025-08-08 12:14:00,41.8,42.15,41.8,42.15,500,21.662711,0,1915.4,1920.0
2025-08-08 12:15:00,42.15,42.15,42.0,42.0,246000,21.490372,0,1915.7,1920.0
2025-08-08 12:16:00,42.0,42.0,42.0,42.0,0,21.847044,0,1914.5,1920.0
2025-08-08 12:17:00,42.0,42.0,42.0,42.0,0,21.699532,0,1915.0,1920.0
2025-08-08 12:18:00,42.0,42.0,41.2,41.2,248000,21.255089,0,1915.0,1920.0
2025-08-08 12:19:00,41.2,41.2,41.1,41.1,2000,21.170246,0,1915.1,1920.0
2025-08-08 12:20:00,41.1,41.1,41.1,41.1,0,21.200404,0,1915.0,1920.0
2025-08-08 12:21:00,41.1,41.1,41.1,41.1,0,21.200868,0,1915.0,1920.0
2025-08-08 12:22:00,41.1,41.3,41.1,41.3,250500,21.342236,0,1914.9,1920.0
2025-08-08 12:23:00,41.3,41.5,41.3,41.5,1000,21.245798,0,1915.6,1920.0
2025-08-08 12:24:00,41.5,42.05,41.5,42.05,251000,21.222792,0,1916.7,1920.0
2025-08-08 12:25:00,42.05,42.05,42.05,42.05,0,21.522898,0,1915.7,1920.0
2025-08-08 12:26:00,42.05,42.05,42.05,42.05,0,21.433747,0,1916.0,1920.0
2025-08-08 12:27:00,42.05,42.05,42.05,42.05,0,21.404292,0,1916.1,1920.0
2025-08-08 12:28:00,42.05,42.05,42.05,42.05,0,21.254744,0,1916.6,1920.0
2025-08-08 12:29:00,42.05,42.05,42.05,42.05,0,20.525666,0,1919.0,1920.0
2025-08-08 12:30:00,42.05,44.0,42.05,44.0,253500,21.521398,0,1919.3,1920.0
2025-08-08 12:31:00,44.0,44.75,44.0,44.75,1500,21.47669,0,1920.8,1920.0
2025-08-08 12:32:00,44.75,44.85,44.75,44.85,254500,21.345884,0,1921.4,1920.0
2025-08-08 12:33:00,44.85,45.0,44.85,45.0,2000,21.648304,0,1920.7,1920.0
2025-08-08 12:34:00,45.0,45.0,44.95,44.95,257500,21.496383,0,1921.1,1920.0
2025-08-08 12:35:00,44.95,44.95,44.75,44.75,2500,21.260129,0,1921.5,1920.0
2025-08-08 12:36:00,44.75,44.75,44.25,44.25,258000,21.230963,0,1920.7,1920.0
2025-08-08 12:37:00,44.25,44.25,43.95,43.95,4000,21.12609,0,1920.5,1920.0
2025-08-08 12:38:00,43.95,44.05,43.25,43.25,260000,21.137642,0,1919.2,1920.0
2025-08-08 12:39:00,43.25,43.25,43.25,43.25,0,20.922263,0,1919.9,1920.0
2025-08-08 12:40:00,43.25,43.25,43.25,43.25,0,20.860793,0,1920.1,1920.0
2025-08-08 12:41:00,43.25,43.25,43.25,43.25,0,20.954117,0,1919.8,1920.0
2025-08-08 12:42:00,43.25,43.25,43.25,43.25,0,21.077988,0,1919.4,1920.0
2025-08-08 12:43:00,43.25,43.8,43.25,43.8,265500,21.2311,0,1919.9,1920.0
2025-08-08 12:44:00,43.8,43.8,43.8,43.8,0,21.138722,0,1920.2,1920.0
2025-08-08 12:45:00,43.8,43.8,43.8,43.8,0,21.232043,0,1919.9,1920.0
2025-08-08 12:46:00,43.8,43.8,43.8,43.8,0,21.17064,0,1920.1,1920.0
2025-08-08 12:47:00,43.8,43.8,43.8,43.8,0,20.891217,0,1921.0,1920.0
2025-08-08 12:48:00,43.8,43.8,43.8,43.8,0,20.735126,0,1921.5,1920.0
2025-08-08 12:49:00,43.8,43.8,43.8,43.8,0,20.860899,0,1921.1,1920.0
2025-08-08 12:50:00,43.8,45.2,43.8,45.2,271000,21.014246,0,1923.1,1920.0
2025-08-08 12:51:00,45.2,45.2,44.8,44.8,3000,20.885929,0,1922.8,1920.0
2025-08-08 12:52:00,44.8,44.8,44.75,44.75,272500,21.205462,0,1921.7,1920.0
2025-08-08 12:53:00,44.75,44.75,44.75,44.75,3500,21.017092,0,1922.3,1920.0
2025-08-08 12:54:00,44.75,45.0,44.75,45.0,273000,20.999339,0,1922.8,1920.0
2025-08-08 12:55:00,45.0,45.65,45.0,45.65,13500,20.821073,0,1924.5,1920.0
2025-08-08 12:56:00,45.65,45.8,45.65,45.8,276000,21.098269,0,1923.9,1920.0
2025-08-08 12:57:00,45.8,45.8,45.8,45.8,0,21.194561,0,1923.6,1920.0
2025-08-08 12:58:00,45.8,45.8,44.75,44.75,290000,20.670249,0,1923.4,1920.0
2025-08-08 12:59:00,44.75,44.75,44.75,44.75,0,20.670714,0,1923.4,1920.0
2025-08-08 13:00:00,44.75,44.75,44.75,44.75,0,20.893847,0,1922.7,1920.0
2025-08-08 13:01:00,44.75,44.75,44.75,44.75,0,21.14688,0,1921.9,1920.0
2025-08-08 13:02:00,44.75,44.75,44.75,44.75,0,21.335482,0,1921.3,1920.0
2025-08-08 13:03:00,44.75,44.75,44.75,44.75,0,20.990201,0,1922.4,1920.0
2025-08-08 13:04:00,44.75,44.75,44.55,44.55,292000,20.878699,0,1922.4,1920.0
2025-08-08 13:05:00,44.55,44.55,44.55,44.55,0,20.910771,0,1922.3,1920.0
2025-08-08 13:06:00,44.55,44.55,44.55,44.55,0,21.037342,0,1921.9,1920.0
2025-08-08 13:07:00,44.55,44.55,43.75,43.75,293500,20.997335,0,1920.6,1920.0
2025-08-08 13:08:00,43.75,43.75,43.1,43.1,1500,20.63456,0,1920.6,1920.0
2025-08-08 13:09:00,43.1,43.1,43.1,43.1,0,20.759459,0,1920.2,1920.0
2025-08-08 13:10:00,43.1,43.1,43.1,43.1,0,20.883879,0,1919.8,1920.0
2025-08-08 13:11:00,43.1,43.4,43.1,43.4,298500,21.020933,0,1919.9,1920.0
2025-08-08 13:12:00,43.4,43.4,43.4,43.4,0,21.052327,0,1919.8,1920.0
2025-08-08 13:13:00,43.4,43.4,42.55,42.55,299000,20.794139,0,1919.1,1920.0
2025-08-08 13:14:00,42.55,42.55,42.55,42.55,1000,20.794602,0,1919.1,1920.0
2025-08-08 13:15:00,42.55,42.55,42.5,42.5,299500,20.643877,0,1919.5,1920.0
2025-08-08 13:16:00,42.5,42.5,42.5,42.5,0,20.489566,0,1920.0,1920.0
2025-08-08 13:17:00,42.5,43.5,42.5,43.5,301000,21.079584,0,1919.9,1920.0
2025-08-08 13:18:00,43.5,43.5,43.5,43.5,0,21.203575,0,1919.5,1920.0
2025-08-08 13:19:00,43.5,43.5,43.5,43.5,0,21.204045,0,1919.5,1920.0
2025-08-08 13:20:00,43.5,43.5,43.5,43.5,0,20.925925,0,1920.4,1920.0
2025-08-08 13:21:00,43.5,43.5,43.5,43.5,0,20.957465,0,1920.3,1920.0
2025-08-08 13:22:00,43.5,43.5,43.25,43.25,302000,21.158271,0,1919.2,1920.0
2025-08-08 13:23:00,43.25,43.25,43.25,43.25,0,20.880793,0,1920.1,1920.0
2025-08-08 13:24:00,43.25,43.25,43.25,43.25,0,20.819167,0,1920.3,1920.0
2025-08-08 13:25:00,43.25,43.25,43.25,43.25,0,20.850693,0,1920.2,1920.0
2025-08-08 13:26:00,43.25,43.25,43.25,43.25,0,21.067755,0,1919.5,1920.0
2025-08-08 13:27:00,43.25,43.25,43.25,43.25,0,20.882655,0,1920.1,1920.0
2025-08-08 13:28:00,43.25,43.25,42.5,42.5,304500,20.464024,0,1920.1,1920.0
2025-08-08 13:29:00,42.5,42.5,42.5,42.5,0,20.402289,0,1920.3,1920.0
2025-08-08 13:30:00,42.5,42.5,42.5,42.5,0,20.184085,0,1921.0,1920.0
2025-08-08 13:31:00,42.5,44.35,42.5,44.35,308000,20.81093,0,1922.3,1920.0
2025-08-08 13:32:00,44.35,44.55,44.35,44.55,1000,20.573873,0,1923.4,1920.0
2025-08-08 13:33:00,44.55,44.55,44.55,44.55,0,20.542362,0,1923.5,1920.0
2025-08-08 13:34:00,44.55,44.55,44.55,44.55,310000,20.542826,0,1923.5,1920.0
2025-08-08 13:35:00,44.55,44.55,44.55,44.55,0,20.382909,0,1924.0,1920.0
2025-08-08 13:36:00,44.55,44.65,44.55,44.65,311000,20.791165,0,1922.9,1920.0
2025-08-08 13:37:00,44.65,44.65,44.65,44.65,0,20.791632,0,1922.9,1920.0
2025-08-08 13:38:00,44.65,44.65,44.65,44.65,0,20.472595,0,1923.9,1920.0
2025-08-08 13:39:00,44.65,45.5,44.65,45.5,312500,20.918194,0,1924.0,1920.0
2025-08-08 13:40:00,45.5,45.5,45.5,45.5,0,21.014721,0,1923.7,1920.0
2025-08-08 13:41:00,45.5,45.5,44.4,44.4,313500,20.204721,0,1924.3,1920.0
2025-08-08 13:42:00,44.4,45.5,44.4,45.5,500,20.597227,0,1925.0,1920.0
2025-08-08 13:43:00,45.5,45.55,44.65,44.65,319000,20.378394,0,1924.2,1920.0
2025-08-08 13:44:00,44.65,45.2,44.65,45.2,1000,20.558907,0,1924.6,1920.0
2025-08-08 13:45:00,45.2,45.4,45.2,45.4,320500,20.54238,0,1925.0,1920.0
2025-08-08 13:46:00,45.4,45.4,45.4,45.4,0,20.768952,0,1924.3,1920.0
2025-08-08 13:47:00,45.4,45.4,45.4,45.4,0,21.121409,0,1923.2,1920.0
2025-08-08 13:48:00,45.4,45.4,43.4,43.4,322500,20.31818,0,1922.2,1920.0
2025-08-08 13:49:00,43.4,43.4,43.4,43.4,0,20.223476,0,1922.5,1920.0
2025-08-08 13:50:00,43.4,43.4,43.4,43.4,0,20.255689,0,1922.4,1920.0
2025-08-08 13:51:00,43.4,44.0,43.4,44.0,326000,20.624151,0,1922.3,1920.0
2025-08-08 13:52:00,44.0,44.0,44.0,44.0,500,20.402239,0,1923.0,1920.0
2025-08-08 13:53:00,44.0,44.0,44.0,44.0,0,20.656716,0,1922.2,1920.0
2025-08-08 13:54:00,44.0,44.0,44.0,44.0,0,20.403161,0,1923.0,1920.0
2025-08-08 13:55:00,44.0,44.0,43.9,43.9,328000,20.538284,0,1922.4,1920.0
2025-08-08 13:56:00,43.9,43.9,43.9,43.9,0,20.538746,0,1922.4,1920.0
2025-08-08 13:57:00,43.9,43.9,43.8,43.8,329000,20.578122,0,1922.1,1920.0
2025-08-08 13:58:00,43.8,43.8,43.8,43.8,0,20.483614,0,1922.4,1920.0
2025-08-08 13:59:00,43.8,43.8,43.8,43.8,0,20.388809,0,1922.7,1920.0
2025-08-08 14:00:00,43.8,43.95,43.8,43.95,330500,20.185914,0,1923.6,1920.0
2025-08-08 14:01:00,43.95,44.5,43.95,44.5,500,20.075799,0,1924.9,1920.0
2025-08-08 14:02:00,44.5,44.5,44.5,44.5,0,20.23829,0,1924.4,1920.0
2025-08-08 14:03:00,44.5,44.5,44.5,44.5,0,20.560198,0,1923.4,1920.0
2025-08-08 14:04:00,44.5,44.5,44.5,44.5,0,20.464585,0,1923.7,1920.0
2025-08-08 14:05:00,44.5,44.5,44.3,44.3,332000,20.288451,0,1923.9,1920.0
2025-08-08 14:06:00,44.3,44.3,44.3,44.3,0,20.224509,0,1924.1,1920.0
2025-08-08 14:07:00,44.3,44.3,44.3,44.3,0,20.481753,0,1923.3,1920.0
2025-08-08 14:08:00,44.3,44.3,44.3,44.3,0,20.128561,0,1924.4,1920.0
2025-08-08 14:09:00,44.3,44.75,44.3,44.75,332500,20.446618,0,1924.2,1920.0
2025-08-08 14:10:00,44.75,44.75,44.75,44.75,0,20.382563,0,1924.4,1920.0
2025-08-08 14:11:00,44.75,44.75,44.75,44.75,0,20.576168,0,1923.8,1920.0
2025-08-08 14:12:00,44.75,44.75,44.75,44.75,0,21.803964,0,1919.9,1920.0
2025-08-08 14:13:00,44.75,44.75,42.75,42.75,334500,20.060221,0,1921.9,1920.0
2025-08-08 14:14:00,42.75,43.4,42.75,43.4,1000,20.393413,0,1922.0,1920.0
2025-08-08 14:15:00,43.4,44.0,43.4,44.0,335000,21.137879,0,1920.7,1920.0
2025-08-08 14:16:00,44.0,44.0,43.8,44.0,2500,20.25342,0,1923.5,1920.0
2025-08-08 14:17:00,44.0,45.0,44.0,44.95,338000,20.56275,0,1924.2,1920.0
2025-08-08 14:18:00,44.95,44.95,44.95,44.95,0,20.369351,0,1924.8,1920.0
2025-08-08 14:19:00,44.95,44.95,44.2,44.2,341500,20.302984,0,1923.7,1920.0
2025-08-08 14:20:00,44.2,44.2,43.2,43.2,4500,19.869955,0,1923.3,1920.0
2025-08-08 14:21:00,43.2,43.2,43.2,43.2,0,19.806182,0,1923.5,1920.0
2025-08-08 14:22:00,43.2,44.55,43.2,44.55,346500,20.436785,0,1923.9,1920.0
2025-08-08 14:23:00,44.55,44.55,44.55,44.55,0,20.405084,0,1924.0,1920.0
2025-08-08 14:24:00,44.55,44.55,44.55,44.55,0,20.501938,0,1923.7,1920.0
2025-08-08 14:25:00,44.55,44.55,44.55,44.55,0,20.916638,0,1922.4,1920.0
2025-08-08 14:26:00,44.55,44.55,44.55,44.55,0,21.294712,0,1921.2,1920.0
2025-08-08 14:27:00,44.55,44.55,43.1,43.15,348000,20.79255,0,1920.3,1920.0
2025-08-08 14:28:00,43.15,43.15,43.15,43.15,0,20.543169,0,1921.1,1920.0
2025-08-08 14:29:00,43.15,43.15,42.85,42.85,349000,20.438314,0,1920.9,1920.0
2025-08-08 14:30:00,42.85,43.05,42.85,43.05,1500,20.33088,0,1921.6,1920.0
2025-08-08 14:31:00,43.05,43.05,42.65,42.65,349500,20.514659,0,1920.3,1920.0
2025-08-08 14:32:00,42.65,42.65,42.0,42.0,7000,20.707801,0,1918.5,1920.0
2025-08-08 14:33:00,42.0,42.0,42.0,42.0,0,20.24524,0,1920.0,1920.0
2025-08-08 14:34:00,42.0,42.8,42.0,42.8,358500,20.631095,0,1920.2,1920.0
2025-08-08 14:35:00,42.8,42.8,42.8,42.8,0,20.256074,0,1921.4,1920.0
2025-08-08 14:36:00,42.8,42.8,42.8,42.8,0,20.287997,0,1921.3,1920.0
2025-08-08 14:37:00,42.8,42.8,42.8,42.8,0,20.570211,0,1920.4,1920.0
2025-08-08 14:38:00,42.8,42.8,42.8,42.8,0,20.44576,0,1920.8,1920.0
2025-08-08 14:39:00,42.8,42.8,42.75,42.75,359000,20.418223,0,1920.8,1920.0
2025-08-08 14:40:00,42.75,42.75,42.75,42.75,0,20.167304,0,1921.6,1920.0
2025-08-08 14:41:00,42.75,43.8,42.75,43.8,359500,20.535197,0,1922.3,1920.0
2025-08-08 14:42:00,43.8,44.0,43.8,44.0,500,20.584423,0,1922.5,1920.0
2025-08-08 14:43:00,44.0,44.15,44.0,44.15,360000,20.509996,0,1923.0,1920.0
2025-08-08 14:44:00,44.15,44.15,44.15,44.15,1000,20.701215,0,1922.4,1920.0
2025-08-08 14:45:00,44.15,44.15,44.15,44.15,0,21.048415,0,1921.3,1920.0
2025-08-08 14:46:00,44.15,44.15,44.15,44.15,0,20.923237,0,1921.7,1920.0
2025-08-08 14:47:00,44.15,44.15,44.15,44.15,0,21.143273,0,1921.0,1920.0
2025-08-08 14:48:00,44.15,44.15,44.15,44.15,0,21.143745,0,1921.0,1920.0
2025-08-08 14:49:00,44.15,44.15,44.15,44.15,0,21.018931,0,1921.4,1920.0
2025-08-08 14:50:00,44.15,44.15,43.45,43.45,367500,20.627218,0,1921.4,1920.0
2025-08-08 14:51:00,43.45,43.45,43.45,43.45,0,20.564747,0,1921.6,1920.0
2025-08-08 14:52:00,43.45,43.45,43.45,43.45,0,20.628146,0,1921.4,1920.0
2025-08-08 14:53:00,43.45,43.45,43.45,43.45,0,20.62861,0,1921.4,1920.0
2025-08-08 14:54:00,43.45,43.45,42.75,42.75,369000,20.612366,0,1920.2,1920.0
2025-08-08 14:55:00,42.75,42.75,42.75,42.75,500,20.456866,0,1920.7,1920.0
2025-08-08 14:56:00,42.75,42.75,42.35,42.35,371000,20.45162,0,1920.0,1920.0
2025-08-08 14:57:00,42.35,42.4,42.35,42.4,1000,20.480062,0,1920.0,1920.0
2025-08-08 14:58:00,42.4,42.4,42.4,42.4,0,20.480522,0,1920.0,1920.0
2025-08-08 14:59:00,42.4,43.0,42.4,43.0,373000,20.598718,0,1920.7,1920.0
2025-08-08 15:00:00,43.0,43.0,42.3,42.3,4500,20.300882,0,1920.4,1920.0
2025-08-08 15:01:00,42.3,42.3,42.3,42.3,0,20.735293,0,1919.0,1920.0
2025-08-08 15:02:00,42.3,42.3,41.9,41.9,378500,20.6044,0,1918.7,1920.0
2025-08-08 15:03:00,41.9,41.9,41.65,41.65,2500,20.587814,0,1918.3,1920.0
2025-08-08 15:04:00,41.65,42.25,41.65,42.25,379000,20.61622,0,1919.3,1920.0
2025-08-08 15:05:00,42.25,42.9,42.25,42.9,3000,20.576736,0,1920.6,1920.0
2025-08-08 15:06:00,42.9,42.95,42.45,42.45,381000,20.543254,0,1919.9,1920.0
2025-08-08 15:07:00,42.45,42.75,42.45,42.75,4500,20.462393,0,1920.7,1920.0
2025-08-08 15:08:00,42.75,42.75,42.75,42.75,0,20.743085,0,1919.8,1920.0
2025-08-08 15:09:00,42.75,42.75,42.75,42.75,0,20.990612,0,1919.0,1920.0
2025-08-08 15:10:00,42.75,42.75,42.75,42.75,0,20.557463,0,1920.4,1920.0
2025-08-08 15:11:00,42.75,42.75,42.3,42.3,387500,20.399422,0,1920.1,1920.0
2025-08-08 15:12:00,42.3,42.3,42.1,42.1,2500,20.319024,0,1920.0,1920.0
2025-08-08 15:13:00,42.1,42.1,41.5,41.5,388000,20.722288,0,1917.6,1920.0
2025-08-08 15:14:00,41.5,41.7,41.5,41.7,3500,21.137322,0,1916.6,1920.0
2025-08-08 15:15:00,41.7,41.7,41.7,41.7,0,20.375379,0,1919.1,1920.0
2025-08-08 15:16:00,41.7,41.7,41.7,41.7,0,20.652355,0,1918.2,1920.0
2025-08-08 15:17:00,41.7,42.25,41.7,41.85,394500,20.644764,0,1918.5,1920.0
2025-08-08 15:18:00,41.85,41.85,41.85,41.85,0,20.614539,0,1918.6,1920.0
2025-08-08 15:19:00,41.85,41.9,41.85,41.9,395500,20.458228,0,1919.2,1920.0
2025-08-08 15:20:00,41.9,42.65,41.9,42.0,1500,20.607112,0,1918.9,1920.0
2025-08-08 15:21:00,42.0,42.55,42.0,42.55,396000,20.884382,0,1919.0,1920.0
2025-08-08 15:22:00,42.55,42.55,42.55,42.55,0,21.160734,0,1918.1,1920.0
2025-08-08 15:23:00,42.55,42.55,42.55,42.55,0,20.946823,0,1918.8,1920.0
2025-08-08 15:24:00,42.55,42.55,41.65,41.65,399000,20.780737,0,1917.7,1920.0
2025-08-08 15:25:00,41.65,41.95,41.65,41.95,1000,20.053693,0,1920.6,1920.0
2025-08-08 15:26:00,41.95,41.95,41.95,41.95,0,20.272541,0,1919.9,1920.0
2025-08-08 15:27:00,41.95,42.45,41.95,42.45,402000,20.552945,0,1919.9,1920.0
2025-08-08 15:28:00,42.45,42.45,42.45,42.45,0,21.71295,0,1916.1,1920.0
2025-08-08 15:29:00,42.1,42.1,42.1,42.1,0,22.58338,0,1919.2,1920.0
2025-08-11 09:15:00,42.1,42.1,42.1,42.1,0,24.901813,0,1911.9,1920.0
2025-08-11 09:16:00,39.65,39.65,39.15,39.15,2000,23.103417,0,1912.0,1920.0
2025-08-11 09:17:00,39.15,39.5,39.15,39.5,4000,22.05909,0,1916.0,1920.0
2025-08-11 09:18:00,39.5,42.35,39.5,42.35,5500,22.440053,0,1920.1,1920.0
2025-08-11 09:19:00,42.35,42.35,41.55,41.55,11500,23.669769,0,1914.8,1920.0
2025-08-11 09:20:00,41.55,41.9,39.95,39.95,23500,22.616466,0,1915.1,1920.0
2025-08-11 09:21:00,39.95,39.95,39.3,39.7,21500,22.719491,0,1914.3,1920.0
2025-08-11 09:22:00,39.7,39.7,39.5,39.5,24500,22.537239,0,1914.5,1920.0
2025-08-11 09:23:00,39.5,39.5,39.5,39.5,0,23.501982,0,1911.4,1920.0
2025-08-11 09:24:00,39.5,39.5,37.2,37.2,58000,21.908182,0,1912.1,1920.0
2025-08-11 09:25:00,37.2,38.2,37.2,38.2,1000,22.508164,0,1912.1,1920.0
2025-08-11 09:26:00,38.2,38.2,38.2,38.2,60000,22.353985,0,1912.6,1920.0
2025-08-11 09:27:00,48.9,48.9,48.9,48.9,1000,23.919471,0,1908.2,1900.0
2025-08-11 09:28:00,48.9,48.9,46.15,46.15,100000,22.55495,0,1907.3,1900.0
2025-08-11 09:29:00,46.15,47.15,45.85,47.0,20500,22.934302,0,1907.7,1900.0
2025-08-11 09:30:00,47.0,48.0,47.0,48.0,101500,23.084048,0,1909.0,1900.0
2025-08-11 09:31:00,48.0,48.0,46.3,46.3,32500,22.003991,0,1909.1,1900.0
2025-08-11 09:32:00,36.35,37.6,36.35,37.6,84500,22.183208,0,1912.0,1920.0
2025-08-11 09:33:00,37.6,38.8,37.6,38.8,28500,23.485483,0,1910.1,1920.0
2025-08-11 09:34:00,38.8,38.8,38.55,38.55,88500,22.87716,0,1911.6,1920.0
2025-08-11 09:35:00,38.55,38.55,38.1,38.5,35000,23.184799,0,1910.5,1920.0
2025-08-11 09:36:00,38.5,40.0,38.5,40.0,113000,23.22095,0,1913.3,1920.0
2025-08-11 09:37:00,40.0,40.0,38.5,38.65,37000,22.474467,0,1913.1,1920.0
2025-08-11 09:38:00,38.65,38.7,38.65,38.7,114500,22.380225,0,1913.5,1920.0
2025-08-11 09:39:00,38.7,38.7,37.45,37.45,38500,22.557264,0,1910.5,1920.0
2025-08-11 09:40:00,37.45,37.45,37.45,37.45,115000,22.405036,0,1911.0,1920.0
2025-08-11 09:41:00,37.45,37.45,37.45,37.45,0,22.497331,0,1910.7,1920.0
2025-08-11 09:42:00,37.45,38.0,37.45,38.0,154500,22.766624,0,1910.9,1920.0
2025-08-11 09:43:00,38.0,38.0,37.5,37.5,500,22.589476,0,1910.5,1920.0
2025-08-11 09:44:00,37.5,37.5,37.5,37.5,0,22.437235,0,1911.0,1920.0
2025-08-11 09:45:00,37.5,37.8,37.5,37.8,155500,22.617727,0,1911.0,1920.0
2025-08-11 09:46:00,48.6,48.6,46.15,46.15,17500,23.023324,0,1906.0,1900.0
2025-08-11 09:47:00,46.15,46.15,45.15,45.15,208500,22.412387,0,1906.0,1900.0
2025-08-11 09:48:00,45.15,45.15,44.8,44.8,23000,22.409049,0,1905.4,1900.0
2025-08-11 09:49:00,44.8,45.25,44.8,45.0,214000,22.531853,0,1905.4,1900.0
2025-08-11 09:50:00,45.0,46.0,45.0,46.0,25500,22.687921,0,1906.7,1900.0
2025-08-11 09:51:00,46.0,46.0,46.0,46.0,0,22.262441,0,1907.9,1900.0
2025-08-11 09:52:00,46.0,46.55,46.0,46.55,248500,22.564805,0,1908.0,1900.0
2025-08-11 09:53:00,36.2,37.15,36.2,37.15,159000,22.506848,0,1910.1,1920.0
2025-08-11 09:54:00,37.15,37.6,37.15,37.6,30500,22.655588,0,1910.5,1920.0
2025-08-11 09:55:00,37.6,38.0,37.6,38.0,163500,22.094628,0,1913.1,1920.0
2025-08-11 09:56:00,38.0,38.4,38.0,38.4,32000,22.366225,0,1913.0,1920.0
2025-08-11 09:57:00,38.4,38.9,37.95,37.95,176500,22.034571,0,1913.2,1920.0
2025-08-11 09:58:00,37.95,38.3,37.0,37.0,35000,22.236752,0,1910.7,1920.0
2025-08-11 09:59:00,37.0,37.65,37.0,37.65,177500,22.228026,0,1912.0,1920.0
2025-08-11 10:00:00,37.65,37.65,37.65,37.65,0,21.980781,0,1912.8,1920.0
2025-08-11 10:01:00,37.65,38.5,37.65,38.5,215500,22.862351,0,1911.6,1920.0
2025-08-11 10:02:00,38.5,38.5,38.5,38.5,1000,22.460649,0,1912.9,1920.0
2025-08-11 10:03:00,38.5,38.5,38.0,38.0,218000,22.192369,0,1912.8,1920.0
2025-08-11 10:04:00,38.0,38.0,38.0,38.0,0,21.407654,0,1915.3,1920.0
2025-08-11 10:05:00,38.0,38.95,38.0,38.95,220000,22.794426,0,1912.7,1920.0
2025-08-11 10:06:00,38.95,38.95,38.95,38.95,0,22.763918,0,1912.8,1920.0
2025-08-11 10:07:00,38.95,38.95,37.8,37.8,225500,22.322419,0,1912.0,1920.0
2025-08-11 10:08:00,37.8,37.8,37.8,37.8,0,22.477058,0,1911.5,1920.0
2025-08-11 10:09:00,48.5,48.5,48.0,48.0,315000,22.926791,0,1909.5,1900.0
2025-08-11 10:10:00,48.0,48.0,47.45,47.45,1000,22.841319,0,1908.8,1900.0
2025-08-11 10:11:00,47.45,47.45,47.2,47.45,316500,23.020944,0,1908.3,1900.0
2025-08-11 10:12:00,47.45,47.45,47.45,47.45,0,22.80655,0,1908.9,1900.0
2025-08-11 10:13:00,47.45,47.65,47.45,47.65,324000,23.144848,0,1908.3,1900.0
2025-08-11 10:14:00,47.65,47.65,47.65,47.65,0,23.465106,0,1907.4,1900.0
2025-08-11 10:15:00,47.65,47.9,47.05,47.05,337000,23.168849,0,1907.2,1900.0
2025-08-11 10:16:00,47.05,47.05,46.25,46.25,5500,22.785364,0,1906.9,1900.0
2025-08-11 10:17:00,46.25,47.25,46.25,47.25,342000,23.150925,0,1907.6,1900.0
2025-08-11 10:18:00,47.25,47.25,47.25,47.25,0,22.866486,0,1908.4,1900.0
2025-08-11 10:19:00,47.25,47.65,47.25,47.65,356500,22.897575,0,1909.0,1900.0
2025-08-11 10:20:00,47.65,47.65,47.25,47.25,500,22.724201,0,1908.8,1900.0
2025-08-11 10:21:00,47.25,47.25,47.2,47.2,359500,22.944715,0,1908.1,1900.0
2025-08-11 10:22:00,47.2,47.35,47.2,47.35,3000,23.037348,0,1908.1,1900.0
2025-08-11 10:23:00,47.35,47.35,47.05,47.35,361500,23.002256,0,1908.2,1900.0
2025-08-11 10:24:00,47.35,47.65,47.35,47.35,13000,23.287183,0,1907.4,1900.0
2025-08-11 10:25:00,47.35,47.35,47.2,47.2,362000,23.337197,0,1907.0,1900.0
2025-08-11 10:26:00,47.2,47.2,47.2,47.2,0,23.125527,0,1907.6,1900.0
2025-08-11 10:27:00,47.2,47.2,47.0,47.0,376500,22.967939,0,1907.7,1900.0
2025-08-11 10:28:00,47.0,47.25,47.0,47.25,1000,23.121851,0,1907.7,1900.0
2025-08-11 10:29:00,47.25,47.25,46.0,46.15,379500,22.802211,0,1906.7,1900.0
2025-08-11 10:30:00,46.15,46.75,46.15,46.75,2500,23.205459,0,1906.6,1900.0
2025-08-11 10:31:00,46.75,47.05,46.75,47.05,388000,22.858445,0,1908.1,1900.0
2025-08-11 10:32:00,47.05,47.05,46.95,46.95,12000,22.654466,0,1908.5,1900.0
2025-08-11 10:33:00,46.95,47.35,46.5,47.35,391000,23.327844,0,1907.3,1900.0
2025-08-11 10:34:00,47.35,47.35,47.05,47.05,18000,22.860182,0,1908.1,1900.0
2025-08-11 10:35:00,47.05,47.05,47.05,47.05,0,22.717645,0,1908.5,1900.0
2025-08-11 10:36:00,47.05,47.2,47.05,47.2,411000,22.774534,0,1908.6,1900.0
2025-08-11 10:37:00,47.2,47.2,46.75,46.75,2000,22.462539,0,1908.7,1900.0
2025-08-11 10:38:00,46.75,47.15,46.75,47.15,413500,22.456602,0,1909.4,1900.0
2025-08-11 10:39:00,37.0,39.1,37.0,39.1,7000,23.612032,0,1910.4,1920.0
2025-08-11 10:40:00,48.2,48.2,46.95,47.15,431000,22.638282,0,1908.9,1900.0
2025-08-11 10:41:00,47.15,47.2,47.15,47.2,48000,22.489111,0,1909.4,1900.0
2025-08-11 10:42:00,47.2,47.2,46.9,46.9,439500,22.55765,0,1908.7,1900.0
2025-08-11 10:43:00,46.9,46.9,46.9,46.9,0,22.73754,0,1908.2,1900.0
2025-08-11 10:44:00,46.9,46.9,46.9,46.9,0,22.666509,0,1908.4,1900.0
2025-08-11 10:45:00,46.9,47.55,46.9,47.55,490500,22.598267,0,1909.7,1900.0
2025-08-11 10:46:00,47.55,47.55,47.4,47.4,1000,22.615136,0,1909.4,1900.0
2025-08-11 10:47:00,47.4,47.5,47.4,47.5,491500,22.568616,0,1909.7,1900.0
2025-08-11 10:48:00,37.15,38.0,37.15,38.0,332500,22.310351,0,1912.5,1920.0
2025-08-11 10:49:00,38.0,38.0,37.65,37.65,5500,22.255569,0,1912.0,1920.0
2025-08-11 10:50:00,37.65,38.3,37.65,38.3,335500,22.5226,0,1912.4,1920.0
2025-08-11 10:51:00,38.3,39.0,38.3,39.0,6500,22.725809,0,1913.1,1920.0
2025-08-11 10:52:00,39.0,39.0,38.95,38.95,338500,23.099625,0,1911.8,1920.0
2025-08-11 10:53:00,38.95,39.0,38.9,38.9,35500,22.133062,0,1914.8,1920.0
2025-08-11 10:54:00,38.9,41.65,38.9,41.65,365500,23.404095,0,1916.0,1920.0
2025-08-11 10:55:00,41.65,41.65,40.2,40.2,43000,22.914892,0,1914.8,1920.0
2025-08-11 10:56:00,40.2,40.2,39.95,39.95,368000,22.828497,0,1914.6,1920.0
2025-08-11 10:57:00,39.95,39.95,39.95,39.95,0,22.986558,0,1914.1,1920.0
2025-08-11 10:58:00,39.95,39.95,39.95,39.95,0,22.987126,0,1914.1,1920.0
2025-08-11 10:59:00,39.95,39.95,39.8,39.8,415500,22.167568,0,1916.4,1920.0
2025-08-11 11:00:00,39.8,41.9,39.8,41.9,1500,22.424361,0,1919.5,1920.0
2025-08-11 11:01:00,41.9,42.95,41.9,42.95,420500,22.892303,0,1920.0,1920.0
2025-08-11 11:02:00,42.95,43.35,42.95,43.35,10000,23.265315,0,1919.6,1920.0
2025-08-11 11:03:00,43.35,43.35,41.65,41.65,426000,22.765719,0,1918.0,1920.0
2025-08-11 11:04:00,41.65,41.65,41.25,41.25,15000,22.720064,0,1917.4,1920.0
2025-08-11 11:05:00,41.25,41.25,41.2,41.2,427500,22.496243,0,1918.0,1920.0
2025-08-11 11:06:00,41.2,41.2,40.5,41.0,20000,22.635461,0,1917.2,1920.0
2025-08-11 11:07:00,41.0,41.35,41.0,41.35,428000,22.910854,0,1917.0,1920.0
2025-08-11 11:08:00,41.35,41.35,41.35,41.35,0,22.943597,0,1916.9,1920.0
2025-08-11 11:09:00,41.35,41.35,41.35,41.35,0,22.87979,0,1917.1,1920.0
2025-08-11 11:10:00,41.35,41.35,40.6,40.6,449000,22.590333,0,1916.6,1920.0
2025-08-11 11:11:00,40.6,40.6,40.6,40.6,0,22.622979,0,1916.5,1920.0
2025-08-11 11:12:00,40.6,40.6,40.0,40.0,450000,22.294984,0,1916.4,1920.0
2025-08-11 11:13:00,40.0,40.2,39.9,39.9,2500,22.681577,0,1915.0,1920.0
2025-08-11 11:14:00,39.9,39.9,39.9,39.9,0,22.682141,0,1915.0,1920.0
2025-08-11 11:15:00,39.9,39.9,39.4,39.4,453000,22.382296,0,1915.0,1920.0
2025-08-11 11:16:00,39.4,39.9,39.4,39.9,2000,22.556338,0,1915.4,1920.0
2025-08-11 11:17:00,39.9,41.7,39.9,41.7,456000,22.933367,0,1917.6,1920.0
2025-08-11 11:18:00,41.7,41.7,41.4,41.4,2500,22.330404,0,1918.9,1920.0
2025-08-11 11:19:00,41.4,41.7,41.4,41.7,456500,22.6422,0,1918.5,1920.0
2025-08-11 11:20:00,41.7,41.7,41.7,41.7,0,22.707926,0,1918.3,1920.0
2025-08-11 11:21:00,41.7,41.7,41.7,41.7,0,22.83847,0,1917.9,1920.0
2025-08-11 11:22:00,41.7,41.7,40.85,40.85,460000,22.779467,0,1916.5,1920.0
2025-08-11 11:23:00,40.85,40.85,40.85,40.85,0,22.490269,0,1917.4,1920.0
2025-08-11 11:24:00,40.85,40.85,40.85,40.85,0,22.587674,0,1917.1,1920.0
2025-08-11 11:25:00,40.85,40.85,40.85,40.85,0,22.555984,0,1917.2,1920.0
2025-08-11 11:26:00,40.85,41.0,40.85,41.0,460500,23.127596,0,1915.7,1920.0
2025-08-11 11:27:00,41.0,41.0,41.0,41.0,0,23.697368,0,1913.9,1920.0
2025-08-11 11:28:00,41.0,41.0,39.65,39.65,461000,22.949527,0,1913.7,1920.0
2025-08-11 11:29:00,39.65,39.65,39.45,39.45,1000,23.142189,0,1912.7,1920.0
2025-08-11 11:30:00,39.45,39.45,39.45,39.45,0,23.359895,0,1912.0,1920.0
2025-08-11 11:31:00,39.45,39.45,38.7,38.7,463500,22.878814,0,1912.1,1920.0
2025-08-11 11:32:00,49.6,49.6,48.6,48.6,5500,23.163851,0,1910.0,1900.0
2025-08-11 11:33:00,48.6,48.6,48.0,48.0,667000,22.830833,0,1909.9,1900.0
2025-08-11 11:34:00,48.0,48.0,47.4,47.4,10500,22.931169,0,1908.6,1900.0
2025-08-11 11:35:00,47.4,47.4,47.1,47.3,672500,23.156168,0,1907.8,1900.0
2025-08-11 11:36:00,47.3,48.05,47.3,48.05,11500,23.152595,0,1909.1,1900.0
2025-08-11 11:37:00,48.05,48.05,48.05,48.05,0,23.117173,0,1909.2,1900.0
2025-08-11 11:38:00,37.7,37.7,37.7,37.7,0,22.895882,0,1910.1,1920.0
2025-08-11 11:39:00,48.05,48.05,48.0,48.0,685000,23.087564,0,1909.2,1900.0
2025-08-11 11:40:00,48.0,48.0,48.0,48.0,0,22.871207,0,1909.8,1900.0
2025-08-11 11:41:00,37.6,37.6,37.55,37.55,497000,22.224188,0,1912.0,1920.0
2025-08-11 11:42:00,37.55,37.55,37.55,37.55,0,22.379059,0,1911.5,1920.0
2025-08-11 11:43:00,37.55,37.55,37.55,37.55,0,22.379613,0,1911.5,1920.0
2025-08-11 11:44:00,37.55,37.55,37.55,37.55,0,22.503185,0,1911.1,1920.0
2025-08-11 11:45:00,37.55,37.55,37.55,37.55,0,22.503742,0,1911.1,1920.0
2025-08-11 11:46:00,37.55,38.55,37.55,38.55,498000,22.889897,0,1911.8,1920.0
2025-08-11 11:47:00,49.45,49.45,48.5,48.5,690000,23.364068,0,1909.3,1900.0
2025-08-11 11:48:00,48.5,48.5,48.5,48.5,0,23.400653,0,1909.2,1900.0
2025-08-11 11:49:00,48.5,48.5,48.0,48.0,691000,22.948939,0,1909.6,1900.0
2025-08-11 11:50:00,48.0,48.0,48.0,48.0,0,22.913301,0,1909.7,1900.0
2025-08-11 11:51:00,48.0,48.0,47.4,47.4,693500,23.155732,0,1908.0,1900.0
2025-08-11 11:52:00,47.4,47.4,46.45,46.45,2000,22.892769,0,1907.1,1900.0
2025-08-11 11:53:00,46.45,46.45,45.8,45.8,696500,23.197155,0,1905.1,1900.0
2025-08-11 11:54:00,45.8,45.8,45.0,45.0,8000,23.089419,0,1904.0,1900.0
2025-08-11 11:55:00,45.0,45.0,45.0,45.0,699500,22.813033,0,1904.8,1900.0
2025-08-11 11:56:00,45.0,45.0,45.0,45.0,0,22.534373,0,1905.6,1900.0
2025-08-11 11:57:00,45.0,46.0,45.0,46.0,708000,23.287108,0,1905.2,1900.0
2025-08-11 11:58:00,46.0,46.0,45.9,45.9,1500,23.086942,0,1905.6,1900.0
2025-08-11 11:59:00,45.9,45.9,45.9,45.9,0,22.771456,0,1906.5,1900.0
2025-08-11 12:00:00,45.9,46.0,45.9,46.0,710500,22.974181,0,1906.1,1900.0
2025-08-11 12:01:00,46.0,46.5,46.0,46.5,1000,23.105422,0,1906.6,1900.0
2025-08-11 12:02:00,46.5,46.55,46.5,46.55,711000,23.136676,0,1906.6,1900.0
2025-08-11 12:03:00,46.55,46.55,46.0,46.0,2500,23.186043,0,1905.5,1900.0
2025-08-11 12:04:00,46.0,46.2,46.0,46.2,712000,23.239255,0,1905.7,1900.0
2025-08-11 12:05:00,46.2,47.0,45.65,47.0,5000,22.953729,0,1907.9,1900.0
2025-08-11 12:06:00,47.0,47.0,47.0,47.0,0,23.203161,0,1907.2,1900.0
2025-08-11 12:07:00,47.0,47.0,46.95,46.95,718000,22.816912,0,1908.2,1900.0
2025-08-11 12:08:00,46.95,47.2,46.95,47.2,3500,23.042751,0,1908.0,1900.0
2025-08-11 12:09:00,47.2,47.2,46.85,46.85,719000,22.64891,0,1908.5,1900.0
2025-08-11 12:10:00,46.85,46.85,46.85,46.85,0,22.105806,0,1910.0,1900.0
2025-08-11 12:11:00,46.85,47.3,46.85,47.3,723500,22.783259,0,1908.9,1900.0
2025-08-11 12:12:00,37.0,37.75,37.0,37.75,544500,22.914648,0,1910.2,1920.0
2025-08-11 12:13:00,37.75,37.75,37.4,37.4,2000,22.704615,0,1910.2,1920.0
2025-08-11 12:14:00,37.4,37.4,37.4,37.4,0,22.552355,0,1910.7,1920.0
2025-08-11 12:15:00,37.4,38.0,37.4,38.0,548500,22.698874,0,1911.4,1920.0
2025-08-11 12:16:00,38.0,38.0,38.0,38.0,0,22.699436,0,1911.4,1920.0
2025-08-11 12:17:00,38.0,38.25,38.0,38.25,549000,23.06544,0,1910.7,1920.0
2025-08-11 12:18:00,38.25,39.0,38.25,39.0,2500,22.712313,0,1913.3,1920.0
2025-08-11 12:19:00,39.0,40.1,39.0,40.1,551000,22.775665,0,1915.2,1920.0
2025-08-11 12:20:00,40.1,40.1,40.1,40.1,0,22.839705,0,1915.0,1920.0
2025-08-11 12:21:00,40.1,40.8,40.1,40.8,555500,23.229666,0,1915.1,1920.0
2025-08-11 12:22:00,40.8,40.8,40.8,40.8,0,23.1985,0,1915.2,1920.0
2025-08-11 12:23:00,40.8,40.8,40.55,40.8,559000,23.039967,0,1915.7,1920.0
2025-08-11 12:24:00,40.8,40.8,40.8,40.8,0,22.912776,0,1916.1,1920.0
2025-08-11 12:25:00,40.8,40.8,40.45,40.45,559500,22.989645,0,1915.2,1920.0
2025-08-11 12:26:00,40.45,40.45,40.3,40.3,500,22.963441,0,1915.0,1920.0
2025-08-11 12:27:00,40.3,40.3,40.3,40.3,0,22.964012,0,1915.0,1920.0
2025-08-11 12:28:00,40.3,40.3,39.75,40.1,563500,22.748984,0,1915.3,1920.0
2025-08-11 12:29:00,40.1,40.1,40.1,40.1,0,22.685907,0,1915.5,1920.0
2025-08-11 12:30:00,40.1,40.1,40.1,40.1,0,22.462859,0,1916.2,1920.0
2025-08-11 12:31:00,40.1,40.1,40.1,40.1,0,22.623284,0,1915.7,1920.0
2025-08-11 12:32:00,40.1,40.1,39.9,39.9,575000,22.599083,0,1915.4,1920.0
2025-08-11 12:33:00,39.9,39.9,39.9,39.9,0,22.695007,0,1915.1,1920.0
2025-08-11 12:34:00,39.9,39.9,39.9,39.9,0,22.695573,0,1915.1,1920.0
2025-08-11 12:35:00,39.9,39.9,39.9,39.9,0,22.727873,0,1915.0,1920.0
2025-08-11 12:36:00,39.9,40.4,39.9,40.4,577500,22.550586,0,1916.5,1920.0
2025-08-11 12:37:00,40.4,41.3,40.4,41.3,6000,22.964359,0,1916.9,1920.0
2025-08-11 12:38:00,41.3,41.3,41.3,41.3,0,23.029295,0,1916.7,1920.0
2025-08-11 12:39:00,41.3,41.3,40.95,40.95,584000,22.786959,0,1916.8,1920.0
2025-08-11 12:40:00,40.95,40.95,40.95,40.95,0,22.787529,0,1916.8,1920.0
2025-08-11 12:41:00,40.95,40.95,40.95,40.95,0,23.044761,0,1916.0,1920.0
2025-08-11 12:42:00,40.95,40.95,40.95,40.95,0,22.981331,0,1916.2,1920.0
2025-08-11 12:43:00,40.95,40.95,40.8,40.8,585000,22.955608,0,1916.0,1920.0
2025-08-11 12:44:00,40.8,40.8,40.8,40.8,0,22.795946,0,1916.5,1920.0
2025-08-11 12:45:00,40.8,40.8,40.8,40.8,0,22.860691,0,1916.3,1920.0
2025-08-11 12:46:00,40.8,40.8,40.65,40.65,587500,22.738869,0,1916.4,1920.0
2025-08-11 12:47:00,40.65,40.65,40.65,40.65,0,22.739436,0,1916.4,1920.0
2025-08-11 12:48:00,40.65,40.65,40.2,40.3,590000,22.174417,0,1917.5,1920.0
2025-08-11 12:49:00,40.3,40.3,40.3,40.3,0,22.529814,0,1916.4,1920.0
2025-08-11 12:50:00,40.3,40.3,40.3,40.3,0,22.175532,0,1917.5,1920.0
2025-08-11 12:51:00,40.3,40.3,40.3,40.3,0,22.305529,0,1917.1,1920.0
2025-08-11 12:52:00,40.3,40.3,40.3,40.3,0,22.402866,0,1916.8,1920.0
2025-08-11 12:53:00,40.3,40.3,40.3,40.3,0,22.564159,0,1916.3,1920.0
2025-08-11 12:54:00,40.3,40.3,40.05,40.05,595500,22.574236,0,1915.8,1920.0
2025-08-11 12:55:00,40.05,40.05,40.05,40.05,0,22.542843,0,1915.9,1920.0
2025-08-11 12:56:00,40.05,40.05,40.05,40.05,597500,22.671079,0,1915.5,1920.0
2025-08-11 12:57:00,40.05,40.05,40.05,40.05,0,22.639767,0,1915.6,1920.0
2025-08-11 12:58:00,40.05,40.4,40.05,40.4,598000,22.691304,0,1916.1,1920.0
2025-08-11 12:59:00,40.4,40.4,40.4,40.4,0,22.915362,0,1915.4,1920.0
2025-08-11 13:00:00,40.4,40.4,40.4,40.4,0,22.884085,0,1915.5,1920.0
2025-08-11 13:01:00,40.4,41.1,40.4,40.75,603000,22.549942,0,1917.2,1920.0
2025-08-11 13:02:00,40.75,40.75,40.75,40.75,0,22.615095,0,1917.0,1920.0
2025-08-11 13:03:00,40.75,40.75,40.55,40.55,604000,23.103345,0,1915.1,1920.0
2025-08-11 13:04:00,40.55,40.55,39.7,39.7,7500,22.208963,0,1916.3,1920.0
2025-08-11 13:05:00,39.7,39.7,39.7,39.7,0,22.369655,0,1915.8,1920.0
2025-08-11 13:06:00,39.7,39.7,39.0,39.0,612000,22.203503,0,1915.0,1920.0
2025-08-11 13:07:00,39.0,39.0,39.0,39.0,0,22.20406,0,1915.0,1920.0
2025-08-11 13:08:00,39.0,39.0,39.0,39.0,0,22.204616,0,1915.0,1920.0
2025-08-11 13:09:00,39.0,39.0,39.0,39.0,0,22.109795,0,1915.3,1920.0
2025-08-11 13:10:00,39.0,39.0,39.0,39.0,0,22.205729,0,1915.0,1920.0
2025-08-11 13:11:00,39.0,39.0,38.45,38.45,614000,22.096717,0,1914.3,1920.0
2025-08-11 13:12:00,38.45,38.45,38.45,38.45,0,22.160356,0,1914.1,1920.0
2025-08-11 13:13:00,38.45,38.45,38.45,38.45,0,22.192413,0,1914.0,1920.0
2025-08-11 13:14:00,38.45,38.45,38.45,38.45,0,22.224446,0,1913.9,1920.0
2025-08-11 13:15:00,38.45,38.45,38.45,38.45,0,22.098931,0,1914.3,1920.0
2025-08-11 13:16:00,38.45,39.45,38.45,39.45,617500,22.575212,0,1914.7,1920.0
2025-08-11 13:17:00,39.45,39.45,39.45,39.45,0,22.575775,0,1914.7,1920.0
2025-08-11 13:18:00,39.45,39.45,39.45,39.45,0,22.639625,0,1914.5,1920.0
2025-08-11 13:19:00,39.45,39.45,39.45,39.45,0,22.64019,0,1914.5,1920.0
2025-08-11 13:20:00,39.45,39.45,39.45,39.45,0,22.577466,0,1914.7,1920.0
2025-08-11 13:21:00,39.45,39.45,39.45,39.45,0,22.578029,0,1914.7,1920.0
2025-08-11 13:22:00,39.45,39.45,39.45,39.45,0,22.578592,0,1914.7,1920.0
2025-08-11 13:23:00,39.45,39.45,39.45,39.45,0,22.705635,0,1914.3,1920.0
2025-08-11 13:24:00,39.45,39.45,39.45,39.45,0,22.611379,0,1914.6,1920.0
2025-08-11 13:25:00,39.45,39.45,39.45,39.45,0,22.548596,0,1914.8,1920.0
2025-08-11 13:26:00,39.45,39.45,39.45,39.45,0,22.39032,0,1915.3,1920.0
2025-08-11 13:27:00,39.45,39.45,39.45,39.45,0,22.263316,0,1915.7,1920.0
2025-08-11 13:28:00,39.45,40.3,39.45,40.3,619500,22.4231,0,1916.8,1920.0
2025-08-11 13:29:00,40.3,40.3,40.05,40.05,500,22.176114,0,1917.1,1920.0
2025-08-11 13:30:00,40.05,40.05,40.05,40.05,0,22.241275,0,1916.9,1920.0
2025-08-11 13:31:00,40.05,40.05,40.0,40.0,621000,22.564997,0,1915.8,1920.0
2025-08-11 13:32:00,40.0,40.0,40.0,40.0,0,22.212252,0,1916.9,1920.0
2025-08-11 13:33:00,40.0,40.0,40.0,40.0,0,22.341683,0,1916.5,1920.0
2025-08-11 13:34:00,40.0,40.0,40.0,40.0,0,22.181079,0,1917.0,1920.0
2025-08-11 13:35:00,40.0,40.0,40.0,40.0,0,22.278424,0,1916.7,1920.0
2025-08-11 13:36:00,40.0,40.0,40.0,40.0,0,21.92281,0,1917.8,1920.0
2025-08-11 13:37:00,40.0,41.3,40.0,41.3,622500,22.479272,0,1918.5,1920.0
2025-08-11 13:38:00,41.3,41.3,41.3,41.3,0,22.283096,0,1919.1,1920.0
2025-08-11 13:39:00,41.3,41.7,41.3,41.7,623500,22.459323,0,1919.3,1920.0
2025-08-11 13:40:00,41.7,41.7,41.7,41.7,2000,22.294887,0,1919.8,1920.0
2025-08-11 13:41:00,41.7,41.7,41.7,41.7,0,22.361544,0,1919.6,1920.0
2025-08-11 13:42:00,41.7,42.85,41.7,42.85,629000,22.458274,0,1921.4,1920.0
2025-08-11 13:43:00,42.85,42.85,42.2,42.2,3000,22.132753,0,1921.2,1920.0
2025-08-11 13:44:00,42.2,42.7,42.2,42.7,630500,22.166932,0,1922.0,1920.0
2025-08-11 13:45:00,42.7,42.9,42.7,42.8,9500,22.092878,0,1922.4,1920.0
2025-08-11 13:46:00,42.8,42.8,42.8,42.8,0,22.127277,0,1922.3,1920.0
2025-08-11 13:47:00,42.8,43.0,42.8,43.0,642500,21.840812,0,1923.5,1920.0
2025-08-11 13:48:00,43.0,44.0,43.0,44.0,2500,22.617918,0,1923.0,1920.0
2025-08-11 13:49:00,44.0,44.0,43.95,43.95,644000,22.656067,0,1922.8,1920.0
2025-08-11 13:50:00,43.95,43.95,43.35,43.85,4000,23.034113,0,1921.5,1920.0
2025-08-11 13:51:00,43.85,43.85,41.15,41.15,653500,22.068012,0,1919.5,1920.0
2025-08-11 13:52:00,41.15,41.15,40.5,40.5,4500,21.972141,0,1918.6,1920.0
2025-08-11 13:53:00,40.5,40.5,39.2,39.6,655500,22.111715,0,1916.5,1920.0
2025-08-11 13:54:00,39.6,40.35,39.6,40.35,6500,22.33867,0,1917.2,1920.0
2025-08-11 13:55:00,40.35,40.35,40.35,40.35,0,22.500691,0,1916.7,1920.0
2025-08-11 13:56:00,40.35,40.35,40.35,40.35,0,22.145086,0,1917.8,1920.0
2025-08-11 13:57:00,40.35,40.35,40.35,40.35,0,22.340356,0,1917.2,1920.0
2025-08-11 13:58:00,40.35,40.35,40.35,40.35,0,22.146204,0,1917.8,1920.0
2025-08-11 13:59:00,40.35,40.35,40.35,40.35,0,22.049005,0,1918.1,1920.0
2025-08-11 14:00:00,40.35,40.35,40.35,40.35,662500,22.17985,0,1917.7,1920.0
2025-08-11 14:01:00,40.35,40.4,40.35,40.4,7000,22.145498,0,1917.9,1920.0
2025-08-11 14:02:00,40.4,40.4,40.0,40.0,664000,21.774063,0,1918.3,1920.0
2025-08-11 14:03:00,40.0,40.3,40.0,40.3,7500,21.857499,0,1918.6,1920.0
2025-08-11 14:04:00,40.3,40.65,40.3,40.65,665000,21.872196,0,1919.2,1920.0
2025-08-11 14:05:00,40.65,40.7,40.65,40.7,19000,22.132889,0,1918.5,1920.0
2025-08-11 14:06:00,40.7,41.05,40.7,41.05,665500,22.279247,0,1918.7,1920.0
2025-08-11 14:07:00,41.05,41.7,41.05,41.7,19500,22.110989,0,1920.4,1920.0
2025-08-11 14:08:00,41.7,41.7,41.7,41.7,0,22.178051,0,1920.2,1920.0
2025-08-11 14:09:00,41.7,41.7,41.7,41.7,0,22.311238,0,1919.8,1920.0
2025-08-11 14:10:00,41.7,41.7,41.7,41.7,0,22.079372,0,1920.5,1920.0
2025-08-11 14:11:00,41.7,41.7,41.5,41.5,685500,21.89226,0,1920.7,1920.0
2025-08-11 14:12:00,41.5,41.5,41.5,41.5,0,21.992854,0,1920.4,1920.0
2025-08-11 14:13:00,41.5,41.5,41.5,41.5,0,21.960098,0,1920.5,1920.0
2025-08-11 14:14:00,41.5,41.95,41.5,41.95,691500,22.299343,0,1920.3,1920.0
2025-08-11 14:15:00,41.95,42.0,41.95,41.95,1000,21.932324,0,1921.4,1920.0
2025-08-11 14:16:00,41.95,42.2,41.95,42.2,693000,21.882133,0,1922.0,1920.0
2025-08-11 14:17:00,42.2,42.2,42.2,42.2,2000,22.185368,0,1921.1,1920.0
2025-08-11 14:18:00,42.2,42.2,41.05,41.05,694000,22.055702,0,1919.4,1920.0
2025-08-11 14:19:00,41.05,41.05,40.7,40.7,2500,21.64601,0,1920.0,1920.0
2025-08-11 14:20:00,40.7,41.0,40.7,41.0,694500,22.158401,0,1919.0,1920.0
2025-08-11 14:21:00,41.0,41.0,41.0,41.0,3000,21.82852,0,1920.0,1920.0
2025-08-11 14:22:00,41.0,41.0,41.0,41.0,695000,21.662653,0,1920.5,1920.0
2025-08-11 14:23:00,41.0,41.0,41.0,41.0,0,21.562955,0,1920.8,1920.0
2025-08-11 14:24:00,41.0,41.5,41.0,41.5,698500,21.899504,0,1920.7,1920.0
2025-08-11 14:25:00,41.5,41.5,41.5,41.5,0,21.866643,0,1920.8,1920.0
2025-08-11 14:26:00,41.5,41.5,41.45,41.45,700000,22.003725,0,1920.3,1920.0
2025-08-11 14:27:00,41.45,41.45,41.0,41.0,500,21.765375,0,1920.2,1920.0
2025-08-11 14:28:00,41.0,41.0,41.0,41.0,0,21.799185,0,1920.1,1920.0
2025-08-11 14:29:00,41.0,41.0,40.65,40.65,701500,21.32089,0,1920.9,1920.0
2025-08-11 14:30:00,40.65,40.65,40.65,40.65,0,20.848591,0,1922.3,1920.0
2025-08-11 14:31:00,40.65,42.55,40.65,42.55,707000,21.66075,0,1923.3,1920.0
2025-08-11 14:32:00,42.55,43.0,42.55,43.0,1000,21.79742,0,1923.7,1920.0
2025-08-11 14:33:00,43.0,43.0,42.7,42.7,708500,21.821233,0,1923.1,1920.0
2025-08-11 14:34:00,42.7,42.7,42.3,42.3,1500,21.681415,0,1922.8,1920.0
2025-08-11 14:35:00,42.3,42.3,42.05,42.05,709000,21.734175,0,1922.2,1920.0
2025-08-11 14:36:00,42.05,42.45,42.05,42.45,2000,21.875503,0,1922.5,1920.0
2025-08-11 14:37:00,42.45,42.45,42.45,42.45,0,21.97774,0,1922.2,1920.0
2025-08-11 14:38:00,42.45,42.45,42.1,42.1,712000,21.732266,0,1922.3,1920.0
2025-08-11 14:39:00,42.1,42.35,42.1,42.3,5500,21.887942,0,1922.2,1920.0
2025-08-11 14:40:00,42.3,42.3,42.3,42.3,712500,21.650668,0,1922.9,1920.0
2025-08-11 14:41:00,42.3,42.45,42.3,42.45,6000,21.810336,0,1922.7,1920.0
2025-08-11 14:42:00,42.45,42.45,42.45,42.45,0,22.384267,0,1921.0,1920.0
2025-08-11 14:43:00,42.45,42.45,42.45,42.45,0,22.485033,0,1920.7,1920.0
2025-08-11 14:44:00,42.45,42.45,42.45,42.45,0,22.284913,0,1921.3,1920.0
2025-08-11 14:45:00,42.45,42.45,40.9,40.9,719500,21.177961,0,1921.8,1920.0
2025-08-11 14:46:00,40.9,40.9,40.9,40.9,0,21.144656,0,1921.9,1920.0
2025-08-11 14:47:00,40.9,42.5,40.9,42.5,720500,21.844016,0,1922.7,1920.0
2025-08-11 14:48:00,42.5,42.6,42.5,42.6,1000,21.768927,0,1923.1,1920.0
2025-08-11 14:49:00,42.6,43.65,42.6,43.65,724500,22.338434,0,1923.3,1920.0
2025-08-11 14:50:00,43.65,43.65,42.75,42.75,4000,21.792741,0,1923.3,1920.0
2025-08-11 14:51:00,42.75,43.0,42.75,43.0,725500,22.081522,0,1922.9,1920.0
2025-08-11 14:52:00,43.0,43.0,43.0,43.0,0,22.082085,0,1922.9,1920.0
2025-08-11 14:53:00,43.0,43.0,42.7,42.75,730500,21.828607,0,1923.2,1920.0
2025-08-11 14:54:00,42.75,43.0,42.75,43.0,1000,21.912547,0,1923.4,1920.0
2025-08-11 14:55:00,43.0,43.35,43.0,43.35,731500,21.954208,0,1923.9,1920.0
2025-08-11 14:56:00,43.35,43.35,43.0,43.0,5000,22.050277,0,1923.0,1920.0
2025-08-11 14:57:00,43.0,43.2,43.0,43.2,732000,21.864198,0,1923.9,1920.0
2025-08-11 14:58:00,43.2,43.2,43.2,43.2,0,21.830357,0,1924.0,1920.0
2025-08-11 14:59:00,43.2,43.5,43.2,43.5,747500,22.047591,0,1923.9,1920.0
2025-08-11 15:00:00,43.5,44.35,43.5,43.7,14500,22.203976,0,1923.8,1920.0
2025-08-11 15:01:00,43.7,43.7,43.3,43.7,749000,22.34147,0,1923.4,1920.0
2025-08-11 15:02:00,43.7,43.7,42.9,42.9,15000,22.196909,0,1922.4,1920.0
2025-08-11 15:03:00,42.9,42.9,42.9,42.9,0,21.959419,0,1923.1,1920.0
2025-08-11 15:04:00,42.9,42.9,42.9,42.9,764500,21.78889,0,1923.6,1920.0
2025-08-11 15:05:00,42.9,42.9,42.9,42.9,0,21.686362,0,1923.9,1920.0
2025-08-11 15:06:00,42.9,42.9,42.9,42.9,0,21.479752,0,1924.5,1920.0
2025-08-11 15:07:00,42.9,43.3,42.9,43.3,765000,21.584962,0,1924.9,1920.0
2025-08-11 15:08:00,43.3,43.4,43.3,43.4,500,22.02626,0,1923.8,1920.0
2025-08-11 15:09:00,43.4,43.4,43.4,43.4,0,21.82017,0,1924.4,1920.0
2025-08-11 15:10:00,43.4,43.4,42.1,42.1,766500,21.580032,0,1922.8,1920.0
2025-08-11 15:11:00,42.1,42.6,42.1,42.45,2500,21.996828,0,1922.2,1920.0
2025-08-11 15:12:00,42.45,42.45,42.45,42.45,0,22.199945,0,1921.6,1920.0
2025-08-11 15:13:00,42.45,42.45,42.1,42.1,770000,21.954675,0,1921.7,1920.0
2025-08-11 15:14:00,42.1,42.1,41.7,41.7,1000,21.577458,0,1922.1,1920.0
2025-08-11 15:15:00,41.7,41.95,41.7,41.95,771500,21.729664,0,1922.1,1920.0
2025-08-11 15:16:00,41.95,41.95,41.55,41.55,2500,21.757664,0,1921.3,1920.0
2025-08-11 15:17:00,41.55,41.85,41.55,41.85,774500,22.074189,0,1920.9,1920.0
2025-08-11 15:18:00,41.85,41.85,41.4,41.55,3500,21.959936,0,1920.7,1920.0
2025-08-11 15:19:00,41.55,41.55,41.55,41.55,775000,22.260041,0,1919.8,1920.0
2025-08-11 15:20:00,41.55,41.55,41.55,41.55,0,22.326824,0,1919.6,1920.0
2025-08-11 15:21:00,41.55,41.7,41.55,41.7,780000,22.318799,0,1919.9,1920.0
2025-08-11 15:22:00,41.7,41.7,41.65,41.65,1500,22.056154,0,1920.6,1920.0
2025-08-11 15:23:00,41.65,41.75,41.65,41.75,780500,22.283805,0,1920.1,1920.0
2025-08-11 15:24:00,41.75,41.75,41.4,41.4,5000,21.838974,0,1920.8,1920.0
2025-08-11 15:25:00,41.4,41.4,41.05,41.05,783500,22.126255,0,1919.3,1920.0
2025-08-11 15:26:00,41.05,41.05,40.8,40.8,7000,21.909435,0,1919.5,1920.0
2025-08-11 15:27:00,40.8,40.8,40.7,40.7,786000,22.014555,0,1919.0,1920.0
2025-08-11 15:28:00,40.7,40.7,39.75,40.55,14000,21.626569,0,1919.9,1920.0
2025-08-11 15:29:00,40.55,41.2,40.55,41.2,791000,21.887613,0,1920.3,1920.0
2025-08-12 09:15:00,42.2,45.25,42.2,44.25,10500,21.135609,0,1929.5,1920.0
2025-08-12 09:16:00,44.25,46.45,44.25,44.9,7000,21.692144,0,1929.1,1920.0
2025-08-12 09:17:00,44.9,44.9,44.2,44.2,14500,21.06814,0,1929.6,1920.0
2025-08-12 09:18:00,34.6,35.6,34.6,35.6,17500,21.133452,0,1933.2,1940.0
2025-08-12 09:19:00,46.8,46.8,43.5,43.65,22000,21.461178,0,1927.6,1920.0
2025-08-12 09:20:00,33.6,33.7,33.6,33.7,34500,20.53883,0,1931.4,1940.0
2025-08-12 09:21:00,33.7,35.0,33.7,34.8,50000,21.55221,0,1930.3,1940.0
2025-08-12 09:22:00,34.8,35.0,34.0,34.5,61000,21.369444,0,1930.3,1940.0
2025-08-12 09:23:00,44.75,44.75,43.45,43.65,50500,21.280801,0,1928.1,1920.0
2025-08-12 09:24:00,43.65,43.65,43.0,43.0,50500,21.275854,0,1927.0,1920.0
2025-08-12 09:25:00,43.0,43.0,43.0,43.0,52000,21.094538,0,1927.5,1920.0
2025-08-12 09:26:00,43.0,43.0,41.6,41.6,57500,20.692004,0,1926.2,1920.0
2025-08-12 09:27:00,41.6,42.6,41.6,42.1,56500,21.076795,0,1926.0,1920.0
2025-08-12 09:28:00,42.1,43.25,42.1,43.25,59500,21.542883,0,1926.7,1920.0
2025-08-12 09:29:00,43.25,43.5,42.85,43.5,58500,21.080087,0,1928.4,1920.0
2025-08-12 09:30:00,43.5,43.5,40.85,40.85,61500,20.693076,0,1924.9,1920.0
2025-08-12 09:31:00,40.85,44.35,40.85,44.35,65000,21.281908,0,1929.3,1920.0
2025-08-12 09:32:00,44.35,44.35,44.25,44.25,65500,21.256781,0,1929.2,1920.0
2025-08-12 09:33:00,44.25,44.25,43.5,43.5,67000,21.557234,0,1927.1,1920.0
2025-08-12 09:34:00,43.5,43.5,42.75,42.75,69500,21.306369,0,1926.5,1920.0
2025-08-12 09:35:00,42.75,42.75,41.45,41.45,73500,20.962756,0,1925.2,1920.0
2025-08-12 09:36:00,41.45,41.5,41.1,41.1,77000,21.029959,0,1924.4,1920.0
2025-08-12 09:37:00,41.1,41.1,40.95,40.95,76000,21.007979,0,1924.2,1920.0
2025-08-12 09:38:00,40.95,41.2,40.95,41.2,79500,21.128758,0,1924.3,1920.0
2025-08-12 09:39:00,41.2,41.2,41.0,41.0,76500,21.181406,0,1923.8,1920.0
2025-08-12 09:40:00,41.0,41.0,39.8,39.8,83000,21.237934,0,1921.5,1920.0
2025-08-12 09:41:00,39.8,40.2,39.8,40.2,82500,20.966019,0,1923.0,1920.0
2025-08-12 09:42:00,40.2,41.1,40.2,41.1,86000,21.455843,0,1923.2,1920.0
2025-08-12 09:43:00,41.1,41.7,41.1,41.7,90000,21.230056,0,1924.9,1920.0
2025-08-12 09:44:00,41.7,41.7,41.7,41.7,86500,21.61956,0,1923.8,1920.0
2025-08-12 09:45:00,41.7,41.7,41.25,41.25,94000,21.128465,0,1924.4,1920.0
2025-08-12 09:46:00,41.25,41.25,41.25,41.25,0,21.235142,0,1924.1,1920.0
2025-08-12 09:47:00,41.25,41.25,40.05,40.05,184500,21.224309,0,1922.0,1920.0
2025-08-12 09:48:00,40.05,40.55,40.05,40.55,1000,20.800599,0,1924.1,1920.0
2025-08-12 09:49:00,40.55,41.45,40.55,41.45,188000,21.290651,0,1924.3,1920.0
2025-08-12 09:50:00,41.45,41.45,41.35,41.35,3500,21.193579,0,1924.4,1920.0
2025-08-12 09:51:00,41.35,41.35,41.2,41.2,189000,21.029798,0,1924.6,1920.0
2025-08-12 09:52:00,41.2,41.2,41.2,41.2,8500,21.488753,0,1923.3,1920.0
2025-08-12 09:53:00,41.2,41.2,40.3,40.3,194000,21.069919,0,1922.9,1920.0
2025-08-12 09:54:00,40.3,40.9,40.3,40.9,13500,20.702039,0,1925.0,1920.0
2025-08-12 09:55:00,40.9,41.05,40.9,41.05,195500,20.509128,0,1925.8,1920.0
2025-08-12 09:56:00,41.05,41.9,41.05,41.9,16500,20.968484,0,1926.0,1920.0
2025-08-12 09:57:00,41.9,41.9,41.6,41.8,200000,20.798319,0,1926.3,1920.0
2025-08-12 09:58:00,41.8,42.3,41.8,42.3,18500,20.930308,0,1926.8,1920.0
2025-08-12 09:59:00,42.3,42.3,42.15,42.15,201000,20.764309,0,1927.0,1920.0
2025-08-12 10:00:00,42.15,42.15,42.1,42.1,25500,20.733583,0,1927.0,1920.0
2025-08-12 10:01:00,42.1,42.2,42.1,42.2,201500,20.614107,0,1927.5,1920.0
2025-08-12 10:02:00,42.2,42.45,42.2,42.45,31500,20.807885,0,1927.4,1920.0
2025-08-12 10:03:00,42.45,42.65,42.25,42.25,203500,20.71974,0,1927.3,1920.0
2025-08-12 10:04:00,42.25,42.75,42.25,42.75,32000,20.923788,0,1927.6,1920.0
2025-08-12 10:05:00,42.75,42.75,42.7,42.7,205500,20.635672,0,1928.3,1920.0
2025-08-12 10:06:00,42.7,42.7,42.7,42.7,0,20.856976,0,1927.7,1920.0
2025-08-12 10:07:00,42.7,42.7,42.3,42.3,239000,20.385656,0,1928.3,1920.0
2025-08-12 10:08:00,42.3,42.65,42.3,42.65,1000,20.753366,0,1927.9,1920.0
2025-08-12 10:09:00,42.65,42.65,42.3,42.3,240000,20.790969,0,1927.2,1920.0
2025-08-12 10:10:00,42.3,42.3,42.3,42.3,0,20.645206,0,1927.6,1920.0
2025-08-12 10:11:00,42.3,42.3,40.85,40.85,242000,20.608851,0,1925.2,1920.0
2025-08-12 10:12:00,40.85,40.85,40.85,40.85,0,21.352687,0,1923.1,1920.0
2025-08-12 10:13:00,40.85,40.85,39.0,39.0,250000,20.725655,0,1921.6,1920.0
2025-08-12 10:14:00,39.0,39.3,38.45,38.45,2500,20.557379,0,1921.1,1920.0
2025-08-12 10:15:00,38.45,39.0,38.45,39.0,258000,20.79586,0,1921.4,1920.0
2025-08-12 10:16:00,39.0,39.65,39.0,39.65,3000,21.19982,0,1921.4,1920.0
2025-08-12 10:17:00,39.65,39.65,39.0,39.0,260000,21.276487,0,1920.0,1920.0
2025-08-12 10:18:00,39.0,39.0,37.4,37.4,44000,21.027135,0,1917.8,1920.0
2025-08-12 10:19:00,37.4,37.4,36.25,36.25,268000,20.615265,0,1916.9,1920.0
2025-08-12 10:20:00,36.25,36.35,36.25,36.35,47000,20.974123,0,1916.0,1920.0
2025-08-12 10:21:00,36.35,36.75,36.35,36.75,270000,20.958654,0,1916.8,1920.0
2025-08-12 10:22:00,36.75,36.8,36.75,36.8,49000,21.57977,0,1915.0,1920.0
2025-08-12 10:23:00,36.8,36.8,36.8,36.8,0,21.122595,0,1916.4,1920.0
2025-08-12 10:24:00,36.8,36.8,36.8,36.8,335500,20.991253,0,1916.8,1920.0
2025-08-12 10:25:00,36.8,36.8,36.8,36.8,0,21.25512,0,1916.0,1920.0
2025-08-12 10:26:00,36.8,36.8,35.25,35.25,341000,20.753849,0,1914.6,1920.0
2025-08-12 10:27:00,35.25,35.85,35.25,35.85,3500,20.995454,0,1915.0,1920.0
2025-08-12 10:28:00,35.85,35.85,35.0,35.0,341500,20.826441,0,1913.9,1920.0
2025-08-12 10:29:00,35.0,35.4,35.0,35.4,5500,21.074192,0,1913.9,1920.0
2025-08-12 10:30:00,35.4,35.4,35.0,35.0,345500,20.795351,0,1914.0,1920.0
2025-08-12 10:31:00,35.0,35.1,35.0,35.1,8000,21.496165,0,1912.0,1920.0
2025-08-12 10:32:00,35.1,35.1,33.6,34.35,352500,20.715399,0,1913.0,1920.0
2025-08-12 10:33:00,34.35,34.35,34.2,34.2,12000,21.412452,0,1910.5,1920.0
2025-08-12 10:34:00,34.2,34.2,34.2,34.2,0,21.256532,0,1911.0,1920.0
2025-08-12 10:35:00,34.2,34.2,34.0,34.0,386500,21.102063,0,1911.1,1920.0
2025-08-12 10:36:00,34.0,34.4,34.0,34.3,4500,20.972828,0,1912.1,1920.0
2025-08-12 10:37:00,34.3,35.0,34.3,35.0,389000,21.183694,0,1912.8,1920.0
2025-08-12 10:38:00,35.0,35.0,35.0,35.0,5000,21.152373,0,1912.9,1920.0
2025-08-12 10:39:00,35.0,35.1,33.35,33.35,392500,20.890152,0,1910.5,1920.0
2025-08-12 10:40:00,33.35,34.5,33.35,34.25,8000,21.196585,0,1911.3,1920.0
2025-08-12 10:41:00,34.25,34.7,34.25,34.7,395000,20.744622,0,1913.6,1920.0
2025-08-12 10:42:00,34.7,34.7,34.7,34.7,0,20.841344,0,1913.3,1920.0
2025-08-12 10:43:00,34.7,35.5,34.7,35.5,404500,21.240255,0,1913.6,1920.0
2025-08-12 10:44:00,35.5,35.95,35.0,35.0,6000,21.504934,0,1911.8,1920.0
2025-08-12 10:45:00,35.0,35.0,34.45,34.45,407000,21.102211,0,1912.0,1920.0
2025-08-12 10:46:00,34.45,34.45,34.45,34.45,0,21.197578,0,1911.7,1920.0
2025-08-12 10:47:00,34.45,34.7,34.45,34.7,413500,21.226235,0,1912.1,1920.0
2025-08-12 10:48:00,34.7,34.7,34.7,34.7,500,21.226795,0,1912.1,1920.0
2025-08-12 10:49:00,34.7,34.75,34.7,34.75,414000,21.761661,0,1910.5,1920.0
2025-08-12 10:50:00,34.75,34.75,34.75,34.75,4500,21.131898,0,1912.5,1920.0
2025-08-12 10:51:00,34.75,34.95,34.75,34.95,415000,21.128728,0,1912.9,1920.0
2025-08-12 10:52:00,34.95,35.0,34.95,34.95,8500,21.320203,0,1912.3,1920.0
2025-08-12 10:53:00,34.95,35.3,34.95,35.3,416500,21.186367,0,1913.4,1920.0
2025-08-12 10:54:00,35.3,35.3,35.3,35.3,0,21.122774,0,1913.6,1920.0
2025-08-12 10:55:00,35.3,36.7,35.3,36.7,428000,21.40649,0,1915.4,1920.0
2025-08-12 10:56:00,36.7,36.7,35.7,35.7,1500,20.983851,0,1914.8,1920.0
2025-08-12 10:57:00,35.7,36.0,35.7,36.0,429000,21.267174,0,1914.5,1920.0
2025-08-12 10:58:00,36.0,36.0,35.6,35.6,3500,21.117352,0,1914.2,1920.0
2025-08-12 10:59:00,35.6,35.6,35.6,35.6,0,21.085616,0,1914.3,1920.0
2025-08-12 11:00:00,35.6,35.6,35.6,35.6,433000,21.279523,0,1913.7,1920.0
2025-08-12 11:01:00,35.6,35.75,35.6,35.75,1000,21.244064,0,1914.1,1920.0
2025-08-12 11:02:00,35.75,35.75,35.3,35.3,433500,21.191413,0,1913.4,1920.0
2025-08-12 11:03:00,35.3,35.3,35.15,35.15,4500,21.354726,0,1912.6,1920.0
2025-08-12 11:04:00,35.15,35.15,35.15,35.15,0,21.323448,0,1912.7,1920.0
2025-08-12 11:05:00,35.15,35.4,35.15,35.4,438500,21.478627,0,1912.7,1920.0
2025-08-12 11:06:00,35.4,35.4,35.4,35.4,0,21.447322,0,1912.8,1920.0
2025-08-12 11:07:00,35.4,35.4,34.85,34.85,439500,21.361893,0,1912.0,1920.0
2025-08-12 11:08:00,34.85,34.85,34.15,34.15,2000,21.244627,0,1911.0,1920.0
2025-08-12 11:09:00,34.15,34.15,34.15,34.15,0,21.18237,0,1911.2,1920.0
2025-08-12 11:10:00,34.15,34.5,34.15,34.5,442500,21.178724,0,1911.9,1920.0
2025-08-12 11:11:00,34.5,34.5,34.5,34.5,0,21.30559,0,1911.5,1920.0
2025-08-12 11:12:00,34.5,34.85,34.5,34.85,443000,21.491146,0,1911.6,1920.0
2025-08-12 11:13:00,34.85,34.85,34.85,34.85,500,21.55477,0,1911.4,1920.0
2025-08-12 11:14:00,34.85,34.85,34.8,34.8,444000,21.398178,0,1911.8,1920.0
2025-08-12 11:15:00,34.8,35.05,34.8,35.05,1500,21.64813,0,1911.5,1920.0
2025-08-12 11:16:00,35.05,35.5,35.05,35.5,445000,21.737408,0,1912.1,1920.0
2025-08-12 11:17:00,35.5,36.0,35.5,36.0,2500,21.148699,0,1914.9,1920.0
2025-08-12 11:18:00,36.0,37.0,36.0,37.0,446000,21.244389,0,1916.5,1920.0
2025-08-12 11:19:00,37.0,37.0,37.0,37.0,0,21.736044,0,1915.0,1920.0
2025-08-12 11:20:00,37.0,37.0,36.45,36.45,449500,21.39631,0,1915.0,1920.0
2025-08-12 11:21:00,36.45,37.65,36.45,37.65,2000,21.217431,0,1917.8,1920.0
2025-08-12 11:22:00,37.65,37.65,37.65,37.65,0,22.13996,0,1915.0,1920.0
2025-08-12 11:23:00,37.65,37.65,36.95,36.95,452500,21.446313,0,1915.8,1920.0
2025-08-12 11:24:00,36.95,36.95,36.45,36.45,1500,21.33347,0,1915.2,1920.0
2025-08-12 11:25:00,36.45,36.45,36.45,36.45,453500,21.399146,0,1915.0,1920.0
2025-08-12 11:26:00,36.45,36.45,36.0,36.0,2000,21.315897,0,1914.4,1920.0
2025-08-12 11:27:00,36.0,36.0,36.0,36.0,454000,21.445645,0,1914.0,1920.0
2025-08-12 11:28:00,36.0,36.0,36.0,36.0,0,21.381677,0,1914.2,1920.0
2025-08-12 11:29:00,36.0,36.0,35.75,35.75,457000,21.195233,0,1914.3,1920.0
2025-08-12 11:30:00,35.75,36.7,35.75,36.7,3500,21.197107,0,1916.1,1920.0
2025-08-12 11:31:00,36.7,36.7,36.4,36.45,463500,21.435065,0,1914.9,1920.0
2025-08-12 11:32:00,36.45,36.45,36.45,36.45,0,21.403118,0,1915.0,1920.0
2025-08-12 11:33:00,36.45,36.45,36.45,36.45,0,21.501142,0,1914.7,1920.0
2025-08-12 11:34:00,36.45,36.45,36.45,36.45,0,21.566537,0,1914.5,1920.0
2025-08-12 11:35:00,36.45,36.45,36.45,36.45,0,21.631818,0,1914.3,1920.0
2025-08-12 11:36:00,36.45,36.45,36.45,36.45,0,21.535279,0,1914.6,1920.0
2025-08-12 11:37:00,36.45,36.45,36.45,36.45,0,21.503421,0,1914.7,1920.0
2025-08-12 11:38:00,36.45,36.45,36.45,36.45,0,21.439044,0,1914.9,1920.0
2025-08-12 11:39:00,36.45,36.45,36.45,36.45,0,21.504559,0,1914.7,1920.0
2025-08-12 11:40:00,36.45,36.45,36.45,36.45,0,21.53756,0,1914.6,1920.0
2025-08-12 11:41:00,36.45,36.55,36.45,36.45,469000,21.277848,0,1915.4,1920.0
2025-08-12 11:42:00,36.45,36.45,36.45,36.45,0,21.408795,0,1915.0,1920.0
2025-08-12 11:43:00,36.45,36.45,36.45,36.45,469500,21.441884,0,1914.9,1920.0
2025-08-12 11:44:00,36.45,37.0,36.45,36.65,1500,21.338002,0,1915.6,1920.0
2025-08-12 11:45:00,36.65,36.65,36.3,36.3,470000,21.252499,0,1915.2,1920.0
2025-08-12 11:46:00,36.3,36.8,36.3,36.8,2500,21.464711,0,1915.5,1920.0
2025-08-12 11:47:00,36.8,37.15,36.8,37.15,472000,21.845,0,1915.0,1920.0
2025-08-12 11:48:00,37.15,37.15,36.0,36.0,4000,21.10104,0,1915.1,1920.0
2025-08-12 11:49:00,36.0,36.0,36.0,36.0,472500,21.06901,0,1915.2,1920.0
2025-08-12 11:50:00,36.0,36.0,36.0,36.0,4500,21.426435,0,1914.1,1920.0
2025-08-12 11:51:00,36.0,36.0,36.0,36.0,0,21.555893,0,1913.7,1920.0
2025-08-12 11:52:00,36.0,36.0,35.65,35.65,479000,21.404069,0,1913.5,1920.0
2025-08-12 11:53:00,35.65,35.65,35.65,35.65,0,21.436731,0,1913.4,1920.0
2025-08-12 11:54:00,35.65,35.7,35.65,35.7,479500,21.436156,0,1913.5,1920.0
2025-08-12 11:55:00,35.7,35.7,35.7,35.7,0,21.17891,0,1914.3,1920.0
2025-08-12 11:56:00,35.7,37.0,35.7,37.0,480500,21.789835,0,1914.9,1920.0
2025-08-12 11:57:00,37.0,37.0,37.0,37.0,0,21.790411,0,1914.9,1920.0
2025-08-12 11:58:00,37.0,37.0,36.5,36.5,482500,21.416289,0,1915.1,1920.0
2025-08-12 11:59:00,36.5,37.7,36.5,37.7,3000,21.701285,0,1916.5,1920.0
2025-08-12 12:00:00,37.7,38.0,37.7,38.0,485500,21.722506,0,1917.0,1920.0
2025-08-12 12:01:00,38.0,38.0,38.0,38.0,0,21.855316,0,1916.6,1920.0
2025-08-12 12:02:00,38.0,38.0,37.75,38.0,491500,21.524369,0,1917.6,1920.0
2025-08-12 12:03:00,38.0,38.0,38.0,38.0,500,21.458257,0,1917.8,1920.0
2025-08-12 12:04:00,38.0,38.0,38.0,38.0,493000,21.392012,0,1918.0,1920.0
2025-08-12 12:05:00,38.0,38.2,38.0,38.2,3000,21.180622,0,1919.0,1920.0
2025-08-12 12:06:00,38.2,39.55,38.1,38.1,503500,20.881874,0,1919.7,1920.0
2025-08-12 12:07:00,38.1,38.1,38.1,38.1,4500,20.916435,0,1919.6,1920.0
2025-08-12 12:08:00,38.1,38.1,38.1,38.1,0,20.814891,0,1919.9,1920.0
2025-08-12 12:09:00,38.1,38.1,38.1,38.1,0,20.815453,0,1919.9,1920.0
2025-08-12 12:10:00,38.1,38.1,38.1,38.1,0,20.918125,0,1919.6,1920.0
2025-08-12 12:11:00,38.1,38.1,37.5,37.5,509000,21.085908,0,1918.0,1920.0
2025-08-12 12:12:00,37.5,37.5,37.5,37.5,0,20.952333,0,1918.4,1920.0
2025-08-12 12:13:00,37.5,37.5,37.5,37.5,0,20.682968,0,1919.2,1920.0
2025-08-12 12:14:00,37.5,37.5,37.5,37.5,0,20.852494,0,1918.7,1920.0
2025-08-12 12:15:00,37.5,37.75,37.5,37.75,511500,20.396003,0,1920.5,1920.0
2025-08-12 12:16:00,37.75,37.75,37.75,37.75,0,21.076093,0,1918.5,1920.0
2025-08-12 12:17:00,37.75,38.5,37.75,38.5,513000,20.657031,0,1921.1,1920.0
2025-08-12 12:18:00,38.5,38.5,38.1,38.1,1500,20.752246,0,1920.1,1920.0
2025-08-12 12:19:00,38.1,38.1,37.85,37.85,513500,19.871133,0,1922.2,1920.0
2025-08-12 12:20:00,37.85,37.85,37.85,37.85,0,19.270474,0,1923.9,1920.0
2025-08-12 12:21:00,37.85,39.75,37.85,39.75,520000,20.244803,0,1924.5,1920.0
2025-08-12 12:22:00,39.75,40.15,39.2,40.15,7000,20.316439,0,1925.0,1920.0
2025-08-12 12:23:00,40.15,40.15,40.0,40.0,522500,20.330721,0,1924.7,1920.0
2025-08-12 12:24:00,40.0,40.0,40.0,40.0,0,19.789205,0,1926.2,1920.0
2025-08-12 12:25:00,40.0,41.05,40.0,41.05,535000,20.521099,0,1926.0,1920.0
2025-08-12 12:26:00,41.05,41.05,40.55,40.55,5000,20.171854,0,1926.1,1920.0
2025-08-12 12:27:00,40.55,40.55,40.55,40.55,536000,20.281255,0,1925.8,1920.0
2025-08-12 12:28:00,40.55,40.55,40.0,40.0,6000,20.333511,0,1924.7,1920.0
2025-08-12 12:29:00,40.0,40.0,40.0,40.0,0,20.405596,0,1924.5,1920.0
2025-08-12 12:30:00,40.0,40.45,40.0,40.15,553000,20.140764,0,1925.5,1920.0
2025-08-12 12:31:00,40.15,40.15,40.15,40.15,0,19.960049,0,1926.0,1920.0
2025-08-12 12:32:00,40.15,41.4,40.15,41.4,556000,20.416992,0,1926.9,1920.0
2025-08-12 12:33:00,41.4,41.4,40.7,40.7,4000,20.197096,0,1926.3,1920.0
2025-08-12 12:34:00,40.7,40.7,40.3,40.3,557500,20.164652,0,1925.7,1920.0
2025-08-12 12:35:00,40.3,40.3,40.3,40.3,0,19.800791,0,1926.7,1920.0
2025-08-12 12:36:00,40.3,41.0,40.3,40.55,568000,19.848334,0,1927.0,1920.0
2025-08-12 12:37:00,40.55,41.1,40.55,41.1,1000,20.121208,0,1927.2,1920.0
2025-08-12 12:38:00,41.1,41.5,41.1,41.5,569500,20.078038,0,1928.0,1920.0
2025-08-12 12:39:00,41.5,41.5,41.5,41.5,0,20.22659,0,1927.6,1920.0
2025-08-12 12:40:00,41.5,41.5,41.05,41.05,571500,19.980848,0,1927.5,1920.0
2025-08-12 12:41:00,41.05,42.45,41.05,42.4,5000,20.124598,0,1929.4,1920.0
2025-08-12 12:42:00,42.4,42.4,42.0,42.0,573000,20.022683,0,1929.0,1920.0
2025-08-12 12:43:00,42.0,42.0,41.7,41.7,6500,20.095418,0,1928.3,1920.0
2025-08-12 12:44:00,41.7,41.7,41.7,41.7,0,20.133161,0,1928.2,1920.0
2025-08-12 12:45:00,41.7,41.8,41.1,41.1,580500,20.382007,0,1926.5,1920.0
2025-08-12 12:46:00,41.1,41.1,40.6,40.6,500,20.105102,0,1926.4,1920.0
2025-08-12 12:47:00,40.6,40.6,40.6,40.6,0,20.396129,0,1925.6,1920.0
2025-08-12 12:48:00,40.6,40.6,39.9,39.9,583000,20.425074,0,1924.3,1920.0
2025-08-12 12:49:00,39.9,39.9,39.5,39.5,500,20.282393,0,1924.0,1920.0
2025-08-12 12:50:00,39.5,39.5,39.5,39.5,0,19.9969,0,1924.8,1920.0
2025-08-12 12:51:00,39.5,39.5,39.5,39.5,0,20.140826,0,1924.4,1920.0
2025-08-12 12:52:00,39.5,39.5,39.5,39.5,0,20.105602,0,1924.5,1920.0
2025-08-12 12:53:00,39.5,40.0,39.5,40.0,584000,20.347472,0,1924.7,1920.0
2025-08-12 12:54:00,40.0,40.0,39.5,39.5,500,20.46258,0,1923.5,1920.0
2025-08-12 12:55:00,39.5,39.5,39.5,39.5,0,20.463138,0,1923.5,1920.0
2025-08-12 12:56:00,39.5,39.5,39.5,39.5,0,20.640075,0,1923.0,1920.0
2025-08-12 12:57:00,39.5,39.5,38.8,39.0,592500,20.045371,0,1923.8,1920.0
2025-08-12 12:58:00,39.0,39.0,39.0,39.0,0,20.010336,0,1923.9,1920.0
2025-08-12 12:59:00,39.0,39.0,39.0,39.0,0,20.11752,0,1923.6,1920.0
2025-08-12 13:00:00,39.0,39.0,38.7,38.7,596000,20.248493,0,1922.7,1920.0
2025-08-12 13:01:00,38.7,39.05,38.7,39.05,500,20.502556,0,1922.6,1920.0
2025-08-12 13:02:00,39.05,39.05,39.05,39.05,0,20.25667,0,1923.3,1920.0
2025-08-12 13:03:00,39.05,39.05,39.05,39.05,0,20.221854,0,1923.4,1920.0
2025-08-12 13:04:00,39.05,39.05,39.05,39.05,0,20.257782,0,1923.3,1920.0
2025-08-12 13:05:00,39.05,39.05,39.05,39.05,0,20.222964,0,1923.4,1920.0
2025-08-12 13:06:00,39.05,39.05,39.0,39.0,598000,20.014747,0,1923.9,1920.0
2025-08-12 13:07:00,39.0,40.35,39.0,40.35,1500,20.358916,0,1925.3,1920.0
2025-08-12 13:08:00,40.35,40.35,40.35,40.35,0,19.996784,0,1926.3,1920.0
2025-08-12 13:09:00,40.35,40.45,40.35,40.45,600500,20.205723,0,1925.9,1920.0
2025-08-12 13:10:00,40.45,40.45,40.45,40.45,0,20.097177,0,1926.2,1920.0
2025-08-12 13:11:00,40.45,40.45,40.45,40.45,0,20.206839,0,1925.9,1920.0
2025-08-12 13:12:00,40.45,40.45,40.4,40.4,601000,20.066885,0,1926.2,1920.0
2025-08-12 13:13:00,40.4,40.4,40.35,40.35,1000,20.108852,0,1926.0,1920.0
2025-08-12 13:14:00,40.35,40.35,40.35,40.35,0,20.145747,0,1925.9,1920.0
2025-08-12 13:15:00,40.35,40.35,39.5,39.5,606500,19.902663,0,1925.1,1920.0
2025-08-12 13:16:00,39.5,39.5,39.05,39.05,2000,20.615991,0,1922.3,1920.0
2025-08-12 13:17:00,39.05,39.05,38.0,38.0,611000,20.101298,0,1921.9,1920.0
2025-08-12 13:18:00,38.0,38.0,38.0,38.0,0,20.066929,0,1922.0,1920.0
2025-08-12 13:19:00,38.0,38.25,37.3,37.3,617500,20.322912,0,1920.0,1920.0
2025-08-12 13:20:00,37.3,37.3,36.0,36.35,6500,20.242371,0,1918.5,1920.0
2025-08-12 13:21:00,36.35,36.35,36.35,36.35,0,20.578549,0,1917.5,1920.0
2025-08-12 13:22:00,36.35,36.35,35.95,35.95,626000,20.663075,0,1916.5,1920.0
2025-08-12 13:23:00,35.95,36.05,35.95,36.05,1000,21.152922,0,1915.2,1920.0
2025-08-12 13:24:00,36.05,36.05,35.0,35.0,627500,20.567349,0,1915.0,1920.0
2025-08-12 13:25:00,35.0,36.0,35.0,36.0,9500,20.728838,0,1916.4,1920.0
2025-08-12 13:26:00,36.0,36.85,33.95,33.95,645500,20.595438,0,1912.9,1920.0
2025-08-12 13:27:00,33.95,34.0,33.95,34.0,12000,20.562969,0,1913.1,1920.0
2025-08-12 13:28:00,34.0,34.55,34.0,34.55,646000,20.968728,0,1912.9,1920.0
2025-08-12 13:29:00,34.55,34.8,34.55,34.8,13000,20.931896,0,1913.5,1920.0
2025-08-12 13:30:00,34.8,35.3,34.8,35.3,647000,20.789404,0,1914.9,1920.0
2025-08-12 13:31:00,35.3,35.3,34.95,34.95,15000,20.832532,0,1914.1,1920.0
2025-08-12 13:32:00,34.95,34.95,34.95,34.95,0,20.962232,0,1913.7,1920.0
2025-08-12 13:33:00,34.95,34.95,34.9,34.9,663000,20.899531,0,1913.8,1920.0
2025-08-12 13:34:00,34.9,34.9,34.9,34.9,0,20.964545,0,1913.6,1920.0
2025-08-12 13:35:00,34.9,34.9,34.9,34.9,0,20.93289,0,1913.7,1920.0
2025-08-12 13:36:00,34.9,34.9,34.9,34.9,664000,20.83663,0,1914.0,1920.0
2025-08-12 13:37:00,34.9,34.9,34.6,34.6,500,20.908661,0,1913.2,1920.0
2025-08-12 13:38:00,34.6,34.6,34.6,34.6,0,20.973327,0,1913.0,1920.0
2025-08-12 13:39:00,34.6,34.6,34.6,34.6,0,20.457678,0,1914.6,1920.0
2025-08-12 13:40:00,34.6,34.6,34.6,34.6,0,20.652713,0,1914.0,1920.0
2025-08-12 13:41:00,34.6,35.5,34.6,35.5,666000,20.723568,0,1915.5,1920.0
2025-08-12 13:42:00,35.5,35.5,35.3,35.3,2000,20.435686,0,1916.0,1920.0
2025-08-12 13:43:00,35.3,36.0,35.3,36.0,666500,20.804913,0,1916.2,1920.0
2025-08-12 13:44:00,36.0,36.0,36.0,36.0,2500,20.838442,0,1916.1,1920.0
2025-08-12 13:45:00,36.0,36.1,36.0,36.1,667000,20.536645,0,1917.2,1920.0
2025-08-12 13:46:00,36.1,36.75,36.1,36.75,4000,20.840976,0,1917.5,1920.0
2025-08-12 13:47:00,36.75,37.1,36.6,37.1,669000,20.790931,0,1918.3,1920.0
2025-08-12 13:48:00,37.1,37.1,36.45,36.45,4500,20.521814,0,1917.9,1920.0
2025-08-12 13:49:00,36.45,36.45,36.35,36.35,669500,20.627504,0,1917.4,1920.0
2025-08-12 13:50:00,36.35,36.35,36.35,36.35,0,20.59467,0,1917.5,1920.0
2025-08-12 13:51:00,36.35,36.35,36.35,36.35,0,20.595226,0,1917.5,1920.0
2025-08-12 13:52:00,36.35,36.35,36.35,36.35,0,21.02729,0,1916.2,1920.0
2025-08-12 13:53:00,36.35,36.35,36.35,36.35,0,21.093754,0,1916.0,1920.0
2025-08-12 13:54:00,36.35,36.35,36.0,36.0,678500,20.876986,0,1916.0,1920.0
2025-08-12 13:55:00,36.0,36.0,36.0,36.0,500,21.17264,0,1915.1,1920.0
2025-08-12 13:56:00,36.0,36.0,36.0,36.0,0,21.009574,0,1915.6,1920.0
2025-08-12 13:57:00,36.0,36.0,36.0,36.0,0,20.547744,0,1917.0,1920.0
2025-08-12 13:58:00,36.0,36.25,36.0,36.25,679500,19.929785,0,1919.3,1920.0
2025-08-12 13:59:00,36.25,37.7,36.25,37.7,2000,20.52566,0,1920.2,1920.0
2025-08-12 14:00:00,37.7,37.7,37.7,37.7,0,20.901238,0,1919.1,1920.0
2025-08-12 14:01:00,37.7,37.7,36.65,36.65,683000,20.350138,0,1918.8,1920.0
2025-08-12 14:02:00,36.65,36.65,36.65,36.65,0,20.350691,0,1918.8,1920.0
2025-08-12 14:03:00,36.65,36.9,36.65,36.9,684000,20.371148,0,1919.2,1920.0
2025-08-12 14:04:00,36.9,36.9,36.9,36.9,0,20.473488,0,1918.9,1920.0
2025-08-12 14:05:00,36.9,36.9,36.9,36.9,0,20.507901,0,1918.8,1920.0
2025-08-12 14:06:00,36.9,36.9,36.5,36.5,685500,20.394736,0,1918.4,1920.0
2025-08-12 14:07:00,36.5,36.5,36.5,36.5,500,20.462663,0,1918.2,1920.0
2025-08-12 14:08:00,36.5,36.5,36.5,36.5,0,20.429547,0,1918.3,1920.0
2025-08-12 14:09:00,36.5,36.5,36.5,36.5,0,20.531006,0,1918.0,1920.0
2025-08-12 14:10:00,36.5,36.5,36.05,36.05,689500,20.785016,0,1916.4,1920.0
2025-08-12 14:11:00,36.05,36.05,36.05,36.05,0,20.486651,0,1917.3,1920.0
2025-08-12 14:12:00,36.05,36.05,36.05,36.05,0,20.819185,0,1916.3,1920.0
2025-08-12 14:13:00,36.05,36.05,35.75,35.75,690500,20.534078,0,1916.6,1920.0
2025-08-12 14:14:00,35.75,36.05,35.75,36.05,1000,20.554979,0,1917.1,1920.0
2025-08-12 14:15:00,36.05,36.05,36.05,36.05,0,21.084132,0,1915.5,1920.0
2025-08-12 14:16:00,36.05,36.05,36.05,36.05,0,20.953314,0,1915.9,1920.0
2025-08-12 14:17:00,36.05,36.05,35.6,35.6,694500,20.64138,0,1916.0,1920.0
2025-08-12 14:18:00,35.6,35.6,35.35,35.6,1000,20.641937,0,1916.0,1920.0
2025-08-12 14:19:00,35.6,35.7,35.6,35.7,697000,20.473169,0,1916.7,1920.0
2025-08-12 14:20:00,35.7,35.7,35.7,35.7,1500,20.738116,0,1915.9,1920.0
2025-08-12 14:21:00,35.7,35.8,35.7,35.8,697500,20.370121,0,1917.2,1920.0
2025-08-12 14:22:00,35.8,35.8,35.8,35.8,0,20.102791,0,1918.0,1920.0
2025-08-12 14:23:00,35.8,36.5,35.8,36.5,700500,20.437864,0,1918.3,1920.0
2025-08-12 14:24:00,36.5,36.5,36.2,36.2,2500,20.218022,0,1918.4,1920.0
2025-08-12 14:25:00,36.2,36.2,36.2,36.2,0,20.083291,0,1918.8,1920.0
2025-08-12 14:26:00,36.2,36.2,36.2,36.2,0,20.049926,0,1918.9,1920.0
2025-08-12 14:27:00,36.2,36.2,36.2,36.2,0,19.846221,0,1919.5,1920.0
2025-08-12 14:28:00,36.2,36.2,36.2,36.2,0,20.186455,0,1918.5,1920.0
2025-08-12 14:29:00,36.2,36.2,36.2,36.2,0,19.881445,0,1919.4,1920.0
2025-08-12 14:30:00,36.2,36.2,36.1,36.1,704500,20.293828,0,1918.0,1920.0
2025-08-12 14:31:00,36.1,36.1,36.1,36.1,0,21.058597,0,1915.7,1920.0
2025-08-12 14:32:00,36.1,36.1,36.1,36.1,0,21.124807,0,1915.5,1920.0
2025-08-12 14:33:00,36.1,36.1,35.0,35.0,705000,20.507431,0,1915.3,1920.0
2025-08-12 14:34:00,35.0,35.0,35.0,35.0,0,20.475215,0,1915.4,1920.0
2025-08-12 14:35:00,35.0,35.0,35.0,35.0,0,20.37727,0,1915.7,1920.0
2025-08-12 14:36:00,35.0,35.35,35.0,35.35,706000,20.397513,0,1916.3,1920.0
2025-08-12 14:37:00,35.35,35.35,35.35,35.35,0,20.232299,0,1916.8,1920.0
2025-08-12 14:38:00,35.35,35.35,35.35,35.35,0,20.132982,0,1917.1,1920.0
2025-08-12 14:39:00,35.35,35.65,35.35,35.65,706500,20.453156,0,1916.7,1920.0
2025-08-12 14:40:00,35.65,35.65,35.65,35.65,0,20.718209,0,1915.9,1920.0
2025-08-12 14:41:00,35.65,35.65,34.75,34.75,708500,20.650057,0,1914.4,1920.0
2025-08-12 14:42:00,34.75,35.2,34.75,35.2,500,20.571132,0,1915.5,1920.0
2025-08-12 14:43:00,35.2,35.2,34.85,34.85,710000,20.680809,0,1914.5,1920.0
2025-08-12 14:44:00,34.85,34.85,34.85,34.85,0,20.583697,0,1914.8,1920.0
2025-08-12 14:45:00,34.85,34.85,34.85,34.85,0,20.649395,0,1914.6,1920.0
2025-08-12 14:46:00,34.85,34.85,34.85,34.85,0,20.973843,0,1913.6,1920.0
2025-08-12 14:47:00,34.85,34.95,34.85,34.95,711000,20.777667,0,1914.4,1920.0
2025-08-12 14:48:00,34.95,34.95,34.95,34.95,0,20.680648,0,1914.7,1920.0
2025-08-12 14:49:00,34.95,34.95,34.1,34.1,711500,20.734468,0,1912.9,1920.0
2025-08-12 14:50:00,34.1,34.1,33.3,33.45,9000,20.776732,0,1911.5,1920.0
2025-08-12 14:51:00,33.45,33.45,33.25,33.4,717000,20.651195,0,1911.8,1920.0
2025-08-12 14:52:00,33.4,33.4,33.35,33.35,10000,20.936409,0,1910.8,1920.0
2025-08-12 14:53:00,33.35,33.35,33.35,33.35,0,20.96839,0,1910.7,1920.0
2025-08-12 14:54:00,43.65,43.65,42.9,42.9,9500,21.104502,0,1908.5,1900.0
2025-08-12 14:55:00,42.9,42.9,42.3,42.4,526500,20.748349,0,1908.6,1900.0
2025-08-12 14:56:00,42.4,42.75,42.4,42.75,13500,20.708038,0,1909.3,1900.0
2025-08-12 14:57:00,32.7,33.0,32.7,33.0,4500,20.532501,0,1911.4,1920.0
2025-08-12 14:58:00,43.5,43.5,42.55,42.55,14500,20.995994,0,1908.2,1900.0
2025-08-12 14:59:00,42.55,42.55,42.0,42.0,531500,20.720651,0,1908.0,1900.0
2025-08-12 15:00:00,42.0,42.05,42.0,42.05,16000,20.8652,0,1907.7,1900.0
2025-08-12 15:01:00,42.05,42.15,41.9,41.9,536000,20.993222,0,1907.1,1900.0
2025-08-12 15:02:00,41.9,41.9,41.55,41.55,22000,21.21285,0,1905.9,1900.0
2025-08-12 15:03:00,41.55,41.75,41.25,41.5,546500,21.108477,0,1906.1,1900.0
2025-08-12 15:04:00,41.5,42.0,41.5,42.0,24500,21.132552,0,1906.9,1900.0
2025-08-12 15:05:00,42.0,42.0,42.0,42.0,0,21.170042,0,1906.8,1900.0
2025-08-12 15:06:00,42.0,42.0,42.0,42.0,0,20.536831,0,1908.5,1900.0
2025-08-12 15:07:00,42.0,42.0,42.0,42.0,0,20.386237,0,1908.9,1900.0
2025-08-12 15:08:00,42.0,42.45,42.0,42.45,582500,20.560936,0,1909.2,1900.0
2025-08-12 15:09:00,42.45,42.65,42.45,42.65,1500,20.537404,0,1909.6,1900.0
2025-08-12 15:10:00,42.65,42.65,42.65,42.65,0,20.537976,0,1909.6,1900.0
2025-08-12 15:11:00,42.65,42.65,42.55,42.55,585000,20.436321,0,1909.7,1900.0
2025-08-12 15:12:00,42.55,42.85,42.55,42.85,2500,20.514489,0,1910.0,1900.0
2025-08-12 15:13:00,42.85,42.85,42.15,42.15,593500,20.786934,0,1908.1,1900.0
2025-08-12 15:14:00,42.15,42.15,42.15,42.15,0,20.712469,0,1908.3,1900.0
2025-08-12 15:15:00,42.15,42.15,41.95,41.95,599000,20.585329,0,1908.3,1900.0
2025-08-12 15:16:00,41.95,42.35,41.95,42.25,2000,20.889901,0,1908.0,1900.0
2025-08-12 15:17:00,42.25,42.25,42.15,42.15,599500,20.525724,0,1908.8,1900.0
2025-08-12 15:18:00,42.15,42.15,41.85,41.85,3500,20.523172,0,1908.3,1900.0
2025-08-12 15:19:00,41.85,41.85,41.65,41.75,601000,20.572576,0,1908.0,1900.0
2025-08-12 15:20:00,41.75,41.75,41.75,41.75,0,20.271565,0,1908.8,1900.0
2025-08-12 15:21:00,41.75,41.9,41.75,41.85,606000,20.336114,0,1908.8,1900.0
2025-08-12 15:22:00,41.85,42.3,41.85,42.3,2000,20.548816,0,1909.0,1900.0
2025-08-12 15:23:00,42.3,42.3,42.3,42.3,0,20.549388,0,1909.0,1900.0
2025-08-12 15:24:00,42.3,42.3,42.0,42.0,612000,20.357974,0,1909.0,1900.0
2025-08-12 15:25:00,42.0,42.3,42.0,42.15,1500,20.60584,0,1908.6,1900.0
2025-08-12 15:26:00,42.15,42.15,42.15,42.15,0,20.568664,0,1908.7,1900.0
2025-08-12 15:27:00,42.15,42.15,41.45,41.45,615500,21.053916,0,1906.2,1900.0
2025-08-12 15:28:00,41.45,41.45,40.5,40.5,2000,20.339557,0,1906.5,1900.0
2025-08-12 15:29:00,40.5,40.55,40.5,40.55,617500,20.921698,0,1905.0,1900.0
2025-08-13 09:15:00,28.0,34.0,28.0,34.0,4000,21.728541,0,1911.6,1920.0
2025-08-13 09:16:00,34.0,34.0,33.9,33.9,3500,21.210206,0,1913.0,1920.0
2025-08-13 09:17:00,33.9,33.9,33.0,33.0,9500,21.446689,0,1910.5,1920.0
2025-08-13 09:18:00,44.35,44.35,42.0,42.0,17000,20.677112,0,1909.8,1900.0
2025-08-13 09:19:00,42.0,42.0,40.9,40.9,18000,21.560793,0,1905.6,1900.0
2025-08-13 09:20:00,40.9,40.9,38.6,38.6,49000,20.141091,0,1905.4,1900.0
2025-08-13 09:21:00,38.6,41.25,38.6,41.2,32500,21.194161,0,1907.1,1900.0
2025-08-13 09:22:00,41.2,41.35,40.15,40.45,51000,20.743822,0,1907.0,1900.0
2025-08-13 09:23:00,40.45,40.5,40.45,40.5,36500,21.930774,0,1903.9,1900.0
2025-08-13 09:24:00,40.5,40.5,38.2,38.2,55500,20.256023,0,1904.4,1900.0
2025-08-13 09:25:00,38.2,40.55,38.2,40.55,48000,22.146615,0,1903.4,1900.0
2025-08-13 09:26:00,40.55,40.55,39.0,39.65,65500,20.976238,0,1905.0,1900.0
2025-08-13 09:27:00,39.65,39.65,39.05,39.05,53000,21.286025,0,1903.1,1900.0
2025-08-13 09:28:00,39.05,39.05,38.9,38.9,68500,21.22589,0,1903.0,1900.0
2025-08-13 09:29:00,38.9,38.9,38.9,38.9,0,21.226493,0,1903.0,1900.0
2025-08-13 09:30:00,38.9,39.85,38.9,39.85,126500,21.108523,0,1905.0,1900.0
2025-08-13 09:31:00,39.85,40.7,39.85,39.85,1000,21.034834,0,1905.2,1900.0
2025-08-13 09:32:00,39.85,39.85,39.85,39.85,0,22.203805,0,1902.0,1900.0
2025-08-13 09:33:00,39.85,39.85,37.95,39.05,141000,21.615437,0,1902.2,1900.0
2025-08-13 09:34:00,39.05,39.05,38.0,38.0,13500,21.367489,0,1901.0,1900.0
2025-08-13 09:35:00,38.0,38.2,38.0,38.2,143500,21.497256,0,1901.0,1900.0
2025-08-13 09:36:00,38.2,38.75,38.2,38.75,17000,20.877938,0,1903.7,1900.0
2025-08-13 09:37:00,38.75,40.1,38.75,40.1,146000,21.089183,0,1905.5,1900.0
2025-08-13 09:38:00,40.1,40.15,39.95,39.95,21000,21.252391,0,1904.8,1900.0
2025-08-13 09:39:00,39.95,40.0,39.7,40.0,149500,21.469904,0,1904.3,1900.0
2025-08-13 09:40:00,40.0,40.0,40.0,40.0,22500,20.951268,0,1905.7,1900.0
2025-08-13 09:41:00,40.0,41.0,40.0,41.0,152500,21.26486,0,1906.6,1900.0
2025-08-13 09:42:00,41.0,41.0,41.0,41.0,23500,21.000626,0,1907.3,1900.0
2025-08-13 09:43:00,41.0,41.95,41.0,41.95,158000,20.815268,0,1909.4,1900.0
2025-08-13 09:44:00,41.95,41.95,41.05,41.05,34500,21.599096,0,1905.8,1900.0
2025-08-13 09:45:00,41.05,41.05,40.3,40.75,162500,21.441988,0,1905.7,1900.0
2025-08-13 09:46:00,40.75,40.75,40.3,40.3,37000,21.224637,0,1905.5,1900.0
2025-08-13 09:47:00,40.3,40.3,40.0,40.0,169500,20.955475,0,1905.7,1900.0
2025-08-13 09:48:00,40.0,40.25,40.0,40.25,38000,20.590885,0,1907.1,1900.0
2025-08-13 09:49:00,40.25,40.95,40.25,40.95,174500,21.161707,0,1906.8,1900.0
2025-08-13 09:50:00,40.95,40.95,40.5,40.5,39000,21.020007,0,1906.4,1900.0
2025-08-13 09:51:00,40.5,40.7,40.5,40.7,178000,21.226034,0,1906.2,1900.0
2025-08-13 09:52:00,40.7,41.3,40.7,40.7,42500,20.924846,0,1907.0,1900.0
2025-08-13 09:53:00,40.7,40.7,40.2,40.2,181500,20.713033,0,1906.7,1900.0
2025-08-13 09:54:00,40.2,40.2,40.2,40.2,0,20.599846,0,1907.0,1900.0
2025-08-13 09:55:00,40.2,41.0,40.2,41.0,224500,21.273388,0,1906.6,1900.0
2025-08-13 09:56:00,41.0,41.0,41.0,41.0,0,21.009089,0,1907.3,1900.0
2025-08-13 09:57:00,41.0,41.0,41.0,41.0,0,20.895436,0,1907.6,1900.0
2025-08-13 09:58:00,41.0,41.5,41.0,41.5,226000,20.684638,0,1909.0,1900.0
2025-08-13 09:59:00,41.5,41.5,40.85,40.85,3500,20.760451,0,1907.7,1900.0
2025-08-13 10:00:00,40.85,41.0,40.85,41.0,230000,21.200978,0,1906.8,1900.0
2025-08-13 10:01:00,41.0,41.0,40.2,40.2,5500,20.679929,0,1906.8,1900.0
2025-08-13 10:02:00,40.2,40.2,40.2,40.2,0,20.566579,0,1907.1,1900.0
2025-08-13 10:03:00,40.2,40.2,40.2,40.2,0,20.870066,0,1906.3,1900.0
2025-08-13 10:04:00,40.2,40.55,40.2,40.55,236500,21.173813,0,1906.1,1900.0
2025-08-13 10:05:00,40.55,40.55,40.35,40.35,2000,21.380321,0,1905.2,1900.0
2025-08-13 10:06:00,40.35,40.35,39.55,39.55,239000,21.304706,0,1904.0,1900.0
2025-08-13 10:07:00,39.55,39.55,38.9,38.95,12000,21.099438,0,1903.5,1900.0
2025-08-13 10:08:00,38.95,39.25,38.95,39.0,242500,21.278436,0,1903.1,1900.0
2025-08-13 10:09:00,39.0,39.0,39.0,39.0,0,21.096463,0,1903.6,1900.0
2025-08-13 10:10:00,39.0,39.0,38.6,38.6,260000,20.983944,0,1903.2,1900.0
2025-08-13 10:11:00,38.6,38.6,38.6,38.6,0,21.057454,0,1903.0,1900.0
2025-08-13 10:12:00,38.6,38.6,38.0,38.0,269000,21.211645,0,1901.5,1900.0
2025-08-13 10:13:00,38.0,38.5,38.0,38.5,4500,21.35603,0,1902.0,1900.0
2025-08-13 10:14:00,38.5,38.5,38.5,38.5,0,21.500382,0,1901.6,1900.0
2025-08-13 10:15:00,38.5,38.5,37.3,37.3,279500,20.796518,0,1901.4,1900.0
2025-08-13 10:16:00,37.3,37.3,36.85,37.0,8500,21.242989,0,1899.6,1900.0
2025-08-13 10:17:00,37.0,37.65,37.0,37.65,281000,21.167214,0,1901.0,1900.0
2025-08-13 10:18:00,37.65,37.65,36.4,36.4,18000,22.102459,0,1896.0,1900.0
2025-08-13 10:19:00,36.4,36.4,34.05,34.05,294000,21.095926,0,1894.5,1900.0
2025-08-13 10:20:00,34.05,35.25,34.05,35.25,26500,21.362755,0,1896.0,1900.0
2025-08-13 10:21:00,35.25,35.4,35.25,35.35,309500,21.732649,0,1895.1,1900.0
2025-08-13 10:22:00,35.35,35.7,35.35,35.45,40000,22.033016,0,1894.4,1900.0
2025-08-13 10:23:00,35.45,35.95,35.45,35.95,326000,22.120376,0,1895.1,1900.0
2025-08-13 10:24:00,35.95,35.95,35.55,35.55,46500,21.897021,0,1895.0,1900.0
2025-08-13 10:25:00,35.55,35.95,35.55,35.95,327000,22.155315,0,1895.0,1900.0
2025-08-13 10:26:00,35.95,35.95,35.95,35.95,48000,22.391053,0,1894.3,1900.0
2025-08-13 10:27:00,35.95,35.95,35.5,35.5,328500,21.731585,0,1895.4,1900.0
2025-08-13 10:28:00,35.5,36.3,35.5,36.3,57500,21.495923,0,1897.6,1900.0
2025-08-13 10:29:00,36.3,36.95,36.3,36.95,343000,21.881148,0,1897.7,1900.0
2025-08-13 10:30:00,36.95,36.95,36.65,36.65,59500,21.92936,0,1897.0,1900.0
2025-08-13 10:31:00,36.65,37.35,36.65,37.35,351000,22.036578,0,1898.0,1900.0
2025-08-13 10:32:00,37.35,37.85,37.35,37.85,60500,22.011862,0,1899.0,1900.0
2025-08-13 10:33:00,37.85,37.85,37.6,37.6,359000,21.605484,0,1899.7,1900.0
2025-08-13 10:34:00,37.6,37.6,37.6,37.6,0,21.746678,0,1899.3,1900.0
2025-08-13 10:35:00,37.6,37.6,37.0,37.0,422500,21.709179,0,1898.3,1900.0
2025-08-13 10:36:00,37.0,37.05,37.0,37.05,3000,21.56786,0,1898.8,1900.0
2025-08-13 10:37:00,37.05,37.5,37.05,37.5,423000,22.137033,0,1898.0,1900.0
2025-08-13 10:38:00,37.5,37.5,37.05,37.05,7000,21.847368,0,1898.0,1900.0
2025-08-13 10:39:00,37.05,38.9,37.0,38.9,434500,21.81025,0,1901.5,1900.0
2025-08-13 10:40:00,38.9,39.05,38.7,39.05,25500,21.184203,0,1903.5,1900.0
2025-08-13 10:41:00,39.05,40.45,39.05,40.35,448500,21.587607,0,1904.7,1900.0
2025-08-13 10:42:00,40.35,40.6,40.2,40.2,33000,21.821777,0,1903.8,1900.0
2025-08-13 10:43:00,40.2,40.7,40.0,40.7,462000,21.631146,0,1905.2,1900.0
2025-08-13 10:44:00,40.7,41.3,40.7,41.3,34500,21.72407,0,1906.0,1900.0
2025-08-13 10:45:00,41.3,41.3,40.7,40.7,468500,21.780538,0,1904.8,1900.0
2025-08-13 10:46:00,40.7,40.7,40.55,40.55,35500,21.941464,0,1904.1,1900.0
2025-08-13 10:47:00,40.55,40.55,40.35,40.35,471000,21.144665,0,1905.9,1900.0
2025-08-13 10:48:00,40.35,41.9,40.35,41.5,56000,21.78193,0,1906.2,1900.0
2025-08-13 10:49:00,41.5,41.5,41.2,41.2,474500,21.47443,0,1906.5,1900.0
2025-08-13 10:50:00,41.2,42.15,41.2,42.15,64500,21.526512,0,1908.0,1900.0
2025-08-13 10:51:00,42.15,42.35,42.15,42.35,477500,21.351084,0,1908.8,1900.0
2025-08-13 10:52:00,31.85,33.4,31.85,33.4,483500,21.72645,0,1910.6,1920.0
2025-08-13 10:53:00,33.4,33.4,33.0,33.0,46000,21.503801,0,1910.5,1920.0
2025-08-13 10:54:00,33.0,33.7,33.0,33.0,489000,21.343775,0,1911.0,1920.0
2025-08-13 10:55:00,33.0,34.4,33.0,34.4,55000,21.258436,0,1914.0,1920.0
2025-08-13 10:56:00,34.4,34.4,32.65,32.65,497000,21.410132,0,1910.1,1920.0
2025-08-13 10:57:00,43.0,43.05,43.0,43.05,488000,21.504237,0,1909.6,1900.0
2025-08-13 10:58:00,43.05,43.1,43.0,43.0,94000,21.31635,0,1910.0,1900.0
2025-08-13 10:59:00,32.5,32.5,32.5,32.5,66000,21.091919,0,1910.8,1920.0
2025-08-13 11:00:00,32.5,34.85,32.5,34.85,510000,21.282797,0,1914.8,1920.0
2025-08-13 11:01:00,34.85,34.85,34.1,34.1,72000,21.268615,0,1913.4,1920.0
2025-08-13 11:02:00,34.1,34.1,34.1,34.1,0,21.824429,0,1911.7,1920.0
2025-08-13 11:03:00,34.1,34.1,33.0,33.0,585000,21.252397,0,1911.3,1920.0
2025-08-13 11:04:00,33.0,33.0,32.95,32.95,2500,21.606469,0,1910.1,1920.0
2025-08-13 11:05:00,32.95,32.95,32.95,32.95,0,21.318389,0,1911.0,1920.0
2025-08-13 11:06:00,32.95,33.1,32.95,33.1,592500,21.639491,0,1910.3,1920.0
2025-08-13 11:07:00,42.85,43.45,42.85,43.45,612500,21.927421,0,1909.2,1900.0
2025-08-13 11:08:00,43.45,43.45,43.1,43.1,8000,21.505032,0,1909.7,1900.0
2025-08-13 11:09:00,43.1,43.1,42.05,42.05,617000,21.47286,0,1908.0,1900.0
2025-08-13 11:10:00,42.05,42.05,41.6,41.9,11000,21.527954,0,1907.6,1900.0
2025-08-13 11:11:00,41.9,41.9,41.5,41.5,618500,21.343263,0,1907.4,1900.0
2025-08-13 11:12:00,41.5,41.75,41.1,41.75,15000,21.847214,0,1906.5,1900.0
2025-08-13 11:13:00,41.75,41.75,41.75,41.75,619000,21.469828,0,1907.5,1900.0
2025-08-13 11:14:00,41.75,42.35,41.75,42.35,20500,21.288032,0,1909.0,1900.0
2025-08-13 11:15:00,42.35,42.35,42.35,42.35,620000,21.404399,0,1908.7,1900.0
2025-08-13 11:16:00,42.35,42.35,42.35,42.35,0,21.405017,0,1908.7,1900.0
2025-08-13 11:17:00,42.35,42.35,41.7,41.7,643500,20.785772,0,1909.2,1900.0
2025-08-13 11:18:00,41.7,42.25,41.7,42.25,1500,21.263566,0,1908.9,1900.0
2025-08-13 11:19:00,32.0,32.0,32.0,32.0,0,20.752239,0,1910.9,1920.0
2025-08-13 11:20:00,41.95,42.8,41.95,42.8,10500,21.198459,0,1910.0,1900.0
2025-08-13 11:21:00,42.8,42.8,42.75,42.75,645000,21.1662,0,1910.0,1900.0
2025-08-13 11:22:00,42.75,42.75,42.2,42.2,21000,20.922455,0,1909.7,1900.0
2025-08-13 11:23:00,42.2,42.2,42.2,42.2,0,21.233851,0,1908.9,1900.0
2025-08-13 11:24:00,42.2,42.2,42.2,42.2,0,21.234464,0,1908.9,1900.0
2025-08-13 11:25:00,42.2,42.2,42.2,42.2,668000,21.157688,0,1909.1,1900.0
2025-08-13 11:26:00,42.2,42.45,42.2,42.45,1000,21.322325,0,1909.1,1900.0
2025-08-13 11:27:00,42.45,42.45,42.3,42.3,669000,21.185778,0,1909.2,1900.0
2025-08-13 11:28:00,42.3,42.3,42.3,42.3,0,21.456613,0,1908.5,1900.0
2025-08-13 11:29:00,42.3,42.3,42.0,42.0,672000,21.260688,0,1908.5,1900.0
2025-08-13 11:30:00,42.0,42.0,42.0,42.0,0,21.106957,0,1908.9,1900.0
2025-08-13 11:31:00,42.0,42.0,42.0,42.0,0,21.146231,0,1908.8,1900.0
2025-08-13 11:32:00,42.0,42.0,42.0,42.0,0,21.377768,0,1908.2,1900.0
2025-08-13 11:33:00,42.0,42.0,42.0,42.0,0,21.454967,0,1908.0,1900.0
2025-08-13 11:34:00,42.0,42.4,42.0,42.4,673000,20.983099,0,1909.9,1900.0
2025-08-13 11:35:00,42.4,42.4,42.35,42.35,1500,21.106952,0,1909.5,1900.0
2025-08-13 11:36:00,42.35,42.35,42.35,42.35,673500,21.22412,0,1909.2,1900.0
2025-08-13 11:37:00,42.35,42.35,42.0,42.0,2000,21.304066,0,1908.4,1900.0
2025-08-13 11:38:00,42.0,42.0,41.55,41.55,678000,20.932607,0,1908.6,1900.0
2025-08-13 11:39:00,41.55,41.55,41.55,41.55,0,20.894562,0,1908.7,1900.0
2025-08-13 11:40:00,41.55,41.55,41.55,41.55,0,20.856462,0,1908.8,1900.0
2025-08-13 11:41:00,41.55,41.7,41.55,41.7,682000,20.878009,0,1909.0,1900.0
2025-08-13 11:42:00,41.7,41.95,41.7,41.95,500,21.042754,0,1909.0,1900.0
2025-08-13 11:43:00,41.95,41.95,41.0,41.0,686000,21.035894,0,1907.4,1900.0
2025-08-13 11:44:00,41.0,41.0,41.0,41.0,0,21.150683,0,1907.1,1900.0
2025-08-13 11:45:00,41.0,41.0,40.45,40.45,692000,21.019243,0,1906.5,1900.0
2025-08-13 11:46:00,40.45,40.5,40.45,40.5,4000,21.20327,0,1906.1,1900.0
2025-08-13 11:47:00,40.5,40.5,40.4,40.4,692500,20.760122,0,1907.1,1900.0
2025-08-13 11:48:00,40.4,40.4,40.4,40.4,0,21.139235,0,1906.1,1900.0
2025-08-13 11:49:00,40.4,40.4,40.4,40.4,0,20.875385,0,1906.8,1900.0
2025-08-13 11:50:00,40.4,40.4,40.4,40.4,0,20.875989,0,1906.8,1900.0
2025-08-13 11:51:00,40.4,40.4,40.4,40.4,0,21.141061,0,1906.1,1900.0
2025-08-13 11:52:00,40.4,40.4,40.4,40.4,0,20.418238,0,1908.0,1900.0
2025-08-13 11:53:00,40.4,40.4,40.4,40.4,0,20.108715,0,1908.8,1900.0
2025-08-13 11:54:00,40.4,40.4,40.4,40.4,0,20.342219,0,1908.2,1900.0
2025-08-13 11:55:00,40.4,41.6,40.4,41.6,698500,21.091404,0,1908.3,1900.0
2025-08-13 11:56:00,41.6,42.0,41.55,41.55,4000,21.059235,0,1908.3,1900.0
2025-08-13 11:57:00,41.55,41.55,40.7,40.7,699500,20.96241,0,1907.1,1900.0
2025-08-13 11:58:00,40.7,40.7,40.7,40.7,0,21.341114,0,1906.1,1900.0
2025-08-13 11:59:00,40.7,40.7,40.7,40.7,0,21.039623,0,1906.9,1900.0
2025-08-13 12:00:00,40.7,40.7,40.7,40.7,0,21.379896,0,1906.0,1900.0
2025-08-13 12:01:00,40.7,40.7,39.3,39.85,705000,20.97599,0,1905.6,1900.0
2025-08-13 12:02:00,39.85,39.85,39.6,39.6,4500,21.037727,0,1905.0,1900.0
2025-08-13 12:03:00,39.6,39.6,39.6,39.6,0,20.814092,0,1905.6,1900.0
2025-08-13 12:04:00,39.6,39.8,39.6,39.8,711500,20.832526,0,1905.9,1900.0
2025-08-13 12:05:00,39.8,41.0,39.8,41.0,4500,20.587913,0,1908.6,1900.0
2025-08-13 12:06:00,41.0,41.0,40.9,40.9,712000,20.677513,0,1908.2,1900.0
2025-08-13 12:07:00,40.9,40.9,40.75,40.75,5000,20.42488,0,1908.6,1900.0
2025-08-13 12:08:00,40.75,41.0,40.75,41.0,712500,20.821322,0,1908.0,1900.0
2025-08-13 12:09:00,41.0,41.0,40.2,40.2,6000,20.374223,0,1907.8,1900.0
2025-08-13 12:10:00,40.2,40.2,40.2,40.2,0,20.528402,0,1907.4,1900.0
2025-08-13 12:11:00,40.2,40.2,40.2,40.2,0,20.065724,0,1908.6,1900.0
2025-08-13 12:12:00,40.2,40.2,40.2,40.2,0,19.870983,0,1909.1,1900.0
2025-08-13 12:13:00,40.2,40.9,40.2,40.9,721000,20.332454,0,1909.1,1900.0
2025-08-13 12:14:00,40.9,40.9,40.9,40.9,0,20.215653,0,1909.4,1900.0
2025-08-13 12:15:00,40.9,41.55,40.9,41.55,722000,20.72226,0,1909.2,1900.0
2025-08-13 12:16:00,41.55,41.55,41.15,41.15,1000,20.498736,0,1909.1,1900.0
2025-08-13 12:17:00,41.15,41.15,41.15,41.15,0,20.693658,0,1908.6,1900.0
2025-08-13 12:18:00,41.15,41.15,41.15,41.15,0,20.382697,0,1909.4,1900.0
2025-08-13 12:19:00,41.15,41.15,41.15,41.15,0,20.42243,0,1909.3,1900.0
2025-08-13 12:20:00,41.15,41.15,41.15,41.15,0,20.305456,0,1909.6,1900.0
2025-08-13 12:21:00,41.15,41.15,41.15,41.15,0,20.384491,0,1909.4,1900.0
2025-08-13 12:22:00,31.0,32.6,31.0,32.6,704500,21.365355,0,1910.3,1920.0
2025-08-13 12:23:00,32.6,32.6,32.6,32.6,0,21.237554,0,1910.7,1920.0
2025-08-13 12:24:00,41.95,41.95,41.95,41.95,0,20.677952,0,1910.0,1900.0
2025-08-13 12:25:00,41.95,41.95,41.5,41.5,728500,20.539059,0,1909.6,1900.0
2025-08-13 12:26:00,41.5,41.5,40.9,40.9,500,20.418214,0,1908.9,1900.0
2025-08-13 12:27:00,40.9,41.1,40.9,41.1,730500,20.472435,0,1909.1,1900.0
2025-08-13 12:28:00,31.35,31.55,31.35,31.55,710500,20.697188,0,1910.3,1920.0
2025-08-13 12:29:00,31.55,32.05,31.55,32.05,1500,20.985608,0,1910.4,1920.0
2025-08-13 12:30:00,32.05,32.05,31.65,31.65,711000,20.794331,0,1910.2,1920.0
2025-08-13 12:31:00,31.65,31.65,31.2,31.2,3500,20.442983,0,1910.4,1920.0
2025-08-13 12:32:00,31.2,32.45,31.2,32.45,717500,20.823964,0,1911.7,1920.0
2025-08-13 12:33:00,32.45,32.45,32.45,32.45,0,20.531363,0,1912.6,1920.0
2025-08-13 12:34:00,32.45,32.45,32.45,32.45,721500,20.629943,0,1912.3,1920.0
2025-08-13 12:35:00,32.45,32.45,32.45,32.45,0,20.728255,0,1912.0,1920.0
2025-08-13 12:36:00,32.45,32.45,32.1,32.1,722000,20.699657,0,1911.4,1920.0
2025-08-13 12:37:00,32.1,32.1,32.1,32.1,0,21.022299,0,1910.4,1920.0
2025-08-13 12:38:00,32.1,32.1,32.1,32.1,0,20.926566,0,1910.7,1920.0
2025-08-13 12:39:00,32.1,32.1,32.1,32.1,0,20.894988,0,1910.8,1920.0
2025-08-13 12:40:00,32.1,32.1,31.85,31.85,722500,20.73563,0,1910.8,1920.0
2025-08-13 12:41:00,31.85,31.85,31.85,31.85,0,20.704025,0,1910.9,1920.0
2025-08-13 12:42:00,31.85,31.85,31.85,31.85,0,20.736794,0,1910.8,1920.0
2025-08-13 12:43:00,31.85,32.15,31.85,31.9,723500,20.833662,0,1910.6,1920.0
2025-08-13 12:44:00,31.9,31.9,31.9,31.9,0,20.834245,0,1910.6,1920.0
2025-08-13 12:45:00,31.9,31.9,31.9,31.9,0,20.770534,0,1910.8,1920.0
2025-08-13 12:46:00,31.9,31.9,31.9,31.9,0,20.771117,0,1910.8,1920.0
2025-08-13 12:47:00,31.9,31.9,31.9,31.9,0,20.900184,0,1910.4,1920.0
2025-08-13 12:48:00,42.05,42.05,41.9,41.9,1000,20.659509,0,1910.0,1900.0
2025-08-13 12:49:00,31.7,31.7,31.7,31.7,0,20.805397,0,1910.3,1920.0
2025-08-13 12:50:00,31.7,31.7,31.4,31.4,732000,20.581922,0,1910.4,1920.0
2025-08-13 12:51:00,31.4,31.8,31.4,31.8,4000,20.934587,0,1910.1,1920.0
2025-08-13 12:52:00,31.8,32.0,31.7,31.7,734500,20.871157,0,1910.1,1920.0
2025-08-13 12:53:00,31.7,31.7,31.6,31.6,5500,20.583212,0,1910.8,1920.0
2025-08-13 12:54:00,31.6,31.6,31.6,31.6,0,20.583791,0,1910.8,1920.0
2025-08-13 12:55:00,31.6,31.6,31.6,31.6,0,20.680763,0,1910.5,1920.0
2025-08-13 12:56:00,31.6,31.8,31.6,31.8,743500,20.71295,0,1910.8,1920.0
2025-08-13 12:57:00,31.8,31.8,31.8,31.8,0,20.713532,0,1910.8,1920.0
2025-08-13 12:58:00,31.8,31.8,31.8,31.8,0,20.714114,0,1910.8,1920.0
2025-08-13 12:59:00,31.8,31.8,31.8,31.8,0,20.456309,0,1911.6,1920.0
2025-08-13 13:00:00,31.8,32.45,31.8,32.45,748000,20.742848,0,1912.0,1920.0
2025-08-13 13:01:00,32.45,32.45,32.45,32.45,0,20.775966,0,1911.9,1920.0
2025-08-13 13:02:00,32.45,32.45,32.45,32.45,0,20.906393,0,1911.5,1920.0
2025-08-13 13:03:00,32.45,32.45,32.45,32.45,0,20.15375,0,1913.8,1920.0
2025-08-13 13:04:00,32.45,32.95,32.45,32.95,753000,20.474184,0,1913.8,1920.0
2025-08-13 13:05:00,32.95,33.05,32.75,33.05,3500,20.505614,0,1913.9,1920.0
2025-08-13 13:06:00,33.05,33.3,33.05,33.05,756500,20.306764,0,1914.5,1920.0
2025-08-13 13:07:00,33.05,33.3,33.05,33.3,9500,20.63356,0,1914.0,1920.0
2025-08-13 13:08:00,33.3,33.3,32.55,32.55,763000,20.154306,0,1914.0,1920.0
2025-08-13 13:09:00,32.55,32.65,32.55,32.65,14000,20.318244,0,1913.7,1920.0
2025-08-13 13:10:00,32.65,32.95,32.65,32.95,763500,20.741556,0,1913.0,1920.0
2025-08-13 13:11:00,32.95,32.95,32.6,32.6,14500,20.452414,0,1913.2,1920.0
2025-08-13 13:12:00,32.6,32.6,32.6,32.6,0,20.485901,0,1913.1,1920.0
2025-08-13 13:13:00,32.6,32.6,32.6,32.6,0,20.748636,0,1912.3,1920.0
2025-08-13 13:14:00,32.6,32.6,32.6,32.6,0,20.683864,0,1912.5,1920.0
2025-08-13 13:15:00,32.6,32.6,32.0,32.0,779500,20.463609,0,1912.0,1920.0
2025-08-13 13:16:00,32.0,32.0,32.0,32.0,0,20.169996,0,1912.9,1920.0
2025-08-13 13:17:00,32.0,32.0,32.0,32.0,0,20.137726,0,1913.0,1920.0
2025-08-13 13:18:00,32.0,32.0,32.0,32.0,0,20.138297,0,1913.0,1920.0
2025-08-13 13:19:00,32.0,32.0,31.4,31.4,781000,20.470213,0,1910.8,1920.0
2025-08-13 13:20:00,31.4,31.4,30.4,30.4,1000,19.83044,0,1910.8,1920.0
2025-08-13 13:21:00,40.8,40.8,40.8,40.8,0,19.952851,0,1910.0,1900.0
2025-08-13 13:22:00,30.65,30.65,30.65,30.65,0,20.023809,0,1910.7,1920.0
2025-08-13 13:23:00,30.65,30.8,30.65,30.8,783500,20.120439,0,1910.7,1920.0
2025-08-13 13:24:00,30.8,30.8,30.8,30.8,0,19.798115,0,1911.7,1920.0
2025-08-13 13:25:00,30.8,30.8,30.8,30.8,0,19.4071,0,1912.9,1920.0
2025-08-13 13:26:00,30.8,30.8,30.8,30.8,0,19.440465,0,1912.8,1920.0
2025-08-13 13:27:00,30.8,30.8,30.8,30.8,0,19.473799,0,1912.7,1920.0
2025-08-13 13:28:00,30.8,30.8,30.8,30.8,0,19.441577,0,1912.8,1920.0
2025-08-13 13:29:00,30.8,30.8,30.8,30.8,0,19.474912,0,1912.7,1920.0
2025-08-13 13:30:00,30.8,31.9,30.8,31.9,784000,20.146825,0,1912.8,1920.0
2025-08-13 13:31:00,31.9,31.9,31.65,31.65,4000,20.052905,0,1912.6,1920.0
2025-08-13 13:32:00,31.65,31.65,31.3,31.3,787500,20.34923,0,1911.0,1920.0
2025-08-13 13:33:00,31.3,31.3,31.3,31.3,0,20.220578,0,1911.4,1920.0
2025-08-13 13:34:00,31.3,31.3,31.3,31.3,0,20.026405,0,1912.0,1920.0
2025-08-13 13:35:00,31.3,31.3,31.3,31.3,0,19.863833,0,1912.5,1920.0
2025-08-13 13:36:00,31.3,32.0,31.3,32.0,794500,20.115715,0,1913.1,1920.0
2025-08-13 13:37:00,32.0,32.3,32.0,32.3,500,20.176471,0,1913.5,1920.0
2025-08-13 13:38:00,32.3,32.8,32.3,32.4,796500,20.075492,0,1914.0,1920.0
2025-08-13 13:39:00,32.4,32.4,32.0,32.0,1000,19.919418,0,1913.7,1920.0
2025-08-13 13:40:00,32.0,32.0,32.0,32.0,0,19.820538,0,1914.0,1920.0
2025-08-13 13:41:00,32.0,32.8,32.0,32.8,802500,19.865308,0,1915.4,1920.0
2025-08-13 13:42:00,32.8,33.25,31.85,33.25,5000,20.120401,0,1915.5,1920.0
2025-08-13 13:43:00,33.25,33.25,32.95,33.0,807000,19.994539,0,1915.4,1920.0
2025-08-13 13:44:00,33.0,33.0,32.9,32.9,8000,19.796117,0,1915.8,1920.0
2025-08-13 13:45:00,32.9,32.9,32.9,32.9,0,19.897951,0,1915.5,1920.0
2025-08-13 13:46:00,32.9,32.9,32.9,32.9,0,19.831045,0,1915.7,1920.0
2025-08-13 13:47:00,32.9,33.0,32.9,33.0,818000,19.828059,0,1915.9,1920.0
2025-08-13 13:48:00,33.0,33.0,33.0,33.0,500,19.828628,0,1915.9,1920.0
2025-08-13 13:49:00,33.0,34.8,33.0,34.8,858000,19.777709,0,1919.4,1920.0
2025-08-13 13:50:00,34.8,34.8,34.05,34.1,16000,19.643204,0,1918.5,1920.0
2025-08-13 13:51:00,34.1,35.0,34.05,35.0,865500,20.047233,0,1919.0,1920.0
2025-08-13 13:52:00,35.0,35.0,34.0,34.0,25000,19.580166,0,1918.5,1920.0
2025-08-13 13:53:00,34.0,34.3,34.0,34.3,872000,19.842696,0,1918.3,1920.0
2025-08-13 13:54:00,34.3,34.3,33.9,33.9,27000,20.136988,0,1916.7,1920.0
2025-08-13 13:55:00,33.9,33.9,33.8,33.8,876000,19.626954,0,1918.0,1920.0
2025-08-13 13:56:00,33.8,33.85,33.8,33.85,28000,19.62499,0,1918.1,1920.0
2025-08-13 13:57:00,33.85,33.85,33.75,33.75,876500,19.59601,0,1918.0,1920.0
2025-08-13 13:58:00,33.75,33.75,33.25,33.25,34500,19.620081,0,1917.0,1920.0
2025-08-13 13:59:00,33.25,33.4,33.25,33.4,877000,19.682568,0,1917.1,1920.0
2025-08-13 14:00:00,33.4,33.4,33.4,33.4,35000,19.717391,0,1917.0,1920.0
2025-08-13 14:01:00,33.4,33.4,32.85,32.85,881000,19.193515,0,1917.5,1920.0
2025-08-13 14:02:00,32.85,33.95,32.85,33.95,38000,19.727173,0,1918.0,1920.0
2025-08-13 14:03:00,33.95,33.95,33.55,33.55,882000,19.471078,0,1918.0,1920.0
2025-08-13 14:04:00,33.55,34.5,33.55,34.5,41000,19.558444,0,1919.5,1920.0
2025-08-13 14:05:00,34.5,34.5,34.2,34.2,885000,19.785393,0,1918.3,1920.0
2025-08-13 14:06:00,34.2,34.25,34.2,34.25,43000,19.574266,0,1919.0,1920.0
2025-08-13 14:07:00,34.25,34.25,34.0,34.0,885500,19.553874,0,1918.6,1920.0
2025-08-13 14:08:00,34.0,34.0,34.0,34.0,44500,19.554443,0,1918.6,1920.0
2025-08-13 14:09:00,34.0,34.0,33.85,33.85,886500,19.458696,0,1918.6,1920.0
2025-08-13 14:10:00,33.85,33.85,33.85,33.85,0,19.528851,0,1918.4,1920.0
2025-08-13 14:11:00,33.85,33.85,33.85,33.85,0,19.771757,0,1917.7,1920.0
2025-08-13 14:12:00,33.85,33.9,33.85,33.9,931500,19.596819,0,1918.3,1920.0
2025-08-13 14:13:00,33.9,33.9,33.6,33.6,3500,19.612486,0,1917.7,1920.0
2025-08-13 14:14:00,33.6,33.6,33.55,33.55,932500,19.268866,0,1918.6,1920.0
2025-08-13 14:15:00,33.55,34.15,33.55,34.15,4500,19.897514,0,1917.9,1920.0
2025-08-13 14:16:00,34.15,34.15,34.15,34.15,0,20.173287,0,1917.1,1920.0
2025-08-13 14:17:00,34.15,34.15,34.15,34.15,0,20.036561,0,1917.5,1920.0
2025-08-13 14:18:00,34.15,34.15,33.3,33.3,937500,19.594909,0,1917.2,1920.0
2025-08-13 14:19:00,33.3,33.3,33.3,33.3,0,19.629784,0,1917.1,1920.0
2025-08-13 14:20:00,33.3,33.3,33.3,33.3,0,19.971415,0,1916.1,1920.0
2025-08-13 14:21:00,33.3,33.3,33.3,33.3,0,20.309507,0,1915.1,1920.0
2025-08-13 14:22:00,33.3,33.3,32.9,32.9,941000,19.783893,0,1915.9,1920.0
2025-08-13 14:23:00,32.9,32.9,32.9,32.9,0,19.648704,0,1916.3,1920.0
2025-08-13 14:24:00,32.9,32.9,32.85,32.85,943500,19.651202,0,1916.2,1920.0
2025-08-13 14:25:00,32.85,32.9,32.85,32.9,1500,19.853268,0,1915.7,1920.0
2025-08-13 14:26:00,32.9,33.0,32.9,33.0,945000,19.884138,0,1915.8,1920.0
2025-08-13 14:27:00,33.0,33.0,33.0,33.0,2000,20.053432,0,1915.3,1920.0
2025-08-13 14:28:00,33.0,33.0,31.9,31.9,948000,19.816898,0,1913.9,1920.0
2025-08-13 14:29:00,31.9,32.15,31.9,32.15,3500,19.711061,0,1914.7,1920.0
2025-08-13 14:30:00,32.15,32.15,32.15,32.15,0,19.911814,0,1914.1,1920.0
2025-08-13 14:31:00,32.15,32.15,32.15,32.15,0,19.779059,0,1914.5,1920.0
2025-08-13 14:32:00,32.15,32.3,32.15,32.3,952000,19.808918,0,1914.7,1920.0
2025-08-13 14:33:00,32.3,32.3,32.3,32.3,0,19.842937,0,1914.6,1920.0
2025-08-13 14:34:00,32.3,32.3,32.3,32.3,0,19.910304,0,1914.4,1920.0
2025-08-13 14:35:00,32.3,32.3,32.3,32.3,953000,19.877492,0,1914.5,1920.0
2025-08-13 14:36:00,32.3,32.3,32.0,32.0,1000,19.685733,0,1914.5,1920.0
2025-08-13 14:37:00,32.0,32.0,31.85,31.85,954000,19.556709,0,1914.6,1920.0
2025-08-13 14:38:00,31.85,31.85,31.85,31.85,0,19.557271,0,1914.6,1920.0
2025-08-13 14:39:00,31.85,31.85,31.85,31.85,961500,19.557834,0,1914.6,1920.0
2025-08-13 14:40:00,31.85,32.45,31.85,32.45,500,19.809082,0,1915.0,1920.0
2025-08-13 14:41:00,32.45,32.45,32.45,32.45,963000,19.607585,0,1915.6,1920.0
2025-08-13 14:42:00,32.45,32.6,32.45,32.6,1500,19.46701,0,1916.3,1920.0
2025-08-13 14:43:00,32.6,32.6,32.6,32.6,0,19.671124,0,1915.7,1920.0
2025-08-13 14:44:00,32.6,32.6,32.6,32.6,0,19.637856,0,1915.8,1920.0
2025-08-13 14:45:00,32.6,33.2,32.6,33.2,965000,19.819619,0,1916.4,1920.0
2025-08-13 14:46:00,33.2,33.2,33.2,33.2,0,19.580921,0,1917.1,1920.0
2025-08-13 14:47:00,33.2,33.2,32.35,32.35,971500,19.513025,0,1915.7,1920.0
2025-08-13 14:48:00,32.35,32.4,32.35,32.4,500,19.51182,0,1915.8,1920.0
2025-08-13 14:49:00,32.4,32.55,32.4,32.55,972500,19.574735,0,1915.9,1920.0
2025-08-13 14:50:00,32.55,32.6,32.55,32.6,1000,19.708896,0,1915.6,1920.0
2025-08-13 14:51:00,32.6,32.6,32.6,32.6,0,19.709465,0,1915.6,1920.0
2025-08-13 14:52:00,32.6,32.6,32.6,32.6,0,19.710031,0,1915.6,1920.0
2025-08-13 14:53:00,32.6,33.1,32.6,33.1,980000,19.589255,0,1916.9,1920.0
2025-08-13 14:54:00,33.1,33.1,33.1,33.1,1000,19.486915,0,1917.2,1920.0
2025-08-13 14:55:00,33.1,33.1,33.1,33.1,0,19.658807,0,1916.7,1920.0
2025-08-13 14:56:00,33.1,33.1,33.1,33.1,0,19.590955,0,1916.9,1920.0
2025-08-13 14:57:00,33.1,33.1,33.1,33.1,0,19.488611,0,1917.2,1920.0
2025-08-13 14:58:00,33.1,33.2,33.1,33.2,985000,19.553385,0,1917.2,1920.0
2025-08-13 14:59:00,33.2,33.2,33.15,33.15,2000,19.624755,0,1916.9,1920.0
2025-08-13 15:00:00,33.15,33.15,32.2,32.25,989000,19.692167,0,1915.0,1920.0
2025-08-13 15:01:00,32.25,32.25,32.05,32.05,3000,19.463494,0,1915.3,1920.0
2025-08-13 15:02:00,32.05,32.7,32.05,32.7,989500,19.948392,0,1915.1,1920.0
2025-08-13 15:03:00,32.7,32.7,32.7,32.7,0,19.982564,0,1915.0,1920.0
2025-08-13 15:04:00,32.7,32.7,32.0,32.0,993000,19.500431,0,1915.1,1920.0
2025-08-13 15:05:00,32.0,32.0,31.75,31.75,2500,19.608549,0,1914.3,1920.0
2025-08-13 15:06:00,31.75,32.0,31.75,32.0,994500,19.702715,0,1914.5,1920.0
2025-08-13 15:07:00,32.0,32.0,32.0,32.0,0,20.068903,0,1913.4,1920.0
2025-08-13 15:08:00,32.0,32.0,32.0,32.0,0,19.870542,0,1914.0,1920.0
2025-08-13 15:09:00,32.0,32.0,32.0,32.0,1003500,19.871112,0,1914.0,1920.0
2025-08-13 15:10:00,32.0,32.0,32.0,32.0,0,19.470157,0,1915.2,1920.0
2025-08-13 15:11:00,32.0,32.0,32.0,32.0,0,19.705548,0,1914.5,1920.0
2025-08-13 15:12:00,32.0,33.0,32.0,32.7,1006500,19.785573,0,1915.6,1920.0
2025-08-13 15:13:00,32.7,32.7,32.7,32.7,0,20.189223,0,1914.4,1920.0
2025-08-13 15:14:00,32.7,32.7,32.7,32.7,0,20.289812,0,1914.1,1920.0
2025-08-13 15:15:00,32.7,32.7,32.45,32.45,1008500,20.196501,0,1913.9,1920.0
2025-08-13 15:16:00,32.45,32.45,32.45,32.45,500,20.130563,0,1914.1,1920.0
2025-08-13 15:17:00,32.45,32.45,31.9,31.9,1009500,19.811507,0,1914.0,1920.0
2025-08-13 15:18:00,31.9,32.05,31.9,32.05,1500,19.875047,0,1914.1,1920.0
2025-08-13 15:19:00,32.05,32.45,32.05,32.45,1010000,20.132291,0,1914.1,1920.0
2025-08-13 15:20:00,32.45,32.45,32.25,32.25,6000,19.971217,0,1914.2,1920.0
2025-08-13 15:21:00,32.25,32.25,32.0,32.0,1011000,19.877952,0,1914.0,1920.0
2025-08-13 15:22:00,32.0,32.1,32.0,32.1,7000,19.942695,0,1914.0,1920.0
2025-08-13 15:23:00,32.1,32.1,32.1,32.1,0,19.809944,0,1914.4,1920.0
2025-08-13 15:24:00,32.1,32.1,32.1,32.1,0,19.943839,0,1914.0,1920.0
2025-08-13 15:25:00,32.1,32.1,32.1,32.1,0,19.944411,0,1914.0,1920.0
2025-08-13 15:26:00,32.1,32.1,32.1,32.1,1022000,19.778235,0,1914.5,1920.0
2025-08-13 15:27:00,32.1,32.1,31.7,31.7,2500,19.421596,0,1914.8,1920.0
2025-08-13 15:28:00,31.7,32.35,31.7,32.35,1034500,21.380426,0,1910.1,1920.0
2025-08-13 15:29:00,32.35,33.0,32.35,32.9,6500,20.460155,0,1914.0,1920.0
2025-08-14 09:15:00,33.85,35.4,33.85,35.4,8500,20.72287,0,1919.8,1920.0
2025-08-14 09:16:00,35.4,35.4,33.5,33.5,1500,19.935907,0,1918.5,1920.0
2025-08-14 09:17:00,33.5,33.85,33.5,33.85,26000,20.06032,0,1918.8,1920.0
2025-08-14 09:18:00,33.85,33.85,33.85,33.85,0,19.881997,0,1919.3,1920.0
2025-08-14 09:19:00,33.85,34.6,33.75,33.75,34000,19.346354,0,1920.6,1920.0
2025-08-14 09:20:00,33.75,34.7,33.75,34.65,10000,19.795633,0,1921.0,1920.0
2025-08-14 09:21:00,34.65,34.7,34.5,34.7,43000,19.902292,0,1920.8,1920.0
2025-08-14 09:22:00,34.7,34.7,33.4,33.4,32500,19.909182,0,1918.4,1920.0
2025-08-14 09:23:00,33.4,33.95,32.95,32.95,50000,19.790544,0,1917.9,1920.0
2025-08-14 09:24:00,32.95,33.0,32.95,33.0,35500,20.105839,0,1917.1,1920.0
2025-08-14 09:25:00,33.0,33.0,32.45,32.65,70000,20.432388,0,1915.5,1920.0
2025-08-14 09:26:00,32.65,32.65,31.1,31.1,36500,20.298152,0,1912.9,1920.0
2025-08-14 09:27:00,31.1,31.2,30.75,31.2,76000,19.410107,0,1915.7,1920.0
2025-08-14 09:28:00,31.2,31.2,31.2,31.2,0,18.957713,0,1917.0,1920.0
2025-08-14 09:29:00,31.2,33.1,31.2,33.1,118500,20.13965,0,1917.2,1920.0
2025-08-14 09:30:00,33.1,34.3,33.1,34.2,7000,20.012346,0,1919.6,1920.0
2025-08-14 09:31:00,34.2,34.2,33.8,33.8,128000,20.035846,0,1918.8,1920.0
2025-08-14 09:32:00,33.8,34.2,33.7,34.2,10000,20.407071,0,1918.5,1920.0
2025-08-14 09:33:00,34.2,34.2,33.65,33.65,128500,20.539443,0,1917.1,1920.0
2025-08-14 09:34:00,33.65,33.65,32.7,32.7,12500,20.367172,0,1915.8,1920.0
2025-08-14 09:35:00,32.7,32.7,32.7,32.7,129500,20.29851,0,1916.0,1920.0
2025-08-14 09:36:00,32.7,32.7,32.7,32.7,13000,19.633554,0,1917.9,1920.0
2025-08-14 09:37:00,32.7,32.7,32.35,32.35,130500,19.580022,0,1917.4,1920.0
2025-08-14 09:38:00,32.35,33.25,32.35,33.25,15000,19.426123,0,1919.5,1920.0
2025-08-14 09:39:00,33.25,34.4,33.25,34.4,132000,20.005533,0,1920.0,1920.0
2025-08-14 09:40:00,34.4,34.4,34.2,34.2,22500,20.018419,0,1919.6,1920.0
2025-08-14 09:41:00,34.2,34.7,34.2,34.6,134000,20.102656,0,1920.1,1920.0
2025-08-14 09:42:00,34.6,36.1,34.6,36.1,54500,19.992646,0,1923.1,1920.0
2025-08-14 09:43:00,36.1,37.0,36.1,37.0,146000,20.664294,0,1922.9,1920.0
2025-08-14 09:44:00,37.0,38.0,35.95,36.65,88000,20.876341,0,1921.7,1920.0
2025-08-14 09:45:00,36.65,36.95,36.5,36.85,151000,20.566166,0,1922.9,1920.0
2025-08-14 09:46:00,36.85,36.85,36.35,36.7,98500,20.763611,0,1922.1,1920.0
2025-08-14 09:47:00,36.7,36.7,34.6,34.6,169500,20.680083,0,1918.5,1920.0
2025-08-14 09:48:00,34.6,35.15,34.6,35.15,99500,21.431799,0,1917.4,1920.0
2025-08-14 09:49:00,35.15,35.15,34.7,34.7,170500,20.676118,0,1918.7,1920.0
2025-08-14 09:50:00,34.7,34.8,34.7,34.8,102500,20.813841,0,1918.5,1920.0
2025-08-14 09:51:00,34.8,34.85,34.0,34.85,174500,20.597769,0,1919.2,1920.0
2025-08-14 09:52:00,34.85,35.25,34.85,35.25,103500,20.790694,0,1919.4,1920.0
2025-08-14 09:53:00,35.25,35.25,34.65,34.65,175000,20.574304,0,1918.9,1920.0
2025-08-14 09:54:00,34.65,34.65,34.1,34.65,106000,20.859285,0,1918.1,1920.0
2025-08-14 09:55:00,34.65,34.65,34.4,34.4,176000,20.730456,0,1918.0,1920.0
2025-08-14 09:56:00,34.4,34.4,34.15,34.15,106500,20.317635,0,1918.7,1920.0
2025-08-14 09:57:00,34.15,36.7,34.0,36.7,183500,20.175071,0,1923.7,1920.0
2025-08-14 09:58:00,36.7,37.0,36.7,36.85,111500,20.425146,0,1923.3,1920.0
2025-08-14 09:59:00,36.85,36.85,36.6,36.6,187500,20.520686,0,1922.6,1920.0
2025-08-14 10:00:00,36.6,36.8,36.6,36.8,113500,19.941179,0,1924.5,1920.0
2025-08-14 10:01:00,36.8,38.35,36.8,38.05,198500,20.6211,0,1924.9,1920.0
2025-08-14 10:02:00,38.05,38.15,38.05,38.1,120000,20.272878,0,1925.9,1920.0
2025-08-14 10:03:00,38.1,38.1,37.95,37.95,199000,20.096446,0,1926.1,1920.0
2025-08-14 10:04:00,37.95,38.45,37.95,38.45,126500,20.314714,0,1926.4,1920.0
2025-08-14 10:05:00,38.45,38.6,38.4,38.5,204000,20.115861,0,1927.0,1920.0
2025-08-14 10:06:00,38.5,40.0,38.5,40.0,157000,20.373484,0,1928.9,1920.0
2025-08-14 10:07:00,40.0,40.9,40.0,40.9,216500,20.619755,0,1929.8,1920.0
2025-08-14 10:08:00,40.9,41.0,40.55,41.0,171500,21.045157,0,1928.9,1920.0
2025-08-14 10:09:00,41.0,41.0,40.35,40.45,219000,20.953066,0,1928.2,1920.0
2025-08-14 10:10:00,40.45,40.45,39.4,39.4,174500,20.564509,0,1927.4,1920.0
2025-08-14 10:11:00,29.3,31.85,28.5,31.85,248500,20.611882,0,1932.8,1940.0
2025-08-14 10:12:00,31.85,32.3,31.85,32.3,68500,20.165651,0,1935.0,1940.0
2025-08-14 10:13:00,32.3,33.15,32.3,32.75,279000,21.366087,0,1932.3,1940.0
2025-08-14 10:14:00,32.75,33.0,32.0,33.0,95500,21.129736,0,1933.5,1940.0
2025-08-14 10:15:00,33.0,33.55,33.0,33.0,312000,21.330928,0,1932.9,1940.0
2025-08-14 10:16:00,33.0,33.0,32.0,32.35,124000,20.840974,0,1933.1,1940.0
2025-08-14 10:17:00,32.35,32.35,31.7,31.75,325000,20.683262,0,1932.4,1940.0
2025-08-14 10:18:00,31.75,32.6,31.75,32.3,133000,20.909642,0,1932.8,1940.0
2025-08-14 10:19:00,32.3,32.55,32.0,32.0,337500,20.61459,0,1933.1,1940.0
2025-08-14 10:20:00,32.0,32.6,32.0,32.1,145000,20.979672,0,1932.2,1940.0
2025-08-14 10:21:00,32.1,33.5,32.1,33.5,350500,20.987703,0,1934.9,1940.0
2025-08-14 10:22:00,33.5,33.6,32.95,32.95,157000,20.493435,0,1935.3,1940.0
2025-08-14 10:23:00,32.95,33.4,32.95,33.25,357000,19.930627,0,1937.5,1940.0
2025-08-14 10:24:00,33.25,35.0,33.25,33.9,237000,20.460074,0,1937.2,1940.0
2025-08-14 10:25:00,33.9,35.1,33.4,33.55,380000,20.440274,0,1936.6,1940.0
2025-08-14 10:26:00,33.55,33.7,33.4,33.4,243500,20.652689,0,1935.7,1940.0
2025-08-14 10:27:00,33.4,33.4,32.5,32.5,393000,19.790846,0,1936.5,1940.0
2025-08-14 10:28:00,32.5,33.55,32.5,33.55,250000,20.51118,0,1936.4,1940.0
2025-08-14 10:29:00,33.55,34.4,33.0,33.0,421000,20.530352,0,1935.3,1940.0
2025-08-14 10:30:00,33.0,33.0,32.05,32.9,262500,21.673134,0,1931.7,1940.0
2025-08-14 10:31:00,32.9,32.9,32.15,32.5,453500,21.445717,0,1931.6,1940.0
2025-08-14 10:32:00,32.5,33.0,32.05,33.0,265500,21.308302,0,1933.0,1940.0
2025-08-14 10:33:00,33.0,33.0,32.45,32.45,458500,21.282321,0,1932.0,1940.0
2025-08-14 10:34:00,32.45,32.45,32.3,32.3,274500,21.284132,0,1931.7,1940.0
2025-08-14 10:35:00,32.3,32.5,32.3,32.35,465500,21.152133,0,1932.2,1940.0
2025-08-14 10:36:00,32.35,32.35,31.75,31.75,290500,21.123698,0,1931.1,1940.0
2025-08-14 10:37:00,31.75,31.75,31.7,31.75,471000,21.222554,0,1930.8,1940.0
2025-08-14 10:38:00,31.75,32.5,31.75,32.5,293000,20.985872,0,1933.0,1940.0
2025-08-14 10:39:00,32.5,32.5,32.5,32.5,472000,21.019857,0,1932.9,1940.0
2025-08-14 10:40:00,32.5,32.5,31.85,31.85,296500,20.429282,0,1933.4,1940.0
2025-08-14 10:41:00,31.85,32.4,31.7,31.7,475000,20.929869,0,1931.6,1940.0
2025-08-14 10:42:00,31.7,31.7,31.2,31.35,299500,20.702033,0,1931.6,1940.0
2025-08-14 10:43:00,31.35,31.35,30.9,30.9,487000,20.408912,0,1931.6,1940.0
2025-08-14 10:44:00,30.9,30.9,30.05,30.05,315000,20.312204,0,1930.2,1940.0
2025-08-14 10:45:00,30.05,30.3,30.05,30.3,494000,20.24803,0,1930.9,1940.0
2025-08-14 10:46:00,40.4,40.4,39.95,39.95,666500,20.681275,0,1928.1,1920.0
2025-08-14 10:47:00,39.95,39.95,39.6,39.95,4000,20.365774,0,1928.9,1920.0
2025-08-14 10:48:00,39.95,40.0,39.7,40.0,668500,20.597928,0,1928.4,1920.0
2025-08-14 10:49:00,40.0,40.6,40.0,40.6,4500,20.644511,0,1929.3,1920.0
2025-08-14 10:50:00,30.05,30.45,30.05,30.45,335500,20.316297,0,1931.0,1940.0
2025-08-14 10:51:00,41.4,41.4,40.55,40.55,9000,20.412323,0,1929.8,1920.0
2025-08-14 10:52:00,30.9,30.95,30.65,30.9,340500,20.742114,0,1930.6,1940.0
2025-08-14 10:53:00,30.9,31.2,30.9,31.0,515000,20.775407,0,1930.7,1940.0
2025-08-14 10:54:00,31.0,31.25,31.0,31.1,345500,20.644843,0,1931.3,1940.0
2025-08-14 10:55:00,31.1,31.25,30.75,30.75,521000,20.645975,0,1930.6,1940.0
2025-08-14 10:56:00,41.1,41.1,40.6,40.6,1500,20.688775,0,1929.2,1920.0
2025-08-14 10:57:00,40.6,40.6,40.6,40.6,0,20.609763,0,1929.4,1920.0
2025-08-14 10:58:00,30.4,31.2,30.4,31.2,353500,20.646855,0,1931.5,1940.0
2025-08-14 10:59:00,40.6,40.85,40.6,40.85,690500,20.619296,0,1929.8,1920.0
2025-08-14 11:00:00,30.75,31.1,30.65,31.0,358500,20.779722,0,1930.7,1940.0
2025-08-14 11:01:00,41.15,41.15,40.6,40.6,692500,20.371978,0,1930.0,1920.0
2025-08-14 11:02:00,40.6,40.6,39.35,39.35,7500,20.32868,0,1928.0,1920.0
2025-08-14 11:03:00,39.35,39.35,38.65,38.65,696000,20.907527,0,1925.3,1920.0
2025-08-14 11:04:00,38.65,39.4,38.5,39.35,9500,20.565247,0,1927.4,1920.0
2025-08-14 11:05:00,39.35,39.35,39.2,39.2,696500,20.699065,0,1926.8,1920.0
2025-08-14 11:06:00,39.2,39.2,39.2,39.2,10000,20.777151,0,1926.6,1920.0
2025-08-14 11:07:00,39.2,39.55,39.2,39.25,698500,20.733751,0,1926.8,1920.0
2025-08-14 11:08:00,39.25,39.25,39.25,39.25,0,20.734387,0,1926.8,1920.0
2025-08-14 11:09:00,39.25,39.25,38.95,38.95,709500,20.456762,0,1927.0,1920.0
2025-08-14 11:10:00,38.95,39.1,38.95,39.1,500,20.635409,0,1926.8,1920.0
2025-08-14 11:11:00,39.1,39.1,39.1,39.1,0,21.136176,0,1925.5,1920.0
2025-08-14 11:12:00,39.1,39.1,39.1,39.1,0,21.098641,0,1925.6,1920.0
2025-08-14 11:13:00,39.1,39.1,38.0,38.0,711500,20.365813,0,1925.6,1920.0
2025-08-14 11:14:00,38.0,38.0,37.9,38.0,3500,20.251081,0,1925.9,1920.0
2025-08-14 11:15:00,38.0,38.45,38.0,38.45,712500,20.12598,0,1927.0,1920.0
2025-08-14 11:16:00,38.45,38.45,38.3,38.3,4500,20.37554,0,1926.1,1920.0
2025-08-14 11:17:00,38.3,38.65,38.3,38.65,714000,20.494069,0,1926.4,1920.0
2025-08-14 11:18:00,38.65,38.65,38.65,38.65,5000,20.417244,0,1926.6,1920.0
2025-08-14 11:19:00,38.65,38.65,38.65,38.65,0,20.262336,0,1927.0,1920.0
2025-08-14 11:20:00,38.65,38.65,38.65,38.65,0,19.9887,0,1927.7,1920.0
2025-08-14 11:21:00,38.65,39.2,38.65,38.65,722000,20.263588,0,1927.0,1920.0
2025-08-14 11:22:00,38.65,38.65,38.5,38.5,1000,20.280638,0,1926.7,1920.0
2025-08-14 11:23:00,38.5,38.5,38.1,38.1,722500,20.20769,0,1926.2,1920.0
2025-08-14 11:24:00,38.1,38.1,37.75,37.75,2500,20.397365,0,1925.1,1920.0
2025-08-14 11:25:00,37.75,37.75,37.75,37.75,0,20.397992,0,1925.1,1920.0
2025-08-14 11:26:00,37.75,37.75,37.75,37.75,0,20.360418,0,1925.2,1920.0
2025-08-14 11:27:00,37.75,37.75,37.75,37.75,0,20.053615,0,1926.0,1920.0
2025-08-14 11:28:00,37.75,37.75,37.75,37.75,0,20.246764,0,1925.5,1920.0
2025-08-14 11:29:00,37.75,37.75,37.75,37.75,0,20.285741,0,1925.4,1920.0
2025-08-14 11:30:00,37.75,37.75,37.65,37.65,728000,20.181272,0,1925.5,1920.0
2025-08-14 11:31:00,37.65,37.65,37.65,37.65,0,20.220265,0,1925.4,1920.0
2025-08-14 11:32:00,37.65,37.65,37.65,37.65,0,20.297482,0,1925.2,1920.0
2025-08-14 11:33:00,37.65,37.65,37.5,37.5,729000,20.159754,0,1925.3,1920.0
2025-08-14 11:34:00,37.5,37.5,37.25,37.4,7500,20.131959,0,1925.2,1920.0
2025-08-14 11:35:00,37.4,37.8,37.4,37.8,729500,20.246105,0,1925.6,1920.0
2025-08-14 11:36:00,37.8,38.25,37.8,37.9,10000,20.35187,0,1925.5,1920.0
2025-08-14 11:37:00,37.9,37.9,37.85,37.85,730000,19.698566,0,1927.1,1920.0
2025-08-14 11:38:00,37.85,37.85,37.85,37.85,0,19.383619,0,1927.9,1920.0
2025-08-14 11:39:00,37.85,39.0,37.85,39.0,741000,20.58694,0,1926.8,1920.0
2025-08-14 11:40:00,39.0,39.0,39.0,39.0,0,20.431813,0,1927.2,1920.0
2025-08-14 11:41:00,39.0,39.0,37.95,37.95,741500,20.349996,0,1925.6,1920.0
2025-08-14 11:42:00,37.95,37.95,37.25,37.25,3000,19.960094,0,1925.4,1920.0
2025-08-14 11:43:00,37.25,37.55,37.25,37.55,743000,20.160999,0,1925.4,1920.0
2025-08-14 11:44:00,37.55,37.7,37.55,37.7,3500,20.146477,0,1925.7,1920.0
2025-08-14 11:45:00,37.7,37.7,37.7,37.7,0,20.300694,0,1925.3,1920.0
2025-08-14 11:46:00,37.7,37.7,37.15,37.15,747000,19.972562,0,1925.2,1920.0
2025-08-14 11:47:00,37.15,37.2,37.15,37.2,1500,20.273629,0,1924.5,1920.0
2025-08-14 11:48:00,37.2,37.2,36.45,36.45,773000,19.46789,0,1925.3,1920.0
2025-08-14 11:49:00,36.45,36.45,36.45,36.45,0,19.391367,0,1925.5,1920.0
2025-08-14 11:50:00,36.45,36.45,36.45,36.45,0,19.430564,0,1925.4,1920.0
2025-08-14 11:51:00,36.45,36.45,36.45,36.45,0,19.546628,0,1925.1,1920.0
2025-08-14 11:52:00,36.45,36.85,36.45,36.85,775000,19.660556,0,1925.5,1920.0
2025-08-14 11:53:00,36.85,36.85,36.85,36.85,0,18.799605,0,1927.7,1920.0
2025-08-14 11:54:00,36.85,38.0,36.85,38.0,776500,19.848769,0,1927.0,1920.0
2025-08-14 11:55:00,38.0,38.0,38.0,38.0,0,19.494815,0,1927.9,1920.0
2025-08-14 11:56:00,38.0,38.25,38.0,38.05,778500,19.805141,0,1927.2,1920.0
2025-08-14 11:57:00,38.05,38.05,38.05,38.05,0,19.884139,0,1927.0,1920.0
2025-08-14 11:58:00,38.05,38.05,37.7,37.7,779000,20.000742,0,1926.1,1920.0
2025-08-14 11:59:00,37.7,37.7,37.7,37.7,0,19.962617,0,1926.2,1920.0
2025-08-14 12:00:00,37.7,37.7,37.7,37.7,0,19.612089,0,1927.1,1920.0
2025-08-14 12:01:00,37.7,37.7,37.0,37.0,782000,19.958312,0,1925.0,1920.0
2025-08-14 12:02:00,37.0,37.0,36.75,36.75,1000,19.715305,0,1925.2,1920.0
2025-08-14 12:03:00,36.75,36.75,36.25,36.25,783000,19.6119,0,1924.6,1920.0
2025-08-14 12:04:00,36.25,36.25,36.25,36.25,0,19.420912,0,1925.1,1920.0
2025-08-14 12:05:00,36.25,37.15,36.25,37.05,785000,19.725039,0,1925.7,1920.0
2025-08-14 12:06:00,37.05,37.05,37.05,37.05,0,19.994777,0,1925.0,1920.0
2025-08-14 12:07:00,37.05,37.05,37.05,37.05,0,19.841919,0,1925.4,1920.0
2025-08-14 12:08:00,37.05,37.05,37.0,37.0,786000,19.847578,0,1925.3,1920.0
2025-08-14 12:09:00,37.0,37.0,37.0,37.0,0,20.077854,0,1924.7,1920.0
2025-08-14 12:10:00,37.0,37.0,37.0,37.0,0,19.925568,0,1925.1,1920.0
2025-08-14 12:11:00,37.0,37.15,37.0,37.15,787500,19.872723,0,1925.5,1920.0
2025-08-14 12:12:00,37.15,37.15,36.8,36.8,500,19.869848,0,1924.9,1920.0
2025-08-14 12:13:00,36.8,36.8,36.6,36.6,788000,19.467589,0,1925.6,1920.0
2025-08-14 12:14:00,36.6,36.6,36.6,36.6,1000,19.660846,0,1925.1,1920.0
2025-08-14 12:15:00,36.6,36.6,36.6,36.6,0,19.584555,0,1925.3,1920.0
2025-08-14 12:16:00,36.6,36.6,35.25,35.25,793500,18.720802,0,1925.2,1920.0
2025-08-14 12:17:00,35.25,36.75,35.25,36.65,2500,19.34841,0,1926.0,1920.0
2025-08-14 12:18:00,36.65,36.65,36.65,36.65,0,19.504079,0,1925.6,1920.0
2025-08-14 12:19:00,36.65,36.65,36.15,36.15,796500,19.478353,0,1924.8,1920.0
2025-08-14 12:20:00,36.15,36.3,36.15,36.3,500,19.464025,0,1925.1,1920.0
2025-08-14 12:21:00,36.3,36.45,36.3,36.4,797500,19.646545,0,1924.8,1920.0
2025-08-14 12:22:00,36.4,36.4,36.4,36.4,0,19.532079,0,1925.1,1920.0
2025-08-14 12:23:00,36.4,36.4,36.4,36.4,0,19.494222,0,1925.2,1920.0
2025-08-14 12:24:00,36.4,36.4,36.4,36.4,0,19.262907,0,1925.8,1920.0
2025-08-14 12:25:00,36.4,36.4,36.4,36.4,0,19.456918,0,1925.3,1920.0
2025-08-14 12:26:00,36.4,36.4,36.4,36.4,0,19.534512,0,1925.1,1920.0
2025-08-14 12:27:00,36.4,36.4,35.8,35.8,799500,19.13394,0,1925.1,1920.0
2025-08-14 12:28:00,35.8,35.9,35.8,35.9,500,19.085585,0,1925.4,1920.0
2025-08-14 12:29:00,35.9,35.9,35.45,35.75,801000,19.217125,0,1924.8,1920.0
2025-08-14 12:30:00,35.75,35.75,35.65,35.65,1000,18.996793,0,1925.2,1920.0
2025-08-14 12:31:00,35.65,35.65,35.65,35.65,0,18.99739,0,1925.2,1920.0
2025-08-14 12:32:00,35.65,35.65,35.65,35.65,0,18.997986,0,1925.2,1920.0
2025-08-14 12:33:00,35.65,35.9,35.65,35.9,803000,19.088579,0,1925.4,1920.0
2025-08-14 12:34:00,35.9,35.9,35.9,35.9,0,19.205028,0,1925.1,1920.0
2025-08-14 12:35:00,35.9,36.15,35.9,36.15,804500,18.985188,0,1926.1,1920.0
2025-08-14 12:36:00,36.15,36.15,36.15,36.15,0,19.296346,0,1925.3,1920.0
2025-08-14 12:37:00,36.15,36.15,36.15,36.15,808000,19.374042,0,1925.1,1920.0
2025-08-14 12:38:00,36.15,36.15,36.15,36.15,0,19.258925,0,1925.4,1920.0
2025-08-14 12:39:00,36.15,36.15,36.15,36.15,0,19.452133,0,1924.9,1920.0
2025-08-14 12:40:00,36.15,36.15,36.15,36.15,0,19.375857,0,1925.1,1920.0
2025-08-14 12:41:00,36.15,36.15,36.15,36.15,0,19.22205,0,1925.5,1920.0
2025-08-14 12:42:00,36.15,36.15,36.15,36.15,0,19.261339,0,1925.4,1920.0
2025-08-14 12:43:00,36.15,36.15,36.15,36.15,0,19.416144,0,1925.0,1920.0
2025-08-14 12:44:00,36.15,36.15,36.15,36.15,0,18.951491,0,1926.2,1920.0
2025-08-14 12:45:00,36.15,36.15,36.15,36.15,0,18.91295,0,1926.3,1920.0
2025-08-14 12:46:00,36.15,36.7,36.15,36.7,809000,19.321613,0,1926.2,1920.0
2025-08-14 12:47:00,36.7,36.7,36.7,36.7,0,19.477768,0,1925.8,1920.0
2025-08-14 12:48:00,36.7,36.7,36.7,36.7,0,19.439571,0,1925.9,1920.0
2025-08-14 12:49:00,36.7,37.05,36.7,37.05,810500,19.558091,0,1926.2,1920.0
2025-08-14 12:50:00,37.05,37.05,37.0,37.0,500,19.368976,0,1926.6,1920.0
2025-08-14 12:51:00,37.0,37.0,36.65,36.65,811500,19.369021,0,1926.0,1920.0
2025-08-14 12:52:00,36.65,36.65,36.65,36.65,0,19.21358,0,1926.4,1920.0
2025-08-14 12:53:00,36.65,36.65,36.35,36.35,812500,19.051974,0,1926.3,1920.0
2025-08-14 12:54:00,36.35,36.35,36.35,36.35,0,19.013414,0,1926.4,1920.0
2025-08-14 12:55:00,36.35,37.0,36.35,37.0,813500,19.450239,0,1926.4,1920.0
2025-08-14 12:56:00,37.0,37.0,37.0,37.0,0,18.8585,0,1927.9,1920.0
2025-08-14 12:57:00,37.0,37.0,37.0,37.0,0,18.978639,0,1927.6,1920.0
2025-08-14 12:58:00,37.0,38.25,36.9,38.1,822500,19.160647,0,1929.0,1920.0
2025-08-14 12:59:00,27.95,28.65,27.85,28.45,6000,19.28054,0,1930.4,1940.0
2025-08-14 13:00:00,28.45,28.45,28.15,28.15,1234500,19.149559,0,1930.2,1940.0
2025-08-14 13:01:00,28.15,28.4,27.55,28.4,12500,19.085766,0,1930.9,1940.0
2025-08-14 13:02:00,28.4,28.8,28.4,28.6,1236000,19.445655,0,1930.2,1940.0
2025-08-14 13:03:00,38.7,38.7,38.55,38.55,8000,19.143851,0,1929.8,1920.0
2025-08-14 13:04:00,28.45,28.8,28.45,28.65,1248000,19.479601,0,1930.2,1940.0
2025-08-14 13:05:00,28.65,28.7,28.6,28.7,18000,19.350032,0,1930.7,1940.0
2025-08-14 13:06:00,28.7,28.7,28.05,28.2,1251000,19.218284,0,1930.1,1940.0
2025-08-14 13:07:00,28.2,28.2,28.2,28.2,0,18.958197,0,1930.9,1940.0
2025-08-14 13:08:00,28.2,28.8,28.2,28.8,1270500,19.417319,0,1930.7,1940.0
2025-08-14 13:09:00,28.8,28.8,28.6,28.65,15000,19.286927,0,1930.8,1940.0
2025-08-14 13:10:00,28.65,28.8,28.5,28.5,1273500,19.221892,0,1930.7,1940.0
2025-08-14 13:11:00,28.5,28.65,28.5,28.65,15500,19.516212,0,1930.1,1940.0
2025-08-14 13:12:00,28.65,28.65,28.4,28.4,1277000,19.320412,0,1930.2,1940.0
2025-08-14 13:13:00,38.8,38.8,38.8,38.8,0,19.319306,0,1929.8,1920.0
2025-08-14 13:14:00,28.5,28.8,28.5,28.65,1283500,19.485482,0,1930.2,1940.0
2025-08-14 13:15:00,28.65,28.7,28.65,28.7,19000,19.453759,0,1930.4,1940.0
2025-08-14 13:16:00,28.7,28.7,28.6,28.65,1284500,19.356355,0,1930.6,1940.0
2025-08-14 13:17:00,39.1,39.1,39.1,39.1,0,19.565472,0,1929.7,1920.0
2025-08-14 13:18:00,39.1,39.1,39.1,39.1,0,19.647032,0,1929.5,1920.0
2025-08-14 13:19:00,39.1,39.1,39.1,39.1,0,20.088529,0,1928.4,1920.0
2025-08-14 13:20:00,39.1,39.1,37.5,37.6,842000,18.427515,0,1930.0,1920.0
2025-08-14 13:21:00,37.6,37.75,37.6,37.75,500,18.734808,0,1929.5,1920.0
2025-08-14 13:22:00,37.75,37.75,37.55,37.55,842500,18.599778,0,1929.5,1920.0
2025-08-14 13:23:00,37.55,37.55,37.55,37.55,0,18.436456,0,1929.9,1920.0
2025-08-14 13:24:00,37.55,37.55,37.55,37.55,0,18.763811,0,1929.1,1920.0
2025-08-14 13:25:00,37.55,37.55,37.0,37.0,844500,18.795829,0,1928.1,1920.0
2025-08-14 13:26:00,37.0,37.0,37.0,37.0,500,18.635578,0,1928.5,1920.0
2025-08-14 13:27:00,37.0,37.0,37.0,37.0,0,18.392942,0,1929.1,1920.0
2025-08-14 13:28:00,37.0,37.0,37.0,37.0,0,18.474877,0,1928.9,1920.0
2025-08-14 13:29:00,37.0,37.0,37.0,37.0,0,18.677674,0,1928.4,1920.0
2025-08-14 13:30:00,37.0,37.0,37.0,37.0,0,18.190152,0,1929.6,1920.0
2025-08-14 13:31:00,37.0,37.0,37.0,37.0,848000,18.272774,0,1929.4,1920.0
2025-08-14 13:32:00,37.0,37.0,36.6,36.6,12000,18.449296,0,1928.3,1920.0
2025-08-14 13:33:00,36.6,36.7,36.6,36.7,848500,18.638113,0,1928.0,1920.0
2025-08-14 13:34:00,36.7,36.7,36.2,36.2,13500,18.220254,0,1928.2,1920.0
2025-08-14 13:35:00,36.2,37.35,36.2,37.05,850000,18.715055,0,1928.4,1920.0
2025-08-14 13:36:00,37.05,37.05,36.8,36.8,14000,18.303387,0,1929.0,1920.0
2025-08-14 13:37:00,36.8,36.8,36.8,36.8,0,18.303975,0,1929.0,1920.0
2025-08-14 13:38:00,27.1,27.1,27.1,27.1,0,18.417831,0,1930.4,1940.0
2025-08-14 13:39:00,27.1,27.5,27.1,27.5,1352500,18.58299,0,1930.7,1940.0
2025-08-14 13:40:00,27.5,27.6,27.5,27.6,1500,18.714366,0,1930.5,1940.0
2025-08-14 13:41:00,27.6,27.6,27.6,27.6,0,18.714936,0,1930.5,1940.0
2025-08-14 13:42:00,27.6,27.6,27.6,27.6,0,18.715507,0,1930.5,1940.0
2025-08-14 13:43:00,27.6,27.6,27.6,27.6,0,18.748644,0,1930.4,1940.0
2025-08-14 13:44:00,27.6,27.6,27.2,27.2,1354500,18.486811,0,1930.4,1940.0
2025-08-14 13:45:00,27.2,27.6,27.1,27.6,2500,18.749787,0,1930.4,1940.0
2025-08-14 13:46:00,27.6,27.65,27.6,27.65,1355000,18.815698,0,1930.3,1940.0
2025-08-14 13:47:00,38.0,38.0,37.7,37.7,2500,18.593726,0,1929.8,1920.0
2025-08-14 13:48:00,37.7,37.7,37.55,37.55,870000,18.492402,0,1929.8,1920.0
2025-08-14 13:49:00,37.55,37.55,37.4,37.4,3000,18.391038,0,1929.8,1920.0
2025-08-14 13:50:00,27.25,27.75,27.25,27.75,1363500,18.916118,0,1930.2,1940.0
2025-08-14 13:51:00,27.75,27.75,27.7,27.7,6500,18.688328,0,1930.8,1940.0
2025-08-14 13:52:00,27.7,27.7,27.7,27.7,0,18.8194,0,1930.4,1940.0
2025-08-14 13:53:00,38.0,38.7,37.7,37.7,876000,19.084816,0,1928.6,1920.0
2025-08-14 13:54:00,37.7,37.7,37.7,37.7,0,18.597908,0,1929.8,1920.0
2025-08-14 13:55:00,27.85,27.85,27.85,27.85,0,18.886963,0,1930.5,1940.0
2025-08-14 13:56:00,27.85,27.85,27.65,27.65,1374500,18.592931,0,1931.0,1940.0
2025-08-14 13:57:00,27.65,27.65,27.65,27.65,0,18.593499,0,1931.0,1940.0
2025-08-14 13:58:00,27.65,27.65,27.65,27.65,0,18.429852,0,1931.5,1940.0
2025-08-14 13:59:00,27.65,28.55,27.65,28.25,1378500,18.658778,0,1932.0,1940.0
2025-08-14 14:00:00,28.25,28.4,28.25,28.4,1500,18.424771,0,1933.0,1940.0
2025-08-14 14:01:00,28.4,28.4,28.05,28.05,1385000,18.495639,0,1932.1,1940.0
2025-08-14 14:02:00,28.05,28.05,28.05,28.05,0,18.595494,0,1931.8,1940.0
2025-08-14 14:03:00,28.05,28.15,27.75,27.75,1390500,18.366259,0,1931.9,1940.0
2025-08-14 14:04:00,27.75,27.8,27.75,27.8,5000,18.432671,0,1931.8,1940.0
2025-08-14 14:05:00,27.8,27.85,27.5,27.5,1393000,18.760644,0,1930.2,1940.0
2025-08-14 14:06:00,38.0,38.0,38.0,38.0,0,18.767932,0,1929.9,1920.0
2025-08-14 14:07:00,27.3,27.3,27.3,27.3,1393500,18.336767,0,1931.1,1940.0
2025-08-14 14:08:00,27.3,28.0,27.3,28.0,8000,18.566119,0,1931.8,1940.0
2025-08-14 14:09:00,28.0,28.0,27.9,27.9,1394000,18.335434,0,1932.3,1940.0
2025-08-14 14:10:00,27.9,28.2,27.6,28.2,13500,18.332755,0,1932.9,1940.0
2025-08-14 14:11:00,28.2,28.2,28.0,28.0,1394500,18.468523,0,1932.1,1940.0
2025-08-14 14:12:00,28.0,28.0,27.85,27.85,14000,18.700484,0,1931.1,1940.0
2025-08-14 14:13:00,27.85,27.85,27.65,27.65,1395000,18.471256,0,1931.4,1940.0
2025-08-14 14:14:00,27.65,27.65,27.65,27.65,0,18.339931,0,1931.8,1940.0
2025-08-14 14:15:00,27.65,27.65,27.65,27.65,0,18.141605,0,1932.4,1940.0
2025-08-14 14:16:00,27.65,27.65,27.65,27.65,0,18.108892,0,1932.5,1940.0
2025-08-14 14:17:00,27.65,27.65,27.65,27.65,0,18.768325,0,1930.5,1940.0
2025-08-14 14:18:00,27.65,27.65,27.35,27.35,1410000,18.408552,0,1931.0,1940.0
2025-08-14 14:19:00,27.35,27.35,27.35,27.35,0,18.310677,0,1931.3,1940.0
2025-08-14 14:20:00,27.35,27.75,27.35,27.75,1410500,18.803067,0,1930.6,1940.0
2025-08-14 14:21:00,27.75,27.75,27.7,27.7,500,18.738154,0,1930.7,1940.0
2025-08-14 14:22:00,27.7,27.7,27.2,27.2,1412500,18.605837,0,1930.1,1940.0
2025-08-14 14:23:00,38.0,38.0,37.6,37.6,896000,18.464962,0,1930.0,1920.0
2025-08-14 14:24:00,37.6,37.6,37.0,37.2,1000,18.480846,0,1929.3,1920.0
2025-08-14 14:25:00,37.2,37.4,37.05,37.05,897000,18.091522,0,1930.0,1920.0
2025-08-14 14:26:00,27.0,27.2,27.0,27.2,1417500,18.477993,0,1930.5,1940.0
2025-08-14 14:27:00,37.3,37.3,37.3,37.3,897500,18.34554,0,1929.8,1920.0
2025-08-14 14:28:00,27.05,27.05,27.05,27.05,0,18.249998,0,1930.9,1940.0
2025-08-14 14:29:00,27.05,27.7,27.05,27.7,1425000,18.742734,0,1930.7,1940.0
2025-08-14 14:30:00,37.6,37.8,37.6,37.8,5000,18.605258,0,1930.0,1920.0
2025-08-14 14:31:00,37.8,37.8,36.9,36.9,902000,18.566176,0,1928.6,1920.0
2025-08-14 14:32:00,36.9,37.65,36.9,37.2,6500,18.403744,0,1929.5,1920.0
2025-08-14 14:33:00,27.25,27.25,27.25,27.25,0,18.416839,0,1930.8,1940.0
2025-08-14 14:34:00,37.75,37.75,37.2,37.2,9500,18.19905,0,1930.0,1920.0
2025-08-14 14:35:00,27.05,27.4,27.05,27.4,500,18.712125,0,1930.2,1940.0
2025-08-14 14:36:00,27.4,27.4,27.3,27.3,1430000,18.484056,0,1930.7,1940.0
2025-08-14 14:37:00,27.3,27.3,27.3,27.3,3000,18.419211,0,1930.9,1940.0
2025-08-14 14:38:00,37.2,37.7,37.2,37.7,914500,18.869365,0,1929.2,1920.0
2025-08-14 14:39:00,27.5,27.65,27.5,27.65,7500,18.715624,0,1930.7,1940.0
2025-08-14 14:40:00,27.65,28.0,27.65,28.0,1435000,18.847817,0,1931.0,1940.0
2025-08-14 14:41:00,28.0,28.0,28.0,28.0,0,19.044609,0,1930.4,1940.0
2025-08-14 14:42:00,28.0,28.0,27.8,27.8,1443000,18.750407,0,1930.9,1940.0
2025-08-14 14:43:00,38.0,38.0,37.4,37.4,2500,18.505269,0,1929.6,1920.0
2025-08-14 14:44:00,27.5,27.5,27.05,27.05,1445000,18.519784,0,1930.1,1940.0
2025-08-14 14:45:00,27.05,27.05,27.05,27.05,0,18.357592,0,1930.6,1940.0
2025-08-14 14:46:00,27.05,27.95,27.05,27.95,1451000,18.355897,0,1932.4,1940.0
2025-08-14 14:47:00,27.95,27.95,27.45,27.45,2500,18.686731,0,1930.4,1940.0
2025-08-14 14:48:00,27.45,27.45,26.9,26.9,1458500,18.325932,0,1930.4,1940.0
2025-08-14 14:49:00,26.9,27.1,26.9,27.1,3000,18.031613,0,1931.7,1940.0
2025-08-14 14:50:00,27.1,27.85,27.1,27.85,1462500,18.557646,0,1931.6,1940.0
2025-08-14 14:51:00,27.85,27.85,27.85,27.85,0,18.558216,0,1931.6,1940.0
2025-08-14 14:52:00,27.85,28.0,27.75,27.75,1467000,18.094581,0,1932.8,1940.0
2025-08-14 14:53:00,27.75,27.75,27.75,27.75,0,17.961138,0,1933.2,1940.0
2025-08-14 14:54:00,27.75,28.55,27.75,28.55,1472500,18.149164,0,1934.2,1940.0
2025-08-14 14:55:00,28.55,28.7,28.55,28.7,3500,18.009558,0,1934.9,1940.0
2025-08-14 14:56:00,28.7,28.7,28.1,28.1,1475000,17.990417,0,1933.8,1940.0
2025-08-14 14:57:00,28.1,28.2,28.1,28.2,4000,17.955031,0,1934.1,1940.0
2025-08-14 14:58:00,28.2,28.3,28.2,28.25,1477500,18.493005,0,1932.6,1940.0
2025-08-14 14:59:00,28.25,28.5,28.05,28.5,24000,18.254688,0,1933.8,1940.0
2025-08-14 15:00:00,28.5,28.5,27.75,27.75,1485500,18.760638,0,1930.8,1940.0
2025-08-14 15:01:00,38.45,38.45,37.15,37.15,7000,18.591284,0,1929.0,1920.0
2025-08-14 15:02:00,37.15,37.15,37.15,37.15,0,18.632546,0,1928.9,1920.0
2025-08-14 15:03:00,37.15,37.15,37.15,37.15,945500,18.633144,0,1928.9,1920.0
2025-08-14 15:04:00,37.15,37.15,37.0,37.0,1000,18.572572,0,1928.8,1920.0
2025-08-14 15:05:00,37.0,37.0,36.85,36.85,949000,19.034179,0,1927.4,1920.0
2025-08-14 15:06:00,36.85,36.85,36.85,36.85,0,19.39028,0,1926.5,1920.0
2025-08-14 15:07:00,36.85,36.85,36.55,36.55,950500,19.188889,0,1926.5,1920.0
2025-08-14 15:08:00,36.55,36.55,36.0,36.0,4500,19.093467,0,1925.8,1920.0
2025-08-14 15:09:00,36.0,36.05,36.0,36.05,954000,19.088661,0,1925.9,1920.0
2025-08-14 15:10:00,36.05,36.05,35.55,35.55,6000,18.713616,0,1926.0,1920.0
2025-08-14 15:11:00,35.55,36.6,35.55,36.5,960500,19.39251,0,1925.9,1920.0
2025-08-14 15:12:00,36.5,36.55,36.5,36.55,9500,19.42674,0,1925.9,1920.0
2025-08-14 15:13:00,36.55,36.65,36.55,36.65,961000,19.649945,0,1925.5,1920.0
2025-08-14 15:14:00,36.65,36.65,36.65,36.65,10000,19.920401,0,1924.8,1920.0
2025-08-14 15:15:00,36.65,36.65,36.35,36.35,963500,19.604396,0,1925.1,1920.0
2025-08-14 15:16:00,36.35,36.75,36.35,36.75,11000,19.873395,0,1925.1,1920.0
2025-08-14 15:17:00,36.75,36.75,36.4,36.4,964500,19.63918,0,1925.1,1920.0
2025-08-14 15:18:00,36.4,36.55,36.4,36.55,11500,19.740451,0,1925.1,1920.0
2025-08-14 15:19:00,36.55,36.9,36.55,36.65,966500,19.961855,0,1924.7,1920.0
2025-08-14 15:20:00,36.65,36.65,36.65,36.65,0,20.191497,0,1924.1,1920.0
2025-08-14 15:21:00,36.65,36.65,36.0,36.0,979000,20.173196,0,1923.0,1920.0
2025-08-14 15:22:00,36.0,36.0,35.45,35.45,5000,19.541449,0,1923.7,1920.0
2025-08-14 15:23:00,35.45,35.45,35.3,35.3,980000,19.781798,0,1922.8,1920.0
2025-08-14 15:24:00,35.3,35.3,35.1,35.1,6000,19.686318,0,1922.7,1920.0
2025-08-14 15:25:00,35.1,35.1,35.1,35.1,981000,19.686931,0,1922.7,1920.0
2025-08-14 15:26:00,35.1,35.1,34.9,34.9,7500,19.628938,0,1922.5,1920.0
2025-08-14 15:27:00,34.9,35.0,34.9,35.0,982000,19.696363,0,1922.5,1920.0
2025-08-14 15:28:00,35.0,35.0,33.65,33.8,15000,18.894919,0,1922.5,1920.0
2025-08-14 15:29:00,33.8,33.8,33.6,33.6,984500,19.468387,0,1920.6,1920.0
2025-08-18 09:15:00,25.3,29.15,25.3,29.15,33500,18.312003,0,1963.6,1960.0
2025-08-18 09:16:00,20.05,27.0,20.05,26.5,85000,18.853944,0,1976.9,1980.0
2025-08-18 09:17:00,26.5,27.45,26.5,27.45,68500,17.751417,0,1981.4,1980.0
2025-08-18 09:18:00,27.45,31.0,27.45,30.05,158500,19.418214,0,1982.1,1980.0
2025-08-18 09:19:00,30.05,32.65,30.05,31.4,127500,19.592646,0,1984.1,1980.0
2025-08-18 09:20:00,31.4,33.15,30.85,32.25,222000,19.458478,0,1985.9,1980.0
2025-08-18 09:21:00,32.25,33.0,30.35,31.9,158500,19.368497,0,1985.5,1980.0
2025-08-18 09:22:00,31.9,33.35,31.45,31.6,254500,19.788868,0,1984.0,1980.0
2025-08-18 09:23:00,31.6,32.55,31.6,31.8,202500,19.206923,0,1985.7,1980.0
2025-08-18 09:24:00,31.8,32.3,31.65,31.9,263000,19.196019,0,1985.9,1980.0
2025-08-18 09:25:00,31.9,35.0,31.9,34.65,258500,20.713816,0,1987.2,1980.0
2025-08-18 09:26:00,34.65,36.25,33.2,34.45,326000,20.42994,0,1987.5,1980.0
2025-08-18 09:27:00,34.45,35.4,33.6,35.4,281000,20.483637,0,1989.0,1980.0
2025-08-18 09:28:00,35.4,35.8,31.85,35.55,368500,20.553886,0,1989.1,1980.0
2025-08-18 09:29:00,25.0,26.95,25.0,26.5,687500,20.792358,0,1991.2,2000.0
2025-08-18 09:30:00,26.5,28.2,26.5,27.5,722500,20.38877,0,1994.3,2000.0
2025-08-18 09:31:00,27.5,28.45,27.0,27.2,726500,20.503902,0,1993.4,2000.0
2025-08-18 09:32:00,27.2,28.2,27.2,27.75,742000,21.394266,0,1992.1,2000.0
2025-08-18 09:33:00,27.75,29.25,27.75,29.05,790000,21.276792,0,1995.0,2000.0
2025-08-18 09:34:00,29.05,33.5,28.75,32.7,866000,22.039156,0,2000.0,2000.0
2025-08-18 09:35:00,32.7,35.35,31.5,35.15,896000,22.272356,0,2003.9,2000.0
2025-08-18 09:36:00,35.15,38.7,33.4,37.9,966500,22.060799,0,2009.2,2000.0
2025-08-18 09:37:00,37.9,40.0,37.9,37.95,1021500,22.18771,0,2009.0,2000.0
2025-08-18 09:38:00,37.95,39.45,36.2,37.0,1201500,21.99932,0,2007.8,2000.0
2025-08-18 09:39:00,37.0,39.95,36.85,38.0,1115500,21.783183,0,2010.0,2000.0
2025-08-18 09:40:00,38.0,38.9,37.0,37.6,1250500,22.277913,0,2008.2,2000.0
2025-08-18 09:41:00,27.3,29.25,27.3,28.6,505500,22.301634,0,2010.7,2020.0
2025-08-18 09:42:00,28.6,30.25,28.6,30.25,573500,23.0818,0,2011.9,2020.0
2025-08-18 09:43:00,30.25,31.35,29.85,31.15,568000,23.193114,0,2013.4,2020.0
2025-08-18 09:44:00,31.15,31.7,29.85,31.35,635500,23.118209,0,2014.0,2020.0
2025-08-18 09:45:00,31.35,31.7,29.55,30.5,616000,22.680031,0,2013.5,2020.0
2025-08-18 09:46:00,30.5,30.5,28.75,30.15,716000,22.682036,0,2012.8,2020.0
2025-08-18 09:47:00,30.15,30.8,29.5,30.5,643500,22.977113,0,2012.7,2020.0
2025-08-18 09:48:00,30.5,31.7,30.5,30.85,750000,22.828685,0,2013.8,2020.0
2025-08-18 09:49:00,30.85,31.05,30.0,30.85,663500,22.380969,0,2015.0,2020.0
2025-08-18 09:50:00,30.85,30.85,30.1,30.1,780500,21.830603,0,2015.0,2020.0
2025-08-18 09:51:00,30.1,30.85,30.1,30.85,685000,23.494888,0,2012.0,2020.0
2025-08-18 09:52:00,40.0,40.0,37.75,38.8,1605000,22.75387,0,2009.2,2000.0
2025-08-18 09:53:00,38.8,39.25,37.45,38.15,1428500,22.396931,0,2008.9,2000.0
2025-08-18 09:54:00,38.15,39.05,37.7,38.75,1646000,22.629792,0,2009.4,2000.0
2025-08-18 09:55:00,38.75,39.05,38.5,38.5,1438500,23.055404,0,2008.0,2000.0
2025-08-18 09:56:00,38.5,39.0,37.5,38.9,1676500,22.567697,0,2009.8,2000.0
2025-08-18 09:57:00,38.9,38.9,38.2,38.2,1452500,22.394218,0,2009.0,2000.0
2025-08-18 09:58:00,38.2,39.0,38.2,39.0,1700500,22.866104,0,2009.3,2000.0
2025-08-18 09:59:00,39.0,39.0,38.25,38.7,1486000,23.166033,0,2008.1,2000.0
2025-08-18 10:00:00,38.7,38.7,37.45,37.75,1763000,22.321384,0,2008.4,2000.0
2025-08-18 10:01:00,27.1,29.75,27.1,29.6,810000,22.620451,0,2011.9,2020.0
2025-08-18 10:02:00,29.6,29.7,29.6,29.7,928000,23.05821,0,2010.9,2020.0
2025-08-18 10:03:00,29.7,29.7,28.7,29.25,829000,22.943858,0,2010.3,2020.0
2025-08-18 10:04:00,39.5,39.5,39.2,39.2,1780500,22.712768,0,2010.0,2000.0
2025-08-18 10:05:00,28.35,28.7,28.35,28.7,832500,22.106899,0,2011.5,2020.0
2025-08-18 10:06:00,39.45,39.75,38.05,38.05,1793500,22.067944,0,2009.5,2000.0
2025-08-18 10:07:00,38.05,38.35,38.05,38.35,1529000,22.516406,0,2009.0,2000.0
2025-08-18 10:08:00,38.35,38.35,38.15,38.15,1803000,22.056365,0,2009.7,2000.0
2025-08-18 10:09:00,38.15,39.15,38.15,39.15,1533500,22.901164,0,2009.5,2000.0
2025-08-18 10:10:00,39.15,39.15,38.45,38.6,1806000,22.619555,0,2009.2,2000.0
2025-08-18 10:11:00,28.2,28.3,27.8,28.3,865500,22.214685,0,2010.4,2020.0
2025-08-18 10:12:00,28.3,28.3,28.0,28.0,947000,21.415517,0,2012.0,2020.0
2025-08-18 10:13:00,28.0,28.8,28.0,28.8,877000,22.513085,0,2010.6,2020.0
2025-08-18 10:14:00,28.8,28.8,28.7,28.7,951500,22.332038,0,2010.9,2020.0
2025-08-18 10:15:00,28.7,29.35,28.7,29.35,886000,22.558065,0,2011.6,2020.0
2025-08-18 10:16:00,29.35,29.35,28.75,28.75,957000,22.262121,0,2011.2,2020.0
2025-08-18 10:17:00,28.75,29.95,28.55,29.95,893500,22.746092,0,2012.3,2020.0
2025-08-18 10:18:00,29.95,29.95,29.85,29.85,959000,22.599983,0,2012.5,2020.0
2025-08-18 10:19:00,29.85,30.1,28.75,28.75,912500,22.192226,0,2011.4,2020.0
2025-08-18 10:20:00,28.75,30.85,28.75,30.85,975000,22.068066,0,2015.9,2020.0
2025-08-18 10:21:00,30.85,30.85,30.4,30.4,931500,21.889498,0,2015.5,2020.0
2025-08-18 10:22:00,30.4,30.6,30.4,30.6,982000,22.971649,0,2013.0,2020.0
2025-08-18 10:23:00,30.6,30.6,29.1,29.1,944500,22.23514,0,2012.0,2020.0
2025-08-18 10:24:00,29.1,29.1,28.5,28.5,1003500,22.301561,0,2010.6,2020.0
2025-08-18 10:25:00,39.15,39.15,38.3,38.3,1660000,22.362606,0,2009.3,2000.0
2025-08-18 10:26:00,38.3,38.5,38.0,38.0,1910000,22.707892,0,2008.0,2000.0
2025-08-18 10:27:00,38.0,38.2,36.1,36.1,1684000,21.929256,0,2006.5,2000.0
2025-08-18 10:28:00,36.1,36.4,36.0,36.2,1939000,22.51717,0,2005.3,2000.0
2025-08-18 10:29:00,36.2,36.2,35.35,35.7,1693000,22.015967,0,2005.6,2000.0
2025-08-18 10:30:00,35.7,36.75,35.7,36.75,1952500,21.988163,0,2007.5,2000.0
2025-08-18 10:31:00,36.75,37.45,36.75,36.9,1699000,21.971307,0,2007.8,2000.0
2025-08-18 10:32:00,36.9,37.15,36.35,37.15,1956500,22.116878,0,2007.9,2000.0
2025-08-18 10:33:00,37.15,37.15,35.95,35.95,1706500,21.864902,0,2006.4,2000.0
2025-08-18 10:34:00,35.95,36.2,35.95,36.2,1960000,22.05359,0,2006.4,2000.0
2025-08-18 10:35:00,36.2,36.2,36.0,36.0,1708000,22.246297,0,2005.6,2000.0
2025-08-18 10:36:00,36.0,36.0,36.0,36.0,1963500,22.247194,0,2005.6,2000.0
2025-08-18 10:37:00,36.0,36.0,35.4,35.4,1711500,22.052806,0,2005.0,2000.0
2025-08-18 10:38:00,35.4,35.4,33.9,34.1,1994000,21.585079,0,2003.8,2000.0
2025-08-18 10:39:00,34.1,35.4,34.1,35.4,1722500,22.139071,0,2004.8,2000.0
2025-08-18 10:40:00,35.4,35.4,34.9,35.05,1997500,21.962131,0,2004.6,2000.0
2025-08-18 10:41:00,35.05,36.45,35.05,36.05,1744500,21.861051,0,2006.6,2000.0
2025-08-18 10:42:00,36.05,37.0,36.05,37.0,2015500,21.79355,0,2008.4,2000.0
2025-08-18 10:43:00,37.0,37.0,36.6,36.6,1748500,22.103735,0,2007.0,2000.0
2025-08-18 10:44:00,36.6,36.6,36.25,36.25,2017500,21.841315,0,2007.0,2000.0
2025-08-18 10:45:00,36.25,36.25,36.2,36.2,1756500,22.063413,0,2006.4,2000.0
2025-08-18 10:46:00,36.2,36.2,36.15,36.15,2046500,21.983733,0,2006.5,2000.0
2025-08-18 10:47:00,36.15,36.15,35.5,35.5,1758000,21.710944,0,2006.0,2000.0
2025-08-18 10:48:00,35.5,35.8,35.5,35.8,2048000,20.980725,0,2008.2,2000.0
2025-08-18 10:49:00,35.8,36.7,35.8,36.65,1766500,22.189933,0,2006.9,2000.0
2025-08-18 10:50:00,36.65,36.65,35.9,35.9,2051500,21.799347,0,2006.5,2000.0
2025-08-18 10:51:00,35.9,36.4,35.9,36.2,1771000,22.240197,0,2006.0,2000.0
2025-08-18 10:52:00,36.2,36.2,35.1,35.1,2053000,21.798859,0,2005.1,2000.0
2025-08-18 10:53:00,35.1,35.45,35.0,35.0,1778000,21.682277,0,2005.2,2000.0
2025-08-18 10:54:00,35.0,35.05,35.0,35.0,2062500,22.189045,0,2004.0,2000.0
2025-08-18 10:55:00,35.0,36.2,35.0,36.2,1779000,21.639634,0,2007.4,2000.0
2025-08-18 10:56:00,36.2,36.5,36.1,36.5,2065500,22.126561,0,2006.8,2000.0
2025-08-18 10:57:00,36.5,36.5,36.05,36.05,1779500,22.557884,0,2005.0,2000.0
2025-08-18 10:58:00,36.05,36.05,34.9,34.9,2067500,21.611638,0,2005.2,2000.0
2025-08-18 10:59:00,34.9,35.0,34.9,35.0,1781000,22.193515,0,2004.0,2000.0
2025-08-18 11:00:00,35.0,35.0,34.7,34.7,2068500,21.077959,0,2006.1,2000.0
2025-08-18 11:01:00,34.7,35.4,34.7,35.4,1789500,21.776559,0,2005.7,2000.0
2025-08-18 11:02:00,35.4,35.4,35.4,35.4,2069000,22.453814,0,2004.1,2000.0
2025-08-18 11:03:00,35.4,35.4,34.4,34.4,1794000,21.705856,0,2004.1,2000.0
2025-08-18 11:04:00,34.4,34.4,34.0,34.0,2072000,21.111398,0,2004.8,2000.0
2025-08-18 11:05:00,34.0,34.0,33.85,33.85,1800000,21.588598,0,2003.4,2000.0
2025-08-18 11:06:00,33.85,33.9,33.8,33.9,2076500,21.71013,0,2003.2,2000.0
2025-08-18 11:07:00,33.9,34.1,33.9,34.1,1802500,21.902149,0,2003.1,2000.0
2025-08-18 11:08:00,34.1,34.1,33.5,33.5,2077500,21.784987,0,2002.3,2000.0
2025-08-18 11:09:00,33.5,33.5,32.55,32.95,1809000,21.539213,0,2001.9,2000.0
2025-08-18 11:10:00,32.95,34.1,32.95,34.1,2084500,21.613059,0,2003.8,2000.0
2025-08-18 11:11:00,34.1,34.1,34.0,34.0,1812000,21.706123,0,2003.4,2000.0
2025-08-18 11:12:00,34.0,34.0,33.85,33.85,2086000,21.46942,0,2003.7,2000.0
2025-08-18 11:13:00,33.85,33.85,33.85,33.85,0,21.76191,0,2003.0,2000.0
2025-08-18 11:14:00,33.85,34.0,33.85,34.0,3899500,21.499743,0,2003.9,2000.0
2025-08-18 11:15:00,34.0,35.45,34.0,35.45,2500,21.612146,0,2006.2,2000.0
2025-08-18 11:16:00,35.45,35.45,34.85,34.9,3902500,21.923801,0,2004.5,2000.0
2025-08-18 11:17:00,34.9,35.2,34.9,35.2,7000,21.768476,0,2005.4,2000.0
2025-08-18 11:18:00,35.2,35.2,35.2,35.2,0,22.192566,0,2004.4,2000.0
2025-08-18 11:19:00,35.2,35.35,35.2,35.35,3915000,21.797632,0,2005.6,2000.0
2025-08-18 11:20:00,35.35,35.35,34.75,34.75,1500,21.518318,0,2005.2,2000.0
2025-08-18 11:21:00,34.75,35.0,34.75,35.0,3916500,21.918847,0,2004.7,2000.0
2025-08-18 11:22:00,35.0,35.0,35.0,35.0,0,21.665267,0,2005.3,2000.0
2025-08-18 11:23:00,35.0,36.1,35.0,36.1,3919500,21.806323,0,2006.9,2000.0
2025-08-18 11:24:00,36.1,36.1,35.7,35.7,1000,21.505811,0,2006.9,2000.0
2025-08-18 11:25:00,35.7,35.7,35.7,35.7,3922000,22.065925,0,2005.6,2000.0
2025-08-18 11:26:00,35.7,35.7,35.2,35.2,3000,21.390574,0,2006.3,2000.0
2025-08-18 11:27:00,35.2,35.2,35.05,35.05,3923000,21.018355,0,2006.9,2000.0
2025-08-18 11:28:00,35.05,35.05,35.05,35.05,0,20.975639,0,2007.0,2000.0
2025-08-18 11:29:00,35.05,36.15,35.05,36.15,3931500,21.979021,0,2006.6,2000.0
2025-08-18 11:30:00,36.15,36.15,36.0,36.0,500,21.953201,0,2006.4,2000.0
2025-08-18 11:31:00,36.0,36.1,35.0,35.0,3935500,22.054246,0,2004.4,2000.0
2025-08-18 11:32:00,35.0,35.0,34.2,34.2,4500,21.832682,0,2003.5,2000.0
2025-08-18 11:33:00,34.2,34.55,34.2,34.55,3936500,22.054021,0,2003.6,2000.0
2025-08-18 11:34:00,34.55,34.55,34.55,34.55,0,21.929492,0,2003.9,2000.0
2025-08-18 11:35:00,34.55,34.55,34.2,34.2,3946500,21.203343,0,2005.0,2000.0
2025-08-18 11:36:00,34.2,34.2,34.2,34.2,0,21.118972,0,2005.2,2000.0
2025-08-18 11:37:00,34.2,35.3,34.2,35.3,3947500,21.733241,0,2005.7,2000.0
2025-08-18 11:38:00,35.3,35.7,35.3,35.7,2500,22.120185,0,2005.5,2000.0
2025-08-18 11:39:00,35.7,36.0,35.7,36.0,3952000,22.133031,0,2006.0,2000.0
2025-08-18 11:40:00,36.0,36.0,35.9,35.9,4000,22.442094,0,2005.1,2000.0
2025-08-18 11:41:00,35.9,36.05,35.9,36.05,3954000,22.129579,0,2006.1,2000.0
2025-08-18 11:42:00,36.05,36.4,36.05,36.4,6500,22.221999,0,2006.5,2000.0
2025-08-18 11:43:00,36.4,36.4,36.4,36.4,3955000,21.526351,0,2008.1,2000.0
2025-08-18 11:44:00,36.4,36.6,36.4,36.6,20000,21.897593,0,2007.6,2000.0
2025-08-18 11:45:00,36.6,37.7,36.6,37.7,3957500,22.290904,0,2008.6,2000.0
2025-08-18 11:46:00,37.7,38.0,37.7,38.0,22000,22.342172,0,2009.0,2000.0
2025-08-18 11:47:00,38.0,38.25,38.0,38.25,3960000,22.927408,0,2008.1,2000.0
2025-08-18 11:48:00,38.25,38.25,37.35,37.35,25500,22.942433,0,2006.5,2000.0
2025-08-18 11:49:00,37.35,37.35,36.8,36.8,3964000,22.053046,0,2007.6,2000.0
2025-08-18 11:50:00,36.8,36.8,36.55,36.55,31000,22.169554,0,2006.9,2000.0
2025-08-18 11:51:00,36.55,37.0,36.55,37.0,3964500,22.030924,0,2008.0,2000.0
2025-08-18 11:52:00,37.0,37.05,37.0,37.05,36000,22.157145,0,2007.8,2000.0
2025-08-18 11:53:00,37.05,37.6,37.05,37.6,3970000,22.04569,0,2009.0,2000.0
2025-08-18 11:54:00,37.6,37.6,37.55,37.55,37500,22.405336,0,2008.1,2000.0
2025-08-18 11:55:00,37.55,37.55,37.55,37.55,0,22.537349,0,2007.8,2000.0
2025-08-18 11:56:00,37.55,37.55,37.3,37.3,4013500,21.642938,0,2009.4,2000.0
2025-08-18 11:57:00,37.3,37.3,37.3,37.3,0,22.219179,0,2008.1,2000.0
2025-08-18 11:58:00,37.3,37.3,37.3,37.3,4017500,22.698787,0,2007.0,2000.0
2025-08-18 11:59:00,37.3,37.3,36.45,36.45,6000,22.231911,0,2006.6,2000.0
2025-08-18 12:00:00,36.45,36.45,36.45,36.45,0,22.447716,0,2006.1,2000.0
2025-08-18 12:01:00,36.45,36.45,36.45,36.45,0,21.711919,0,2007.8,2000.0
2025-08-18 12:02:00,36.45,36.45,36.45,36.45,0,21.712807,0,2007.8,2000.0
2025-08-18 12:03:00,36.45,36.65,36.45,36.65,4025000,22.170024,0,2007.1,2000.0
2025-08-18 12:04:00,36.65,37.0,36.65,37.0,4000,22.304671,0,2007.4,2000.0
2025-08-18 12:05:00,37.0,37.0,37.0,37.0,0,22.262053,0,2007.5,2000.0
2025-08-18 12:06:00,37.0,37.0,36.0,36.0,4031500,22.28565,0,2005.7,2000.0
2025-08-18 12:07:00,36.0,36.0,35.9,35.9,2000,21.824573,0,2006.6,2000.0
2025-08-18 12:08:00,35.9,35.9,35.5,35.5,4035000,22.124431,0,2005.2,2000.0
2025-08-18 12:09:00,35.5,35.5,34.8,34.8,5000,22.315333,0,2003.5,2000.0
2025-08-18 12:10:00,34.8,34.8,34.5,34.5,4035500,21.882012,0,2004.0,2000.0
2025-08-18 12:11:00,34.5,34.85,34.5,34.85,7500,22.019496,0,2004.3,2000.0
2025-08-18 12:12:00,34.85,34.95,34.85,34.95,4036500,21.841933,0,2004.9,2000.0
2025-08-18 12:13:00,34.95,34.95,34.75,34.75,10000,22.239726,0,2003.6,2000.0
2025-08-18 12:14:00,34.75,34.75,34.5,34.5,4043500,21.885565,0,2004.0,2000.0
2025-08-18 12:15:00,34.5,35.4,34.35,35.4,19000,22.309667,0,2004.6,2000.0
2025-08-18 12:16:00,35.4,35.4,33.4,34.1,4053000,21.712951,0,2003.7,2000.0
2025-08-18 12:17:00,34.1,34.1,34.1,34.1,0,21.249676,0,2004.8,2000.0
2025-08-18 12:18:00,34.1,35.55,34.1,35.55,4076500,22.171015,0,2005.2,2000.0
2025-08-18 12:19:00,35.55,35.7,35.55,35.7,1000,22.157019,0,2005.5,2000.0
2025-08-18 12:20:00,35.7,35.7,35.7,35.7,4077500,22.157921,0,2005.5,2000.0
2025-08-18 12:21:00,35.7,36.4,35.7,36.4,2000,22.386284,0,2006.2,2000.0
2025-08-18 12:22:00,36.4,36.4,35.45,35.45,4079000,22.099405,0,2005.2,2000.0
2025-08-18 12:23:00,35.45,35.75,35.45,35.75,2500,22.155574,0,2005.6,2000.0
2025-08-18 12:24:00,35.75,35.75,35.75,35.75,0,22.284329,0,2005.3,2000.0
2025-08-18 12:25:00,35.75,35.75,35.65,35.65,4082000,21.910763,0,2006.0,2000.0
2025-08-18 12:26:00,35.65,35.65,35.65,35.65,0,22.168329,0,2005.4,2000.0
2025-08-18 12:27:00,35.65,35.65,35.65,35.65,0,22.508345,0,2004.6,2000.0
2025-08-18 12:28:00,35.65,35.65,34.9,34.9,4089000,22.15638,0,2004.1,2000.0
2025-08-18 12:29:00,34.9,34.9,34.9,34.9,0,22.408396,0,2003.5,2000.0
2025-08-18 12:30:00,34.9,34.9,33.65,33.65,4093000,21.969699,0,2002.3,2000.0
2025-08-18 12:31:00,33.65,33.65,32.9,32.9,4500,21.859834,0,2001.2,2000.0
2025-08-18 12:32:00,32.9,32.9,32.8,32.8,4096000,22.069993,0,2000.5,2000.0
2025-08-18 12:33:00,32.8,32.8,31.8,31.8,13000,21.885159,0,1999.1,2000.0
2025-08-18 12:34:00,31.8,31.8,31.5,31.65,4105500,21.534075,0,1999.7,2000.0
2025-08-18 12:35:00,31.65,32.3,31.65,32.2,23000,21.865813,0,1999.9,2000.0
2025-08-18 12:36:00,32.2,32.2,30.75,31.05,4121000,21.565787,0,1998.5,2000.0
2025-08-18 12:37:00,31.05,31.05,30.95,30.95,23500,21.531538,0,1998.4,2000.0
2025-08-18 12:38:00,30.95,31.65,30.95,31.65,4122500,22.015739,0,1998.5,2000.0
2025-08-18 12:39:00,31.65,31.65,31.2,31.2,25000,22.113342,0,1997.4,2000.0
2025-08-18 12:40:00,31.2,31.2,30.4,30.4,4123500,21.634064,0,1997.1,2000.0
2025-08-18 12:41:00,30.4,30.4,29.9,29.9,34000,21.456136,0,1996.6,2000.0
2025-08-18 12:42:00,29.9,29.9,29.9,29.9,0,21.027526,0,1997.7,2000.0
2025-08-18 12:43:00,29.9,31.2,29.9,31.2,4160000,21.285636,0,1999.5,2000.0
2025-08-18 12:44:00,31.2,32.8,31.2,32.8,4000,21.468664,0,2002.0,2000.0
2025-08-18 12:45:00,32.8,33.15,32.8,33.15,4167500,21.608201,0,2002.3,2000.0
2025-08-18 12:46:00,33.15,34.15,33.15,34.15,8000,21.777016,0,2003.7,2000.0
2025-08-18 12:47:00,34.15,36.05,34.15,36.05,4181500,21.712882,0,2007.2,2000.0
2025-08-18 12:48:00,36.05,36.85,36.05,36.85,14500,21.968755,0,2008.0,2000.0
2025-08-18 12:49:00,26.1,28.3,26.1,27.65,44500,21.690968,0,2010.9,2020.0
2025-08-18 12:50:00,27.65,27.75,27.05,27.75,2508500,21.547931,0,2011.5,2020.0
2025-08-18 12:51:00,38.0,38.5,37.9,37.9,4239000,21.879081,0,2010.0,2000.0
2025-08-18 12:52:00,37.9,38.55,36.8,37.55,28000,22.016635,0,2009.1,2000.0
2025-08-18 12:53:00,37.55,37.55,36.6,37.2,4242000,21.840811,0,2008.9,2000.0
2025-08-18 12:54:00,37.2,37.2,37.2,37.2,0,21.484016,0,2009.7,2000.0
2025-08-18 12:55:00,37.2,37.5,37.2,37.35,4277000,22.000827,0,2008.8,2000.0
2025-08-18 12:56:00,37.35,37.6,37.35,37.6,5500,21.745232,0,2009.8,2000.0
2025-08-18 12:57:00,37.6,37.6,37.1,37.1,4278000,21.723984,0,2009.0,2000.0
2025-08-18 12:58:00,37.1,37.1,37.0,37.0,6500,21.60433,0,2009.1,2000.0
2025-08-18 12:59:00,37.0,38.0,37.0,38.0,4288500,21.962405,0,2010.0,2000.0
2025-08-18 13:00:00,38.0,38.35,38.0,38.35,7000,22.229615,0,2010.0,2000.0
2025-08-18 13:01:00,27.75,28.5,27.75,28.5,33000,22.149465,0,2011.4,2020.0
2025-08-18 13:02:00,28.5,28.5,28.15,28.35,2617000,21.856546,0,2011.9,2020.0
2025-08-18 13:03:00,28.35,29.4,28.35,29.35,53000,21.820252,0,2014.0,2020.0
2025-08-18 13:04:00,29.35,29.7,29.2,29.2,2621000,21.971143,0,2013.3,2020.0
2025-08-18 13:05:00,29.2,29.2,29.05,29.15,56500,22.267966,0,2012.4,2020.0
2025-08-18 13:06:00,29.15,29.15,28.3,28.3,2623000,21.822993,0,2011.9,2020.0
2025-08-18 13:07:00,28.3,28.3,28.25,28.25,57000,21.750188,0,2012.0,2020.0
2025-08-18 13:08:00,28.25,28.4,28.25,28.4,2627500,21.641541,0,2012.6,2020.0
2025-08-18 13:09:00,28.4,28.4,27.95,27.95,58500,21.966902,0,2010.8,2020.0
2025-08-18 13:10:00,27.95,27.95,26.8,27.45,2718000,21.597044,0,2010.8,2020.0
2025-08-18 13:11:00,38.2,38.2,37.45,37.45,4000,21.554346,0,2010.0,2000.0
2025-08-18 13:12:00,37.45,37.45,37.45,37.45,0,21.780095,0,2009.5,2000.0
2025-08-18 13:13:00,37.45,37.55,37.45,37.55,4410000,21.63233,0,2010.0,2000.0
2025-08-18 13:14:00,37.55,37.7,37.55,37.55,5500,21.902704,0,2009.4,2000.0
2025-08-18 13:15:00,37.55,37.65,37.35,37.65,4418000,21.710313,0,2010.0,2000.0
2025-08-18 13:16:00,37.65,37.65,37.0,37.0,8000,21.754053,0,2008.8,2000.0
2025-08-18 13:17:00,37.0,37.0,36.9,36.9,4419500,21.678992,0,2008.8,2000.0
2025-08-18 13:18:00,36.9,36.9,36.9,36.9,9000,21.276807,0,2009.7,2000.0
2025-08-18 13:19:00,36.9,36.9,36.9,36.9,0,21.769621,0,2008.6,2000.0
2025-08-18 13:20:00,36.9,37.0,36.75,36.75,4432500,21.478529,0,2009.0,2000.0
2025-08-18 13:21:00,36.75,37.05,35.2,35.2,11500,21.404937,0,2006.5,2000.0
2025-08-18 13:22:00,35.2,35.5,35.2,35.5,4434000,21.632614,0,2006.5,2000.0
2025-08-18 13:23:00,35.5,35.5,35.3,35.3,13000,21.698476,0,2006.0,2000.0
2025-08-18 13:24:00,35.3,35.3,35.0,35.0,4437000,21.429628,0,2006.1,2000.0
2025-08-18 13:25:00,35.0,35.0,34.85,34.85,16000,21.87416,0,2004.8,2000.0
2025-08-18 13:26:00,34.85,34.85,34.85,34.85,0,21.404392,0,2005.9,2000.0
2025-08-18 13:27:00,34.85,35.0,34.85,35.0,4455000,21.861355,0,2005.1,2000.0
2025-08-18 13:28:00,35.0,35.0,34.05,34.05,1500,21.655009,0,2003.9,2000.0
2025-08-18 13:29:00,34.05,34.15,34.05,34.15,4461500,21.857136,0,2003.6,2000.0
2025-08-18 13:30:00,34.15,34.5,34.15,34.15,8000,21.941754,0,2003.4,2000.0
2025-08-18 13:31:00,34.15,34.15,33.15,33.15,4463500,21.44126,0,2002.8,2000.0
2025-08-18 13:32:00,33.15,33.25,33.15,33.25,9000,21.848441,0,2002.0,2000.0
2025-08-18 13:33:00,33.25,33.25,32.95,32.95,4464500,21.829601,0,2001.5,2000.0
2025-08-18 13:34:00,32.95,32.95,32.55,32.55,19000,21.530383,0,2001.5,2000.0
2025-08-18 13:35:00,32.55,32.55,32.55,32.55,0,21.654054,0,2001.2,2000.0
2025-08-18 13:36:00,32.55,32.65,32.55,32.55,4488000,21.326454,0,2002.0,2000.0
2025-08-18 13:37:00,32.55,32.85,32.55,32.85,7500,21.799074,0,2001.4,2000.0
2025-08-18 13:38:00,32.85,32.85,32.85,32.85,0,21.305097,0,2002.6,2000.0
2025-08-18 13:39:00,32.85,33.0,32.5,33.0,4511500,21.460204,0,2002.5,2000.0
2025-08-18 13:40:00,33.0,33.0,32.5,32.5,2000,20.876936,0,2003.0,2000.0
2025-08-18 13:41:00,32.5,33.0,32.5,33.0,4522500,21.086399,0,2003.4,2000.0
2025-08-18 13:42:00,33.0,33.0,33.0,33.0,0,21.296458,0,2002.9,2000.0
2025-08-18 13:43:00,33.0,33.0,33.0,33.0,4527000,21.629242,0,2002.1,2000.0
2025-08-18 13:44:00,33.0,33.0,33.0,33.0,500,21.339881,0,2002.8,2000.0
2025-08-18 13:45:00,33.0,33.0,33.0,33.0,4528000,21.465464,0,2002.5,2000.0
2025-08-18 13:46:00,33.0,33.0,32.85,32.9,2000,21.182995,0,2003.0,2000.0
2025-08-18 13:47:00,32.9,32.9,32.0,32.0,4538000,21.292792,0,2001.1,2000.0
2025-08-18 13:48:00,32.0,32.25,32.0,32.25,2500,21.358485,0,2001.4,2000.0
2025-08-18 13:49:00,32.25,32.25,32.25,32.25,0,21.194937,0,2001.8,2000.0
2025-08-18 13:50:00,32.25,32.6,32.25,32.4,4543500,21.636374,0,2001.0,2000.0
2025-08-18 13:51:00,32.4,32.4,32.4,32.4,0,21.268114,0,2001.9,2000.0
2025-08-18 13:52:00,32.4,32.5,32.4,32.5,4544000,21.549645,0,2001.4,2000.0
2025-08-18 13:53:00,32.5,32.5,32.5,32.5,0,21.673242,0,2001.1,2000.0
2025-08-18 13:54:00,32.5,32.5,32.25,32.25,4546000,21.486508,0,2001.1,2000.0
2025-08-18 13:55:00,32.25,32.3,32.25,32.3,1500,21.728543,0,2000.6,2000.0
2025-08-18 13:56:00,32.3,32.3,32.0,32.0,4546500,21.666506,0,2000.2,2000.0
2025-08-18 13:57:00,32.0,32.0,32.0,32.0,0,21.626928,0,2000.3,2000.0
2025-08-18 13:58:00,32.0,32.1,31.8,32.1,4551000,21.743257,0,2000.2,2000.0
2025-08-18 13:59:00,32.1,32.1,31.45,31.45,6000,21.175603,0,2000.4,2000.0
2025-08-18 14:00:00,31.45,31.45,31.25,31.25,4552500,21.907809,0,1998.2,2000.0
2025-08-18 14:01:00,31.25,31.4,31.25,31.4,11500,21.301756,0,2000.0,2000.0
2025-08-18 14:02:00,31.4,31.4,31.2,31.2,4553500,21.152631,0,2000.0,2000.0
2025-08-18 14:03:00,31.2,31.2,31.2,31.2,0,21.153493,0,2000.0,2000.0
2025-08-18 14:04:00,31.2,31.8,31.2,31.8,4567000,21.523536,0,2000.2,2000.0
2025-08-18 14:05:00,31.8,32.4,31.8,32.4,1000,22.014844,0,2000.1,2000.0
2025-08-18 14:06:00,32.4,32.4,32.0,32.0,4570000,21.594327,0,2000.4,2000.0
2025-08-18 14:07:00,32.0,32.5,32.0,32.5,1500,21.480728,0,2001.6,2000.0
2025-08-18 14:08:00,32.5,32.55,32.5,32.55,4571500,21.764836,0,2001.0,2000.0
2025-08-18 14:09:00,32.55,32.55,32.1,32.1,2000,21.59082,0,2000.6,2000.0
2025-08-18 14:10:00,32.1,32.1,30.6,30.6,4588500,21.1913,0,1998.8,2000.0
2025-08-18 14:11:00,30.6,30.8,30.6,30.8,3500,21.222279,0,1999.1,2000.0
2025-08-18 14:12:00,30.8,31.05,30.8,31.05,4590000,21.370555,0,1999.2,2000.0
2025-08-18 14:13:00,31.05,31.05,31.05,31.05,0,20.806129,0,2000.6,2000.0
2025-08-18 14:14:00,31.05,32.1,31.05,32.1,4595500,21.3095,0,2001.3,2000.0
2025-08-18 14:15:00,32.1,32.1,32.1,32.1,3500,21.187152,0,2001.6,2000.0
2025-08-18 14:16:00,32.1,32.4,32.1,32.4,4596000,21.37233,0,2001.7,2000.0
2025-08-18 14:17:00,32.4,32.4,31.9,31.9,7000,21.120808,0,2001.4,2000.0
2025-08-18 14:18:00,31.9,32.05,31.9,32.05,4596500,21.234389,0,2001.4,2000.0
2025-08-18 14:19:00,32.05,32.05,31.2,31.2,9000,21.20771,0,1999.9,2000.0
2025-08-18 14:20:00,31.2,31.5,31.2,31.5,4598000,20.9049,0,2001.2,2000.0
2025-08-18 14:21:00,31.5,31.55,31.5,31.55,14000,20.82008,0,2001.5,2000.0
2025-08-18 14:22:00,31.55,31.55,31.3,31.3,4601500,21.001556,0,2000.6,2000.0
2025-08-18 14:23:00,31.3,31.35,31.3,31.35,32500,21.039965,0,2000.6,2000.0
2025-08-18 14:24:00,31.35,31.35,31.35,31.35,4603500,21.122157,0,2000.4,2000.0
2025-08-18 14:25:00,31.35,31.35,31.0,31.3,34500,20.963389,0,2000.7,2000.0
2025-08-18 14:26:00,31.3,31.3,31.3,31.3,0,21.045694,0,2000.5,2000.0
2025-08-18 14:27:00,31.3,31.4,31.3,31.4,4639000,21.283912,0,2000.1,2000.0
2025-08-18 14:28:00,31.4,31.4,31.0,31.4,13000,20.713283,0,2001.5,2000.0
2025-08-18 14:29:00,31.4,31.4,31.4,31.4,0,20.299511,0,2002.5,2000.0
2025-08-18 14:30:00,31.4,32.4,31.4,32.4,4654500,20.886466,0,2002.9,2000.0
2025-08-18 14:31:00,32.4,33.5,32.4,33.4,11500,21.136039,0,2004.1,2000.0
2025-08-18 14:32:00,33.4,33.4,33.05,33.05,4655000,21.252304,0,2003.2,2000.0
2025-08-18 14:33:00,33.05,33.05,33.05,33.05,0,21.042873,0,2003.7,2000.0
2025-08-18 14:34:00,33.05,33.05,33.05,33.05,0,21.546166,0,2002.5,2000.0
2025-08-18 14:35:00,33.05,33.05,33.05,33.05,0,21.754115,0,2002.0,2000.0
2025-08-18 14:36:00,33.05,33.05,33.05,33.05,0,21.919733,0,2001.6,2000.0
2025-08-18 14:37:00,33.05,33.05,33.05,33.05,0,22.08456,0,2001.2,2000.0
2025-08-18 14:38:00,33.05,33.05,31.8,31.8,4668000,20.774769,0,2002.1,2000.0
2025-08-18 14:39:00,31.8,31.8,31.8,31.8,0,20.817078,0,2002.0,2000.0
2025-08-18 14:40:00,31.8,32.3,31.8,32.3,4670000,21.069891,0,2002.3,2000.0
2025-08-18 14:41:00,32.3,32.3,32.3,32.3,0,21.070757,0,2002.3,2000.0
2025-08-18 14:42:00,32.3,32.3,32.1,32.1,4671000,21.292872,0,2001.4,2000.0
2025-08-18 14:43:00,32.1,32.1,32.1,32.1,0,21.252638,0,2001.5,2000.0
2025-08-18 14:44:00,32.1,32.1,32.1,32.1,0,21.824413,0,2000.1,2000.0
2025-08-18 14:45:00,32.1,32.1,32.1,32.1,0,21.622519,0,2000.6,2000.0
2025-08-18 14:46:00,32.1,32.1,30.35,30.8,4678000,20.768561,0,2000.3,2000.0
2025-08-18 14:47:00,30.8,30.9,30.8,30.9,1000,21.328504,0,1999.1,2000.0
2025-08-18 14:48:00,30.9,30.9,30.9,30.9,4678500,21.289312,0,1999.2,2000.0
2025-08-18 14:49:00,30.9,30.9,30.9,30.9,0,21.008382,0,1999.9,2000.0
2025-08-18 14:50:00,30.9,30.9,30.9,30.9,0,20.968788,0,2000.0,2000.0
2025-08-18 14:51:00,30.9,30.9,30.9,30.9,0,21.010104,0,1999.9,2000.0
2025-08-18 14:52:00,30.9,30.9,30.7,30.75,4683000,21.220249,0,1999.1,2000.0
2025-08-18 14:53:00,30.75,30.75,30.6,30.6,3500,20.705435,0,2000.1,2000.0
2025-08-18 14:54:00,30.6,30.75,30.6,30.75,4686500,20.737808,0,2000.3,2000.0
2025-08-18 14:55:00,30.75,30.75,30.4,30.4,10500,20.839619,0,1999.4,2000.0
2025-08-18 14:56:00,30.4,31.05,30.4,31.05,4693000,21.086653,0,2000.0,2000.0
2025-08-18 14:57:00,31.05,31.05,30.55,30.6,15000,20.789861,0,1999.9,2000.0
2025-08-18 14:58:00,30.6,30.9,30.6,30.9,4696500,21.016131,0,1999.9,2000.0
2025-08-18 14:59:00,30.9,30.9,30.7,30.7,19000,20.7857,0,2000.1,2000.0
2025-08-18 15:00:00,30.7,30.7,29.55,29.55,4719500,21.119012,0,1997.1,2000.0
2025-08-18 15:01:00,29.55,29.55,29.35,29.35,43000,21.204178,0,1996.5,2000.0
2025-08-18 15:02:00,29.35,29.5,29.2,29.2,4726000,21.053569,0,1996.6,2000.0
2025-08-18 15:03:00,29.2,29.2,28.45,28.45,48000,20.608546,0,1996.3,2000.0
2025-08-18 15:04:00,28.45,28.85,28.45,28.85,4728000,20.987065,0,1996.1,2000.0
2025-08-18 15:05:00,28.85,28.85,28.25,28.25,57500,20.499024,0,1996.2,2000.0
2025-08-18 15:06:00,28.25,28.7,28.25,28.4,4730000,20.534683,0,1996.4,2000.0
2025-08-18 15:07:00,28.4,28.4,28.25,28.25,62500,20.500701,0,1996.2,2000.0
2025-08-18 15:08:00,28.25,28.45,28.25,28.25,4733000,20.695063,0,1995.7,2000.0
2025-08-18 15:09:00,28.25,28.25,26.85,26.85,138500,20.370955,0,1993.8,2000.0
2025-08-18 15:10:00,26.85,26.95,26.0,26.0,4745000,20.406696,0,1992.0,2000.0
2025-08-18 15:11:00,26.0,26.65,26.0,26.65,144500,21.043831,0,1991.6,2000.0
2025-08-18 15:12:00,26.65,26.65,25.9,25.9,4760500,20.591428,0,1991.3,2000.0
2025-08-18 15:13:00,25.9,26.0,25.7,25.7,155000,20.843861,0,1990.2,2000.0
2025-08-18 15:14:00,25.7,25.7,25.65,25.65,4770000,20.624915,0,1990.7,2000.0
2025-08-18 15:15:00,25.65,27.35,25.65,27.2,165000,20.714169,0,1993.6,2000.0
2025-08-18 15:16:00,27.2,27.45,27.1,27.3,4777000,21.239844,0,1992.4,2000.0
2025-08-18 15:17:00,27.3,27.95,27.3,27.95,176500,21.203383,0,1993.8,2000.0
2025-08-18 15:18:00,27.95,28.4,27.95,28.4,4790500,22.216888,0,1992.0,2000.0
2025-08-18 15:19:00,28.4,28.4,27.2,27.4,185500,21.57745,0,1991.7,2000.0
2025-08-18 15:20:00,27.4,27.4,26.3,27.4,4798500,21.169069,0,1992.8,2000.0
2025-08-18 15:21:00,27.4,28.25,27.4,28.25,191500,21.469873,0,1993.7,2000.0
2025-08-18 15:22:00,28.25,28.25,27.65,27.65,4803500,21.24614,0,1993.1,2000.0
2025-08-18 15:23:00,27.65,27.8,27.65,27.8,193000,21.133704,0,1993.7,2000.0
2025-08-18 15:24:00,27.8,27.8,27.8,27.8,4806000,21.435543,0,1992.9,2000.0
2025-08-18 15:25:00,27.8,27.8,27.45,27.45,200000,21.322998,0,1992.5,2000.0
2025-08-18 15:26:00,27.45,27.65,27.45,27.65,4810000,20.98583,0,1993.8,2000.0
2025-08-18 15:27:00,27.65,28.25,27.65,28.25,218500,21.171456,0,1994.5,2000.0
2025-08-18 15:28:00,28.25,28.65,28.25,28.55,4812500,21.129735,0,1995.2,2000.0
2025-08-18 15:29:00,28.55,29.0,28.55,29.0,230000,21.545184,0,1995.0,2000.0
2025-08-19 09:15:00,38.45,38.45,38.45,38.45,0,25.171466,0,1986.9,1980.0
2025-08-19 09:16:00,32.95,32.95,30.85,30.85,3000,18.741214,0,1987.7,1980.0
2025-08-19 09:17:00,30.85,32.95,30.85,31.45,13000,20.243341,0,1985.5,1980.0
2025-08-19 09:18:00,31.45,32.15,31.45,32.15,16500,21.695273,0,1983.5,1980.0
2025-08-19 09:19:00,32.15,32.15,29.45,29.55,37000,20.208631,0,1982.2,1980.0
2025-08-19 09:20:00,29.55,29.55,27.45,27.55,27500,18.758026,0,1981.9,1980.0
2025-08-19 09:21:00,27.55,29.75,27.55,29.75,52500,20.105766,0,1982.8,1980.0
2025-08-19 09:22:00,29.75,30.7,29.75,30.7,30000,19.4211,0,1986.0,1980.0
2025-08-19 09:23:00,30.7,30.7,30.6,30.6,54000,19.571753,0,1985.5,1980.0
2025-08-19 09:24:00,30.6,30.65,30.6,30.65,36500,19.336815,0,1986.1,1980.0
2025-08-19 09:25:00,30.65,30.65,30.0,30.0,54500,19.685261,0,1984.2,1980.0
2025-08-19 09:26:00,30.0,30.0,28.15,28.15,44500,19.455572,0,1981.4,1980.0
2025-08-19 09:27:00,28.15,28.15,27.9,27.9,63500,19.215338,0,1981.5,1980.0
2025-08-19 09:28:00,27.9,28.25,27.6,27.6,66000,19.49611,0,1980.3,1980.0
2025-08-19 09:29:00,27.6,28.55,27.6,28.55,85500,19.161977,0,1982.8,1980.0
2025-08-19 09:30:00,28.55,28.6,28.1,28.1,71500,19.419518,0,1981.4,1980.0
2025-08-19 09:31:00,28.1,28.1,28.0,28.0,101500,19.210893,0,1981.7,1980.0
2025-08-19 09:32:00,28.0,28.4,28.0,28.4,73500,19.87433,0,1980.9,1980.0
2025-08-19 09:33:00,28.4,28.4,27.0,27.0,105000,18.113234,0,1982.4,1980.0
2025-08-19 09:34:00,27.0,28.3,27.0,28.3,75000,19.012287,0,1982.7,1980.0
2025-08-19 09:35:00,28.3,28.3,27.55,27.55,106000,19.548077,0,1980.1,1980.0
2025-08-19 09:36:00,27.55,27.55,27.5,27.5,76500,19.338477,0,1980.5,1980.0
2025-08-19 09:37:00,27.5,27.5,27.35,27.35,117000,19.263681,0,1980.4,1980.0
2025-08-19 09:38:00,27.35,27.45,27.35,27.45,90000,19.471723,0,1980.1,1980.0
2025-08-19 09:39:00,27.45,27.45,27.0,27.0,120500,19.244941,0,1979.8,1980.0
2025-08-19 09:40:00,27.0,27.1,26.55,27.1,92000,19.494235,0,1979.4,1980.0
2025-08-19 09:41:00,27.1,27.1,27.05,27.05,122000,19.916975,0,1978.3,1980.0
2025-08-19 09:42:00,27.05,27.05,26.55,26.55,95500,20.101476,0,1976.9,1980.0
2025-08-19 09:43:00,26.55,26.55,26.1,26.45,131000,19.735878,0,1977.6,1980.0
2025-08-19 09:44:00,26.45,26.6,26.45,26.6,99500,19.647945,0,1978.1,1980.0
2025-08-19 09:45:00,26.6,26.6,26.3,26.3,132500,19.866149,0,1977.0,1980.0
2025-08-19 09:46:00,26.3,26.95,26.3,26.95,100500,19.549654,0,1979.0,1980.0
2025-08-19 09:47:00,26.95,26.95,26.6,26.6,137000,19.608984,0,1978.2,1980.0
2025-08-19 09:48:00,26.6,26.6,26.15,26.35,106000,19.661409,0,1977.6,1980.0
2025-08-19 09:49:00,26.35,26.35,25.55,25.55,142000,19.278422,0,1977.0,1980.0
2025-08-19 09:50:00,25.55,26.45,25.55,26.45,114500,19.032006,0,1979.3,1980.0
2025-08-19 09:51:00,26.45,26.45,26.3,26.3,147000,19.040967,0,1979.0,1980.0
2025-08-19 09:52:00,26.3,26.3,26.3,26.3,0,18.617852,0,1980.0,1980.0
2025-08-19 09:53:00,26.3,26.3,26.0,26.0,267000,19.595637,0,1977.1,1980.0
2025-08-19 09:54:00,26.0,26.0,25.45,25.45,5500,18.791055,0,1978.0,1980.0
2025-08-19 09:55:00,25.45,26.0,25.45,26.0,268000,19.350141,0,1977.7,1980.0
2025-08-19 09:56:00,26.0,26.0,25.85,25.85,6500,18.941667,0,1978.4,1980.0
2025-08-19 09:57:00,25.85,26.65,25.85,26.65,271500,19.238147,0,1979.2,1980.0
2025-08-19 09:58:00,26.65,27.05,26.65,27.05,7500,19.596988,0,1979.1,1980.0
2025-08-19 09:59:00,27.05,27.3,27.05,27.3,272500,19.028069,0,1980.9,1980.0
2025-08-19 10:00:00,27.3,27.3,26.15,26.15,11500,18.930207,0,1979.0,1980.0
2025-08-19 10:01:00,26.15,26.25,26.15,26.25,274000,19.552537,0,1977.7,1980.0
2025-08-19 10:02:00,26.25,26.25,25.45,25.45,15000,19.333509,0,1976.7,1980.0
2025-08-19 10:03:00,25.45,26.25,25.45,26.25,277500,19.719321,0,1977.3,1980.0
2025-08-19 10:04:00,26.25,26.4,26.25,26.4,15500,19.465983,0,1978.2,1980.0
2025-08-19 10:05:00,26.4,26.4,26.2,26.4,280500,19.798219,0,1977.4,1980.0
2025-08-19 10:06:00,26.4,26.4,26.15,26.15,16500,19.353602,0,1978.0,1980.0
2025-08-19 10:07:00,26.15,26.6,26.15,26.5,281500,19.630679,0,1978.0,1980.0
2025-08-19 10:08:00,26.5,26.5,26.4,26.4,18000,19.30242,0,1978.6,1980.0
2025-08-19 10:09:00,26.4,26.4,26.4,26.4,0,19.008733,0,1979.3,1980.0
2025-08-19 10:10:00,26.4,26.4,26.4,26.4,0,19.009586,0,1979.3,1980.0
2025-08-19 10:11:00,26.4,26.4,26.4,26.4,303000,19.221139,0,1978.8,1980.0
2025-08-19 10:12:00,26.4,26.4,26.4,26.4,0,19.179977,0,1978.9,1980.0
2025-08-19 10:13:00,26.4,26.8,26.4,26.8,305500,19.243578,0,1979.5,1980.0
2025-08-19 10:14:00,26.8,26.8,26.25,26.25,2500,19.231002,0,1978.5,1980.0
2025-08-19 10:15:00,26.25,26.25,26.0,26.0,307000,20.022896,0,1976.1,1980.0
2025-08-19 10:16:00,26.0,26.0,24.15,24.15,11500,19.404716,0,1974.0,1980.0
2025-08-19 10:17:00,24.15,24.6,24.15,24.6,313000,19.681637,0,1974.2,1980.0
2025-08-19 10:18:00,24.6,24.65,24.6,24.65,12500,19.483388,0,1974.8,1980.0
2025-08-19 10:19:00,24.65,24.7,24.65,24.7,313500,19.483773,0,1974.9,1980.0
2025-08-19 10:20:00,24.7,24.7,24.7,24.7,13500,19.324401,0,1975.3,1980.0
2025-08-19 10:21:00,24.7,24.95,24.7,24.85,318000,19.403443,0,1975.4,1980.0
2025-08-19 10:22:00,24.85,24.85,24.6,24.6,15000,18.96483,0,1976.0,1980.0
2025-08-19 10:23:00,24.6,25.1,24.4,24.4,322000,18.888779,0,1975.8,1980.0
2025-08-19 10:24:00,24.4,24.4,24.4,24.4,0,19.251301,0,1974.9,1980.0
2025-08-19 10:25:00,24.4,25.0,24.4,25.0,338500,19.364002,0,1975.8,1980.0
2025-08-19 10:26:00,25.0,25.0,24.85,24.85,6500,19.043721,0,1976.3,1980.0
2025-08-19 10:27:00,24.85,24.85,24.85,24.85,339000,19.166383,0,1976.0,1980.0
2025-08-19 10:28:00,24.85,25.0,24.85,24.85,8000,19.207738,0,1975.9,1980.0
2025-08-19 10:29:00,24.85,25.0,24.85,25.0,343500,19.286492,0,1976.0,1980.0
2025-08-19 10:30:00,25.0,25.0,24.9,24.9,8500,19.531012,0,1975.2,1980.0
2025-08-19 10:31:00,24.9,24.95,24.8,24.95,346500,19.24874,0,1976.0,1980.0
2025-08-19 10:32:00,24.95,25.3,24.95,25.3,11500,19.281786,0,1976.6,1980.0
2025-08-19 10:33:00,25.3,25.55,25.3,25.55,348500,19.39824,0,1976.8,1980.0
2025-08-19 10:34:00,25.55,25.55,25.55,25.55,0,19.069799,0,1977.6,1980.0
2025-08-19 10:35:00,25.55,25.55,25.55,25.55,0,19.112008,0,1977.5,1980.0
2025-08-19 10:36:00,25.55,25.55,25.25,25.25,361000,19.327334,0,1976.4,1980.0
2025-08-19 10:37:00,25.25,26.05,25.1,26.05,9500,18.882635,0,1979.0,1980.0
2025-08-19 10:38:00,26.05,26.05,26.05,26.05,0,19.343826,0,1977.9,1980.0
2025-08-19 10:39:00,26.05,27.6,26.05,27.6,376000,19.21362,0,1981.1,1980.0
2025-08-19 10:40:00,27.6,28.1,27.6,28.1,5000,19.697141,0,1980.9,1980.0
2025-08-19 10:41:00,28.1,28.1,27.95,28.05,392500,20.001604,0,1980.1,1980.0
2025-08-19 10:42:00,28.05,28.05,27.0,27.0,10500,20.056382,0,1978.0,1980.0
2025-08-19 10:43:00,27.0,27.0,26.0,26.0,394500,19.225442,0,1978.1,1980.0
2025-08-19 10:44:00,26.0,26.6,26.0,26.3,14000,18.959554,0,1979.3,1980.0
2025-08-19 10:45:00,26.3,26.3,25.95,26.05,399500,19.308308,0,1978.0,1980.0
2025-08-19 10:46:00,26.05,26.35,25.9,26.35,26000,19.629328,0,1977.8,1980.0
2025-08-19 10:47:00,26.35,26.35,25.0,25.0,402000,18.975864,0,1976.8,1980.0
2025-08-19 10:48:00,25.0,25.0,25.0,25.0,0,18.564158,0,1977.8,1980.0
2025-08-19 10:49:00,25.0,25.0,25.0,25.0,0,19.586298,0,1975.3,1980.0
2025-08-19 10:50:00,25.0,25.0,25.0,25.0,0,19.141898,0,1976.4,1980.0
2025-08-19 10:51:00,25.0,25.0,25.0,25.0,0,19.264812,0,1976.1,1980.0
2025-08-19 10:52:00,25.0,25.1,25.0,25.1,440000,19.788302,0,1975.0,1980.0
2025-08-19 10:53:00,25.1,25.25,25.1,25.25,2000,19.907695,0,1975.0,1980.0
2025-08-19 10:54:00,25.25,25.25,24.05,24.05,445000,19.790596,0,1972.9,1980.0
2025-08-19 10:55:00,24.05,24.05,23.85,23.85,8000,20.060009,0,1971.8,1980.0
2025-08-19 10:56:00,23.85,23.85,23.75,23.75,448500,20.517419,0,1970.4,1980.0
2025-08-19 10:57:00,23.75,23.9,23.75,23.9,18000,19.985476,0,1972.1,1980.0
2025-08-19 10:58:00,23.9,24.65,23.9,24.65,452500,19.954632,0,1973.7,1980.0
2025-08-19 10:59:00,24.65,24.65,23.7,23.7,22500,19.944749,0,1971.8,1980.0
2025-08-19 11:00:00,35.1,35.1,33.4,33.4,22500,20.497987,0,1969.0,1960.0
2025-08-19 11:01:00,22.6,22.6,22.4,22.4,32000,19.223112,0,1971.0,1980.0
2025-08-19 11:02:00,22.4,22.4,22.4,22.4,0,19.185838,0,1971.1,1980.0
2025-08-19 11:03:00,22.4,23.5,22.4,23.5,500000,19.557832,0,1972.4,1980.0
2025-08-19 11:04:00,23.5,24.0,23.5,24.0,1000,20.417486,0,1971.2,1980.0
2025-08-19 11:05:00,24.0,24.05,24.0,24.0,506000,20.303186,0,1971.5,1980.0
2025-08-19 11:06:00,24.0,24.0,23.75,23.85,2500,20.146761,0,1971.6,1980.0
2025-08-19 11:07:00,23.85,24.15,23.85,24.1,510000,19.958509,0,1972.6,1980.0
2025-08-19 11:08:00,24.1,24.25,24.1,24.25,3500,19.725836,0,1973.5,1980.0
2025-08-19 11:09:00,24.25,24.4,24.25,24.4,510500,19.409673,0,1974.6,1980.0
2025-08-19 11:10:00,24.4,25.0,24.4,24.8,9000,18.714019,0,1977.1,1980.0
2025-08-19 11:11:00,24.8,25.3,24.8,25.3,515500,20.003154,0,1974.9,1980.0
2025-08-19 11:12:00,25.3,25.3,24.7,25.0,11500,19.966401,0,1974.4,1980.0
2025-08-19 11:13:00,25.0,25.2,25.0,25.2,517500,19.684747,0,1975.5,1980.0
2025-08-19 11:14:00,25.2,25.35,25.2,25.35,13500,19.80422,0,1975.5,1980.0
2025-08-19 11:15:00,25.35,25.35,24.1,24.1,532000,20.120972,0,1972.2,1980.0
2025-08-19 11:16:00,24.1,24.1,23.95,23.95,17500,20.157756,0,1971.8,1980.0
2025-08-19 11:17:00,23.95,23.95,23.7,23.7,533000,19.767134,0,1972.3,1980.0
2025-08-19 11:18:00,23.7,23.8,23.7,23.8,28500,20.00206,0,1971.9,1980.0
2025-08-19 11:19:00,23.8,23.8,23.15,23.15,544500,19.641835,0,1971.5,1980.0
2025-08-19 11:20:00,23.15,23.9,23.0,23.0,43000,20.057229,0,1970.1,1980.0
2025-08-19 11:21:00,23.0,23.0,23.0,23.0,0,19.409267,0,1971.8,1980.0
2025-08-19 11:22:00,23.0,23.35,23.0,23.35,593500,19.956371,0,1971.1,1980.0
2025-08-19 11:23:00,23.35,23.65,23.35,23.65,3000,20.195208,0,1971.1,1980.0
2025-08-19 11:24:00,23.65,23.95,23.65,23.95,595000,19.77668,0,1972.8,1980.0
2025-08-19 11:25:00,23.95,24.2,23.95,23.95,5500,19.777554,0,1972.8,1980.0
2025-08-19 11:26:00,23.95,24.1,23.95,24.1,597000,20.169473,0,1972.1,1980.0
2025-08-19 11:27:00,24.1,24.1,24.0,24.0,8000,20.245725,0,1971.7,1980.0
2025-08-19 11:28:00,24.0,24.0,24.0,24.0,0,20.438951,0,1971.2,1980.0
2025-08-19 11:29:00,24.0,24.0,24.0,24.0,608500,20.208911,0,1971.8,1980.0
2025-08-19 11:30:00,24.0,24.9,24.0,24.9,2000,20.573467,0,1972.7,1980.0
2025-08-19 11:31:00,24.9,24.9,24.35,24.35,610000,20.25556,0,1972.4,1980.0
2025-08-19 11:32:00,24.35,24.35,24.05,24.05,3500,19.901913,0,1972.7,1980.0
2025-08-19 11:33:00,24.05,24.2,23.8,23.8,613500,20.246382,0,1971.3,1980.0
2025-08-19 11:34:00,23.8,23.8,23.8,23.8,0,20.016148,0,1971.9,1980.0
2025-08-19 11:35:00,23.8,24.0,23.8,24.0,619000,20.020612,0,1972.3,1980.0
2025-08-19 11:36:00,24.0,24.2,24.0,24.2,2000,20.024274,0,1972.7,1980.0
2025-08-19 11:37:00,24.2,24.25,24.2,24.25,620500,20.064775,0,1972.7,1980.0
2025-08-19 11:38:00,24.25,24.3,24.25,24.3,3000,20.027133,0,1972.9,1980.0
2025-08-19 11:39:00,24.3,24.3,24.3,24.3,0,19.871191,0,1973.3,1980.0
2025-08-19 11:40:00,24.3,24.3,24.0,24.0,625000,19.908312,0,1972.6,1980.0
2025-08-19 11:41:00,24.0,24.2,24.0,24.2,500,20.223285,0,1972.2,1980.0
2025-08-19 11:42:00,24.2,24.6,24.2,24.6,627000,19.953848,0,1973.7,1980.0
2025-08-19 11:43:00,24.6,24.6,24.55,24.55,1000,20.072749,0,1973.3,1980.0
2025-08-19 11:44:00,24.55,24.55,24.55,24.55,0,19.994916,0,1973.5,1980.0
2025-08-19 11:45:00,24.55,24.55,24.35,24.35,629000,19.837373,0,1973.5,1980.0
2025-08-19 11:46:00,24.35,24.65,24.35,24.65,1500,19.719332,0,1974.4,1980.0
2025-08-19 11:47:00,24.65,24.65,24.55,24.55,630500,19.997568,0,1973.5,1980.0
2025-08-19 11:48:00,24.55,24.55,24.55,24.55,0,19.80083,0,1974.0,1980.0
2025-08-19 11:49:00,24.55,24.55,24.35,24.35,633500,20.037332,0,1973.0,1980.0
2025-08-19 11:50:00,35.0,35.0,33.4,33.4,3500,20.056981,0,1970.0,1960.0
2025-08-19 11:51:00,33.4,33.5,33.4,33.4,319000,20.057903,0,1970.0,1960.0
2025-08-19 11:52:00,33.4,33.6,33.4,33.6,5500,20.222747,0,1970.0,1960.0
2025-08-19 11:53:00,33.6,33.6,33.4,33.4,327000,20.547493,0,1969.0,1960.0
2025-08-19 11:54:00,23.1,23.7,23.1,23.7,11000,20.300733,0,1971.0,1980.0
2025-08-19 11:55:00,23.7,23.7,23.5,23.5,650500,20.257421,0,1970.7,1980.0
2025-08-19 11:56:00,23.5,24.0,23.5,24.0,11500,20.232923,0,1971.8,1980.0
2025-08-19 11:57:00,24.0,24.0,23.5,23.5,652500,20.449484,0,1970.2,1980.0
2025-08-19 11:58:00,23.5,23.5,23.5,23.5,12000,20.030422,0,1971.3,1980.0
2025-08-19 11:59:00,23.5,23.85,23.5,23.85,653500,20.347638,0,1971.2,1980.0
2025-08-19 12:00:00,23.85,23.85,23.8,23.8,12500,20.38552,0,1971.0,1980.0
2025-08-19 12:01:00,23.8,24.2,23.8,24.2,655500,19.85057,0,1973.2,1980.0
2025-08-19 12:02:00,24.2,24.2,24.2,24.2,18000,20.203135,0,1972.3,1980.0
2025-08-19 12:03:00,24.2,24.3,24.2,24.3,657000,20.361055,0,1972.1,1980.0
2025-08-19 12:04:00,24.3,24.3,24.3,24.3,0,20.128353,0,1972.7,1980.0
2025-08-19 12:05:00,24.3,24.3,23.7,23.7,686000,19.925442,0,1972.0,1980.0
2025-08-19 12:06:00,23.7,23.7,23.7,23.7,0,19.654209,0,1972.7,1980.0
2025-08-19 12:07:00,23.7,24.2,23.7,24.0,688500,19.932077,0,1972.6,1980.0
2025-08-19 12:08:00,24.0,24.0,23.95,23.95,3000,20.165243,0,1971.9,1980.0
2025-08-19 12:09:00,23.95,23.95,23.95,23.95,0,20.166131,0,1971.9,1980.0
2025-08-19 12:10:00,34.45,34.45,32.95,32.95,352000,20.098572,0,1969.2,1960.0
2025-08-19 12:11:00,22.35,22.9,22.35,22.9,2500,19.984717,0,1970.2,1980.0
2025-08-19 12:12:00,22.9,23.6,22.9,23.6,709000,20.122229,0,1971.3,1980.0
2025-08-19 12:13:00,23.6,23.6,23.5,23.55,8500,20.121794,0,1971.2,1980.0
2025-08-19 12:14:00,23.55,23.65,23.55,23.65,709500,20.163729,0,1971.3,1980.0
2025-08-19 12:15:00,23.65,23.65,23.65,23.65,0,20.279738,0,1971.0,1980.0
2025-08-19 12:16:00,23.65,23.9,23.65,23.9,719000,20.132654,0,1971.9,1980.0
2025-08-19 12:17:00,23.9,24.15,23.9,24.15,4000,20.293314,0,1972.0,1980.0
2025-08-19 12:18:00,24.15,24.25,24.0,24.25,741000,20.062028,0,1972.8,1980.0
2025-08-19 12:19:00,24.25,25.0,24.25,25.0,10000,20.736294,0,1972.6,1980.0
2025-08-19 12:20:00,25.0,25.0,24.0,24.35,750500,20.493581,0,1971.9,1980.0
2025-08-19 12:21:00,24.35,24.35,24.35,24.35,0,20.416906,0,1972.1,1980.0
2025-08-19 12:22:00,24.35,24.45,24.0,24.0,770000,20.178665,0,1972.0,1980.0
2025-08-19 12:23:00,24.0,24.0,23.85,23.85,3500,20.369121,0,1971.2,1980.0
2025-08-19 12:24:00,23.85,23.85,23.85,23.85,0,20.408421,0,1971.1,1980.0
2025-08-19 12:25:00,23.85,23.85,23.75,23.75,774500,20.291422,0,1971.2,1980.0
2025-08-19 12:26:00,23.75,23.9,23.75,23.9,2000,20.488336,0,1971.0,1980.0
2025-08-19 12:27:00,23.9,24.65,23.9,24.65,778500,20.504792,0,1972.5,1980.0
2025-08-19 12:28:00,24.65,24.65,24.45,24.45,3500,20.463761,0,1972.2,1980.0
2025-08-19 12:29:00,24.45,24.45,24.45,24.45,0,20.697254,0,1971.6,1980.0
2025-08-19 12:30:00,24.45,24.45,24.25,24.25,783000,20.150867,0,1972.6,1980.0
2025-08-19 12:31:00,24.25,24.8,24.25,24.8,3000,20.705516,0,1972.3,1980.0
2025-08-19 12:32:00,24.8,25.0,24.8,25.0,784500,20.552134,0,1973.1,1980.0
2025-08-19 12:33:00,25.0,25.0,24.65,24.65,11500,20.43206,0,1972.7,1980.0
2025-08-19 12:34:00,24.65,24.7,24.65,24.7,787500,20.394325,0,1972.9,1980.0
2025-08-19 12:35:00,24.7,24.7,24.7,24.7,0,20.434418,0,1972.8,1980.0
2025-08-19 12:36:00,24.7,24.75,24.7,24.75,799500,20.396587,0,1973.0,1980.0
2025-08-19 12:37:00,24.75,24.75,24.75,24.75,2000,20.593257,0,1972.5,1980.0
2025-08-19 12:38:00,24.75,25.0,24.75,25.0,802500,20.478848,0,1973.3,1980.0
2025-08-19 12:39:00,25.0,25.2,24.75,24.75,6000,20.438534,0,1972.9,1980.0
2025-08-19 12:40:00,24.75,24.75,24.75,24.75,0,20.439435,0,1972.9,1980.0
2025-08-19 12:41:00,24.75,24.75,24.4,24.4,810500,20.591037,0,1971.8,1980.0
2025-08-19 12:42:00,24.4,24.4,24.4,24.4,0,21.092117,0,1970.5,1980.0
2025-08-19 12:43:00,24.4,24.4,24.0,24.3,818000,20.513359,0,1971.8,1980.0
2025-08-19 12:44:00,24.3,24.3,23.95,24.0,3000,20.545725,0,1971.1,1980.0
2025-08-19 12:45:00,24.0,24.0,23.8,23.8,819000,20.425896,0,1971.0,1980.0
2025-08-19 12:46:00,23.8,23.8,23.55,23.55,7000,20.227864,0,1971.0,1980.0
2025-08-19 12:47:00,23.55,23.6,23.55,23.6,820000,20.306872,0,1970.9,1980.0
2025-08-19 12:48:00,23.6,23.65,23.6,23.65,11500,20.5005,0,1970.5,1980.0
2025-08-19 12:49:00,23.65,23.65,23.65,23.65,0,20.271746,0,1971.1,1980.0
2025-08-19 12:50:00,23.65,24.05,23.65,24.05,832500,20.320906,0,1971.8,1980.0
2025-08-19 12:51:00,24.05,24.05,24.05,24.05,0,20.244278,0,1972.0,1980.0
2025-08-19 12:52:00,24.05,24.05,24.05,24.05,833000,20.477259,0,1971.4,1980.0
2025-08-19 12:53:00,24.05,24.3,24.05,24.3,3500,20.444833,0,1972.0,1980.0
2025-08-19 12:54:00,24.3,24.5,24.3,24.5,838500,20.331828,0,1972.7,1980.0
2025-08-19 12:55:00,24.5,24.5,24.2,24.3,9500,20.329964,0,1972.3,1980.0
2025-08-19 12:56:00,24.3,24.3,24.3,24.3,0,20.213801,0,1972.6,1980.0
2025-08-19 12:57:00,24.3,24.5,24.3,24.5,856500,20.412725,0,1972.5,1980.0
2025-08-19 12:58:00,24.5,24.5,24.35,24.45,2000,20.839524,0,1971.3,1980.0
2025-08-19 12:59:00,24.45,24.45,24.45,24.45,857500,20.374786,0,1972.5,1980.0
2025-08-19 13:00:00,24.45,24.6,24.45,24.5,5500,20.765273,0,1971.6,1980.0
2025-08-19 13:01:00,24.5,24.5,24.25,24.25,859000,20.451102,0,1971.9,1980.0
2025-08-19 13:02:00,24.25,24.25,24.25,24.25,6500,20.452005,0,1971.9,1980.0
2025-08-19 13:03:00,24.25,24.65,24.25,24.65,861000,20.693349,0,1972.1,1980.0
2025-08-19 13:04:00,24.65,24.8,24.5,24.65,12000,20.888281,0,1971.6,1980.0
2025-08-19 13:05:00,24.65,24.7,24.65,24.7,861500,20.500711,0,1972.7,1980.0
2025-08-19 13:06:00,24.7,24.7,24.65,24.65,17000,20.540112,0,1972.5,1980.0
2025-08-19 13:07:00,24.65,24.65,24.5,24.5,862000,20.421751,0,1972.5,1980.0
2025-08-19 13:08:00,24.5,24.5,24.5,24.5,0,20.187451,0,1973.1,1980.0
2025-08-19 13:09:00,24.5,24.5,24.35,24.35,884000,20.186899,0,1972.8,1980.0
2025-08-19 13:10:00,24.35,24.35,24.35,24.35,0,20.187794,0,1972.8,1980.0
2025-08-19 13:11:00,24.35,24.45,24.35,24.45,885000,19.834291,0,1973.9,1980.0
2025-08-19 13:12:00,24.45,24.75,24.4,24.45,14500,20.269094,0,1972.8,1980.0
2025-08-19 13:13:00,24.45,24.45,24.25,24.25,890000,19.716817,0,1973.8,1980.0
2025-08-19 13:14:00,24.25,24.25,24.0,24.0,20500,19.558651,0,1973.7,1980.0
2025-08-19 13:15:00,24.0,24.0,23.4,23.4,904500,19.358471,0,1973.0,1980.0
2025-08-19 13:16:00,23.4,24.5,23.4,23.9,27000,20.340912,0,1971.5,1980.0
2025-08-19 13:17:00,23.9,23.9,23.45,23.45,905000,19.867587,0,1971.8,1980.0
2025-08-19 13:18:00,23.45,23.45,23.45,23.45,0,19.9458,0,1971.6,1980.0
2025-08-19 13:19:00,23.45,23.5,23.1,23.1,937000,20.128137,0,1970.4,1980.0
2025-08-19 13:20:00,23.1,23.4,23.1,23.4,500,20.138734,0,1971.0,1980.0
2025-08-19 13:21:00,23.4,23.85,23.4,23.85,941000,20.073127,0,1972.1,1980.0
2025-08-19 13:22:00,23.85,24.25,23.85,24.05,5500,19.486377,0,1974.0,1980.0
2025-08-19 13:23:00,24.05,24.2,24.05,24.2,942500,20.31455,0,1972.2,1980.0
2025-08-19 13:24:00,24.2,24.2,24.0,24.0,6000,20.117331,0,1972.3,1980.0
2025-08-19 13:25:00,24.0,24.0,24.0,24.0,0,20.118224,0,1972.3,1980.0
2025-08-19 13:26:00,24.0,24.0,23.8,23.8,952500,20.15421,0,1971.8,1980.0
2025-08-19 13:27:00,23.8,23.85,23.8,23.85,1500,20.310981,0,1971.5,1980.0
2025-08-19 13:28:00,23.85,23.85,23.85,23.85,0,20.157037,0,1971.9,1980.0
2025-08-19 13:29:00,23.85,24.0,23.85,24.0,957500,20.082794,0,1972.4,1980.0
2025-08-19 13:30:00,24.0,24.15,24.0,24.15,500,20.475257,0,1971.7,1980.0
2025-08-19 13:31:00,24.15,24.15,24.15,24.15,0,20.669341,0,1971.2,1980.0
2025-08-19 13:32:00,24.15,24.15,22.75,22.75,965500,19.82238,0,1970.5,1980.0
2025-08-19 13:33:00,22.75,22.75,22.75,22.75,5500,19.93744,0,1970.2,1980.0
2025-08-19 13:34:00,33.0,33.0,32.3,32.3,478500,20.177095,0,1968.1,1960.0
2025-08-19 13:35:00,32.3,32.3,32.3,32.3,0,19.29781,0,1969.9,1960.0
2025-08-19 13:36:00,32.3,32.3,32.3,32.3,0,19.298711,0,1969.9,1960.0
2025-08-19 13:37:00,22.7,22.7,22.7,22.7,8000,19.939042,0,1970.1,1980.0
2025-08-19 13:38:00,33.1,33.1,32.65,32.65,500,19.688002,0,1969.7,1960.0
2025-08-19 13:39:00,22.75,22.75,22.75,22.75,8500,19.790384,0,1970.6,1980.0
2025-08-19 13:40:00,22.75,22.75,22.75,22.75,0,19.829412,0,1970.5,1980.0
2025-08-19 13:41:00,22.75,23.2,22.75,23.2,991500,20.189366,0,1970.5,1980.0
2025-08-19 13:42:00,23.2,23.2,23.0,23.0,3000,19.685587,0,1971.4,1980.0
2025-08-19 13:43:00,23.0,23.45,23.0,23.45,993500,19.851782,0,1971.9,1980.0
2025-08-19 13:44:00,23.45,23.45,23.45,23.45,0,19.697182,0,1972.3,1980.0
2025-08-19 13:45:00,23.45,23.85,23.45,23.85,1004500,19.74264,0,1973.0,1980.0
2025-08-19 13:46:00,23.85,24.25,23.8,24.25,2000,19.943744,0,1973.3,1980.0
2025-08-19 13:47:00,24.25,24.25,24.25,24.25,1005000,19.944633,0,1973.3,1980.0
2025-08-19 13:48:00,24.25,24.35,24.25,24.35,6000,19.866887,0,1973.7,1980.0
2025-08-19 13:49:00,24.35,24.35,24.0,24.0,1006500,19.747437,0,1973.3,1980.0
2025-08-19 13:50:00,24.0,24.0,23.95,23.95,7500,19.669052,0,1973.4,1980.0
2025-08-19 13:51:00,23.95,23.95,23.95,23.95,0,19.709403,0,1973.3,1980.0
2025-08-19 13:52:00,23.95,23.95,23.65,23.65,1015500,20.328256,0,1971.1,1980.0
2025-08-19 13:53:00,23.65,23.65,22.75,23.2,4000,19.661369,0,1971.9,1980.0
2025-08-19 13:54:00,23.2,23.2,23.2,23.2,0,19.894136,0,1971.3,1980.0
2025-08-19 13:55:00,33.2,33.2,33.2,33.2,0,20.254476,0,1969.5,1960.0
2025-08-19 13:56:00,23.25,23.25,23.05,23.2,1000,20.35524,0,1970.1,1980.0
2025-08-19 13:57:00,23.2,23.25,23.2,23.25,1022500,20.396081,0,1970.1,1980.0
2025-08-19 13:58:00,33.2,33.7,33.2,33.55,490000,20.54483,0,1969.5,1960.0
2025-08-19 13:59:00,33.55,33.55,33.55,33.55,0,20.594636,0,1969.4,1960.0
2025-08-19 14:00:00,33.55,33.55,33.2,33.2,490500,20.062298,0,1969.9,1960.0
2025-08-19 14:01:00,33.2,33.9,33.2,33.9,1500,20.639235,0,1969.9,1960.0
2025-08-19 14:02:00,33.9,33.9,33.9,33.9,0,20.738265,0,1969.7,1960.0
2025-08-19 14:03:00,33.9,33.9,33.9,33.9,0,20.739219,0,1969.7,1960.0
2025-08-19 14:04:00,33.9,33.9,33.9,33.9,0,21.032384,0,1969.1,1960.0
2025-08-19 14:05:00,33.9,33.9,33.0,33.0,493000,20.441045,0,1968.8,1960.0
2025-08-19 14:06:00,33.0,33.0,32.7,32.7,500,20.773246,0,1967.6,1960.0
2025-08-19 14:07:00,32.7,32.7,31.7,31.7,496500,20.573254,0,1966.3,1960.0
2025-08-19 14:08:00,31.7,31.7,31.7,31.7,0,19.376567,0,1968.8,1960.0
2025-08-19 14:09:00,31.7,31.7,31.7,31.7,0,19.279304,0,1969.0,1960.0
2025-08-19 14:10:00,31.7,32.5,31.7,32.5,504500,20.613699,0,1967.6,1960.0
2025-08-19 14:11:00,32.5,32.5,32.5,32.5,0,20.230546,0,1968.4,1960.0
2025-08-19 14:12:00,32.5,32.65,32.5,32.65,507500,20.546898,0,1968.0,1960.0
2025-08-19 14:13:00,32.65,32.65,32.65,32.65,0,20.451746,0,1968.2,1960.0
2025-08-19 14:14:00,32.65,32.65,32.05,32.05,512500,20.057738,0,1968.0,1960.0
2025-08-19 14:15:00,32.05,32.3,32.05,32.25,4000,20.793732,0,1966.8,1960.0
2025-08-19 14:16:00,32.25,32.25,32.05,32.05,514500,20.203703,0,1967.7,1960.0
2025-08-19 14:17:00,32.05,32.05,31.95,32.05,12500,20.395637,0,1967.3,1960.0
2025-08-19 14:18:00,32.05,32.3,32.05,32.2,516000,20.18427,0,1968.0,1960.0
2025-08-19 14:19:00,32.2,32.2,31.9,31.9,13000,20.131703,0,1967.6,1960.0
2025-08-19 14:20:00,31.9,32.05,31.9,32.05,516500,20.255304,0,1967.6,1960.0
2025-08-19 14:21:00,32.05,32.05,31.9,31.9,15500,20.229163,0,1967.4,1960.0
2025-08-19 14:22:00,31.9,31.9,31.3,31.7,523000,19.826635,0,1967.9,1960.0
2025-08-19 14:23:00,31.7,32.2,31.7,32.2,17000,19.801175,0,1968.8,1960.0
2025-08-19 14:24:00,32.2,32.2,32.2,32.2,0,19.996667,0,1968.4,1960.0
2025-08-19 14:25:00,32.2,32.6,32.2,32.6,541000,20.325589,0,1968.4,1960.0
2025-08-19 14:26:00,32.6,32.6,32.0,32.0,2500,19.834423,0,1968.4,1960.0
2025-08-19 14:27:00,32.0,32.0,31.8,31.8,543000,20.105195,0,1967.5,1960.0
2025-08-19 14:28:00,31.8,31.8,31.35,31.35,5500,19.881486,0,1967.2,1960.0
2025-08-19 14:29:00,31.35,31.35,31.35,31.35,545000,19.977713,0,1967.0,1960.0
2025-08-19 14:30:00,31.35,31.35,31.35,31.35,0,20.026166,0,1966.9,1960.0
2025-08-19 14:31:00,31.35,32.15,31.35,32.15,561000,20.347361,0,1967.6,1960.0
2025-08-19 14:32:00,32.15,32.15,32.15,32.15,0,20.204458,0,1967.9,1960.0
2025-08-19 14:33:00,32.15,32.15,32.1,32.1,564000,20.212489,0,1967.8,1960.0
2025-08-19 14:34:00,32.1,32.1,32.1,32.1,0,20.117241,0,1968.0,1960.0
2025-08-19 14:35:00,32.1,32.7,32.1,32.55,594500,20.773474,0,1967.4,1960.0
2025-08-19 14:36:00,32.55,32.55,31.3,31.7,30000,19.352814,0,1968.9,1960.0
2025-08-19 14:37:00,31.7,31.7,31.35,31.35,599000,19.016119,0,1969.0,1960.0
2025-08-19 14:38:00,31.35,31.75,31.35,31.75,33000,19.591475,0,1968.5,1960.0
2025-08-19 14:39:00,31.75,31.75,31.3,31.3,613000,19.850695,0,1967.2,1960.0
2025-08-19 14:40:00,31.3,31.3,31.3,31.3,0,19.223315,0,1968.5,1960.0
2025-08-19 14:41:00,31.3,32.15,31.3,32.15,646500,20.068217,0,1968.2,1960.0
2025-08-19 14:42:00,32.15,32.15,32.15,32.15,0,20.020763,0,1968.3,1960.0
2025-08-19 14:43:00,32.15,32.5,32.15,32.5,649500,20.30879,0,1968.3,1960.0
2025-08-19 14:44:00,32.5,32.5,32.5,32.5,1000,20.309726,0,1968.3,1960.0
2025-08-19 14:45:00,32.5,32.5,32.0,32.0,651000,20.947138,0,1966.1,1960.0
2025-08-19 14:46:00,32.0,32.0,31.8,31.8,3000,20.644536,0,1966.4,1960.0
2025-08-19 14:47:00,31.8,32.6,31.8,32.6,654000,20.825761,0,1967.4,1960.0
2025-08-19 14:48:00,32.6,32.6,31.95,31.95,3500,20.862503,0,1966.2,1960.0
2025-08-19 14:49:00,31.95,31.95,31.95,31.95,0,20.486514,0,1967.0,1960.0
2025-08-19 14:50:00,31.95,31.95,31.95,31.95,0,20.534845,0,1966.9,1960.0
2025-08-19 14:51:00,31.95,32.9,31.95,32.9,659000,20.740499,0,1968.1,1960.0
2025-08-19 14:52:00,32.9,32.9,32.5,32.5,5000,21.220845,0,1966.4,1960.0
2025-08-19 14:53:00,32.5,32.75,32.5,32.75,660000,21.048972,0,1967.2,1960.0
2025-08-19 14:54:00,32.75,32.75,32.75,32.75,0,21.144517,0,1967.0,1960.0
2025-08-19 14:55:00,32.75,32.75,32.75,32.75,0,20.669456,0,1968.0,1960.0
2025-08-19 14:56:00,32.75,32.75,32.6,32.65,666500,20.779963,0,1967.6,1960.0
2025-08-19 14:57:00,32.65,32.7,32.65,32.7,3500,20.774085,0,1967.7,1960.0
2025-08-19 14:58:00,32.7,32.7,32.7,32.7,0,20.775036,0,1967.7,1960.0
2025-08-19 14:59:00,32.7,32.75,32.7,32.75,670500,20.816907,0,1967.7,1960.0
2025-08-19 15:00:00,32.75,32.85,32.75,32.85,1000,20.611835,0,1968.3,1960.0
2025-08-19 15:01:00,32.85,33.4,32.85,33.4,673500,20.725293,0,1969.0,1960.0
2025-08-19 15:02:00,33.4,33.4,33.2,33.2,7000,21.092491,0,1967.9,1960.0
2025-08-19 15:03:00,33.2,33.85,33.2,33.85,677000,20.607851,0,1970.0,1960.0
2025-08-19 15:04:00,22.8,23.7,22.8,23.7,7000,20.702318,0,1970.4,1980.0
2025-08-19 15:05:00,23.7,23.7,23.5,23.5,1273000,20.543139,0,1970.4,1980.0
2025-08-19 15:06:00,23.5,23.5,23.2,23.2,14000,20.073685,0,1971.0,1980.0
2025-08-19 15:07:00,23.2,24.5,23.2,24.5,1296500,20.609176,0,1972.3,1980.0
2025-08-19 15:08:00,24.5,24.5,23.75,24.3,21000,20.800763,0,1971.4,1980.0
2025-08-19 15:09:00,24.3,24.3,23.8,23.8,1300500,20.440564,0,1971.3,1980.0
2025-08-19 15:10:00,23.8,23.8,23.65,23.65,25500,20.667793,0,1970.4,1980.0
2025-08-19 15:11:00,23.65,23.65,23.3,23.3,1301000,20.426712,0,1970.3,1980.0
2025-08-19 15:12:00,23.3,24.0,23.3,24.0,27000,20.409282,0,1971.8,1980.0
2025-08-19 15:13:00,24.0,24.0,24.0,24.0,0,20.371271,0,1971.9,1980.0
2025-08-19 15:14:00,24.0,24.15,24.0,24.15,1332500,20.531018,0,1971.8,1980.0
2025-08-19 15:15:00,24.15,25.3,24.15,25.3,16000,20.742548,0,1973.6,1980.0
2025-08-19 15:16:00,25.3,25.3,25.0,25.0,1343500,20.424386,0,1973.8,1980.0
2025-08-19 15:17:00,25.0,25.0,24.5,24.6,19000,20.659086,0,1972.4,1980.0
2025-08-19 15:18:00,24.6,24.6,24.15,24.5,1347500,20.462315,0,1972.7,1980.0
2025-08-19 15:19:00,24.5,24.6,24.5,24.6,20000,20.34591,0,1973.2,1980.0
2025-08-19 15:20:00,24.6,24.6,24.6,24.6,1349500,20.386352,0,1973.1,1980.0
2025-08-19 15:21:00,24.6,24.65,24.6,24.65,23000,20.348086,0,1973.3,1980.0
2025-08-19 15:22:00,24.65,24.95,24.6,24.95,1357500,20.548958,0,1973.4,1980.0
2025-08-19 15:23:00,24.95,25.3,24.9,24.9,30000,20.390756,0,1973.7,1980.0
2025-08-19 15:24:00,24.9,25.0,24.65,24.65,1359000,20.3904,0,1973.2,1980.0
2025-08-19 15:25:00,24.65,25.0,24.65,24.9,33000,20.312892,0,1973.9,1980.0
2025-08-19 15:26:00,24.9,25.0,24.9,25.0,1365500,20.552873,0,1973.5,1980.0
2025-08-19 15:27:00,25.0,25.0,25.0,25.0,45500,20.073908,0,1974.7,1980.0
2025-08-19 15:28:00,25.0,25.0,25.0,25.0,0,20.634057,0,1973.3,1980.0
2025-08-19 15:29:00,25.0,25.0,24.4,24.4,1421500,20.274242,0,1973.0,1980.0
2025-08-20 09:15:00,21.95,21.95,21.15,21.75,2500,19.737689,363000,1971.4,1980.0
2025-08-20 09:16:00,21.75,22.1,21.75,22.1,6500,19.830081,363000,1971.9,1980.0
2025-08-20 09:17:00,33.6,33.6,31.3,31.3,10000,20.990603,225500,1967.1,1960.0
2025-08-20 09:18:00,31.3,31.3,30.55,30.55,13000,20.301942,225500,1967.2,1960.0
2025-08-20 09:19:00,30.55,30.8,30.55,30.8,14000,20.615662,231500,1967.0,1960.0
2025-08-20 09:20:00,30.8,30.8,29.35,29.75,23000,21.881582,231500,1962.5,1960.0
2025-08-20 09:21:00,29.75,29.75,26.7,27.1,38500,19.877049,243000,1962.0,1960.0
2025-08-20 09:22:00,27.1,27.35,26.5,26.65,36500,20.142186,243000,1960.6,1960.0
2025-08-20 09:23:00,26.65,26.65,26.6,26.6,45000,20.237354,243000,1960.3,1960.0
2025-08-20 09:24:00,26.6,26.85,26.6,26.85,60500,19.761652,249500,1961.8,1960.0
2025-08-20 09:25:00,26.85,26.85,26.5,26.5,55000,20.650097,249500,1959.2,1960.0
2025-08-20 09:26:00,26.5,26.5,25.4,25.4,68500,19.814412,249500,1959.0,1960.0
2025-08-20 09:27:00,25.4,25.4,25.25,25.25,72000,19.867093,257500,1958.6,1960.0
2025-08-20 09:28:00,25.25,25.45,25.25,25.45,74500,20.520686,257500,1957.5,1960.0
2025-08-20 09:29:00,25.45,25.55,25.0,25.55,96000,20.165854,257500,1958.5,1960.0
2025-08-20 09:30:00,25.55,25.55,24.7,24.7,78500,19.672386,257500,1958.0,1960.0
2025-08-20 09:31:00,24.7,24.9,24.7,24.9,97500,20.235428,264000,1957.1,1960.0
2025-08-20 09:32:00,24.9,25.5,24.7,25.5,91000,20.303449,264000,1958.1,1960.0
2025-08-20 09:33:00,25.5,25.85,25.5,25.85,104000,20.200125,269000,1959.0,1960.0
2025-08-20 09:34:00,25.85,26.7,25.85,26.7,99500,20.332583,269000,1960.3,1960.0
2025-08-20 09:35:00,26.7,26.7,25.5,25.5,111500,19.818024,269000,1959.2,1960.0
2025-08-20 09:36:00,25.5,25.5,25.5,25.5,0,19.684469,273000,1959.5,1960.0
2025-08-20 09:37:00,25.5,26.05,25.5,26.05,218500,19.742089,273000,1960.4,1960.0
2025-08-20 09:38:00,26.05,26.4,26.05,26.4,2500,20.038219,273000,1960.4,1960.0
2025-08-20 09:39:00,26.4,27.0,26.4,27.0,223000,20.816346,273000,1959.8,1960.0
2025-08-20 09:40:00,27.0,27.0,25.85,25.85,30000,19.62181,273000,1960.3,1960.0
2025-08-20 09:41:00,25.85,25.85,25.7,25.7,227000,19.72276,273000,1959.8,1960.0
2025-08-20 09:42:00,25.7,26.0,25.55,26.0,37000,19.886265,282000,1960.0,1960.0
2025-08-20 09:43:00,26.0,26.2,26.0,26.15,231000,19.877744,282000,1960.3,1960.0
2025-08-20 09:44:00,26.15,26.15,26.05,26.15,44000,19.787743,282000,1960.5,1960.0
2025-08-20 09:45:00,26.15,26.45,26.15,26.45,232500,19.210947,284500,1962.3,1960.0
2025-08-20 09:46:00,26.45,26.85,26.45,26.7,51500,19.656399,284500,1961.8,1960.0
2025-08-20 09:47:00,26.7,27.25,26.7,27.25,236000,19.843004,284500,1962.4,1960.0
2025-08-20 09:48:00,27.25,27.25,26.8,26.8,58500,19.789238,285000,1961.7,1960.0
2025-08-20 09:49:00,26.8,26.8,26.55,26.55,241000,19.578909,285000,1961.7,1960.0
2025-08-20 09:50:00,26.55,27.2,26.55,27.2,66500,19.521668,285000,1963.0,1960.0
2025-08-20 09:51:00,27.2,27.2,25.7,25.7,248500,19.323431,287000,1960.7,1960.0
2025-08-20 09:52:00,25.7,26.15,25.7,26.15,68500,19.841101,287000,1960.4,1960.0
2025-08-20 09:53:00,26.15,26.15,25.75,25.75,250000,19.776604,287000,1959.8,1960.0
2025-08-20 09:54:00,25.75,26.05,25.75,26.05,70500,19.894921,289500,1960.1,1960.0
2025-08-20 09:55:00,26.05,26.05,25.8,25.8,251000,19.820722,289500,1959.8,1960.0
2025-08-20 09:56:00,25.8,25.85,25.8,25.85,72500,19.773458,289500,1960.0,1960.0
2025-08-20 09:57:00,25.85,26.0,25.85,26.0,254500,20.126449,288500,1959.5,1960.0
2025-08-20 09:58:00,26.0,26.0,25.8,25.8,73500,19.913819,288500,1959.6,1960.0
2025-08-20 09:59:00,25.8,25.8,25.8,25.8,0,20.139083,288500,1959.1,1960.0
2025-08-20 10:00:00,25.8,25.8,25.8,25.8,331500,20.095341,289500,1959.2,1960.0
2025-08-20 10:01:00,25.8,25.8,25.75,25.75,4000,20.232741,289500,1958.8,1960.0
2025-08-20 10:02:00,25.75,25.75,24.65,24.65,341500,19.572932,289500,1958.2,1960.0
2025-08-20 10:03:00,24.65,25.3,24.65,25.3,10000,19.899941,297000,1958.7,1960.0
2025-08-20 10:04:00,25.3,25.55,25.3,25.55,343500,19.70883,297000,1959.6,1960.0
2025-08-20 10:05:00,25.55,25.55,25.3,25.3,12000,19.990752,297000,1958.5,1960.0
2025-08-20 10:06:00,25.3,25.3,24.9,24.9,349500,19.52114,302000,1958.8,1960.0
2025-08-20 10:07:00,24.9,24.9,24.5,24.5,31000,19.273942,302000,1958.6,1960.0
2025-08-20 10:08:00,24.5,24.5,24.5,24.5,353000,19.363725,302000,1958.4,1960.0
2025-08-20 10:09:00,24.5,24.55,24.5,24.55,32500,19.318003,302000,1958.6,1960.0
2025-08-20 10:10:00,24.55,24.6,24.5,24.5,355000,19.630629,308500,1957.8,1960.0
2025-08-20 10:11:00,24.5,24.5,24.5,24.5,0,19.587583,308500,1957.9,1960.0
2025-08-20 10:12:00,24.5,24.5,24.1,24.1,393500,19.688942,308500,1956.9,1960.0
2025-08-20 10:13:00,24.1,24.4,24.1,24.4,15000,19.417007,311000,1958.1,1960.0
2025-08-20 10:14:00,24.4,24.4,24.4,24.4,0,19.329488,311000,1958.3,1960.0
2025-08-20 10:15:00,24.4,24.4,24.4,24.4,413500,19.418925,312000,1958.1,1960.0
2025-08-20 10:16:00,24.4,24.5,24.4,24.5,4500,20.073308,312000,1956.8,1960.0
2025-08-20 10:17:00,24.5,25.25,24.5,25.25,443000,20.662899,312000,1956.9,1960.0
2025-08-20 10:18:00,25.25,25.25,24.0,24.0,15500,20.213342,321000,1955.5,1960.0
2025-08-20 10:19:00,24.0,24.75,24.0,24.75,444000,20.846464,321000,1955.5,1960.0
2025-08-20 10:20:00,24.75,24.75,24.1,24.1,25000,19.826812,321000,1956.6,1960.0
2025-08-20 10:21:00,24.1,24.1,24.0,24.0,456500,20.045152,327500,1955.9,1960.0
2025-08-20 10:22:00,24.0,24.0,23.9,23.9,28500,19.961843,327500,1955.9,1960.0
2025-08-20 10:23:00,23.9,24.55,23.9,24.5,463500,20.123569,327500,1956.7,1960.0
2025-08-20 10:24:00,24.5,24.85,24.5,24.85,32000,20.114751,327500,1957.4,1960.0
2025-08-20 10:25:00,24.85,25.0,24.85,25.0,470000,20.416725,324500,1957.0,1960.0
2025-08-20 10:26:00,25.0,25.5,25.0,25.5,39000,20.312995,324500,1958.2,1960.0
2025-08-20 10:27:00,25.5,25.95,25.5,25.95,472500,19.842891,323500,1960.1,1960.0
2025-08-20 10:28:00,25.95,26.0,25.95,26.0,51000,19.976728,323500,1959.9,1960.0
2025-08-20 10:29:00,26.0,26.4,26.0,26.4,479500,19.583622,323500,1961.5,1960.0
2025-08-20 10:30:00,26.4,26.45,25.5,25.5,57500,19.961337,323000,1959.0,1960.0
2025-08-20 10:31:00,25.5,25.5,24.65,24.65,487500,20.603036,323000,1955.9,1960.0
2025-08-20 10:32:00,24.65,24.85,24.65,24.85,66500,20.772687,323000,1955.9,1960.0
2025-08-20 10:33:00,24.85,24.85,24.4,24.4,491500,20.522745,325500,1955.6,1960.0
2025-08-20 10:34:00,24.4,24.4,23.7,23.7,82000,20.14646,325500,1955.1,1960.0
2025-08-20 10:35:00,23.7,23.95,23.2,23.2,508500,19.852842,325500,1954.8,1960.0
2025-08-20 10:36:00,23.2,23.85,23.2,23.85,85000,20.402177,325500,1954.8,1960.0
2025-08-20 10:37:00,23.85,24.45,23.85,24.45,510500,20.526125,334500,1955.7,1960.0
2025-08-20 10:38:00,24.45,24.45,23.95,23.95,87500,20.148178,334500,1955.6,1960.0
2025-08-20 10:39:00,23.95,24.15,23.95,24.15,512000,20.146381,334500,1956.0,1960.0
2025-08-20 10:40:00,24.15,24.15,23.55,23.55,95500,20.068269,335000,1955.0,1960.0
2025-08-20 10:41:00,23.55,23.95,23.55,23.95,515500,20.406745,335000,1955.0,1960.0
2025-08-20 10:42:00,23.95,23.95,23.95,23.95,0,20.109328,337500,1955.7,1960.0
2025-08-20 10:43:00,23.95,23.95,23.35,23.35,619500,19.604131,337500,1955.7,1960.0
2025-08-20 10:44:00,23.35,23.45,23.3,23.3,4000,19.988269,337500,1954.7,1960.0
2025-08-20 10:45:00,23.3,23.55,23.15,23.15,631500,19.82036,337500,1954.8,1960.0
2025-08-20 10:46:00,23.15,23.2,23.05,23.2,7000,19.736333,345500,1955.1,1960.0
2025-08-20 10:47:00,23.2,23.2,23.2,23.2,0,19.737299,345500,1955.1,1960.0
2025-08-20 10:48:00,23.2,23.2,23.2,23.2,0,19.653194,345500,1955.3,1960.0
2025-08-20 10:49:00,23.2,23.6,23.2,23.6,648500,20.499189,345500,1954.1,1960.0
2025-08-20 10:50:00,23.6,23.6,23.2,23.35,4000,20.036342,345500,1954.7,1960.0
2025-08-20 10:51:00,23.35,23.35,22.9,23.2,659000,20.497485,348500,1953.3,1960.0
2025-08-20 10:52:00,23.2,23.2,22.45,22.45,18500,20.154096,348500,1952.6,1960.0
2025-08-20 10:53:00,22.45,22.8,22.45,22.8,672000,20.49222,348500,1952.5,1960.0
2025-08-20 10:54:00,22.8,22.8,22.8,22.8,21500,20.493214,348500,1952.5,1960.0
2025-08-20 10:55:00,22.8,22.8,22.7,22.7,679500,20.573855,359000,1952.1,1960.0
2025-08-20 10:56:00,22.7,23.25,22.7,23.25,32000,20.916979,359000,1952.4,1960.0
2025-08-20 10:57:00,23.25,23.25,23.2,23.2,680000,21.039928,359000,1952.0,1960.0
2025-08-20 10:58:00,23.2,23.2,22.7,22.7,37000,20.617792,356500,1952.0,1960.0
2025-08-20 10:59:00,22.7,22.7,22.2,22.2,681500,20.561615,356500,1951.1,1960.0
2025-08-20 11:00:00,22.2,22.2,22.2,22.2,39000,20.441005,360500,1951.4,1960.0
2025-08-20 11:01:00,22.2,22.2,21.9,22.0,694000,20.231967,360500,1951.5,1960.0
2025-08-20 11:02:00,22.0,22.25,22.0,22.2,45000,20.442987,360500,1951.4,1960.0
2025-08-20 11:03:00,22.2,22.7,22.2,22.7,694500,20.704556,366000,1951.8,1960.0
2025-08-20 11:04:00,22.7,22.7,22.3,22.3,47000,20.038964,366000,1952.6,1960.0
2025-08-20 11:05:00,22.3,22.7,22.3,22.7,698000,20.254511,366000,1952.9,1960.0
2025-08-20 11:06:00,22.7,23.0,22.7,23.0,59500,20.134853,370500,1953.8,1960.0
2025-08-20 11:07:00,23.0,23.15,23.0,23.15,701500,19.629315,370500,1955.3,1960.0
2025-08-20 11:08:00,23.15,24.1,23.15,24.1,69500,19.960242,370500,1956.4,1960.0
2025-08-20 11:09:00,24.1,25.05,24.1,25.05,742000,19.708875,365000,1958.8,1960.0
2025-08-20 11:10:00,25.05,25.15,25.05,25.15,83500,19.660094,365000,1959.1,1960.0
2025-08-20 11:11:00,25.15,25.15,25.0,25.0,754000,20.11219,365000,1957.8,1960.0
2025-08-20 11:12:00,25.0,25.35,25.0,25.15,93000,19.885544,360500,1958.6,1960.0
2025-08-20 11:13:00,25.15,25.15,25.15,25.15,756000,20.0642,360500,1958.2,1960.0
2025-08-20 11:14:00,25.15,25.15,25.15,25.15,99000,19.932023,360500,1958.5,1960.0
2025-08-20 11:15:00,25.15,25.2,24.75,24.75,762500,20.036863,354000,1957.5,1960.0
2025-08-20 11:16:00,24.75,25.0,24.7,24.7,107000,19.686864,354000,1958.2,1960.0
2025-08-20 11:17:00,24.7,25.05,24.7,24.8,765500,19.505314,354000,1958.8,1960.0
2025-08-20 11:18:00,24.8,24.8,24.8,24.8,0,19.55095,354000,1958.7,1960.0
2025-08-20 11:19:00,24.8,24.8,24.7,24.7,873500,19.778315,354500,1958.0,1960.0
2025-08-20 11:20:00,24.7,24.75,24.5,24.5,2500,20.049337,354500,1957.0,1960.0
2025-08-20 11:21:00,24.5,24.5,24.5,24.5,0,20.050323,355500,1957.0,1960.0
2025-08-20 11:22:00,24.5,24.5,24.5,24.5,0,19.876385,355500,1957.4,1960.0
2025-08-20 11:23:00,24.5,24.5,24.4,24.4,878000,20.011384,355500,1956.9,1960.0
2025-08-20 11:24:00,24.4,24.4,24.0,24.0,3500,19.761371,359500,1956.7,1960.0
2025-08-20 11:25:00,24.0,24.0,23.8,23.8,882000,20.196073,359500,1955.3,1960.0
2025-08-20 11:26:00,23.8,23.9,23.8,23.9,6500,19.981568,359500,1956.0,1960.0
2025-08-20 11:27:00,23.9,24.25,23.9,24.25,885000,19.757591,361500,1957.2,1960.0
2025-08-20 11:28:00,24.25,24.5,24.25,24.5,13000,20.100831,361500,1956.9,1960.0
2025-08-20 11:29:00,24.5,24.95,24.5,24.95,886500,20.04365,361500,1957.9,1960.0
2025-08-20 11:30:00,24.95,24.95,24.5,24.5,15500,19.928068,361500,1957.3,1960.0
2025-08-20 11:31:00,24.5,24.5,24.5,24.5,887500,19.972826,364000,1957.2,1960.0
2025-08-20 11:32:00,24.5,24.5,24.35,24.35,16000,19.671529,364000,1957.6,1960.0
2025-08-20 11:33:00,24.35,24.35,24.35,24.35,0,19.935374,364000,1957.0,1960.0
2025-08-20 11:34:00,24.35,24.5,24.35,24.5,904500,19.800307,365000,1957.6,1960.0
2025-08-20 11:35:00,24.5,24.5,24.5,24.5,0,20.368196,365000,1956.3,1960.0
2025-08-20 11:36:00,24.5,24.5,24.0,24.0,907500,19.686025,365000,1956.9,1960.0
2025-08-20 11:37:00,24.0,24.0,23.1,23.1,3000,19.658679,368500,1955.2,1960.0
2025-08-20 11:38:00,23.1,23.1,23.1,23.1,0,19.82966,368500,1954.8,1960.0
2025-08-20 11:39:00,23.1,23.1,23.1,23.1,0,19.703202,368500,1955.1,1960.0
2025-08-20 11:40:00,23.1,23.1,23.1,23.1,0,19.704172,368500,1955.1,1960.0
2025-08-20 11:41:00,23.1,23.3,23.1,23.3,912500,20.12875,371000,1954.5,1960.0
2025-08-20 11:42:00,23.3,23.3,23.3,23.3,0,20.129738,371000,1954.5,1960.0
2025-08-20 11:43:00,23.3,23.3,22.85,22.85,914000,19.665409,371500,1954.7,1960.0
2025-08-20 11:44:00,22.85,22.85,22.85,22.85,0,19.793159,371500,1954.4,1960.0
2025-08-20 11:45:00,22.85,23.0,22.6,22.6,917000,20.49801,371500,1952.2,1960.0
2025-08-20 11:46:00,22.6,22.6,22.6,22.6,0,20.540062,372500,1952.1,1960.0
2025-08-20 11:47:00,22.6,22.6,21.2,21.2,952500,19.881404,372500,1950.8,1960.0
2025-08-20 11:48:00,21.2,21.5,21.2,21.5,3000,20.137261,372500,1950.8,1960.0
2025-08-20 11:49:00,21.5,21.75,21.5,21.75,957500,20.107704,378000,1951.4,1960.0
2025-08-20 11:50:00,21.75,21.75,21.75,21.75,3500,20.149288,378000,1951.3,1960.0
2025-08-20 11:51:00,21.75,21.75,21.65,21.65,959000,20.065362,378000,1951.3,1960.0
2025-08-20 11:52:00,21.65,21.8,21.65,21.8,4000,20.193705,384000,1951.3,1960.0
2025-08-20 11:53:00,21.8,21.9,21.8,21.9,959500,20.683415,384000,1950.3,1960.0
2025-08-20 11:54:00,21.9,21.9,21.9,21.9,0,20.483053,384000,1950.8,1960.0
2025-08-20 11:55:00,21.9,21.9,21.5,21.6,974500,20.148327,386500,1951.0,1960.0
2025-08-20 11:56:00,21.6,22.05,21.6,22.05,1000,20.531616,386500,1951.0,1960.0
2025-08-20 11:57:00,22.05,22.3,22.0,22.3,978500,20.704457,386500,1951.1,1960.0
2025-08-20 11:58:00,22.3,22.3,21.8,21.8,4000,20.522975,387500,1950.5,1960.0
2025-08-20 11:59:00,21.8,21.95,21.8,21.85,982500,20.324185,387500,1951.1,1960.0
2025-08-20 12:00:00,21.85,22.0,21.85,22.0,14500,20.167758,387500,1951.8,1960.0
2025-08-20 12:01:00,22.0,22.1,21.85,21.85,987500,20.326164,393000,1951.1,1960.0
2025-08-20 12:02:00,21.85,21.85,21.85,21.85,0,20.286611,393000,1951.2,1960.0
2025-08-20 12:03:00,21.85,21.85,21.85,21.85,0,20.368645,393000,1951.0,1960.0
2025-08-20 12:04:00,21.85,21.95,21.85,21.95,1005000,20.332946,395000,1951.3,1960.0
2025-08-20 12:05:00,21.95,22.0,21.85,22.0,5500,20.65975,395000,1950.6,1960.0
2025-08-20 12:06:00,22.0,22.25,22.0,22.25,1008500,20.426781,395000,1951.7,1960.0
2025-08-20 12:07:00,22.25,22.25,22.2,22.2,12500,20.262596,398000,1952.0,1960.0
2025-08-20 12:08:00,22.2,22.4,22.2,22.25,1010000,20.387904,398000,1951.8,1960.0
2025-08-20 12:09:00,22.25,22.5,22.2,22.2,14000,20.017842,398000,1952.6,1960.0
2025-08-20 12:10:00,22.2,22.5,22.2,22.5,1011500,20.190643,404500,1952.8,1960.0
2025-08-20 12:11:00,22.5,22.7,22.5,22.7,15000,20.691018,404500,1952.0,1960.0
2025-08-20 12:12:00,22.7,22.7,22.65,22.65,1013000,20.485094,404500,1952.4,1960.0
2025-08-20 12:13:00,22.65,22.65,22.55,22.55,16500,20.236022,405500,1952.8,1960.0
2025-08-20 12:14:00,22.55,22.55,22.4,22.4,1013500,20.398304,405500,1952.1,1960.0
2025-08-20 12:15:00,22.4,22.6,22.4,22.6,21000,20.363134,405500,1952.6,1960.0
2025-08-20 12:16:00,22.6,22.6,22.5,22.5,1014000,20.526239,405500,1952.0,1960.0
2025-08-20 12:17:00,22.5,22.5,22.15,22.15,22000,20.230035,405500,1952.0,1960.0
2025-08-20 12:18:00,22.15,22.15,22.15,22.15,0,20.51682,405500,1951.3,1960.0
2025-08-20 12:19:00,22.15,22.15,22.15,22.15,0,20.026469,407500,1952.5,1960.0
2025-08-20 12:20:00,22.15,22.15,22.15,22.15,0,20.150925,407500,1952.2,1960.0
2025-08-20 12:21:00,22.15,22.15,22.15,22.15,1039500,20.028431,407500,1952.5,1960.0
2025-08-20 12:22:00,22.15,22.3,21.55,21.55,18000,19.847936,408000,1951.7,1960.0
2025-08-20 12:23:00,21.55,22.2,21.55,22.2,1042000,20.031579,408000,1952.6,1960.0
2025-08-20 12:24:00,22.2,22.2,22.0,22.05,25000,19.90523,408000,1952.6,1960.0
2025-08-20 12:25:00,22.05,22.05,22.05,22.05,1049500,20.479442,412500,1951.2,1960.0
2025-08-20 12:26:00,22.05,22.05,22.0,22.0,25500,20.39728,412500,1951.3,1960.0
2025-08-20 12:27:00,22.0,22.0,21.8,21.8,1051000,20.430866,412500,1950.8,1960.0
2025-08-20 12:28:00,32.2,32.2,32.2,32.2,0,20.726365,279500,1950.0,1940.0
2025-08-20 12:29:00,32.2,32.2,31.75,31.75,345000,20.332453,280500,1950.0,1940.0
2025-08-20 12:30:00,21.65,21.8,21.65,21.8,1081500,20.474254,414000,1950.7,1960.0
2025-08-20 12:31:00,21.8,21.8,21.8,21.8,1000,20.71676,416000,1950.1,1960.0
2025-08-20 12:32:00,21.8,21.8,21.8,21.8,0,20.354903,416000,1951.0,1960.0
2025-08-20 12:33:00,32.0,32.0,31.6,31.6,2000,20.624645,280000,1949.2,1940.0
2025-08-20 12:34:00,21.55,21.7,21.55,21.7,1500,20.352719,418000,1950.8,1960.0
2025-08-20 12:35:00,21.7,22.1,21.7,22.1,1086500,20.409831,418000,1951.5,1960.0
2025-08-20 12:36:00,22.1,22.1,22.1,22.1,0,20.410826,418000,1951.5,1960.0
2025-08-20 12:37:00,22.1,22.1,22.0,22.0,1090000,20.285985,418000,1951.6,1960.0
2025-08-20 12:38:00,22.0,22.0,22.0,22.0,0,20.286978,418000,1951.6,1960.0
2025-08-20 12:39:00,22.0,22.2,22.0,22.2,1091000,20.458045,418000,1951.6,1960.0
2025-08-20 12:40:00,22.2,22.2,22.2,22.2,0,20.499865,418000,1951.5,1960.0
2025-08-20 12:41:00,22.2,22.2,22.05,22.05,1091500,20.332478,418500,1951.6,1960.0
2025-08-20 12:42:00,22.05,22.3,22.05,22.3,3500,20.50521,418500,1951.7,1960.0
2025-08-20 12:43:00,22.3,22.55,22.3,22.55,1092500,20.636854,419500,1951.9,1960.0
2025-08-20 12:44:00,22.55,22.55,22.55,22.55,0,20.842406,419500,1951.4,1960.0
2025-08-20 12:45:00,22.55,22.55,22.55,22.55,0,20.92493,419500,1951.2,1960.0
2025-08-20 12:46:00,22.55,22.55,22.55,22.55,0,21.088445,419500,1950.8,1960.0
2025-08-20 12:47:00,22.55,22.55,22.0,22.0,1105000,20.621123,425500,1950.8,1960.0
2025-08-20 12:48:00,22.0,22.05,22.0,22.05,1000,20.664709,425500,1950.8,1960.0
2025-08-20 12:49:00,22.05,22.15,22.0,22.0,1108000,20.460873,426000,1951.2,1960.0
2025-08-20 12:50:00,22.0,22.0,22.0,22.0,0,20.461872,426000,1951.2,1960.0
2025-08-20 12:51:00,22.0,22.0,21.85,21.85,1110500,20.172256,426000,1951.6,1960.0
2025-08-20 12:52:00,21.85,21.85,21.85,21.85,0,20.173244,426000,1951.6,1960.0
2025-08-20 12:53:00,21.85,22.25,21.85,22.25,1111000,20.473696,424500,1951.7,1960.0
2025-08-20 12:54:00,22.25,22.25,22.25,22.25,0,20.351743,424500,1952.0,1960.0
2025-08-20 12:55:00,22.25,22.5,22.25,22.5,1113500,19.943808,424000,1953.5,1960.0
2025-08-20 12:56:00,22.5,23.15,22.5,23.15,21000,20.16039,424000,1954.3,1960.0
2025-08-20 12:57:00,23.15,23.15,22.75,22.75,1121500,20.074344,424000,1953.7,1960.0
2025-08-20 12:58:00,22.75,22.95,22.75,22.95,22500,19.695571,426500,1955.0,1960.0
2025-08-20 12:59:00,22.95,23.4,22.95,23.4,1128000,19.907413,426500,1955.4,1960.0
2025-08-20 13:00:00,23.4,23.5,23.4,23.5,30000,19.950358,426500,1955.5,1960.0
2025-08-20 13:01:00,23.5,23.5,23.4,23.4,1130000,19.65122,425500,1956.0,1960.0
2025-08-20 13:02:00,23.4,24.25,23.4,24.25,63000,20.373382,425500,1956.0,1960.0
2025-08-20 13:03:00,24.25,24.85,24.25,24.55,1140500,20.325099,425500,1956.7,1960.0
2025-08-20 13:04:00,24.55,24.9,24.3,24.3,69500,20.331289,424500,1956.2,1960.0
2025-08-20 13:05:00,24.3,24.45,24.3,24.45,1143000,20.242257,424500,1956.7,1960.0
2025-08-20 13:06:00,24.45,24.7,24.45,24.7,77000,20.32433,424500,1957.0,1960.0
2025-08-20 13:07:00,24.7,24.85,24.7,24.85,1144500,20.408828,423500,1957.1,1960.0
2025-08-20 13:08:00,24.85,24.85,24.55,24.55,84500,20.330128,423500,1956.7,1960.0
2025-08-20 13:09:00,24.55,24.55,24.2,24.2,1147500,20.337991,423500,1956.0,1960.0
2025-08-20 13:10:00,24.2,24.2,23.25,23.25,88000,20.512007,420000,1953.7,1960.0
2025-08-20 13:11:00,23.25,23.25,23.0,23.0,1149500,20.759239,420000,1952.6,1960.0
2025-08-20 13:12:00,23.0,23.15,22.65,23.15,91000,20.387056,420000,1953.8,1960.0
2025-08-20 13:13:00,23.15,23.15,23.15,23.15,1150500,20.513914,417500,1953.5,1960.0
2025-08-20 13:14:00,23.15,23.15,23.15,23.15,91500,20.514922,417500,1953.5,1960.0
2025-08-20 13:15:00,23.15,23.15,23.15,23.15,0,20.683063,417500,1953.1,1960.0
2025-08-20 13:16:00,23.15,23.15,23.0,23.0,1247500,20.556539,417500,1953.1,1960.0
2025-08-20 13:17:00,23.0,23.15,23.0,23.15,1000,20.476038,415500,1953.6,1960.0
2025-08-20 13:18:00,23.15,23.15,23.15,23.15,0,20.686105,415500,1953.1,1960.0
2025-08-20 13:19:00,23.15,23.15,22.85,22.85,1261000,20.598305,416500,1952.7,1960.0
2025-08-20 13:20:00,22.85,23.2,22.85,23.2,2500,20.605343,416500,1953.4,1960.0
2025-08-20 13:21:00,23.2,23.2,23.2,23.2,0,20.4806,416500,1953.7,1960.0
2025-08-20 13:22:00,23.2,23.2,22.95,22.95,1264000,20.686415,423000,1952.7,1960.0
2025-08-20 13:23:00,22.95,22.95,22.5,22.5,4500,20.387366,423000,1952.5,1960.0
2025-08-20 13:24:00,22.5,22.5,22.2,22.2,1266500,19.884177,423000,1953.1,1960.0
2025-08-20 13:25:00,22.2,22.2,22.2,22.2,0,20.051275,423000,1952.7,1960.0
2025-08-20 13:26:00,22.2,22.7,22.2,22.7,1272000,20.684523,421500,1952.2,1960.0
2025-08-20 13:27:00,22.7,22.7,22.7,22.7,0,20.726755,421500,1952.1,1960.0
2025-08-20 13:28:00,22.7,22.7,22.5,22.5,1274500,20.598612,422000,1952.0,1960.0
2025-08-20 13:29:00,22.5,22.5,22.5,22.5,0,20.599621,422000,1952.0,1960.0
2025-08-20 13:30:00,22.5,22.9,22.5,22.9,1275000,20.941318,422000,1952.0,1960.0
2025-08-20 13:31:00,22.9,23.05,22.9,23.0,1500,21.027514,422500,1952.0,1960.0
2025-08-20 13:32:00,23.0,23.0,23.0,23.0,0,21.028544,422500,1952.0,1960.0
2025-08-20 13:33:00,23.0,23.0,23.0,23.0,0,20.823062,422500,1952.5,1960.0
2025-08-20 13:34:00,23.0,23.35,23.0,23.35,1277000,20.070684,422000,1955.0,1960.0
2025-08-20 13:35:00,23.35,24.35,23.35,24.3,16500,20.879035,422000,1955.0,1960.0
2025-08-20 13:36:00,24.3,24.8,24.3,24.8,1282000,20.961395,422000,1955.8,1960.0
2025-08-20 13:37:00,24.8,24.8,24.5,24.6,21000,20.619414,417500,1956.2,1960.0
2025-08-20 13:38:00,24.6,24.6,24.6,24.6,0,20.793509,417500,1955.8,1960.0
2025-08-20 13:39:00,24.6,24.6,24.6,24.6,0,20.751344,417500,1955.9,1960.0
2025-08-20 13:40:00,24.6,24.7,24.6,24.7,1306500,20.880543,417500,1955.8,1960.0
2025-08-20 13:41:00,24.7,24.9,24.7,24.9,1000,20.660827,417500,1956.7,1960.0
2025-08-20 13:42:00,24.9,25.0,24.9,24.9,1314500,20.61816,417500,1956.8,1960.0
2025-08-20 13:43:00,24.9,24.9,24.9,24.9,2500,20.750089,410500,1956.5,1960.0
2025-08-20 13:44:00,24.9,25.1,24.9,25.1,1316000,20.921098,410500,1956.5,1960.0
2025-08-20 13:45:00,25.1,25.1,25.1,25.1,0,20.747466,410500,1956.9,1960.0
2025-08-20 13:46:00,25.1,25.5,25.1,25.5,1324500,21.088493,409000,1956.9,1960.0
2025-08-20 13:47:00,25.5,25.5,25.1,25.35,12000,20.918221,409000,1957.0,1960.0
2025-08-20 13:48:00,25.35,25.35,25.1,25.1,1325500,20.662868,409000,1957.1,1960.0
2025-08-20 13:49:00,25.1,25.3,25.1,25.3,15000,20.877785,406000,1957.0,1960.0
2025-08-20 13:50:00,25.3,25.3,25.1,25.1,1327500,20.796359,406000,1956.8,1960.0
2025-08-20 13:51:00,25.1,25.4,25.1,25.4,17500,20.612325,406000,1957.8,1960.0
2025-08-20 13:52:00,25.4,25.4,25.4,25.4,1328000,20.524628,403000,1958.0,1960.0
2025-08-20 13:53:00,25.4,25.45,25.4,25.45,23000,20.255752,403000,1958.7,1960.0
2025-08-20 13:54:00,25.45,25.5,25.45,25.5,1335500,20.254428,403000,1958.8,1960.0
2025-08-20 13:55:00,25.5,25.5,25.5,25.5,0,20.210498,403000,1958.9,1960.0
2025-08-20 13:56:00,25.5,25.5,25.4,25.4,1359500,20.216237,402000,1958.7,1960.0
2025-08-20 13:57:00,25.4,25.7,25.4,25.6,10500,20.38744,402000,1958.7,1960.0
2025-08-20 13:58:00,25.6,26.45,25.6,26.45,1368000,20.569761,402000,1959.9,1960.0
2025-08-20 13:59:00,26.45,27.0,26.3,26.3,27500,20.306043,402000,1960.2,1960.0
2025-08-20 14:00:00,26.3,26.35,26.3,26.35,1373000,20.395387,402000,1960.1,1960.0
2025-08-20 14:01:00,26.35,26.35,25.9,25.9,30000,20.058661,394500,1960.0,1960.0
2025-08-20 14:02:00,25.9,26.7,25.9,26.7,1378500,20.649957,394500,1960.2,1960.0
2025-08-20 14:03:00,26.7,26.8,26.7,26.8,31000,20.736204,394500,1960.2,1960.0
2025-08-20 14:04:00,26.8,26.8,26.8,26.8,0,20.599795,393000,1960.5,1960.0
2025-08-20 14:05:00,26.8,27.35,26.75,27.35,1416500,20.51459,393000,1961.7,1960.0
2025-08-20 14:06:00,27.35,27.5,27.15,27.5,6500,20.221,393000,1962.6,1960.0
2025-08-20 14:07:00,27.5,27.65,27.5,27.65,1419000,20.350298,391000,1962.6,1960.0
2025-08-20 14:08:00,27.65,27.75,27.6,27.6,10000,20.213857,391000,1962.8,1960.0
2025-08-20 14:09:00,27.6,27.8,27.55,27.55,1426000,20.124619,391000,1962.9,1960.0
2025-08-20 14:10:00,27.55,27.55,27.05,27.05,17000,19.74521,384500,1962.8,1960.0
2025-08-20 14:11:00,27.05,28.3,27.05,28.3,1443000,20.578299,384500,1963.3,1960.0
2025-08-20 14:12:00,28.3,28.3,26.9,26.9,24000,20.230776,384500,1961.5,1960.0
2025-08-20 14:13:00,26.9,26.9,26.0,26.05,1448000,20.198612,384500,1960.0,1960.0
2025-08-20 14:14:00,26.05,26.05,25.4,25.95,30000,20.205609,385500,1959.8,1960.0
2025-08-20 14:15:00,25.95,26.45,25.95,26.45,1454000,19.942666,385500,1961.3,1960.0
2025-08-20 14:16:00,26.45,26.45,26.45,26.45,31500,19.943672,385500,1961.3,1960.0
2025-08-20 14:17:00,26.45,26.55,26.45,26.55,1456000,20.353959,379500,1960.6,1960.0
2025-08-20 14:18:00,26.55,26.55,26.45,26.45,34500,19.992177,379500,1961.2,1960.0
2025-08-20 14:19:00,26.45,26.95,26.45,26.95,1458500,20.093624,379500,1961.9,1960.0
2025-08-20 14:20:00,26.95,26.95,26.95,26.95,0,19.859254,379500,1962.4,1960.0
2025-08-20 14:21:00,26.95,26.95,26.95,26.95,1493500,20.048722,376000,1962.0,1960.0
2025-08-20 14:22:00,26.95,26.95,26.9,26.9,2000,19.771167,375000,1962.5,1960.0
2025-08-20 14:23:00,26.9,26.9,26.75,26.75,1495000,19.643775,375000,1962.5,1960.0
2025-08-20 14:24:00,26.75,26.8,26.75,26.8,3000,19.734907,375000,1962.4,1960.0
2025-08-20 14:25:00,26.8,26.9,26.8,26.9,1495500,20.010013,374500,1962.0,1960.0
2025-08-20 14:26:00,26.9,26.9,26.35,26.35,5000,19.540611,374500,1962.0,1960.0
2025-08-20 14:27:00,26.35,27.0,26.35,27.0,1497000,20.144487,374500,1961.9,1960.0
2025-08-20 14:28:00,27.0,27.0,26.85,26.85,5500,20.064126,374500,1961.8,1960.0
2025-08-20 14:29:00,26.85,26.85,26.85,26.85,0,20.065139,374500,1961.8,1960.0
2025-08-20 14:30:00,26.85,26.85,26.4,26.4,1504000,19.728234,374500,1961.7,1960.0
2025-08-20 14:31:00,26.4,27.2,26.4,27.2,8500,20.923046,373000,1960.6,1960.0
2025-08-20 14:32:00,27.2,27.2,26.7,26.7,1506500,20.497329,373000,1960.6,1960.0
2025-08-20 14:33:00,26.7,26.7,26.4,26.4,10000,20.6087,373000,1959.8,1960.0
2025-08-20 14:34:00,26.4,26.5,26.4,26.5,1507000,20.42064,374000,1960.4,1960.0
2025-08-20 14:35:00,26.5,26.5,26.5,26.5,0,20.604856,374000,1960.0,1960.0
2025-08-20 14:36:00,26.5,26.5,25.9,25.9,1518000,20.637951,374000,1958.8,1960.0
2025-08-20 14:37:00,25.9,25.9,25.2,25.2,1000,19.861777,375000,1959.2,1960.0
2025-08-20 14:38:00,25.2,25.8,25.2,25.8,1525000,20.64457,375000,1958.6,1960.0
2025-08-20 14:39:00,25.8,25.8,25.45,25.45,8500,19.986363,375000,1959.4,1960.0
2025-08-20 14:40:00,25.45,25.45,25.45,25.45,0,19.530279,375000,1960.4,1960.0
2025-08-20 14:41:00,25.45,25.45,25.45,25.45,0,19.714928,372000,1960.0,1960.0
2025-08-20 14:42:00,25.45,25.6,25.45,25.5,1537500,19.574955,372000,1960.4,1960.0
2025-08-20 14:43:00,25.5,25.5,25.5,25.5,1500,19.575947,371500,1960.4,1960.0
2025-08-20 14:44:00,25.5,25.5,25.4,25.4,1538500,19.491528,371500,1960.4,1960.0
2025-08-20 14:45:00,25.4,25.4,25.4,25.4,0,19.538547,371500,1960.3,1960.0
2025-08-20 14:46:00,25.4,25.4,25.4,25.4,0,19.122631,371500,1961.2,1960.0
2025-08-20 14:47:00,25.4,25.5,25.25,25.25,1542000,18.807981,371000,1961.6,1960.0
2025-08-20 14:48:00,25.25,25.85,25.25,25.85,1500,19.039747,371000,1962.2,1960.0
2025-08-20 14:49:00,25.85,25.85,25.85,25.85,0,19.370309,371000,1961.5,1960.0
2025-08-20 14:50:00,25.85,25.85,25.55,25.55,1544000,18.879282,371500,1962.0,1960.0
2025-08-20 14:51:00,25.55,25.55,25.55,25.55,0,18.880247,371500,1962.0,1960.0
2025-08-20 14:52:00,25.55,26.15,25.55,26.15,1546000,19.442269,371500,1961.9,1960.0
2025-08-20 14:53:00,26.15,26.15,25.75,25.85,2000,19.233441,371500,1961.8,1960.0
2025-08-20 14:54:00,25.85,25.85,25.65,25.65,1547000,18.874176,371500,1962.2,1960.0
2025-08-20 14:55:00,25.65,25.65,25.65,25.65,0,18.875143,371500,1962.2,1960.0
2025-08-20 14:56:00,25.65,26.3,25.65,26.3,1549500,19.100234,370500,1962.9,1960.0
2025-08-20 14:57:00,26.3,26.6,26.3,26.6,2000,19.501647,370500,1962.6,1960.0
2025-08-20 14:58:00,26.6,26.6,26.3,26.3,1551000,19.4824,370500,1962.1,1960.0
2025-08-20 14:59:00,26.3,27.1,26.3,27.1,4000,19.55021,368500,1963.4,1960.0
2025-08-20 15:00:00,27.1,27.1,25.85,25.85,1557000,19.098769,368500,1962.1,1960.0
2025-08-20 15:01:00,25.85,25.85,25.85,25.85,0,19.004992,368500,1962.3,1960.0
2025-08-20 15:02:00,25.85,25.85,25.65,25.65,1562000,19.398775,367000,1961.1,1960.0
2025-08-20 15:03:00,25.65,25.65,25.65,25.65,0,19.446295,367000,1961.0,1960.0
2025-08-20 15:04:00,25.65,25.65,25.4,25.4,1563000,19.41895,367000,1960.6,1960.0
2025-08-20 15:05:00,25.4,25.4,25.4,25.4,0,19.466143,366000,1960.5,1960.0
2025-08-20 15:06:00,25.4,25.7,25.4,25.7,1564000,19.677445,366000,1960.6,1960.0
2025-08-20 15:07:00,25.7,25.8,25.7,25.8,1000,19.763949,366000,1960.6,1960.0
2025-08-20 15:08:00,25.8,26.2,25.8,26.2,1567000,21.506903,366000,1957.5,1960.0
2025-08-20 15:09:00,26.2,26.2,24.45,24.45,44000,19.748382,366000,1958.1,1960.0
2025-08-20 15:10:00,24.45,24.45,24.35,24.45,1571000,19.883038,367000,1957.8,1960.0
2025-08-20 15:11:00,24.45,24.45,23.45,23.45,55000,19.560249,367000,1956.6,1960.0
2025-08-20 15:12:00,23.45,24.3,23.45,24.3,1588000,20.373716,367000,1956.4,1960.0
2025-08-20 15:13:00,24.3,24.4,24.3,24.4,57000,20.41637,370000,1956.5,1960.0
2025-08-20 15:14:00,24.4,24.6,24.4,24.6,1593000,20.631684,370000,1956.4,1960.0
2025-08-20 15:15:00,24.6,24.8,24.6,24.8,64000,20.540461,370000,1957.0,1960.0
2025-08-20 15:16:00,24.8,24.9,24.8,24.9,1596000,20.802291,370000,1956.6,1960.0
2025-08-20 15:17:00,24.9,25.25,24.9,25.25,68000,19.671434,369500,1959.8,1960.0
2025-08-20 15:18:00,25.25,26.35,25.25,26.1,1614000,20.852099,369500,1958.8,1960.0
2025-08-20 15:19:00,26.1,26.1,26.1,26.1,69000,20.491046,366000,1959.6,1960.0
2025-08-20 15:20:00,26.1,26.25,25.8,25.8,1619000,21.000838,366000,1957.9,1960.0
2025-08-20 15:21:00,25.8,25.8,25.65,25.65,73000,21.051374,366000,1957.5,1960.0
2025-08-20 15:22:00,25.65,25.65,25.55,25.55,1620500,20.878418,366000,1957.7,1960.0
2025-08-20 15:23:00,25.55,25.8,25.5,25.8,77500,21.137207,362000,1957.6,1960.0
2025-08-20 15:24:00,25.8,26.2,25.7,26.2,1625500,20.853607,362000,1959.0,1960.0
2025-08-20 15:25:00,26.2,26.6,26.2,26.6,87500,21.151175,354500,1959.1,1960.0
2025-08-20 15:26:00,26.6,26.6,26.6,26.6,0,21.197378,354500,1959.0,1960.0
2025-08-20 15:27:00,26.6,26.8,26.5,26.5,1727000,20.795625,354500,1959.7,1960.0
2025-08-20 15:28:00,26.5,26.5,26.5,26.5,3000,21.023692,349500,1959.2,1960.0
2025-08-20 15:29:00,16.9,16.9,16.9,16.9,0,12.127912,0,1981.9,1980.0
2025-08-21 09:15:00,20.0,27.45,20.0,25.1,398500,24.209532,976500,1990.8,2000.0
2025-08-21 09:16:00,34.05,34.05,31.65,31.7,167500,22.937087,410500,1986.7,1980.0
2025-08-21 09:17:00,31.7,32.0,31.25,31.35,350000,23.435968,410500,1985.1,1980.0
2025-08-21 09:18:00,31.35,31.95,30.8,31.4,296000,23.280936,515500,1985.5,1980.0
2025-08-21 09:19:00,31.4,32.25,28.55,31.05,480500,23.019993,515500,1985.4,1980.0
2025-08-21 09:20:00,31.05,33.3,30.25,32.5,406000,23.092131,515500,1987.8,1980.0
2025-08-21 09:21:00,32.5,32.6,29.05,29.5,590000,23.36652,572000,1981.9,1980.0
2025-08-21 09:22:00,29.5,30.7,29.5,29.5,468500,22.538893,572000,1983.6,1980.0
2025-08-21 09:23:00,29.5,29.55,28.15,28.25,647000,22.451216,572000,1981.5,1980.0
2025-08-21 09:24:00,28.25,29.65,26.65,27.85,542000,23.233284,624000,1979.1,1980.0
2025-08-21 09:25:00,27.85,28.25,27.0,27.95,687500,23.27655,624000,1979.2,1980.0
2025-08-21 09:26:00,27.95,30.65,27.95,30.1,612500,22.631995,624000,1984.5,1980.0
2025-08-21 09:27:00,30.1,31.45,29.7,31.15,763000,22.30335,621000,1987.0,1980.0
2025-08-21 09:28:00,31.15,32.0,30.85,31.0,678500,22.733598,621000,1985.9,1980.0
2025-08-21 09:29:00,31.0,31.5,29.8,30.8,808500,22.909879,621000,1985.2,1980.0
2025-08-21 09:30:00,30.8,31.5,30.3,31.45,711000,23.087901,631500,1986.0,1980.0
2025-08-21 09:31:00,31.45,31.45,29.5,29.8,839000,23.013944,631500,1983.2,1980.0
2025-08-21 09:32:00,29.8,30.2,29.25,29.25,731500,22.867604,631500,1982.5,1980.0
2025-08-21 09:33:00,29.25,29.85,29.15,29.85,844000,22.765498,653500,1983.8,1980.0
2025-08-21 09:34:00,29.85,29.85,28.5,28.5,758000,23.116719,653500,1980.6,1980.0
2025-08-21 09:35:00,28.5,29.5,28.4,28.55,897500,22.684353,653500,1981.6,1980.0
2025-08-21 09:36:00,28.55,29.15,28.55,28.9,767000,22.463633,656000,1982.7,1980.0
2025-08-21 09:37:00,28.9,29.3,28.9,29.3,902500,22.723188,656000,1982.9,1980.0
2025-08-21 09:38:00,29.3,29.3,28.8,29.1,786000,22.838782,656000,1982.3,1980.0
2025-08-21 09:39:00,29.1,29.65,29.0,29.65,928000,22.693477,663000,1983.6,1980.0
2025-08-21 09:40:00,29.65,29.65,28.15,28.45,797000,22.360039,663000,1982.1,1980.0
2025-08-21 09:41:00,28.45,28.5,28.15,28.15,944500,22.384274,663000,1981.5,1980.0
2025-08-21 09:42:00,28.15,29.45,28.15,29.0,824500,22.4132,653000,1983.0,1980.0
2025-08-21 09:43:00,29.0,29.15,28.15,28.35,955500,22.080145,653000,1982.5,1980.0
2025-08-21 09:44:00,28.35,28.35,28.35,28.35,828500,22.324405,653000,1982.0,1980.0
2025-08-21 09:45:00,28.35,28.45,28.15,28.15,965500,22.001968,661500,1982.3,1980.0
2025-08-21 09:46:00,28.15,29.1,28.15,29.1,835000,22.653962,661500,1982.7,1980.0
2025-08-21 09:47:00,29.1,29.65,29.1,29.65,1029500,22.554916,661500,1983.9,1980.0
2025-08-21 09:48:00,29.65,29.95,29.65,29.95,901500,22.922724,740500,1983.7,1980.0
2025-08-21 09:49:00,29.95,30.5,29.95,30.2,1056500,22.799624,740500,1984.4,1980.0
2025-08-21 09:50:00,30.2,30.6,30.2,30.6,934000,23.356574,740500,1984.0,1980.0
2025-08-21 09:51:00,30.6,32.05,30.6,32.05,1142500,22.882578,717500,1987.5,1980.0
2025-08-21 09:52:00,32.05,32.1,31.35,31.5,983000,22.85416,717500,1986.6,1980.0
2025-08-21 09:53:00,31.5,31.5,30.8,31.4,1160500,23.07211,717500,1986.0,1980.0
2025-08-21 09:54:00,31.4,31.4,31.0,31.35,988000,23.38262,717500,1985.3,1980.0
2025-08-21 09:55:00,31.35,31.35,30.5,30.5,1168000,23.025136,748500,1984.5,1980.0
2025-08-21 09:56:00,30.5,31.15,30.5,31.15,1012500,22.953576,748500,1985.8,1980.0
2025-08-21 09:57:00,31.15,31.55,31.15,31.55,1175500,23.26227,736500,1985.9,1980.0
2025-08-21 09:58:00,31.55,31.55,31.05,31.05,1026000,22.764839,736500,1986.0,1980.0
2025-08-21 09:59:00,31.05,31.05,30.8,30.8,1184500,22.99773,736500,1985.1,1980.0
2025-08-21 10:00:00,30.8,30.8,30.45,30.45,1029000,22.178367,724500,1986.1,1980.0
2025-08-21 10:01:00,30.45,31.4,30.45,30.8,1223500,23.050495,724500,1985.0,1980.0
2025-08-21 10:02:00,30.8,30.8,29.85,30.6,1046500,23.123261,724500,1984.5,1980.0
2025-08-21 10:03:00,30.6,30.6,29.0,29.9,1250000,22.797819,704000,1983.9,1980.0
2025-08-21 10:04:00,29.9,31.1,29.8,31.1,1058500,22.868023,704000,1985.9,1980.0
2025-08-21 10:05:00,31.1,31.45,30.55,31.0,1263500,22.728752,704000,1986.0,1980.0
2025-08-21 10:06:00,21.3,23.5,21.0,23.35,1881500,22.981041,1288500,1990.2,2000.0
2025-08-21 10:07:00,33.4,33.8,32.4,33.0,1321000,22.439372,667500,1990.0,1980.0
2025-08-21 10:08:00,33.0,33.15,32.2,32.2,1148000,22.673773,667500,1988.2,1980.0
2025-08-21 10:09:00,32.2,32.2,31.15,31.55,1338500,22.507308,647500,1987.4,1980.0
2025-08-21 10:10:00,31.55,32.0,31.3,31.3,1166000,22.799741,647500,1986.4,1980.0
2025-08-21 10:11:00,31.3,31.6,31.15,31.15,1350500,22.357416,647500,1987.0,1980.0
2025-08-21 10:12:00,31.15,31.25,31.0,31.05,1170000,22.833224,647500,1985.9,1980.0
2025-08-21 10:13:00,31.05,31.05,30.5,30.5,1362000,22.290254,629500,1986.0,1980.0
2025-08-21 10:14:00,30.5,31.0,30.5,31.0,1173000,22.637875,629500,1986.2,1980.0
2025-08-21 10:15:00,31.0,31.25,31.0,31.25,1364000,22.658499,629500,1986.6,1980.0
2025-08-21 10:16:00,31.25,31.25,30.95,30.95,1181000,23.153332,629500,1985.1,1980.0
2025-08-21 10:17:00,30.95,30.95,29.75,30.15,1387000,22.988943,629500,1984.0,1980.0
2025-08-21 10:18:00,30.15,31.95,30.15,31.5,1191500,22.317082,633000,1987.7,1980.0
2025-08-21 10:19:00,31.5,31.5,30.85,31.35,1392500,22.753304,633000,1986.6,1980.0
2025-08-21 10:20:00,31.35,31.35,30.55,30.55,1194000,22.292587,633000,1986.1,1980.0
2025-08-21 10:21:00,30.55,30.55,30.4,30.4,1396500,21.694767,633000,1987.0,1980.0
2025-08-21 10:22:00,30.4,30.85,30.4,30.85,1196000,22.359259,632500,1986.5,1980.0
2025-08-21 10:23:00,30.85,31.05,30.85,31.05,1398500,22.745047,632500,1986.1,1980.0
2025-08-21 10:24:00,31.05,31.05,30.75,30.75,1196500,22.528134,634500,1986.0,1980.0
2025-08-21 10:25:00,30.75,30.75,30.4,30.4,1401500,22.520607,634500,1985.4,1980.0
2025-08-21 10:26:00,30.4,30.4,30.0,30.0,1203000,21.65158,634500,1986.4,1980.0
2025-08-21 10:27:00,30.0,30.5,29.9,30.5,1417500,22.562037,636500,1985.5,1980.0
2025-08-21 10:28:00,30.5,30.5,29.75,30.15,1206500,21.9944,636500,1986.0,1980.0
2025-08-21 10:29:00,30.15,30.3,30.0,30.3,1425000,22.130323,636500,1986.0,1980.0
2025-08-21 10:30:00,30.3,31.0,30.3,31.0,1212000,22.297643,636500,1986.9,1980.0
2025-08-21 10:31:00,31.0,31.0,30.8,30.8,1426000,22.479426,630000,1986.2,1980.0
2025-08-21 10:32:00,30.8,30.8,30.75,30.75,1213500,22.435756,630000,1986.2,1980.0
2025-08-21 10:33:00,30.75,30.75,30.4,30.75,1427500,22.385717,630000,1986.3,1980.0
2025-08-21 10:34:00,30.75,30.75,30.35,30.35,1214000,22.130127,628000,1986.1,1980.0
2025-08-21 10:35:00,30.35,30.55,30.35,30.55,1430500,22.311023,628000,1986.1,1980.0
2025-08-21 10:36:00,30.55,30.55,30.0,30.0,1221500,22.17547,627000,1985.4,1980.0
2025-08-21 10:37:00,30.0,30.0,29.5,29.5,1438000,22.031964,627000,1984.8,1980.0
2025-08-21 10:38:00,29.5,29.5,29.5,29.5,1223000,22.284273,627000,1984.3,1980.0
2025-08-21 10:39:00,29.5,29.5,29.2,29.2,1442000,22.116952,627000,1984.1,1980.0
2025-08-21 10:40:00,29.2,29.2,29.2,29.2,0,22.168069,625500,1984.0,1980.0
2025-08-21 10:41:00,29.2,29.2,29.2,29.2,2669500,22.119386,625500,1984.1,1980.0
2025-08-21 10:42:00,29.2,29.2,28.8,28.8,9500,22.553232,625500,1982.5,1980.0
2025-08-21 10:43:00,28.8,28.8,28.7,28.7,2670500,22.708613,628500,1982.0,1980.0
2025-08-21 10:44:00,28.7,28.7,27.75,27.8,30500,22.293744,628500,1981.2,1980.0
2025-08-21 10:45:00,27.8,28.65,27.55,28.65,2706000,22.860033,628500,1981.6,1980.0
2025-08-21 10:46:00,28.65,28.65,27.9,28.1,34000,21.835144,613000,1982.7,1980.0
2025-08-21 10:47:00,28.1,28.1,28.1,28.1,2711000,21.983305,613000,1982.4,1980.0
2025-08-21 10:48:00,28.1,28.1,28.1,28.1,36500,21.837547,613000,1982.7,1980.0
2025-08-21 10:49:00,28.1,28.1,28.0,28.0,2715500,22.042794,622500,1982.1,1980.0
2025-08-21 10:50:00,28.0,28.05,28.0,28.05,40000,22.475842,622500,1981.3,1980.0
2025-08-21 10:51:00,28.05,28.05,27.1,27.1,2720000,21.726241,630500,1981.1,1980.0
2025-08-21 10:52:00,27.1,27.1,26.6,26.6,63000,21.425719,630500,1980.8,1980.0
2025-08-21 10:53:00,26.6,27.3,26.6,27.3,2726500,22.002996,630500,1980.9,1980.0
2025-08-21 10:54:00,27.3,27.5,27.3,27.5,64000,22.038413,630500,1981.2,1980.0
2025-08-21 10:55:00,27.5,27.5,27.25,27.25,2734500,21.864783,625000,1981.1,1980.0
2025-08-21 10:56:00,27.25,27.5,27.25,27.5,70000,21.409151,625000,1982.5,1980.0
2025-08-21 10:57:00,27.5,27.65,27.5,27.65,2736000,21.788661,625000,1982.0,1980.0
2025-08-21 10:58:00,27.65,27.65,27.65,27.65,0,21.545567,625000,1982.5,1980.0
2025-08-21 10:59:00,27.65,27.65,27.65,27.65,0,21.300596,627500,1983.0,1980.0
2025-08-21 11:00:00,27.65,28.3,27.65,28.3,2808000,21.386218,627500,1984.0,1980.0
2025-08-21 11:01:00,28.3,28.3,27.85,27.85,5000,21.629698,627500,1982.7,1980.0
2025-08-21 11:02:00,27.85,27.85,27.6,27.6,2808500,21.505631,627500,1982.5,1980.0
2025-08-21 11:03:00,27.6,27.6,27.6,27.6,0,21.50682,627500,1982.5,1980.0
2025-08-21 11:04:00,27.6,27.6,27.35,27.35,2816000,21.964802,631000,1981.1,1980.0
2025-08-21 11:05:00,27.35,27.35,27.25,27.25,9000,22.307073,631000,1980.2,1980.0
2025-08-21 11:06:00,27.25,27.25,27.05,27.05,2819500,22.177512,631000,1980.1,1980.0
2025-08-21 11:07:00,27.05,27.05,26.9,26.9,10500,21.758949,627000,1980.7,1980.0
2025-08-21 11:08:00,26.9,26.9,26.5,26.5,2824000,21.689643,627000,1980.1,1980.0
2025-08-21 11:09:00,26.5,27.5,26.5,27.5,16000,22.43969,627000,1980.4,1980.0
2025-08-21 11:10:00,27.5,27.5,27.0,27.0,2826500,21.995063,626000,1980.4,1980.0
2025-08-21 11:11:00,27.0,27.1,27.0,27.0,17500,21.996269,626000,1980.4,1980.0
2025-08-21 11:12:00,27.0,27.0,26.95,26.95,2827000,22.000533,626000,1980.3,1980.0
2025-08-21 11:13:00,26.95,26.95,26.95,26.95,18000,21.858583,629500,1980.6,1980.0
2025-08-21 11:14:00,26.95,26.95,26.95,26.95,0,22.050534,629500,1980.2,1980.0
2025-08-21 11:15:00,26.95,26.95,26.5,26.5,2846000,21.887571,629500,1979.7,1980.0
2025-08-21 11:16:00,26.5,26.7,26.5,26.55,7000,22.121898,634500,1979.3,1980.0
2025-08-21 11:17:00,26.55,26.55,26.4,26.4,2852500,21.420476,634500,1980.5,1980.0
2025-08-21 11:18:00,26.4,26.8,26.4,26.8,12500,22.0166,634500,1980.0,1980.0
2025-08-21 11:19:00,26.8,26.8,26.75,26.75,2854000,21.735138,637000,1980.5,1980.0
2025-08-21 11:20:00,26.75,26.75,26.6,26.75,13500,21.926936,637000,1980.1,1980.0
2025-08-21 11:21:00,26.75,26.75,26.2,26.55,2858000,21.892051,637000,1979.8,1980.0
2025-08-21 11:22:00,26.55,26.55,26.4,26.4,16500,21.806799,634000,1979.7,1980.0
2025-08-21 11:23:00,26.4,26.6,26.3,26.6,2859500,21.844236,634000,1980.0,1980.0
2025-08-21 11:24:00,26.6,26.6,26.6,26.6,17000,21.750358,634000,1980.2,1980.0
2025-08-21 11:25:00,26.6,26.7,26.4,26.4,2863000,21.668214,634000,1980.0,1980.0
2025-08-21 11:26:00,26.4,26.7,26.0,26.15,26500,21.635878,634000,1979.6,1980.0
2025-08-21 11:27:00,26.15,26.35,26.15,26.15,2866000,21.44754,634000,1980.0,1980.0
2025-08-21 11:28:00,26.15,26.35,26.15,26.35,28000,21.863857,637000,1979.5,1980.0
2025-08-21 11:29:00,26.35,26.35,26.15,26.15,2872500,22.155386,637000,1978.5,1980.0
2025-08-21 11:30:00,26.15,26.15,25.5,25.6,36500,21.712834,637000,1978.4,1980.0
2025-08-21 11:31:00,25.6,25.6,25.4,25.4,2879000,21.349089,633500,1978.8,1980.0
2025-08-21 11:32:00,25.4,25.65,25.4,25.65,37500,21.759792,633500,1978.4,1980.0
2025-08-21 11:33:00,25.65,25.65,25.2,25.3,2885000,21.26226,633500,1978.8,1980.0
2025-08-21 11:34:00,25.3,26.5,25.3,26.5,53000,21.76819,632500,1980.0,1980.0
2025-08-21 11:35:00,26.5,26.75,26.5,26.75,2886500,21.224135,632500,1981.6,1980.0
2025-08-21 11:36:00,26.75,27.25,26.75,27.25,57500,21.962251,632500,1981.0,1980.0
2025-08-21 11:37:00,27.25,27.25,27.05,27.05,2887000,21.543266,638500,1981.5,1980.0
2025-08-21 11:38:00,27.05,27.25,27.05,27.25,59000,22.537199,638500,1979.8,1980.0
2025-08-21 11:39:00,27.25,27.25,26.25,26.3,2898000,21.832445,638500,1979.5,1980.0
2025-08-21 11:40:00,26.3,26.3,26.3,26.3,0,22.068851,638500,1979.0,1980.0
2025-08-21 11:41:00,26.3,26.3,25.85,25.85,2959000,22.13457,640000,1978.0,1980.0
2025-08-21 11:42:00,25.85,25.85,24.9,24.9,8500,21.519368,640000,1977.5,1980.0
2025-08-21 11:43:00,24.9,24.9,24.2,24.2,2984000,22.117673,638500,1974.8,1980.0
2025-08-21 11:44:00,24.2,24.65,24.2,24.45,27000,21.532196,638500,1976.6,1980.0
2025-08-21 11:45:00,24.45,24.55,24.45,24.55,2989000,21.939609,638500,1975.9,1980.0
2025-08-21 11:46:00,24.55,25.1,24.55,25.1,37000,22.114282,648500,1976.6,1980.0
2025-08-21 11:47:00,25.1,25.5,25.1,25.5,2991000,22.2898,648500,1977.0,1980.0
2025-08-21 11:48:00,25.5,25.5,25.35,25.5,46500,22.153568,648500,1977.3,1980.0
2025-08-21 11:49:00,25.5,25.7,25.5,25.7,2994000,22.379055,655000,1977.2,1980.0
2025-08-21 11:50:00,25.7,25.75,25.7,25.75,58500,22.056252,655000,1978.0,1980.0
2025-08-21 11:51:00,25.75,25.95,25.75,25.95,3001500,22.282181,655000,1977.9,1980.0
2025-08-21 11:52:00,25.95,25.95,25.6,25.6,62000,22.293506,661500,1977.2,1980.0
2025-08-21 11:53:00,25.6,25.6,25.5,25.5,3004500,22.25133,661500,1977.1,1980.0
2025-08-21 11:54:00,25.5,26.0,25.5,26.0,66000,22.468956,661500,1977.6,1980.0
2025-08-21 11:55:00,26.0,26.0,25.35,25.35,3009500,22.028205,666000,1977.3,1980.0
2025-08-21 11:56:00,25.35,25.65,24.85,24.85,67500,21.994197,666000,1976.4,1980.0
2025-08-21 11:57:00,24.85,25.5,24.85,25.15,3013500,21.98965,666000,1977.0,1980.0
2025-08-21 11:58:00,25.15,25.15,25.0,25.0,71000,21.948381,666500,1976.8,1980.0
2025-08-21 11:59:00,25.0,25.0,24.85,24.85,3016000,21.997805,666500,1976.4,1980.0
2025-08-21 12:00:00,24.85,24.85,24.75,24.75,74500,22.181203,666500,1975.8,1980.0
2025-08-21 12:01:00,24.75,25.05,24.7,24.7,3022500,21.775395,672500,1976.6,1980.0
2025-08-21 12:02:00,24.7,24.85,24.7,24.85,85500,22.001411,672500,1976.4,1980.0
2025-08-21 12:03:00,24.85,25.45,24.85,25.45,3026500,22.127111,672500,1977.3,1980.0
2025-08-21 12:04:00,25.45,26.05,25.45,25.55,89500,22.125604,668500,1977.5,1980.0
2025-08-21 12:05:00,25.55,26.3,25.55,26.3,3028000,22.239651,668500,1978.7,1980.0
2025-08-21 12:06:00,26.3,26.5,26.25,26.5,103000,22.090781,668500,1979.4,1980.0
2025-08-21 12:07:00,26.5,26.5,25.95,26.25,3034500,22.197436,663500,1978.7,1980.0
2025-08-21 12:08:00,26.25,26.35,26.05,26.35,110000,22.194341,663500,1978.9,1980.0
2025-08-21 12:09:00,26.35,27.3,26.35,27.3,3041000,21.998754,663500,1981.1,1980.0
2025-08-21 12:10:00,27.3,27.3,26.8,26.8,115500,21.552505,666500,1981.1,1980.0
2025-08-21 12:11:00,26.8,26.9,26.8,26.9,3043500,22.074967,666500,1980.2,1980.0
2025-08-21 12:12:00,26.9,26.9,26.9,26.9,119500,21.884954,666500,1980.6,1980.0
2025-08-21 12:13:00,26.9,27.2,26.9,27.2,3060500,21.280831,663000,1982.4,1980.0
2025-08-21 12:14:00,27.2,28.0,27.2,28.0,134000,21.999332,663000,1982.4,1980.0
2025-08-21 12:15:00,28.0,28.0,27.6,27.6,3064500,21.494176,663000,1982.7,1980.0
2025-08-21 12:16:00,27.6,27.6,27.5,27.5,143500,21.749439,658500,1982.0,1980.0
2025-08-21 12:17:00,27.5,27.5,27.1,27.1,3068500,21.587202,658500,1981.6,1980.0
2025-08-21 12:18:00,27.1,27.1,27.1,27.1,0,22.119055,658500,1980.5,1980.0
2025-08-21 12:19:00,27.1,27.1,26.5,26.5,3215500,21.100674,658500,1981.5,1980.0
2025-08-21 12:20:00,26.5,27.45,26.5,27.45,2500,21.904351,660500,1981.6,1980.0
2025-08-21 12:21:00,27.45,27.5,27.3,27.5,3217500,21.755465,660500,1982.0,1980.0
2025-08-21 12:22:00,27.5,27.5,27.4,27.4,4000,22.00745,658500,1981.3,1980.0
2025-08-21 12:23:00,27.4,27.6,27.4,27.6,3219500,21.70063,658500,1982.3,1980.0
2025-08-21 12:24:00,27.6,28.0,27.6,28.0,7500,21.566716,658500,1983.3,1980.0
2025-08-21 12:25:00,28.0,28.0,27.1,27.1,3223000,21.401643,653000,1982.0,1980.0
2025-08-21 12:26:00,27.1,27.1,27.1,27.1,13000,21.888557,653000,1981.0,1980.0
2025-08-21 12:27:00,27.1,27.1,26.3,26.3,3225500,21.17328,653000,1981.0,1980.0
2025-08-21 12:28:00,26.3,26.3,25.8,25.8,15500,21.206709,652000,1980.0,1980.0
2025-08-21 12:29:00,25.8,26.0,25.8,26.0,3227500,21.386858,652000,1980.0,1980.0
2025-08-21 12:30:00,26.0,26.0,26.0,26.0,17500,21.388043,652000,1980.0,1980.0
2025-08-21 12:31:00,26.0,26.15,26.0,26.15,3229000,21.140139,651000,1980.8,1980.0
2025-08-21 12:32:00,26.15,27.1,26.15,27.1,23000,21.065521,651000,1982.7,1980.0
2025-08-21 12:33:00,27.1,27.35,27.1,27.35,3232000,21.340615,651000,1982.6,1980.0
2025-08-21 12:34:00,27.35,27.55,27.35,27.45,29000,21.28322,651000,1982.9,1980.0
2025-08-21 12:35:00,27.45,27.7,27.45,27.45,3234500,21.776381,651000,1981.9,1980.0
2025-08-21 12:36:00,27.45,27.6,27.45,27.6,31500,21.420358,651000,1982.9,1980.0
2025-08-21 12:37:00,27.6,27.7,27.6,27.7,3235500,21.659657,652000,1982.6,1980.0
2025-08-21 12:38:00,27.7,27.7,27.3,27.5,35000,21.922368,652000,1981.7,1980.0
2025-08-21 12:39:00,27.5,27.5,27.45,27.45,3237000,21.878746,652000,1981.7,1980.0
2025-08-21 12:40:00,27.45,27.45,27.1,27.1,37500,21.857235,650500,1981.1,1980.0
2025-08-21 12:41:00,27.1,27.25,27.1,27.25,3239500,21.555302,650500,1982.0,1980.0
2025-08-21 12:42:00,27.25,27.25,27.0,27.0,42500,21.381097,650500,1981.9,1980.0
2025-08-21 12:43:00,27.0,27.05,27.0,27.05,3241000,21.719254,647000,1981.3,1980.0
2025-08-21 12:44:00,27.05,27.05,26.8,26.8,45000,21.544773,647000,1981.2,1980.0
2025-08-21 12:45:00,26.8,26.8,26.7,26.7,3242500,21.456312,647000,1981.2,1980.0
2025-08-21 12:46:00,26.7,26.75,26.5,26.75,57500,21.550741,646500,1981.1,1980.0
2025-08-21 12:47:00,26.75,26.75,26.5,26.5,3243000,21.712757,646500,1980.3,1980.0
2025-08-21 12:48:00,26.5,26.65,26.5,26.65,58000,21.511824,646500,1981.0,1980.0
2025-08-21 12:49:00,26.65,26.75,26.65,26.75,3243500,21.650942,646500,1980.9,1980.0
2025-08-21 12:50:00,26.75,26.9,26.75,26.9,59500,21.300861,646000,1981.9,1980.0
2025-08-21 12:51:00,26.9,27.2,26.9,27.2,3251000,21.571344,646000,1981.9,1980.0
2025-08-21 12:52:00,27.2,27.2,26.6,27.1,73500,21.92008,656500,1981.0,1980.0
2025-08-21 12:53:00,27.1,27.45,26.95,27.45,3271000,22.041593,656500,1981.4,1980.0
2025-08-21 12:54:00,27.45,28.0,27.45,28.0,83500,22.293018,656500,1981.9,1980.0
2025-08-21 12:55:00,28.0,28.0,27.95,28.0,3275000,22.391706,677500,1981.7,1980.0
2025-08-21 12:56:00,28.0,28.0,27.95,27.95,90000,22.348081,677500,1981.7,1980.0
2025-08-21 12:57:00,27.95,28.15,27.75,27.9,3288000,21.665647,677500,1983.0,1980.0
2025-08-21 12:58:00,27.9,28.6,27.9,28.5,103500,21.757648,675000,1983.9,1980.0
2025-08-21 12:59:00,28.5,28.95,28.2,28.95,3308000,22.11397,675000,1984.0,1980.0
2025-08-21 13:00:00,28.95,29.2,28.7,28.7,145000,21.89001,675000,1984.0,1980.0
2025-08-21 13:01:00,28.7,28.7,28.3,28.7,3319000,21.689606,666000,1984.4,1980.0
2025-08-21 13:02:00,28.7,28.7,28.6,28.6,149000,21.802357,666000,1984.0,1980.0
2025-08-21 13:03:00,28.6,29.2,28.6,29.2,3322500,22.142852,666000,1984.4,1980.0
2025-08-21 13:04:00,29.2,29.2,28.85,29.1,151500,21.952801,664000,1984.6,1980.0
2025-08-21 13:05:00,29.1,29.1,28.8,28.8,3329500,21.935947,664000,1984.1,1980.0
2025-08-21 13:06:00,28.8,28.8,28.45,28.45,157500,21.672047,664000,1984.0,1980.0
2025-08-21 13:07:00,28.45,28.45,28.45,28.45,0,21.823841,664000,1983.7,1980.0
2025-08-21 13:08:00,28.45,28.7,28.45,28.7,3489000,21.849484,661000,1984.1,1980.0
2025-08-21 13:09:00,28.7,28.7,28.2,28.2,3000,21.550896,661000,1983.8,1980.0
2025-08-21 13:10:00,28.2,28.2,27.75,28.0,3495500,21.572224,662500,1983.4,1980.0
2025-08-21 13:11:00,28.0,28.0,28.0,28.0,4500,21.573432,662500,1983.4,1980.0
2025-08-21 13:12:00,28.0,28.0,28.0,28.0,0,21.773775,662500,1983.0,1980.0
2025-08-21 13:13:00,28.0,28.0,27.85,27.85,3505000,21.639998,661000,1983.0,1980.0
2025-08-21 13:14:00,27.85,28.35,27.85,28.35,4500,21.79234,661000,1983.6,1980.0
2025-08-21 13:15:00,28.35,28.5,28.3,28.5,3507500,21.728043,661000,1984.0,1980.0
2025-08-21 13:16:00,28.5,28.5,28.5,28.5,0,21.779537,658500,1983.9,1980.0
2025-08-21 13:17:00,28.5,28.65,28.5,28.65,3514500,21.915971,658500,1983.9,1980.0
2025-08-21 13:18:00,28.65,28.65,28.65,28.65,0,21.866939,658500,1984.0,1980.0
2025-08-21 13:19:00,28.65,28.65,28.65,28.65,0,21.918419,659500,1983.9,1980.0
2025-08-21 13:20:00,28.65,28.65,28.4,28.4,3518000,21.944618,659500,1983.4,1980.0
2025-08-21 13:21:00,28.4,28.4,28.4,28.4,0,22.095152,659500,1983.1,1980.0
2025-08-21 13:22:00,28.4,28.4,28.4,28.4,0,22.146005,660000,1983.0,1980.0
2025-08-21 13:23:00,28.4,28.45,28.4,28.45,3526000,21.893424,660000,1983.6,1980.0
2025-08-21 13:24:00,28.45,28.45,28.2,28.2,2500,21.719367,660000,1983.5,1980.0
2025-08-21 13:25:00,28.2,28.2,28.1,28.1,3528000,21.580395,653000,1983.6,1980.0
2025-08-21 13:26:00,28.1,28.1,28.1,28.1,0,21.380547,653000,1984.0,1980.0
2025-08-21 13:27:00,28.1,28.1,27.75,27.85,3536500,21.256937,653000,1983.8,1980.0
2025-08-21 13:28:00,27.85,27.9,27.85,27.85,3500,21.608417,655000,1983.1,1980.0
2025-08-21 13:29:00,27.85,27.85,27.25,27.35,3538000,20.908847,655000,1983.6,1980.0
2025-08-21 13:30:00,27.35,27.85,27.35,27.85,4500,21.41113,655000,1983.5,1980.0
2025-08-21 13:31:00,27.85,27.9,27.8,27.8,3541000,21.417303,653000,1983.4,1980.0
2025-08-21 13:32:00,27.8,27.8,27.2,27.2,6000,21.767305,653000,1981.6,1980.0
2025-08-21 13:33:00,27.2,27.2,27.0,27.0,3543500,21.686158,653000,1981.4,1980.0
2025-08-21 13:34:00,27.0,27.0,26.7,26.7,9500,21.173363,657500,1981.9,1980.0
2025-08-21 13:35:00,26.7,26.85,26.7,26.85,3544000,21.260415,657500,1982.0,1980.0
2025-08-21 13:36:00,26.85,26.85,26.85,26.85,11500,21.310682,657500,1981.9,1980.0
2025-08-21 13:37:00,26.85,26.85,26.85,26.85,3550500,21.262799,655500,1982.0,1980.0
2025-08-21 13:38:00,26.85,26.85,26.7,26.7,13000,21.227136,655500,1981.8,1980.0
2025-08-21 13:39:00,26.7,26.7,26.6,26.6,3552000,21.187327,655500,1981.7,1980.0
2025-08-21 13:40:00,26.6,26.8,26.6,26.8,15000,20.776114,655500,1982.9,1980.0
2025-08-21 13:41:00,26.8,27.0,26.8,27.0,3552500,21.007327,650500,1982.8,1980.0
2025-08-21 13:42:00,27.0,27.0,27.0,27.0,15500,21.305398,650500,1982.2,1980.0
2025-08-21 13:43:00,27.0,27.15,27.0,27.15,3554000,21.2936,650000,1982.5,1980.0
2025-08-21 13:44:00,27.15,27.25,27.15,27.25,19500,21.186479,650000,1982.9,1980.0
2025-08-21 13:45:00,27.25,27.5,27.25,27.5,3557500,21.363264,650000,1983.0,1980.0
2025-08-21 13:46:00,27.5,27.5,27.5,27.5,21000,21.364463,646500,1983.0,1980.0
2025-08-21 13:47:00,27.5,27.5,27.15,27.15,3560000,21.050081,646500,1983.0,1980.0
2025-08-21 13:48:00,27.15,27.15,27.0,27.0,22000,21.263263,646500,1982.3,1980.0
2025-08-21 13:49:00,27.0,27.2,27.0,27.2,3560500,21.345815,646500,1982.5,1980.0
2025-08-21 13:50:00,27.2,27.3,27.2,27.25,24000,21.143821,648000,1983.0,1980.0
2025-08-21 13:51:00,27.25,27.25,27.25,27.25,3561500,21.145011,648000,1983.0,1980.0
2025-08-21 13:52:00,27.25,27.25,27.25,27.25,25000,21.196007,648000,1982.9,1980.0
2025-08-21 13:53:00,27.25,27.55,27.25,27.55,3563500,21.715345,648000,1982.4,1980.0
2025-08-21 13:54:00,27.55,27.55,27.55,27.55,0,21.468913,648000,1982.9,1980.0
2025-08-21 13:55:00,27.55,27.6,27.55,27.6,3591500,21.614476,646500,1982.7,1980.0
2025-08-21 13:56:00,27.6,27.6,27.6,27.6,0,21.862565,646500,1982.2,1980.0
2025-08-21 13:57:00,27.6,27.6,27.0,27.0,3594000,21.274006,646500,1982.3,1980.0
2025-08-21 13:58:00,27.0,27.5,27.0,27.5,500,21.72569,645500,1982.3,1980.0
2025-08-21 13:59:00,27.5,27.5,27.4,27.4,3594500,21.339652,645500,1982.9,1980.0
2025-08-21 14:00:00,27.4,27.8,27.4,27.8,1500,21.099703,645500,1984.1,1980.0
2025-08-21 14:01:00,27.8,27.8,27.8,27.8,0,21.100893,646000,1984.1,1980.0
2025-08-21 14:02:00,27.8,27.8,27.8,27.8,0,21.102085,646000,1984.1,1980.0
2025-08-21 14:03:00,27.8,27.8,27.7,27.7,3599500,21.315393,646000,1983.5,1980.0
2025-08-21 14:04:00,27.7,27.7,27.4,27.4,500,21.095834,644000,1983.4,1980.0
2025-08-21 14:05:00,27.4,27.4,27.0,27.2,3604000,20.866133,644000,1983.5,1980.0
2025-08-21 14:06:00,27.2,27.6,27.2,27.5,4000,21.188528,644000,1983.4,1980.0
2025-08-21 14:07:00,27.5,27.5,27.5,27.5,3606500,21.23983,642000,1983.3,1980.0
2025-08-21 14:08:00,27.5,27.5,27.1,27.4,11000,21.200774,642000,1983.2,1980.0
2025-08-21 14:09:00,27.4,27.95,27.4,27.95,3614500,21.698495,642000,1983.2,1980.0
2025-08-21 14:10:00,27.95,27.95,27.8,27.8,12000,21.713781,642000,1982.9,1980.0
2025-08-21 14:11:00,27.8,27.8,27.8,27.8,0,21.863795,642000,1982.6,1980.0
2025-08-21 14:12:00,27.8,27.8,27.25,27.25,3627000,21.120097,639000,1983.1,1980.0
2025-08-21 14:13:00,27.25,27.35,27.25,27.35,11500,21.211584,639000,1983.1,1980.0
2025-08-21 14:14:00,27.35,27.35,27.05,27.05,3629000,20.991833,628000,1983.0,1980.0
2025-08-21 14:15:00,27.05,27.05,27.05,27.05,0,20.993018,628000,1983.0,1980.0
2025-08-21 14:16:00,27.05,27.4,27.05,27.4,3644000,20.756787,626000,1984.1,1980.0
2025-08-21 14:17:00,27.4,28.15,27.4,28.15,17000,20.977841,626000,1985.0,1980.0
2025-08-21 14:18:00,28.15,28.15,27.9,27.9,3645000,21.160958,626000,1984.2,1980.0
2025-08-21 14:19:00,27.9,27.9,27.9,27.9,0,21.212856,626000,1984.1,1980.0
2025-08-21 14:20:00,27.9,27.9,27.75,27.75,3663000,21.128962,616500,1984.0,1980.0
2025-08-21 14:21:00,27.75,27.75,27.45,27.45,1500,20.959865,616500,1983.8,1980.0
2025-08-21 14:22:00,27.45,27.45,27.15,27.15,3666000,21.14153,615000,1982.9,1980.0
2025-08-21 14:23:00,27.15,27.3,27.0,27.0,7500,21.057092,615000,1982.8,1980.0
2025-08-21 14:24:00,27.0,27.35,27.0,27.35,3678000,21.274675,615000,1983.0,1980.0
2025-08-21 14:25:00,27.35,27.6,27.05,27.55,30500,21.004543,590000,1983.9,1980.0
2025-08-21 14:26:00,27.55,27.55,27.2,27.2,3688000,20.941224,590000,1983.4,1980.0
2025-08-21 14:27:00,27.2,27.2,27.0,27.0,37500,20.610305,590000,1983.7,1980.0
2025-08-21 14:28:00,27.0,27.2,27.0,27.2,3694500,20.792464,590000,1983.7,1980.0
2025-08-21 14:29:00,27.2,27.25,27.2,27.25,40000,20.939706,574500,1983.5,1980.0
2025-08-21 14:30:00,27.25,27.25,27.25,27.25,3695500,21.041387,574500,1983.3,1980.0
2025-08-21 14:31:00,27.25,27.25,27.25,27.25,0,21.29242,574500,1982.8,1980.0
2025-08-21 14:32:00,27.25,27.25,27.25,27.25,0,21.243806,572000,1982.9,1980.0
2025-08-21 14:33:00,27.25,27.35,27.1,27.35,3747500,21.034908,572000,1983.5,1980.0
2025-08-21 14:34:00,27.35,27.35,27.1,27.1,10500,20.809927,556000,1983.5,1980.0
2025-08-21 14:35:00,27.1,27.1,26.75,26.75,3753000,20.544792,556000,1983.4,1980.0
2025-08-21 14:36:00,26.75,26.75,26.05,26.05,28000,20.163915,556000,1982.9,1980.0
2025-08-21 14:37:00,26.05,26.6,26.05,26.6,3822500,21.010251,534500,1982.2,1980.0
2025-08-21 14:38:00,26.6,26.7,26.5,26.7,29500,21.151088,534500,1982.1,1980.0
2025-08-21 14:39:00,26.7,26.7,25.9,25.9,3825000,20.131782,534500,1982.7,1980.0
2025-08-21 14:40:00,25.9,26.5,25.9,26.45,44500,20.630099,532500,1982.7,1980.0
2025-08-21 14:41:00,26.45,26.9,26.45,26.75,3831000,21.100977,532500,1982.3,1980.0
2025-08-21 14:42:00,26.75,26.75,26.5,26.65,56000,21.30753,532500,1981.7,1980.0
2025-08-21 14:43:00,26.65,26.75,26.65,26.75,3832000,20.954529,519000,1982.6,1980.0
2025-08-21 14:44:00,26.75,26.75,26.7,26.7,56500,20.760959,519000,1982.9,1980.0
2025-08-21 14:45:00,26.7,26.7,26.45,26.45,3835000,20.884278,519000,1982.2,1980.0
2025-08-21 14:46:00,26.45,27.0,26.45,27.0,58500,20.934567,515000,1983.1,1980.0
2025-08-21 14:47:00,27.0,27.0,26.55,26.55,3838000,20.428118,515000,1983.3,1980.0
2025-08-21 14:48:00,26.55,26.55,26.55,26.55,0,20.328417,515000,1983.5,1980.0
2025-08-21 14:49:00,26.55,26.55,26.2,26.2,3900000,20.163925,515000,1983.2,1980.0
2025-08-21 14:50:00,26.2,26.95,26.2,26.7,6500,20.617682,514500,1983.2,1980.0
2025-08-21 14:51:00,26.7,26.7,26.7,26.7,0,20.669052,514500,1983.1,1980.0
2025-08-21 14:52:00,26.7,26.7,26.7,26.7,0,20.569743,514500,1983.3,1980.0
2025-08-21 14:53:00,26.7,26.7,26.7,26.7,0,20.671399,514500,1983.1,1980.0
2025-08-21 14:54:00,26.7,26.7,26.15,26.15,3908500,20.023506,511500,1983.4,1980.0
2025-08-21 14:55:00,26.15,26.85,26.15,26.85,9000,20.456524,510500,1983.8,1980.0
2025-08-21 14:56:00,26.85,27.05,26.75,27.05,3921500,20.740167,510500,1983.6,1980.0
2025-08-21 14:57:00,27.05,27.05,27.0,27.0,9500,20.696045,510500,1983.6,1980.0
2025-08-21 14:58:00,27.0,27.0,26.6,26.6,3922500,20.334746,510500,1983.6,1980.0
2025-08-21 14:59:00,26.6,26.6,26.6,26.6,16000,20.234502,510500,1983.8,1980.0
2025-08-21 15:00:00,26.6,26.6,25.5,25.5,3943500,20.339743,510500,1981.6,1980.0
2025-08-21 15:01:00,25.5,25.5,24.55,24.6,27000,20.210568,503500,1980.2,1980.0
2025-08-21 15:02:00,24.6,24.6,24.4,24.45,3949500,20.316762,503500,1979.7,1980.0
2025-08-21 15:03:00,24.45,24.55,24.4,24.4,29500,20.176927,503500,1979.9,1980.0
2025-08-21 15:04:00,24.4,24.45,23.55,23.55,3962000,20.17213,501500,1978.3,1980.0
2025-08-21 15:05:00,23.55,24.8,23.55,24.8,55000,20.49181,501500,1980.0,1980.0
2025-08-21 15:06:00,24.8,24.8,23.0,23.35,3994500,20.088093,501500,1978.1,1980.0
2025-08-21 15:07:00,23.35,23.35,22.8,23.2,70000,19.954135,492500,1978.1,1980.0
2025-08-21 15:08:00,23.2,23.2,23.2,23.2,4000000,19.767325,492500,1978.5,1980.0
2025-08-21 15:09:00,23.2,23.65,23.2,23.65,71500,20.173836,492500,1978.5,1980.0
2025-08-21 15:10:00,23.65,23.8,23.5,23.5,4006500,19.850829,492500,1978.9,1980.0
2025-08-21 15:11:00,23.5,23.75,23.5,23.75,72000,20.029832,491000,1979.0,1980.0
2025-08-21 15:12:00,23.75,23.75,23.75,23.75,0,20.030968,491000,1979.0,1980.0
2025-08-21 15:13:00,23.75,24.35,23.75,24.35,4089000,20.191292,491000,1979.8,1980.0
2025-08-21 15:14:00,24.35,24.5,24.35,24.5,500,20.086944,488500,1980.3,1980.0
2025-08-21 15:15:00,24.5,24.6,24.45,24.6,4095000,19.886968,488500,1980.9,1980.0
2025-08-21 15:16:00,24.6,24.65,24.4,24.65,6500,19.639112,485000,1981.5,1980.0
2025-08-21 15:17:00,24.65,24.65,24.5,24.5,4096500,19.356361,485000,1981.8,1980.0
2025-08-21 15:18:00,24.5,24.5,24.25,24.25,10500,19.865865,485000,1980.3,1980.0
2025-08-21 15:19:00,24.25,24.3,24.25,24.3,4097000,19.571615,481500,1981.0,1980.0
2025-08-21 15:20:00,24.3,24.35,24.2,24.2,12000,19.774567,481500,1980.4,1980.0
2025-08-21 15:21:00,24.2,24.2,23.85,23.9,4122500,19.407661,481500,1980.6,1980.0
2025-08-21 15:22:00,23.9,23.9,23.55,23.7,30000,19.470567,473500,1980.1,1980.0
2025-08-21 15:23:00,23.7,23.7,23.5,23.5,4127000,19.29113,473500,1980.1,1980.0
2025-08-21 15:24:00,23.5,23.5,23.35,23.35,36000,19.445436,473500,1979.5,1980.0
2025-08-21 15:25:00,23.35,23.45,23.15,23.15,4146500,19.409434,460000,1979.2,1980.0
2025-08-21 15:26:00,23.15,23.4,23.15,23.4,45500,19.492772,460000,1979.5,1980.0
2025-08-21 15:27:00,23.4,23.85,23.4,23.8,4177500,20.093107,460000,1979.0,1980.0
2025-08-21 15:28:00,23.8,23.8,23.2,23.6,50000,19.81872,442000,1979.2,1980.0
2025-08-21 15:29:00,23.6,23.6,22.85,22.95,4197500,19.518244,442000,1978.6,1980.0
2025-08-22 09:15:00,22.0,22.0,18.35,19.25,12500,20.8434,447000,1971.0,1980.0
2025-08-22 09:16:00,19.25,21.55,18.15,20.85,56000,19.438676,447000,1977.3,1980.0
2025-08-22 09:17:00,20.85,21.55,20.05,20.05,40000,19.257425,447000,1976.1,1980.0
2025-08-22 09:18:00,20.05,21.1,19.8,19.8,65500,20.193769,481500,1973.6,1980.0
2025-08-22 09:19:00,19.8,20.2,19.8,20.2,47000,21.035263,481500,1972.6,1980.0
2025-08-22 09:20:00,20.2,20.2,18.95,19.05,82500,19.938392,481500,1972.6,1980.0
2025-08-22 09:21:00,19.05,19.05,18.9,18.9,51500,20.157884,488500,1971.8,1980.0
2025-08-22 09:22:00,18.9,18.95,18.9,18.95,88000,19.525888,488500,1973.3,1980.0
2025-08-22 09:23:00,18.95,20.0,18.95,20.0,55500,20.528982,488500,1973.3,1980.0
2025-08-22 09:24:00,20.0,20.0,18.6,18.6,104500,20.009145,494500,1971.5,1980.0
2025-08-22 09:25:00,18.6,19.0,18.5,18.5,64500,20.2265,494500,1970.8,1980.0
2025-08-22 09:26:00,18.5,18.8,18.5,18.8,113500,19.888153,494500,1972.2,1980.0
2025-08-22 09:27:00,18.8,19.2,18.8,19.2,69500,20.587197,502500,1971.5,1980.0
2025-08-22 09:28:00,19.2,19.2,18.6,18.6,115500,19.834593,502500,1971.9,1980.0
2025-08-22 09:29:00,18.6,19.7,18.6,19.7,81500,20.79762,502500,1972.1,1980.0
2025-08-22 09:30:00,19.7,19.7,18.8,18.8,117500,19.938246,501500,1972.1,1980.0
2025-08-22 09:31:00,18.8,18.8,18.2,18.2,95500,19.901943,501500,1970.9,1980.0
2025-08-22 09:32:00,27.95,27.95,27.95,27.95,0,19.720654,277000,1969.9,1960.0
2025-08-22 09:33:00,27.95,27.95,26.9,26.9,37500,19.399829,275500,1968.7,1960.0
2025-08-22 09:34:00,26.9,26.9,26.25,26.25,1500,18.818464,275500,1968.6,1960.0
2025-08-22 09:35:00,26.25,27.15,26.25,27.15,38500,19.649012,275500,1968.7,1960.0
2025-08-22 09:36:00,27.15,27.55,26.5,27.55,3000,19.629546,275500,1969.4,1960.0
2025-08-22 09:37:00,27.55,28.1,27.55,28.1,39500,20.352338,275500,1969.1,1960.0
2025-08-22 09:38:00,28.1,28.1,27.15,27.75,6000,20.126527,275500,1968.9,1960.0
2025-08-22 09:39:00,27.75,27.75,27.3,27.3,41000,19.445716,275500,1969.3,1960.0
2025-08-22 09:40:00,27.3,27.3,27.25,27.25,6500,19.397482,277500,1969.3,1960.0
2025-08-22 09:41:00,27.25,28.45,27.25,28.45,43000,20.347195,277500,1969.7,1960.0
2025-08-22 09:42:00,28.45,28.45,28.4,28.4,7500,20.713511,277500,1969.0,1960.0
2025-08-22 09:43:00,28.4,28.4,27.25,27.45,46000,19.777767,276500,1969.0,1960.0
2025-08-22 09:44:00,17.75,19.35,17.75,19.35,196500,20.072345,515000,1973.0,1980.0
2025-08-22 09:45:00,19.35,19.65,18.65,19.25,178500,19.79451,527000,1973.4,1980.0
2025-08-22 09:46:00,19.25,19.9,19.2,19.9,203000,21.056129,527000,1972.0,1980.0
2025-08-22 09:47:00,19.9,19.9,18.7,19.3,189500,20.02829,527000,1973.0,1980.0
2025-08-22 09:48:00,19.3,19.3,18.7,18.7,227000,19.547225,515500,1972.8,1980.0
2025-08-22 09:49:00,18.7,18.7,18.2,18.2,196000,19.701388,515500,1971.4,1980.0
2025-08-22 09:50:00,18.2,18.25,18.2,18.25,228000,19.839831,515500,1971.2,1980.0
2025-08-22 09:51:00,18.25,18.4,18.25,18.4,217500,19.806059,528500,1971.6,1980.0
2025-08-22 09:52:00,18.4,18.4,18.4,18.4,232500,19.672527,528500,1971.9,1980.0
2025-08-22 09:53:00,18.4,18.4,18.4,18.4,0,19.67375,528500,1971.9,1980.0
2025-08-22 09:54:00,18.4,18.45,18.4,18.45,455000,20.125785,527500,1971.0,1980.0
2025-08-22 09:55:00,18.45,18.45,17.35,17.35,15000,19.159439,527500,1970.8,1980.0
2025-08-22 09:56:00,17.35,17.65,17.35,17.65,465000,19.581395,527500,1970.5,1980.0
2025-08-22 09:57:00,27.5,27.5,27.0,27.0,92000,18.868973,278500,1969.8,1960.0
2025-08-22 09:58:00,17.15,17.5,17.15,17.5,471000,18.727374,533000,1972.1,1980.0
2025-08-22 09:59:00,17.5,18.15,17.5,18.15,23000,19.576152,533000,1971.6,1980.0
2025-08-22 10:00:00,18.15,18.15,18.1,18.1,476000,19.574186,532000,1971.5,1980.0
2025-08-22 10:01:00,18.1,18.1,18.0,18.0,26000,19.568809,532000,1971.3,1980.0
2025-08-22 10:02:00,18.0,18.3,17.85,17.85,490000,19.47061,532000,1971.2,1980.0
2025-08-22 10:03:00,17.85,17.85,17.85,17.85,28500,19.337965,532000,1971.5,1980.0
2025-08-22 10:04:00,17.85,17.85,17.85,17.85,0,19.294437,530000,1971.6,1980.0
2025-08-22 10:05:00,17.85,18.05,17.85,18.05,522000,19.397808,530000,1971.8,1980.0
2025-08-22 10:06:00,18.05,18.25,17.95,18.25,5000,19.590822,530000,1971.8,1980.0
2025-08-22 10:07:00,18.25,18.25,17.5,17.5,527000,19.40636,530500,1970.6,1980.0
2025-08-22 10:08:00,17.5,17.5,17.3,17.3,8500,19.038345,530500,1971.0,1980.0
2025-08-22 10:09:00,27.4,27.4,27.0,27.0,118500,18.761845,273500,1970.0,1960.0
2025-08-22 10:10:00,27.0,27.0,26.75,26.75,3000,18.635966,274000,1969.8,1960.0
2025-08-22 10:11:00,17.15,17.2,17.15,17.2,536000,18.857052,535000,1971.2,1980.0
2025-08-22 10:12:00,17.2,17.7,17.2,17.7,24500,19.070469,538000,1971.8,1980.0
2025-08-22 10:13:00,17.7,18.0,17.7,17.95,539500,19.356425,538000,1971.7,1980.0
2025-08-22 10:14:00,17.95,17.95,17.85,17.85,27000,19.351226,538000,1971.5,1980.0
2025-08-22 10:15:00,17.85,17.85,17.85,17.85,0,19.21799,536500,1971.8,1980.0
2025-08-22 10:16:00,17.85,17.95,17.85,17.95,568500,19.44966,536500,1971.5,1980.0
2025-08-22 10:17:00,17.95,17.95,17.3,17.55,16000,19.378091,536500,1970.8,1980.0
2025-08-22 10:18:00,17.55,17.55,17.55,17.55,569500,19.379296,530000,1970.8,1980.0
2025-08-22 10:19:00,17.55,17.55,17.3,17.55,23500,19.291818,530000,1971.0,1980.0
2025-08-22 10:20:00,17.55,17.55,17.55,17.55,570000,19.159568,530000,1971.3,1980.0
2025-08-22 10:21:00,17.55,17.55,17.35,17.35,27500,18.968551,528500,1971.3,1980.0
2025-08-22 10:22:00,17.35,17.35,17.35,17.35,573000,18.746354,528500,1971.8,1980.0
2025-08-22 10:23:00,17.35,17.35,17.25,17.25,33000,19.052401,528500,1970.9,1980.0
2025-08-22 10:24:00,17.25,17.6,17.25,17.6,576500,19.123126,529500,1971.5,1980.0
2025-08-22 10:25:00,17.6,17.6,17.6,17.6,0,19.480145,529500,1970.7,1980.0
2025-08-22 10:26:00,17.6,17.7,17.6,17.7,612000,19.710203,529500,1970.4,1980.0
2025-08-22 10:27:00,17.7,17.75,17.7,17.75,500,19.847743,528500,1970.2,1980.0
2025-08-22 10:28:00,17.75,17.75,17.1,17.1,621500,19.222509,528500,1970.2,1980.0
2025-08-22 10:29:00,27.3,27.3,27.0,27.0,1000,18.78656,274000,1970.0,1960.0
2025-08-22 10:30:00,27.0,27.0,26.0,26.0,162500,18.936705,274000,1968.1,1960.0
2025-08-22 10:31:00,26.0,26.05,25.8,25.8,2500,19.209254,277500,1967.3,1960.0
2025-08-22 10:32:00,25.8,25.8,25.8,25.8,0,18.800488,277500,1968.0,1960.0
2025-08-22 10:33:00,25.8,26.0,25.8,26.0,167000,18.881273,277500,1968.2,1960.0
2025-08-22 10:34:00,26.0,26.0,25.7,25.7,500,18.644853,278000,1968.1,1960.0
2025-08-22 10:35:00,25.7,25.75,25.7,25.75,167500,19.223074,278000,1967.2,1960.0
2025-08-22 10:36:00,25.75,25.75,25.6,25.6,1500,19.192533,278500,1967.0,1960.0
2025-08-22 10:37:00,25.6,25.6,25.6,25.6,0,18.961412,278500,1967.4,1960.0
2025-08-22 10:38:00,25.6,25.6,24.75,24.75,174000,18.589933,278500,1966.6,1960.0
2025-08-22 10:39:00,24.75,24.75,24.75,24.75,0,18.417282,278500,1966.9,1960.0
2025-08-22 10:40:00,24.75,24.75,24.75,24.75,0,18.650053,280000,1966.5,1960.0
2025-08-22 10:41:00,24.75,24.75,24.5,24.6,181500,18.213521,280000,1967.0,1960.0
2025-08-22 10:42:00,24.6,24.6,24.6,24.6,0,18.504952,279500,1966.5,1960.0
2025-08-22 10:43:00,24.6,25.1,24.6,25.1,183000,18.708891,279500,1967.0,1960.0
2025-08-22 10:44:00,25.1,25.1,25.05,25.05,500,18.485801,279500,1967.3,1960.0
2025-08-22 10:45:00,25.05,25.05,25.0,25.0,184500,18.728858,279000,1966.8,1960.0
2025-08-22 10:46:00,25.0,25.95,25.0,25.95,1500,17.756035,279000,1970.0,1960.0
2025-08-22 10:47:00,25.95,25.95,25.95,25.95,186500,19.143757,279000,1967.7,1960.0
2025-08-22 10:48:00,25.95,25.95,25.05,25.05,6000,18.490656,277000,1967.3,1960.0
2025-08-22 10:49:00,25.05,25.9,25.05,25.9,188000,18.383166,277000,1968.9,1960.0
2025-08-22 10:50:00,25.9,25.9,25.5,25.5,6500,18.287292,277000,1968.4,1960.0
2025-08-22 10:51:00,25.5,25.5,25.5,25.5,0,18.2885,276500,1968.4,1960.0
2025-08-22 10:52:00,25.5,25.5,25.5,25.5,0,18.528073,276500,1968.0,1960.0
2025-08-22 10:53:00,25.5,25.5,25.5,25.5,0,18.529291,276500,1968.0,1960.0
2025-08-22 10:54:00,25.5,25.5,25.5,25.5,0,18.648826,276500,1967.8,1960.0
2025-08-22 10:55:00,25.5,25.7,25.5,25.7,197000,18.788941,276000,1967.9,1960.0
2025-08-22 10:56:00,25.7,25.7,25.7,25.7,0,18.907972,276000,1967.7,1960.0
2025-08-22 10:57:00,25.7,25.7,24.6,24.6,201000,18.523135,276000,1966.5,1960.0
2025-08-22 10:58:00,24.6,25.3,24.6,25.3,1500,18.455729,275500,1967.8,1960.0
2025-08-22 10:59:00,25.3,25.45,25.3,25.45,201500,18.188465,275500,1968.5,1960.0
2025-08-22 11:00:00,25.45,25.45,25.45,25.45,0,18.30956,275000,1968.3,1960.0
2025-08-22 11:01:00,25.45,25.45,25.45,25.45,0,17.827419,275000,1969.1,1960.0
2025-08-22 11:02:00,25.45,25.45,25.45,25.45,0,17.889588,275000,1969.0,1960.0
2025-08-22 11:03:00,25.45,26.3,25.45,26.3,209500,18.858377,275000,1968.8,1960.0
2025-08-22 11:04:00,26.3,26.3,25.55,25.55,1500,18.293951,273500,1968.5,1960.0
2025-08-22 11:05:00,25.55,25.55,25.55,25.55,0,18.235042,273500,1968.6,1960.0
2025-08-22 11:06:00,25.55,25.55,25.55,25.55,0,18.35634,273500,1968.4,1960.0
2025-08-22 11:07:00,25.55,25.55,25.45,25.45,211500,18.556101,274000,1967.9,1960.0
2025-08-22 11:08:00,25.45,25.45,25.45,25.45,0,18.498023,274000,1968.0,1960.0
2025-08-22 11:09:00,25.45,25.45,25.45,25.45,0,18.07996,274000,1968.7,1960.0
2025-08-22 11:10:00,25.45,25.45,25.45,25.45,0,18.141521,274000,1968.6,1960.0
2025-08-22 11:11:00,25.45,25.45,25.45,25.45,0,18.262981,274000,1968.4,1960.0
2025-08-22 11:12:00,25.45,25.45,25.45,25.45,0,17.901513,273000,1969.0,1960.0
2025-08-22 11:13:00,25.45,25.45,25.45,25.45,0,18.799258,273000,1967.5,1960.0
2025-08-22 11:14:00,25.45,25.45,25.45,25.45,0,19.207938,273000,1966.8,1960.0
2025-08-22 11:15:00,25.45,25.45,25.0,25.0,214000,18.765659,272000,1966.8,1960.0
2025-08-22 11:16:00,25.0,25.0,24.5,24.5,500,18.563095,272000,1966.3,1960.0
2025-08-22 11:17:00,24.5,24.5,24.45,24.45,214500,18.57262,272000,1966.2,1960.0
2025-08-22 11:18:00,24.45,24.65,24.45,24.65,1500,18.82799,272000,1966.1,1960.0
2025-08-22 11:19:00,24.65,24.8,24.65,24.8,215500,18.398348,272500,1967.1,1960.0
2025-08-22 11:20:00,24.8,24.8,24.8,24.8,0,18.399562,272500,1967.1,1960.0
2025-08-22 11:21:00,24.8,25.25,24.8,25.25,217500,18.903581,272500,1967.0,1960.0
2025-08-22 11:22:00,25.25,25.25,24.65,24.65,1500,18.312199,273500,1967.0,1960.0
2025-08-22 11:23:00,24.65,24.65,24.65,24.65,0,18.078387,273500,1967.4,1960.0
2025-08-22 11:24:00,24.65,24.65,24.65,24.65,0,18.489411,273500,1966.7,1960.0
2025-08-22 11:25:00,24.65,24.65,24.65,24.65,0,18.315823,273500,1967.0,1960.0
2025-08-22 11:26:00,24.65,24.65,24.65,24.65,0,18.199791,273500,1967.2,1960.0
2025-08-22 11:27:00,24.65,24.65,24.65,24.65,0,18.024047,273500,1967.5,1960.0
2025-08-22 11:28:00,24.65,24.65,24.65,24.65,0,18.436138,273500,1966.8,1960.0
2025-08-22 11:29:00,24.65,24.65,24.65,24.65,0,18.203401,273500,1967.2,1960.0
2025-08-22 11:30:00,24.65,24.65,24.65,24.65,0,18.72794,273500,1966.3,1960.0
2025-08-22 11:31:00,24.65,24.65,24.65,24.65,0,18.671556,272000,1966.4,1960.0
2025-08-22 11:32:00,24.65,24.65,24.65,24.65,0,18.672784,272000,1966.4,1960.0
2025-08-22 11:33:00,24.65,24.65,24.55,24.55,222000,19.760549,272000,1964.3,1960.0
2025-08-22 11:34:00,24.55,24.55,22.8,23.35,10500,18.864991,273500,1963.8,1960.0
2025-08-22 11:35:00,23.35,23.4,23.15,23.15,225500,18.281978,273500,1964.5,1960.0
2025-08-22 11:36:00,23.15,23.15,23.15,23.15,0,17.602418,273500,1965.7,1960.0
2025-08-22 11:37:00,23.15,23.15,23.15,23.15,0,18.002982,277000,1965.0,1960.0
2025-08-22 11:38:00,23.15,23.5,23.15,23.5,239500,18.34781,277000,1965.0,1960.0
2025-08-22 11:39:00,23.5,23.5,23.5,23.5,0,18.349015,277000,1965.0,1960.0
2025-08-22 11:40:00,23.5,23.6,23.5,23.6,240000,18.448374,276000,1965.0,1960.0
2025-08-22 11:41:00,23.6,24.0,23.6,24.0,500,18.502426,276000,1965.6,1960.0
2025-08-22 11:42:00,24.0,24.0,24.0,24.0,0,18.101532,274000,1966.3,1960.0
2025-08-22 11:43:00,24.0,24.0,24.0,24.0,0,18.102726,274000,1966.3,1960.0
2025-08-22 11:44:00,24.0,24.3,24.0,24.3,244000,18.399985,274000,1966.3,1960.0
2025-08-22 11:45:00,24.3,24.6,24.3,24.6,4500,18.697078,274000,1966.3,1960.0
2025-08-22 11:46:00,24.6,24.6,24.6,24.6,244500,18.755851,273500,1966.2,1960.0
2025-08-22 11:47:00,24.6,24.6,24.6,24.6,0,18.985994,273500,1965.8,1960.0
2025-08-22 11:48:00,24.6,25.05,24.6,25.05,250000,18.913699,273500,1966.7,1960.0
2025-08-22 11:49:00,25.05,25.15,25.05,25.15,1500,18.009994,274000,1968.4,1960.0
2025-08-22 11:50:00,25.15,25.15,25.15,25.15,0,17.768749,274000,1968.8,1960.0
2025-08-22 11:51:00,25.15,25.15,25.15,25.15,0,17.830794,274000,1968.7,1960.0
2025-08-22 11:52:00,25.15,25.95,25.15,25.95,255500,18.630682,273500,1968.7,1960.0
2025-08-22 11:53:00,25.95,25.95,25.95,25.95,0,18.450645,273500,1969.0,1960.0
2025-08-22 11:54:00,25.95,25.95,25.95,25.95,0,18.451873,273500,1969.0,1960.0
2025-08-22 11:55:00,25.95,25.95,25.8,25.8,257000,18.962481,273500,1967.9,1960.0
2025-08-22 11:56:00,25.8,25.8,25.25,25.25,500,18.654219,273500,1967.5,1960.0
2025-08-22 11:57:00,25.25,25.25,25.25,25.25,0,18.299404,273500,1968.1,1960.0
2025-08-22 11:58:00,25.25,26.05,25.25,26.05,259000,18.313066,274500,1969.4,1960.0
2025-08-22 11:59:00,26.05,26.05,26.05,26.05,1500,19.097273,274500,1968.1,1960.0
2025-08-22 12:00:00,26.05,26.05,26.05,26.05,0,18.979695,274500,1968.3,1960.0
2025-08-22 12:01:00,26.05,26.05,25.5,25.5,262000,18.612628,272500,1968.0,1960.0
2025-08-22 12:02:00,25.5,25.75,25.5,25.75,1000,18.443473,272500,1968.7,1960.0
2025-08-22 12:03:00,25.75,25.95,25.75,25.95,263500,18.704421,272500,1968.6,1960.0
2025-08-22 12:04:00,25.95,25.95,25.55,25.55,2000,18.063961,274000,1969.0,1960.0
2025-08-22 12:05:00,25.55,25.55,25.3,25.3,264000,17.875829,274000,1968.9,1960.0
2025-08-22 12:06:00,25.3,25.3,25.05,25.05,3000,18.230695,274000,1967.9,1960.0
2025-08-22 12:07:00,25.05,25.05,24.85,24.85,264500,18.623233,275500,1966.9,1960.0
2025-08-22 12:08:00,24.85,24.85,24.55,24.55,4000,18.327426,275500,1966.9,1960.0
2025-08-22 12:09:00,24.55,24.65,24.55,24.65,265000,18.310496,275500,1967.1,1960.0
2025-08-22 12:10:00,24.65,24.65,24.65,24.65,0,18.428899,275500,1966.9,1960.0
2025-08-22 12:11:00,24.65,24.65,24.65,24.65,270000,18.546759,277000,1966.7,1960.0
2025-08-22 12:12:00,24.65,24.65,24.15,24.3,2000,18.433994,277000,1966.3,1960.0
2025-08-22 12:13:00,24.3,24.3,24.0,24.0,270500,17.905601,277500,1966.7,1960.0
2025-08-22 12:14:00,24.0,24.0,24.0,24.0,0,17.906793,277500,1966.7,1960.0
2025-08-22 12:15:00,24.0,24.0,24.0,24.0,0,18.314496,277500,1966.0,1960.0
2025-08-22 12:16:00,24.0,24.0,24.0,24.0,0,18.026023,277500,1966.5,1960.0
2025-08-22 12:17:00,24.0,24.0,23.85,23.85,274000,18.226401,277500,1965.9,1960.0
2025-08-22 12:18:00,23.85,24.1,23.85,24.1,500,18.301486,277500,1966.2,1960.0
2025-08-22 12:19:00,24.1,24.1,24.1,24.1,0,18.47556,277500,1965.9,1960.0
2025-08-22 12:20:00,24.1,24.1,24.1,24.1,0,18.187985,277000,1966.4,1960.0
2025-08-22 12:21:00,24.1,24.1,24.1,24.1,0,17.955671,277000,1966.8,1960.0
2025-08-22 12:22:00,24.1,24.1,24.1,24.1,0,17.898127,277000,1966.9,1960.0
2025-08-22 12:23:00,24.1,24.1,24.1,24.1,0,18.422938,277000,1966.0,1960.0
2025-08-22 12:24:00,24.1,24.1,23.55,23.55,275500,17.706518,276500,1966.3,1960.0
2025-08-22 12:25:00,23.55,23.55,23.45,23.45,1000,17.956127,276500,1965.7,1960.0
2025-08-22 12:26:00,23.45,23.45,23.45,23.45,0,17.197804,276500,1967.0,1960.0
2025-08-22 12:27:00,23.45,23.45,23.45,23.45,0,17.079853,276500,1967.2,1960.0
2025-08-22 12:28:00,23.45,23.75,23.45,23.75,278000,17.498552,277000,1967.0,1960.0
2025-08-22 12:29:00,23.75,23.75,23.75,23.75,0,17.440448,277000,1967.1,1960.0
2025-08-22 12:30:00,23.75,23.75,23.75,23.75,0,17.85344,277000,1966.4,1960.0
2025-08-22 12:31:00,23.75,23.75,23.75,23.75,0,17.912881,277000,1966.3,1960.0
2025-08-22 12:32:00,23.75,24.0,23.75,24.0,279000,17.810761,277000,1966.9,1960.0
2025-08-22 12:33:00,24.0,24.25,24.0,24.25,500,18.00135,277000,1967.0,1960.0
2025-08-22 12:34:00,24.25,24.25,24.25,24.25,0,18.061376,277000,1966.9,1960.0
2025-08-22 12:35:00,24.25,24.25,24.1,24.1,280000,18.147886,276500,1966.5,1960.0
2025-08-22 12:36:00,24.1,24.15,24.1,24.15,1500,17.964497,276500,1966.9,1960.0
2025-08-22 12:37:00,24.15,24.15,24.15,24.15,0,17.847761,276500,1967.1,1960.0
2025-08-22 12:38:00,24.15,24.15,24.1,24.1,282000,17.97602,276500,1966.8,1960.0
2025-08-22 12:39:00,24.1,24.1,24.1,24.1,0,17.800427,276500,1967.1,1960.0
2025-08-22 12:40:00,24.1,24.1,24.1,24.1,0,17.919629,276500,1966.9,1960.0
2025-08-22 12:41:00,24.1,24.1,24.1,24.1,0,17.861889,276500,1967.0,1960.0
2025-08-22 12:42:00,24.1,24.1,24.1,24.1,0,18.214559,276500,1966.4,1960.0
2025-08-22 12:43:00,24.1,24.1,24.1,24.1,0,18.273856,276500,1966.3,1960.0
2025-08-22 12:44:00,24.1,24.1,24.1,24.1,0,18.158746,276500,1966.5,1960.0
2025-08-22 12:45:00,24.1,24.1,24.1,24.1,0,18.449754,276500,1966.0,1960.0
2025-08-22 12:46:00,24.1,24.1,24.1,24.1,0,17.985612,276500,1966.8,1960.0
2025-08-22 12:47:00,24.1,24.1,24.1,24.1,0,17.869054,276500,1967.0,1960.0
2025-08-22 12:48:00,24.1,24.1,24.1,24.1,0,17.692495,276000,1967.3,1960.0
2025-08-22 12:49:00,24.1,24.55,24.1,24.55,284000,18.023055,276500,1967.5,1960.0
2025-08-22 12:50:00,24.55,24.55,24.55,24.55,0,18.024263,276500,1967.5,1960.0
2025-08-22 12:51:00,24.55,24.55,24.55,24.55,0,18.025469,276500,1967.5,1960.0
2025-08-22 12:52:00,24.55,24.55,24.55,24.55,0,18.026672,276500,1967.5,1960.0
2025-08-22 12:53:00,24.55,24.55,24.55,24.55,0,17.668139,276500,1968.1,1960.0
2025-08-22 12:54:00,24.55,24.55,24.55,24.55,0,18.265901,276500,1967.1,1960.0
2025-08-22 12:55:00,24.55,24.55,24.4,24.5,286000,17.861084,276000,1967.7,1960.0
2025-08-22 12:56:00,24.5,24.5,24.4,24.4,1000,18.00087,276000,1967.3,1960.0
2025-08-22 12:57:00,24.4,24.4,24.4,24.4,0,18.413674,276000,1966.6,1960.0
2025-08-22 12:58:00,24.4,24.4,24.15,24.15,287500,17.813605,277000,1967.2,1960.0
2025-08-22 12:59:00,24.15,24.15,24.15,24.15,0,18.168092,277000,1966.6,1960.0
2025-08-22 13:00:00,24.15,24.3,24.15,24.3,288000,17.90607,277000,1967.3,1960.0
2025-08-22 13:01:00,24.3,24.3,24.3,24.3,500,17.96658,277500,1967.2,1960.0
2025-08-22 13:02:00,24.3,24.3,24.3,24.3,0,18.378888,277500,1966.5,1960.0
2025-08-22 13:03:00,24.3,24.65,24.3,24.65,289000,18.139633,277500,1967.5,1960.0
2025-08-22 13:04:00,24.65,24.65,24.65,24.65,0,18.140845,277500,1967.5,1960.0
2025-08-22 13:05:00,24.65,24.65,24.65,24.65,0,18.319789,277500,1967.2,1960.0
2025-08-22 13:06:00,24.65,24.65,24.65,24.65,0,18.438785,277500,1967.0,1960.0
2025-08-22 13:07:00,24.65,24.65,24.65,24.65,0,18.08494,277500,1967.6,1960.0
2025-08-22 13:08:00,24.65,24.65,24.65,24.65,0,17.966606,277500,1967.8,1960.0
2025-08-22 13:09:00,24.65,24.65,24.65,24.65,0,18.146912,277500,1967.5,1960.0
2025-08-22 13:10:00,24.65,24.65,24.65,24.65,0,18.266786,277500,1967.3,1960.0
2025-08-22 13:11:00,24.65,24.65,24.65,24.65,290000,17.789723,277000,1968.1,1960.0
2025-08-22 13:12:00,24.65,24.65,24.65,24.65,0,18.031289,277000,1967.7,1960.0
2025-08-22 13:13:00,24.65,24.65,24.65,24.65,0,17.912622,277000,1967.9,1960.0
2025-08-22 13:14:00,24.65,24.65,24.65,24.65,0,18.033709,277000,1967.7,1960.0
2025-08-22 13:15:00,24.65,24.65,24.65,24.65,0,17.975051,277000,1967.8,1960.0
2025-08-22 13:16:00,24.65,24.65,24.65,24.65,0,18.451064,277000,1967.0,1960.0
2025-08-22 13:17:00,24.65,24.65,24.65,24.65,0,18.09706,277000,1967.6,1960.0
2025-08-22 13:18:00,24.65,24.65,24.65,24.65,0,18.276549,277000,1967.3,1960.0
2025-08-22 13:19:00,24.65,24.65,24.65,24.65,0,18.27777,277000,1967.3,1960.0
2025-08-22 13:20:00,24.65,24.65,24.65,24.65,0,18.160277,277000,1967.5,1960.0
2025-08-22 13:21:00,24.65,24.65,24.65,24.65,0,18.220926,277000,1967.4,1960.0
2025-08-22 13:22:00,24.65,24.65,24.65,24.65,0,17.923462,277000,1967.9,1960.0
2025-08-22 13:23:00,24.65,24.85,24.65,24.85,290500,18.124692,277000,1967.9,1960.0
2025-08-22 13:24:00,24.85,24.85,24.85,24.85,0,17.824039,277000,1968.4,1960.0
2025-08-22 13:25:00,24.85,24.9,24.85,24.9,291500,17.569685,277000,1968.9,1960.0
2025-08-22 13:26:00,24.9,24.9,24.9,24.9,0,17.570876,277000,1968.9,1960.0
2025-08-22 13:27:00,24.9,24.9,24.9,24.9,0,17.386581,277000,1969.2,1960.0
2025-08-22 13:28:00,24.9,24.9,24.9,24.9,0,17.387764,277000,1969.2,1960.0
2025-08-22 13:29:00,24.9,25.15,24.9,25.15,292000,17.826189,277000,1968.9,1960.0
2025-08-22 13:30:00,25.15,25.15,25.15,25.15,0,17.765939,277000,1969.0,1960.0
2025-08-22 13:31:00,25.15,25.15,25.15,25.15,0,17.581744,277000,1969.3,1960.0
2025-08-22 13:32:00,25.15,25.75,25.15,25.75,293500,18.126472,276500,1969.4,1960.0
2025-08-22 13:33:00,25.75,25.75,25.45,25.45,2000,17.825038,276500,1969.4,1960.0
2025-08-22 13:34:00,25.45,25.45,25.45,25.45,0,17.826246,276500,1969.4,1960.0
2025-08-22 13:35:00,25.45,25.9,25.45,25.9,296000,18.281347,276500,1969.4,1960.0
2025-08-22 13:36:00,25.9,25.9,25.9,25.9,0,18.28258,276500,1969.4,1960.0
2025-08-22 13:37:00,25.9,25.9,25.5,25.5,299500,17.880353,276500,1969.4,1960.0
2025-08-22 13:38:00,25.5,25.5,25.5,25.5,500,17.881563,276500,1969.4,1960.0
2025-08-22 13:39:00,25.5,25.5,25.5,25.5,0,17.882775,276500,1969.4,1960.0
2025-08-22 13:40:00,25.5,25.5,25.1,25.1,301000,17.850465,276500,1968.8,1960.0
2025-08-22 13:41:00,25.1,25.1,25.1,25.1,0,17.912868,276500,1968.7,1960.0
2025-08-22 13:42:00,25.1,25.1,25.1,25.1,0,18.035984,276500,1968.5,1960.0
2025-08-22 13:43:00,25.1,25.1,25.1,25.1,0,17.669487,276500,1969.1,1960.0
2025-08-22 13:44:00,25.1,25.1,25.1,25.1,0,17.793929,276500,1968.9,1960.0
2025-08-22 13:45:00,25.1,25.1,25.1,25.1,0,17.671888,276500,1969.1,1960.0
2025-08-22 13:46:00,25.1,25.1,25.1,25.1,0,17.796341,276500,1968.9,1960.0
2025-08-22 13:47:00,25.1,25.1,25.1,25.1,0,17.550344,276500,1969.3,1960.0
2025-08-22 13:48:00,25.1,25.1,25.1,25.1,0,18.043288,276500,1968.5,1960.0
2025-08-22 13:49:00,25.1,25.1,25.1,25.1,0,17.552736,276500,1969.3,1960.0
2025-08-22 13:50:00,25.1,25.1,25.1,25.1,0,17.491688,276500,1969.4,1960.0
2025-08-22 13:51:00,25.1,25.1,25.1,25.1,0,17.492881,276500,1969.4,1960.0
2025-08-22 13:52:00,25.1,25.15,25.1,25.15,302000,17.544672,276000,1969.4,1960.0
2025-08-22 13:53:00,25.15,25.15,25.15,25.15,0,17.545869,276000,1969.4,1960.0
2025-08-22 13:54:00,25.15,25.15,25.15,25.15,0,17.609276,276000,1969.3,1960.0
2025-08-22 13:55:00,25.15,25.15,25.15,25.15,0,17.734378,276000,1969.1,1960.0
2025-08-22 13:56:00,25.15,25.15,25.15,25.15,0,17.611674,276000,1969.3,1960.0
2025-08-22 13:57:00,25.15,25.15,24.85,24.85,304500,17.495685,276000,1969.0,1960.0
2025-08-22 13:58:00,24.85,24.85,24.85,24.85,0,17.247987,276000,1969.4,1960.0
2025-08-22 13:59:00,24.85,24.85,24.85,24.85,0,17.249168,276000,1969.4,1960.0
2025-08-22 14:00:00,24.85,24.85,24.85,24.85,0,17.250349,276000,1969.4,1960.0
2025-08-22 14:01:00,24.85,24.85,24.85,24.85,0,17.251531,276000,1969.4,1960.0
2025-08-22 14:02:00,24.85,24.85,24.85,24.85,0,17.439681,276000,1969.1,1960.0
2025-08-22 14:03:00,24.85,24.85,24.85,24.85,0,17.440874,276000,1969.1,1960.0
2025-08-22 14:04:00,24.85,24.85,24.85,24.85,0,17.255079,276000,1969.4,1960.0
2025-08-22 14:05:00,24.85,24.85,24.65,24.65,315500,17.303059,276000,1969.0,1960.0
2025-08-22 14:06:00,24.65,24.7,24.6,24.7,3000,17.723828,276000,1968.4,1960.0
2025-08-22 14:07:00,24.7,24.7,24.7,24.7,0,17.231588,276000,1969.2,1960.0
2025-08-22 14:08:00,24.7,24.7,24.7,24.7,0,17.107633,276000,1969.4,1960.0
2025-08-22 14:09:00,24.7,24.7,24.7,24.7,0,17.17147,276000,1969.3,1960.0
2025-08-22 14:10:00,24.7,24.7,24.7,24.7,0,17.109984,276000,1969.4,1960.0
2025-08-22 14:11:00,24.7,24.7,24.7,24.7,0,17.11116,276000,1969.4,1960.0
2025-08-22 14:12:00,24.7,24.7,24.7,24.7,0,17.175007,276000,1969.3,1960.0
2025-08-22 14:13:00,24.7,24.7,24.7,24.7,0,17.176186,276000,1969.3,1960.0
2025-08-22 14:14:00,24.7,24.7,24.7,24.7,0,17.114689,276000,1969.4,1960.0
2025-08-22 14:15:00,24.7,24.7,24.5,24.5,319000,17.163076,266000,1969.0,1960.0
2025-08-22 14:16:00,24.5,24.5,24.5,24.5,0,16.91388,266000,1969.4,1960.0
2025-08-22 14:17:00,24.5,24.5,24.5,24.5,0,16.915046,266000,1969.4,1960.0
2025-08-22 14:18:00,24.5,24.5,24.5,24.5,0,16.916214,265500,1969.4,1960.0
2025-08-22 14:19:00,24.5,24.95,24.5,24.95,321500,17.436743,265000,1969.3,1960.0
2025-08-22 14:20:00,24.95,24.95,24.95,24.95,0,17.437936,265000,1969.3,1960.0
2025-08-22 14:21:00,24.95,24.95,24.95,24.95,0,17.810235,265000,1968.7,1960.0
2025-08-22 14:22:00,24.95,24.95,24.95,24.95,0,17.440322,265000,1969.3,1960.0
2025-08-22 14:23:00,24.95,24.95,24.95,24.95,0,17.503806,265000,1969.2,1960.0
2025-08-22 14:24:00,24.95,24.95,24.95,24.95,0,18.057955,265000,1968.3,1960.0
2025-08-22 14:25:00,24.95,24.95,24.95,24.95,0,17.568319,265000,1969.1,1960.0
2025-08-22 14:26:00,24.95,24.95,24.95,24.95,0,17.569519,265000,1969.1,1960.0
2025-08-22 14:27:00,24.95,24.95,24.45,24.45,322500,17.250797,265000,1968.8,1960.0
2025-08-22 14:28:00,24.45,24.45,24.45,24.45,0,17.189944,265000,1968.9,1960.0
2025-08-22 14:29:00,24.45,24.75,24.45,24.75,325000,17.18315,267000,1969.4,1960.0
2025-08-22 14:30:00,24.75,24.75,24.7,24.7,1500,17.445322,267000,1968.9,1960.0
2025-08-22 14:31:00,24.7,24.7,24.25,24.25,325500,17.053073,268000,1968.8,1960.0
2025-08-22 14:32:00,24.25,24.25,24.05,24.05,3000,17.344414,268000,1968.0,1960.0
2025-08-22 14:33:00,24.05,24.05,23.05,23.05,326500,17.243322,268000,1966.5,1960.0
2025-08-22 14:34:00,23.05,23.05,23.05,23.05,0,16.946409,267500,1967.0,1960.0
2025-08-22 14:35:00,23.05,23.4,23.05,23.4,331000,17.358171,267500,1966.9,1960.0
2025-08-22 14:36:00,23.4,23.4,23.25,23.25,500,17.681972,267500,1966.1,1960.0
2025-08-22 14:37:00,23.25,23.35,22.9,23.35,335000,17.547845,268000,1966.5,1960.0
2025-08-22 14:38:00,23.35,23.35,23.35,23.35,0,17.311634,268000,1966.9,1960.0
2025-08-22 14:39:00,23.35,23.35,23.35,23.35,0,16.951956,268000,1967.5,1960.0
2025-08-22 14:40:00,23.35,23.35,23.35,23.35,0,17.013675,266500,1967.4,1960.0
2025-08-22 14:41:00,23.35,23.35,23.35,23.35,0,16.710348,266500,1967.9,1960.0
2025-08-22 14:42:00,23.35,23.35,23.35,23.35,0,17.256599,266500,1967.0,1960.0
2025-08-22 14:43:00,23.35,23.9,23.35,23.9,336500,17.26726,266500,1967.9,1960.0
2025-08-22 14:44:00,23.9,23.9,23.9,23.9,0,17.750411,266500,1967.1,1960.0
2025-08-22 14:45:00,23.9,23.9,23.9,23.9,0,17.391083,266500,1967.7,1960.0
2025-08-22 14:46:00,23.9,23.9,23.9,23.9,0,18.225082,266500,1966.3,1960.0
2025-08-22 14:47:00,23.9,23.9,23.9,23.9,0,17.574447,266500,1967.4,1960.0
2025-08-22 14:48:00,23.9,23.9,23.9,23.9,0,17.575643,266500,1967.4,1960.0
2025-08-22 14:49:00,23.9,23.9,23.9,23.9,0,17.576839,266500,1967.4,1960.0
2025-08-22 14:50:00,23.9,23.9,23.2,23.2,340500,16.752846,266500,1967.6,1960.0
2025-08-22 14:51:00,23.2,23.2,23.2,23.2,0,17.295856,266500,1966.7,1960.0
2025-08-22 14:52:00,23.2,23.2,23.2,23.2,0,17.177751,266500,1966.9,1960.0
2025-08-22 14:53:00,23.2,23.95,23.2,23.95,348000,17.2685,266500,1968.0,1960.0
2025-08-22 14:54:00,23.95,23.95,23.95,23.95,0,16.900266,266500,1968.6,1960.0
2025-08-22 14:55:00,23.95,24.0,23.95,24.0,349000,16.889956,266500,1968.7,1960.0
2025-08-22 14:56:00,24.0,24.0,24.0,24.0,500,16.828787,264500,1968.8,1960.0
2025-08-22 14:57:00,24.0,24.1,24.0,24.1,349500,16.931454,264500,1968.8,1960.0
2025-08-22 14:58:00,24.1,24.1,23.65,23.65,1000,16.600603,265000,1968.6,1960.0
2025-08-22 14:59:00,23.65,23.65,23.65,23.65,0,16.9728,265000,1968.0,1960.0
2025-08-22 15:00:00,23.65,23.65,22.7,22.7,354500,16.805113,265000,1966.7,1960.0
2025-08-22 15:01:00,22.7,22.7,22.4,22.5,11500,17.021502,262000,1966.0,1960.0
2025-08-22 15:02:00,22.5,22.6,22.5,22.6,356000,17.530747,262000,1965.3,1960.0
2025-08-22 15:03:00,22.6,22.6,22.5,22.5,12000,17.432385,262000,1965.3,1960.0
2025-08-22 15:04:00,22.5,22.75,22.5,22.75,357000,17.740074,263000,1965.2,1960.0
2025-08-22 15:05:00,22.75,22.75,22.75,22.75,14000,17.856196,263000,1965.0,1960.0
2025-08-22 15:06:00,22.75,22.75,22.5,22.5,361000,17.377992,263000,1965.4,1960.0
2025-08-22 15:07:00,22.5,22.5,22.35,22.35,16000,17.229697,263000,1965.4,1960.0
2025-08-22 15:08:00,22.35,22.45,22.35,22.45,361500,17.272415,261500,1965.5,1960.0
2025-08-22 15:09:00,22.45,22.45,22.25,22.25,18500,17.363819,261500,1965.0,1960.0
2025-08-22 15:10:00,22.25,22.65,22.25,22.65,362500,17.590028,261500,1965.3,1960.0
2025-08-22 15:11:00,22.65,22.65,22.5,22.5,19500,17.557321,261500,1965.1,1960.0
2025-08-22 15:12:00,22.5,22.5,22.5,22.5,0,17.787841,261500,1964.7,1960.0
2025-08-22 15:13:00,22.5,22.5,22.5,22.5,383000,17.328149,261500,1965.5,1960.0
2025-08-22 15:14:00,22.5,22.9,22.3,22.9,2000,17.377735,261500,1966.1,1960.0
2025-08-22 15:15:00,22.9,23.2,22.9,23.2,385000,17.264559,261500,1966.8,1960.0
2025-08-22 15:16:00,23.2,23.2,23.2,23.2,3000,17.085905,261500,1967.1,1960.0
2025-08-22 15:17:00,23.2,23.2,23.2,23.2,391000,17.026806,262500,1967.2,1960.0
2025-08-22 15:18:00,23.2,23.55,23.2,23.25,4500,17.377876,262500,1966.7,1960.0
2025-08-22 15:19:00,23.25,23.25,22.85,22.85,391500,17.15637,262500,1966.4,1960.0
2025-08-22 15:20:00,22.85,23.1,22.85,23.1,7500,17.467061,262500,1966.3,1960.0
2025-08-22 15:21:00,23.1,23.15,23.1,23.15,392000,17.459225,262500,1966.4,1960.0
2025-08-22 15:22:00,23.15,23.15,22.7,22.8,9500,17.287174,262500,1966.1,1960.0
2025-08-22 15:23:00,22.8,22.8,22.6,22.6,392500,17.205962,260500,1965.9,1960.0
2025-08-22 15:24:00,22.6,22.65,22.35,22.35,11000,17.423405,260500,1965.1,1960.0
2025-08-22 15:25:00,22.35,22.85,22.35,22.85,393500,16.622859,260500,1967.3,1960.0
2025-08-22 15:26:00,22.85,23.0,22.85,23.0,13000,17.016737,260500,1966.9,1960.0
2025-08-22 15:27:00,23.0,23.0,23.0,23.0,0,17.901219,260500,1965.4,1960.0
2025-08-22 15:28:00,23.0,23.0,23.0,23.0,0,16.958956,260500,1967.0,1960.0
2025-08-22 15:29:00,23.0,23.0,22.75,22.75,409000,16.343036,259500,1967.6,1960.0
2025-08-25 09:15:00,19.05,21.1,19.0,19.8,4000,23.701596,261000,1961.4,1960.0
2025-08-25 09:16:00,19.8,20.3,19.8,20.3,6000,23.511923,261000,1962.6,1960.0
2025-08-25 09:17:00,20.3,20.6,20.3,20.6,10000,23.908889,261000,1962.6,1960.0
2025-08-25 09:18:00,20.6,20.6,20.05,20.05,10000,23.615457,260000,1962.0,1960.0
2025-08-25 09:19:00,20.05,20.65,19.9,19.9,30500,23.421042,260000,1962.0,1960.0
2025-08-25 09:20:00,19.9,20.0,19.9,20.0,13000,22.695234,260000,1963.2,1960.0
2025-08-25 09:21:00,20.0,20.05,20.0,20.05,33500,22.836098,266500,1963.1,1960.0
2025-08-25 09:22:00,20.05,20.55,20.0,20.2,20000,23.180579,266500,1962.9,1960.0
2025-08-25 09:23:00,20.2,20.2,19.95,19.95,34500,22.636932,266500,1963.2,1960.0
2025-08-25 09:24:00,19.95,19.95,19.7,19.7,22500,18.924475,268000,1967.6,1960.0
2025-08-25 09:25:00,19.7,21.35,19.7,20.85,62000,22.425725,268000,1965.1,1960.0
2025-08-25 09:26:00,20.85,21.2,19.75,19.9,40500,21.992264,268000,1964.0,1960.0
2025-08-25 09:27:00,19.9,20.55,19.35,19.35,123500,20.893932,265500,1964.5,1960.0
2025-08-25 09:28:00,19.35,19.35,19.25,19.25,42500,20.384953,265500,1965.0,1960.0
2025-08-25 09:29:00,19.25,19.8,19.25,19.8,127000,20.889455,265500,1965.3,1960.0
2025-08-25 09:30:00,19.8,19.8,19.8,19.8,0,21.497469,265500,1964.5,1960.0
2025-08-25 09:31:00,19.8,20.0,18.4,18.4,182500,21.1925,265500,1962.4,1960.0
2025-08-25 09:32:00,18.4,18.4,18.4,18.4,0,21.48131,265500,1962.0,1960.0
2025-08-25 09:33:00,18.4,19.45,18.4,19.45,193000,21.414225,261000,1964.0,1960.0
2025-08-25 09:34:00,19.45,19.45,19.3,19.3,1000,21.734022,261000,1963.3,1960.0
2025-08-25 09:35:00,19.3,19.3,18.8,18.8,194000,20.333682,261000,1964.3,1960.0
2025-08-25 09:36:00,18.8,18.8,18.8,18.8,0,20.635228,261000,1963.9,1960.0
2025-08-25 09:37:00,18.8,19.6,18.8,19.1,198500,21.25679,261000,1963.6,1960.0
2025-08-25 09:38:00,19.1,19.1,18.95,18.95,500,19.700928,261000,1965.4,1960.0
2025-08-25 09:39:00,18.95,20.45,18.95,20.45,205000,19.971611,261500,1967.6,1960.0
2025-08-25 09:40:00,20.45,20.55,20.45,20.45,11000,20.135835,261500,1967.4,1960.0
2025-08-25 09:41:00,20.45,20.45,20.25,20.25,205500,20.27002,261500,1966.9,1960.0
2025-08-25 09:42:00,20.25,20.25,20.15,20.15,13000,21.309773,261500,1965.4,1960.0
2025-08-25 09:43:00,20.15,20.15,20.15,20.15,0,20.299416,261500,1966.7,1960.0
2025-08-25 09:44:00,20.15,20.15,19.7,19.7,219500,20.483487,259500,1965.7,1960.0
2025-08-25 09:45:00,19.7,19.7,19.3,19.45,4000,20.690623,258000,1965.0,1960.0
2025-08-25 09:46:00,19.45,19.5,19.4,19.5,221000,20.298553,258000,1965.6,1960.0
2025-08-25 09:47:00,19.5,19.5,19.0,19.0,5000,20.476304,258000,1964.5,1960.0
2025-08-25 09:48:00,19.0,19.0,18.4,18.4,223000,20.724635,258500,1963.1,1960.0
2025-08-25 09:49:00,18.4,18.4,18.4,18.4,0,20.284214,258500,1963.7,1960.0
2025-08-25 09:50:00,18.4,18.4,17.8,17.8,231000,20.373417,258500,1962.5,1960.0
2025-08-25 09:51:00,17.8,17.8,17.4,17.4,2500,20.917306,258500,1961.0,1960.0
2025-08-25 09:52:00,17.4,17.4,16.8,16.8,233500,20.478937,259000,1960.5,1960.0
2025-08-25 09:53:00,16.8,16.8,16.0,16.0,5000,20.252906,259000,1959.3,1960.0
2025-08-25 09:54:00,16.0,16.0,15.45,15.45,242000,18.776195,258500,1960.4,1960.0
2025-08-25 09:55:00,15.45,15.85,15.45,15.85,10000,20.060241,258500,1959.3,1960.0
2025-08-25 09:56:00,15.85,15.85,15.25,15.25,248000,19.543892,258500,1958.9,1960.0
2025-08-25 09:57:00,15.25,15.65,15.25,15.65,11000,20.004694,262500,1959.0,1960.0
2025-08-25 09:58:00,15.65,15.65,15.3,15.3,252000,19.546671,262500,1959.0,1960.0
2025-08-25 09:59:00,15.3,16.05,15.3,16.05,11500,20.400146,262500,1959.2,1960.0
2025-08-25 10:00:00,16.05,16.05,15.3,15.3,256500,20.152615,263500,1958.1,1960.0
2025-08-25 10:01:00,15.3,15.3,14.8,15.05,30500,20.611269,263500,1956.9,1960.0
2025-08-25 10:02:00,15.05,15.05,14.95,14.95,261500,20.156976,263500,1957.4,1960.0
2025-08-25 10:03:00,14.95,14.95,14.7,14.7,37000,21.111584,267000,1955.4,1960.0
2025-08-25 10:04:00,14.7,14.7,14.1,14.1,270000,20.8827,267000,1954.5,1960.0
2025-08-25 10:05:00,14.1,14.1,14.0,14.0,49000,21.060513,267000,1954.0,1960.0
2025-08-25 10:06:00,14.0,14.0,13.3,13.3,273000,20.013103,268500,1954.2,1960.0
2025-08-25 10:07:00,13.3,13.7,13.3,13.7,51000,20.422088,268500,1954.4,1960.0
2025-08-25 10:08:00,13.7,13.7,13.5,13.5,274000,20.405016,268500,1954.0,1960.0
2025-08-25 10:09:00,13.5,13.5,13.5,13.5,53500,20.953689,268500,1953.1,1960.0
2025-08-25 10:10:00,13.5,13.8,13.5,13.75,276000,20.185556,269500,1954.9,1960.0
2025-08-25 10:11:00,13.75,14.25,13.75,14.25,66500,20.72415,269500,1955.1,1960.0
2025-08-25 10:12:00,14.25,14.25,14.1,14.1,280500,20.277278,270000,1955.5,1960.0
2025-08-25 10:13:00,14.1,14.1,14.1,14.1,71500,20.592937,270000,1955.0,1960.0
2025-08-25 10:14:00,14.1,14.1,13.8,13.8,283500,20.198474,270000,1955.0,1960.0
2025-08-25 10:15:00,13.8,14.55,13.8,14.55,78500,20.242272,273000,1956.5,1960.0
2025-08-25 10:16:00,14.55,14.55,14.4,14.4,285000,21.183696,273000,1954.7,1960.0
2025-08-25 10:17:00,14.4,14.4,14.25,14.25,80000,20.800577,273000,1955.0,1960.0
2025-08-25 10:18:00,14.25,14.6,14.25,14.6,289000,20.121802,273500,1956.8,1960.0
2025-08-25 10:19:00,14.6,15.1,14.6,15.1,86000,20.064626,273500,1957.9,1960.0
2025-08-25 10:20:00,15.1,15.35,15.1,15.35,292000,21.309374,273500,1956.5,1960.0
2025-08-25 10:21:00,15.35,15.35,14.6,14.6,90000,20.321921,273500,1956.5,1960.0
2025-08-25 10:22:00,14.6,14.9,14.6,14.9,292500,20.976539,272000,1956.1,1960.0
2025-08-25 10:23:00,14.9,14.9,14.55,14.8,92000,20.718888,272000,1956.3,1960.0
2025-08-25 10:24:00,14.8,14.85,14.75,14.85,294500,20.787241,271000,1956.3,1960.0
2025-08-25 10:25:00,14.85,14.85,14.85,14.85,0,20.789573,271000,1956.3,1960.0
2025-08-25 10:26:00,14.85,14.85,14.7,14.7,389000,20.593783,271000,1956.3,1960.0
2025-08-25 10:27:00,14.7,14.7,14.5,14.5,2000,20.459746,273500,1956.1,1960.0
2025-08-25 10:28:00,14.5,14.9,14.5,14.8,392000,20.858501,273500,1956.1,1960.0
2025-08-25 10:29:00,14.8,14.8,14.45,14.45,3500,19.229798,273500,1957.9,1960.0
2025-08-25 10:30:00,14.45,14.45,14.45,14.45,0,19.165824,272500,1958.0,1960.0
2025-08-25 10:31:00,14.45,15.35,14.45,15.35,403000,20.156078,272500,1958.3,1960.0
2025-08-25 10:32:00,15.35,15.85,15.35,15.85,1000,20.884739,272500,1958.2,1960.0
2025-08-25 10:33:00,15.85,15.85,15.85,15.85,404500,20.887096,276000,1958.2,1960.0
2025-08-25 10:34:00,15.85,15.85,15.6,15.6,1500,20.559502,276000,1958.2,1960.0
2025-08-25 10:35:00,15.6,15.6,15.4,15.4,410000,20.82626,276000,1957.4,1960.0
2025-08-25 10:36:00,15.4,15.5,15.4,15.5,5000,20.763424,276000,1957.7,1960.0
2025-08-25 10:37:00,15.5,15.5,15.4,15.4,411500,20.765333,278000,1957.5,1960.0
2025-08-25 10:38:00,15.4,15.4,15.3,15.3,5500,20.70122,278000,1957.4,1960.0
2025-08-25 10:39:00,15.3,15.3,15.2,15.2,417500,20.242115,280000,1957.9,1960.0
2025-08-25 10:40:00,15.2,15.65,15.0,15.0,11000,20.700538,280000,1956.8,1960.0
2025-08-25 10:41:00,15.0,15.0,14.55,14.55,419000,20.558174,280000,1956.1,1960.0
2025-08-25 10:42:00,14.55,14.55,14.55,14.55,0,21.131121,280000,1955.2,1960.0
2025-08-25 10:43:00,14.55,14.55,14.55,14.55,0,21.196357,283500,1955.1,1960.0
2025-08-25 10:44:00,14.55,14.55,14.0,14.0,433500,20.531971,283500,1955.0,1960.0
2025-08-25 10:45:00,14.0,14.65,14.0,14.65,5000,20.378631,283500,1956.6,1960.0
2025-08-25 10:46:00,14.65,15.0,14.65,15.0,434500,20.714549,284500,1956.8,1960.0
2025-08-25 10:47:00,15.0,15.15,15.0,15.15,5500,20.4583,284500,1957.5,1960.0
2025-08-25 10:48:00,15.15,15.15,15.0,15.0,436500,20.130616,285500,1957.7,1960.0
2025-08-25 10:49:00,15.0,15.35,15.0,15.35,6000,20.661559,285500,1957.6,1960.0
2025-08-25 10:50:00,15.35,15.35,15.35,15.35,0,20.59795,285500,1957.7,1960.0
2025-08-25 10:51:00,15.35,15.5,15.35,15.5,445000,20.930437,287000,1957.5,1960.0
2025-08-25 10:52:00,15.5,15.5,15.5,15.5,0,20.998519,287000,1957.4,1960.0
2025-08-25 10:53:00,15.5,15.5,15.2,15.25,449000,20.801214,287000,1957.2,1960.0
2025-08-25 10:54:00,15.25,15.7,15.25,15.7,1500,20.738345,289000,1958.2,1960.0
2025-08-25 10:55:00,15.7,15.7,15.7,15.7,450000,20.940232,289000,1957.9,1960.0
2025-08-25 10:56:00,15.7,15.7,15.45,15.45,4500,20.744252,289000,1957.7,1960.0
2025-08-25 10:57:00,15.45,15.45,15.45,15.45,0,20.680473,289000,1957.8,1960.0
2025-08-25 10:58:00,15.45,15.45,15.45,15.45,0,20.748951,289000,1957.7,1960.0
2025-08-25 10:59:00,15.45,15.45,15.45,15.45,0,20.485977,289000,1958.1,1960.0
2025-08-25 11:00:00,15.45,15.45,15.15,15.15,455000,20.356595,291000,1957.7,1960.0
2025-08-25 11:01:00,15.15,15.15,15.0,15.0,500,20.48901,290500,1957.2,1960.0
2025-08-25 11:02:00,15.0,15.0,15.0,15.0,0,20.556691,290500,1957.1,1960.0
2025-08-25 11:03:00,15.0,15.0,15.0,15.0,457000,20.624262,290500,1957.0,1960.0
2025-08-25 11:04:00,15.0,15.0,14.9,14.9,7000,20.232429,290500,1957.4,1960.0
2025-08-25 11:05:00,14.9,16.2,14.9,16.2,463500,20.546801,290500,1959.5,1960.0
2025-08-25 11:06:00,16.2,16.2,15.3,15.3,9500,20.370222,288000,1958.0,1960.0
2025-08-25 11:07:00,15.3,15.3,15.0,15.1,468000,19.907598,288000,1958.3,1960.0
2025-08-25 11:08:00,15.1,15.1,15.1,15.1,0,21.093113,288000,1956.5,1960.0
2025-08-25 11:09:00,15.1,15.1,14.5,14.5,479500,20.49281,287500,1956.2,1960.0
2025-08-25 11:10:00,14.5,14.5,13.8,13.8,5500,19.948266,287500,1955.6,1960.0
2025-08-25 11:11:00,13.8,13.8,13.8,13.8,483000,19.823626,287500,1955.8,1960.0
2025-08-25 11:12:00,13.8,14.1,13.8,14.1,8000,20.541176,286000,1955.3,1960.0
2025-08-25 11:13:00,14.1,14.15,14.05,14.05,486000,20.35065,286000,1955.5,1960.0
2025-08-25 11:14:00,14.05,14.05,14.0,14.0,10500,20.538767,286000,1955.1,1960.0
2025-08-25 11:15:00,14.0,14.0,14.0,14.0,487500,20.541087,286000,1955.1,1960.0
2025-08-25 11:16:00,14.0,14.0,14.0,14.0,11000,20.10067,287500,1955.8,1960.0
2025-08-25 11:17:00,14.0,14.0,14.0,14.0,490000,20.858729,287500,1954.6,1960.0
2025-08-25 11:18:00,14.0,14.0,13.7,13.7,13000,20.39904,287500,1954.7,1960.0
2025-08-25 11:19:00,13.7,13.7,13.7,13.7,492500,20.587947,286500,1954.4,1960.0
2025-08-25 11:20:00,13.7,13.75,13.55,13.55,14000,20.575765,286500,1954.1,1960.0
2025-08-25 11:21:00,13.55,13.55,13.5,13.5,499000,20.26382,286000,1954.5,1960.0
2025-08-25 11:22:00,13.5,13.9,13.5,13.8,22000,20.852287,286000,1954.2,1960.0
2025-08-25 11:23:00,13.8,13.8,13.75,13.75,501000,20.725993,286000,1954.3,1960.0
2025-08-25 11:24:00,13.75,13.75,13.75,13.75,23500,20.728338,296500,1954.3,1960.0
2025-08-25 11:25:00,13.75,13.8,13.75,13.8,505000,20.797401,296500,1954.3,1960.0
2025-08-25 11:26:00,13.8,14.2,13.8,14.2,26000,20.516846,296500,1955.6,1960.0
2025-08-25 11:27:00,14.2,14.7,14.2,14.7,510500,20.542326,296500,1956.6,1960.0
2025-08-25 11:28:00,14.7,14.7,14.7,14.7,26500,20.674038,295000,1956.4,1960.0
2025-08-25 11:29:00,14.7,14.7,14.4,14.4,513000,20.21305,295000,1956.5,1960.0
2025-08-25 11:30:00,14.4,14.4,14.4,14.4,0,20.215354,295000,1956.5,1960.0
2025-08-25 11:31:00,14.4,14.8,14.4,14.8,544000,20.814036,295000,1956.4,1960.0
2025-08-25 11:32:00,14.8,14.8,14.8,14.8,0,20.945391,295000,1956.2,1960.0
2025-08-25 11:33:00,14.8,14.8,14.2,14.2,544500,20.533168,295000,1955.6,1960.0
2025-08-25 11:34:00,14.2,14.2,14.2,14.2,1000,20.662429,294000,1955.4,1960.0
2025-08-25 11:35:00,14.2,14.2,14.1,14.1,545500,20.594815,294000,1955.3,1960.0
2025-08-25 11:36:00,14.1,14.1,14.1,14.1,1500,20.660326,293500,1955.2,1960.0
2025-08-25 11:37:00,14.1,14.4,14.1,14.4,547000,21.188802,293500,1955.0,1960.0
2025-08-25 11:38:00,14.4,14.4,14.4,14.4,0,21.128151,293500,1955.1,1960.0
2025-08-25 11:39:00,14.4,14.4,14.1,14.4,550500,21.193604,293500,1955.0,1960.0
2025-08-25 11:40:00,14.4,14.4,14.4,14.4,0,21.447204,293500,1954.6,1960.0
2025-08-25 11:41:00,14.4,14.4,14.0,14.0,551500,20.915472,294500,1954.6,1960.0
2025-08-25 11:42:00,14.0,14.2,14.0,14.2,500,21.122366,294500,1954.7,1960.0
2025-08-25 11:43:00,14.2,14.75,14.2,14.75,558500,20.320295,295000,1957.1,1960.0
2025-08-25 11:44:00,14.75,14.75,14.5,14.5,2000,20.315981,295000,1956.6,1960.0
2025-08-25 11:45:00,14.5,14.95,14.5,14.95,561000,20.128983,295000,1957.8,1960.0
2025-08-25 11:46:00,14.95,15.1,14.8,14.8,5500,20.196586,293000,1957.4,1960.0
2025-08-25 11:47:00,14.8,14.8,14.5,14.6,564000,19.734539,293000,1957.7,1960.0
2025-08-25 11:48:00,14.6,14.9,14.6,14.65,6500,20.264329,293000,1957.0,1960.0
2025-08-25 11:49:00,14.65,14.65,14.5,14.5,564500,19.804396,293500,1957.4,1960.0
2025-08-25 11:50:00,14.5,14.5,14.25,14.25,7500,19.801835,293500,1956.9,1960.0
2025-08-25 11:51:00,14.25,14.25,14.2,14.2,565000,19.606804,293500,1957.1,1960.0
2025-08-25 11:52:00,14.2,14.2,14.2,14.2,0,20.129023,293500,1956.3,1960.0
2025-08-25 11:53:00,14.2,14.2,14.2,14.2,0,20.131326,293500,1956.3,1960.0
2025-08-25 11:54:00,14.2,14.2,14.2,14.2,0,20.004365,293500,1956.5,1960.0
2025-08-25 11:55:00,14.2,14.2,14.2,14.2,0,19.941834,293500,1956.6,1960.0
2025-08-25 11:56:00,14.2,14.2,14.2,14.2,0,20.138245,293500,1956.3,1960.0
2025-08-25 11:57:00,14.2,14.2,14.2,14.2,0,19.685812,293500,1957.0,1960.0
2025-08-25 11:58:00,14.2,14.2,14.2,14.2,0,20.078263,293500,1956.4,1960.0
2025-08-25 11:59:00,14.2,14.95,14.2,14.95,581000,20.558294,294500,1957.2,1960.0
2025-08-25 12:00:00,14.95,14.95,14.8,14.8,2000,20.492088,294500,1957.0,1960.0
2025-08-25 12:01:00,14.8,14.8,14.8,14.8,0,20.690424,294500,1956.7,1960.0
2025-08-25 12:02:00,14.8,14.9,14.8,14.9,584500,20.564463,295500,1957.1,1960.0
2025-08-25 12:03:00,14.9,14.9,14.9,14.9,0,20.697902,295500,1956.9,1960.0
2025-08-25 12:04:00,14.9,14.9,14.65,14.8,585500,20.370172,295000,1957.2,1960.0
2025-08-25 12:05:00,14.8,14.8,14.55,14.55,2500,20.170556,295000,1957.0,1960.0
2025-08-25 12:06:00,14.55,14.55,14.3,14.3,586500,20.035401,297000,1956.7,1960.0
2025-08-25 12:07:00,14.3,14.55,14.3,14.55,4500,20.501223,297000,1956.5,1960.0
2025-08-25 12:08:00,14.55,14.9,14.55,14.9,591000,20.57862,297000,1957.1,1960.0
2025-08-25 12:09:00,14.9,14.9,14.85,14.85,5500,20.514305,297000,1957.1,1960.0
2025-08-25 12:10:00,14.85,15.1,14.85,15.1,593500,20.652321,298500,1957.4,1960.0
2025-08-25 12:11:00,15.1,15.1,15.0,15.0,8000,20.388882,298500,1957.6,1960.0
2025-08-25 12:12:00,15.0,15.0,15.0,15.0,597500,20.191538,298500,1957.9,1960.0
2025-08-25 12:13:00,15.0,15.0,15.0,15.0,8500,20.127023,296500,1958.0,1960.0
2025-08-25 12:14:00,15.0,15.6,15.0,15.6,600000,20.18486,296500,1959.1,1960.0
2025-08-25 12:15:00,15.6,15.6,15.3,15.4,12000,20.057137,296500,1958.9,1960.0
2025-08-25 12:16:00,15.4,16.0,15.4,15.85,604000,20.24797,297000,1959.5,1960.0
2025-08-25 12:17:00,15.85,15.85,15.65,15.7,15000,19.702999,297000,1960.0,1960.0
2025-08-25 12:18:00,15.7,16.2,15.7,16.2,610500,20.511908,294000,1959.8,1960.0
2025-08-25 12:19:00,16.2,16.3,16.2,16.3,19500,19.73165,294000,1961.1,1960.0
2025-08-25 12:20:00,16.3,16.3,16.3,16.3,616500,19.947798,294000,1960.8,1960.0
2025-08-25 12:21:00,16.3,16.3,15.9,15.9,24500,19.909308,289000,1960.1,1960.0
2025-08-25 12:22:00,15.9,15.9,15.8,15.8,618500,19.987381,289000,1959.8,1960.0
2025-08-25 12:23:00,15.8,15.8,15.75,15.75,27000,20.061733,289000,1959.6,1960.0
2025-08-25 12:24:00,15.75,15.75,15.55,15.55,619000,19.797035,289000,1959.6,1960.0
2025-08-25 12:25:00,15.55,15.55,15.5,15.5,28000,19.939735,288500,1959.3,1960.0
2025-08-25 12:26:00,15.5,15.7,15.3,15.7,623000,19.793455,288500,1959.9,1960.0
2025-08-25 12:27:00,15.7,16.1,15.7,16.1,31500,19.979753,288500,1960.4,1960.0
2025-08-25 12:28:00,16.1,16.25,16.1,16.25,626000,20.532875,286500,1959.9,1960.0
2025-08-25 12:29:00,16.25,16.25,16.05,16.05,32000,20.058219,286500,1960.2,1960.0
2025-08-25 12:30:00,16.05,16.05,16.0,16.0,629000,20.063826,286500,1960.1,1960.0
2025-08-25 12:31:00,16.0,16.1,16.0,16.1,33000,20.269773,284500,1960.0,1960.0
2025-08-25 12:32:00,16.1,16.1,16.1,16.1,0,20.272129,284500,1960.0,1960.0
2025-08-25 12:33:00,16.1,16.3,16.1,16.3,663500,19.185289,285500,1961.9,1960.0
2025-08-25 12:34:00,16.3,16.8,16.3,16.8,1500,18.970247,285500,1963.1,1960.0
2025-08-25 12:35:00,16.8,18.4,16.8,17.9,687500,20.378698,285500,1963.2,1960.0
2025-08-25 12:36:00,17.9,17.9,17.1,17.1,10000,19.67744,285500,1962.7,1960.0
2025-08-25 12:37:00,17.1,17.25,17.1,17.25,689000,19.881466,273000,1962.7,1960.0
2025-08-25 12:38:00,17.25,17.25,17.25,17.25,0,19.435121,273000,1963.3,1960.0
2025-08-25 12:39:00,17.25,17.5,17.25,17.5,716000,20.29633,273000,1962.6,1960.0
2025-08-25 12:40:00,17.5,17.5,17.05,17.05,1500,20.134938,270000,1962.0,1960.0
2025-08-25 12:41:00,17.05,17.05,16.9,16.9,718500,19.419896,270000,1962.7,1960.0
2025-08-25 12:42:00,16.9,17.5,16.9,17.5,2500,20.155246,270000,1962.8,1960.0
2025-08-25 12:43:00,17.5,17.5,17.5,17.5,720000,18.865259,271500,1964.5,1960.0
2025-08-25 12:44:00,17.5,17.9,17.5,17.85,4000,20.18267,271500,1963.4,1960.0
2025-08-25 12:45:00,17.85,18.15,17.85,18.15,720500,20.211416,271500,1963.9,1960.0
2025-08-25 12:46:00,18.15,18.2,18.15,18.2,7000,20.205148,271000,1964.0,1960.0
2025-08-25 12:47:00,18.2,18.2,18.1,18.1,725000,20.224676,271000,1963.8,1960.0
2025-08-25 12:48:00,18.1,18.25,18.05,18.05,8500,20.461907,271000,1963.4,1960.0
2025-08-25 12:49:00,18.05,18.05,17.45,17.45,731000,20.030032,267000,1962.9,1960.0
2025-08-25 12:50:00,17.45,17.45,17.4,17.4,9500,20.039523,267000,1962.8,1960.0
2025-08-25 12:51:00,17.4,17.85,17.4,17.85,733500,19.820122,267000,1963.9,1960.0
2025-08-25 12:52:00,17.85,17.85,17.85,17.85,0,20.351963,267000,1963.2,1960.0
2025-08-25 12:53:00,17.85,17.85,17.4,17.4,744500,20.195057,265500,1962.6,1960.0
2025-08-25 12:54:00,17.4,17.4,17.4,17.4,0,19.974433,265500,1962.9,1960.0
2025-08-25 12:55:00,17.4,17.95,17.4,17.95,746000,20.343784,266000,1963.4,1960.0
2025-08-25 12:56:00,17.95,17.95,17.9,17.9,1000,20.503841,266000,1963.1,1960.0
2025-08-25 12:57:00,17.9,17.9,17.9,17.9,0,20.431387,266000,1963.2,1960.0
2025-08-25 12:58:00,17.9,18.05,17.9,18.05,748000,20.485968,265500,1963.4,1960.0
2025-08-25 12:59:00,18.05,18.15,18.0,18.15,6500,19.938283,265500,1964.3,1960.0
2025-08-25 13:00:00,18.15,18.15,18.15,18.15,748500,20.170859,265500,1964.0,1960.0
2025-08-25 13:01:00,18.15,18.15,18.0,18.0,7000,19.970174,261000,1964.0,1960.0
2025-08-25 13:02:00,18.0,18.0,18.0,18.0,750000,19.741981,261000,1964.3,1960.0
2025-08-25 13:03:00,18.0,18.3,18.0,18.3,9500,19.996716,261000,1964.5,1960.0
2025-08-25 13:04:00,18.3,18.3,18.3,18.3,0,20.535795,261000,1963.8,1960.0
2025-08-25 13:05:00,18.3,18.3,18.1,18.3,762000,19.923935,261000,1964.6,1960.0
2025-08-25 13:06:00,18.3,18.3,18.3,18.3,0,20.388291,261000,1964.0,1960.0
2025-08-25 13:07:00,18.3,18.3,18.1,18.1,763000,20.196231,260000,1963.9,1960.0
2025-08-25 13:08:00,18.1,18.1,18.0,18.0,1000,20.367069,260000,1963.5,1960.0
2025-08-25 13:09:00,18.0,18.0,18.0,18.0,0,20.293801,260000,1963.6,1960.0
2025-08-25 13:10:00,18.0,18.3,18.0,18.3,764500,19.623316,260500,1965.0,1960.0
2025-08-25 13:11:00,18.3,18.3,18.05,18.05,1000,20.214319,260500,1963.8,1960.0
2025-08-25 13:12:00,18.05,18.05,17.85,17.85,766500,19.716041,260500,1964.1,1960.0
2025-08-25 13:13:00,17.85,18.05,17.85,17.95,2500,20.386997,260500,1963.4,1960.0
2025-08-25 13:14:00,17.95,17.95,17.85,17.85,769000,20.329561,260500,1963.3,1960.0
2025-08-25 13:15:00,17.85,17.85,17.8,17.8,3000,20.489501,260500,1963.0,1960.0
2025-08-25 13:16:00,17.8,18.1,17.8,18.1,771000,20.597086,262500,1963.4,1960.0
2025-08-25 13:17:00,18.1,18.35,18.05,18.05,6500,20.380681,262500,1963.6,1960.0
2025-08-25 13:18:00,18.05,18.05,17.75,17.75,774000,19.900792,262500,1963.7,1960.0
2025-08-25 13:19:00,17.75,17.75,17.5,17.5,8500,19.943485,260500,1963.2,1960.0
2025-08-25 13:20:00,17.5,17.5,17.2,17.25,775000,19.607601,260500,1963.2,1960.0
2025-08-25 13:21:00,17.25,17.45,17.25,17.45,9000,19.805095,260500,1963.3,1960.0
2025-08-25 13:22:00,17.45,17.45,17.45,17.45,0,19.882924,260500,1963.2,1960.0
2025-08-25 13:23:00,17.45,17.55,17.45,17.55,787000,20.020604,260000,1963.2,1960.0
2025-08-25 13:24:00,17.55,17.55,17.55,17.55,0,20.022974,260000,1963.2,1960.0
2025-08-25 13:25:00,17.55,17.55,17.55,17.55,0,19.949909,260000,1963.3,1960.0
2025-08-25 13:26:00,17.55,17.55,17.15,17.15,787500,19.486174,259500,1963.2,1960.0
2025-08-25 13:27:00,17.15,17.15,17.1,17.1,1500,19.571581,259500,1963.0,1960.0
2025-08-25 13:28:00,17.1,17.1,17.0,17.0,789000,19.287618,259000,1963.2,1960.0
2025-08-25 13:29:00,17.0,17.0,17.0,17.0,0,19.440868,259000,1963.0,1960.0
2025-08-25 13:30:00,17.0,17.2,17.0,17.2,794000,19.48752,259000,1963.3,1960.0
2025-08-25 13:31:00,17.2,17.5,17.2,17.5,1000,19.36202,260500,1964.0,1960.0
2025-08-25 13:32:00,17.5,17.5,17.5,17.5,0,19.518079,260500,1963.8,1960.0
2025-08-25 13:33:00,17.5,17.75,17.5,17.75,795500,20.465448,260500,1963.0,1960.0
2025-08-25 13:34:00,17.75,17.75,17.75,17.75,3000,20.014866,260500,1963.6,1960.0
2025-08-25 13:35:00,17.75,17.75,17.75,17.75,0,19.941034,260500,1963.7,1960.0
2025-08-25 13:36:00,17.75,18.0,17.7,18.0,800000,20.053293,260500,1964.0,1960.0
2025-08-25 13:37:00,18.0,18.0,17.85,17.85,500,20.15769,257500,1963.6,1960.0
2025-08-25 13:38:00,17.85,17.85,17.5,17.6,802500,19.896906,257500,1963.5,1960.0
2025-08-25 13:39:00,17.6,17.6,17.3,17.3,1000,19.719771,257500,1963.2,1960.0
2025-08-25 13:40:00,17.3,17.4,17.3,17.4,803500,19.782069,259000,1963.3,1960.0
2025-08-25 13:41:00,17.4,17.4,17.4,17.4,0,19.860064,259000,1963.2,1960.0
2025-08-25 13:42:00,17.4,17.4,17.4,17.4,0,19.862431,259000,1963.2,1960.0
2025-08-25 13:43:00,17.4,17.45,17.4,17.45,805000,19.628869,258500,1963.6,1960.0
2025-08-25 13:44:00,17.45,17.45,17.45,17.45,0,19.707464,258500,1963.5,1960.0
2025-08-25 13:45:00,17.45,17.45,17.45,17.45,0,19.937351,258500,1963.2,1960.0
2025-08-25 13:46:00,17.45,17.45,16.6,16.6,811000,19.536135,258500,1962.2,1960.0
2025-08-25 13:47:00,16.6,16.9,16.6,16.9,1500,19.572456,258500,1962.7,1960.0
2025-08-25 13:48:00,16.9,17.1,16.9,17.1,811500,19.695858,258500,1962.9,1960.0
2025-08-25 13:49:00,17.1,17.3,17.1,17.3,2000,19.515414,259500,1963.5,1960.0
2025-08-25 13:50:00,17.3,17.3,17.3,17.3,0,19.364768,259500,1963.7,1960.0
2025-08-25 13:51:00,17.3,17.3,17.15,17.15,814000,19.770714,259500,1962.9,1960.0
2025-08-25 13:52:00,17.15,17.15,17.15,17.15,0,19.84813,259500,1962.8,1960.0
2025-08-25 13:53:00,17.15,17.15,16.9,16.9,816500,19.735874,260000,1962.5,1960.0
2025-08-25 13:54:00,16.9,17.65,16.9,17.65,4000,19.309424,260000,1964.4,1960.0
2025-08-25 13:55:00,17.65,17.65,17.45,17.45,817000,18.960331,258000,1964.5,1960.0
2025-08-25 13:56:00,17.45,18.05,17.45,18.05,7000,19.46844,258000,1964.9,1960.0
2025-08-25 13:57:00,18.05,18.05,17.9,17.9,818000,19.423062,258000,1964.7,1960.0
2025-08-25 13:58:00,17.9,18.15,17.9,18.15,9000,19.451867,258500,1965.1,1960.0
2025-08-25 13:59:00,18.15,18.55,18.15,18.55,820000,19.281784,258500,1966.0,1960.0
2025-08-25 14:00:00,18.55,18.8,18.55,18.8,9500,19.628288,258500,1966.0,1960.0
2025-08-25 14:01:00,18.8,18.8,18.65,18.65,820500,19.666155,260500,1965.7,1960.0
2025-08-25 14:02:00,18.65,18.85,18.65,18.85,11500,19.782562,260500,1965.9,1960.0
2025-08-25 14:03:00,18.85,18.85,18.7,18.7,823500,19.899641,260500,1965.5,1960.0
2025-08-25 14:04:00,18.7,18.7,18.6,18.6,12500,19.764791,261500,1965.5,1960.0
2025-08-25 14:05:00,18.6,18.8,18.6,18.8,824000,19.640141,261500,1966.0,1960.0
2025-08-25 14:06:00,18.8,18.8,18.8,18.8,0,19.642512,261500,1966.0,1960.0
2025-08-25 14:07:00,18.8,18.8,18.8,18.8,0,19.644884,261500,1966.0,1960.0
2025-08-25 14:08:00,18.8,18.8,18.5,18.8,838500,20.04889,262000,1965.5,1960.0
2025-08-25 14:09:00,18.8,18.8,18.75,18.75,3000,19.982669,262000,1965.5,1960.0
2025-08-25 14:10:00,18.75,18.75,18.75,18.75,0,19.985072,259500,1965.5,1960.0
2025-08-25 14:11:00,18.75,18.75,18.6,18.6,842500,19.540589,259500,1965.8,1960.0
2025-08-25 14:12:00,18.6,18.6,18.6,18.6,0,19.863679,259500,1965.4,1960.0
2025-08-25 14:13:00,18.6,18.6,18.6,18.6,0,19.464511,259500,1965.9,1960.0
2025-08-25 14:14:00,18.6,18.6,18.6,18.6,0,19.304482,259500,1966.1,1960.0
2025-08-25 14:15:00,18.6,18.6,18.6,18.6,0,19.710938,259500,1965.6,1960.0
2025-08-25 14:16:00,18.6,19.3,18.6,19.3,847500,19.867484,259500,1966.6,1960.0
2025-08-25 14:17:00,19.3,19.3,18.85,18.85,1000,19.164554,259500,1966.7,1960.0
2025-08-25 14:18:00,18.85,18.85,18.85,18.85,0,19.901402,259500,1965.8,1960.0
2025-08-25 14:19:00,18.85,18.85,18.65,18.65,850500,19.547596,258500,1965.9,1960.0
2025-08-25 14:20:00,18.65,19.1,18.6,18.6,1500,19.642493,258500,1965.7,1960.0
2025-08-25 14:21:00,18.6,18.6,18.35,18.4,855000,20.085802,258500,1964.8,1960.0
2025-08-25 14:22:00,18.4,18.4,18.4,18.4,0,20.478311,258500,1964.3,1960.0
2025-08-25 14:23:00,18.4,18.4,17.75,17.75,859000,19.747467,258500,1964.1,1960.0
2025-08-25 14:24:00,17.75,18.1,17.55,18.1,1000,20.38224,258500,1963.9,1960.0
2025-08-25 14:25:00,18.1,18.1,18.1,18.1,0,19.762932,258500,1964.7,1960.0
2025-08-25 14:26:00,18.1,18.35,18.1,18.35,860500,19.950624,259000,1964.9,1960.0
2025-08-25 14:27:00,18.35,18.35,18.35,18.35,0,19.874049,259000,1965.0,1960.0
2025-08-25 14:28:00,18.35,18.35,18.35,18.35,0,20.347025,259000,1964.4,1960.0
2025-08-25 14:29:00,18.35,18.35,18.35,18.35,866500,20.427144,259000,1964.3,1960.0
2025-08-25 14:30:00,18.35,18.35,18.35,18.35,0,20.891367,259000,1963.7,1960.0
2025-08-25 14:31:00,18.35,18.35,17.95,17.95,868500,20.271379,256000,1963.8,1960.0
2025-08-25 14:32:00,17.95,17.95,17.85,17.85,500,20.214016,256000,1963.7,1960.0
2025-08-25 14:33:00,17.85,17.85,17.85,17.85,0,19.674573,256000,1964.4,1960.0
2025-08-25 14:34:00,17.85,17.85,17.85,17.85,0,20.065104,254500,1963.9,1960.0
2025-08-25 14:35:00,17.85,17.85,17.25,17.25,884500,19.784261,254500,1963.2,1960.0
2025-08-25 14:36:00,17.25,17.75,17.25,17.75,5500,19.77845,254500,1964.1,1960.0
2025-08-25 14:37:00,17.75,18.1,17.6,17.9,887500,20.217692,248500,1963.8,1960.0
2025-08-25 14:38:00,17.9,17.9,17.65,17.85,7500,20.074771,248500,1963.9,1960.0
2025-08-25 14:39:00,17.85,17.85,17.85,17.85,0,19.766954,248500,1964.3,1960.0
2025-08-25 14:40:00,17.85,17.85,17.8,17.8,897000,20.088295,246500,1963.8,1960.0
2025-08-25 14:41:00,17.8,18.1,17.8,18.1,1500,19.564007,246500,1965.0,1960.0
2025-08-25 14:42:00,18.1,18.4,17.95,17.95,898000,19.98901,246500,1964.2,1960.0
2025-08-25 14:43:00,17.95,17.95,17.95,17.95,0,19.913579,246500,1964.3,1960.0
2025-08-25 14:44:00,17.95,18.15,17.95,18.15,900500,20.49964,249500,1963.9,1960.0
2025-08-25 14:45:00,18.15,18.15,17.85,18.1,1500,20.123981,249500,1964.3,1960.0
2025-08-25 14:46:00,18.1,18.15,18.1,18.15,901000,20.272658,249500,1964.2,1960.0
2025-08-25 14:47:00,18.15,18.45,18.15,18.45,8500,20.452732,249500,1964.5,1960.0
2025-08-25 14:48:00,18.45,18.8,18.45,18.8,904000,19.823927,249500,1965.9,1960.0
2025-08-25 14:49:00,18.8,18.9,18.6,18.9,9500,20.683133,244000,1965.0,1960.0
2025-08-25 14:50:00,18.9,18.9,18.8,18.8,904500,20.548207,244000,1965.0,1960.0
2025-08-25 14:51:00,18.8,18.85,18.55,18.55,11500,19.80852,244000,1965.5,1960.0
2025-08-25 14:52:00,18.55,18.55,18.55,18.55,0,20.524121,244000,1964.6,1960.0
2025-08-25 14:53:00,18.55,18.55,18.2,18.2,917000,20.202627,244500,1964.4,1960.0
2025-08-25 14:54:00,18.2,18.2,18.2,18.2,0,19.811937,244500,1964.9,1960.0
2025-08-25 14:55:00,18.2,18.2,18.2,18.2,0,20.363244,244500,1964.2,1960.0
2025-08-25 14:56:00,18.2,18.55,18.2,18.55,919000,19.900766,244500,1965.4,1960.0
2025-08-25 14:57:00,18.55,18.55,18.55,18.55,0,19.49971,244500,1965.9,1960.0
2025-08-25 14:58:00,18.55,18.75,18.55,18.75,919500,19.697652,244000,1966.0,1960.0
2025-08-25 14:59:00,18.75,18.9,18.75,18.9,1500,19.826366,244000,1966.1,1960.0
2025-08-25 15:00:00,18.9,18.9,18.2,18.2,921500,19.507554,244000,1965.3,1960.0
2025-08-25 15:01:00,18.2,18.2,17.4,17.4,5000,19.975333,242000,1963.3,1960.0
2025-08-25 15:02:00,17.4,17.45,17.4,17.45,923000,19.584578,242000,1963.9,1960.0
2025-08-25 15:03:00,17.45,17.45,17.35,17.35,6000,19.372014,242000,1964.0,1960.0
2025-08-25 15:04:00,17.35,17.4,17.35,17.4,923500,19.443011,242500,1964.0,1960.0
2025-08-25 15:05:00,17.4,17.7,17.4,17.7,7000,19.228856,242500,1964.8,1960.0
2025-08-25 15:06:00,17.7,18.15,17.7,18.15,924000,20.087441,242500,1964.5,1960.0
2025-08-25 15:07:00,18.15,18.15,18.15,18.15,0,20.24629,242500,1964.3,1960.0
2025-08-25 15:08:00,18.15,18.15,17.4,17.4,931500,19.3745,241500,1964.1,1960.0
2025-08-25 15:09:00,17.4,17.4,17.4,17.4,0,19.298646,241500,1964.2,1960.0
2025-08-25 15:10:00,17.4,17.4,16.8,17.2,935500,19.49278,241000,1963.6,1960.0
2025-08-25 15:11:00,17.2,17.2,16.95,16.95,500,20.139598,241000,1962.3,1960.0
2025-08-25 15:12:00,16.95,16.95,16.5,16.5,937000,19.302139,241000,1962.6,1960.0
2025-08-25 15:13:00,16.5,16.8,16.5,16.8,1000,19.563532,240000,1962.8,1960.0
2025-08-25 15:14:00,16.8,17.15,16.8,17.15,939500,19.893088,240000,1963.0,1960.0
2025-08-25 15:15:00,17.15,17.15,16.9,16.9,3500,19.477109,240000,1963.1,1960.0
2025-08-25 15:16:00,16.9,17.3,16.9,17.3,940000,19.566996,238500,1963.7,1960.0
2025-08-25 15:17:00,17.3,17.3,17.25,17.25,4000,19.884964,238500,1963.2,1960.0
2025-08-25 15:18:00,17.25,17.25,17.05,17.05,942000,19.76583,238500,1963.0,1960.0
2025-08-25 15:19:00,17.05,17.05,16.95,17.0,7000,19.162135,237500,1963.7,1960.0
2025-08-25 15:20:00,17.0,17.3,17.0,17.3,944500,19.576533,237500,1963.7,1960.0
2025-08-25 15:21:00,17.3,17.5,17.3,17.5,9000,19.542832,237500,1964.1,1960.0
2025-08-25 15:22:00,17.5,17.5,17.5,17.5,0,19.623232,237500,1964.0,1960.0
2025-08-25 15:23:00,17.5,17.5,17.5,17.5,0,19.625625,237500,1964.0,1960.0
2025-08-25 15:24:00,17.5,17.5,17.5,17.5,0,19.783415,237500,1963.8,1960.0
2025-08-25 15:25:00,17.5,17.5,16.2,16.2,957500,18.846124,235500,1962.7,1960.0
2025-08-25 15:26:00,16.2,16.9,16.2,16.9,5500,19.957833,235500,1962.5,1960.0
2025-08-25 15:27:00,16.9,17.25,16.8,17.0,962000,19.566267,235500,1963.2,1960.0
2025-08-25 15:28:00,17.0,17.15,17.0,17.0,9000,17.991827,228500,1965.2,1960.0
2025-08-25 15:29:00,17.0,17.25,16.65,16.65,964000,18.469414,228500,1964.0,1960.0
2025-08-26 09:15:00,17.15,17.15,17.15,17.15,0,26.315991,227500,1959.0,1960.0
2025-08-26 09:16:00,14.75,14.75,10.0,10.0,12500,18.357799,227500,1954.8,1960.0
2025-08-26 09:17:00,10.0,10.0,9.5,9.5,7000,20.086248,227500,1951.1,1960.0
2025-08-26 09:18:00,9.5,9.5,8.8,8.8,16500,18.512757,230000,1951.8,1960.0
2025-08-26 09:19:00,8.8,8.8,8.75,8.75,12500,17.09738,230000,1953.8,1960.0
2025-08-26 09:20:00,8.75,10.0,8.75,10.0,46000,17.218774,230000,1956.4,1960.0
2025-08-26 09:21:00,10.0,10.05,10.0,10.05,18000,17.518317,232500,1956.1,1960.0
2025-08-26 09:22:00,10.05,10.05,9.65,9.65,49500,19.071197,232500,1953.0,1960.0
2025-08-26 09:23:00,9.65,9.65,8.4,8.4,25500,16.893537,232500,1953.3,1960.0
2025-08-26 09:24:00,8.4,8.4,7.8,7.8,55500,16.86485,230000,1951.9,1960.0
2025-08-26 09:25:00,7.8,7.8,7.6,7.6,29500,16.675545,230000,1951.7,1960.0
2025-08-26 09:26:00,7.6,7.6,7.55,7.55,60500,17.361298,230000,1950.5,1960.0
2025-08-26 09:27:00,16.4,16.4,16.25,16.25,3000,15.041776,254000,1949.9,1940.0
2025-08-26 09:28:00,16.25,16.4,16.25,16.4,14000,16.110064,254000,1949.2,1940.0
2025-08-26 09:29:00,16.4,16.4,16.3,16.3,6000,16.929904,254000,1948.3,1940.0
2025-08-26 09:30:00,16.3,16.3,15.3,15.3,18500,17.544823,254000,1946.1,1940.0
2025-08-26 09:31:00,15.3,15.3,15.3,15.3,0,16.745273,254000,1946.9,1940.0
2025-08-26 09:32:00,15.3,15.3,15.2,15.2,31000,15.637838,254000,1947.8,1940.0
2025-08-26 09:33:00,15.2,15.3,15.2,15.3,1000,16.127243,255000,1947.5,1940.0
2025-08-26 09:34:00,15.3,15.3,15.3,15.3,32500,15.917423,255000,1947.7,1940.0
2025-08-26 09:35:00,15.3,15.6,15.3,15.6,2500,16.099308,255000,1948.0,1940.0
2025-08-26 09:36:00,15.6,15.6,15.5,15.5,37000,16.779436,256000,1947.2,1940.0
2025-08-26 09:37:00,15.5,15.5,15.5,15.5,0,17.493122,256000,1946.5,1940.0
2025-08-26 09:38:00,15.5,15.5,14.65,14.65,40000,16.207522,256000,1946.4,1940.0
2025-08-26 09:39:00,14.65,14.65,14.65,14.65,0,15.485807,256000,1947.1,1940.0
2025-08-26 09:40:00,14.65,14.65,14.25,14.25,41500,16.162458,255000,1945.8,1940.0
2025-08-26 09:41:00,14.25,14.6,14.25,14.6,10000,15.722289,255000,1946.8,1940.0
2025-08-26 09:42:00,14.6,14.6,14.6,14.6,0,16.933872,255000,1945.6,1940.0
2025-08-26 09:43:00,14.6,14.6,13.35,13.35,58000,15.496927,254500,1945.0,1940.0
2025-08-26 09:44:00,13.35,13.35,12.05,12.05,2500,15.840936,254500,1942.4,1940.0
2025-08-26 09:45:00,12.05,12.4,12.0,12.4,67000,16.131371,256000,1942.7,1940.0
2025-08-26 09:46:00,12.4,12.4,12.25,12.25,5000,14.692395,256000,1944.0,1940.0
2025-08-26 09:47:00,12.25,12.25,12.25,12.25,0,14.113501,256000,1944.6,1940.0
2025-08-26 09:48:00,12.25,12.75,12.25,12.75,72500,16.425861,256000,1943.0,1940.0
2025-08-26 09:49:00,12.75,12.75,12.55,12.75,5000,15.409861,255500,1944.1,1940.0
2025-08-26 09:50:00,12.75,12.75,12.75,12.75,0,15.507059,255500,1944.0,1940.0
2025-08-26 09:51:00,12.75,12.75,12.3,12.3,79000,14.880192,255500,1943.9,1940.0
2025-08-26 09:52:00,12.3,13.2,12.3,13.2,500,14.057555,257000,1946.2,1940.0
2025-08-26 09:53:00,13.2,13.2,13.05,13.05,81500,14.736577,257000,1945.3,1940.0
2025-08-26 09:54:00,13.05,13.05,13.05,13.05,0,14.638513,256000,1945.4,1940.0
2025-08-26 09:55:00,13.05,13.05,12.55,12.55,84500,13.193719,256000,1946.0,1940.0
2025-08-26 09:56:00,12.55,12.55,12.35,12.45,32500,14.459893,256000,1944.6,1940.0
2025-08-26 09:57:00,12.45,12.45,12.0,12.0,86500,14.601228,256000,1943.7,1940.0
2025-08-26 09:58:00,12.0,12.0,11.5,11.5,37500,14.176042,258000,1943.3,1940.0
2025-08-26 09:59:00,11.5,11.5,11.3,11.3,91500,14.685078,258000,1942.4,1940.0
2025-08-26 10:00:00,11.3,11.3,10.8,10.8,45000,14.338648,257000,1941.9,1940.0
2025-08-26 10:01:00,10.8,11.3,10.8,11.3,95500,12.592822,257000,1944.6,1940.0
2025-08-26 10:02:00,11.3,11.8,11.3,11.8,49000,15.399323,257000,1942.5,1940.0
2025-08-26 10:03:00,11.8,12.25,11.8,12.25,101500,13.239363,257000,1945.5,1940.0
2025-08-26 10:04:00,12.25,12.8,12.25,12.6,54500,15.110129,261000,1944.2,1940.0
2025-08-26 10:05:00,12.6,12.6,12.2,12.2,102500,15.954614,261000,1942.6,1940.0
2025-08-26 10:06:00,12.2,12.2,12.2,12.2,0,15.867157,261000,1942.7,1940.0
2025-08-26 10:07:00,12.2,12.2,11.6,11.6,167000,15.272476,262500,1942.3,1940.0
2025-08-26 10:08:00,11.6,11.6,11.6,11.6,0,15.717725,262500,1941.8,1940.0
2025-08-26 10:09:00,11.6,11.6,11.45,11.45,168500,15.305604,262500,1942.0,1940.0
2025-08-26 10:10:00,11.45,11.45,11.45,11.45,0,15.396459,262500,1941.9,1940.0
2025-08-26 10:11:00,11.45,11.45,11.45,11.45,0,15.486976,262500,1941.8,1940.0
2025-08-26 10:12:00,11.45,11.45,11.0,11.0,174500,16.059978,262500,1940.3,1940.0
2025-08-26 10:13:00,11.0,11.0,10.2,10.3,3500,14.955652,264500,1940.3,1940.0
2025-08-26 10:14:00,10.3,10.3,10.3,10.3,0,15.290543,264500,1939.9,1940.0
2025-08-26 10:15:00,10.3,10.3,9.95,9.95,187500,15.711194,264500,1938.7,1940.0
2025-08-26 10:16:00,9.95,9.95,9.85,9.85,1000,15.949549,266500,1938.2,1940.0
2025-08-26 10:17:00,9.85,10.35,9.85,10.35,194000,15.867231,266500,1939.3,1940.0
2025-08-26 10:18:00,10.35,10.6,10.35,10.6,3500,15.857103,266500,1939.8,1940.0
2025-08-26 10:19:00,10.6,10.65,10.45,10.45,200000,15.622502,269000,1939.8,1940.0
2025-08-26 10:20:00,10.45,10.45,10.45,10.45,5500,15.459935,269000,1940.0,1940.0
2025-08-26 10:21:00,10.45,10.45,10.2,10.2,200500,15.066898,267000,1940.0,1940.0
2025-08-26 10:22:00,10.2,10.2,9.6,9.6,11500,15.175631,267000,1938.7,1940.0
2025-08-26 10:23:00,9.6,10.35,9.6,10.35,215500,14.378431,267000,1941.1,1940.0
2025-08-26 10:24:00,10.35,10.35,10.1,10.2,22500,14.142443,267000,1941.1,1940.0
2025-08-26 10:25:00,10.2,10.2,10.05,10.05,218000,13.732153,279500,1941.3,1940.0
2025-08-26 10:26:00,10.05,10.1,10.05,10.1,25000,13.638345,279500,1941.5,1940.0
2025-08-26 10:27:00,10.1,10.1,10.1,10.1,219000,14.672775,279500,1940.3,1940.0
2025-08-26 10:28:00,10.1,10.1,10.1,10.1,33500,13.992753,281000,1941.1,1940.0
2025-08-26 10:29:00,10.1,10.1,10.1,10.1,0,14.508972,281000,1940.5,1940.0
2025-08-26 10:30:00,10.1,10.1,10.1,10.1,0,14.170108,285000,1940.9,1940.0
2025-08-26 10:31:00,10.1,10.1,9.55,9.55,257500,12.503262,285000,1941.8,1940.0
2025-08-26 10:32:00,9.55,9.55,9.55,9.55,0,13.039086,285000,1941.2,1940.0
2025-08-26 10:33:00,9.55,9.55,9.35,9.35,262500,13.327775,285000,1940.5,1940.0
2025-08-26 10:34:00,9.35,9.35,9.25,9.25,1000,12.476929,288500,1941.3,1940.0
2025-08-26 10:35:00,9.25,9.45,9.25,9.45,264000,13.405788,288500,1940.6,1940.0
2025-08-26 10:36:00,9.45,9.45,8.9,8.9,5000,12.01086,291500,1941.2,1940.0
2025-08-26 10:37:00,8.9,8.9,8.9,8.9,0,12.363178,291500,1940.8,1940.0
2025-08-26 10:38:00,8.9,8.9,8.9,8.9,0,12.01494,291500,1941.2,1940.0
2025-08-26 10:39:00,8.9,9.8,8.9,9.8,272000,13.453022,291500,1941.2,1940.0
2025-08-26 10:40:00,9.8,9.8,9.5,9.5,2000,12.711473,288500,1941.5,1940.0
2025-08-26 10:41:00,9.5,9.5,9.5,9.5,0,12.978964,288500,1941.2,1940.0
2025-08-26 10:42:00,9.5,9.5,9.5,9.5,0,13.068761,288500,1941.1,1940.0
2025-08-26 10:43:00,9.5,9.5,9.3,9.3,275000,12.751896,288500,1941.1,1940.0
2025-08-26 10:44:00,9.3,9.3,9.2,9.2,1500,12.594453,288500,1941.1,1940.0
2025-08-26 10:45:00,9.2,9.2,9.0,9.0,276500,12.797529,288000,1940.5,1940.0
2025-08-26 10:46:00,9.0,9.0,8.85,8.85,3000,12.560931,288000,1940.5,1940.0
2025-08-26 10:47:00,8.85,8.85,8.85,8.85,0,12.818198,288000,1940.2,1940.0
2025-08-26 10:48:00,8.85,8.85,8.8,8.8,282000,12.31337,288000,1940.7,1940.0
2025-08-26 10:49:00,8.8,9.1,8.8,9.1,4000,13.135511,286500,1940.3,1940.0
2025-08-26 10:50:00,9.1,9.1,9.1,9.1,0,12.270731,286500,1941.3,1940.0
2025-08-26 10:51:00,9.1,9.6,9.1,9.6,290500,12.716151,286500,1941.7,1940.0
2025-08-26 10:52:00,9.6,9.6,9.3,9.3,1000,11.685276,290500,1942.3,1940.0
2025-08-26 10:53:00,9.3,9.3,9.3,9.3,0,11.780576,290500,1942.2,1940.0
2025-08-26 10:54:00,9.3,9.3,9.3,9.3,0,13.12327,297000,1940.7,1940.0
2025-08-26 10:55:00,9.3,9.45,9.3,9.45,333500,12.211175,297000,1942.0,1940.0
2025-08-26 10:56:00,9.45,9.45,9.45,9.45,0,12.576186,297000,1941.6,1940.0
2025-08-26 10:57:00,9.45,9.6,9.45,9.6,335500,11.515468,297000,1943.0,1940.0
2025-08-26 10:58:00,9.6,10.0,9.6,10.0,5500,10.969804,287500,1944.2,1940.0
2025-08-26 10:59:00,10.0,10.5,10.0,10.5,339000,11.067379,287500,1944.9,1940.0
2025-08-26 11:00:00,10.5,10.5,10.5,10.5,0,11.283715,287500,1944.7,1940.0
2025-08-26 11:01:00,10.5,10.55,10.4,10.55,351500,10.938273,292000,1945.1,1940.0
2025-08-26 11:02:00,10.55,10.75,10.55,10.75,2500,10.837318,292000,1945.5,1940.0
2025-08-26 11:03:00,10.75,10.75,10.55,10.55,355000,10.942227,292000,1945.1,1940.0
2025-08-26 11:04:00,10.55,10.55,10.55,10.55,0,10.722711,292000,1945.3,1940.0
2025-08-26 11:05:00,10.55,10.55,10.55,10.55,0,11.055452,292000,1945.0,1940.0
2025-08-26 11:06:00,10.55,10.55,10.1,10.1,358500,11.862039,293000,1943.5,1940.0
2025-08-26 11:07:00,10.1,10.1,9.7,9.7,5000,11.891461,292500,1942.8,1940.0
2025-08-26 11:08:00,9.7,9.7,9.7,9.7,0,11.797535,292500,1942.9,1940.0
2025-08-26 11:09:00,9.7,9.7,9.0,9.0,367000,11.970786,292500,1941.5,1940.0
2025-08-26 11:10:00,9.0,9.0,9.0,9.0,0,10.852595,292500,1942.7,1940.0
2025-08-26 11:11:00,9.0,9.0,8.85,8.85,371500,11.275388,292500,1942.0,1940.0
2025-08-26 11:12:00,8.85,8.85,8.75,8.75,2000,11.115526,292500,1942.0,1940.0
2025-08-26 11:13:00,8.75,8.75,8.75,8.75,0,9.745805,292500,1943.4,1940.0
2025-08-26 11:14:00,8.75,9.45,8.75,9.45,375000,10.908035,292500,1943.4,1940.0
2025-08-26 11:15:00,9.45,9.45,8.9,8.9,2500,10.202873,292500,1943.2,1940.0
2025-08-26 11:16:00,8.9,8.9,8.9,8.9,0,11.179075,294000,1942.2,1940.0
2025-08-26 11:17:00,8.9,9.65,8.9,9.4,417000,14.262044,294000,1939.6,1940.0
2025-08-26 11:18:00,9.4,9.4,6.0,7.55,145000,12.286161,292000,1938.4,1940.0
2025-08-26 11:19:00,7.55,8.1,5.7,5.7,454500,13.031775,292000,1933.2,1940.0
2025-08-26 11:20:00,5.7,7.55,5.7,7.55,174000,14.107214,292000,1936.0,1940.0
2025-08-26 11:21:00,7.55,7.8,7.5,7.8,459500,14.729532,291000,1935.7,1940.0
2025-08-26 11:22:00,7.8,7.8,7.7,7.7,182000,15.496357,291000,1934.4,1940.0
2025-08-26 11:23:00,7.7,7.7,7.7,7.7,0,15.0755,291000,1935.0,1940.0
2025-08-26 11:24:00,7.7,7.7,7.3,7.3,652500,14.991092,291000,1934.2,1940.0
2025-08-26 11:25:00,7.3,8.0,7.3,8.0,5000,15.278174,296000,1935.4,1940.0
2025-08-26 11:26:00,8.0,9.05,8.0,9.05,661000,15.47606,296000,1937.4,1940.0
2025-08-26 11:27:00,9.05,9.05,9.05,9.05,0,14.935004,296000,1938.1,1940.0
2025-08-26 11:28:00,9.05,9.05,8.75,8.75,666500,14.614882,296000,1937.9,1940.0
2025-08-26 11:29:00,8.75,9.25,8.75,9.25,1500,15.571571,296000,1937.7,1940.0
2025-08-26 11:30:00,9.25,9.25,9.25,9.25,0,15.340194,296000,1938.0,1940.0
2025-08-26 11:31:00,9.25,9.55,9.25,9.55,670500,13.777828,295500,1940.5,1940.0
2025-08-26 11:32:00,9.55,9.55,9.5,9.5,11500,14.457317,295500,1939.6,1940.0
2025-08-26 11:33:00,9.5,9.65,9.5,9.65,672000,16.530508,295500,1937.3,1940.0
2025-08-26 11:34:00,9.65,9.65,9.65,9.65,0,15.594174,295500,1938.5,1940.0
2025-08-26 11:35:00,9.65,9.65,9.25,9.25,686500,14.957759,295000,1938.5,1940.0
2025-08-26 11:36:00,9.25,9.25,9.1,9.1,1000,14.640806,295000,1938.6,1940.0
2025-08-26 11:37:00,9.1,9.1,9.1,9.1,0,15.117976,295000,1938.0,1940.0
2025-08-26 11:38:00,9.1,9.1,8.9,8.9,688000,14.800649,294500,1938.0,1940.0
2025-08-26 11:39:00,8.9,8.9,8.9,8.9,1000,15.268754,294500,1937.4,1940.0
2025-08-26 11:40:00,8.9,8.9,8.8,8.8,690500,15.416807,295000,1937.0,1940.0
2025-08-26 11:41:00,8.8,9.15,8.8,9.15,2000,15.751071,295000,1937.3,1940.0
2025-08-26 11:42:00,9.15,9.15,8.7,8.7,691500,15.488363,295000,1936.7,1940.0
2025-08-26 11:43:00,8.7,8.7,8.7,8.7,0,15.490891,295000,1936.7,1940.0
2025-08-26 11:44:00,8.7,8.95,8.7,8.95,695000,15.970207,296500,1936.6,1940.0
2025-08-26 11:45:00,8.95,8.95,8.95,8.95,0,16.197713,296500,1936.3,1940.0
2025-08-26 11:46:00,8.95,8.95,8.95,8.95,0,16.274931,296500,1936.2,1940.0
2025-08-26 11:47:00,8.95,8.95,8.95,8.95,0,15.291819,296500,1937.5,1940.0
2025-08-26 11:48:00,8.95,9.1,8.95,9.05,699000,15.76196,296500,1937.1,1940.0
2025-08-26 11:49:00,9.05,9.05,9.0,9.0,6000,15.454159,296500,1937.4,1940.0
2025-08-26 11:50:00,9.0,9.2,9.0,9.2,700000,16.084222,296500,1937.0,1940.0
2025-08-26 11:51:00,9.2,9.2,9.0,9.0,8500,15.689432,296500,1937.1,1940.0
2025-08-26 11:52:00,9.0,9.0,8.8,8.8,700500,14.279143,295000,1938.5,1940.0
2025-08-26 11:53:00,8.8,8.8,8.8,8.8,0,14.755394,295000,1937.9,1940.0
2025-08-26 11:54:00,8.8,9.0,8.8,9.0,709500,15.156596,295000,1937.8,1940.0
2025-08-26 11:55:00,9.0,9.0,8.85,8.85,1500,14.996439,294000,1937.7,1940.0
2025-08-26 11:56:00,8.85,8.95,8.85,8.95,711500,15.621961,294000,1937.1,1940.0
2025-08-26 11:57:00,8.95,8.95,8.85,8.85,2500,15.001385,294000,1937.7,1940.0
2025-08-26 11:58:00,8.85,9.0,8.85,9.0,712000,15.32227,291500,1937.6,1940.0
2025-08-26 11:59:00,9.0,9.0,9.0,9.0,0,15.090894,291500,1937.9,1940.0
2025-08-26 12:00:00,9.0,9.05,9.0,9.05,716000,15.945561,291500,1936.9,1940.0
2025-08-26 12:01:00,9.05,9.05,9.05,9.05,0,14.781189,292000,1938.4,1940.0
2025-08-26 12:02:00,9.05,9.5,9.05,9.5,718500,15.265141,292000,1938.7,1940.0
2025-08-26 12:03:00,9.5,9.5,9.5,9.5,0,15.666858,292000,1938.2,1940.0
2025-08-26 12:04:00,9.5,9.6,9.5,9.6,723000,16.223178,291500,1937.7,1940.0
2025-08-26 12:05:00,9.6,9.9,9.6,9.9,1000,14.844826,291500,1940.0,1940.0
2025-08-26 12:06:00,9.9,9.9,9.75,9.75,726000,14.521958,291500,1940.1,1940.0
2025-08-26 12:07:00,9.75,10.4,9.75,10.35,4500,15.062992,289500,1940.6,1940.0
2025-08-26 12:08:00,10.35,10.35,10.05,10.05,727000,15.093288,289500,1940.0,1940.0
2025-08-26 12:09:00,10.05,10.05,10.05,10.05,0,15.095811,289500,1940.0,1940.0
2025-08-26 12:10:00,10.05,10.05,9.4,9.4,735000,14.554241,290500,1939.4,1940.0
2025-08-26 12:11:00,9.4,9.4,9.4,9.4,4000,14.391013,290500,1939.6,1940.0
2025-08-26 12:12:00,9.4,9.8,9.4,9.8,738500,14.78557,290500,1939.9,1940.0
2025-08-26 12:13:00,9.8,10.0,9.8,10.0,5500,15.025507,290500,1940.0,1940.0
2025-08-26 12:14:00,10.0,10.0,9.75,9.75,739500,15.043704,290500,1939.5,1940.0
2025-08-26 12:15:00,9.75,9.9,9.75,9.9,6500,14.358206,290500,1940.6,1940.0
2025-08-26 12:16:00,9.9,9.9,9.9,9.9,0,14.532479,290500,1940.4,1940.0
2025-08-26 12:17:00,9.9,9.9,9.45,9.45,747000,14.402571,292500,1939.7,1940.0
2025-08-26 12:18:00,9.45,9.45,9.05,9.05,1000,14.093573,292500,1939.3,1940.0
2025-08-26 12:19:00,9.05,9.35,9.05,9.25,749500,14.169112,292000,1939.6,1940.0
2025-08-26 12:20:00,9.25,9.25,9.25,9.25,0,14.254616,292000,1939.5,1940.0
2025-08-26 12:21:00,9.25,9.25,9.2,9.2,752000,15.151444,292000,1938.3,1940.0
2025-08-26 12:22:00,9.2,9.2,9.2,9.2,0,14.590173,292000,1939.0,1940.0
2025-08-26 12:23:00,9.2,9.2,9.2,9.2,0,14.592626,292000,1939.0,1940.0
2025-08-26 12:24:00,9.2,9.2,9.2,9.2,0,14.01709,292000,1939.7,1940.0
2025-08-26 12:25:00,9.2,9.2,9.0,9.0,755500,14.357121,292500,1938.9,1940.0
2025-08-26 12:26:00,9.0,9.0,8.65,8.65,1500,14.278725,292500,1938.3,1940.0
2025-08-26 12:27:00,8.65,8.65,8.65,8.65,0,14.518633,292500,1938.0,1940.0
2025-08-26 12:28:00,8.65,8.7,8.65,8.7,758500,14.043456,296000,1938.7,1940.0
2025-08-26 12:29:00,8.7,8.95,8.7,8.95,1500,14.041062,296000,1939.2,1940.0
2025-08-26 12:30:00,8.95,8.95,8.45,8.45,759500,14.438757,296000,1937.7,1940.0
2025-08-26 12:31:00,8.45,8.45,8.45,8.45,0,14.206032,296000,1938.0,1940.0
2025-08-26 12:32:00,8.45,8.45,8.45,8.45,0,14.443585,297000,1937.7,1940.0
2025-08-26 12:33:00,8.45,8.45,8.45,8.45,0,15.28987,297000,1936.6,1940.0
2025-08-26 12:34:00,8.45,8.45,8.1,8.1,762000,14.498968,297000,1936.9,1940.0
2025-08-26 12:35:00,8.1,8.1,8.1,8.1,0,14.652856,297000,1936.7,1940.0
2025-08-26 12:36:00,8.1,8.1,8.1,8.1,0,15.178665,297000,1936.0,1940.0
2025-08-26 12:37:00,8.1,8.1,7.9,7.9,768000,14.633708,296500,1936.3,1940.0
2025-08-26 12:38:00,7.9,8.15,7.9,8.05,1000,15.323659,296500,1935.7,1940.0
2025-08-26 12:39:00,8.05,8.1,8.05,8.1,770000,15.407533,296500,1935.7,1940.0
2025-08-26 12:40:00,8.1,8.1,8.1,8.1,0,15.336495,298500,1935.8,1940.0
2025-08-26 12:41:00,8.1,8.1,7.5,7.5,777000,15.084928,298500,1934.8,1940.0
2025-08-26 12:42:00,7.5,7.5,7.35,7.35,1000,15.335453,298500,1934.1,1940.0
2025-08-26 12:43:00,7.35,7.95,7.35,7.95,779500,15.898218,296000,1934.7,1940.0
2025-08-26 12:44:00,7.95,8.35,7.95,8.35,3000,15.456153,296000,1936.2,1940.0
2025-08-26 12:45:00,8.35,8.35,8.35,8.35,0,14.930601,296000,1936.9,1940.0
2025-08-26 12:46:00,8.35,8.35,8.35,8.35,0,14.703421,296000,1937.2,1940.0
2025-08-26 12:47:00,8.35,8.35,8.35,8.35,0,15.163264,296000,1936.6,1940.0
2025-08-26 12:48:00,8.35,8.4,8.35,8.4,784000,14.942725,297000,1937.0,1940.0
2025-08-26 12:49:00,8.4,8.4,8.4,8.4,0,14.79176,297000,1937.2,1940.0
2025-08-26 12:50:00,8.4,8.4,8.4,8.4,0,13.692036,298000,1938.6,1940.0
2025-08-26 12:51:00,8.4,8.65,8.4,8.65,788000,14.577201,298000,1938.0,1940.0
2025-08-26 12:52:00,8.65,8.7,8.65,8.7,500,14.181343,298500,1938.6,1940.0
2025-08-26 12:53:00,8.7,8.7,8.7,8.7,0,13.940376,298500,1938.9,1940.0
2025-08-26 12:54:00,8.7,8.95,8.65,8.65,789500,14.185902,298500,1938.5,1940.0
2025-08-26 12:55:00,8.65,8.65,8.65,8.65,0,14.188308,298500,1938.5,1940.0
2025-08-26 12:56:00,8.65,8.7,8.65,8.7,790500,14.190954,298000,1938.6,1940.0
2025-08-26 12:57:00,8.7,8.7,8.7,8.7,0,14.434311,298000,1938.3,1940.0
2025-08-26 12:58:00,8.7,8.95,8.7,8.95,791500,14.519097,298000,1938.7,1940.0
2025-08-26 12:59:00,8.95,8.95,8.95,8.95,0,14.763483,298000,1938.4,1940.0
2025-08-26 13:00:00,8.95,8.95,8.95,8.95,0,14.685597,298000,1938.5,1940.0
2025-08-26 13:01:00,8.95,8.95,8.7,8.7,794500,13.877558,299000,1939.0,1940.0
2025-08-26 13:02:00,8.7,8.9,8.7,8.9,1000,13.873228,296500,1939.4,1940.0
2025-08-26 13:03:00,8.9,9.0,8.9,9.0,795000,14.203186,296500,1939.2,1940.0
2025-08-26 13:04:00,9.0,9.0,9.0,9.0,0,14.288026,296500,1939.1,1940.0
2025-08-26 13:05:00,9.0,9.2,9.0,9.2,797000,13.256663,296000,1940.7,1940.0
2025-08-26 13:06:00,9.2,11.0,9.2,11.0,28500,14.096867,296000,1943.0,1940.0
2025-08-26 13:07:00,11.0,11.5,11.0,11.5,803500,13.952899,298500,1944.0,1940.0
2025-08-26 13:08:00,11.5,12.35,11.5,12.35,31500,14.364894,298500,1945.0,1940.0
2025-08-26 13:09:00,12.35,12.55,12.05,12.05,808500,14.970124,298500,1943.9,1940.0
2025-08-26 13:10:00,12.05,12.05,12.05,12.05,0,14.173714,298500,1944.7,1940.0
2025-08-26 13:11:00,12.05,12.05,12.05,12.05,843500,13.657928,297500,1945.2,1940.0
2025-08-26 13:12:00,12.05,12.85,12.05,12.85,500,13.731714,297500,1946.4,1940.0
2025-08-26 13:13:00,12.85,12.85,12.85,12.85,0,14.278563,297000,1945.9,1940.0
2025-08-26 13:14:00,12.85,12.95,12.85,12.95,846500,16.759279,297000,1943.6,1940.0
2025-08-26 13:15:00,12.95,12.95,11.65,11.65,2000,16.023295,297000,1942.1,1940.0
2025-08-26 13:16:00,11.65,11.65,11.65,11.65,0,16.207059,297000,1941.9,1940.0
2025-08-26 13:17:00,11.65,11.8,11.65,11.8,849500,17.076905,294500,1941.2,1940.0
2025-08-26 13:18:00,11.8,11.8,11.8,11.8,0,16.185768,294500,1942.2,1940.0
2025-08-26 13:19:00,11.8,11.8,11.6,11.6,850500,17.019458,294500,1940.9,1940.0
2025-08-26 13:20:00,11.6,11.6,11.6,11.6,0,16.935156,294500,1941.0,1940.0
2025-08-26 13:21:00,11.6,11.6,11.6,11.6,0,16.938013,294500,1941.0,1940.0
2025-08-26 13:22:00,11.6,11.6,11.4,11.4,853000,16.876316,294500,1940.7,1940.0
2025-08-26 13:23:00,11.4,11.4,11.4,11.4,0,16.618135,294500,1941.0,1940.0
2025-08-26 13:24:00,11.4,11.4,11.4,11.4,0,16.620944,294500,1941.0,1940.0
2025-08-26 13:25:00,11.4,11.4,11.4,11.4,854000,16.623756,294500,1941.0,1940.0
2025-08-26 13:26:00,11.4,11.4,11.4,11.4,0,16.713921,294500,1940.9,1940.0
2025-08-26 13:27:00,11.4,11.4,11.4,11.4,0,17.489846,294500,1940.0,1940.0
2025-08-26 13:28:00,11.4,11.4,11.4,11.4,0,17.237576,294500,1940.3,1940.0
2025-08-26 13:29:00,11.4,11.4,10.1,10.1,855000,15.55175,294500,1939.8,1940.0
2025-08-26 13:30:00,10.1,10.1,10.0,10.0,500,15.391828,294500,1939.8,1940.0
2025-08-26 13:31:00,10.0,10.0,10.0,10.0,0,15.224841,294500,1940.0,1940.0
2025-08-26 13:32:00,10.0,10.0,9.8,9.8,859500,14.384987,294500,1940.6,1940.0
2025-08-26 13:33:00,9.8,9.85,9.8,9.85,500,14.814973,294500,1940.2,1940.0
2025-08-26 13:34:00,9.85,9.85,9.85,9.85,0,14.988548,294500,1940.0,1940.0
2025-08-26 13:35:00,9.85,10.15,9.85,10.15,861000,15.049919,292500,1940.5,1940.0
2025-08-26 13:36:00,10.15,10.15,10.15,10.15,0,14.878406,292500,1940.7,1940.0
2025-08-26 13:37:00,10.15,10.15,10.15,10.15,0,14.705467,292500,1940.9,1940.0
2025-08-26 13:38:00,10.15,10.4,10.15,10.4,866000,16.232236,294500,1939.6,1940.0
2025-08-26 13:39:00,10.4,10.4,10.2,10.2,1500,15.314561,294500,1940.3,1940.0
2025-08-26 13:40:00,10.2,10.2,10.2,10.2,0,15.31718,294500,1940.3,1940.0
2025-08-26 13:41:00,10.2,10.2,9.65,9.65,868500,14.680714,296000,1940.0,1940.0
2025-08-26 13:42:00,9.65,9.65,9.65,9.65,0,14.511854,296000,1940.2,1940.0
2025-08-26 13:43:00,9.65,9.65,9.65,9.65,0,14.685768,296000,1940.0,1940.0
2025-08-26 13:44:00,9.65,9.65,9.65,9.65,0,14.688291,296000,1940.0,1940.0
2025-08-26 13:45:00,9.65,9.65,8.7,8.7,871000,17.007815,296500,1935.1,1940.0
2025-08-26 13:46:00,8.7,8.9,8.7,8.9,5500,16.442517,294500,1936.3,1940.0
2025-08-26 13:47:00,8.9,8.9,7.65,7.65,873500,17.115381,294500,1932.5,1940.0
2025-08-26 13:48:00,7.65,7.75,7.65,7.75,7500,16.802018,294500,1933.2,1940.0
2025-08-26 13:49:00,7.75,7.75,7.5,7.5,874500,16.800639,294500,1932.6,1940.0
2025-08-26 13:50:00,7.5,7.5,7.45,7.45,8500,16.236733,289000,1933.3,1940.0
2025-08-26 13:51:00,7.45,8.4,7.45,8.4,875500,17.039763,289000,1934.4,1940.0
2025-08-26 13:52:00,8.4,8.4,7.55,7.55,13500,16.893001,287500,1932.6,1940.0
2025-08-26 13:53:00,7.55,7.55,7.4,7.4,879000,16.916338,287500,1932.2,1940.0
2025-08-26 13:54:00,7.4,7.4,7.4,7.4,0,16.783093,287500,1932.4,1940.0
2025-08-26 13:55:00,7.4,7.55,7.4,7.55,896000,14.992443,288500,1935.3,1940.0
2025-08-26 13:56:00,7.55,7.8,7.55,7.8,1000,15.699191,288500,1934.9,1940.0
2025-08-26 13:57:00,7.8,7.9,7.8,7.9,897000,16.299867,288500,1934.3,1940.0
2025-08-26 13:58:00,7.9,7.9,7.7,7.7,5500,15.970533,289000,1934.3,1940.0
2025-08-26 13:59:00,7.7,7.7,7.7,7.7,0,14.658473,289000,1936.1,1940.0
2025-08-26 14:00:00,7.7,8.5,7.7,8.5,905500,16.201294,289000,1935.8,1940.0
2025-08-26 14:01:00,8.5,8.5,8.0,8.0,5000,15.677304,283000,1935.4,1940.0
2025-08-26 14:02:00,8.0,8.3,8.0,8.3,907500,16.24867,283000,1935.3,1940.0
2025-08-26 14:03:00,8.3,8.3,8.1,8.3,8000,16.325069,283000,1935.2,1940.0
2025-08-26 14:04:00,8.3,8.35,8.3,8.35,909500,15.815402,281000,1936.0,1940.0
2025-08-26 14:05:00,8.35,8.45,8.35,8.45,8500,15.680095,281000,1936.4,1940.0
2025-08-26 14:06:00,8.45,8.45,8.45,8.45,0,15.145172,281000,1937.1,1940.0
2025-08-26 14:07:00,8.45,8.5,8.45,8.5,921000,15.691356,281500,1936.5,1940.0
2025-08-26 14:08:00,8.5,8.5,8.05,8.05,14500,15.998951,281500,1935.1,1940.0
2025-08-26 14:09:00,8.05,8.25,8.05,8.25,925000,16.405771,281500,1935.0,1940.0
2025-08-26 14:10:00,8.25,8.25,8.0,8.0,23000,17.70066,265000,1932.6,1940.0
2025-08-26 14:11:00,8.0,8.0,7.75,7.75,926500,17.831163,265000,1931.8,1940.0
2025-08-26 14:12:00,7.75,7.75,7.6,7.6,25000,17.444277,265000,1932.0,1940.0
2025-08-26 14:13:00,7.6,7.6,7.35,7.35,928500,17.495028,261500,1931.3,1940.0
2025-08-26 14:14:00,7.35,7.35,7.35,7.35,0,17.296739,261500,1931.6,1940.0
2025-08-26 14:15:00,7.35,7.45,7.3,7.3,956000,16.741065,261500,1932.3,1940.0
2025-08-26 14:16:00,7.3,7.3,7.05,7.05,8500,16.590572,268500,1931.9,1940.0
2025-08-26 14:17:00,7.05,7.05,6.85,6.85,958000,16.784762,268500,1931.1,1940.0
2025-08-26 14:18:00,6.85,6.95,6.85,6.95,13000,16.958976,268500,1931.1,1940.0
2025-08-26 14:19:00,17.0,17.25,16.75,16.75,6000,18.319472,47000,1928.7,1920.0
2025-08-26 14:20:00,16.75,16.75,16.15,16.15,133000,17.378907,47000,1928.6,1920.0
2025-08-26 14:21:00,16.15,16.15,15.25,15.25,7000,16.703999,47000,1927.8,1920.0
2025-08-26 14:22:00,15.25,15.25,15.25,15.25,0,17.588441,47000,1927.0,1920.0
2025-08-26 14:23:00,15.25,15.25,14.5,14.5,140500,16.398482,47000,1926.9,1920.0
2025-08-26 14:24:00,14.5,14.5,14.5,14.5,0,17.469415,47000,1925.9,1920.0
2025-08-26 14:25:00,14.5,14.5,14.5,14.5,0,16.29427,47000,1927.0,1920.0
2025-08-26 14:26:00,14.5,14.5,14.5,14.5,0,14.802311,47000,1928.3,1920.0
2025-08-26 14:27:00,5.95,6.1,5.95,6.1,968000,15.842989,268000,1930.6,1940.0
2025-08-26 14:28:00,6.1,6.1,6.1,6.1,0,15.781277,270500,1930.7,1940.0
2025-08-26 14:29:00,6.1,6.25,6.1,6.25,1013000,16.302196,270500,1930.3,1940.0
2025-08-26 14:30:00,15.8,15.8,15.8,15.8,0,15.957661,50500,1929.3,1920.0
2025-08-26 14:31:00,15.8,15.8,14.95,14.95,151500,14.145321,50500,1929.5,1920.0
2025-08-26 14:32:00,14.95,14.95,14.95,14.95,0,15.028215,50500,1928.8,1920.0
2025-08-26 14:33:00,14.95,14.95,14.95,14.95,0,15.393475,50500,1928.5,1920.0
2025-08-26 14:34:00,14.95,14.95,14.95,14.95,0,14.410172,53000,1929.3,1920.0
2025-08-26 14:35:00,14.95,14.95,14.95,14.95,0,14.025616,53000,1929.6,1920.0
2025-08-26 14:36:00,14.95,14.95,14.95,14.95,0,13.763939,53000,1929.8,1920.0
2025-08-26 14:37:00,14.95,14.95,14.85,14.85,152500,15.462706,53000,1928.3,1920.0
2025-08-26 14:38:00,14.85,14.85,14.85,14.85,0,15.226935,53000,1928.5,1920.0
2025-08-26 14:39:00,14.85,14.85,14.85,14.85,0,14.741686,53000,1928.9,1920.0
2025-08-26 14:40:00,14.85,14.85,14.85,14.85,0,14.867841,53000,1928.8,1920.0
2025-08-26 14:41:00,14.85,14.85,14.5,14.5,155500,14.721993,53000,1928.4,1920.0
2025-08-26 14:42:00,14.5,14.5,14.5,14.5,0,13.32471,53000,1929.5,1920.0
2025-08-26 14:43:00,14.5,14.5,14.5,14.5,0,12.918705,53000,1929.8,1920.0
2025-08-26 14:44:00,14.5,14.5,14.5,14.5,0,13.19506,53000,1929.6,1920.0
2025-08-26 14:45:00,14.5,14.5,14.5,14.5,0,12.923679,53000,1929.8,1920.0
2025-08-26 14:46:00,14.5,14.5,14.5,14.5,0,13.988685,53000,1929.0,1920.0
2025-08-26 14:47:00,14.5,14.5,14.5,14.5,0,13.0664,53000,1929.7,1920.0
2025-08-26 14:48:00,14.5,14.5,14.5,14.5,0,12.650791,55000,1930.0,1920.0
2025-08-26 14:49:00,14.5,14.7,14.5,14.7,157500,13.182732,55000,1929.9,1920.0
2025-08-26 14:50:00,14.7,14.7,14.7,14.7,500,14.115508,54500,1929.2,1920.0
2025-08-26 14:51:00,14.7,14.7,14.7,14.7,0,14.11815,54500,1929.2,1920.0
2025-08-26 14:52:00,14.7,14.7,14.7,14.7,0,13.861463,54500,1929.4,1920.0
2025-08-26 14:53:00,14.7,14.7,14.7,14.7,0,14.874851,54500,1928.6,1920.0
2025-08-26 14:54:00,14.7,14.7,14.7,14.7,0,15.359155,54500,1928.2,1920.0
2025-08-26 14:55:00,14.7,14.7,14.7,14.7,0,15.122921,54500,1928.4,1920.0
2025-08-26 14:56:00,14.7,14.7,14.7,14.7,0,14.386163,54500,1929.0,1920.0
2025-08-26 14:57:00,14.7,14.7,14.7,14.7,0,13.87452,54500,1929.4,1920.0
2025-08-26 14:58:00,14.7,14.7,14.6,14.6,160000,18.866257,54500,1924.8,1920.0
2025-08-26 14:59:00,14.6,14.6,14.6,14.6,0,18.869525,54500,1924.8,1920.0
2025-08-26 15:00:00,14.6,14.6,11.35,11.35,161500,9.451023,54500,1927.9,1920.0
2025-08-26 15:01:00,5.35,5.5,5.2,5.5,15000,15.133892,267000,1930.2,1940.0
2025-08-26 15:02:00,13.8,13.8,13.8,13.8,0,11.580574,54500,1929.8,1920.0
2025-08-26 15:03:00,13.8,13.8,13.8,13.8,0,14.356011,54500,1927.7,1920.0
2025-08-26 15:04:00,13.8,13.8,11.45,11.45,164000,10.776063,54500,1927.1,1920.0
2025-08-26 15:05:00,11.45,11.45,11.45,11.45,0,12.717777,54500,1925.5,1920.0
2025-08-26 15:06:00,11.45,11.45,11.45,11.45,0,10.51348,54500,1927.3,1920.0
2025-08-26 15:07:00,11.45,11.45,10.95,10.95,164500,11.122175,54500,1926.1,1920.0
2025-08-26 15:08:00,10.95,10.95,10.95,10.95,0,11.604061,54500,1925.7,1920.0
2025-08-26 15:09:00,10.95,10.95,10.95,10.95,0,9.965891,54500,1927.0,1920.0
2025-08-26 15:10:00,10.95,10.95,10.95,10.95,0,11.250418,54500,1926.0,1920.0
2025-08-26 15:11:00,10.95,10.95,10.0,10.35,166500,10.523441,54000,1925.7,1920.0
2025-08-26 15:12:00,10.35,10.35,10.0,10.0,500,13.754944,54000,1922.1,1920.0
2025-08-26 15:13:00,10.0,10.0,8.95,9.3,167500,11.98562,55000,1922.7,1920.0
2025-08-26 15:14:00,9.3,9.3,9.3,9.3,0,12.48057,55000,1922.2,1920.0
2025-08-26 15:15:00,9.3,9.3,9.3,9.3,0,10.7369,55000,1923.9,1920.0
2025-08-26 15:16:00,9.3,9.3,9.3,9.3,0,10.738964,55000,1923.9,1920.0
2025-08-26 15:17:00,9.3,9.3,9.3,9.3,0,11.171438,55000,1923.5,1920.0
2025-08-26 15:18:00,9.3,9.3,9.3,9.3,0,11.279058,55000,1923.4,1920.0
2025-08-26 15:19:00,9.3,9.3,9.3,9.3,0,11.797379,55000,1922.9,1920.0
2025-08-26 15:20:00,9.3,10.2,9.3,10.2,169000,11.666164,54500,1924.5,1920.0
2025-08-26 15:21:00,10.2,11.25,10.2,11.25,500,14.827892,54500,1923.2,1920.0
2025-08-26 15:22:00,11.25,11.25,11.25,11.25,0,16.167678,54500,1921.8,1920.0
2025-08-26 15:23:00,11.25,11.25,11.25,11.25,0,17.257848,54500,1920.6,1920.0
2025-08-26 15:24:00,11.25,11.25,11.25,11.25,0,18.728631,54500,1918.9,1920.0
2025-08-26 15:25:00,11.25,11.25,8.6,8.6,172000,14.051065,54500,1919.2,1920.0
2025-08-26 15:26:00,8.6,8.6,8.6,8.6,0,12.276988,54500,1921.2,1920.0
2025-08-26 15:27:00,8.6,8.6,8.6,8.6,0,13.364235,54500,1920.0,1920.0
2025-08-26 15:28:00,8.6,9.8,8.6,9.15,176000,15.978092,53000,1918.0,1920.0
2025-08-26 15:29:00,10.25,10.25,10.25,10.25,0,27.847134,0,1924.2,1920.0
2025-08-28 09:15:00,4.55,4.95,4.55,4.95,5000,29.990043,263500,1931.4,1940.0
2025-08-28 09:16:00,4.8,14.95,4.8,11.0,4000,28.66209,54500,1925.1,1920.0
2025-08-28 09:17:00,4.95,4.95,4.9,4.9,9500,29.708625,263500,1931.5,1940.0
2025-08-28 09:18:00,4.9,4.9,4.9,4.9,0,31.056051,263500,1930.5,1940.0
2025-08-28 09:19:00,4.9,4.9,4.9,4.9,0,31.078695,263500,1930.5,1940.0
2025-08-28 09:20:00,4.9,4.9,4.9,4.9,0,26.61534,263500,1933.8,1940.0
2025-08-28 09:21:00,4.9,4.9,4.0,4.0,21500,26.306283,263500,1931.5,1940.0
2025-08-28 09:22:00,13.25,13.25,12.35,12.35,14500,25.799735,53500,1928.4,1920.0
2025-08-28 09:23:00,12.35,12.35,12.35,12.35,0,30.395272,53500,1926.6,1920.0
2025-08-28 09:24:00,12.35,12.35,12.35,12.35,0,30.417991,53500,1926.6,1920.0
2025-08-28 09:25:00,12.35,12.35,10.35,10.35,15000,23.782027,53000,1926.2,1920.0
2025-08-28 09:26:00,10.35,10.35,10.35,10.35,0,25.985935,53000,1925.3,1920.0
2025-08-28 09:27:00,10.35,10.4,10.35,10.4,15500,23.24432,53000,1926.5,1920.0
2025-08-28 09:28:00,10.4,10.4,10.0,10.0,1500,23.734943,53500,1925.7,1920.0
2025-08-28 09:29:00,10.0,10.0,10.0,10.0,0,23.998386,53500,1925.6,1920.0
2025-08-28 09:30:00,10.0,10.0,10.0,10.0,0,32.016148,53500,1921.9,1920.0
2025-08-28 09:31:00,10.0,10.0,8.8,8.8,19500,29.626059,52000,1920.9,1920.0
2025-08-28 09:32:00,8.8,8.8,8.8,8.8,0,23.279556,52000,1924.0,1920.0
2025-08-28 09:33:00,8.8,9.35,7.9,7.9,22000,27.168997,52000,1920.5,1920.0
2025-08-28 09:34:00,7.9,7.9,6.7,6.7,2000,23.776047,52500,1920.0,1920.0
2025-08-28 09:35:00,6.7,7.05,6.7,7.05,23000,22.395387,52500,1921.4,1920.0
2025-08-28 09:36:00,7.05,7.35,7.05,7.35,2500,22.907473,52500,1921.7,1920.0
2025-08-28 09:37:00,7.35,7.35,7.35,7.35,0,20.412514,52500,1922.9,1920.0
2025-08-28 09:38:00,7.35,7.35,7.35,7.35,0,13.130842,54500,1925.7,1920.0
2025-08-28 09:39:00,7.35,9.5,7.35,9.5,27000,14.960543,54500,1928.0,1920.0
2025-08-28 09:40:00,2.0,2.0,1.9,1.9,53000,18.149582,261500,1931.3,1940.0
2025-08-28 09:41:00,1.9,1.9,1.9,1.9,0,18.955482,261500,1930.6,1940.0
2025-08-28 09:42:00,1.9,2.3,1.9,2.3,58500,20.535556,261500,1930.8,1940.0
2025-08-28 09:43:00,2.3,2.3,2.2,2.2,2000,20.225544,261500,1930.7,1940.0
2025-08-28 09:44:00,2.2,2.4,2.2,2.4,59000,19.081328,261500,1932.4,1940.0
2025-08-28 09:45:00,2.4,4.45,2.4,4.45,14500,22.793135,262000,1935.6,1940.0
2025-08-28 09:46:00,4.45,5.15,4.35,4.8,69500,25.454222,262000,1934.7,1940.0
2025-08-28 09:47:00,4.8,4.8,4.5,4.5,16500,26.476907,262000,1933.2,1940.0
2025-08-28 09:48:00,15.0,15.0,11.4,11.4,29000,20.096714,54000,1929.1,1920.0
2025-08-28 09:49:00,4.0,4.0,4.0,4.0,0,28.688912,254000,1930.1,1940.0
2025-08-28 09:50:00,4.0,4.0,3.1,3.1,101000,23.348001,254000,1931.4,1940.0
2025-08-28 09:51:00,3.1,3.65,3.1,3.65,2000,22.419578,254000,1933.8,1940.0
2025-08-28 09:52:00,3.65,4.55,3.65,4.55,110500,22.990846,253500,1935.8,1940.0
2025-08-28 09:53:00,4.55,5.05,4.55,5.05,7500,23.95031,253500,1936.4,1940.0
2025-08-28 09:54:00,5.05,5.05,5.05,5.05,0,21.558136,254500,1937.9,1940.0
2025-08-28 09:55:00,5.05,6.05,5.05,6.05,130000,24.388423,254500,1938.4,1940.0
2025-08-28 09:56:00,6.05,6.1,6.05,6.1,3500,24.590005,254500,1938.4,1940.0
2025-08-28 09:57:00,6.1,6.1,4.7,4.7,142500,20.651435,255000,1937.7,1940.0
2025-08-28 09:58:00,4.7,4.7,4.55,4.55,7000,20.761443,255000,1937.3,1940.0
2025-08-28 09:59:00,4.55,4.55,4.55,4.55,0,21.097266,255000,1937.1,1940.0
2025-08-28 10:00:00,4.55,4.75,4.55,4.75,150000,21.373412,255000,1937.4,1940.0
2025-08-28 10:01:00,4.75,4.75,3.75,3.75,1000,17.99275,255000,1937.2,1940.0
2025-08-28 10:02:00,3.75,4.4,3.75,4.4,151000,19.460177,255000,1937.8,1940.0
2025-08-28 10:03:00,4.4,4.45,4.2,4.2,8500,16.889056,258000,1938.9,1940.0
2025-08-28 10:04:00,4.2,4.2,3.6,3.6,157000,17.160186,258000,1937.4,1940.0
2025-08-28 10:05:00,3.6,3.9,3.6,3.75,17000,18.82635,258000,1936.7,1940.0
2025-08-28 10:06:00,3.75,3.75,3.75,3.75,0,17.906924,261500,1937.3,1940.0
2025-08-28 10:07:00,3.75,3.75,3.5,3.5,181000,21.270299,261500,1934.4,1940.0
2025-08-28 10:08:00,3.5,3.5,3.5,3.5,0,21.14627,261500,1934.5,1940.0
2025-08-28 10:09:00,3.5,3.5,3.15,3.15,186500,21.012386,262000,1933.6,1940.0
2025-08-28 10:10:00,3.15,3.15,3.15,3.15,0,19.795855,262000,1934.5,1940.0
2025-08-28 10:11:00,3.15,3.15,3.15,3.15,189500,20.91022,262000,1933.7,1940.0
2025-08-28 10:12:00,3.15,3.15,3.15,3.15,500,21.332772,262000,1933.4,1940.0
2025-08-28 10:13:00,3.15,3.15,3.15,3.15,192000,23.594658,262000,1931.7,1940.0
2025-08-28 10:14:00,3.15,3.15,2.5,2.5,3000,22.792949,262000,1930.1,1940.0
2025-08-28 10:15:00,11.85,11.85,11.85,11.85,0,21.246429,59500,1929.5,1920.0
2025-08-28 10:16:00,11.85,11.85,11.85,11.85,0,24.511314,59500,1928.5,1920.0
2025-08-28 10:17:00,11.85,11.85,11.85,11.85,0,27.650875,59500,1927.4,1920.0
2025-08-28 10:18:00,11.85,11.85,11.85,11.85,0,27.940615,59500,1927.3,1920.0
2025-08-28 10:19:00,11.85,11.85,8.4,8.4,49000,20.376606,60000,1924.9,1920.0
2025-08-28 10:20:00,8.4,8.4,7.7,7.7,1000,15.814511,60000,1925.5,1920.0
2025-08-28 10:21:00,7.7,7.7,7.7,7.7,0,14.547862,60000,1925.9,1920.0
2025-08-28 10:22:00,7.7,7.7,7.7,7.7,0,13.869298,60000,1926.1,1920.0
2025-08-28 10:23:00,7.7,7.85,7.7,7.85,51000,18.483325,59000,1924.8,1920.0
2025-08-28 10:24:00,7.85,7.85,7.85,7.85,0,18.498843,59000,1924.8,1920.0
2025-08-28 10:25:00,7.85,7.85,6.3,6.3,52000,13.174591,59000,1924.4,1920.0
2025-08-28 10:26:00,6.3,6.3,6.3,6.3,0,0.0,59000,1926.4,1920.0
2025-08-28 10:27:00,6.3,6.55,6.3,6.55,52500,0.0,59000,1926.7,1920.0
2025-08-28 10:28:00,6.55,7.4,6.55,7.4,1000,0.0,59500,1927.6,1920.0
2025-08-28 10:29:00,7.4,7.4,7.4,7.4,0,0.0,59500,1927.6,1920.0
2025-08-28 10:30:00,7.4,7.4,7.4,7.4,0,0.0,59500,1927.2,1920.0
2025-08-28 10:31:00,7.4,7.4,7.4,7.4,0,0.0,59500,1927.5,1920.0
2025-08-28 10:32:00,7.4,7.4,7.4,7.4,0,0.0,59000,1928.4,1920.0
2025-08-28 10:33:00,7.4,8.1,7.4,8.1,55000,0.0,59000,1928.0,1920.0
2025-08-28 10:34:00,8.1,8.1,8.1,8.1,0,0.0,59000,1928.8,1920.0
2025-08-28 10:35:00,2.9,2.9,2.9,2.9,0,24.48172,277000,1930.5,1940.0
2025-08-28 10:36:00,2.9,3.2,2.9,3.2,252000,25.429077,277000,1930.8,1940.0
2025-08-28 10:37:00,3.2,3.2,3.05,3.05,500,24.151072,277000,1931.3,1940.0
2025-08-28 10:38:00,3.05,3.05,3.05,3.05,0,24.818277,277000,1930.8,1940.0
2025-08-28 10:39:00,8.1,8.1,8.1,8.1,0,0.0,59000,1929.4,1920.0
2025-08-28 10:40:00,3.1,3.1,3.1,3.1,0,24.948194,276500,1930.9,1940.0
2025-08-28 10:41:00,8.15,9.55,8.15,9.55,1500,0.0,58000,1930.0,1920.0
2025-08-28 10:42:00,9.55,9.55,8.0,8.0,57000,0.0,58000,1928.0,1920.0
2025-08-28 10:43:00,8.0,8.0,7.7,7.7,2000,0.0,59500,1927.6,1920.0
2025-08-28 10:44:00,7.7,7.7,7.7,7.7,57500,9.529956,59500,1927.1,1920.0
2025-08-28 10:45:00,7.7,7.7,7.7,7.7,0,0.0,59500,1929.1,1920.0
2025-08-28 10:46:00,7.7,7.7,7.7,7.7,0,0.0,59500,1929.5,1920.0
2025-08-28 10:47:00,2.55,2.8,2.55,2.8,2000,24.784583,277000,1930.1,1940.0
2025-08-28 10:48:00,2.8,2.8,2.8,2.8,0,23.660751,277000,1931.0,1940.0
2025-08-28 10:49:00,2.8,2.95,2.8,2.95,267000,25.374758,278500,1930.2,1940.0
2025-08-28 10:50:00,8.4,8.4,8.4,8.4,0,0.0,60000,1929.8,1920.0
2025-08-28 10:51:00,8.4,8.4,8.4,8.4,0,0.0,60000,1930.0,1920.0
2025-08-28 10:52:00,8.4,8.4,8.4,8.4,0,0.0,60000,1929.4,1920.0
2025-08-28 10:53:00,8.4,8.4,8.4,8.4,0,0.0,60000,1929.4,1920.0
2025-08-28 10:54:00,8.4,8.4,8.4,8.4,0,0.0,60000,1929.1,1920.0
2025-08-28 10:55:00,8.4,8.4,8.4,8.4,0,0.0,60000,1929.3,1920.0
2025-08-28 10:56:00,8.4,8.4,8.4,8.4,0,0.0,60000,1929.0,1920.0
2025-08-28 10:57:00,8.4,8.4,8.4,8.4,0,0.0,60000,1928.8,1920.0
2025-08-28 10:58:00,2.8,2.8,2.8,2.8,1500,24.376909,278500,1930.6,1940.0
2025-08-28 10:59:00,2.8,2.8,2.8,2.8,0,24.654063,278500,1930.4,1940.0
2025-08-28 11:00:00,8.4,8.4,8.4,8.4,0,0.0,60000,1929.2,1920.0
2025-08-28 11:01:00,8.4,8.4,8.4,8.4,0,0.0,60000,1929.0,1920.0
2025-08-28 11:02:00,8.4,8.45,8.4,8.45,62500,0.0,60000,1929.4,1920.0
2025-08-28 11:03:00,8.45,9.2,8.45,9.2,7000,10.310105,60000,1928.7,1920.0
2025-08-28 11:04:00,9.2,9.2,9.2,9.2,0,14.933104,60000,1927.9,1920.0
2025-08-28 11:05:00,2.65,2.65,2.6,2.6,277500,23.988967,275500,1930.3,1940.0
2025-08-28 11:06:00,2.6,3.05,2.6,3.05,2500,24.881677,275500,1931.2,1940.0
2025-08-28 11:07:00,9.5,9.5,9.5,9.5,0,0.0,54000,1929.6,1920.0
2025-08-28 11:08:00,9.5,9.5,9.5,9.5,0,8.285001,54000,1929.2,1920.0
2025-08-28 11:09:00,9.5,9.5,9.5,9.5,0,12.771562,54000,1928.7,1920.0
2025-08-28 11:10:00,9.5,9.5,7.65,7.65,70500,0.0,54000,1928.7,1920.0
2025-08-28 11:11:00,2.2,2.2,2.2,2.2,500,22.221132,275000,1930.3,1940.0
2025-08-28 11:12:00,2.2,2.2,2.2,2.2,0,22.363725,275000,1930.2,1940.0
2025-08-28 11:13:00,7.65,7.65,7.65,7.65,0,0.0,54000,1929.5,1920.0
2025-08-28 11:14:00,7.65,7.65,7.65,7.65,0,0.0,54000,1928.8,1920.0
2025-08-28 11:15:00,7.65,7.65,7.65,7.65,0,0.0,54000,1929.0,1920.0
2025-08-28 11:16:00,7.65,7.65,7.65,7.65,0,0.0,54000,1928.9,1920.0
2025-08-28 11:17:00,7.65,7.65,7.65,7.65,0,0.0,54000,1929.3,1920.0
2025-08-28 11:18:00,7.65,7.65,7.65,7.65,0,0.0,54000,1929.3,1920.0
2025-08-28 11:19:00,7.65,7.65,7.65,7.65,0,0.0,54000,1929.3,1920.0
2025-08-28 11:20:00,2.2,2.45,2.2,2.45,289000,22.703347,273000,1931.0,1940.0
2025-08-28 11:21:00,2.45,2.6,2.45,2.6,1000,23.552017,273000,1930.9,1940.0
2025-08-28 11:22:00,2.6,2.6,2.6,2.6,0,23.961481,273000,1930.6,1940.0
2025-08-28 11:23:00,2.6,2.6,2.6,2.6,0,22.279687,273000,1931.9,1940.0
2025-08-28 11:24:00,2.6,2.6,2.6,2.6,0,22.299552,273000,1931.9,1940.0
2025-08-28 11:25:00,2.6,2.6,2.6,2.6,0,22.585007,273000,1931.7,1940.0
2025-08-28 11:26:00,2.6,2.6,2.6,2.6,0,24.5632,273000,1930.2,1940.0
2025-08-28 11:27:00,7.65,8.6,7.65,8.6,71000,0.0,54000,1928.6,1920.0
2025-08-28 11:28:00,8.6,8.6,8.15,8.15,1000,0.0,53500,1928.5,1920.0
2025-08-28 11:29:00,8.15,8.15,8.15,8.15,0,11.958418,53500,1927.3,1920.0
2025-08-28 11:30:00,8.15,8.15,8.15,8.15,0,12.495581,53500,1927.2,1920.0
2025-08-28 11:31:00,8.15,8.15,8.15,8.15,0,0.0,53500,1928.3,1920.0
2025-08-28 11:32:00,8.15,8.15,8.15,8.15,0,0.0,53500,1928.4,1920.0
2025-08-28 11:33:00,8.15,8.15,8.15,8.15,0,0.0,53500,1928.2,1920.0
2025-08-28 11:34:00,8.15,8.15,8.15,8.15,0,0.0,53500,1929.7,1920.0
2025-08-28 11:35:00,1.85,1.85,1.85,1.85,0,20.459237,271500,1930.7,1940.0
2025-08-28 11:36:00,9.2,9.2,9.2,9.2,0,0.0,53500,1930.0,1920.0
2025-08-28 11:37:00,9.2,9.2,9.2,9.2,0,9.765442,53500,1928.8,1920.0
2025-08-28 11:38:00,9.2,9.2,9.2,9.2,0,18.612093,53500,1927.1,1920.0
2025-08-28 11:39:00,9.2,9.2,9.2,9.2,0,19.667208,53500,1926.8,1920.0
2025-08-28 11:40:00,9.2,9.2,9.2,9.2,0,18.647973,53500,1927.1,1920.0
2025-08-28 11:41:00,9.2,9.2,9.2,9.2,0,18.665947,53500,1927.1,1920.0
2025-08-28 11:42:00,9.2,9.2,9.2,9.2,0,20.057305,52500,1926.7,1920.0
2025-08-28 11:43:00,9.2,9.2,7.0,7.0,77000,0.0,52500,1927.3,1920.0
2025-08-28 11:44:00,7.0,7.3,7.0,7.3,2500,0.0,52500,1927.1,1920.0
2025-08-28 11:45:00,7.3,7.3,7.3,7.3,0,0.0,52500,1927.1,1920.0
2025-08-28 11:46:00,7.3,7.3,7.3,7.3,0,0.0,52500,1927.7,1920.0
2025-08-28 11:47:00,7.3,7.3,7.3,7.3,0,0.0,52500,1927.9,1920.0
2025-08-28 11:48:00,7.3,7.3,7.3,7.3,0,0.0,52500,1929.0,1920.0
2025-08-28 11:49:00,7.3,7.3,7.3,7.3,0,0.0,52500,1928.5,1920.0
2025-08-28 11:50:00,7.3,7.3,7.3,7.3,0,0.0,52500,1929.0,1920.0
2025-08-28 11:51:00,7.3,7.3,7.3,7.3,80500,0.0,51500,1928.2,1920.0
2025-08-28 11:52:00,7.3,7.3,7.0,7.0,500,0.0,51500,1927.9,1920.0
2025-08-28 11:53:00,7.0,7.0,7.0,7.0,81000,0.0,51500,1927.9,1920.0
2025-08-28 11:54:00,7.0,7.0,7.0,7.0,3500,0.0,51500,1927.3,1920.0
2025-08-28 11:55:00,7.0,7.0,6.5,6.5,83500,0.0,54000,1927.3,1920.0
2025-08-28 11:56:00,6.5,7.6,6.5,7.6,4000,0.0,54000,1927.6,1920.0
2025-08-28 11:57:00,7.6,8.0,7.55,7.55,86000,0.0,54000,1928.8,1920.0
2025-08-28 11:58:00,7.55,7.95,7.55,7.95,4500,0.0,54000,1928.6,1920.0
2025-08-28 11:59:00,7.95,7.95,7.75,7.75,88500,0.0,54000,1928.1,1920.0
2025-08-28 12:00:00,7.75,8.0,7.75,8.0,5500,0.0,54000,1929.4,1920.0
2025-08-28 12:01:00,8.0,8.0,8.0,8.0,0,0.0,54000,1928.8,1920.0
2025-08-28 12:02:00,8.0,8.0,7.8,7.8,94500,0.0,55500,1928.6,1920.0
2025-08-28 12:03:00,7.8,7.8,7.8,7.8,0,0.0,55500,1929.4,1920.0
2025-08-28 12:04:00,7.8,7.8,7.8,7.8,0,0.0,55500,1929.2,1920.0
2025-08-28 12:05:00,7.8,7.8,7.8,7.8,0,0.0,55500,1929.9,1920.0
2025-08-28 12:06:00,7.8,7.8,7.8,7.8,0,0.0,55500,1929.3,1920.0
2025-08-28 12:07:00,7.8,7.8,7.7,7.7,96500,0.0,55500,1929.2,1920.0
2025-08-28 12:08:00,7.7,7.7,7.7,7.7,0,0.0,55500,1930.0,1920.0
2025-08-28 12:09:00,7.7,7.7,7.7,7.7,0,0.0,55500,1929.8,1920.0
2025-08-28 12:10:00,7.7,7.7,7.7,7.7,0,0.0,55500,1929.5,1920.0
2025-08-28 12:11:00,7.7,7.7,7.7,7.7,0,0.0,55500,1929.8,1920.0
2025-08-28 12:12:00,7.7,7.7,7.7,7.7,0,0.0,55500,1929.5,1920.0
2025-08-28 12:13:00,7.7,7.7,7.45,7.45,99000,0.0,55500,1929.4,1920.0
2025-08-28 12:14:00,7.45,7.45,7.45,7.45,0,0.0,55500,1929.4,1920.0
2025-08-28 12:15:00,7.45,7.5,7.45,7.5,100500,0.0,55500,1929.5,1920.0
2025-08-28 12:16:00,7.5,7.6,7.5,7.6,500,0.0,55500,1928.7,1920.0
2025-08-28 12:17:00,7.6,7.6,7.6,7.6,0,0.0,55500,1929.1,1920.0
2025-08-28 12:18:00,7.6,7.6,7.6,7.6,0,0.0,55500,1928.8,1920.0
2025-08-28 12:19:00,7.6,7.6,7.6,7.6,0,0.0,55500,1928.3,1920.0
2025-08-28 12:20:00,7.6,7.6,7.6,7.6,0,0.0,55500,1929.2,1920.0
2025-08-28 12:21:00,7.6,7.6,7.6,7.6,0,0.0,55500,1928.2,1920.0
2025-08-28 12:22:00,7.6,7.6,7.2,7.2,102000,10.768885,55500,1926.5,1920.0
2025-08-28 12:23:00,7.2,7.2,6.7,6.7,2500,0.0,55500,1927.0,1920.0
2025-08-28 12:24:00,6.7,6.7,6.7,6.7,0,0.0,55500,1926.6,1920.0
2025-08-28 12:25:00,6.7,6.7,6.7,6.7,0,0.0,55500,1928.5,1920.0
2025-08-28 12:26:00,6.7,6.7,6.7,6.7,0,0.0,55500,1929.0,1920.0
2025-08-28 12:27:00,6.7,6.7,6.7,6.7,0,0.0,55500,1929.0,1920.0
2025-08-28 12:28:00,2.25,3.0,2.25,3.0,327000,26.178109,255500,1931.5,1940.0
2025-08-28 12:29:00,3.0,3.4,3.0,3.4,5500,26.610665,255500,1932.5,1940.0
2025-08-28 12:30:00,3.4,3.6,3.4,3.6,332500,28.011359,255500,1932.2,1940.0
2025-08-28 12:31:00,3.6,3.6,2.7,2.7,7000,26.344979,252000,1930.4,1940.0
2025-08-28 12:32:00,2.7,2.7,2.7,2.7,0,22.679369,252000,1933.0,1940.0
2025-08-28 12:33:00,2.7,2.7,2.7,2.7,0,22.702265,252000,1933.0,1940.0
2025-08-28 12:34:00,2.7,2.7,2.7,2.7,0,24.743591,252000,1931.6,1940.0
2025-08-28 12:35:00,2.7,2.7,2.7,2.7,0,23.910954,252000,1932.2,1940.0
2025-08-28 12:36:00,2.7,2.7,2.25,2.25,340000,22.565202,252000,1931.6,1940.0
2025-08-28 12:37:00,2.25,2.25,2.25,2.25,0,22.450521,252000,1931.7,1940.0
2025-08-28 12:38:00,2.25,2.5,2.25,2.5,340500,25.249511,252000,1930.6,1940.0
2025-08-28 12:39:00,2.5,2.5,2.5,2.5,0,23.884805,252000,1931.6,1940.0
2025-08-28 12:40:00,2.5,2.5,2.5,2.5,0,24.608772,252000,1931.1,1940.0
2025-08-28 12:41:00,2.5,2.5,2.5,2.5,0,24.912013,252000,1930.9,1940.0
2025-08-28 12:42:00,2.5,2.5,2.5,2.5,0,25.076294,252000,1930.8,1940.0
2025-08-28 12:43:00,10.0,10.0,10.0,10.0,0,0.0,54500,1930.0,1920.0
2025-08-28 12:44:00,2.5,2.5,2.5,2.5,0,25.127922,252000,1930.8,1940.0
2025-08-28 12:45:00,2.5,2.5,2.2,2.2,341500,23.478572,251000,1930.9,1940.0
2025-08-28 12:46:00,10.0,10.0,8.45,8.45,112000,0.0,52500,1929.9,1920.0
2025-08-28 12:47:00,8.45,9.0,8.45,9.0,1000,0.0,52500,1929.9,1920.0
2025-08-28 12:48:00,9.0,9.0,9.0,9.0,0,0.0,52500,1929.9,1920.0
2025-08-28 12:49:00,9.0,9.0,7.9,7.9,113500,0.0,53500,1929.0,1920.0
2025-08-28 12:50:00,7.9,7.9,7.9,7.9,0,0.0,53500,1929.7,1920.0
2025-08-28 12:51:00,7.9,7.9,7.9,7.9,0,0.0,53500,1929.6,1920.0
2025-08-28 12:52:00,7.9,7.9,7.9,7.9,0,0.0,53500,1929.5,1920.0
2025-08-28 12:53:00,7.9,7.9,7.9,7.9,0,0.0,53500,1928.8,1920.0
2025-08-28 12:54:00,7.9,7.9,7.9,7.9,0,0.0,53500,1929.4,1920.0
2025-08-28 12:55:00,7.9,7.9,7.9,7.9,0,0.0,53500,1929.3,1920.0
2025-08-28 12:56:00,7.9,7.9,7.9,7.9,0,0.0,53500,1929.3,1920.0
2025-08-28 12:57:00,7.9,7.9,7.9,7.9,0,0.0,53500,1929.7,1920.0
2025-08-28 12:58:00,7.9,7.9,7.9,7.9,0,0.0,53500,1929.4,1920.0
2025-08-28 12:59:00,7.9,7.9,7.35,7.35,115000,0.0,53500,1927.9,1920.0
2025-08-28 13:00:00,7.35,8.25,6.75,6.75,2000,0.0,53500,1927.3,1920.0
2025-08-28 13:01:00,6.75,6.75,6.75,6.75,0,0.0,53500,1927.0,1920.0
2025-08-28 13:02:00,6.75,7.35,6.75,7.35,119000,14.755618,55500,1926.0,1920.0
2025-08-28 13:03:00,7.35,7.35,7.1,7.1,2000,0.0,55500,1927.0,1920.0
2025-08-28 13:04:00,7.1,7.1,6.85,6.85,120000,0.0,58000,1926.7,1920.0
2025-08-28 13:05:00,6.85,6.9,6.85,6.9,3500,0.0,58000,1927.2,1920.0
2025-08-28 13:06:00,6.9,6.9,6.9,6.9,0,0.0,58000,1927.0,1920.0
2025-08-28 13:07:00,6.9,6.9,6.65,6.65,124500,0.0,59500,1926.9,1920.0
2025-08-28 13:08:00,6.65,6.9,6.65,6.9,1000,0.0,59500,1927.2,1920.0
2025-08-28 13:09:00,6.9,6.9,6.9,6.9,0,0.0,59500,1927.0,1920.0
2025-08-28 13:10:00,6.9,6.9,6.6,6.6,127000,0.0,59500,1927.1,1920.0
2025-08-28 13:11:00,6.6,7.0,6.6,7.0,500,0.0,61500,1927.0,1920.0
2025-08-28 13:12:00,7.0,7.0,7.0,7.0,0,0.0,61500,1927.0,1920.0
2025-08-28 13:13:00,7.0,7.0,6.7,6.7,128500,11.464171,61500,1925.9,1920.0
2025-08-28 13:14:00,6.7,6.7,6.7,6.7,0,10.272964,61500,1926.1,1920.0
2025-08-28 13:15:00,6.7,6.7,6.7,6.7,0,5.90552,61500,1926.5,1920.0
2025-08-28 13:16:00,6.7,6.7,6.7,6.7,0,0.0,61500,1927.9,1920.0
2025-08-28 13:17:00,6.7,6.7,6.7,6.7,0,0.0,61500,1927.7,1920.0
2025-08-28 13:18:00,6.7,6.7,6.7,6.7,0,0.0,61500,1927.8,1920.0
2025-08-28 13:19:00,6.7,6.7,6.7,6.7,0,0.0,61500,1927.9,1920.0
2025-08-28 13:20:00,6.7,7.45,6.7,7.45,129000,0.0,61500,1928.1,1920.0
2025-08-28 13:21:00,7.45,7.45,7.4,7.4,500,0.0,61500,1928.0,1920.0
2025-08-28 13:22:00,7.4,8.6,7.4,8.6,131000,15.525096,63500,1927.5,1920.0
2025-08-28 13:23:00,8.6,8.6,8.6,8.6,0,13.836173,63500,1927.8,1920.0
2025-08-28 13:24:00,8.6,8.6,8.6,8.6,0,16.073847,63500,1927.4,1920.0
2025-08-28 13:25:00,8.6,8.6,8.6,8.6,0,0.0,63500,1929.0,1920.0
2025-08-28 13:26:00,8.6,8.85,8.6,8.85,132500,0.0,63500,1929.0,1920.0
2025-08-28 13:27:00,8.85,8.85,8.85,8.85,0,0.0,63500,1929.4,1920.0
2025-08-28 13:28:00,8.85,8.85,8.85,8.85,0,13.885577,63500,1928.1,1920.0
2025-08-28 13:29:00,8.85,8.85,7.55,7.55,135500,0.0,63500,1928.0,1920.0
2025-08-28 13:30:00,7.55,7.55,7.55,7.55,0,7.915114,63500,1927.3,1920.0
2025-08-28 13:31:00,7.55,7.55,7.55,7.55,0,13.594598,63500,1926.6,1920.0
2025-08-28 13:32:00,7.55,7.55,7.55,7.55,0,14.134793,63500,1926.5,1920.0
2025-08-28 13:33:00,7.55,7.55,7.55,7.55,0,14.152485,63500,1926.5,1920.0
2025-08-28 13:34:00,7.55,7.55,7.55,7.55,0,16.881568,63500,1925.9,1920.0
2025-08-28 13:35:00,7.55,7.55,6.0,6.0,137000,0.0,65000,1926.0,1920.0
2025-08-28 13:36:00,6.0,6.0,6.0,6.0,0,0.0,65000,1926.1,1920.0
2025-08-28 13:37:00,6.0,6.0,6.0,6.0,0,7.324938,65000,1925.7,1920.0
2025-08-28 13:38:00,6.0,6.0,6.0,6.0,0,0.0,65000,1927.8,1920.0
2025-08-28 13:39:00,6.0,6.0,6.0,6.0,0,0.0,65000,1929.1,1920.0
2025-08-28 13:40:00,6.0,6.0,6.0,6.0,0,0.0,65000,1928.6,1920.0
2025-08-28 13:41:00,6.0,6.9,6.0,6.9,137500,0.0,66500,1928.2,1920.0
2025-08-28 13:42:00,6.9,6.9,6.9,6.9,0,0.0,66500,1929.9,1920.0
2025-08-28 13:43:00,6.9,6.9,6.9,6.9,0,0.0,66500,1929.9,1920.0
2025-08-28 13:44:00,6.9,8.95,6.9,8.95,138000,0.0,66500,1929.8,1920.0
2025-08-28 13:45:00,8.95,9.05,8.95,9.05,1000,0.0,66500,1929.7,1920.0
2025-08-28 13:46:00,9.05,9.05,9.05,9.05,0,15.712673,66500,1928.1,1920.0
2025-08-28 13:47:00,9.05,9.05,9.05,9.05,0,0.0,66500,1929.3,1920.0
2025-08-28 13:48:00,9.05,9.05,9.05,9.05,0,0.0,66500,1929.7,1920.0
2025-08-28 13:49:00,9.05,9.05,9.05,9.05,0,0.0,66500,1929.7,1920.0
2025-08-28 13:50:00,9.05,9.05,9.05,9.05,0,0.0,66500,1929.8,1920.0
2025-08-28 13:51:00,9.05,9.05,9.05,9.05,0,0.0,66500,1929.6,1920.0
2025-08-28 13:52:00,9.05,9.05,9.05,9.05,0,13.051795,66500,1928.5,1920.0
2025-08-28 13:53:00,9.05,9.05,9.05,9.05,0,15.856492,67500,1928.1,1920.0
2025-08-28 13:54:00,9.05,9.05,9.05,9.05,0,11.086523,67500,1928.7,1920.0
2025-08-28 13:55:00,9.05,9.05,9.05,9.05,0,17.557794,67500,1927.8,1920.0
2025-08-28 13:56:00,9.05,9.05,9.05,9.05,0,19.502644,67500,1927.4,1920.0
2025-08-28 13:57:00,9.05,9.05,9.05,9.05,0,12.234819,67000,1928.6,1920.0
2025-08-28 13:58:00,9.05,9.05,9.05,9.05,0,18.621832,67000,1927.6,1920.0
2025-08-28 13:59:00,9.05,9.05,9.05,9.05,0,12.271107,67000,1928.6,1920.0
2025-08-28 14:00:00,9.05,9.05,8.2,8.2,140500,0.0,67000,1928.4,1920.0
2025-08-28 14:01:00,8.2,8.2,8.2,8.2,0,9.749957,67000,1927.9,1920.0
2025-08-28 14:02:00,8.2,8.2,8.2,8.2,0,16.329498,67000,1927.0,1920.0
2025-08-28 14:03:00,8.2,8.2,8.2,8.2,0,16.848761,67000,1926.9,1920.0
2025-08-28 14:04:00,8.2,8.2,8.2,8.2,0,20.720243,67000,1926.0,1920.0
2025-08-28 14:05:00,8.2,8.2,8.2,8.2,0,21.126275,67000,1925.9,1920.0
2025-08-28 14:06:00,8.2,8.2,8.2,8.2,0,19.989814,67000,1926.2,1920.0
2025-08-28 14:07:00,8.2,8.2,8.2,8.2,0,18.333341,67000,1926.6,1920.0
2025-08-28 14:08:00,8.2,8.2,8.2,8.2,0,17.441537,67000,1926.8,1920.0
2025-08-28 14:09:00,8.2,8.2,8.2,8.2,0,19.661223,67000,1926.3,1920.0
2025-08-28 14:10:00,8.2,8.2,8.2,8.2,0,14.85146,67000,1927.3,1920.0
2025-08-28 14:11:00,8.2,8.2,8.2,8.2,0,18.429487,67000,1926.6,1920.0
2025-08-28 14:12:00,8.2,8.2,8.2,8.2,0,18.001185,67000,1926.7,1920.0
2025-08-28 14:13:00,8.2,8.2,8.2,8.2,0,17.557294,67000,1926.8,1920.0
2025-08-28 14:14:00,8.2,8.2,8.2,8.2,0,20.198048,67000,1926.2,1920.0
2025-08-28 14:15:00,8.2,8.2,8.2,8.2,0,18.527022,67000,1926.6,1920.0
2025-08-28 14:16:00,8.2,8.2,8.2,8.2,0,19.841806,67000,1926.3,1920.0
2025-08-28 14:17:00,8.2,8.2,8.2,8.2,0,17.651405,67000,1926.8,1920.0
2025-08-28 14:18:00,8.2,8.2,7.95,7.95,141000,15.549145,67500,1926.9,1920.0
2025-08-28 14:19:00,7.95,7.95,7.95,7.95,500,18.908449,67500,1926.2,1920.0
2025-08-28 14:20:00,7.95,7.95,7.95,7.95,0,18.057801,67500,1926.4,1920.0
2025-08-28 14:21:00,7.95,7.95,7.95,7.95,0,16.148057,67500,1926.8,1920.0
2025-08-28 14:22:00,7.95,7.95,7.95,7.95,0,16.17029,67500,1926.8,1920.0
2025-08-28 14:23:00,7.95,7.95,7.95,7.95,0,15.657019,67500,1926.9,1920.0
2025-08-28 14:24:00,7.95,7.95,7.95,7.95,0,17.695771,67500,1926.5,1920.0
2025-08-28 14:25:00,7.95,7.95,7.6,7.6,142500,16.008081,67500,1926.4,1920.0
2025-08-28 14:26:00,7.6,7.6,7.6,7.6,0,21.818614,67500,1925.0,1920.0
2025-08-28 14:27:00,7.6,7.6,7.6,7.6,0,22.891818,67500,1924.7,1920.0
2025-08-28 14:28:00,7.6,7.6,7.6,7.6,0,21.517743,67000,1925.1,1920.0
2025-08-28 14:29:00,7.6,7.6,6.1,6.1,145500,11.314413,67000,1925.4,1920.0
2025-08-28 14:30:00,6.1,6.1,6.1,6.1,0,12.469505,67000,1925.2,1920.0
2025-08-28 14:31:00,6.1,7.7,6.1,7.6,151500,14.510251,69000,1926.7,1920.0
2025-08-28 14:32:00,7.6,7.6,7.6,7.6,0,20.125757,69000,1925.5,1920.0
2025-08-28 14:33:00,7.6,7.6,6.65,6.65,152000,19.831398,69000,1924.2,1920.0
2025-08-28 14:34:00,6.65,6.65,6.5,6.55,5500,21.353585,73500,1923.6,1920.0
2025-08-28 14:35:00,6.55,6.55,6.4,6.4,152500,26.218054,73500,1921.7,1920.0
2025-08-28 14:36:00,6.4,6.4,6.4,6.4,0,22.228287,73500,1923.1,1920.0
2025-08-28 14:37:00,6.4,6.4,6.4,6.4,0,19.320099,73500,1924.0,1920.0
2025-08-28 14:38:00,6.4,6.4,5.65,5.65,160500,21.234185,74000,1922.2,1920.0
2025-08-28 14:39:00,5.65,5.65,5.65,5.65,0,19.4588,74000,1922.8,1920.0
2025-08-28 14:40:00,5.65,5.65,5.65,5.65,0,21.868287,74000,1922.0,1920.0
2025-08-28 14:41:00,5.65,5.65,5.6,5.6,161500,21.072555,74000,1922.2,1920.0
2025-08-28 14:42:00,5.6,5.6,5.55,5.55,500,23.37629,74000,1921.3,1920.0
2025-08-28 14:43:00,5.55,5.55,4.8,4.8,162000,19.990804,74000,1921.2,1920.0
2025-08-28 14:44:00,4.8,4.8,4.8,4.8,0,19.188694,74000,1921.5,1920.0
2025-08-28 14:45:00,4.8,4.8,4.8,4.8,0,20.586643,74000,1921.0,1920.0
2025-08-28 14:46:00,4.8,4.9,4.8,4.9,163000,22.673888,74000,1920.4,1920.0
2025-08-28 14:47:00,4.9,4.9,4.9,4.9,0,21.403997,74000,1920.9,1920.0
2025-08-28 14:48:00,4.9,4.9,3.0,3.0,164500,14.901024,74000,1919.8,1920.0
2025-08-28 14:49:00,3.0,3.0,3.0,3.0,0,7.685143,74000,1922.2,1920.0
2025-08-28 14:50:00,3.0,6.3,3.0,6.3,168500,0.0,73000,1928.9,1920.0
2025-08-28 14:51:00,6.3,6.3,6.3,6.3,0,7.176004,73000,1926.1,1920.0
2025-08-28 14:52:00,6.3,6.3,6.3,6.3,0,0.0,73000,1926.7,1920.0
2025-08-28 14:53:00,6.3,6.3,6.3,6.3,0,0.0,73000,1926.8,1920.0
2025-08-28 14:54:00,6.3,6.3,6.3,6.3,0,0.0,73000,1927.0,1920.0
2025-08-28 14:55:00,6.3,6.3,6.3,6.3,0,0.0,73000,1927.6,1920.0
2025-08-28 14:56:00,6.3,6.3,6.3,6.3,0,0.0,73000,1926.4,1920.0
2025-08-28 14:57:00,6.3,6.3,6.3,6.3,0,0.0,73000,1927.4,1920.0
2025-08-28 14:58:00,6.3,6.3,6.3,6.3,0,0.0,73000,1926.2,1920.0
2025-08-28 14:59:00,6.3,6.3,6.3,6.3,0,0.0,73000,1926.5,1920.0
2025-08-28 15:00:00,6.3,6.3,6.3,6.3,0,24.619815,70000,1922.4,1920.0
2025-08-28 15:01:00,6.3,6.3,6.3,6.3,0,17.534714,70000,1924.5,1920.0
2025-08-28 15:02:00,6.3,6.3,6.3,6.3,0,27.547202,70000,1921.4,1920.0
2025-08-28 15:03:00,6.3,6.3,2.7,2.7,169500,13.215988,69500,1920.0,1920.0
2025-08-28 15:04:00,2.7,2.7,2.65,2.65,1000,12.466374,68000,1920.2,1920.0
2025-08-28 15:05:00,2.65,2.65,2.65,2.65,0,12.220219,68000,1920.3,1920.0
2025-08-28 15:06:00,2.65,2.65,2.65,2.65,0,13.022884,68000,1920.0,1920.0
2025-08-28 15:07:00,2.65,2.65,2.65,2.65,0,15.005177,68000,1919.2,1920.0
2025-08-28 15:08:00,2.65,2.65,2.65,2.65,0,16.630603,67500,1918.5,1920.0
2025-08-28 15:09:00,2.65,2.65,2.65,2.65,0,19.642724,67500,1917.1,1920.0
2025-08-28 15:10:00,2.65,2.7,2.65,2.7,178000,25.000723,64000,1914.5,1920.0
2025-08-28 15:11:00,2.7,2.7,2.7,2.7,0,27.944251,64000,1912.9,1920.0
2025-08-28 15:12:00,2.7,2.7,2.7,2.7,0,23.180408,64000,1915.5,1920.0
2025-08-28 15:13:00,2.7,2.7,2.7,2.7,0,25.667761,64000,1914.2,1920.0
2025-08-28 15:14:00,2.7,2.7,2.7,2.7,0,27.349593,64000,1913.3,1920.0
2025-08-28 15:15:00,2.7,2.7,2.7,2.7,0,26.845802,64000,1913.6,1920.0
2025-08-28 15:16:00,2.7,2.7,2.7,2.7,0,28.32924,64000,1912.8,1920.0
2025-08-28 15:17:00,2.7,2.7,0.5,0.7,180000,16.752214,64000,1911.8,1920.0
2025-08-28 15:18:00,0.7,0.7,0.7,0.7,0,16.641306,64000,1911.9,1920.0
2025-08-28 15:19:00,0.7,0.95,0.7,0.95,180500,19.503923,64000,1911.3,1920.0
2025-08-28 15:20:00,0.95,0.95,0.95,0.95,0,19.959393,64000,1911.0,1920.0
2025-08-28 15:21:00,0.95,0.95,0.95,0.95,0,18.119657,64000,1912.3,1920.0
2025-08-28 15:22:00,0.95,0.95,0.95,0.95,0,15.911218,64000,1913.8,1920.0
2025-08-28 15:23:00,0.95,3.85,0.95,3.85,181000,34.854729,64000,1913.0,1920.0
2025-08-28 15:24:00,3.85,3.85,3.85,3.85,0,33.934595,64000,1913.5,1920.0
2025-08-28 15:25:00,3.85,3.85,3.85,3.85,183000,30.368916,64000,1915.3,1920.0
2025-08-28 15:26:00,3.85,3.85,3.85,3.85,0,32.048218,64000,1914.5,1920.0
2025-08-28 15:27:00,3.85,4.5,3.85,4.5,184500,35.252633,64000,1914.7,1920.0
2025-08-28 15:28:00,4.5,4.5,4.5,4.5,0,39.369646,64000,1912.7,1920.0
2025-08-28 15:29:00,4.5,4.5,0.6,1.0,187500,11.150657,64000,1917.0,1920.0
